trial_id,timestamp,provider,model,condition,true_label,predicted_label,correct,confidence,reasoning,red_flags,supporting_evidence,synthetic_method
0,2026-05-15T09:42:33.422517,groq,llama-3.1-8b-instant,C2,REAL,REAL,True,85,"The dataset appears to be real due to the presence of various statistical artifacts and patterns that are typical of real-world data. For instance, the distribution of the 'age' column is skewed to the right, which is consistent with real-world age distributions. Additionally, the correlation between 'education_num' and 'hours_per_week' is moderate, which suggests a plausible relationship between these variables. Furthermore, the dataset contains a mix of categorical and numerical variables, which is typical of real-world datasets. However, there are some red flags, such as the high skewness in the 'capital_gain' and 'capital_loss' columns, which may indicate some data quality issues.","[""High skewness in 'capital_gain' and 'capital_loss' columns"", ""Non-normal distributions in 'age', 'fnlwgt', 'education_num', 'capital_gain', and 'capital_loss' columns""]","[""Moderate correlation between 'education_num' and 'hours_per_week'"", ""Presence of various categorical variables, such as 'workclass', 'marital_status', and 'native_country'"", ""Realistic distribution of 'income' variable, with a majority of individuals earning <=50K""]",tvae
1,2026-05-15T09:42:52.765940,groq,llama-3.1-8b-instant,C1,SYNTHETIC,REAL,False,85,"The dataset appears to be a real census income dataset. The distribution of values in each column is consistent with what would be expected from a real dataset. For example, the 'age' column has a mix of young and old individuals, the 'education' column has a variety of educational levels, and the 'income' column has a mix of individuals with different income levels. Additionally, the dataset contains a mix of different 'workclass' and 'occupation' categories, which is consistent with a real dataset. However, there are some minor red flags, such as the presence of some implausible value combinations, but these are not sufficient to conclude that the dataset is synthetic.","['Some implausible value combinations, such as individuals with high income and low education level', 'Some individuals with high capital gain and low capital loss']","[""The dataset contains a mix of different 'workclass' and 'occupation' categories"", 'The distribution of values in each column is consistent with what would be expected from a real dataset', 'The presence of some individuals with high income and low education level is consistent with real-world data']",tvae
2,2026-05-15T09:43:27.149696,groq,llama-3.1-8b-instant,C2,REAL,REAL,True,85,"The dataset appears to be real due to the presence of various statistical artifacts and patterns that are typical of real-world data. For instance, the distribution of the 'age' column is skewed to the right, which is consistent with real-world age distributions. Additionally, the correlation between 'education_num' and 'hours_per_week' is moderate, which suggests a plausible relationship between these variables. Furthermore, the dataset contains a mix of categorical and numerical variables, which is typical of real-world datasets. However, there are some red flags, such as the high skewness in the 'capital_gain' and 'capital_loss' columns, which may indicate some data quality issues.","[""High skewness in 'capital_gain' and 'capital_loss' columns"", ""Non-normal distributions in 'age', 'fnlwgt', 'education_num', 'capital_gain', and 'capital_loss' columns""]","[""Moderate correlation between 'education_num' and 'hours_per_week'"", ""Presence of various categorical variables, such as 'workclass', 'marital_status', and 'native_country'"", ""Realistic distribution of 'income' variable, with a majority of individuals earning <=50K""]",tvae
3,2026-05-15T09:43:47.352484,groq,llama-3.1-8b-instant,C1,SYNTHETIC,REAL,False,85,"The dataset appears to be a real census income dataset. The distribution of values in each column is consistent with what would be expected from a real dataset. For example, the 'age' column has a mix of young and old individuals, the 'education' column has a variety of educational levels, and the 'income' column has a mix of individuals with different income levels. Additionally, the dataset contains a mix of different 'workclass' and 'occupation' categories, which is consistent with a real dataset. However, there are some minor red flags, such as the presence of some implausible value combinations, but these are not sufficient to conclude that the dataset is synthetic.","['Some implausible value combinations, such as individuals with high income and low education level', 'Some individuals with high capital gain and low capital loss']","[""The dataset contains a mix of different 'workclass' and 'occupation' categories"", 'The distribution of values in each column is consistent with what would be expected from a real dataset', 'The presence of some individuals with high income and low education level is consistent with real-world data']",tvae
4,2026-05-15T09:44:07.627646,groq,llama-3.1-8b-instant,C1,REAL,REAL,True,85,"The dataset appears to be a real census income dataset. The distribution of values in the 'income' column is consistent with a real dataset, with a mix of <=50K and >50K values. The 'education_num' column also shows a realistic distribution of education levels. Additionally, the 'native_country' column contains a variety of country names, which is consistent with a real dataset. However, there are some red flags, such as the lack of missing values and the uniform distribution of values in some columns.","['Lack of missing values in most columns', ""Uniform distribution of values in some columns (e.g. 'capital_gain' and 'capital_loss')"", ""No outliers or anomalies in the 'income' column""]","[""Realistic distribution of education levels in the 'education_num' column"", ""Variety of country names in the 'native_country' column"", ""Mix of <=50K and >50K values in the 'income' column""]",tvae
5,2026-05-15T09:44:42.035770,groq,llama-3.1-8b-instant,C2,REAL,REAL,True,85,"The dataset appears to be real due to the presence of various statistical artifacts and patterns that are typical of real-world data. For instance, the distribution of the 'age' column is skewed to the right, which is consistent with real-world age distributions. Additionally, the correlation between 'education_num' and 'hours_per_week' is moderate, which suggests a plausible relationship between these variables. Furthermore, the dataset contains a mix of categorical and numerical variables, which is typical of real-world datasets. However, there are some red flags, such as the high skewness in the 'capital_gain' and 'capital_loss' columns, which may indicate some data quality issues.","[""High skewness in 'capital_gain' and 'capital_loss' columns"", ""Non-normal distributions in 'age', 'fnlwgt', 'education_num', 'capital_gain', and 'capital_loss' columns""]","[""Moderate correlation between 'education_num' and 'hours_per_week'"", ""Presence of various categorical variables, such as 'workclass', 'marital_status', and 'native_country'"", ""Realistic distribution of 'income' variable, with a majority of individuals earning <=50K""]",tvae
6,2026-05-15T09:45:16.543160,groq,llama-3.1-8b-instant,C2,REAL,REAL,True,85,"The dataset appears to be real due to the presence of various statistical artifacts and patterns that are typical of real-world data. For instance, the distribution of the 'age' column is skewed to the right, which is consistent with real-world age distributions. Additionally, the correlation between 'education_num' and 'hours_per_week' is moderate, which suggests a plausible relationship between these variables. Furthermore, the dataset contains a mix of categorical and numerical variables, which is typical of real-world datasets. However, there are some red flags, such as the high skewness in the 'capital_gain' and 'capital_loss' columns, which may indicate some data quality issues.","[""High skewness in 'capital_gain' and 'capital_loss' columns"", ""Non-normal distributions in 'age', 'fnlwgt', 'education_num', 'capital_gain', and 'capital_loss' columns""]","[""Moderate correlation between 'education_num' and 'hours_per_week'"", ""Presence of various categorical variables, such as 'workclass', 'marital_status', and 'native_country'"", ""Realistic distribution of 'income' variable, with a majority of individuals earning <=50K""]",tvae
7,2026-05-15T09:45:51.051705,groq,llama-3.1-8b-instant,C2,REAL,REAL,True,85,"The dataset appears to be real due to the presence of various statistical artifacts and patterns that are typical of real-world data. For instance, the distribution of the 'age' column is skewed to the right, which is consistent with real-world age distributions. Additionally, the correlation between 'education_num' and 'hours_per_week' is moderate, which suggests a plausible relationship between these variables. Furthermore, the dataset contains a mix of categorical and numerical variables, which is typical of real-world datasets. However, there are some red flags, such as the high skewness in the 'capital_gain' and 'capital_loss' columns, which may indicate some data quality issues.","[""High skewness in 'capital_gain' and 'capital_loss' columns"", ""Non-normal distributions in 'age', 'fnlwgt', 'education_num', 'capital_gain', and 'capital_loss' columns""]","[""Moderate correlation between 'education_num' and 'hours_per_week'"", ""Presence of various categorical variables, such as 'workclass', 'marital_status', and 'native_country'"", ""Realistic distribution of 'income' variable, with a majority of individuals earning <=50K""]",tvae
8,2026-05-15T09:46:10.315511,groq,llama-3.1-8b-instant,C1,SYNTHETIC,REAL,False,85,"The dataset appears to be a real census income dataset. The distribution of values in each column is consistent with what would be expected from a real dataset. For example, the 'age' column has a mix of young and old individuals, the 'education' column has a variety of educational levels, and the 'income' column has a mix of individuals with different income levels. Additionally, the dataset contains a mix of different 'workclass' and 'occupation' categories, which is consistent with a real dataset. However, there are some minor red flags, such as the presence of some implausible value combinations, but these are not sufficient to conclude that the dataset is synthetic.","['Some implausible value combinations, such as individuals with high income and low education level', 'Some individuals with high capital gain and low capital loss']","[""The dataset contains a mix of different 'workclass' and 'occupation' categories"", 'The distribution of values in each column is consistent with what would be expected from a real dataset', 'The presence of some individuals with high income and low education level is consistent with real-world data']",tvae
9,2026-05-15T09:46:30.421783,groq,llama-3.1-8b-instant,C1,REAL,REAL,True,85,"The dataset appears to be a real census income dataset. The distribution of values in the 'income' column is consistent with a real dataset, with a mix of <=50K and >50K values. The 'education_num' column also shows a realistic distribution of education levels. Additionally, the 'native_country' column contains a variety of country names, which is consistent with a real dataset. However, there are some red flags, such as the lack of missing values and the uniform distribution of values in some columns.","['Lack of missing values in most columns', ""Uniform distribution of values in some columns (e.g. 'capital_gain' and 'capital_loss')"", ""No outliers or anomalies in the 'income' column""]","[""Realistic distribution of education levels in the 'education_num' column"", ""Variety of country names in the 'native_country' column"", ""Mix of <=50K and >50K values in the 'income' column""]",tvae
10,2026-05-15T09:47:04.775515,groq,llama-3.1-8b-instant,C2,REAL,REAL,True,85,"The dataset appears to be real due to the presence of various statistical artifacts and patterns that are typical of real-world data. For instance, the distribution of the 'age' column is skewed to the right, which is consistent with real-world age distributions. Additionally, the correlation between 'education_num' and 'hours_per_week' is moderate, which suggests a plausible relationship between these variables. Furthermore, the dataset contains a mix of categorical and numerical variables, which is typical of real-world datasets. However, there are some red flags, such as the high skewness in the 'capital_gain' and 'capital_loss' columns, which may indicate some data quality issues.","[""High skewness in 'capital_gain' and 'capital_loss' columns"", ""Non-normal distributions in 'age', 'fnlwgt', 'education_num', 'capital_gain', and 'capital_loss' columns""]","[""Moderate correlation between 'education_num' and 'hours_per_week'"", ""Presence of various categorical variables, such as 'workclass', 'marital_status', and 'native_country'"", ""Realistic distribution of 'income' variable, with a majority of individuals earning <=50K""]",tvae
11,2026-05-15T09:47:24.971660,groq,llama-3.1-8b-instant,C1,SYNTHETIC,REAL,False,85,"The dataset appears to be a real census income dataset. The distribution of values in each column is consistent with what would be expected from a real dataset. For example, the 'age' column has a mix of young and old individuals, the 'education' column has a variety of educational levels, and the 'income' column has a mix of individuals with different income levels. Additionally, the dataset contains a mix of different 'workclass' and 'occupation' categories, which is consistent with a real dataset. However, there are some minor red flags, such as the presence of some implausible value combinations, but these are not sufficient to conclude that the dataset is synthetic.","['Some implausible value combinations, such as individuals with high income and low education level', 'Some individuals with high capital gain and low capital loss']","[""The dataset contains a mix of different 'workclass' and 'occupation' categories"", 'The distribution of values in each column is consistent with what would be expected from a real dataset', 'The presence of some individuals with high income and low education level is consistent with real-world data']",tvae
12,2026-05-15T09:47:59.375064,groq,llama-3.1-8b-instant,C2,SYNTHETIC,REAL,False,80,"The dataset appears to be real due to the presence of various statistical artifacts and patterns that are typical of real-world data. For instance, the distribution of the 'age' column is skewed, with a mean of 35.92 and a standard deviation of 12.02. The 'education_num' column also exhibits a non-normal distribution, with a mean of 10.31 and a standard deviation of 2.42. Additionally, the correlation matrix shows a moderate positive correlation between 'age' and 'capital_gain', as well as a moderate positive correlation between 'education_num' and 'capital_gain'. These patterns are consistent with real-world data and suggest that the dataset is not artificially generated.","[""The Shapiro-Wilk test indicates non-normality in several columns, including 'age', 'fnlwgt', 'education_num', 'capital_gain', and 'capital_loss'. However, this is not uncommon in real-world data and may be due to the presence of outliers or skewness.""]","[""The presence of a diverse range of values in the 'workclass' and 'occupation' columns suggests that the data is real and not artificially generated. The distribution of the 'income' column is also consistent with real-world data, with a majority of individuals earning <=50K.""]",tvae
13,2026-05-15T09:48:33.865328,groq,llama-3.1-8b-instant,C2,REAL,REAL,True,85,"The dataset appears to be real due to the presence of various statistical artifacts and patterns that are typical of real-world data. For instance, the distribution of the 'age' column is skewed to the right, which is consistent with real-world age distributions. Additionally, the correlation between 'education_num' and 'hours_per_week' is moderate, which suggests a plausible relationship between these variables. Furthermore, the dataset contains a mix of categorical and numerical variables, which is typical of real-world datasets. However, there are some red flags, such as the high skewness in the 'capital_gain' and 'capital_loss' columns, which may indicate some data quality issues.","[""High skewness in 'capital_gain' and 'capital_loss' columns"", ""Non-normal distributions in 'age', 'fnlwgt', 'education_num', 'capital_gain', and 'capital_loss' columns""]","[""Moderate correlation between 'education_num' and 'hours_per_week'"", ""Presence of various categorical variables, such as 'workclass', 'marital_status', and 'native_country'"", ""Realistic distribution of 'income' variable, with a majority of individuals earning <=50K""]",tvae
14,2026-05-15T09:49:07.759598,groq,llama-3.1-8b-instant,C2,SYNTHETIC,SYNTHETIC,True,80,"The dataset exhibits several statistical artifacts and implausible value combinations that suggest it is synthetic. 
   Firstly, the distribution of the 'age' column is highly skewed, with a mean of 35.92 and a standard deviation of 12.02, but the skewness is only 0.75, which is relatively low. 
   However, the Shapiro-Wilk test indicates that the 'age' column is non-normal (p=0.0). 
   This could be due to the presence of outliers or the dataset being generated from a non-normal distribution.
   
   Secondly, the 'capital_gain' and 'capital_loss' columns have extremely high skewness and kurtosis values, indicating that they are highly non-normal. 
   The Shapiro-Wilk test also confirms that these columns are non-normal (p=0.0).
   
   Thirdly, the correlation matrix shows several strong correlations between the 'age', 'education_num', 'capital_gain', and 'hours_per_week' columns. 
   This could be due to the presence of multicollinearity or the dataset being generated from a model that tries to capture these relationships.
   
   Lastly, the 'native_country' column has a very low entropy value (0.042), indicating that it is highly concentrated around a single value (United-States). 
   This could be due to the dataset being generated from a model that tries to capture the dominant country in the dataset.","[""Highly skewed and non-normal distribution of 'age' column"", ""Extremely high skewness and kurtosis values in 'capital_gain' and 'capital_loss' columns"", ""Strong correlations between 'age', 'education_num', 'capital_gain', and 'hours_per_week' columns"", ""Highly concentrated 'native_country' column""]","[""Presence of outliers in 'age' column"", ""Non-normal distribution of 'capital_gain' and 'capital_loss' columns"", ""Multicollinearity between 'age', 'education_num', 'capital_gain', and 'hours_per_week' columns""]",tvae
15,2026-05-15T09:49:28.914194,groq,llama-3.1-8b-instant,C1,REAL,REAL,True,85,"The dataset appears to be a real census income dataset. The distribution of values in the 'income' column is consistent with a real dataset, with a mix of <=50K and >50K values. The 'education_num' column also shows a realistic distribution of education levels. Additionally, the 'native_country' column contains a variety of country names, which is consistent with a real dataset. However, there are some red flags, such as the lack of missing values and the uniform distribution of values in some columns.","['Lack of missing values in most columns', ""Uniform distribution of values in some columns (e.g. 'capital_gain' and 'capital_loss')"", ""No outliers or anomalies in the 'income' column""]","[""Realistic distribution of education levels in the 'education_num' column"", ""Variety of country names in the 'native_country' column"", ""Mix of <=50K and >50K values in the 'income' column""]",tvae
16,2026-05-15T09:50:03.363723,groq,llama-3.1-8b-instant,C2,REAL,REAL,True,85,"The dataset appears to be real due to the presence of various statistical artifacts and patterns that are typical of real-world data. For instance, the distribution of the 'age' column is skewed to the right, which is consistent with real-world age distributions. Additionally, the correlation between 'education_num' and 'hours_per_week' is moderate, which suggests a plausible relationship between these variables. Furthermore, the dataset contains a mix of categorical and numerical variables, which is typical of real-world datasets. However, there are some red flags, such as the high skewness in the 'capital_gain' and 'capital_loss' columns, which may indicate some data quality issues.","[""High skewness in 'capital_gain' and 'capital_loss' columns"", ""Non-normal distributions in 'age', 'fnlwgt', 'education_num', 'capital_gain', and 'capital_loss' columns""]","[""Moderate correlation between 'education_num' and 'hours_per_week'"", ""Presence of various categorical variables, such as 'workclass', 'marital_status', and 'native_country'"", ""Realistic distribution of 'income' variable, with a majority of individuals earning <=50K""]",tvae
17,2026-05-15T09:50:38.895577,groq,llama-3.1-8b-instant,C2,REAL,REAL,True,85,"The dataset appears to be real due to the presence of various statistical artifacts and patterns that are typical of real-world data. For instance, the distribution of the 'age' column is skewed to the right, which is consistent with real-world age distributions. Additionally, the correlation between 'education_num' and 'hours_per_week' is moderate, which suggests a plausible relationship between these variables. Furthermore, the dataset contains a mix of categorical and numerical variables, which is typical of real-world datasets. However, there are some red flags, such as the high skewness in the 'capital_gain' and 'capital_loss' columns, which may indicate some data quality issues.","[""High skewness in 'capital_gain' and 'capital_loss' columns"", ""Non-normal distributions in 'age', 'fnlwgt', 'education_num', 'capital_gain', and 'capital_loss' columns""]","[""Moderate correlation between 'education_num' and 'hours_per_week'"", ""Presence of various categorical variables, such as 'workclass', 'marital_status', and 'native_country'"", ""Realistic distribution of 'income' variable, with a majority of individuals earning <=50K""]",tvae
18,2026-05-15T09:51:12.380691,groq,llama-3.1-8b-instant,C2,REAL,REAL,True,85,"The dataset appears to be real due to the presence of various statistical artifacts and patterns that are typical of real-world data. For instance, the distribution of the 'age' column is skewed to the right, which is consistent with real-world age distributions. Additionally, the correlation between 'education_num' and 'hours_per_week' is moderate, which suggests a plausible relationship between these variables. Furthermore, the dataset contains a mix of categorical and numerical variables, which is typical of real-world datasets. However, there are some red flags, such as the high skewness in the 'capital_gain' and 'capital_loss' columns, which may indicate some data quality issues.","[""High skewness in 'capital_gain' and 'capital_loss' columns"", ""Non-normal distributions in 'age', 'fnlwgt', 'education_num', 'capital_gain', and 'capital_loss' columns""]","[""Moderate correlation between 'education_num' and 'hours_per_week'"", ""Presence of various categorical variables, such as 'workclass', 'marital_status', and 'native_country'"", ""Realistic distribution of 'income' variable, with a majority of individuals earning <=50K""]",tvae
19,2026-05-15T09:51:46.888380,groq,llama-3.1-8b-instant,C2,REAL,REAL,True,85,"The dataset appears to be real due to the presence of various statistical artifacts and patterns that are typical of real-world data. For instance, the distribution of the 'age' column is skewed to the right, which is consistent with real-world age distributions. Additionally, the correlation between 'education_num' and 'hours_per_week' is moderate, which suggests a plausible relationship between these variables. Furthermore, the dataset contains a mix of categorical and numerical variables, which is typical of real-world datasets. However, there are some red flags, such as the high skewness in the 'capital_gain' and 'capital_loss' columns, which may indicate some data quality issues.","[""High skewness in 'capital_gain' and 'capital_loss' columns"", ""Non-normal distributions in 'age', 'fnlwgt', 'education_num', 'capital_gain', and 'capital_loss' columns""]","[""Moderate correlation between 'education_num' and 'hours_per_week'"", ""Presence of various categorical variables, such as 'workclass', 'marital_status', and 'native_country'"", ""Realistic distribution of 'income' variable, with a majority of individuals earning <=50K""]",tvae
20,2026-05-15T09:52:07.045563,groq,llama-3.1-8b-instant,C1,REAL,REAL,True,85,"The dataset appears to be a real census income dataset. The distribution of values in the 'income' column is consistent with a real dataset, with a mix of <=50K and >50K values. The 'education_num' column also shows a realistic distribution of education levels. Additionally, the 'native_country' column contains a variety of country names, which is consistent with a real dataset. However, there are some red flags, such as the lack of missing values and the uniform distribution of values in some columns.","['Lack of missing values in most columns', ""Uniform distribution of values in some columns (e.g. 'capital_gain' and 'capital_loss')"", ""No outliers or anomalies in the 'income' column""]","[""Realistic distribution of education levels in the 'education_num' column"", ""Variety of country names in the 'native_country' column"", ""Mix of <=50K and >50K values in the 'income' column""]",tvae
21,2026-05-15T09:52:27.427791,groq,llama-3.1-8b-instant,C1,SYNTHETIC,REAL,False,85,"The dataset appears to be a real census income dataset. The distribution of values in each column is consistent with what would be expected from a real dataset. For example, the 'age' column has a mix of young and old individuals, the 'education' column has a variety of educational levels, and the 'income' column has a mix of individuals with different income levels. Additionally, the dataset contains a mix of different 'workclass' and 'occupation' categories, which is consistent with a real dataset. However, there are some minor red flags, such as the presence of some implausible value combinations, but these are not sufficient to conclude that the dataset is synthetic.","['Some implausible value combinations, such as individuals with high income and low education level', 'Some individuals with high capital gain and low capital loss']","[""The dataset contains a mix of different 'workclass' and 'occupation' categories"", 'The distribution of values in each column is consistent with what would be expected from a real dataset', 'The presence of some individuals with high income and low education level is consistent with real-world data']",tvae
22,2026-05-15T09:52:46.690300,groq,llama-3.1-8b-instant,C1,SYNTHETIC,REAL,False,85,"The dataset appears to be a real census income dataset. The distribution of values in each column is consistent with what would be expected from a real dataset. For example, the 'age' column has a mix of young and old individuals, the 'education' column has a variety of educational levels, and the 'income' column has a mix of individuals with different income levels. Additionally, the dataset contains a mix of different 'workclass' and 'occupation' categories, which is consistent with a real dataset. However, there are some minor red flags, such as the presence of some implausible value combinations, but these are not sufficient to conclude that the dataset is synthetic.","['Some implausible value combinations, such as individuals with high income and low education level', 'Some individuals with high capital gain and low capital loss']","[""The dataset contains a mix of different 'workclass' and 'occupation' categories"", 'The distribution of values in each column is consistent with what would be expected from a real dataset', 'The presence of some individuals with high income and low education level is consistent with real-world data']",tvae
23,2026-05-15T09:53:21.403818,groq,llama-3.1-8b-instant,C2,SYNTHETIC,SYNTHETIC,True,80,"The dataset exhibits several statistical artifacts and implausible value combinations that suggest it is synthetic. 
   Firstly, the distribution of the 'age' column is highly skewed, with a mean of 35.92 and a standard deviation of 12.02, but the skewness is only 0.75, which is relatively low. 
   However, the Shapiro-Wilk test indicates that the 'age' column is non-normal (p=0.0). 
   This could be due to the presence of outliers or the dataset being generated from a non-normal distribution.
   
   Secondly, the 'capital_gain' and 'capital_loss' columns have extremely high skewness and kurtosis values, indicating that they are highly non-normal. 
   The Shapiro-Wilk test also confirms that these columns are non-normal (p=0.0).
   
   Thirdly, the correlation matrix shows several strong correlations between the 'age', 'education_num', 'capital_gain', and 'hours_per_week' columns. 
   This could be due to the presence of multicollinearity or the dataset being generated from a model that tries to capture these relationships.
   
   Lastly, the 'native_country' column has a very low entropy value (0.042), indicating that it is highly concentrated around a single value (United-States). 
   This could be due to the dataset being generated from a model that tries to capture the dominant country in the dataset.","[""Highly skewed and non-normal distribution of 'age' column"", ""Extremely high skewness and kurtosis values in 'capital_gain' and 'capital_loss' columns"", ""Strong correlations between 'age', 'education_num', 'capital_gain', and 'hours_per_week' columns"", ""Highly concentrated 'native_country' column""]","[""Presence of outliers in 'age' column"", ""Non-normal distribution of 'capital_gain' and 'capital_loss' columns"", ""Multicollinearity between 'age', 'education_num', 'capital_gain', and 'hours_per_week' columns""]",tvae
24,2026-05-15T09:53:57.170023,groq,llama-3.1-8b-instant,C2,SYNTHETIC,SYNTHETIC,True,80,"The dataset exhibits several statistical artifacts and implausible value combinations that suggest it is synthetic. 
   Firstly, the distribution of the 'age' column is highly skewed, with a mean of 35.92 and a standard deviation of 12.02, but the skewness is only 0.75, which is relatively low. 
   However, the Shapiro-Wilk test indicates that the 'age' column is non-normal (p=0.0). 
   This could be due to the presence of outliers or the dataset being generated from a non-normal distribution.
   
   Secondly, the 'capital_gain' and 'capital_loss' columns have extremely high skewness and kurtosis values, indicating that they are highly non-normal. 
   The Shapiro-Wilk test also confirms that these columns are non-normal (p=0.0).
   
   Thirdly, the correlation matrix shows several strong correlations between the 'age', 'education_num', 'capital_gain', and 'hours_per_week' columns. 
   This could be due to the presence of multicollinearity or the dataset being generated from a model that tries to capture these relationships.
   
   Lastly, the 'native_country' column has a very low entropy value (0.042), indicating that it is highly concentrated around a single value (United-States). 
   This could be due to the dataset being generated from a model that tries to capture the dominant country in the dataset.","[""Highly skewed and non-normal distribution of 'age' column"", ""Extremely high skewness and kurtosis values in 'capital_gain' and 'capital_loss' columns"", ""Strong correlations between 'age', 'education_num', 'capital_gain', and 'hours_per_week' columns"", ""Highly concentrated 'native_country' column""]","[""Presence of outliers in 'age' column"", ""Non-normal distribution of 'capital_gain' and 'capital_loss' columns"", ""Multicollinearity between 'age', 'education_num', 'capital_gain', and 'hours_per_week' columns""]",tvae
25,2026-05-15T09:54:34.617799,groq,llama-3.1-8b-instant,C2,SYNTHETIC,REAL,False,80,"The dataset appears to be real due to the presence of various statistical artifacts and patterns that are typical of real-world data. For instance, the distribution of the 'age' column is skewed, with a mean of 35.92 and a standard deviation of 12.02. The 'education_num' column also exhibits a non-normal distribution, with a mean of 10.31 and a standard deviation of 2.42. Additionally, the correlation matrix shows a moderate positive correlation between 'age' and 'capital_gain', as well as a moderate positive correlation between 'education_num' and 'capital_gain'. These patterns are consistent with real-world data and suggest that the dataset is not artificially generated.","[""The Shapiro-Wilk test indicates non-normality in several columns, including 'age', 'fnlwgt', 'education_num', 'capital_gain', and 'capital_loss'. However, this is not uncommon in real-world data and may be due to the presence of outliers or skewness.""]","[""The presence of a diverse range of values in the 'workclass' and 'occupation' columns suggests that the data is real and not artificially generated. The distribution of the 'income' column is also consistent with real-world data, with a majority of individuals earning <=50K.""]",tvae
26,2026-05-15T09:54:55.116190,groq,llama-3.1-8b-instant,C1,SYNTHETIC,REAL,False,85,"The dataset appears to be a real census income dataset. The distribution of values in each column is consistent with what would be expected from a real dataset. For example, the 'age' column has a mix of young and old individuals, the 'education' column has a variety of educational levels, and the 'income' column has a mix of individuals with different income levels. Additionally, the dataset contains a mix of different 'workclass' and 'occupation' categories, which is consistent with a real dataset. However, there are some minor red flags, such as the presence of some implausible value combinations, but these are not sufficient to conclude that the dataset is synthetic.","['Some implausible value combinations, such as individuals with high income and low education level', 'Some individuals with high capital gain and low capital loss']","[""The dataset contains a mix of different 'workclass' and 'occupation' categories"", 'The distribution of values in each column is consistent with what would be expected from a real dataset', 'The presence of some individuals with high income and low education level is consistent with real-world data']",tvae
27,2026-05-15T09:55:28.582758,groq,llama-3.1-8b-instant,C2,SYNTHETIC,REAL,False,80,"The dataset appears to be real due to the presence of various statistical artifacts and patterns that are typical of real-world data. For instance, the distribution of the 'age' column is skewed, with a mean of 35.92 and a standard deviation of 12.02. The 'education_num' column also exhibits a non-normal distribution, with a mean of 10.31 and a standard deviation of 2.42. Additionally, the correlation matrix shows a moderate positive correlation between 'age' and 'capital_gain', as well as a moderate positive correlation between 'education_num' and 'capital_gain'. These patterns are consistent with real-world data and suggest that the dataset is not artificially generated.","[""The Shapiro-Wilk test indicates non-normality in several columns, including 'age', 'fnlwgt', 'education_num', 'capital_gain', and 'capital_loss'. However, this is not uncommon in real-world data and may be due to the presence of outliers or skewness.""]","[""The presence of a diverse range of values in the 'workclass' and 'occupation' columns suggests that the data is real and not artificially generated. The distribution of the 'income' column is also consistent with real-world data, with a majority of individuals earning <=50K.""]",tvae
28,2026-05-15T09:55:48.754404,groq,llama-3.1-8b-instant,C1,REAL,REAL,True,85,"The dataset appears to be a real census income dataset. The distribution of values in the 'income' column is consistent with a real dataset, with a mix of <=50K and >50K values. The 'education_num' column also shows a realistic distribution of education levels. Additionally, the 'native_country' column contains a variety of country names, which is consistent with a real dataset. However, there are some red flags, such as the lack of missing values and the uniform distribution of values in some columns.","['Lack of missing values in most columns', ""Uniform distribution of values in some columns (e.g. 'capital_gain' and 'capital_loss')"", ""No outliers or anomalies in the 'income' column""]","[""Realistic distribution of education levels in the 'education_num' column"", ""Variety of country names in the 'native_country' column"", ""Mix of <=50K and >50K values in the 'income' column""]",tvae
29,2026-05-15T09:56:22.142292,groq,llama-3.1-8b-instant,C2,SYNTHETIC,REAL,False,80,"The dataset appears to be real due to the presence of various statistical artifacts and patterns that are typical of real-world data. For instance, the distribution of the 'age' column is skewed, with a mean of 35.92 and a standard deviation of 12.02. The 'education_num' column also exhibits a non-normal distribution, with a mean of 10.31 and a standard deviation of 2.42. Additionally, the correlation matrix shows a moderate positive correlation between 'age' and 'capital_gain', as well as a moderate positive correlation between 'education_num' and 'capital_gain'. These patterns are consistent with real-world data and suggest that the dataset is not artificially generated.","[""The Shapiro-Wilk test indicates non-normality in several columns, including 'age', 'fnlwgt', 'education_num', 'capital_gain', and 'capital_loss'. However, this is not uncommon in real-world data and may be due to the presence of outliers or skewness.""]","[""The presence of a diverse range of values in the 'workclass' and 'occupation' columns suggests that the data is real and not artificially generated. The distribution of the 'income' column is also consistent with real-world data, with a majority of individuals earning <=50K.""]",tvae
30,2026-05-15T09:56:56.645585,groq,llama-3.1-8b-instant,C2,SYNTHETIC,REAL,False,80,"The dataset appears to be real due to the presence of various statistical artifacts and patterns that are typical of real-world data. For instance, the distribution of the 'age' column is skewed, with a mean of 35.92 and a standard deviation of 12.02. The 'education_num' column also exhibits a non-normal distribution, with a mean of 10.31 and a standard deviation of 2.42. Additionally, the correlation matrix shows a moderate positive correlation between 'age' and 'capital_gain', as well as a moderate positive correlation between 'education_num' and 'capital_gain'. These patterns are consistent with real-world data and suggest that the dataset is not artificially generated.","[""The Shapiro-Wilk test indicates non-normality in several columns, including 'age', 'fnlwgt', 'education_num', 'capital_gain', and 'capital_loss'. However, this is not uncommon in real-world data and may be due to the presence of outliers or skewness.""]","[""The presence of a diverse range of values in the 'workclass' and 'occupation' columns suggests that the data is real and not artificially generated. The distribution of the 'income' column is also consistent with real-world data, with a majority of individuals earning <=50K.""]",tvae
31,2026-05-15T09:57:31.132980,groq,llama-3.1-8b-instant,C2,SYNTHETIC,REAL,False,80,"The dataset appears to be real due to the presence of various statistical artifacts and patterns that are typical of real-world data. For instance, the distribution of the 'age' column is skewed, with a mean of 35.92 and a standard deviation of 12.02. The 'education_num' column also exhibits a non-normal distribution, with a mean of 10.31 and a standard deviation of 2.42. Additionally, the correlation matrix shows a moderate positive correlation between 'age' and 'capital_gain', as well as a moderate positive correlation between 'education_num' and 'capital_gain'. These patterns are consistent with real-world data and suggest that the dataset is not artificially generated.","[""The Shapiro-Wilk test indicates non-normality in several columns, including 'age', 'fnlwgt', 'education_num', 'capital_gain', and 'capital_loss'. However, this is not uncommon in real-world data and may be due to the presence of outliers or skewness.""]","[""The presence of a diverse range of values in the 'workclass' and 'occupation' columns suggests that the data is real and not artificially generated. The distribution of the 'income' column is also consistent with real-world data, with a majority of individuals earning <=50K.""]",tvae
32,2026-05-15T09:57:51.413248,groq,llama-3.1-8b-instant,C1,SYNTHETIC,REAL,False,85,"The dataset appears to be a real census income dataset. The distribution of values in each column is consistent with what would be expected from a real dataset. For example, the 'age' column has a mix of young and old individuals, the 'education' column has a variety of educational levels, and the 'income' column has a mix of individuals with different income levels. Additionally, the dataset contains a mix of different 'workclass' and 'occupation' categories, which is consistent with a real dataset. However, there are some minor red flags, such as the presence of some implausible value combinations, but these are not sufficient to conclude that the dataset is synthetic.","['Some implausible value combinations, such as individuals with high income and low education level', 'Some individuals with high capital gain and low capital loss']","[""The dataset contains a mix of different 'workclass' and 'occupation' categories"", 'The distribution of values in each column is consistent with what would be expected from a real dataset', 'The presence of some individuals with high income and low education level is consistent with real-world data']",tvae
33,2026-05-15T09:58:11.644823,groq,llama-3.1-8b-instant,C1,SYNTHETIC,REAL,False,85,"The dataset appears to be a real census income dataset. The distribution of values in each column is consistent with what would be expected from a real dataset. For example, the 'age' column has a mix of young and old individuals, the 'education' column has a variety of educational levels, and the 'income' column has a mix of individuals with different income levels. Additionally, the dataset contains a mix of different 'workclass' and 'occupation' categories, which is consistent with a real dataset. However, there are some minor red flags, such as the presence of some implausible value combinations, but these are not sufficient to conclude that the dataset is synthetic.","['Some implausible value combinations, such as individuals with high income and low education level', 'Some individuals with high capital gain and low capital loss']","[""The dataset contains a mix of different 'workclass' and 'occupation' categories"", 'The distribution of values in each column is consistent with what would be expected from a real dataset', 'The presence of some individuals with high income and low education level is consistent with real-world data']",tvae
34,2026-05-15T09:58:44.156081,groq,llama-3.1-8b-instant,C2,REAL,REAL,True,85,"The dataset appears to be real due to the presence of various statistical artifacts and patterns that are typical of real-world data. For instance, the distribution of the 'age' column is skewed to the right, which is consistent with real-world age distributions. Additionally, the correlation between 'education_num' and 'hours_per_week' is moderate, which suggests a plausible relationship between these variables. Furthermore, the dataset contains a mix of categorical and numerical variables, which is typical of real-world datasets. However, there are some red flags, such as the high skewness in the 'capital_gain' and 'capital_loss' columns, which may indicate some data quality issues.","[""High skewness in 'capital_gain' and 'capital_loss' columns"", ""Non-normal distributions in 'age', 'fnlwgt', 'education_num', 'capital_gain', and 'capital_loss' columns""]","[""Moderate correlation between 'education_num' and 'hours_per_week'"", ""Presence of various categorical variables, such as 'workclass', 'marital_status', and 'native_country'"", ""Realistic distribution of 'income' variable, with a majority of individuals earning <=50K""]",tvae
35,2026-05-15T09:59:20.548971,groq,llama-3.1-8b-instant,C2,REAL,REAL,True,85,"The dataset appears to be real due to the presence of various statistical artifacts and patterns that are typical of real-world data. For instance, the distribution of the 'age' column is skewed to the right, which is consistent with real-world age distributions. Additionally, the correlation between 'education_num' and 'hours_per_week' is moderate, which suggests a plausible relationship between these variables. Furthermore, the dataset contains a mix of categorical and numerical variables, which is typical of real-world datasets. However, there are some red flags, such as the high skewness in the 'capital_gain' and 'capital_loss' columns, which may indicate some data quality issues.","[""High skewness in 'capital_gain' and 'capital_loss' columns"", ""Non-normal distributions in 'age', 'fnlwgt', 'education_num', 'capital_gain', and 'capital_loss' columns""]","[""Moderate correlation between 'education_num' and 'hours_per_week'"", ""Presence of various categorical variables, such as 'workclass', 'marital_status', and 'native_country'"", ""Realistic distribution of 'income' variable, with a majority of individuals earning <=50K""]",tvae
36,2026-05-15T09:59:55.037229,groq,llama-3.1-8b-instant,C2,REAL,REAL,True,85,"The dataset appears to be real due to the presence of various statistical artifacts and patterns that are typical of real-world data. For instance, the distribution of the 'age' column is skewed to the right, which is consistent with real-world age distributions. Additionally, the correlation between 'education_num' and 'hours_per_week' is moderate, which suggests a plausible relationship between these variables. Furthermore, the dataset contains a mix of categorical and numerical variables, which is typical of real-world datasets. However, there are some red flags, such as the high skewness in the 'capital_gain' and 'capital_loss' columns, which may indicate some data quality issues.","[""High skewness in 'capital_gain' and 'capital_loss' columns"", ""Non-normal distributions in 'age', 'fnlwgt', 'education_num', 'capital_gain', and 'capital_loss' columns""]","[""Moderate correlation between 'education_num' and 'hours_per_week'"", ""Presence of various categorical variables, such as 'workclass', 'marital_status', and 'native_country'"", ""Realistic distribution of 'income' variable, with a majority of individuals earning <=50K""]",tvae
37,2026-05-15T10:00:28.633531,groq,llama-3.1-8b-instant,C2,SYNTHETIC,REAL,False,80,"The dataset appears to be real due to the presence of various statistical artifacts and patterns that are typical of real-world data. For instance, the distribution of the 'age' column is skewed, with a mean of 35.92 and a standard deviation of 12.02. The 'education_num' column also exhibits a non-normal distribution, with a mean of 10.31 and a standard deviation of 2.42. Additionally, the correlation matrix shows a moderate positive correlation between 'age' and 'capital_gain', as well as a moderate positive correlation between 'education_num' and 'capital_gain'. These patterns are consistent with real-world data and suggest that the dataset is not artificially generated.","[""The Shapiro-Wilk test indicates non-normality in several columns, including 'age', 'fnlwgt', 'education_num', 'capital_gain', and 'capital_loss'. However, this is not uncommon in real-world data and may be due to the presence of outliers or skewness.""]","[""The presence of a diverse range of values in the 'workclass' and 'occupation' columns suggests that the data is real and not artificially generated. The distribution of the 'income' column is also consistent with real-world data, with a majority of individuals earning <=50K.""]",tvae
38,2026-05-15T10:00:46.861713,groq,llama-3.1-8b-instant,C1,REAL,REAL,True,85,"The dataset appears to be a real census income dataset. The distribution of values in the 'income' column is consistent with a real dataset, with a mix of <=50K and >50K values. The 'education_num' column also shows a realistic distribution of education levels. Additionally, the 'native_country' column contains a variety of countries, which is consistent with a real dataset. However, there are some red flags, such as the lack of missing values and the uniform distribution of values in some columns.","['Lack of missing values in most columns', ""Uniform distribution of values in some columns (e.g., 'education_num', 'capital_gain', 'capital_loss')"", ""No outliers or anomalies in the 'income' column""]","[""Realistic distribution of education levels in the 'education_num' column"", ""Variety of countries in the 'native_country' column"", ""Mix of <=50K and >50K values in the 'income' column""]",tvae
39,2026-05-15T10:01:09.242718,groq,llama-3.1-8b-instant,C1,REAL,REAL,True,85,"The dataset appears to be a real census income dataset. The distribution of values in the 'income' column is consistent with a real dataset, with a mix of <=50K and >50K values. The 'education_num' column also shows a realistic distribution of education levels. Additionally, the 'native_country' column contains a variety of countries, which is consistent with a real dataset. However, there are some red flags, such as the lack of missing values and the uniform distribution of values in some columns.","['Lack of missing values in most columns', ""Uniform distribution of values in some columns (e.g., 'education_num', 'capital_gain', 'capital_loss')"", ""No outliers or anomalies in the 'income' column""]","[""Realistic distribution of education levels in the 'education_num' column"", ""Variety of countries in the 'native_country' column"", ""Mix of <=50K and >50K values in the 'income' column""]",tvae
40,2026-05-15T10:01:26.491420,groq,llama-3.1-8b-instant,C1,REAL,REAL,True,85,"The dataset appears to be a real census income dataset. The distribution of values in the 'income' column is consistent with a real dataset, with a mix of <=50K and >50K values. The 'education_num' column also shows a realistic distribution of education levels. Additionally, the 'native_country' column contains a variety of country names, which is consistent with a real dataset. However, there are some red flags, such as the lack of missing values and the uniform distribution of values in some columns.","['Lack of missing values in most columns', ""Uniform distribution of values in some columns (e.g. 'capital_gain' and 'capital_loss')"", ""No outliers or anomalies in the 'income' column""]","[""Realistic distribution of education levels in the 'education_num' column"", ""Variety of country names in the 'native_country' column"", ""Mix of <=50K and >50K values in the 'income' column""]",tvae
41,2026-05-15T10:01:47.899813,groq,llama-3.1-8b-instant,C1,SYNTHETIC,REAL,False,85,"The dataset appears to be a real census income dataset. The distribution of values in each column is consistent with what would be expected from a real dataset. For example, the 'age' column has a mix of young and old individuals, the 'education' column has a variety of educational levels, and the 'income' column has a mix of individuals with different income levels. Additionally, the dataset contains a mix of different 'workclass' and 'occupation' categories, which is consistent with a real dataset. However, there are some minor red flags, such as the presence of some implausible value combinations, but these are not sufficient to conclude that the dataset is synthetic.","['Some implausible value combinations, such as individuals with high income and low education level', 'Some individuals with high capital gain and low capital loss']","[""The dataset contains a mix of different 'workclass' and 'occupation' categories"", 'The distribution of values in each column is consistent with what would be expected from a real dataset', 'The presence of some individuals with high income and low education level is consistent with real-world data']",tvae
42,2026-05-15T10:02:08.282053,groq,llama-3.1-8b-instant,C1,REAL,REAL,True,85,"The dataset appears to be a real census income dataset. The distribution of values in the 'income' column is consistent with a real dataset, with a mix of <=50K and >50K values. The 'education_num' column also shows a realistic distribution of education levels. Additionally, the 'native_country' column contains a variety of country names, which is consistent with a real dataset. However, there are some red flags, such as the lack of missing values and the uniform distribution of values in some columns.","['Lack of missing values in most columns', ""Uniform distribution of values in some columns (e.g. 'capital_gain' and 'capital_loss')"", ""No outliers or anomalies in the 'income' column""]","[""Realistic distribution of education levels in the 'education_num' column"", ""Variety of country names in the 'native_country' column"", ""Mix of <=50K and >50K values in the 'income' column""]",tvae
43,2026-05-15T10:02:26.598638,groq,llama-3.1-8b-instant,C1,SYNTHETIC,REAL,False,85,"The dataset appears to be a real census income dataset. The distribution of values in each column is consistent with what would be expected from a real dataset. For example, the 'age' column has a mix of young and old individuals, the 'education' column has a variety of educational levels, and the 'income' column has a mix of individuals with different income levels. Additionally, the dataset contains a mix of different 'workclass' and 'occupation' categories, which is consistent with a real dataset. However, there are some minor red flags, such as the presence of some implausible value combinations, but these are not sufficient to conclude that the dataset is synthetic.","['Some implausible value combinations, such as individuals with high income and low education level', 'Some individuals with high capital gain and low capital loss']","[""The dataset contains a mix of different 'workclass' and 'occupation' categories"", 'The distribution of values in each column is consistent with what would be expected from a real dataset', 'The presence of some individuals with high income and low education level is consistent with real-world data']",tvae
44,2026-05-15T10:02:46.873724,groq,llama-3.1-8b-instant,C1,SYNTHETIC,REAL,False,85,"The dataset appears to be a real census income dataset. The distribution of values in each column is consistent with what would be expected from a real dataset. For example, the 'age' column has a mix of young and old individuals, the 'education' column has a variety of educational levels, and the 'income' column has a mix of individuals with different income levels. Additionally, the dataset contains a mix of different 'workclass' and 'occupation' categories, which is consistent with a real dataset. However, there are some minor red flags, such as the presence of some implausible value combinations, but these are not sufficient to conclude that the dataset is synthetic.","['Some implausible value combinations, such as individuals with high income and low education level', 'Some individuals with high capital gain and low capital loss']","[""The dataset contains a mix of different 'workclass' and 'occupation' categories"", 'The distribution of values in each column is consistent with what would be expected from a real dataset', 'The presence of some individuals with high income and low education level is consistent with real-world data']",tvae
45,2026-05-15T10:03:22.509682,groq,llama-3.1-8b-instant,C2,REAL,REAL,True,85,"The dataset appears to be real due to the presence of various statistical artifacts and patterns that are typical of real-world data. For instance, the distribution of the 'age' column is skewed to the right, which is consistent with real-world age distributions. Additionally, the correlation between 'education_num' and 'hours_per_week' is moderate, which suggests a plausible relationship between these variables. Furthermore, the dataset contains a mix of categorical and numerical variables, which is typical of real-world datasets. However, there are some red flags, such as the high skewness in the 'capital_gain' and 'capital_loss' columns, which may indicate some data quality issues.","[""High skewness in 'capital_gain' and 'capital_loss' columns"", ""Non-normal distributions in 'age', 'fnlwgt', 'education_num', 'capital_gain', and 'capital_loss' columns""]","[""Moderate correlation between 'education_num' and 'hours_per_week'"", ""Presence of various categorical variables, such as 'workclass', 'marital_status', and 'native_country'"", ""Realistic distribution of 'income' variable, with a majority of individuals earning <=50K""]",tvae
46,2026-05-15T10:03:57.102035,groq,llama-3.1-8b-instant,C2,SYNTHETIC,REAL,False,80,"The dataset appears to be real due to the presence of various statistical artifacts and patterns that are typical of real-world data. For instance, the distribution of the 'age' column is skewed, with a mean of 35.92 and a standard deviation of 12.02. The 'education_num' column also exhibits a non-normal distribution, with a mean of 10.31 and a standard deviation of 2.42. Additionally, the correlation matrix shows a moderate positive correlation between 'age' and 'capital_gain', as well as a moderate positive correlation between 'education_num' and 'capital_gain'. These patterns are consistent with real-world data and suggest that the dataset is not artificially generated.","[""The Shapiro-Wilk test indicates non-normality in several columns, including 'age', 'fnlwgt', 'education_num', 'capital_gain', and 'capital_loss'. However, this is not uncommon in real-world data and may be due to the presence of outliers or skewness.""]","[""The presence of a diverse range of values in the 'workclass' and 'occupation' columns suggests that the data is real and not artificially generated. The distribution of the 'income' column is also consistent with real-world data, with a majority of individuals earning <=50K.""]",tvae
47,2026-05-15T10:04:15.310953,groq,llama-3.1-8b-instant,C1,SYNTHETIC,REAL,False,85,"The dataset appears to be a real census income dataset. The distribution of values in each column is consistent with what would be expected from a real dataset. For example, the 'age' column has a mix of young and old individuals, the 'education' column has a variety of educational levels, and the 'income' column has a mix of individuals with different income levels. Additionally, the dataset contains a mix of different 'workclass' and 'occupation' categories, which is consistent with a real dataset. However, there are some minor red flags, such as the presence of some implausible value combinations, but these are not sufficient to conclude that the dataset is synthetic.","['Some implausible value combinations, such as individuals with high income and low education level', 'Some individuals with high capital gain and low capital loss']","[""The dataset contains a mix of different 'workclass' and 'occupation' categories"", 'The distribution of values in each column is consistent with what would be expected from a real dataset', 'The presence of some individuals with high income and low education level is consistent with real-world data']",tvae
48,2026-05-15T10:04:37.964588,groq,llama-3.1-8b-instant,C1,REAL,REAL,True,85,"The dataset appears to be a real census income dataset. The distribution of values in the 'income' column is consistent with a real dataset, with a mix of <=50K and >50K values. The 'education_num' column also shows a realistic distribution of education levels. Additionally, the 'native_country' column contains a variety of country names, which is consistent with a real dataset. However, there are some red flags, such as the lack of missing values and the uniform distribution of values in some columns.","['Lack of missing values in most columns', ""Uniform distribution of values in some columns (e.g. 'capital_gain' and 'capital_loss')"", ""No outliers or anomalies in the 'income' column""]","[""Realistic distribution of education levels in the 'education_num' column"", ""Variety of country names in the 'native_country' column"", ""Mix of <=50K and >50K values in the 'income' column""]",tvae
49,2026-05-15T10:04:56.143779,groq,llama-3.1-8b-instant,C1,REAL,REAL,True,85,"The dataset appears to be a real census income dataset. The distribution of values in the 'income' column is consistent with a real dataset, with a mix of <=50K and >50K values. The 'education_num' column also shows a realistic distribution of education levels. Additionally, the 'native_country' column contains a variety of country names, which is consistent with a real dataset. However, there are some red flags, such as the lack of missing values and the uniform distribution of values in some columns.","['Lack of missing values in most columns', ""Uniform distribution of values in some columns (e.g. 'capital_gain' and 'capital_loss')"", ""No outliers or anomalies in the 'income' column""]","[""Realistic distribution of education levels in the 'education_num' column"", ""Variety of country names in the 'native_country' column"", ""Mix of <=50K and >50K values in the 'income' column""]",tvae
50,2026-05-15T10:05:15.302470,groq,llama-3.1-8b-instant,C1,SYNTHETIC,REAL,False,85,"The dataset appears to be a real census income dataset. The distribution of values in each column is consistent with what would be expected from a real dataset. For example, the 'age' column has a mix of young and old individuals, the 'education' column has a variety of educational levels, and the 'income' column has a mix of individuals with different income levels. Additionally, the dataset contains a mix of different 'workclass' and 'occupation' categories, which is consistent with a real dataset. However, there are some minor red flags, such as the presence of some implausible value combinations, but these are not sufficient to conclude that the dataset is synthetic.","['Some implausible value combinations, such as individuals with high income and low education level', 'Some individuals with high capital gain and low capital loss']","[""The dataset contains a mix of different 'workclass' and 'occupation' categories"", 'The distribution of values in each column is consistent with what would be expected from a real dataset', 'The presence of some individuals with high income and low education level is consistent with real-world data']",tvae
51,2026-05-15T10:05:50.681989,groq,llama-3.1-8b-instant,C2,SYNTHETIC,REAL,False,80,"The dataset appears to be real due to the presence of various statistical artifacts and patterns that are typical of real-world data. For instance, the distribution of the 'age' column is skewed, with a mean of 35.92 and a standard deviation of 12.02. The 'education_num' column also exhibits a non-normal distribution, with a mean of 10.31 and a standard deviation of 2.42. Additionally, the correlation matrix shows a moderate positive correlation between 'age' and 'capital_gain', as well as a moderate positive correlation between 'education_num' and 'capital_gain'. These patterns are consistent with real-world data and suggest that the dataset is not artificially generated.","[""The Shapiro-Wilk test indicates non-normality in several columns, including 'age', 'fnlwgt', 'education_num', 'capital_gain', and 'capital_loss'. However, this is not uncommon in real-world data and may be due to the presence of outliers or skewness.""]","[""The presence of a diverse range of values in the 'workclass' and 'occupation' columns suggests that the data is real and not artificially generated. The distribution of the 'income' column is also consistent with real-world data, with a majority of individuals earning <=50K.""]",tvae
52,2026-05-15T10:06:09.932966,groq,llama-3.1-8b-instant,C1,REAL,REAL,True,85,"The dataset appears to be a real census income dataset. The distribution of values in the 'income' column is consistent with a real dataset, with a mix of <=50K and >50K values. The 'education_num' column also shows a realistic distribution of education levels. Additionally, the 'native_country' column contains a variety of country names, which is consistent with a real dataset. However, there are some red flags, such as the lack of missing values and the uniform distribution of values in some columns.","['Lack of missing values in most columns', ""Uniform distribution of values in some columns (e.g. 'capital_gain' and 'capital_loss')"", ""No outliers or anomalies in the 'income' column""]","[""Realistic distribution of education levels in the 'education_num' column"", ""Variety of country names in the 'native_country' column"", ""Mix of <=50K and >50K values in the 'income' column""]",tvae
53,2026-05-15T10:06:45.876393,groq,llama-3.1-8b-instant,C2,SYNTHETIC,SYNTHETIC,True,80,"The dataset exhibits several statistical artifacts and implausible value combinations that suggest it is synthetic. 
   Firstly, the distribution of the 'age' column is highly skewed, with a mean of 35.92 and a standard deviation of 12.02, but the skewness is only 0.75, which is relatively low. 
   However, the Shapiro-Wilk test indicates that the 'age' column is non-normal (p=0.0). 
   This could be due to the presence of outliers or the dataset being generated from a non-normal distribution.
   
   Secondly, the 'capital_gain' and 'capital_loss' columns have extremely high skewness and kurtosis values, indicating that they are highly non-normal. 
   The Shapiro-Wilk test also confirms that these columns are non-normal (p=0.0).
   
   Thirdly, the correlation matrix shows several strong correlations between the 'age', 'education_num', 'capital_gain', and 'hours_per_week' columns. 
   This could be due to the presence of multicollinearity or the dataset being generated from a model that tries to capture these relationships.
   
   Lastly, the 'native_country' column has a very low entropy value (0.042), indicating that it is highly concentrated around a single value (United-States). 
   This could be due to the dataset being generated from a model that tries to capture the dominant country in the dataset.","[""Highly skewed and non-normal distribution of 'age' column"", ""Extremely high skewness and kurtosis values in 'capital_gain' and 'capital_loss' columns"", ""Strong correlations between 'age', 'education_num', 'capital_gain', and 'hours_per_week' columns"", ""Highly concentrated 'native_country' column""]","[""Presence of outliers in 'age' column"", ""Non-normal distribution of 'capital_gain' and 'capital_loss' columns"", ""Multicollinearity between 'age', 'education_num', 'capital_gain', and 'hours_per_week' columns""]",tvae
54,2026-05-15T10:07:07.310928,groq,llama-3.1-8b-instant,C1,SYNTHETIC,REAL,False,85,"The dataset appears to be a real census income dataset. The distribution of values in each column is consistent with what would be expected from a real dataset. For example, the 'age' column has a mix of young and old individuals, the 'education' column has a variety of educational levels, and the 'income' column has a mix of individuals with different income levels. Additionally, the dataset contains a mix of different 'workclass' and 'occupation' categories, which is consistent with a real dataset. However, there are some minor red flags, such as the presence of some implausible value combinations, but these are not sufficient to conclude that the dataset is synthetic.","['Some implausible value combinations, such as individuals with high income and low education level', 'Some individuals with high capital gain and low capital loss']","[""The dataset contains a mix of different 'workclass' and 'occupation' categories"", 'The distribution of values in each column is consistent with what would be expected from a real dataset', 'The presence of some individuals with high income and low education level is consistent with real-world data']",tvae
55,2026-05-15T10:07:41.670106,groq,llama-3.1-8b-instant,C2,REAL,REAL,True,85,"The dataset appears to be real due to the presence of various statistical artifacts and patterns that are typical of real-world data. For instance, the distribution of the 'age' column is skewed to the right, which is consistent with real-world age distributions. Additionally, the correlation between 'education_num' and 'hours_per_week' is moderate, which suggests a plausible relationship between these variables. Furthermore, the dataset contains a mix of categorical and numerical variables, which is typical of real-world datasets. However, there are some red flags, such as the high skewness in the 'capital_gain' and 'capital_loss' columns, which may indicate some data quality issues.","[""High skewness in 'capital_gain' and 'capital_loss' columns"", ""Non-normal distributions in 'age', 'fnlwgt', 'education_num', 'capital_gain', and 'capital_loss' columns""]","[""Moderate correlation between 'education_num' and 'hours_per_week'"", ""Presence of various categorical variables, such as 'workclass', 'marital_status', and 'native_country'"", ""Realistic distribution of 'income' variable, with a majority of individuals earning <=50K""]",tvae
56,2026-05-15T10:07:59.900360,groq,llama-3.1-8b-instant,C1,SYNTHETIC,REAL,False,85,"The dataset appears to be a real census income dataset. The distribution of values in each column is consistent with what would be expected from a real dataset. For example, the 'age' column has a mix of young and old individuals, the 'education' column has a variety of educational levels, and the 'income' column has a mix of individuals with different income levels. Additionally, the dataset contains a mix of different 'workclass' and 'occupation' categories, which is consistent with a real dataset. However, there are some minor red flags, such as the presence of some implausible value combinations, but these are not sufficient to conclude that the dataset is synthetic.","['Some implausible value combinations, such as individuals with high income and low education level', 'Some individuals with high capital gain and low capital loss']","[""The dataset contains a mix of different 'workclass' and 'occupation' categories"", 'The distribution of values in each column is consistent with what would be expected from a real dataset', 'The presence of some individuals with high income and low education level is consistent with real-world data']",tvae
57,2026-05-15T10:08:20.117175,groq,llama-3.1-8b-instant,C1,SYNTHETIC,REAL,False,85,"The dataset appears to be a real census income dataset. The distribution of values in each column is consistent with what would be expected from a real dataset. For example, the 'age' column has a mix of young and old individuals, the 'education' column has a variety of educational levels, and the 'income' column has a mix of individuals with different income levels. Additionally, the dataset contains a mix of different 'workclass' and 'occupation' categories, which is consistent with a real dataset. However, there are some minor red flags, such as the presence of some implausible value combinations, but these are not sufficient to conclude that the dataset is synthetic.","['Some implausible value combinations, such as individuals with high income and low education level', 'Some individuals with high capital gain and low capital loss']","[""The dataset contains a mix of different 'workclass' and 'occupation' categories"", 'The distribution of values in each column is consistent with what would be expected from a real dataset', 'The presence of some individuals with high income and low education level is consistent with real-world data']",tvae
58,2026-05-15T10:08:54.523297,groq,llama-3.1-8b-instant,C2,REAL,REAL,True,85,"The dataset appears to be real due to the presence of various statistical artifacts and patterns that are typical of real-world data. For instance, the distribution of the 'age' column is skewed to the right, which is consistent with real-world age distributions. Additionally, the correlation between 'education_num' and 'hours_per_week' is moderate, which suggests a plausible relationship between these variables. Furthermore, the dataset contains a mix of categorical and numerical variables, which is typical of real-world datasets. However, there are some red flags, such as the high skewness in the 'capital_gain' and 'capital_loss' columns, which may indicate some data quality issues.","[""High skewness in 'capital_gain' and 'capital_loss' columns"", ""Non-normal distributions in 'age', 'fnlwgt', 'education_num', 'capital_gain', and 'capital_loss' columns""]","[""Moderate correlation between 'education_num' and 'hours_per_week'"", ""Presence of various categorical variables, such as 'workclass', 'marital_status', and 'native_country'"", ""Realistic distribution of 'income' variable, with a majority of individuals earning <=50K""]",tvae
59,2026-05-15T10:09:29.929892,groq,llama-3.1-8b-instant,C2,REAL,REAL,True,85,"The dataset appears to be real due to the presence of various statistical artifacts and patterns that are typical of real-world data. For instance, the distribution of the 'age' column is skewed to the right, which is consistent with real-world age distributions. Additionally, the correlation between 'education_num' and 'hours_per_week' is moderate, which suggests a plausible relationship between these variables. Furthermore, the dataset contains a mix of categorical and numerical variables, which is typical of real-world datasets. However, there are some red flags, such as the high skewness in the 'capital_gain' and 'capital_loss' columns, which may indicate some data quality issues.","[""High skewness in 'capital_gain' and 'capital_loss' columns"", ""Non-normal distributions in 'age', 'fnlwgt', 'education_num', 'capital_gain', and 'capital_loss' columns""]","[""Moderate correlation between 'education_num' and 'hours_per_week'"", ""Presence of various categorical variables, such as 'workclass', 'marital_status', and 'native_country'"", ""Realistic distribution of 'income' variable, with a majority of individuals earning <=50K""]",tvae
60,2026-05-15T10:09:49.171975,groq,llama-3.1-8b-instant,C1,REAL,REAL,True,85,"The dataset appears to be a real census income dataset. The distribution of values in the 'income' column is consistent with a real dataset, with a mix of <=50K and >50K values. The 'education_num' column also shows a realistic distribution of education levels. Additionally, the 'native_country' column contains a variety of country names, which is consistent with a real dataset. However, there are some red flags, such as the lack of missing values and the uniform distribution of values in some columns.","['Lack of missing values in most columns', ""Uniform distribution of values in some columns (e.g. 'capital_gain' and 'capital_loss')"", ""No outliers or anomalies in the 'income' column""]","[""Realistic distribution of education levels in the 'education_num' column"", ""Variety of country names in the 'native_country' column"", ""Mix of <=50K and >50K values in the 'income' column""]",tvae
61,2026-05-15T10:10:23.973518,groq,llama-3.1-8b-instant,C2,SYNTHETIC,REAL,False,80,"The dataset appears to be real due to the presence of various statistical artifacts and patterns that are typical of real-world data. For instance, the distribution of the 'age' column is skewed, with a mean of 35.92 and a standard deviation of 12.02. The 'education_num' column also exhibits a non-normal distribution, with a mean of 10.31 and a standard deviation of 2.42. Additionally, the correlation matrix shows a moderate positive correlation between 'age' and 'capital_gain', as well as a moderate positive correlation between 'education_num' and 'capital_gain'. These patterns are consistent with real-world data and suggest that the dataset is not artificially generated.","[""The Shapiro-Wilk test indicates non-normality in several columns, including 'age', 'fnlwgt', 'education_num', 'capital_gain', and 'capital_loss'. However, this is not uncommon in real-world data and may be due to the presence of outliers or skewness.""]","[""The presence of a diverse range of values in the 'workclass' and 'occupation' columns suggests that the data is real and not artificially generated. The distribution of the 'income' column is also consistent with real-world data, with a majority of individuals earning <=50K.""]",tvae
62,2026-05-15T10:10:43.142971,groq,llama-3.1-8b-instant,C1,REAL,REAL,True,85,"The dataset appears to be a real census income dataset. The distribution of values in the 'income' column is consistent with a real dataset, with a mix of <=50K and >50K values. The 'education_num' column also shows a realistic distribution of education levels. Additionally, the 'native_country' column contains a variety of countries, which is consistent with a real dataset. However, there are some red flags, such as the lack of missing values and the uniform distribution of values in some columns.","['Lack of missing values in most columns', ""Uniform distribution of values in some columns (e.g., 'education_num', 'capital_gain', 'capital_loss')"", ""No outliers or anomalies in the 'income' column""]","[""Realistic distribution of education levels in the 'education_num' column"", ""Variety of countries in the 'native_country' column"", ""Mix of <=50K and >50K values in the 'income' column""]",tvae
63,2026-05-15T10:11:03.718276,groq,llama-3.1-8b-instant,C1,SYNTHETIC,REAL,False,85,"The dataset appears to be a real census income dataset. The distribution of values in each column is consistent with what would be expected from a real dataset. For example, the 'age' column has a mix of young and old individuals, the 'education' column has a variety of educational levels, and the 'income' column has a mix of individuals with different income levels. Additionally, the dataset contains a mix of different 'workclass' and 'occupation' categories, which is consistent with a real dataset. However, there are some minor red flags, such as the presence of some implausible value combinations, but these are not sufficient to conclude that the dataset is synthetic.","['Some implausible value combinations, such as individuals with high income and low education level', 'Some individuals with high capital gain and low capital loss']","[""The dataset contains a mix of different 'workclass' and 'occupation' categories"", 'The distribution of values in each column is consistent with what would be expected from a real dataset', 'The presence of some individuals with high income and low education level is consistent with real-world data']",tvae
64,2026-05-15T10:11:22.907111,groq,llama-3.1-8b-instant,C1,REAL,REAL,True,85,"The dataset appears to be a real census income dataset. The distribution of values in the 'income' column is consistent with a real dataset, with a mix of <=50K and >50K values. The 'education_num' column also shows a realistic distribution of education levels. Additionally, the 'native_country' column contains a variety of country names, which is consistent with a real dataset. However, there are some red flags, such as the lack of missing values and the uniform distribution of values in some columns.","['Lack of missing values in most columns', ""Uniform distribution of values in some columns (e.g. 'capital_gain' and 'capital_loss')"", ""No outliers or anomalies in the 'income' column""]","[""Realistic distribution of education levels in the 'education_num' column"", ""Variety of country names in the 'native_country' column"", ""Mix of <=50K and >50K values in the 'income' column""]",tvae
65,2026-05-15T10:11:58.399817,groq,llama-3.1-8b-instant,C2,REAL,REAL,True,85,"The dataset appears to be real due to the presence of various statistical artifacts and patterns that are typical of real-world data. For instance, the distribution of the 'age' column is skewed to the right, which is consistent with real-world age distributions. Additionally, the correlation between 'education_num' and 'hours_per_week' is moderate, which suggests a plausible relationship between these variables. Furthermore, the dataset contains a mix of categorical and numerical variables, which is typical of real-world datasets. However, there are some red flags, such as the high skewness in the 'capital_gain' and 'capital_loss' columns, which may indicate some data quality issues.","[""High skewness in 'capital_gain' and 'capital_loss' columns"", ""Non-normal distributions in 'age', 'fnlwgt', 'education_num', 'capital_gain', and 'capital_loss' columns""]","[""Moderate correlation between 'education_num' and 'hours_per_week'"", ""Presence of various categorical variables, such as 'workclass', 'marital_status', and 'native_country'"", ""Realistic distribution of 'income' variable, with a majority of individuals earning <=50K""]",tvae
66,2026-05-15T10:12:17.651313,groq,llama-3.1-8b-instant,C1,REAL,REAL,True,85,"The dataset appears to be a real census income dataset. The distribution of values in the 'income' column is consistent with a real dataset, with a mix of <=50K and >50K values. The 'education_num' column also shows a realistic distribution of education levels. Additionally, the 'native_country' column contains a variety of countries, which is consistent with a real dataset. However, there are some red flags, such as the lack of missing values and the uniform distribution of values in some columns.","['Lack of missing values in most columns', ""Uniform distribution of values in some columns (e.g., 'education_num', 'capital_gain', 'capital_loss')"", ""No outliers or anomalies in the 'income' column""]","[""Realistic distribution of education levels in the 'education_num' column"", ""Variety of countries in the 'native_country' column"", ""Mix of <=50K and >50K values in the 'income' column""]",tvae
67,2026-05-15T10:12:37.805847,groq,llama-3.1-8b-instant,C1,SYNTHETIC,REAL,False,85,"The dataset appears to be a real census income dataset. The distribution of values in each column is consistent with what would be expected from a real dataset. For example, the 'age' column has a mix of young and old individuals, the 'education' column has a variety of educational levels, and the 'income' column has a mix of individuals with different income levels. Additionally, the dataset contains a mix of different 'workclass' and 'occupation' categories, which is consistent with a real dataset. However, there are some minor red flags, such as the presence of some implausible value combinations, but these are not sufficient to conclude that the dataset is synthetic.","['Some implausible value combinations, such as individuals with high income and low education level', 'Some individuals with high capital gain and low capital loss']","[""The dataset contains a mix of different 'workclass' and 'occupation' categories"", 'The distribution of values in each column is consistent with what would be expected from a real dataset', 'The presence of some individuals with high income and low education level is consistent with real-world data']",tvae
68,2026-05-15T10:12:58.044501,groq,llama-3.1-8b-instant,C1,REAL,REAL,True,85,"The dataset appears to be a real census income dataset. The distribution of values in the 'income' column is consistent with a real dataset, with a mix of <=50K and >50K values. The 'education_num' column also shows a realistic distribution of education levels. Additionally, the 'native_country' column contains a variety of countries, which is consistent with a real dataset. However, there are some red flags, such as the lack of missing values and the uniform distribution of values in some columns.","['Lack of missing values in most columns', ""Uniform distribution of values in some columns (e.g., 'education_num', 'capital_gain', 'capital_loss')"", ""No outliers or anomalies in the 'income' column""]","[""Realistic distribution of education levels in the 'education_num' column"", ""Variety of countries in the 'native_country' column"", ""Mix of <=50K and >50K values in the 'income' column""]",tvae
69,2026-05-15T10:13:18.246887,groq,llama-3.1-8b-instant,C1,REAL,REAL,True,85,"The dataset appears to be a real census income dataset. The distribution of values in the 'income' column is consistent with a real dataset, with a mix of <=50K and >50K values. The 'education_num' column also shows a realistic distribution of education levels. Additionally, the 'native_country' column contains a variety of countries, which is consistent with a real dataset. However, there are some red flags, such as the lack of missing values and the uniform distribution of values in some columns.","['Lack of missing values in most columns', ""Uniform distribution of values in some columns (e.g., 'education_num', 'capital_gain', 'capital_loss')"", ""No outliers or anomalies in the 'income' column""]","[""Realistic distribution of education levels in the 'education_num' column"", ""Variety of countries in the 'native_country' column"", ""Mix of <=50K and >50K values in the 'income' column""]",tvae
70,2026-05-15T10:13:52.642868,groq,llama-3.1-8b-instant,C2,REAL,REAL,True,85,"The dataset appears to be real due to the presence of various statistical artifacts and patterns that are typical of real-world data. For instance, the distribution of the 'age' column is skewed to the right, which is consistent with real-world age distributions. Additionally, the correlation between 'education_num' and 'hours_per_week' is moderate, which suggests a plausible relationship between these variables. Furthermore, the dataset contains a mix of categorical and numerical variables, which is typical of real-world datasets. However, there are some red flags, such as the high skewness in the 'capital_gain' and 'capital_loss' columns, which may indicate some data quality issues.","[""High skewness in 'capital_gain' and 'capital_loss' columns"", ""Non-normal distributions in 'age', 'fnlwgt', 'education_num', 'capital_gain', and 'capital_loss' columns""]","[""Moderate correlation between 'education_num' and 'hours_per_week'"", ""Presence of various categorical variables, such as 'workclass', 'marital_status', and 'native_country'"", ""Realistic distribution of 'income' variable, with a majority of individuals earning <=50K""]",tvae
71,2026-05-15T10:14:26.348556,groq,llama-3.1-8b-instant,C2,SYNTHETIC,REAL,False,80,"The dataset appears to be real due to the presence of various statistical artifacts and patterns that are typical of real-world data. For instance, the distribution of the 'age' column is skewed, with a mean of 35.92 and a standard deviation of 12.02. The 'education_num' column also exhibits a non-normal distribution, with a mean of 10.31 and a standard deviation of 2.42. Additionally, the correlation matrix shows a moderate positive correlation between 'age' and 'capital_gain', as well as a moderate positive correlation between 'education_num' and 'capital_gain'. These patterns are consistent with real-world data and suggest that the dataset is not artificially generated.","[""The Shapiro-Wilk test indicates non-normality in several columns, including 'age', 'fnlwgt', 'education_num', 'capital_gain', and 'capital_loss'. However, this is not uncommon in real-world data and may be due to the presence of outliers or skewness.""]","[""The presence of a diverse range of values in the 'workclass' and 'occupation' columns suggests that the data is real and not artificially generated. The distribution of the 'income' column is also consistent with real-world data, with a majority of individuals earning <=50K.""]",tvae
72,2026-05-15T10:14:59.682463,groq,llama-3.1-8b-instant,C2,REAL,REAL,True,85,"The dataset appears to be real due to the presence of various statistical artifacts and patterns that are typical of real-world data. For instance, the distribution of the 'age' column is skewed to the right, which is consistent with real-world age distributions. Additionally, the correlation between 'education_num' and 'hours_per_week' is moderate, which suggests a plausible relationship between these variables. Furthermore, the dataset contains a mix of categorical and numerical variables, which is typical of real-world datasets. However, there are some red flags, such as the high skewness in the 'capital_gain' and 'capital_loss' columns, which may indicate some data quality issues.","[""High skewness in 'capital_gain' and 'capital_loss' columns"", ""Non-normal distributions in 'age', 'fnlwgt', 'education_num', 'capital_gain', and 'capital_loss' columns""]","[""Moderate correlation between 'education_num' and 'hours_per_week'"", ""Presence of various categorical variables, such as 'workclass', 'marital_status', and 'native_country'"", ""Realistic distribution of 'income' variable, with a majority of individuals earning <=50K""]",tvae
73,2026-05-15T10:15:20.026047,groq,llama-3.1-8b-instant,C1,REAL,REAL,True,85,"The dataset appears to be a real census income dataset. The distribution of values in the 'income' column is consistent with a real dataset, with a mix of <=50K and >50K values. The 'education_num' column also shows a realistic distribution of education levels. Additionally, the 'native_country' column contains a variety of countries, which is consistent with a real dataset. However, there are some red flags, such as the lack of missing values and the uniform distribution of values in some columns.","['Lack of missing values in most columns', ""Uniform distribution of values in some columns (e.g., 'education_num', 'capital_gain', 'capital_loss')"", ""No outliers or anomalies in the 'income' column""]","[""Realistic distribution of education levels in the 'education_num' column"", ""Variety of countries in the 'native_country' column"", ""Mix of <=50K and >50K values in the 'income' column""]",tvae
74,2026-05-15T10:15:41.324791,groq,llama-3.1-8b-instant,C1,SYNTHETIC,REAL,False,85,"The dataset appears to be a real census income dataset. The distribution of values in each column is consistent with what would be expected from a real dataset. For example, the 'age' column has a mix of young and old individuals, the 'education' column has a variety of educational levels, and the 'income' column has a mix of individuals with different income levels. Additionally, the dataset contains a mix of different 'workclass' and 'occupation' categories, which is consistent with a real dataset. However, there are some minor red flags, such as the presence of some implausible value combinations, but these are not sufficient to conclude that the dataset is synthetic.","['Some implausible value combinations, such as individuals with high income and low education level', 'Some individuals with high capital gain and low capital loss']","[""The dataset contains a mix of different 'workclass' and 'occupation' categories"", 'The distribution of values in each column is consistent with what would be expected from a real dataset', 'The presence of some individuals with high income and low education level is consistent with real-world data']",tvae
75,2026-05-15T10:16:00.482041,groq,llama-3.1-8b-instant,C1,SYNTHETIC,REAL,False,85,"The dataset appears to be a real census income dataset. The distribution of values in each column is consistent with what would be expected from a real dataset. For example, the 'age' column has a mix of young and old individuals, the 'education' column has a variety of educational levels, and the 'income' column has a mix of individuals with different income levels. Additionally, the dataset contains a mix of different 'workclass' and 'occupation' categories, which is consistent with a real dataset. However, there are some minor red flags, such as the presence of some implausible value combinations, but these are not sufficient to conclude that the dataset is synthetic.","['Some implausible value combinations, such as individuals with high income and low education level', 'Some individuals with high capital gain and low capital loss']","[""The dataset contains a mix of different 'workclass' and 'occupation' categories"", 'The distribution of values in each column is consistent with what would be expected from a real dataset', 'The presence of some individuals with high income and low education level is consistent with real-world data']",tvae
76,2026-05-15T10:16:34.168330,groq,llama-3.1-8b-instant,C2,SYNTHETIC,SYNTHETIC,True,80,"The dataset exhibits several statistical artifacts and implausible value combinations that suggest it is synthetic. 
   Firstly, the distribution of the 'age' column is highly skewed, with a mean of 35.92 and a standard deviation of 12.02, but the skewness is only 0.75, which is relatively low. 
   However, the Shapiro-Wilk test indicates that the 'age' column is non-normal (p=0.0). 
   This could be due to the presence of outliers or the dataset being generated from a non-normal distribution.
   
   Secondly, the 'capital_gain' and 'capital_loss' columns have extremely high skewness and kurtosis values, indicating that they are highly non-normal. 
   The Shapiro-Wilk test also confirms that these columns are non-normal (p=0.0).
   
   Thirdly, the correlation matrix shows several strong correlations between the 'age', 'education_num', 'capital_gain', and 'hours_per_week' columns. 
   This could be due to the presence of underlying relationships in the data, but it could also be a result of the dataset being generated from a model that tries to capture these relationships.
   
   Lastly, the 'native_country' column has a very low entropy value (0.042), indicating that it is highly concentrated around a single value (United-States). 
   This could be due to the dataset being generated from a model that tries to capture the underlying distribution of the data, but it could also be a result of the dataset being artificially generated.","[""Highly skewed and non-normal distribution of 'age' column"", ""Extremely high skewness and kurtosis values in 'capital_gain' and 'capital_loss' columns"", ""Strong correlations between 'age', 'education_num', 'capital_gain', and 'hours_per_week' columns"", ""Low entropy value in 'native_country' column""]","[""Presence of outliers in 'age' column"", ""Highly non-normal distribution of 'capital_gain' and 'capital_loss' columns"", 'Strong correlations between columns that could be due to underlying relationships or artificial generation']",tvae
77,2026-05-15T10:17:11.886669,groq,llama-3.1-8b-instant,C2,REAL,REAL,True,85,"The dataset appears to be real due to the presence of various statistical artifacts and patterns that are typical of real-world data. For instance, the distribution of the 'age' column is skewed to the right, which is consistent with real-world age distributions. Additionally, the correlation between 'education_num' and 'hours_per_week' is moderate, which suggests a plausible relationship between these variables. Furthermore, the dataset contains a mix of categorical and numerical variables, which is typical of real-world datasets. However, there are some red flags, such as the high skewness in the 'capital_gain' and 'capital_loss' columns, which may indicate some data quality issues.","[""High skewness in 'capital_gain' and 'capital_loss' columns"", ""Non-normal distributions in 'age', 'fnlwgt', 'education_num', 'capital_gain', and 'capital_loss' columns""]","[""Moderate correlation between 'education_num' and 'hours_per_week'"", ""Presence of various categorical variables, such as 'workclass', 'marital_status', and 'native_country'"", ""Realistic distribution of 'income' variable, with a majority of individuals earning <=50K""]",tvae
78,2026-05-15T10:17:45.434322,groq,llama-3.1-8b-instant,C2,SYNTHETIC,REAL,False,80,"The dataset appears to be real due to the presence of various statistical artifacts and patterns that are typical of real-world data. For instance, the distribution of the 'age' column is skewed, with a mean of 35.92 and a standard deviation of 12.02. The 'education_num' column also exhibits a non-normal distribution, with a mean of 10.31 and a standard deviation of 2.42. Additionally, the correlation matrix shows a moderate positive correlation between 'age' and 'capital_gain', as well as a moderate positive correlation between 'education_num' and 'capital_gain'. These patterns are consistent with real-world data and suggest that the dataset is not artificially generated.","[""The Shapiro-Wilk test indicates non-normality in several columns, including 'age', 'fnlwgt', 'education_num', 'capital_gain', and 'capital_loss'. However, this is not uncommon in real-world data and may be due to the presence of outliers or skewness.""]","[""The presence of a diverse range of values in the 'workclass' and 'occupation' columns suggests that the data is real and not artificially generated. The distribution of the 'income' column is also consistent with real-world data, with a majority of individuals earning <=50K.""]",tvae
79,2026-05-15T10:18:04.889968,groq,llama-3.1-8b-instant,C1,REAL,REAL,True,85,"The dataset appears to be a real census income dataset. The distribution of values in the 'income' column is consistent with a real dataset, with a mix of <=50K and >50K values. The 'education_num' column also shows a realistic distribution of education levels. Additionally, the 'native_country' column contains a variety of countries, which is consistent with a real dataset. However, there are some red flags, such as the lack of missing values and the uniform distribution of values in some columns.","['Lack of missing values in most columns', ""Uniform distribution of values in some columns (e.g., 'education_num', 'capital_gain', 'capital_loss')"", ""No outliers or anomalies in the 'income' column""]","[""Realistic distribution of education levels in the 'education_num' column"", ""Variety of countries in the 'native_country' column"", ""Mix of <=50K and >50K values in the 'income' column""]",tvae
80,2026-05-15T10:18:26.072787,groq,llama-3.1-8b-instant,C1,REAL,REAL,True,85,"The dataset appears to be a real census income dataset. The distribution of values in the 'income' column is consistent with a real dataset, with a mix of <=50K and >50K values. The 'education_num' column also shows a realistic distribution of education levels. Additionally, the 'native_country' column contains a variety of country names, which is consistent with a real dataset. However, there are some red flags, such as the lack of missing values and the uniform distribution of values in some columns.","['Lack of missing values in most columns', ""Uniform distribution of values in some columns (e.g. 'capital_gain' and 'capital_loss')"", ""No outliers or anomalies in the 'income' column""]","[""Realistic distribution of education levels in the 'education_num' column"", ""Variety of country names in the 'native_country' column"", ""Mix of <=50K and >50K values in the 'income' column""]",tvae
81,2026-05-15T10:18:59.468241,groq,llama-3.1-8b-instant,C2,SYNTHETIC,REAL,False,80,"The dataset appears to be real due to the presence of various statistical artifacts and patterns that are typical of real-world data. For instance, the distribution of the 'age' column is skewed, with a mean of 35.92 and a standard deviation of 12.02. The 'education_num' column also exhibits a non-normal distribution, with a mean of 10.31 and a standard deviation of 2.42. Additionally, the correlation matrix shows a moderate positive correlation between 'age' and 'capital_gain', as well as a moderate positive correlation between 'education_num' and 'capital_gain'. These patterns are consistent with real-world data and suggest that the dataset is not artificially generated.","[""The Shapiro-Wilk test indicates non-normality in several columns, including 'age', 'fnlwgt', 'education_num', 'capital_gain', and 'capital_loss'. However, this is not uncommon in real-world data and may be due to the presence of outliers or skewness.""]","[""The presence of a diverse range of values in the 'workclass' and 'occupation' columns suggests that the data is real and not artificially generated. The distribution of the 'income' column is also consistent with real-world data, with a majority of individuals earning <=50K.""]",tvae
82,2026-05-15T10:19:19.742922,groq,llama-3.1-8b-instant,C1,SYNTHETIC,REAL,False,85,"The dataset appears to be a real census income dataset. The distribution of values in each column is consistent with what would be expected from a real dataset. For example, the 'age' column has a mix of young and old individuals, the 'education' column has a variety of educational levels, and the 'income' column has a mix of individuals with different income levels. Additionally, the dataset contains a mix of different 'workclass' and 'occupation' categories, which is consistent with a real dataset. However, there are some minor red flags, such as the presence of some implausible value combinations, but these are not sufficient to conclude that the dataset is synthetic.","['Some implausible value combinations, such as individuals with high income and low education level', 'Some individuals with high capital gain and low capital loss']","[""The dataset contains a mix of different 'workclass' and 'occupation' categories"", 'The distribution of values in each column is consistent with what would be expected from a real dataset', 'The presence of some individuals with high income and low education level is consistent with real-world data']",tvae
83,2026-05-15T10:19:54.218316,groq,llama-3.1-8b-instant,C2,SYNTHETIC,REAL,False,80,"The dataset appears to be real due to the presence of various statistical artifacts and patterns that are typical of real-world data. For instance, the distribution of the 'age' column is skewed, with a mean of 35.92 and a standard deviation of 12.02. The 'education_num' column also exhibits a non-normal distribution, with a mean of 10.31 and a standard deviation of 2.42. Additionally, the correlation matrix shows a moderate positive correlation between 'age' and 'capital_gain', as well as a moderate positive correlation between 'education_num' and 'capital_gain'. These patterns are consistent with real-world data and suggest that the dataset is not artificially generated.","[""The Shapiro-Wilk test indicates non-normality in several columns, including 'age', 'fnlwgt', 'education_num', 'capital_gain', and 'capital_loss'. However, this is not uncommon in real-world data and may be due to the presence of outliers or skewness.""]","[""The presence of a diverse range of values in the 'workclass' and 'occupation' columns suggests that the data is real and not artificially generated. The distribution of the 'income' column is also consistent with real-world data, with a majority of individuals earning <=50K.""]",tvae
84,2026-05-15T10:20:14.420270,groq,llama-3.1-8b-instant,C1,SYNTHETIC,REAL,False,85,"The dataset appears to be a real census income dataset. The distribution of values in each column is consistent with what would be expected from a real dataset. For example, the 'age' column has a mix of young and old individuals, the 'education' column has a variety of educational levels, and the 'income' column has a mix of individuals with different income levels. Additionally, the dataset contains a mix of different 'workclass' and 'occupation' categories, which is consistent with a real dataset. However, there are some minor red flags, such as the presence of some implausible value combinations, but these are not sufficient to conclude that the dataset is synthetic.","['Some implausible value combinations, such as individuals with high income and low education level', 'Some individuals with high capital gain and low capital loss']","[""The dataset contains a mix of different 'workclass' and 'occupation' categories"", 'The distribution of values in each column is consistent with what would be expected from a real dataset', 'The presence of some individuals with high income and low education level is consistent with real-world data']",tvae
85,2026-05-15T10:20:33.676451,groq,llama-3.1-8b-instant,C1,SYNTHETIC,REAL,False,85,"The dataset appears to be a real census income dataset. The distribution of values in each column is consistent with what would be expected from a real dataset. For example, the 'age' column has a mix of young and old individuals, the 'education' column has a variety of educational levels, and the 'income' column has a mix of individuals with different income levels. Additionally, the dataset contains a mix of different 'workclass' and 'occupation' categories, which is consistent with a real dataset. However, there are some minor red flags, such as the presence of some implausible value combinations, but these are not sufficient to conclude that the dataset is synthetic.","['Some implausible value combinations, such as individuals with high income and low education level', 'Some individuals with high capital gain and low capital loss']","[""The dataset contains a mix of different 'workclass' and 'occupation' categories"", 'The distribution of values in each column is consistent with what would be expected from a real dataset', 'The presence of some individuals with high income and low education level is consistent with real-world data']",tvae
86,2026-05-15T10:20:53.031985,groq,llama-3.1-8b-instant,C1,REAL,REAL,True,85,"The dataset appears to be a real census income dataset. The distribution of values in the 'income' column is consistent with a real dataset, with a mix of <=50K and >50K values. The 'education_num' column also shows a realistic distribution of education levels. Additionally, the 'native_country' column contains a variety of country names, which is consistent with a real dataset. However, there are some red flags, such as the lack of missing values and the uniform distribution of values in some columns.","['Lack of missing values in most columns', ""Uniform distribution of values in some columns (e.g. 'capital_gain' and 'capital_loss')"", ""No outliers or anomalies in the 'income' column""]","[""Realistic distribution of education levels in the 'education_num' column"", ""Variety of country names in the 'native_country' column"", ""Mix of <=50K and >50K values in the 'income' column""]",tvae
87,2026-05-15T10:20:55.762996,groq,llama-3.1-8b-instant,C2,SYNTHETIC,ERROR,False,-1,"Error code: 429 - {'error': {'message': 'Rate limit reached for model `llama-3.1-8b-instant` in organization `org_01krk5et2dekda93ej9sg8bpr9` service tier `on_demand` on tokens per day (TPD): Limit 500000, Used 499396, Requested 3605. Please try again in 8m38.5728s. Need more tokens? Upgrade to Dev Tier today at https://console.groq.com/settings/billing', 'type': 'tokens', 'code': 'rate_limit_exceeded'}}",[],[],tvae
88,2026-05-15T10:20:58.494562,groq,llama-3.1-8b-instant,C2,REAL,ERROR,False,-1,"Error code: 429 - {'error': {'message': 'Rate limit reached for model `llama-3.1-8b-instant` in organization `org_01krk5et2dekda93ej9sg8bpr9` service tier `on_demand` on tokens per day (TPD): Limit 500000, Used 499380, Requested 3624. Please try again in 8m39.0912s. Need more tokens? Upgrade to Dev Tier today at https://console.groq.com/settings/billing', 'type': 'tokens', 'code': 'rate_limit_exceeded'}}",[],[],tvae
89,2026-05-15T10:21:01.226234,groq,llama-3.1-8b-instant,C2,SYNTHETIC,ERROR,False,-1,"Error code: 429 - {'error': {'message': 'Rate limit reached for model `llama-3.1-8b-instant` in organization `org_01krk5et2dekda93ej9sg8bpr9` service tier `on_demand` on tokens per day (TPD): Limit 500000, Used 499364, Requested 3598. Please try again in 8m31.8336s. Need more tokens? Upgrade to Dev Tier today at https://console.groq.com/settings/billing', 'type': 'tokens', 'code': 'rate_limit_exceeded'}}",[],[],tvae
90,2026-05-15T10:21:03.986835,groq,llama-3.1-8b-instant,C1,SYNTHETIC,ERROR,False,-1,"Error code: 429 - {'error': {'message': 'Rate limit reached for model `llama-3.1-8b-instant` in organization `org_01krk5et2dekda93ej9sg8bpr9` service tier `on_demand` on tokens per day (TPD): Limit 500000, Used 499349, Requested 2210. Please try again in 4m29.3952s. Need more tokens? Upgrade to Dev Tier today at https://console.groq.com/settings/billing', 'type': 'tokens', 'code': 'rate_limit_exceeded'}}",[],[],tvae
91,2026-05-15T10:21:06.649379,groq,llama-3.1-8b-instant,C1,REAL,ERROR,False,-1,"Error code: 429 - {'error': {'message': 'Rate limit reached for model `llama-3.1-8b-instant` in organization `org_01krk5et2dekda93ej9sg8bpr9` service tier `on_demand` on tokens per day (TPD): Limit 500000, Used 499333, Requested 2217. Please try again in 4m27.839999999s. Need more tokens? Upgrade to Dev Tier today at https://console.groq.com/settings/billing', 'type': 'tokens', 'code': 'rate_limit_exceeded'}}",[],[],tvae
92,2026-05-15T10:21:09.321985,groq,llama-3.1-8b-instant,C1,REAL,ERROR,False,-1,"Error code: 429 - {'error': {'message': 'Rate limit reached for model `llama-3.1-8b-instant` in organization `org_01krk5et2dekda93ej9sg8bpr9` service tier `on_demand` on tokens per day (TPD): Limit 500000, Used 499317, Requested 2036. Please try again in 3m53.7984s. Need more tokens? Upgrade to Dev Tier today at https://console.groq.com/settings/billing', 'type': 'tokens', 'code': 'rate_limit_exceeded'}}",[],[],tvae
93,2026-05-15T10:21:12.045690,groq,llama-3.1-8b-instant,C2,SYNTHETIC,ERROR,False,-1,"Error code: 429 - {'error': {'message': 'Rate limit reached for model `llama-3.1-8b-instant` in organization `org_01krk5et2dekda93ej9sg8bpr9` service tier `on_demand` on tokens per day (TPD): Limit 500000, Used 499301, Requested 3605. Please try again in 8m22.1568s. Need more tokens? Upgrade to Dev Tier today at https://console.groq.com/settings/billing', 'type': 'tokens', 'code': 'rate_limit_exceeded'}}",[],[],tvae
94,2026-05-15T10:21:14.765887,groq,llama-3.1-8b-instant,C2,REAL,ERROR,False,-1,"Error code: 429 - {'error': {'message': 'Rate limit reached for model `llama-3.1-8b-instant` in organization `org_01krk5et2dekda93ej9sg8bpr9` service tier `on_demand` on tokens per day (TPD): Limit 500000, Used 499286, Requested 3631. Please try again in 8m24.0576s. Need more tokens? Upgrade to Dev Tier today at https://console.groq.com/settings/billing', 'type': 'tokens', 'code': 'rate_limit_exceeded'}}",[],[],tvae
95,2026-05-15T10:21:17.497147,groq,llama-3.1-8b-instant,C2,REAL,ERROR,False,-1,"Error code: 429 - {'error': {'message': 'Rate limit reached for model `llama-3.1-8b-instant` in organization `org_01krk5et2dekda93ej9sg8bpr9` service tier `on_demand` on tokens per day (TPD): Limit 500000, Used 499270, Requested 3450. Please try again in 7m50.016s. Need more tokens? Upgrade to Dev Tier today at https://console.groq.com/settings/billing', 'type': 'tokens', 'code': 'rate_limit_exceeded'}}",[],[],tvae
96,2026-05-15T10:21:20.165598,groq,llama-3.1-8b-instant,C1,REAL,ERROR,False,-1,"Error code: 429 - {'error': {'message': 'Rate limit reached for model `llama-3.1-8b-instant` in organization `org_01krk5et2dekda93ej9sg8bpr9` service tier `on_demand` on tokens per day (TPD): Limit 500000, Used 499254, Requested 2217. Please try again in 4m14.1888s. Need more tokens? Upgrade to Dev Tier today at https://console.groq.com/settings/billing', 'type': 'tokens', 'code': 'rate_limit_exceeded'}}",[],[],tvae
97,2026-05-15T10:21:22.893868,groq,llama-3.1-8b-instant,C2,SYNTHETIC,ERROR,False,-1,"Error code: 429 - {'error': {'message': 'Rate limit reached for model `llama-3.1-8b-instant` in organization `org_01krk5et2dekda93ej9sg8bpr9` service tier `on_demand` on tokens per day (TPD): Limit 500000, Used 499239, Requested 3424. Please try again in 7m40.1664s. Need more tokens? Upgrade to Dev Tier today at https://console.groq.com/settings/billing', 'type': 'tokens', 'code': 'rate_limit_exceeded'}}",[],[],tvae
98,2026-05-15T10:21:25.607843,groq,llama-3.1-8b-instant,C2,SYNTHETIC,ERROR,False,-1,"Error code: 429 - {'error': {'message': 'Rate limit reached for model `llama-3.1-8b-instant` in organization `org_01krk5et2dekda93ej9sg8bpr9` service tier `on_demand` on tokens per day (TPD): Limit 500000, Used 499223, Requested 3424. Please try again in 7m37.4016s. Need more tokens? Upgrade to Dev Tier today at https://console.groq.com/settings/billing', 'type': 'tokens', 'code': 'rate_limit_exceeded'}}",[],[],tvae
99,2026-05-15T10:21:28.390183,groq,llama-3.1-8b-instant,C2,SYNTHETIC,ERROR,False,-1,"Error code: 429 - {'error': {'message': 'Rate limit reached for model `llama-3.1-8b-instant` in organization `org_01krk5et2dekda93ej9sg8bpr9` service tier `on_demand` on tokens per day (TPD): Limit 500000, Used 499207, Requested 3598. Please try again in 8m4.704s. Need more tokens? Upgrade to Dev Tier today at https://console.groq.com/settings/billing', 'type': 'tokens', 'code': 'rate_limit_exceeded'}}",[],[],tvae
