age,class_of_worker,education,marital_status,occupation,place_of_birth,relationship,hours_per_week,sex,race,income_above_50k
60,2,19,1,2074,94,0,40,1,1,0
21,1,15,5,7550,5,5,22,2,1,0
29,1,13,1,6233,122,1,28,2,1,0
58,4,21,5,3831,2,0,39,1,1,1
52,1,19,3,4723,52,0,31,2,1,0
40,1,13,1,6475,107,0,20,2,1,1
23,1,21,1,3234,43,0,42,1,1,0
30,1,22,1,1050,15,0,39,1,8,1
60,1,22,1,1980,2,0,25,1,1,1
67,1,15,3,8628,33,0,47,1,1,0
26,1,15,1,8118,133,6,8,1,1,0
58,1,21,1,1611,2,0,71,2,1,0
33,1,19,1,9641,20,15,33,1,1,0
61,1,23,5,2482,155,0,56,2,6,1
25,1,15,1,6445,57,6,57,2,2,0
19,1,13,3,2549,2,14,39,2,2,1
33,3,19,1,5876,5,11,40,1,1,0
23,3,20,1,2252,70,16,30,1,1,1
44,1,19,3,8302,7,9,1,2,9,0
53,5,13,1,6304,109,0,48,1,1,0
27,4,20,3,2784,121,0,29,2,1,0
46,7,20,5,6208,5,0,26,1,1,1
33,1,18,1,6642,2,0,6,1,1,0
42,1,19,5,6380,52,0,42,1,1,1
47,8,21,1,7289,29,0,46,2,1,0
29,1,20,1,4079,12,16,43,2,1,0
34,3,20,5,4884,10,14,30,2,1,0
51,6,18,1,1518,171,0,50,1,1,0
58,1,21,5,5807,47,0,49,2,1,0
40,3,10,1,4568,129,17,56,2,1,1
45,1,18,1,3904,11,0,29,1,1,0
30,1,20,1,2268,3,0,44,1,1,1
22,1,14,3,3218,94,0,30,2,1,0
32,2,18,1,1866,67,0,32,2,1,0
28,5,22,5,3002,203,0,60,1,6,1
32,1,20,1,4880,123,0,32,2,1,1
58,5,20,2,755,242,1,40,1,1,1
29,6,18,3,5264,22,0,41,1,1,1
25,1,22,5,848,52,16,28,2,1,1
81,3,23,1,1974,209,0,70,2,7,1
21,1,18,5,9133,12,0,33,2,1,0
40,1,10,1,1943,14,0,39,2,1,1
24,4,12,1,7388,417,0,4,2,6,0
26,1,15,5,3790,29,0,24,1,1,0
61,1,20,1,4771,69,0,36,2,6,1
61,3,20,1,263,9,0,47,2,2,1
60,1,21,1,2281,13,0,69,2,1,1
31,1,21,3,1717,36,0,35,1,1,1
25,3,22,5,4477,5,17,44,1,1,0
49,2,22,5,3991,2,0,24,2,1,0
32,2,19,1,6119,49,0,45,1,1,0
37,1,18,5,7736,10,3,28,1,1,1
46,1,21,1,1850,273,0,56,1,1,1
76,4,22,1,4863,57,0,44,1,1,1
36,7,21,1,804,93,0,20,1,1,0
53,1,17,1,1404,79,0,50,1,6,0
46,1,21,5,6088,15,0,10,2,6,0
19,1,19,5,451,22,0,21,1,1,0
52,1,14,1,4977,66,0,43,2,1,0
31,1,16,5,8333,9,0,17,1,9,0
21,1,17,5,3917,58,17,25,2,1,0
59,1,20,1,1527,2,0,32,1,1,1
40,6,21,1,7191,33,0,37,1,1,0
45,1,12,5,8381,404,0,54,1,1,1
26,3,23,1,534,186,0,56,1,1,1
66,4,16,1,2144,138,0,53,1,1,1
55,5,18,1,8402,105,0,54,1,6,0
37,1,23,3,1962,1,8,37,1,1,0
31,5,22,5,5104,187,0,51,1,6,1
44,1,8,1,9633,29,0,23,2,1,0
60,1,15,1,8209,174,10,50,1,1,0
22,6,18,5,3097,286,2,9,2,1,0
43,1,21,1,680,40,0,41,1,1,1
40,1,13,1,9226,80,1,31,2,1,0
27,7,21,1,1874,71,0,9,2,2,0
44,5,18,1,7187,37,0,27,1,1,0
31,1,22,3,2586,1,0,15,1,1,0
77,1,19,1,6602,100,0,24,1,1,1
51,7,17,1,8630,32,0,48,2,1,0
42,1,20,1,8849,9,0,13,2,2,0
63,3,20,1,3829,12,0,31,2,1,0
44,3,19,1,9018,158,15,68,1,1,1
36,1,20,3,223,7,1,41,2,1,0
41,2,21,1,3574,2,10,59,2,1,0
56,1,21,1,2926,70,0,40,1,1,1
62,1,17,1,6777,4,0,23,1,1,0
32,1,13,3,4472,27,0,44,1,1,0
43,1,13,5,6347,120,8,37,2,1,0
28,6,17,3,7114,17,0,45,1,1,0
74,1,22,1,617,64,0,68,1,1,1
56,1,20,1,6654,43,0,27,1,1,1
36,6,22,1,8172,138,2,47,2,1,1
31,3,17,5,8418,92,0,26,1,1,0
65,1,18,1,2548,11,0,25,2,1,0
38,1,20,5,8249,31,5,34,1,1,0
66,7,22,1,3893,124,1,56,2,1,1
41,3,20,1,7213,5,17,45,1,1,0
60,3,17,3,6002,73,1,35,1,1,0
20,1,15,1,2808,42,0,20,2,8,0
76,1,19,1,6601,260,0,30,1,1,0
46,1,12,1,8543,99,17,10,2,1,0
32,4,18,5,7782,131,10,20,2,6,0
38,2,20,1,2240,2,16,59,2,1,0
37,1,17,5,6400,15,0,46,1,1,1
49,1,21,1,1681,80,0,59,2,1,1
67,2,20,4,223,151,0,54,1,1,0
49,2,21,1,2520,12,0,54,1,1,0
68,1,17,1,4980,4,0,23,1,1,0
44,3,19,1,1867,136,0,48,1,8,0
74,7,24,1,4830,71,0,63,1,1,0
19,1,17,5,2346,51,0,41,1,9,0
48,1,2,5,8836,6,0,30,1,9,0
21,3,23,1,2852,80,0,46,2,1,0
74,1,15,1,3732,32,0,26,2,6,0
29,1,17,1,6274,80,1,40,2,1,1
57,1,18,1,4000,121,0,29,1,1,1
34,1,18,1,8263,101,0,35,2,8,0
45,6,20,5,1867,216,0,52,2,1,0
35,1,16,5,5206,33,0,39,2,1,0
37,6,20,1,6167,40,0,32,2,1,0
62,5,16,1,352,18,0,44,1,1,0
39,1,18,3,3787,116,17,24,1,1,1
56,1,21,1,3737,93,0,61,1,1,1
70,1,19,1,1171,6,0,36,1,1,0
19,1,23,1,2335,23,0,27,2,1,1
18,1,16,1,8573,137,17,40,1,1,1
43,1,23,1,506,362,0,33,2,1,1
75,1,11,1,9220,40,0,41,1,6,0
39,7,22,1,8507,7,0,44,1,1,1
20,1,14,5,4669,47,11,38,1,1,0
19,1,14,3,9154,17,12,43,2,1,1
44,1,21,1,3004,2,0,46,1,6,0
42,4,14,5,3416,5,0,32,2,1,0
79,1,20,1,590,56,0,71,1,1,0
23,1,22,1,4146,3,0,58,1,1,0
57,6,21,5,416,13,5,70,1,1,1
92,1,18,1,1164,333,0,41,1,2,0
23,2,14,1,5527,2,16,48,1,1,0
33,1,18,5,6789,160,0,18,1,9,0
21,1,18,1,2213,83,0,38,2,1,0
28,1,18,1,4511,248,0,58,1,1,0
36,2,13,1,5637,117,0,37,2,2,1
44,2,19,1,2057,8,0,56,2,1,0
29,7,17,5,3082,129,0,21,1,1,1
31,1,5,5,4072,10,0,53,2,1,0
35,5,20,1,7836,222,17,36,2,1,0
54,1,16,1,9495,58,12,62,1,1,0
49,1,19,1,3024,61,12,34,1,1,0
67,3,23,2,151,2,0,44,1,1,0
33,1,20,1,2817,159,0,33,2,2,0
50,1,17,5,3249,32,0,35,2,1,0
18,6,22,5,8451,46,17,20,2,1,0
40,1,20,1,1682,95,0,52,1,2,1
78,4,24,2,1522,106,0,44,2,1,0
75,1,20,1,2361,92,0,45,2,1,1
54,3,19,1,2419,72,5,18,1,1,0
51,5,22,1,889,7,0,35,2,2,0
74,1,17,2,495,331,0,41,2,1,0
45,1,22,5,2692,7,0,49,1,2,0
44,1,19,1,1396,42,1,27,2,5,0
27,1,16,1,7620,13,0,51,1,1,0
29,1,16,5,4630,104,1,10,2,1,1
44,1,19,3,3250,40,0,41,2,1,0
71,1,21,4,9611,114,0,52,2,7,1
37,3,21,3,2564,19,0,8,2,1,0
47,3,20,5,5562,10,0,43,1,1,1
35,1,18,5,1019,99,0,56,2,1,0
43,7,22,5,1364,104,0,33,1,1,1
19,7,19,5,6320,12,14,34,2,1,0
43,7,22,1,3193,22,0,42,1,1,0
38,1,19,5,5269,105,0,28,2,1,0
24,1,18,5,7308,40,4,44,1,1,1
52,1,19,1,7634,6,0,41,1,1,0
78,1,18,1,4171,5,0,43,1,2,1
42,4,16,3,2600,9,0,50,1,1,1
48,1,19,5,1264,59,0,38,2,1,0
71,1,20,1,4269,2,0,49,1,1,1
38,1,20,3,2439,174,5,36,2,1,1
70,4,19,3,1030,126,0,57,1,1,1
51,4,22,5,964,209,0,32,2,1,0
36,3,18,5,2480,37,0,45,1,1,0
75,7,21,1,161,75,0,44,2,1,1
39,1,22,3,4156,301,0,33,2,1,1
21,6,14,5,9067,71,0,42,2,1,0
29,1,22,1,3285,332,0,28,2,9,0
41,2,15,3,4121,104,16,59,1,1,0
25,1,16,5,4421,9,0,35,1,1,0
33,1,22,3,881,36,0,20,2,1,1
35,1,17,5,3027,259,0,4,1,2,0
72,1,20,1,301,34,0,35,1,1,0
62,1,14,5,2258,275,0,48,1,1,0
18,1,22,5,8632,1,13,60,2,1,0
49,1,22,1,3512,101,0,45,2,2,1
40,1,19,1,5855,77,0,43,2,6,0
62,1,18,1,9618,193,0,48,1,1,1
57,3,24,5,777,17,0,36,2,2,1
48,1,13,5,3206,197,0,25,1,1,0
42,1,21,1,7283,39,0,42,2,2,0
43,1,22,3,274,50,0,34,1,8,1
54,1,21,1,4393,57,0,33,1,1,0
40,1,15,1,4043,75,0,45,1,8,0
41,1,24,3,214,1,0,42,2,1,1
53,5,20,2,5940,186,0,39,1,1,1
73,4,23,1,1926,24,0,30,2,1,0
27,1,17,5,2260,45,4,61,1,1,1
33,1,17,5,4771,34,0,45,1,1,1
44,7,18,3,3119,5,0,25,1,1,0
56,1,11,4,2961,1,4,56,1,1,0
43,4,23,4,3098,15,0,48,2,1,0
63,1,11,1,7617,2,3,42,1,1,0
50,1,17,1,7613,8,0,28,2,1,1
28,1,18,1,4094,37,0,27,2,1,0
78,1,19,1,8432,111,0,45,1,8,1
38,3,18,1,9222,19,3,33,2,1,0
31,2,19,5,6112,122,1,41,2,2,1
39,1,14,1,5957,131,0,59,1,1,1
68,1,19,1,7088,52,0,39,2,1,0
32,6,22,5,7113,72,12,28,1,1,0
36,1,18,5,3437,2,0,30,1,1,0
20,1,22,5,5477,1,0,28,2,1,1
55,3,22,1,4780,8,0,34,2,9,0
19,1,17,5,1179,29,0,38,1,1,0
38,1,14,5,3573,266,15,22,2,6,0
22,1,19,3,5643,67,0,36,1,1,1
36,5,19,5,5138,73,0,44,2,6,1
63,2,9,1,3054,77,0,57,1,1,0
58,1,16,1,5772,50,0,33,2,1,0
78,4,23,1,333,29,0,42,1,1,1
26,1,22,5,2518,68,7,34,2,2,0
34,1,18,1,2718,77,15,40,1,1,0
58,3,21,1,3006,10,2,36,1,1,0
54,1,19,1,6421,13,0,37,2,1,0
40,3,18,1,6280,84,0,36,2,1,0
44,1,22,5,711,3,0,27,2,1,1
26,1,20,3,2891,248,0,31,2,6,0
66,3,19,1,1543,8,0,24,2,1,0
63,1,22,1,57,105,0,14,2,1,0
23,1,13,5,2556,34,0,47,1,2,0
48,1,21,3,5093,6,0,48,2,1,1
45,1,19,1,185,118,0,34,1,1,1
37,1,18,1,4804,316,0,34,1,8,0
39,1,16,1,3841,109,0,63,2,2,0
32,1,17,3,6902,24,0,16,1,2,0
32,1,17,5,7485,23,0,42,1,1,0
56,1,16,3,2791,56,0,46,2,1,0
44,1,19,3,2152,58,0,32,2,1,1
82,6,19,4,3929,22,0,38,1,1,0
25,1,19,5,4032,172,1,22,2,1,0
60,1,21,1,759,2,0,62,1,1,1
49,1,15,5,5584,74,0,28,2,8,0
69,1,19,1,8604,8,0,63,1,2,1
77,1,20,1,2924,44,0,32,2,1,0
44,1,13,1,2575,49,1,31,1,1,0
62,1,17,1,1884,56,0,66,2,2,0
39,3,22,5,4671,52,0,30,2,1,1
40,1,24,5,5972,157,0,5,2,1,0
54,5,21,1,6112,1,0,38,1,1,0
51,3,18,1,7581,181,0,59,1,1,1
39,1,20,3,7425,20,16,49,2,2,0
56,1,19,1,6721,173,15,42,1,1,1
25,1,16,1,1713,39,0,49,1,1,1
25,2,19,3,914,6,2,17,1,2,0
47,1,19,1,9158,116,0,62,1,1,0
28,1,22,1,2516,10,2,64,2,1,0
20,1,18,5,7031,5,15,39,1,1,1
40,4,15,5,4438,50,0,48,1,1,0
38,8,17,1,1367,176,0,25,1,1,0
50,4,21,1,5501,45,0,57,1,1,0
31,6,22,3,2223,3,1,22,1,1,0
33,1,19,1,3714,82,0,45,1,1,0
50,1,23,1,548,16,0,60,1,1,1
17,1,15,5,2046,82,1,31,1,1,0
36,1,19,5,877,15,0,24,2,1,0
26,1,21,3,5759,8,0,46,2,1,0
37,3,11,5,8664,56,17,42,1,1,0
30,1,17,5,5728,2,0,28,1,9,1
70,1,20,1,6195,45,0,43,1,1,1
45,1,20,5,1557,10,0,17,1,2,0
50,1,17,5,2526,82,0,6,2,1,0
56,1,14,1,5864,10,0,33,1,1,0
76,3,19,1,765,11,0,38,2,1,1
44,1,17,1,6181,444,0,30,1,1,0
23,6,21,5,226,29,0,34,1,2,0
60,2,12,1,3042,94,0,26,1,1,1
27,6,21,5,1559,1,0,39,2,1,1
50,1,18,1,6758,138,0,47,2,1,1
38,1,16,1,2763,7,0,21,1,6,1
22,1,18,1,5622,92,15,29,2,8,0
36,1,18,5,6242,1,0,64,1,1,0
53,7,21,1,1593,12,0,39,1,1,1
28,4,17,1,5324,432,1,49,1,1,1
38,1,19,1,1928,89,0,35,2,1,0
28,1,16,5,7626,297,0,30,2,1,0
28,1,16,1,5465,36,11,21,2,1,0
49,2,14,5,3548,57,0,36,2,1,0
42,1,12,1,6610,53,15,42,1,1,0
38,1,19,1,2944,121,0,23,2,1,1
26,6,18,1,5325,71,0,42,1,1,0
60,2,19,4,2055,48,0,27,1,6,0
89,1,21,1,8200,32,0,45,1,1,0
29,1,18,1,1362,2,0,43,2,1,1
77,3,22,1,4753,46,0,15,1,1,0
60,6,21,5,5198,32,1,56,2,1,1
29,6,20,5,879,18,8,66,2,1,1
31,1,14,5,9780,1,14,38,1,1,0
42,6,19,1,602,13,0,39,1,2,1
23,5,19,3,1847,53,0,44,1,2,0
55,4,23,1,6236,130,0,36,2,2,0
55,2,20,1,6452,164,10,32,1,2,0
42,7,23,1,876,43,0,17,1,1,1
52,4,21,5,332,121,3,30,2,1,0
32,6,21,5,1557,97,0,45,1,9,0
28,3,23,5,5391,101,0,10,1,1,0
46,1,16,1,4408,19,5,34,1,1,1
67,1,21,1,7664,92,0,31,2,1,1
31,1,18,5,2703,73,0,53,1,1,0
30,1,21,5,77,208,0,39,1,2,1
59,1,15,1,5767,126,0,49,2,2,1
30,1,18,3,1890,2,0,48,1,2,0
30,7,22,5,3680,2,1,28,2,1,0
35,1,22,1,596,191,0,13,2,1,0
55,1,18,4,8807,2,0,50,2,1,1
48,1,18,4,3205,249,14,55,2,1,1
30,1,16,3,3489,4,0,39,1,1,0
26,1,10,5,6403,11,0,33,2,1,0
75,1,22,1,826,252,0,37,2,2,1
24,1,16,5,1834,33,16,21,1,1,0
28,1,17,5,1298,229,5,16,1,1,0
46,1,17,3,7238,56,0,44,2,1,0
20,1,17,1,2245,11,17,44,2,1,0
33,1,17,5,2546,12,6,47,1,1,1
23,1,18,5,1887,162,0,41,1,1,0
32,1,22,1,628,22,0,51,2,1,1
72,1,21,2,5258,29,0,33,2,1,1
52,1,16,1,1086,20,0,54,1,1,0
47,3,19,1,2858,102,0,40,1,1,1
48,1,16,3,7298,21,1,39,2,1,1
50,3,23,1,3479,2,0,26,2,1,0
42,1,22,1,1927,23,0,25,2,1,0
44,1,19,1,3937,132,1,38,1,2,0
26,3,20,1,7650,39,1,21,2,1,0
59,1,19,3,1774,34,0,30,2,1,0
33,1,21,3,3259,28,0,27,2,1,0
34,6,20,3,176,11,0,39,1,1,0
29,1,16,1,2590,14,0,45,2,1,0
61,3,21,1,1806,2,16,32,2,1,0
28,1,19,1,3330,69,0,41,1,1,0
56,1,20,1,3162,125,0,49,1,1,0
28,1,15,5,5347,42,16,13,2,1,1
21,1,11,1,5865,75,0,30,1,6,0
31,1,20,1,7167,128,0,46,1,1,1
31,1,14,1,5573,138,0,30,2,1,0
71,1,14,1,9185,44,0,54,1,1,0
45,1,19,1,2952,146,0,46,1,1,1
53,1,22,3,555,65,16,46,1,1,1
29,1,21,1,4602,161,0,21,2,1,0
60,1,22,1,872,37,0,17,2,1,0
36,4,18,3,1459,47,0,57,1,1,1
28,1,20,1,91,45,0,31,2,1,0
28,1,16,1,4417,89,2,35,1,1,1
63,3,20,3,5482,65,1,59,1,1,0
47,8,21,2,8399,1,0,38,1,1,0
46,3,17,5,9191,245,0,37,2,1,0
35,1,18,1,7874,3,2,36,2,1,0
48,4,17,5,5613,1,0,40,2,1,0
32,1,13,5,3363,14,0,32,1,1,0
21,1,20,5,4270,6,0,36,2,1,1
31,4,21,5,3012,336,0,38,1,8,1
24,1,21,5,4204,29,14,51,2,8,1
34,7,16,3,1728,57,5,46,2,1,0
35,1,17,1,1337,234,0,31,2,1,0
36,6,22,1,90,57,0,39,2,1,1
32,1,22,1,3960,10,0,39,2,1,1
30,5,16,5,3405,84,14,37,2,1,0
47,1,19,1,7679,10,0,33,2,1,0
43,1,20,5,1172,13,0,42,1,1,1
38,1,21,1,2440,50,1,52,2,1,0
61,7,19,1,1139,79,4,31,2,1,1
68,1,18,1,45,33,1,47,2,1,1
26,1,22,1,5792,37,0,30,2,2,1
61,1,18,1,427,194,0,31,1,2,1
55,1,19,1,5321,12,0,42,1,1,0
24,1,20,5,1587,59,6,44,2,2,0
22,2,19,5,7894,8,0,10,1,1,0
29,6,20,5,6095,39,0,26,2,1,0
75,6,17,1,554,29,0,61,2,1,0
32,2,19,5,243,48,0,35,2,2,0
24,1,23,1,144,5,0,27,1,1,1
69,1,20,1,443,24,0,38,2,1,1
29,1,18,5,5586,3,6,22,2,1,0
68,1,21,1,5197,8,0,39,1,1,1
40,1,23,1,1741,57,0,27,2,1,0
39,1,19,1,7253,14,0,24,2,6,1
64,1,19,5,819,212,0,31,2,1,1
25,1,23,5,1451,7,3,33,2,1,0
63,5,20,1,7742,23,0,63,1,1,1
33,1,14,3,6365,10,0,35,1,1,0
49,1,21,1,1999,356,0,17,2,1,1
73,1,20,4,7052,73,0,45,2,1,1
27,6,13,1,8882,19,0,34,1,1,0
31,1,18,1,2978,29,0,38,2,1,0
58,1,17,1,6119,70,0,46,1,1,1
70,1,21,1,7377,15,0,27,2,1,1
44,5,19,1,1669,235,0,64,2,1,1
46,7,20,5,1982,2,0,19,1,6,1
42,1,23,5,949,48,0,21,2,1,1
36,2,14,1,4740,28,0,45,2,2,1
24,1,20,5,2435,8,0,26,2,6,0
27,4,21,5,6071,20,6,37,2,1,0
40,6,21,5,2624,1,0,29,1,1,0
35,2,20,3,6889,1,0,47,2,1,1
53,2,22,1,4723,22,2,7,2,1,0
52,1,19,1,5655,77,0,49,1,1,0
42,1,20,1,9512,113,0,45,2,1,0
45,6,20,1,5978,241,0,34,2,1,0
20,1,19,5,2931,25,0,38,2,9,0
49,1,15,1,5873,8,6,38,1,1,1
44,1,18,1,2816,159,0,22,2,2,0
59,8,18,5,664,45,7,54,1,1,0
43,1,17,1,4103,38,0,28,2,1,0
52,2,19,1,2399,74,0,61,2,1,1
32,1,17,5,2596,3,0,50,2,1,0
20,1,19,1,4944,92,3,15,1,1,0
57,4,24,1,959,87,0,41,2,1,0
40,1,22,1,9292,14,0,45,1,1,0
57,1,15,1,6332,2,0,58,1,1,1
41,6,19,3,8471,83,17,37,1,1,0
59,6,22,2,1804,1,0,26,2,1,1
53,3,23,1,2469,137,0,37,1,1,1
59,1,19,1,4519,18,0,53,1,1,1
44,1,21,5,1031,87,0,30,1,6,1
35,6,20,1,1811,455,0,24,2,1,0
64,1,23,3,868,65,0,36,2,1,1
19,1,18,1,3745,33,13,12,2,1,1
48,1,18,5,5088,97,17,26,2,1,0
51,1,16,1,5735,4,3,51,1,6,0
30,1,20,3,5472,133,0,24,2,1,0
26,1,13,5,1253,54,0,25,2,1,0
68,1,22,1,6072,139,0,32,2,1,1
35,6,20,1,6218,90,0,54,2,1,1
20,1,19,5,5668,327,5,36,2,1,0
44,1,21,2,7630,47,0,37,2,1,1
23,7,20,5,3973,21,16,51,1,1,0
41,1,20,5,1187,92,0,33,2,1,0
51,1,22,3,1486,39,12,32,1,1,1
26,1,18,5,8408,292,10,34,2,6,0
64,1,23,1,330,88,0,60,1,1,1
30,5,21,3,3082,20,0,39,2,1,0
25,1,12,5,5145,127,17,55,1,2,0
53,1,20,3,7838,78,0,38,2,1,0
22,1,21,1,8981,24,0,9,2,1,0
41,1,23,1,6570,88,0,55,2,8,1
53,3,16,1,4612,2,0,45,1,1,0
19,1,22,5,5746,27,3,35,2,1,0
39,5,21,3,4106,48,0,18,2,1,0
50,2,17,5,778,40,3,23,1,1,0
58,5,20,3,4785,69,0,21,2,1,0
81,1,22,1,1078,129,1,40,2,1,0
30,1,15,5,7712,20,0,36,1,1,0
34,1,13,5,8633,96,0,52,1,1,1
46,1,22,3,309,142,0,33,2,1,1
36,1,20,5,6337,13,0,48,1,1,0
41,3,23,1,7027,43,0,42,2,1,0
56,5,22,1,3836,197,0,63,2,1,1
43,1,20,1,7912,77,0,38,1,1,0
45,1,24,1,2946,6,0,49,1,9,0
32,1,12,1,7658,199,0,53,2,3,1
42,1,19,5,7461,321,17,39,1,1,0
25,1,22,5,5689,3,0,52,1,1,0
28,5,19,1,6545,14,0,25,1,1,0
29,1,19,5,9111,34,0,30,1,1,1
57,1,12,1,2783,29,0,37,2,1,1
24,1,11,5,6788,15,16,2,1,1,1
19,1,20,1,532,5,16,33,2,1,0
35,4,20,5,7414,11,0,36,1,1,0
26,1,17,5,464,1,0,39,2,1,0
43,1,20,5,59,58,0,55,2,1,1
60,1,21,1,246,6,0,43,1,2,1
61,1,14,4,9735,32,0,30,1,1,0
65,1,18,1,4213,65,0,40,1,8,0
72,1,20,1,6640,5,0,41,2,1,1
36,1,14,1,9027,79,0,47,2,1,1
52,1,20,1,3628,75,0,44,1,1,0
47,1,22,1,4059,64,0,56,1,1,0
18,7,16,5,3250,2,0,38,1,1,0
42,1,17,5,3490,137,0,37,2,1,0
24,2,20,5,7832,1,1,42,2,1,0
19,1,6,5,8735,59,2,26,2,1,0
83,6,23,1,98,211,0,51,1,1,0
64,1,22,5,1107,32,0,50,1,1,1
33,2,24,5,1556,29,1,42,2,1,0
21,1,19,5,6659,34,17,33,2,1,0
74,1,21,1,1929,112,0,51,2,1,0
19,6,20,1,3198,1,14,44,1,1,1
56,3,20,1,4813,54,0,26,2,1,0
65,1,20,1,5329,24,0,8,2,1,0
32,1,18,5,5379,21,0,48,1,1,0
43,1,17,3,4968,90,0,51,2,1,1
26,7,18,5,4741,44,0,39,1,2,0
31,1,13,4,9205,23,0,20,2,2,0
41,1,18,4,2417,94,0,24,2,1,0
23,2,11,5,2907,10,0,60,1,6,1
41,4,15,1,9263,82,0,35,1,2,0
58,3,19,1,6105,34,0,50,1,1,0
45,3,20,1,2270,48,0,32,2,1,0
38,2,20,1,2842,15,0,17,2,1,0
38,1,20,5,782,64,0,27,1,1,1
56,1,22,1,988,385,0,50,2,1,1
39,1,11,1,7692,48,0,47,2,1,0
74,1,14,3,4097,15,0,55,2,9,1
49,1,14,5,7954,37,2,39,2,1,0
42,2,20,5,1603,193,0,56,1,1,0
58,1,18,1,5389,50,0,69,2,1,1
34,1,18,5,3994,101,9,40,2,1,0
25,1,18,5,1976,211,0,45,1,1,1
36,1,19,1,5286,7,0,14,2,1,0
55,5,22,1,5452,554,5,52,2,1,1
74,1,20,5,101,138,0,55,1,1,0
72,6,21,1,3767,17,0,52,2,1,1
32,1,16,1,3858,7,0,48,2,1,1
44,1,19,5,5591,165,0,18,1,1,0
46,1,22,1,3098,5,1,41,1,1,0
72,1,19,1,1884,288,0,43,2,1,1
63,1,18,5,8472,46,0,53,1,1,1
42,4,19,5,4920,13,0,22,1,1,0
25,1,22,5,2747,207,5,22,2,1,0
46,1,14,3,9734,1,1,45,1,1,0
46,1,21,1,55,22,0,2,2,1,0
60,1,16,1,7835,8,0,46,2,1,0
41,1,22,5,6078,63,0,29,2,1,0
32,1,21,1,472,37,0,28,2,6,1
42,1,20,5,3220,52,0,45,2,1,0
27,1,20,1,359,86,0,47,2,1,0
70,1,18,1,1992,3,0,45,2,1,1
52,1,18,1,2332,49,0,25,2,1,0
39,1,19,3,3403,33,0,44,1,1,0
49,1,9,3,9300,20,0,29,1,6,1
54,1,21,1,4001,128,0,34,1,1,0
35,1,18,5,5969,328,0,40,1,1,0
34,1,15,5,2010,22,0,44,1,6,1
35,2,18,1,2740,64,5,43,1,1,1
31,2,15,1,1889,51,0,33,1,1,1
24,1,21,4,6566,18,0,46,2,1,0
33,1,19,1,9032,2,0,41,1,1,0
76,7,22,1,4607,40,0,43,2,1,0
61,7,22,1,2878,19,0,45,1,1,1
31,4,21,5,5067,73,0,18,2,1,0
28,2,15,5,7435,9,0,48,2,1,0
42,1,19,1,2245,190,0,21,2,1,1
21,7,20,1,5739,17,0,42,1,1,0
47,1,21,1,4383,48,0,33,1,1,0
77,1,18,3,3073,145,0,59,1,1,0
38,1,19,3,6770,43,0,23,1,1,0
42,2,16,3,6580,7,1,45,2,2,0
49,1,22,1,898,2,0,62,1,1,0
64,1,16,1,6624,39,0,54,1,6,1
29,1,21,5,4589,14,0,32,1,2,1
41,5,20,5,677,62,0,21,1,1,0
21,4,17,5,7968,15,0,58,1,2,0
39,2,23,5,5566,25,12,39,2,1,0
22,1,19,3,437,40,0,42,2,1,0
21,1,20,5,8367,7,0,32,1,1,0
46,1,20,5,2543,9,17,52,2,1,1
42,1,9,5,9812,78,7,29,2,1,0
55,1,18,1,2084,5,0,43,1,1,0
59,1,17,1,8340,1,0,40,2,8,1
47,3,21,1,3221,87,0,69,2,1,0
57,1,16,5,6190,105,0,36,1,1,0
37,1,16,3,9653,88,0,29,1,1,0
36,4,15,5,2575,71,0,35,1,1,1
47,2,23,1,5295,369,0,58,1,1,1
48,3,17,1,3250,97,3,40,2,1,0
46,7,23,5,37,22,0,44,2,1,0
29,1,23,1,4107,10,0,47,1,1,1
22,1,17,5,7713,87,8,50,1,8,1
24,1,14,1,6181,241,7,51,2,2,1
44,1,18,1,4067,138,0,36,1,6,1
64,2,21,3,4970,169,0,51,2,1,0
26,2,18,1,8737,8,7,19,2,1,0
48,1,22,1,3148,25,0,11,1,1,0
37,1,16,5,4344,63,4,59,1,1,0
73,1,13,4,1511,13,0,42,2,1,1
43,1,22,3,8624,173,0,42,1,1,0
30,1,17,1,6209,2,0,1,2,1,0
51,5,18,1,8115,68,0,29,1,1,1
23,1,16,5,5658,6,2,31,2,1,1
28,1,11,1,5469,197,0,8,2,1,0
60,1,22,1,630,100,0,40,1,1,1
84,2,19,2,2454,24,0,32,2,1,1
41,2,19,1,7099,172,0,48,2,2,1
77,3,14,2,3746,14,0,28,1,1,0
60,1,12,3,6941,101,0,29,1,6,1
18,1,18,5,3287,61,11,41,2,9,1
57,5,18,1,5897,116,0,17,1,8,1
29,1,18,1,7065,142,0,33,1,1,0
53,4,19,1,1396,126,11,37,1,1,1
34,1,22,5,5257,28,17,47,1,2,0
59,1,21,5,1204,1,0,17,1,1,1
43,1,14,5,8932,395,0,47,1,1,0
52,1,13,5,3995,42,3,51,1,2,0
49,1,18,1,5839,83,0,44,2,1,0
57,1,16,1,3030,28,0,60,2,1,0
34,1,22,5,543,144,0,46,1,1,1
62,1,22,1,6982,115,0,54,2,2,1
27,3,22,5,3075,43,6,56,1,1,1
32,1,14,5,7547,4,0,21,1,1,0
24,1,18,5,519,10,0,32,1,6,0
31,1,20,5,7446,156,0,52,2,1,0
60,1,19,1,2470,21,0,46,1,8,1
29,1,22,5,677,34,0,42,1,1,1
46,1,20,1,3037,152,0,33,1,1,1
56,1,17,1,415,248,0,47,1,1,0
37,1,17,1,8392,260,0,35,2,1,0
39,6,14,3,2785,9,1,41,2,1,1
20,1,15,5,5032,55,14,37,1,1,0
78,1,21,4,1377,107,0,33,2,1,0
49,1,16,5,8828,1,0,30,1,1,0
34,7,20,5,1360,148,0,30,2,1,1
35,7,19,1,7654,206,1,56,1,1,0
57,6,20,1,1017,167,0,36,2,1,0
22,1,21,5,7612,11,0,39,1,1,0
22,1,19,5,7952,116,0,12,2,1,0
39,1,20,1,4599,21,0,35,2,1,1
26,6,21,1,7980,19,12,13,2,6,0
73,1,20,1,6103,15,0,43,2,1,1
27,1,21,3,6133,19,2,30,1,1,0
51,1,16,1,4564,131,0,22,2,9,0
30,4,20,5,8367,152,0,40,2,1,1
19,7,20,1,1156,5,0,42,1,1,1
19,1,18,1,1579,45,1,42,2,2,1
23,1,16,5,915,2,0,14,2,6,1
34,5,22,5,6316,112,0,38,1,1,1
53,1,14,1,9774,35,17,44,1,1,1
54,6,22,3,4244,41,0,9,2,1,0
39,1,19,1,371,183,0,60,1,1,1
21,1,20,5,1898,184,4,23,2,1,0
54,1,18,1,7116,8,4,51,2,1,0
28,1,19,1,5211,54,0,11,2,1,1
42,1,20,1,3122,12,0,44,1,8,1
20,1,16,1,3979,82,0,8,2,8,0
51,6,19,1,8433,5,0,36,1,1,1
41,1,23,1,3500,81,0,34,1,1,1
34,1,17,5,4303,40,0,22,2,6,0
37,1,23,5,2905,15,0,47,1,2,0
43,1,19,1,2139,10,0,55,1,1,1
49,6,21,1,360,106,0,17,2,1,1
63,6,20,3,5983,96,0,36,2,1,0
42,1,20,1,5502,8,0,25,1,1,1
46,4,21,5,669,171,0,36,1,1,0
64,1,13,1,8468,2,0,50,1,1,0
27,3,17,1,4440,28,0,51,2,1,0
74,5,24,4,1857,64,0,38,1,1,1
53,1,14,1,3812,200,0,44,2,8,1
56,3,21,5,4921,24,0,33,1,6,1
35,1,17,1,8229,56,0,42,2,2,0
88,1,21,1,22,189,0,50,2,1,1
35,1,14,5,9788,25,0,32,1,1,0
21,4,22,5,6247,338,17,31,1,6,0
66,4,23,1,1289,45,0,36,2,1,0
29,3,16,5,8705,29,17,17,2,1,0
36,1,21,1,3190,340,0,57,2,3,0
34,1,11,1,8205,363,10,27,1,1,0
60,1,16,1,8777,13,0,24,2,1,0
55,1,22,3,1405,33,0,39,2,1,0
27,1,13,5,8661,46,1,26,1,2,0
62,1,19,3,1509,20,0,21,2,3,0
37,1,21,5,2243,231,16,41,1,1,1
22,1,18,5,1636,44,1,37,2,1,1
42,4,18,1,3447,115,0,38,2,1,0
23,1,16,5,4974,223,11,55,1,2,1
22,1,17,5,7104,168,14,37,2,1,0
63,6,21,1,980,6,0,32,1,1,1
62,1,22,1,4439,153,0,55,1,1,0
25,1,6,3,2828,75,6,17,2,1,0
33,6,21,5,9041,1,3,66,1,1,1
30,1,23,3,4440,226,0,48,1,5,1
52,1,15,3,9669,75,2,62,1,1,0
63,6,14,1,2927,53,1,39,2,1,1
28,1,22,5,265,33,0,63,1,1,0
46,1,20,1,7033,1,0,9,1,1,0
40,4,24,3,528,9,4,47,1,1,0
49,1,10,4,5952,83,0,29,1,1,0
42,1,20,5,8156,116,0,54,1,1,1
35,1,17,5,6109,25,0,43,1,8,0
34,1,16,1,2569,25,0,35,1,1,0
27,1,23,1,1912,1,0,32,2,1,0
72,7,15,1,6034,13,0,28,2,1,0
33,2,19,1,741,61,0,24,1,2,1
62,1,18,1,3353,1,0,41,1,1,1
24,1,22,1,401,53,8,29,2,1,0
35,6,19,5,5208,79,1,44,2,2,1
77,1,16,1,5234,67,0,23,1,1,1
45,1,19,1,2057,36,0,38,2,1,1
47,1,21,3,4153,156,0,39,1,1,0
52,1,22,5,2976,132,0,73,1,6,1
24,1,10,5,4912,39,17,23,1,1,0
72,1,23,1,2029,41,1,38,2,1,0
30,8,21,1,7058,60,0,35,1,1,1
24,1,19,1,782,50,0,33,2,1,1
53,2,20,1,5204,68,0,47,1,2,0
27,1,19,1,773,119,3,37,2,1,0
24,2,21,5,4344,13,0,48,1,1,0
47,6,21,5,3006,43,0,41,1,8,0
36,6,20,5,77,23,0,49,2,8,0
52,1,17,1,5061,47,17,26,1,1,0
50,2,18,4,5871,212,0,61,1,1,1
77,4,22,1,243,64,0,45,1,1,1
23,1,17,5,3659,9,0,39,2,1,0
40,1,19,1,7519,118,2,34,1,8,0
45,1,19,1,3777,35,0,27,1,1,0
44,2,20,5,9300,16,0,39,1,1,1
81,3,20,1,1894,10,0,59,1,1,1
64,1,23,1,1242,40,0,37,2,1,1
32,1,21,5,3440,40,0,36,1,1,0
63,1,18,3,7647,17,0,60,2,1,1
32,1,19,1,5276,93,0,50,1,1,0
66,7,15,1,2701,77,0,55,1,1,1
34,6,21,3,1660,41,1,30,1,1,1
45,1,19,1,3665,287,0,54,2,9,1
60,1,19,1,7321,21,0,36,1,1,0
35,5,22,5,3049,12,0,50,2,1,1
78,1,19,1,592,123,0,38,1,1,0
32,1,19,5,273,5,3,66,1,1,1
27,1,20,1,6348,19,15,68,1,1,1
61,1,18,1,2473,66,0,42,2,1,1
24,5,14,5,3905,41,14,41,2,2,1
50,1,14,3,9609,24,3,47,1,1,1
24,7,14,1,7234,3,0,44,1,1,0
35,1,18,1,6286,54,0,58,1,1,0
52,1,17,1,5991,7,0,46,1,1,0
31,1,18,1,2430,36,13,48,1,1,0
60,7,23,5,6708,20,0,14,1,1,0
39,1,18,5,8431,512,0,55,2,1,0
32,1,18,3,5942,33,0,36,1,2,1
67,6,22,1,2960,28,0,30,2,1,1
41,1,18,5,4858,225,0,15,2,6,0
53,1,10,1,1762,319,0,40,1,1,0
24,1,17,5,3424,58,0,48,1,1,0
52,1,9,1,8545,11,0,54,1,1,1
82,1,22,1,3797,11,0,42,2,1,1
32,1,16,1,8947,13,0,29,1,1,1
85,5,13,2,6361,77,0,47,2,6,1
49,1,19,1,2696,35,0,24,2,1,0
42,1,18,1,962,61,0,51,2,1,1
44,2,20,1,1739,1,0,53,2,1,1
63,1,19,2,6307,28,0,30,2,1,0
71,1,22,3,2843,470,0,39,1,2,1
31,6,19,1,6765,21,0,52,2,1,0
50,1,22,5,2458,135,0,44,2,1,1
24,1,18,1,328,77,1,49,2,1,0
54,2,24,1,3921,6,0,48,2,1,1
54,1,7,1,9650,188,17,41,1,1,0
44,1,23,5,513,23,0,41,2,1,1
41,6,19,5,311,335,0,23,1,1,0
32,1,22,5,5109,31,0,29,1,1,0
66,7,19,3,6078,40,0,60,1,1,0
32,1,16,1,2322,263,0,41,1,9,0
56,6,12,5,7968,132,0,40,1,2,0
50,7,22,1,2562,191,0,34,2,1,0
44,1,21,1,2354,24,1,49,2,1,1
52,2,18,1,581,83,0,53,1,1,1
36,1,11,3,6742,13,0,14,2,1,0
42,1,18,1,7149,7,0,32,1,1,1
33,1,22,5,508,12,0,25,2,1,1
59,1,21,5,1205,554,0,78,1,8,1
64,7,22,1,6490,42,3,47,1,1,0
80,1,15,5,3857,212,0,71,1,8,0
38,1,17,5,6108,197,0,46,1,1,1
27,4,21,1,1892,30,0,40,1,1,0
56,1,19,1,4987,11,0,50,1,1,1
22,2,16,3,5889,27,0,25,1,1,0
32,6,18,1,548,58,6,31,2,1,0
68,1,18,3,6208,72,0,37,2,1,0
56,1,16,3,6867,18,0,55,1,1,0
58,6,18,1,3553,44,0,29,1,1,0
80,1,22,1,3306,22,0,50,2,1,1
46,1,20,1,579,57,0,25,2,1,0
26,1,20,5,1136,5,0,31,2,1,0
53,1,20,3,6037,86,4,62,1,1,1
25,1,16,1,5645,15,17,50,2,2,0
51,2,20,1,6036,3,2,48,1,1,0
67,2,20,1,28,46,0,51,2,6,1
33,1,21,1,8361,61,0,34,1,1,1
35,1,15,5,3257,73,9,24,1,1,1
65,1,21,1,3204,134,0,60,2,1,1
34,1,12,1,9353,1,0,31,1,1,1
53,1,20,1,1689,40,0,46,1,1,0
25,1,21,5,7680,6,0,24,2,1,0
29,1,22,1,2436,12,0,47,1,1,0
48,1,17,3,1606,1,0,25,2,1,1
40,3,21,1,546,219,0,39,1,2,1
72,4,23,1,2276,114,0,47,2,1,1
61,3,20,1,4652,5,0,41,1,1,0
31,1,15,3,1161,173,0,40,1,2,1
30,2,23,1,5259,72,0,43,1,1,1
21,1,19,5,1275,17,0,40,1,1,0
31,3,22,4,1130,248,0,46,2,1,1
22,1,16,5,91,2,0,39,2,1,0
52,7,19,1,2152,25,0,28,2,1,0
48,1,17,1,3522,32,5,59,2,1,0
45,1,19,1,6229,5,2,46,2,1,0
47,1,17,3,3784,16,14,27,2,1,0
19,2,18,1,7824,40,16,38,2,1,0
64,1,21,2,1951,11,0,42,1,8,1
52,2,22,1,2459,4,0,57,1,1,1
21,1,20,5,249,14,0,20,2,1,0
58,1,18,1,7416,233,0,26,2,1,1
38,2,15,5,6781,5,0,48,1,1,0
42,5,12,1,8950,124,15,36,1,1,0
37,1,15,5,2955,30,1,26,1,1,0
24,2,17,3,4370,27,6,22,2,1,0
68,6,20,1,344,109,0,63,2,1,1
60,1,17,5,7242,29,10,29,1,1,0
39,1,18,1,2393,3,0,39,1,1,1
43,1,20,1,340,104,0,33,2,9,0
46,7,19,1,3819,55,1,28,2,1,0
40,1,16,1,6249,156,15,39,2,6,0
23,2,24,1,1420,53,0,46,2,1,0
60,1,18,1,3427,148,0,38,2,1,0
26,1,22,5,7106,18,0,41,2,1,0
30,1,19,1,4967,5,0,31,2,1,0
29,1,17,3,9165,27,11,27,2,9,1
24,2,16,5,6328,201,0,46,1,6,0
52,1,11,1,9674,90,14,34,2,1,0
77,1,22,1,2299,140,0,55,1,1,1
57,3,22,1,597,159,5,42,2,1,0
21,1,19,5,2448,42,0,34,2,1,1
67,2,19,4,5855,113,0,25,2,1,1
23,6,18,1,2353,279,11,29,2,1,0
37,1,23,1,1352,70,0,29,1,1,1
64,1,20,2,7277,203,0,34,1,1,0
20,3,19,5,8946,6,16,22,2,2,1
25,1,10,1,7250,4,4,28,2,1,0
41,6,16,5,5186,184,0,33,2,1,0
33,1,21,5,273,8,0,41,2,1,0
54,4,20,1,7083,95,0,38,1,1,0
41,2,19,1,2691,15,17,51,2,1,0
55,4,19,1,715,39,1,27,2,1,0
43,1,20,1,1078,52,15,41,2,1,0
23,2,18,1,5265,46,14,34,2,1,0
35,2,22,1,84,71,0,40,1,2,1
58,1,23,5,2772,52,0,49,2,1,1
18,1,18,5,1856,77,17,49,1,9,0
41,1,22,1,880,28,5,73,2,1,0
24,1,19,1,8288,3,5,28,2,1,0
30,2,17,4,5200,18,17,31,2,1,0
79,4,22,1,153,29,1,28,1,1,1
45,3,23,5,596,7,0,63,1,1,0
38,1,16,5,2837,139,0,26,1,1,0
27,1,16,5,8210,131,15,40,1,1,0
21,2,21,5,2258,7,2,22,2,1,0
78,3,17,5,7299,4,0,24,2,1,0
28,1,21,1,1342,33,8,50,1,1,0
69,1,19,1,3970,212,0,44,1,1,0
51,1,21,1,3528,111,0,40,1,1,1
21,2,18,5,5975,62,4,47,1,1,1
52,3,20,1,4370,70,0,58,1,1,0
61,6,18,1,4501,197,0,35,2,1,1
23,1,12,1,7367,85,0,27,1,1,0
57,1,21,1,6840,1,0,45,1,1,0
60,1,20,1,3334,8,16,31,2,1,0
45,1,20,1,6538,9,12,42,1,1,1
37,1,15,5,8527,19,1,43,1,1,0
38,1,21,1,5636,59,0,48,1,1,0
40,1,17,5,7105,16,0,59,1,1,0
60,1,20,1,6154,114,0,72,1,1,1
65,1,21,1,199,102,14,40,2,1,0
25,2,19,1,1197,277,16,19,2,1,0
46,1,19,5,166,63,0,43,2,1,1
35,1,22,5,4073,41,5,39,1,1,1
23,1,22,5,3929,137,17,40,2,1,1
45,1,20,4,4278,6,0,42,2,1,0
30,1,16,1,4034,40,0,45,2,1,0
24,1,13,5,7959,8,0,36,2,1,0
26,1,15,5,4828,131,0,63,1,1,1
26,1,21,5,872,28,0,16,2,6,0
64,5,16,1,2333,298,0,49,2,8,0
53,1,19,1,1459,120,0,39,2,1,1
44,1,21,1,536,2,2,17,2,2,0
58,6,17,1,3303,27,0,40,1,1,1
43,1,21,1,1863,14,0,25,1,1,0
25,1,14,1,5910,2,0,30,2,1,0
35,5,18,5,4117,14,17,26,1,1,0
26,1,18,3,9753,2,0,30,1,1,0
25,3,19,1,7713,31,0,26,2,1,1
19,2,17,5,4582,77,0,42,1,1,0
21,1,19,5,7279,36,2,32,1,2,1
42,1,23,5,620,11,0,50,2,1,1
58,1,19,5,3901,7,4,37,2,1,0
41,5,20,5,1899,1,2,44,2,1,0
39,2,21,1,1625,5,0,61,1,1,0
32,1,17,5,629,47,0,64,1,2,1
21,6,19,1,3783,43,0,31,1,1,0
69,3,22,1,239,12,0,43,1,1,1
44,1,22,1,922,13,0,50,1,1,1
58,1,18,1,8059,1,0,43,1,1,1
67,6,14,1,7006,49,0,49,1,1,1
49,4,19,1,7489,16,0,25,2,1,0
46,1,14,3,8290,56,0,46,1,8,0
43,1,20,3,301,37,0,29,1,1,0
36,1,18,1,2291,67,0,46,1,9,0
29,6,20,1,1553,89,1,41,1,1,0
50,1,17,1,436,130,14,41,2,1,1
67,1,17,3,3778,27,0,41,2,1,0
73,1,16,5,5701,186,0,47,1,1,1
36,1,19,5,3343,5,0,45,2,1,0
24,1,19,1,3571,3,6,45,1,1,0
34,1,21,5,7161,27,0,53,1,1,1
33,5,18,1,4928,2,0,32,1,1,0
33,4,18,5,4555,24,0,46,1,1,1
49,3,21,5,1612,84,0,21,1,1,0
36,2,17,1,5821,53,0,41,1,1,1
45,5,17,4,3921,3,0,45,1,1,1
30,1,20,5,5432,43,0,59,1,1,0
35,2,20,3,2332,10,1,45,1,2,0
47,4,20,4,1749,318,4,6,1,1,0
50,1,23,1,1664,82,0,51,1,1,1
61,1,18,1,4214,396,0,34,2,1,0
20,7,19,5,7033,4,1,21,2,1,0
38,1,17,5,1739,71,0,34,2,1,0
38,1,21,1,3603,1,0,28,2,1,1
80,2,20,1,2878,74,0,45,1,6,0
67,1,20,1,6784,125,0,44,1,1,1
27,1,23,1,23,56,0,33,2,1,1
49,1,21,5,2130,63,0,37,1,2,0
34,1,17,1,2021,119,2,27,2,1,0
51,7,20,5,137,103,0,33,1,8,1
35,6,20,1,4442,52,0,57,2,9,0
31,1,14,1,6039,90,0,31,1,1,1
44,3,11,3,1515,66,0,29,1,1,0
64,6,16,1,5225,6,0,53,2,1,1
40,1,19,5,5546,68,0,39,1,1,1
37,1,20,3,8318,253,0,52,1,2,0
41,1,23,1,982,2,0,44,2,1,1
24,1,15,1,1189,172,15,48,1,1,0
62,1,19,1,3838,12,1,40,2,1,1
59,1,21,5,8359,105,0,43,2,6,1
45,3,20,1,4942,116,0,41,1,9,0
44,2,21,1,2843,374,7,32,1,1,1
52,1,15,3,5567,242,0,39,2,1,0
65,3,20,1,4168,16,0,68,2,1,0
42,1,22,4,1750,116,0,75,1,1,1
71,1,22,2,6595,199,0,60,2,8,0
48,1,21,5,5545,49,0,40,1,1,0
22,6,22,1,5745,9,9,35,2,1,0
42,1,23,5,2608,105,0,50,1,1,1
22,1,19,5,4118,75,5,41,2,1,0
41,1,20,1,5255,3,0,35,1,1,0
30,2,23,3,1422,20,0,19,2,1,0
44,1,16,1,3040,19,0,16,1,1,0
49,1,22,3,190,223,0,26,2,2,0
54,6,24,1,975,3,0,40,1,1,1
41,1,18,1,4898,36,0,26,2,1,0
45,1,13,1,9719,111,17,32,1,2,0
46,1,16,5,7854,32,0,35,1,2,0
19,2,21,1,3255,203,0,56,1,1,0
25,1,18,5,2493,4,2,45,2,1,1
60,1,19,1,2664,4,0,48,1,2,0
26,1,17,3,8028,88,3,33,2,1,1
57,3,19,4,437,43,0,30,2,1,1
35,1,16,5,5371,8,0,15,2,1,0
75,5,20,1,62,67,0,50,1,1,1
68,1,17,3,6397,55,0,41,1,1,0
21,1,20,5,7876,8,0,30,1,1,1
50,3,12,1,9126,57,4,30,2,2,0
36,3,19,1,5532,15,0,39,1,1,1
43,1,20,1,4842,45,0,56,2,1,1
48,1,22,1,4429,96,0,44,1,1,1
35,1,21,1,3710,133,0,55,1,1,0
39,1,12,5,9291,388,0,57,2,1,0
43,1,21,1,3518,32,1,50,2,1,0
57,1,19,1,531,69,0,47,2,1,1
27,3,22,5,5251,1,0,39,2,1,0
48,3,21,1,9344,5,1,18,2,1,0
61,2,19,1,6365,6,0,30,1,1,0
68,4,21,2,8925,134,0,18,1,1,1
44,2,22,1,3736,1,0,27,2,1,1
51,2,19,1,1547,6,0,58,1,1,0
75,1,22,1,2974,208,0,61,1,1,0
27,1,19,5,4230,53,0,30,1,1,1
38,3,22,1,158,10,0,24,1,1,0
73,4,21,1,6687,2,0,20,1,2,1
42,2,23,1,1193,65,1,42,2,1,0
56,4,21,1,1271,89,0,50,2,1,0
33,1,17,1,2540,23,0,24,2,1,0
67,1,22,2,8275,1,0,52,2,1,1
54,7,23,1,1339,76,0,71,1,1,1
70,7,22,2,5764,145,0,59,1,8,1
35,1,17,1,3675,184,0,42,1,1,1
80,8,21,1,6453,67,0,53,2,2,1
35,1,19,5,2988,4,0,49,1,2,0
22,1,19,3,5302,49,0,48,1,1,0
27,1,17,5,6967,17,17,20,2,1,0
42,1,18,5,3911,7,6,32,2,1,0
59,1,14,5,9026,62,0,39,1,6,1
59,4,21,4,159,47,0,43,2,1,1
63,1,23,5,2288,8,0,36,2,1,1
67,1,19,4,2450,66,0,39,1,1,1
33,1,23,1,3865,17,0,50,2,1,0
62,5,19,1,4543,6,0,25,2,1,0
54,1,10,1,7718,205,0,39,1,9,0
25,1,20,1,3041,118,0,57,1,1,1
33,1,22,3,7511,22,2,44,1,1,0
26,3,17,5,802,10,0,38,1,9,0
29,1,17,5,709,56,1,43,1,1,1
37,7,21,1,957,63,0,23,1,1,0
26,1,18,3,2770,47,0,24,2,9,0
31,6,18,1,111,176,0,42,1,1,1
63,1,23,1,123,5,0,35,1,1,0
24,1,22,1,368,21,0,52,2,1,1
22,6,19,3,5698,31,2,30,1,1,0
50,1,22,1,2990,54,0,43,1,1,0
30,1,20,5,5370,242,6,24,1,1,0
34,6,17,5,3944,60,7,23,2,1,0
50,1,17,1,5685,78,0,49,2,4,1
37,1,18,5,1230,25,1,52,1,1,0
65,4,24,3,4185,159,0,51,1,1,1
23,4,12,5,7433,2,0,25,1,1,0
62,6,15,1,3586,51,0,59,1,1,0
41,4,16,1,6456,3,0,19,1,1,0
49,1,16,5,6367,141,0,37,2,1,0
53,1,16,3,8431,30,0,47,2,8,0
61,1,14,1,9130,200,0,45,2,1,0
55,3,22,1,1851,76,0,17,2,1,0
42,5,19,1,6762,311,16,22,2,6,1
19,1,15,5,3827,238,0,25,2,1,0
36,3,18,1,3003,340,0,55,1,1,1
70,6,19,2,4266,158,3,44,2,1,0
37,1,20,1,835,54,0,25,1,1,1
30,1,18,5,6451,242,0,36,2,8,0
50,6,20,1,6854,16,0,48,2,1,0
63,1,22,1,1298,22,0,56,2,1,1
44,1,20,1,4372,13,0,25,1,1,0
40,2,14,1,9762,112,7,32,1,1,0
20,1,14,5,6959,126,0,32,2,1,0
46,6,14,1,5321,114,0,51,1,1,0
27,3,21,5,3388,32,0,52,1,1,0
35,2,20,5,6141,50,0,48,2,8,0
24,1,18,5,3710,10,0,4,1,1,0
23,1,16,5,92,38,0,57,1,1,0
32,1,17,1,8770,73,2,30,1,1,0
59,5,13,1,7576,54,0,21,2,1,0
60,1,19,1,1283,166,0,45,2,6,1
29,4,20,5,4230,163,2,15,2,1,0
25,1,21,1,400,108,0,26,1,1,0
62,2,18,5,6328,70,0,39,1,1,0
53,3,18,1,2226,10,0,29,2,1,1
20,1,20,3,111,46,0,43,2,1,0
38,1,20,1,1885,15,0,29,2,1,0
23,1,14,1,3951,1,17,31,2,1,1
56,1,17,1,3092,14,0,36,1,1,0
49,6,17,3,3594,94,0,45,1,1,1
20,2,21,5,1716,10,0,20,2,2,0
60,4,15,5,1565,26,0,51,1,1,1
65,3,22,1,6873,17,0,28,1,6,0
22,1,13,5,4984,127,9,58,1,8,1
34,1,21,4,597,199,14,45,1,1,0
49,2,19,1,5254,107,0,38,1,1,0
60,1,18,1,4478,13,0,39,1,9,0
28,1,16,1,1924,38,0,44,1,2,0
65,1,12,1,6482,248,0,38,2,1,0
26,1,7,5,1241,41,2,42,1,1,0
30,1,20,3,326,14,0,44,1,1,0
47,1,18,1,3756,17,4,36,2,1,0
39,4,18,5,945,1,0,53,2,1,1
35,1,21,1,5024,12,11,33,1,1,0
68,1,22,1,870,8,0,53,2,1,0
37,1,16,1,1238,88,0,23,1,1,0
46,1,22,3,896,196,9,27,2,1,1
46,7,22,5,1965,71,0,31,2,1,0
22,2,14,5,8420,159,15,22,2,2,0
25,1,13,1,5008,12,0,34,1,1,0
30,1,18,1,4527,18,0,29,1,1,0
60,1,20,5,5313,81,1,27,2,1,0
60,1,22,2,5551,195,1,21,2,1,0
60,3,12,3,3317,20,0,29,1,2,0
34,1,15,5,2664,45,0,35,1,1,0
23,1,20,5,2607,57,16,26,2,1,0
44,2,15,1,2109,77,0,55,2,2,0
32,7,23,1,534,57,0,37,1,1,1
35,3,18,1,4844,124,0,40,1,1,1
40,4,18,1,757,78,0,44,1,1,1
67,1,17,1,6497,9,0,27,2,1,1
41,6,19,1,3093,92,1,30,2,1,0
55,3,16,1,6611,226,0,33,2,1,0
56,1,21,5,2197,25,0,34,2,1,1
37,1,14,3,7335,10,0,11,2,1,0
27,4,21,1,331,1,0,21,2,2,1
48,5,22,1,1102,145,3,54,1,1,1
32,1,16,1,3885,7,0,33,1,1,0
58,6,15,1,2572,17,0,43,1,2,1
50,1,14,1,64,63,4,49,2,1,1
70,6,20,1,961,1,0,29,1,1,0
27,1,18,1,5265,8,0,75,2,6,1
22,6,15,5,9322,40,17,17,1,2,0
60,1,17,1,5928,131,0,37,1,1,0
73,7,23,1,3299,63,0,38,1,1,1
32,1,21,1,4010,154,0,54,1,1,0
48,1,20,4,3109,24,0,49,1,1,0
28,1,21,5,2050,6,0,39,2,1,0
33,1,16,5,7846,12,0,12,1,6,0
59,2,19,1,4327,267,0,50,1,1,0
55,1,23,1,3489,18,0,50,2,1,1
51,1,20,1,679,19,2,35,2,1,0
37,1,21,3,5036,134,0,36,1,1,0
45,2,19,1,5883,16,0,53,2,1,0
26,4,19,3,871,9,6,30,1,1,0
67,7,20,2,3429,2,4,60,1,1,0
85,7,15,2,4039,25,0,18,1,1,0
32,1,16,5,9363,141,1,57,1,3,0
22,1,18,1,8387,8,11,38,1,1,0
55,1,17,4,7342,71,6,24,2,1,1
44,2,22,3,6737,33,0,40,2,8,0
42,1,20,1,2740,58,0,28,1,1,0
51,6,19,4,3661,89,0,50,2,1,1
50,1,20,3,5296,89,14,12,1,1,0
31,7,20,1,5684,249,0,22,1,9,0
28,4,23,1,1378,16,0,29,2,1,1
32,1,20,5,5392,35,2,49,1,1,0
83,1,14,1,3930,12,0,43,2,1,1
22,1,22,5,2913,5,0,37,1,1,0
24,1,21,3,705,155,0,29,2,3,0
25,1,21,1,3948,26,0,71,1,1,1
30,6,18,1,1193,12,0,53,1,1,0
30,1,11,1,3994,177,0,64,1,1,1
49,1,18,1,6123,30,0,40,1,1,0
32,1,19,5,2661,39,4,35,1,1,0
39,2,19,1,6963,41,0,37,1,2,0
42,1,12,1,4911,169,0,19,2,1,0
37,1,11,1,5590,41,0,34,2,1,0
47,3,24,1,4819,228,0,54,1,1,0
68,1,22,2,308,52,0,70,2,1,1
63,5,21,3,67,11,0,47,2,1,1
68,1,19,4,6356,113,0,43,2,6,0
28,6,19,5,485,15,0,47,1,1,0
23,1,19,5,7602,43,0,57,1,8,0
23,6,18,5,7465,36,0,48,2,1,0
26,1,20,5,3673,408,0,48,2,2,1
28,1,16,1,3251,35,11,58,2,1,0
27,1,20,5,2749,97,0,49,2,1,0
57,4,18,5,3463,5,0,32,1,9,1
39,1,19,5,1400,2,0,34,1,1,0
55,1,15,1,5431,3,0,46,2,1,0
19,2,13,1,9693,118,0,45,2,1,0
66,5,21,1,4431,90,0,42,1,1,0
26,1,14,3,9266,19,0,26,1,1,0
89,1,18,1,402,137,0,39,2,1,1
36,1,18,1,4527,41,0,57,2,1,0
35,1,21,3,2580,233,0,31,1,2,0
63,1,20,3,9174,155,15,41,1,6,0
55,2,22,1,3790,21,0,61,1,1,1
25,1,23,5,1259,11,0,40,2,1,1
44,3,19,5,1345,10,0,49,1,1,1
27,2,15,1,4496,204,0,30,1,1,0
34,1,20,1,6976,80,0,38,2,1,0
46,1,23,5,7794,11,15,22,1,1,0
61,4,21,1,5788,25,0,63,2,1,1
38,2,17,5,2052,2,0,33,1,6,1
42,1,21,3,4927,172,0,35,1,2,1
27,2,22,5,2448,11,0,37,1,1,0
58,5,16,1,4634,4,0,28,1,1,0
24,1,22,3,1487,3,0,27,1,1,0
37,3,20,1,118,67,3,32,2,1,1
39,3,19,1,6135,45,0,30,1,1,1
58,1,19,1,4212,50,0,57,1,9,1
35,3,19,3,3280,13,0,51,2,1,1
47,1,20,5,561,21,0,28,2,1,0
40,1,17,5,3226,2,7,56,2,1,0
28,1,22,3,3876,14,16,51,1,9,0
41,2,15,3,6404,7,0,24,2,1,0
38,7,24,1,1266,46,0,24,1,1,0
53,1,20,1,1690,21,0,51,2,1,1
51,4,19,4,5373,329,0,15,2,2,0
40,1,16,1,2397,5,0,41,1,1,0
61,1,21,2,1218,150,0,46,2,1,1
68,1,19,5,5521,126,0,29,2,1,0
47,1,15,1,7102,25,2,26,2,1,1
34,2,16,5,5412,24,0,51,2,1,0
49,1,22,5,2654,13,0,25,2,1,0
62,4,23,1,359,79,0,47,2,1,1
42,1,16,1,4568,60,0,38,1,1,1
52,6,20,5,672,47,0,43,1,1,0
47,2,16,1,2395,21,8,40,2,1,0
47,1,22,1,1547,219,3,37,2,1,0
80,2,22,1,514,109,0,48,1,1,1
77,1,19,1,7174,12,16,26,2,1,1
29,1,18,5,3086,144,7,65,1,1,0
48,7,22,5,3223,17,0,34,1,1,0
30,1,21,4,597,33,0,63,2,1,0
51,1,20,1,1039,280,1,39,1,1,0
48,1,19,1,7012,554,0,38,2,1,1
42,5,20,5,4463,148,0,19,1,1,0
45,3,19,3,7758,113,16,21,2,9,0
29,5,17,5,1700,262,0,51,1,1,1
44,3,21,5,1591,10,0,25,2,1,0
49,1,20,1,7959,12,16,32,1,1,1
27,5,17,1,6393,50,0,45,2,1,0
51,1,21,1,3588,17,0,23,2,1,0
42,7,22,1,7655,150,0,37,2,1,0
39,7,21,4,5561,42,0,35,2,1,1
46,1,17,1,4534,130,0,39,1,1,0
31,1,16,3,571,15,0,43,1,1,1
40,4,18,1,7294,80,0,66,1,1,1
43,1,20,3,2563,2,0,27,2,1,0
28,1,21,5,4606,10,0,46,2,2,1
43,1,22,5,8252,38,0,16,2,1,1
51,1,15,1,6200,257,1,61,1,9,1
23,1,14,5,9335,61,8,21,1,2,0
50,7,17,5,1858,40,0,37,2,1,1
21,1,15,5,7951,37,0,22,2,2,0
26,6,18,5,4299,25,14,44,1,1,0
24,1,19,5,4960,68,0,43,1,1,0
47,1,15,1,4788,108,0,37,2,1,0
37,1,19,1,9692,69,0,41,1,1,0
30,3,16,1,5078,490,0,52,2,3,1
36,4,23,1,3624,6,0,47,1,1,1
58,1,18,1,3083,96,0,28,1,1,1
37,1,15,3,8949,77,1,31,2,2,0
49,1,16,1,2435,451,15,47,1,4,0
51,1,19,2,6228,20,0,52,1,1,1
18,1,19,1,2957,17,1,19,2,1,1
63,1,21,1,1778,227,0,51,2,1,0
80,6,17,1,6574,25,0,47,2,1,0
31,2,15,5,8238,2,0,21,2,6,0
44,3,20,1,388,235,1,49,1,1,0
28,1,12,1,5859,5,0,43,1,1,0
33,6,17,5,3106,14,0,34,2,7,0
45,2,19,1,550,49,0,50,2,1,1
18,4,12,5,6817,39,1,32,1,1,0
36,6,21,5,263,258,0,69,1,1,0
24,7,22,1,7479,32,0,24,1,1,1
66,1,23,3,1778,9,0,45,2,1,1
54,1,12,1,7262,9,0,39,1,1,0
40,1,15,5,860,12,0,39,1,1,0
20,2,22,3,816,31,1,45,1,1,1
63,1,4,3,6039,411,0,25,1,2,0
41,1,17,1,8154,3,0,45,1,6,0
32,1,20,5,5890,1,1,34,1,1,0
22,1,24,3,5000,62,0,50,2,2,0
70,1,23,5,4167,35,0,37,2,1,1
43,1,21,5,9793,120,2,49,1,1,0
24,6,18,1,6254,51,0,57,2,1,1
60,1,20,1,6110,12,15,29,1,1,0
61,1,21,5,7301,36,0,44,2,1,0
32,6,14,5,4587,128,3,36,1,9,0
45,1,16,5,2311,309,1,36,2,8,0
34,6,17,3,9157,40,1,31,1,1,0
55,2,20,1,4714,44,0,30,1,8,0
52,4,18,1,1360,154,0,17,1,1,0
62,6,20,1,3267,41,0,38,2,1,0
37,1,23,1,31,13,0,60,1,1,1
30,1,20,1,4637,2,12,36,2,1,0
48,1,12,5,4148,5,0,44,1,1,0
69,1,22,1,6132,7,0,48,2,1,0
32,5,13,4,2344,265,12,6,1,8,0
49,1,18,1,2354,144,0,37,1,1,1
36,5,16,1,5883,46,2,33,2,1,0
59,1,22,1,5282,5,0,39,2,1,1
45,1,22,5,4160,10,0,41,2,1,0
18,1,21,5,8120,39,4,17,2,2,0
24,5,6,5,8531,109,0,35,1,1,0
81,1,13,3,6418,19,0,30,2,1,1
26,3,18,3,6840,33,0,27,1,1,0
19,5,22,5,4024,105,0,32,2,1,0
54,1,22,1,5040,261,0,39,1,1,1
48,6,18,1,3372,17,0,36,1,6,0
60,1,18,1,7034,1,0,32,2,1,0
57,3,18,3,1753,4,0,36,2,1,1
55,1,20,5,5816,33,5,35,2,9,1
48,6,23,1,987,6,0,44,2,1,0
47,6,20,3,3985,7,0,46,1,1,1
35,6,22,1,613,14,1,31,2,1,0
44,1,13,2,8642,89,0,36,2,1,0
32,1,19,5,1593,2,3,37,1,1,0
35,1,15,1,7423,148,0,46,2,1,0
77,4,18,4,8121,65,0,54,1,6,0
40,1,19,5,4832,26,0,47,2,1,0
34,1,19,1,2410,72,13,30,1,1,0
50,3,18,5,4764,197,0,40,2,1,0
42,1,23,5,1393,1,0,24,2,1,1
59,1,18,1,2490,133,0,47,1,1,1
53,1,22,1,4530,5,0,38,2,1,1
52,1,17,1,3573,110,0,38,1,1,0
86,1,12,1,5037,54,0,30,2,1,0
31,7,17,5,2263,475,0,40,2,3,0
19,1,12,1,8575,45,3,34,1,1,0
43,5,17,3,2882,34,0,58,2,1,0
45,2,22,1,8689,10,0,17,2,1,0
66,1,18,1,5954,10,0,23,2,1,0
61,2,19,3,3623,16,0,41,1,1,1
42,3,22,1,1861,2,0,48,1,1,1
22,2,20,1,3546,293,1,26,1,1,0
43,1,19,1,7059,18,11,36,1,1,1
70,6,19,3,1215,78,0,53,1,1,0
42,1,22,1,136,140,0,45,2,1,1
61,1,19,3,1474,6,0,25,2,1,1
25,1,14,3,724,65,0,38,2,2,0
46,4,22,3,4522,32,0,28,1,9,0
68,4,15,1,4681,14,0,26,2,6,0
63,3,21,5,517,116,0,35,1,2,1
34,5,12,1,8002,87,0,34,1,1,0
29,1,15,5,4286,259,0,28,1,1,0
50,1,20,1,4387,30,0,19,1,1,0
48,6,19,1,5043,85,0,43,1,1,0
36,3,22,5,7747,8,0,23,2,1,1
19,1,18,5,7244,104,3,17,2,1,0
68,4,20,1,861,122,0,35,2,1,0
53,1,20,1,7445,1,0,43,2,1,1
46,8,13,1,4358,17,13,32,2,1,0
41,1,9,1,5411,112,7,38,1,1,0
46,1,18,3,3740,153,0,48,1,1,0
44,2,21,1,2452,37,0,48,1,1,1
43,1,15,3,6291,112,0,27,1,2,0
69,1,18,1,1943,138,0,36,1,1,0
59,1,18,1,2194,16,0,46,1,1,1
34,1,16,5,2305,58,0,48,1,1,0
42,2,4,5,4769,319,0,36,2,1,0
59,1,18,1,3357,71,0,55,1,1,0
42,1,18,1,8933,46,0,18,1,2,0
28,1,18,5,2483,67,0,37,1,6,0
62,1,18,1,2734,209,2,39,2,2,1
24,1,14,5,8542,153,15,31,1,1,0
54,6,21,2,5174,127,0,43,2,1,0
46,2,21,5,2551,30,0,65,1,3,0
36,1,18,1,3093,46,9,33,1,1,0
20,1,15,1,6476,24,0,50,1,1,0
42,1,19,1,6145,59,6,38,2,1,0
53,4,10,4,4356,12,0,54,1,1,0
47,1,18,1,3716,27,0,42,2,1,0
27,1,17,5,1785,21,0,34,2,1,0
33,1,23,1,4439,151,1,39,1,1,1
73,1,21,1,662,12,0,19,1,1,0
32,1,19,5,9012,128,0,43,2,9,0
28,1,16,5,8780,225,15,15,1,2,0
49,1,15,5,6402,239,0,14,1,1,0
43,6,17,1,6827,8,0,47,1,1,1
58,6,21,1,5325,153,0,40,1,1,0
19,6,22,3,1615,6,0,24,2,1,0
58,6,21,1,1789,19,0,43,1,1,1
27,1,18,5,469,285,0,25,2,6,0
26,1,22,5,4553,137,0,34,2,1,0
23,1,10,1,2521,2,0,36,1,1,0
67,1,24,5,988,110,0,18,2,1,1
25,1,23,3,26,200,0,24,2,6,0
48,5,14,5,5452,171,0,24,1,1,0
39,1,19,3,5169,175,0,38,1,1,0
39,1,19,1,882,25,0,51,1,8,1
23,1,17,5,6195,13,14,24,1,1,0
20,1,13,5,7628,42,8,16,1,1,0
60,2,19,5,2878,2,0,44,2,1,0
69,5,23,3,32,257,0,59,2,1,1
72,1,17,1,8631,36,0,35,2,1,0
28,7,13,5,5828,34,1,17,2,1,0
84,1,21,1,5572,2,0,38,2,1,0
34,4,20,4,1529,32,0,57,1,1,1
49,1,18,1,7634,19,0,35,2,1,0
53,1,14,1,641,147,0,50,1,1,0
44,3,21,1,7973,96,0,44,2,1,0
27,1,20,1,1794,73,0,44,1,1,0
25,1,15,1,2171,23,1,52,1,6,0
54,1,16,5,4197,2,0,52,2,1,0
23,1,18,5,8055,74,9,66,2,6,0
24,3,8,1,6122,3,0,20,1,1,0
50,6,23,5,2620,68,0,44,2,1,1
43,1,23,1,1934,1,0,32,1,1,1
60,1,15,1,7907,11,0,49,1,1,0
48,1,19,1,2381,36,0,40,2,1,1
31,1,16,1,6245,129,0,46,1,1,0
45,5,17,3,1213,1,0,30,2,1,0
36,3,17,5,8372,15,0,22,1,1,1
26,1,18,1,4642,104,0,38,2,1,0
37,4,17,5,5021,66,2,30,2,1,0
66,1,19,4,5367,21,0,44,1,6,1
44,1,19,1,6804,12,0,27,1,1,0
71,1,18,3,1571,44,0,43,2,1,0
25,6,17,1,8795,13,0,18,2,1,0
26,1,21,1,1784,16,0,63,2,6,1
19,3,20,3,302,10,0,53,2,1,0
44,3,17,5,6977,38,0,33,1,1,0
64,1,8,2,9777,226,0,63,1,1,1
30,1,13,1,1020,64,0,35,1,1,1
57,1,20,1,2148,75,16,46,2,1,0
22,5,21,5,4578,207,15,31,1,1,1
64,3,18,1,1446,128,0,36,2,1,0
44,1,23,5,7437,367,0,61,2,1,1
71,5,23,5,1275,35,0,23,1,1,0
56,3,23,5,6744,2,0,48,2,1,0
33,4,13,5,4905,21,0,23,1,6,0
42,2,15,1,7004,14,0,31,2,1,0
48,1,16,1,2296,6,0,11,2,1,0
26,1,17,3,974,20,0,32,2,1,0
50,1,23,1,4435,173,0,89,1,1,1
22,1,22,5,4037,22,1,49,2,6,1
32,1,20,1,2789,99,0,32,1,1,0
44,1,22,1,2045,90,4,22,2,1,0
30,1,18,1,1296,3,0,36,1,1,1
53,7,19,1,3990,113,0,24,2,1,0
38,1,20,1,4981,131,0,24,2,8,1
54,1,19,1,7577,87,0,53,1,1,1
50,3,21,1,1096,61,0,31,2,2,1
64,1,14,3,1978,139,0,32,1,1,0
54,2,14,3,9326,53,0,15,2,1,0
32,7,23,5,2875,213,3,32,2,1,0
58,2,19,1,1986,45,0,45,1,1,1
35,1,15,1,3691,9,0,48,1,1,1
20,6,19,5,472,75,0,40,2,2,1
37,1,17,1,9543,67,1,5,1,1,0
23,3,24,1,1551,18,0,39,1,1,1
40,1,20,1,103,37,0,25,2,1,1
53,1,20,4,42,49,0,44,1,1,1
24,1,18,1,578,118,15,44,1,1,1
37,1,22,5,3518,218,0,44,1,1,0
20,1,21,5,1201,10,0,50,1,1,0
32,1,21,5,2044,6,0,40,2,1,1
45,1,14,1,6863,122,0,38,2,1,0
64,3,20,1,4370,13,0,35,1,1,1
27,2,18,5,8412,103,8,19,1,1,0
41,1,20,1,2127,53,0,25,1,1,1
30,1,18,1,6669,169,0,35,1,1,0
32,1,21,1,8065,3,5,13,1,6,0
35,1,22,1,1327,94,13,54,1,1,0
34,1,19,3,9065,29,0,35,2,1,1
37,1,22,1,3693,10,0,37,2,2,0
26,1,22,5,1781,95,0,47,2,1,0
33,1,18,1,5865,68,0,26,1,2,0
53,1,20,1,1077,41,8,58,2,1,1
40,1,20,1,4113,110,12,53,2,1,0
27,1,19,1,5267,8,2,36,1,1,0
55,3,20,1,5358,59,0,30,1,1,1
39,6,14,1,4047,29,9,38,2,1,0
35,3,15,1,2700,83,0,57,1,1,0
54,1,21,1,5452,14,0,32,1,1,1
56,3,20,1,6293,65,0,52,2,1,0
32,1,13,3,6738,30,0,27,1,1,0
41,1,22,1,6298,54,0,36,1,2,0
45,1,21,5,6028,38,0,27,2,1,0
24,2,22,5,5277,32,0,12,2,8,0
20,1,20,5,5990,2,2,44,1,1,0
35,2,20,5,8777,232,16,7,2,8,0
43,1,19,1,9019,202,5,16,1,1,0
67,1,20,1,4906,22,0,21,1,1,1
31,1,17,1,9750,22,13,38,1,2,0
55,1,14,1,5850,318,0,22,2,8,0
50,1,19,1,8193,20,0,48,2,2,0
47,1,21,1,7534,18,0,47,1,1,1
40,1,18,3,234,12,15,32,2,1,0
43,1,22,1,4224,57,0,48,1,1,1
30,1,18,1,1950,22,0,41,2,1,0
52,1,18,1,7012,152,2,22,1,1,0
51,3,8,1,9480,118,0,20,1,8,0
33,2,22,5,2095,13,0,20,1,1,0
31,1,15,5,5202,1,0,43,2,1,0
45,1,9,1,7711,5,3,33,2,1,1
34,1,21,1,7162,3,17,12,2,1,0
36,1,20,1,304,6,0,44,2,1,1
19,1,22,1,601,22,17,29,1,1,0
24,3,16,1,6655,25,7,39,1,1,0
22,1,17,5,3085,58,0,20,2,1,1
29,1,19,1,4037,287,15,36,2,6,0
36,3,16,3,2077,97,0,33,2,1,0
21,1,21,3,1076,14,0,33,2,1,0
40,1,16,1,9362,12,0,33,1,1,0
65,2,21,2,1375,2,0,33,1,2,1
25,1,18,1,6687,442,17,32,1,1,0
43,2,14,1,3918,66,1,14,1,1,0
38,1,22,5,671,69,0,23,1,1,1
48,1,23,5,3709,87,0,61,2,1,1
25,1,14,1,8090,117,0,33,1,1,0
32,7,18,1,2131,77,0,55,1,6,0
23,1,18,1,4628,84,1,14,2,6,1
48,1,19,5,3298,86,0,15,1,1,0
32,1,12,1,3085,158,16,27,2,1,0
24,3,20,3,2631,328,0,38,2,1,1
35,1,22,5,1995,5,0,45,1,1,1
34,1,18,1,433,146,17,61,2,1,0
27,2,15,1,2798,99,0,40,1,1,0
29,3,11,5,5885,168,0,35,1,1,1
26,1,14,1,8293,234,12,43,2,6,0
53,1,10,1,8034,61,0,57,1,1,0
68,1,20,4,2206,168,0,48,1,1,1
27,1,19,1,3171,414,7,21,1,1,0
45,3,22,1,8059,4,0,53,2,1,0
38,1,18,1,9212,13,17,30,2,1,0
50,1,18,5,8207,554,0,69,2,7,1
61,1,15,1,1548,275,0,13,2,1,0
46,1,17,5,4760,51,16,23,2,1,1
42,1,17,1,4910,107,0,40,2,1,0
50,8,18,1,1202,2,0,47,2,1,1
29,1,22,5,4217,333,7,17,2,1,0
47,3,20,3,7934,168,0,19,2,3,0
39,3,22,1,5548,1,0,47,1,1,1
59,1,19,5,1428,2,3,22,2,1,1
46,1,19,2,2071,15,0,33,2,1,0
52,1,21,1,431,24,0,31,2,1,1
62,6,20,1,4149,23,0,23,1,1,0
79,6,17,1,2786,9,0,41,2,1,0
24,1,23,1,271,137,8,35,2,1,1
51,1,16,1,2209,84,2,36,1,1,1
58,1,20,1,69,43,0,36,2,1,1
59,1,15,1,9590,64,0,59,1,1,1
40,1,22,3,1632,168,0,62,2,1,0
38,6,22,1,2644,5,0,37,2,1,1
36,1,21,5,3930,148,2,50,2,1,1
70,3,21,1,5988,51,0,47,1,1,1
37,1,18,3,4477,73,8,44,1,1,1
51,1,22,1,2336,235,0,43,1,2,1
28,8,15,1,9184,124,0,20,2,1,0
34,1,20,3,3118,168,0,31,2,1,1
24,1,17,5,2090,54,0,36,2,1,0
39,1,22,5,5045,44,0,11,2,1,0
68,1,20,1,3165,4,0,65,1,1,0
32,2,19,5,8448,27,0,32,2,1,0
33,1,19,1,5632,268,1,24,1,8,0
41,3,22,5,6601,2,0,47,2,1,1
30,1,16,3,8908,101,0,18,2,2,0
63,4,18,1,1990,4,0,41,1,9,0
51,6,16,1,3346,250,0,50,1,3,0
23,1,14,5,6999,21,16,36,2,8,0
33,3,22,1,2911,9,0,25,1,2,0
41,1,19,1,5778,110,0,49,2,2,0
25,1,17,5,5428,42,0,41,1,2,0
19,1,13,5,8138,32,0,24,2,1,0
61,6,13,1,8440,200,2,35,2,1,0
39,1,21,5,5077,28,14,46,1,1,0
24,1,11,5,8344,26,0,44,1,2,0
34,1,22,1,3239,172,5,45,1,1,0
47,5,21,3,3289,220,14,63,2,2,0
53,6,22,1,4059,193,0,48,1,2,1
62,1,23,1,4105,28,0,47,2,1,1
41,2,23,5,1346,10,0,40,1,1,1
38,1,15,1,2764,28,0,31,2,1,1
25,4,18,5,5096,53,0,46,1,8,0
79,4,23,1,6675,99,0,3,2,1,1
81,1,16,1,3366,102,0,61,1,9,1
24,6,18,1,6372,23,1,34,1,1,0
52,6,17,3,7799,104,0,41,1,1,1
43,1,22,1,2428,46,0,47,1,1,1
38,1,18,1,1022,82,0,49,1,1,1
27,1,23,5,1927,42,10,39,2,1,0
42,1,18,1,4908,273,3,63,1,2,0
45,2,23,5,2081,93,0,36,2,1,0
19,1,19,5,1071,21,2,45,1,1,0
73,7,22,5,7113,194,0,47,1,1,1
41,3,22,1,2834,95,0,41,1,1,1
45,1,18,5,1330,25,0,49,2,1,1
37,1,22,1,4939,281,0,25,1,6,0
71,1,19,1,2544,38,0,22,2,1,1
65,1,21,3,8092,63,0,40,1,1,1
69,4,22,1,4764,28,0,49,2,1,0
52,6,21,1,6178,68,0,32,2,1,1
69,1,15,1,4425,330,0,43,1,1,0
69,2,17,1,1240,7,0,36,2,1,0
22,1,14,5,5077,103,0,48,1,1,1
50,7,17,3,5797,40,0,37,2,1,1
24,1,21,1,6850,27,0,52,1,1,0
24,1,20,3,252,247,7,40,1,1,0
43,3,23,1,3876,234,8,66,1,1,1
45,4,20,5,3658,360,0,58,1,1,0
22,1,14,5,3886,193,11,21,1,1,0
44,2,22,1,1718,14,0,33,1,1,0
34,1,12,1,3214,20,0,25,2,1,0
34,4,18,5,2452,53,0,48,1,1,0
71,1,20,2,5518,221,0,44,1,1,1
38,1,15,5,2417,58,16,5,2,6,0
25,4,15,1,3864,172,1,26,2,1,1
62,1,16,1,2788,25,0,63,1,1,1
49,1,17,3,7442,85,0,31,1,1,0
56,1,14,1,4770,159,0,44,2,1,0
41,1,13,1,5268,122,0,23,1,1,1
54,6,18,1,3310,326,0,33,1,1,0
25,1,13,1,7050,2,10,41,1,1,1
63,2,19,5,7744,50,15,35,1,1,1
55,1,24,1,3550,325,0,34,1,6,1
79,1,20,1,7083,7,0,48,1,1,0
66,2,16,1,304,66,0,38,2,1,0
37,2,15,1,7745,154,14,38,1,1,1
35,5,18,1,572,2,0,20,1,1,0
36,1,14,5,4245,231,0,42,2,2,0
25,1,17,1,3355,66,5,33,2,2,0
68,1,21,5,5185,48,0,48,1,1,1
46,1,17,5,7690,40,3,44,1,1,0
27,1,22,5,1502,7,0,35,2,1,1
62,1,24,1,159,7,0,43,2,1,1
36,1,15,3,7667,424,13,3,2,1,0
34,1,21,3,5830,4,12,46,2,1,0
23,1,18,5,6691,51,0,40,2,1,1
27,1,12,5,8532,14,0,41,1,1,0
40,1,17,1,3743,45,0,43,1,1,1
21,2,19,1,8961,21,0,30,1,1,0
42,1,19,3,6614,33,0,38,1,1,1
25,1,22,1,2808,17,4,57,1,1,1
50,1,18,1,6082,23,0,45,1,1,1
52,1,20,3,5935,23,0,40,2,1,0
53,4,22,5,1870,18,0,31,2,2,1
43,1,14,1,5743,282,0,32,1,6,1
40,1,17,1,8834,83,0,43,1,1,1
49,6,22,1,758,2,3,29,2,6,1
43,1,19,5,7783,267,0,4,2,1,0
24,1,18,5,5003,5,17,14,2,1,0
58,1,19,3,4911,59,0,35,1,1,0
35,1,20,1,1568,66,0,36,1,1,0
31,1,22,5,3138,252,0,38,2,6,1
68,2,22,2,8389,1,0,35,1,1,0
45,1,20,1,3048,23,0,43,2,1,1
33,2,14,1,8102,35,0,36,2,1,0
39,1,18,1,1812,116,0,35,2,1,0
45,3,23,1,987,13,2,58,1,1,1
64,3,20,1,7674,91,1,36,2,2,1
24,4,19,1,1911,24,3,44,1,2,0
46,1,22,1,402,27,10,38,1,1,1
36,1,21,1,1879,49,0,42,2,1,0
72,6,21,1,2861,27,0,44,1,1,0
42,7,21,1,1062,20,12,49,2,1,1
36,1,16,5,1654,10,0,14,1,1,0
24,6,21,5,4244,123,8,37,1,1,0
33,4,15,1,4646,152,0,38,1,1,0
32,2,19,3,7546,67,0,30,2,1,0
23,1,22,5,1662,100,3,34,1,9,0
64,7,18,5,5498,23,0,34,2,1,0
58,1,15,5,723,4,0,29,1,1,0
51,6,17,3,3403,52,0,32,2,1,0
39,1,18,5,6586,63,1,49,1,1,0
63,2,16,1,7078,189,0,32,1,1,0
65,1,20,2,1789,174,8,42,2,1,1
81,3,23,1,234,58,0,32,2,8,1
23,1,19,5,955,129,16,56,1,8,1
73,4,22,1,2983,183,0,25,2,1,0
44,1,18,1,845,119,0,37,1,1,0
62,6,20,1,2945,61,0,55,1,1,1
31,1,17,1,1406,2,0,37,1,1,0
54,1,21,1,8713,2,1,38,1,1,0
27,1,16,5,3816,1,17,6,2,1,0
28,1,22,1,843,1,0,24,2,1,1
17,1,20,5,4912,139,17,23,1,1,0
48,1,20,1,5865,22,1,55,1,1,0
61,1,15,3,8569,16,0,40,1,2,0
18,1,23,5,3322,150,1,39,2,1,1
23,5,22,5,3991,9,0,1,2,8,0
51,1,19,1,5097,14,8,17,1,1,0
55,1,22,1,4639,34,0,37,2,2,1
49,1,18,1,5432,15,0,59,1,1,0
36,1,18,5,8130,4,14,53,2,1,0
56,3,20,5,7906,33,0,35,1,2,1
29,1,22,1,3468,16,1,49,2,1,0
26,7,14,5,1544,5,0,32,2,2,0
58,6,20,5,9456,21,0,30,2,6,0
39,1,19,5,1697,290,0,38,1,1,0
43,1,11,1,8528,63,0,43,1,1,0
38,3,22,5,2795,429,0,40,1,5,1
30,1,19,5,5320,38,0,35,2,1,0
58,1,24,1,101,232,0,45,2,1,0
23,1,22,1,3646,46,1,25,1,9,0
25,3,18,5,9249,83,17,36,2,1,0
65,1,18,1,1044,154,0,39,2,1,1
33,1,20,5,107,12,16,30,2,1,1
36,1,21,1,9348,35,0,10,2,1,0
26,1,9,1,5220,241,16,33,2,1,0
74,2,17,1,1747,184,0,50,1,1,0
64,4,17,1,6635,83,0,43,2,9,0
87,1,17,3,8554,205,0,18,2,1,0
55,2,21,1,4038,37,0,73,1,1,0
25,1,16,5,6509,11,1,38,1,2,0
39,1,13,1,1178,5,0,47,2,1,1
31,1,19,5,1277,98,14,36,2,1,0
23,6,17,1,728,2,0,26,1,1,0
39,1,21,5,8935,261,4,22,2,1,1
42,2,18,1,2007,56,0,28,2,1,0
65,4,24,1,316,15,0,39,2,1,1
40,1,15,1,9320,5,10,46,2,1,0
45,1,21,5,7016,208,10,40,1,2,0
53,6,21,1,234,18,0,46,2,6,0
20,1,19,5,2621,32,0,49,1,9,0
72,7,19,1,1208,5,0,28,2,1,1
46,1,12,1,1848,130,1,10,2,2,0
64,1,17,1,8036,22,0,44,2,1,0
34,1,6,1,9830,29,0,16,1,1,0
20,1,19,5,3378,132,0,37,2,1,0
51,3,21,1,2941,37,17,3,2,6,0
61,3,18,1,4487,3,8,10,1,1,0
56,7,18,1,3995,6,0,34,1,1,0
19,1,21,5,9089,159,0,26,1,9,0
66,1,22,1,2991,138,0,54,1,1,1
41,7,21,1,1164,3,0,25,2,1,0
36,1,23,5,1784,19,1,32,1,1,0
51,2,21,5,217,238,6,21,2,1,1
58,7,18,1,9738,168,0,34,2,1,0
44,1,19,1,8096,18,3,46,1,1,0
23,1,20,5,4260,53,0,34,2,1,0
75,3,22,1,1531,52,0,41,1,1,1
67,6,21,1,1953,42,0,50,1,1,0
39,1,19,1,1257,7,0,55,1,1,1
72,2,22,1,3674,27,0,21,2,1,0
62,1,23,1,2186,60,0,41,2,1,1
44,1,18,1,5581,54,0,25,2,1,1
41,1,20,3,5556,129,0,15,1,1,0
53,1,15,1,8726,10,0,51,2,1,1
49,1,19,1,2930,12,6,42,1,1,0
52,1,21,5,1317,161,0,55,2,1,0
48,1,19,5,3521,94,3,68,1,1,1
21,1,19,5,4274,107,0,22,1,6,0
41,3,23,1,1136,65,13,19,1,1,1
59,1,21,1,3839,55,0,41,2,1,0
68,1,18,1,3345,53,0,52,2,1,1
52,1,14,4,4942,28,0,45,1,1,0
58,1,23,1,1794,9,0,44,1,1,1
78,1,16,1,2985,14,0,61,1,1,0
67,1,18,1,7787,131,1,14,1,8,0
19,1,22,5,1503,26,0,25,2,1,0
76,1,6,1,1915,20,0,50,2,1,0
29,5,19,1,507,35,0,56,1,1,1
56,1,18,1,7660,15,0,37,1,1,0
47,1,19,1,2628,15,0,19,2,1,0
63,1,18,3,2961,3,0,70,2,1,1
24,1,20,5,6399,11,11,45,1,1,0
57,1,15,3,531,39,11,40,2,1,0
34,1,16,1,8369,21,0,41,1,6,1
23,1,16,5,4672,25,0,34,2,1,0
22,1,19,1,1322,9,3,16,2,1,0
25,1,20,3,1332,25,0,31,2,2,0
38,6,19,5,1924,4,5,49,2,1,1
21,1,19,5,2449,91,0,34,2,1,0
41,1,18,5,6315,65,0,40,1,1,1
41,4,13,1,6879,152,0,21,1,1,1
47,1,15,5,7425,7,0,47,2,1,0
51,3,21,5,2819,146,0,40,1,2,0
35,3,21,1,7008,71,2,36,1,8,0
47,2,18,1,8506,128,17,38,1,1,0
44,1,14,5,1813,12,0,38,2,1,1
51,4,19,1,7136,140,0,28,1,6,1
53,5,21,5,8712,8,0,49,1,8,1
32,1,20,5,4088,19,0,55,1,1,1
43,3,22,5,604,19,0,33,2,1,1
27,1,14,5,2995,113,12,39,2,1,0
46,1,22,1,549,21,0,32,1,1,1
48,1,21,1,1382,2,0,44,2,2,0
41,1,23,5,90,5,0,39,2,6,0
40,1,17,1,372,6,0,41,2,9,0
28,1,21,1,2831,123,0,38,2,1,1
80,6,22,1,3950,52,0,42,1,8,1
37,7,17,1,1993,64,6,59,1,1,0
22,1,18,5,8595,30,17,29,2,9,0
48,2,20,5,545,96,0,51,2,2,1
40,1,16,5,2071,25,0,42,1,1,0
45,6,14,1,6691,436,0,57,1,1,0
19,1,7,3,2928,6,6,46,1,2,1
32,1,18,1,9647,61,0,46,1,9,0
42,1,18,5,1979,51,0,37,1,2,0
28,1,20,1,5827,118,0,36,2,1,0
18,1,21,5,604,4,0,28,2,1,0
25,1,16,3,7039,200,0,42,2,1,0
56,1,16,1,6824,35,0,26,2,2,0
31,1,16,1,3302,36,0,57,1,2,1
51,1,17,1,184,123,0,42,2,1,1
59,1,19,1,89,2,14,53,1,1,1
39,4,18,1,1535,88,0,39,1,1,0
50,2,14,1,8081,82,0,51,2,1,0
31,1,20,1,6781,292,15,40,1,2,0
37,6,16,1,7038,257,0,48,1,2,1
18,1,7,1,2960,16,0,26,2,1,0
26,1,17,1,7322,42,0,51,1,1,0
76,1,19,1,5020,206,0,30,2,2,0
35,7,20,1,3196,53,0,45,1,1,1
42,7,21,1,446,5,0,25,2,1,1
47,1,19,3,4115,155,0,51,2,1,1
71,2,5,1,327,20,0,25,2,2,1
36,1,20,1,3443,21,0,53,1,1,1
45,1,23,5,3023,114,0,27,2,8,1
42,7,23,3,2983,87,0,35,1,6,1
19,1,19,5,2208,4,2,29,1,1,0
42,3,13,2,7364,147,0,48,2,1,0
87,4,24,1,121,55,0,53,1,1,1
22,1,18,5,2425,30,13,36,1,1,0
41,1,21,5,4333,7,0,34,1,1,0
33,8,15,1,536,245,0,41,2,1,0
64,1,20,1,1676,29,1,47,1,1,1
41,1,16,1,7324,175,0,29,1,1,0
43,1,21,1,5030,417,0,53,1,1,0
35,4,20,5,7962,49,0,40,2,6,0
41,1,18,1,1343,192,14,31,2,6,0
42,1,21,5,1719,190,0,39,1,1,0
30,1,16,3,8664,37,0,21,1,1,1
51,3,11,1,4633,8,0,23,1,1,1
26,1,15,5,6774,113,11,37,1,1,0
61,6,20,1,3771,14,0,31,2,1,1
70,1,20,3,450,4,1,17,1,1,1
72,7,20,1,348,367,0,36,1,1,0
61,3,22,5,3832,50,0,27,2,1,0
74,1,17,1,9490,107,0,43,1,1,1
18,6,11,3,7707,36,0,47,2,6,0
70,1,20,1,570,41,0,50,1,6,0
60,4,19,1,5838,21,17,42,1,1,0
23,6,20,1,5232,117,0,50,2,1,0
52,1,18,1,4615,121,0,35,2,1,0
21,1,18,5,345,8,0,34,1,1,0
26,1,20,1,3039,54,4,32,2,1,0
20,1,17,3,4342,4,0,24,2,1,0
41,1,19,1,1796,106,0,59,2,8,1
21,1,14,5,6064,109,12,54,1,1,0
22,2,15,1,3279,13,1,13,1,9,0
32,2,13,1,4120,7,0,47,1,9,1
60,1,20,1,5857,52,0,35,2,1,1
64,1,21,1,3313,4,0,48,2,1,1
67,1,14,1,4597,2,0,4,2,1,0
46,6,15,5,3834,35,0,29,2,5,1
23,1,21,5,3843,38,0,11,2,1,0
26,1,11,5,5208,23,10,39,1,1,0
20,1,18,5,5063,90,13,18,2,1,0
72,1,19,1,5648,3,0,31,1,1,1
48,5,14,2,6958,157,2,50,1,1,0
24,3,17,5,2876,554,0,33,2,6,1
83,1,23,1,1856,29,0,46,1,8,0
52,1,22,1,1120,67,0,32,1,1,1
46,1,14,3,2766,100,3,36,2,1,0
30,5,15,5,8352,40,14,26,1,6,0
61,1,20,1,2002,105,0,46,2,2,1
21,1,23,5,1210,25,1,22,1,1,0
36,1,19,5,1611,175,7,51,2,1,1
28,1,21,5,3952,2,0,60,1,1,0
72,1,19,1,1625,3,0,23,1,1,0
33,1,11,5,8858,61,0,56,1,1,0
27,1,19,5,589,3,0,27,1,1,1
26,4,19,1,7671,1,17,2,2,1,0
22,1,12,5,4393,273,12,48,2,1,0
24,1,16,5,3543,220,3,40,1,2,0
43,1,18,3,4450,9,0,44,1,1,0
40,1,18,1,5989,220,0,24,2,1,0
38,1,18,1,8908,13,0,45,1,2,1
57,1,23,5,6419,12,0,41,2,1,0
29,1,22,1,9576,29,0,21,1,1,0
29,1,16,1,5267,554,0,42,1,1,0
63,1,19,1,1969,106,0,57,2,1,1
73,7,23,2,3203,102,0,40,1,1,1
30,1,19,3,4023,4,0,22,2,1,0
53,1,20,1,4452,48,0,33,2,1,0
65,1,19,1,2717,9,0,50,1,1,0
61,2,19,1,6432,149,0,37,1,1,0
36,1,22,1,4316,20,0,26,2,1,0
24,2,22,5,1942,3,0,24,2,1,0
25,1,13,3,7684,150,0,29,2,8,0
60,1,17,1,8046,48,0,60,1,1,1
22,1,22,5,4862,2,1,32,2,1,1
50,2,18,1,1220,28,0,44,1,1,1
51,1,20,1,3076,7,0,45,2,1,1
49,1,15,1,6010,97,0,54,1,6,1
48,1,14,3,6634,82,0,59,2,9,0
61,1,22,1,1324,9,0,40,1,1,1
59,2,23,1,3530,40,0,43,2,1,1
43,2,18,5,309,17,0,48,1,1,1
25,1,16,1,8548,107,1,34,2,1,0
27,1,20,1,596,30,0,55,1,1,1
18,1,15,5,1422,122,17,46,1,1,0
51,3,20,1,444,20,0,27,2,1,1
53,8,20,1,572,131,0,55,2,1,0
43,1,15,1,4060,309,4,13,2,1,0
44,1,11,1,7322,18,0,35,2,2,0
70,1,7,1,5196,50,0,55,1,1,0
25,1,12,5,9000,12,17,30,1,1,0
34,1,8,1,6714,17,0,44,1,1,0
21,7,21,5,776,15,0,35,1,1,0
43,1,11,1,6156,26,0,60,1,1,1
39,1,17,1,2266,212,0,33,2,1,0
20,6,19,5,692,18,0,59,1,1,0
54,1,17,3,246,68,0,49,1,1,0
42,2,20,1,993,15,0,15,2,1,0
31,1,20,5,2160,31,14,45,2,1,1
39,2,19,5,5796,1,0,52,2,1,1
64,1,22,1,3571,3,0,29,2,1,0
27,6,14,3,2434,131,0,9,1,1,0
40,6,21,5,2350,79,17,27,2,1,0
66,1,18,1,6826,5,0,60,2,1,0
60,3,21,1,3396,103,0,53,1,1,0
34,4,20,1,2284,6,0,26,1,1,0
26,6,20,1,8579,141,0,53,2,1,1
27,1,21,1,367,11,0,45,2,1,1
19,6,16,1,3029,178,16,52,2,1,0
21,4,21,1,1703,2,16,21,2,1,0
48,2,19,5,2031,11,0,27,2,6,1
74,1,18,1,2091,33,0,23,2,1,0
55,1,20,5,1956,70,0,46,2,1,0
32,1,19,1,2288,262,0,14,1,1,0
60,1,15,1,5174,84,0,59,1,1,0
33,1,15,1,3487,20,0,47,1,1,0
71,1,20,1,6592,26,0,46,1,1,0
68,2,24,1,2142,76,0,34,2,1,1
65,1,18,1,6157,125,1,36,2,1,1
38,1,21,1,6849,7,13,47,2,1,0
69,1,18,3,8138,237,0,53,2,1,0
27,3,20,1,1899,58,0,12,2,1,0
63,2,21,3,7839,87,0,23,1,1,1
56,4,17,1,769,70,2,46,1,1,1
42,2,22,1,1150,18,0,24,1,1,0
49,1,14,1,4557,36,0,40,2,1,1
73,1,20,1,2704,24,0,43,1,1,0
53,2,21,1,6644,25,0,41,2,1,0
35,1,21,1,1205,62,0,22,1,2,1
56,4,18,1,4074,98,0,55,1,1,0
57,1,17,1,5507,3,0,44,1,1,0
30,6,15,5,5121,158,0,19,1,8,1
51,1,18,1,8008,53,0,5,2,1,0
51,6,21,1,1367,5,0,28,2,1,0
54,1,20,1,1424,6,0,53,2,1,0
57,2,12,5,6818,13,5,20,1,1,0
38,6,21,1,210,24,0,45,2,1,1
59,7,19,1,1182,287,0,58,2,1,1
30,1,18,5,6082,60,14,57,1,1,0
63,4,20,5,687,58,14,44,1,1,0
42,4,13,1,8081,27,16,36,1,1,0
38,1,19,1,7899,22,0,30,2,1,0
37,1,19,1,3591,5,0,32,1,1,0
25,1,18,1,5401,40,0,8,1,6,0
41,1,22,1,2500,7,0,39,2,1,1
30,1,21,1,2307,6,0,36,2,1,0
25,1,20,5,9679,59,0,26,1,1,1
49,1,20,1,5548,342,0,20,1,1,0
37,1,21,1,574,132,0,35,2,1,0
72,1,18,1,3702,59,0,47,1,1,0
42,1,20,1,1336,1,0,49,1,1,0
76,1,20,1,9290,2,0,44,2,1,1
42,1,10,5,9751,3,3,27,1,1,0
38,1,19,2,4078,149,0,41,1,1,1
78,6,21,2,1613,128,0,25,2,1,1
44,1,20,1,9087,37,0,32,1,1,0
45,2,23,1,4104,32,0,39,2,1,0
42,1,16,5,3308,15,0,28,1,1,0
37,1,20,1,5666,7,0,52,2,1,0
34,5,22,1,284,191,0,37,1,1,0
31,1,22,1,997,40,0,61,2,1,1
44,1,24,1,4409,36,16,41,2,1,0
30,1,22,3,8253,2,8,60,2,1,0
55,7,23,1,1747,22,0,17,2,1,1
24,1,16,3,6010,348,0,13,2,1,0
24,1,12,5,2014,121,0,45,2,6,0
24,2,22,3,2947,1,11,31,2,1,0
39,1,18,1,2111,272,0,38,1,1,0
52,2,11,1,4581,5,0,21,2,2,0
48,1,18,1,9093,321,0,42,2,2,0
59,1,20,1,5542,141,11,23,1,1,0
31,1,13,5,9045,23,0,27,1,1,0
34,1,20,5,4526,50,0,68,2,1,0
43,3,23,5,144,16,0,38,1,1,1
28,1,17,1,8121,193,0,25,1,8,0
27,4,19,1,3848,7,0,75,1,2,1
33,1,20,5,3253,79,0,35,2,2,0
31,1,19,1,8228,10,0,23,1,1,1
32,2,22,5,4357,9,0,33,1,1,1
21,1,11,5,3908,65,17,47,1,2,0
21,1,22,5,1567,52,6,29,1,1,1
66,1,19,5,8939,3,1,35,1,1,1
49,3,22,1,5935,14,0,48,2,1,0
52,1,11,1,1681,54,0,7,2,1,0
48,1,21,2,189,75,0,48,2,1,0
38,1,17,1,196,111,0,36,2,1,0
21,1,12,1,9566,5,17,33,2,2,0
52,1,20,4,8121,17,0,45,2,1,1
30,1,21,1,6967,182,16,56,1,2,0
36,1,23,5,5068,86,4,65,2,2,0
62,1,19,1,3291,386,0,37,2,1,1
64,1,20,1,4393,129,0,33,1,1,0
37,1,18,3,7117,13,0,35,2,1,0
41,1,12,5,8708,5,2,32,1,1,0
76,1,18,3,4355,168,0,20,2,2,0
35,1,20,1,557,20,0,51,1,1,0
48,1,21,3,1753,20,0,35,1,1,0
55,2,21,1,2552,61,0,23,2,1,0
57,1,18,3,2811,8,0,49,2,1,0
34,6,19,5,2163,27,0,37,1,8,1
25,4,18,5,867,9,0,29,2,9,0
42,5,21,1,2224,1,1,40,1,1,1
38,1,21,5,6830,81,2,30,2,1,1
22,1,18,5,6388,3,3,39,2,8,0
56,1,19,5,8099,1,0,37,1,1,1
50,3,21,1,1879,18,0,33,1,1,0
44,3,20,1,821,46,0,34,1,1,1
37,1,15,1,5950,7,0,5,2,1,0
43,1,21,5,3017,57,0,41,2,1,0
28,1,22,5,608,34,11,41,2,1,0
61,5,19,4,8335,282,0,32,2,1,0
35,3,20,2,113,81,17,38,1,1,0
39,1,21,5,4828,55,0,44,2,1,1
84,1,21,1,598,26,0,54,2,1,1
59,1,10,1,9195,35,0,39,1,1,0
49,1,22,5,3595,2,0,36,1,1,0
31,1,21,5,2411,148,1,24,1,1,1
18,1,16,5,7203,516,8,29,1,1,0
48,6,19,1,1368,12,0,49,1,1,1
34,3,23,1,7032,2,7,34,1,1,0
35,1,21,1,3132,14,0,38,2,1,0
40,2,21,1,2554,7,0,17,2,1,0
50,6,15,5,3450,104,0,24,2,6,0
86,1,21,1,58,6,0,57,1,1,1
39,1,21,5,9443,31,0,68,2,1,1
47,1,24,2,7209,9,0,51,2,1,0
36,1,14,5,1183,124,0,67,1,1,1
25,2,17,1,4738,14,0,32,2,6,0
59,1,13,2,8852,114,0,39,1,8,1
39,1,18,1,1143,2,0,38,1,1,0
30,3,23,1,11,183,0,61,1,1,1
55,6,20,1,4757,2,0,29,1,2,1
30,1,21,1,3410,258,0,47,2,1,0
46,4,18,5,1897,12,0,43,2,1,1
44,1,18,1,7632,291,0,41,2,8,0
20,1,18,5,8449,223,1,35,2,1,0
43,1,21,4,2782,27,17,43,1,1,1
21,1,15,5,6783,1,17,12,2,1,0
62,1,22,1,1386,17,0,38,1,1,1
45,1,22,5,3287,3,0,21,1,1,1
29,2,17,5,7309,25,0,50,1,1,1
39,1,16,5,6282,2,11,55,1,1,0
29,1,15,3,5127,9,0,37,1,1,0
46,1,17,1,1752,86,16,26,1,1,0
37,2,21,5,672,78,0,54,2,8,0
64,2,21,1,1508,2,0,49,1,1,1
41,1,15,1,6190,65,0,34,1,1,0
30,1,14,5,4960,2,0,17,2,1,0
34,3,17,1,5835,213,0,44,2,1,0
45,1,19,5,2855,4,1,30,2,1,0
60,8,22,1,88,140,0,36,1,1,1
70,1,16,1,6540,6,1,34,1,1,1
36,2,22,1,1136,26,0,41,2,1,1
26,1,20,5,3954,14,4,42,1,1,0
51,1,18,1,6580,7,0,33,1,1,0
58,2,17,1,7091,326,0,37,2,1,0
33,1,21,5,4844,36,0,36,2,1,1
39,1,16,1,3615,37,0,35,2,1,1
59,1,22,1,589,192,0,58,1,1,1
61,1,17,3,1456,13,0,37,2,1,0
78,1,21,2,4740,10,0,57,1,1,1
27,6,18,1,8328,33,0,24,1,1,0
23,1,14,5,5836,83,0,24,1,2,0
44,3,22,1,2347,3,0,27,2,1,0
41,2,20,1,1768,166,17,35,2,6,0
40,3,15,5,7816,10,4,16,1,6,0
40,1,19,1,3233,3,14,39,1,1,1
67,1,22,1,8097,6,0,30,2,1,1
32,1,14,3,7381,6,0,45,1,1,0
36,3,23,1,1067,36,0,47,2,1,1
33,1,21,1,2822,64,0,40,1,2,0
27,2,8,1,7760,139,0,46,2,8,0
26,1,19,5,6129,208,0,49,1,1,1
35,1,22,5,2234,36,0,36,2,9,1
25,3,17,3,9254,54,0,29,2,1,0
57,2,13,1,8426,74,0,52,1,1,0
41,6,21,5,6447,6,8,45,1,1,0
42,1,22,1,245,123,0,41,2,1,0
33,2,16,1,7272,98,0,53,1,8,1
61,4,22,1,6916,50,0,41,1,1,1
37,6,19,1,6189,43,0,37,1,1,0
29,4,18,1,267,47,14,36,2,1,0
35,2,17,1,1989,264,4,46,1,1,0
36,3,18,3,4186,158,0,66,1,1,0
52,1,21,1,4851,136,0,23,2,1,0
29,1,20,1,3961,34,0,11,2,1,1
68,5,22,1,9421,12,0,52,2,1,1
42,1,19,5,2425,15,0,43,2,3,0
26,1,16,5,7295,49,0,22,2,6,0
34,2,22,5,2918,37,0,63,1,1,1
50,1,19,1,6761,285,6,51,2,1,1
52,3,20,1,4436,45,0,50,1,1,0
38,7,23,1,4513,47,0,45,1,1,0
45,1,22,1,3493,1,16,36,1,1,0
33,4,21,1,2518,211,0,31,2,1,0
22,6,17,5,7802,252,17,33,1,1,1
52,1,20,3,3041,67,0,54,1,1,0
30,1,17,5,3331,286,4,27,1,1,0
25,7,18,5,1921,34,11,37,2,6,0
55,1,19,1,2245,17,16,73,1,2,0
46,1,21,3,6750,211,13,49,2,1,0
48,1,17,5,7132,21,9,24,2,1,0
22,2,13,5,8906,34,0,34,1,8,0
27,1,14,1,6405,56,0,36,1,1,0
36,1,20,3,8180,115,0,18,1,2,0
52,3,22,1,2914,2,0,63,2,1,1
42,1,21,3,3429,12,0,36,1,1,1
42,7,23,5,771,148,1,49,1,1,1
59,1,21,5,56,102,0,38,2,1,1
49,2,18,2,9439,8,0,41,2,1,0
37,4,22,3,2674,26,0,51,1,1,1
42,1,18,1,5871,36,0,48,2,1,0
26,2,22,3,7509,34,0,43,1,1,0
22,1,18,5,5755,60,10,47,2,6,0
22,6,16,1,399,34,0,41,2,1,0
44,3,22,5,5068,90,0,54,2,2,1
37,7,15,1,4410,189,0,35,2,2,0
30,1,16,1,7476,164,9,37,2,6,0
68,6,22,1,6897,113,0,35,2,1,0
40,2,18,5,399,164,3,42,2,1,1
42,1,18,5,4912,42,0,39,2,1,0
38,5,23,5,6295,8,0,33,2,1,0
53,4,17,5,3862,5,0,40,2,1,1
18,1,18,5,1824,8,0,26,1,1,0
44,1,21,1,6040,2,0,30,2,1,0
25,1,11,3,8286,36,12,43,1,9,1
50,5,17,1,9270,24,0,30,2,1,0
37,2,19,1,192,3,0,26,2,1,0
28,3,22,1,7244,75,6,49,1,1,1
68,4,13,1,1241,143,0,23,2,1,0
24,6,17,1,6224,103,0,57,2,1,0
54,1,22,5,2900,12,5,45,1,1,1
75,1,15,1,5722,23,0,38,2,2,0
30,1,17,1,7241,19,0,47,2,1,0
72,6,23,1,8353,10,0,39,1,1,1
45,1,22,5,5657,8,7,36,2,1,1
70,1,17,1,7411,50,0,42,1,1,0
45,4,19,5,4540,57,0,23,2,1,0
23,1,5,1,1514,12,12,8,2,1,0
48,1,18,1,4513,8,0,46,1,1,1
34,2,20,5,5040,27,0,28,2,1,1
39,1,21,1,6536,39,1,42,2,8,1
20,6,24,1,100,5,0,42,2,1,1
25,3,19,5,3997,4,0,28,1,1,0
45,5,19,5,3060,9,2,20,2,1,1
37,1,18,5,3551,55,0,30,2,1,0
26,5,11,1,8886,96,17,4,2,1,0
36,1,22,5,371,17,0,29,1,2,0
19,1,13,5,6108,68,4,44,2,6,0
71,7,21,1,2579,15,16,51,1,1,0
65,1,23,1,2124,6,0,60,1,1,1
34,1,21,5,3237,272,14,38,1,2,1
39,1,20,1,1922,17,0,15,1,2,0
33,3,22,1,4491,23,0,40,1,1,0
35,1,22,1,4904,123,0,38,2,1,0
47,1,17,5,8126,102,14,40,1,1,0
46,2,20,5,20,24,0,24,2,1,0
21,1,22,5,1498,14,0,65,1,1,1
43,1,19,1,3987,546,0,54,1,9,1
85,1,21,1,6112,129,0,37,2,6,0
58,5,23,1,230,103,0,43,1,1,0
34,4,22,1,3990,1,0,33,2,1,0
26,1,17,3,2002,41,0,29,1,1,1
23,1,18,1,931,73,17,30,2,9,0
52,6,14,1,8549,189,0,44,1,1,1
66,1,20,2,7912,130,0,45,1,1,1
33,2,15,1,1694,15,0,31,2,1,0
28,6,20,5,8119,98,0,30,1,1,0
39,1,16,5,1547,1,0,41,1,1,0
44,1,23,5,80,29,17,34,2,1,0
34,1,21,1,2602,2,0,41,1,1,0
24,2,7,5,8152,7,13,30,1,3,1
29,6,17,5,4329,1,0,20,2,1,0
38,1,18,1,5377,53,0,18,1,1,0
44,2,18,1,8675,64,0,50,1,1,0
33,1,17,5,5706,32,0,33,2,1,0
29,1,20,1,4832,46,5,26,1,1,0
74,1,22,1,2182,183,0,46,1,9,0
32,1,22,3,5144,16,0,56,1,1,1
25,2,22,3,578,96,0,29,1,1,1
52,3,21,5,163,25,0,41,1,1,1
54,2,23,1,1163,31,2,32,1,1,1
52,1,22,5,9215,99,0,15,2,1,0
64,1,22,4,4120,73,0,43,1,9,0
20,1,18,5,7407,3,0,36,2,1,1
71,2,14,1,8753,21,0,54,1,1,0
44,1,18,1,2956,76,0,26,2,9,1
31,2,18,1,3428,25,0,42,1,6,0
40,1,20,1,253,2,0,59,2,1,1
29,1,19,3,1766,94,0,47,2,8,0
19,1,18,5,4562,192,0,41,2,1,0
35,5,22,1,1695,189,16,40,2,1,0
44,1,17,1,7359,1,0,45,2,1,0
66,1,14,1,6505,170,0,41,1,6,1
69,2,20,1,1493,55,0,57,1,1,1
25,1,19,5,6989,18,0,46,2,1,1
50,3,14,5,7844,80,5,22,2,1,0
50,4,20,3,1343,23,1,49,1,1,1
26,2,19,5,6979,24,3,38,1,1,1
43,1,19,5,5731,146,0,41,1,1,0
83,1,16,1,1039,129,0,46,1,1,1
25,2,11,5,1491,249,0,28,1,8,0
42,1,19,1,2629,35,0,43,2,1,1
55,1,12,1,1655,32,0,69,2,1,0
52,1,17,1,1427,1,0,42,1,1,1
23,1,22,5,190,119,0,36,1,1,1
40,1,20,5,7083,189,0,51,1,8,1
36,1,22,5,2584,8,0,55,1,2,1
72,1,21,5,2019,109,0,35,1,1,0
54,1,20,1,4611,2,0,33,2,1,1
26,1,18,5,4681,143,9,12,2,8,0
78,3,14,4,1807,25,0,44,1,1,0
64,1,11,5,3834,9,0,28,1,1,0
18,1,12,5,1260,299,0,47,1,1,0
23,1,21,5,5692,11,17,12,2,1,0
34,1,16,1,7022,59,0,28,1,1,0
41,7,18,1,386,289,0,27,2,1,1
44,4,23,1,4068,14,0,41,2,1,1
44,3,24,1,3259,92,0,50,2,1,1
58,1,22,4,673,190,0,57,1,1,1
35,1,18,5,3215,23,0,17,1,1,0
43,1,20,1,6352,61,0,37,2,8,0
28,1,13,1,1044,154,17,45,2,6,0
19,1,18,5,6487,12,0,12,2,1,0
58,3,12,5,2892,9,16,12,2,8,0
54,4,20,1,1031,83,0,28,1,2,1
47,7,15,5,5244,198,0,38,2,1,1
40,1,18,1,4694,205,0,24,1,1,0
40,1,19,1,5194,106,0,52,1,1,0
61,7,16,1,1685,44,0,42,1,1,1
50,2,14,5,7395,26,7,30,2,1,0
46,2,17,1,6502,3,0,63,2,1,1
72,3,15,5,6651,64,0,35,1,1,0
52,2,16,1,5228,496,0,43,1,8,0
32,2,11,4,7614,1,5,34,1,8,1
49,6,19,1,5430,6,0,31,2,1,0
25,6,22,5,3053,453,1,48,1,1,1
35,1,18,1,2250,11,11,33,1,1,0
45,1,21,1,368,40,0,43,1,1,1
18,1,16,5,9007,36,15,43,1,1,0
40,1,20,1,9090,35,0,24,1,1,0
21,4,19,5,1124,4,12,50,2,2,0
26,1,20,5,5734,62,0,27,1,1,1
47,3,22,2,2902,132,0,38,1,1,0
59,1,19,1,8479,186,0,40,1,1,0
37,3,19,5,5042,91,0,35,2,1,1
66,1,19,1,3400,41,0,38,1,1,0
51,3,18,1,6935,163,2,32,1,1,0
28,1,20,5,3949,124,0,31,2,6,0
27,1,21,5,8205,56,0,22,2,1,0
28,5,23,1,68,179,0,50,1,6,1
56,1,16,1,2495,32,0,18,1,1,0
43,3,21,5,6359,5,0,33,1,1,0
27,4,17,1,4073,188,0,54,2,1,0
19,3,15,3,6615,61,14,34,2,1,0
48,6,20,5,45,45,0,37,2,1,0
37,1,21,1,1187,17,0,28,2,1,0
17,1,19,1,7498,130,8,30,2,1,1
66,6,23,5,1694,27,3,49,2,1,1
50,1,21,5,7861,34,0,45,1,1,0
33,1,20,5,3153,1,0,32,2,1,0
66,1,21,1,7738,14,0,47,1,1,0
73,7,22,1,2312,328,0,36,1,6,1
24,6,19,5,2062,18,12,41,2,1,0
44,1,11,1,5548,62,16,44,1,1,1
38,2,23,1,2053,5,0,39,1,1,1
68,4,22,1,1546,172,0,40,2,6,1
49,1,21,1,2695,31,0,56,1,8,1
89,6,19,1,4966,8,0,33,1,1,0
29,6,23,5,2526,23,0,34,2,1,1
27,1,21,5,6588,46,2,21,1,1,0
29,1,16,5,586,54,0,22,2,1,0
38,1,11,1,6941,554,0,31,1,2,1
29,2,16,3,3954,161,0,34,1,6,0
59,5,18,1,6400,17,0,10,1,9,0
25,1,18,5,7314,3,10,48,2,1,0
63,1,17,1,635,26,0,39,2,1,1
41,1,16,3,1277,40,1,41,2,1,0
32,1,20,1,6795,169,0,21,1,8,0
64,3,19,4,8054,29,0,55,2,8,1
23,1,16,5,6065,78,3,40,1,1,1
54,1,21,2,2076,17,16,51,1,1,1
40,1,11,5,8643,42,16,38,1,1,0
69,7,20,1,868,20,0,51,1,1,1
59,3,18,1,3419,59,0,54,1,1,0
30,7,17,3,1046,134,0,56,2,1,0
31,1,12,5,6088,4,17,28,1,2,0
49,1,22,1,6791,10,0,39,1,1,0
40,6,20,5,5053,443,0,47,1,1,0
36,1,21,5,5111,42,0,33,2,1,0
49,1,19,1,7035,99,0,59,1,1,0
59,1,15,1,5638,107,0,49,2,1,1
47,1,19,1,9499,76,0,49,1,8,0
47,2,21,5,6784,210,0,58,1,6,0
24,1,19,5,4781,11,17,43,1,1,1
19,1,23,5,8799,1,0,52,1,1,1
33,1,14,5,5517,32,4,22,1,1,0
23,1,16,5,4974,107,1,4,2,1,0
28,1,20,1,7307,5,0,51,1,1,1
70,2,18,1,1306,174,0,44,2,1,0
62,4,21,1,2532,393,0,57,2,1,1
34,1,16,1,3928,29,7,38,1,1,0
52,3,16,5,1058,177,0,42,2,1,0
24,1,19,3,3355,4,2,36,2,1,1
45,1,17,1,8052,224,0,42,2,1,0
75,1,17,3,8393,304,0,59,1,2,0
78,1,21,1,4347,49,0,31,1,1,1
44,3,16,1,5371,133,2,31,1,2,0
62,1,22,1,4185,154,0,72,1,1,1
23,1,14,1,8679,136,17,28,1,1,1
42,2,21,5,1460,231,2,30,2,1,0
32,1,19,1,5648,1,0,40,1,1,0
38,2,17,5,8486,1,13,13,2,1,0
47,3,19,5,155,1,0,45,2,1,1
46,1,20,1,2851,4,0,42,1,8,1
40,1,20,1,5713,2,0,29,2,1,0
62,1,19,1,2126,43,0,20,2,1,0
38,1,24,1,3848,89,0,55,2,1,1
66,1,10,1,3531,28,0,52,1,1,1
23,2,20,1,2536,14,0,44,1,1,0
25,1,18,5,6819,20,17,16,1,6,0
19,1,18,3,4970,24,17,29,2,1,0
62,2,19,1,1989,171,11,44,1,1,0
33,6,18,5,1683,46,0,9,1,1,1
36,1,16,5,7531,84,0,41,1,1,1
32,3,21,5,925,2,0,21,2,1,1
46,3,21,1,3364,10,0,51,1,8,0
48,1,16,1,3223,16,0,42,2,1,0
53,1,22,1,159,26,0,43,1,1,1
48,1,20,1,1127,206,0,44,1,1,1
38,2,22,1,637,25,0,37,1,2,1
50,7,19,1,5361,294,0,33,2,2,0
45,6,19,1,4570,57,0,8,2,6,0
52,3,22,1,4735,38,0,43,1,1,1
29,1,22,1,1572,2,14,34,2,1,0
36,1,18,4,5925,95,0,44,2,2,0
39,4,23,3,2910,10,2,20,2,2,1
56,2,18,1,5729,130,0,41,1,1,0
38,1,18,1,7278,117,11,37,1,1,0
65,1,21,1,7407,98,0,42,1,1,0
25,1,21,5,251,5,0,38,1,1,0
28,1,13,5,7729,12,0,26,2,1,0
48,6,18,1,1507,237,0,32,2,1,0
47,1,21,3,3673,2,2,35,2,1,1
22,1,16,1,4713,125,17,45,1,8,0
28,1,17,5,9334,40,17,17,2,9,0
31,1,7,5,6945,2,0,35,1,1,0
24,1,15,5,9668,72,16,42,1,2,0
48,1,20,1,4470,98,0,49,1,1,1
61,1,11,1,8381,18,1,39,2,1,0
34,1,7,1,6578,35,0,44,2,6,0
48,1,20,1,7395,312,0,44,2,1,0
20,1,11,3,3524,130,17,29,2,6,0
27,7,19,1,2747,111,17,46,1,1,0
40,4,13,1,8734,1,0,48,1,1,0
43,4,22,1,5350,157,0,28,1,1,1
40,1,21,5,1963,10,0,24,2,3,0
35,1,18,1,543,36,0,42,2,6,0
24,6,12,5,7574,35,0,20,2,1,0
69,4,19,1,7020,56,0,40,2,1,0
59,2,17,1,3592,181,0,37,2,1,0
47,1,24,1,1930,84,0,35,1,1,1
62,4,22,1,3675,73,0,51,1,1,1
36,1,17,5,6359,49,0,25,2,6,1
30,1,19,1,6196,33,0,13,1,1,1
66,7,21,5,2112,73,0,43,1,1,0
53,1,13,1,743,3,0,34,1,1,0
25,1,16,5,4436,59,0,25,2,1,0
31,1,21,3,7519,74,13,46,1,1,0
29,4,24,1,272,112,0,22,2,1,0
19,1,16,5,1493,179,0,43,1,1,0
24,1,20,1,95,11,0,46,2,1,1
38,1,19,3,3275,3,0,45,2,1,0
57,1,18,2,4040,18,0,53,1,9,1
32,5,20,5,2711,31,2,37,1,1,1
42,2,16,5,8069,33,10,25,2,6,0
74,4,21,1,2846,2,0,58,1,1,1
68,1,17,1,5397,14,0,46,1,2,1
55,4,22,3,4361,74,0,33,2,1,1
43,3,17,1,1473,119,0,33,1,1,0
59,1,20,3,1770,19,0,30,1,1,0
20,1,20,3,8654,130,17,22,1,1,0
19,1,16,5,7100,139,4,31,1,1,0
36,7,16,1,4302,8,0,52,2,1,0
52,1,18,1,1094,23,0,37,2,1,0
54,1,17,1,5150,16,0,23,1,1,1
34,1,18,1,345,116,0,22,1,1,0
37,6,20,1,3380,53,0,30,2,1,0
42,4,18,1,6850,38,0,56,1,1,0
25,1,18,5,367,131,0,26,1,1,1
42,1,14,1,5802,124,0,38,1,8,1
42,3,19,1,9330,29,0,41,1,2,0
20,1,18,5,4233,18,0,74,1,1,0
53,1,13,1,7435,12,0,53,1,1,0
35,3,19,1,380,31,0,54,1,1,1
23,6,19,1,2583,11,0,32,1,1,1
19,1,14,5,1748,4,0,31,1,1,0
82,1,15,1,4568,18,0,31,2,1,1
44,8,24,1,1144,68,15,37,2,1,1
26,1,22,1,8749,69,6,27,2,2,0
66,1,20,1,2938,84,0,47,2,1,1
44,1,15,1,3691,18,0,47,2,1,1
66,4,20,1,2754,69,0,18,2,1,0
25,1,13,1,5632,37,1,14,2,1,1
40,1,21,5,1824,1,0,52,2,8,1
41,4,17,1,232,6,0,54,2,1,0
51,1,20,1,1969,20,0,32,2,1,1
56,1,19,1,1852,263,0,32,2,1,0
21,3,20,1,202,142,0,30,1,1,1
26,1,14,1,2168,243,5,40,2,1,1
38,1,23,5,5347,27,0,40,2,1,0
24,1,17,5,5918,5,9,26,1,6,0
27,6,13,5,3047,20,0,30,1,1,0
22,1,16,5,9213,7,0,19,2,1,0
34,1,18,3,82,54,6,48,1,1,0
61,1,20,1,5875,98,0,38,1,6,1
40,1,20,5,3710,150,1,29,2,1,0
70,1,14,1,7724,23,1,19,1,1,1
38,4,18,1,5011,41,0,46,1,1,1
59,1,23,1,2781,6,0,37,2,1,1
45,2,21,1,6573,17,0,47,2,1,0
42,1,17,3,4272,30,6,42,1,1,1
30,1,19,1,1540,362,0,51,2,1,0
36,1,19,1,8828,47,0,50,2,1,0
27,3,18,1,2038,44,3,37,2,2,0
42,4,19,3,2750,372,0,29,2,1,1
29,3,13,1,2926,156,0,48,1,8,0
25,2,20,5,7512,5,0,20,1,1,1
17,1,19,5,1854,5,0,31,1,1,0
35,1,18,5,1144,13,2,8,2,1,1
46,1,18,1,7675,96,0,7,2,1,0
40,2,20,5,4906,58,0,64,2,1,1
57,1,16,5,2692,20,0,20,2,1,0
45,1,20,1,7586,14,0,67,1,1,1
68,1,14,4,4709,2,0,38,2,1,0
50,2,19,5,1048,23,0,36,1,6,1
77,2,21,1,2579,72,0,41,2,1,1
57,4,22,1,149,88,15,50,1,2,0
21,6,20,3,4549,18,0,29,1,1,0
33,2,20,5,1761,2,6,49,1,1,1
46,1,18,1,2290,8,3,33,2,1,0
73,6,18,1,353,58,0,54,1,1,1
44,2,18,3,5218,3,0,45,1,1,0
71,6,14,1,9695,12,0,28,2,1,1
49,1,20,5,6462,109,0,44,1,1,1
53,1,19,1,5484,365,0,38,2,2,0
31,1,23,5,3085,123,0,35,2,9,1
27,1,21,5,2799,4,0,49,1,1,1
32,5,16,1,8877,130,0,50,1,1,0
51,4,21,1,5671,30,2,18,2,1,0
32,3,19,5,286,137,1,38,1,1,0
51,3,17,1,2365,86,0,28,2,8,1
55,1,20,1,1650,48,0,39,2,1,0
27,1,19,5,2198,22,9,31,2,8,0
56,1,12,1,6620,416,0,32,1,1,0
37,1,7,5,7317,6,0,56,2,1,1
38,1,16,5,803,171,15,23,2,1,1
43,1,20,1,1648,10,0,62,2,1,1
23,4,11,5,7608,88,0,15,2,1,0
46,1,18,5,5282,74,0,33,1,1,1
22,3,19,5,1577,7,0,15,1,1,0
40,1,23,5,3776,9,0,50,1,1,1
63,1,18,1,792,10,0,30,1,1,0
26,1,19,5,8127,27,0,61,1,1,1
37,5,19,1,7225,21,0,62,2,3,0
36,1,18,1,1088,81,3,55,1,1,0
56,3,20,1,1217,19,0,47,2,1,0
66,1,11,1,9576,13,0,11,2,1,0
61,3,18,1,1841,40,0,37,1,1,1
37,1,17,5,5434,64,0,27,2,1,0
26,1,20,5,183,68,8,29,2,1,0
89,1,20,1,7984,99,0,42,2,1,1
23,1,17,5,2601,87,0,47,1,1,1
52,1,20,1,595,22,0,68,2,1,0
33,1,19,5,1875,139,16,37,2,9,0
37,1,20,1,2394,2,0,28,1,1,0
85,1,18,1,5924,5,0,41,1,1,0
20,1,21,3,5862,7,0,48,2,1,0
45,1,19,1,3985,16,0,40,1,1,0
69,1,13,1,449,138,0,53,2,2,0
83,1,19,1,4924,41,0,12,1,1,0
69,1,23,5,7094,198,0,16,2,1,0
21,1,19,5,8643,190,17,30,2,1,0
64,6,17,1,7372,51,0,26,2,1,1
73,3,18,1,5469,147,0,33,2,1,1
21,3,20,1,374,12,3,30,1,4,1
19,1,4,5,9094,12,17,1,1,1,0
25,1,23,3,7853,124,6,27,2,1,0
68,1,20,1,7025,300,0,24,1,1,0
42,1,20,5,1644,313,1,51,1,1,0
49,1,20,1,1396,107,0,51,2,6,1
55,4,21,1,8039,92,0,51,1,1,1
63,7,21,1,3132,27,16,37,2,1,0
53,1,20,1,291,20,0,36,2,1,1
40,2,19,1,7675,44,0,46,2,2,0
51,1,17,1,5917,5,0,54,1,1,0
60,1,21,5,3317,65,13,48,1,1,1
61,1,20,1,5691,11,0,63,1,2,1
31,1,16,1,5723,226,5,45,1,1,0
34,1,4,5,5524,15,0,39,1,1,0
55,1,16,5,534,59,1,35,1,1,0
59,6,19,1,8891,2,0,31,2,1,0
21,1,12,1,7805,2,8,47,2,9,0
29,3,23,3,4108,65,1,30,1,1,0
28,1,21,1,1946,173,0,47,2,1,1
39,2,21,1,1556,13,0,55,2,1,1
44,1,20,1,622,62,0,25,2,1,0
26,4,22,1,4274,21,17,43,1,1,0
45,1,18,5,4345,429,0,42,2,8,0
50,4,19,5,2413,22,11,54,1,1,1
44,1,11,1,7561,111,0,41,1,1,0
24,2,21,5,7030,18,15,33,1,6,0
64,1,21,1,6742,111,6,39,2,1,0
36,1,15,2,1024,86,0,39,2,1,1
28,1,23,5,1344,46,0,30,1,1,0
51,1,22,1,2970,275,0,37,2,1,0
43,1,10,3,7870,100,12,20,1,1,0
69,1,17,1,7616,243,0,41,1,1,1
25,1,19,5,7040,18,0,31,1,1,0
23,1,1,5,9587,42,16,22,2,1,0
48,1,19,1,8886,3,0,21,2,1,0
44,1,21,5,3680,10,0,11,2,1,0
31,1,15,1,8692,7,0,14,1,1,0
79,1,16,1,3992,107,0,37,2,2,0
36,1,20,5,3518,195,1,14,1,1,0
43,1,20,1,6882,12,0,43,2,1,1
46,1,21,5,8068,51,0,67,1,1,1
55,1,22,5,7668,186,3,57,2,6,0
21,1,15,5,6493,136,0,39,1,5,0
21,1,17,5,6721,248,0,52,2,6,0
40,1,16,1,4904,31,0,32,1,1,0
54,1,18,5,769,1,0,22,2,1,1
43,1,19,1,1126,48,0,51,1,1,0
32,1,16,5,2824,175,2,51,1,1,1
34,1,20,1,329,39,0,42,1,1,0
37,1,15,3,6342,11,0,33,1,1,0
22,1,23,1,2804,33,1,56,1,2,1
69,1,17,1,2668,7,0,28,2,1,1
31,1,18,5,4550,23,0,25,2,1,1
50,1,20,1,3074,19,3,33,2,1,1
22,1,19,3,151,216,0,61,1,1,0
52,1,20,1,4384,88,0,41,1,1,1
57,1,13,1,9118,24,0,23,1,1,0
75,1,19,2,5691,172,0,54,2,1,0
34,1,15,5,6261,55,0,29,1,1,0
32,1,19,1,3235,55,0,30,2,1,0
27,4,18,5,8385,35,0,49,1,1,1
50,1,23,4,2748,238,0,57,2,6,0
44,1,22,1,7732,32,0,49,2,1,0
30,4,23,5,1946,22,0,56,1,2,0
34,1,23,1,272,47,0,17,2,1,0
42,2,17,1,5196,167,2,50,2,1,1
72,1,19,3,5667,10,0,42,1,1,1
48,6,24,1,3201,57,0,53,2,1,0
34,1,23,5,4118,111,4,59,1,2,1
42,2,18,5,3704,17,17,19,1,1,1
44,1,20,1,226,172,0,32,1,1,1
53,7,21,1,2748,3,0,56,1,1,1
34,2,20,3,6712,2,0,63,1,1,1
35,1,13,1,1634,265,0,41,1,1,0
64,1,17,5,2386,109,0,26,1,1,1
50,1,15,3,1866,1,0,41,2,1,1
44,1,19,1,6312,156,0,18,2,1,0
35,1,20,1,6295,132,0,48,1,1,1
75,1,21,1,4915,11,0,52,1,6,0
34,1,16,1,7434,17,0,48,1,2,0
33,5,20,5,5274,61,0,15,2,1,0
64,1,15,1,7811,17,0,40,1,6,1
30,1,20,1,2012,14,1,39,2,1,0
58,1,19,3,8652,27,0,33,2,1,0
57,1,19,1,5505,211,1,37,2,1,1
28,1,21,5,6621,293,1,44,2,1,1
47,1,23,3,1631,5,0,25,2,1,1
42,1,16,3,2435,226,14,40,2,3,0
36,7,20,2,2572,59,0,47,1,1,1
72,1,15,1,8648,8,0,19,1,1,1
80,1,14,1,9747,48,3,54,1,1,0
21,1,17,1,4576,1,0,36,1,1,1
75,1,21,2,169,25,0,53,1,6,1
51,4,18,4,8471,10,7,37,2,2,0
39,1,12,1,5489,70,10,47,1,9,1
35,3,16,1,2323,20,0,47,2,1,0
81,7,20,4,6324,90,0,37,1,7,1
58,1,12,1,2459,64,3,19,1,1,0
27,7,9,3,7688,93,0,51,1,1,0
20,1,21,3,4105,11,0,24,1,1,1
28,1,14,1,2287,65,0,28,1,1,1
31,1,15,5,3932,40,1,7,2,2,0
40,2,18,1,7886,4,0,43,2,9,0
44,1,18,1,4534,20,17,34,1,1,0
45,2,20,1,5243,128,0,11,2,1,1
49,1,22,1,5866,41,0,70,1,1,1
75,4,21,5,5408,28,3,22,2,1,1
27,1,14,1,8353,28,16,1,2,8,0
65,1,20,1,4150,270,0,39,2,1,0
31,2,20,1,96,151,0,37,2,1,1
34,1,14,1,2470,76,1,23,2,1,0
47,3,22,5,799,40,0,24,2,1,1
52,2,21,1,2803,15,0,40,1,6,1
28,1,18,3,2157,15,2,51,2,1,1
26,1,19,5,1032,17,0,56,1,1,1
27,1,15,1,6203,9,16,45,1,1,0
58,1,22,1,312,377,0,51,1,1,1
64,1,19,1,7580,125,0,51,1,1,0
38,1,20,3,4134,184,15,31,1,1,0
33,1,22,1,1469,132,0,37,1,1,0
44,6,23,5,2803,57,0,54,1,1,1
27,1,22,3,846,59,0,17,2,1,1
29,1,20,1,3956,49,0,49,1,1,0
79,6,22,4,8091,59,0,41,2,1,1
55,1,18,5,2546,125,0,50,2,1,1
42,1,17,1,8844,124,0,48,1,1,0
27,1,13,1,3245,4,0,48,2,1,0
38,4,16,5,4630,19,0,40,2,1,0
32,1,22,3,3359,1,0,29,2,1,0
38,1,19,3,7252,11,0,21,2,1,0
39,1,18,5,6083,11,0,61,1,1,1
55,6,17,1,6157,70,0,33,1,1,0
57,2,16,1,9609,142,8,31,1,1,0
58,4,18,1,976,21,0,40,1,1,1
40,6,15,1,7947,84,0,40,2,1,0
34,1,21,5,4764,73,0,55,1,1,1
36,2,22,1,1075,6,0,39,1,1,0
65,1,16,1,4862,4,0,19,2,6,0
53,2,20,1,5791,6,10,35,2,1,0
38,1,21,5,1816,92,0,39,1,1,1
56,1,18,1,459,224,0,46,2,1,1
28,1,7,3,9206,12,10,34,1,6,0
39,1,20,5,5119,38,13,41,2,1,0
33,1,13,5,3088,4,0,36,1,1,0
54,1,12,1,5057,400,0,34,2,1,0
65,1,22,1,3493,126,0,50,1,1,0
30,1,20,1,4859,29,1,44,2,1,0
63,3,23,1,1100,62,0,59,2,1,0
40,1,22,1,2457,14,1,28,1,1,0
61,1,19,1,9355,247,0,61,1,1,1
39,1,16,1,6938,88,0,23,2,1,1
31,1,18,1,6805,3,0,34,1,1,0
22,1,20,5,2546,11,0,37,1,1,0
38,4,23,1,390,48,0,61,2,1,1
54,1,18,1,6075,93,0,44,1,1,1
39,1,22,1,879,62,0,40,1,1,1
61,1,22,1,1828,13,0,33,1,9,0
32,1,18,1,4328,229,0,45,2,2,0
45,3,20,5,4091,35,0,40,2,1,0
22,1,18,1,5450,70,0,39,1,1,0
66,1,21,1,1972,25,0,40,1,1,1
37,1,19,1,3570,98,4,33,1,1,0
35,7,20,1,824,38,0,35,1,1,1
39,1,19,1,5027,131,0,42,1,1,1
65,5,21,1,5821,10,0,41,1,1,0
25,1,20,1,7960,34,0,23,2,1,0
33,1,15,3,5755,20,0,11,2,2,0
74,1,18,1,7487,155,0,28,1,1,0
29,6,13,5,1517,28,2,29,1,1,0
53,1,20,1,4093,65,0,7,2,1,1
75,3,19,2,2577,143,0,28,2,1,0
38,1,20,1,5229,11,0,45,1,1,0
69,1,22,1,2200,279,0,37,2,6,1
39,1,21,5,3102,43,0,46,1,1,1
52,7,19,5,6451,14,0,43,2,1,1
61,1,14,1,7665,19,5,53,2,1,1
70,4,17,1,1872,85,0,48,1,1,0
56,1,21,1,1294,2,0,37,1,1,0
39,1,17,1,5633,2,0,30,2,6,1
81,1,19,1,4684,150,0,33,1,3,0
21,1,21,5,93,2,0,24,2,1,0
39,1,18,5,6652,269,0,34,2,1,1
25,1,22,5,197,16,0,41,1,3,1
56,1,22,1,1392,10,0,44,2,1,0
36,3,24,1,1767,144,0,44,2,1,1
34,1,21,5,1095,4,0,35,1,1,0
30,1,17,1,8235,414,0,46,2,1,0
33,5,18,5,6240,50,0,40,1,1,0
22,1,12,5,2135,29,17,4,1,9,0
34,1,17,5,5695,2,14,17,2,1,0
63,1,23,3,2270,6,0,36,1,8,0
48,1,15,3,7478,9,0,13,2,1,0
35,1,18,3,677,87,0,29,1,1,0
29,6,18,5,4483,26,3,25,2,1,0
26,1,17,1,3691,39,0,35,2,1,0
30,1,12,1,4432,106,13,10,2,8,1
73,1,17,5,5718,62,0,45,2,1,0
53,1,20,1,7867,83,0,60,1,1,1
45,1,20,3,3872,23,0,37,2,1,1
28,1,19,5,2269,33,1,40,1,1,0
57,1,19,5,2349,3,0,68,1,6,1
38,4,19,1,4069,1,0,46,1,1,1
68,3,17,1,4504,5,0,48,1,1,0
32,1,15,5,7506,21,0,54,1,2,0
47,1,16,1,4232,3,0,34,1,1,0
35,1,16,1,3039,49,0,35,1,8,0
54,2,22,5,451,79,15,53,1,1,1
31,1,18,1,1474,81,0,19,2,1,0
30,5,22,1,2692,3,16,43,2,9,0
54,2,17,1,8392,198,1,48,1,1,0
49,1,17,5,6166,154,0,39,1,1,0
29,1,18,3,2592,47,0,38,2,2,1
26,1,20,3,4626,28,10,56,2,1,0
54,1,22,1,432,29,0,47,1,1,1
43,3,23,5,4516,31,1,34,2,1,1
31,2,17,1,8966,44,3,34,1,1,1
20,1,21,3,6082,4,0,23,2,1,1
27,1,19,1,4426,71,0,41,1,1,1
20,1,19,5,4993,27,17,15,2,1,0
39,6,21,3,6150,51,0,38,2,1,0
69,2,17,1,9334,150,0,29,2,9,0
38,1,21,1,3474,12,10,50,1,2,0
26,6,20,1,3090,164,0,32,2,1,1
49,4,24,3,716,11,0,77,1,1,1
53,1,20,4,934,166,5,41,1,1,1
53,1,13,1,8497,66,0,18,2,1,0
36,1,19,1,7109,97,0,35,1,1,1
41,1,20,1,2315,228,13,26,1,1,0
25,6,16,1,7180,33,15,29,1,1,0
47,3,18,1,4844,19,0,48,1,1,1
52,1,20,5,6306,86,0,42,2,1,0
39,4,20,5,596,48,2,46,1,1,0
35,1,18,5,7781,197,0,40,2,2,0
35,1,14,1,1613,276,0,31,2,1,0
53,1,19,1,5949,289,0,24,2,1,0
65,1,15,5,4690,10,0,23,2,1,0
28,1,20,5,9502,182,0,24,1,1,0
23,2,19,5,4329,258,6,37,1,2,0
47,1,19,1,6346,412,0,22,1,6,1
56,5,13,1,7759,2,0,43,1,8,0
36,7,16,5,3300,88,0,30,2,1,0
40,2,19,3,4335,2,7,28,2,1,0
50,1,20,1,3352,3,0,19,2,1,0
56,3,23,3,495,27,0,76,1,1,1
38,1,16,5,6325,14,0,47,1,1,0
52,1,22,2,5604,93,0,24,2,1,0
20,1,19,1,3077,126,16,25,1,1,0
75,1,19,1,1668,86,0,68,2,1,0
24,1,11,5,9668,297,17,34,2,1,0
49,2,19,1,966,138,0,18,1,1,0
43,1,14,1,8015,44,1,41,2,1,1
35,7,21,1,208,234,0,22,1,1,1
83,1,22,1,2295,87,0,43,1,1,1
57,1,16,4,7180,119,1,70,1,1,0
58,7,21,1,2737,9,0,33,2,1,1
31,1,17,5,2418,389,0,51,1,1,0
56,1,20,1,4759,3,0,25,1,1,0
34,1,13,1,7575,186,4,47,2,2,1
86,1,19,1,2301,89,0,46,1,1,1
42,1,15,1,9633,24,12,51,2,1,0
21,3,20,1,6397,23,1,21,1,1,1
67,1,20,1,948,438,0,55,2,1,0
64,6,20,3,3725,287,0,39,2,1,1
65,1,18,1,492,27,0,53,2,1,0
23,1,19,5,2573,11,0,56,2,1,1
87,1,23,1,4347,5,0,51,1,1,1
30,1,16,1,6761,168,0,37,2,2,0
55,1,15,2,9389,62,3,50,1,1,0
21,1,18,5,2228,195,0,55,2,1,1
34,1,8,1,6242,30,0,45,1,1,0
47,8,17,2,2087,28,1,30,2,1,0
36,3,23,5,2391,60,0,35,1,1,0
31,1,21,5,909,18,8,2,2,7,0
19,1,20,5,5154,161,0,19,2,1,0
40,1,18,1,6768,14,0,48,1,1,0
27,1,20,1,6457,68,0,60,1,2,1
32,1,20,5,9034,2,1,48,2,1,1
42,1,18,1,7507,117,0,44,2,1,0
50,5,21,1,8097,43,0,34,1,1,0
32,1,20,1,9113,96,2,28,1,2,0
39,1,13,3,8861,8,6,29,1,1,0
21,1,20,5,2505,61,0,42,1,1,0
39,1,19,4,47,15,4,38,1,1,0
39,1,18,3,5547,31,2,25,1,1,0
59,1,21,1,3354,19,0,51,1,1,1
27,6,19,5,4592,43,0,28,2,6,0
25,3,17,3,7099,28,0,29,2,8,0
41,1,22,1,24,17,0,47,2,1,1
40,1,14,5,8920,8,0,22,2,1,0
55,1,19,1,383,11,0,35,1,1,1
55,2,18,1,8500,11,0,51,1,1,0
25,1,14,5,2864,103,0,35,2,1,0
48,1,22,1,1725,1,0,21,1,1,0
75,5,19,1,1783,15,0,32,2,2,1
41,1,23,5,29,221,0,38,1,1,1
44,1,15,1,6197,122,1,24,1,1,0
30,1,18,3,8032,69,0,29,2,1,0
44,1,18,1,2624,33,0,33,1,9,1
47,1,21,1,8856,24,0,36,1,6,0
36,5,18,1,8439,5,17,41,1,2,0
42,1,18,5,6000,54,0,35,2,1,0
26,1,15,1,4518,320,0,45,1,1,0
32,2,21,1,5244,58,14,58,1,1,0
39,4,17,1,1250,14,2,29,2,2,0
40,1,12,1,6607,91,0,33,2,1,0
48,1,18,1,1802,17,0,35,1,1,0
28,1,18,5,6759,4,15,27,1,2,0
41,1,19,1,4264,68,0,35,2,1,1
28,1,19,5,2772,1,0,29,1,1,1
42,2,16,1,3427,17,15,27,1,1,0
54,1,15,1,5375,157,7,49,2,1,1
78,4,22,1,1912,10,0,60,1,1,0
89,1,14,1,8883,280,0,28,1,1,0
27,1,14,1,5699,36,0,42,1,1,0
52,1,19,3,1336,60,0,23,2,1,0
37,1,18,1,4136,18,0,32,2,1,1
34,1,19,1,4596,537,0,51,2,1,0
47,1,22,5,1587,286,0,36,1,1,1
44,1,12,1,4351,312,0,25,2,1,0
41,1,23,5,3005,2,0,40,1,1,1
45,1,18,5,4227,105,1,41,2,1,0
26,1,19,1,1180,51,0,24,1,1,0
68,2,16,4,7610,79,0,31,2,1,0
49,1,12,3,5393,54,0,21,1,1,1
34,1,17,1,5202,97,0,49,1,2,0
35,1,18,1,6732,48,0,18,1,1,0
26,1,22,5,5397,5,0,33,1,1,1
71,1,21,5,5671,146,0,32,2,6,0
23,1,15,5,5778,9,1,39,1,1,0
34,1,20,5,1971,151,0,38,1,8,0
50,1,17,1,697,45,0,39,2,1,1
55,1,21,1,4529,159,0,39,2,1,1
25,1,11,1,2634,9,0,30,2,1,0
38,1,15,5,4011,51,0,11,1,1,0
37,1,19,1,77,16,0,51,2,1,1
55,1,15,3,6918,2,1,27,2,1,0
77,1,15,1,5179,110,10,30,1,1,0
55,8,19,1,4941,35,0,49,2,1,0
43,1,18,5,8378,12,0,36,1,1,1
56,1,20,1,4996,63,0,57,2,1,1
42,2,22,1,663,50,0,36,2,1,1
55,3,18,3,3257,26,0,71,1,1,1
40,1,12,5,5174,184,0,53,1,1,0
42,1,11,3,7927,20,0,53,2,1,0
50,1,18,5,5380,59,0,22,1,1,0
36,2,21,5,1763,4,0,55,2,8,1
61,1,20,1,1321,2,0,40,1,1,0
35,1,21,1,3605,160,6,40,1,2,1
42,1,17,3,6214,177,0,1,2,1,0
55,1,17,1,5655,203,5,54,1,2,0
25,2,18,5,112,278,0,43,2,1,1
23,7,22,5,1159,83,0,22,1,1,0
79,6,21,4,2345,159,0,30,2,1,1
47,6,21,1,321,9,0,45,2,1,1
42,1,20,1,9096,16,0,44,1,6,0
58,1,24,3,948,19,8,29,2,1,1
24,2,19,5,1309,170,0,41,2,1,1
60,4,19,1,4971,165,0,26,1,2,1
47,1,23,5,1306,5,0,56,2,1,1
21,1,19,5,4710,3,2,33,1,2,0
18,3,21,5,255,6,4,40,2,1,0
59,1,17,3,2041,245,0,26,1,1,1
42,6,16,5,1303,169,0,43,1,2,0
58,1,22,1,6037,6,0,16,2,2,0
32,1,16,5,8008,16,0,41,1,1,0
41,1,21,5,7132,18,14,44,1,1,0
51,1,15,5,1217,2,14,56,1,1,0
30,1,22,1,1357,43,0,49,2,1,1
46,1,19,1,6622,81,0,32,2,1,1
52,1,21,1,4987,101,0,54,1,6,0
51,3,18,1,2593,15,0,25,2,1,0
30,1,17,1,9327,11,0,30,2,1,0
63,1,19,1,9816,13,0,40,1,1,1
22,1,23,5,444,27,0,27,1,1,0
33,1,21,1,2846,100,4,8,1,1,0
64,3,16,1,2884,57,0,47,2,1,0
56,1,24,1,1997,45,7,43,1,1,1
44,1,18,1,5119,36,1,26,1,1,0
32,1,20,1,2973,15,2,54,1,1,0
56,1,9,5,8550,160,0,46,2,1,0
44,1,21,1,364,25,0,14,2,1,1
53,1,15,1,918,2,9,31,2,1,1
74,1,22,1,7744,21,0,38,1,1,1
34,6,17,5,6004,159,0,50,1,1,1
21,1,22,5,613,7,1,32,2,2,0
67,1,21,5,4691,46,0,57,1,2,1
30,1,18,5,4787,71,0,33,1,1,0
62,1,21,5,126,1,0,53,1,1,1
77,3,24,1,41,167,0,66,1,1,1
40,1,21,3,8259,11,0,11,2,1,0
23,3,18,1,4826,1,0,25,1,1,1
57,1,17,1,3968,6,0,41,2,1,0
28,1,13,5,8924,97,16,42,2,1,0
28,1,17,5,4984,24,0,27,2,2,0
57,3,24,5,1762,20,0,38,1,1,1
53,2,18,1,4115,140,0,31,1,2,0
52,4,21,1,2725,34,0,38,2,1,1
43,3,17,1,7303,11,0,32,1,1,0
42,2,15,1,4919,282,0,40,1,1,0
54,3,23,5,1215,4,0,36,1,1,1
85,1,18,1,9049,305,0,48,1,1,0
50,1,23,5,876,117,0,27,1,8,1
53,4,22,1,6821,5,0,22,1,1,0
68,1,20,1,1965,138,0,43,1,1,1
51,6,20,1,4859,3,0,36,2,1,0
37,1,18,5,9269,185,0,19,2,8,0
39,1,19,1,9419,4,0,22,1,1,0
45,2,19,1,8926,19,13,28,2,1,0
46,2,16,4,440,52,0,16,2,2,0
25,1,20,1,908,40,0,54,2,1,1
34,3,19,5,4871,42,0,28,1,1,0
37,4,15,5,8296,75,15,31,1,1,0
61,1,20,1,2060,98,0,42,1,1,0
76,1,18,1,7284,25,0,31,2,2,1
74,4,20,3,2969,130,0,26,1,6,0
57,1,21,1,4155,15,0,41,1,9,0
48,1,21,5,7357,2,0,19,1,6,0
51,7,20,1,924,30,0,68,2,1,1
35,6,22,5,178,200,0,44,1,1,1
30,1,19,5,1520,22,1,38,1,1,0
48,4,15,1,287,107,0,41,1,2,0
53,2,20,1,4573,14,0,54,2,1,1
29,3,21,5,3140,113,0,43,2,1,0
50,1,20,1,1441,11,0,27,2,1,0
36,5,17,5,7344,3,0,31,2,1,1
30,1,19,5,3995,60,0,46,2,1,0
50,1,18,5,7242,102,6,30,1,1,0
74,7,20,1,2224,54,0,30,2,8,0
35,1,19,1,6016,213,0,22,1,1,0
23,1,19,5,6793,2,0,41,2,1,1
54,4,21,5,4748,178,0,45,1,2,0
45,1,9,1,5062,37,1,56,1,1,0
58,6,22,1,7624,21,0,57,1,1,0
51,3,20,5,9003,73,0,61,1,1,1
33,2,19,1,6314,17,0,31,1,1,0
37,1,21,5,8671,6,0,46,2,2,0
37,1,21,3,5025,414,0,31,2,1,1
49,1,23,1,795,251,0,36,2,1,1
68,1,20,1,1062,54,0,46,1,1,0
38,4,18,1,1578,174,4,57,1,1,1
67,1,19,3,8455,24,0,35,1,1,0
61,4,20,1,4084,9,0,7,2,1,0
37,6,19,1,1867,181,9,39,2,1,0
46,7,16,1,5949,29,0,21,1,1,0
49,1,22,3,2467,18,0,43,1,1,1
41,1,18,5,2705,6,0,23,1,1,0
54,3,23,5,1653,1,0,56,2,6,0
34,7,21,1,7722,1,0,64,2,1,0
41,3,20,1,3378,7,0,51,2,1,0
48,1,22,5,8069,26,0,28,2,1,1
50,1,21,1,489,8,0,45,1,3,1
22,1,18,5,947,59,0,21,1,1,1
38,1,23,1,7535,24,0,15,2,2,0
26,1,7,1,3438,11,0,23,1,1,0
54,6,19,1,3717,14,0,46,1,1,1
80,1,20,1,4963,9,0,54,2,1,0
30,1,11,5,5625,351,17,43,1,1,0
34,1,22,5,540,176,0,69,1,1,1
42,1,22,1,1431,68,16,6,1,1,1
61,3,23,1,1554,24,4,37,2,1,1
42,1,14,1,7484,21,0,51,1,1,0
32,6,20,1,917,223,0,43,1,1,1
24,2,20,5,541,79,8,13,2,1,1
21,1,12,1,5064,20,0,43,1,1,0
34,1,18,1,4003,80,0,45,1,1,0
43,1,20,5,1984,287,0,26,2,1,0
44,1,17,1,7974,25,1,34,1,2,0
17,1,16,5,5472,16,16,52,2,1,0
44,7,18,3,2502,23,0,32,1,1,0
59,1,14,1,6427,1,0,50,2,1,1
43,1,18,1,5096,2,0,48,2,1,0
65,1,18,1,8852,75,0,39,2,1,0
22,1,22,1,6080,86,17,21,1,6,1
41,1,22,5,5999,11,0,45,2,3,1
28,2,21,5,3560,42,1,8,1,1,0
52,3,21,1,341,22,1,38,1,1,0
46,2,19,1,6205,6,0,2,1,1,0
42,6,21,1,3429,24,0,47,2,1,0
45,1,13,5,5713,156,1,47,1,2,0
47,3,22,1,2698,3,0,38,1,1,0
33,1,20,5,3686,17,1,22,2,1,1
60,1,19,1,1432,79,0,37,2,1,0
33,1,17,5,1965,3,0,42,2,1,0
58,1,19,1,4504,102,0,36,2,1,1
48,1,16,1,9293,230,0,18,2,1,0
66,1,19,1,7143,66,0,42,2,1,0
35,6,18,1,5565,3,15,50,1,1,1
27,5,1,5,8367,6,0,47,1,1,0
23,3,12,5,2314,31,0,36,1,1,0
26,6,20,5,3180,3,0,18,2,1,0
18,1,17,5,2554,111,17,40,2,9,0
56,1,22,1,1859,2,0,60,2,1,1
38,6,5,5,3454,11,0,34,2,1,0
40,1,17,5,6740,35,0,46,1,1,0
21,1,22,3,8403,53,0,40,2,1,1
36,4,21,1,88,72,0,43,1,1,1
48,1,22,1,5247,128,0,44,2,1,1
33,1,22,1,6540,104,0,58,1,1,0
73,6,21,1,9417,20,0,42,1,1,0
44,4,19,5,2109,93,0,33,1,2,0
22,1,14,5,8625,70,16,1,1,8,0
44,1,15,1,6547,344,1,48,2,8,0
49,3,21,5,8936,233,0,41,1,2,0
49,1,15,1,4026,273,0,44,1,1,1
44,5,21,1,4634,16,0,60,2,9,1
57,4,15,1,2615,511,0,34,2,6,0
27,1,14,1,5017,151,0,20,1,8,0
70,8,20,1,499,22,0,37,2,1,0
31,1,21,3,786,2,0,44,1,1,1
42,1,20,1,3919,205,0,30,1,1,1
27,1,20,1,488,72,0,37,1,2,1
33,1,21,1,7691,6,0,51,1,1,1
25,3,22,5,2890,4,0,43,2,8,1
50,7,19,5,8124,102,0,37,1,8,0
21,1,12,3,8755,40,16,41,1,1,0
57,1,19,1,9348,35,0,23,2,1,0
31,1,22,1,2074,21,5,55,2,1,0
37,6,22,1,3196,21,0,31,1,8,1
64,1,18,5,7111,8,0,41,2,1,0
35,2,20,1,9178,70,0,55,2,1,0
44,1,22,1,4603,80,0,15,1,1,1
20,1,14,1,5266,11,17,46,1,1,0
41,6,17,5,6120,128,0,55,1,9,1
57,1,8,5,5164,27,0,40,1,1,0
27,1,4,5,4999,141,17,28,2,1,0
25,1,15,1,9017,35,14,24,1,1,0
58,6,17,1,4578,396,0,51,1,1,1
28,1,23,1,1318,114,0,27,1,1,0
67,1,15,2,7694,80,0,20,1,1,1
24,1,21,5,1687,42,0,54,1,5,1
51,1,18,3,6944,101,0,24,1,1,0
78,1,17,5,1919,196,0,51,1,1,1
37,1,21,2,1776,49,0,25,2,1,1
32,5,18,1,1518,11,2,47,1,1,0
23,5,19,5,6817,139,3,43,1,7,0
75,7,20,1,77,1,0,49,2,1,1
39,1,20,5,5936,195,10,46,2,1,0
71,1,20,5,3393,154,0,44,2,8,1
63,1,22,1,1030,15,7,42,2,6,0
55,1,18,1,3093,84,16,30,2,1,0
36,5,20,5,6875,27,0,25,1,1,0
39,1,17,3,8057,97,0,63,1,1,0
60,1,20,1,7361,101,0,54,2,2,0
70,2,24,5,2626,102,0,64,2,1,1
29,1,19,5,3934,5,0,46,2,1,1
55,7,20,1,8913,149,11,64,1,1,1
44,1,19,1,7957,17,0,31,2,1,1
58,2,18,5,1123,39,0,31,2,1,1
32,1,9,1,7465,32,12,21,2,1,0
21,1,16,5,974,6,0,27,2,6,1
22,5,22,5,2110,59,0,15,1,3,0
34,1,22,3,91,88,13,28,2,1,1
42,6,15,1,9006,201,0,46,1,8,0
69,7,20,1,8153,32,1,44,2,1,0
25,1,11,1,8963,71,1,38,1,8,0
60,1,23,1,379,33,0,56,1,1,1
62,1,18,5,4122,127,0,37,2,1,1
25,3,22,5,949,197,0,39,2,3,1
43,6,20,1,2256,43,1,42,2,1,0
19,1,19,5,2306,6,0,23,1,6,1
34,2,21,1,2822,8,0,60,1,1,0
38,6,19,1,9176,14,17,24,2,1,0
36,1,13,5,9830,5,0,24,1,2,0
32,3,19,5,1142,27,0,37,2,1,1
23,2,23,3,1028,7,9,30,2,1,0
61,1,23,5,1041,28,0,45,2,1,1
30,4,20,1,3740,45,17,23,2,1,0
30,1,18,1,7696,35,0,31,1,1,1
33,1,3,1,4805,25,16,28,2,1,0
51,4,20,1,1059,2,0,24,1,1,1
56,6,21,4,1749,90,2,48,2,8,0
27,1,21,1,296,86,0,41,1,8,1
45,7,22,1,4799,23,0,57,2,1,1
34,1,23,1,326,5,0,48,2,2,1
35,1,18,1,5488,39,1,29,1,6,0
55,1,21,5,6298,21,0,39,1,1,0
27,1,14,5,1624,5,3,41,2,1,0
35,1,4,4,497,176,0,37,1,6,0
27,1,21,5,8610,3,0,28,2,1,1
63,1,10,5,1554,39,0,36,1,1,0
37,3,23,1,13,97,16,50,2,1,0
53,1,15,5,1599,26,1,47,2,1,0
45,1,18,3,873,42,0,57,1,1,0
32,1,21,1,1347,102,0,24,2,2,0
26,1,16,5,5969,6,0,30,1,1,0
49,1,17,5,5111,78,0,49,2,1,0
59,1,14,5,9676,2,0,43,1,1,1
77,1,14,2,5842,48,0,45,1,1,0
24,3,18,5,7275,50,0,34,2,3,0
54,1,20,5,186,118,0,37,2,6,0
65,1,21,1,2217,38,0,35,2,1,0
22,4,20,5,6028,67,0,21,1,6,0
26,3,20,5,3784,1,2,37,2,1,0
29,6,18,1,6351,64,0,31,1,1,1
25,3,19,1,8060,97,3,28,2,1,0
37,6,10,5,5097,43,8,53,2,6,0
50,6,24,1,3606,112,0,35,2,1,0
36,6,20,3,5712,63,0,56,1,1,0
33,1,17,1,4834,114,13,26,1,1,0
53,5,16,5,1769,56,0,35,2,2,0
78,6,19,1,3025,164,0,35,1,1,0
24,1,21,5,5153,52,16,32,2,1,0
60,1,18,1,1049,230,0,36,1,1,0
22,1,12,3,3204,8,2,16,2,1,0
28,1,13,1,8696,63,0,49,1,1,0
57,1,19,1,2734,58,0,61,1,1,1
21,1,21,5,5344,85,0,34,2,1,0
29,1,17,3,5397,2,17,21,2,1,0
44,1,18,1,9114,50,0,26,1,6,0
35,1,18,1,2917,70,0,34,2,6,0
41,1,22,1,5587,176,0,26,1,2,0
48,1,19,5,4347,1,0,58,1,1,0
37,1,20,1,7651,99,10,57,2,2,0
44,1,24,1,3442,156,0,57,1,2,0
42,1,23,1,2338,2,0,28,1,1,0
66,6,13,1,9696,130,0,21,1,1,0
40,1,20,5,3882,78,0,26,1,1,0
42,1,19,3,195,45,0,47,2,1,0
27,1,13,3,8644,19,12,39,2,9,0
46,8,23,3,885,322,0,31,1,1,0
37,5,22,1,1106,1,1,31,2,1,0
37,1,18,4,4071,1,0,23,2,1,0
30,1,20,1,2423,82,17,30,1,6,0
32,6,7,5,7465,14,0,30,2,6,0
37,7,19,1,4109,36,0,32,2,1,0
32,1,22,1,2286,3,1,22,1,1,1
27,1,19,5,4767,12,11,30,1,6,1
75,1,23,1,6027,21,0,33,1,2,1
31,1,22,5,1727,1,0,36,1,1,0
60,1,24,1,242,179,0,40,1,1,0
36,1,19,5,9120,6,13,17,2,1,0
72,3,16,2,5322,12,0,18,1,1,0
44,1,13,1,8549,136,0,44,1,1,0
47,1,20,3,2933,24,0,61,1,1,1
46,1,8,1,8136,189,0,34,1,1,0
63,1,18,1,3424,4,0,49,2,1,1
28,1,19,5,2387,65,1,46,1,8,0
38,1,12,5,5704,17,0,54,1,1,1
20,1,15,5,9166,18,17,41,2,1,0
36,1,15,5,4208,24,8,47,1,1,1
32,1,21,5,1971,51,0,36,2,1,0
33,1,15,1,3177,213,0,35,2,1,0
70,1,18,4,5085,195,2,53,1,1,1
34,1,21,1,362,76,0,60,1,1,1
34,1,20,3,3269,6,0,40,1,9,0
58,3,23,1,629,61,0,38,1,1,1
67,3,20,1,6340,52,0,39,2,8,0
63,1,17,1,1083,1,0,40,1,1,0
26,3,17,1,8340,411,0,58,2,1,0
53,1,17,1,2004,44,0,55,1,3,1
45,1,18,5,2854,193,0,62,1,1,0
37,1,22,1,8311,47,0,44,1,1,1
39,1,21,1,591,96,0,54,1,1,1
49,1,18,2,3232,2,0,39,2,3,0
28,1,15,5,7264,37,17,54,1,1,0
69,1,16,5,9658,49,0,36,1,1,0
27,7,19,5,1988,17,15,19,2,1,1
37,1,23,1,3261,5,0,22,2,1,1
60,6,19,4,1593,37,0,35,1,1,1
40,6,18,5,6814,354,0,38,1,1,0
29,7,22,1,1531,332,10,27,2,2,0
25,1,12,5,6768,193,10,41,1,1,0
53,1,20,5,3976,27,0,59,2,1,0
66,3,19,1,8057,48,0,17,1,1,0
20,1,21,5,784,44,3,55,1,2,1
44,1,18,1,1587,185,0,39,2,1,0
61,1,12,1,3446,2,0,20,2,1,0
30,6,20,5,212,28,0,28,2,1,0
21,6,18,5,6543,66,14,28,1,1,0
35,1,18,3,433,10,0,51,1,3,1
63,1,21,1,2020,40,0,35,1,1,1
28,3,21,5,2579,12,0,13,2,1,0
30,1,12,5,7876,31,0,36,2,1,0
35,1,15,1,7098,65,0,44,2,1,0
33,1,16,1,6702,537,13,37,2,1,0
61,1,17,1,9678,116,0,35,2,1,0
48,1,20,5,7865,66,0,25,2,2,1
29,3,18,5,2463,18,0,8,1,1,0
24,1,19,5,5858,33,1,35,1,1,1
54,1,18,1,2760,176,0,38,1,4,1
41,1,19,5,1289,160,0,36,2,2,0
38,1,18,3,1980,222,0,42,1,8,1
22,1,17,5,6497,21,11,10,2,8,0
31,1,13,1,3459,304,0,42,1,1,1
40,5,19,1,2907,19,5,23,1,1,0
63,1,20,2,5664,228,0,37,1,1,1
70,3,15,1,5015,43,0,42,1,8,0
49,1,13,5,7609,4,0,34,1,1,1
57,3,20,1,924,34,0,43,2,1,0
24,6,21,5,716,18,17,32,2,1,0
52,1,16,1,1870,10,0,21,2,1,1
27,1,17,5,2555,80,0,42,1,1,0
56,1,20,2,5458,43,11,51,1,1,1
43,7,23,3,247,153,0,42,2,1,1
61,1,15,1,6490,24,0,11,2,1,1
42,6,19,3,5486,66,0,39,1,1,0
21,1,19,1,4409,236,0,22,1,8,1
56,1,22,1,3988,144,0,26,2,1,1
32,1,18,5,4308,7,0,48,1,2,1
36,1,21,1,1753,17,0,57,2,1,0
28,1,8,3,1151,41,0,42,2,1,0
36,1,21,1,6649,16,0,51,1,1,1
77,7,19,1,5529,205,0,42,1,1,1
55,3,15,1,4546,65,10,21,2,1,0
20,1,15,5,2769,125,0,12,1,1,0
25,1,19,5,5210,20,0,46,1,1,1
25,1,20,3,5059,32,0,31,2,1,0
57,3,17,1,741,5,0,27,1,2,1
61,6,17,1,2730,167,11,59,1,2,1
41,7,21,1,5173,3,0,44,2,1,0
28,1,12,3,4537,9,0,5,2,1,0
61,7,22,1,228,14,0,23,2,8,0
30,1,10,5,3493,34,0,33,1,1,0
57,1,21,1,1280,38,0,50,1,1,0
20,2,16,5,7552,58,17,29,2,1,0
40,1,20,5,9411,1,0,51,1,1,0
22,1,13,5,2447,65,14,37,2,1,0
61,1,20,1,794,160,0,42,2,1,1
52,1,14,3,6259,57,17,37,1,1,0
30,6,19,5,2235,171,0,40,1,1,0
37,1,19,5,1633,214,0,43,1,1,1
38,1,21,1,8156,25,0,49,2,1,1
26,1,20,5,6088,65,17,1,1,1,0
77,1,15,1,3339,197,0,26,2,1,1
53,1,12,1,5635,47,0,30,2,1,0
66,1,20,1,4665,102,1,47,1,1,1
33,1,20,5,5788,5,0,38,1,1,0
64,3,14,5,4084,137,0,26,1,6,1
87,1,20,1,1134,31,0,37,1,2,0
51,1,19,1,2847,216,0,47,1,1,0
34,1,13,5,498,298,0,35,2,1,0
27,1,15,1,8348,7,0,19,1,6,1
38,2,20,3,1105,30,0,39,2,1,0
32,1,17,1,7155,218,1,37,1,2,1
41,5,22,1,3353,205,0,43,2,1,1
64,1,21,2,1243,24,0,55,2,1,0
39,1,18,1,2568,7,0,20,1,8,0
28,4,20,5,8193,6,0,50,1,1,1
62,6,19,1,7140,358,0,59,2,1,0
25,1,17,3,4916,25,0,52,2,1,1
27,1,16,1,8050,3,17,17,2,1,0
52,6,18,5,3382,15,0,45,1,1,1
42,1,16,1,977,109,0,12,2,1,0
23,1,17,5,4311,58,0,47,1,6,0
24,1,20,5,1998,61,17,8,1,1,0
45,1,17,5,7958,2,0,55,1,1,1
21,1,20,5,2049,155,0,40,2,1,0
30,1,16,5,8037,63,0,22,2,1,1
63,1,15,1,6690,363,0,16,2,1,1
52,4,14,3,1827,91,3,44,2,1,0
36,1,23,1,4304,11,0,44,1,1,0
49,2,19,1,5121,124,0,22,1,1,0
56,6,20,1,1814,16,0,21,2,2,0
57,1,21,5,958,6,0,35,2,1,1
17,1,19,5,1598,154,14,44,1,1,0
68,3,22,5,1474,19,0,60,2,1,1
39,7,18,1,5902,31,0,41,1,1,1
38,1,15,5,3919,77,0,45,1,9,0
31,1,13,1,6447,48,0,39,1,1,0
26,1,19,1,8273,185,2,47,2,2,0
60,1,18,1,6287,23,0,33,2,1,0
34,1,20,5,8250,4,2,60,1,1,0
37,1,18,1,7301,554,12,56,1,6,0
27,1,20,3,3995,55,0,49,1,1,1
22,1,19,1,7931,18,8,21,2,1,0
50,6,16,1,4147,18,0,50,2,1,0
37,1,20,3,6857,361,0,34,2,1,0
49,5,23,1,1519,8,0,22,2,1,1
29,6,18,5,1773,47,0,18,2,1,0
46,6,19,1,4962,5,0,16,2,1,0
39,1,18,3,4299,41,0,17,1,1,0
26,1,18,1,6060,52,0,19,1,1,0
48,1,21,1,1686,185,0,52,2,1,0
46,1,16,5,8884,4,1,37,1,6,1
54,1,24,1,2051,8,0,40,1,1,0
59,1,14,3,4305,53,5,34,2,1,0
50,1,20,1,4834,31,2,52,1,1,1
56,1,23,1,5133,20,0,48,1,1,0
64,1,16,1,7923,14,0,43,1,1,1
20,1,19,5,2243,24,0,53,2,1,1
28,1,20,5,2003,54,16,28,1,3,1
37,1,17,5,9412,82,16,34,1,1,0
42,3,21,5,6069,66,0,30,2,8,1
35,1,13,5,3624,10,0,26,1,9,0
47,1,21,1,2771,62,0,37,2,1,1
55,1,9,2,4197,178,0,24,2,2,0
39,1,18,5,8615,152,0,23,1,1,1
43,4,19,1,2841,20,2,58,1,1,1
33,1,15,5,6833,4,0,36,1,1,0
47,3,13,5,5989,2,0,35,2,2,1
24,1,16,5,9083,8,1,60,2,1,0
33,1,21,5,7568,104,0,24,1,1,0
36,1,20,5,2043,30,0,15,1,1,0
34,2,15,1,2216,14,17,72,2,1,1
54,1,20,1,4880,10,0,55,2,6,1
34,1,18,1,3224,46,0,62,2,1,1
28,1,22,1,4201,9,0,16,2,8,1
32,2,17,3,3480,195,8,50,2,1,0
31,1,17,3,7234,298,0,38,2,9,0
41,1,18,1,5481,218,0,51,1,2,0
53,1,18,3,5117,9,0,31,1,2,0
66,1,18,1,569,139,0,54,2,2,1
32,1,18,3,4500,11,0,55,1,1,0
53,6,19,3,914,11,0,28,2,1,0
51,1,15,5,8221,1,0,43,1,1,0
54,4,22,1,2904,14,0,33,1,1,0
40,1,17,1,4343,47,0,37,2,1,0
58,1,18,1,2213,43,0,42,1,1,1
71,4,19,3,1599,43,0,36,2,1,1
34,1,18,1,2194,128,0,33,2,1,0
67,7,21,1,267,213,0,26,1,1,1
49,1,23,1,5668,32,0,16,1,1,1
40,1,18,1,1505,193,4,57,2,6,1
39,1,14,1,856,82,0,60,1,1,1
44,1,22,1,3524,180,0,61,2,1,0
72,1,13,1,2712,47,0,37,1,1,0
43,1,23,1,5223,71,0,40,1,1,0
34,1,17,1,6374,2,0,72,1,1,1
38,1,20,1,3824,216,0,63,1,6,0
44,2,19,5,343,6,2,34,2,1,1
42,1,19,5,1593,267,6,35,2,1,0
40,3,16,5,9035,19,0,34,1,1,0
27,3,17,5,6994,7,0,47,1,1,0
49,1,21,2,2637,49,0,35,1,8,1
31,1,9,5,9223,29,0,26,1,6,0
62,7,21,5,5243,204,0,21,2,1,0
35,1,23,5,5964,125,0,36,2,1,1
19,1,16,5,9123,29,15,51,1,1,0
30,2,19,5,2183,2,0,36,2,1,0
25,1,22,5,1510,40,15,31,2,1,0
34,1,17,3,355,6,0,65,1,1,1
70,1,15,1,9696,86,0,48,1,1,0
50,2,21,1,2311,10,1,38,1,1,1
39,1,22,1,4155,318,0,59,1,1,1
57,1,21,1,5984,291,5,43,1,1,1
23,1,19,5,7442,52,12,15,2,6,0
71,1,20,1,2329,10,0,44,2,1,0
43,1,22,1,2631,108,0,40,1,1,0
32,1,14,1,8181,124,0,59,2,1,0
56,8,21,1,1191,76,0,33,1,2,1
36,2,16,5,7461,40,0,32,2,1,0
41,4,16,1,8886,52,0,33,1,1,0
65,2,12,5,4503,230,0,62,1,1,0
42,1,21,3,5979,18,12,33,2,1,0
18,1,19,1,1645,178,0,70,1,1,0
47,1,19,2,2620,40,0,47,2,2,1
48,4,13,3,3825,76,0,48,1,1,0
28,2,19,3,7619,187,17,26,1,1,0
82,1,18,1,471,121,0,28,2,1,1
54,1,13,1,4940,49,0,34,2,1,0
38,2,19,5,1811,4,0,54,1,1,0
55,4,12,1,8841,25,0,51,2,6,0
36,1,22,2,7439,82,0,28,2,1,0
51,2,12,5,524,155,1,35,1,1,0
48,1,19,1,4873,90,0,39,2,6,0
28,1,21,1,2766,10,0,43,1,1,0
50,2,21,1,7403,17,0,39,1,1,1
40,1,21,1,5197,96,0,22,2,1,0
79,1,19,2,980,137,0,45,1,1,0
45,1,18,1,55,84,0,31,2,1,0
40,1,18,5,3890,61,1,22,2,2,1
39,1,17,5,3821,154,0,21,2,2,0
60,1,16,5,7960,53,0,59,1,1,0
28,6,21,5,1905,305,6,58,1,8,0
28,7,20,1,1928,3,0,26,1,6,0
22,1,20,5,5630,10,3,35,1,1,0
53,1,14,1,5569,49,0,53,1,1,0
34,1,18,1,1598,4,0,53,2,1,1
57,1,17,1,9110,104,0,19,1,1,0
34,2,20,5,2360,8,0,52,2,1,0
64,1,22,1,7711,97,0,35,2,1,0
51,1,22,1,4002,33,0,29,2,1,1
52,1,23,5,7516,47,0,21,2,1,0
35,2,23,1,2773,31,0,38,1,1,1
61,3,22,1,1924,13,3,51,1,9,1
19,1,18,1,5805,16,7,30,2,1,0
29,2,17,3,5963,10,0,50,1,6,1
26,1,20,1,2730,2,0,62,1,1,0
37,1,19,1,2345,39,0,42,2,1,0
23,1,18,5,3771,43,15,7,2,1,0
54,3,18,1,7335,1,0,31,1,1,0
36,1,19,5,4533,89,9,40,2,8,0
32,1,17,5,8580,2,16,23,1,1,1
68,1,17,1,2030,59,0,45,2,1,0
46,1,13,1,2877,148,0,49,1,1,1
29,7,21,5,3497,110,0,39,2,1,0
69,2,19,1,7407,39,1,52,1,1,0
19,1,18,5,3099,35,15,27,2,6,1
30,2,19,5,2068,20,16,42,2,1,0
56,1,21,1,5426,70,0,49,1,1,1
34,1,18,1,7740,23,5,41,1,1,0
23,5,18,5,3205,13,0,32,2,1,1
67,1,12,1,6992,24,0,29,1,1,1
29,1,22,1,4334,94,0,40,1,1,0
56,5,23,1,1987,5,1,62,1,1,1
26,2,21,1,1942,1,0,2,2,6,0
29,3,21,3,621,122,3,28,2,6,0
20,3,19,5,9090,20,17,25,1,1,1
19,2,23,5,4307,138,3,41,2,1,0
41,1,17,5,8693,121,0,47,2,1,0
21,2,20,3,2602,1,1,42,1,1,0
31,1,13,1,4712,11,0,41,2,1,0
38,1,22,1,121,24,0,56,2,1,1
47,1,20,5,7425,88,0,43,1,1,0
71,1,15,5,6755,201,0,38,2,1,0
51,1,21,1,3696,64,0,38,2,1,0
34,7,22,1,129,221,0,38,1,1,1
25,4,21,1,4029,45,0,46,1,1,1
29,1,19,1,7028,104,11,60,1,1,0
31,1,18,1,1096,80,0,47,2,1,1
30,1,19,5,4631,164,0,33,1,1,1
44,1,20,3,5491,193,15,51,2,8,1
55,1,19,1,8158,177,5,30,1,1,1
37,1,21,1,5325,12,0,31,1,6,0
23,1,22,3,1211,121,10,43,2,1,0
58,1,21,1,7549,17,0,39,1,1,0
30,1,18,1,2483,227,0,19,2,1,0
61,1,16,1,3731,91,0,10,2,1,0
50,3,11,1,4097,10,0,12,2,1,0
39,1,16,1,5383,72,0,28,2,1,1
50,4,14,1,7128,26,0,45,1,2,0
32,2,19,5,8692,45,17,25,2,1,0
25,1,17,1,2684,2,0,25,1,1,1
27,5,19,1,142,73,4,22,1,1,0
29,1,19,1,481,14,1,30,2,9,1
29,7,21,1,71,102,0,45,2,1,1
19,1,13,1,5950,101,11,38,2,1,0
68,1,23,1,6968,41,0,42,2,1,0
24,3,19,3,3729,351,0,32,1,1,0
21,1,15,5,9468,24,0,16,2,6,0
29,1,12,5,3978,513,0,39,1,6,0
41,1,16,3,5113,232,4,40,1,1,0
71,7,21,5,6541,4,3,28,2,1,0
65,5,20,1,2757,131,0,30,1,2,0
58,4,19,4,3248,275,0,59,1,1,0
37,1,16,1,7147,39,3,42,1,3,0
54,1,22,1,1555,28,0,46,2,6,1
30,1,10,1,7936,251,10,27,1,1,0
30,1,18,5,7705,147,0,47,2,6,0
65,2,20,1,6241,24,0,49,2,1,1
30,7,19,1,8054,47,0,24,2,1,0
46,2,19,1,1630,12,0,28,2,1,1
31,5,22,5,8017,35,0,60,1,1,0
38,1,19,1,5446,24,0,39,1,1,0
60,6,18,3,5436,97,0,43,1,1,0
42,1,19,1,1275,2,3,65,1,1,1
35,4,20,1,4081,10,1,44,2,2,0
38,1,9,1,4015,74,0,32,2,8,1
28,5,17,3,3916,50,0,47,2,1,1
81,6,23,1,3524,65,0,74,1,1,1
39,1,17,1,5095,51,0,49,1,2,1
43,3,19,1,5083,56,2,38,2,1,1
62,2,22,1,4348,13,0,73,1,1,1
72,1,20,1,5460,349,0,67,1,1,1
24,1,18,5,7871,43,13,33,2,1,0
37,4,20,5,8772,257,0,34,2,1,0
24,4,13,5,3009,62,0,44,1,6,0
33,1,15,5,2526,46,0,57,2,1,0
73,4,14,1,732,116,0,36,1,6,0
21,1,21,5,852,1,0,30,2,2,1
51,3,22,1,35,76,0,44,2,1,1
72,1,22,1,1111,425,0,56,1,1,0
66,1,21,1,5619,56,1,58,1,1,1
43,1,20,3,5173,4,0,43,2,1,1
42,1,22,1,832,18,0,40,1,1,1
35,4,23,1,283,89,1,37,2,1,1
59,1,10,1,6473,48,0,33,1,1,0
71,5,21,1,7170,2,0,41,1,6,1
67,1,19,3,2946,10,2,20,1,1,0
36,1,18,5,7162,48,15,42,2,1,0
43,1,21,3,6068,11,0,29,2,1,0
36,1,23,1,1298,37,0,40,1,1,0
50,3,15,3,3463,12,0,55,1,1,0
33,6,20,3,2887,48,7,55,1,1,0
48,4,17,1,4702,10,0,63,1,1,0
82,3,19,1,7445,74,0,33,2,1,1
19,1,21,5,3409,42,0,33,2,2,0
79,1,23,3,2188,3,6,34,1,1,0
27,1,18,5,5110,3,8,38,2,1,0
52,1,17,1,7317,177,0,37,2,1,0
44,6,19,1,5893,58,0,52,1,2,1
18,1,21,5,4264,182,0,37,1,8,0
36,4,20,5,8131,31,0,48,2,1,0
31,1,22,5,4713,72,5,38,1,1,0
32,1,22,1,1005,6,0,44,1,1,1
23,1,18,1,4715,318,0,38,2,9,1
46,1,21,1,2311,231,0,23,2,1,0
64,1,20,2,4290,8,11,38,1,1,1
69,3,19,2,2826,60,12,17,1,1,1
25,1,19,5,3679,11,0,44,2,1,0
60,2,20,1,2730,7,0,27,1,1,1
30,1,12,1,6965,46,0,43,1,1,0
19,6,18,5,7611,23,5,32,1,1,0
49,1,20,1,2634,118,0,22,1,1,0
38,7,19,5,2496,21,1,4,1,1,0
40,1,18,1,2613,19,0,30,1,6,0
24,1,16,5,4577,4,17,30,2,1,0
19,1,22,3,211,98,0,48,1,1,1
51,1,19,1,4260,24,0,24,1,1,1
25,1,20,5,3717,162,0,47,1,1,1
50,1,19,1,7888,6,0,49,2,1,1
30,1,22,5,3006,4,0,37,1,1,0
30,7,19,5,658,15,9,37,1,1,0
26,1,14,5,3795,71,0,35,1,1,1
20,1,18,3,4488,60,17,10,2,1,0
27,6,14,1,6365,450,0,55,1,1,0
45,1,18,1,1779,1,0,56,2,1,0
49,1,23,1,1344,1,0,15,2,1,0
32,1,14,1,8175,66,0,62,1,1,1
64,1,21,5,1184,220,0,48,2,1,1
66,3,21,1,4696,3,0,16,2,1,0
57,1,21,1,4522,57,0,45,1,1,0
39,1,22,1,1363,121,5,62,2,1,1
57,2,20,5,8820,37,0,14,1,2,0
61,1,21,1,116,136,0,43,1,1,1
80,2,22,1,3263,12,0,25,1,1,0
72,3,22,1,46,114,0,53,2,1,1
38,6,15,5,9736,10,0,43,2,8,0
75,1,16,1,2493,148,0,50,2,1,0
50,1,21,1,2110,10,0,40,1,1,1
55,1,20,5,6967,2,0,53,2,1,1
50,1,21,4,50,40,0,45,2,1,1
24,2,15,1,3515,24,0,46,1,1,0
48,3,20,1,206,74,2,43,2,1,0
30,1,20,5,980,337,0,33,2,6,1
69,3,19,1,715,54,2,18,1,1,0
54,1,21,1,5927,23,0,32,1,1,0
29,3,21,1,196,17,16,26,2,1,0
26,3,20,1,1843,1,0,32,1,1,0
46,1,17,1,2028,5,0,35,2,1,0
69,1,17,3,4613,67,0,28,1,1,0
46,1,20,1,5307,1,0,35,1,1,0
31,1,20,1,1416,13,0,30,1,1,1
45,1,15,1,1133,97,0,33,1,1,1
52,1,20,1,210,43,0,38,2,1,1
52,1,22,1,2672,350,0,23,2,1,1
67,1,21,3,3802,9,0,26,1,1,0
69,1,22,1,3264,100,0,36,2,1,1
27,1,15,1,9026,12,8,17,1,1,0
21,1,19,5,5749,20,8,43,2,1,1
44,1,16,1,2232,359,0,44,2,1,1
65,1,18,1,5452,62,0,54,1,1,1
64,1,13,5,6772,71,0,24,2,1,0
54,2,21,1,4564,2,0,46,1,1,0
32,1,21,1,1014,31,0,22,1,1,1
40,1,19,5,7112,9,0,41,2,1,1
69,3,17,2,830,78,7,52,1,1,0
60,1,23,1,2074,18,0,36,2,3,1
47,5,18,5,2000,46,12,43,1,1,1
52,4,21,5,2588,86,5,30,2,1,1
23,1,24,3,154,11,0,49,1,1,0
30,1,6,5,9445,9,17,34,1,1,0
33,1,22,5,3606,25,0,53,2,1,0
34,3,19,1,1409,11,0,43,2,1,1
19,1,10,3,5032,138,17,21,2,1,0
63,1,18,4,7139,109,0,34,2,1,0
40,1,20,5,7942,33,0,52,1,1,0
23,6,18,1,6290,131,4,36,1,1,0
57,1,16,1,5874,68,16,28,1,1,0
42,7,17,5,2394,53,0,19,1,6,0
59,1,19,1,1815,44,0,37,2,1,0
23,1,17,3,8431,14,1,31,2,1,0
44,2,16,1,896,14,0,54,1,1,0
60,6,19,4,1763,48,17,49,2,1,0
58,1,21,1,365,166,13,35,2,1,0
73,3,22,4,6954,40,0,52,1,1,1
27,1,20,5,4929,62,17,31,1,1,1
49,6,14,5,8662,103,1,60,1,1,0
61,3,20,1,907,6,16,37,2,1,0
23,2,22,1,2141,3,1,44,1,1,0
81,2,23,1,88,15,0,53,2,1,1
38,6,19,1,2912,229,0,43,1,1,1
59,1,13,1,1660,121,0,55,1,1,0
42,1,21,1,4676,212,0,51,1,1,1
29,1,24,3,2793,143,17,30,2,2,0
25,1,22,3,759,22,0,37,1,1,0
59,1,18,1,300,71,0,51,1,1,1
55,1,18,2,4263,28,0,49,2,1,1
52,6,23,1,2435,261,0,38,2,1,1
29,3,20,1,1725,30,3,43,2,1,1
44,1,21,1,1341,3,13,29,2,1,0
59,1,14,2,1461,29,0,41,2,1,0
49,1,20,1,3372,10,0,43,1,1,0
36,1,15,1,959,130,0,60,2,1,0
77,1,15,1,5224,130,0,24,2,1,0
42,1,21,1,1486,118,0,24,1,6,0
26,1,20,3,476,71,7,48,1,6,0
64,2,20,1,537,160,0,37,2,1,1
52,1,21,1,7676,53,0,45,1,1,0
34,1,20,1,4044,24,0,24,2,1,1
34,1,18,1,2958,29,0,45,1,1,0
29,1,17,5,2962,2,17,21,2,1,0
24,1,18,1,7144,66,0,48,1,1,1
56,6,22,1,247,29,0,23,2,1,0
38,4,19,3,1097,93,0,56,2,2,0
18,1,21,5,7255,46,0,41,1,1,0
42,4,20,3,2222,1,5,36,2,1,0
47,4,21,1,2456,25,0,43,1,1,0
25,1,16,5,434,23,12,21,2,1,0
32,3,15,1,4594,24,10,39,2,1,1
44,2,19,1,2529,106,0,36,2,1,0
27,6,12,5,8336,192,15,28,1,1,0
53,3,22,2,1917,7,0,28,2,2,1
25,1,15,5,8097,23,7,32,1,3,1
47,2,13,3,4385,60,0,41,1,1,0
21,1,18,5,5192,8,15,1,2,1,0
37,1,19,4,7012,128,3,36,1,1,0
46,1,21,1,4425,14,0,29,2,1,0
49,6,19,5,2333,8,0,28,1,1,0
36,1,13,5,7511,54,5,36,1,6,0
63,2,22,1,3684,64,0,36,1,1,0
76,1,22,1,5407,125,0,35,1,1,1
35,1,9,5,8884,64,0,33,1,1,0
70,1,18,1,5962,165,0,47,1,1,0
32,1,18,1,8872,18,1,31,2,2,0
33,6,7,1,7909,57,0,44,1,1,1
46,1,10,1,9086,105,0,35,1,1,0
18,1,16,3,9156,71,6,39,1,1,0
53,1,9,5,6592,36,0,37,1,1,0
43,1,22,1,1415,75,0,59,1,2,1
43,1,13,5,8976,40,2,53,1,2,0
33,1,20,5,4391,36,0,42,1,1,1
52,1,21,5,7430,63,0,43,1,1,1
27,3,17,5,7351,329,2,24,1,1,0
54,1,16,2,7214,193,4,30,1,2,1
28,1,14,3,5507,38,0,58,2,6,0
35,1,10,5,9688,230,0,37,2,2,0
46,1,18,1,5995,55,17,28,2,1,0
50,1,13,1,8423,2,0,51,1,1,0
79,7,14,1,6811,83,0,33,1,6,0
33,1,14,5,4110,437,17,38,1,5,0
38,1,18,5,6728,73,2,57,1,1,1
49,1,23,1,3220,19,16,17,1,1,0
26,1,17,5,8702,4,0,31,2,1,0
46,1,16,5,5077,7,0,26,2,1,0
79,2,14,5,7279,30,0,46,1,6,0
19,2,20,5,2101,24,0,41,1,3,0
58,1,19,1,4753,48,0,22,2,1,1
46,3,19,1,4788,5,0,53,1,1,1
42,1,16,1,5567,1,0,41,1,1,1
78,6,23,2,7217,2,0,27,2,2,1
43,2,17,4,1350,83,0,46,2,9,0
55,3,20,4,2018,1,0,32,1,1,1
27,1,17,1,394,260,5,36,1,1,0
48,4,15,1,1446,80,10,15,1,6,0
49,4,18,3,4028,2,0,44,1,1,1
38,1,15,1,5765,94,17,27,2,1,0
56,1,20,5,791,104,0,25,2,1,1
67,1,18,5,1458,17,0,56,1,1,1
44,4,21,2,6650,2,2,53,1,1,1
51,1,22,1,6461,5,0,48,1,1,1
62,2,17,1,4464,41,0,32,2,1,0
65,1,23,1,878,7,0,30,2,1,1
53,1,22,1,2934,47,15,32,2,1,0
59,4,21,1,2713,7,0,81,1,1,1
46,3,17,5,7585,289,0,54,1,6,0
40,1,21,5,2312,4,0,33,2,1,0
62,2,21,5,474,61,0,36,2,2,1
27,7,24,5,417,18,0,51,2,1,1
39,2,20,5,1353,50,0,44,2,6,1
44,1,23,1,3280,149,0,28,2,2,1
50,2,18,3,5921,9,0,45,1,1,0
29,1,17,5,4817,20,11,16,1,6,0
53,6,23,1,1856,3,0,40,2,1,1
65,3,21,1,3526,210,0,21,1,1,0
45,1,22,5,6623,8,17,27,1,1,0
45,1,16,5,1895,4,17,29,2,1,0
44,1,21,1,5856,2,1,46,2,1,0
37,1,18,5,567,85,0,53,2,6,0
28,1,19,5,1140,3,0,39,2,1,0
53,1,19,1,5365,112,0,34,2,9,0
57,7,22,1,4189,287,0,41,2,1,1
63,4,21,1,477,29,0,53,1,1,1
58,3,22,1,435,530,0,4,2,1,0
54,1,21,1,9654,42,0,42,1,1,1
72,1,17,1,957,1,0,55,2,1,1
76,3,18,1,2691,210,0,35,2,1,0
31,1,17,1,2682,37,0,52,2,1,0
36,1,21,1,6611,91,0,53,1,1,0
50,3,24,1,3945,226,0,39,1,1,0
34,4,20,3,8737,159,0,39,1,1,0
55,6,23,1,5420,1,0,32,1,1,1
32,8,17,5,7778,2,7,4,2,1,0
55,1,20,1,494,2,0,46,1,1,0
30,2,16,5,5302,6,0,5,1,1,0
28,1,20,1,3564,123,15,34,1,1,0
39,1,16,3,3927,61,0,16,2,1,0
24,1,22,3,1348,1,0,63,2,2,0
43,1,21,3,2767,142,0,67,1,1,1
29,1,22,1,2333,109,0,39,2,1,0
42,1,16,5,3488,3,0,28,1,1,0
68,1,20,1,3949,191,0,56,1,1,1
35,6,21,3,7462,131,0,38,2,1,1
28,2,6,5,6697,263,7,54,1,6,1
25,1,22,1,4367,22,1,27,2,9,0
21,1,21,5,3375,85,11,29,2,1,0
64,1,21,1,396,20,0,49,1,1,0
31,3,18,5,6408,5,0,44,2,1,0
77,2,21,1,5790,97,0,41,1,1,0
58,2,21,1,8684,100,0,23,2,2,0
38,2,19,3,333,32,0,35,2,1,0
44,1,18,1,617,47,0,46,2,1,0
57,2,21,1,5546,3,0,45,2,1,1
25,4,18,1,3538,62,3,42,1,1,1
21,1,13,5,5769,106,2,36,2,6,0
55,1,17,5,1130,14,0,38,2,2,0
33,1,14,5,8473,19,0,53,1,1,0
28,4,20,1,7324,23,1,46,2,1,0
48,3,22,1,614,15,0,34,2,1,0
24,1,20,5,4465,8,0,39,2,1,0
76,4,22,2,2636,92,0,28,2,1,0
35,1,16,1,6272,181,0,26,2,2,0
52,1,16,1,5246,39,0,23,1,6,1
39,6,19,1,8093,4,0,9,1,1,0
73,1,21,1,2895,106,0,38,2,9,0
47,1,22,1,2514,56,0,56,1,1,0
44,4,18,5,2143,8,15,38,2,1,1
28,1,18,1,5487,21,0,21,2,1,0
51,1,16,1,5425,29,1,32,1,1,0
45,1,20,1,702,366,0,38,1,1,1
46,1,19,5,5745,23,0,40,1,1,0
48,1,18,1,6803,40,0,27,2,1,0
18,1,17,5,927,14,15,12,2,1,0
57,3,17,1,3641,16,0,42,1,1,0
20,1,14,5,3880,23,3,31,1,1,0
23,1,23,5,3662,2,0,33,2,1,0
32,1,23,3,444,124,17,46,2,8,0
29,1,19,3,5270,112,0,26,2,1,0
47,1,18,1,869,146,0,22,2,1,1
46,3,10,1,1991,130,0,24,2,6,0
19,1,16,5,1320,62,0,28,1,2,0
21,1,3,1,7496,44,0,34,1,1,0
45,1,17,1,3141,1,0,50,2,8,1
47,4,16,1,7703,35,0,58,2,1,0
25,3,17,5,7171,5,0,38,1,1,1
30,1,18,3,2085,94,0,21,1,1,0
39,1,20,5,3881,3,16,29,2,1,0
67,1,13,1,3276,11,0,52,1,1,0
35,1,21,3,5612,92,0,55,2,1,1
63,1,22,2,4209,53,0,46,1,1,1
35,2,16,1,8849,118,0,54,1,8,1
27,2,21,1,7262,4,0,49,1,1,0
23,1,15,5,5941,14,0,29,1,1,0
21,6,17,5,2714,10,16,29,2,1,0
50,6,21,5,4215,105,15,28,2,1,0
23,1,20,5,5452,45,13,21,2,6,0
35,1,15,1,4263,54,0,21,2,1,0
33,7,18,1,475,15,14,36,2,1,0
65,2,23,1,1469,68,0,39,1,1,0
44,6,21,5,1260,10,0,26,1,1,0
50,1,17,5,2233,126,12,8,1,1,1
26,3,22,5,3768,90,0,22,1,1,0
59,1,16,2,5848,53,0,59,1,9,1
41,1,16,1,3114,15,0,52,2,1,1
73,3,19,1,3196,1,0,17,2,1,1
49,1,21,1,2664,132,0,21,2,1,1
30,1,16,5,2680,57,0,57,2,1,0
29,1,23,1,2783,193,0,35,1,1,1
50,1,20,3,2586,69,0,38,1,1,0
65,1,23,1,4671,4,6,26,2,1,1
44,7,22,1,6620,38,0,9,1,1,0
56,1,22,4,1039,262,0,36,2,1,1
21,1,17,1,5194,40,0,40,2,1,0
50,6,20,1,323,24,0,34,2,6,0
80,1,22,1,8932,231,0,27,1,1,0
32,1,14,5,8967,28,5,30,1,1,0
43,1,21,5,2166,163,0,25,2,6,1
34,1,18,5,7570,60,0,26,1,1,0
70,6,20,1,2225,14,0,13,2,1,0
43,2,4,1,7378,130,0,31,1,8,0
47,1,20,1,7573,377,0,48,1,1,0
50,3,20,1,2523,61,0,40,1,1,1
36,1,18,5,6587,18,15,26,1,1,0
41,1,20,1,2755,2,0,55,1,1,1
41,5,21,5,4501,37,0,46,2,1,0
21,1,21,1,2943,55,17,23,2,1,0
41,1,20,5,7655,1,0,42,1,6,0
34,1,19,5,5535,3,0,39,1,1,1
45,1,19,5,6118,2,0,28,1,8,1
36,1,19,5,3276,85,0,33,2,1,0
21,1,22,1,931,13,8,25,2,1,1
26,4,18,5,7389,7,17,31,2,1,0
40,1,20,1,4190,15,12,49,1,1,1
27,6,20,1,4778,26,0,51,1,1,0
53,1,13,1,7130,82,0,51,2,2,0
27,3,21,5,440,382,0,39,2,6,0
67,2,17,2,5426,21,0,60,1,1,0
25,1,18,5,8148,2,0,33,1,2,1
56,1,18,1,3332,16,0,44,2,2,0
36,6,19,1,4321,11,0,43,1,1,0
40,2,13,3,3006,12,0,31,2,6,1
19,1,17,3,6123,76,0,23,1,8,0
56,3,22,1,7761,386,0,30,1,1,0
28,1,19,1,3423,37,0,42,1,1,1
52,1,23,5,1840,62,0,41,1,1,1
80,2,22,1,3487,152,0,42,1,1,1
39,1,21,1,257,1,0,44,2,1,0
81,1,20,3,2350,3,0,42,2,1,0
25,1,22,5,3372,77,0,11,1,1,0
23,1,22,5,1080,22,0,47,1,1,1
45,1,21,1,2321,2,0,43,1,1,0
25,1,16,5,3230,23,0,28,2,1,0
48,1,13,1,1764,37,0,29,2,6,0
57,3,20,5,3476,10,0,40,2,6,0
43,1,21,1,2302,39,6,58,1,1,1
54,1,18,1,677,5,0,49,1,1,1
39,6,20,3,4965,25,6,59,1,1,0
28,1,22,1,7274,25,0,35,1,9,0
44,1,21,3,2691,7,17,50,2,1,0
71,1,18,1,124,117,0,35,2,1,0
33,1,16,5,9375,102,0,39,1,1,0
30,1,20,3,3345,28,0,27,1,1,1
61,1,18,4,8302,150,0,45,2,1,1
65,2,21,5,2385,107,0,34,2,1,0
60,3,21,1,98,69,0,42,1,3,1
54,1,20,1,343,66,0,36,2,1,1
38,1,16,5,4597,2,0,50,2,1,1
41,1,22,1,3191,14,8,38,2,1,0
57,2,18,1,6722,1,0,32,2,1,1
23,1,13,3,1511,6,0,18,2,1,0
27,1,20,1,820,194,17,24,2,2,0
34,1,20,1,2642,29,0,30,1,1,1
42,1,20,1,1426,42,0,17,1,1,0
38,4,20,3,7536,22,15,28,1,6,0
28,1,19,5,5319,119,5,8,2,1,0
27,7,21,5,383,267,3,23,1,1,1
51,1,17,1,424,27,0,58,1,1,1
37,1,19,1,5447,33,0,30,1,1,0
36,1,17,1,8285,21,0,40,1,1,0
71,1,19,1,1237,9,0,20,2,1,0
30,1,19,5,7966,4,0,25,1,3,0
26,2,18,5,4488,186,2,27,1,6,0
28,2,17,1,3052,132,2,49,1,2,0
43,1,20,1,3086,40,0,47,1,1,0
57,3,20,1,6102,204,0,54,2,1,0
67,1,21,1,6266,174,0,33,2,6,0
24,1,16,1,7312,42,16,20,2,1,1
32,1,22,5,3106,65,3,34,2,1,0
26,1,20,1,7083,2,0,49,2,1,1
48,1,17,5,5616,17,0,46,1,1,1
62,1,17,1,9124,13,0,33,1,1,0
51,5,20,4,514,120,0,40,1,1,1
47,1,18,1,1056,8,0,51,2,1,1
37,1,10,5,6460,103,9,15,1,1,0
27,6,20,1,160,49,0,40,2,1,1
22,1,20,1,1801,186,2,38,2,6,1
24,7,13,5,1261,43,17,20,1,1,0
43,4,23,3,502,21,0,37,2,2,0
66,1,19,3,3817,201,0,32,2,1,0
20,1,20,5,1182,161,0,48,2,1,0
47,1,21,3,3272,96,15,47,2,1,0
28,1,22,5,2344,87,0,29,2,2,0
51,1,22,1,723,64,0,16,2,1,1
27,1,9,5,5088,101,16,52,1,8,0
44,1,21,1,1154,93,2,37,1,1,1
53,6,21,1,7330,70,7,36,2,6,0
45,1,20,5,210,9,0,36,2,1,0
33,1,22,5,6150,11,0,32,2,2,0
51,1,19,1,8380,17,1,49,2,1,0
42,2,19,3,4674,77,0,5,1,2,1
25,1,15,1,5144,13,17,35,1,1,0
68,5,21,5,4534,22,0,47,1,2,1
63,1,18,1,643,46,0,29,1,6,0
38,1,13,1,6240,2,0,26,1,8,0
51,1,20,1,1422,298,0,41,2,1,1
47,1,17,2,185,189,0,56,1,1,0
52,3,16,1,7888,6,0,37,1,2,1
22,1,18,5,7992,6,0,29,2,1,0
61,2,23,3,1668,48,12,28,2,2,0
20,1,18,1,1339,6,0,41,2,1,0
28,3,18,1,337,36,0,32,2,1,0
34,1,19,1,1989,90,0,46,2,1,0
36,5,16,1,4622,107,0,57,2,1,1
48,7,19,3,4137,103,0,51,2,1,1
39,1,16,1,1803,130,0,23,1,1,0
65,3,22,1,530,48,0,49,1,1,1
44,5,21,1,462,142,0,23,1,1,1
63,1,15,1,3237,305,0,38,2,8,1
40,1,15,1,8786,46,3,32,1,1,0
53,1,17,5,8717,93,1,48,2,6,0
45,6,17,5,5805,217,0,67,1,1,1
62,2,19,1,268,110,0,58,1,2,1
27,1,17,1,8950,6,1,18,1,1,0
28,1,20,3,6719,8,17,3,1,1,0
37,7,17,1,5889,12,0,24,1,1,0
79,1,21,1,4798,71,0,26,1,1,1
30,1,20,3,911,7,0,31,1,1,0
27,1,22,3,9251,32,13,22,2,8,0
56,2,21,1,740,29,0,32,1,1,0
71,2,22,1,2119,86,0,27,2,1,0
45,1,10,5,7589,28,0,31,1,2,1
44,1,19,1,4083,54,0,42,1,2,0
62,1,18,1,2011,129,0,19,2,1,0
74,1,19,1,5618,355,0,47,2,1,1
23,1,21,5,700,45,13,21,2,8,0
22,1,14,3,9259,53,4,47,1,1,0
22,3,20,5,2558,66,4,56,1,1,1
59,1,23,5,693,97,0,24,2,1,0
23,6,18,5,4624,173,0,39,2,1,0
41,3,18,5,8946,39,0,36,1,1,0
26,1,20,5,2485,103,8,47,1,1,0
72,1,19,1,4013,49,0,27,2,1,0
33,1,18,5,8529,117,0,60,1,6,0
45,1,18,1,2061,11,1,40,1,6,0
56,1,18,5,9152,21,0,44,1,1,0
64,1,24,1,803,16,0,45,2,1,1
28,1,18,1,9027,12,6,49,1,1,0
36,1,19,1,1647,6,0,32,1,1,1
62,1,12,1,4729,93,0,52,2,1,0
51,1,18,5,6089,144,0,39,1,1,0
46,6,19,1,788,6,0,35,1,1,1
26,1,14,5,8482,17,0,41,1,1,0
26,4,22,5,1801,24,0,34,1,1,1
36,5,19,1,6512,432,0,34,1,1,0
39,1,18,1,144,77,0,37,1,3,1
39,1,11,5,2321,89,0,61,1,1,1
49,1,22,1,119,25,0,39,1,6,0
51,4,20,1,6038,39,0,52,2,1,1
40,1,21,1,1903,109,0,43,2,1,1
48,1,21,1,790,28,0,47,1,1,0
48,1,19,1,2623,29,0,43,1,1,1
65,3,16,1,5472,91,0,42,2,1,0
64,1,20,1,2251,105,0,35,1,2,0
79,7,21,1,5455,28,0,45,2,1,0
59,1,14,1,6988,302,0,44,2,1,0
24,1,19,5,3022,11,0,31,2,1,0
53,6,19,5,2888,46,4,26,2,2,0
37,1,18,1,1387,59,0,40,1,1,0
62,1,19,1,3041,29,0,39,2,2,0
48,1,18,1,1215,1,0,63,1,1,1
23,1,15,5,6920,16,17,18,1,1,0
22,3,16,5,8637,38,0,13,2,9,0
66,1,19,5,3654,236,0,39,1,1,1
72,1,20,1,1142,138,0,42,2,1,0
31,1,21,5,4402,42,17,16,1,2,0
33,1,22,1,2589,108,0,38,1,1,1
49,1,20,1,725,5,0,53,2,1,0
27,1,21,5,1584,7,0,64,1,1,1
67,2,23,1,1338,68,0,33,1,1,1
41,1,20,1,9186,88,0,20,2,1,0
58,2,19,1,430,221,0,31,1,1,0
19,1,14,5,5481,169,0,51,2,2,1
36,1,20,3,2170,185,0,34,2,1,1
72,4,22,4,6185,19,0,52,2,1,1
33,1,20,5,6569,11,0,21,1,1,0
35,1,18,1,7597,47,6,6,2,1,0
62,7,19,4,1800,47,0,32,2,1,0
38,1,19,3,3969,33,0,32,2,1,0
20,2,18,5,6157,6,0,35,1,1,0
22,1,15,5,8934,4,0,46,2,8,0
36,1,10,1,2651,39,0,37,2,1,0
25,1,18,1,4829,1,1,47,1,1,1
47,1,20,1,3001,37,0,61,1,1,0
59,6,13,1,2889,19,0,41,1,1,0
46,2,10,5,8193,20,0,30,2,1,0
44,2,21,5,177,123,16,48,1,1,1
29,1,21,5,2773,43,0,42,1,1,0
38,1,19,1,1585,5,0,60,2,1,0
61,1,18,1,2870,20,0,27,2,1,0
55,1,21,1,1823,120,0,55,1,1,1
26,1,14,3,3827,22,0,44,1,2,1
22,1,20,3,9153,2,0,44,1,1,0
66,1,22,1,3088,208,0,41,2,1,0
72,1,21,1,369,32,0,46,1,1,1
73,6,18,5,530,21,0,39,2,1,1
59,1,16,1,1761,68,0,50,2,1,1
65,1,16,1,8163,365,0,41,2,6,1
29,1,15,1,2694,103,0,35,1,1,0
25,1,20,5,761,7,8,40,2,8,1
44,6,20,1,2132,183,0,23,1,2,1
40,1,22,1,2550,314,0,47,2,1,0
51,1,23,3,2900,58,0,41,2,1,0
74,1,19,1,3802,1,0,25,1,1,1
59,1,21,1,516,14,0,46,2,1,1
62,1,21,1,53,30,0,50,2,2,1
50,1,20,3,1370,109,0,39,1,9,1
60,1,19,1,8100,67,0,23,2,1,0
49,1,11,1,3429,17,0,40,2,1,1
25,3,19,2,5553,9,0,29,2,1,0
36,1,13,5,7268,30,5,31,2,8,0
41,2,14,1,2259,232,17,35,1,2,1
18,1,22,5,15,172,0,37,2,1,0
32,1,18,5,3186,89,0,38,1,2,1
54,6,17,1,2634,31,0,55,1,1,1
45,1,22,1,1053,69,0,24,2,2,1
39,1,17,3,6961,14,0,46,2,1,0
42,6,15,1,2204,2,0,36,2,1,0
72,1,22,5,1961,10,9,33,2,1,0
55,3,15,1,9106,65,0,43,1,6,0
30,1,20,5,3768,40,0,38,1,1,0
44,1,20,3,3428,8,0,44,2,1,1
24,3,12,3,5468,11,15,42,1,1,0
34,3,15,1,3407,29,1,28,1,2,0
33,6,21,3,3405,8,0,39,1,1,1
47,3,21,5,3299,3,0,48,2,1,1
32,1,13,1,5426,101,2,25,1,1,1
47,2,24,3,2672,47,0,45,1,1,0
42,1,21,1,3641,51,0,37,2,1,1
35,1,21,5,516,18,0,14,2,1,0
40,1,17,5,4567,81,12,26,1,1,0
53,2,20,1,1448,90,0,34,2,2,1
78,2,24,1,355,97,0,58,1,8,1
28,1,19,1,7411,79,0,45,1,9,1
24,1,16,5,8325,304,13,33,2,2,0
49,1,21,2,263,132,0,42,2,6,0
28,1,17,5,8763,5,0,49,1,1,0
60,6,23,1,882,197,0,40,1,1,0
45,1,20,5,8388,129,0,44,2,1,0
44,1,14,1,5724,2,0,50,2,1,0
40,3,12,1,4784,83,15,33,1,2,0
60,1,19,1,6196,103,0,53,1,8,1
55,3,20,1,3216,125,7,30,2,3,0
65,1,21,1,619,59,7,56,2,8,1
36,2,19,5,2343,29,8,49,1,1,0
38,1,19,1,8605,8,0,51,1,2,1
56,1,18,5,3672,5,0,42,1,6,1
33,1,20,1,2015,72,0,51,2,1,1
21,1,11,5,8594,86,1,26,2,8,0
45,4,17,1,6502,1,12,37,1,1,1
34,3,13,5,5842,164,0,42,2,2,0
65,1,20,1,3036,27,0,21,2,1,0
52,1,24,5,1669,27,0,18,2,1,0
33,1,17,5,458,23,4,24,1,1,1
38,1,17,5,3459,175,0,18,1,1,1
53,6,19,5,1506,17,0,49,1,1,1
55,1,22,1,3078,65,0,50,2,1,0
36,1,17,5,2085,101,0,50,1,1,1
47,4,23,5,2917,6,0,49,1,1,0
47,7,19,1,4598,61,0,36,2,2,0
31,1,22,1,6973,57,0,38,2,1,1
36,1,21,1,4329,24,0,45,1,1,1
34,2,21,1,3134,3,0,40,2,1,1
30,1,17,5,5107,183,0,45,1,1,0
62,1,23,1,42,92,0,63,2,1,1
45,1,18,1,1829,201,0,47,2,1,0
48,5,16,1,3644,106,0,32,1,1,0
32,3,17,1,7056,24,0,45,2,1,0
27,1,19,5,4294,2,17,22,1,2,0
45,1,15,3,9038,78,0,22,2,1,0
30,1,13,1,1420,48,17,44,2,1,0
65,1,21,5,4655,62,0,51,1,1,0
33,3,21,5,1838,29,0,35,2,1,0
33,3,22,5,2570,40,5,31,1,1,1
29,1,18,1,1428,1,0,22,1,6,0
39,1,19,1,999,15,8,40,1,1,0
24,2,22,5,2066,92,17,46,2,1,0
67,6,20,5,5319,56,0,41,1,2,0
78,1,20,1,2453,21,0,62,1,1,1
43,1,21,5,4870,43,0,29,1,1,0
49,2,20,1,1566,9,0,50,2,1,0
37,1,12,1,8205,17,2,29,1,1,0
36,5,14,5,7994,270,5,23,1,1,0
61,1,19,5,4790,138,1,46,1,1,1
43,1,15,1,2380,77,0,27,2,1,1
21,1,15,5,3432,27,2,33,1,1,0
42,1,20,1,3220,19,0,63,1,1,1
38,1,19,1,4344,124,0,39,1,2,0
45,1,10,1,6945,13,0,41,1,1,0
31,1,13,5,7631,21,0,38,2,1,0
31,1,17,5,3110,155,0,21,2,9,1
33,2,14,3,1371,8,0,48,2,1,0
77,4,24,1,5949,5,0,41,2,1,0
60,1,21,1,4663,3,0,61,1,1,1
37,1,16,5,3379,136,0,39,1,1,1
49,2,23,1,3661,6,0,44,2,2,1
31,7,15,3,3356,11,0,32,1,6,0
32,1,11,5,7746,266,0,20,2,1,0
24,2,18,1,7299,5,11,41,1,1,0
51,1,15,1,6549,2,0,50,2,1,0
46,5,21,1,2855,80,0,48,2,1,1
82,3,19,2,2812,4,0,52,1,1,0
64,1,21,3,6836,271,15,32,1,1,1
55,2,14,1,1040,122,0,24,2,3,0
27,1,18,1,368,8,0,53,2,1,0
40,1,17,1,821,306,1,26,1,1,0
39,3,21,1,113,13,0,8,1,2,1
57,3,22,1,6567,554,0,48,2,1,0
78,1,21,2,6070,212,0,24,2,1,0
54,2,23,1,2685,6,0,39,2,1,0
36,3,19,1,4390,136,0,64,2,2,1
65,1,16,5,3837,31,0,60,2,2,0
44,2,21,3,8358,69,0,36,1,1,0
55,1,21,1,2935,248,0,61,2,2,1
78,2,20,1,81,162,0,43,2,1,1
68,1,20,1,1488,12,5,32,2,1,1
39,6,17,1,2541,62,14,20,2,1,0
30,1,18,1,6252,22,9,56,1,1,0
36,4,18,1,6102,6,0,44,1,1,0
41,3,17,1,3932,76,0,29,1,1,0
50,5,22,1,4413,75,1,37,2,1,1
27,1,19,5,1294,7,0,42,1,1,0
48,3,19,5,1486,7,1,26,1,1,1
26,3,21,5,2642,6,0,49,2,2,0
24,6,19,5,643,41,0,31,1,9,0
80,1,24,1,140,39,5,43,2,1,1
66,1,16,4,3320,63,0,24,1,1,0
53,1,19,1,5410,134,0,43,2,1,0
24,1,21,5,1784,8,0,32,1,1,0
27,1,16,1,1599,2,17,38,2,1,0
56,6,19,1,258,277,0,41,2,1,0
26,1,21,1,5608,71,0,56,1,1,0
38,5,19,5,5310,5,0,38,2,1,1
46,1,18,3,5217,177,16,25,1,1,0
63,1,23,1,3561,1,0,63,1,1,1
40,6,19,1,1391,218,0,43,2,2,0
42,1,18,3,4654,120,0,46,2,1,1
47,2,19,1,7556,337,0,54,1,3,1
28,1,15,1,3982,5,0,30,1,1,0
34,1,21,1,4054,7,8,36,2,1,0
35,2,21,1,1700,42,0,55,1,6,1
31,1,17,3,5525,18,0,39,1,1,0
42,3,22,5,4516,3,0,50,1,1,0
37,1,16,1,9282,39,5,41,1,1,0
30,2,16,5,8573,28,0,12,2,1,0
28,5,16,5,4936,58,0,51,1,1,0
59,6,19,5,7977,91,1,46,2,1,0
30,1,20,1,1616,14,17,31,1,1,0
28,1,21,1,3502,22,0,41,1,1,0
37,7,19,5,5772,82,9,30,1,1,0
56,1,20,1,7969,33,0,36,1,6,0
33,2,14,1,3365,155,0,37,2,1,0
64,1,12,1,5843,48,0,45,1,1,1
51,3,23,1,391,2,0,42,2,1,0
33,1,20,3,2782,9,0,14,2,1,0
60,7,20,1,2931,21,0,20,2,1,1
33,1,24,5,42,11,0,50,2,1,0
46,1,21,5,4483,11,0,29,2,1,1
31,2,19,5,5559,3,0,26,1,1,0
26,1,20,5,2557,16,0,41,2,1,0
49,1,22,1,3882,8,0,52,2,2,1
41,6,19,5,3816,1,0,37,2,1,0
68,1,21,3,2711,7,0,48,1,1,0
50,1,21,1,5158,24,0,39,2,1,0
34,1,21,5,788,162,17,51,2,1,1
21,1,18,1,3034,194,0,34,1,1,1
44,4,20,1,2947,15,2,29,1,1,0
60,1,17,5,5899,101,0,21,2,1,1
44,4,18,1,5451,104,1,34,1,1,0
51,7,16,1,4647,117,0,39,1,1,1
40,1,17,3,3922,5,0,45,2,1,1
27,1,17,1,1543,17,13,38,1,1,0
49,1,19,1,8219,1,0,40,2,1,1
38,2,19,1,512,127,0,34,2,1,1
33,2,16,3,672,35,0,60,2,9,0
31,1,21,1,338,59,0,39,1,1,1
73,6,15,1,5419,33,0,29,2,6,0
43,4,18,1,5085,173,2,40,1,1,1
21,1,16,5,9273,106,17,40,2,1,0
37,1,18,5,3934,55,0,29,1,1,0
53,1,22,5,4676,52,0,37,2,1,0
50,4,23,1,67,271,0,62,2,1,1
55,1,21,1,7409,100,0,43,1,1,1
29,1,20,3,2913,1,10,35,2,1,0
49,4,19,3,5234,50,0,52,1,1,0
59,4,22,1,2637,57,0,39,1,6,0
58,1,18,1,8336,56,17,32,1,1,1
32,1,20,1,2696,182,11,24,2,1,0
59,2,19,1,1451,12,0,35,2,1,1
41,1,20,1,2148,2,0,48,1,8,1
48,5,20,5,6452,36,0,18,2,1,0
33,4,18,5,5002,554,9,16,2,1,0
44,2,16,5,5152,540,0,29,1,1,0
31,1,15,5,2328,12,14,28,1,1,0
21,1,21,1,628,172,17,31,1,6,0
20,1,22,5,3868,299,0,34,1,1,0
19,3,12,3,6449,57,3,20,2,1,0
75,5,17,1,5166,12,0,39,1,2,0
66,5,14,1,4320,3,0,37,1,1,0
36,1,22,1,5203,32,0,46,1,6,0
43,6,18,3,5637,10,0,38,1,8,1
61,2,22,1,881,42,0,52,2,1,1
36,6,19,3,3122,60,2,41,1,1,0
41,1,17,5,6733,200,1,33,1,1,0
35,1,18,1,3973,13,0,37,2,9,1
30,1,15,1,8643,50,0,41,2,1,0
46,1,17,1,8473,63,3,37,1,1,0
82,6,18,3,3725,45,0,46,2,1,0
48,1,23,1,112,93,0,42,2,2,1
60,1,19,1,6483,136,0,50,2,2,1
62,1,19,3,3245,297,0,39,1,1,0
22,6,20,5,2375,22,0,5,2,2,1
67,1,13,5,9167,168,0,43,1,1,1
35,1,13,5,6049,4,15,38,1,1,0
56,5,19,5,8728,57,0,41,2,1,1
49,1,15,1,6530,13,0,16,2,1,0
77,2,23,5,6471,165,0,40,2,1,0
68,1,13,1,9631,39,0,22,1,1,0
62,1,15,1,5369,74,0,47,2,6,0
22,1,21,5,6942,174,0,34,1,1,0
46,1,22,1,96,1,0,46,1,1,1
35,1,19,1,2918,12,0,24,2,1,0
43,2,18,1,8669,297,17,41,2,1,0
30,1,18,1,4634,23,0,36,1,1,0
22,1,11,5,4932,12,0,32,1,1,1
58,4,18,1,3247,193,0,17,1,2,1
78,1,20,1,4239,32,0,42,2,1,0
65,6,21,5,2934,86,0,55,2,9,1
50,4,19,1,3166,30,0,41,1,1,0
30,1,23,5,2254,15,2,22,1,6,0
27,7,16,5,4177,14,0,35,1,1,0
61,1,22,5,736,17,0,65,1,1,1
58,1,23,1,1679,70,0,62,2,1,1
68,1,21,1,2340,138,0,44,1,1,1
70,3,23,5,164,136,0,32,1,1,0
37,1,13,1,2286,49,5,28,1,1,0
82,2,21,5,3654,135,0,39,1,1,1
45,1,22,5,5464,9,17,20,2,1,0
21,1,21,1,2961,29,17,33,1,1,0
60,1,22,1,2883,168,0,46,2,1,1
35,1,19,1,7826,283,0,28,1,1,0
29,4,21,1,393,47,4,42,2,1,1
38,3,21,3,1201,67,3,46,1,1,1
53,1,24,1,1740,4,0,44,1,1,1
45,3,17,1,769,63,0,40,2,1,1
24,3,19,1,4254,10,17,33,2,2,0
34,1,13,1,9673,9,0,53,1,6,0
37,7,23,3,1915,1,0,37,2,1,1
47,1,17,1,5856,75,0,33,2,1,0
48,7,22,1,6643,134,0,30,2,1,1
42,1,17,1,50,157,15,48,2,6,1
25,1,18,1,1532,135,0,26,1,1,1
58,3,17,1,9339,62,0,40,1,1,1
29,1,18,1,1134,121,0,36,1,1,0
34,1,17,5,7730,49,10,44,1,1,1
34,1,14,1,9160,89,1,28,2,1,0
44,7,19,1,479,172,17,3,2,6,0
38,3,20,5,3664,17,0,28,1,2,1
58,1,18,3,5416,286,5,69,2,1,1
26,1,23,5,8320,22,17,56,2,1,1
44,1,19,1,8692,34,0,27,1,1,0
19,1,11,5,3292,17,1,43,2,1,0
31,2,20,5,1602,37,11,40,1,6,0
24,7,15,1,4007,1,17,38,2,1,0
39,1,21,5,2901,9,0,43,2,6,0
45,1,21,5,4766,52,0,49,2,1,0
60,1,23,1,4936,21,0,45,2,1,1
38,7,21,5,269,15,0,43,2,1,1
70,1,23,1,43,11,0,29,2,1,0
43,6,17,5,3820,66,0,42,1,9,1
43,1,12,1,3585,13,3,32,2,1,1
33,1,15,1,472,149,1,41,2,1,0
20,4,20,5,6086,40,11,13,2,2,0
32,3,22,1,3609,11,0,39,2,1,1
45,1,18,1,3970,85,0,31,2,1,0
20,3,19,5,7414,3,0,32,2,1,0
46,1,16,1,2848,15,17,22,1,1,0
70,5,20,2,619,36,0,40,2,1,1
77,1,20,1,3193,20,0,40,2,1,0
55,1,21,1,9056,25,11,54,1,8,0
31,1,11,3,8927,210,15,30,2,1,0
18,1,20,5,6233,36,1,30,1,1,0
31,1,21,5,4270,22,0,40,1,1,1
70,1,18,5,2446,8,0,41,1,1,1
30,1,18,3,9159,5,0,25,2,1,0
25,6,22,5,2529,76,0,32,2,1,0
50,7,18,1,4619,174,0,34,1,1,0
63,3,19,4,2647,95,0,45,1,1,1
44,5,23,5,1519,108,0,60,1,1,0
18,1,17,5,2090,16,8,38,2,1,0
51,1,15,1,7673,35,0,48,1,1,1
50,1,21,1,1665,83,0,46,1,1,0
44,1,2,1,7707,142,2,38,2,6,0
40,6,24,1,1153,98,0,46,2,1,0
39,1,17,5,5005,21,0,46,1,1,0
28,1,16,5,4726,127,0,49,2,1,1
38,6,22,1,3404,47,0,53,1,1,1
25,1,18,1,6885,147,0,48,2,1,0
29,1,17,3,5478,38,0,33,1,1,0
51,1,23,5,9329,4,0,41,1,1,1
44,1,21,5,7371,240,0,24,2,2,0
28,2,22,3,5619,240,0,36,2,1,0
61,4,21,1,6821,75,0,61,1,1,1
49,1,18,5,2243,26,0,33,1,1,0
46,1,20,1,4205,70,0,38,1,6,0
33,1,20,5,5652,186,0,56,1,1,0
63,6,17,5,5883,40,0,38,1,1,1
40,1,21,5,5800,161,0,37,1,1,0
19,1,19,5,2503,44,7,59,2,1,0
31,1,20,3,3190,67,0,38,1,1,0
54,1,19,1,4292,25,0,44,2,1,0
66,1,21,1,5616,2,0,57,1,1,1
57,1,22,1,6752,33,0,51,2,1,0
40,1,17,1,8495,1,17,21,2,1,0
26,3,15,5,8150,100,4,27,2,6,0
34,1,20,3,2092,8,0,35,2,1,0
41,1,13,1,5077,17,16,11,2,1,0
74,1,19,2,4295,6,1,51,1,1,0
58,1,19,3,3600,53,0,34,2,6,1
58,1,20,1,3395,19,0,61,1,1,0
41,3,15,5,8798,81,0,26,1,1,0
47,1,21,1,5422,190,8,32,1,3,0
64,4,21,1,7182,5,0,19,2,1,1
39,2,17,1,8412,232,17,57,2,2,1
48,1,21,1,6873,41,0,68,2,1,1
54,7,21,5,1504,3,0,65,2,1,0
32,6,22,1,6498,128,0,28,1,9,0
48,1,15,3,6221,87,0,36,2,1,0
39,1,18,5,9106,14,0,40,2,1,0
21,1,22,5,4285,1,0,33,1,1,0
29,1,20,1,2410,211,1,39,2,8,0
32,1,20,1,5426,29,0,36,1,1,0
37,1,15,1,3764,35,0,52,1,1,1
24,4,22,5,472,15,0,31,1,1,1
59,2,20,1,2463,4,0,31,2,1,0
31,1,21,1,724,113,0,38,1,2,0
27,1,21,5,812,2,0,42,1,1,0
22,1,23,5,4960,228,5,22,2,1,0
37,1,18,3,1069,3,0,45,2,1,1
51,1,17,1,9029,116,0,27,2,2,0
47,1,22,1,6021,1,16,12,1,1,1
30,1,17,5,3353,2,0,43,1,1,0
35,3,19,5,3599,54,8,29,1,6,0
58,1,14,2,5668,77,0,50,1,1,0
65,7,15,3,9820,209,8,43,1,1,0
32,1,18,1,6222,86,0,19,1,1,0
35,1,20,1,4916,5,14,29,2,6,1
43,6,22,1,1539,14,0,47,1,1,1
30,1,18,5,8473,50,8,36,1,1,1
61,1,20,1,2006,33,0,42,1,1,0
63,5,18,1,1807,6,8,29,1,1,0
39,1,19,5,5935,18,9,56,2,1,0
41,1,16,5,9708,48,0,40,2,8,1
44,1,20,5,759,5,0,38,2,1,1
67,2,18,1,4166,41,0,21,2,1,0
25,1,17,1,2160,80,0,30,1,1,0
49,1,18,5,7518,163,0,56,1,6,1
23,1,21,3,3122,111,0,38,2,1,1
26,6,17,1,4766,29,0,72,2,1,1
52,1,20,1,4750,58,0,33,1,1,0
55,3,16,2,6492,2,0,27,2,1,0
32,1,20,5,5324,1,0,23,2,1,0
67,1,18,3,7405,9,0,28,1,1,0
72,1,20,1,1351,32,0,46,1,1,1
33,3,17,5,7751,2,0,9,2,1,0
45,1,20,1,3256,97,1,32,2,1,0
23,1,21,5,572,128,0,42,1,1,1
40,1,19,1,1582,64,0,17,1,6,0
49,2,22,3,5817,2,0,62,1,1,0
45,5,15,5,1869,4,14,22,2,6,0
44,1,22,1,3779,100,0,39,2,1,0
36,1,14,5,5829,106,16,20,2,1,1
25,1,21,5,645,47,14,26,1,2,0
33,1,7,5,8294,1,0,58,2,1,0
37,3,22,5,868,46,0,64,2,1,0
82,1,18,1,3602,235,0,38,2,1,0
33,5,19,1,6951,25,0,51,1,2,0
40,1,21,3,3112,2,0,21,1,1,1
40,5,15,1,3958,7,0,48,1,1,0
53,1,16,3,6579,39,17,49,2,1,0
26,1,18,1,9249,36,12,66,1,1,0
44,6,20,3,1301,10,0,53,2,1,1
56,1,20,1,8816,120,2,30,2,1,1
77,6,23,1,4350,15,0,62,2,1,1
51,2,19,2,8004,38,0,44,1,1,0
42,1,22,3,1864,20,0,48,1,1,1
58,6,14,1,4401,31,0,20,1,1,0
68,1,23,1,1669,10,0,39,2,1,1
42,3,18,5,336,78,0,72,1,1,0
19,1,16,5,1305,4,15,35,2,1,0
83,7,22,4,1265,100,0,34,2,1,0
27,1,20,5,2255,180,0,50,1,1,0
71,1,19,1,3838,34,0,21,2,2,0
40,1,16,5,4930,77,0,46,2,1,0
28,2,13,5,6437,5,0,39,1,1,0
23,1,16,5,4095,30,17,15,2,1,0
43,5,17,1,8144,151,0,38,1,1,0
44,1,15,1,2325,70,0,30,1,6,0
57,1,18,5,259,3,10,22,1,1,0
24,6,17,5,9691,28,0,30,2,1,0
32,1,21,1,2518,49,0,44,2,1,1
34,1,22,1,256,37,2,32,1,1,1
43,1,16,1,6378,23,4,26,1,8,0
34,1,22,1,681,2,0,41,2,1,0
39,6,14,1,9121,4,0,53,1,1,0
21,1,12,1,6350,152,11,29,2,8,1
22,1,20,5,700,64,0,58,2,1,1
51,1,21,3,4815,8,1,53,1,1,1
35,1,14,1,9009,2,0,15,1,1,0
54,1,17,1,7137,204,0,32,1,1,0
52,5,24,1,1469,7,0,48,1,1,1
41,1,19,5,5635,28,13,60,2,1,0
63,7,16,1,2340,27,0,43,1,1,0
47,1,20,5,2543,54,1,59,2,1,0
57,6,14,1,1075,4,0,75,1,1,0
54,4,14,3,7062,280,4,48,1,1,0
38,1,19,5,9553,41,0,38,1,1,0
40,2,19,5,786,29,0,37,2,1,0
45,7,14,5,3057,3,0,48,2,1,1
57,1,20,1,3770,85,0,4,1,1,0
55,1,17,1,9098,18,0,38,1,1,0
25,1,19,3,7837,183,0,47,1,1,0
18,1,14,5,7121,35,6,53,1,6,0
30,1,21,5,821,22,0,55,1,1,1
86,6,13,1,8360,63,0,47,1,1,0
46,1,16,5,6372,9,1,26,1,1,1
43,1,10,1,8822,10,0,50,1,1,0
48,1,23,5,2232,9,0,33,2,1,1
23,4,18,5,7770,66,0,29,1,2,0
27,1,17,5,4614,11,0,49,2,1,0
36,1,18,1,7353,153,0,70,1,2,1
56,1,19,1,7173,16,0,36,1,1,0
35,3,22,1,686,1,4,48,2,1,0
38,6,17,1,2039,77,0,17,1,1,0
41,1,22,1,907,49,0,72,1,1,1
58,1,18,1,863,21,0,46,2,6,1
25,1,20,1,2662,4,0,33,2,2,0
73,1,19,1,4660,117,0,55,2,9,1
38,3,18,1,5572,197,0,19,2,1,0
73,6,22,1,4875,17,0,34,1,1,0
26,1,16,1,2724,201,13,21,2,1,0
73,7,22,1,1935,31,0,26,1,8,0
28,1,16,5,6845,34,0,21,2,1,0
41,2,15,5,4559,71,0,45,2,1,1
27,1,17,5,6842,3,0,15,1,1,0
57,2,20,1,39,54,0,32,1,1,0
40,6,17,1,4196,133,0,40,1,2,0
23,1,21,1,6280,30,0,40,2,1,0
39,1,23,5,4366,40,0,42,2,1,0
33,2,23,3,356,20,0,36,2,1,1
20,1,21,5,8750,165,6,43,1,2,1
66,1,22,3,5664,58,0,21,1,8,1
36,4,22,1,2101,5,0,36,2,1,1
42,1,17,5,1677,3,0,30,2,1,0
88,1,20,5,2422,231,0,32,2,1,1
39,1,21,5,185,220,0,47,2,6,0
31,1,13,1,8644,66,0,22,2,1,0
49,1,19,1,3882,5,0,41,1,1,1
49,1,20,5,1234,52,0,32,1,1,0
28,1,15,5,7442,299,0,31,2,2,0
84,3,20,1,5406,111,0,37,2,1,0
63,1,11,2,1283,66,0,37,2,9,0
44,2,21,1,2540,46,0,35,2,1,0
58,1,20,1,3361,253,0,42,2,1,1
23,5,20,5,2204,124,0,38,2,2,0
28,3,17,1,4571,168,0,36,1,1,0
21,1,20,1,6478,114,17,32,1,1,0
63,1,17,1,1523,267,11,38,1,2,0
38,2,22,5,7595,12,0,49,1,1,0
36,7,20,5,6996,87,0,43,1,1,1
30,1,16,1,4938,6,0,29,2,1,0
38,4,21,1,2902,3,0,18,2,1,0
63,2,22,1,1721,40,0,58,1,1,0
22,1,20,3,7783,243,5,19,1,2,0
35,1,14,1,5497,11,0,30,1,1,0
31,6,20,5,2869,6,0,46,1,1,0
52,3,22,1,4564,243,0,20,1,1,1
41,1,21,5,856,212,0,16,2,1,0
39,1,13,1,3928,215,0,30,1,1,1
78,1,22,1,902,46,0,44,1,1,1
65,1,19,1,5701,101,0,62,1,1,0
28,4,20,1,1164,175,12,16,1,8,1
56,1,22,5,1200,194,0,38,2,1,0
30,6,15,5,9264,103,0,36,1,1,0
75,7,24,5,722,37,0,42,1,1,1
47,7,19,2,8779,2,0,27,2,1,1
47,1,16,3,5518,9,1,49,1,1,0
69,5,17,4,8371,13,8,40,1,1,0
31,4,13,1,8882,213,6,37,1,1,0
25,4,13,1,7709,18,0,36,1,1,0
57,1,15,1,5866,45,0,51,1,1,1
60,1,21,1,490,34,0,80,1,1,0
21,1,20,5,1961,15,0,55,1,1,1
66,1,18,1,8074,47,0,45,1,1,0
48,1,20,5,654,25,0,40,2,1,0
42,1,18,1,7729,66,0,23,2,8,0
44,1,21,4,1693,25,0,30,2,6,0
51,1,17,1,8996,368,0,53,1,1,1
52,3,22,2,7097,76,0,42,1,1,0
34,1,18,3,2273,2,0,51,2,1,0
45,1,24,5,2577,96,0,50,2,2,0
63,1,21,1,2176,55,0,34,1,1,0
26,1,19,1,6252,10,8,24,1,1,1
54,1,17,1,3698,144,0,30,2,1,0
59,1,17,1,3667,88,0,43,2,2,0
53,6,19,1,7481,173,0,29,2,1,1
31,7,21,5,8869,68,17,21,1,1,0
29,1,17,5,2885,136,0,39,1,1,0
30,2,16,3,4315,104,0,26,1,8,0
27,1,18,1,2052,3,2,26,2,1,1
27,1,15,5,2779,10,17,53,2,1,1
29,1,19,5,2959,4,0,41,2,1,1
62,1,19,5,1260,160,0,31,2,1,0
30,1,20,5,5929,28,0,50,2,2,1
19,1,16,5,5720,2,17,52,1,8,0
77,1,21,1,2705,214,0,45,1,1,0
57,2,19,1,2045,9,0,57,2,1,0
59,5,15,2,6223,117,0,46,1,1,1
34,2,13,1,7251,11,0,36,1,1,0
23,1,18,5,5017,16,1,39,1,1,0
55,1,18,1,5475,7,0,42,1,1,0
39,1,18,1,9143,282,0,35,1,1,0
24,1,18,1,4092,36,0,38,2,1,0
39,3,22,1,5826,4,0,46,1,1,0
24,1,21,5,3901,60,2,31,1,1,1
42,1,22,1,1832,59,0,57,1,1,1
68,3,20,1,7903,24,0,32,2,1,1
49,7,19,1,2105,395,0,36,1,6,0
31,1,16,3,2207,94,0,20,1,2,0
58,7,21,1,405,90,11,30,2,1,0
45,7,22,1,150,10,5,30,1,1,0
61,7,16,1,8587,1,0,37,1,1,0
47,6,20,1,3923,5,0,36,1,1,1
68,3,24,3,522,1,0,13,2,1,0
46,1,14,5,7658,69,0,1,1,2,1
32,2,20,5,5341,120,0,19,1,1,1
35,1,14,5,6332,1,0,56,1,1,0
45,1,15,1,9180,77,0,35,1,2,0
31,1,15,5,5472,139,11,65,1,2,0
33,1,12,3,8952,163,17,51,2,1,0
30,1,23,5,5947,149,0,25,1,1,1
63,1,22,3,8490,24,1,44,1,1,1
54,1,21,1,2450,84,1,51,2,1,1
38,1,22,5,85,43,0,45,2,1,1
24,1,14,5,9414,45,0,32,2,1,0
64,1,23,2,749,11,0,53,1,1,1
31,1,20,5,7421,28,0,34,2,1,0
54,1,20,1,6438,23,5,63,1,9,0
24,5,21,5,312,8,2,39,2,1,0
55,1,23,1,149,4,0,32,2,1,0
66,1,22,2,1743,225,11,52,2,6,1
26,6,17,1,9330,150,0,44,2,1,1
50,1,21,3,466,302,0,56,1,1,1
46,1,17,1,5505,188,0,48,1,6,0
37,4,16,1,2446,8,0,45,1,6,0
35,1,21,1,4309,62,2,13,1,8,0
36,1,16,1,2594,17,0,24,2,1,0
31,1,20,5,321,17,4,34,2,9,0
37,1,20,1,2776,63,0,41,1,1,1
41,1,12,5,3097,2,6,50,1,1,0
21,1,21,5,3941,55,0,8,2,1,0
59,2,22,1,58,153,0,33,2,1,0
39,1,17,5,6006,303,16,52,1,1,0
24,1,10,5,9828,319,0,30,2,1,0
62,1,21,5,1521,23,15,26,2,1,0
58,1,23,1,258,5,0,51,1,1,0
26,1,21,5,5926,27,0,41,2,1,1
20,1,21,1,343,31,0,71,1,1,1
49,1,20,1,553,82,0,40,2,6,0
77,1,12,3,3565,4,2,26,2,1,0
25,1,21,1,6582,8,0,44,2,1,1
34,1,17,1,3919,10,0,29,2,1,0
18,3,21,5,8386,19,3,23,2,1,0
35,3,16,1,6488,12,0,23,2,6,0
37,1,5,1,8192,14,11,11,2,1,0
27,8,20,3,1366,21,0,46,2,1,0
44,2,15,1,5266,154,8,40,2,1,0
60,1,14,1,3854,17,0,43,2,6,0
37,1,20,1,48,15,0,55,1,1,1
46,1,15,1,1561,19,0,50,2,1,1
22,7,18,5,3693,185,0,43,1,1,0
28,1,17,1,3566,137,0,39,1,1,1
18,1,23,5,1174,61,3,40,2,1,1
47,1,23,5,526,26,0,18,1,1,1
45,1,19,5,7558,37,0,13,1,1,0
57,1,19,1,5137,188,0,41,2,1,0
36,6,15,1,344,189,15,13,1,1,0
67,1,17,1,4044,66,0,18,2,1,1
61,1,22,1,7032,178,0,25,1,1,0
28,5,16,1,4148,48,0,30,2,8,0
30,1,19,5,3518,22,0,26,2,1,0
67,6,21,4,2831,135,0,59,1,1,1
45,1,21,3,777,103,0,36,1,1,1
40,1,18,1,2120,33,4,59,2,1,0
23,1,16,3,1671,59,0,35,1,1,1
28,1,14,5,7843,14,17,47,1,1,0
61,6,23,1,1742,17,0,24,2,2,1
43,1,23,4,4825,15,0,51,1,1,1
38,1,18,5,4874,1,0,26,2,2,0
62,1,20,1,7508,1,0,51,1,1,0
33,1,15,3,4767,1,17,63,2,1,0
67,3,20,1,2560,243,1,32,2,1,0
37,1,14,1,2695,86,1,43,1,1,0
47,3,16,3,490,60,0,46,1,1,1
39,1,23,5,41,21,0,38,1,2,0
61,2,23,1,54,206,0,45,1,9,1
42,5,19,1,1495,50,0,46,1,1,0
31,6,20,1,2314,90,2,35,2,1,0
22,1,17,5,290,47,0,51,2,1,0
31,1,21,1,3215,102,0,32,1,1,0
56,2,21,4,153,204,0,51,2,1,1
65,1,22,1,173,13,0,68,1,1,1
28,1,14,5,8367,180,0,15,2,1,0
66,1,18,1,2710,147,1,54,1,9,1
18,3,18,5,7948,33,0,51,1,1,1
47,1,21,1,2309,30,0,31,2,8,1
27,4,20,5,877,56,14,56,2,2,0
55,6,21,1,563,250,0,70,2,6,1
29,1,21,1,4447,142,0,31,1,1,0
57,2,21,1,1550,66,0,10,1,1,0
25,1,16,5,5260,7,0,40,1,8,0
22,1,17,5,5588,20,1,52,1,1,0
21,1,21,1,2216,79,0,41,1,1,0
50,1,21,1,4340,14,0,25,1,1,0
38,1,21,5,5759,85,0,36,1,2,0
28,1,13,3,5322,2,0,50,1,1,0
42,2,20,1,1620,103,0,32,1,2,0
24,1,22,5,2005,46,0,33,1,1,1
31,1,23,5,3546,2,0,52,1,1,1
51,3,19,5,563,4,0,23,2,1,0
72,6,23,3,93,38,0,50,1,1,0
53,1,21,1,1023,91,0,62,1,1,0
28,1,20,1,5120,36,3,18,1,1,1
36,1,18,5,2169,121,0,56,1,1,1
29,1,13,1,1019,176,0,46,1,1,0
76,2,19,2,1590,30,0,63,2,1,0
30,1,13,1,8991,16,0,49,2,2,0
42,1,19,5,699,32,0,55,2,1,0
32,1,23,5,1896,192,0,44,1,1,0
24,3,15,5,6528,10,4,25,2,1,0
63,1,18,1,5120,1,3,39,1,1,1
32,1,14,1,8838,29,13,19,1,1,0
28,5,18,3,1407,309,12,45,2,1,0
66,1,21,1,342,211,0,44,1,6,1
30,1,22,1,1164,69,0,42,1,1,1
24,1,18,1,663,170,0,26,1,1,1
68,4,19,1,4099,35,0,45,2,1,0
67,1,18,5,7111,24,0,51,2,1,0
45,3,20,3,2451,285,0,47,2,2,0
61,1,15,1,4934,13,0,27,1,1,0
51,1,13,1,9155,3,0,7,2,1,0
43,1,22,5,1005,14,0,57,1,1,1
24,1,17,5,2080,118,17,38,2,1,0
31,1,20,3,618,24,0,41,2,1,0
35,1,21,5,4219,3,0,41,1,9,1
33,1,14,5,5455,20,9,55,1,2,0
89,3,24,4,1248,73,0,45,1,1,1
24,1,14,3,5522,50,17,36,1,1,0
31,1,12,1,6273,98,0,50,1,6,0
51,1,22,5,471,190,2,42,1,1,0
77,1,23,1,1187,118,0,46,1,1,0
34,1,20,5,6166,17,0,38,1,1,0
41,1,19,3,3655,12,3,34,2,1,0
23,1,16,1,7995,47,0,45,1,1,1
19,1,22,1,8917,3,2,46,1,2,0
41,1,21,1,829,2,0,45,1,1,1
53,4,22,1,1220,165,0,25,1,1,1
66,3,23,1,7709,12,0,34,1,1,0
51,3,20,3,338,2,0,44,1,1,0
44,1,19,1,9333,63,5,41,2,6,0
23,1,21,5,5154,33,16,36,1,8,1
22,1,17,5,7599,133,7,33,2,1,0
17,5,16,5,443,39,15,38,1,1,0
25,1,20,5,6068,135,0,37,1,2,0
35,7,19,1,3018,177,0,31,2,1,1
28,1,17,1,477,78,0,41,2,1,0
50,1,19,5,1531,5,0,39,1,1,1
39,3,22,1,4033,243,0,49,1,1,0
57,1,13,1,8193,231,0,39,1,1,0
35,1,18,5,9214,127,0,44,1,1,0
43,6,21,1,3941,1,0,69,2,1,1
71,1,21,1,6724,223,0,31,2,1,1
49,3,16,5,4738,2,0,44,1,2,1
74,1,22,3,3129,5,0,52,1,1,1
39,1,21,5,1102,110,0,26,1,1,0
34,1,15,1,6182,12,1,4,1,1,0
28,1,23,5,3572,31,0,67,1,1,1
22,4,22,5,4329,52,0,4,1,1,0
51,1,24,1,7155,472,7,41,2,1,1
30,6,20,5,4590,101,0,40,1,1,0
65,1,21,5,3068,103,0,49,1,1,1
80,1,20,1,6848,123,0,48,2,1,1
63,3,22,5,357,10,0,43,2,1,1
44,5,19,5,6686,45,11,43,1,9,1
39,1,12,5,5292,22,1,26,1,6,1
45,1,14,3,6871,20,0,38,2,1,0
63,4,20,1,2147,27,0,52,1,8,1
38,1,20,1,2848,86,0,50,1,1,1
47,1,24,3,687,5,0,62,1,1,0
30,1,15,3,9323,237,0,65,2,1,0
38,1,21,1,4288,398,0,36,2,1,0
67,1,21,1,3429,28,0,42,2,1,1
54,1,17,5,2974,1,0,43,1,1,0
67,6,18,2,7797,54,0,38,1,2,0
47,1,21,1,7550,527,0,49,1,1,0
51,1,21,5,1373,115,3,37,1,2,0
61,1,23,3,3856,190,0,48,2,2,1
41,6,20,4,924,2,0,32,2,1,0
24,1,13,5,5927,36,0,48,1,8,0
57,1,15,5,6334,67,0,34,1,2,1
38,1,22,1,2880,131,0,32,1,1,0
55,1,19,5,4851,60,0,44,1,1,0
61,1,23,1,2871,104,1,34,1,1,1
35,2,21,1,604,13,0,40,2,2,0
40,1,22,1,249,28,17,25,1,1,1
58,4,20,1,6203,277,2,30,2,1,1
63,2,19,1,3151,18,0,26,2,1,0
39,1,17,1,6726,206,0,43,2,1,0
36,3,13,3,5008,93,0,49,2,1,0
64,1,23,1,1567,135,0,59,1,1,1
22,1,23,5,3426,21,1,17,2,1,0
23,1,18,5,8082,27,7,41,1,1,1
29,3,15,3,1644,3,0,36,1,2,0
32,1,19,3,6153,56,17,19,1,1,0
63,5,14,1,7504,126,0,18,1,1,0
56,1,17,1,6587,229,12,32,1,1,0
61,6,18,1,1875,50,1,48,1,1,1
41,1,19,5,4148,25,4,27,1,1,0
34,1,21,5,1699,43,0,30,1,1,0
73,1,19,5,7890,235,0,34,2,6,1
41,1,20,1,3972,166,0,50,2,1,1
51,1,19,1,2550,2,0,31,1,1,0
28,1,22,5,8969,2,2,43,1,1,0
44,1,17,5,6557,34,0,45,1,1,0
42,1,19,5,1618,37,4,57,1,1,0
26,1,19,5,3017,68,0,26,1,1,0
22,1,17,1,2521,4,16,48,1,2,0
42,1,22,3,1495,1,0,53,2,1,1
72,1,18,1,5976,94,0,57,1,1,0
36,1,18,1,8209,8,0,44,1,1,1
33,4,20,1,1119,67,0,43,1,2,1
52,5,19,4,1910,76,0,43,1,1,0
49,1,20,3,3906,28,0,44,2,1,0
24,1,19,5,2694,4,0,50,2,1,0
37,2,21,5,2325,154,2,46,2,1,1
35,1,22,3,867,119,0,29,2,1,1
50,1,19,5,4186,146,13,35,2,1,0
47,5,18,1,2683,134,0,44,1,1,1
62,1,17,5,5853,12,0,46,2,1,0
27,1,18,5,2290,139,17,38,1,1,1
30,4,20,3,849,88,0,38,2,6,0
30,1,20,5,8438,6,0,40,1,1,1
41,1,16,1,5443,129,0,51,1,1,1
52,1,13,3,6829,69,0,21,2,8,0
53,1,18,1,8203,118,0,33,2,6,0
41,1,16,1,8007,25,0,24,1,2,1
67,6,23,1,1638,71,0,54,2,1,0
33,4,22,1,1164,48,0,33,1,1,0
46,1,19,1,3525,274,0,45,1,1,1
65,6,19,4,3717,50,0,36,2,6,0
64,1,16,2,9524,47,1,38,2,1,0
58,6,15,1,9016,4,0,13,2,1,0
59,1,24,5,427,4,0,33,2,1,1
43,1,19,5,697,74,0,41,1,1,0
63,1,24,5,1243,16,1,44,1,1,1
61,1,15,2,4226,10,0,32,1,6,0
33,1,17,3,5562,56,0,60,1,1,0
35,2,21,3,8367,297,0,45,1,6,0
41,1,21,2,2443,78,0,54,1,2,1
26,3,22,5,519,61,0,36,2,1,0
34,1,22,3,3929,150,0,39,1,1,1
27,7,18,1,5273,16,0,29,2,6,0
43,4,22,1,3778,211,0,47,1,8,1
52,1,21,1,2515,11,0,65,1,1,1
23,4,20,5,5657,35,15,18,2,1,0
59,2,20,3,2242,42,0,37,2,1,1
43,1,14,1,4365,74,0,32,2,2,0
55,3,22,1,440,38,0,52,2,1,0
56,1,16,1,3523,112,0,36,2,9,0
74,4,19,1,2473,34,7,58,2,1,1
44,5,17,2,1752,4,0,50,1,1,0
62,5,19,1,2832,20,0,49,1,1,0
25,1,24,1,2207,14,0,28,1,1,1
44,1,11,5,1647,104,0,39,1,1,0
36,1,21,1,3649,15,0,32,2,6,1
60,3,18,1,8773,83,0,30,1,1,0
35,1,17,5,250,33,0,45,1,1,1
61,1,22,1,3806,10,0,23,2,1,0
78,6,17,1,6779,126,0,26,2,1,0
41,1,16,4,8687,14,12,38,1,1,0
48,1,21,3,4818,92,7,16,1,6,1
38,1,17,5,1138,115,0,37,1,1,0
39,1,13,1,1836,185,0,35,1,1,0
24,1,15,5,7242,2,0,15,2,2,0
63,5,22,1,1042,21,0,54,1,1,1
42,4,22,1,7233,10,0,21,2,1,1
46,1,18,1,2073,2,0,50,1,1,0
32,1,15,1,5481,43,16,34,1,1,0
38,1,20,5,2623,103,1,47,1,2,1
54,7,16,1,6973,19,0,53,1,1,1
38,1,10,3,8258,95,0,25,1,1,0
26,1,20,5,5517,14,17,18,2,1,0
43,1,16,2,2072,41,11,43,1,1,1
73,1,22,1,1961,9,13,35,1,1,1
48,5,19,3,1570,4,6,34,1,1,0
52,2,20,1,93,57,0,43,1,1,1
53,1,18,1,2472,119,0,29,2,1,0
27,1,22,5,8081,85,0,26,1,1,0
43,6,21,1,4573,35,0,51,1,3,0
63,1,18,1,7566,15,13,41,1,6,0
22,6,15,1,5605,34,0,30,1,1,1
47,1,19,5,8903,70,1,38,1,1,1
81,3,23,1,2241,42,0,21,2,1,1
38,3,20,1,3656,112,0,17,2,8,1
35,1,18,5,8612,3,0,32,1,1,0
51,1,15,5,3335,21,12,42,2,6,1
42,1,20,1,9830,7,17,58,1,1,0
57,1,20,1,4248,279,0,28,2,8,0
33,1,21,1,5165,74,0,56,1,1,1
27,1,17,1,6252,75,0,37,2,2,0
33,1,20,5,593,156,0,49,1,1,0
62,3,18,1,7453,17,0,27,1,1,0
34,1,17,1,3478,176,0,22,1,1,0
45,1,19,5,5498,38,16,38,2,1,0
56,1,19,4,1680,369,2,60,1,2,1
19,1,20,5,8476,41,0,36,1,2,0
50,2,16,1,5230,6,16,46,1,1,0
52,2,16,3,8565,25,0,6,2,1,1
45,1,17,1,2230,150,0,10,2,2,0
26,1,15,5,4453,11,0,45,1,1,0
76,3,24,1,376,43,0,43,2,1,0
31,4,20,1,8802,4,0,41,2,1,0
38,4,20,5,157,21,5,43,1,1,0
31,6,20,1,4009,33,0,37,1,1,0
42,7,19,1,8817,123,0,41,1,1,1
68,2,19,1,1587,1,0,28,2,1,0
41,6,17,5,7165,157,0,32,1,6,0
32,1,20,1,3758,46,0,63,1,1,1
35,1,23,5,413,34,0,48,2,1,1
21,1,22,5,8207,61,17,32,1,1,0
62,7,23,5,1204,43,0,28,2,1,1
45,1,16,1,1388,33,1,26,1,1,1
74,1,21,1,2617,4,0,66,1,1,1
35,3,19,1,1039,73,0,46,2,6,1
49,7,20,1,3569,165,2,50,1,1,1
47,1,20,1,2873,83,0,41,2,6,1
41,1,20,1,376,100,14,28,2,1,0
25,1,11,1,4607,3,0,31,2,8,1
37,2,21,5,1298,399,3,25,2,6,0
39,1,12,5,5043,448,0,31,1,1,0
34,1,17,1,6591,16,0,44,1,1,1
40,2,6,1,6308,170,4,23,1,1,0
21,2,22,1,3070,45,0,44,1,1,1
39,1,18,4,6703,23,0,22,2,1,0
40,1,18,1,7299,30,1,52,1,1,1
72,5,24,1,3070,1,0,39,1,1,0
58,1,18,3,3907,37,0,14,2,1,0
43,1,22,5,122,82,0,35,2,1,1
59,1,18,1,4357,9,0,42,1,1,0
42,1,18,3,9034,18,1,41,1,1,0
32,6,20,1,5291,80,0,42,1,1,1
18,1,18,5,1032,91,0,41,1,2,0
35,4,19,1,2779,201,9,40,2,1,0
39,5,13,5,3826,8,0,27,1,1,1
56,1,18,1,5500,167,0,47,1,9,1
44,1,11,1,5979,79,0,25,2,7,0
25,1,18,5,5713,7,0,41,2,1,0
40,1,13,1,8666,92,9,26,2,1,0
55,1,14,3,6389,1,0,17,1,1,1
48,3,19,5,1962,220,0,19,2,1,0
56,6,19,5,7660,1,6,26,2,1,0
57,1,21,1,2683,12,0,41,2,1,1
35,1,22,5,1749,16,0,15,2,1,0
24,1,19,5,40,24,0,55,1,1,0
54,1,23,1,5202,9,0,46,1,1,0
83,1,16,2,7047,42,0,43,1,1,1
35,1,20,5,635,5,0,22,2,1,0
29,1,20,5,2090,9,0,36,1,1,0
42,1,14,3,8565,52,16,37,2,8,1
47,6,23,3,5069,33,0,42,1,2,0
78,1,23,1,4285,37,0,43,2,8,1
27,1,19,1,1112,20,0,52,2,1,0
23,3,18,5,8344,167,0,26,2,1,0
34,1,22,1,796,137,0,30,2,1,0
51,1,19,1,8536,205,0,70,1,1,1
47,3,21,1,3784,10,6,22,2,2,1
27,3,20,5,688,18,17,47,1,1,0
51,1,18,5,8313,6,0,53,1,1,0
40,1,14,3,3688,86,0,15,1,1,0
33,1,10,1,4423,22,2,57,2,1,0
74,5,19,1,1033,10,0,43,1,1,0
54,1,21,1,513,189,0,44,1,1,0
77,5,18,4,5214,62,0,25,2,1,0
63,1,22,1,3101,471,0,45,2,8,0
42,1,21,1,7862,137,4,60,1,1,0
52,7,23,1,4074,48,1,35,1,1,0
55,5,21,1,3940,7,0,28,1,1,0
71,1,20,1,5618,14,11,29,2,1,0
27,1,18,5,4849,25,2,24,2,1,1
50,6,14,5,7151,100,1,27,2,1,0
84,1,15,1,8925,44,0,41,1,1,1
25,1,14,5,8544,218,0,33,1,1,0
60,6,21,3,4878,19,0,19,2,1,0
34,1,19,5,5854,102,0,55,2,6,1
65,1,18,1,4756,192,0,41,1,1,1
19,3,20,5,1777,12,11,19,2,1,0
53,1,23,1,3822,26,0,44,1,1,0
50,4,22,3,1598,53,0,20,2,8,1
54,4,19,1,233,2,0,49,2,1,0
54,1,16,1,2324,67,0,36,2,1,1
47,1,13,5,2710,28,0,24,1,1,0
47,1,21,5,2831,16,0,62,1,1,1
28,4,18,5,4023,3,0,3,2,1,0
35,4,22,3,2820,256,14,40,2,1,0
45,2,21,1,1396,46,0,50,2,9,1
34,3,19,5,3337,146,2,42,1,2,0
29,1,13,5,7026,11,0,34,1,1,0
34,1,16,5,713,57,0,47,2,1,0
36,1,22,1,215,198,2,22,2,9,0
53,2,21,5,6158,91,0,27,2,1,1
76,4,17,5,7871,1,0,33,1,1,1
65,7,17,1,108,423,0,54,1,1,1
63,1,21,1,1214,119,0,34,2,2,0
38,1,16,5,1478,96,0,41,2,1,0
63,2,22,1,7989,85,0,26,1,1,0
42,1,19,1,1370,1,0,52,1,1,0
28,1,17,1,2045,63,0,40,1,1,1
30,2,21,1,203,252,0,39,1,1,0
38,1,17,5,7727,126,15,22,1,9,0
47,1,18,1,3329,96,16,44,2,8,0
85,1,21,1,1598,73,0,44,2,1,1
37,1,13,1,8919,14,0,43,1,1,0
26,1,23,1,1014,58,7,53,2,6,1
35,3,18,1,3849,20,7,17,2,1,1
62,1,22,2,3512,101,0,50,1,1,0
32,3,14,1,9830,37,17,32,1,3,0
46,2,17,1,2035,8,0,23,1,2,0
21,1,20,5,2452,48,4,31,2,1,0
40,5,18,5,6770,97,12,44,2,3,0
56,1,17,1,1722,23,0,35,1,1,0
39,2,18,1,4042,52,0,50,1,1,1
24,1,23,5,853,145,0,37,1,1,0
37,5,20,2,784,156,0,25,1,1,1
54,1,21,5,1611,279,0,41,1,1,1
50,7,22,1,450,1,17,31,1,1,0
29,1,19,5,7685,111,0,19,1,7,0
75,1,20,1,3663,1,0,48,2,1,1
52,2,16,1,7606,102,5,28,1,1,0
37,1,20,5,7950,5,9,28,1,1,1
22,1,20,5,7328,219,3,51,1,1,0
60,1,17,1,2599,8,0,33,1,1,0
39,1,15,5,6514,33,0,25,1,2,0
38,2,20,1,4451,1,2,25,2,6,0
82,3,21,1,3119,292,0,53,2,1,1
52,1,12,1,6180,137,0,35,2,1,0
41,1,21,5,3620,325,0,33,1,1,1
40,1,19,1,1550,15,0,46,2,1,0
59,1,15,1,6812,34,0,46,1,9,1
67,1,17,1,8297,5,1,54,1,1,0
43,1,13,5,1348,365,0,17,1,1,0
36,1,22,1,2678,23,15,28,2,1,0
50,1,22,5,8381,310,0,47,1,1,1
21,1,19,1,1838,154,0,24,2,1,0
32,1,20,5,8420,46,17,33,1,1,0
61,1,18,1,5034,5,0,40,1,2,0
41,1,17,1,4392,6,0,18,1,1,0
44,1,17,1,7661,152,0,21,2,6,1
58,1,20,1,7767,181,0,35,1,1,0
52,2,21,1,3357,426,4,50,2,6,0
42,6,17,1,2887,101,0,54,1,6,0
33,5,20,1,4611,99,0,11,2,1,1
29,1,17,5,6417,3,1,44,1,1,1
46,1,21,5,5867,14,0,58,2,1,0
64,2,18,1,3980,93,14,37,1,2,0
67,5,20,1,368,41,0,52,2,1,1
33,4,20,5,1387,202,0,30,2,1,1
45,3,15,1,3016,12,7,48,2,1,0
59,1,16,1,4361,44,0,60,1,1,0
75,1,21,1,4602,356,0,47,2,6,1
60,1,20,1,5711,471,5,64,2,1,0
46,1,19,1,6794,2,0,29,2,1,1
32,1,20,1,3558,87,0,64,1,1,1
64,4,21,5,6124,38,0,8,2,1,0
33,3,15,1,6453,22,0,32,1,1,0
80,2,23,1,1542,164,0,69,1,1,1
33,6,15,3,7041,56,4,41,1,5,1
66,2,22,1,5935,14,0,39,1,1,1
67,7,21,1,4983,6,0,24,2,1,1
54,1,22,5,3242,64,0,27,1,1,0
39,5,16,5,4776,40,5,68,1,1,0
40,1,14,3,4229,33,0,24,1,1,0
54,1,20,1,5821,267,0,28,1,2,1
21,2,18,5,2742,1,0,22,2,9,1
27,3,17,1,3062,189,3,12,2,1,0
44,1,8,3,9165,2,0,45,1,1,0
27,1,22,1,2652,156,10,56,2,6,0
34,1,23,3,5889,63,0,46,1,1,0
26,1,22,5,1587,42,10,37,2,1,1
27,2,19,5,5685,147,0,36,2,1,0
29,1,22,5,2143,12,0,20,1,1,1
69,1,19,1,7166,174,0,46,1,1,1
29,1,23,1,969,40,1,37,1,1,1
55,1,18,1,5186,133,7,25,2,2,0
33,1,20,3,1987,10,0,32,1,2,1
34,1,16,1,1289,12,0,25,2,1,1
69,7,24,3,7152,39,0,47,1,1,1
34,1,20,5,4633,50,17,39,2,1,1
23,1,16,3,7011,71,0,45,2,1,0
21,7,17,1,4370,70,1,19,2,1,0
55,7,23,5,352,1,0,34,1,1,0
80,4,22,1,1745,2,0,43,2,1,0
45,1,12,1,8387,48,0,45,1,1,0
41,1,20,5,8182,60,0,38,1,1,0
53,6,20,1,1455,40,0,39,2,1,0
50,1,11,1,8744,268,0,46,1,1,0
28,1,18,1,6597,3,0,22,2,1,0
44,1,23,5,951,12,0,49,2,1,1
26,1,14,5,9174,227,15,36,1,1,0
24,1,18,1,7547,29,0,50,2,1,0
61,1,13,3,9452,11,0,24,2,1,0
49,6,9,5,8458,84,3,30,1,1,1
65,5,21,1,4264,6,0,26,2,1,0
40,1,19,1,3349,2,0,27,1,1,1
28,1,17,5,9189,26,1,29,2,1,0
21,1,15,1,5874,1,14,13,2,1,0
38,3,23,1,5137,14,0,40,1,1,0
37,1,16,1,61,7,0,44,1,1,0
36,4,13,4,5095,293,6,22,2,1,0
34,3,23,3,1996,69,7,59,2,1,1
43,1,20,1,3235,19,0,49,2,1,0
50,1,21,3,4636,41,0,37,2,1,0
29,1,17,1,4858,19,0,47,1,7,0
31,7,22,1,11,63,0,19,2,1,1
22,1,18,5,7059,13,0,33,2,2,0
36,2,14,5,6865,10,0,29,1,1,0
31,1,19,1,381,32,0,54,1,1,1
78,6,15,1,3333,324,0,33,2,1,0
39,1,21,1,4205,72,10,29,2,1,0
49,3,22,1,3141,352,0,16,1,1,0
33,1,14,1,1527,137,6,53,1,2,0
22,1,20,5,196,235,0,28,1,9,1
39,6,14,1,3948,19,0,45,1,1,1
65,3,20,4,1678,281,0,53,1,1,1
70,1,18,3,1811,17,0,59,2,9,1
53,1,19,1,682,67,6,44,1,1,0
64,1,22,1,215,9,0,55,1,1,1
45,7,23,1,14,19,0,55,1,1,1
19,1,21,5,8190,10,4,18,1,1,0
56,1,22,5,4627,237,4,36,2,8,1
63,6,22,5,2097,5,0,39,2,6,0
49,1,17,5,2861,4,0,33,2,1,1
60,5,18,1,8629,15,0,34,1,1,0
72,1,20,1,3096,193,0,46,1,1,1
45,1,18,1,3339,79,0,42,2,1,0
33,3,17,1,3252,266,0,30,2,1,0
58,7,17,1,5405,76,0,33,2,1,0
27,1,19,1,2526,27,0,47,2,6,0
72,1,22,1,9458,107,1,22,1,1,0
47,6,15,5,4127,8,0,24,2,1,1
55,1,18,3,7455,52,0,80,1,1,0
44,1,19,3,2182,100,8,21,2,1,1
50,1,23,3,855,7,0,58,2,1,0
25,6,16,3,5604,8,0,42,1,1,0
23,6,18,5,675,15,0,33,2,1,0
81,1,22,1,2287,35,0,52,2,6,0
39,1,15,1,3840,46,8,43,1,1,0
58,1,21,1,6067,73,0,52,1,1,1
44,4,17,3,608,246,0,31,1,8,0
27,1,13,5,5682,26,6,20,2,1,0
63,1,15,1,4727,318,0,27,1,1,0
35,1,18,5,7567,22,0,36,1,1,1
24,1,16,5,2196,68,0,56,1,1,1
40,1,8,1,9477,203,0,47,2,1,0
64,7,16,5,6743,54,0,57,1,1,1
83,2,22,4,780,92,4,45,2,1,1
29,1,16,3,4545,46,0,44,1,1,1
52,2,17,5,6483,41,0,50,1,1,0
56,4,18,1,7240,18,0,20,2,1,0
65,1,12,1,3102,138,0,22,1,9,1
24,5,19,5,8865,1,0,42,1,1,0
69,1,20,1,4969,47,0,38,2,1,0
78,4,21,1,5390,109,0,54,2,1,0
21,1,23,1,247,117,4,51,2,1,1
28,5,15,5,5532,191,0,51,2,1,0
46,1,15,1,5078,8,0,61,1,1,0
55,1,14,1,1499,5,0,9,2,1,1
42,1,11,1,6903,183,0,36,1,1,0
70,1,17,1,7892,74,0,58,1,1,0
47,2,18,3,7163,125,0,21,2,1,0
61,1,19,1,2046,103,0,26,2,1,1
23,7,21,5,3722,158,0,59,1,1,1
30,1,20,1,3016,5,0,55,2,1,0
38,6,19,5,3750,69,0,46,1,6,0
36,4,19,1,3132,78,0,35,1,1,0
38,6,19,5,4340,214,0,38,2,1,0
21,1,18,5,8535,17,12,2,2,8,0
58,2,16,1,3123,61,0,63,2,1,0
23,1,16,1,2307,108,6,70,2,1,0
23,1,18,1,1547,259,0,31,1,2,0
40,1,22,1,8016,75,10,52,1,1,0
48,1,16,3,8760,55,0,39,2,3,0
64,6,19,5,7065,63,1,49,2,1,1
67,2,19,2,2093,34,0,41,2,8,1
38,5,17,3,9038,173,0,23,1,1,0
35,7,22,1,6703,454,0,26,2,1,0
53,2,18,5,1102,4,0,35,2,1,0
39,6,7,5,8797,148,17,34,1,1,0
35,3,18,1,3231,121,6,52,2,1,0
51,1,19,1,687,55,0,55,2,1,1
61,1,19,1,7042,45,0,19,2,1,1
49,1,19,1,6842,91,0,42,1,1,1
74,3,24,5,108,118,0,62,2,1,1
56,1,18,1,9120,175,0,57,1,1,0
75,2,24,1,1750,14,0,53,1,1,1
31,1,21,1,908,32,0,44,1,1,0
55,4,22,1,358,10,0,10,2,1,0
45,1,20,5,4044,13,0,23,1,1,0
46,6,20,5,5285,187,0,39,1,1,1
78,1,18,1,7297,67,0,37,2,1,0
29,3,12,5,8481,69,0,45,2,1,0
33,7,19,5,342,20,0,50,2,2,0
52,1,22,1,4863,167,0,69,2,1,0
32,4,24,1,24,188,0,36,2,1,0
64,1,15,3,2422,70,0,68,1,1,1
79,6,22,1,989,2,0,52,1,1,1
46,1,15,1,8965,88,0,52,1,1,0
48,1,20,1,2461,45,0,29,2,1,1
71,1,11,1,8218,76,3,10,1,1,1
51,1,17,5,3972,100,0,51,1,9,1
60,1,17,1,8136,2,11,48,1,2,0
35,5,23,3,1505,458,0,17,1,1,1
27,1,16,5,192,2,0,24,1,1,0
53,1,21,2,96,115,0,54,1,1,1
46,1,21,5,617,82,0,6,2,1,0
53,1,13,3,6315,250,0,34,1,6,1
72,1,20,1,7029,134,0,28,2,1,0
36,6,18,1,7709,34,0,28,1,8,0
65,1,24,2,2609,42,0,48,2,1,0
51,2,20,1,2179,13,0,42,1,1,0
31,1,22,5,372,20,0,48,2,2,1
67,6,16,2,6988,369,6,28,1,1,1
45,1,18,5,6904,52,0,35,1,1,0
31,5,16,1,3497,39,17,34,2,1,0
36,1,22,3,1527,183,0,18,2,1,0
83,2,13,2,7666,57,0,43,1,2,0
35,6,17,5,5699,17,1,29,1,1,0
22,3,17,5,1018,14,0,11,2,1,0
65,1,18,1,3760,197,0,37,2,1,0
31,1,23,5,1839,79,16,21,2,1,1
47,1,21,5,6394,1,17,46,1,1,0
27,2,20,5,6910,42,17,42,1,1,0
21,1,23,3,8818,1,15,25,1,6,0
39,1,21,1,2352,14,1,31,1,1,1
36,1,17,1,231,86,0,27,2,1,0
52,1,13,1,7977,24,0,50,1,1,0
46,1,20,1,136,14,0,36,1,1,0
64,1,20,5,2064,48,0,32,1,1,0
45,1,19,5,3960,49,0,39,2,1,1
56,1,17,1,6377,7,0,34,2,1,0
54,1,20,1,2261,30,0,50,2,1,1
33,3,23,5,3891,36,0,32,1,1,0
48,1,19,2,8111,125,0,26,2,1,0
55,1,16,1,7028,37,0,7,1,1,0
42,3,17,5,2763,3,1,50,1,8,0
39,7,17,5,3083,8,16,34,2,1,1
31,2,22,3,1828,19,0,36,1,1,1
38,1,14,1,4036,18,0,39,2,2,0
31,2,18,5,2390,87,0,16,1,1,0
39,1,19,1,1142,12,0,35,2,1,1
66,1,21,5,5844,77,0,50,2,1,1
42,3,17,1,1284,2,0,52,2,1,0
26,1,13,1,6051,49,0,30,2,1,0
37,1,20,1,33,305,0,46,1,1,1
22,1,17,5,1224,138,0,23,2,6,0
44,1,18,1,6385,14,0,18,2,1,0
54,1,23,1,4791,104,1,41,1,1,1
67,2,20,4,3991,42,0,57,2,1,1
48,1,12,5,8969,51,0,47,2,8,0
34,3,14,1,2394,29,1,8,2,6,0
35,1,21,5,371,24,0,35,1,1,1
36,1,14,5,9477,25,0,43,2,1,0
51,7,16,5,4021,15,0,25,1,1,0
44,1,13,1,7215,30,0,37,1,1,0
59,3,23,1,1625,65,0,35,1,2,0
38,3,20,1,6895,4,0,65,1,1,1
67,5,17,1,6035,15,0,19,2,1,0
22,4,15,5,7642,202,13,32,1,1,0
38,1,21,5,4596,76,0,61,2,1,0
33,4,20,5,1453,20,0,37,2,1,1
72,1,15,1,4372,231,0,31,1,1,0
55,6,17,3,5328,24,0,53,2,1,0
33,1,21,5,732,104,0,58,1,1,1
21,1,23,5,67,137,0,36,2,1,1
48,1,20,1,3947,26,3,43,1,1,1
80,1,18,1,9613,5,0,40,1,1,1
24,1,10,5,9290,5,0,19,2,1,0
28,1,14,1,8974,41,16,49,1,1,0
39,3,20,1,5947,36,17,59,2,1,1
50,1,10,1,6032,12,0,44,1,1,0
36,2,19,5,5058,140,0,39,1,6,0
50,1,18,1,4353,12,0,28,1,1,0
25,1,16,3,2258,140,0,3,2,1,0
31,1,22,5,4349,30,15,52,2,8,1
50,1,20,1,5475,268,0,53,2,1,0
32,1,15,1,8972,169,0,41,1,2,0
34,8,22,1,5134,98,0,27,2,1,0
45,2,21,3,5234,7,0,41,1,1,0
45,2,22,1,6993,56,0,22,1,3,1
60,1,23,1,3449,115,0,42,1,1,1
23,6,19,5,81,138,0,48,1,1,0
56,6,17,1,6646,14,0,31,2,1,0
40,5,20,1,2326,24,0,45,1,1,0
63,3,17,5,4447,264,1,27,2,1,0
52,2,19,1,8133,9,0,33,1,9,0
50,1,20,5,3144,8,9,33,2,1,1
29,1,15,5,5913,122,17,43,2,1,0
62,2,18,1,1371,39,0,45,1,1,0
57,1,19,2,4613,209,0,37,2,1,1
52,1,15,3,4276,117,0,34,2,8,1
28,1,17,1,7895,30,0,34,1,2,0
53,5,17,1,5101,55,0,44,2,1,0
83,1,23,2,1899,14,0,42,1,1,0
26,1,16,1,9632,245,0,49,1,1,0
63,1,19,1,8364,79,0,53,1,1,0
69,1,19,1,3403,2,0,48,1,2,1
54,1,12,1,8576,171,0,42,1,1,0
45,1,17,5,1529,17,0,51,1,1,1
36,1,20,1,6248,336,0,37,1,1,1
50,1,21,5,2654,4,0,42,2,1,0
29,1,20,1,2017,197,0,60,1,1,1
65,3,24,4,65,48,0,45,1,2,1
37,1,17,1,7345,1,0,24,2,1,0
35,3,19,1,1675,36,0,17,2,1,0
23,1,18,5,7603,160,0,39,1,9,1
35,1,16,5,8581,6,1,56,2,8,0
24,1,6,5,1811,25,0,18,1,1,0
51,1,16,1,5631,37,0,43,1,1,0
59,1,16,5,8311,6,0,41,1,6,1
27,1,21,5,8438,1,0,35,2,1,0
41,5,21,2,1276,65,1,23,2,1,1
59,1,15,1,8520,62,0,41,1,1,0
32,1,17,1,7589,300,17,41,1,2,1
43,1,17,5,8789,34,0,18,2,1,0
30,5,19,5,7802,6,0,34,1,1,0
57,1,20,3,3656,29,0,42,2,1,0
32,1,19,5,2799,99,11,32,1,1,0
43,1,22,1,1045,39,14,37,2,2,0
65,2,22,4,306,1,0,25,1,1,0
22,1,23,5,1706,123,0,43,1,1,0
57,1,21,1,188,93,0,41,2,1,1
58,1,16,2,3676,2,7,39,1,1,0
35,1,14,1,5574,44,9,12,2,2,0
18,1,19,5,6558,123,17,35,2,1,0
54,1,22,5,1862,185,5,24,1,1,0
52,5,21,1,9070,2,0,38,1,1,0
73,2,20,5,1224,6,0,50,2,1,1
60,1,16,2,6156,27,0,26,2,1,0
32,1,12,1,5402,89,0,37,1,1,0
60,6,16,1,3283,158,0,29,2,1,0
47,1,20,1,4149,6,0,23,1,6,0
52,1,22,1,1859,219,8,47,1,1,0
41,1,20,1,4347,15,0,50,1,1,0
72,1,22,1,314,98,0,48,1,2,1
34,1,20,1,7063,23,0,33,2,1,1
37,1,15,5,3246,2,0,29,2,1,0
57,5,20,5,777,51,0,52,1,1,1
39,7,20,1,3538,62,0,42,2,1,1
66,1,22,5,4958,4,0,41,1,1,1
58,4,20,1,3306,47,0,41,1,1,0
17,1,19,5,2266,6,0,29,1,1,0
35,6,17,3,4861,35,0,36,1,1,0
28,1,18,1,9108,20,0,45,1,1,0
66,1,21,1,1819,199,0,24,1,1,1
32,4,19,1,4389,19,14,56,2,1,0
39,1,20,5,2029,99,0,37,1,8,0
55,1,18,1,5941,7,1,53,2,1,0
21,6,19,5,6089,11,0,44,2,1,0
76,1,18,2,4565,48,0,50,2,1,1
27,1,20,5,892,1,0,49,1,1,0
32,1,18,3,7027,212,0,33,2,4,0
59,1,17,1,2139,76,0,32,2,2,1
35,6,17,1,5602,37,16,35,1,1,0
83,2,23,1,1283,20,0,56,2,1,1
22,1,21,5,5374,106,0,29,1,1,0
31,1,17,5,3581,31,10,31,1,1,0
38,6,18,3,7687,48,15,24,2,1,0
36,6,17,1,7913,2,0,45,2,1,0
67,7,22,1,2288,110,0,38,1,1,1
42,2,22,1,3484,80,0,33,2,2,0
50,1,22,1,2978,7,0,65,2,1,1
56,1,21,1,466,60,0,49,2,1,1
31,3,22,1,979,2,3,48,1,1,1
40,1,16,5,1214,93,16,36,2,1,1
41,1,11,5,952,42,0,35,1,1,0
55,1,21,1,1235,49,9,38,1,1,1
30,1,18,5,6277,138,0,54,2,1,0
28,1,18,1,1589,6,0,70,1,1,0
55,4,13,1,550,7,0,35,2,1,0
70,2,21,1,1129,98,0,39,2,1,0
31,1,19,3,5104,66,0,32,2,1,0
45,2,17,1,5065,18,0,49,1,1,1
50,1,18,1,3092,75,6,25,1,1,1
40,6,15,1,3437,302,2,41,1,1,0
41,1,21,1,5540,1,0,38,1,1,1
37,1,17,1,7961,30,15,55,2,1,0
41,1,20,1,1667,52,2,55,2,1,1
41,1,23,1,4766,6,0,17,2,1,0
29,1,16,1,6061,38,0,30,2,1,0
23,1,15,5,4219,176,0,50,2,9,0
46,1,15,1,4259,18,0,26,1,1,1
75,4,19,1,3459,28,3,20,2,1,1
66,6,21,1,3596,114,1,15,2,1,0
39,1,20,1,3644,44,0,26,1,1,1
48,1,21,1,4446,102,0,35,2,1,0
80,1,19,5,3889,87,12,44,2,6,1
27,5,20,1,2145,233,0,31,1,1,1
44,6,14,1,1707,23,0,41,1,1,1
49,6,17,5,1993,79,0,38,2,2,0
47,1,13,1,7869,7,0,37,1,1,1
70,1,16,4,1588,141,0,57,1,2,0
61,8,23,1,554,149,0,32,2,1,0
43,1,21,3,5310,42,16,25,2,1,0
38,1,21,5,2456,8,0,38,2,1,0
36,2,17,5,5603,103,0,27,1,2,1
53,3,19,1,2450,134,0,27,2,1,1
60,1,19,1,1250,69,0,36,1,1,1
36,4,15,1,7243,28,0,43,2,6,0
40,1,18,1,2658,359,0,31,1,1,0
50,7,20,1,1779,20,0,12,2,1,1
35,5,19,5,8355,62,0,63,1,9,1
53,4,16,5,9229,84,0,38,1,8,0
21,1,11,1,2500,105,12,25,2,1,0
46,1,20,3,3208,113,0,34,2,1,0
69,1,20,1,4373,57,0,46,1,1,1
36,1,18,1,1613,104,0,40,1,1,0
63,2,24,1,3685,19,0,57,2,1,1
77,1,21,1,1211,333,0,38,1,2,0
22,1,14,3,6889,12,0,14,2,6,1
50,1,13,3,4607,152,0,45,1,1,0
55,7,17,3,8173,70,17,12,1,1,0
37,1,19,1,6634,1,0,26,2,1,1
78,1,18,1,8772,3,0,35,1,1,0
47,5,21,1,4373,5,1,64,2,1,1
36,1,18,5,2359,51,0,26,2,1,0
34,1,22,1,603,301,1,45,2,1,0
53,2,22,1,21,224,0,56,1,1,1
33,1,19,1,2468,24,0,36,1,9,1
30,1,17,1,491,12,3,36,1,9,0
33,1,15,3,6980,1,0,46,1,1,0
19,1,16,5,6435,8,3,29,1,1,0
47,2,21,3,3723,3,2,24,2,1,1
44,1,16,3,3587,2,1,50,1,1,0
51,1,18,5,7816,8,0,24,2,1,0
38,2,20,5,3667,54,0,35,1,1,1
57,6,20,1,1340,68,0,20,1,1,0
23,1,15,5,6120,8,16,36,2,1,0
55,1,23,1,8313,218,0,29,1,1,1
40,3,20,1,1705,376,0,26,1,1,0
31,1,17,3,6542,4,0,35,2,1,1
68,3,20,5,3364,13,0,49,1,1,1
32,1,20,1,6213,160,0,28,2,6,1
27,1,11,1,4445,61,11,31,2,1,0
44,1,21,5,6578,113,9,49,2,1,0
48,6,19,3,565,37,1,41,2,1,0
34,1,11,5,6186,9,0,28,2,1,0
42,1,15,3,5726,61,0,29,2,2,0
36,6,18,1,6995,74,0,24,1,1,0
52,1,23,1,210,2,14,49,2,2,1
37,6,22,1,1618,216,0,52,2,8,0
62,1,22,1,3703,56,0,49,1,1,0
20,4,18,5,3688,121,11,49,2,6,1
40,1,17,1,7558,149,2,35,2,1,0
33,7,16,5,771,65,0,45,1,1,0
77,4,18,1,5965,2,0,19,2,1,1
54,4,17,1,1366,1,16,58,2,1,1
83,1,18,1,4831,33,0,45,2,1,0
39,6,13,5,4762,224,1,37,2,1,0
73,3,20,3,4359,50,0,40,2,1,1
67,6,18,3,575,40,0,42,1,1,1
27,1,19,5,4529,45,0,22,1,1,0
49,1,19,1,554,4,0,26,2,1,0
32,7,21,1,279,82,0,50,1,1,1
69,3,18,1,5121,37,0,22,2,1,0
21,2,20,3,5433,38,10,49,2,1,1
63,3,19,1,1993,2,0,74,1,1,1
38,1,16,1,7140,258,14,53,1,9,0
50,7,20,4,750,174,0,47,1,1,0
58,7,14,1,3809,29,0,38,1,1,0
51,3,13,3,3916,14,0,44,1,1,0
37,2,17,5,3338,7,0,36,2,2,0
30,1,23,1,1261,50,1,46,1,1,1
44,1,21,5,546,17,0,49,1,1,0
37,1,19,1,6632,21,1,61,1,1,0
26,4,22,1,1191,438,0,14,2,1,1
29,6,17,5,2762,5,0,36,2,2,0
47,1,19,1,898,28,0,26,2,1,0
57,1,22,1,5380,1,0,54,2,1,0
28,1,18,1,5642,106,1,38,1,1,0
32,1,16,1,5029,102,0,35,2,1,0
66,1,15,1,216,77,0,37,1,1,1
52,4,24,3,47,48,0,51,1,1,1
52,3,22,1,501,83,0,55,1,1,1
24,1,21,5,894,4,0,57,2,1,0
45,1,20,1,7632,149,0,33,2,1,0
42,1,16,5,6708,99,0,30,1,7,0
42,1,20,1,4509,120,17,33,2,1,0
51,1,20,1,6857,33,0,40,2,1,1
19,1,19,5,7902,67,2,35,2,2,0
49,1,21,5,2372,24,0,43,2,1,1
27,4,12,5,8690,88,0,1,1,7,0
49,3,16,1,7518,109,0,34,1,1,0
60,1,18,1,7446,92,0,43,2,1,0
25,1,18,5,4424,15,0,49,2,1,1
55,1,18,1,6362,13,0,49,2,1,1
52,6,19,1,2991,76,0,42,1,1,1
39,1,21,1,903,38,0,57,2,1,1
54,1,17,5,8852,12,0,27,2,1,1
64,7,18,1,3781,24,0,38,1,6,0
34,3,11,5,4043,270,15,49,1,1,1
42,6,23,1,2474,42,0,71,1,2,1
68,7,22,1,885,253,0,33,2,8,1
54,1,15,1,5055,189,0,46,1,9,0
37,7,20,1,753,399,0,44,1,1,1
24,4,24,5,19,3,0,32,2,1,1
35,1,22,5,7251,7,0,40,1,9,0
82,1,17,2,5446,2,0,37,2,1,1
45,1,16,1,2920,65,0,53,2,6,0
29,3,16,1,6291,110,17,35,2,1,1
30,1,19,3,6468,3,0,42,1,1,0
29,2,19,5,5316,4,2,25,2,2,0
20,1,21,5,80,19,1,52,2,8,0
74,1,20,1,1133,98,0,58,2,1,1
24,2,23,3,2037,132,0,49,2,1,0
32,1,19,3,5617,67,0,50,1,1,1
38,1,21,1,3368,139,0,40,1,4,0
32,1,13,1,6260,4,14,48,2,1,0
19,1,18,5,5434,7,0,37,2,8,0
34,3,19,5,6660,24,17,31,2,8,0
49,1,20,5,6004,89,0,57,1,1,0
68,3,20,5,3833,43,0,35,1,1,0
60,1,19,5,8225,246,0,52,1,1,1
34,4,18,1,3302,78,0,51,2,1,1
48,1,21,5,4051,136,0,41,2,1,1
44,2,18,5,2585,72,0,24,2,2,0
48,1,19,1,3304,48,0,34,2,1,1
63,2,15,5,3751,71,0,51,2,1,0
52,1,21,1,2829,199,0,40,2,1,0
72,2,22,1,389,7,0,51,1,1,1
30,1,19,1,2164,6,0,36,2,1,1
41,2,15,1,7379,17,0,41,1,1,0
47,1,21,5,151,2,0,52,1,1,0
49,1,16,1,8810,1,0,47,2,1,0
23,1,17,5,6551,48,0,43,2,2,0
29,1,17,3,1549,100,0,43,2,2,0
64,1,21,1,1112,16,0,14,1,1,0
59,1,19,1,4679,48,0,59,2,1,1
30,1,20,5,3593,7,8,42,1,1,0
72,1,22,2,7174,4,0,48,1,1,1
31,1,22,3,14,6,0,37,2,1,1
50,6,21,5,1710,16,0,49,1,1,1
67,1,16,1,1978,122,0,40,2,1,0
28,7,20,5,801,95,0,62,1,1,1
39,1,18,1,1233,2,0,20,2,1,0
37,1,15,1,6716,50,0,23,1,2,0
54,1,15,5,6563,47,0,53,2,8,0
48,4,21,1,3162,14,0,17,2,1,0
36,1,17,3,5584,32,0,36,1,1,0
33,2,23,1,757,65,1,38,2,1,0
38,1,19,1,2621,4,0,37,2,1,1
25,6,21,5,2210,2,13,37,1,1,1
75,3,16,2,956,222,0,33,1,1,1
51,1,17,5,8306,19,0,52,1,1,0
57,1,16,1,4806,45,0,40,1,1,0
31,4,21,1,2874,17,0,48,2,1,1
29,1,18,1,8124,17,0,34,1,1,0
49,1,20,1,6222,554,0,43,2,1,0
18,1,19,5,5225,312,12,26,2,2,1
37,1,17,5,2391,21,5,42,1,1,0
36,1,17,1,9373,24,10,33,2,2,0
57,1,21,1,1473,554,0,40,2,1,1
22,1,9,1,4844,253,0,37,1,1,0
45,1,16,5,4765,13,10,35,2,1,0
70,5,21,1,5952,32,0,41,2,1,1
72,1,23,1,3205,67,0,59,1,1,1
36,1,15,1,4321,119,0,41,2,1,0
32,1,14,5,2204,85,4,48,1,1,0
29,1,15,5,8530,185,1,63,1,1,0
25,1,22,1,36,11,0,42,1,1,1
29,1,16,1,1431,4,0,39,2,1,0
50,1,15,1,3906,43,0,50,2,2,0
61,1,14,1,3821,554,0,39,2,8,1
42,2,22,5,1961,1,0,41,2,1,0
43,5,19,5,3197,91,0,55,1,1,0
32,1,19,5,6052,2,17,25,2,6,1
27,1,20,5,4329,6,17,45,1,6,0
56,1,17,1,4926,60,0,36,2,1,0
31,2,19,5,7976,21,0,42,1,1,0
51,1,23,1,2591,126,0,34,1,1,1
44,1,19,5,7526,2,0,28,2,1,0
54,1,18,1,72,56,0,41,2,1,0
51,1,21,3,9283,13,0,62,1,1,0
18,1,20,5,4419,222,0,5,2,1,0
26,1,10,3,9126,53,17,45,1,3,0
33,1,21,5,8439,186,17,38,2,1,0
28,1,14,1,2831,16,0,37,1,1,1
39,1,12,3,5291,26,0,46,2,2,0
25,1,15,1,9275,28,13,48,1,1,1
22,1,16,1,6824,6,0,54,2,1,0
68,1,17,1,5444,180,0,43,1,1,0
27,1,14,1,9716,287,17,48,1,1,0
54,1,19,5,4089,33,0,39,2,1,0
80,1,21,4,7772,103,0,36,2,1,0
36,1,10,1,6400,79,17,41,1,6,0
53,1,17,5,4249,4,0,30,2,1,0
50,2,18,2,2843,6,0,33,1,1,0
39,1,19,5,274,24,14,52,1,1,1
37,1,21,5,135,100,0,36,2,1,0
45,1,18,5,3852,73,0,44,2,1,0
51,1,11,5,9592,3,3,33,2,1,0
59,1,19,5,6683,222,7,55,1,1,0
44,6,20,1,5021,33,0,35,2,1,0
24,1,13,5,7228,54,0,52,1,1,0
42,1,21,1,6252,21,0,44,1,1,1
29,1,18,1,5592,114,17,33,2,1,0
42,6,17,1,7529,235,1,9,2,2,0
81,1,18,1,6099,49,0,40,1,1,0
61,1,22,1,333,51,15,42,1,1,1
72,2,16,1,7837,90,0,42,1,1,1
56,1,22,4,3485,36,0,38,1,1,1
50,1,11,1,5733,42,0,50,2,1,0
35,1,21,5,2695,142,17,44,2,1,1
34,1,20,1,8778,210,4,65,1,1,0
25,4,2,5,5811,40,0,33,2,1,0
64,1,13,1,4564,171,10,28,1,1,1
35,6,19,5,7972,235,0,25,1,1,0
59,1,18,1,2555,24,0,43,1,1,1
34,1,9,1,2964,342,0,28,2,1,0
53,4,18,1,2457,9,0,50,1,1,1
35,1,18,1,3849,45,0,34,2,1,0
31,1,20,1,8285,48,0,48,2,1,0
25,4,21,1,5621,48,0,55,1,1,1
32,1,22,5,3190,55,0,40,2,1,1
76,1,23,1,945,63,0,43,2,1,0
18,1,20,5,3473,34,6,32,1,1,0
56,1,20,3,196,53,0,15,1,1,0
47,3,22,1,1065,140,0,24,2,1,0
45,7,15,1,5403,159,6,12,2,1,0
38,1,18,1,2654,73,0,36,1,3,0
40,1,23,1,1684,46,0,45,2,1,0
27,1,17,5,7925,9,0,33,2,1,0
39,1,20,1,4733,18,0,20,1,1,0
56,1,20,1,809,24,0,24,2,1,0
66,1,18,1,5457,1,0,32,2,1,0
56,1,10,2,5342,25,0,28,1,1,0
44,1,15,1,2522,91,10,53,2,6,1
77,5,23,1,609,64,0,48,2,1,1
52,2,20,1,4818,9,0,64,1,1,1
46,1,18,1,4639,14,0,25,2,1,0
34,2,17,1,6085,18,0,25,2,2,0
33,3,15,5,3724,1,1,33,1,1,0
22,1,16,5,9207,70,11,25,2,2,1
29,3,24,1,3673,5,0,36,2,1,0
35,2,22,1,2012,71,0,41,2,1,0
39,1,21,3,3581,90,0,31,1,1,1
23,3,20,1,5017,106,0,16,1,3,1
56,7,21,3,3990,1,0,18,1,1,1
41,1,17,1,728,226,10,35,1,1,0
23,4,19,3,1520,8,0,26,2,1,0
50,6,20,1,1153,173,0,58,1,8,1
24,1,17,5,9378,37,16,17,2,1,0
44,1,16,5,3907,33,1,36,2,1,0
24,2,21,1,6128,61,0,41,1,1,0
22,1,21,5,4060,2,3,53,1,1,1
19,1,20,1,1343,165,0,43,1,1,1
48,7,7,5,1900,70,11,47,1,1,0
24,5,22,5,5483,89,10,20,2,9,1
52,7,15,1,5974,8,9,16,2,1,0
29,1,12,1,8180,48,0,34,2,2,0
27,1,17,5,8471,50,0,26,2,1,0
56,1,19,1,2016,554,7,35,1,6,1
28,1,22,1,3154,97,0,34,1,2,0
33,1,21,3,4960,128,7,22,1,1,0
44,1,21,1,787,71,0,32,1,1,0
59,6,19,1,5243,61,0,49,1,1,0
50,1,19,3,6054,41,17,12,2,1,0
49,1,19,1,6820,24,1,48,1,1,0
40,1,16,5,6204,81,0,34,1,1,0
46,7,18,1,3090,19,0,28,1,1,0
33,1,19,1,7390,114,0,42,1,2,0
55,1,20,1,611,44,0,45,1,1,1
63,3,22,1,1978,3,0,58,2,1,1
65,2,21,1,1803,2,0,19,1,1,0
23,1,19,5,4180,116,5,25,1,1,0
57,4,20,1,6652,318,2,66,1,1,0
40,1,17,1,4788,225,0,45,2,1,0
48,3,22,1,721,78,0,38,2,1,1
36,1,8,1,7319,94,0,30,2,1,0
35,5,19,3,3867,24,0,13,2,1,1
44,1,19,3,1773,296,0,60,1,1,1
42,1,20,1,4365,172,0,27,2,1,0
23,1,15,5,6839,13,0,35,1,3,0
39,5,20,3,213,62,0,45,1,1,0
46,7,16,1,5083,44,0,34,2,9,1
35,1,22,5,2482,8,12,39,1,1,1
32,1,19,1,781,27,0,45,2,1,0
53,1,22,1,7417,69,0,36,2,1,1
28,3,20,3,6911,108,0,29,2,1,0
81,3,20,1,2897,11,0,42,1,1,0
27,2,18,5,4979,30,0,45,1,1,0
54,1,22,1,1309,2,0,59,2,1,1
48,2,12,1,7245,55,0,34,2,1,1
58,2,11,1,7217,141,0,48,1,1,0
26,1,16,1,3246,43,1,36,2,8,1
46,1,15,1,1416,13,2,26,2,1,0
57,1,17,1,898,234,9,31,1,1,1
23,1,24,5,208,47,11,31,1,1,1
40,1,20,1,1799,6,0,43,2,1,0
44,1,23,1,5504,9,0,36,2,1,0
39,7,17,1,4982,3,0,14,2,1,0
37,3,23,5,1342,58,1,28,2,1,0
36,6,20,5,93,60,17,53,1,1,0
32,1,20,1,8675,211,0,36,1,2,1
47,1,23,1,6319,433,12,45,1,1,0
27,3,18,5,1611,149,1,44,1,8,0
48,1,17,1,2811,122,0,49,2,1,0
46,3,24,1,212,19,0,48,2,1,1
35,1,21,1,1539,7,0,30,1,1,0
50,1,17,1,2820,2,0,37,1,1,0
49,1,19,1,6829,66,0,67,2,1,1
30,1,18,1,5800,554,7,32,1,1,0
35,1,18,3,7773,50,0,30,1,2,1
43,2,18,1,7303,22,0,29,2,1,0
41,1,18,1,1554,221,2,36,1,1,0
36,1,16,3,5906,104,0,37,2,1,1
29,1,17,5,8610,92,0,24,1,2,0
68,4,22,1,150,163,0,41,1,1,0
43,1,19,1,3189,37,0,47,2,1,1
38,6,18,5,4418,400,0,41,1,6,1
24,1,19,5,1544,26,6,41,2,1,0
29,1,19,1,2182,3,17,37,1,1,0
70,1,22,1,1406,17,0,43,2,1,0
41,1,18,3,1859,17,0,49,1,1,1
30,6,19,5,2215,30,0,46,1,1,0
42,1,22,5,41,331,0,39,2,1,0
70,2,19,1,8298,2,0,33,2,1,0
18,1,19,5,2944,68,11,27,1,1,0
74,1,23,3,779,49,0,46,1,1,1
35,3,21,5,7766,185,11,34,2,2,1
60,1,13,1,7932,76,14,26,2,1,0
56,1,19,1,2483,384,0,39,1,8,0
36,1,18,1,4853,17,0,22,1,1,1
67,1,20,5,1247,20,0,30,1,1,1
50,1,21,1,5219,454,0,72,2,2,1
47,1,18,1,5606,176,17,39,1,1,0
30,6,22,1,899,150,0,48,2,1,1
38,2,22,1,4675,25,15,52,1,1,1
58,1,22,5,5753,26,0,31,1,1,1
36,1,22,5,1378,18,0,22,1,1,0
37,6,21,1,2286,10,0,47,2,1,1
44,6,20,1,6545,129,16,44,2,1,0
20,1,20,5,4330,53,14,16,1,1,0
40,1,21,1,5226,63,0,65,2,1,1
45,1,22,1,167,11,0,54,1,1,0
58,8,20,5,796,28,0,38,1,1,0
63,1,20,3,2271,73,0,39,1,2,0
42,6,22,5,5055,4,0,15,2,1,1
54,5,21,1,267,8,0,46,1,1,1
84,3,18,1,8588,256,0,38,2,6,0
60,1,19,1,4349,197,0,53,1,1,1
58,3,23,2,2065,44,0,38,2,1,1
74,2,18,1,2716,353,0,50,2,6,1
67,1,23,5,6231,44,0,60,2,1,0
26,1,17,5,7465,76,3,31,2,1,0
63,1,15,1,5269,60,3,40,1,1,0
64,5,21,1,278,15,8,39,2,1,0
29,1,15,5,4389,84,12,41,2,1,0
55,1,22,1,4568,1,0,46,1,1,1
60,1,18,5,8898,1,0,26,1,1,0
67,1,23,1,1909,128,0,47,1,9,0
55,1,18,1,2385,157,0,76,1,1,0
43,6,24,1,3552,2,4,28,1,2,0
32,1,21,1,8385,3,5,29,2,1,0
47,3,20,1,433,90,0,49,2,1,1
29,1,22,1,1460,72,0,66,2,1,0
27,6,22,5,695,277,0,17,2,1,0
27,4,16,1,4122,416,0,58,1,1,0
31,1,21,1,3397,47,2,25,1,1,0
40,1,20,1,2044,493,0,24,2,1,1
36,1,17,1,1479,275,9,14,1,9,0
57,1,18,1,5787,7,0,39,1,1,0
35,1,17,1,3292,288,0,48,1,6,0
51,1,15,1,5996,218,0,37,2,1,0
87,2,15,2,7306,27,0,17,2,7,0
51,1,18,5,3712,110,0,48,1,1,1
28,1,15,3,4324,39,6,47,2,1,0
39,1,20,1,5805,430,0,39,2,1,0
71,6,18,1,931,11,0,55,1,1,0
35,6,20,1,1865,128,0,37,1,1,0
54,1,23,1,2772,62,9,34,1,2,1
58,1,22,1,4839,17,0,21,1,1,1
22,1,13,3,7515,57,16,12,2,1,0
42,2,19,5,1198,130,3,50,1,1,1
20,1,19,5,4671,75,0,39,2,1,0
46,1,20,1,3288,98,0,30,1,1,1
62,1,16,2,1493,52,0,54,1,1,0
57,1,21,1,241,165,0,43,1,1,1
22,4,23,5,1441,44,0,1,1,1,0
37,1,11,5,2073,405,0,26,1,9,0
61,1,13,1,8706,30,0,17,1,1,0
31,1,17,1,6506,168,15,35,2,1,0
62,1,20,1,6103,40,0,43,2,2,1
25,1,18,1,3477,67,16,50,2,1,0
25,1,21,3,4097,19,0,44,2,1,1
63,1,16,3,6343,24,0,58,2,1,1
59,6,20,2,7143,168,0,46,2,1,0
70,1,22,1,3394,53,0,48,1,1,0
29,1,18,1,4650,17,0,22,2,1,0
33,1,12,5,1480,59,0,40,2,1,0
65,1,20,1,2862,249,0,38,2,1,0
66,1,19,1,7929,5,0,51,1,1,1
52,1,18,3,1961,17,0,21,1,1,1
57,2,21,1,2407,61,0,59,2,1,1
39,5,21,3,2233,48,0,47,1,1,0
26,1,18,5,9631,20,1,19,1,1,0
39,3,11,3,4302,216,0,37,1,1,0
23,1,22,3,4930,169,0,61,1,8,1
26,1,22,5,1511,41,0,27,1,1,0
23,1,19,1,4447,119,0,50,1,2,0
21,5,21,1,6403,38,0,27,1,1,0
48,2,17,1,7037,169,0,31,2,1,0
54,7,16,1,3176,179,0,40,2,1,0
65,4,23,1,6052,2,0,50,1,1,1
28,1,20,5,2959,9,15,22,2,1,0
52,3,22,1,5512,8,0,61,1,1,1
51,1,17,5,4664,87,0,26,2,1,0
54,1,21,3,1111,149,0,46,2,1,0
42,1,21,3,1835,291,0,31,1,1,0
59,1,18,3,9113,2,0,36,1,1,0
31,1,16,5,3187,2,0,32,2,1,0
40,6,19,1,1625,14,1,45,1,1,1
34,3,22,1,271,122,0,45,2,1,0
41,2,21,1,1745,127,0,57,2,1,0
38,6,21,1,3038,152,16,43,1,1,0
73,1,20,1,1141,2,3,50,1,1,0
62,7,21,2,2265,53,0,43,1,1,1
33,1,16,1,7796,62,17,26,1,1,1
66,1,13,1,8958,71,3,30,1,1,0
57,1,20,1,6938,5,0,23,1,1,0
45,5,23,1,914,42,0,38,2,1,1
35,1,17,5,5018,265,0,38,1,1,0
46,5,19,5,2463,70,8,50,1,6,0
57,2,18,1,1297,4,0,57,1,1,1
25,1,2,1,9512,117,0,48,1,1,0
51,1,20,1,3896,251,0,20,1,1,0
41,1,17,1,4278,6,0,41,2,1,0
79,1,21,1,6077,4,0,63,1,1,1
43,1,23,1,808,129,0,22,2,1,0
19,1,20,5,1189,4,2,29,1,1,0
54,2,19,2,343,6,0,38,2,6,0
22,3,23,3,532,2,0,29,2,1,0
36,1,13,5,8961,5,17,33,1,1,0
20,1,22,5,2044,31,15,45,2,1,1
48,1,16,1,2060,9,0,58,2,2,1
74,1,19,1,2174,69,0,50,1,1,1
29,1,19,5,42,33,17,14,2,1,0
46,1,19,1,1945,4,0,59,2,1,0
42,1,18,1,6101,3,0,44,1,1,0
59,1,20,3,2411,1,0,16,1,1,0
24,7,19,1,5574,4,13,28,1,2,0
26,1,16,5,1714,274,2,33,2,1,0
28,1,18,5,5813,2,16,19,2,1,1
48,1,11,1,2953,3,0,28,2,1,0
69,1,14,1,7032,2,10,35,1,1,0
58,1,20,5,8784,66,0,30,2,1,0
79,4,21,2,8932,49,9,34,1,1,0
28,1,15,3,7250,33,0,56,2,1,0
28,4,20,1,3781,40,0,41,2,2,0
29,1,21,1,3924,180,0,34,2,1,0
27,1,21,3,1810,11,0,40,2,1,0
53,1,14,1,5171,40,0,43,1,2,0
64,4,15,3,7185,214,1,44,1,1,0
20,1,15,1,280,4,16,33,2,1,1
26,3,18,5,6361,4,0,47,1,6,1
63,1,10,1,4699,107,0,35,2,1,0
47,4,21,3,2762,10,0,48,2,2,0
37,2,18,5,6387,16,0,30,1,1,0
45,1,22,5,3595,170,0,34,2,1,1
58,1,17,3,6055,187,0,53,2,6,1
81,4,21,1,6734,29,0,46,2,1,0
33,1,19,5,4034,9,0,31,2,1,0
49,2,21,4,7703,67,16,39,2,1,0
57,1,15,5,6480,11,0,66,1,1,1
55,1,11,1,9675,3,0,34,1,1,0
38,1,21,5,5707,57,0,28,1,1,0
41,1,13,1,4940,51,0,37,1,1,0
32,2,15,5,5071,44,3,40,1,6,0
57,1,19,2,5886,91,0,42,2,1,0
39,1,22,5,2848,29,17,23,1,2,0
24,1,17,5,6999,20,0,37,1,1,0
37,1,15,1,57,66,0,51,1,1,0
68,1,18,1,3402,60,0,53,2,1,0
38,4,19,5,7441,5,0,10,2,3,0
49,1,20,1,5338,83,0,30,1,1,0
33,1,21,5,2507,184,1,15,1,1,0
34,1,12,1,6346,1,10,27,1,1,0
57,6,18,3,1381,17,0,46,2,1,1
51,1,19,1,8185,56,4,36,2,1,0
21,1,20,5,1016,26,0,17,2,1,1
84,7,20,1,4036,65,0,43,1,1,1
59,1,22,1,2944,76,0,48,1,1,0
34,1,21,1,4225,341,0,25,1,2,0
23,1,19,5,5846,55,14,51,1,6,0
26,1,20,5,4728,64,0,26,2,1,0
52,1,18,1,801,39,0,17,2,2,1
30,1,18,3,489,1,0,22,2,1,1
40,1,19,1,5741,71,12,47,1,1,0
45,1,19,3,1702,5,0,39,2,1,0
26,1,22,1,3485,265,0,50,2,6,1
53,3,20,3,8343,143,0,23,2,6,0
29,1,16,1,9637,41,7,44,1,1,0
29,1,5,5,8180,14,2,26,2,1,0
22,1,22,5,8157,80,13,49,1,2,0
22,1,19,5,241,212,16,34,2,1,0
57,1,20,5,1504,237,0,46,1,2,0
20,1,17,5,997,80,0,60,2,6,0
37,6,22,1,3978,8,15,5,1,1,0
48,2,18,1,2500,27,13,52,1,1,0
18,1,17,3,3649,25,0,45,1,1,0
57,6,22,1,547,18,0,34,2,1,0
33,1,19,5,4790,2,0,73,2,1,1
32,2,13,1,4975,171,14,23,2,2,0
25,6,10,1,9244,34,2,15,2,1,0
27,1,20,5,6075,95,0,24,1,1,0
35,1,21,1,2757,89,0,59,2,1,0
38,6,21,5,2869,5,1,30,2,1,0
51,1,20,1,759,19,16,47,2,2,0
43,3,20,5,4694,1,14,46,1,2,0
62,1,20,1,4929,46,0,42,1,1,0
47,4,22,1,1210,118,0,34,2,1,0
66,1,17,3,6663,272,0,43,1,3,1
25,1,18,1,7349,5,17,51,2,1,1
66,1,20,1,2260,45,0,55,1,1,1
69,4,20,1,3756,476,16,44,2,1,0
35,1,23,1,2398,280,0,64,1,1,1
55,3,23,3,109,184,0,51,2,1,1
43,1,20,1,3990,131,0,31,1,1,0
49,1,21,5,205,68,0,30,2,1,1
30,1,18,5,2930,13,0,49,2,9,1
63,1,12,1,1046,23,3,19,1,1,1
51,5,17,1,2471,2,0,37,1,1,0
61,1,19,1,5919,38,0,27,1,6,1
32,1,17,1,3334,46,2,24,2,1,0
42,1,14,1,2360,54,0,40,2,1,0
35,1,15,1,8685,40,0,24,2,1,1
32,1,13,5,6283,320,0,43,1,8,0
25,1,20,1,1609,186,17,23,1,1,0
26,4,18,3,1975,8,0,30,2,1,0
21,1,15,5,9301,22,0,20,1,1,0
34,1,23,1,4528,43,0,38,1,2,0
21,1,15,1,2867,158,0,52,2,1,1
42,1,19,5,5495,133,0,39,2,2,1
33,7,22,1,8841,109,0,24,2,1,0
31,1,17,5,979,7,0,44,1,1,0
35,1,17,1,3984,139,0,45,1,1,0
61,1,23,1,2790,30,0,41,2,1,1
41,1,19,1,7457,1,0,40,1,1,0
26,1,19,1,7928,108,0,36,1,1,0
21,5,22,5,689,2,0,43,1,1,1
47,1,19,1,8134,80,7,29,2,1,0
49,3,17,1,6358,185,4,54,1,1,1
53,1,19,4,1757,182,0,25,1,1,0
50,2,19,1,3771,12,0,24,1,1,1
63,1,19,1,2944,17,0,22,1,1,1
56,1,22,1,352,21,16,29,2,1,0
43,1,22,3,5034,134,0,24,1,6,0
29,7,20,1,1757,35,11,53,2,1,0
72,1,19,1,1400,374,0,25,2,1,0
71,7,19,1,2880,23,0,39,1,1,1
36,1,21,1,2626,72,0,57,1,1,0
39,1,19,1,6779,34,0,7,1,1,0
50,6,20,1,1584,40,2,51,2,2,1
25,1,16,5,4098,6,0,43,1,9,0
35,1,19,1,8930,124,0,47,1,3,0
85,1,18,1,1875,269,0,28,1,1,1
61,6,13,1,2823,149,0,28,1,1,0
57,1,19,5,4044,1,0,58,1,1,1
32,1,17,5,5872,37,0,36,2,1,0
64,2,22,1,2851,1,0,36,2,1,0
20,1,16,1,8251,245,1,41,2,6,0
31,1,23,5,1280,1,0,27,2,1,0
27,1,17,1,6929,34,1,21,2,2,0
19,1,20,5,6159,43,0,45,1,1,0
49,1,22,1,4888,26,0,43,1,1,0
20,1,20,5,3427,22,0,37,2,1,0
22,1,20,5,2549,114,0,21,2,1,0
31,6,21,3,1712,17,15,50,1,1,1
22,1,22,1,1304,7,17,27,1,1,1
51,6,23,1,342,3,5,45,2,1,1
56,5,19,1,5995,41,1,40,1,1,0
31,1,14,5,5647,135,0,57,1,1,1
21,1,18,5,9376,192,0,45,2,1,0
44,1,18,1,483,32,0,51,2,1,1
46,1,21,1,8510,50,1,20,2,1,0
22,1,17,5,213,1,0,21,2,1,1
46,1,15,1,8339,62,0,30,2,1,1
24,4,17,1,7637,50,0,54,1,1,0
22,4,16,5,7371,77,6,24,2,2,0
32,1,18,5,9633,305,0,32,1,8,0
44,4,10,1,3828,229,0,44,2,1,1
33,1,17,5,6110,2,0,56,2,1,0
43,1,22,1,6365,57,0,23,1,1,1
25,1,21,1,5407,112,0,46,1,1,1
25,1,19,5,915,26,11,47,2,1,0
29,1,21,1,428,110,0,67,1,1,0
43,1,16,1,6138,7,2,22,2,1,0
60,2,24,5,2181,3,0,42,2,1,1
76,1,18,1,4323,2,0,48,1,1,0
35,1,16,3,4514,1,0,27,2,2,0
24,3,21,5,5004,6,7,16,1,6,0
26,1,22,5,1045,68,0,70,2,9,1
30,1,16,5,2079,138,0,48,2,1,0
35,1,19,1,1121,6,0,38,2,1,1
49,1,23,3,1954,60,0,26,2,1,0
36,1,18,1,1377,2,4,11,2,1,0
39,1,18,1,6712,37,0,67,2,1,1
32,2,19,1,2769,19,1,28,1,1,1
37,1,16,1,393,83,9,43,2,1,1
26,2,16,3,6362,18,1,36,2,1,0
53,1,21,5,3365,59,0,40,2,1,1
29,1,20,5,640,252,4,43,2,1,0
29,1,18,1,5228,128,0,53,1,1,1
58,1,15,1,8861,23,0,34,1,1,0
50,3,22,1,3205,3,1,29,1,1,0
23,4,15,5,2912,23,0,54,1,1,0
61,1,16,1,5510,141,0,44,1,1,1
41,1,15,1,5238,24,0,57,1,1,0
21,1,15,5,4516,183,2,34,1,1,0
50,1,19,1,7010,152,7,29,1,2,0
32,1,23,1,360,98,14,50,1,1,1
32,3,18,1,7792,14,0,33,2,1,0
47,5,18,5,5162,306,0,39,1,1,0
26,1,14,5,9830,72,0,30,2,6,1
34,1,17,5,8901,8,11,48,1,1,0
30,1,16,5,2053,1,0,28,1,2,0
22,1,15,3,8346,92,0,45,2,1,0
61,1,12,5,8056,15,13,29,1,1,0
30,3,20,5,2660,6,0,37,2,1,0
30,1,23,1,2290,83,14,35,2,1,1
40,4,22,1,2422,19,0,22,1,8,0
64,1,22,1,4394,47,5,60,1,1,1
67,1,21,1,988,244,0,60,2,1,0
28,1,19,1,6546,6,0,40,1,1,0
37,6,21,1,4347,76,0,45,1,6,0
47,3,17,1,7519,8,0,36,2,2,0
27,1,18,3,1958,103,15,51,2,6,0
43,6,21,1,7448,173,4,38,2,8,0
48,6,23,1,54,29,0,29,1,1,0
35,6,18,1,1749,248,0,49,1,8,0
40,2,10,5,2688,26,0,29,1,8,0
31,1,14,1,4473,70,0,42,1,1,1
48,1,16,1,8664,43,0,13,1,6,0
25,1,3,5,3907,65,14,21,1,2,0
43,1,19,1,3040,45,0,52,2,1,1
43,6,22,5,3276,103,0,32,2,1,0
55,1,21,5,62,14,0,45,2,1,1
39,1,13,1,8394,2,0,36,1,1,0
74,7,22,1,602,56,0,40,2,1,0
23,1,18,1,4140,153,0,10,1,8,0
40,1,14,1,6676,8,2,9,2,6,0
62,1,24,1,5447,42,0,28,2,1,0
35,7,16,5,7557,114,0,5,2,1,0
22,1,18,5,5886,57,1,42,2,1,0
41,1,18,5,8855,16,0,45,2,1,0
29,2,21,1,4213,58,0,33,2,6,1
18,1,15,3,3907,35,5,23,2,1,0
53,1,19,1,3733,1,0,51,1,2,0
64,3,22,1,1261,105,0,47,1,1,1
44,1,19,5,5330,20,0,37,1,1,0
29,1,12,1,7809,51,0,13,2,1,0
50,3,19,5,5390,247,3,37,1,1,0
41,1,21,1,885,43,14,30,2,8,1
39,6,23,1,3308,1,0,42,2,1,1
66,1,18,3,6069,205,0,44,1,1,1
52,1,20,1,3632,40,0,18,2,1,0
52,6,19,1,7137,110,0,49,1,9,1
43,1,20,5,5928,5,13,55,1,1,0
31,2,18,5,6067,8,0,53,1,1,1
49,7,20,1,8668,17,0,32,2,1,0
41,1,12,1,3231,114,0,50,2,1,1
38,4,17,5,6983,43,0,87,2,1,1
38,1,19,5,1214,212,0,38,2,6,0
32,1,20,1,3007,61,6,20,2,1,1
42,3,23,1,640,9,0,48,2,2,0
23,5,18,5,7423,2,0,55,2,2,1
21,1,21,5,521,90,0,42,1,1,0
49,5,19,1,6515,3,11,44,2,1,0
42,4,24,2,4618,66,0,34,2,8,0
51,2,24,1,1566,16,0,48,1,1,0
60,1,17,1,5735,22,0,58,2,1,0
37,2,23,1,5501,2,10,31,2,1,1
60,1,19,1,6533,140,3,56,2,6,0
48,2,19,1,5374,2,0,41,1,2,1
42,1,20,3,2624,93,0,40,2,1,0
27,2,17,5,2691,29,0,39,2,1,0
65,1,22,1,474,3,0,44,1,2,1
22,1,19,5,7091,230,0,29,1,8,0
28,1,15,1,5970,36,16,41,2,1,0
38,5,22,1,237,16,5,21,1,1,1
63,3,22,1,642,2,0,46,2,1,0
35,1,23,1,2447,41,0,44,1,1,0
31,1,19,1,5423,25,2,46,1,1,0
40,1,22,1,1946,272,0,49,2,6,1
30,1,16,5,3818,222,14,27,2,1,0
33,1,23,1,2306,6,0,40,2,1,1
20,4,19,5,2957,44,16,44,1,1,1
38,1,13,1,6411,97,0,40,1,2,0
44,1,17,3,4667,4,0,59,1,1,0
24,1,17,5,2521,79,0,3,2,9,0
43,6,22,1,2573,16,0,16,1,6,0
27,1,15,5,1445,33,0,49,2,1,0
22,1,18,5,532,50,0,42,2,1,1
48,1,21,3,770,11,0,23,2,1,0
80,1,20,1,5808,33,0,47,1,2,1
47,1,17,1,9233,75,0,28,2,1,0
28,1,21,3,1384,48,0,63,1,9,1
66,1,20,1,5577,97,0,47,2,1,0
25,1,23,5,3209,13,8,33,1,1,1
48,1,19,1,6475,85,0,58,2,1,0
34,7,17,5,5834,34,0,17,2,1,0
38,2,21,1,2956,58,0,39,1,1,1
29,7,22,3,330,84,0,58,1,1,0
36,1,22,1,2302,13,0,61,1,1,1
39,1,16,5,122,49,9,62,1,1,1
51,1,20,1,1961,94,0,39,1,6,1
31,1,11,5,4259,55,1,57,2,1,1
81,1,22,2,5785,38,0,50,1,2,1
46,6,11,1,9434,2,0,32,1,1,0
35,1,14,5,1209,26,0,30,2,3,0
40,1,20,5,6554,251,0,63,1,1,1
24,1,18,3,4549,59,0,63,2,1,0
47,4,22,1,979,3,0,60,1,1,1
27,6,17,1,3013,251,0,11,2,1,0
58,2,24,1,60,20,0,41,1,1,1
44,3,22,1,568,63,0,29,2,1,1
68,1,20,1,4013,163,17,64,1,1,1
40,4,15,5,5086,112,0,45,1,1,0
26,1,20,5,7830,8,15,48,2,1,0
47,3,21,1,49,72,17,43,1,1,0
43,6,19,1,2366,10,0,37,2,1,0
43,1,20,1,1878,15,0,31,1,2,0
28,1,19,5,9360,58,0,52,2,1,0
53,2,20,1,2401,42,0,36,2,1,0
78,3,15,1,7796,34,0,22,2,1,0
53,1,14,1,6883,31,0,38,2,2,0
56,2,21,1,4503,60,13,15,1,1,0
64,1,20,1,4822,32,0,51,2,1,0
43,2,18,1,2888,19,0,60,1,6,1
37,1,17,3,781,24,0,55,2,1,0
36,2,21,5,3234,61,0,51,2,1,1
41,6,18,1,1267,14,15,39,2,1,0
55,1,22,3,250,42,0,49,1,8,1
40,1,21,3,6267,121,0,27,2,1,1
41,1,23,3,119,189,0,33,1,1,0
29,1,21,1,250,203,14,50,1,2,0
49,6,19,5,5079,26,0,37,1,1,0
59,1,18,5,8744,4,0,43,2,1,1
84,1,22,1,6135,9,0,66,1,1,1
28,4,19,3,5604,132,1,34,1,1,0
44,1,9,1,5388,178,6,40,2,1,0
23,4,20,5,5147,55,16,34,1,1,0
41,1,21,1,733,144,1,21,1,2,1
26,1,21,5,1521,70,0,53,1,1,1
18,1,18,5,8502,8,0,46,2,1,0
35,4,22,3,163,30,0,63,1,1,1
30,1,21,5,1547,41,0,49,1,3,0
21,1,23,5,2609,3,16,41,1,1,0
43,3,21,1,985,86,1,31,2,2,0
46,2,14,1,2758,48,0,48,2,1,0
70,5,23,1,812,1,2,27,2,1,1
23,1,17,3,2175,48,15,30,2,1,0
48,7,23,5,1218,53,0,44,1,1,0
51,1,20,1,804,12,0,40,2,1,1
19,1,21,5,3308,11,5,49,2,2,0
44,1,19,5,2376,18,1,53,1,6,0
27,6,19,1,2286,4,0,30,1,1,1
37,1,21,5,1549,2,0,35,2,8,1
28,4,17,5,7228,34,0,40,1,1,0
29,1,15,5,3958,28,0,44,1,1,0
88,2,19,4,6107,3,0,37,2,8,1
28,1,21,1,4898,4,16,18,1,1,1
21,1,13,5,4303,9,0,57,2,1,0
53,3,23,3,1667,61,8,57,2,1,1
31,1,22,3,7790,46,0,35,1,1,1
37,2,16,1,5611,12,0,42,2,1,0
38,2,20,1,1424,7,16,65,2,1,0
26,5,21,1,1886,144,0,33,1,1,1
28,1,17,5,1724,165,0,40,2,1,0
41,1,17,5,1666,10,12,33,2,1,0
22,2,19,5,1904,178,0,47,1,1,1
58,1,16,1,1790,113,0,54,1,3,1
63,1,19,1,63,102,0,45,1,6,1
54,1,17,1,1771,22,0,40,2,1,0
52,1,12,5,1519,13,0,40,1,1,1
41,1,21,1,915,42,0,41,1,8,1
55,1,16,1,5798,19,1,52,2,1,0
37,6,20,5,2351,40,1,13,2,1,0
57,1,18,3,8335,31,0,26,2,1,1
21,7,23,5,1972,80,17,42,2,1,1
41,1,21,1,1111,70,0,38,1,2,1
37,1,19,1,7283,88,0,38,1,1,0
53,2,21,1,580,88,0,44,2,1,0
39,1,19,1,2888,3,0,27,1,1,1
21,1,16,5,3456,113,8,37,2,1,0
39,1,19,5,3146,39,0,23,1,6,0
45,1,20,1,3631,3,10,33,1,1,0
40,1,23,3,1571,11,0,37,1,1,0
37,1,15,1,2967,8,0,49,1,1,1
38,1,22,5,1270,65,0,40,2,1,0
20,1,19,3,1903,6,15,31,2,9,1
53,1,18,5,8560,94,0,31,1,1,1
42,1,17,1,8369,55,0,26,2,1,0
54,1,23,1,1854,54,0,37,1,1,0
33,3,12,3,7538,6,0,47,1,1,1
44,1,21,1,3182,24,16,52,2,1,0
23,3,19,1,1875,367,0,28,2,1,0
22,1,22,1,2362,47,11,46,2,1,0
36,6,19,3,341,201,0,9,2,1,0
45,6,11,2,8971,188,0,31,1,1,0
37,6,24,1,4472,1,1,46,2,1,0
46,1,16,5,8414,310,2,35,1,7,0
45,1,21,1,110,18,0,43,2,1,1
46,1,19,1,5431,20,0,37,1,1,0
22,5,16,5,5006,20,0,25,1,3,0
27,1,21,5,3755,139,0,33,2,2,0
59,1,19,1,2820,5,0,41,2,2,1
34,1,19,5,333,138,0,59,2,1,1
35,1,14,5,4317,177,0,34,2,1,0
63,1,21,1,1302,65,0,35,1,1,1
54,1,20,5,1693,34,0,35,2,1,1
26,2,15,1,6152,3,11,38,1,1,1
32,1,19,5,4432,2,0,34,1,1,1
27,1,19,5,3814,11,0,21,1,1,0
30,1,20,5,7227,185,0,63,1,1,0
29,3,23,1,2042,3,8,44,2,1,0
68,8,22,1,169,133,0,27,2,1,0
34,3,23,5,2210,2,0,26,1,1,1
23,1,18,1,9074,6,6,31,1,1,0
45,5,21,1,6451,163,0,31,1,1,0
35,4,18,5,7955,31,0,37,2,2,0
35,1,19,1,2489,127,0,32,1,6,1
56,1,21,1,4971,3,0,42,1,1,1
48,1,22,5,2653,131,0,21,1,2,0
50,1,21,3,2325,299,0,4,2,1,0
21,2,21,1,4367,43,11,23,1,1,1
39,1,20,5,5270,35,0,60,2,1,0
38,1,21,1,2487,12,0,62,2,1,1
66,6,20,3,1747,3,0,44,1,1,0
24,1,22,5,4065,5,0,39,1,1,1
42,2,19,1,1990,45,0,26,2,1,0
27,6,20,5,2263,16,0,25,2,1,0
32,1,23,1,4678,135,0,58,1,1,0
65,6,19,1,5802,151,0,33,1,1,0
37,3,21,1,5104,3,0,35,1,1,0
44,6,13,1,3371,371,0,36,1,1,0
39,1,20,5,2539,175,0,43,1,6,0
42,1,19,1,7095,71,1,36,1,1,0
49,2,22,1,1876,2,0,37,1,1,0
30,1,14,5,4291,388,12,23,2,1,0
22,4,21,1,3383,13,0,40,2,1,0
58,1,20,1,1872,11,16,51,1,1,0
42,1,21,1,6518,13,0,45,2,1,0
36,6,13,1,5665,5,1,41,2,1,1
60,1,21,1,1614,204,2,49,1,1,0
50,1,17,1,5524,20,0,52,2,1,0
44,1,13,5,8588,188,0,31,2,1,0
35,1,18,3,6908,33,0,40,2,1,0
28,1,19,1,5414,74,0,57,1,1,1
22,1,11,5,5318,15,2,41,2,2,0
23,1,17,1,1381,14,0,27,2,1,0
28,1,19,1,6374,16,8,42,1,1,1
51,6,8,1,5272,108,0,48,1,1,0
21,1,21,1,5274,26,3,43,2,1,0
62,1,19,5,2954,18,0,16,1,1,0
25,1,17,1,8548,3,0,29,1,1,0
51,1,18,1,4921,46,4,17,1,1,0
51,1,19,1,8090,15,0,57,2,1,0
41,1,20,1,6792,43,1,17,1,1,0
41,1,19,1,1809,320,0,43,2,1,0
20,1,23,1,287,7,0,40,2,1,1
49,6,19,5,1926,15,0,42,1,1,0
37,1,19,5,298,146,12,27,1,1,0
68,1,22,1,5078,77,0,44,1,2,1
48,1,20,1,319,39,3,76,2,1,1
33,1,19,5,2621,18,0,38,2,1,0
24,1,16,5,5949,36,0,36,2,1,0
38,7,21,2,3589,106,1,35,2,1,1
24,1,19,1,3901,1,11,28,2,2,0
18,6,11,5,7753,14,17,2,2,1,0
35,1,11,3,5979,71,0,31,1,1,0
23,1,8,1,3920,20,0,49,2,1,0
25,1,20,5,6601,4,1,41,1,1,0
62,2,13,1,6693,3,0,32,1,1,0
74,1,23,1,1157,6,0,29,1,1,1
26,1,16,5,6570,23,0,44,1,1,1
68,3,18,1,406,191,0,49,1,1,1
38,1,23,5,292,28,0,44,1,1,1
33,2,22,1,3661,72,0,33,2,1,0
39,1,22,3,4671,4,12,40,1,2,0
38,1,21,1,399,209,0,50,1,1,0
43,1,18,1,8234,63,0,55,1,1,0
19,1,19,5,843,551,0,49,2,8,0
31,1,16,5,4919,266,4,44,1,9,1
21,2,16,5,5396,37,0,30,2,2,0
41,1,21,1,3450,58,0,61,1,1,0
34,3,24,1,894,48,11,64,1,1,1
30,1,18,1,8555,2,0,44,1,1,1
25,1,19,5,1607,7,0,31,2,1,1
34,1,18,1,697,2,0,40,1,1,0
52,1,12,1,7523,85,1,53,1,6,0
63,1,20,1,60,20,0,38,2,2,1
20,1,17,5,8288,100,0,36,2,5,0
49,6,23,3,182,8,0,31,2,1,0
38,1,19,1,696,9,0,46,2,1,0
28,1,16,5,9762,73,0,24,1,1,0
61,4,20,1,1762,111,0,40,2,1,0
42,1,10,1,3632,61,0,52,1,2,0
68,5,15,1,3463,23,0,41,2,1,1
32,1,20,1,4618,3,0,74,2,1,1
27,1,20,3,830,392,14,13,2,1,1
35,1,18,1,4636,14,0,23,2,1,0
33,1,19,1,8391,20,0,5,2,1,0
35,1,17,1,828,80,0,41,1,2,1
34,2,11,5,4662,95,0,34,2,2,0
28,1,20,1,9189,156,17,12,1,1,0
78,5,19,1,6258,14,0,32,2,1,0
42,1,19,1,1298,57,0,51,2,1,1
50,1,23,1,99,1,0,50,1,1,1
29,1,19,3,4221,419,0,58,2,1,0
64,1,21,1,822,29,0,41,2,1,1
78,7,17,3,5034,398,0,28,2,6,0
42,2,22,1,175,81,8,25,1,9,0
21,1,10,5,9301,344,11,26,2,1,0
22,1,19,5,4350,11,14,20,1,2,0
41,2,23,3,14,11,0,43,2,1,1
41,1,21,5,6487,3,3,42,1,1,1
19,1,19,5,8405,79,5,37,1,1,0
33,1,21,1,658,18,2,63,2,1,0
26,3,18,1,3845,24,0,29,2,1,0
44,1,8,1,7597,41,17,34,1,8,0
39,1,16,1,1459,42,1,51,1,1,1
37,4,16,3,1447,54,0,42,1,1,1
63,1,21,3,746,9,0,59,2,6,1
30,1,23,3,116,45,0,27,1,1,0
72,1,16,1,5560,211,0,32,1,1,0
29,1,19,5,7026,87,0,36,2,1,0
59,2,20,2,1225,8,0,49,2,1,1
24,1,19,1,2160,122,0,40,1,2,0
37,1,20,5,8449,39,7,77,1,1,1
34,1,14,5,4637,7,1,64,1,9,1
33,3,22,5,1085,154,17,27,2,1,0
64,1,24,1,1602,19,0,36,1,1,0
47,4,20,1,5621,210,5,34,2,1,0
32,1,19,5,5290,240,0,47,1,1,0
40,1,19,5,7278,4,0,46,1,2,0
30,1,9,3,7795,182,2,36,1,2,1
58,1,18,5,2064,55,0,39,1,1,0
41,1,14,1,5983,4,1,42,2,1,0
20,4,19,1,5807,6,0,21,1,8,0
34,1,15,5,9025,6,0,47,1,1,0
20,1,17,5,5844,3,0,49,1,6,1
48,2,20,1,7827,14,0,50,1,1,0
78,1,23,1,4346,105,0,53,1,1,1
53,1,16,3,1570,79,1,32,2,1,1
27,1,21,5,248,207,0,29,2,8,0
41,1,14,5,8789,21,0,36,1,1,0
59,7,21,1,194,35,0,43,1,1,1
35,1,8,1,9518,47,11,27,1,1,0
38,6,18,1,4035,12,0,41,1,1,1
76,1,22,3,8187,2,0,27,2,1,0
53,3,17,3,6507,210,0,30,2,8,0
82,1,22,5,465,59,0,35,2,1,1
44,5,23,1,1506,349,0,53,2,1,1
35,4,7,5,9690,345,1,2,1,1,0
60,6,17,5,7028,53,0,42,1,1,1
33,1,22,3,8829,478,0,64,2,2,0
45,1,18,2,5771,9,16,24,1,1,0
34,1,18,1,1237,3,0,67,1,1,1
46,1,18,1,6390,90,0,42,2,1,0
25,1,15,5,4139,24,14,53,2,2,0
73,1,21,1,1522,1,0,54,2,1,1
29,1,20,1,5155,9,0,33,1,1,0
47,6,16,1,7380,80,0,45,2,1,1
21,1,20,3,6735,9,1,73,1,1,1
26,1,19,5,8271,99,0,28,2,2,0
65,3,20,3,5437,19,0,70,1,1,0
27,2,17,3,8814,21,0,48,2,1,0
32,1,18,5,5358,88,17,48,1,8,0
63,1,22,1,2636,31,0,52,2,1,0
33,1,18,5,1764,4,0,34,2,1,0
33,1,15,1,5722,89,0,49,2,1,0
55,1,18,1,1075,415,0,21,2,1,1
37,1,18,5,6692,21,0,34,2,6,0
51,7,19,1,15,5,0,32,2,6,0
27,2,19,1,1371,108,16,53,2,1,0
63,4,21,1,847,199,0,31,2,6,1
40,1,17,5,5404,2,0,53,2,1,1
41,1,23,1,67,13,0,41,2,6,1
56,1,18,1,3110,75,0,48,1,8,0
36,1,21,5,1225,11,0,43,2,1,0
73,1,19,1,750,7,0,48,2,1,1
43,1,21,1,253,2,0,40,2,1,1
44,1,20,1,3764,11,0,17,2,1,0
52,1,24,1,931,13,0,43,2,1,1
20,6,13,5,1719,171,5,47,1,1,0
21,1,17,5,8063,49,4,24,2,1,0
22,1,19,1,6040,60,4,14,2,1,0
31,5,20,5,5620,51,3,46,2,1,1
32,1,16,5,3212,13,15,26,1,1,0
67,1,22,1,1426,2,0,63,2,2,0
35,2,23,1,1066,3,0,46,2,1,1
61,3,22,1,3377,17,0,59,2,1,0
33,1,20,1,7216,9,0,46,1,1,1
32,2,15,3,9305,60,11,12,1,1,0
54,6,20,1,3137,142,1,47,1,1,1
50,1,22,4,6760,7,0,55,2,1,1
31,1,19,5,3498,207,0,45,2,1,0
58,4,24,1,397,42,5,41,1,1,1
29,1,20,5,4930,16,0,45,1,2,0
38,1,17,5,5050,29,0,37,2,1,0
51,1,13,1,6953,27,0,38,2,1,0
46,3,22,5,4508,80,0,55,1,1,1
50,1,14,4,4131,189,0,31,1,1,1
62,1,22,1,2295,20,0,24,2,6,1
65,3,17,5,4970,37,0,37,1,1,1
42,5,20,5,8631,68,3,32,1,1,0
39,1,19,1,1473,3,0,45,2,1,0
30,2,15,3,149,42,0,21,1,1,0
66,1,22,5,63,163,0,46,2,1,1
39,1,16,5,7502,59,16,38,1,1,1
28,6,19,5,5415,23,0,27,2,1,0
51,6,22,3,2375,2,7,18,1,1,1
66,1,22,1,3413,30,0,54,1,1,1
51,2,21,1,530,22,0,24,2,1,1
45,1,21,3,2241,3,0,44,1,1,0
40,1,18,1,4068,23,0,39,1,1,1
27,7,18,5,8941,61,0,26,1,1,0
29,1,19,5,5062,181,1,28,2,5,1
25,4,23,1,899,247,0,56,1,1,1
56,1,15,1,6190,11,4,42,1,1,1
21,1,16,5,3880,43,0,44,1,1,1
44,1,24,1,167,27,0,65,1,2,0
26,1,15,1,8659,20,12,31,1,1,0
24,5,14,5,8116,21,0,38,2,1,0
35,1,19,3,5187,109,2,41,1,1,1
40,1,17,1,6260,4,17,41,2,1,0
19,1,21,1,597,371,17,40,2,1,0
28,1,18,5,6573,87,1,41,1,1,0
49,1,17,5,2646,20,0,27,1,1,0
53,1,22,1,793,68,0,50,1,1,0
39,1,17,3,4475,79,1,34,2,1,0
38,1,21,5,504,25,0,24,1,1,0
35,1,22,5,1055,111,0,21,2,1,1
67,1,22,1,231,3,0,43,2,1,0
20,1,17,1,9051,219,10,35,2,6,0
38,7,23,1,4247,134,0,19,1,1,0
23,1,19,1,836,25,16,27,2,1,1
32,3,18,1,5147,80,0,51,2,1,1
41,1,22,1,8338,126,0,45,1,1,1
53,1,18,1,1726,80,8,44,1,1,0
49,1,21,3,2316,14,0,43,1,1,0
67,1,21,1,8388,7,0,37,1,1,1
33,1,13,1,7907,34,0,35,2,1,0
50,8,21,3,3415,38,0,52,2,1,0
24,1,23,5,3489,2,0,27,2,1,1
37,1,17,1,3917,59,0,33,1,1,0
61,1,22,1,4075,58,8,48,1,1,0
19,1,15,5,5489,240,1,42,1,1,0
37,5,6,5,4705,18,0,38,1,1,0
39,1,22,1,8555,83,0,41,1,1,0
64,1,20,1,6793,29,8,33,2,1,0
24,1,20,5,7655,6,0,36,2,1,1
27,1,20,5,3189,149,0,30,2,1,0
72,1,21,1,5417,191,0,63,2,1,0
53,5,21,1,8887,29,0,47,1,1,0
71,1,20,3,486,72,0,33,2,1,1
30,1,17,5,5380,1,0,38,1,9,1
51,1,20,1,5512,58,0,31,2,1,0
34,2,21,3,6263,171,0,20,2,2,0
42,1,11,5,8915,9,0,31,2,2,0
65,7,18,1,2549,19,0,39,2,1,0
56,1,21,2,8426,23,0,45,1,6,1
38,7,16,1,3300,12,0,10,2,1,0
24,1,20,5,7805,207,0,43,2,1,0
53,1,18,1,8457,145,0,39,2,1,0
49,7,21,5,1862,17,0,48,1,1,0
47,1,12,3,6350,163,0,76,1,2,1
36,1,18,1,6835,72,0,40,1,1,1
39,4,21,1,4997,31,0,42,1,1,0
63,3,20,1,1777,8,0,42,2,1,0
74,2,21,1,1296,48,0,39,1,1,1
28,6,23,5,1521,27,0,34,1,6,0
54,1,17,3,854,1,0,35,1,1,1
32,1,20,3,906,83,10,55,2,1,0
55,1,19,1,466,245,0,61,2,1,1
34,1,21,1,343,121,0,32,2,1,0
36,1,12,5,9518,8,0,22,1,1,0
35,1,19,5,345,26,0,11,1,1,0
47,5,17,5,2245,105,0,22,2,9,0
29,1,18,1,4786,398,1,34,1,1,0
62,7,19,1,4898,155,0,34,2,1,0
28,1,18,1,2962,56,0,59,1,2,0
70,1,18,4,2118,74,0,37,2,1,1
19,1,18,1,3877,18,0,72,1,1,0
24,6,11,5,2193,2,1,55,1,1,0
49,2,16,5,6785,44,1,10,1,1,0
20,6,18,5,4941,29,0,33,1,2,0
59,2,22,1,6188,194,0,39,1,1,1
29,1,17,3,5500,113,7,45,1,1,0
65,1,20,1,1966,141,0,36,1,1,0
69,5,19,1,3487,28,0,30,1,1,0
28,1,18,5,6142,337,0,35,2,3,0
45,1,5,3,4947,90,0,45,2,1,0
51,4,22,1,3760,29,0,38,2,1,0
82,1,24,1,3713,27,0,39,1,6,1
45,1,17,3,1586,11,0,22,1,1,0
45,4,18,3,4677,20,0,33,2,1,0
55,1,19,5,4909,193,0,30,2,1,0
58,1,21,5,7573,45,0,45,2,1,0
31,1,20,5,954,36,17,25,1,1,0
23,6,23,3,431,31,0,25,1,1,0
28,1,12,5,4836,114,0,24,1,2,0
39,5,17,3,6694,117,0,12,1,1,0
63,4,21,3,2310,57,0,32,1,2,1
60,1,21,1,552,26,0,36,2,2,1
56,2,21,5,3719,17,0,43,2,1,1
23,1,18,3,6713,218,17,50,2,1,0
32,7,22,3,5638,39,0,26,1,1,0
66,1,17,5,4758,15,0,31,1,1,0
34,3,19,5,2306,116,0,32,2,1,1
42,1,18,5,9453,18,9,20,2,1,0
40,3,20,5,7377,44,0,32,2,1,0
43,2,12,5,4345,45,0,51,1,8,1
47,1,22,5,5049,10,0,40,1,1,0
52,1,16,1,3617,16,16,42,1,1,0
33,1,19,1,1501,116,1,68,1,1,1
48,1,19,1,7220,73,0,32,2,1,0
25,1,23,5,5494,41,5,35,2,2,0
23,2,21,1,482,59,6,46,1,1,1
31,1,17,1,8364,70,0,44,1,6,0
65,3,21,3,1147,6,0,41,2,1,0
36,1,10,1,5652,85,0,36,1,1,0
42,1,21,1,2697,113,0,36,1,2,1
24,1,16,5,3454,49,12,32,2,1,0
27,5,10,1,1093,78,10,31,1,1,1
58,1,15,3,3861,72,0,53,1,2,0
35,1,19,3,2859,124,0,22,1,1,0
51,3,15,5,8500,2,0,22,1,9,0
27,1,18,5,4930,48,0,13,2,1,0
21,1,22,5,4064,219,11,28,1,2,1
28,6,11,5,1937,2,0,41,1,1,0
36,1,21,3,4374,19,0,33,2,1,0
50,1,16,1,3109,183,0,38,2,1,1
25,7,8,5,8593,100,0,34,2,1,0
28,1,20,5,1396,64,0,47,1,1,1
49,1,21,1,2871,95,0,18,1,1,0
32,1,20,1,7444,24,0,56,2,6,0
47,1,14,1,3340,14,0,34,2,1,1
68,1,15,1,6512,48,0,46,2,1,0
70,3,21,1,7603,3,16,73,2,6,0
50,1,24,1,1429,26,5,35,2,1,0
28,1,16,1,2834,98,0,15,1,1,0
57,1,21,3,6832,163,0,52,2,6,0
65,1,16,5,6680,50,0,64,1,1,0
21,1,19,5,3846,3,1,49,1,1,1
37,1,22,5,790,25,0,38,1,9,1
25,1,21,1,7229,147,0,16,1,1,0
55,1,15,1,5024,108,0,50,2,1,0
80,1,20,4,6588,43,0,25,2,2,1
43,1,20,1,3768,7,0,31,2,1,0
26,4,17,5,5735,221,0,22,2,1,0
31,1,16,5,8500,90,15,26,1,1,0
32,1,21,1,1425,48,0,28,2,1,0
61,1,23,1,546,215,0,35,1,1,1
48,4,15,1,4220,46,9,23,2,7,0
55,7,22,1,3889,144,0,43,2,1,0
32,1,19,3,187,76,0,75,1,2,1
24,1,20,3,4067,54,4,34,2,1,1
28,6,21,5,4306,133,0,43,1,1,0
56,6,16,3,8905,29,0,29,2,1,0
51,1,21,1,6703,19,0,54,1,1,1
34,1,20,1,3707,7,0,34,1,1,0
38,6,18,3,6699,35,0,37,1,1,1
23,4,17,5,4849,7,0,28,1,1,0
43,1,16,1,1085,8,0,36,1,1,0
61,2,22,5,1387,16,0,34,2,1,1
46,8,23,5,3683,23,0,38,2,1,0
46,1,13,1,5596,19,6,46,1,1,0
65,1,19,1,7496,10,0,41,2,1,0
45,1,10,1,9107,96,16,51,1,1,1
25,1,17,3,5781,88,9,44,1,1,0
82,1,21,3,827,84,0,26,2,2,1
37,1,22,1,2419,5,0,49,2,1,1
31,1,19,1,7863,52,0,27,1,1,1
22,1,19,5,8488,32,0,49,1,1,1
54,1,17,1,4643,91,0,49,2,2,0
19,2,16,1,1365,39,1,18,1,1,0
64,7,19,1,5286,22,2,40,2,1,0
36,1,21,1,5150,24,0,50,2,1,1
33,1,19,3,2284,34,0,28,2,1,0
23,1,12,1,2139,81,2,54,2,1,0
39,1,11,1,2996,33,0,26,2,1,0
56,6,18,1,6030,14,10,29,1,1,1
34,3,19,1,217,25,0,46,1,1,0
29,2,12,1,9573,42,16,8,1,1,0
40,1,20,5,3411,243,0,51,1,1,0
38,1,20,4,2996,5,0,56,1,1,1
38,1,17,1,3263,3,0,29,1,1,0
61,1,18,1,6115,362,0,46,2,6,1
60,1,20,1,5493,27,0,44,2,1,1
29,1,18,1,1094,7,12,64,1,1,0
22,1,6,5,6130,62,10,45,1,1,0
64,1,19,5,5486,83,7,48,2,1,0
53,1,16,1,8937,1,0,46,1,1,0
36,1,21,5,1063,71,0,33,2,1,0
77,1,22,1,5099,477,0,16,2,2,0
68,1,15,1,9227,554,0,41,1,1,0
71,1,18,1,8634,8,0,29,1,1,0
55,3,19,1,2729,22,0,23,1,1,0
55,1,22,5,2884,93,0,21,1,1,0
33,1,22,5,7390,36,1,23,1,1,0
36,1,18,5,8380,37,1,27,1,1,0
68,1,21,2,761,3,0,34,1,1,0
60,1,22,1,6033,109,0,39,1,1,0
28,1,18,1,6539,5,1,23,2,9,0
38,1,21,5,914,305,0,48,2,8,1
27,1,19,5,3676,1,0,34,2,1,0
44,1,21,1,5829,6,0,43,1,1,0
54,1,16,5,8529,88,5,44,2,1,0
31,1,17,5,3824,132,0,39,1,6,0
41,1,23,1,2616,2,5,51,1,1,1
60,1,22,1,5767,26,0,36,1,1,1
37,1,19,1,8109,278,4,24,1,1,1
36,1,15,3,6927,119,17,34,2,8,0
31,1,18,1,1434,237,0,33,2,1,1
37,1,20,1,6398,255,7,35,2,9,0
68,1,21,1,205,60,7,18,2,1,1
32,1,21,1,681,1,0,44,2,1,1
27,1,18,3,1233,15,0,38,1,1,1
35,1,22,1,519,201,14,45,2,1,1
33,3,22,5,3256,79,0,28,1,1,1
19,1,19,1,6312,10,1,36,2,9,0
72,1,23,1,1532,42,0,40,1,1,1
23,1,16,1,3486,130,0,30,2,1,0
79,1,23,1,7540,80,0,34,1,1,1
77,6,15,1,8262,8,11,59,1,1,1
42,1,16,1,2925,84,0,24,1,1,0
34,3,17,3,9135,33,0,43,1,2,1
52,1,17,5,1932,32,0,37,2,1,1
34,1,19,1,7033,8,0,27,1,1,0
47,4,17,5,1567,17,0,30,1,2,1
22,5,19,5,5041,16,0,44,1,8,0
40,3,16,2,6315,4,0,38,1,1,1
54,8,22,2,668,44,0,76,1,1,0
53,1,11,5,5783,154,0,55,1,1,1
37,4,18,5,2489,265,0,21,2,1,1
28,6,22,5,9260,99,0,27,2,1,0
35,8,19,1,1925,30,0,15,2,1,1
60,1,21,1,233,18,0,33,2,1,1
73,7,22,1,6017,39,0,41,2,1,0
31,6,21,5,9312,1,0,36,2,1,0
28,1,14,5,7022,47,11,15,2,1,0
28,1,16,5,9296,17,0,23,2,1,0
76,5,19,1,1711,6,0,17,2,2,0
45,1,21,1,5281,6,0,57,2,1,1
31,2,21,3,399,29,0,33,2,1,1
20,1,16,1,6021,64,8,33,1,1,0
45,2,18,3,9042,193,0,41,1,1,0
33,1,15,1,9653,15,5,24,2,2,0
21,3,17,1,7059,118,0,32,1,1,0
47,2,18,1,7961,30,0,36,1,1,0
21,1,15,3,8240,7,10,50,1,1,0
80,2,22,1,668,25,0,29,1,6,1
23,1,12,5,3440,130,0,31,1,1,0
44,1,16,1,6130,123,0,50,1,1,0
66,1,20,1,6519,92,0,20,2,1,1
50,3,14,1,5641,76,0,37,2,1,0
57,3,23,1,283,154,0,49,2,1,0
65,3,24,1,27,30,1,8,2,2,0
73,1,19,1,9353,27,0,31,2,1,0
45,3,18,1,6423,52,0,43,2,1,0
58,1,22,1,3347,61,0,41,1,1,0
48,1,15,5,5528,4,0,41,1,1,0
54,6,23,5,204,6,8,47,1,1,0
54,1,19,3,4328,35,0,49,1,1,0
25,1,21,5,323,40,5,37,2,6,0
21,1,20,5,3300,63,0,31,1,1,0
50,4,16,1,6228,214,0,34,1,2,0
81,1,17,1,2985,18,0,24,1,1,0
36,1,15,5,6173,105,0,49,1,1,0
52,6,21,1,4959,49,0,36,1,6,0
64,3,22,1,1573,297,0,75,1,2,0
24,1,19,5,6107,13,0,48,2,1,1
34,2,19,5,522,100,0,12,2,1,0
67,1,18,1,598,11,0,28,2,1,0
62,1,19,5,5909,2,0,53,1,1,1
27,1,23,1,2777,62,5,56,1,1,1
49,4,21,4,3364,18,1,36,2,1,0
52,2,16,4,5498,133,0,49,1,1,0
31,1,21,5,709,74,15,42,1,1,0
42,1,23,5,1777,43,0,24,2,6,0
37,6,23,1,5642,199,4,28,1,8,0
38,1,18,1,6151,44,0,35,2,1,0
35,2,15,2,4001,12,0,42,1,1,1
43,1,15,5,4643,125,0,55,1,1,1
49,1,18,1,4031,132,0,32,1,1,0
35,1,24,5,187,13,0,38,2,1,0
62,4,18,3,513,132,0,44,1,1,1
52,1,17,1,1139,63,0,35,1,1,1
46,1,23,1,3040,49,1,39,2,1,0
46,2,14,1,2735,319,0,40,1,1,0
50,3,15,1,6600,4,1,41,1,1,1
45,1,23,1,917,7,0,32,2,1,1
71,1,20,1,1170,123,0,62,2,1,0
45,1,19,4,2688,74,3,32,1,1,0
59,1,21,1,134,191,0,7,2,1,0
49,4,18,5,1653,13,0,30,2,1,0
49,3,23,1,837,67,3,41,1,1,0
57,1,20,1,974,63,0,44,1,1,1
74,3,20,1,1477,35,0,50,2,1,0
30,1,14,3,8303,56,0,30,2,1,1
45,1,8,3,3207,129,0,20,1,1,0
33,1,20,5,1059,2,0,28,2,1,1
48,1,21,1,447,206,0,32,2,2,1
34,1,21,5,5619,107,15,24,2,1,0
43,1,16,1,9595,137,0,39,1,1,0
46,3,24,5,1710,5,1,38,1,1,1
18,3,19,5,6084,46,0,22,2,1,0
74,3,19,1,1878,19,0,45,1,1,1
25,1,20,3,5453,15,0,47,2,1,0
28,1,16,5,8114,20,0,38,2,1,1
37,3,17,1,7761,37,0,56,1,1,0
41,1,11,1,4767,89,0,51,1,1,0
41,1,20,1,763,2,0,36,1,1,0
26,1,16,5,5795,33,4,34,1,1,0
20,1,21,3,1876,4,17,36,2,1,0
33,1,20,1,3564,27,1,23,2,3,0
28,1,17,1,6184,1,0,11,2,1,1
37,1,19,5,7126,10,10,29,1,1,0
51,1,18,1,830,3,0,30,2,1,1
43,1,20,5,1807,2,0,18,2,1,0
37,1,18,3,7554,2,0,30,1,1,0
22,1,15,5,1130,165,6,27,2,6,0
59,1,19,1,1728,63,0,45,2,1,0
45,1,20,1,7586,132,0,42,2,9,1
25,6,22,5,812,2,0,29,2,1,1
39,1,19,1,7459,171,0,23,1,6,0
27,4,7,5,6826,140,1,25,2,1,0
21,2,22,5,5601,29,12,41,2,1,0
29,1,17,5,5105,88,0,20,1,1,0
42,3,18,3,4807,158,0,51,2,8,0
25,1,19,3,8109,4,1,59,2,1,1
23,1,20,5,2556,1,16,22,2,1,0
30,5,20,1,8278,17,0,33,2,1,0
81,7,22,1,333,17,0,49,1,1,1
44,1,13,5,7911,1,1,25,2,1,0
32,1,21,5,4019,11,0,39,2,1,0
42,7,20,1,1422,12,0,12,2,1,0
60,2,20,1,4375,76,0,43,1,1,0
26,1,19,5,7469,254,0,17,2,1,0
19,1,13,5,6229,142,0,29,2,6,0
77,1,18,1,3118,17,0,37,1,1,0
46,8,23,1,2100,28,6,61,2,1,0
71,1,22,1,8828,45,4,56,1,1,1
26,1,18,5,7981,9,15,49,2,9,0
19,1,10,5,7206,1,4,19,2,1,0
35,1,21,1,6989,27,4,31,1,1,0
38,3,21,2,309,44,0,43,1,1,1
27,1,21,1,403,1,0,32,2,9,1
36,7,22,1,4485,37,0,26,2,1,0
44,1,18,1,6375,197,0,53,1,1,1
64,1,16,4,8940,4,0,19,2,1,0
39,1,17,5,8422,158,3,26,1,1,1
71,1,19,1,7292,147,5,20,1,2,0
40,1,19,1,3354,1,0,24,1,1,1
63,1,19,1,6656,9,0,37,1,1,0
65,1,16,1,1430,52,0,50,1,1,1
24,1,23,5,7272,117,17,28,2,6,1
21,1,21,1,490,1,8,18,2,1,0
40,1,19,5,5062,12,0,44,2,1,0
27,7,17,1,6617,13,6,21,1,1,0
43,5,18,3,840,34,1,63,1,1,0
23,1,19,5,1121,10,0,31,1,1,0
32,1,13,1,3273,189,0,30,1,9,0
69,6,18,5,1212,59,0,27,2,1,1
27,1,12,1,4669,45,0,40,1,1,0
54,1,22,1,6291,120,0,56,1,1,1
26,1,20,5,9557,88,15,57,2,6,0
29,2,12,5,9576,111,0,60,1,1,1
68,1,23,2,1329,8,0,37,2,2,1
36,1,23,1,1018,400,0,22,2,1,0
65,1,20,1,410,8,0,30,2,1,0
32,4,19,1,523,280,8,19,2,6,0
60,1,21,3,1470,18,0,34,2,1,0
36,6,19,5,5312,1,0,64,1,1,0
48,1,19,1,72,226,0,48,2,1,0
55,4,22,5,1161,39,0,15,2,2,0
34,1,22,1,1927,8,0,33,2,1,1
49,6,18,5,2155,396,0,48,1,1,1
31,1,17,5,9436,212,5,39,1,9,0
34,1,22,1,6477,145,0,11,1,1,0
66,1,20,1,5604,261,0,55,1,1,0
26,1,22,5,1351,8,0,27,1,1,0
30,1,23,5,4946,2,0,49,2,1,0
27,1,16,5,7536,128,0,31,1,8,0
70,2,17,1,168,80,0,58,2,8,0
25,1,21,5,1401,160,0,33,2,2,1
61,3,21,1,3650,3,0,37,2,2,0
46,1,18,1,8564,46,1,68,1,1,0
33,1,15,1,6034,2,14,41,2,1,0
44,1,16,1,9278,35,0,31,2,1,0
61,2,20,1,2894,176,0,45,2,1,0
55,1,19,1,3416,73,0,35,1,1,0
18,1,16,5,2356,20,14,23,2,6,0
58,1,22,1,7627,25,0,48,2,1,1
26,1,14,5,8970,3,2,20,1,1,0
55,1,13,3,4588,152,0,47,2,1,0
23,6,20,5,3819,21,0,28,2,1,0
18,1,14,5,1451,69,0,29,1,2,0
46,1,22,1,2676,22,0,39,1,1,1
32,3,22,1,4232,3,0,39,2,2,0
58,3,22,1,938,99,0,46,1,1,1
85,1,18,1,3398,110,0,49,1,1,1
23,1,15,5,6142,148,12,38,2,1,0
59,7,18,5,4210,7,0,31,2,1,1
56,1,22,1,611,24,0,42,1,1,1
30,1,21,5,3804,7,9,47,1,1,1
47,4,18,4,6731,4,0,32,2,1,0
53,7,21,1,2516,22,7,34,2,2,1
22,7,19,1,1682,79,0,30,1,1,0
33,1,22,1,3692,43,0,38,1,1,1
25,1,15,1,8703,5,17,25,1,1,0
50,1,22,3,99,58,0,54,2,1,0
52,1,21,1,6231,12,0,51,2,6,0
27,6,18,1,6669,13,0,54,2,1,0
58,1,17,5,4279,1,0,27,2,9,1
34,1,7,1,9771,98,0,38,1,1,0
45,1,20,1,5710,10,0,5,1,2,0
25,5,22,1,4511,2,0,33,1,1,0
47,7,13,1,6249,99,0,59,1,2,1
63,1,19,1,7568,16,0,52,1,1,1
33,1,12,5,5970,1,0,25,2,1,1
33,1,15,1,6495,42,0,45,2,6,0
25,1,21,3,2344,80,0,41,2,1,0
39,1,20,1,4611,2,17,50,1,1,0
24,1,18,3,1793,57,0,28,2,6,0
45,6,22,5,1967,1,0,31,2,1,1
46,1,13,1,6465,194,0,46,2,1,1
42,1,20,5,6335,49,9,52,1,1,0
40,1,21,5,4505,38,14,28,1,1,1
35,1,10,3,3459,31,2,27,2,1,0
74,1,18,1,6969,2,0,66,1,1,0
20,4,18,5,4409,47,0,26,2,1,0
38,1,21,5,2935,24,4,34,1,1,1
26,5,20,5,2219,54,11,39,2,1,0
55,1,21,1,7078,16,0,47,1,1,1
36,1,21,1,3818,17,0,35,1,1,0
45,1,14,5,6915,319,0,35,2,9,0
43,1,17,5,3138,15,0,40,1,2,0
51,2,20,1,2265,1,0,62,2,1,0
33,1,14,5,1688,50,0,33,2,1,0
27,1,18,1,5194,14,0,20,2,1,0
20,1,21,5,5225,143,16,24,2,1,0
32,6,18,3,5530,36,0,36,1,1,1
78,1,19,1,5946,37,0,52,2,1,1
28,1,18,1,2500,91,11,59,2,1,1
41,1,19,1,4289,70,0,55,2,2,1
28,1,21,5,375,18,14,23,1,1,1
18,1,14,1,1880,81,6,18,1,1,0
66,1,20,3,322,49,3,49,1,1,0
41,1,22,1,5734,8,0,45,1,1,1
17,1,15,5,4834,3,0,26,2,1,0
44,1,14,1,6320,335,13,37,1,2,0
76,1,21,1,5303,72,0,43,1,1,0
26,1,21,5,6610,105,17,38,1,1,0
24,1,22,1,75,18,0,38,2,1,1
53,1,18,1,4559,49,0,29,2,1,1
35,7,22,1,5533,216,2,12,2,1,0
38,6,17,1,7488,32,0,38,2,1,1
45,1,21,1,4882,19,0,37,2,1,0
26,1,20,5,465,79,9,24,1,1,0
47,1,23,3,1958,63,0,44,2,1,1
22,1,12,1,6066,62,5,17,2,1,0
50,3,16,2,8865,31,0,45,1,1,1
27,6,21,3,2606,104,0,46,2,1,1
44,5,20,5,1664,554,0,71,2,6,1
58,2,17,5,3854,9,0,13,1,1,0
26,3,23,3,4306,98,0,37,1,1,0
37,1,15,1,2723,87,1,42,2,1,1
20,1,18,5,4815,7,0,20,1,1,0
56,1,23,1,6368,123,0,35,2,1,1
29,1,20,1,591,78,16,57,2,1,0
71,1,20,3,172,3,0,58,2,1,1
28,1,19,5,1639,51,0,29,2,1,0
33,6,2,5,9556,55,0,32,2,1,0
58,3,21,1,2514,40,0,32,1,1,0
29,1,11,5,6400,106,17,37,2,1,0
68,6,16,1,9626,190,0,32,1,2,0
45,1,17,1,4827,188,5,33,2,6,0
36,1,22,1,1964,122,0,40,1,1,1
52,4,21,1,4169,100,0,22,2,1,0
80,3,15,1,4817,131,0,29,2,1,0
40,7,22,1,43,193,0,61,1,1,1
61,1,15,1,5948,266,0,31,1,1,0
74,1,16,1,7689,3,0,59,2,1,1
42,1,21,1,6207,42,0,32,2,1,0
44,4,19,5,2283,317,0,48,1,1,0
31,1,22,3,3295,51,0,47,1,1,0
30,1,17,3,6840,19,17,9,1,1,0
60,1,20,1,6025,31,0,36,1,1,1
59,1,20,1,9457,12,0,24,2,1,0
36,1,22,5,3252,42,15,39,2,1,1
44,1,12,3,4567,22,0,31,1,1,1
19,1,13,5,4216,51,17,18,1,1,0
71,1,19,3,881,9,0,47,2,1,1
36,1,21,1,3119,11,0,47,2,2,0
24,1,15,1,2779,10,0,39,1,1,0
38,1,17,5,5893,175,0,48,1,1,0
60,7,20,1,218,29,0,36,1,1,1
25,2,12,5,8982,9,17,20,1,1,0
26,1,21,1,4399,21,4,41,2,9,0
22,1,19,5,1849,90,0,40,2,1,0
51,4,17,1,670,15,0,52,2,1,0
48,1,19,5,5127,9,0,49,1,1,1
19,1,20,1,4997,9,0,17,2,1,0
49,6,16,1,8027,302,0,62,1,1,0
19,1,21,1,7520,267,0,24,1,1,0
53,1,21,1,872,83,0,49,1,1,0
71,3,18,1,820,112,0,54,2,1,0
43,4,16,1,3040,239,17,27,2,1,1
46,1,13,1,5617,141,14,30,2,1,0
39,1,23,5,1817,17,0,37,2,1,1
34,1,22,5,6758,4,0,44,2,1,1
26,5,18,5,173,130,0,35,1,2,1
20,1,21,3,776,72,0,31,2,1,1
28,5,12,1,8820,165,0,46,1,2,0
33,1,22,5,784,27,0,35,1,1,1
39,1,15,1,8952,443,0,43,2,1,0
52,5,15,1,1505,32,0,20,2,1,0
21,1,16,5,5599,6,17,49,1,1,0
49,6,22,1,584,77,0,47,1,6,1
26,1,17,5,3341,10,0,46,2,1,0
40,7,20,1,6827,5,0,33,1,1,0
38,1,11,1,7935,6,0,45,2,6,0
34,1,19,5,8415,239,1,54,1,1,1
27,4,14,5,570,16,0,38,1,9,0
39,5,20,5,8415,50,0,22,1,1,1
34,1,15,1,3087,51,2,1,2,1,0
29,1,18,1,4709,143,0,35,2,9,0
31,1,7,1,8170,155,17,31,2,1,0
35,1,18,5,2833,7,3,48,2,1,0
47,1,14,1,3850,245,17,38,2,8,0
22,1,17,1,6831,115,16,43,2,1,0
34,2,24,5,1135,172,0,64,2,1,1
42,1,23,1,5094,25,0,52,2,1,1
21,1,15,5,5951,79,8,45,2,6,0
26,6,23,5,125,8,0,11,2,9,1
47,1,19,5,1808,150,0,20,2,1,0
35,6,20,5,4464,3,13,31,2,1,0
26,1,22,5,6486,2,15,49,2,1,1
51,4,22,1,1761,147,0,25,2,1,0
54,6,18,3,8811,20,0,51,1,1,1
57,2,18,1,3783,46,0,38,2,1,0
22,1,14,5,4329,9,0,35,1,1,0
26,1,21,1,1011,103,0,57,2,2,1
51,4,20,3,2273,154,0,38,1,1,0
73,1,18,1,4333,113,0,52,2,1,1
24,1,21,5,439,55,0,29,2,9,0
69,3,19,2,233,47,0,67,2,1,0
40,1,18,5,1751,123,0,42,1,1,1
63,8,21,3,8647,98,0,23,1,1,1
34,1,15,1,1746,28,0,53,1,1,1
63,1,16,1,8662,31,0,61,1,1,0
55,1,20,5,6991,20,0,62,1,1,1
28,5,21,5,5917,7,0,46,2,1,0
51,1,22,1,5315,262,0,25,2,8,1
39,6,20,1,3243,26,0,24,2,1,0
67,4,19,3,1683,409,0,30,1,1,1
62,1,23,1,8561,107,0,26,2,1,1
50,1,17,1,2424,37,0,70,1,1,1
64,1,20,3,3647,6,0,46,1,1,1
39,1,11,1,4580,184,0,30,1,2,0
44,1,16,5,9407,124,0,44,2,1,0
35,5,16,3,7211,41,0,35,2,1,0
36,3,21,3,1971,59,0,32,2,1,1
64,1,23,1,1723,20,0,31,1,1,0
48,1,17,1,7683,7,0,56,1,1,0
28,2,17,1,8608,216,0,15,2,1,0
36,1,14,3,5529,8,0,23,1,1,0
27,1,24,5,1216,11,0,39,2,1,1
54,2,17,5,1883,227,0,40,2,2,0
42,1,20,3,5712,19,0,46,1,1,1
39,1,17,1,4834,104,0,18,2,2,1
42,1,16,1,7974,59,0,45,1,1,0
25,4,19,1,1184,19,3,35,2,1,0
71,1,20,5,2914,54,0,41,1,1,1
39,3,17,1,3766,77,0,36,2,1,1
33,1,21,5,3221,78,0,40,1,2,1
33,1,17,1,5308,96,0,24,1,1,0
18,1,16,5,1803,29,0,18,1,6,0
21,1,17,5,3797,14,2,36,2,1,0
48,1,21,1,3928,14,0,47,1,1,1
69,3,23,1,1962,27,0,21,2,1,0
52,3,20,1,6423,42,0,36,1,1,0
58,1,22,4,344,31,0,22,2,1,1
42,1,21,1,547,176,0,35,2,1,1
69,6,11,1,3286,251,0,40,1,9,0
48,3,21,1,488,554,16,29,1,8,0
34,7,17,5,3604,16,0,45,1,1,0
56,1,20,1,1236,5,0,38,1,1,0
34,1,15,5,6862,48,0,40,2,1,0
70,1,22,1,1193,2,0,21,1,1,1
33,1,20,1,5757,113,0,41,2,2,0
31,7,17,1,8916,56,1,16,1,2,0
33,1,15,5,9354,85,15,32,2,2,0
59,1,22,1,5398,7,0,33,1,2,0
60,1,21,1,3205,91,0,25,1,1,0
28,1,17,5,4689,25,0,64,1,1,1
33,2,20,1,4634,1,15,45,1,1,1
61,1,21,1,1644,31,8,34,1,1,0
48,7,17,1,4126,131,0,25,2,1,0
27,1,13,1,3633,25,0,75,1,1,0
40,1,13,5,4687,157,17,40,2,1,0
44,1,20,1,395,79,0,50,1,2,1
37,2,16,5,5163,33,1,40,1,1,1
44,1,18,1,5713,35,0,27,1,1,1
36,3,21,1,2785,15,15,14,1,1,0
40,1,22,1,4870,81,0,40,2,1,0
25,1,20,1,6009,294,0,54,1,5,0
31,1,18,1,4188,14,2,31,1,1,1
74,4,18,1,1534,20,0,52,2,1,0
56,3,18,1,594,103,0,44,2,1,1
68,2,21,1,2766,224,17,48,2,8,1
32,1,18,1,4550,85,0,37,1,1,0
46,7,18,1,1549,83,1,53,2,1,1
27,2,17,3,157,26,0,36,2,1,0
56,3,22,1,6067,10,0,29,1,1,0
38,1,19,5,7976,33,0,17,1,1,0
33,2,20,1,8976,52,0,47,1,1,0
53,1,18,3,36,13,0,43,1,1,1
32,6,19,1,4953,119,0,33,2,1,0
78,7,21,1,4012,42,0,45,1,1,1
33,1,18,1,3086,112,0,54,1,1,0
30,1,14,1,7184,5,11,38,2,1,0
34,1,18,1,7127,50,0,44,1,8,0
41,1,18,1,6079,19,16,32,1,1,0
72,1,18,1,4209,19,0,39,2,1,0
21,2,17,1,6547,93,0,32,2,1,0
83,4,20,2,6998,7,0,62,1,1,1
35,1,11,3,8172,233,0,23,2,1,0
31,4,24,1,1211,38,0,26,2,1,1
37,4,22,1,2917,8,0,22,2,1,0
30,1,7,5,9830,138,0,42,1,1,0
23,1,18,5,1440,7,0,36,1,8,1
45,1,14,1,860,125,0,54,2,1,0
44,3,22,1,3878,55,0,54,1,2,1
29,3,21,1,2135,93,0,43,1,1,0
39,1,14,1,3317,86,4,64,1,1,1
50,1,21,1,2806,118,0,40,1,1,1
71,1,15,1,2660,160,0,49,2,1,0
52,3,17,1,512,72,15,31,2,1,1
38,1,16,5,5532,127,5,2,2,2,0
26,1,20,5,4346,58,0,45,2,9,1
35,1,15,5,3516,262,0,40,2,1,0
29,1,15,5,8645,45,0,38,1,1,0
50,1,22,1,3804,18,2,38,1,1,1
43,1,22,3,5583,23,0,52,2,1,0
40,1,18,1,9460,18,0,43,1,1,0
56,1,12,1,3553,111,0,32,2,1,1
39,1,11,1,3317,13,0,32,2,1,0
40,1,19,3,7057,15,0,36,2,1,0
33,1,22,5,3268,67,0,41,2,1,1
62,1,19,1,2812,23,0,30,2,1,1
27,1,23,5,7375,3,11,1,2,1,0
28,1,19,5,8934,26,0,75,2,1,1
63,1,14,5,5572,64,0,48,1,2,0
78,1,15,1,4340,76,0,45,2,1,0
66,1,20,4,7317,72,0,38,2,1,0
26,1,19,5,5611,233,3,17,1,3,0
26,1,21,5,1089,1,0,31,1,1,1
33,1,20,5,5958,1,0,12,1,1,0
35,1,21,1,89,27,0,50,1,1,0
54,1,23,1,507,84,0,51,2,1,1
44,1,18,1,149,137,0,27,2,1,1
46,6,16,3,1566,13,0,28,2,1,0
61,1,18,1,6223,85,0,53,2,2,0
81,1,22,1,1733,3,0,55,1,1,0
53,2,20,1,6923,22,1,41,2,1,1
19,1,14,1,9350,35,15,53,1,1,0
28,1,20,1,7891,13,0,28,2,1,0
71,1,20,1,3881,65,0,38,2,1,1
30,1,21,3,8460,117,17,42,1,2,1
49,2,20,5,8129,20,11,49,1,1,1
23,1,15,5,2131,13,0,27,1,2,0
25,2,19,5,6934,147,1,31,2,6,0
40,1,18,4,6908,233,0,39,2,9,0
24,1,18,5,6046,9,12,16,1,1,0
52,7,20,1,1558,524,0,35,1,1,0
69,3,21,1,1426,5,0,24,2,6,1
51,1,16,4,7814,469,0,47,2,1,1
45,1,17,1,2387,84,12,56,2,1,0
29,1,16,5,6662,165,17,59,1,1,0
74,1,18,1,929,84,0,44,2,6,1
80,1,22,4,1985,49,0,41,2,1,1
69,1,18,1,819,45,0,49,1,1,0
61,3,22,1,7594,25,0,51,1,2,1
41,1,19,1,7411,46,6,39,2,1,0
36,1,16,1,7102,4,0,16,2,1,0
36,4,14,1,7065,47,0,44,2,1,0
21,1,16,1,6978,110,0,33,1,1,0
45,6,16,5,8290,10,0,24,1,1,0
54,1,18,1,8078,44,0,29,2,6,0
49,1,19,1,1548,128,0,48,2,1,0
44,1,17,5,8845,14,0,39,1,8,0
37,2,18,1,2630,88,0,55,2,1,0
45,4,23,3,6438,14,8,50,2,1,1
51,1,17,3,4745,169,0,41,2,1,1
80,7,21,1,2271,31,0,45,1,1,1
35,2,21,1,5069,24,0,47,2,1,0
80,1,20,1,1947,212,0,55,2,1,1
36,2,19,5,856,63,0,45,2,1,1
31,1,19,3,703,11,0,29,1,2,1
49,1,18,1,4934,492,0,48,1,1,0
65,7,22,1,3750,45,0,46,1,1,1
34,1,19,1,2111,28,16,29,1,1,1
39,1,23,5,4036,248,0,45,2,1,1
71,1,20,1,3950,2,0,41,2,1,0
88,6,20,5,6235,28,0,32,1,9,1
67,4,21,5,9426,30,0,43,1,1,0
49,1,19,1,2687,25,0,44,2,1,0
37,2,20,5,6562,61,0,37,2,1,0
68,1,17,1,1248,31,0,21,2,1,1
73,1,14,5,5521,15,0,11,2,1,0
57,6,19,1,1666,24,0,32,2,1,0
30,1,18,5,3989,12,0,28,2,1,0
20,1,20,5,6733,6,17,34,1,1,0
21,1,16,5,3193,21,0,59,1,1,0
37,1,11,5,6330,129,2,31,2,1,0
53,4,21,1,3260,6,13,36,1,1,1
33,1,18,1,7994,30,15,3,2,1,0
35,6,17,1,871,2,0,22,1,1,0
43,1,22,5,1586,15,0,51,2,2,0
27,1,18,3,7508,144,10,31,1,2,0
46,5,18,1,4841,35,0,33,2,1,0
26,1,18,1,3325,213,0,31,1,8,1
53,1,18,5,3240,87,0,19,2,1,1
20,1,17,5,5067,55,1,36,2,1,0
24,1,11,1,5909,113,0,40,2,1,0
58,1,17,1,2772,89,0,40,1,1,0
41,7,19,1,5357,122,1,35,2,1,1
61,1,21,1,2659,103,0,39,2,1,1
52,1,20,1,3339,3,1,58,2,1,0
24,4,18,5,809,305,1,39,1,1,0
21,1,14,5,5364,12,0,37,2,1,0
67,6,17,1,5414,138,0,36,1,1,0
25,1,21,5,3885,150,0,22,1,1,1
47,1,21,1,3878,40,7,33,2,1,1
44,1,12,1,9685,196,1,40,1,1,0
51,1,16,5,4198,223,0,55,2,2,0
65,2,16,1,2847,13,0,19,2,2,0
47,1,17,1,4341,109,0,38,1,1,0
25,1,11,3,9175,14,0,33,2,1,0
22,1,13,5,6089,13,0,24,1,2,0
52,1,22,3,977,53,0,40,1,1,0
53,6,19,5,4472,13,0,24,1,1,1
48,3,23,1,7836,17,0,39,1,1,0
41,1,21,5,642,40,0,35,1,1,0
29,1,20,5,7620,5,15,31,1,1,1
30,1,21,1,679,109,0,72,1,1,1
75,1,22,5,5054,192,0,42,2,1,0
52,1,19,3,6478,3,6,25,2,1,0
31,1,22,3,5033,127,0,45,1,2,1
64,1,19,3,2170,4,0,26,1,1,0
64,1,23,5,739,85,0,37,2,1,0
37,1,21,3,2041,170,15,25,2,1,0
60,1,20,1,7112,97,0,51,1,6,0
39,4,19,1,3852,3,0,35,1,1,0
29,4,20,1,4124,158,0,11,2,8,0
72,1,12,1,6304,244,0,36,2,5,0
74,1,15,1,1586,12,0,19,2,1,0
33,1,18,5,6521,22,1,12,1,1,0
33,1,18,5,875,1,0,39,2,1,0
18,2,19,5,3172,35,3,20,2,1,0
20,1,22,5,288,83,16,33,1,1,1
60,2,21,5,4696,292,0,42,2,9,1
21,2,21,3,5708,116,1,22,2,8,0
69,1,15,1,9179,18,0,47,1,6,1
36,1,18,1,1340,11,0,37,2,1,0
55,1,23,1,1889,11,0,50,2,2,1
18,1,17,5,1442,351,16,22,1,1,0
51,1,10,1,2046,16,6,16,2,1,1
39,1,17,5,4015,69,0,59,1,1,0
50,4,20,1,244,225,0,9,1,2,1
17,1,14,5,6098,265,1,31,2,1,0
44,1,21,1,327,75,0,59,2,1,1
21,7,22,5,3320,15,0,34,2,1,0
37,1,22,5,6097,14,0,28,1,1,1
45,1,18,1,703,116,0,40,2,1,0
29,1,16,1,1312,19,15,42,1,2,0
28,3,22,1,147,33,0,43,2,1,1
30,7,8,1,7921,91,2,31,2,1,0
26,1,20,1,5046,89,0,43,2,1,1
75,1,20,4,168,298,0,23,1,1,1
37,1,21,5,4085,143,0,54,2,1,1
25,1,20,1,6064,30,0,61,1,1,0
28,1,16,5,6554,24,0,39,1,1,0
41,1,20,5,3154,121,0,27,1,1,0
48,3,23,1,4679,270,0,48,1,2,0
40,1,22,1,490,95,0,44,2,1,1
40,1,20,5,8735,4,2,25,2,1,0
50,1,20,1,441,8,0,51,1,1,1
22,3,19,5,3388,91,0,45,1,2,0
37,1,16,1,3713,59,0,27,2,1,0
52,1,15,1,7447,220,3,27,1,1,1
25,1,17,3,6816,13,0,38,1,8,0
23,1,22,1,72,148,0,55,1,6,1
74,1,14,1,2669,65,0,43,1,1,0
54,4,17,5,6651,63,0,43,2,1,0
19,1,19,5,6586,69,0,29,1,1,1
59,3,21,1,4573,19,0,57,1,1,1
29,1,17,1,1634,9,0,40,1,6,0
22,1,22,5,861,2,1,52,1,1,1
63,7,17,1,7614,3,2,19,2,1,0
39,1,21,1,7162,109,14,30,1,1,1
19,1,22,5,2373,47,11,46,1,6,1
63,4,21,1,441,213,0,42,2,1,0
48,1,22,5,3840,245,0,75,1,1,0
66,3,19,5,8190,3,0,46,1,1,0
31,3,20,5,3527,30,0,31,2,1,0
30,4,22,5,9238,134,0,33,1,1,0
64,4,20,1,2158,2,0,32,1,2,1
52,1,19,1,739,203,11,24,2,1,0
69,1,12,1,5678,3,0,34,2,1,0
52,2,15,5,7870,113,0,41,2,1,0
48,1,15,1,5869,307,0,49,1,1,0
43,1,23,3,1004,2,0,52,2,1,0
22,1,8,3,4954,30,0,42,1,1,0
60,1,21,3,1619,110,0,45,2,1,1
40,3,22,1,3398,111,0,41,1,8,1
26,1,19,3,8278,4,0,54,2,1,0
40,4,18,3,5767,2,0,51,1,1,0
76,7,23,1,553,7,0,35,2,1,0
33,2,14,5,9792,157,0,39,1,8,1
25,1,16,5,3505,8,0,27,1,1,0
43,2,22,1,1439,41,0,48,2,1,1
46,1,23,1,4016,60,0,40,1,1,0
37,1,20,1,1952,112,1,47,2,1,0
40,3,21,1,2226,12,0,38,2,1,1
17,1,21,5,4685,61,17,24,2,1,0
41,1,19,5,900,242,0,49,1,1,0
37,3,22,1,1276,135,0,26,2,1,0
69,1,10,1,7894,554,0,34,1,6,0
60,7,23,1,4286,59,0,42,1,6,0
20,1,21,5,1297,11,9,40,2,1,0
18,1,20,5,4991,43,16,54,2,1,1
23,1,17,1,3620,23,0,23,1,1,0
65,1,20,5,2163,235,0,33,2,1,1
32,1,15,1,2927,62,0,26,2,1,0
51,1,18,3,3820,7,0,35,1,1,1
47,1,18,1,7363,64,0,26,1,1,0
67,1,21,1,2036,10,0,47,1,1,1
20,1,21,5,7482,226,0,12,2,1,0
32,1,19,1,4032,85,0,10,2,2,0
26,1,16,5,1707,49,16,20,2,1,0
62,1,15,1,7263,8,0,42,1,1,1
40,1,17,1,9010,15,0,37,1,1,0
20,1,20,1,7068,14,0,34,2,2,0
54,1,19,1,2253,90,2,33,2,1,0
43,1,20,1,34,1,0,48,1,1,1
20,2,18,5,2759,22,0,26,1,9,0
28,1,19,5,1109,117,16,25,1,1,0
38,1,19,1,7442,3,0,16,2,1,0
23,1,20,3,570,8,1,24,2,1,0
22,6,20,5,494,554,0,48,1,1,1
41,3,21,1,3201,47,0,37,1,1,0
40,6,21,1,247,20,8,41,2,1,0
34,1,22,1,1130,62,0,21,1,1,1
40,1,20,1,1595,78,1,55,2,1,0
65,4,18,1,5249,258,0,46,2,1,1
42,1,20,1,6606,1,0,29,1,1,1
60,1,23,3,63,352,15,31,2,6,0
48,1,20,3,521,4,0,19,2,1,0
42,1,16,1,8883,24,0,47,1,1,0
46,1,19,1,1323,2,7,37,2,1,1
26,2,20,1,3444,55,16,42,2,1,0
24,7,21,1,516,96,0,50,1,1,1
24,1,17,5,7558,150,0,18,2,2,0
59,4,24,1,1569,6,0,25,2,2,0
34,1,21,1,85,14,0,20,2,1,0
30,1,21,5,1247,12,0,55,2,1,0
50,1,22,1,5972,50,0,33,1,2,0
41,1,18,3,4523,14,0,33,2,1,0
28,1,15,1,8942,69,4,30,1,2,0
43,1,18,5,2533,8,0,27,2,1,0
46,6,24,1,1868,278,0,47,1,1,0
30,1,16,1,7588,204,6,41,2,1,0
55,1,14,1,6308,101,5,39,1,1,0
59,1,19,1,4061,376,13,30,2,1,1
72,6,20,1,7697,97,0,44,1,1,1
24,2,21,3,2350,11,12,22,2,1,0
51,3,16,1,7854,25,0,32,2,1,0
36,1,21,1,3418,42,0,37,2,1,1
41,5,23,5,8193,13,0,42,1,1,1
38,1,18,5,4412,21,7,46,1,1,0
39,3,19,1,8550,42,0,30,1,1,0
36,1,18,5,6454,24,0,36,1,1,1
59,6,19,1,3454,94,0,18,2,1,0
74,1,19,1,5645,78,0,32,2,6,0
71,1,23,1,2863,338,0,52,1,1,1
34,1,20,5,7074,158,14,23,2,2,0
36,1,16,1,4467,9,0,44,2,1,0
31,3,22,5,2239,15,0,14,2,1,0
28,6,21,5,2338,151,0,29,1,1,1
32,6,21,1,4016,65,0,23,2,1,0
32,1,20,1,3855,200,0,59,1,1,1
50,4,17,1,3270,108,0,39,2,1,1
78,1,20,1,3269,89,0,47,2,1,0
44,4,14,1,8665,1,0,17,1,1,0
53,1,17,1,6269,56,0,58,1,1,0
60,7,20,2,1728,17,0,51,1,1,1
51,1,18,1,6297,206,0,30,2,2,0
21,1,16,3,8710,123,1,13,2,2,0
29,3,19,1,437,22,15,42,2,2,0
25,1,15,5,5537,10,15,13,1,1,0
77,1,21,1,1242,30,0,43,1,1,1
54,1,22,5,846,107,0,51,2,1,0
66,3,23,1,1699,68,0,19,1,1,0
34,1,16,1,617,12,0,25,1,1,0
63,2,21,1,437,72,0,64,1,1,0
49,1,18,1,4529,19,2,33,1,1,0
41,7,20,5,5649,146,1,23,2,1,0
58,1,20,1,9431,59,0,40,2,1,1
40,3,20,3,3363,109,0,38,1,1,1
37,4,15,1,5063,59,0,35,1,2,0
33,1,9,1,4496,23,1,26,1,1,0
79,1,16,5,8481,10,0,37,1,1,0
54,1,23,5,356,16,0,28,2,1,0
41,1,19,1,4884,149,12,36,1,1,0
61,2,22,1,1231,1,0,60,2,1,0
53,6,21,5,2645,11,0,55,2,6,1
17,1,3,5,5199,124,0,38,1,1,0
60,1,21,1,1531,4,0,42,1,6,1
48,3,19,3,7025,40,0,48,1,1,0
45,1,21,1,4843,101,0,31,2,1,1
26,6,20,5,6435,124,0,41,2,6,0
29,1,23,1,538,1,1,32,1,1,1
27,1,21,5,1937,1,0,33,1,1,0
52,1,20,5,5845,36,0,44,1,6,0
30,1,21,1,4314,19,0,28,1,1,0
55,1,16,1,7053,31,0,80,1,1,1
46,2,18,5,4196,13,2,63,1,8,0
26,1,22,5,1420,32,11,37,2,1,1
31,1,20,5,4013,40,8,43,2,6,0
41,1,20,1,6837,26,0,28,2,1,0
34,1,20,5,550,7,0,52,2,1,1
36,4,22,5,249,99,0,34,2,1,1
31,1,16,3,1958,11,0,39,1,1,0
39,3,20,1,4271,26,0,21,1,1,0
65,1,23,1,3288,95,0,37,1,1,0
55,6,17,5,8053,76,1,9,2,8,0
63,1,21,1,3486,22,1,17,2,1,0
20,1,22,5,3411,78,0,17,2,1,1
32,1,16,1,1835,61,0,43,2,1,0
47,1,16,1,6535,7,0,64,1,1,0
29,1,20,1,6411,126,12,32,2,1,0
45,1,23,1,3284,5,0,36,1,1,1
25,1,18,5,2878,7,12,30,1,1,0
44,2,23,3,420,11,0,51,2,1,0
36,1,19,5,2483,79,0,47,2,8,0
45,1,21,1,3093,8,0,28,2,1,0
59,6,24,1,3239,22,0,70,1,1,1
53,1,16,3,9158,263,0,53,1,1,0
65,8,23,1,6766,2,0,38,2,1,1
40,1,17,5,5990,57,0,49,1,1,1
24,1,14,1,4513,154,0,34,2,1,0
27,1,15,1,8412,44,0,37,1,1,1
71,1,17,1,1650,158,0,13,1,1,0
21,2,18,3,2478,40,5,17,2,1,0
58,6,18,1,5987,45,0,39,1,1,0
36,1,17,5,3056,61,0,51,1,1,1
35,1,22,5,1416,14,0,21,1,9,1
32,1,22,1,6022,14,10,25,1,1,0
21,1,9,1,6309,26,0,43,2,1,0
73,1,19,1,9171,14,0,69,2,1,0
46,2,22,3,1150,40,0,43,1,1,0
37,1,20,5,3830,101,0,51,2,1,1
50,1,16,1,4538,41,0,35,1,1,0
66,1,14,4,6496,144,1,49,2,1,0
68,7,20,1,254,31,0,65,2,1,1
26,1,20,5,1831,129,0,54,1,1,1
69,1,14,1,4311,178,0,26,1,1,0
73,2,20,1,4289,29,0,32,2,1,1
33,1,20,5,5234,7,0,13,1,1,0
69,7,21,1,7988,128,0,2,2,1,0
57,2,20,1,272,134,0,47,2,1,1
50,1,18,5,6638,84,0,56,2,1,1
65,1,16,5,2339,111,0,63,1,6,0
69,1,20,1,6089,48,0,29,1,1,1
22,7,23,3,1681,47,17,60,1,1,0
49,1,19,5,6571,39,8,43,1,1,0
27,1,21,3,5728,66,0,48,2,1,1
25,1,16,4,8662,26,13,41,2,1,0
59,3,20,1,3308,36,0,33,1,1,0
18,1,20,5,3931,1,17,26,1,1,0
49,1,19,1,1967,17,0,14,2,1,0
36,5,18,5,5408,165,0,40,2,1,1
72,1,23,1,4834,14,0,41,2,1,1
59,1,19,1,8976,176,0,34,1,1,0
30,3,24,1,266,52,0,22,1,1,0
44,1,19,1,6643,3,0,57,1,1,1
42,1,18,5,4563,5,17,50,2,1,0
23,1,14,5,3038,13,0,43,1,1,0
40,1,20,1,2715,72,0,52,2,1,0
54,1,19,1,4972,55,1,41,2,1,1
24,1,18,3,2266,23,0,59,2,1,0
39,1,21,1,1042,287,0,44,2,1,1
57,6,23,5,157,52,0,65,1,2,1
24,1,22,3,2516,67,0,28,2,1,0
25,3,20,5,3528,81,2,32,2,1,0
60,1,20,1,861,120,0,20,1,1,1
32,1,19,1,2266,142,0,48,2,1,0
42,1,20,5,8759,1,5,45,1,1,1
32,1,21,1,1736,58,17,33,1,1,0
26,5,21,5,1372,16,0,41,1,4,0
40,1,22,5,6589,1,0,45,1,2,1
23,1,17,5,6751,101,8,18,1,1,1
29,1,20,5,7895,5,0,19,2,1,0
32,1,17,1,9003,195,4,23,2,1,0
53,4,21,1,1700,18,0,49,1,1,0
46,1,17,3,1384,7,8,44,2,1,0
24,1,19,1,857,9,0,36,2,1,1
38,1,15,1,6486,48,0,39,1,1,0
39,7,18,1,1103,11,2,19,2,1,0
36,7,15,1,7156,67,0,24,2,6,0
23,1,18,1,1098,86,3,18,1,1,0
20,1,22,5,5310,278,13,39,1,1,1
37,6,22,5,1873,93,1,32,2,1,0
66,3,15,1,4951,193,0,61,2,1,1
30,1,21,3,1801,18,6,37,2,1,1
72,1,15,3,9324,7,1,26,1,1,0
23,1,17,1,6015,24,2,61,1,1,1
42,1,20,1,562,63,11,18,2,1,1
32,1,20,1,4590,112,0,48,1,1,1
34,4,22,5,2667,3,0,68,2,1,1
26,1,20,5,8343,2,11,33,1,1,0
29,1,17,5,7890,11,1,38,1,9,0
53,1,19,5,6222,17,0,24,1,1,1
35,6,15,1,1625,20,0,30,1,1,0
37,1,20,1,287,179,0,49,1,8,1
40,7,22,5,3663,18,0,54,2,1,1
46,1,21,1,3962,104,0,44,2,1,0
84,2,21,2,5867,187,0,7,1,1,0
37,1,23,5,2226,36,0,36,2,1,0
18,1,21,5,4411,28,2,24,2,1,0
47,1,18,1,3408,349,0,36,2,1,0
68,1,22,1,628,80,0,59,1,1,1
46,1,20,5,7927,42,0,40,1,1,0
71,2,17,1,4691,2,0,26,1,1,1
18,1,19,5,4351,74,1,11,1,1,0
45,3,18,5,639,130,6,16,1,1,0
28,6,17,1,5613,84,5,25,1,1,0
27,1,21,5,787,82,0,29,1,1,1
20,1,16,5,6298,32,0,22,1,1,0
20,6,16,5,1756,184,0,23,1,1,0
57,7,19,1,1885,194,0,31,2,1,0
20,1,21,5,5710,3,12,34,1,9,0
43,6,21,1,5039,6,0,40,1,1,0
49,2,15,5,5743,20,4,38,1,1,0
25,1,11,1,9357,78,0,32,2,1,0
71,1,19,1,2232,25,0,45,1,1,1
60,6,19,1,516,159,4,31,2,1,0
73,1,17,1,4323,25,0,15,2,1,0
37,4,21,1,4312,180,2,22,2,1,1
36,1,20,5,9534,73,2,36,1,1,0
53,6,19,1,516,32,0,38,2,2,0
62,1,17,1,4264,168,0,25,2,1,0
52,1,22,3,5791,1,0,55,1,1,1
21,1,18,1,443,102,0,41,1,1,0
32,1,16,1,3199,88,0,58,2,1,0
39,1,17,1,2968,1,0,46,2,1,0
46,4,18,3,6653,95,0,44,1,1,0
38,1,18,5,3171,14,0,18,2,1,1
67,5,17,1,7282,83,1,35,1,1,0
35,3,18,1,177,274,0,41,2,1,0
26,7,21,5,309,25,0,50,2,1,1
41,1,13,3,7344,8,4,44,1,1,0
41,1,22,5,1985,1,0,31,1,1,1
45,1,14,1,7011,123,0,11,1,1,0
75,4,18,2,1463,166,0,50,1,1,0
48,1,24,5,2162,4,0,36,2,1,1
36,1,17,1,2858,27,0,64,1,6,1
35,1,18,1,1565,35,0,49,2,1,0
46,6,22,1,2365,65,15,33,2,1,1
63,1,20,1,500,43,3,20,1,1,0
64,3,21,1,5107,114,0,45,1,1,1
42,1,19,5,4331,27,1,47,1,2,0
45,1,17,3,5985,11,0,49,1,1,0
31,3,17,1,5568,11,0,45,2,9,0
56,1,17,1,3522,5,11,36,1,1,0
60,1,9,5,2757,65,3,34,1,1,0
60,5,22,1,395,112,0,44,2,1,0
23,1,15,5,2642,239,17,22,2,9,0
73,1,17,2,6106,55,0,20,2,1,0
76,1,21,1,4122,95,0,60,1,1,1
35,8,16,5,6995,216,0,30,2,1,0
56,1,15,1,8791,58,0,63,1,1,0
39,1,18,5,7849,59,0,60,1,1,1
53,3,21,1,4509,47,2,58,2,1,1
46,1,18,1,2595,135,0,39,2,1,0
34,1,16,1,5056,12,0,33,1,1,1
48,6,20,1,7074,372,1,29,2,6,0
64,5,22,3,1994,93,0,44,2,1,1
45,3,22,1,5309,103,0,26,1,6,0
32,1,16,1,4132,92,2,48,1,1,1
44,1,17,1,2792,86,0,19,1,2,0
75,1,17,1,4525,185,0,71,1,1,1
36,2,15,1,1535,45,0,46,2,1,1
26,1,22,5,6585,19,0,36,1,1,0
37,1,19,5,4238,10,0,66,1,1,1
66,1,17,1,3100,25,17,44,2,1,0
22,1,16,5,6073,45,2,36,2,1,0
55,1,17,5,675,67,0,55,1,1,1
54,1,19,1,5887,17,1,44,1,1,1
37,2,20,1,1761,51,3,39,2,9,0
37,1,21,1,2344,2,17,32,1,1,1
53,1,19,5,2076,67,0,40,2,1,1
32,1,9,5,4529,306,4,46,1,8,0
54,1,14,1,2940,361,0,50,2,8,0
36,5,13,3,8240,44,0,35,1,6,0
67,1,15,5,2999,192,0,28,1,1,1
64,3,20,4,1288,1,0,45,1,1,1
68,1,20,1,3559,12,0,54,2,1,1
54,1,17,5,6672,35,0,52,1,1,1
56,4,18,2,1479,37,2,25,2,1,1
73,1,16,2,8287,19,0,32,1,2,1
48,1,19,1,8022,4,0,44,1,1,0
53,1,21,5,3105,220,0,42,1,1,0
50,4,21,1,212,125,0,50,2,1,1
42,1,20,1,1962,80,0,40,2,1,1
49,4,18,1,6597,14,0,43,1,1,0
36,1,22,1,54,71,0,26,2,2,0
46,1,22,1,7191,282,16,59,1,6,0
73,5,16,1,9204,25,0,26,1,6,0
52,4,20,1,5088,376,0,34,1,1,0
31,7,15,5,4264,5,0,23,2,1,0
40,3,19,1,3684,19,14,38,2,1,0
26,1,20,5,5774,2,0,23,2,1,0
33,1,23,5,7659,1,0,51,2,1,0
51,1,19,1,4877,37,0,45,1,1,1
37,1,22,1,2604,72,0,38,2,1,1
21,1,18,5,6810,21,0,42,1,1,0
34,3,22,1,615,8,0,27,2,1,0
57,7,19,3,1000,3,6,33,2,1,0
29,1,23,5,1910,30,3,42,1,1,0
26,1,15,1,9620,120,2,24,2,1,0
43,1,23,5,2564,104,0,44,2,6,1
33,1,18,1,7759,82,0,47,2,1,0
34,2,15,1,6152,3,1,16,2,1,0
67,1,17,1,3147,29,3,42,1,1,0
55,4,16,2,5677,41,0,41,1,3,1
41,2,17,1,4313,2,15,42,2,6,0
43,1,17,1,1416,370,0,32,1,1,0
46,1,23,1,1390,25,0,31,1,1,1
40,3,20,1,2700,13,0,39,2,1,0
62,1,22,5,3104,38,0,47,2,1,0
49,1,23,3,1151,68,6,53,1,1,1
36,7,22,1,2217,21,0,38,2,1,0
41,1,22,1,5019,4,0,40,1,1,1
69,1,21,5,715,35,17,51,2,2,1
24,1,19,3,5205,27,0,46,2,1,1
65,1,20,1,2395,62,0,36,2,1,1
44,1,20,1,4270,144,0,58,1,1,1
41,4,18,1,5180,154,0,30,1,1,0
36,4,21,1,1226,54,0,19,2,1,1
46,3,7,1,9595,194,0,16,2,1,0
63,1,20,1,3698,3,1,36,1,1,1
64,1,17,5,229,37,0,39,2,6,0
63,6,14,5,4039,70,1,27,1,1,0
39,3,22,1,15,32,0,26,1,1,1
22,2,13,5,3806,125,17,33,1,1,0
35,2,13,1,2122,10,0,31,1,1,0
51,1,22,3,3053,61,0,61,2,1,0
43,1,17,1,652,202,0,54,1,1,0
44,7,22,5,215,16,1,33,2,1,1
36,1,20,1,1085,38,0,50,2,1,0
38,6,12,5,5756,4,0,33,1,1,0
31,1,12,5,8831,16,0,18,1,1,0
57,6,23,1,2552,38,0,30,2,1,0
49,1,20,1,6486,1,0,16,2,1,0
17,1,19,5,7433,17,17,23,2,2,0
28,3,17,5,9581,101,0,26,1,1,0
66,1,22,1,1320,6,0,24,2,1,0
32,1,17,5,4895,57,0,39,1,1,0
22,6,15,1,7159,352,0,53,1,1,0
27,1,21,1,3764,69,0,24,1,1,0
45,3,21,1,4998,114,5,40,1,1,0
40,5,18,5,4113,10,0,45,1,9,1
70,6,20,5,3703,98,0,65,1,1,1
27,1,15,1,9715,84,1,49,2,2,0
23,1,20,1,1460,6,0,35,2,1,1
51,1,19,1,5204,1,0,16,2,1,0
40,2,19,5,3432,12,0,53,1,1,1
23,1,19,1,5605,1,0,26,1,1,0
42,1,21,1,2613,25,0,51,1,1,0
68,4,22,1,2420,6,0,46,1,6,1
29,3,16,5,9402,7,0,47,1,1,0
27,7,19,3,509,273,0,50,1,1,1
63,1,19,1,1757,1,0,43,2,1,1
30,4,20,5,2098,41,7,46,2,1,0
24,1,19,5,2392,128,0,55,2,6,1
47,1,21,1,2921,54,0,43,1,1,1
30,2,18,5,8732,19,4,32,1,1,0
53,5,15,1,336,294,3,24,1,1,1
45,1,15,1,7376,37,0,64,1,1,1
22,1,19,5,2744,12,16,47,2,1,1
37,1,14,5,7443,58,0,43,2,1,0
53,1,14,1,5118,19,0,31,1,2,0
19,6,21,5,8718,5,11,27,2,2,0
45,1,21,5,417,112,0,53,2,2,1
37,1,17,3,2218,2,0,45,2,1,0
29,1,19,1,1094,50,1,71,1,1,1
56,3,20,5,3620,107,0,35,2,1,1
32,4,16,1,5741,155,4,61,1,1,0
32,1,13,5,8671,76,0,34,1,1,0
39,1,17,3,1303,237,0,49,1,1,0
52,7,24,1,993,93,0,32,1,1,1
65,1,23,1,2608,8,0,39,2,1,0
69,7,21,1,2553,209,0,36,1,1,0
82,1,18,2,713,138,1,60,1,1,1
39,1,22,3,5482,32,0,32,1,1,1
32,1,17,1,9475,103,0,62,2,1,0
24,1,20,5,8873,30,0,24,1,1,0
30,6,21,1,2974,161,0,50,1,1,0
51,1,16,5,9471,67,0,51,1,1,0
33,1,21,5,4064,2,0,48,1,1,1
63,2,21,1,1634,4,1,16,1,1,0
25,1,17,3,3088,47,0,55,2,9,1
52,1,22,5,1575,305,0,33,2,2,1
25,1,12,5,4619,1,14,51,1,1,0
41,2,19,1,332,7,0,53,2,1,1
59,1,18,5,3395,158,9,21,1,1,0
67,7,19,1,2337,22,0,29,1,1,0
72,1,8,1,7181,3,0,39,1,1,0
23,3,16,5,6947,242,0,13,2,1,0
24,1,18,1,2152,40,2,21,2,1,0
51,1,16,1,4825,242,0,26,2,1,1
34,1,17,5,3194,37,0,36,2,1,0
47,6,23,1,315,6,0,45,1,1,1
47,3,19,2,4493,73,0,34,1,1,0
22,1,20,1,5058,2,12,43,1,1,0
35,2,18,1,1344,179,0,36,2,1,0
61,7,21,1,2048,11,0,34,2,1,1
51,6,17,1,2526,93,2,48,1,2,1
28,1,12,1,8923,11,0,17,1,6,1
29,6,21,1,7747,59,1,28,1,1,0
33,3,18,1,3884,17,0,21,2,1,0
21,1,18,5,5830,17,0,1,1,3,0
52,3,19,1,1282,166,0,31,2,9,1
44,1,18,3,6674,70,0,38,1,1,1
49,2,21,1,6035,12,0,25,2,1,1
74,7,22,4,2267,15,0,44,2,1,0
26,1,15,5,9289,169,11,37,1,1,1
51,1,8,5,6090,21,0,41,1,2,0
28,4,22,1,544,46,0,52,2,1,0
46,2,19,1,6054,127,0,45,1,1,0
28,3,21,5,2258,13,0,32,1,1,0
19,1,18,3,6450,5,0,37,1,1,0
60,1,20,5,4822,16,0,52,2,1,1
24,1,16,5,4027,116,0,31,2,6,0
32,1,19,3,4043,13,0,48,2,1,0
39,1,21,5,5246,19,17,45,1,1,1
30,1,12,1,9293,5,0,23,2,1,0
36,3,21,1,1956,5,5,47,2,1,0
67,7,18,1,5633,2,1,37,1,1,1
25,5,17,1,8167,94,15,42,1,2,0
29,1,19,5,2088,248,0,32,1,6,1
44,1,22,1,366,80,0,47,2,1,1
22,1,20,3,4315,3,0,33,2,1,0
55,1,18,1,8048,7,16,30,2,1,0
52,3,23,1,2083,8,0,38,1,1,1
40,1,20,3,1027,63,10,44,1,1,0
23,1,17,5,4663,6,0,34,1,1,0
22,1,19,5,5050,208,2,28,1,1,0
75,4,20,1,6267,2,0,37,1,1,0
33,6,21,3,1183,50,0,69,2,1,1
39,1,23,1,2162,4,0,55,2,1,0
49,6,20,3,3600,1,0,43,1,1,1
59,1,16,3,2511,33,0,53,1,1,0
39,6,11,1,7741,2,0,45,1,1,1
22,1,17,1,9011,72,17,6,1,8,0
37,1,18,5,3063,17,4,31,2,1,1
30,2,17,5,3984,10,0,33,2,1,0
48,1,22,5,1972,25,0,44,2,1,0
34,4,17,1,2199,9,0,54,1,1,0
67,3,19,2,263,8,0,55,1,1,1
53,2,21,1,1105,8,0,20,2,1,0
43,1,23,5,5688,175,0,24,1,1,0
40,1,18,1,4580,192,0,25,1,1,1
57,1,23,1,2904,98,2,25,2,1,0
57,1,21,1,4646,373,0,52,2,1,0
53,3,21,1,1808,62,0,30,2,1,1
37,7,21,1,7264,15,0,33,2,1,0
24,1,18,1,2008,14,2,56,2,1,0
20,6,20,1,142,401,0,60,1,8,0
35,3,20,5,8189,28,0,41,1,2,1
47,2,22,5,3828,11,0,35,1,2,1
57,1,20,3,4644,2,0,33,1,1,0
40,6,20,5,952,2,0,59,2,1,1
45,7,21,5,1606,65,1,37,2,1,0
49,1,18,5,5702,59,0,44,1,1,0
50,1,15,1,2806,25,0,42,2,1,0
18,2,20,5,4844,11,6,44,2,1,0
21,1,23,3,4518,2,0,45,1,6,1
35,1,17,1,3751,62,0,67,1,1,0
31,1,17,1,6322,77,0,46,1,8,0
35,1,19,5,7993,51,0,47,2,3,0
40,1,23,1,5654,31,14,19,2,1,0
51,5,13,1,2316,220,0,36,2,2,0
72,7,21,1,5768,6,0,43,1,1,0
31,1,18,3,1325,16,17,27,2,2,0
36,1,9,1,7133,218,5,23,1,1,1
42,1,19,1,5732,2,0,38,1,1,1
32,1,17,1,5154,16,0,48,1,1,0
73,1,18,1,5530,65,0,28,2,1,0
22,1,23,5,1788,8,0,42,1,1,1
36,4,20,1,3376,28,7,45,1,1,1
32,2,19,1,4304,33,0,30,1,2,1
50,1,21,1,1386,31,0,51,2,1,0
28,1,20,5,4051,12,0,39,1,1,1
32,2,20,1,8485,12,1,32,2,1,1
51,3,22,1,5104,66,0,31,2,1,1
56,1,20,5,235,2,0,48,1,9,1
24,1,16,5,8042,5,17,24,1,3,0
35,1,21,1,7681,22,15,45,2,1,0
65,4,17,5,3450,9,0,34,2,6,0
50,7,23,5,343,10,0,44,1,6,1
44,1,16,1,411,28,0,48,1,1,1
54,1,21,1,3870,18,1,44,1,1,0
24,3,21,5,1368,171,17,42,2,2,0
55,1,22,1,1955,281,9,73,1,1,0
22,1,20,1,9593,24,0,26,2,9,0
22,1,21,1,951,35,7,39,1,1,1
42,1,7,1,8706,50,0,36,2,1,0
53,1,20,1,1907,28,0,53,1,1,1
61,3,18,5,1965,24,0,32,1,1,0
36,2,20,1,6314,7,0,27,2,1,0
74,1,19,1,4013,39,0,40,2,1,1
35,1,13,1,2242,35,0,65,1,1,0
35,1,17,1,8768,367,1,55,1,2,0
28,1,17,3,3454,35,13,17,2,1,0
62,1,16,1,3454,23,0,52,1,1,1
45,4,15,1,9056,2,11,17,2,9,0
50,1,16,1,8523,10,0,52,1,1,1
32,4,12,3,8094,26,17,57,1,1,0
21,1,21,5,1138,171,0,27,2,6,0
29,1,16,5,6750,139,0,36,1,1,0
22,4,18,3,1165,168,0,31,1,1,0
27,1,19,1,1035,152,9,35,2,1,0
60,1,21,1,1321,1,0,30,1,1,1
43,2,20,1,647,6,0,47,2,1,1
35,1,14,3,6529,80,0,36,1,1,1
37,1,16,5,3082,199,0,53,2,1,1
20,1,18,5,3162,136,8,24,2,1,0
25,1,16,5,8163,69,0,33,1,1,0
62,6,20,1,1551,215,0,57,1,1,1
28,1,13,5,775,128,4,36,2,6,0
30,5,21,5,2804,8,0,38,1,1,0
18,1,17,5,1567,46,13,38,1,1,0
37,1,17,5,2882,5,0,23,2,1,0
38,1,20,5,8218,282,0,29,1,6,0
74,7,22,1,3350,4,0,61,2,1,1
35,1,19,1,9127,5,0,39,1,1,0
53,1,21,5,7050,28,15,59,1,8,0
50,4,20,3,3798,6,0,28,2,1,0
38,6,22,1,2461,173,17,56,1,1,0
35,1,18,1,5159,37,0,28,1,1,0
41,1,19,3,8055,5,14,49,1,1,0
24,3,18,1,7514,48,2,30,2,1,0
33,1,19,5,7408,6,0,38,2,1,1
31,1,20,5,5379,120,0,53,2,1,0
49,1,21,1,221,1,0,51,1,1,1
49,7,13,1,6548,31,0,29,2,1,0
40,1,15,5,3699,159,2,28,2,1,0
42,1,22,3,712,79,0,44,2,1,1
58,1,18,1,9445,151,0,43,1,1,0
62,1,5,1,7614,290,0,48,1,3,0
18,1,18,5,2508,38,13,42,1,1,1
57,1,20,5,218,26,0,45,2,1,0
46,1,18,2,770,54,0,39,2,8,0
74,6,19,1,213,46,1,47,1,9,1
35,1,23,5,125,93,0,45,2,1,1
47,1,16,1,1166,35,0,60,1,1,0
46,1,14,1,8758,48,0,26,1,8,1
56,6,15,1,3763,188,0,41,2,1,0
25,3,15,1,8232,1,0,49,1,1,0
25,1,16,5,6755,239,9,22,2,8,1
20,1,23,5,7713,45,0,34,2,6,0
81,1,16,1,6081,240,0,44,2,2,0
39,2,17,1,1541,5,0,37,1,1,0
31,1,15,5,7050,36,7,36,1,2,0
52,7,19,1,154,64,0,20,2,1,1
38,1,19,5,8696,57,0,32,1,1,1
62,1,10,1,5570,3,0,28,2,8,0
43,1,20,5,6813,117,1,45,2,1,0
38,1,23,1,3282,100,0,74,1,1,1
30,1,18,3,9554,72,17,29,1,1,0
44,1,18,3,1010,130,0,48,1,2,1
54,1,16,1,6322,107,17,41,2,1,1
36,1,20,1,506,143,1,43,2,8,0
26,1,22,3,124,4,0,58,2,1,1
41,6,19,5,5606,31,0,28,1,1,0
73,1,18,1,1153,96,0,67,1,1,0
55,4,23,1,189,238,0,46,2,1,1
25,1,20,1,1152,5,0,24,1,1,0
35,6,19,5,2354,157,0,18,1,1,0
68,3,24,1,95,8,0,29,2,1,0
35,2,16,1,2438,228,0,30,2,1,0
56,2,20,1,5441,554,0,49,1,1,0
42,5,21,5,6080,68,0,46,1,2,1
78,1,23,1,489,224,3,47,1,1,0
49,2,18,1,3643,59,0,65,2,1,0
28,3,22,5,1758,72,0,33,2,2,0
31,1,21,1,1475,56,1,46,1,1,0
46,2,22,1,1604,170,0,42,1,6,0
48,1,22,1,1396,57,0,44,2,1,0
32,6,20,5,6175,18,0,21,1,1,0
75,6,17,1,2861,101,0,52,1,1,1
53,1,10,1,2824,74,0,27,2,2,0
59,7,18,1,3286,166,0,52,1,1,1
49,3,20,1,4762,45,0,28,1,1,1
28,2,17,5,389,42,0,63,1,1,0
46,1,16,1,3844,62,1,34,2,1,0
31,1,19,1,6340,2,0,55,1,1,1
55,1,18,5,6282,71,0,44,1,1,0
57,3,22,1,3226,18,0,50,1,6,0
19,1,21,5,1044,4,6,34,2,1,0
30,1,18,3,8637,56,0,45,2,6,1
46,1,20,5,8550,48,0,33,1,1,0
45,1,15,5,2720,4,0,44,2,1,1
42,1,17,1,1758,165,0,35,1,1,1
55,1,22,1,2027,49,0,50,1,1,1
51,6,21,5,13,180,0,50,2,1,1
42,3,20,1,3988,41,0,47,1,1,0
31,1,14,2,8508,69,0,16,2,1,0
33,1,22,1,9077,48,13,30,1,9,0
46,3,18,3,5275,60,0,58,1,1,0
51,6,17,1,2749,20,0,41,2,9,0
31,5,16,1,9313,84,0,43,1,1,1
22,1,16,5,6559,49,0,23,2,6,0
65,3,15,1,8170,294,0,36,2,9,1
24,1,14,5,4799,16,0,36,1,1,0
29,1,14,1,1145,84,0,31,2,6,1
60,1,20,1,5592,7,10,38,2,1,0
17,1,19,5,2663,2,9,13,2,1,0
28,1,19,5,4697,63,0,30,1,1,0
24,1,19,5,8415,91,0,4,2,2,0
57,1,21,5,256,4,0,65,2,1,1
52,1,18,1,5496,212,0,44,2,1,1
22,1,12,5,8056,36,17,27,1,9,0
24,4,22,5,7344,12,14,46,1,2,0
41,3,22,3,5556,1,0,55,1,2,1
39,1,20,1,7903,31,0,16,1,1,0
45,1,13,1,7287,31,17,45,1,2,0
73,6,19,1,1822,234,0,48,1,1,0
60,1,22,3,6336,57,0,46,2,6,1
40,1,22,1,404,3,0,53,2,1,0
35,7,20,1,7981,34,0,36,2,1,0
28,1,17,5,8754,45,0,27,2,8,1
27,1,21,5,4547,127,3,28,2,6,0
47,1,19,1,7699,37,0,34,2,1,0
77,3,17,1,7910,192,0,43,2,1,0
55,6,21,1,2833,30,0,30,2,1,1
20,1,21,5,4787,60,0,17,2,2,1
33,1,17,2,3468,27,0,45,1,1,0
27,1,18,5,4960,124,0,38,1,1,0
60,2,20,1,220,18,0,50,2,1,0
24,1,8,1,8924,9,12,30,2,1,0
85,3,23,1,1531,4,0,55,2,1,1
41,2,20,5,1258,19,0,27,1,2,0
28,1,19,5,6680,83,0,46,1,1,1
40,1,17,1,8480,194,0,51,1,1,0
44,2,17,1,3542,45,5,41,2,1,1
62,1,20,1,3620,325,0,26,2,8,0
49,1,22,5,446,1,1,11,2,1,0
52,1,18,1,1389,121,0,30,1,1,1
59,3,24,1,361,9,0,50,2,9,0
36,7,23,1,617,9,0,44,2,3,1
28,7,16,1,6946,36,0,45,1,1,0
18,1,16,5,6479,54,17,31,1,6,0
47,7,18,5,5479,20,16,57,1,1,0
26,1,22,5,3828,64,0,41,2,1,0
40,4,17,5,632,12,0,22,2,1,0
61,1,21,1,8458,44,0,48,2,1,1
32,1,22,3,219,61,0,64,1,1,1
37,1,17,5,4925,6,0,11,1,9,0
65,1,17,1,9011,40,0,40,2,1,1
29,1,19,5,6419,69,0,22,2,8,0
34,1,9,3,9585,21,10,47,2,6,0
54,6,20,1,8026,213,0,55,1,9,1
63,1,22,1,141,5,0,50,1,1,1
46,5,19,5,1511,73,0,21,2,1,0
35,1,21,5,2355,5,0,42,2,1,1
26,1,17,5,5537,1,0,42,1,2,0
25,1,17,3,6112,56,15,50,1,1,0
30,1,18,1,3655,72,0,66,2,1,1
25,1,12,5,6860,185,17,16,2,9,0
28,1,20,1,8736,28,0,11,2,1,0
63,1,20,1,3489,19,0,48,2,1,1
53,2,19,1,6002,9,0,66,1,1,0
62,1,15,1,7343,139,0,26,2,1,0
22,1,16,5,7085,164,16,35,2,1,0
34,1,19,1,2965,11,2,47,1,7,0
31,1,15,1,9388,43,0,38,1,1,0
68,2,22,2,392,102,0,31,2,9,1
32,2,21,1,5849,45,0,35,1,1,1
23,1,19,3,6485,7,16,32,1,1,1
58,1,23,2,4964,7,0,23,2,1,1
27,1,11,5,8667,8,0,13,2,1,0
43,6,23,3,890,9,0,43,2,1,1
44,1,19,1,5165,111,0,60,2,6,1
55,1,19,1,4632,19,0,18,1,1,0
29,1,21,5,968,75,3,59,2,8,0
64,1,19,1,6464,57,0,34,1,6,0
37,1,19,1,6498,170,0,31,2,1,0
43,1,21,5,1975,160,0,19,2,1,0
53,1,19,1,3478,341,0,43,1,8,1
44,6,19,5,5147,58,0,32,2,8,0
44,1,24,1,1673,155,0,68,2,1,1
57,2,22,1,224,155,0,31,1,1,1
22,6,16,1,3669,30,0,29,2,1,0
22,1,17,5,2928,98,0,36,1,9,0
52,7,15,1,337,3,0,52,2,8,1
41,3,18,1,754,77,2,47,2,2,1
42,1,21,1,3558,8,0,26,2,1,1
32,1,21,1,1964,2,15,30,2,1,0
49,1,20,1,2032,47,0,41,1,1,0
48,3,20,3,8731,10,8,26,2,6,0
71,1,22,1,40,52,0,55,2,1,1
64,7,23,1,2259,18,0,35,1,1,1
33,1,16,3,6334,10,16,53,1,1,0
62,1,19,1,2092,37,0,40,2,1,1
26,4,12,3,6021,217,17,30,1,1,0
48,1,21,5,1446,25,0,25,1,1,0
65,2,19,1,5403,7,0,44,2,6,0
34,4,22,1,1498,3,0,39,1,1,0
44,1,24,1,328,3,0,46,1,1,1
31,1,17,5,4358,155,0,49,1,1,0
36,1,19,1,2314,8,3,37,2,2,0
55,1,18,3,4767,13,2,39,1,1,0
60,2,21,4,1525,66,0,54,1,1,1
25,2,21,1,3796,79,0,7,2,2,0
51,1,18,5,7141,18,0,35,2,1,1
20,1,20,5,996,2,0,55,2,1,1
43,1,21,1,33,142,0,51,2,3,1
58,1,20,1,7792,7,0,31,2,1,0
25,1,20,5,1015,112,0,50,2,2,0
58,7,20,1,7261,42,0,46,1,1,0
68,1,22,1,49,36,0,35,2,1,0
17,1,16,5,9195,4,12,24,1,1,0
42,1,18,1,9011,1,0,50,2,8,0
37,1,14,3,2396,200,0,42,2,1,0
39,1,15,1,6647,56,0,30,1,1,0
22,4,14,3,5222,69,0,18,2,1,0
86,4,20,1,266,113,0,64,2,1,1
40,2,18,5,295,48,0,29,1,1,0
19,1,13,5,6085,15,0,35,2,1,1
57,1,21,1,7964,105,0,48,2,1,0
80,1,19,1,2985,19,0,46,1,1,1
42,1,17,1,1486,22,0,33,2,1,0
38,1,17,3,5614,16,0,29,1,1,0
45,7,19,1,1272,96,0,42,2,2,0
44,2,19,1,1806,124,1,43,1,9,0
50,1,21,3,1174,44,0,60,1,1,1
33,1,21,5,2188,3,0,44,2,1,1
30,1,17,1,6293,242,2,36,1,1,0
31,6,21,1,4733,49,0,33,2,2,1
40,1,15,3,7919,54,0,35,1,1,0
41,1,21,2,7960,52,2,43,1,1,0
61,6,19,1,4719,24,0,53,2,1,0
25,1,18,5,4681,14,6,34,2,1,0
54,1,21,5,6072,43,0,45,2,1,0
60,1,21,5,647,2,0,44,1,1,1
45,1,17,1,3512,396,0,45,1,2,1
57,1,24,3,1743,206,0,45,2,6,0
24,1,17,5,4831,10,0,44,1,1,0
32,2,23,5,7409,288,0,61,2,6,1
19,1,19,5,7948,141,11,37,1,1,0
20,4,23,1,1412,79,0,20,2,1,0
85,1,17,1,3021,207,1,19,1,1,0
25,1,21,5,1783,8,0,35,2,1,1
41,1,20,5,3888,37,0,50,1,2,1
20,1,18,5,9577,5,13,36,2,1,0
54,1,19,1,1329,52,0,50,1,1,0
46,1,17,1,2974,3,0,20,1,1,0
20,2,20,5,3709,39,1,28,1,1,0
64,1,12,1,7529,154,0,33,1,1,0
85,1,18,1,455,110,0,39,2,1,1
30,1,22,1,874,56,6,30,2,1,1
28,1,22,1,4263,62,11,21,1,1,0
61,5,11,5,5817,60,0,33,2,1,0
62,3,18,1,1929,66,0,57,1,1,1
26,1,14,5,8884,26,0,26,2,1,0
20,1,18,5,5254,3,0,42,1,1,0
81,2,18,3,295,128,0,34,2,1,1
43,1,22,1,1519,49,1,37,1,1,1
34,2,14,4,5471,4,2,31,2,9,1
37,1,16,5,3127,480,0,29,2,9,0
29,1,22,1,5394,120,0,26,2,1,0
42,2,16,1,2692,122,0,18,2,1,0
44,1,17,3,5368,374,0,57,2,1,1
35,1,18,1,5763,121,0,60,1,1,0
31,1,18,1,2011,70,13,45,2,6,0
52,7,21,3,1040,5,0,28,2,1,1
34,3,16,1,1567,286,5,40,1,1,0
27,2,18,3,4665,6,3,60,1,1,1
26,8,17,1,8067,23,0,31,2,1,0
20,1,21,1,5051,56,11,28,2,1,0
67,6,19,2,6933,3,0,40,1,2,0
41,1,21,5,1517,15,0,43,1,1,0
53,2,22,1,854,14,0,44,2,1,1
69,1,21,5,815,190,0,59,1,1,1
71,1,18,1,8476,182,0,33,2,1,1
20,2,21,1,4384,141,0,47,1,1,1
42,4,14,1,7903,145,0,26,2,1,0
41,6,18,5,3078,113,2,52,2,2,0
29,1,22,1,303,16,0,52,1,8,1
37,3,20,3,1923,7,0,42,2,1,1
20,1,14,5,8364,70,10,23,1,1,0
58,1,12,1,3465,71,0,28,2,1,0
58,1,17,1,5184,191,2,45,2,1,0
29,1,13,5,6885,120,0,15,2,1,0
76,3,22,2,9043,31,0,58,1,1,1
22,1,14,1,6229,373,4,24,2,1,0
31,1,19,5,6518,68,9,40,1,1,0
23,3,20,1,988,11,0,43,1,2,0
39,1,9,5,7854,66,0,43,1,1,1
32,2,17,5,1999,3,17,30,1,2,1
49,1,15,5,1628,1,1,36,1,8,0
39,1,17,1,7183,2,0,28,2,1,0
29,1,19,3,2919,106,12,35,1,1,1
46,3,21,1,4409,137,0,32,2,1,1
41,1,20,1,1370,13,0,35,1,2,1
31,2,22,3,2535,110,1,43,1,1,1
25,1,24,5,1869,6,8,43,1,1,0
76,1,19,1,3167,12,0,10,2,1,1
53,7,20,1,7328,3,0,25,2,1,0
21,1,15,3,2954,230,0,16,1,1,0
75,1,21,1,21,13,0,39,2,1,1
26,4,18,3,3001,3,4,18,2,1,0
25,1,23,5,5310,3,0,39,2,1,1
55,1,19,1,5095,133,0,33,1,1,0
35,1,21,5,2562,50,17,40,1,1,0
19,1,16,5,8293,145,7,24,1,8,0
77,2,19,2,2521,76,0,40,1,1,1
44,1,16,1,6967,43,0,29,2,1,0
24,4,22,5,2569,3,0,27,2,1,1
59,1,21,1,3649,129,0,29,1,8,0
26,1,18,5,6210,9,0,27,1,1,0
55,1,20,2,6531,112,0,61,1,1,0
36,1,17,5,1479,154,0,25,1,1,1
81,7,22,1,6950,210,0,34,2,1,0
38,1,20,1,1328,80,0,23,2,1,0
39,1,20,3,2421,6,0,25,2,1,1
34,5,12,1,5309,60,0,42,1,1,0
72,2,23,1,2711,72,0,31,1,1,1
34,1,16,1,6621,1,0,27,2,1,0
51,1,14,1,7752,3,1,52,1,1,0
51,1,21,1,823,331,0,31,2,1,0
34,1,18,3,7899,62,16,17,1,1,0
39,1,20,3,2531,4,0,29,2,1,1
36,1,17,1,3355,75,0,53,2,1,0
32,4,18,1,2394,80,0,47,2,1,0
28,1,19,1,3810,24,0,43,1,1,1
42,2,22,1,407,14,0,41,2,1,0
57,1,19,3,3329,1,0,62,1,1,1
46,1,17,1,5365,3,0,43,1,1,1
75,4,22,5,2913,83,0,51,2,1,1
25,6,21,1,2359,32,0,48,1,2,1
58,1,19,1,4884,117,0,29,2,1,1
33,5,22,1,1529,19,0,43,2,1,1
69,1,18,1,1863,36,0,26,1,6,1
33,1,18,1,6198,84,0,41,2,9,0
43,1,21,5,3071,3,9,61,1,1,1
47,1,19,1,117,90,0,32,2,1,1
23,1,21,1,7493,227,3,56,1,2,1
56,1,24,5,3027,21,0,48,2,1,1
71,1,18,1,7477,213,0,48,1,1,1
54,2,20,1,2131,120,0,22,2,6,0
24,2,18,5,8600,27,15,43,1,1,0
22,6,21,1,2872,12,0,27,2,1,0
59,6,19,1,3573,77,0,25,2,1,0
71,1,13,1,6922,79,0,52,2,1,0
38,1,12,1,7027,90,1,35,1,2,0
44,2,20,5,4056,242,0,38,1,1,0
27,1,21,5,9294,13,0,12,1,1,0
81,3,18,1,5685,85,0,56,2,1,0
41,1,21,1,376,84,0,31,2,2,1
67,2,18,3,5445,3,0,33,2,1,1
40,1,24,1,1558,107,0,36,2,1,0
42,3,19,1,8231,145,0,45,1,1,0
56,1,22,1,6057,88,0,60,2,1,1
41,1,15,3,1918,29,0,36,1,1,1
39,1,16,1,2657,67,0,46,1,1,0
32,1,18,3,979,4,0,33,2,1,0
29,1,20,1,3273,3,17,28,1,1,0
32,1,20,1,145,153,0,61,2,1,1
30,1,20,1,3029,101,1,30,1,3,0
45,6,16,1,2655,16,0,26,2,1,0
64,1,18,1,2356,51,0,38,1,2,1
22,1,18,5,9159,41,0,25,1,2,0
57,6,12,1,7112,190,0,37,2,1,0
23,1,16,3,474,48,0,18,1,1,0
35,1,10,1,9588,91,0,42,2,1,0
40,1,19,1,1438,22,0,46,2,1,1
55,1,13,5,8265,15,0,38,1,2,0
55,2,20,1,6955,16,0,47,1,1,0
61,1,18,1,5301,60,0,46,1,1,1
47,1,11,5,7138,10,0,48,2,6,0
31,1,22,5,1552,2,0,50,1,1,0
29,7,18,5,4068,195,0,34,1,1,1
41,1,10,5,4766,118,16,30,1,1,0
35,2,18,1,7661,304,2,28,2,2,0
39,1,13,3,3730,6,0,77,1,1,0
19,6,13,5,3579,17,15,10,2,1,0
82,1,20,1,8907,1,0,56,1,1,0
29,1,20,5,5819,10,0,47,2,1,0
60,4,16,1,6409,161,0,30,2,6,0
56,1,17,5,6266,6,0,27,2,1,0
47,1,19,1,8747,29,0,29,1,1,0
29,1,22,5,6866,36,0,19,2,1,1
74,1,16,5,6325,123,0,32,2,1,0
33,1,13,5,2346,323,1,12,2,8,0
33,4,15,5,2179,23,17,24,2,2,0
50,1,19,1,2111,25,1,63,2,6,0
41,1,21,5,1029,101,0,71,1,1,0
21,1,18,5,9786,20,0,1,2,1,0
40,1,18,1,84,34,13,33,2,1,1
48,1,20,1,6279,7,16,26,1,1,1
54,6,18,1,3589,72,0,24,1,1,1
49,1,22,5,757,16,0,49,2,1,0
61,1,23,1,2084,179,0,44,1,1,0
37,1,18,5,1527,36,0,47,2,1,0
32,4,20,1,5211,17,13,22,2,1,0
67,2,15,1,3465,139,0,31,1,1,0
36,1,13,5,2230,3,0,31,2,1,0
62,1,22,2,1450,39,0,42,2,1,1
21,6,11,1,7074,300,0,31,1,1,0
83,2,20,1,1582,221,0,26,2,2,0
29,1,21,1,3197,209,0,64,1,1,1
36,1,17,1,8080,74,0,14,2,1,0
61,7,17,1,9735,4,0,62,1,2,0
22,6,19,5,3039,78,1,25,1,1,0
80,3,24,1,3110,60,16,49,2,1,1
40,5,20,1,2302,9,17,57,1,3,1
44,1,19,1,1929,51,16,46,1,1,1
19,1,14,5,9567,19,3,52,1,1,0
59,6,20,5,7539,36,0,29,2,1,0
49,6,18,5,5769,17,5,37,1,1,0
76,5,17,3,927,2,0,52,1,1,0
24,1,18,5,464,1,0,33,2,1,0
31,1,23,5,329,5,0,27,2,2,1
65,1,18,1,4590,1,0,44,2,1,0
47,1,22,1,1834,4,0,43,2,1,1
73,1,22,1,609,77,0,54,2,1,0
54,1,18,5,3018,8,0,44,2,1,1
34,1,22,3,5048,6,1,38,2,1,1
54,1,20,1,2689,44,0,50,1,2,0
60,1,21,5,1082,26,0,21,2,1,0
62,1,21,1,3426,50,0,48,1,1,1
35,1,17,1,2083,4,0,33,1,1,0
45,2,20,1,6192,24,0,30,1,1,0
50,7,17,5,5003,11,0,27,2,1,0
18,5,16,5,4422,29,0,30,1,1,0
46,1,20,1,22,2,0,59,1,2,0
77,1,23,1,3448,4,0,31,1,1,1
57,1,19,1,746,31,0,78,1,1,0
27,1,18,5,2758,16,0,30,1,1,0
36,1,18,5,7842,21,0,24,1,1,0
20,1,17,5,7325,23,4,36,2,9,0
58,1,16,1,5574,19,16,27,2,1,0
49,4,22,1,350,19,0,37,2,1,0
54,1,24,5,337,5,0,30,1,1,0
52,1,18,3,1118,9,0,47,2,1,0
66,1,21,1,4816,149,0,36,1,1,0
67,1,22,1,784,194,0,15,2,1,1
51,1,19,1,6247,52,15,42,1,1,0
39,1,20,1,1325,35,0,39,1,1,1
54,1,17,1,4943,65,0,52,1,6,1
53,1,22,1,3225,5,0,28,1,1,1
84,1,20,1,2639,304,0,43,2,1,1
44,2,22,3,1238,357,0,60,1,1,1
67,1,21,1,2145,73,0,28,1,2,1
63,4,18,5,6447,210,0,48,2,8,0
25,1,17,3,3894,215,11,36,1,1,1
29,1,18,5,1860,100,13,29,1,2,0
53,5,19,1,4489,62,0,25,2,1,1
27,1,15,1,3123,40,0,21,2,1,0
28,1,22,1,4739,19,17,26,2,1,1
31,1,21,1,1150,2,0,33,1,1,0
21,2,21,5,1653,66,0,34,2,1,1
44,1,21,1,2276,13,0,44,2,1,0
52,1,22,1,1552,143,0,24,2,1,1
56,1,16,1,7299,41,0,40,2,1,1
74,1,21,2,501,274,0,62,1,1,1
23,7,21,1,5271,61,0,68,2,1,1
54,1,16,1,1458,523,2,43,2,8,0
47,1,19,1,8918,47,0,35,2,1,0
32,5,13,1,7107,9,0,50,1,1,0
20,1,16,5,5223,16,10,57,1,1,0
52,6,15,1,9309,237,0,35,2,6,0
70,6,23,1,2646,1,0,50,2,1,1
48,6,19,1,9526,1,0,33,1,1,0
59,3,14,1,4196,15,0,20,2,1,0
72,6,22,4,710,34,0,16,2,1,1
60,1,20,2,4964,15,0,42,2,1,1
37,4,16,5,8318,6,1,25,2,6,0
30,6,17,1,1782,84,0,3,1,1,1
31,1,20,5,8220,112,1,40,2,1,0
32,5,22,1,3465,246,0,59,2,1,0
54,1,18,1,1831,3,0,29,2,1,0
87,1,23,1,3735,154,0,44,1,1,1
89,2,20,2,1510,138,0,52,2,9,1
74,1,21,1,211,19,0,31,2,1,1
44,3,16,1,6785,6,15,32,2,1,0
42,1,17,5,3330,5,0,62,2,2,0
34,1,23,5,6905,4,17,53,1,1,1
77,1,17,1,8845,2,0,35,1,1,1
49,4,16,1,1744,26,0,10,1,1,0
25,1,18,5,2858,66,0,34,1,1,1
59,6,19,5,4063,29,0,17,1,2,1
33,1,20,1,6557,21,0,23,1,6,0
37,6,16,5,6777,1,0,30,2,1,0
24,1,16,1,4562,12,0,51,1,1,1
45,1,23,5,565,36,0,36,2,1,0
37,2,17,1,6325,86,0,55,2,1,1
62,8,23,1,2224,46,0,48,2,1,1
58,1,18,3,5190,35,0,49,1,1,0
23,6,19,5,2902,130,0,49,2,2,0
47,7,22,1,2589,1,0,47,1,1,1
44,1,20,5,8086,112,0,28,1,1,0
49,1,20,1,563,235,0,20,2,1,1
34,2,21,1,1270,3,15,3,2,1,0
86,5,19,1,6795,34,0,54,2,1,0
39,2,19,5,8273,1,0,18,1,1,0
70,1,19,1,4659,116,0,44,2,8,0
36,1,13,1,2090,293,0,45,1,1,0
26,1,20,1,1332,90,0,20,2,2,0
20,6,20,5,8181,1,1,33,2,6,0
26,1,19,5,9321,28,16,24,1,1,0
46,1,22,1,5998,439,0,56,1,9,0
50,1,17,1,2998,235,2,19,2,1,1
69,4,21,1,644,27,0,34,2,1,1
30,1,15,5,3067,9,0,32,1,1,0
37,2,22,1,1235,14,0,42,2,2,1
22,1,21,5,5008,128,17,65,1,1,0
81,2,20,1,5464,132,0,24,1,1,0
45,1,19,5,5699,27,0,17,2,1,0
33,1,18,3,5479,160,0,53,1,1,0
43,1,17,5,1790,83,10,42,1,1,0
37,7,21,1,488,125,17,31,2,1,0
48,1,15,1,3587,112,3,62,2,1,0
38,6,14,1,5200,2,0,42,1,1,0
30,1,20,5,1217,83,12,58,1,1,0
26,1,22,3,3818,45,0,18,2,1,0
26,1,19,1,8015,7,0,15,2,1,0
77,1,22,2,612,114,4,60,2,1,1
55,1,22,1,111,85,0,47,1,1,1
25,3,15,5,9760,11,17,20,2,1,0
48,1,23,3,3830,156,0,62,1,1,1
56,6,22,1,3419,51,0,61,1,2,1
46,1,18,1,617,7,0,43,2,1,0
23,3,22,1,3723,13,12,39,1,1,1
27,7,19,1,612,7,0,36,1,1,1
44,2,21,1,1251,32,0,37,2,2,0
49,5,19,1,6832,38,2,24,1,1,0
29,1,21,3,3212,9,5,38,2,1,0
49,5,20,3,3491,5,0,46,2,1,0
53,4,17,1,6171,374,0,14,1,2,0
47,1,15,5,8494,30,0,33,1,1,0
68,1,16,1,1689,95,5,41,2,6,0
47,7,22,1,2010,224,0,45,2,1,0
26,6,18,4,7084,554,0,35,1,1,0
62,4,18,1,8022,145,0,41,1,8,1
33,1,20,1,8162,1,0,30,1,1,0
32,1,15,1,6186,305,0,34,2,1,0
29,6,10,1,1372,3,16,17,2,1,0
45,1,21,5,2527,97,0,56,1,1,0
19,3,12,5,5343,1,7,34,1,1,0
40,2,21,1,5310,22,0,63,1,1,0
25,1,21,5,2925,218,0,32,1,2,1
41,1,23,1,1908,2,3,29,2,1,1
33,1,14,5,9699,26,0,2,1,1,0
78,7,22,1,3851,503,0,39,1,1,0
47,2,20,1,573,152,1,51,2,1,0
43,1,20,5,2778,1,17,34,2,1,1
40,1,20,1,5017,2,1,54,2,1,0
18,1,17,1,2255,103,0,45,1,1,1
30,4,19,5,1916,105,0,37,2,1,0
50,1,22,1,8180,175,0,22,2,1,0
62,2,22,1,2103,152,0,34,2,1,0
36,3,20,1,6596,14,0,67,1,6,0
28,1,18,5,7468,3,0,34,1,1,1
35,5,19,5,5076,127,0,55,1,1,1
42,1,20,1,3554,400,0,50,2,1,0
24,1,17,1,6512,22,0,29,1,1,0
20,1,23,5,7838,72,1,39,1,1,0
60,1,22,1,52,34,0,60,1,1,1
20,1,21,5,5406,8,0,23,2,1,1
27,1,7,1,9312,72,0,37,1,1,1
53,3,21,5,206,75,1,14,2,1,1
45,1,21,3,9090,8,0,41,2,1,0
48,6,11,1,4851,269,0,35,1,1,0
36,1,17,1,7385,374,1,47,1,1,0
39,1,14,5,7477,46,0,50,2,1,1
21,7,16,1,1830,176,17,42,1,1,0
56,1,9,5,3153,13,11,39,1,1,0
35,1,14,5,3817,18,15,9,1,2,0
44,1,18,1,9619,28,1,28,1,1,0
37,2,21,3,3791,41,0,33,2,6,0
57,2,16,5,5079,183,1,55,2,1,0
67,1,20,1,7691,10,0,40,1,8,0
45,1,21,1,4551,14,0,43,2,1,0
31,1,21,5,4339,3,0,42,2,1,0
43,1,16,1,7045,28,0,16,1,1,0
61,1,20,1,4198,226,0,68,2,1,1
43,1,19,5,538,141,0,24,2,1,1
51,1,19,1,1752,13,0,17,1,1,1
24,1,16,5,8045,245,0,59,2,8,0
84,1,19,1,5843,3,0,54,1,1,0
51,1,17,1,9032,22,0,49,1,1,0
67,2,16,1,3742,105,0,52,2,1,0
29,1,18,1,1222,211,0,42,2,2,0
41,1,17,1,9620,34,0,36,1,1,0
81,1,13,1,7480,471,0,26,1,2,1
39,1,18,5,4282,9,4,12,2,1,1
27,1,21,5,4894,14,0,60,2,1,1
41,7,19,5,5246,72,4,21,2,1,0
48,1,16,5,9717,25,4,18,1,1,0
34,1,19,1,8455,29,0,40,1,1,0
30,1,21,3,141,36,1,30,1,1,0
58,3,20,5,6621,149,0,36,1,8,1
38,1,20,3,2903,88,0,37,1,1,0
26,2,24,1,2241,33,0,39,2,1,1
47,1,21,1,3625,197,8,25,2,1,0
34,2,18,5,6550,16,0,35,2,2,1
34,2,18,5,6724,74,0,37,1,1,1
52,1,15,3,5789,42,0,52,1,1,0
69,1,21,1,1507,39,0,63,2,1,1
64,1,21,1,1516,79,0,39,1,1,1
31,2,16,1,6300,25,0,46,1,1,0
49,4,18,1,9408,8,6,21,2,1,0
26,1,18,1,4434,1,17,20,1,1,0
47,1,17,1,7111,8,2,31,2,6,1
29,4,21,1,6193,44,4,41,2,1,0
65,1,20,1,6243,28,10,30,2,9,1
36,1,19,5,5116,24,0,35,2,1,1
48,1,22,5,4659,6,0,10,2,6,0
64,1,23,1,1503,26,0,23,2,1,0
39,1,18,5,3020,63,0,24,2,6,0
22,2,15,1,6682,83,0,33,2,2,0
44,1,19,3,479,2,0,22,1,1,0
61,2,21,1,726,1,0,20,2,1,0
43,1,22,1,55,174,13,48,1,1,1
32,2,23,4,52,9,0,26,2,1,1
39,1,21,5,5583,82,0,38,2,1,0
53,1,16,1,4758,122,17,13,1,1,0
28,1,24,5,1213,23,0,53,2,1,1
42,1,20,1,243,4,0,58,2,1,1
57,4,18,1,7526,273,0,40,1,1,0
65,1,18,1,9600,39,0,64,1,1,1
55,1,21,1,2676,86,0,24,2,1,1
53,1,20,1,6197,2,0,49,1,1,1
26,1,20,5,3855,44,14,34,2,1,0
46,1,22,1,7165,15,0,75,1,1,1
39,1,21,1,690,120,0,17,1,2,0
19,1,16,5,9106,57,11,31,1,1,0
27,1,21,5,3694,71,0,33,1,1,0
37,6,16,1,8676,7,10,35,1,6,0
42,2,14,1,7422,20,0,52,2,1,0
67,1,23,1,1400,35,0,55,2,1,0
46,1,15,1,6730,1,0,35,1,1,0
46,1,19,3,9388,165,7,43,1,2,0
22,1,17,5,4509,2,2,51,1,1,0
65,7,21,1,4510,11,0,10,2,1,0
35,3,18,1,2061,90,0,55,1,1,1
45,1,19,1,5475,339,0,44,2,1,0
44,4,22,1,665,79,0,39,1,1,0
48,1,20,3,7654,257,0,27,1,1,0
43,6,20,3,111,52,0,58,1,1,0
44,6,22,3,6808,37,0,41,2,1,1
64,1,22,1,9345,12,0,43,2,1,0
37,5,20,3,1841,8,0,50,1,1,0
24,1,21,1,5771,30,0,34,2,2,1
55,1,20,1,2837,15,0,41,1,1,1
23,1,15,5,4807,21,0,18,1,2,0
40,1,15,3,5256,31,3,24,1,1,0
74,7,19,1,4754,56,0,56,2,1,0
41,1,20,2,5234,2,1,41,2,1,0
60,1,19,1,1571,4,0,32,1,1,0
70,3,20,1,2004,57,0,32,1,8,0
38,1,18,1,2659,34,12,12,2,8,0
44,2,22,1,652,8,1,14,1,1,0
50,3,18,1,4308,120,0,29,2,1,0
29,7,23,1,1499,3,0,31,1,1,0
58,1,21,5,782,7,0,65,2,1,1
36,1,22,1,1309,21,0,28,2,1,0
19,1,20,5,2278,86,0,63,1,1,1
50,4,19,1,4634,2,0,47,2,6,0
37,1,20,1,654,44,0,21,2,1,0
39,1,11,1,5661,125,9,37,2,1,0
63,1,21,1,1964,9,1,51,1,8,1
29,7,13,5,3418,3,7,23,2,1,0
43,7,19,1,1967,8,0,28,2,1,1
42,1,19,1,3118,31,0,44,1,1,1
39,1,17,1,3158,338,0,53,1,1,0
58,1,15,3,2916,7,0,43,1,6,1
34,1,21,1,4057,195,1,27,2,1,0
61,1,23,5,1179,74,0,27,1,1,1
50,1,17,1,2610,91,2,40,2,9,0
43,2,13,1,7505,170,0,58,2,2,0
46,1,20,4,7035,3,17,39,2,1,0
79,1,14,1,6710,47,0,43,2,6,0
45,5,16,1,3641,42,0,26,2,1,1
42,1,22,5,3535,77,2,9,2,1,0
40,4,14,3,903,31,0,30,1,1,0
28,1,20,5,4611,5,7,31,2,2,1
29,6,20,5,1432,35,0,59,1,1,0
59,1,18,1,6980,142,2,24,2,1,0
37,1,10,1,7116,180,0,36,1,1,0
54,1,21,1,2870,14,15,30,1,1,0
21,1,17,5,6060,73,16,44,2,2,0
49,1,21,1,5166,85,0,45,2,1,1
26,1,16,1,4801,1,12,36,1,1,0
39,2,19,5,3884,4,0,29,2,2,0
60,1,20,5,4989,164,0,49,2,1,0
38,1,10,3,9131,158,1,26,2,1,0
31,1,18,5,5507,144,0,19,2,1,0
55,6,22,2,1198,6,0,50,2,1,0
30,2,15,5,6835,135,0,25,2,1,0
46,1,19,5,8060,3,0,58,2,1,0
25,1,21,5,9465,168,0,41,2,2,1
34,1,18,1,5763,23,0,55,1,2,1
40,1,19,1,7277,22,0,42,2,4,0
21,6,14,5,7604,115,17,43,1,1,0
44,7,20,1,73,463,2,32,1,1,0
36,1,23,1,5375,139,0,33,2,1,0
53,1,22,3,237,25,0,62,2,1,1
49,3,20,3,6084,29,0,31,1,1,0
43,1,19,1,3372,78,0,22,2,1,0
57,1,20,1,3017,3,0,49,1,1,0
76,1,24,1,329,266,0,41,2,1,1
79,1,23,1,788,43,0,50,2,1,0
36,1,16,1,2318,8,0,4,2,1,1
42,1,20,5,7120,63,0,28,1,1,1
28,1,18,5,2264,172,3,23,1,1,1
55,1,14,5,2322,108,0,42,2,1,0
68,1,9,1,1339,268,0,34,1,1,1
39,1,15,1,8311,91,0,72,1,1,0
25,1,19,5,9412,8,8,26,2,1,1
28,1,12,3,2907,82,0,54,2,1,1
38,1,21,1,6067,52,0,47,2,1,0
29,6,24,3,591,68,1,30,2,1,1
62,1,19,1,785,215,12,40,1,1,1
27,1,18,1,4902,221,0,35,2,1,0
64,1,17,4,3595,49,0,47,2,1,1
73,1,20,1,4494,144,0,21,1,1,1
31,1,21,1,2502,5,0,34,2,6,1
56,1,20,1,9641,1,0,38,1,1,0
44,2,16,5,4034,103,6,48,1,1,0
47,1,16,1,6657,20,1,32,1,1,0
26,1,18,5,1546,55,0,37,1,1,0
19,1,18,5,7900,272,9,50,1,1,0
46,1,20,5,1157,91,0,36,1,1,0
27,1,22,5,4000,69,3,15,2,1,0
18,1,16,5,7299,56,0,16,2,1,0
51,6,17,3,2031,7,0,30,2,1,0
27,2,21,1,4810,2,0,37,2,8,0
24,1,16,5,5387,108,0,51,1,1,1
55,1,18,1,2747,401,0,41,2,1,0
55,1,21,5,1335,195,0,36,2,1,0
59,5,19,3,8383,20,0,29,1,1,0
52,1,21,1,769,64,0,30,2,9,0
26,1,18,1,2250,145,17,37,1,1,0
32,1,18,5,7908,17,0,12,1,1,0
36,6,20,1,4687,1,0,52,1,1,1
79,4,22,1,123,77,4,42,2,2,0
29,1,20,1,3029,27,0,31,2,1,0
27,2,18,1,9410,22,6,34,2,1,1
52,1,20,1,3643,193,0,41,2,1,1
21,1,19,5,263,43,8,18,2,1,0
66,1,16,5,7385,243,0,42,2,8,1
34,4,19,3,762,180,0,58,1,2,1
25,1,22,5,507,40,0,51,2,1,1
23,6,15,1,5986,49,16,41,1,1,1
63,1,21,3,3794,4,0,42,2,1,0
21,1,20,5,2171,51,2,44,2,1,1
38,1,20,1,3648,5,0,15,1,1,0
30,7,20,1,3574,32,1,7,2,1,0
33,7,22,5,5463,109,0,36,1,1,0
29,1,18,1,7835,87,1,48,2,1,0
48,1,15,3,4977,106,0,37,1,1,0
37,7,19,1,9050,83,1,34,1,1,0
44,1,15,1,9386,170,5,47,2,1,1
19,1,19,5,3740,50,17,42,2,2,1
47,3,20,3,6096,22,0,30,1,1,0
25,1,22,5,1902,57,0,38,1,1,1
22,1,17,5,4302,23,15,25,1,1,1
60,1,22,5,2233,41,0,49,1,1,1
52,1,15,1,5160,18,6,29,2,1,0
28,1,22,1,272,22,0,42,1,1,1
55,1,19,1,7322,20,0,33,2,1,0
38,1,14,5,3371,8,1,1,2,1,0
31,1,20,1,2585,83,0,40,1,2,0
51,1,18,1,169,66,0,37,2,1,0
57,3,19,5,426,144,0,38,1,9,1
54,6,21,1,4662,55,0,27,2,1,0
61,1,12,3,7913,142,8,34,2,1,1
68,3,15,1,2558,53,0,43,2,1,0
71,4,18,4,4027,18,0,33,1,1,1
69,7,19,1,5774,40,0,61,1,1,1
44,1,12,1,6044,211,0,13,1,2,0
29,1,20,5,2451,63,0,33,2,1,0
61,1,18,4,4793,90,0,23,2,1,0
57,2,9,1,2385,75,4,60,1,1,0
88,2,22,1,6554,151,0,49,2,1,1
23,1,19,3,2206,16,0,31,1,1,0
48,1,22,1,4653,8,0,40,2,1,1
29,4,16,1,4382,10,0,25,2,1,0
24,1,13,5,6454,122,0,36,2,6,0
33,1,14,1,5452,17,0,78,1,1,0
66,1,15,1,9413,177,0,48,2,1,0
30,1,17,1,7097,109,0,31,1,1,1
34,1,13,1,9002,17,0,41,1,8,0
48,1,21,5,1346,67,0,34,2,1,0
34,1,21,1,2356,8,0,50,1,1,1
25,1,15,5,8318,59,0,23,1,2,0
46,1,22,1,2754,104,0,44,1,1,1
29,4,21,1,3296,330,0,40,2,2,1
21,2,18,5,1566,3,14,45,2,1,0
40,6,16,5,9605,1,10,37,2,1,0
53,7,21,1,1387,157,0,31,2,1,1
26,1,19,5,2109,3,7,1,1,1,0
57,2,16,4,9191,26,0,18,1,1,0
77,3,23,1,2498,5,0,47,2,1,1
45,4,21,1,5525,1,0,21,2,1,0
39,1,21,1,5226,103,0,36,2,1,1
41,6,17,5,7394,2,1,45,2,1,0
39,1,16,1,1043,37,0,50,1,1,0
60,4,22,4,101,40,0,47,1,1,0
38,2,18,1,7013,27,0,49,2,1,0
19,1,21,5,5086,25,2,33,1,1,1
87,6,18,1,6633,51,0,16,1,1,0
62,1,13,1,5314,103,4,23,1,1,0
43,1,19,5,3782,5,0,34,2,1,0
73,1,8,1,6731,129,0,30,2,1,1
71,1,17,5,6604,296,1,55,2,1,0
63,2,24,1,925,20,0,48,2,1,0
24,1,20,1,6948,13,0,67,2,1,0
46,2,23,1,3802,3,0,29,1,1,1
43,1,21,5,3762,3,0,37,2,1,0
75,1,17,1,5692,24,0,54,1,1,1
27,1,22,1,5115,52,4,49,1,1,0
34,1,11,5,8448,173,0,24,2,8,0
43,1,21,5,1218,16,2,35,2,1,1
56,1,18,3,4782,130,0,34,2,1,1
47,1,15,1,2261,77,0,20,2,1,0
45,4,20,3,5919,32,13,37,1,8,1
27,1,16,5,4702,554,17,44,1,1,0
36,3,17,1,5028,2,1,31,2,1,0
40,1,18,5,7981,1,0,43,1,1,0
47,4,22,1,334,1,0,47,1,1,0
28,1,18,3,3014,24,0,34,1,1,0
31,1,18,5,7399,4,0,45,2,1,0
36,1,16,5,7997,270,0,15,2,1,0
45,1,19,5,344,1,4,56,2,1,0
52,1,15,1,2180,261,0,52,2,1,1
31,1,19,1,1982,141,0,56,1,1,1
59,7,23,1,256,5,0,47,2,1,1
20,1,17,5,3488,1,0,47,1,1,0
24,4,19,1,3977,23,13,42,1,1,1
26,3,15,5,6312,40,0,20,2,2,1
65,1,19,1,6112,75,0,50,2,1,1
66,1,20,1,6059,162,0,34,1,1,0
32,5,23,1,7493,13,6,40,2,1,0
53,4,22,5,1810,3,0,34,2,1,0
54,1,20,3,1286,7,0,55,1,1,0
25,1,12,1,3364,123,11,39,2,1,0
40,6,18,3,2719,15,0,17,2,1,0
56,1,23,1,19,15,0,45,1,1,1
43,3,20,5,3855,2,0,48,1,1,1
30,1,22,5,2219,82,10,45,1,2,0
25,1,16,3,4234,187,17,22,2,2,0
24,1,20,5,83,196,17,27,2,2,0
33,1,20,1,3706,163,0,43,1,1,1
42,1,21,3,4395,43,0,48,1,1,1
62,7,21,1,2891,115,0,36,2,1,0
21,1,19,5,1470,40,2,27,2,1,0
73,1,21,1,181,13,0,58,2,1,1
54,1,19,1,1981,21,0,35,2,1,0
48,1,19,1,1830,123,0,59,1,2,0
51,1,15,1,2981,42,12,31,2,1,0
44,1,18,1,4846,302,0,30,2,1,0
37,7,18,5,6131,60,16,48,1,1,0
20,2,12,1,4343,220,13,37,1,8,0
59,2,17,3,8511,64,0,53,1,1,1
41,1,22,1,6098,434,17,25,2,1,0
46,1,19,3,580,204,0,59,2,6,0
34,4,22,1,6622,157,0,58,2,1,1
38,2,22,3,6004,90,0,39,1,1,1
45,3,20,3,8009,6,0,44,2,1,1
90,4,23,2,521,1,0,37,1,1,1
20,1,22,5,2780,6,1,28,2,1,0
43,5,19,3,3018,32,0,49,1,1,1
30,1,20,3,2685,2,0,24,2,1,1
33,2,19,5,1576,3,0,49,2,1,0
43,1,11,3,9489,35,0,43,1,1,0
22,1,13,3,6091,112,15,28,1,1,1
26,3,22,5,4852,31,7,1,2,1,0
50,1,18,1,9306,20,0,43,2,1,0
64,7,22,5,5866,5,0,35,2,1,0
56,7,19,5,6304,21,0,41,1,1,0
24,2,19,1,6858,178,0,40,2,1,0
58,1,13,1,4020,72,0,38,2,9,1
36,3,15,3,6382,1,0,23,1,1,0
20,1,21,5,248,39,8,29,2,1,0
69,1,21,5,4618,6,1,44,1,1,0
36,3,21,5,2684,26,14,41,1,1,0
79,2,19,3,946,218,0,69,2,1,1
49,6,18,5,8821,19,0,21,2,2,0
49,1,17,3,6557,152,7,39,1,1,0
43,4,22,1,2740,59,1,49,2,1,0
25,6,23,5,4528,197,3,21,1,1,0
21,4,13,5,5712,35,3,32,2,6,0
37,1,16,1,9426,26,0,32,2,1,0
38,1,4,5,7275,121,8,39,2,1,0
29,1,10,5,2897,99,17,34,2,1,0
50,2,19,1,6813,42,0,42,1,1,0
53,6,19,1,4670,78,0,53,1,1,0
53,1,19,3,9057,23,0,43,2,8,0
48,1,22,1,4069,18,0,50,2,1,0
21,5,19,5,292,212,0,19,2,1,0
69,1,23,1,1392,22,0,31,1,1,1
60,7,22,1,415,16,0,49,2,8,0
28,1,15,5,6192,17,0,57,1,1,1
59,4,18,1,4964,5,0,52,1,6,1
66,1,21,5,622,98,0,41,1,2,1
58,4,13,1,8865,43,0,45,1,1,0
49,1,15,1,4277,153,17,10,1,6,0
51,1,23,1,1992,16,0,38,2,2,1
20,1,21,5,1227,28,5,43,1,1,0
43,1,15,1,4540,77,0,50,2,2,0
33,4,18,5,861,23,0,25,2,1,0
34,1,20,5,3727,13,0,12,2,2,0
23,1,16,1,6738,125,0,36,2,1,0
44,1,19,3,4084,18,0,52,2,1,0
20,1,22,3,6888,332,17,26,2,1,0
32,1,22,1,1356,28,0,30,2,8,0
25,1,14,5,7654,17,0,34,1,6,1
29,5,21,3,8325,59,0,43,2,3,0
19,1,23,5,638,81,8,36,1,2,0
57,7,19,1,6694,45,0,29,1,1,0
34,6,18,1,795,23,6,32,2,1,1
29,1,18,1,8305,483,10,37,1,8,1
24,1,20,1,2151,62,0,67,2,1,0
54,2,20,1,729,14,0,37,1,1,0
39,1,17,1,8489,51,0,30,1,1,0
36,1,16,1,7140,186,0,18,1,1,0
31,6,23,1,823,4,0,42,2,1,1
28,1,15,1,2251,34,16,38,1,1,0
73,1,16,2,7711,9,0,51,1,1,0
50,3,18,1,2451,74,0,62,2,1,0
19,1,21,1,984,4,17,8,2,1,0
28,1,18,5,5240,9,17,35,1,1,0
60,1,20,5,2909,79,0,51,1,1,1
42,1,22,1,6055,172,0,29,2,6,1
30,1,14,1,6731,25,0,50,2,8,0
38,1,20,1,406,143,0,53,1,2,1
26,1,18,1,2097,30,0,31,2,2,0
27,1,17,5,3500,7,0,35,1,2,1
18,2,22,5,5740,11,1,19,2,8,1
65,7,23,1,187,85,1,43,2,1,1
63,1,19,1,8108,103,0,45,1,1,0
25,1,9,5,9686,90,1,24,2,1,1
34,1,17,5,5677,189,0,44,1,1,0
43,1,19,1,3599,96,0,30,2,1,0
36,1,21,3,6827,28,0,25,2,1,1
22,2,10,3,6247,97,0,41,1,9,0
31,1,15,5,4835,61,3,34,1,6,0
52,1,16,1,4220,64,0,5,1,2,0
51,1,19,5,1659,11,0,45,1,1,1
22,1,15,5,8838,113,14,33,2,1,0
33,1,17,1,1151,465,0,45,1,8,0
43,1,15,1,8345,52,0,50,2,1,0
21,3,23,5,4284,2,0,29,1,1,1
52,5,19,1,7886,62,0,64,1,1,0
78,2,22,1,1504,35,3,41,1,1,0
24,1,16,1,4712,122,0,30,2,1,0
24,1,12,1,7141,2,0,51,2,8,0
75,4,22,2,3165,11,0,41,1,1,1
38,6,13,1,7921,30,0,68,1,1,0
52,1,17,1,6527,63,0,27,2,1,1
42,2,22,1,1570,79,0,66,1,1,0
60,1,19,1,1909,5,0,43,1,1,1
56,6,21,1,4737,302,0,25,2,1,0
28,1,19,1,6768,77,0,76,1,1,1
26,6,21,5,3717,91,0,51,1,1,0
55,4,21,3,627,45,0,44,1,1,1
62,1,16,1,4934,122,0,37,1,1,1
49,1,20,1,7394,2,13,31,1,1,1
28,1,11,3,8980,98,0,35,2,1,0
52,1,18,1,300,1,0,23,2,1,0
23,1,19,5,4747,30,0,28,2,1,0
41,1,17,1,7792,52,0,37,1,1,0
20,1,18,1,1900,20,15,45,1,1,0
46,2,22,1,409,171,0,34,2,1,0
59,1,16,1,1516,30,0,21,2,1,0
49,4,17,1,6597,32,0,52,2,1,0
74,7,22,2,24,73,0,25,2,1,0
47,1,22,5,1914,19,0,31,1,2,0
52,1,19,1,3719,6,0,24,2,1,0
40,7,21,3,713,13,0,38,1,1,0
82,4,22,2,1282,175,0,34,1,1,1
62,1,17,2,1361,48,0,36,1,1,0
68,1,20,4,325,32,0,73,1,1,1
63,1,18,2,5531,35,5,10,2,1,0
56,5,19,1,3297,12,0,29,2,1,0
61,1,21,5,4951,2,0,28,2,1,0
71,1,20,2,1762,27,12,60,1,1,1
47,2,20,1,2844,111,8,46,1,1,1
48,2,21,2,5175,129,0,29,2,1,1
44,6,21,1,2980,48,9,37,1,1,1
49,3,15,1,5512,98,0,58,1,1,1
34,2,19,1,3560,138,0,38,1,1,1
32,1,21,5,5574,7,5,21,2,1,0
53,2,22,1,4840,24,0,32,2,1,0
51,1,20,3,5055,16,0,65,1,1,1
31,4,16,1,641,76,16,40,1,1,0
46,1,22,5,4827,88,0,26,1,1,1
48,1,21,1,62,214,5,47,2,1,1
39,1,20,5,2820,1,0,21,1,1,0
39,1,15,1,9606,92,2,51,2,1,0
44,6,23,3,420,232,0,46,2,1,0
59,6,17,5,7196,75,16,53,2,1,0
25,3,21,5,7727,71,0,40,2,1,1
59,1,22,1,1222,63,12,16,2,1,0
55,2,24,1,1569,17,0,32,1,1,1
33,1,15,1,8748,28,0,48,1,1,1
34,1,21,3,40,5,0,22,2,8,0
40,1,24,3,4679,379,0,64,1,1,0
37,1,16,1,7895,191,0,35,1,1,0
27,4,20,1,676,119,6,28,1,1,0
21,1,21,1,3047,10,0,52,2,1,0
34,4,19,5,2724,36,10,60,1,1,1
34,1,22,1,5123,100,0,48,2,8,1
22,1,21,1,4903,8,0,30,1,1,0
49,2,20,2,412,77,0,51,1,1,1
20,1,22,5,6219,2,0,25,1,1,0
73,6,22,1,5034,1,0,62,1,9,1
24,1,18,5,1282,39,8,35,2,2,0
50,1,22,1,7860,81,0,41,2,2,1
30,1,18,1,4284,33,0,41,1,1,0
33,2,10,5,8229,68,0,42,2,1,0
33,7,20,1,6347,40,0,37,1,1,1
31,1,16,5,1496,1,12,29,1,1,1
23,1,15,3,4974,9,0,1,2,6,0
59,1,12,1,6157,115,0,66,2,8,1
77,1,20,1,1285,30,0,1,2,1,0
44,4,22,5,2146,2,0,51,1,1,1
43,7,23,1,4056,52,1,46,1,1,1
58,1,21,4,203,168,14,52,1,1,1
44,7,21,1,3717,28,0,48,1,1,1
71,1,21,1,105,33,0,49,2,1,0
51,5,16,1,858,27,0,32,2,1,0
59,3,15,5,9436,12,1,44,1,2,1
35,7,19,1,8325,59,0,53,1,6,0
37,1,23,1,8063,58,14,44,1,1,1
32,1,13,1,4906,10,0,20,1,1,0
37,1,20,1,4194,4,0,23,2,1,0
20,1,10,5,8798,3,8,39,1,1,0
25,1,12,5,3199,3,0,40,1,2,0
58,1,16,1,6002,14,1,46,2,1,0
49,3,19,1,6466,6,9,14,1,9,0
42,1,18,1,7804,18,0,13,2,6,0
45,1,22,5,3099,177,0,51,2,1,1
44,6,19,5,4081,44,0,51,2,1,1
33,1,14,1,6200,91,16,45,2,9,0
60,1,11,1,8554,27,1,47,2,1,0
34,1,19,5,3440,34,0,43,1,7,1
53,1,21,5,1396,145,0,30,2,6,1
19,1,18,5,3464,98,15,17,2,1,0
49,6,17,1,5315,43,6,25,2,1,0
55,1,21,1,3945,176,0,65,1,1,1
69,2,18,1,4636,219,0,16,1,1,0
84,1,20,1,2552,109,0,41,1,6,0
50,1,22,5,1862,141,0,39,1,8,0
33,1,22,1,673,9,0,40,2,1,0
43,1,18,2,1228,10,0,55,1,1,0
28,1,18,1,5924,11,0,43,1,8,1
60,1,20,1,7419,131,0,38,2,1,0
25,6,19,1,6136,5,8,15,1,2,0
71,1,17,1,7921,1,0,22,1,1,1
60,5,22,5,430,119,0,46,2,1,0
28,1,23,5,928,129,17,16,1,1,1
43,7,24,1,3376,52,0,58,2,8,0
44,1,19,5,9014,53,0,21,2,1,1
21,1,14,1,7840,207,2,51,1,1,0
46,1,19,5,1225,44,0,21,1,1,1
36,1,21,5,1504,50,0,37,1,1,0
30,5,20,5,797,13,0,27,2,1,0
64,1,20,1,4402,77,0,52,1,1,1
45,1,17,1,184,5,0,45,2,1,0
55,7,22,1,134,188,4,19,2,1,1
66,1,11,3,7729,193,0,38,1,2,0
40,6,20,1,776,69,0,31,1,1,1
51,4,19,4,3350,6,0,50,1,1,1
20,2,21,5,2196,64,5,29,2,2,0
60,1,16,1,3934,20,0,44,2,1,0
83,1,21,4,8321,61,0,28,2,1,1
19,1,20,1,3060,80,0,41,1,2,0
31,1,19,1,2890,60,0,23,2,1,0
69,1,17,1,8594,211,0,44,1,1,1
55,1,23,1,4951,13,0,44,2,1,1
34,1,16,3,9633,59,0,17,2,1,0
50,2,19,1,4075,170,0,26,2,1,0
48,1,19,1,2526,29,0,67,1,1,1
43,1,20,1,4328,69,0,41,1,1,0
54,3,21,1,4037,79,0,37,1,1,0
39,6,21,1,5800,29,7,12,2,1,0
34,1,20,3,6017,26,17,41,1,1,0
47,1,17,5,1627,1,4,38,2,1,0
23,1,18,5,5146,19,0,37,1,1,1
32,1,17,3,8961,64,0,12,2,1,0
55,6,20,1,7594,5,0,39,1,1,1
76,3,15,1,2951,4,0,50,1,1,0
39,1,21,1,3905,3,0,40,1,2,0
31,1,14,3,6097,102,0,31,2,1,1
28,1,22,5,2045,11,0,43,1,1,0
33,1,15,1,7109,77,0,30,1,3,1
41,1,22,1,64,90,0,36,1,1,1
31,1,8,3,6347,8,8,33,1,1,0
33,1,19,3,4390,23,2,41,1,1,1
69,7,22,3,1448,128,0,56,1,1,1
60,1,21,1,4159,17,0,45,1,1,0
51,1,18,5,5899,93,0,30,2,1,1
30,1,17,5,1752,15,0,42,2,1,1
80,5,22,1,293,171,0,74,2,1,1
31,1,18,5,4876,2,0,68,2,1,1
35,1,17,5,7636,11,6,48,1,1,0
68,1,15,1,3803,140,0,53,1,1,1
39,1,18,1,6611,55,0,43,1,8,0
34,1,19,5,6201,40,0,66,1,6,0
35,1,6,1,8281,232,12,22,2,9,0
35,1,20,3,8656,15,0,37,2,2,1
47,1,18,1,4511,55,0,35,1,1,0
67,4,18,5,4421,9,0,49,2,1,1
26,2,19,5,9168,39,0,20,2,1,0
34,1,15,1,6795,65,0,34,1,1,0
46,1,17,1,9105,84,0,45,2,8,1
43,1,22,1,2080,52,0,22,1,1,0
32,1,20,1,8480,7,0,51,2,1,1
76,1,20,1,4609,2,0,53,2,1,1
55,3,20,1,7135,2,0,46,1,1,1
54,1,17,1,4143,5,1,36,1,1,1
52,1,21,1,1137,91,0,48,2,1,0
55,4,22,1,4406,2,3,39,1,1,1
74,5,20,1,6351,117,0,36,2,1,1
35,1,21,5,5741,56,12,46,1,1,0
81,1,22,1,841,35,0,48,2,1,0
34,1,21,3,2438,11,0,53,2,2,1
51,1,18,1,6269,123,0,42,1,1,0
66,1,17,3,1273,76,0,34,1,8,0
22,1,20,3,2213,37,17,27,2,2,0
54,1,24,1,841,2,0,50,1,1,0
57,1,22,1,278,353,2,39,2,1,0
41,1,21,4,5185,2,0,29,1,1,0
43,1,15,1,9290,81,0,33,1,1,0
29,1,20,3,5501,101,0,45,1,1,0
18,1,20,5,6332,47,17,19,2,1,0
54,6,17,3,6304,3,0,40,2,1,0
54,1,20,1,3886,1,0,44,1,1,0
85,5,20,4,5822,27,0,29,2,2,0
50,1,10,1,5579,36,0,17,2,1,0
37,5,23,5,513,12,0,39,2,1,0
69,1,20,1,4157,3,0,39,2,2,1
34,1,16,5,2352,123,17,15,1,1,0
50,1,21,5,1527,375,0,46,1,9,1
21,4,23,1,1082,16,7,31,2,1,0
35,1,20,1,5153,15,0,65,2,1,1
39,1,14,3,5646,194,3,46,1,1,0
29,6,22,5,346,34,0,44,2,1,1
32,6,20,1,9315,3,0,51,2,1,0
36,1,18,1,9669,219,0,25,1,1,1
26,1,17,1,2047,4,0,44,2,8,1
44,2,16,3,3420,215,16,29,1,8,0
40,1,18,1,2193,153,2,29,1,1,0
23,1,18,1,2812,51,0,26,2,1,0
22,1,22,1,4504,16,0,56,2,1,1
75,3,19,1,4151,21,0,41,1,1,0
42,1,18,1,5394,115,0,48,2,1,1
28,1,14,5,4874,15,0,42,1,8,0
46,1,19,5,8504,3,0,29,1,1,0
44,1,21,3,338,43,0,40,2,1,0
28,3,22,5,5942,22,0,28,2,2,0
31,1,20,5,2761,25,9,34,2,1,1
27,1,20,1,4627,77,0,34,2,8,0
37,1,21,1,5274,256,0,33,2,1,1
35,1,18,5,682,132,0,60,1,1,1
38,1,13,3,3216,2,0,11,1,1,0
67,7,21,3,297,259,0,25,2,2,0
48,1,17,5,9156,99,1,22,2,2,0
77,6,23,1,200,1,0,23,1,6,1
43,6,20,2,5400,21,8,23,2,1,0
23,1,19,1,7929,230,0,20,2,1,1
24,1,21,3,2782,193,1,30,2,2,0
22,1,21,5,8469,27,4,36,2,1,0
29,1,23,5,3250,1,8,46,1,1,0
28,1,19,1,3638,13,0,43,1,1,0
32,1,21,2,607,98,0,29,1,1,0
38,1,18,1,540,48,0,45,1,1,0
62,5,19,1,1371,25,0,45,2,1,0
38,1,19,1,6261,11,0,25,1,1,1
43,1,20,1,6559,87,0,39,1,1,0
83,6,16,1,6647,128,0,22,2,1,0
36,1,19,1,2107,152,0,39,1,1,0
26,5,16,5,5112,5,7,36,1,9,0
58,3,18,1,4517,132,3,43,1,1,0
63,1,23,1,2567,107,0,29,2,1,1
41,2,18,1,4002,18,0,27,1,6,0
19,1,18,5,4975,15,1,13,1,1,0
32,1,17,5,8216,6,0,45,1,1,1
47,4,23,4,3304,5,0,35,1,2,0
33,7,21,5,441,4,0,40,2,1,0
51,1,16,1,458,128,0,47,1,2,0
52,1,18,1,1103,11,0,58,1,2,0
56,2,22,1,29,72,0,46,2,2,1
43,1,22,3,3379,31,17,59,2,8,1
20,2,23,5,5791,2,5,19,1,1,1
78,3,20,1,2861,1,5,34,2,1,0
53,4,16,1,35,51,1,40,1,2,1
33,1,19,3,7594,98,17,23,1,1,0
51,1,22,1,288,85,0,26,2,1,0
30,6,23,1,847,2,1,30,2,1,0
58,4,22,2,1221,60,0,59,1,1,1
40,3,14,1,8638,22,0,52,1,1,0
41,3,18,1,2233,8,0,50,2,1,0
25,1,19,1,1696,51,0,35,1,2,0
32,1,13,3,7725,11,0,47,1,1,0
26,1,13,1,3175,5,14,34,1,1,0
34,1,21,3,3200,2,0,36,1,1,0
67,3,23,3,6573,120,0,34,1,1,1
30,1,20,1,5137,161,3,41,1,1,0
56,1,19,1,7882,148,0,44,2,1,1
36,1,18,5,5042,11,0,63,2,1,0
21,1,19,5,5832,192,0,40,2,1,0
47,1,21,3,1440,11,0,30,1,1,0
35,1,17,5,8492,86,4,36,1,1,0
43,1,20,3,7932,26,9,34,1,9,0
60,3,15,1,5507,4,0,42,1,1,0
21,1,21,1,7561,55,11,35,2,1,0
77,3,19,1,2026,89,0,63,1,1,1
36,1,11,1,8888,17,0,26,1,1,0
67,1,19,1,2173,88,0,48,1,1,1
27,1,17,3,2439,48,13,34,1,8,0
43,1,13,5,4226,21,0,27,2,1,0
28,2,16,1,7276,110,9,24,1,9,1
54,1,17,2,1170,4,0,36,2,1,0
43,1,16,1,9539,97,0,20,2,1,1
23,1,11,5,7630,18,14,23,2,1,0
57,6,12,2,4780,129,0,37,1,1,0
34,6,22,1,2447,62,0,41,2,8,0
27,1,21,5,1311,41,0,38,2,1,1
42,1,17,3,2213,2,0,15,1,1,1
31,5,20,1,5728,7,0,39,1,8,0
68,3,20,1,1718,97,0,32,2,1,0
41,6,20,5,2678,1,0,28,2,1,1
44,2,12,3,6802,81,0,34,2,1,0
21,1,19,5,2388,200,0,30,1,1,0
22,1,13,3,8863,37,0,40,2,2,0
44,1,14,5,4964,239,0,38,1,2,0
48,1,21,3,5358,10,12,41,2,1,1
63,1,18,3,9198,170,16,41,1,1,1
58,1,20,1,2060,216,0,28,2,9,0
20,1,17,5,815,253,0,43,2,6,1
46,4,18,2,8082,52,0,23,1,1,0
19,1,19,5,5738,62,0,27,1,1,0
51,2,16,1,4697,8,0,49,1,1,0
20,1,19,5,4564,8,12,25,1,9,0
20,1,21,5,6377,1,16,33,1,1,0
52,5,16,1,6236,25,0,47,1,1,1
56,1,12,2,1097,12,0,58,1,1,0
39,4,15,1,8106,16,0,4,1,1,1
42,3,20,1,5007,44,5,39,1,1,1
28,1,23,1,6332,2,17,17,1,1,1
48,2,18,3,5188,74,3,44,1,1,0
25,1,18,3,5520,283,0,31,1,1,0
41,1,20,3,1190,7,0,45,1,1,0
52,1,24,1,1432,23,0,48,1,1,1
80,1,21,1,3882,12,0,32,1,1,1
61,8,17,1,2121,231,0,31,1,1,0
33,1,21,1,1514,5,0,30,2,1,0
42,4,18,1,6486,94,4,13,1,1,0
68,1,20,5,3008,115,0,34,2,1,0
55,1,21,4,2862,4,0,41,1,1,0
28,2,20,1,612,33,0,65,2,1,0
55,1,16,1,4156,61,0,57,1,1,0
25,1,16,5,7486,51,17,1,2,1,0
45,1,15,1,8276,56,0,32,1,2,0
50,1,18,5,6378,14,0,21,2,1,0
45,3,21,3,114,18,0,32,2,2,1
19,1,9,5,3455,3,0,25,2,1,0
39,1,18,5,3208,159,0,41,2,1,0
38,1,22,1,2445,111,5,52,1,1,1
38,1,14,5,650,2,17,34,2,9,1
64,1,17,1,4161,266,0,49,2,8,0
47,1,20,1,4086,133,0,51,1,1,0
43,1,18,1,3194,72,0,35,2,2,0
32,1,19,3,1110,141,0,17,2,1,0
29,1,22,5,7283,1,0,20,2,1,1
24,1,17,1,1803,55,0,41,2,1,0
30,1,12,5,5987,354,0,58,1,1,1
40,1,10,1,9275,200,17,37,2,2,0
24,2,23,5,2795,7,17,26,2,1,0
51,1,19,3,7374,5,0,38,1,1,0
23,3,20,1,3322,43,3,43,2,1,1
71,4,23,1,7337,257,0,47,1,1,0
44,6,13,5,2894,311,2,62,2,1,1
28,2,11,5,4037,92,17,2,2,8,0
39,6,14,1,4551,39,0,45,1,6,0
60,1,22,3,1528,84,0,36,1,1,0
27,1,16,5,6683,313,0,40,1,1,1
28,1,16,5,1744,39,0,44,1,1,1
70,1,17,1,8587,58,0,40,1,6,1
36,1,23,5,5119,10,0,34,2,1,1
30,1,23,3,5330,228,0,40,2,2,0
39,1,18,1,4523,21,0,20,2,1,0
18,1,17,5,4351,38,3,29,1,2,0
73,1,22,1,4415,172,0,36,1,1,0
25,1,21,3,4398,20,8,17,2,1,0
63,1,12,1,9648,160,0,55,1,9,0
37,1,23,1,2722,134,13,37,1,2,0
73,2,20,1,6856,378,0,41,2,1,0
40,1,21,1,630,50,0,59,1,1,1
58,7,19,5,9299,17,0,34,1,1,0
36,1,14,5,7125,68,17,32,1,1,1
68,4,19,1,7139,4,0,49,1,1,0
67,8,19,1,2828,13,0,38,2,1,1
55,2,18,5,501,7,0,41,2,1,1
27,1,21,1,2131,43,0,39,1,1,1
30,6,19,5,4578,25,0,23,1,1,0
42,1,22,5,4882,3,0,58,1,1,0
78,1,22,1,984,8,0,14,2,1,0
28,1,21,1,196,8,0,30,1,1,1
72,1,19,4,764,41,0,50,2,1,0
48,1,21,5,3877,132,0,54,2,1,1
34,6,22,1,3941,161,0,58,1,6,0
55,1,23,1,150,29,1,15,2,1,0
45,1,17,1,2327,160,0,34,2,5,0
25,1,16,5,6015,1,5,51,2,1,0
34,1,13,5,1861,11,1,29,2,1,0
38,1,21,1,6075,10,0,47,2,1,1
26,1,18,1,9286,102,14,26,2,1,0
57,4,17,1,3569,25,0,63,1,1,1
37,1,20,1,7877,32,0,44,2,1,1
42,7,13,1,1100,83,0,50,2,1,0
35,1,16,3,8410,22,7,17,2,1,0
46,1,15,1,8842,3,0,28,2,1,1
37,7,23,1,3919,92,0,37,2,1,1
34,1,18,5,4706,1,1,45,2,1,0
46,1,16,5,4510,91,9,29,2,6,0
28,1,19,1,6707,32,0,43,1,1,0
27,1,15,1,7305,29,0,19,2,1,0
26,1,18,1,562,137,15,37,1,1,0
37,1,12,5,4535,157,0,40,1,1,0
60,4,22,5,2229,15,16,34,2,8,0
34,1,19,1,6876,38,16,42,1,1,0
47,1,23,1,669,5,0,58,2,1,1
51,1,20,4,914,36,0,43,1,8,0
18,1,22,1,4521,171,0,55,1,1,0
44,1,19,5,5841,43,0,34,2,1,0
76,4,21,1,598,15,1,31,1,1,1
63,2,20,1,496,62,0,38,2,9,0
50,1,16,5,855,1,0,39,2,1,0
19,1,17,5,4990,16,17,14,2,1,0
29,1,17,1,5636,108,0,44,2,1,0
49,1,5,5,6072,103,16,21,1,1,0
28,2,17,1,1951,180,0,32,2,1,0
40,1,20,1,1564,19,0,46,2,1,1
22,3,22,1,2974,53,0,55,1,1,0
65,1,21,3,1989,106,0,43,2,1,1
28,1,17,5,3534,30,0,35,1,6,0
25,1,9,5,1377,176,0,40,1,1,0
55,1,22,1,2030,31,0,44,1,1,1
51,1,15,4,4263,39,2,32,2,2,0
40,1,19,1,3838,12,0,52,1,5,1
25,1,20,1,2076,221,9,40,2,1,1
80,1,23,1,3698,1,0,71,1,1,1
50,1,23,5,5435,108,16,50,2,1,0
61,1,21,3,4056,212,0,43,2,1,0
42,2,14,1,4939,17,0,32,2,2,0
44,1,19,3,8143,155,10,38,1,1,0
62,1,14,1,6561,3,0,32,1,1,0
25,3,20,5,3990,2,0,54,2,1,0
64,1,22,5,7799,230,0,53,1,1,1
69,3,17,1,2099,335,1,50,2,1,0
45,1,17,1,4846,34,0,53,1,2,0
52,1,21,1,5469,89,0,27,1,1,0
37,1,20,3,1667,63,0,47,2,2,0
50,4,21,1,3006,304,0,58,1,3,1
55,5,23,1,1772,86,0,41,2,1,0
43,1,15,5,8300,26,0,28,1,1,0
24,1,19,5,2967,33,0,50,1,1,1
44,1,18,3,8691,283,0,34,1,1,1
67,1,17,1,7110,27,0,23,1,1,1
53,4,23,5,2915,48,0,46,2,1,0
65,1,20,1,1249,21,0,58,1,1,0
30,1,13,5,4281,86,7,29,2,1,0
58,1,12,1,8305,14,0,34,1,1,0
37,1,21,5,20,11,15,34,1,9,1
43,2,22,1,2335,50,3,39,1,1,1
53,1,19,1,806,61,0,27,1,1,1
57,1,19,1,7626,122,0,38,2,1,0
56,1,22,2,1154,81,0,47,1,1,1
51,1,22,4,3011,46,0,56,2,2,1
30,1,18,3,2236,107,5,29,1,1,0
53,6,17,1,1952,20,0,26,2,1,1
31,7,22,5,2184,2,0,40,1,2,0
71,1,18,1,2153,37,0,43,1,1,0
18,3,15,5,1938,76,1,30,2,9,1
46,3,13,1,6869,25,0,27,1,2,0
35,1,19,5,3720,39,0,55,1,1,1
55,1,16,5,7425,65,5,30,1,1,0
47,1,20,5,5722,4,0,37,2,1,1
25,1,22,5,4000,8,17,25,1,1,0
36,1,18,5,5200,53,0,51,2,8,1
35,1,22,5,4519,214,15,47,1,1,1
67,1,17,2,5867,80,0,47,1,1,1
29,4,21,5,781,25,0,26,2,6,0
53,1,22,1,4378,46,0,39,2,1,1
28,1,18,1,6992,10,0,26,2,1,1
48,7,21,5,808,6,2,53,1,1,1
53,1,21,1,7716,40,0,43,1,1,1
49,1,20,1,8900,40,0,33,1,1,1
44,4,14,5,6878,135,15,35,2,1,0
32,1,24,5,2926,106,0,27,1,2,0
29,1,22,3,1864,11,0,66,2,1,1
88,1,17,2,6619,42,0,31,2,1,1
35,1,17,1,821,1,0,9,1,1,0
24,1,16,1,8966,1,0,64,1,2,0
35,2,20,5,5886,2,0,45,2,1,1
44,1,15,1,9526,119,0,29,1,1,0
62,1,17,4,7096,120,0,24,2,1,0
25,1,21,5,671,130,3,28,1,1,0
28,7,20,5,2555,232,0,65,1,1,0
51,3,20,1,6401,3,12,40,2,2,1
37,1,17,1,7047,132,0,35,1,1,0
66,1,18,1,9004,8,0,47,1,1,0
51,4,21,5,4584,59,0,36,1,1,0
54,1,17,4,187,12,14,53,1,1,0
26,2,21,5,6248,9,0,49,1,1,1
64,1,18,1,2736,189,0,51,2,6,0
23,1,20,5,6531,126,0,67,1,8,0
55,1,21,1,613,383,0,27,1,1,1
66,6,5,1,9830,13,0,46,1,1,0
29,1,18,3,5263,4,1,23,1,1,0
25,1,21,5,281,18,16,38,1,1,0
33,1,17,5,4181,22,16,49,1,1,0
55,3,13,3,9056,2,7,43,1,1,0
34,1,17,1,3606,2,0,37,1,1,1
51,6,15,1,3714,29,0,45,1,9,0
65,3,17,1,1670,133,2,19,2,1,0
75,1,16,1,8003,57,0,40,2,1,1
39,1,21,1,633,489,0,52,1,1,0
26,1,18,1,3958,262,0,27,2,2,0
68,6,19,1,1139,125,0,46,1,1,1
53,1,20,1,5264,3,16,61,2,1,1
39,2,22,1,325,19,0,66,2,1,0
40,2,20,1,764,10,0,51,1,1,0
39,7,20,1,4467,2,7,51,2,1,0
42,1,22,1,6269,174,0,4,2,1,0
33,2,22,5,1009,65,0,49,2,1,0
69,1,24,3,837,5,0,42,2,1,1
55,1,19,1,6562,24,0,36,1,1,0
66,1,19,1,6133,37,0,19,1,1,1
21,1,18,5,2266,76,0,23,2,1,0
33,1,21,1,4961,554,9,41,2,1,0
38,4,14,1,8980,85,0,36,2,9,0
33,5,20,1,5618,29,15,36,2,1,0
38,1,20,3,291,139,0,47,1,2,1
49,3,21,1,1411,5,0,34,1,1,1
20,1,20,5,7448,391,0,33,2,2,0
46,3,17,1,8138,19,0,43,2,8,0
61,6,16,1,3550,240,0,26,1,1,0
75,7,22,1,3476,53,0,31,1,1,0
56,6,17,1,8625,19,0,34,1,1,1
57,1,18,1,4207,5,3,35,2,1,0
45,6,24,1,553,8,0,56,1,2,1
45,1,16,1,2295,91,1,60,2,1,1
53,5,17,1,537,180,0,32,2,2,0
44,1,21,3,5177,23,8,43,2,1,0
51,1,21,1,7292,301,0,43,1,3,1
39,6,17,3,4303,212,0,52,2,2,0
48,1,20,1,4516,134,0,38,2,1,0
42,3,18,1,2004,22,0,47,2,7,0
37,1,18,1,862,152,0,24,2,2,0
27,1,18,5,5631,5,3,26,1,1,0
54,6,17,1,2625,34,0,45,1,1,0
27,1,21,1,2842,36,17,49,2,1,1
19,3,21,5,7267,2,8,35,1,1,0
31,1,15,5,845,226,0,31,2,6,0
53,8,20,5,413,46,0,31,1,2,1
28,1,20,5,4555,23,1,29,1,1,0
46,6,21,5,536,6,0,26,2,1,1
19,1,13,5,2878,9,15,42,1,1,0
49,1,19,1,7298,20,0,28,1,1,0
70,1,21,1,7210,21,0,52,1,1,0
30,5,15,1,5611,1,1,30,2,1,0
47,2,19,1,8073,137,0,37,1,1,0
75,5,22,1,5161,219,0,53,1,1,1
39,1,17,5,5679,327,0,47,1,2,0
28,1,21,1,3159,2,10,42,1,1,0
21,1,22,5,6800,79,1,23,1,1,0
59,2,18,1,1693,485,0,55,1,2,1
31,4,22,1,908,11,0,29,1,1,1
39,1,11,5,8297,204,0,22,2,1,0
42,1,19,5,1201,75,4,28,2,1,0
45,1,21,1,3144,74,0,32,1,9,0
21,2,20,1,5355,25,0,21,1,2,0
59,1,16,1,5176,37,0,56,2,1,0
33,1,23,1,5328,33,0,60,2,1,1
36,1,20,1,1323,130,0,56,1,1,1
60,1,19,1,2403,57,0,33,2,1,0
72,1,21,1,2360,30,0,46,1,2,0
36,6,21,5,4254,2,0,55,2,1,1
39,6,17,3,1991,223,0,24,2,6,0
28,3,20,3,5852,30,0,50,1,1,1
54,3,16,5,2914,310,9,40,1,1,1
50,1,21,1,1986,245,0,30,1,1,0
42,6,22,1,4411,64,0,49,1,6,0
37,6,18,5,6239,227,0,36,1,8,0
59,2,23,1,86,502,0,18,1,1,0
35,1,17,1,4573,227,0,23,2,1,0
36,1,16,1,4086,3,0,34,1,1,1
42,1,19,5,2481,43,0,44,1,6,1
33,1,20,1,2590,90,2,35,1,1,0
62,1,15,4,5526,8,0,35,1,1,0
70,1,18,1,4408,46,0,43,1,1,1
36,1,17,1,6980,4,0,41,1,1,1
46,1,18,1,9224,35,0,47,1,1,1
37,1,18,1,2148,41,0,43,2,1,0
37,1,18,1,2326,91,0,41,1,1,0
28,1,17,5,152,4,0,36,1,1,1
63,1,20,1,1852,60,0,69,1,1,0
45,1,19,5,7870,42,0,38,2,1,0
58,1,19,1,5388,139,15,5,1,1,0
85,7,16,2,9695,125,0,44,1,6,0
21,1,14,5,7132,34,0,8,2,1,0
51,4,22,1,2327,33,0,43,2,1,1
53,1,19,1,4168,34,3,56,2,9,1
34,6,23,1,2847,4,6,34,1,1,0
28,1,18,1,7340,133,5,56,2,1,0
46,1,23,1,2461,12,0,54,1,1,0
64,2,20,1,2023,69,0,37,1,1,0
51,7,16,1,7792,68,6,42,2,1,1
30,6,22,5,4626,20,17,47,2,1,1
26,1,17,5,4587,33,0,31,1,1,1
48,1,21,3,1110,1,0,49,1,1,0
61,1,12,3,5666,5,0,36,1,1,0
22,1,22,5,778,3,14,49,1,2,1
30,2,17,1,7570,20,2,24,1,1,0
69,1,19,1,1810,64,0,55,1,1,1
66,6,21,1,5818,130,0,55,2,1,0
58,4,22,1,1156,2,0,17,2,1,1
50,1,15,5,8670,183,0,64,1,3,1
19,1,18,1,7461,28,2,28,2,1,0
20,1,16,5,4293,14,3,10,1,1,0
58,1,19,1,4951,18,0,52,2,1,0
65,1,22,1,222,28,0,64,2,1,1
33,1,14,5,9670,67,0,43,1,1,0
42,6,18,1,9327,18,8,19,2,1,0
51,3,20,5,3234,185,1,47,1,1,1
52,3,20,1,2666,1,14,33,2,1,1
66,2,21,1,2698,138,3,46,2,1,0
30,1,22,1,1818,107,0,33,1,1,0
61,1,9,1,1705,140,0,34,1,6,0
38,1,21,5,5472,38,0,1,1,1,0
27,1,14,5,8087,12,0,32,1,3,1
65,1,21,1,2629,5,0,56,1,6,1
54,1,21,1,2452,19,0,31,1,2,0
73,6,24,4,1783,58,0,45,2,1,1
34,1,11,1,2225,258,0,52,1,8,1
26,1,20,1,484,17,0,42,2,1,1
30,1,16,1,6159,16,15,38,1,1,0
71,2,22,5,3633,7,0,51,2,1,1
53,1,16,5,7060,2,0,35,1,1,0
67,5,18,3,999,134,0,55,2,1,1
24,1,22,5,529,38,0,36,1,1,0
35,1,21,5,4981,76,0,48,2,6,0
30,3,20,1,5589,135,0,51,1,2,1
58,2,16,2,600,5,1,27,2,1,1
47,1,19,2,1547,172,0,45,2,8,0
21,1,20,1,314,4,2,21,1,1,1
34,1,19,1,2351,27,0,50,1,1,1
41,5,21,1,737,158,0,56,2,1,0
37,1,19,1,1144,61,0,45,1,1,1
24,1,19,1,7274,6,0,42,1,8,0
20,1,17,5,9001,25,16,6,2,1,0
27,3,17,1,5595,9,0,39,1,1,0
38,1,19,1,1985,14,0,31,2,9,1
31,2,22,5,2925,64,0,33,1,1,0
53,1,22,3,7515,89,0,37,2,1,1
50,1,18,1,7021,145,0,32,2,1,1
42,1,12,5,7259,60,2,44,1,1,0
50,4,11,5,8419,28,16,33,2,1,0
57,4,18,1,5140,169,0,3,2,1,0
61,1,19,5,4193,14,0,49,2,1,1
45,6,19,5,3287,14,0,37,1,6,0
60,1,23,5,5250,31,5,50,1,1,1
29,5,20,1,2554,1,0,30,2,1,1
53,1,21,3,2487,11,1,15,2,1,0
53,1,19,1,4364,80,0,32,2,1,0
36,1,22,5,2790,52,15,45,1,2,0
21,1,18,5,5967,80,0,24,1,6,0
22,2,23,1,12,147,0,45,1,1,1
63,1,23,1,4538,91,0,35,2,1,0
44,1,21,5,1578,52,0,39,2,1,0
48,1,19,1,2773,2,0,38,2,1,0
35,1,22,1,6588,33,0,57,2,6,1
56,3,20,1,2056,3,0,52,2,1,0
27,1,17,5,7903,2,0,23,2,1,0
23,1,18,1,1750,324,0,54,2,1,1
31,1,19,1,1467,6,0,24,2,1,0
39,1,22,1,911,5,0,69,2,1,1
32,4,19,5,395,88,0,39,1,1,1
19,1,15,5,8016,33,2,30,2,1,0
46,1,18,5,4527,4,0,26,1,1,1
24,1,13,5,8659,6,15,32,2,1,0
37,1,20,1,1209,2,0,9,2,1,0
32,6,19,1,787,193,0,10,2,1,1
52,1,19,1,839,5,0,57,1,8,0
47,4,18,1,3276,50,0,40,2,1,1
49,1,23,3,4832,58,0,46,2,1,0
35,5,19,1,1425,3,1,33,1,1,0
18,1,20,1,5181,51,14,44,1,3,0
45,6,13,1,3048,115,0,19,1,1,0
39,1,19,3,633,29,15,32,1,2,0
32,2,17,1,8371,86,0,52,1,2,1
34,1,20,5,6570,96,0,45,2,1,0
25,1,23,1,763,20,0,34,2,2,0
25,5,16,3,6659,180,2,31,2,8,0
39,4,22,5,2363,4,2,54,1,1,1
71,1,23,1,32,22,1,44,2,6,1
59,4,22,1,628,20,0,26,1,1,1
28,1,22,5,7976,40,0,17,2,1,0
49,1,22,1,7799,236,0,8,1,1,0
25,1,20,1,9805,7,4,38,2,1,0
53,1,19,1,2959,3,0,45,2,1,0
32,1,19,1,1869,172,0,56,2,1,1
25,5,23,1,7456,44,0,31,2,1,1
73,6,20,1,6862,5,0,57,1,2,1
42,1,16,5,6275,13,16,38,1,3,0
42,1,21,5,5203,59,0,44,2,1,0
21,1,17,5,8691,5,0,37,1,1,1
29,1,20,1,3287,268,0,42,2,1,0
43,1,18,3,2981,105,0,38,1,1,1
31,1,8,5,6693,8,0,38,2,9,0
19,1,18,5,5920,53,16,29,1,1,0
44,4,21,1,3481,26,0,34,1,1,1
61,2,22,1,4063,85,0,29,2,1,1
37,1,14,3,8161,35,0,42,2,6,0
61,1,18,1,7304,20,0,36,2,1,0
27,6,19,5,3478,3,0,48,1,2,0
65,1,19,2,170,105,0,41,1,1,1
44,1,17,1,8390,37,0,64,1,2,0
65,1,11,1,9238,100,0,31,1,1,0
55,3,19,1,6038,126,0,55,2,1,0
59,7,15,1,6215,3,0,41,2,1,1
20,1,17,3,7975,13,0,28,1,6,0
84,3,24,4,123,58,0,51,2,1,1
28,1,22,1,474,12,2,36,2,1,1
39,1,21,1,4832,2,0,29,1,1,1
45,1,18,5,4666,62,1,43,2,1,0
39,8,20,1,2546,44,0,21,1,1,0
32,1,19,1,3859,142,0,52,2,1,0
37,1,16,5,6500,17,0,32,2,1,0
24,2,18,1,7930,137,15,47,1,1,1
68,3,21,1,2672,147,0,48,1,1,1
45,1,23,5,1149,34,1,39,2,1,1
70,1,21,3,1722,225,0,48,2,1,0
30,7,21,5,2075,19,0,32,2,1,0
20,6,21,1,1924,13,17,28,1,1,0
29,1,22,5,574,103,0,45,2,8,0
20,1,23,5,1169,80,0,33,1,1,0
34,3,19,1,3516,72,0,52,1,1,1
40,3,24,1,3096,12,2,41,1,8,0
63,1,21,1,2082,111,0,53,1,1,1
28,6,20,5,6732,147,16,41,1,1,0
54,1,22,1,4345,307,0,48,2,2,0
35,1,22,5,3583,134,6,53,2,1,0
28,1,17,5,1877,137,1,56,1,1,0
69,1,17,1,9774,2,0,38,2,1,0
40,1,19,1,1319,12,0,52,1,1,1
40,1,15,1,6056,49,16,32,1,1,0
26,1,19,1,3970,62,0,46,2,1,0
37,1,20,1,8419,86,0,72,1,1,0
74,5,20,1,9122,236,0,66,2,1,1
49,2,22,5,506,127,0,35,1,3,1
51,2,14,1,6957,14,0,49,1,1,0
20,1,18,5,2993,2,0,44,2,1,0
32,1,20,5,2411,26,0,45,1,1,0
37,6,16,1,2875,168,0,68,2,2,1
37,4,17,5,5287,434,16,29,2,2,0
29,1,14,5,9782,5,0,37,1,1,0
84,5,21,2,973,2,0,50,2,1,1
29,1,5,1,5966,116,4,42,2,8,1
45,3,21,5,3210,70,0,34,2,1,0
52,1,16,1,5700,17,0,42,2,1,0
33,1,20,1,3224,18,3,36,1,1,0
29,1,20,5,4674,65,0,22,1,1,0
29,1,16,3,7626,10,4,31,1,1,0
44,1,18,4,6974,113,2,15,2,1,0
28,7,20,5,3380,6,0,37,2,6,0
28,1,21,5,2853,162,1,29,2,8,1
66,1,24,1,3479,11,0,55,1,1,1
25,1,21,3,2144,2,13,41,2,1,1
47,4,18,1,979,88,4,59,1,6,1
43,1,17,1,4687,204,0,53,2,2,0
78,1,21,1,586,19,0,18,1,1,1
18,1,22,3,7278,14,0,40,2,1,0
29,5,20,3,2234,53,0,23,2,1,0
21,6,20,5,2586,107,5,39,2,1,0
54,6,17,1,4689,8,0,33,2,1,0
57,1,22,1,422,52,0,24,2,1,0
37,4,19,3,5419,7,15,23,2,1,0
32,1,15,5,6827,232,0,57,1,1,0
51,1,16,2,7759,22,0,26,1,1,0
24,1,18,5,7031,11,16,46,2,1,0
47,1,14,5,4453,26,0,48,2,1,1
41,5,16,1,7074,41,1,26,1,1,1
37,3,22,1,827,58,5,36,1,1,1
26,5,15,1,6676,26,0,39,1,1,0
19,2,18,1,8454,23,0,46,2,1,0
25,1,19,1,8604,295,16,58,1,2,0
41,1,21,1,2352,268,0,47,1,1,1
31,1,13,1,9344,8,1,35,1,1,0
23,1,20,5,8968,31,0,39,2,1,0
40,3,22,1,84,108,0,53,1,1,1
66,2,18,1,1796,78,0,39,1,1,1
57,7,22,1,210,71,0,13,2,1,0
38,1,19,5,6083,9,0,34,1,8,0
34,1,19,1,5490,19,0,50,1,1,1
19,1,17,5,7531,7,0,26,1,1,1
32,1,22,5,5381,20,0,18,1,1,0
76,4,21,1,5558,41,0,35,1,1,1
49,1,22,1,2050,4,2,26,2,1,0
28,1,21,1,6054,45,0,17,2,1,0
32,1,10,5,3929,18,17,21,1,1,0
47,1,21,1,5142,76,0,33,1,2,0
29,6,20,1,643,93,0,52,2,2,1
53,1,21,1,5364,17,0,41,1,1,0
22,1,22,5,4149,8,17,28,2,3,0
34,2,21,1,7361,141,0,41,1,2,0
39,1,18,1,3554,110,0,49,2,2,0
32,6,20,5,261,35,0,31,1,1,0
59,6,21,1,1434,24,0,50,2,1,0
30,1,21,1,3533,82,0,47,2,1,1
65,1,18,1,865,143,0,63,2,1,1
23,1,16,5,6473,24,6,42,1,1,0
53,1,18,1,7346,100,7,29,1,1,0
40,4,22,5,6565,3,0,56,2,1,1
33,1,22,5,2960,183,1,46,2,1,0
36,1,9,1,3798,3,0,48,1,6,0
23,1,18,1,4148,43,16,43,1,1,0
43,1,23,1,587,22,0,30,2,1,1
59,1,19,1,3879,15,0,57,2,1,0
46,1,22,1,6097,254,10,22,2,1,0
45,3,21,1,3305,6,0,12,1,1,1
53,1,17,1,3467,44,0,38,2,1,1
32,1,17,1,2910,90,7,44,2,2,0
40,1,14,3,7530,5,11,44,1,1,0
61,2,21,1,6942,2,0,44,2,1,0
43,1,21,1,2195,18,0,52,1,1,1
44,1,20,1,7641,2,0,47,1,1,0
59,1,17,3,7114,197,8,55,2,1,1
56,1,23,5,7282,1,0,31,2,1,1
35,1,22,5,4551,142,11,47,2,1,1
37,4,21,1,7459,7,0,24,1,6,0
41,1,19,1,5923,220,0,51,1,9,0
23,6,18,5,1414,1,0,25,2,1,0
40,1,19,5,8593,73,8,30,2,1,0
39,3,17,5,1899,23,8,59,1,1,1
31,7,20,5,48,233,0,10,2,1,1
39,1,22,5,123,2,1,39,2,1,0
38,1,19,1,2611,15,0,26,2,1,0
32,7,17,1,2214,2,1,45,2,1,0
31,5,20,1,157,69,0,41,1,1,1
38,7,15,5,1395,11,0,26,1,1,0
47,1,19,1,5390,122,0,42,2,1,0
53,1,19,1,1217,107,0,51,2,1,1
38,1,22,5,4268,6,1,40,1,1,0
26,2,21,5,849,18,6,23,2,1,1
45,3,18,5,2721,259,12,17,2,1,1
69,3,17,1,6693,11,0,44,1,1,0
50,6,20,5,8079,88,0,50,2,1,0
39,1,20,1,2391,554,0,41,1,1,1
21,1,17,5,5330,8,14,45,1,1,0
42,1,19,1,1259,302,1,43,1,6,0
28,1,21,1,251,2,5,49,1,4,1
38,1,21,5,3567,140,0,51,1,1,1
76,2,22,5,6802,5,6,31,2,1,0
33,1,20,1,2716,13,0,34,1,2,0
19,3,20,1,2312,4,13,36,1,1,0
34,1,14,1,7035,27,0,37,1,1,0
21,1,15,5,5611,24,15,43,1,1,0
82,1,21,1,269,105,0,35,2,1,1
53,3,16,1,2986,75,0,24,1,2,0
40,1,18,5,533,282,0,26,2,1,1
28,2,16,5,3759,204,0,38,2,1,1
62,5,19,1,1660,2,0,36,2,1,0
39,1,15,2,8119,151,0,45,1,9,0
24,1,22,5,2611,31,0,49,1,1,0
81,2,20,1,45,276,0,23,2,1,1
48,1,24,5,80,45,0,46,1,1,1
50,1,22,1,1738,74,0,23,2,1,0
28,6,20,1,5215,97,0,29,1,9,1
58,1,22,1,4886,374,8,19,1,1,0
31,1,13,5,3927,142,0,33,2,1,0
30,1,20,3,3393,8,0,52,2,1,0
50,1,18,1,4348,32,0,68,1,1,1
54,1,18,1,384,171,0,47,1,1,1
66,3,11,1,5527,52,1,46,1,1,1
60,1,18,5,6010,123,0,26,2,1,0
33,1,19,3,9289,1,2,54,1,1,1
70,1,18,1,372,140,0,43,2,1,0
49,1,16,3,5101,118,0,13,1,1,0
26,1,20,5,9047,41,0,36,1,1,1
45,7,16,1,1671,6,0,37,1,1,0
45,1,21,1,868,38,0,50,1,1,0
50,1,19,1,1115,164,0,48,1,6,1
18,1,21,5,3198,2,7,39,1,1,0
34,7,21,4,9443,3,0,71,1,1,1
35,1,20,1,6834,14,0,36,2,1,0
25,3,18,5,2325,3,0,33,1,1,1
51,4,21,1,506,93,0,35,2,3,0
50,5,22,1,662,111,0,52,2,1,0
21,1,18,5,8261,109,16,37,2,1,0
54,2,22,1,1829,2,0,40,1,1,1
36,1,20,5,6645,29,0,31,2,1,0
50,1,23,1,1556,33,0,57,1,1,1
42,1,15,4,6056,134,0,52,1,1,1
24,1,12,1,5533,2,0,23,2,1,0
47,1,15,5,6579,186,0,33,2,1,1
70,1,18,1,5529,5,0,42,1,1,1
63,2,18,1,5161,167,0,37,1,1,0
54,2,12,5,2084,126,4,37,2,1,0
47,3,18,1,2737,7,0,43,1,1,0
56,1,15,1,8719,5,0,56,1,1,1
39,1,19,1,5061,63,15,66,1,1,0
37,1,13,1,1628,46,0,51,1,2,1
66,6,18,1,5376,180,0,34,2,3,0
89,1,17,2,9662,8,0,14,2,1,0
41,4,16,1,3974,22,0,26,1,9,0
27,6,18,5,1014,141,0,2,2,1,1
66,3,19,5,3091,1,0,28,2,1,1
74,1,19,1,428,4,0,52,2,1,1
49,7,19,1,3963,243,14,40,2,1,0
26,1,16,5,5521,246,16,23,2,8,0
43,1,18,1,5226,51,2,41,1,1,1
63,1,16,3,1203,6,0,44,2,1,1
38,1,14,5,5907,63,1,47,2,1,1
30,1,16,5,3409,24,0,33,1,1,0
20,1,17,5,6476,17,13,36,1,9,1
44,4,21,1,5152,105,0,36,1,1,0
55,2,20,1,3747,155,0,65,2,1,0
34,2,20,3,6750,96,17,41,1,1,0
71,1,12,1,2769,40,0,60,2,6,0
59,6,16,3,6806,20,0,32,2,1,1
60,1,8,1,7847,181,17,26,1,1,0
24,1,8,5,5549,118,15,49,2,1,0
53,1,20,1,4793,173,0,32,1,8,0
69,7,22,5,39,127,0,22,1,6,1
57,1,17,5,4729,11,0,41,1,1,1
23,1,20,3,8280,7,0,40,1,1,0
45,3,22,1,3948,32,4,35,1,1,0
25,1,13,3,5768,25,1,20,2,1,1
40,1,18,5,5337,62,2,32,1,1,0
40,4,20,3,8555,5,13,26,2,2,0
38,1,3,5,9830,304,12,19,2,8,0
41,6,22,5,6292,154,0,52,1,1,0
21,3,18,5,1767,240,15,39,2,1,0
50,6,18,1,2703,12,0,39,2,2,0
46,1,13,1,2163,554,0,51,1,1,1
27,1,19,1,816,60,0,12,2,1,0
53,1,21,1,6480,11,0,21,2,1,1
36,1,19,3,252,16,0,74,1,1,0
47,3,21,1,2955,85,0,45,2,1,0
26,1,16,1,9232,60,0,52,1,6,0
43,1,16,5,8267,9,7,47,2,1,1
43,2,20,1,5080,32,14,52,2,2,0
18,2,22,5,614,40,0,45,2,1,0
71,3,21,1,2745,241,0,51,2,1,1
53,1,22,1,1694,140,0,55,2,1,1
27,4,21,5,5171,2,0,44,2,1,0
55,1,18,1,740,209,0,37,1,8,0
40,1,21,1,4212,33,0,69,1,1,0
37,1,22,1,5042,11,2,49,2,2,0
46,1,19,5,1309,2,7,46,1,1,0
54,1,18,5,4447,52,1,23,2,1,0
25,1,17,5,4351,293,0,55,1,2,1
22,1,21,5,1583,3,0,79,2,2,1
33,4,20,5,241,27,0,26,2,6,0
30,1,12,5,5282,46,0,35,2,8,0
28,1,20,3,370,262,7,67,1,8,1
33,1,14,1,5463,7,0,16,2,1,0
69,1,21,1,307,1,17,59,1,1,1
24,6,22,5,3544,9,0,27,2,2,1
49,1,18,1,4550,330,12,22,2,1,0
49,1,20,1,5046,10,0,41,2,1,0
47,1,20,1,1277,73,3,38,2,8,1
72,1,22,1,2435,49,0,62,1,1,1
40,7,22,1,5920,57,0,40,1,1,1
47,1,18,1,4079,65,0,36,1,1,0
31,2,22,1,1447,40,4,57,1,2,1
21,1,16,5,4789,116,0,48,2,1,0
38,1,18,5,1604,120,0,52,2,1,0
53,1,14,5,7372,24,0,49,2,1,1
24,1,21,1,4693,8,0,39,2,2,0
74,1,22,1,3564,257,0,33,2,1,0
48,1,20,1,823,1,0,57,2,1,1
55,3,21,1,3411,111,0,58,2,1,1
52,6,20,2,1263,50,0,41,2,1,0
38,3,21,5,1118,29,0,25,1,1,0
22,1,16,3,8941,171,0,23,1,1,0
52,6,22,1,237,87,0,42,1,2,1
75,1,21,4,4097,102,0,34,2,1,1
46,1,17,2,3265,61,4,25,2,1,0
38,1,17,1,8528,68,0,32,2,1,0
52,1,16,5,4474,206,0,27,1,1,1
41,1,19,1,2813,56,0,21,2,2,0
50,4,20,1,1214,289,0,28,2,2,0
25,1,15,1,8113,3,0,51,1,1,1
60,1,21,3,1708,32,0,16,1,1,0
75,1,16,1,9594,1,0,23,1,1,0
55,1,17,1,6300,34,0,19,1,1,1
45,1,22,1,5303,122,4,36,2,1,1
23,5,21,5,5513,159,8,37,1,2,0
34,5,20,5,1714,184,0,41,2,1,0
29,5,20,1,5996,294,0,26,1,1,1
28,1,15,1,5637,25,2,19,2,1,0
69,1,15,1,4751,31,0,60,2,1,0
48,1,20,1,4577,26,0,74,2,6,1
45,1,14,1,5249,69,1,38,2,2,0
55,1,16,5,9595,119,0,35,1,1,0
49,6,14,1,3059,64,0,35,1,1,1
40,7,19,1,2155,32,0,36,2,1,0
38,1,19,1,2312,7,0,43,2,1,1
20,1,18,5,688,20,15,24,2,1,0
29,1,18,3,2915,20,0,23,2,1,0
37,1,18,5,7259,99,15,11,1,8,0
26,1,19,1,7299,3,0,28,2,1,0
47,1,19,5,1192,472,0,49,1,1,0
83,1,16,1,9203,7,0,47,1,1,0
79,3,21,2,5095,141,0,36,1,1,1
36,1,6,5,7884,291,16,53,2,2,1
61,1,21,1,3462,23,0,53,1,1,1
22,1,18,5,973,17,12,41,2,1,1
47,1,20,1,2721,9,0,38,2,1,0
32,1,17,5,6843,2,1,46,1,1,1
47,1,20,1,1474,212,0,34,2,1,1
54,1,22,3,5843,408,0,41,2,6,1
63,1,16,1,6169,10,0,46,1,1,0
59,6,17,1,274,15,0,28,1,1,0
22,1,20,5,3582,59,0,33,1,1,0
33,1,16,5,4201,5,0,17,1,1,0
68,5,17,1,2798,100,0,31,2,1,0
53,3,21,5,8912,45,0,40,1,2,0
69,1,15,1,3905,39,0,44,2,6,1
54,1,21,1,1607,71,0,13,2,1,0
35,1,19,5,6298,100,16,40,1,1,0
22,1,17,5,4012,8,0,46,2,1,1
55,3,21,1,7428,103,0,31,2,1,0
37,1,18,1,2976,109,3,36,2,1,0
85,4,16,1,6880,77,0,10,2,1,0
73,1,20,1,4172,364,0,45,1,8,1
20,7,17,5,3618,65,1,42,1,1,1
54,1,19,1,2529,23,0,44,1,6,1
52,4,21,2,640,18,0,33,1,1,1
54,3,21,1,2394,164,0,53,1,1,1
43,2,18,5,6836,4,0,37,2,1,0
73,1,20,4,2990,14,0,38,2,1,1
34,1,23,5,5319,183,1,18,1,2,1
32,1,18,5,4347,108,0,29,1,1,0
22,3,18,5,1260,41,8,42,2,2,0
30,1,18,1,3930,60,13,13,1,9,1
20,2,18,5,3916,8,0,31,1,1,0
55,3,20,1,2461,85,0,39,1,2,0
51,2,16,1,1329,59,0,47,1,8,0
55,1,19,1,6178,451,0,48,1,1,0
38,3,20,5,567,55,0,33,1,8,0
34,7,21,1,1385,27,0,48,1,1,1
43,1,19,3,4670,1,0,32,2,1,0
68,7,23,1,1582,10,0,34,1,1,1
33,1,20,3,6835,79,0,17,2,1,1
46,1,16,5,5733,16,0,42,1,1,0
27,1,20,5,2347,91,0,43,2,1,0
23,3,18,1,7174,271,1,18,1,1,0
24,1,19,5,8063,4,0,47,1,2,0
25,1,15,5,4812,7,0,41,2,1,0
55,2,21,1,439,3,0,69,1,1,1
84,1,23,1,1448,1,0,30,2,1,0
36,1,16,5,2481,57,0,39,2,8,0
32,1,14,5,7612,29,0,30,1,1,0
44,1,17,1,3187,178,0,43,1,1,0
47,1,23,1,2101,20,0,42,1,1,0
22,1,19,5,558,123,0,15,2,1,0
37,4,21,5,3556,1,13,56,1,1,0
39,1,18,1,8916,32,2,34,2,1,0
38,1,12,1,2271,50,1,34,2,1,0
68,1,20,1,8312,30,0,43,1,1,1
26,4,21,3,376,2,16,34,2,1,1
33,1,22,3,8414,160,0,30,2,1,0
46,3,23,5,8049,118,0,26,1,2,0
26,1,17,1,7971,21,0,60,1,1,0
49,2,19,1,3699,41,0,53,1,2,0
22,2,15,1,2145,17,0,45,2,1,0
35,1,22,5,1401,16,0,53,2,1,1
28,6,20,3,8434,11,0,49,1,1,1
58,2,18,1,2375,112,0,59,1,1,1
35,1,22,1,392,152,0,32,2,9,1
19,1,11,5,823,62,2,34,2,8,0
31,1,16,5,5826,10,0,43,1,2,1
32,4,21,1,6108,5,0,49,1,1,0
45,1,18,1,1989,37,0,22,1,2,1
73,1,17,2,4839,8,0,69,1,1,1
51,1,15,1,5174,144,0,20,2,2,0
31,1,21,1,511,9,0,60,2,1,0
29,4,20,3,1754,25,0,35,1,1,0
55,1,24,1,387,18,0,57,1,1,1
79,1,20,1,4130,10,0,53,1,1,0
44,1,19,1,2290,5,0,49,1,1,1
30,2,11,1,6219,59,0,21,2,1,0
21,1,17,3,847,305,0,20,1,1,0
53,1,19,1,5270,8,1,24,1,1,1
50,4,22,1,8009,243,0,59,2,6,0
41,2,14,5,9123,88,14,8,1,1,0
42,1,18,1,5326,185,0,27,2,1,1
73,1,15,2,5067,262,0,41,2,2,0
21,1,21,5,3925,162,1,36,2,1,0
37,1,14,1,4735,196,0,31,2,1,0
67,4,20,1,6834,118,1,34,2,1,0
42,1,18,1,2617,161,0,40,2,9,1
76,7,20,1,5605,20,0,60,2,1,1
52,6,20,1,4595,46,15,25,2,1,0
22,1,16,1,8699,213,0,69,1,2,0
33,1,21,5,3490,21,0,29,1,1,0
62,2,22,4,669,48,0,31,2,1,1
44,6,11,1,5206,62,0,28,2,1,0
30,1,23,5,5707,7,0,20,1,1,0
20,3,16,1,6514,62,0,39,2,1,0
46,1,20,1,4143,159,0,35,2,1,0
32,1,16,1,3671,4,6,41,2,1,0
72,2,22,1,1072,5,0,63,2,1,1
47,6,17,3,3984,5,13,28,2,2,0
63,2,19,1,1223,88,12,56,1,1,1
24,1,18,5,8069,6,0,18,2,1,0
23,1,10,5,8982,26,2,25,2,2,0
31,1,21,1,6459,259,0,36,1,1,0
30,5,18,5,2446,149,0,32,2,1,0
52,1,14,5,4044,133,0,20,2,1,1
21,1,20,5,7405,98,12,24,1,1,1
67,6,21,1,87,73,0,32,1,6,0
51,1,18,1,1651,270,14,22,2,1,0
31,1,18,5,4335,70,0,38,1,1,0
37,1,21,1,1099,144,0,19,1,1,1
24,1,20,3,809,39,15,29,2,1,1
56,3,21,1,2285,50,0,24,2,1,1
66,6,17,1,3069,21,0,45,1,1,0
80,2,17,1,9383,31,0,21,1,1,1
63,7,19,1,6592,50,0,71,1,1,1
51,2,6,4,9216,71,17,44,1,1,0
43,1,16,1,7423,209,0,35,1,1,1
54,1,15,1,6366,94,17,35,1,1,0
40,1,17,5,7109,43,0,31,1,1,1
20,6,13,5,6929,24,0,30,1,6,0
63,1,18,1,5904,266,0,36,1,1,0
24,1,20,1,6898,81,0,40,1,1,0
64,1,23,3,8627,71,0,39,2,1,1
47,2,17,1,8390,24,4,44,1,1,1
41,5,23,1,1453,136,0,44,2,9,1
43,3,19,1,8305,9,3,51,1,1,1
32,1,22,1,703,18,0,59,1,1,1
20,1,21,1,879,40,14,44,2,1,0
41,1,17,1,1309,4,0,48,1,1,0
46,3,20,1,2675,12,0,32,1,1,1
38,5,16,5,6663,7,0,4,2,1,0
25,1,18,5,8318,29,17,15,2,1,0
27,1,13,3,8797,24,0,24,1,1,0
41,1,20,5,6821,39,0,28,1,1,1
36,1,18,1,9019,106,10,32,2,1,0
50,1,21,1,5323,310,0,19,2,1,0
56,1,19,3,552,98,0,59,1,1,1
67,3,22,4,2455,300,0,22,2,1,0
26,1,19,5,1553,117,17,31,1,1,0
21,1,16,5,9552,11,0,23,1,1,0
38,1,19,5,6801,63,0,65,1,9,1
19,1,12,5,4912,144,3,30,2,2,1
46,2,20,5,2870,1,5,22,1,2,0
35,6,20,1,1169,2,14,37,2,1,0
26,1,17,1,1365,12,0,57,1,1,0
46,1,21,1,4736,160,0,30,2,1,0
30,6,23,5,6276,217,17,48,1,1,0
67,4,15,1,6145,21,0,51,1,6,1
40,1,14,5,3202,175,0,50,1,1,0
42,2,9,1,8816,2,0,30,1,1,0
30,1,18,5,3629,7,0,24,1,1,0
43,1,22,1,2683,475,0,31,1,1,0
22,6,16,1,436,34,14,54,2,7,0
46,1,19,5,2148,3,0,73,2,1,1
23,2,15,1,5105,74,17,39,1,1,0
56,1,15,5,9556,83,16,37,2,1,0
61,1,13,1,2286,3,0,34,2,2,0
35,2,23,3,5267,107,0,43,2,1,1
28,1,20,1,2773,40,9,26,2,1,0
66,2,21,1,5793,168,0,25,1,1,0
67,3,14,1,7194,4,0,51,1,1,0
31,1,20,1,1174,1,0,33,1,1,0
37,1,21,1,1590,4,3,49,1,1,0
43,3,17,1,6918,2,11,29,1,1,0
30,4,17,1,4249,15,5,51,1,1,0
36,1,16,1,2508,110,0,40,1,1,0
62,2,17,1,1325,38,0,14,1,6,1
56,1,21,1,6361,237,0,19,2,3,0
84,1,18,1,4890,143,0,81,2,6,1
44,1,14,2,8680,75,0,31,1,1,0
36,1,23,1,5074,29,0,64,2,1,0
34,4,20,1,5669,269,0,54,2,1,1
43,1,17,1,6743,21,0,52,1,1,0
54,1,16,1,8721,5,17,49,1,1,0
54,1,23,1,7773,54,0,25,2,1,0
45,1,21,1,334,46,0,49,2,1,1
61,1,19,2,612,44,0,35,2,1,0
33,1,21,3,692,184,0,30,2,1,0
68,4,16,1,3053,10,0,39,2,1,0
24,1,19,1,8469,266,0,34,1,6,1
55,1,21,1,9465,15,0,48,1,1,0
36,1,18,1,3098,8,0,40,1,1,1
77,1,21,3,1506,96,0,50,2,1,1
27,4,20,1,3256,209,12,45,2,1,1
36,1,19,5,8406,48,11,45,1,8,0
56,3,15,1,1152,43,0,23,1,1,0
26,1,18,1,2588,9,0,9,1,1,0
30,1,21,5,6317,14,0,55,1,1,0
21,1,18,5,8426,197,3,20,1,2,0
58,5,20,1,8578,297,0,27,1,1,1
69,1,20,2,6524,80,0,42,1,1,0
30,1,13,3,5190,25,14,58,2,1,0
34,1,17,3,9489,141,16,14,1,6,0
20,1,20,5,7683,51,3,53,1,1,0
30,1,22,1,4004,19,0,56,1,1,1
79,2,18,1,3708,153,0,43,1,1,0
27,3,7,3,2508,55,3,37,2,1,0
29,1,16,5,7208,4,4,42,1,1,0
72,1,19,1,294,8,0,29,1,1,1
19,6,17,5,4462,26,17,41,1,1,0
35,1,17,5,8438,175,3,48,2,1,0
23,3,14,1,9255,173,16,25,2,1,0
81,4,18,1,5156,226,0,26,2,1,0
71,1,20,1,3754,72,0,53,1,1,0
48,3,21,1,1679,12,0,34,2,1,0
39,1,17,5,8290,10,1,28,2,1,0
51,6,19,1,187,51,0,55,2,1,0
25,1,17,1,4294,166,0,48,2,1,0
42,1,15,1,5611,43,0,48,2,1,0
28,1,16,5,1605,12,0,40,1,9,0
25,1,22,5,2655,24,0,44,2,1,1
28,1,17,5,436,65,2,40,2,1,1
37,1,5,1,8261,258,3,55,1,2,0
21,1,12,5,6114,286,14,47,1,6,0
52,2,19,1,4670,157,0,55,2,1,0
20,1,21,5,79,1,10,21,1,1,1
21,4,16,5,7775,2,1,32,2,1,0
40,1,21,5,3321,22,8,20,2,1,0
47,1,20,1,3772,69,0,50,2,1,1
26,1,19,3,585,34,2,27,1,6,0
28,1,23,1,115,162,0,38,2,1,0
25,1,20,5,1672,24,0,44,2,1,1
41,1,16,1,5953,17,0,50,1,1,0
49,1,14,3,8500,144,13,21,2,1,0
38,1,19,1,4001,17,0,33,2,9,1
44,2,21,1,5183,59,0,34,2,1,0
34,1,16,5,7373,185,0,55,2,2,0
63,1,19,4,5049,29,0,29,1,1,1
35,1,20,5,4885,2,16,24,2,1,0
25,6,18,5,1348,38,0,25,1,1,1
36,1,21,1,8942,426,4,42,1,8,1
37,6,17,1,2749,267,17,37,1,1,1
39,1,19,1,7752,123,0,26,2,9,0
49,2,19,1,716,479,0,16,1,8,0
45,1,23,5,1399,119,0,31,2,6,0
37,1,22,1,484,4,14,17,2,1,1
38,2,19,1,4321,55,0,49,2,1,0
31,1,20,1,550,115,0,68,1,6,1
64,1,19,1,8892,75,0,42,1,1,0
34,2,20,3,5338,99,0,10,1,8,0
24,1,18,5,406,70,0,28,2,2,1
21,3,19,5,306,26,13,14,1,1,0
36,1,16,3,2550,114,0,15,2,1,1
56,1,19,1,3295,158,0,37,1,1,0
39,1,17,1,2984,8,0,40,1,1,0
50,6,19,1,1909,25,0,36,2,1,0
18,1,16,5,6386,156,0,34,1,8,0
63,1,16,1,2114,360,0,52,1,1,1
65,4,20,1,1690,3,0,25,1,1,1
26,1,17,3,6351,163,0,20,2,6,0
30,1,13,5,3442,47,4,37,1,2,0
64,1,22,1,4139,10,0,38,1,2,1
65,7,23,1,4759,116,0,40,2,2,1
29,2,22,5,2045,17,9,26,1,1,0
66,2,22,1,711,38,0,27,2,1,0
43,6,20,1,2304,44,0,41,2,1,1
61,1,18,1,3827,71,0,37,1,1,1
66,2,22,1,4719,18,0,42,1,1,1
32,1,18,1,3769,80,14,56,2,2,0
41,1,22,1,1167,10,0,24,1,2,1
32,3,18,1,3561,353,12,54,2,6,0
28,3,18,1,3954,17,17,16,2,1,0
40,1,20,1,5051,260,0,14,2,1,0
49,1,23,5,21,23,0,25,2,1,1
65,6,22,1,6566,335,1,25,1,4,1
32,1,17,5,3422,1,0,50,1,1,1
35,3,20,1,6833,56,0,51,2,1,1
43,1,18,1,2323,146,0,42,2,1,0
53,6,18,1,8411,53,7,75,1,1,1
37,1,18,1,2767,1,0,42,2,1,0
19,1,19,5,5318,9,0,33,2,1,0
26,2,17,5,7028,65,12,31,2,2,0
50,1,18,1,5249,118,0,35,1,1,1
56,3,19,3,6865,1,0,61,2,8,0
57,1,14,1,3151,24,0,68,2,1,0
52,1,19,1,6346,96,0,55,1,1,0
51,4,21,1,628,3,0,51,1,6,1
44,5,21,1,2066,5,0,37,2,1,1
28,1,16,1,3160,3,17,38,1,1,0
53,1,12,1,7556,1,0,29,2,1,1
64,1,19,5,2225,86,0,27,2,2,0
60,6,16,1,218,2,8,41,2,1,0
34,1,22,1,5449,17,4,38,1,1,0
35,1,23,1,828,163,0,39,1,1,1
56,1,21,1,1095,20,0,28,2,1,0
22,1,20,1,1508,24,0,33,2,1,0
48,1,18,1,9108,76,0,39,2,8,0
55,1,20,1,1713,286,0,65,1,1,1
28,1,19,1,2154,42,0,62,1,1,1
34,1,17,5,7306,16,3,14,2,1,0
29,1,20,1,4811,34,0,48,1,1,1
32,1,10,1,8114,2,13,48,1,1,1
27,7,18,5,4807,5,16,32,1,1,1
39,6,18,1,4826,1,0,53,1,1,1
32,1,19,1,2018,289,0,37,1,1,0
28,7,12,3,7866,49,0,21,1,2,1
40,1,21,1,3641,1,0,48,2,1,0
49,1,16,5,8512,1,0,40,2,1,1
52,3,19,1,1792,115,0,61,1,1,1
32,1,18,5,5586,46,16,28,2,1,0
74,1,21,1,3709,135,0,65,1,2,1
83,1,20,1,2195,60,0,61,1,1,1
25,1,19,1,1031,129,0,42,2,1,0
58,1,16,1,2030,16,0,63,2,1,0
58,1,21,1,465,116,0,41,1,6,1
71,1,21,1,1708,2,0,33,1,1,1
40,1,21,1,4658,15,16,40,1,1,0
43,1,18,1,7259,262,0,45,1,2,0
51,1,15,1,1270,15,1,27,2,6,0
45,7,21,1,3460,28,0,29,2,1,0
42,2,13,5,4783,3,0,34,1,1,0
50,1,22,3,745,36,1,28,1,1,0
43,4,20,1,4374,58,0,38,1,1,0
23,1,13,5,7403,190,15,43,1,1,1
18,4,18,5,2470,268,0,25,1,1,1
31,1,19,1,4766,4,0,44,2,8,1
49,3,8,1,5879,115,0,23,2,1,0
33,1,20,1,2046,79,0,26,1,1,0
34,1,14,1,7458,198,0,44,1,1,0
33,1,17,3,5145,9,8,19,1,1,1
53,4,21,1,2151,188,0,33,2,1,0
61,1,22,1,405,91,0,35,2,1,1
79,1,21,1,2632,51,0,41,1,1,0
38,1,18,1,4378,13,0,46,2,1,0
54,1,15,1,7585,59,0,23,2,1,0
65,1,18,5,6903,282,0,43,1,1,0
21,1,17,5,8468,111,15,61,2,1,1
37,6,19,1,995,416,0,40,1,1,1
30,1,20,5,4812,4,0,32,2,1,1
87,1,22,1,4353,322,0,51,1,1,1
72,1,21,3,5396,36,2,40,1,1,0
60,1,18,1,5034,49,0,38,2,1,0
29,7,19,5,2904,5,0,33,1,1,0
63,1,16,1,5949,82,1,41,1,1,1
25,1,14,5,2118,58,0,60,2,1,0
64,1,15,1,1505,180,5,53,2,1,1
20,1,22,5,577,3,15,40,1,1,0
49,1,17,1,1788,133,0,34,2,1,0
41,6,21,5,2118,74,0,50,1,1,0
53,4,24,1,152,36,0,49,2,1,0
39,1,13,1,1001,2,0,49,1,1,0
39,1,24,1,4827,1,4,33,2,1,0
22,1,13,1,7659,2,16,50,2,6,0
52,6,23,1,442,32,0,29,2,1,0
78,7,21,1,110,159,0,24,2,1,0
49,1,20,1,3150,38,0,53,2,1,1
42,7,19,1,2771,466,2,51,2,2,0
33,1,11,1,9300,40,0,15,2,1,0
55,1,19,3,92,29,0,34,1,1,1
27,1,18,5,5643,5,0,41,2,1,0
20,1,21,5,5378,112,0,1,1,1,0
47,1,19,1,6274,94,0,38,1,1,0
37,1,20,4,3065,4,17,52,2,1,0
53,1,22,1,1726,1,0,35,2,1,0
47,5,22,1,961,40,0,23,2,1,0
25,1,16,1,4365,70,0,53,2,1,0
57,1,21,1,585,123,0,34,2,1,1
32,1,21,5,2157,42,0,33,2,1,0
66,1,18,1,6313,46,0,36,2,1,0
52,1,15,5,3135,1,4,29,2,1,1
32,1,17,5,6449,129,0,31,2,1,0
50,2,20,5,7044,101,0,53,2,9,1
34,1,2,5,5638,68,0,27,1,6,0
39,1,18,1,1913,7,0,34,2,1,0
74,2,22,1,444,201,3,58,1,2,1
37,1,12,1,9182,114,0,28,1,9,1
35,1,14,1,2737,50,16,31,2,2,0
52,1,14,1,8503,184,0,28,1,1,1
43,1,18,1,3039,10,0,28,1,1,1
59,2,24,5,64,34,0,49,1,1,1
51,3,19,1,782,62,0,34,2,1,0
35,1,21,1,3833,38,0,44,1,1,1
41,4,21,3,1754,44,11,35,1,1,0
54,1,20,3,901,27,0,2,2,6,1
41,1,17,1,388,2,0,49,1,1,0
20,1,14,5,8263,88,0,31,2,6,0
65,1,22,1,5482,11,15,71,1,1,1
30,1,17,1,3440,202,0,27,2,3,0
48,1,22,3,3038,44,0,48,1,1,0
58,4,22,3,2057,10,0,19,2,1,1
36,3,13,5,7360,7,0,37,1,1,0
47,4,21,3,3605,65,0,30,2,1,1
61,2,23,5,2616,6,0,54,1,1,1
57,6,23,1,308,2,0,42,2,1,1
21,3,18,5,7536,62,0,26,2,1,1
28,2,22,1,224,155,0,49,2,6,0
27,1,20,5,6740,76,0,36,1,1,0
46,1,18,1,6947,7,6,25,2,1,0
27,3,24,1,1664,54,0,46,2,2,0
47,1,16,1,8311,210,2,39,2,1,0
59,1,13,1,4748,75,0,54,1,1,0
34,3,22,5,2141,1,1,40,1,1,0
55,1,21,1,6547,61,1,34,2,9,1
44,1,10,5,5296,78,0,32,1,8,0
54,1,19,1,9401,117,0,30,1,1,0
58,7,22,5,3791,10,0,46,1,8,0
33,1,17,1,5447,104,0,43,2,1,1
19,1,19,5,8597,36,0,32,1,1,0
53,3,19,1,1562,5,0,36,2,1,0
37,1,15,3,9400,38,16,42,2,1,0
35,1,19,1,7930,110,0,48,1,8,1
29,1,18,1,6412,105,0,27,2,9,0
30,1,13,1,3825,27,1,25,2,1,0
51,2,19,3,7393,173,0,44,1,1,1
29,2,18,1,3970,275,0,41,2,6,0
85,4,22,2,1934,2,0,27,2,1,1
52,1,17,1,4930,4,0,29,1,2,0
51,1,19,5,7036,26,0,33,2,1,0
20,5,19,5,6246,161,0,35,2,1,0
25,1,17,5,6954,44,0,45,1,1,0
24,1,19,1,1490,1,4,41,1,2,0
35,1,20,1,9777,94,8,53,1,1,0
39,1,21,1,7347,29,0,32,1,1,1
69,3,20,1,690,104,0,28,2,1,1
25,6,18,5,877,1,0,24,2,1,1
37,1,23,3,1000,176,0,39,1,2,1
48,1,21,1,7599,205,0,55,1,9,1
39,1,14,5,9234,200,5,17,2,1,0
23,1,15,5,2951,112,3,39,2,1,0
49,1,15,1,583,33,0,53,1,1,0
62,1,18,1,8482,6,0,45,2,1,1
48,1,19,5,8099,57,0,24,2,1,0
30,4,17,1,7233,83,7,44,2,1,0
39,3,20,1,4135,14,8,29,1,1,0
30,1,17,1,5747,18,0,15,2,1,0
39,6,18,5,5219,1,0,66,2,1,0
37,1,19,3,1379,128,0,42,2,1,0
48,1,21,1,216,33,0,35,2,1,1
25,7,21,1,5044,32,0,22,2,1,0
24,1,22,1,6922,61,17,21,2,1,0
26,1,21,5,2325,139,1,30,2,1,0
63,7,23,1,1390,41,0,34,1,1,1
49,1,21,2,916,30,1,42,1,1,1
48,1,19,1,2743,3,0,19,1,1,1
41,7,16,1,2236,135,0,25,2,1,0
50,1,18,1,6612,12,1,25,2,1,1
52,1,17,5,5341,25,0,60,1,8,0
44,1,22,3,4392,123,0,35,1,1,1
72,6,23,1,786,95,0,49,2,1,1
25,1,20,1,4056,109,16,17,2,1,0
61,1,21,1,7556,36,0,23,1,1,0
20,1,12,5,8101,41,9,32,1,1,0
21,1,18,1,4355,219,0,37,1,1,0
25,1,12,3,7014,5,0,15,1,1,0
57,1,17,1,7607,218,0,34,2,1,0
22,1,16,1,8872,34,0,51,2,1,1
78,2,21,1,6725,9,0,37,1,2,0
52,1,13,1,9429,143,0,18,2,8,0
45,3,23,5,368,235,0,35,2,6,0
43,1,16,1,6460,107,7,28,2,1,1
52,4,24,3,5227,34,4,47,1,1,1
40,1,14,1,2988,49,0,31,1,1,0
47,1,16,1,8360,62,0,36,2,1,1
62,1,19,1,5086,396,0,46,2,2,1
59,1,20,1,7930,332,17,29,1,1,1
59,1,22,1,3640,317,0,30,1,1,1
18,1,12,5,8098,40,0,35,1,1,0
30,1,20,5,6856,31,17,19,2,1,1
38,1,19,1,7431,117,14,34,2,3,0
29,1,20,3,4782,66,0,26,2,2,0
65,2,20,1,9208,125,0,44,1,1,0
82,1,12,1,7006,22,0,42,1,1,0
51,1,19,1,7101,133,0,28,2,2,0
31,1,20,5,3867,2,0,28,1,1,0
32,1,23,1,370,120,0,42,2,1,1
62,1,21,1,6533,38,1,48,1,1,1
22,1,19,1,2124,42,0,37,2,1,0
30,1,12,5,2701,228,0,55,1,1,0
47,1,19,1,3852,23,0,43,2,1,0
24,1,19,5,7552,209,17,24,1,1,0
21,1,18,5,5496,2,17,29,1,1,0
35,1,20,1,5516,8,0,24,1,1,0
37,1,23,1,6907,154,0,40,1,1,1
75,1,20,2,1624,118,0,65,2,1,1
66,1,21,5,634,2,0,53,2,1,0
43,1,20,5,5082,172,0,41,2,1,1
60,1,19,1,1921,9,2,43,2,1,1
33,1,16,5,4333,42,0,41,2,3,1
30,6,20,5,3311,10,0,50,1,2,0
48,1,13,1,5208,46,0,33,2,1,0
41,7,22,5,1281,5,0,7,2,1,0
58,1,18,5,4155,42,0,56,2,1,0
27,1,21,5,4733,169,0,48,1,1,0
25,1,15,3,4155,16,4,38,2,1,0
40,2,19,1,3194,166,0,29,1,1,0
31,2,20,5,3662,36,0,41,1,2,0
62,6,22,1,4648,1,0,29,2,1,0
27,1,18,5,8291,87,0,46,1,1,1
29,3,23,5,1726,2,0,39,2,1,1
20,1,16,1,4896,12,2,52,2,1,0
35,1,22,3,2281,76,17,60,1,1,0
45,3,20,1,5254,8,0,45,1,1,0
32,6,17,1,9186,414,0,36,1,1,1
45,1,19,5,418,2,16,30,2,1,1
35,1,19,5,2767,88,16,36,2,6,1
36,4,20,1,7560,298,0,31,2,1,0
55,1,18,1,7313,190,16,37,1,6,0
62,4,21,1,730,554,0,52,2,1,1
42,1,23,1,3129,14,0,50,2,1,0
47,5,21,3,5586,7,0,56,1,2,1
49,1,17,1,8604,50,0,39,2,1,0
46,1,11,3,4708,109,0,32,1,1,0
60,1,21,1,4612,10,0,68,2,1,0
41,1,17,3,3527,199,0,48,2,1,0
23,1,18,5,4941,21,0,42,1,1,0
22,1,16,5,4360,52,0,25,2,1,0
23,1,21,5,1888,218,0,5,2,2,0
60,1,15,1,4304,60,17,45,2,1,0
81,6,21,1,7393,55,0,44,1,1,1
32,1,16,1,1656,150,1,42,1,1,1
53,7,19,1,652,211,0,25,1,1,0
70,3,23,1,550,38,0,49,1,1,1
43,1,19,1,478,30,0,34,1,1,0
37,1,21,1,1305,91,0,52,1,1,0
21,6,19,3,3006,5,17,7,2,2,0
55,1,24,1,1151,8,0,36,2,1,1
28,1,13,1,6031,275,6,45,1,1,1
33,6,20,1,6673,33,10,33,2,1,0
23,3,22,5,5793,157,17,41,2,1,1
26,1,16,1,3334,24,0,49,1,2,1
73,3,20,1,493,77,0,51,1,1,1
52,4,17,1,9500,115,11,22,1,6,1
59,7,22,1,9040,412,0,34,2,6,1
57,1,12,1,5492,22,0,35,1,1,0
33,4,16,5,2311,14,0,35,1,1,0
43,6,21,3,1974,107,0,37,1,1,0
22,7,17,5,1595,23,15,47,2,1,0
53,1,7,3,5930,324,0,42,1,1,1
45,1,15,1,5527,7,17,34,1,1,0
36,1,17,5,3882,70,0,31,2,1,0
52,1,19,1,7365,44,0,38,1,1,1
32,1,20,3,6167,52,0,20,2,6,0
81,1,18,2,763,185,0,36,1,1,0
22,2,22,5,2773,94,15,7,2,1,0
20,4,24,3,5593,214,0,83,1,6,0
41,8,22,1,1319,249,0,45,1,1,1
19,1,20,1,7224,58,1,42,2,1,0
39,6,19,1,953,10,0,37,1,9,0
23,1,20,5,5002,59,0,9,1,1,0
40,3,20,3,1958,5,0,46,1,1,1
34,1,17,1,3478,110,0,38,1,1,0
45,1,20,1,4872,69,0,47,1,1,0
35,1,19,1,5703,6,1,33,2,1,0
44,1,20,3,357,157,0,35,1,1,0
35,1,15,5,2594,39,1,29,2,1,1
45,1,18,5,511,1,7,44,1,1,0
43,1,19,1,3363,72,0,42,1,1,0
21,6,21,5,7997,155,0,38,1,2,0
46,1,22,1,4178,39,0,40,2,1,0
55,4,23,1,1721,164,0,30,2,1,1
49,7,21,2,873,174,2,54,1,1,0
65,1,14,1,6220,10,0,39,1,1,0
67,7,19,1,5207,328,17,23,1,2,0
31,6,21,3,4083,60,0,33,1,6,1
37,1,19,5,8555,123,0,23,2,1,0
39,1,20,5,6288,7,5,23,2,1,1
31,1,21,1,4728,74,0,19,2,1,1
38,1,17,5,4203,69,0,49,2,1,0
43,4,20,1,1414,90,0,42,2,1,0
32,1,19,5,3767,3,0,56,1,1,0
60,1,14,2,3268,32,0,78,2,1,1
37,1,10,5,6333,241,0,46,1,8,0
50,1,20,1,3388,137,0,41,1,1,1
30,7,21,5,3016,34,0,31,1,6,0
20,1,19,3,4850,21,17,55,2,1,0
23,6,21,1,5876,78,0,44,1,1,0
41,1,20,1,7747,2,0,27,1,1,0
37,3,19,1,901,1,0,40,2,1,0
29,1,19,5,4268,302,10,22,1,2,0
26,3,18,3,4076,32,7,42,2,6,0
42,2,11,3,7597,90,0,29,2,8,0
73,7,21,5,1868,132,0,45,2,2,0
68,1,17,1,9484,4,0,39,2,1,0
51,1,23,5,7718,3,0,53,1,1,0
46,4,22,1,8250,62,2,22,1,1,0
31,2,16,1,3478,24,8,63,1,6,1
43,1,23,5,984,139,0,39,1,1,1
48,2,22,1,795,29,0,41,1,1,1
54,1,20,1,4881,13,0,22,2,1,0
28,1,19,5,7383,17,0,42,1,1,0
33,1,20,1,2427,93,0,32,1,1,1
23,5,20,5,2256,77,0,42,1,2,1
38,4,19,1,3336,115,0,38,1,6,1
52,3,21,1,609,117,0,34,1,6,1
18,1,10,5,4221,383,16,38,1,8,0
42,1,21,5,1248,21,0,29,2,1,1
47,1,14,1,1608,78,0,26,2,1,0
22,1,19,5,541,63,0,48,2,1,0
40,1,21,5,9599,43,0,47,1,1,0
42,1,14,5,190,17,0,16,2,1,0
57,1,21,1,4963,2,0,12,2,1,0
55,3,22,3,551,98,0,44,1,1,1
61,1,21,1,4131,17,0,31,2,1,0
59,1,22,1,361,12,0,63,2,2,0
56,1,15,1,7973,16,0,21,2,1,0
57,2,14,1,8657,222,0,40,1,1,1
46,1,18,1,4028,4,0,9,1,3,0
19,1,12,5,5986,3,0,25,2,1,0
77,1,17,1,6631,220,0,53,2,1,0
57,1,20,1,2612,44,0,33,1,1,1
45,1,17,1,4359,102,0,34,2,2,0
38,4,20,3,13,195,0,48,2,1,1
28,1,14,3,5518,108,1,51,1,1,0
33,1,16,1,8401,2,14,46,1,1,0
35,1,17,1,5190,102,7,45,1,1,0
36,1,18,1,2131,105,0,46,1,1,0
24,1,21,1,2890,9,15,58,1,1,0
38,3,19,5,5539,33,0,63,1,2,0
27,1,16,5,5979,85,0,36,2,1,0
37,1,20,1,2162,77,0,22,1,1,0
45,1,22,5,5586,3,0,62,1,1,1
54,7,23,1,941,11,0,53,1,2,1
50,7,22,1,2694,64,0,42,1,1,1
23,1,13,1,1792,281,0,32,2,1,0
21,1,15,5,7087,49,17,25,2,2,0
47,5,16,5,613,60,0,36,2,1,0
52,1,21,1,3670,46,0,45,1,1,0
57,6,15,1,968,6,0,36,1,1,0
39,7,18,1,4132,20,1,32,2,1,0
47,1,19,5,2495,1,0,35,1,1,0
33,1,18,5,6257,6,0,32,1,1,0
55,1,16,1,8369,80,0,31,1,1,0
22,4,23,5,6693,62,0,30,2,1,1
61,3,20,5,1557,63,0,55,1,1,0
45,3,20,1,8328,7,9,65,1,1,1
33,1,19,1,3111,71,0,29,1,1,1
63,8,23,1,630,7,0,24,2,2,0
49,1,19,5,7291,54,0,37,2,8,0
61,1,20,3,1697,18,0,30,2,9,0
69,1,23,2,613,4,0,33,2,1,1
42,1,20,2,1142,286,0,41,2,1,0
55,1,13,1,5170,151,3,40,1,6,0
55,1,16,5,4788,140,15,27,2,1,1
30,6,17,5,3021,100,0,29,1,1,0
68,7,19,2,2191,26,0,55,2,1,1
34,1,18,1,2359,124,1,10,2,1,0
23,2,19,1,1011,2,3,32,1,1,0
45,1,17,1,2064,220,0,37,1,8,1
21,3,19,1,5720,11,0,34,2,1,1
21,1,12,5,8700,16,0,33,2,8,0
40,2,19,1,7365,6,0,58,2,1,0
68,1,23,5,2028,38,0,36,2,1,0
44,1,18,1,2363,101,0,52,1,1,1
49,1,20,5,327,291,0,34,2,2,0
77,1,18,5,2413,60,0,24,2,2,0
27,6,20,1,3336,16,0,32,2,1,0
26,2,13,5,8920,29,0,20,1,2,0
76,1,17,1,7366,191,0,26,2,1,0
27,4,17,5,2873,55,0,15,1,1,1
45,6,18,3,2297,21,0,49,1,1,0
31,3,22,5,585,13,0,34,2,1,0
25,7,20,1,8344,35,6,39,1,8,0
45,3,22,1,34,43,0,44,2,1,1
28,1,18,3,4380,37,0,36,2,1,1
49,1,20,5,2228,88,0,31,2,1,0
55,1,20,5,3613,1,0,45,2,1,0
41,1,19,5,7114,29,0,36,2,2,1
37,1,20,5,2209,22,0,51,1,1,1
52,3,13,1,9291,2,0,39,2,2,1
20,1,12,5,5783,29,5,45,2,2,0
20,1,21,5,4334,96,0,23,1,1,0
47,1,21,1,108,9,0,22,1,1,1
39,3,18,5,1034,113,4,13,2,1,0
37,1,17,1,2916,46,0,39,1,8,0
40,1,20,3,599,69,0,52,1,1,0
52,1,21,1,310,71,0,56,1,1,1
54,1,20,1,7469,135,0,46,2,1,0
32,1,16,1,7535,20,0,35,2,1,0
38,1,19,5,5543,5,0,10,2,1,1
66,1,11,1,8535,121,0,55,2,1,0
36,1,17,1,4740,87,0,57,1,1,1
30,1,17,1,4523,111,0,43,2,1,0
50,1,22,4,299,56,13,58,2,1,1
85,1,20,3,890,103,0,63,1,1,1
38,1,19,1,2404,1,6,30,1,1,1
49,1,16,1,4645,138,0,48,2,1,0
39,1,19,1,5354,1,0,38,1,1,0
84,1,21,1,7806,35,0,38,1,1,1
29,3,20,5,1175,26,5,37,1,1,0
34,1,18,5,5376,326,17,68,1,8,1
28,1,17,5,1087,1,0,45,1,8,0
32,1,14,3,7544,16,1,22,2,3,0
19,1,20,5,1916,9,0,41,1,1,0
23,1,19,5,6077,1,0,41,2,1,0
26,6,18,5,5053,15,16,62,1,2,0
69,3,19,1,4682,26,0,61,1,1,1
38,1,19,5,791,5,0,49,1,1,0
27,1,21,5,1907,280,17,32,1,1,1
31,5,20,3,2489,10,0,27,2,1,0
19,1,12,5,3930,185,1,23,2,1,0
38,1,14,5,3873,134,1,42,1,1,1
68,1,19,1,4710,128,0,64,2,1,1
44,7,16,1,4023,94,0,34,2,1,1
55,2,15,1,4578,180,0,49,1,8,0
41,1,14,1,2062,4,0,13,2,1,0
43,2,20,1,2542,35,6,32,2,1,0
39,6,16,1,9442,35,1,47,1,1,0
74,1,18,2,3082,133,0,42,1,1,0
23,3,20,1,704,16,0,54,1,2,0
56,1,21,2,5005,96,0,62,2,1,1
42,1,17,5,4481,107,0,30,1,1,0
63,3,19,1,4816,11,0,29,2,1,0
49,2,20,1,2433,7,0,40,1,1,0
38,1,18,5,5240,32,0,29,2,1,1
43,1,15,1,3280,2,0,31,2,1,0
70,1,14,1,8930,59,0,27,2,1,1
61,6,21,1,844,19,0,40,2,1,0
59,1,19,1,7366,56,0,60,2,1,1
33,7,16,1,6910,94,17,42,1,6,0
26,1,20,5,3922,53,1,37,1,1,0
22,4,15,5,9186,5,0,25,2,2,0
24,3,15,1,8494,156,0,35,1,2,0
34,1,17,1,5297,52,0,59,1,1,0
54,1,21,5,4974,98,0,45,1,1,1
70,1,15,1,2267,17,0,41,2,6,1
54,1,18,1,111,2,0,76,1,1,0
32,1,20,5,3577,111,0,52,1,1,0
23,1,18,5,2986,34,0,24,1,1,0
62,1,17,1,1324,193,0,18,2,6,0
27,1,12,5,9365,88,0,28,1,1,0
40,4,16,5,6629,132,13,35,1,1,0
46,6,21,3,3293,1,0,24,2,1,0
36,1,17,5,4673,74,4,46,1,1,1
39,1,20,1,7545,182,0,46,2,6,0
57,6,19,1,8600,13,0,44,2,1,0
41,7,12,1,1416,14,0,51,2,1,1
51,1,19,1,7382,13,16,37,1,8,0
23,1,20,1,1016,11,1,24,2,1,0
28,1,15,5,5869,6,0,29,2,8,0
25,8,21,3,6818,13,0,55,2,1,1
31,1,20,1,4928,40,0,35,1,1,1
37,7,22,1,651,8,0,34,1,1,1
25,1,22,5,197,417,0,31,1,1,0
33,1,11,2,157,222,0,72,2,1,0
74,1,14,1,5531,38,0,58,2,1,0
27,1,20,1,7021,86,0,48,2,1,0
50,1,19,1,4944,240,14,28,2,1,0
55,1,21,1,6205,12,0,37,1,1,0
33,1,19,5,785,1,0,54,2,1,1
22,1,15,5,3035,39,3,52,1,1,1
38,1,18,1,4569,175,0,68,1,1,0
30,1,20,1,1489,2,0,35,1,1,0
28,1,18,1,5857,116,11,39,1,1,1
34,1,12,3,6282,35,0,39,2,1,0
88,7,20,2,598,23,0,18,2,2,1
32,1,19,5,3208,27,3,31,1,9,0
53,1,13,1,7858,429,2,45,1,8,0
37,1,20,1,2122,23,0,44,2,2,1
39,2,21,1,6022,20,0,51,2,1,0
28,1,16,5,1777,66,0,17,2,2,0
39,2,16,5,2845,4,0,38,1,1,0
49,3,17,1,9054,119,0,54,1,2,0
68,2,22,5,2055,13,0,42,2,1,1
29,5,21,1,6123,2,0,23,1,1,1
77,6,20,1,7087,10,0,52,2,1,1
20,1,16,1,8168,49,9,19,2,1,0
35,1,17,1,5535,45,7,22,2,1,0
23,1,18,5,3559,143,8,17,2,1,0
73,1,18,1,4429,89,0,26,2,1,0
23,2,22,1,1418,75,16,24,1,8,0
45,2,21,1,831,1,0,50,1,1,0
37,3,17,1,3496,137,0,25,1,1,0
24,4,19,5,7555,22,1,48,1,1,0
19,1,17,5,4653,25,0,26,1,1,1
29,1,19,5,3322,2,12,36,2,1,0
61,1,20,1,2522,295,0,37,1,2,0
36,1,15,1,6002,358,0,32,1,2,1
24,1,21,5,547,80,0,42,1,1,1
66,2,23,1,3879,15,17,36,1,1,0
18,1,18,5,7565,149,0,34,2,1,0
40,1,19,1,4704,5,0,48,2,1,0
24,1,19,1,6288,26,2,43,2,1,0
55,1,21,1,6961,137,0,51,2,6,1
61,3,21,1,5511,36,2,57,2,1,1
30,1,9,1,3826,59,0,36,1,1,0
47,1,20,5,5595,174,1,23,2,1,0
27,1,19,1,47,103,0,48,1,6,1
21,1,18,5,4390,112,10,1,2,2,0
35,3,20,5,1523,55,0,11,1,1,0
35,1,12,1,7500,17,0,20,2,1,0
43,1,19,1,2395,46,0,28,2,1,0
26,6,17,5,4437,32,0,37,1,1,0
29,1,18,5,3558,11,0,39,2,8,0
42,1,23,1,1745,6,0,44,2,1,1
20,1,21,5,2230,2,0,42,1,1,1
33,1,20,1,6137,7,1,51,1,1,0
26,1,16,5,4571,53,10,37,1,1,0
63,5,12,2,3433,175,0,54,2,1,0
35,4,10,3,6568,3,1,25,2,1,0
45,6,21,4,5810,3,0,44,1,1,0
38,1,21,1,1176,34,0,54,1,1,0
63,1,23,1,2336,48,0,17,2,1,1
61,1,17,1,9367,144,0,35,1,1,0
34,4,21,1,757,3,0,31,2,1,0
29,1,15,5,9222,24,0,37,2,1,0
43,1,21,5,3202,18,0,25,1,1,0
29,1,20,1,515,13,16,37,1,1,0
39,1,17,3,1894,215,1,18,2,2,0
61,1,17,3,2436,44,0,30,2,1,0
51,1,20,5,2852,29,0,71,1,9,1
38,1,17,5,3521,1,5,33,2,1,0
39,3,22,5,3619,2,0,29,2,1,1
64,1,19,1,4927,103,0,35,1,1,1
31,1,16,5,6163,3,0,25,1,1,0
49,1,13,1,2720,150,0,40,2,1,0
28,1,18,5,1242,115,0,49,1,1,1
80,1,22,3,6456,121,0,39,1,1,1
31,6,20,1,3820,38,0,46,2,1,1
22,1,15,3,4348,6,0,12,2,1,0
41,1,18,1,5200,166,3,32,2,1,1
48,1,24,1,273,94,0,24,1,1,0
61,1,16,1,4513,138,0,23,1,1,0
39,2,18,1,1581,155,0,31,2,1,0
23,1,20,5,4729,25,0,42,2,1,0
29,1,18,5,4679,47,3,40,2,2,1
40,6,21,5,2525,554,0,31,1,1,0
45,7,16,1,2540,27,2,49,1,1,0
54,1,20,3,3531,140,0,31,2,6,1
25,1,21,5,5286,14,12,46,1,1,1
35,1,14,5,5999,14,0,33,1,1,0
20,1,17,5,7589,79,0,34,2,1,0
44,1,16,4,7013,80,0,33,2,1,0
31,3,21,5,1129,1,0,26,2,1,1
34,1,9,1,8624,2,1,51,2,1,0
31,1,7,5,5626,38,0,23,2,1,0
50,1,17,3,4008,49,0,24,2,1,0
72,1,16,1,5750,244,12,52,1,2,1
51,1,11,1,2300,38,0,43,2,1,0
87,6,18,1,7824,19,0,39,2,1,0
26,1,14,1,5234,99,0,31,2,2,0
53,1,21,1,543,103,0,35,2,1,1
47,1,20,1,6965,209,0,53,2,1,1
22,1,4,5,8634,71,0,45,1,1,0
64,1,17,1,50,118,0,37,1,1,1
42,1,19,5,6708,136,0,15,2,1,0
44,1,20,3,2466,3,0,19,2,1,0
76,7,19,1,4841,174,0,41,2,1,1
44,1,18,1,3582,96,0,42,2,1,0
65,1,21,1,693,34,0,26,1,1,1
40,1,19,3,2920,40,0,51,2,9,0
34,1,15,3,8863,156,0,30,1,2,0
39,1,19,4,842,4,0,32,2,1,1
47,1,16,1,7192,159,0,46,2,1,0
31,1,15,5,4718,61,0,28,2,1,0
46,1,14,1,1952,1,0,35,1,1,0
31,3,23,5,1382,15,0,32,1,1,1
51,1,16,1,7477,4,0,49,1,1,0
52,6,20,2,594,15,2,38,2,1,0
67,1,21,1,4113,149,0,50,1,1,0
43,1,22,1,1938,26,0,37,2,1,1
61,1,21,1,4219,5,0,26,2,1,1
63,1,22,1,5673,32,0,45,2,1,0
46,1,15,5,9267,12,0,27,2,6,0
53,1,18,1,2876,257,5,28,2,1,0
31,1,19,1,1213,90,6,30,2,1,1
50,3,18,1,6759,48,0,30,1,1,1
36,1,20,1,3713,2,1,56,2,1,1
34,1,18,1,9118,123,0,55,1,1,0
67,1,22,1,2524,21,2,6,2,1,0
55,1,14,1,9215,139,0,41,1,1,0
34,1,16,1,9592,60,0,29,1,1,0
33,1,13,1,3372,1,0,20,2,1,0
47,2,22,5,2388,81,0,31,1,6,0
32,4,21,5,821,2,14,34,2,1,0
65,7,20,1,2524,47,0,20,1,1,0
46,1,15,1,4658,120,0,52,1,9,0
68,7,18,4,3844,14,0,38,1,1,0
43,1,22,1,2287,38,0,44,1,1,1
20,1,19,5,2922,267,17,11,2,1,1
46,1,18,5,734,205,2,22,1,1,0
43,1,18,1,1777,37,0,25,1,1,0
29,6,17,5,751,27,1,39,2,1,0
30,3,18,1,3498,69,0,33,1,2,0
25,2,17,1,4845,28,0,55,1,1,0
32,1,21,1,3975,291,0,63,1,8,0
53,1,16,1,1167,2,0,39,1,1,0
46,1,20,1,2147,23,0,38,1,1,0
22,2,18,5,8766,2,13,31,2,1,0
36,1,18,1,3021,56,1,19,2,2,0
51,3,20,1,6874,29,0,30,2,9,0
17,1,15,5,1837,139,16,36,2,1,0
73,1,17,1,7664,3,6,50,1,1,0
33,1,19,1,791,142,3,25,1,8,0
30,1,21,5,1164,366,1,39,2,8,0
27,1,19,1,2822,21,0,39,1,1,0
36,1,20,5,1541,23,16,27,2,1,1
19,1,14,5,4031,314,0,44,1,1,1
23,1,14,1,5696,58,0,5,2,5,0
34,1,16,1,5504,20,0,26,2,1,0
58,2,21,1,63,28,0,68,2,1,1
24,1,22,5,4578,32,0,34,2,1,0
43,1,17,1,6247,4,0,26,1,1,0
63,1,13,1,5600,92,1,15,1,1,0
40,1,22,5,5617,145,0,41,1,1,1
36,1,14,1,1810,35,1,39,1,1,0
77,5,10,4,253,15,0,38,1,1,0
77,1,22,1,282,42,0,36,2,1,1
65,1,22,1,480,8,0,30,2,1,1
59,1,21,5,7999,56,0,40,2,2,0
38,1,18,1,7052,185,0,59,1,2,1
27,1,17,1,9203,28,0,61,1,1,0
36,6,21,5,5950,4,0,50,1,1,0
43,1,17,1,8129,11,0,43,1,1,0
62,1,19,4,5370,5,0,39,1,1,0
56,1,20,1,561,95,0,29,2,1,0
25,5,6,5,7477,19,2,12,2,1,0
26,1,17,5,7210,40,12,53,1,9,0
22,6,19,1,8243,15,1,37,2,6,0
61,1,14,3,8884,21,0,23,1,1,0
49,1,14,5,6575,27,12,45,1,1,0
47,1,20,1,1642,234,0,51,1,2,1
64,1,19,1,819,15,0,43,2,1,1
44,1,18,1,1004,360,0,29,1,2,1
37,1,16,5,6472,388,0,19,1,1,0
57,1,22,1,1529,13,0,21,1,1,0
62,6,22,1,315,42,0,50,2,1,1
35,1,21,1,2772,7,13,42,1,1,0
25,1,17,3,5448,105,14,3,2,1,0
65,5,22,1,2907,316,0,43,1,8,0
46,1,19,1,2598,137,0,40,1,1,0
32,1,15,1,5556,84,0,19,2,1,0
60,1,16,3,9093,14,0,57,2,1,0
35,2,16,1,856,12,0,33,2,1,1
33,2,11,1,7081,308,17,36,1,1,0
74,5,20,1,6061,234,0,39,2,1,1
30,5,22,1,4621,13,0,40,1,1,0
36,1,21,3,8005,48,0,38,2,1,1
38,3,18,5,8005,27,1,12,2,6,1
22,1,22,5,7366,22,1,35,2,1,0
18,1,16,5,4778,30,0,32,2,8,0
56,2,13,1,3226,53,0,31,2,8,0
66,1,10,1,8664,83,0,42,2,8,0
32,1,10,1,5524,203,1,22,1,1,0
43,1,15,4,5291,15,0,34,1,1,0
48,1,15,1,7777,116,8,33,2,2,1
55,1,19,1,2903,5,0,64,2,1,1
42,7,21,1,1723,63,0,29,2,1,0
29,1,15,3,211,478,17,40,1,1,0
51,6,21,3,8157,36,0,52,2,6,0
25,2,11,5,6027,360,0,16,1,1,0
37,3,19,3,7327,46,17,33,1,1,0
19,6,23,5,292,153,0,45,2,1,1
46,1,20,2,2878,143,0,14,2,1,0
35,1,23,5,1870,34,0,50,1,1,0
18,6,20,5,1307,20,0,25,2,2,0
40,7,19,1,2957,81,0,38,2,5,0
81,1,19,1,3338,56,0,37,2,1,1
48,1,22,1,1695,194,0,31,1,8,0
71,3,21,1,3947,33,0,40,2,1,0
59,1,20,1,6061,28,0,24,1,1,1
63,1,17,1,6187,106,0,37,1,1,1
52,1,19,1,7259,26,2,60,1,1,0
49,1,19,1,1442,79,0,50,1,1,1
41,1,23,1,2312,44,0,35,2,1,0
26,4,20,5,515,17,12,9,1,6,0
32,1,17,1,7926,90,0,2,1,1,0
27,4,20,5,7279,103,7,41,2,9,0
41,1,19,5,2502,15,0,29,2,8,0
33,3,19,1,894,267,0,41,1,6,1
36,1,20,1,3760,186,0,43,1,1,0
57,1,15,3,9604,17,0,22,1,1,1
53,3,23,5,576,554,0,47,1,1,0
44,6,21,1,2030,247,0,19,2,1,0
31,1,19,5,1333,3,0,38,2,1,1
21,1,17,5,2792,1,0,55,2,1,1
51,1,20,1,659,24,0,36,1,1,0
28,1,15,1,5633,2,0,53,2,1,1
72,3,18,1,9423,86,0,33,1,1,0
54,6,20,1,3409,20,0,34,2,2,0
31,1,20,3,4377,64,7,39,1,8,0
74,1,21,4,2184,3,0,33,2,1,1
35,1,13,5,4698,19,0,38,1,9,1
38,1,23,5,261,18,0,40,1,1,1
66,3,18,1,6790,79,0,31,1,1,1
64,1,18,2,1115,150,0,30,2,1,1
41,1,21,1,1808,63,1,42,2,1,1
54,7,22,1,7572,79,0,33,2,1,0
26,1,20,5,662,4,0,38,1,1,0
25,1,21,5,3015,120,0,46,2,1,1
19,1,19,5,5951,28,0,34,2,6,1
58,1,19,1,1098,45,0,21,2,1,0
85,2,19,1,2483,59,0,33,2,1,1
33,1,20,5,2793,222,0,52,1,9,0
55,1,18,2,2513,18,0,50,2,6,0
53,1,23,3,102,303,2,56,1,6,1
45,1,14,1,7327,21,7,17,2,1,0
67,2,11,1,4387,2,0,57,1,1,0
31,1,12,5,4657,72,0,28,1,2,0
34,1,12,1,282,23,0,34,2,1,1
42,1,18,1,8955,185,0,43,2,6,0
48,2,20,5,294,94,1,32,1,3,0
42,1,21,1,5330,1,0,43,2,1,0
37,1,18,5,1741,5,16,63,2,1,0
31,1,22,5,5450,28,0,30,2,1,1
62,4,21,2,34,2,1,37,2,1,1
37,1,19,1,1167,85,10,28,1,1,0
29,1,21,5,4854,1,0,43,1,1,1
36,1,13,3,1858,31,0,53,2,1,0
43,1,12,5,9830,44,0,60,2,1,0
21,1,18,5,4693,2,0,24,2,6,0
62,2,18,5,8538,65,0,30,2,1,0
63,3,21,1,2974,71,0,30,2,2,0
40,1,18,1,4683,152,0,52,2,1,0
18,1,19,3,1781,41,14,7,2,1,0
46,1,20,1,5923,63,0,44,1,1,0
50,3,16,2,6569,181,0,22,1,1,0
22,1,19,5,2897,59,3,54,1,1,0
55,3,15,1,7825,4,0,47,1,1,1
49,2,21,3,4374,4,0,29,1,1,0
44,1,13,1,6635,11,0,51,1,1,1
42,1,20,3,5381,69,0,60,1,7,0
40,1,19,1,353,384,0,61,1,8,0
20,2,22,1,55,3,0,61,1,1,0
19,1,17,3,7024,179,4,44,1,2,0
71,3,23,1,6903,57,0,43,2,6,1
63,1,20,1,3064,21,0,38,1,1,1
35,7,21,5,4492,5,0,51,1,2,0
34,1,20,1,4841,153,0,19,1,1,0
34,1,19,5,404,26,12,65,1,2,0
30,7,20,1,7868,124,0,33,1,2,0
25,2,22,5,9460,9,9,26,1,1,0
41,1,15,5,2516,1,0,46,2,1,0
26,1,21,5,271,30,0,36,1,3,1
19,1,12,5,4074,32,0,48,1,1,0
60,1,22,4,1645,121,0,31,1,1,1
41,1,19,3,771,39,0,48,1,1,1
30,1,20,5,8094,79,15,47,2,1,1
59,1,15,1,2972,76,0,33,1,1,0
49,3,23,1,149,72,0,49,2,1,1
39,2,19,1,5448,137,0,37,1,1,0
25,1,12,1,7596,37,0,26,2,1,0
58,6,19,1,615,121,0,41,1,1,0
38,2,22,5,4918,97,0,46,1,1,1
47,1,19,5,5847,52,0,19,1,1,0
54,4,16,4,9229,132,5,42,2,1,0
50,1,20,1,1669,20,0,39,2,1,0
43,1,17,5,458,72,16,50,1,1,0
42,1,17,1,3725,83,0,29,2,1,0
40,1,19,5,2002,339,0,55,1,8,0
33,1,21,5,4979,88,0,47,1,1,0
39,1,21,1,8418,8,0,41,1,1,1
54,1,23,1,1116,43,0,61,1,2,1
65,6,22,1,6459,68,0,16,1,1,0
48,1,20,1,6178,132,0,46,2,1,0
59,1,18,5,4432,104,0,30,1,1,1
41,1,20,1,3217,33,0,48,2,1,1
39,1,15,3,6247,47,0,13,1,1,0
52,1,19,1,3950,73,0,23,1,1,0
25,2,12,5,2886,131,1,18,1,2,1
67,1,22,1,5950,140,3,59,1,1,1
71,7,16,4,3390,40,0,32,1,1,0
32,1,16,1,9158,29,0,31,1,2,0
64,1,21,4,7297,52,0,36,2,1,0
22,1,17,1,513,159,11,24,2,8,0
71,1,15,1,9744,18,0,53,1,1,1
22,4,20,3,5121,35,0,23,2,1,0
48,3,19,5,822,110,0,16,2,1,1
44,6,16,5,6178,147,0,30,1,1,0
47,1,23,4,70,33,0,38,2,1,1
28,4,23,3,3668,170,0,57,2,1,0
22,1,21,5,1391,76,2,64,1,1,1
50,3,17,1,958,102,0,43,1,6,1
45,1,19,3,3904,5,0,41,1,8,0
32,1,17,5,9069,19,0,38,2,1,0
30,1,18,3,3426,127,0,24,2,1,0
19,1,17,3,3741,51,0,71,1,1,1
49,2,19,1,623,295,6,37,2,1,0
39,1,19,1,736,56,0,50,1,1,0
41,1,19,1,2582,195,17,4,1,1,0
23,1,23,5,1751,43,0,49,1,1,0
75,2,20,1,51,90,0,30,1,1,1
24,1,20,5,5072,18,0,45,1,1,1
30,1,17,5,4404,6,0,47,2,1,0
47,4,22,1,137,9,0,39,1,1,1
38,1,16,1,5838,84,0,30,1,8,1
28,1,21,5,4753,114,0,20,1,1,0
37,1,15,1,5060,49,0,47,2,1,1
70,1,16,1,2862,54,0,54,1,2,1
36,6,22,1,3032,25,0,35,2,1,1
37,5,18,1,144,16,0,53,2,2,1
59,1,12,5,9153,107,0,32,2,1,0
38,1,15,3,5414,517,0,32,1,1,0
31,1,21,1,5505,28,11,61,1,1,1
27,1,16,1,3086,25,0,50,1,1,1
43,7,23,3,1891,21,0,43,2,1,1
72,1,16,1,2268,131,0,29,2,1,0
51,1,19,1,6498,158,2,44,2,1,1
35,6,16,3,3012,20,2,21,1,9,0
45,1,10,5,8869,72,0,40,2,1,0
22,3,22,5,355,21,2,32,1,1,1
21,6,22,1,2444,219,4,30,1,2,1
40,1,17,1,5200,71,3,61,1,1,0
46,1,18,1,6271,147,4,31,1,1,0
45,1,11,1,3234,38,1,58,1,1,0
25,2,16,5,4969,49,7,12,1,2,0
60,1,21,1,5142,57,0,52,2,1,1
22,1,18,5,894,17,0,26,1,1,0
23,1,12,5,7526,12,17,36,2,1,0
51,1,18,3,2701,263,0,33,2,1,1
21,1,21,3,7698,129,0,42,2,1,0
35,8,16,3,7444,81,13,25,2,6,0
60,1,20,5,1253,45,0,24,1,1,0
48,1,11,1,7707,35,10,40,1,1,1
24,1,20,1,318,65,0,52,2,1,1
23,1,21,5,1214,18,0,34,1,1,1
39,1,18,1,4266,152,0,34,1,2,0
59,1,20,1,7783,8,0,44,1,1,1
55,3,21,1,5054,42,15,19,1,2,0
54,7,14,1,5711,54,0,63,1,9,0
40,1,21,1,3537,235,11,22,2,8,0
31,1,15,1,5216,21,1,15,2,1,0
27,1,20,5,5026,10,4,33,1,1,0
43,1,12,5,3144,3,0,46,1,1,0
57,2,15,2,6087,27,0,18,1,1,0
51,6,19,5,6280,83,0,70,1,1,0
34,2,21,1,935,25,0,35,1,1,1
35,7,17,5,2200,148,5,51,1,1,1
48,7,21,1,2146,176,0,38,1,1,1
25,1,19,5,6484,31,0,50,1,6,0
52,4,20,3,913,1,0,60,2,1,1
44,7,18,4,9353,76,0,35,2,1,0
51,1,15,1,2670,27,8,65,1,1,1
60,2,17,1,6266,54,0,28,1,2,0
19,1,16,1,5993,4,13,29,1,1,1
26,2,21,5,3754,191,0,9,1,3,0
31,1,20,3,1169,9,1,23,2,2,1
64,2,18,1,1195,94,0,56,2,1,1
27,1,22,1,7720,32,0,52,2,1,0
67,7,20,1,5322,156,2,15,1,8,0
53,1,23,1,8392,12,0,67,1,1,0
24,3,20,5,6688,6,17,23,1,1,0
49,3,19,1,2180,7,0,49,1,1,1
60,1,13,5,8519,119,0,35,2,1,0
78,4,19,1,4567,3,0,39,1,1,0
18,3,18,5,7461,7,17,23,2,6,0
47,1,16,5,7084,189,8,55,1,1,1
29,3,22,5,657,4,2,41,1,1,1
20,1,17,5,586,40,0,47,2,2,0
22,1,18,1,2045,22,1,25,1,1,0
44,7,19,4,5728,9,7,34,1,1,1
78,4,21,1,1236,85,0,48,1,1,1
50,1,14,5,4519,115,0,27,2,1,0
23,6,16,5,839,9,0,48,2,1,1
49,3,22,1,984,25,9,21,1,1,0
43,1,18,5,2233,22,0,74,1,1,1
60,4,19,1,9830,12,0,45,1,1,0
28,2,16,1,5937,46,1,23,1,1,0
47,4,20,4,710,32,0,39,2,6,1
38,1,22,1,2226,12,5,40,1,8,1
54,1,22,1,1949,9,0,32,2,8,0
66,1,19,1,2728,34,0,39,2,1,1
62,1,12,1,7622,80,16,46,1,1,0
39,1,20,5,355,18,0,6,2,1,0
51,6,11,1,3942,11,0,16,2,1,1
77,1,17,5,8179,119,0,57,2,1,0
42,1,17,1,735,133,0,50,1,1,0
29,1,21,5,5924,33,1,50,1,8,1
49,1,24,1,23,25,0,44,1,1,0
46,1,22,5,3307,1,0,71,2,6,0
38,1,22,1,4031,190,1,24,2,4,0
27,2,22,5,3386,65,0,32,2,1,0
76,1,20,4,1988,206,0,53,1,2,1
78,3,16,1,6600,299,0,25,2,1,0
50,1,23,1,128,122,5,35,2,1,1
23,6,14,1,5925,58,17,24,2,1,0
51,1,22,1,3558,17,0,47,1,1,1
43,7,19,1,7717,25,0,36,1,1,0
53,1,15,5,3222,30,0,41,2,1,0
55,1,18,1,2219,54,0,52,2,1,0
45,1,10,1,4162,256,0,35,2,1,0
44,1,23,3,142,2,0,49,1,1,1
67,1,16,1,4193,124,0,31,2,1,0
35,1,22,3,4531,26,0,2,2,9,0
34,1,18,1,5690,103,0,43,2,8,1
54,1,12,1,9587,63,0,16,1,2,0
20,2,13,3,6484,2,0,39,1,1,1
29,1,18,5,3763,1,6,49,2,1,0
28,1,19,1,2913,37,0,52,1,1,0
31,1,21,1,1165,2,0,44,1,1,0
24,6,18,5,6216,38,0,43,1,1,0
32,1,22,5,9193,26,0,5,2,8,0
63,1,14,4,5618,121,0,52,1,1,0
40,1,19,1,2125,28,11,8,2,1,1
57,1,19,1,4278,47,8,40,2,2,0
52,1,17,1,2484,114,6,37,2,1,0
38,1,19,5,399,459,16,10,2,3,1
56,7,17,1,6083,112,0,44,2,8,0
29,1,20,1,1359,97,0,35,1,1,0
41,1,16,5,6388,12,0,25,2,1,0
33,1,16,1,8988,286,16,17,2,1,0
24,1,21,1,4136,26,0,40,2,1,0
27,6,23,1,1221,14,0,47,2,2,0
22,6,21,5,2587,122,0,24,2,1,0
57,1,23,1,5908,40,2,60,1,1,0
29,7,13,1,5096,275,1,20,2,2,0
52,1,23,1,1600,22,0,68,2,1,0
38,1,16,1,53,48,1,39,1,1,1
41,1,16,1,2629,67,0,34,1,1,0
48,1,21,3,3665,26,0,37,2,1,0
50,4,21,3,1536,13,1,40,1,1,1
22,1,21,1,190,18,17,12,2,1,0
27,1,22,5,1594,7,8,12,2,9,1
43,3,17,1,2038,92,0,38,1,6,0
41,1,19,5,2592,123,0,55,1,2,0
42,1,17,5,8551,105,0,51,1,8,0
38,1,16,3,5072,45,0,49,1,1,1
69,6,16,1,5031,80,0,22,2,2,1
29,3,17,1,4050,53,4,52,1,2,1
29,1,18,5,9021,2,7,16,1,1,0
45,6,23,1,4983,95,17,30,2,1,0
22,3,16,1,2371,4,0,54,1,1,0
23,1,16,5,2936,186,0,25,2,1,1
55,7,19,1,852,15,3,26,1,1,0
24,1,21,5,5593,18,15,24,2,1,0
43,1,21,1,3276,42,0,57,1,1,1
78,3,21,3,1484,3,0,47,2,1,1
44,6,19,1,5673,51,0,46,1,1,0
23,1,22,3,3737,8,0,24,1,1,0
42,2,21,1,2552,22,0,25,2,1,1
32,1,20,5,1205,5,7,33,2,1,0
38,1,11,1,8210,7,0,12,2,1,0
46,1,18,1,295,13,0,24,2,1,1
18,1,20,1,5846,4,0,34,1,1,0
25,1,12,5,2689,47,0,15,2,1,0
30,1,15,3,8580,29,0,20,2,1,0
57,2,18,1,3695,34,7,15,2,1,1
42,7,19,1,3509,129,0,40,2,1,0
37,1,21,1,721,16,0,40,1,1,1
39,7,21,5,2580,21,0,36,2,1,0
57,1,24,1,4251,111,1,55,2,6,1
45,1,20,3,7411,270,0,32,1,2,1
67,6,17,1,9276,216,0,44,1,1,0
53,1,19,1,2030,128,0,30,2,1,0
34,1,18,1,7396,60,5,38,2,1,0
28,3,22,3,4796,176,0,67,1,1,0
52,1,12,1,8193,266,0,49,1,1,0
21,7,19,1,5861,12,0,32,2,1,0
56,1,21,5,6782,145,0,77,2,1,1
37,2,15,5,3739,2,0,37,1,1,0
66,3,22,1,5847,20,0,41,2,1,1
36,1,15,1,6451,205,0,44,1,1,1
52,1,21,2,3582,194,11,33,1,1,1
42,4,18,1,5541,12,0,22,1,6,1
46,1,19,5,6476,2,0,45,2,1,0
52,7,20,5,1628,14,0,44,1,1,0
19,2,9,1,5310,66,0,24,1,1,0
72,5,18,2,9096,49,0,49,1,1,0
52,1,21,5,1900,28,1,39,2,2,1
58,1,18,5,5891,3,0,29,1,1,0
73,4,14,5,1120,375,0,43,1,2,1
40,1,19,1,8323,2,0,42,1,1,1
55,1,18,5,1560,16,0,56,2,1,1
38,8,20,5,7342,27,8,32,2,1,1
31,1,21,1,2565,3,0,48,2,1,0
38,3,9,1,4161,32,0,49,1,1,0
60,7,20,1,2964,35,4,38,1,1,1
41,4,15,1,2896,9,3,31,2,2,0
46,1,20,1,96,554,0,45,2,1,0
47,1,20,3,3065,65,17,38,2,3,0
26,5,17,5,9095,178,0,37,1,6,0
54,6,16,1,7419,37,0,39,1,1,1
36,1,22,5,78,3,3,41,2,1,1
38,1,16,1,4394,27,13,25,1,1,0
25,1,20,5,2639,8,15,32,2,6,0
34,1,17,1,3112,1,0,44,1,1,0
25,2,23,5,6640,143,0,49,1,2,1
54,1,17,1,2097,147,0,30,1,1,1
50,1,23,5,1769,18,0,52,1,2,1
36,1,17,1,2260,22,0,48,1,1,1
50,4,21,1,672,35,0,63,2,1,1
37,2,22,3,1200,7,0,43,1,1,1
40,1,21,3,3757,16,0,30,2,1,0
34,1,16,1,2179,36,0,36,2,1,0
27,4,20,1,204,10,8,36,2,1,0
23,1,14,5,2378,23,1,42,1,2,0
65,1,18,1,7324,6,0,36,2,1,0
26,1,17,5,8971,19,5,46,1,2,0
38,1,20,5,3313,11,0,25,2,1,1
26,1,21,1,3539,226,0,56,1,1,1
18,1,21,5,8092,97,0,29,2,1,0
62,1,18,1,3112,1,0,27,2,1,1
38,1,21,1,4720,67,0,26,2,1,1
32,6,20,1,3794,157,0,37,1,2,1
50,1,19,5,2468,16,0,64,1,1,1
38,1,18,5,2064,169,0,19,1,6,1
73,6,19,1,4460,14,0,31,1,1,1
51,1,20,1,884,1,0,31,2,1,0
60,5,18,1,3788,113,0,52,2,1,0
43,1,20,1,748,176,0,29,1,1,0
73,1,20,1,692,65,0,18,1,1,1
31,4,18,3,1335,15,0,43,1,1,0
27,2,19,5,8745,63,15,43,2,1,0
47,3,16,1,1041,17,1,20,1,1,0
42,1,15,1,520,32,0,18,1,1,1
47,1,21,3,8026,8,0,38,2,1,0
63,3,22,5,4729,91,0,55,2,1,0
47,1,22,1,3520,57,0,57,1,2,0
22,1,18,5,3261,249,4,33,2,7,0
30,7,16,1,4997,122,0,38,1,1,0
52,1,21,1,3491,3,0,51,1,1,1
38,1,19,3,4708,240,0,49,2,1,0
32,1,21,5,2254,16,0,66,2,1,1
47,1,21,5,186,1,0,62,2,1,1
75,1,22,1,3158,125,0,40,1,6,1
67,1,19,5,7289,7,6,44,2,2,1
40,1,21,1,5347,42,0,18,1,1,0
59,7,21,1,831,320,0,33,2,1,0
54,7,22,3,3513,33,0,52,2,1,1
42,1,10,3,4828,3,0,26,1,1,0
84,1,23,1,1687,24,0,67,2,1,1
55,2,20,1,1288,26,0,48,1,1,0
29,1,22,3,7117,7,0,26,1,1,0
67,1,10,3,7524,113,0,17,1,2,0
48,1,19,1,344,77,0,27,1,2,0
76,1,21,1,4252,36,0,30,1,1,0
19,2,19,5,7793,41,6,24,2,1,0
25,1,20,5,7446,81,17,55,1,1,0
31,1,17,1,1209,26,0,16,1,1,0
51,1,19,5,2392,40,4,20,2,1,0
37,1,20,1,7159,98,0,32,2,1,0
43,3,20,1,3708,33,0,23,1,1,0
43,1,20,5,555,63,0,15,2,1,0
46,2,21,1,2914,16,0,8,1,1,0
71,1,21,1,6418,146,0,45,1,7,1
22,3,20,1,6336,2,0,32,1,1,0
33,1,12,3,1096,122,0,30,2,1,0
25,4,16,5,9657,91,11,21,2,1,0
22,1,16,1,4902,133,0,32,2,2,0
38,2,14,1,9639,53,1,40,2,6,0
31,1,16,1,1256,8,0,62,1,1,1
36,1,14,1,3216,144,0,33,2,1,0
32,1,19,3,2663,2,17,40,1,1,0
23,1,20,5,2252,1,0,63,2,1,0
22,1,15,1,8542,92,2,32,1,1,0
38,2,20,1,4178,35,17,51,1,6,0
38,1,13,5,2717,15,0,54,2,1,0
33,1,19,3,8004,4,0,39,1,1,0
57,7,18,1,4880,102,0,27,1,1,0
29,1,20,3,1412,71,0,46,1,1,1
63,3,20,1,779,14,0,31,2,1,0
70,2,21,1,6149,512,0,34,1,1,1
59,1,18,3,6530,3,3,43,1,1,0
55,1,22,1,9067,68,0,52,1,1,1
28,1,21,4,1058,81,0,39,1,1,1
78,1,19,1,1889,397,0,52,2,1,0
45,1,13,3,7175,77,0,2,1,8,0
64,1,11,1,6069,47,14,36,1,1,1
58,2,15,1,6666,34,0,33,1,1,1
23,1,20,1,8646,53,0,48,1,1,0
63,1,22,1,4417,11,0,34,1,1,1
79,1,18,3,6976,104,0,45,1,1,0
35,1,14,5,8714,2,0,25,1,1,0
45,1,16,1,6093,65,0,38,1,1,0
41,3,20,4,2042,26,0,41,1,9,1
66,6,20,1,3726,3,7,38,1,1,1
29,4,22,1,2611,31,0,56,2,1,0
43,5,19,3,3935,8,0,35,2,1,0
58,1,19,1,5539,18,0,46,1,2,1
64,1,21,5,8966,64,10,35,2,1,0
48,1,20,5,7354,2,1,23,2,1,0
38,1,20,5,3138,43,0,12,1,1,1
40,1,16,5,4147,50,0,27,2,6,0
58,1,22,1,4758,67,0,44,2,1,1
27,4,21,1,7000,40,0,34,2,2,0
38,1,19,3,8973,6,0,56,2,1,0
27,1,20,1,979,60,0,30,2,8,1
37,1,22,1,3817,31,2,24,1,1,0
31,5,9,1,1959,250,1,12,2,1,1
28,1,20,3,5817,39,0,27,1,1,1
34,1,22,1,5025,45,2,42,2,1,0
41,1,19,1,398,374,5,48,1,1,0
55,1,22,1,774,14,0,31,2,2,1
54,1,20,1,5007,72,0,30,1,1,1
29,3,19,1,8192,43,17,30,1,1,0
32,1,22,5,2882,7,0,43,1,1,0
61,1,20,1,3178,2,0,59,1,1,1
30,1,18,5,7969,1,0,9,1,2,0
79,1,20,1,8289,28,0,51,2,1,0
76,1,18,2,4318,207,0,59,2,1,1
48,3,17,5,1250,154,0,44,2,1,0
23,2,21,5,206,39,0,39,1,8,0
57,1,22,1,1830,305,0,39,1,3,1
30,1,14,5,8580,8,0,24,1,8,0
53,2,21,5,2933,1,0,65,1,1,1
26,1,19,5,4505,193,0,40,1,1,0
53,7,20,1,680,111,0,51,2,1,1
57,2,21,1,1313,3,0,48,1,1,1
60,1,21,1,5455,11,0,30,1,1,1
51,7,20,5,6570,57,0,38,2,8,0
59,1,18,2,229,200,12,47,2,9,1
30,1,21,5,2733,28,0,52,1,1,1
59,1,22,1,2846,68,0,38,1,2,0
18,6,19,5,1113,108,0,33,1,1,1
44,1,23,1,4882,117,0,56,1,1,1
36,1,21,5,4029,7,0,18,2,1,0
35,1,21,1,8458,72,1,46,1,2,0
23,1,19,5,5568,6,16,19,1,1,0
20,1,18,5,6564,12,0,46,1,1,0
27,2,23,5,2669,89,0,31,2,1,0
34,2,19,1,4224,16,17,31,1,1,0
22,2,18,5,7836,16,4,38,2,1,0
50,1,14,1,5825,35,0,43,1,1,1
34,1,18,5,4586,288,0,43,2,1,0
30,1,15,5,7417,78,0,33,2,1,0
33,2,21,1,4108,40,0,31,1,1,0
29,6,14,1,6330,60,0,63,1,1,1
69,1,19,1,6533,48,0,50,2,1,0
39,1,22,1,1465,1,0,27,1,1,0
59,1,17,1,5247,158,0,46,2,1,0
52,1,20,1,1662,68,0,47,2,1,1
32,1,16,5,323,174,0,39,1,1,1
41,2,17,1,7108,88,4,40,1,1,0
76,1,21,1,7763,7,0,52,2,1,1
63,1,19,1,5415,27,0,50,1,1,0
65,1,21,1,2958,71,0,31,2,1,1
71,1,17,1,3933,213,0,46,1,1,1
78,4,21,1,4295,109,0,18,2,6,0
57,1,21,1,52,24,0,40,2,1,1
53,1,19,1,8495,50,0,38,1,1,1
42,2,17,1,5269,85,0,32,1,1,0
26,6,22,1,816,31,0,57,2,1,1
48,1,16,4,1489,107,0,47,1,6,0
57,2,17,1,2686,77,1,13,2,1,0
29,5,22,3,7733,89,3,41,1,1,0
85,1,17,1,1025,17,0,51,1,6,0
49,3,17,3,6839,121,0,31,1,1,0
29,1,15,1,3382,442,0,52,2,1,0
29,1,16,5,9727,8,2,37,1,2,0
19,2,18,5,4376,17,0,38,2,1,1
56,1,18,1,8523,29,0,39,2,1,0
30,1,16,5,6736,94,0,44,1,1,1
40,1,19,1,7940,77,0,33,2,8,0
30,3,20,1,3114,76,0,51,1,1,0
53,3,15,1,5300,83,0,28,2,1,0
68,1,18,1,919,60,0,34,1,1,1
22,1,19,1,292,171,2,32,2,2,1
41,1,19,1,7552,89,15,24,2,1,0
20,2,22,5,7591,131,0,22,2,1,1
22,6,20,1,5097,2,0,47,1,1,0
50,1,22,1,7315,75,0,34,1,1,0
48,1,23,1,354,88,0,50,1,6,1
43,4,13,5,7022,47,13,39,1,1,0
24,4,21,1,2625,35,1,38,2,1,1
30,6,22,3,362,41,0,36,2,1,0
23,6,15,5,2396,2,16,22,2,2,0
39,1,21,5,1290,17,0,43,2,2,0
48,1,16,1,1509,55,0,41,1,2,1
41,1,16,1,1235,69,0,35,1,5,1
41,1,21,1,9566,82,0,37,1,1,1
62,3,20,1,2043,110,0,54,1,1,1
64,1,18,1,8821,95,3,45,1,2,1
55,1,19,5,293,417,0,30,2,1,0
43,6,19,5,2812,21,0,39,1,9,0
80,3,21,1,4397,24,0,32,2,1,1
38,1,14,1,8686,32,3,66,2,1,1
68,1,21,5,7658,22,0,30,1,1,0
65,1,17,1,977,131,0,40,1,1,0
24,1,21,1,5987,54,0,26,2,1,0
47,1,12,1,3571,43,0,52,1,1,0
54,1,19,5,7727,22,2,33,2,1,1
41,1,20,1,6919,133,0,45,2,1,0
23,1,15,1,8922,137,6,39,2,6,1
24,5,20,1,3261,74,0,41,1,1,1
49,1,18,5,6091,430,1,50,1,1,0
46,1,15,1,1616,166,0,42,2,1,0
52,4,20,1,1237,71,5,51,2,2,0
59,1,21,1,3707,9,0,38,2,2,1
35,1,23,1,2143,88,0,36,2,1,1
59,6,21,3,7008,13,0,30,2,1,0
45,1,19,5,4648,84,0,34,1,1,0
46,2,20,2,2312,4,17,44,1,1,0
50,6,20,3,1140,2,1,36,2,1,0
70,5,17,4,1039,166,0,49,1,1,1
82,1,22,1,524,2,0,64,1,1,1
55,2,18,5,2653,94,12,30,1,1,0
24,6,22,5,8910,27,0,39,1,1,0
39,1,18,3,7681,11,0,53,1,1,1
34,6,16,3,8618,73,3,47,2,1,0
31,1,21,1,6374,5,0,44,1,1,1
69,1,18,1,5535,219,0,39,2,1,0
34,1,14,1,8297,106,0,40,2,1,0
44,1,16,2,7100,5,0,16,2,1,0
33,1,20,5,4819,64,7,31,1,1,0
37,3,21,5,3682,2,0,54,1,1,1
73,7,24,1,3350,33,0,28,2,1,0
29,1,19,1,1368,51,0,19,1,1,0
58,1,19,1,2404,34,0,37,2,9,0
69,7,20,1,7176,26,0,55,1,1,0
40,1,12,1,7135,1,0,35,2,1,0
48,1,23,1,81,41,0,50,2,1,1
69,3,22,1,3344,22,0,32,2,1,1
42,1,20,1,5488,32,0,53,1,6,1
39,1,21,5,649,24,0,22,1,1,0
63,1,19,5,979,107,0,28,1,6,0
65,1,21,4,1283,50,0,52,1,1,1
35,4,18,5,8669,1,0,12,1,1,0
52,1,19,2,1582,63,0,55,1,1,0
45,1,21,5,3280,31,0,22,1,1,0
37,1,23,5,172,72,0,50,1,1,1
26,2,16,1,6708,56,0,37,1,6,1
28,3,13,5,3371,205,0,55,1,6,0
25,6,22,1,99,17,8,35,2,1,1
51,2,20,5,6366,61,0,37,2,1,0
39,1,19,5,6622,207,0,24,1,1,0
54,1,17,1,8524,121,1,27,1,1,1
49,4,17,1,3192,75,0,22,2,9,0
19,1,21,5,920,179,0,45,2,1,0
36,1,21,1,4885,77,0,28,2,1,0
27,1,17,1,7492,132,8,54,1,8,0
36,1,17,1,1889,82,17,66,1,1,1
25,1,19,5,8835,76,10,28,2,1,0
47,6,22,1,206,253,0,41,2,1,1
20,1,17,5,5895,5,17,13,1,1,0
57,1,20,1,4031,15,0,31,1,1,0
35,1,18,5,6008,13,0,45,2,8,0
67,1,18,1,1284,11,0,32,2,1,0
48,1,19,5,1178,61,1,68,2,1,0
28,7,22,1,7223,1,11,23,2,1,0
32,1,22,5,37,80,0,49,2,1,1
28,1,21,1,428,60,0,7,2,1,0
42,1,14,1,1723,222,0,74,1,1,0
53,1,16,5,759,372,0,43,2,1,1
50,1,24,1,2242,4,0,36,2,6,0
33,1,10,1,2433,48,0,37,1,1,0
37,1,17,1,7207,178,0,66,1,1,0
25,1,15,5,6216,107,1,32,1,1,0
66,1,23,1,3837,18,0,38,1,2,0
21,1,22,5,4821,12,2,42,1,1,1
63,1,16,1,4610,111,10,28,2,2,1
44,2,20,5,5248,202,0,45,2,6,0
39,1,23,1,535,20,0,35,1,1,0
43,1,19,1,950,131,0,33,2,2,0
27,1,19,5,7492,1,8,26,1,1,0
29,1,15,5,8983,142,6,41,2,1,0
64,1,20,5,4157,6,0,17,2,1,1
38,2,22,5,681,5,0,58,1,1,1
38,1,19,1,3596,7,13,55,1,1,0
72,3,21,1,2530,103,0,56,2,2,1
68,1,20,1,2720,87,0,52,2,1,1
35,1,19,5,8160,46,0,43,1,1,1
66,4,18,1,2801,92,0,38,2,1,0
60,1,16,1,3772,123,0,26,1,1,0
40,2,20,5,1668,147,0,35,1,2,1
41,6,21,1,1999,149,0,32,1,1,0
63,3,21,3,4201,24,0,31,1,6,0
35,1,22,1,462,37,0,57,2,6,1
38,6,21,5,3006,236,0,56,2,1,0
62,1,17,1,4364,1,1,26,2,1,0
20,1,16,5,6423,3,13,29,1,8,0
18,1,17,5,2240,3,2,36,1,1,0
27,1,17,5,4510,20,0,43,2,9,0
44,1,13,5,7830,27,0,48,1,1,1
64,1,20,1,883,62,0,50,1,1,0
37,5,16,1,1344,34,0,32,1,1,1
43,5,16,1,9140,13,9,20,1,1,0
31,1,18,1,2374,39,0,35,1,1,0
67,1,20,1,3707,3,2,32,2,1,1
32,2,18,1,4924,40,0,59,1,3,0
36,1,21,1,1372,241,0,44,2,1,1
62,6,21,4,7772,60,0,49,1,1,0
55,1,17,1,1667,249,0,12,2,1,0
24,1,12,1,6023,471,0,23,1,9,0
33,3,22,1,4895,58,0,36,2,1,0
44,1,17,1,5589,2,0,23,2,1,0
60,1,21,2,2272,82,0,47,2,1,1
51,1,21,1,6516,71,0,33,2,1,0
59,1,23,1,492,46,0,64,1,1,1
43,1,20,1,1872,2,0,43,2,1,0
28,4,18,5,1163,5,15,36,2,1,1
24,1,22,1,2798,174,6,30,1,1,0
51,7,19,5,5185,102,0,33,1,9,0
48,7,21,1,2695,71,0,39,1,1,1
26,6,20,5,5358,196,0,30,2,1,0
83,1,21,3,69,55,0,53,2,1,1
37,1,18,3,895,46,0,15,2,1,0
41,2,19,1,6414,35,0,49,2,2,0
28,1,16,5,9329,19,17,1,1,1,0
24,1,23,5,1997,12,0,28,2,1,0
56,1,17,5,3397,225,0,21,1,2,0
39,6,18,1,866,19,0,27,2,1,0
24,1,22,1,3822,42,2,36,1,1,0
29,1,21,5,4984,48,0,33,2,8,1
24,3,19,5,2551,1,0,27,2,1,0
52,1,18,1,1094,60,1,38,2,1,1
39,1,9,3,7841,25,0,36,2,6,0
35,1,20,5,4280,1,0,33,1,2,1
41,2,17,5,3163,3,0,39,1,1,0
32,5,18,1,934,19,0,41,1,1,1
28,1,18,5,5174,1,2,42,1,1,0
60,1,17,1,7514,29,2,18,1,1,0
74,1,19,3,5883,50,0,51,2,6,1
25,2,23,5,3288,142,0,46,2,8,1
34,4,13,1,6911,5,2,35,1,1,0
51,1,8,1,3383,3,0,38,2,1,1
44,1,20,5,1051,84,0,31,1,1,0
58,6,21,1,699,142,0,48,2,1,1
67,1,22,1,5236,3,0,33,2,1,0
64,1,14,1,3633,320,0,44,2,1,0
87,1,17,1,8234,5,6,23,2,1,0
43,1,22,1,3903,39,0,36,2,1,1
34,1,18,1,5915,88,0,50,2,1,0
36,1,21,1,1419,30,0,40,1,8,1
32,1,20,5,7997,99,17,29,1,1,0
28,3,17,1,6649,81,0,37,1,9,0
56,6,14,1,7015,2,0,20,2,1,0
48,1,21,5,3818,73,0,52,2,1,0
24,5,23,3,3375,7,0,44,1,1,0
47,1,22,2,1182,1,13,36,2,1,1
51,2,20,3,1915,48,0,9,2,1,0
44,1,18,1,3725,6,0,34,1,1,1
56,1,17,1,3020,4,1,49,2,1,0
27,6,16,5,5771,8,0,43,2,1,0
46,1,16,1,7462,23,0,40,1,1,1
69,1,19,5,6412,229,0,20,2,1,0
18,7,21,3,2760,82,1,27,2,1,0
28,1,9,1,7919,28,3,42,1,1,0
33,1,20,1,7498,5,0,44,1,1,1
26,1,19,1,3852,106,1,31,1,8,0
20,1,12,5,7038,12,13,36,1,1,0
48,1,12,5,7631,304,0,43,2,2,0
34,1,20,1,6367,70,0,37,1,1,1
25,6,20,5,1675,23,1,11,2,8,0
68,1,18,3,5401,4,0,53,1,1,1
44,3,16,1,4534,192,0,53,1,1,0
43,4,23,5,1115,142,2,21,2,1,0
52,6,21,1,6451,37,0,40,2,1,1
36,1,20,5,5680,107,0,34,1,1,0
42,6,23,1,1092,2,12,53,1,3,1
37,1,20,1,1027,3,0,33,2,1,0
70,1,15,1,5389,32,0,50,2,1,1
39,1,12,1,3241,204,0,31,1,1,0
54,1,16,1,3176,6,17,42,1,1,0
34,1,21,1,3786,120,0,22,2,1,1
31,1,15,3,7568,304,0,61,1,2,0
69,1,21,1,1475,6,0,67,1,1,1
70,1,22,1,3477,315,0,67,1,1,1
59,6,22,1,4241,2,0,36,1,1,0
46,1,17,1,4968,180,0,55,1,1,1
26,1,21,5,7511,12,17,48,1,1,0
32,1,16,5,4881,10,0,17,2,8,1
30,4,19,1,6338,2,0,42,1,1,0
60,1,19,1,243,46,0,51,2,1,1
22,1,17,5,176,29,0,49,1,1,1
40,1,13,1,9528,547,0,38,1,6,0
35,1,19,5,8482,19,0,31,1,1,0
42,1,18,5,1821,42,0,21,2,1,1
24,1,22,5,2288,15,0,13,2,1,0
44,8,22,1,218,17,0,22,2,1,0
45,2,19,3,1295,291,0,42,1,1,1
19,1,19,5,5588,127,0,24,1,1,1
63,5,21,4,6905,22,0,34,2,1,1
61,1,15,1,4759,33,0,42,1,1,0
41,1,20,5,3280,8,0,47,1,1,0
57,1,19,1,604,8,0,27,2,1,1
47,4,19,1,269,212,2,29,2,1,0
52,1,19,1,4137,19,0,53,1,1,1
86,1,22,3,461,25,0,63,2,1,1
58,2,21,5,3359,26,0,45,2,8,1
29,1,22,1,132,33,0,25,2,1,1
19,2,18,3,5372,15,10,32,2,1,0
30,1,15,5,8619,21,0,17,1,2,1
75,1,18,1,6118,135,0,59,1,1,1
53,1,17,1,5268,64,0,36,1,1,0
38,1,21,1,77,222,15,57,1,1,0
69,1,12,1,2999,5,0,75,1,2,1
26,4,19,1,8104,145,0,49,2,1,0
47,7,22,1,2246,2,0,18,1,1,0
48,1,22,1,2029,24,5,17,2,2,0
46,1,22,4,4709,11,0,28,1,1,1
45,1,21,1,4083,86,2,28,2,2,0
46,1,12,5,8090,68,0,46,2,6,0
25,2,19,3,1529,494,17,41,1,9,1
21,1,11,5,7832,19,0,53,1,1,0
60,1,21,1,1496,95,4,46,1,1,0
34,6,15,5,2152,10,0,26,2,1,1
30,1,20,3,4792,24,0,41,2,1,1
31,1,22,5,4044,329,11,45,1,1,0
32,1,21,5,7640,60,0,36,1,1,1
48,1,14,1,1855,16,10,44,2,1,0
77,1,21,1,1420,155,0,30,2,8,0
33,2,20,1,7971,135,0,35,1,1,0
30,3,21,1,2959,69,0,45,1,2,1
35,1,22,3,3990,89,0,43,2,1,1
21,1,18,5,6231,12,0,54,2,2,0
25,1,14,5,8648,118,0,57,1,1,1
63,3,21,1,2049,171,9,30,1,1,0
21,4,22,5,831,62,3,25,2,1,1
52,1,18,4,6893,334,1,45,2,1,0
26,1,19,5,8643,209,2,50,1,1,0
47,3,18,5,1648,166,0,41,1,1,1
58,1,22,1,5827,228,1,39,2,8,1
46,1,17,1,3477,371,0,34,2,1,0
50,1,15,1,9132,66,1,38,1,1,1
63,7,21,1,3355,22,0,30,2,1,1
26,1,17,5,7365,23,15,40,2,1,0
74,3,21,1,361,54,0,20,2,1,0
44,1,21,5,2899,94,0,49,2,1,1
70,2,20,4,9002,238,0,34,2,1,1
54,1,22,4,672,254,0,40,2,1,0
31,1,21,1,422,98,0,52,1,1,1
51,5,20,1,343,49,5,30,1,6,0
19,1,19,5,1044,6,0,25,1,2,0
45,1,20,5,8825,171,0,22,1,2,0
29,3,20,5,2357,155,3,27,1,2,0
46,1,21,1,1282,139,5,38,1,1,1
41,6,20,1,17,102,0,24,1,1,0
43,1,16,1,5362,10,11,14,2,6,0
27,1,15,1,8709,3,3,44,2,1,0
54,1,21,1,288,2,0,61,1,1,1
35,1,18,5,2682,102,0,42,2,1,0
36,6,19,1,6192,120,0,31,2,9,0
69,1,16,1,4375,145,0,37,1,8,0
54,7,16,3,663,13,1,32,2,1,0
33,1,21,5,2855,81,0,37,2,1,0
30,3,22,1,3829,104,0,42,2,1,1
36,1,13,1,6710,76,16,39,1,1,0
29,2,22,1,8068,56,0,52,2,1,0
18,1,22,5,7150,13,0,40,1,6,0
54,1,21,1,6357,146,0,53,1,2,1
43,5,18,1,182,43,0,50,1,1,1
21,2,17,1,4532,178,0,44,2,2,0
54,6,21,5,3318,119,4,33,1,1,0
61,4,14,1,4773,1,0,21,1,1,0
24,1,14,5,9653,16,0,18,2,6,0
32,2,21,1,8236,42,0,66,1,1,1
23,1,21,5,2146,4,12,54,1,1,0
63,1,10,5,6013,9,0,47,2,1,1
28,1,22,1,1728,102,0,54,1,1,1
31,5,20,5,3836,11,0,20,1,1,1
28,2,19,5,2143,58,2,31,1,1,0
85,1,20,4,3971,170,0,35,1,1,1
37,6,20,1,1405,9,1,47,2,1,0
19,1,19,5,2629,40,17,10,1,1,0
48,1,19,1,6826,79,0,38,1,1,1
56,1,15,3,5859,36,0,49,1,1,0
29,5,20,1,968,313,0,28,2,1,1
59,1,16,1,7072,33,0,40,1,1,0
42,6,20,1,2379,60,0,32,2,1,0
31,6,19,1,7116,15,1,44,2,1,0
58,3,19,1,8246,49,0,32,2,1,0
33,1,16,5,7219,10,14,28,1,1,0
86,1,21,1,1426,27,0,63,1,1,1
74,4,20,1,2770,15,0,29,2,1,0
42,6,20,3,342,190,0,43,2,1,0
52,6,19,5,1138,8,0,44,2,1,1
56,1,21,5,4158,78,7,41,2,1,0
34,1,20,1,3258,38,0,62,1,1,0
39,1,16,3,6457,147,0,35,1,1,0
60,1,20,1,3824,68,0,32,1,1,0
24,1,13,1,1786,19,0,44,2,1,0
27,1,18,5,4668,64,0,29,1,2,0
34,3,21,1,4713,73,17,44,2,1,0
62,1,21,5,2342,2,0,40,1,1,1
29,1,12,5,3663,450,0,26,1,1,0
32,1,22,5,6619,14,0,46,1,1,0
31,1,21,1,1277,120,0,39,1,1,0
73,6,20,1,2241,59,0,11,1,1,1
19,1,22,5,1960,7,3,9,2,1,0
31,1,14,5,8474,100,0,62,1,1,0
64,1,17,5,7376,101,0,67,1,9,0
72,5,21,2,672,19,0,38,1,1,0
54,1,18,1,3519,20,0,26,2,1,0
66,1,19,5,5749,2,0,45,2,1,0
20,1,22,1,1288,43,17,46,2,8,0
38,1,18,5,3558,235,0,38,1,1,0
39,1,19,5,8514,60,0,34,1,1,0
59,1,14,2,8808,59,0,40,2,8,1
45,3,23,3,274,68,0,32,2,1,0
42,1,18,1,1233,21,0,58,2,1,0
19,3,16,5,2147,35,0,44,2,2,0
67,1,22,1,2638,166,0,28,2,1,0
26,1,20,5,2015,6,0,55,1,1,1
31,1,19,1,5836,71,0,40,1,1,0
34,1,13,3,8856,148,0,53,2,6,0
48,4,23,1,716,26,0,64,1,1,1
36,1,23,1,655,53,0,42,2,6,1
32,1,15,5,5774,116,0,33,2,1,0
84,5,18,5,3580,257,0,29,2,1,0
38,5,22,1,3233,36,0,22,1,1,1
27,1,19,5,26,75,0,45,1,6,1
23,1,16,5,6474,134,17,16,2,1,0
65,1,19,1,805,12,0,51,2,1,1
30,1,20,5,5869,18,0,41,1,1,1
53,1,23,1,937,8,0,38,1,1,1
21,1,19,1,6672,36,0,43,2,1,0
18,1,19,5,7537,3,0,24,1,1,0
45,6,18,1,4030,46,9,37,1,1,1
31,6,18,1,594,35,12,22,1,2,0
37,3,22,5,1840,13,0,58,1,1,1
36,6,17,5,9648,20,0,57,1,1,0
28,1,21,3,3962,60,0,1,2,1,0
52,1,17,5,5122,7,8,31,2,6,0
66,1,19,1,9096,76,0,65,1,1,1
47,2,19,5,2171,36,0,26,1,1,1
50,1,19,5,1942,20,0,38,1,1,0
24,1,12,5,2250,42,0,19,2,1,0
40,1,22,5,2901,102,0,47,2,1,0
37,4,22,5,166,46,2,36,1,1,1
65,1,23,1,1897,94,0,31,2,2,1
48,2,21,1,1498,92,0,39,2,9,0
61,1,11,2,2857,106,0,47,2,1,1
51,1,15,3,2723,42,0,66,2,1,0
33,1,17,5,1447,24,0,16,1,1,0
51,1,21,3,5152,12,0,49,1,1,1
32,1,16,5,2058,84,1,38,2,1,0
76,5,16,1,795,316,0,40,2,1,0
32,1,17,5,4738,109,15,40,1,1,0
35,1,20,1,5571,17,0,44,2,1,0
26,1,16,1,4044,25,0,44,1,1,0
30,1,4,1,4846,145,0,40,2,9,0
30,1,19,3,7817,74,13,59,2,1,0
35,3,20,1,5706,29,0,38,2,1,0
35,1,17,1,1611,6,0,54,1,1,0
50,1,10,4,5628,129,0,7,1,1,0
32,1,21,1,3048,154,0,27,2,2,0
55,1,18,1,5662,3,0,46,1,9,0
60,1,14,1,5078,61,0,51,2,1,0
44,1,22,1,4344,224,14,31,1,1,0
30,1,10,1,8637,2,0,41,2,1,0
46,1,19,1,2109,192,0,13,2,1,0
33,1,16,5,4843,7,0,34,2,1,0
51,1,12,5,4642,17,0,37,1,1,0
20,1,20,5,7476,20,12,46,1,1,0
32,1,20,1,3657,38,1,46,1,1,1
38,1,21,1,6661,23,0,55,1,1,1
32,1,13,2,1391,8,0,21,2,1,0
58,1,19,1,557,33,0,52,1,1,1
48,1,19,1,3451,15,0,31,1,1,0
51,1,18,3,5682,99,0,37,1,1,0
41,1,7,5,8218,114,6,33,1,1,0
34,7,19,1,4067,125,0,37,2,1,1
41,1,17,1,3986,132,0,30,1,3,0
21,1,21,5,6246,20,0,44,2,6,0
65,1,20,1,1273,2,0,40,1,1,0
28,1,21,5,4767,17,0,55,1,1,0
47,1,17,1,6637,1,7,37,1,1,0
19,1,8,5,6041,177,6,54,2,1,0
48,5,23,3,2900,257,0,58,1,1,0
63,4,19,1,1059,117,0,33,1,2,1
43,4,23,5,2371,27,0,44,1,1,1
36,1,16,1,4694,8,0,35,2,1,0
42,2,16,1,8043,9,1,28,2,1,0
52,1,19,2,3240,2,0,32,2,1,1
25,1,9,3,6760,223,17,44,1,1,0
68,4,18,1,4770,48,0,64,1,2,0
63,3,23,1,37,40,0,42,2,1,1
48,6,23,1,244,103,0,39,2,1,0
39,3,16,1,2859,18,12,33,1,1,0
41,1,13,1,7456,3,0,28,1,1,0
65,1,16,4,6905,69,0,45,1,6,0
28,1,19,5,5732,98,0,25,1,2,0
34,1,21,1,5665,39,0,55,1,2,1
28,1,20,3,366,44,3,47,1,2,0
30,6,20,1,2490,52,1,13,2,1,1
32,3,15,1,6923,39,0,34,2,2,0
36,1,16,1,7564,21,0,42,1,1,0
51,1,19,3,6861,13,0,9,2,1,0
65,1,21,1,6764,88,0,31,1,1,1
22,1,20,1,8474,166,0,46,1,1,0
25,1,13,5,5338,16,0,22,2,1,0
33,1,18,1,2361,46,1,36,2,1,0
31,1,22,1,2214,18,0,11,2,1,1
50,1,24,1,1386,12,0,24,1,1,1
36,1,14,5,8134,162,7,42,2,2,0
25,1,17,5,2072,18,0,59,1,1,0
45,3,20,1,3674,37,0,50,2,1,0
34,1,14,5,4272,40,16,38,1,1,1
29,1,17,1,3080,20,0,36,2,1,0
63,1,18,1,6463,32,0,35,1,8,1
31,7,24,1,2449,2,0,49,1,1,1
52,1,18,4,462,2,1,26,2,1,0
87,2,21,1,681,58,0,28,1,1,0
65,1,19,1,2336,1,0,7,2,1,1
37,1,19,1,9101,277,0,44,1,2,0
28,1,17,1,2864,4,0,34,1,1,0
70,1,19,1,9191,279,0,39,1,1,0
18,6,13,5,8289,133,0,39,1,1,0
65,1,15,1,4934,194,0,56,1,1,0
43,1,21,1,6047,59,0,30,1,2,0
63,7,22,5,5360,285,0,44,1,2,1
58,7,18,1,123,8,0,35,1,6,1
21,3,22,1,687,9,0,28,2,1,0
39,1,20,3,1155,44,0,46,2,1,1
43,1,13,1,7478,1,0,24,1,2,0
65,1,22,1,5842,63,0,48,1,2,1
58,1,20,1,2715,105,0,35,1,1,1
82,7,21,5,3946,1,0,52,1,1,0
57,1,19,1,7861,34,0,42,2,1,0
28,2,20,5,3944,3,4,26,1,1,0
37,1,13,1,1163,49,17,46,1,1,0
41,1,17,1,3399,17,0,42,2,1,0
39,1,20,1,7962,177,0,32,1,1,0
32,6,19,1,564,1,0,35,2,1,0
33,1,21,1,640,7,0,49,1,1,0
52,1,20,1,4489,104,0,27,2,1,0
45,1,14,1,3467,60,0,36,2,1,0
56,4,19,1,7357,367,1,43,2,1,0
47,1,18,5,641,6,0,28,1,1,1
33,1,23,5,4790,1,17,35,1,6,1
20,1,19,5,3463,136,4,31,1,1,1
53,1,16,1,4157,74,0,54,1,1,1
49,2,16,5,1813,8,0,27,1,1,0
51,1,21,1,1930,1,0,30,2,1,1
18,1,18,5,4367,21,6,6,2,1,0
38,5,20,1,221,2,0,52,2,1,1
53,1,17,1,7073,150,0,21,2,6,0
63,1,22,1,5893,37,0,22,1,1,0
26,1,20,1,776,79,0,43,2,8,0
78,5,19,4,5328,225,0,28,2,1,0
85,1,24,1,1044,6,0,53,1,1,1
52,1,16,5,1742,9,0,18,2,1,1
57,1,17,1,6297,8,0,39,1,1,0
35,3,21,3,3283,16,0,36,2,2,1
32,2,16,5,7014,3,7,5,2,1,0
37,2,19,1,6531,87,0,36,1,6,0
27,1,18,1,502,119,0,58,1,2,1
26,1,20,1,1372,2,0,23,2,6,0
21,3,22,5,58,130,1,43,2,1,0
33,7,22,1,8570,2,0,32,2,1,1
60,1,23,1,982,10,15,36,1,1,1
66,1,22,1,7584,2,0,72,1,1,0
38,1,16,3,5834,15,0,17,2,1,0
55,1,13,1,6157,36,2,45,1,1,0
66,1,17,1,4258,100,0,65,2,8,0
35,6,23,5,2391,61,0,39,1,6,0
38,1,14,5,9283,2,17,18,2,1,0
29,2,23,1,4454,173,0,44,2,2,0
59,1,17,1,4405,30,0,9,1,6,1
27,1,16,5,4286,67,0,31,1,8,0
42,1,19,1,5699,92,0,26,1,1,1
70,3,21,1,1190,48,0,45,2,1,1
33,1,15,1,2306,264,0,55,1,1,1
25,1,16,3,2371,11,1,26,2,6,1
38,1,21,3,4321,1,0,27,1,9,0
51,4,22,1,1330,49,0,39,2,1,1
28,1,18,5,9259,166,6,62,2,1,0
32,1,18,3,4520,215,0,33,2,1,0
63,1,21,1,1856,26,0,31,1,1,0
30,1,18,5,5104,76,0,29,1,1,0
23,1,22,3,3538,8,10,14,1,1,0
36,1,20,1,4299,40,0,51,2,1,1
63,1,15,1,966,9,0,41,2,1,0
35,3,21,1,3071,26,0,52,2,1,0
48,2,15,5,6982,34,0,34,2,1,0
31,1,19,3,8244,23,17,33,2,1,0
69,5,21,1,7096,44,0,37,1,1,0
34,1,20,1,1876,95,1,16,1,1,1
47,1,15,1,6746,264,0,42,2,8,0
24,1,20,5,3708,52,0,24,2,1,0
91,4,22,4,315,112,0,40,2,1,1
24,2,18,3,5929,40,0,16,1,2,0
43,5,19,1,3119,41,17,42,1,2,0
46,1,22,1,3760,56,5,19,2,9,1
35,1,18,5,9830,12,0,49,1,6,1
25,1,22,3,4875,5,0,58,2,2,0
50,1,7,1,9158,19,12,36,2,1,0
48,1,20,1,8174,18,0,35,1,1,1
66,1,23,1,649,145,0,36,1,1,0
29,1,19,3,7740,2,11,36,1,6,0
25,1,15,5,6871,34,1,49,1,6,0
19,1,13,5,3273,4,0,39,2,2,0
49,1,20,1,2668,29,0,22,2,1,1
22,1,20,5,500,271,0,29,1,1,0
42,1,18,1,4244,75,7,32,1,1,0
39,3,22,5,6803,28,2,33,1,1,1
66,1,20,5,1455,1,0,41,2,1,0
67,4,20,3,5292,2,0,29,1,8,0
24,3,22,5,408,10,0,23,2,1,0
19,1,20,5,7955,126,2,20,1,1,0
72,1,19,1,4651,536,0,35,1,1,1
49,1,18,1,8301,3,0,35,2,1,0
50,4,23,1,1311,72,0,44,2,1,0
40,6,23,1,5012,29,1,39,2,1,0
33,1,20,1,2684,95,0,6,2,1,0
25,1,19,1,3561,105,0,25,2,1,0
34,1,23,5,983,36,0,46,2,1,0
36,1,21,5,7647,18,13,40,1,9,0
42,1,22,1,337,8,0,32,2,1,1
25,7,22,1,1487,94,0,35,2,1,0
30,7,15,1,8259,22,0,6,1,1,0
37,1,20,1,6268,52,0,41,1,1,0
43,1,14,1,9564,45,1,39,1,1,0
47,2,6,5,130,247,0,30,2,1,0
23,1,19,5,2050,196,0,34,1,1,0
59,1,20,3,6989,8,5,44,2,1,1
35,1,21,1,1218,121,0,37,1,8,0
29,5,22,5,2366,7,0,33,2,1,0
50,1,18,1,8409,8,0,33,2,1,0
24,1,14,1,1555,1,1,55,1,1,1
35,1,16,1,754,98,0,44,1,6,1
52,2,23,1,3760,20,0,40,1,2,0
18,1,20,5,5297,28,3,34,1,1,0
55,5,21,4,2027,122,0,50,1,1,1
29,1,15,1,8658,76,0,16,2,1,0
46,2,18,5,1224,22,0,45,2,1,1
44,1,20,1,407,31,0,34,1,1,0
19,1,14,5,2510,189,16,40,2,6,0
27,1,17,5,8669,1,0,29,1,1,0
68,3,23,5,483,4,0,40,2,1,1
68,1,14,1,3623,14,0,37,1,1,0
22,1,16,3,6014,52,13,38,1,8,0
39,1,13,1,7069,437,15,37,1,1,0
29,7,22,5,2264,111,0,50,2,1,0
53,1,24,4,1198,123,0,44,2,1,1
55,1,20,1,1492,1,0,43,1,1,1
69,1,18,5,7712,15,0,63,1,2,1
40,1,16,1,7148,10,0,35,1,1,0
47,1,16,1,5405,119,0,28,2,1,0
42,1,16,1,838,49,0,49,1,1,1
42,1,21,5,3370,18,0,21,1,8,1
71,7,18,1,3130,274,0,42,2,1,0
41,5,18,5,6358,53,12,35,1,1,1
41,1,20,5,7238,7,10,34,2,6,0
51,1,21,5,2475,22,1,43,1,1,0
55,3,19,1,4899,35,5,46,1,6,0
20,1,13,1,6447,1,17,15,1,1,0
33,1,15,5,7016,3,0,12,2,1,0
53,6,18,3,1810,29,0,29,1,1,0
61,1,21,5,3989,47,0,37,2,1,0
54,1,20,1,7330,7,0,19,1,1,0
27,1,17,1,7307,4,15,45,1,1,1
49,1,17,1,290,17,0,38,2,1,0
21,1,13,5,7352,146,9,36,2,8,0
28,1,21,5,4170,230,0,17,2,1,0
49,4,24,5,247,49,0,18,2,1,0
59,1,21,1,6412,30,0,26,1,8,1
43,1,21,5,5656,8,0,39,2,1,0
45,7,24,5,3968,27,0,49,1,1,0
81,1,16,1,7144,217,0,35,1,1,1
58,1,18,5,1518,78,0,35,2,1,1
76,1,19,1,5145,3,0,59,1,1,0
38,1,21,5,4147,1,0,40,2,1,0
70,1,14,1,7442,5,0,15,2,1,0
39,1,6,5,7873,343,0,24,1,1,0
26,1,17,5,7452,28,0,31,2,1,1
36,1,15,1,8069,1,17,45,2,1,1
32,1,11,1,6343,59,0,27,2,1,0
38,1,22,1,6573,301,4,21,2,1,1
29,1,22,1,5451,170,0,38,2,2,0
43,1,17,1,4452,245,0,29,1,1,0
30,1,19,3,3341,1,10,45,2,1,0
75,7,22,1,2406,119,0,18,2,2,1
62,1,19,3,7238,80,0,35,2,1,0
28,1,16,5,8993,72,0,32,2,1,0
25,1,20,5,6612,170,12,26,1,2,0
53,2,23,3,773,33,15,30,2,1,1
36,1,19,4,6587,2,3,34,1,1,0
61,4,16,3,4954,43,0,53,2,2,0
51,1,16,1,3528,16,0,42,2,1,0
45,7,19,5,4004,30,0,65,1,1,1
22,1,13,5,5167,186,0,43,2,1,0
18,1,20,5,671,98,4,51,1,1,1
31,6,14,5,3650,4,0,53,1,1,0
40,1,22,5,1760,135,0,22,1,1,1
21,1,17,5,1953,277,0,28,2,1,0
81,1,18,1,1984,114,0,48,1,1,0
36,1,16,1,1537,102,8,59,2,1,1
66,1,20,2,907,2,0,35,1,1,1
54,1,16,1,2574,3,0,41,1,1,0
79,5,18,1,2773,297,0,45,2,1,0
28,1,17,1,929,4,0,33,2,1,0
48,2,16,5,7282,16,0,19,1,1,0
19,7,12,5,8884,2,17,17,2,1,0
51,4,20,1,3989,69,0,38,1,1,0
49,6,23,1,5027,27,0,49,2,6,1
41,1,21,1,175,12,0,29,2,1,0
68,1,16,1,976,66,0,21,2,8,0
22,1,18,5,8626,2,17,28,2,1,0
32,1,21,5,7100,112,0,46,2,1,0
38,1,21,1,2519,167,4,29,1,1,1
55,1,19,1,520,34,6,51,1,1,0
26,1,21,1,7417,27,0,25,2,1,0
47,2,19,1,9276,5,0,49,1,1,1
68,1,13,1,7280,64,0,16,2,1,0
30,5,22,5,6129,22,0,47,1,1,0
52,1,22,1,172,214,0,58,1,1,1
28,1,17,5,1790,15,0,63,2,1,1
42,1,22,1,72,7,0,49,1,1,1
76,1,21,1,660,5,0,33,1,1,1
36,1,21,5,3785,203,0,31,2,1,1
30,1,16,1,331,286,5,18,2,2,0
52,1,21,1,7206,15,0,36,2,9,0
42,2,21,1,904,237,0,43,1,1,0
66,1,19,1,2223,34,0,44,1,1,1
83,1,20,4,4453,48,0,45,1,1,0
36,7,17,5,5211,37,1,53,1,2,1
76,7,22,1,1601,134,5,29,2,9,0
57,1,21,1,94,1,0,70,2,1,1
37,5,15,1,7242,52,0,54,2,6,0
63,1,21,3,1992,35,0,23,2,1,1
33,1,14,5,5231,3,0,26,1,1,0
25,1,21,1,6763,408,0,56,2,6,0
32,5,20,5,2725,16,0,21,1,2,1
41,3,21,3,1747,4,4,14,1,1,0
44,5,20,5,6045,50,0,43,1,1,0
22,1,17,5,6790,10,0,30,2,1,1
63,7,22,1,1727,10,0,57,2,6,1
64,1,18,1,6658,7,0,29,1,1,1
41,1,21,3,2104,18,3,42,1,1,0
56,6,20,1,2962,4,0,18,2,1,0
61,3,22,1,1065,5,0,32,2,1,1
44,1,21,5,2017,3,0,30,2,1,0
40,5,22,1,4911,40,0,34,2,1,0
20,4,20,5,3719,5,0,32,2,1,1
88,5,21,1,128,273,0,66,2,1,0
39,1,20,5,2929,126,0,57,2,2,0
70,2,19,1,3014,57,0,27,1,1,0
53,1,17,3,8104,63,11,40,2,1,0
47,1,13,5,3128,242,7,22,2,1,1
54,1,23,1,1379,4,0,55,2,1,0
46,1,17,1,715,23,0,39,1,1,0
59,2,14,1,4435,21,0,50,1,1,1
35,1,13,5,3275,64,5,44,2,1,0
26,3,19,3,654,291,0,37,1,1,0
27,4,18,5,4147,45,0,36,2,1,0
44,1,20,5,9127,129,0,39,1,1,0
33,1,21,3,3419,1,0,35,1,1,1
46,2,19,1,1613,3,0,10,1,1,0
59,3,24,1,1233,3,0,54,1,2,1
23,6,21,5,6133,49,0,54,2,8,0
55,1,20,5,132,14,0,46,1,2,1
33,4,20,3,2310,7,0,30,1,1,1
20,1,18,5,223,52,12,47,2,8,0
31,1,16,1,9027,34,9,47,1,1,1
58,1,19,1,7925,1,0,26,1,1,1
43,2,20,5,467,7,1,38,2,1,1
51,4,22,3,986,33,17,38,2,1,0
37,1,17,1,4505,19,5,38,1,1,1
37,1,15,1,4962,86,0,41,2,1,0
31,1,17,5,5902,74,0,41,1,1,0
33,1,12,1,6073,50,4,32,2,1,1
35,5,15,1,8038,80,0,33,2,1,0
47,2,24,1,685,451,0,41,1,1,1
23,2,16,1,7784,56,0,48,1,1,1
35,1,20,1,6424,8,0,51,2,1,1
25,1,22,1,3242,26,1,54,2,1,1
75,1,17,2,1253,18,0,63,2,1,1
34,1,19,5,337,52,0,58,1,1,1
23,1,20,5,4328,1,0,45,2,1,1
42,1,20,1,8717,419,0,42,2,6,1
39,1,18,1,4115,165,0,13,1,2,0
36,8,22,1,2729,29,0,29,1,1,1
26,1,19,5,3151,22,1,40,1,8,0
27,1,15,5,5577,141,17,38,1,2,0
61,1,20,5,5257,72,0,31,1,6,0
66,2,19,5,2538,58,0,60,1,1,1
45,1,15,1,5880,428,0,28,1,1,0
38,1,23,5,167,6,0,30,2,1,1
33,1,17,1,1897,6,0,21,2,1,0
45,1,19,5,8617,5,0,40,2,1,1
42,1,8,1,4355,8,1,41,1,1,0
45,3,17,1,6111,11,0,24,2,1,1
21,1,20,3,5911,135,0,45,1,1,0
55,1,13,3,9798,383,0,46,1,2,0
49,2,19,1,322,76,0,49,1,1,0
47,1,18,1,5543,22,0,38,1,1,0
43,1,17,3,9097,286,0,40,1,2,0
36,1,21,5,3674,50,0,51,1,1,1
83,1,14,2,6867,32,0,33,1,1,1
32,1,15,5,6211,6,0,53,1,1,0
62,2,22,5,6189,14,0,42,1,1,0
64,1,20,5,3385,1,0,46,1,1,0
62,1,21,1,3881,7,0,65,1,1,1
27,2,21,1,3953,184,0,38,1,1,1
58,2,18,3,2292,132,1,46,2,2,0
35,1,21,1,3608,23,0,47,1,1,0
35,1,21,1,1650,8,4,9,1,1,0
37,1,19,5,5401,17,0,36,2,1,0
69,7,17,2,5721,1,0,18,1,1,0
59,7,23,4,502,6,15,41,1,1,0
29,1,16,5,5498,82,0,55,1,1,1
29,1,16,5,1591,136,0,28,2,8,0
24,1,11,1,6276,9,0,43,2,1,0
25,1,16,1,4840,62,0,40,2,1,0
22,4,23,1,1856,7,0,15,2,1,0
40,7,20,3,4387,37,0,49,2,1,0
34,1,14,5,1166,25,0,49,1,2,1
58,1,21,4,3041,196,0,53,1,1,1
33,1,20,5,1250,117,0,55,2,1,0
65,2,17,1,1206,16,0,28,1,1,0
58,1,22,1,240,27,1,32,2,8,1
55,4,20,1,7363,48,0,32,2,6,0
46,1,16,3,5374,40,0,37,2,8,0
37,2,22,5,3150,173,0,23,2,1,0
62,2,20,1,2083,74,0,42,2,9,0
32,1,20,1,2223,31,0,14,2,2,1
34,2,17,1,8025,482,0,16,2,1,0
23,6,18,5,4670,11,0,35,2,1,0
39,1,15,5,8177,335,6,39,1,1,0
30,4,21,3,4384,70,1,50,2,1,1
28,1,19,5,2041,46,0,48,1,1,1
47,1,17,5,9328,23,0,37,1,1,0
22,1,16,5,6373,17,6,30,2,1,0
53,8,24,1,2080,266,0,55,1,1,1
22,1,18,5,8207,19,0,52,1,1,0
49,2,21,5,7249,13,15,57,1,1,0
33,6,23,5,2360,206,0,46,2,1,0
35,3,22,5,4280,43,5,42,2,2,0
51,1,18,1,5839,22,11,42,1,1,0
28,7,18,1,4667,313,0,33,1,1,0
88,3,23,2,647,36,0,58,1,1,1
52,1,19,1,3234,23,0,46,2,9,0
61,1,23,3,983,18,0,33,1,1,0
48,2,20,1,8366,91,1,37,1,1,1
30,1,20,1,7564,10,0,31,1,3,0
39,5,17,5,1279,131,0,67,1,1,1
42,1,23,1,1232,5,0,42,1,1,1
50,1,14,5,8226,41,0,51,1,9,0
50,1,18,5,2076,65,0,64,2,1,1
41,2,21,5,5832,59,0,24,1,1,0
28,1,10,1,3139,123,11,24,2,1,0
60,1,21,1,1914,158,0,52,1,1,1
30,7,19,1,2732,92,0,15,2,2,1
48,1,13,5,6898,10,0,54,2,1,0
40,3,21,5,7235,1,0,33,2,1,1
20,1,20,5,8359,10,0,23,2,1,0
29,1,13,3,1710,554,0,50,2,1,0
52,1,21,1,9062,29,1,28,1,1,0
65,1,24,5,765,48,0,30,2,2,0
47,3,20,3,3343,81,0,26,2,1,0
62,3,17,5,5297,128,0,56,1,1,0
62,1,23,5,2526,44,0,56,1,1,1
25,7,16,1,1309,6,0,30,2,6,0
55,1,20,1,227,5,0,47,2,1,1
51,2,16,1,4675,205,0,42,1,1,0
31,1,20,1,4163,131,0,28,2,1,1
60,1,21,5,701,113,0,54,1,1,1
50,2,21,1,4779,137,0,35,2,6,0
30,6,16,5,5657,143,3,12,2,1,0
30,1,17,1,4009,236,1,27,1,1,0
70,2,15,1,8216,35,1,50,1,1,0
47,1,10,1,4306,4,0,10,1,9,0
55,1,18,5,4698,7,0,57,1,1,1
46,4,21,1,4478,4,3,30,2,1,1
24,1,21,5,5135,6,17,19,2,1,0
69,1,17,2,8084,18,0,31,1,2,0
58,2,15,1,4181,34,0,46,1,1,0
53,1,19,1,6457,29,0,22,1,9,1
74,1,21,3,160,42,0,42,1,1,1
33,1,21,1,3175,59,0,46,1,1,0
60,3,20,5,2671,86,13,31,1,1,0
77,1,22,4,7643,11,0,29,1,1,0
45,1,16,1,2078,83,0,41,1,1,0
32,2,19,1,4457,11,0,48,2,1,0
41,1,21,1,2808,8,1,26,2,1,1
51,1,20,5,1674,98,0,22,1,1,0
40,1,20,1,7950,1,0,29,2,2,0
31,2,16,1,1429,162,16,16,1,1,0
46,1,9,5,5841,9,0,27,1,1,0
24,2,17,3,3358,20,2,36,2,1,1
42,5,20,3,582,146,0,38,1,1,0
25,1,20,5,4325,18,13,42,2,1,0
49,2,14,1,7146,194,0,44,2,1,1
28,1,22,1,1029,14,0,28,2,1,0
48,1,11,1,8749,4,0,36,2,1,0
28,1,20,5,6540,126,0,47,1,6,0
64,1,12,1,3780,266,0,34,1,6,0
24,6,19,3,597,1,0,12,1,1,0
59,1,20,1,198,59,0,25,2,1,1
38,1,18,5,296,30,1,33,1,6,1
82,1,22,1,2977,164,0,40,1,1,1
77,1,17,1,2773,115,0,46,1,1,0
37,3,23,3,43,3,0,25,2,1,0
51,1,17,5,3809,3,0,20,2,1,1
29,1,18,5,5822,26,0,14,1,1,0
45,1,15,5,5222,10,0,9,1,1,0
20,1,17,5,3107,23,0,40,2,1,0
44,1,23,1,2442,419,0,3,2,1,0
65,7,21,2,5278,6,0,30,2,1,1
78,1,16,1,8919,14,0,29,2,1,1
21,2,18,5,3467,125,17,31,1,8,0
30,6,23,1,4112,20,0,42,2,1,0
33,3,22,3,1788,117,0,54,2,2,1
77,2,22,1,27,1,0,38,2,1,1
46,1,13,1,1670,1,0,35,2,1,0
65,7,19,1,4240,121,0,45,2,1,1
55,4,23,1,3494,47,2,54,2,1,0
52,7,24,5,400,60,0,27,2,1,1
67,1,18,1,5394,51,0,45,1,1,1
20,1,12,5,9324,128,3,32,1,1,1
27,1,21,5,6526,103,16,19,2,1,0
39,1,17,1,8288,2,10,35,2,1,0
61,6,23,1,1403,53,0,57,1,1,0
36,2,19,5,2257,48,0,33,2,6,1
31,2,15,1,6783,68,7,56,1,1,1
27,1,10,5,9129,363,0,19,1,9,0
25,2,20,1,1189,114,0,17,2,1,1
37,1,22,5,1612,197,0,59,2,1,1
47,1,21,3,1237,1,8,68,1,2,0
50,5,20,5,4498,4,0,45,2,1,1
52,2,19,1,4538,32,0,47,2,1,1
39,2,4,5,8978,16,0,39,2,1,0
63,1,21,5,4293,231,0,30,2,1,0
62,1,21,1,2763,10,0,46,2,1,1
26,1,17,5,3033,176,0,43,1,2,0
23,3,19,5,2876,69,0,17,2,8,0
73,7,19,1,4475,210,0,32,1,1,0
24,1,13,5,6346,7,10,22,2,1,0
53,3,21,1,407,16,0,69,1,1,1
64,1,20,1,756,111,0,35,1,1,1
52,1,22,5,4148,3,0,48,1,1,0
42,1,18,1,7663,8,0,43,1,1,1
42,1,19,1,2237,120,0,46,1,1,0
57,1,20,1,2983,132,0,55,2,1,0
70,2,20,1,1851,25,0,38,2,1,0
58,2,17,5,9185,67,0,41,1,9,0
27,1,20,5,5015,3,1,27,1,8,0
46,6,20,1,6144,15,12,31,2,1,1
22,1,20,5,3710,59,8,48,2,6,1
28,2,16,1,892,224,0,31,1,1,0
59,1,21,1,1478,38,0,45,2,2,0
69,2,17,1,3268,45,0,44,2,1,1
19,1,22,5,2536,20,3,52,2,2,1
25,1,18,1,7654,12,0,33,1,9,0
58,7,21,1,699,56,0,40,1,1,1
30,1,14,5,7635,287,0,51,1,1,1
74,3,18,1,6605,118,0,32,2,1,0
41,2,22,1,5848,137,0,33,2,1,1
32,1,10,5,6057,11,16,24,1,1,0
44,1,15,5,7870,118,0,23,2,1,0
23,1,12,3,7151,14,0,40,2,9,0
24,1,12,5,9035,117,0,26,2,1,0
36,1,21,3,3581,18,1,43,2,1,0
30,1,21,1,4718,3,12,64,1,1,0
84,6,23,1,3615,1,0,42,1,1,0
35,1,3,3,5117,22,0,65,2,1,0
63,5,21,1,918,77,0,38,2,1,0
22,1,20,5,2886,4,0,30,2,1,0
77,6,14,1,9015,81,0,17,1,1,0
47,2,20,3,668,1,0,32,1,1,1
63,2,19,1,2803,82,0,55,1,1,0
52,1,17,3,6501,28,0,45,2,1,1
30,1,19,3,847,103,0,34,1,1,1
56,1,21,1,2218,2,0,60,2,1,1
29,2,19,5,4191,62,0,62,2,1,0
39,2,23,1,6236,26,0,49,2,1,0
81,1,19,1,2689,238,12,46,2,1,1
80,1,20,1,2868,31,0,64,1,2,1
21,1,22,3,60,9,3,40,2,1,1
67,2,22,2,2211,123,0,59,1,1,1
48,6,21,1,7050,161,0,73,2,8,0
40,6,21,1,4717,29,0,60,1,1,0
22,1,23,5,738,34,4,30,2,1,0
34,1,22,1,496,70,0,17,2,8,0
32,1,10,1,5225,270,17,24,1,1,0
53,2,14,5,2607,58,0,51,1,1,0
59,6,21,5,23,1,0,52,2,1,0
35,1,22,5,3190,16,0,60,1,6,0
20,8,22,3,3883,10,16,16,1,1,0
41,1,21,1,3781,12,0,25,2,1,0
38,1,21,5,154,1,0,44,1,1,1
72,2,20,1,1270,41,7,36,2,1,0
45,3,21,1,3148,39,0,24,2,1,1
79,1,20,1,1812,57,0,54,1,1,0
31,6,17,5,1146,103,3,46,1,1,0
50,6,21,1,1911,240,11,34,1,1,1
27,4,18,1,8121,216,0,38,1,1,1
48,3,20,2,763,8,0,26,1,1,1
42,1,17,5,3920,2,0,48,2,1,0
26,1,18,5,564,81,0,23,1,3,0
36,1,18,3,7519,5,2,30,1,1,0
20,1,19,5,5844,15,0,35,2,1,0
73,1,18,1,5532,10,0,62,2,8,0
43,6,22,1,127,9,6,20,2,1,1
37,1,18,3,6540,40,0,53,1,1,0
42,2,22,1,6204,82,15,44,2,1,0
56,1,22,5,4664,1,0,43,2,1,0
48,3,20,5,6152,554,0,63,2,2,0
26,1,19,1,4066,74,0,52,1,2,1
62,1,23,1,1660,56,0,49,1,1,0
40,1,15,2,6221,37,0,44,2,1,1
26,6,22,5,65,4,0,35,1,1,0
64,1,22,4,4012,117,0,6,2,1,0
33,1,15,5,3154,46,0,20,1,1,1
40,1,15,1,3286,9,0,8,2,1,1
31,3,21,5,5483,166,0,30,1,1,0
84,1,18,4,1859,3,0,39,2,1,0
36,1,15,1,3215,80,0,19,2,1,0
29,1,17,5,4572,2,0,30,2,1,1
52,1,17,5,2145,214,0,25,2,1,0
33,1,21,1,1389,3,0,27,2,1,0
24,1,17,5,4164,200,0,18,1,1,1
45,1,21,1,7065,35,0,35,2,1,1
33,2,20,5,1045,99,0,37,2,1,1
51,1,19,1,1664,13,0,29,2,1,0
36,4,19,5,6180,429,0,28,2,2,0
68,7,21,1,1607,262,0,63,2,1,1
30,1,22,5,20,3,0,50,2,1,1
53,2,23,2,6007,70,0,51,2,1,1
34,1,16,3,8418,18,0,58,2,6,0
78,1,22,1,478,87,0,34,1,1,0
46,1,20,3,4787,9,0,32,1,1,0
39,1,20,1,4917,9,0,46,1,1,0
46,1,21,1,663,6,0,46,1,1,1
31,1,20,1,1102,4,0,53,2,1,1
28,2,16,5,5595,131,0,45,1,1,0
20,1,18,5,2243,44,9,37,1,6,0
51,1,22,5,8805,52,0,56,2,9,0
52,2,19,1,4174,325,4,29,2,1,1
26,7,20,1,5312,52,1,54,2,9,0
49,1,19,5,4300,35,0,31,1,1,0
29,1,14,5,637,27,0,56,2,1,0
40,1,15,1,2725,15,1,23,2,1,0
48,1,16,5,2248,40,0,40,2,1,1
24,1,20,1,2034,5,0,25,2,1,0
41,1,18,5,6890,24,0,15,2,1,0
22,1,22,5,2121,57,0,40,1,1,1
53,2,21,1,2036,10,0,23,1,1,1
52,7,17,1,620,96,1,33,1,1,1
59,1,16,1,686,56,3,47,1,1,1
30,1,20,1,2429,1,7,42,1,1,0
29,1,20,5,1307,39,0,37,2,2,1
56,1,18,1,5271,25,0,31,2,1,0
27,6,18,1,3619,6,1,60,2,1,1
32,1,17,1,2618,71,0,25,1,1,0
44,1,22,5,3267,554,0,46,2,1,1
64,1,20,1,7922,2,0,28,1,1,0
51,4,18,1,6041,156,0,78,1,1,1
34,1,20,4,1747,57,0,58,1,1,1
29,6,19,3,6181,240,0,43,1,6,1
28,4,17,5,9531,108,0,13,2,6,0
75,1,17,1,6937,20,0,62,2,1,1
21,1,16,5,5695,69,2,42,2,1,0
24,7,13,5,2654,54,12,28,1,1,0
36,1,17,1,2446,49,0,55,2,1,0
74,1,20,1,724,12,0,55,2,1,1
51,1,20,1,5179,38,7,58,2,1,1
36,1,21,5,4070,1,17,27,1,1,0
27,6,16,5,4226,15,0,55,2,6,0
69,1,22,3,81,1,0,50,1,1,0
48,1,16,1,958,19,0,34,2,1,1
79,7,19,2,3071,12,0,53,1,1,1
35,1,12,5,8689,47,8,51,2,1,0
25,1,20,5,5199,20,0,27,2,1,0
24,6,13,5,3852,199,0,29,2,6,0
38,1,11,1,4105,39,0,18,2,1,0
56,1,21,3,3772,30,0,23,2,2,0
68,1,16,4,7038,8,0,46,1,1,0
20,1,23,5,951,1,0,29,2,1,1
58,1,19,5,2842,46,0,36,1,1,0
23,1,19,1,7462,178,2,21,1,1,0
66,7,23,1,533,151,0,41,1,1,1
53,6,21,5,3262,155,1,53,2,1,0
32,1,18,1,7251,12,0,34,2,9,0
67,1,16,1,7569,214,0,28,1,2,0
26,7,18,1,9037,237,0,18,2,8,0
49,3,14,1,3274,235,0,30,2,1,0
34,1,20,3,7400,7,15,32,2,1,0
58,1,12,2,6176,134,3,41,2,1,0
25,4,21,1,3797,30,0,20,2,1,0
44,1,16,5,4051,78,16,28,1,1,0
25,3,21,5,5563,5,17,31,1,1,0
35,1,18,1,1645,3,0,24,1,1,0
46,1,21,5,2193,12,0,39,1,1,1
70,6,18,3,2519,61,0,35,1,1,0
28,1,19,5,1313,1,1,33,2,1,0
36,2,22,1,2735,21,0,36,2,1,1
69,1,19,1,4219,2,0,37,2,8,1
21,1,14,1,6844,3,0,46,1,6,0
34,5,22,5,5649,19,0,45,1,1,0
37,1,19,1,6585,3,0,14,1,1,0
40,1,19,3,1749,115,0,39,2,1,1
38,2,20,1,6825,310,0,46,2,1,1
71,2,22,1,1660,45,0,44,1,1,1
78,1,20,1,2988,130,0,43,1,1,0
52,1,23,1,1061,47,0,30,1,1,0
20,4,19,1,2517,153,3,33,2,1,0
60,7,19,1,1539,225,0,39,2,1,1
26,3,19,1,8346,14,13,18,2,1,0
25,3,21,5,2487,3,0,66,2,1,0
61,3,22,1,98,76,0,55,2,1,0
42,1,23,5,6370,3,0,34,2,1,1
60,1,20,1,7657,5,0,52,2,1,1
38,1,21,1,5369,391,0,39,2,1,1
21,1,20,3,1004,296,0,46,1,1,1
28,2,20,1,3721,151,0,27,2,1,0
54,1,15,5,3512,203,0,41,2,1,0
33,3,18,3,8193,11,1,32,2,1,0
60,7,17,5,2917,81,0,48,1,1,0
48,3,21,1,6145,4,3,44,2,1,1
48,2,16,5,9107,9,15,23,2,1,0
63,1,23,1,6359,46,0,30,1,1,1
61,1,14,5,6028,1,0,63,2,6,0
75,6,11,1,6966,520,0,42,2,8,0
47,6,20,5,6601,15,0,26,1,1,0
23,1,12,5,9830,3,15,43,1,1,0
30,2,19,5,6179,8,0,17,1,1,0
20,5,15,5,435,96,0,13,2,1,0
53,3,6,5,9632,128,14,36,1,1,0
44,1,18,5,3475,3,0,27,2,1,0
38,1,18,1,5249,300,0,31,1,1,1
61,6,15,1,5042,17,0,27,1,1,0
47,1,19,5,4772,30,0,60,1,2,1
47,1,22,3,4256,5,0,26,2,2,1
29,3,24,1,208,1,0,34,2,2,1
35,6,14,1,8564,103,7,48,2,8,0
53,1,19,1,7101,81,0,52,1,1,0
38,6,22,1,4834,6,0,36,1,1,0
55,1,17,1,2408,32,2,42,2,1,1
58,1,17,1,3956,43,0,24,1,2,1
41,1,16,1,6254,43,14,45,1,1,0
51,7,22,3,3914,167,0,42,1,1,0
49,1,20,1,570,58,0,43,2,8,1
23,1,16,3,6175,5,0,37,2,1,0
23,1,15,5,8340,257,17,55,1,2,0
28,1,18,5,6286,24,1,12,2,1,0
53,1,19,5,4968,178,14,28,1,1,0
40,1,16,1,1800,10,1,35,2,1,1
51,2,18,1,8912,67,15,34,1,1,1
34,1,19,1,3554,34,0,40,2,1,1
35,1,15,3,2690,36,0,69,1,1,0
54,1,22,5,1738,1,0,47,1,1,0
73,5,13,5,5359,45,0,36,1,1,0
30,1,20,5,1382,92,8,38,1,1,1
34,1,21,1,2227,143,0,37,1,1,0
53,1,15,5,1605,212,13,40,1,1,1
38,6,17,5,2883,112,0,22,2,1,0
28,3,18,5,8458,22,0,44,1,1,0
37,1,16,1,8969,204,2,41,1,1,1
37,1,14,5,9233,3,0,26,1,1,1
34,1,10,1,7875,66,7,50,2,1,0
33,1,19,5,329,395,0,43,2,1,0
45,5,21,1,4337,10,1,39,1,1,0
46,1,19,1,5450,143,0,32,1,1,0
34,1,19,1,7805,72,0,8,2,1,0
48,4,21,5,4079,62,16,35,1,1,0
56,6,22,1,1942,55,6,20,2,1,0
56,5,21,5,1559,16,1,47,1,1,1
36,7,20,1,796,263,0,41,1,8,0
55,2,19,2,3061,2,15,58,1,1,1
38,2,22,1,3432,3,7,44,2,1,0
65,1,19,1,2567,106,0,35,1,1,0
55,1,14,1,7895,112,14,37,1,2,0
30,1,16,5,6756,100,3,28,2,1,0
21,1,18,5,6972,2,0,27,1,8,0
30,1,22,5,1235,10,0,23,2,8,0
20,1,21,1,1370,34,0,35,2,1,0
41,6,23,1,7563,47,0,54,1,1,1
48,7,21,3,1382,103,0,18,2,1,1
47,1,14,1,3765,48,0,35,2,1,0
43,1,16,1,6750,396,0,42,2,1,0
21,1,20,3,1344,8,0,48,2,1,0
38,2,17,1,4077,173,0,41,2,1,0
36,1,13,5,7004,37,16,51,2,1,0
44,2,23,1,995,3,0,36,2,1,0
66,1,22,1,2052,270,0,41,1,1,1
80,1,19,1,9433,173,0,43,1,1,0
48,1,22,3,640,37,0,39,2,1,1
51,1,22,1,3961,70,0,61,1,1,0
48,1,21,5,4867,43,0,29,2,1,0
39,1,22,5,2193,10,0,36,1,1,1
38,1,20,1,8685,237,7,34,1,9,0
58,1,16,1,7299,173,0,50,1,1,1
26,4,22,1,1619,119,1,41,1,1,0
40,1,19,3,4857,3,0,49,1,1,0
47,1,15,1,482,178,0,51,1,1,0
53,2,19,1,2559,64,0,17,1,1,0
48,1,10,3,6015,81,0,17,2,1,0
25,1,14,5,6966,232,7,30,2,8,0
37,1,20,1,579,9,0,32,1,1,0
46,1,21,1,1965,7,0,51,2,1,1
60,1,22,1,1041,37,0,51,1,1,1
77,7,23,1,310,4,0,59,1,8,1
51,1,22,1,5270,4,0,26,1,6,0
29,1,21,5,1645,76,17,42,2,1,0
56,2,21,1,5745,14,0,24,2,6,0
70,2,18,2,4167,29,0,27,1,1,0
38,1,21,1,3920,20,14,55,1,6,1
51,1,20,1,8030,30,0,37,2,1,1
32,1,20,5,9586,7,0,28,1,2,0
55,3,18,1,3959,88,0,38,2,1,0
58,3,23,2,2635,47,0,37,1,1,1
47,4,20,3,8977,36,0,21,2,1,0
39,1,22,5,5388,83,0,48,2,6,0
35,1,18,1,6826,28,0,53,1,1,1
33,7,21,1,840,10,0,26,1,1,0
37,1,17,5,8086,23,0,49,1,1,0
74,1,21,5,275,86,0,29,2,1,1
43,2,21,1,13,1,6,43,2,1,0
52,1,21,5,2083,25,17,25,1,1,0
25,1,16,3,9602,21,0,24,2,1,1
24,2,20,5,3915,320,0,47,1,2,0
50,1,23,3,1247,207,0,27,1,9,0
64,4,18,1,5647,1,0,34,1,1,1
46,3,21,3,2487,11,0,29,2,1,0
63,1,20,1,935,79,0,23,1,1,0
46,1,19,1,2922,266,0,33,2,8,0
20,1,13,3,3346,93,0,26,1,1,0
76,1,21,5,984,4,0,27,2,1,1
46,1,24,1,5998,50,0,44,1,1,1
24,7,18,5,5388,300,0,22,1,1,0
40,1,20,1,4355,92,4,40,1,1,1
46,4,18,5,8259,70,7,34,2,1,0
27,2,20,5,4911,36,0,37,1,1,0
29,3,22,1,583,10,2,43,2,1,1
58,5,16,1,5033,4,0,18,1,1,1
45,1,21,1,6214,195,3,37,2,1,1
64,1,6,5,8938,16,1,30,1,1,0
43,1,16,5,4854,184,0,61,1,1,1
38,1,18,1,2987,109,0,39,2,1,1
54,2,17,5,4692,6,0,28,2,1,0
27,1,12,5,6264,10,7,44,1,1,0
48,1,18,1,1077,297,0,37,2,8,0
46,7,20,1,1678,15,0,38,2,1,0
47,1,21,1,7901,33,0,48,2,1,0
32,4,18,3,608,96,0,34,2,1,1
31,3,23,1,2597,319,1,61,1,1,0
51,1,21,1,1300,15,0,39,2,1,0
31,1,14,5,650,92,13,45,2,1,0
54,1,20,3,1204,60,0,28,1,1,1
22,1,15,1,5616,7,1,29,1,1,0
29,1,19,3,2327,3,0,49,1,1,1
61,1,20,2,5319,2,11,20,2,1,0
59,5,18,1,1164,4,0,11,2,1,0
70,3,16,1,2816,8,0,42,2,1,0
35,1,22,3,3620,44,0,41,2,1,1
21,5,18,5,1910,52,14,53,1,1,0
30,2,22,1,4537,52,0,53,1,2,0
32,1,10,1,6219,25,4,53,2,1,0
57,1,23,5,7402,38,2,21,2,1,0
40,3,21,1,4086,14,0,44,2,1,0
33,6,20,1,4006,5,0,52,1,1,0
52,1,21,5,4086,108,0,38,1,1,1
31,1,18,1,1085,27,7,20,1,1,0
22,1,21,5,635,38,16,46,2,1,1
63,1,18,2,7244,14,0,39,1,1,1
34,7,20,1,6884,60,0,53,1,1,1
72,1,19,1,839,71,0,43,2,1,1
29,1,16,1,2303,181,0,36,1,2,1
42,6,20,1,6864,8,0,33,2,1,0
27,1,18,5,6426,49,7,31,2,1,0
28,1,13,5,9090,39,2,36,1,1,0
40,5,19,1,93,28,0,35,1,1,1
74,1,17,1,7282,35,0,63,2,1,0
44,6,15,5,8149,108,0,43,1,1,0
57,6,22,1,4963,177,0,24,1,1,1
65,1,21,5,4234,78,0,47,2,1,0
54,1,18,1,3066,25,0,56,2,1,0
39,7,19,3,1255,59,0,9,1,1,1
46,1,16,1,7278,31,15,25,2,1,0
35,1,20,1,5125,81,0,42,1,1,1
57,5,23,1,1525,47,0,27,2,2,0
22,1,20,5,4094,210,1,22,2,8,0
35,1,18,1,9082,45,0,18,2,1,0
28,1,19,5,1089,82,0,60,1,8,0
35,1,16,1,8660,28,8,52,1,9,0
27,4,20,1,3018,15,0,30,2,1,0
33,3,22,5,1484,2,3,47,2,1,0
50,1,17,1,2142,123,0,55,2,9,0
27,1,19,5,4040,11,0,48,1,5,1
26,6,14,5,3474,20,0,46,1,1,1
45,1,23,5,2345,30,0,13,2,1,0
36,1,21,5,9653,59,2,39,2,1,0
41,2,21,1,2829,117,1,1,2,1,0
56,6,21,1,4429,6,0,56,2,1,1
38,1,21,1,78,43,0,50,2,1,1
30,1,23,1,1137,80,0,58,2,1,1
22,1,22,3,446,21,13,37,2,2,1
35,1,16,5,6990,165,0,33,1,2,0
30,4,20,3,159,198,0,57,2,1,1
34,6,12,5,5581,54,7,17,2,6,0
32,1,17,3,4612,342,0,37,1,8,0
41,1,21,5,1335,11,0,72,1,1,1
22,1,20,5,8573,37,17,26,2,6,0
61,1,22,1,1412,26,0,24,1,1,1
18,2,13,5,7516,7,17,17,1,9,0
65,4,7,1,7884,49,0,27,1,1,0
54,2,23,5,2259,29,0,44,2,1,0
37,2,21,1,3505,54,0,32,2,1,1
35,2,18,1,6860,16,15,46,1,1,0
27,1,9,5,9377,100,1,46,1,1,0
50,1,22,1,1713,39,0,48,1,1,1
59,1,19,1,2919,1,0,33,1,1,1
54,1,17,1,7241,2,11,49,1,1,0
38,1,23,3,5597,3,0,47,2,8,0
60,7,23,3,100,203,0,40,1,1,0
75,1,18,1,1631,58,0,40,1,1,1
77,2,14,1,5585,72,0,52,1,1,1
24,1,22,1,1436,24,7,46,1,6,1
44,3,22,5,4004,20,0,30,1,1,0
48,6,17,1,3235,63,0,58,1,1,1
38,1,17,1,5808,3,0,23,1,1,0
46,1,21,1,148,21,0,36,1,1,1
58,1,21,1,5963,107,0,53,1,1,1
34,1,16,3,6840,13,0,53,1,1,1
25,1,17,3,3642,101,0,28,2,1,0
75,1,18,1,4848,23,0,48,2,2,0
47,1,19,2,2087,157,0,21,2,1,0
80,5,12,1,2188,10,0,54,2,1,0
37,2,17,5,5927,14,0,41,1,2,1
44,4,22,5,900,262,0,31,1,2,1
37,1,19,5,8075,253,0,56,1,1,0
27,4,24,5,4220,22,0,13,1,1,1
58,3,22,1,1198,9,0,43,1,1,1
60,1,16,5,512,134,0,69,1,1,0
21,2,19,5,8312,44,9,49,2,1,0
45,1,21,1,2503,289,0,32,2,1,0
44,1,19,3,1281,222,0,45,2,1,0
38,1,16,1,6643,69,0,56,1,1,0
18,1,21,5,4526,2,1,35,2,1,1
74,1,19,1,207,2,0,38,1,1,1
47,1,22,1,2769,165,9,57,1,1,1
50,3,22,2,4086,9,1,35,1,1,1
53,2,19,5,9632,171,9,48,1,1,1
39,6,17,1,7780,26,0,22,1,6,0
35,1,18,3,7924,2,0,18,2,2,0
74,7,22,1,4651,17,0,62,1,1,1
27,1,23,5,47,287,0,42,2,1,1
66,1,20,1,105,59,0,32,1,1,1
68,6,16,1,6941,95,0,73,1,1,1
31,1,18,3,7555,55,0,37,1,1,1
39,1,21,1,4166,2,0,27,2,1,0
24,1,17,3,9196,26,0,50,1,1,0
51,1,10,5,9404,243,0,37,1,1,1
45,2,23,1,1992,33,0,43,2,1,1
32,1,20,1,2713,197,1,68,1,6,1
40,1,17,5,7758,22,10,38,1,1,0
49,1,22,1,5264,5,16,40,1,1,1
42,1,13,1,803,139,0,48,1,8,0
39,2,20,5,1898,41,0,41,1,2,1
59,2,22,1,4407,199,0,40,2,1,1
58,1,17,1,843,48,5,44,2,1,1
26,1,18,5,4068,62,7,33,2,2,0
33,1,21,5,515,82,0,14,2,2,0
36,1,15,5,5843,216,0,38,2,6,0
44,6,17,3,6557,40,0,26,2,1,0
35,1,24,1,2261,14,3,44,1,1,0
24,6,20,5,1398,4,0,42,1,1,0
33,2,18,1,3655,1,0,32,2,1,1
54,7,22,1,1365,37,0,39,2,1,0
50,1,19,1,4075,37,0,39,1,2,0
26,1,14,5,4029,2,17,5,2,1,0
46,1,18,1,3405,80,7,12,2,1,0
60,1,19,1,1908,22,0,31,1,1,1
36,1,19,3,1485,29,0,21,1,1,0
46,1,20,1,2009,3,6,20,2,1,0
70,7,21,1,126,4,0,77,2,1,1
37,1,15,1,2571,59,0,43,1,1,1
22,1,18,5,2369,307,4,23,2,1,0
22,1,20,5,2935,100,0,54,1,1,0
43,1,13,1,1730,19,2,52,1,1,1
72,5,20,1,780,40,0,30,2,1,1
41,1,21,1,5007,231,0,45,1,1,0
61,4,19,1,7752,59,0,28,1,1,1
24,4,20,5,587,14,15,30,1,1,0
34,7,16,5,1446,45,0,21,2,1,0
51,1,23,1,7459,6,0,44,2,1,0
22,1,23,5,6833,173,17,18,1,2,0
19,1,13,1,3024,6,17,41,1,2,0
64,5,21,1,3635,183,0,47,1,1,0
21,5,20,1,3415,16,3,55,1,2,0
59,2,20,1,5197,9,0,36,2,1,0
84,1,16,2,9637,123,0,52,1,1,0
32,1,15,1,4761,81,0,36,2,1,0
48,1,18,1,3822,9,11,42,1,1,1
37,5,20,1,587,41,0,24,1,6,1
35,1,21,1,246,98,0,31,1,1,0
24,2,22,5,3898,1,0,36,2,1,1
43,6,18,1,6984,5,1,29,1,1,0
34,2,16,1,5216,430,0,27,1,6,1
29,1,18,3,2667,76,0,63,1,1,1
51,2,16,1,6959,142,0,32,2,1,0
69,2,13,1,2233,258,0,31,1,1,0
64,7,23,1,1061,233,0,44,2,9,1
43,3,22,4,240,113,11,58,1,8,1
79,1,21,2,496,163,0,31,1,1,0
32,1,18,1,919,158,0,21,2,6,0
44,1,19,5,4604,227,0,66,1,1,0
35,1,13,1,4618,99,0,50,2,1,0
46,1,21,1,7002,88,17,54,1,1,0
57,1,7,1,4687,106,0,17,1,1,0
22,1,14,5,916,261,16,49,2,1,0
45,1,12,3,8696,142,0,71,1,2,1
46,1,14,5,2341,51,0,14,2,1,0
62,5,23,1,627,39,0,24,2,1,0
26,1,13,1,1751,10,6,23,1,1,0
66,1,20,5,1562,39,0,39,1,1,1
24,1,16,1,7383,19,9,32,1,1,0
29,1,18,1,2372,5,1,48,1,1,0
48,1,17,1,4178,180,0,42,2,1,0
39,6,18,1,299,285,0,57,1,1,0
30,4,18,1,9466,40,0,20,2,1,0
62,3,21,5,6374,127,0,16,2,1,0
35,1,17,5,3223,280,17,29,1,1,0
37,1,20,5,6943,1,0,65,1,9,0
66,6,22,1,1638,344,0,36,1,1,1
26,7,21,1,1520,40,0,37,2,2,1
31,1,12,1,3704,49,0,43,2,9,0
67,3,21,1,740,2,0,49,2,1,1
69,1,23,1,656,62,0,46,1,1,1
47,1,5,1,8810,15,0,49,2,1,1
67,1,21,3,170,77,0,44,1,1,0
69,1,17,1,3721,55,0,52,1,1,0
33,1,21,5,7233,1,16,41,1,1,0
63,6,17,5,2403,16,0,35,2,1,0
38,2,19,5,7994,60,0,49,1,1,0
27,1,14,1,8596,62,0,41,2,1,0
56,1,21,1,4090,21,0,45,2,1,0
42,6,15,5,5681,62,0,37,1,8,0
27,1,15,1,4303,54,14,48,2,1,0
26,6,18,5,5474,12,6,25,2,1,0
34,7,22,3,1487,8,0,63,1,1,1
36,3,19,1,6587,40,0,33,2,1,0
36,1,20,5,7902,54,0,29,2,1,0
22,1,19,5,8816,31,0,20,1,1,0
47,1,19,1,4543,8,6,40,1,1,1
35,1,14,5,7359,61,0,51,1,1,0
18,1,20,5,2243,36,0,49,2,7,0
46,3,13,1,5755,51,0,1,2,8,0
43,3,16,1,6958,12,0,51,2,6,0
48,2,17,5,9148,7,0,44,2,1,0
65,7,20,1,2529,74,0,36,1,1,1
21,1,18,1,4496,176,0,23,2,1,0
85,1,23,2,2948,2,0,55,2,1,1
58,4,19,5,2890,24,0,28,2,1,0
41,1,22,1,5331,22,0,33,1,1,1
47,1,22,1,1116,9,0,36,1,2,0
50,6,15,1,3130,1,0,50,1,1,1
54,7,18,1,772,82,0,34,2,1,0
27,1,23,5,1628,48,0,61,1,1,1
37,4,23,1,291,210,0,56,2,1,1
24,1,19,5,860,114,0,38,2,8,1
65,3,20,1,1113,11,0,44,2,9,1
41,1,21,5,3084,38,17,24,2,1,0
22,1,16,1,5342,36,0,50,2,3,0
49,1,19,5,3881,10,0,36,2,1,0
26,3,15,5,5529,298,0,25,2,1,0
52,1,20,1,752,176,1,45,2,1,1
34,1,17,5,6979,163,2,38,2,1,0
34,2,19,1,3847,148,0,27,2,6,1
24,1,22,1,3419,87,0,56,2,1,1
29,1,21,5,6882,194,0,46,1,1,0
62,1,17,1,6011,87,0,28,2,1,1
29,1,21,3,172,2,0,42,2,1,0
47,1,21,1,3150,18,0,56,1,1,0
24,1,21,3,3894,4,0,49,1,1,0
47,7,22,5,931,21,0,56,1,1,1
34,1,22,5,3621,3,0,33,2,1,0
20,2,22,5,5215,113,0,10,2,9,1
45,1,20,1,7071,10,0,32,1,6,0
55,3,17,1,1745,27,0,50,1,1,0
38,2,19,1,918,1,0,26,1,1,1
39,3,21,3,2352,77,0,48,2,1,0
21,5,10,5,9813,1,2,32,1,1,0
46,1,14,3,737,129,0,36,1,8,0
50,1,18,5,7117,9,15,44,1,1,0
25,1,20,2,5209,9,15,40,1,1,0
22,1,22,1,7968,92,0,35,2,6,0
47,1,19,1,665,127,0,55,2,2,0
31,5,13,1,6516,16,11,43,2,1,0
55,5,11,1,3853,25,0,29,1,1,0
29,5,15,1,6457,13,0,44,1,1,1
35,2,18,5,4958,23,0,27,1,1,0
60,1,17,1,6446,131,0,43,2,1,0
78,1,15,1,6396,25,0,29,1,1,1
63,1,17,3,9781,23,0,51,2,1,0
56,1,19,1,2091,3,0,31,1,1,1
19,1,19,5,1713,2,3,11,2,1,1
60,1,23,5,3941,19,0,59,1,1,0
33,3,19,1,6428,121,0,35,1,1,0
49,6,14,5,6871,6,16,63,1,1,1
32,2,18,1,3553,23,1,40,1,1,0
28,3,19,1,2872,124,12,35,1,1,0
21,1,19,5,2791,42,1,47,1,1,1
62,2,19,1,373,25,0,39,1,6,0
46,1,21,1,1965,24,0,29,2,1,1
38,1,20,3,44,17,0,46,1,6,0
72,6,15,1,5541,163,0,31,2,1,1
39,7,22,5,2476,112,0,33,2,6,1
46,2,22,5,758,28,0,33,1,1,0
55,1,13,1,4703,21,0,47,1,1,1
31,1,20,5,7980,11,13,31,1,1,0
51,1,15,1,8968,51,0,69,2,1,0
46,1,20,1,4154,9,0,33,2,1,1
20,1,19,3,5149,7,11,61,1,1,1
49,1,22,5,484,68,0,32,1,1,0
20,1,17,5,2330,21,0,52,2,1,1
22,1,19,1,7539,9,0,50,2,2,0
55,3,21,1,1202,104,0,34,1,1,1
51,3,15,1,3854,22,0,12,1,2,0
68,3,20,1,6233,9,0,41,2,1,1
31,2,16,3,4715,101,0,28,1,2,0
27,1,19,1,8082,1,0,46,1,1,1
17,1,18,5,5465,26,17,31,2,1,0
49,1,19,1,5139,177,0,36,2,1,1
39,1,20,1,9101,52,4,36,1,1,0
45,1,21,1,907,3,0,59,1,1,0
35,1,16,1,3275,20,7,54,1,1,0
54,3,18,3,575,7,0,63,1,1,0
58,1,20,1,3491,79,0,59,1,1,0
68,1,17,1,7443,16,0,52,1,1,0
36,1,20,4,4484,60,0,39,1,2,0
34,6,14,5,5561,121,0,32,1,2,0
70,7,20,1,2116,99,0,26,1,1,1
73,1,20,1,3882,85,0,41,1,1,0
53,3,23,1,1190,20,0,45,1,1,1
37,1,22,1,7119,7,0,33,1,1,1
54,1,18,1,4846,31,0,31,1,1,0
57,6,19,1,458,105,0,34,2,2,0
43,1,22,1,5984,241,0,55,1,1,0
54,1,17,1,1968,233,0,46,1,1,1
80,3,21,3,3290,46,0,36,2,1,1
73,2,21,1,6322,109,0,55,1,2,0
24,1,16,5,3796,2,11,40,2,1,0
66,3,14,1,5020,65,0,68,1,1,1
39,1,18,1,2691,150,17,17,1,1,0
59,2,22,1,1821,3,0,53,2,1,1
41,5,18,5,4893,5,14,31,1,1,0
46,7,22,1,1308,194,0,47,1,1,1
65,1,15,1,7233,49,0,53,2,9,0
31,1,19,1,4219,156,16,51,1,1,0
37,3,21,2,4641,81,10,43,1,1,1
50,1,11,1,5978,427,0,60,1,1,0
40,1,20,1,87,38,0,26,1,1,1
30,1,21,1,4168,212,0,24,2,1,0
36,1,14,5,9023,84,12,49,1,1,0
43,2,18,1,5108,34,1,35,2,1,0
47,1,20,3,4977,1,0,54,1,1,1
19,1,13,5,4988,28,1,39,2,1,0
53,1,21,1,4633,60,2,23,2,1,0
56,1,15,5,2857,284,0,63,1,9,0
62,1,21,1,2737,13,0,34,1,1,0
54,6,19,1,5294,41,0,59,2,1,1
27,1,19,5,3677,16,0,42,2,1,1
73,1,19,1,5806,231,0,60,2,1,0
82,3,21,1,4140,202,0,31,2,1,1
64,1,20,1,7375,101,0,66,1,1,0
49,2,23,1,2119,2,0,48,2,1,0
31,1,20,5,1457,12,17,31,1,1,1
39,6,20,1,240,151,0,40,2,1,1
54,1,14,1,6261,110,2,36,1,6,1
61,7,22,5,3193,186,17,44,2,2,0
85,2,22,1,3320,116,0,28,2,6,0
34,2,21,1,4217,78,8,48,2,1,1
22,1,20,5,698,5,0,32,1,1,1
58,1,23,1,3550,30,1,42,2,1,0
69,1,19,1,408,76,0,1,1,1,0
33,1,24,1,6699,463,0,65,1,1,1
58,1,23,1,7975,132,1,32,1,1,1
48,1,21,2,3515,61,0,54,2,1,0
44,4,22,5,1979,2,3,40,2,1,0
66,1,22,1,7867,7,0,54,1,1,1
21,1,20,5,5050,147,7,57,1,1,0
42,1,17,3,8567,16,14,41,2,2,1
65,6,22,5,2006,88,0,37,1,1,1
19,1,22,5,672,3,10,32,2,1,1
34,4,22,1,4602,2,0,27,1,1,0
47,1,22,1,4286,32,0,24,1,6,0
67,1,23,1,5346,185,0,72,1,1,1
42,4,13,1,9259,236,0,29,1,1,0
33,1,15,5,6275,62,2,29,1,2,0
73,3,17,3,6495,4,0,32,2,1,0
80,2,21,1,5656,84,0,20,2,2,1
26,1,20,5,3405,45,16,44,2,1,0
30,3,21,1,5642,12,0,30,2,1,0
52,3,18,1,4152,37,0,28,1,1,0
75,1,18,1,4930,9,0,64,2,1,1
65,1,19,1,3890,307,0,33,2,2,1
64,4,16,5,2156,135,0,53,2,1,0
56,1,21,1,7039,24,0,52,1,1,1
37,1,19,1,3913,86,0,47,1,1,0
77,2,17,1,1032,2,0,47,1,1,0
20,3,13,5,3843,38,17,21,2,1,0
48,1,23,1,703,9,0,46,1,1,1
33,3,17,5,2578,16,0,37,1,1,0
33,1,19,5,4380,8,0,23,1,1,1
31,4,22,5,2554,29,17,20,2,1,1
45,1,17,5,919,337,0,33,2,1,0
46,1,17,4,8292,95,0,18,2,1,1
44,3,20,5,6858,103,0,31,1,1,0
62,5,19,5,1020,8,0,30,2,1,0
27,4,22,3,5934,1,0,33,2,1,1
27,2,17,1,2925,52,0,61,2,6,0
26,2,23,5,1942,3,12,31,2,8,0
58,1,18,5,3635,16,0,19,2,1,0
59,1,20,1,1863,100,0,49,1,1,1
22,1,20,3,3850,73,0,61,1,1,1
78,6,17,1,5121,19,1,51,2,1,1
35,6,22,5,3738,32,0,50,1,1,0
26,1,18,1,252,149,7,20,2,6,0
57,4,18,1,6320,151,0,55,2,1,0
62,3,19,1,4676,36,0,28,1,1,0
28,3,18,1,2009,21,0,35,1,1,0
28,1,19,1,2942,42,1,35,2,1,1
42,6,16,3,5634,68,0,31,1,1,1
45,1,17,1,1063,14,0,43,1,1,1
70,1,20,1,6989,100,0,45,2,1,0
53,2,22,1,3184,72,8,34,2,1,1
82,1,16,2,5445,27,0,43,1,1,0
33,1,16,1,7443,35,4,24,2,6,0
56,1,19,5,1801,141,13,29,1,1,1
22,1,18,5,5074,123,0,61,1,8,0
22,1,22,5,4774,4,14,43,1,1,0
77,1,19,1,4029,126,0,47,1,1,0
47,1,20,3,615,3,0,39,2,1,1
20,1,16,3,5762,12,0,32,2,1,0
25,6,19,5,1764,7,0,19,1,1,0
22,1,18,5,7163,10,0,19,2,1,0
42,4,21,1,1628,143,0,9,2,2,1
64,1,18,1,2874,58,0,39,2,1,0
51,1,21,1,8231,4,10,46,2,1,0
55,3,22,1,642,26,14,46,1,9,1
42,6,20,1,7238,96,2,26,2,1,1
62,1,18,1,3552,47,0,48,1,1,0
23,1,15,1,179,139,7,5,2,1,0
44,1,18,1,7265,78,0,34,2,1,0
70,1,21,4,2099,8,0,45,2,1,0
25,1,12,3,4959,68,0,21,1,1,0
49,2,23,3,1891,51,0,30,1,6,0
22,1,18,1,1394,23,1,22,2,1,0
35,1,19,1,1165,4,0,54,1,8,1
45,1,16,1,3718,24,0,49,2,1,1
58,1,21,1,4229,9,0,49,1,1,0
36,3,21,5,287,3,0,26,1,1,0
30,1,18,5,7218,2,0,49,1,1,1
61,7,18,5,1665,37,0,38,1,2,1
42,7,22,5,1444,375,0,29,2,1,0
55,1,22,5,2489,30,0,31,2,2,1
39,6,21,1,1323,176,0,21,1,2,1
41,1,19,1,944,3,0,25,1,1,0
40,3,17,5,2684,94,0,36,1,1,0
46,1,18,1,5767,63,0,50,1,6,1
52,1,22,5,912,20,0,52,2,1,1
38,1,18,5,2959,3,0,31,2,1,0
42,1,8,5,7222,23,2,21,2,5,0
54,1,18,1,1042,1,0,50,1,1,1
38,5,18,5,1715,199,2,27,2,1,0
27,7,17,5,8499,4,0,36,1,1,0
48,1,18,1,4914,5,0,36,2,1,0
62,3,22,1,673,135,0,61,2,1,0
39,1,17,1,687,17,0,34,2,2,0
40,1,17,1,7549,4,0,30,1,1,0
47,6,21,1,6022,5,0,34,1,1,1
31,2,15,4,7825,13,4,35,1,6,0
22,1,18,1,1585,70,17,41,2,6,0
68,3,19,4,3873,2,5,31,2,2,0
31,6,21,5,2218,89,0,50,1,8,0
51,7,19,5,1819,159,0,30,2,2,0
77,1,16,1,6943,187,0,31,2,1,0
21,1,15,5,6862,86,0,49,1,6,1
49,1,17,1,3635,554,0,80,1,1,1
51,1,17,3,4612,65,2,44,1,1,1
57,5,23,1,5578,32,0,49,1,1,1
40,1,11,1,2088,17,0,20,2,1,0
47,1,21,1,6655,47,0,38,2,1,0
75,5,21,1,5069,28,0,31,2,1,1
41,6,19,1,3514,33,0,43,2,1,0
25,6,22,1,1882,10,0,37,2,2,1
71,1,6,2,7860,36,2,23,1,1,0
65,4,18,1,1486,16,0,29,2,1,0
27,3,22,1,6894,8,0,33,2,9,0
36,1,17,5,2892,42,8,40,2,1,1
56,1,21,3,7357,304,0,33,2,1,1
41,2,17,1,1606,56,0,38,2,1,0
24,1,22,1,7054,1,0,23,2,1,1
44,7,21,1,3364,44,0,47,1,6,0
25,3,18,5,2166,35,0,26,1,1,0
49,1,20,4,376,2,4,68,1,1,1
60,6,22,3,1995,75,0,40,2,1,0
32,6,20,5,4305,76,16,27,1,1,1
21,1,17,1,2142,3,9,34,2,1,0
22,1,20,5,6580,39,0,44,2,1,1
70,4,14,4,4247,103,0,55,1,1,1
34,3,15,1,7278,2,4,27,1,1,0
46,1,23,1,6091,2,0,24,1,1,1
30,1,14,1,4650,135,0,40,1,1,0
84,3,22,2,5714,32,0,47,1,1,1
41,1,19,1,1754,183,0,25,2,2,0
36,1,20,5,9362,30,7,41,1,1,0
66,4,17,2,3856,60,0,57,2,1,0
27,1,19,4,3280,26,3,27,1,9,0
35,1,20,1,1812,161,4,45,1,1,0
19,3,18,5,7193,15,7,33,2,9,0
53,2,22,1,4223,27,0,55,1,1,1
52,2,17,1,1598,16,3,47,1,2,0
30,1,17,1,8202,3,0,46,1,1,1
50,1,20,1,1095,11,0,41,2,1,1
67,4,15,1,4164,7,0,41,1,1,0
50,1,23,1,3779,96,0,56,1,6,0
64,1,18,5,1579,7,0,32,2,1,0
59,6,20,1,3789,49,0,43,2,1,1
57,3,20,1,4621,43,0,31,2,6,0
48,2,17,2,8150,23,2,39,1,9,0
49,1,22,1,2452,264,2,45,2,1,0
34,3,19,3,2831,9,0,34,2,1,1
33,1,19,1,1060,132,16,55,2,1,1
40,1,10,5,7444,139,0,32,1,1,0
52,1,20,1,4765,277,13,33,2,1,0
26,1,22,5,8038,35,0,29,2,1,1
48,1,20,1,464,88,8,26,1,1,1
52,1,22,1,8610,278,5,45,1,1,0
52,1,20,1,739,130,0,44,2,1,1
25,1,20,5,3349,53,2,30,1,1,0
43,1,22,5,3936,26,0,30,2,1,1
32,2,20,5,2193,45,10,39,1,9,1
72,1,21,1,5121,117,0,45,2,1,1
39,1,22,1,1284,104,0,34,1,6,1
51,3,22,1,1782,69,13,50,1,1,0
22,1,18,3,6347,73,0,48,1,1,1
47,4,18,1,5247,44,0,56,2,1,0
27,1,19,1,5489,31,0,39,1,6,0
25,1,13,1,9670,236,0,37,1,2,0
36,1,23,1,1524,13,0,54,1,1,0
66,1,15,3,7996,8,0,31,1,9,0
60,1,18,1,1643,75,0,37,1,1,1
58,2,7,3,8737,6,0,34,1,1,0
60,1,21,5,2604,45,0,19,1,1,1
38,6,14,5,7701,19,2,52,1,1,1
64,5,18,1,3992,158,0,53,1,8,0
56,3,20,5,5733,18,0,16,2,1,0
26,3,21,5,4286,115,0,49,1,1,1
36,2,13,5,1895,52,0,47,1,1,0
29,6,21,5,886,79,0,37,1,1,1
31,1,10,1,5876,1,6,58,1,1,0
59,3,8,1,8457,10,0,44,2,1,0
22,1,18,5,4363,52,0,26,2,6,0
51,1,21,1,3765,51,0,9,1,2,0
41,1,21,1,2804,118,1,48,1,6,1
40,1,14,5,249,72,2,43,1,2,0
23,2,22,1,2809,263,7,44,1,1,0
57,1,24,3,2772,49,0,54,1,8,1
63,1,17,1,4177,10,0,28,1,6,0
40,7,16,5,2860,4,0,6,1,1,0
35,1,20,5,4171,6,0,37,1,1,0
28,1,21,3,503,100,2,30,1,1,1
58,1,16,5,9484,4,0,27,1,1,0
27,1,22,1,8627,232,0,44,2,1,0
35,6,15,3,5671,65,0,15,2,1,0
37,6,21,1,3522,68,0,37,1,1,1
53,2,20,3,8521,17,0,42,1,1,1
38,3,12,5,358,193,0,29,2,1,1
22,1,21,5,8971,176,0,45,1,1,1
37,1,23,5,1317,70,0,32,1,1,0
25,1,12,5,9306,87,2,44,1,1,0
39,1,20,5,1141,7,1,43,1,1,0
72,6,21,2,2573,103,0,63,2,1,1
37,2,15,1,1944,1,0,36,2,1,0
30,1,19,1,6483,257,0,16,2,1,0
46,4,19,1,1907,75,0,36,1,1,0
49,1,15,3,2808,122,0,41,2,3,1
34,1,17,5,4675,245,11,33,2,6,0
36,1,16,5,8950,6,0,24,1,9,0
47,3,22,1,6121,9,0,47,1,1,1
55,1,17,5,8776,50,3,29,1,2,0
42,1,21,4,887,29,0,63,2,2,1
40,6,21,5,1141,30,0,13,2,1,0
63,1,19,1,1523,63,0,38,2,1,1
42,1,18,5,5795,21,0,17,1,1,0
29,1,18,1,7116,36,0,38,1,1,0
46,6,16,3,4692,167,0,37,2,1,0
50,1,14,1,5068,12,0,26,1,8,1
37,6,15,5,7599,40,0,23,2,1,0
30,1,22,1,8100,1,0,49,1,1,1
66,1,18,1,7414,13,0,55,2,1,0
34,1,20,5,1731,38,11,53,1,1,0
26,1,21,5,42,15,0,51,2,1,1
32,1,18,1,4734,53,0,26,2,1,0
47,1,17,1,4601,29,0,38,2,1,0
34,1,12,1,6753,156,0,50,2,2,1
32,1,19,3,402,114,15,24,1,8,0
36,1,18,1,2463,17,0,38,1,1,1
25,3,21,5,7132,52,0,45,1,1,1
71,1,16,1,6187,26,0,40,1,1,1
71,1,17,1,7764,8,0,43,1,1,1
36,1,16,1,5183,181,11,42,1,1,0
48,6,18,1,365,7,0,21,1,1,0
42,1,18,1,3888,139,0,52,2,1,0
59,7,19,1,3158,95,0,45,2,6,0
22,2,18,5,1287,93,17,15,1,1,0
46,7,22,5,5110,107,11,50,1,1,0
61,3,17,1,4765,26,0,34,1,1,0
44,1,20,1,4796,8,6,51,2,1,1
38,1,20,1,6359,158,0,43,2,7,0
60,1,17,1,7487,1,17,27,1,1,0
36,1,15,1,5370,39,0,51,2,9,0
34,1,19,5,2381,208,0,44,2,1,0
23,1,17,5,1735,22,17,24,1,1,0
69,1,24,3,293,138,0,58,2,1,0
38,1,19,1,7352,98,14,41,1,1,1
28,1,20,1,1313,122,0,46,1,1,0
29,1,20,5,5455,19,17,49,2,1,0
23,1,14,1,8125,86,0,28,2,6,0
47,1,19,3,241,28,14,55,1,2,1
61,6,19,1,5235,3,14,44,1,1,1
58,1,23,1,2425,84,0,21,2,2,0
61,1,18,1,4119,10,0,34,1,1,0
38,7,22,1,2870,3,0,26,2,1,0
32,1,21,1,1680,495,0,33,2,2,1
19,2,15,1,1943,26,0,46,1,1,1
53,2,19,1,6237,235,0,45,1,1,0
46,1,23,1,329,7,0,44,2,1,0
31,1,23,3,1275,1,0,50,1,1,0
63,1,21,1,3866,32,0,41,2,1,1
33,3,20,1,96,58,2,37,2,1,0
36,3,16,1,4496,30,0,20,2,1,1
69,1,21,3,3352,37,0,36,1,2,1
48,1,18,5,2527,17,0,42,2,1,1
23,1,18,5,4138,2,0,28,1,6,0
39,6,18,5,4536,47,0,52,2,5,0
34,1,21,5,190,101,0,31,1,1,1
52,2,16,1,5523,42,0,37,1,1,0
41,1,16,3,3116,28,0,40,2,1,0
25,1,11,5,3561,28,5,13,2,1,0
42,3,20,5,6172,3,1,48,1,1,0
70,1,22,1,768,52,0,54,1,1,1
27,1,23,4,28,35,0,30,2,1,1
31,1,10,1,8829,2,17,11,2,2,0
29,3,12,3,4860,121,0,28,2,1,1
34,8,20,1,8405,51,1,48,1,1,0
37,6,23,5,558,38,0,45,1,1,1
51,1,17,5,1206,280,7,25,2,6,0
28,1,19,5,688,1,0,44,1,2,0
29,1,22,1,4029,6,17,55,2,1,1
29,2,20,3,485,31,0,41,1,3,0
42,4,14,1,3814,90,10,36,1,1,0
20,1,18,3,4710,3,16,25,2,1,1
58,1,17,1,2709,1,2,32,1,2,1
40,4,18,1,2974,135,17,40,1,1,0
40,1,20,1,5826,1,0,71,1,1,1
34,3,22,2,1737,65,0,35,2,1,1
47,2,15,1,4688,4,16,49,1,2,0
29,2,19,5,8453,297,1,35,1,1,0
71,3,18,1,280,40,0,58,2,1,0
38,3,22,5,1816,39,0,16,1,1,0
42,1,22,5,7686,7,0,29,2,2,0
32,1,19,5,4513,59,17,36,2,1,1
51,1,19,1,6793,4,0,41,1,1,0
29,1,21,1,2183,23,0,56,1,1,0
66,4,22,5,484,73,0,37,1,2,1
24,1,17,3,7385,24,7,15,1,1,0
29,5,23,5,2486,117,8,44,1,8,1
22,1,20,5,5370,120,1,52,2,1,1
52,1,15,1,8749,341,0,48,2,1,0
56,4,19,1,2084,4,0,36,1,1,1
22,1,14,3,2877,34,0,34,2,1,0
47,1,17,5,3254,93,0,35,1,1,0
54,1,21,5,7702,4,0,45,1,2,1
52,1,17,5,9608,32,0,65,1,6,1
30,1,22,1,466,37,11,39,1,1,0
31,1,15,5,3127,16,0,32,2,1,0
39,1,15,1,3180,2,0,27,1,1,0
54,2,22,1,315,33,0,50,1,6,0
52,2,17,3,9451,5,1,30,1,1,0
27,1,22,5,467,132,1,28,1,1,1
29,1,15,5,5802,72,16,31,1,6,1
23,2,19,1,1043,214,1,33,1,1,0
36,2,19,5,8811,55,2,37,1,1,0
60,1,19,1,5033,145,0,46,2,8,1
28,1,20,5,4827,7,0,45,1,1,0
29,1,20,5,6660,62,0,26,2,1,0
63,2,19,1,2287,20,1,23,1,1,1
51,6,24,1,29,16,7,36,2,8,1
51,1,19,1,685,362,0,34,1,9,0
46,1,20,5,6647,33,0,25,1,1,0
52,1,18,1,4800,36,7,42,1,1,0
44,6,20,1,2215,66,0,38,2,1,0
53,1,21,1,2183,7,0,37,2,1,1
39,1,18,3,6142,82,0,30,1,1,1
53,6,23,1,1855,2,0,32,2,1,0
43,6,18,5,2848,21,0,48,1,1,1
31,6,19,1,7865,44,0,43,1,1,0
34,2,22,1,1696,75,0,36,2,1,1
54,2,23,1,512,29,0,32,2,1,0
62,1,13,5,8263,128,0,26,1,1,0
30,1,16,1,142,134,0,35,1,1,1
40,1,21,5,5967,2,0,37,1,1,1
46,1,22,5,4264,16,0,44,2,1,1
21,1,17,5,8348,371,14,40,2,9,0
23,1,15,1,2413,47,17,7,2,1,0
33,1,18,5,7133,374,0,57,2,8,0
34,1,22,1,1494,2,17,39,1,1,0
75,4,20,1,3405,27,7,45,1,1,0
64,1,21,3,4399,38,1,25,1,1,0
27,6,19,1,3530,1,0,32,1,1,1
26,1,18,1,1997,11,0,33,1,1,0
50,1,20,1,4197,97,0,43,1,6,1
37,3,15,5,9268,21,0,34,1,1,0
70,1,21,3,1774,202,0,48,2,1,1
51,1,20,1,6576,76,0,32,2,1,1
33,3,21,1,1526,79,11,26,2,8,0
21,1,21,5,6182,4,0,43,1,1,0
26,1,18,5,2820,8,0,46,2,8,0
41,1,18,1,9109,61,1,40,1,8,0
76,1,14,1,4232,6,3,65,1,1,1
44,3,23,1,964,4,1,21,2,1,1
42,1,20,1,2480,64,0,44,2,1,1
34,1,21,3,6963,26,2,40,2,1,0
66,1,15,1,4964,190,15,71,2,1,0
38,2,16,1,6856,273,3,50,1,1,0
63,5,17,1,6082,3,0,52,2,2,1
46,1,21,5,1140,41,0,61,2,1,0
48,2,22,1,38,129,0,29,2,1,1
46,4,19,1,1731,46,0,56,1,1,0
71,3,22,5,1490,69,0,68,1,1,1
32,1,21,3,926,37,0,43,1,2,0
33,1,18,1,9121,32,2,24,2,1,0
48,3,21,3,6389,60,0,38,1,1,0
37,1,22,5,3422,60,0,41,1,1,1
63,1,17,1,6050,105,17,28,1,1,0
24,1,13,5,6916,148,0,55,1,1,0
67,7,19,2,5304,80,0,61,1,6,1
52,1,16,1,7433,48,0,26,1,1,0
42,6,19,3,2211,84,0,59,1,1,0
24,1,19,1,953,326,11,37,1,1,0
48,7,21,3,3477,38,0,16,2,1,1
21,1,17,5,6693,78,3,28,1,1,0
41,1,16,1,4311,170,0,29,2,1,0
22,1,12,5,9420,3,0,48,1,1,0
42,1,13,1,7654,105,0,19,1,8,0
66,1,20,1,4340,117,3,31,1,1,0
65,1,23,1,2727,4,0,44,1,1,1
20,1,19,5,5689,142,0,30,2,1,0
29,2,19,5,7139,260,0,22,1,2,0
32,1,18,1,5400,45,0,39,2,1,0
22,1,18,1,6654,177,0,55,1,1,1
85,1,19,1,262,22,0,53,1,1,1
51,6,21,1,1483,81,0,41,1,2,0
42,1,22,1,5363,56,0,50,1,1,0
33,1,22,5,5137,65,0,30,2,1,1
71,4,19,2,9551,44,0,22,1,1,0
78,1,19,1,6370,8,0,30,2,1,0
45,1,20,4,1399,204,0,58,2,1,1
26,7,15,5,3996,50,14,40,1,9,0
42,1,21,1,4263,1,0,38,2,1,1
19,1,16,5,5473,185,5,49,2,1,0
60,2,20,1,5982,29,0,61,2,1,1
50,1,17,1,1513,2,0,37,1,1,0
31,1,18,3,4860,39,0,42,2,1,0
47,1,21,5,1295,83,0,30,1,1,0
29,1,18,5,5754,103,5,33,2,1,0
45,4,17,1,4675,185,0,25,1,1,0
60,1,21,1,3741,104,0,28,1,1,0
24,4,20,5,3443,93,17,41,1,1,0
64,1,22,1,3985,69,0,54,2,1,0
51,1,23,1,1029,13,0,52,2,1,0
74,3,21,1,865,8,0,37,1,1,0
49,1,16,1,2900,4,0,40,1,1,0
41,1,17,5,2280,3,0,49,1,1,0
64,1,13,1,8456,60,0,22,1,1,1
69,4,18,5,2083,41,0,57,1,1,1
44,1,22,1,4202,6,0,35,2,9,0
23,1,18,3,3934,56,0,59,1,1,0
40,4,20,5,5284,32,0,44,1,1,1
43,1,18,5,7541,35,5,43,2,1,1
52,5,18,3,2519,168,0,23,1,1,1
64,1,21,1,4598,83,0,33,2,1,1
24,3,21,5,691,36,0,22,1,9,0
69,1,18,1,4442,197,0,45,2,1,1
25,1,17,1,6502,147,0,40,1,1,1
47,3,13,3,7559,34,1,34,1,1,0
50,1,17,3,120,3,0,45,2,1,1
22,1,19,5,1563,16,5,32,2,1,0
33,1,19,1,5174,177,0,45,1,1,0
25,1,22,1,8694,203,1,12,2,1,0
22,1,22,1,3396,125,0,16,1,1,0
67,6,22,1,153,54,0,8,2,1,0
23,1,21,5,2527,25,0,41,1,1,1
34,7,19,5,7775,174,0,59,1,2,1
34,1,18,3,2224,80,0,45,2,1,1
62,1,18,2,6591,19,3,44,2,1,0
63,2,17,1,6163,25,2,39,2,1,0
26,2,19,5,661,120,0,54,1,1,1
32,1,22,1,2537,26,4,28,2,1,1
59,1,15,1,1853,85,0,53,2,8,1
54,1,16,1,6388,273,0,55,1,1,0
42,1,19,1,3692,423,13,27,1,1,0
30,1,11,1,4493,15,5,30,1,1,1
21,1,21,5,4628,22,0,32,2,6,0
49,1,22,1,1916,10,0,53,2,1,1
54,1,17,5,7770,190,0,26,2,2,0
31,1,22,1,2916,66,0,33,2,1,0
21,1,16,5,6521,57,13,32,1,8,1
57,5,18,1,5211,85,0,42,2,1,1
49,1,21,1,2599,9,0,44,1,1,0
60,2,22,1,4284,43,0,37,1,1,1
41,2,23,5,2120,144,0,54,2,1,1
35,1,16,4,8597,5,16,35,1,2,0
50,1,18,5,897,34,3,22,2,2,0
38,4,17,1,2468,5,0,41,2,1,0
28,1,20,5,1473,21,0,37,1,1,0
70,3,16,1,7510,1,0,36,1,1,0
40,3,22,5,4478,19,0,34,2,6,1
60,1,24,1,5798,208,0,50,1,2,1
60,6,20,3,527,3,0,40,1,1,1
49,1,23,1,173,134,0,29,1,1,0
35,1,22,5,1283,29,17,38,1,1,1
18,1,20,5,8654,31,0,64,1,1,1
32,1,19,5,1078,12,0,19,2,1,0
26,5,20,1,75,2,0,28,2,1,0
36,1,23,5,5912,21,0,26,2,2,0
36,1,22,3,4090,33,0,63,1,2,1
66,5,21,2,9296,96,0,35,2,1,0
59,1,22,1,6082,32,0,25,1,1,1
74,1,17,4,6447,20,0,48,1,1,1
44,2,21,5,2618,246,16,21,1,1,1
71,1,20,5,2193,191,0,42,2,1,1
60,1,17,1,5145,258,0,14,2,1,0
40,1,13,5,3506,127,1,55,1,6,0
56,8,23,1,1105,8,0,34,1,6,1
20,2,16,1,4678,8,0,18,1,1,0
50,1,19,1,4020,30,0,42,1,1,0
71,3,19,1,326,443,0,47,2,1,1
21,6,15,3,5503,2,16,32,2,1,0
39,1,13,1,5847,22,0,57,2,1,0
26,7,15,5,1219,258,0,31,2,1,0
67,1,21,5,8064,24,0,42,2,1,1
37,1,21,1,5762,30,0,26,2,1,0
31,7,20,3,4116,3,0,32,2,1,0
33,1,18,5,8751,3,17,44,1,6,0
51,1,20,1,3149,43,0,18,2,1,1
49,4,22,1,4921,34,0,70,2,1,1
34,1,17,5,5113,2,12,42,2,1,0
50,2,19,1,7105,107,0,34,2,1,0
55,1,17,5,9078,125,0,38,2,1,0
54,1,21,1,3632,2,0,38,2,1,1
73,1,10,1,9600,303,3,45,2,1,1
30,1,22,5,15,137,0,38,2,1,1
60,3,21,1,1034,205,0,51,2,1,0
39,1,21,1,993,1,0,37,2,1,0
39,1,21,1,4584,23,0,24,2,1,0
39,1,21,1,1701,42,0,36,1,1,1
36,1,24,1,380,9,10,38,2,1,1
22,1,18,5,4887,23,3,40,2,1,1
65,3,18,3,3910,14,5,39,2,1,1
33,1,22,5,3520,5,0,31,2,1,0
68,1,15,1,8374,167,0,31,2,1,0
34,2,20,5,7404,7,0,36,1,1,0
40,1,15,1,5746,127,0,39,2,6,0
62,7,19,5,1130,80,0,38,2,1,0
51,1,19,1,5848,83,0,44,2,1,0
68,2,17,1,1299,96,0,38,1,1,1
50,1,20,1,1541,22,0,41,2,1,0
20,3,17,3,7174,13,17,31,1,1,0
52,1,21,1,5723,108,0,46,1,1,1
41,4,22,1,4809,21,0,22,2,1,1
63,1,15,1,5929,81,5,47,1,1,0
46,1,18,1,9433,76,0,36,1,2,1
49,1,21,1,2790,106,0,1,1,6,0
50,1,21,1,4522,66,1,30,1,1,1
38,1,18,1,6349,79,17,26,2,1,0
50,1,20,2,224,56,0,58,1,1,1
47,3,20,3,8314,12,5,27,1,2,1
45,1,23,5,6669,46,0,39,1,9,1
39,1,24,3,1893,65,0,35,1,1,1
31,1,22,5,3663,92,9,64,2,1,0
33,1,22,1,4824,52,0,25,2,1,0
71,7,20,1,6483,9,0,33,2,1,0
32,1,19,1,5882,1,0,41,2,1,0
53,1,21,1,44,33,0,54,1,1,0
52,3,18,4,1090,44,0,45,1,1,0
34,1,17,1,1912,1,0,42,1,1,0
32,1,18,2,1289,290,0,53,1,1,1
67,5,21,1,1749,69,0,52,1,1,0
25,3,18,5,7034,52,16,32,1,2,0
38,1,18,5,431,64,0,19,2,1,1
51,2,21,5,3123,19,0,47,2,1,0
25,2,12,3,4256,67,0,19,2,1,0
50,1,15,1,4236,18,0,24,1,1,1
55,7,21,1,2750,10,0,28,1,1,1
62,3,21,1,3441,89,0,58,1,2,1
21,1,19,5,7242,334,0,50,2,1,0
56,1,17,1,9192,281,0,65,1,1,0
54,1,18,3,1966,158,4,56,2,1,0
42,1,20,1,1041,22,0,38,1,8,0
30,1,15,5,5350,51,0,42,1,1,0
24,1,14,2,5963,6,1,38,1,1,0
32,1,21,5,1251,22,0,59,2,1,0
45,1,21,1,2003,20,0,32,2,6,0
36,3,15,1,2793,6,9,53,1,1,0
22,5,20,5,7665,51,0,48,2,1,0
57,1,20,1,4429,35,0,63,2,8,0
69,1,17,1,2199,12,0,33,1,1,1
75,1,21,4,4407,76,0,50,1,2,1
30,1,22,1,185,50,0,36,1,2,1
29,1,18,1,4381,11,13,41,2,1,1
39,1,17,1,5459,1,0,45,2,1,0
20,7,21,3,5143,3,0,34,2,1,0
38,1,22,5,4458,8,9,36,1,1,1
33,1,8,3,9799,48,0,1,2,2,0
62,4,21,5,154,39,0,37,1,1,1
29,1,22,3,1727,63,0,26,2,1,0
66,2,19,2,6159,94,0,36,2,1,0
25,1,16,1,7663,74,17,27,1,9,0
23,4,22,5,5127,169,3,41,2,2,0
47,1,15,1,5152,193,16,30,2,2,0
31,1,20,1,859,103,0,49,1,2,0
54,1,15,1,2007,106,3,49,2,1,1
53,4,21,2,4997,38,0,30,2,1,0
40,4,22,1,4615,37,0,42,2,9,1
27,1,9,1,6960,11,2,20,2,1,0
57,2,24,1,354,17,0,52,1,1,1
55,2,22,1,12,7,0,52,2,1,1
62,2,22,1,13,5,0,56,2,1,1
27,1,12,1,9257,34,5,19,2,1,0
48,6,17,1,1510,70,0,53,1,1,1
51,1,20,5,8317,145,0,48,2,1,1
51,1,20,5,8444,1,5,28,1,1,0
33,3,16,5,7760,151,0,48,1,1,0
19,5,23,5,826,18,1,32,2,1,0
49,1,17,1,5816,56,0,46,2,1,1
65,3,21,1,123,18,0,39,2,1,1
31,6,14,5,8675,41,2,25,1,9,0
49,6,19,5,5835,12,0,37,1,1,1
63,1,21,1,553,14,0,45,1,1,1
18,1,16,5,7029,10,17,60,2,1,0
37,1,18,5,9222,68,0,43,1,1,0
54,1,14,2,6206,332,0,48,1,1,0
21,1,21,1,1720,20,11,37,1,1,0
50,1,21,1,6899,139,0,50,1,1,1
56,5,16,2,1573,16,0,42,1,1,0
39,3,22,1,1877,7,0,41,2,8,0
64,2,16,1,9270,25,0,50,2,1,0
51,1,19,1,2988,160,0,57,1,1,0
35,1,20,5,6849,83,0,39,1,1,0
26,1,16,5,4684,161,16,29,1,1,0
43,1,15,1,6778,31,0,40,2,1,0
50,1,16,1,8058,142,1,61,1,1,0
28,1,16,5,4359,60,0,17,2,2,0
36,1,15,1,8508,4,0,36,1,1,1
41,1,16,1,2602,213,0,52,1,1,1
69,6,22,1,3819,34,0,20,1,1,1
65,1,22,1,3240,17,0,24,2,1,0
47,1,20,1,5476,37,0,21,1,1,0
52,1,13,1,8516,16,0,18,1,1,1
54,3,15,1,1961,281,0,50,2,1,0
18,1,20,5,1693,262,16,35,1,1,0
38,3,16,5,2867,365,15,33,2,1,0
33,1,16,1,1192,133,0,36,2,6,0
36,1,20,5,1007,4,3,35,1,1,0
64,1,19,1,1732,100,0,48,1,1,1
24,1,15,5,5855,2,4,35,1,1,0
51,1,20,1,6713,3,0,40,1,1,1
22,5,20,1,1767,107,0,32,2,1,0
28,1,12,5,5181,247,0,36,1,1,0
25,1,17,3,2876,61,0,31,1,1,0
22,1,17,5,1181,15,8,30,1,1,0
33,1,18,5,5614,48,0,34,1,8,0
78,1,21,1,6178,85,0,39,1,1,1
47,1,16,1,4519,38,17,33,2,1,0
29,3,20,5,3650,1,0,52,1,1,0
44,1,17,3,5634,100,0,56,2,1,0
53,1,22,1,297,10,0,40,1,1,1
35,1,19,5,774,10,0,15,1,1,0
29,2,16,5,9830,86,0,58,1,1,1
40,1,20,1,4668,24,0,41,2,1,1
22,1,22,1,3810,1,0,59,1,1,1
19,1,23,5,16,32,0,36,2,1,1
41,1,11,5,6470,309,1,53,1,1,0
32,3,21,5,4829,211,1,46,2,1,0
39,1,21,5,1401,356,17,44,2,1,1
27,1,19,1,2829,63,0,28,2,1,0
62,1,18,1,4903,94,0,44,1,1,0
38,3,18,1,4050,11,5,43,1,1,1
42,5,15,1,6895,10,0,38,1,1,0
37,1,21,3,2134,26,0,29,2,1,1
59,1,19,1,8317,23,9,39,2,2,0
36,1,18,3,6803,59,0,49,2,1,1
42,1,19,1,7631,175,0,48,1,2,0
43,1,21,1,2261,291,0,36,2,2,0
19,1,19,5,5227,24,0,41,1,1,0
19,2,19,5,8771,2,6,39,1,1,0
52,2,21,2,3304,76,0,33,1,6,0
37,4,13,1,9263,1,0,33,1,9,0
26,1,13,5,9194,33,2,37,1,1,0
46,1,20,1,6597,26,0,30,1,1,0
36,1,13,3,7447,20,11,65,1,1,1
43,1,21,1,561,1,0,37,2,1,0
34,1,20,1,9352,123,0,41,1,1,1
45,6,22,1,1163,2,0,30,1,2,0
60,1,18,1,5031,342,0,32,1,1,0
61,3,16,1,5321,276,0,49,2,1,0
24,1,15,3,5760,68,14,34,2,1,0
55,3,23,1,3420,3,0,47,2,1,1
37,3,22,5,520,43,0,64,1,1,0
27,3,15,1,3776,55,0,31,1,1,1
27,1,21,1,776,42,0,34,2,6,0
65,6,22,1,780,12,0,35,2,1,1
26,1,19,5,7823,5,2,34,1,1,1
58,1,23,1,913,3,0,51,2,1,1
30,5,18,1,5772,65,3,19,2,1,0
19,3,23,5,4114,148,0,35,1,1,0
50,1,21,1,5845,14,0,42,1,1,0
26,1,21,5,885,26,0,32,1,1,0
51,1,20,1,1244,49,0,37,2,1,0
80,1,19,1,4216,350,0,62,2,1,0
45,1,21,1,3078,260,7,18,1,1,1
39,2,15,1,6145,67,0,33,2,1,0
57,1,14,1,7850,16,0,38,2,1,0
24,1,19,5,1031,92,17,30,1,6,0
52,2,17,1,7378,72,2,51,2,1,0
36,1,20,5,5027,12,0,27,1,1,0
49,4,21,1,211,39,0,22,2,1,1
45,1,17,1,1125,7,0,47,2,1,1
38,1,21,3,3277,82,0,41,2,1,0
23,1,19,3,2391,19,3,34,2,2,0
25,3,20,5,18,38,0,45,2,8,1
62,1,20,2,658,92,0,43,1,1,0
44,6,22,5,6003,39,13,27,1,6,1
65,1,13,5,9480,1,0,25,2,1,0
53,6,22,1,904,22,3,28,2,1,0
21,1,20,5,4614,92,15,32,1,1,0
28,1,21,5,658,26,0,44,2,8,0
30,1,18,1,4751,194,16,52,1,9,0
42,3,22,1,1003,5,0,62,1,1,1
60,1,19,1,6176,6,10,34,1,1,1
47,1,18,1,2012,79,0,42,1,1,0
38,1,21,5,2618,163,0,22,1,1,1
25,2,22,5,5136,11,9,36,2,1,0
55,4,20,1,717,41,0,48,1,1,0
44,1,10,3,6177,28,13,21,2,1,0
50,1,22,5,2857,39,0,7,2,8,1
28,2,20,5,669,155,0,32,2,1,0
54,1,9,5,5697,228,17,37,1,6,0
23,1,16,5,4314,332,0,39,2,1,0
51,1,12,3,7589,128,0,27,2,1,0
29,1,18,5,5810,10,14,44,1,1,0
44,1,22,5,134,162,0,33,2,1,0
23,1,18,5,4773,457,0,44,1,2,1
33,1,21,1,3755,11,0,35,1,1,0
84,6,18,4,7935,28,1,35,1,2,0
76,1,22,1,709,253,0,39,2,1,1
43,1,18,5,5907,33,0,48,1,1,1
20,3,17,1,1769,261,0,24,1,1,1
52,1,17,1,3903,19,0,32,1,8,0
43,7,22,1,2801,22,0,47,2,1,1
18,5,17,5,7262,35,7,32,2,1,0
88,6,23,3,121,47,0,50,1,6,1
40,1,13,1,8332,25,16,36,1,1,0
81,7,20,1,6676,52,0,33,2,1,1
53,1,17,2,3770,2,0,35,2,1,0
21,1,21,3,6633,17,13,36,2,1,0
24,1,17,1,8758,50,11,29,2,1,0
18,1,21,5,2351,2,0,52,1,1,1
36,1,21,5,8943,182,8,33,2,1,1
51,1,19,1,8129,11,0,40,2,1,1
26,1,17,5,6079,26,0,31,1,1,0
33,5,20,4,8182,298,0,30,1,6,1
44,1,22,1,5295,10,0,49,2,1,1
59,1,19,1,5746,36,0,39,1,2,1
56,1,22,1,1302,11,0,55,2,1,0
26,2,15,1,6739,306,8,37,2,8,0
22,1,20,5,2174,65,0,34,2,1,0
43,1,21,3,8183,7,0,28,1,1,0
25,1,20,3,2250,132,9,26,1,1,1
48,1,17,1,6308,6,0,40,2,1,0
26,1,12,1,9830,193,0,50,1,3,0
56,1,13,1,9357,41,0,39,2,1,0
24,1,12,1,4565,35,0,31,2,1,0
76,1,19,1,1309,22,0,43,2,1,1
44,1,16,1,1821,41,0,42,2,1,1
31,1,17,5,996,10,0,47,1,1,0
32,1,15,1,8606,56,0,38,1,6,0
64,2,18,1,5916,12,0,50,2,1,0
79,1,22,1,2221,205,0,39,1,2,1
23,1,16,3,5621,135,13,55,2,1,0
36,6,19,1,3112,292,0,28,1,2,0
46,1,21,1,627,70,0,46,2,1,1
61,8,21,1,246,6,0,55,2,1,0
44,1,20,4,5930,66,0,38,2,3,1
50,1,22,1,3631,9,0,45,2,2,1
30,1,20,1,193,16,0,56,2,1,1
67,1,17,3,3266,132,0,24,1,6,0
24,2,19,1,3853,74,0,35,2,1,0
71,6,23,1,1931,1,0,20,2,1,1
75,1,19,1,2444,17,0,36,2,1,0
45,2,11,5,3963,3,0,34,2,1,0
61,5,20,1,6649,16,0,28,1,6,0
30,1,14,1,6958,221,0,37,2,2,0
21,1,17,5,6050,27,17,50,2,1,1
78,1,20,2,3941,86,0,30,1,1,1
30,1,17,1,1722,206,0,47,1,6,1
59,1,23,1,1953,8,0,63,1,1,0
66,1,19,3,848,233,2,31,2,8,1
32,2,21,1,7697,91,0,45,1,1,1
49,2,13,1,8515,160,0,30,1,6,0
38,1,16,1,6483,98,0,33,1,2,0
51,1,19,1,8146,2,1,10,2,1,1
68,1,6,2,9093,27,0,49,1,2,0
36,1,20,1,2396,183,0,41,2,1,0
44,1,21,1,4886,72,0,46,2,6,0
25,6,15,1,5222,12,0,20,1,1,0
23,1,17,5,7658,63,17,33,2,1,0
40,6,15,1,6209,6,14,50,2,1,0
28,1,20,3,5019,139,0,45,2,1,1
34,1,23,1,4367,3,3,50,1,1,1
23,1,21,1,3268,53,0,37,2,2,0
20,1,22,1,1032,131,0,43,1,6,1
21,1,18,5,8589,2,0,45,1,1,0
44,1,19,3,2640,11,0,37,1,1,0
34,1,16,3,566,89,0,66,1,1,0
51,2,19,1,4749,5,0,47,2,9,0
31,1,20,1,1339,73,16,28,1,1,0
32,6,18,5,5439,1,0,40,2,8,0
46,3,19,1,6871,39,0,37,2,1,0
65,1,18,1,4359,23,0,34,2,1,0
37,3,18,3,5489,32,0,40,2,1,0
19,1,18,5,7618,22,15,31,1,1,0
40,1,20,1,6446,16,0,31,2,1,0
64,2,23,1,5610,15,0,41,2,1,1
35,1,15,3,5909,1,1,50,1,1,0
51,2,19,1,2487,165,0,48,2,1,1
58,1,15,1,1000,76,0,10,2,1,0
37,1,14,5,6716,194,17,13,1,1,0
76,2,20,3,7406,13,0,61,1,1,0
39,2,18,5,5036,109,0,21,1,1,1
60,7,17,1,3009,72,0,36,1,6,0
69,1,21,1,3542,60,0,29,2,1,0
76,1,23,1,8768,12,0,45,2,1,0
21,2,20,5,3653,119,0,52,2,2,0
41,4,15,1,7021,12,0,35,1,1,1
36,1,22,5,1049,19,14,21,2,1,0
61,3,20,1,6873,86,7,39,2,1,0
42,6,13,3,9166,2,0,22,2,1,0
43,6,16,3,7348,23,0,36,1,1,0
37,2,23,1,234,14,16,54,2,1,1
22,6,15,1,8157,12,17,40,2,6,0
34,3,14,5,2280,29,0,34,1,1,0
50,1,22,1,7573,58,0,42,2,1,1
23,1,18,5,9416,32,0,30,1,1,0
55,4,15,1,880,2,0,32,1,2,1
79,7,23,5,2945,17,0,24,2,1,1
46,1,19,1,4510,33,15,70,1,2,1
44,1,21,5,1008,38,0,35,2,1,1
42,2,22,2,1093,243,0,33,1,6,1
37,2,16,5,2548,11,1,33,2,1,0
73,1,11,2,8974,31,0,30,2,1,0
53,4,18,5,2021,531,0,45,1,1,0
21,1,19,3,2507,83,2,38,1,1,0
30,1,19,1,7159,19,13,41,1,1,0
19,1,19,5,3053,6,13,39,1,1,0
40,1,18,1,663,2,0,63,1,1,1
33,1,20,1,8339,52,0,39,1,9,0
54,1,20,3,6567,454,5,54,2,1,0
43,5,22,1,2174,2,0,7,2,1,0
53,6,22,3,8577,18,0,24,1,1,0
61,1,21,1,7107,12,0,21,1,1,1
37,1,19,1,2641,146,0,54,2,6,0
53,1,21,5,4155,110,0,43,1,1,0
31,4,21,5,59,18,0,61,1,1,0
62,3,21,1,64,10,0,54,2,2,1
22,1,12,5,7960,77,0,41,1,9,0
66,8,22,1,5217,54,0,27,1,1,1
53,6,18,3,3533,43,0,51,1,1,0
49,3,22,1,3244,80,0,21,1,1,1
42,1,20,1,796,56,0,45,1,1,1
34,1,21,1,5274,22,0,32,2,1,1
53,1,10,1,8621,169,2,56,1,1,0
36,1,15,1,6648,35,3,43,2,1,0
82,2,21,3,1313,49,0,41,1,1,0
33,1,15,1,3392,315,14,58,1,1,1
19,1,16,3,2945,27,17,46,1,1,0
45,4,16,1,7345,10,0,26,1,9,0
33,2,23,1,169,15,0,34,2,1,1
46,1,22,1,4882,18,0,33,1,1,1
51,1,18,1,3139,7,0,48,1,1,0
53,1,21,2,3237,109,0,27,2,1,0
46,2,23,1,683,22,0,54,1,1,0
36,1,20,1,8467,243,11,34,2,1,0
35,1,16,1,8423,55,0,48,1,1,0
72,1,21,1,329,2,0,32,2,1,0
43,1,22,5,1547,116,0,61,2,1,0
45,5,22,1,5260,59,0,43,2,1,1
32,6,21,5,1031,33,0,38,1,1,1
69,1,23,1,3843,68,8,43,1,1,0
77,1,22,1,823,35,0,35,1,1,1
39,1,22,5,2498,2,16,26,1,1,1
32,1,16,1,4092,6,9,36,1,1,0
70,6,23,1,1042,2,0,36,1,1,1
41,2,19,5,6080,216,0,14,2,1,0
64,3,22,1,1195,3,11,42,1,1,0
34,1,19,5,2881,6,0,37,1,1,0
52,4,23,1,6167,213,0,10,2,8,0
32,1,22,5,1522,64,0,51,2,1,1
64,1,22,5,2690,13,0,52,2,1,1
25,1,18,1,2730,45,0,29,1,1,1
29,1,21,5,5588,8,0,30,2,1,0
48,1,16,1,3619,87,0,37,1,3,1
33,6,20,1,1969,40,0,45,2,6,1
30,3,23,5,1243,63,15,34,1,1,0
24,1,12,1,4529,133,1,20,1,1,0
59,1,15,5,7222,15,0,33,1,1,0
64,1,21,3,4057,302,14,52,2,8,1
35,1,19,5,3187,54,0,33,2,1,0
25,1,15,1,2243,241,14,29,1,6,0
46,1,19,1,184,196,0,53,2,1,1
66,1,20,5,4133,5,0,43,2,1,1
58,1,7,1,9015,45,10,37,1,1,0
42,1,13,1,5362,159,2,53,1,6,0
53,3,19,1,122,66,16,16,1,6,1
39,3,21,5,2803,51,15,41,1,1,1
48,3,20,1,792,38,0,64,2,1,1
20,1,17,5,7153,73,0,12,1,1,0
55,1,21,1,4939,224,0,28,1,1,1
48,4,18,1,3637,64,0,44,1,2,1
45,1,10,1,1491,80,8,42,2,1,0
21,1,22,3,6783,20,0,58,1,9,0
76,1,21,1,2806,15,0,40,2,1,0
53,2,19,3,219,9,0,55,2,1,1
25,1,10,3,8163,32,2,28,1,1,0
36,1,21,1,7845,56,7,39,1,1,0
42,1,15,1,1147,15,3,15,1,8,0
34,5,22,1,6139,196,0,57,2,2,1
45,1,20,1,6425,273,0,43,2,1,0
42,1,17,1,3377,6,0,50,1,1,0
73,6,23,4,4055,158,0,54,2,1,1
60,1,18,1,5423,31,0,35,2,1,0
42,1,19,5,6428,169,0,59,2,1,0
57,4,22,3,5291,24,0,40,2,2,0
63,4,19,5,7648,30,0,46,1,6,0
34,2,22,1,694,197,0,47,1,1,0
27,2,22,5,3901,32,2,36,1,1,1
48,1,19,2,986,20,12,49,1,1,1
83,1,22,2,3618,45,0,41,2,8,1
44,1,17,2,4840,23,0,47,2,1,0
59,1,7,5,6933,43,0,21,2,1,0
28,1,21,1,297,8,0,50,2,1,0
50,1,21,1,461,112,0,30,2,1,0
29,1,18,3,2310,202,0,43,2,2,0
33,1,19,5,850,12,0,28,2,1,0
28,1,20,5,2123,8,0,30,1,6,1
39,1,20,5,747,68,0,43,1,1,1
36,5,21,3,2667,128,0,38,1,2,0
56,1,20,3,3190,1,0,43,1,2,1
36,1,14,5,5313,515,0,25,1,1,0
38,1,18,5,2594,1,0,54,1,1,0
64,1,23,5,7737,5,0,76,1,1,1
20,1,16,3,2361,6,0,34,1,1,0
41,6,17,1,3016,22,7,13,2,1,0
55,1,18,1,8138,124,0,43,1,1,0
27,1,11,1,8863,72,0,26,2,1,1
25,1,16,1,7605,91,0,40,2,1,1
29,3,21,3,1909,335,2,43,2,8,0
52,1,21,1,5929,24,0,40,2,1,1
19,1,18,1,8901,2,9,51,1,1,0
18,1,12,5,9803,2,6,1,1,1,0
72,4,22,1,1680,36,0,41,2,1,0
31,4,13,5,9111,22,0,33,2,1,0
57,1,13,5,3290,38,6,15,2,1,0
25,2,19,1,7333,132,0,45,1,6,0
56,4,23,1,102,42,0,38,1,1,1
69,1,21,1,3511,323,0,30,2,2,1
22,1,21,3,5376,38,0,36,1,2,1
44,1,15,3,8568,5,16,18,2,1,0
37,1,18,1,2013,20,0,31,2,1,1
34,1,19,5,1124,49,0,21,2,8,0
33,1,21,1,4731,40,0,28,2,1,1
20,3,18,1,4407,85,2,38,2,1,0
31,2,16,5,5640,72,1,26,1,1,1
75,2,21,1,2709,4,16,50,1,2,0
31,1,17,1,5549,74,0,57,2,1,0
58,7,22,1,2834,20,0,45,2,1,1
33,1,21,1,4341,18,0,42,2,1,0
45,2,18,5,5173,170,0,28,1,1,1
58,2,21,1,1031,10,0,13,2,2,0
41,1,22,1,3622,55,0,9,1,8,0
42,1,18,5,9156,202,1,40,1,1,0
21,1,17,5,6655,55,15,33,1,1,0
38,4,18,5,5106,185,0,19,2,8,0
24,7,16,1,558,18,12,23,2,1,0
44,3,20,5,6820,41,0,23,1,1,0
71,1,22,1,1985,11,0,52,1,2,1
32,1,18,1,4142,98,0,57,1,1,1
37,1,16,5,7769,122,16,39,2,1,0
56,1,17,1,4925,14,0,45,2,1,1
74,1,11,1,6444,180,0,23,1,1,1
21,1,14,1,1063,6,17,58,2,1,0
24,3,20,1,4926,98,0,35,2,1,0
26,1,14,5,8551,99,0,36,2,1,0
52,1,17,5,2311,246,1,40,2,1,1
26,1,21,5,548,11,0,44,2,1,1
22,1,21,5,399,44,0,44,2,6,1
32,6,21,1,4699,230,0,33,1,1,0
56,1,19,5,6442,11,0,41,1,1,0
56,1,20,1,2445,75,0,48,2,1,0
27,6,19,5,1285,5,3,2,1,1,1
40,1,16,1,9089,252,0,25,1,6,0
60,1,10,1,8435,554,0,36,1,1,0
63,1,22,1,6959,28,0,32,2,1,0
47,1,19,1,8603,28,0,46,1,1,1
61,3,16,5,5688,168,17,51,1,1,0
70,1,15,1,1392,12,0,20,2,1,0
50,1,16,1,8109,34,0,15,2,1,0
26,1,19,5,3620,33,3,31,1,1,0
48,3,19,1,6292,6,1,35,1,1,0
53,5,21,5,3890,3,0,43,2,1,1
27,1,20,1,2327,108,10,23,1,1,0
56,1,23,1,49,3,0,53,1,1,1
53,1,17,1,3887,457,0,30,2,1,0
33,6,16,5,7725,60,0,29,2,1,1
72,3,21,1,4281,17,0,30,1,8,0
41,3,21,3,6960,10,0,25,1,2,0
78,1,12,1,4338,34,0,29,1,1,1
36,6,18,5,247,3,0,51,1,1,0
39,6,14,5,7279,15,0,45,2,1,0
48,1,21,2,151,72,0,43,1,1,1
38,7,18,1,1055,54,0,50,1,1,1
23,1,17,5,5472,50,0,21,2,1,0
38,1,18,5,8058,8,0,39,2,1,0
49,7,20,2,4221,11,0,24,2,1,1
39,1,14,1,871,30,3,40,2,6,1
24,5,17,1,5936,13,0,38,2,1,0
40,2,18,5,378,1,0,42,1,1,1
32,4,21,5,8810,1,0,28,1,1,0
30,6,21,5,6531,88,0,34,2,1,0
20,1,18,3,4905,67,0,18,1,2,0
72,7,19,3,2603,19,0,24,2,1,1
56,1,22,1,2480,1,0,50,1,1,0
67,1,17,1,9465,10,5,54,1,1,1
20,1,11,3,6258,65,0,22,2,8,0
19,3,21,1,736,16,0,23,2,2,0
39,2,17,5,2960,8,16,49,1,2,0
54,1,16,1,7831,9,0,35,2,1,0
38,1,17,1,114,162,0,48,1,1,0
27,1,18,1,2615,29,0,23,1,1,1
46,2,23,5,269,214,0,48,1,2,1
32,1,20,1,311,58,0,38,2,2,1
69,1,21,3,21,7,0,66,1,1,0
25,1,17,5,6138,51,0,36,2,2,0
35,1,18,1,3940,140,0,37,2,1,0
47,1,20,5,8147,15,7,37,2,1,1
42,1,24,5,3070,2,0,33,2,1,1
47,1,20,5,359,8,0,41,1,1,0
53,5,18,1,3879,23,0,30,1,6,0
32,1,15,1,7336,183,4,34,1,1,0
25,5,16,1,678,23,10,51,2,1,1
35,1,17,3,9630,99,0,51,1,2,0
38,1,18,5,9350,77,10,12,1,1,1
32,1,16,5,8217,30,0,42,1,1,0
37,5,19,4,4839,30,0,59,1,1,1
60,1,15,1,4991,18,0,38,1,6,1
53,7,23,5,95,51,7,39,2,1,0
25,1,17,5,8643,31,0,22,2,8,1
30,5,22,5,180,2,0,37,2,1,0
32,1,20,5,1879,10,0,28,2,1,1
33,3,16,3,1605,404,0,49,2,1,0
44,3,15,4,8335,61,0,54,2,1,1
64,3,20,1,3705,77,0,34,2,1,0
44,1,22,1,1285,4,0,57,2,1,1
26,1,17,5,4091,18,2,32,2,1,0
31,1,19,1,5437,51,0,52,2,2,0
32,3,18,1,838,23,0,61,2,1,1
44,1,18,1,1758,147,0,29,2,1,1
75,3,17,1,4060,6,0,26,1,1,0
63,1,19,3,1040,98,0,28,2,1,1
51,1,16,1,6951,68,0,62,2,1,0
23,1,15,5,4161,14,9,24,1,1,0
65,1,15,1,3543,19,4,36,1,1,0
72,1,19,5,3175,20,1,57,2,2,0
74,1,20,1,1210,12,0,32,1,1,0
25,1,20,5,8791,35,0,45,1,1,1
50,1,17,1,5983,13,0,47,1,1,0
52,2,21,1,302,156,0,58,2,1,1
37,1,21,1,5479,71,0,16,2,1,0
45,1,19,5,2870,255,0,32,2,2,0
39,1,20,3,6855,27,0,14,2,1,0
52,6,19,1,7153,274,0,56,1,1,0
36,7,21,1,5542,6,16,36,2,1,1
63,1,21,1,1735,34,1,54,2,1,1
53,1,20,1,4738,2,17,36,1,1,1
42,1,17,1,2995,135,11,47,2,6,0
18,1,13,5,3845,2,16,7,2,1,0
66,4,23,1,2408,11,0,51,2,1,1
55,1,16,3,2568,102,0,55,2,1,1
62,1,19,1,4181,104,6,42,1,8,1
31,1,11,1,9830,7,0,35,2,9,0
54,1,17,2,3917,46,0,34,1,1,0
53,3,16,1,6004,26,0,50,2,1,1
37,1,22,1,1544,189,5,43,1,1,1
48,6,17,5,5542,8,0,54,1,1,1
36,1,19,1,6096,21,1,22,1,1,0
79,3,17,1,1599,43,0,43,2,6,0
37,1,19,1,5494,6,0,33,2,8,0
61,1,24,1,30,45,0,56,1,1,0
27,1,19,5,6026,47,0,35,1,1,0
81,3,19,1,7445,31,0,34,2,1,0
42,3,23,5,120,213,0,51,1,1,0
52,1,15,1,5504,22,0,47,1,1,1
32,1,19,3,3291,52,0,37,2,1,0
32,4,20,5,26,6,0,59,1,1,1
41,3,19,1,8679,1,0,37,2,8,0
49,2,17,3,8840,12,1,16,2,1,0
51,1,16,1,7562,22,0,30,2,1,0
32,1,19,5,4265,171,0,36,2,8,0
38,1,21,3,4254,54,0,23,1,8,0
28,1,8,1,4829,239,1,26,1,1,0
51,1,14,1,3273,16,0,47,1,1,0
28,1,22,1,2439,56,0,33,1,1,0
48,1,22,1,3155,152,0,49,1,6,1
87,1,23,1,3795,189,0,48,1,1,1
55,1,19,1,96,139,0,36,2,8,1
24,1,18,5,2220,68,0,50,2,9,1
49,1,20,1,9179,26,0,52,2,1,0
50,1,21,5,2218,8,0,26,1,1,1
53,4,20,5,1092,100,0,35,2,1,0
27,1,16,5,3866,9,0,1,2,1,0
68,1,19,1,5233,15,0,48,1,1,1
35,3,17,3,9289,81,17,38,1,1,1
51,1,19,1,6058,344,0,57,2,2,1
55,4,18,1,6219,16,0,57,1,1,0
20,1,20,1,2575,3,0,40,2,1,0
38,2,19,5,773,41,17,40,1,1,0
57,1,23,5,2770,219,0,26,2,1,0
80,1,14,1,6519,150,0,54,1,1,1
50,2,22,5,1486,47,0,25,1,1,0
66,1,16,5,1618,50,0,48,1,1,0
40,1,19,1,1640,5,0,23,2,1,1
29,4,17,5,4597,269,0,29,1,1,0
29,7,21,5,3586,170,1,38,1,1,0
53,3,19,1,5680,1,0,34,2,1,0
41,3,22,4,2658,262,0,19,1,1,0
53,1,20,1,2680,173,0,48,2,1,1
30,2,13,1,4939,41,6,53,1,1,1
40,1,17,5,2791,2,5,33,2,1,1
34,1,18,5,4039,78,0,44,2,1,0
33,1,23,1,3062,43,0,42,1,1,0
32,1,13,3,2194,223,11,57,1,1,0
58,6,21,1,1823,13,0,78,2,1,1
31,1,19,5,1317,63,0,44,2,1,0
31,1,20,3,714,23,0,30,2,1,1
30,1,19,1,1902,31,0,25,2,1,1
57,1,17,1,5027,50,2,20,2,8,0
51,3,21,1,1298,1,0,30,2,1,0
40,4,20,3,9181,48,0,50,2,1,1
24,4,14,1,9574,4,0,29,2,1,0
51,1,21,1,6504,69,0,45,1,1,1
26,1,22,1,1398,120,0,28,2,1,1
55,6,14,1,2230,56,0,42,2,1,1
22,1,15,5,7470,18,0,18,2,8,0
62,1,22,1,1626,31,0,31,1,9,1
61,1,22,1,424,3,0,45,2,1,1
36,1,17,1,6110,280,0,51,1,2,0
41,1,19,5,3758,72,0,56,2,1,0
32,1,19,1,6691,11,0,34,2,9,0
44,2,20,1,3479,35,0,38,2,1,0
26,1,15,1,8806,144,0,51,1,1,0
43,1,17,1,6366,70,0,35,1,1,0
38,1,18,1,81,7,0,49,2,1,0
21,1,21,5,1518,136,0,54,2,1,0
42,3,23,1,4684,35,0,45,2,1,0
34,1,16,5,6604,2,7,12,2,1,0
46,6,21,1,2567,324,0,70,1,1,1
45,6,17,1,5880,27,0,61,2,6,1
56,1,20,5,183,108,0,61,1,1,1
64,1,22,1,7785,82,0,29,1,1,1
57,1,19,1,2678,13,7,28,1,1,1
62,1,22,1,5356,50,0,32,1,1,0
45,5,17,1,6800,53,17,28,2,6,0
33,5,12,3,8711,37,15,32,1,1,0
32,1,11,5,4008,62,3,59,1,1,0
92,1,22,2,2061,29,0,40,2,1,1
27,1,16,5,3152,15,0,17,2,1,1
34,1,22,1,5682,34,0,90,1,1,1
73,1,22,1,651,101,0,51,1,1,1
34,1,21,5,6672,30,0,42,1,1,1
44,4,16,1,3846,45,0,33,1,2,0
19,3,22,5,566,38,0,28,2,6,1
24,1,20,1,5420,143,0,37,2,1,0
38,1,18,1,7803,26,4,68,1,1,0
54,1,20,3,1485,2,0,44,1,1,0
52,1,20,1,743,65,12,17,1,6,1
45,6,15,5,7781,110,0,62,1,1,0
31,4,14,5,8333,95,15,32,2,6,0
27,1,22,1,1232,212,0,19,2,1,1
21,1,13,5,6760,44,0,46,1,1,0
55,1,17,5,2685,33,17,45,2,1,0
46,1,13,1,9075,83,1,16,1,1,0
45,1,22,2,114,4,0,45,2,1,0
59,1,21,2,1002,76,0,40,1,2,0
49,3,23,1,1853,49,0,33,1,1,1
31,1,21,5,3951,206,0,61,2,1,1
54,3,22,5,4405,1,0,45,2,1,1
30,6,18,3,3897,24,0,31,1,2,0
24,2,20,3,2822,44,1,40,2,1,0
18,1,18,5,2615,213,0,53,1,6,1
19,1,4,5,6940,94,5,43,1,1,0
46,1,18,1,3276,36,3,13,2,1,0
68,1,24,1,1059,34,0,43,2,1,1
55,1,20,1,1608,24,0,57,2,1,1
84,1,21,1,1148,213,0,54,2,1,0
44,1,22,4,358,3,0,64,2,1,1
53,3,22,1,6353,30,0,56,1,6,0
39,2,16,1,6995,95,4,34,2,1,0
19,1,22,5,4138,18,10,56,1,1,1
44,1,14,1,4275,106,0,32,1,1,0
23,1,19,3,646,186,4,24,1,1,1
74,1,18,1,1088,125,0,45,1,1,0
38,1,17,5,4495,179,0,35,1,1,1
49,3,15,1,3526,16,0,38,1,1,1
20,7,18,5,5683,62,17,21,2,2,0
58,5,22,1,2682,44,0,47,1,1,1
33,7,20,1,1672,100,1,22,2,2,0
36,1,19,1,5372,12,0,45,2,1,1
50,5,17,5,6710,177,1,16,1,1,0
38,7,14,5,3642,198,1,38,2,9,0
43,1,21,5,4761,85,0,50,2,1,1
61,1,19,1,494,1,0,4,2,1,0
50,2,21,5,697,421,4,30,2,9,0
32,1,13,1,3537,274,0,21,2,1,0
48,1,16,1,7213,86,0,46,2,9,0
39,1,20,1,2205,102,0,35,1,1,1
21,1,20,5,8444,108,0,22,2,2,0
25,3,15,5,6729,181,10,29,1,1,0
37,7,20,1,206,22,5,25,2,1,0
53,2,23,1,2746,333,0,48,1,2,1
65,5,20,4,5092,14,0,20,1,2,0
67,7,17,1,6577,116,0,21,1,1,0
39,1,20,1,3242,34,0,57,1,1,1
36,1,13,1,4461,113,0,35,2,1,0
31,4,20,5,2886,67,0,31,1,1,1
49,1,17,5,7904,64,0,44,1,6,1
32,5,20,1,5662,84,0,34,1,2,0
52,1,18,3,3722,5,0,16,2,1,0
29,1,18,3,6740,26,0,38,2,1,1
21,1,21,3,14,170,0,43,2,1,1
22,2,19,1,945,154,0,35,2,1,1
32,1,7,5,9702,95,2,41,2,1,0
61,4,21,1,2660,2,0,1,2,1,0
41,1,22,1,5863,91,0,44,2,1,0
40,1,18,3,2558,28,0,32,1,1,0
29,1,20,5,4670,8,0,31,2,8,0
50,1,21,1,162,28,0,41,2,1,0
47,1,16,1,1162,35,0,32,1,8,1
80,1,20,1,2949,86,2,39,2,2,1
33,1,20,5,1069,29,6,43,2,2,0
33,1,15,3,1419,96,0,18,1,1,0
51,3,22,3,6250,161,0,26,2,8,1
34,1,14,5,4125,42,0,44,2,2,0
54,1,15,1,3818,76,0,37,1,1,0
47,1,17,1,2622,159,9,48,2,1,1
73,6,24,1,1439,42,0,50,1,6,1
62,1,13,1,4760,147,0,51,1,1,1
74,4,21,1,1560,74,0,53,2,1,0
40,2,22,1,2614,97,0,46,1,1,1
39,1,18,5,2435,6,17,32,1,1,1
24,1,21,1,5663,34,0,33,1,1,0
25,1,15,5,8874,15,12,22,2,1,0
28,1,23,1,282,2,0,49,2,1,1
44,5,20,1,8110,46,4,43,1,1,0
64,2,18,1,5320,20,0,31,2,9,0
59,5,20,3,777,3,0,32,1,1,1
52,1,23,1,2222,28,0,37,1,1,1
43,1,23,1,800,71,0,40,2,1,1
35,1,15,3,6992,302,0,50,2,1,0
30,2,20,3,3985,6,0,33,1,1,0
21,1,20,5,3823,78,0,36,1,2,0
55,1,22,5,1139,28,0,39,1,1,1
37,1,17,3,3623,4,16,30,2,1,0
52,1,20,1,1447,9,0,34,2,1,1
26,2,15,5,8128,32,8,51,2,1,1
47,1,21,1,6667,25,0,33,2,1,0
47,6,11,1,7062,12,0,19,2,1,0
53,3,14,1,7344,3,0,33,1,1,0
41,1,18,1,2400,288,17,41,2,1,1
52,1,19,3,7389,28,0,33,1,2,1
48,1,20,5,3699,57,0,64,2,1,0
29,1,20,1,8632,280,5,30,1,1,0
78,1,13,1,9634,17,0,34,1,1,0
36,4,20,1,6297,14,0,38,1,1,1
49,4,21,4,485,10,0,51,2,6,1
65,1,22,1,985,39,0,43,2,8,1
21,3,18,5,6448,155,0,49,2,9,0
59,1,18,5,6030,22,0,28,2,1,0
70,1,17,1,3074,4,0,64,1,1,0
36,1,21,1,1634,119,0,47,2,1,0
23,1,6,1,8951,114,12,9,1,1,1
28,6,20,3,4412,89,6,35,1,6,0
70,1,21,1,618,159,0,28,1,1,1
29,4,18,1,7923,10,0,18,2,1,1
36,6,20,5,2653,14,17,27,2,1,0
25,1,18,5,6395,12,2,28,2,8,0
28,7,18,1,7296,46,15,59,2,1,0
49,1,20,3,6293,30,0,48,1,8,1
41,1,22,5,45,254,5,35,2,6,0
53,1,20,5,2576,3,0,44,1,1,0
23,1,20,1,5950,24,0,42,2,1,1
52,1,16,4,573,136,0,47,2,2,1
34,1,18,3,6683,13,17,35,1,1,0
20,1,18,1,4686,7,6,61,1,1,0
60,1,23,1,2228,16,10,27,2,1,0
65,3,19,1,881,249,0,25,2,1,0
37,2,12,1,5842,17,0,12,1,1,0
55,1,20,1,1421,5,0,24,2,2,1
42,1,18,5,4401,2,0,48,1,1,0
19,1,11,1,3225,118,0,22,2,1,0
23,1,23,1,777,1,1,31,2,1,0
56,1,20,1,7187,293,0,41,1,1,1
55,4,16,1,327,130,0,52,1,1,1
34,1,12,1,9457,128,0,32,2,1,0
28,2,21,5,2224,84,0,41,2,1,0
52,3,18,3,6509,4,0,20,1,2,0
69,1,18,1,6233,9,0,39,2,1,1
72,1,19,4,1747,72,0,68,1,1,1
36,1,23,1,1740,29,0,51,1,1,0
39,1,22,1,3368,9,0,50,1,1,1
64,4,20,1,4452,50,0,45,2,1,0
44,3,19,1,3019,2,15,41,1,1,1
56,1,19,5,2820,32,0,45,2,1,0
53,1,22,1,3445,217,0,51,1,8,1
54,1,17,1,3157,38,0,42,1,1,1
47,1,3,1,9712,10,17,38,1,1,0
63,2,18,4,2794,23,0,46,1,1,0
28,6,18,4,8263,30,0,59,2,1,1
68,2,21,5,9206,78,8,37,2,1,0
60,6,15,1,6288,18,0,39,1,2,1
37,1,19,5,4622,8,0,22,1,1,1
52,5,24,1,784,216,0,42,1,9,1
27,2,21,1,2792,33,2,38,2,1,0
31,1,22,5,3945,4,0,23,1,1,0
26,1,19,3,1208,84,17,22,2,1,0
41,5,18,1,3540,61,0,25,2,1,1
67,6,20,2,987,511,0,62,1,6,1
59,1,20,1,918,74,0,24,1,1,1
49,1,19,4,2739,289,0,35,2,1,1
53,1,19,3,8674,169,0,44,1,6,0
41,1,21,1,5605,21,0,53,1,6,1
29,6,22,1,4807,11,4,69,1,1,1
56,1,20,3,8094,47,17,63,1,2,0
41,2,19,1,2204,14,0,44,1,1,1
55,1,16,5,4074,51,0,33,2,1,0
42,1,18,1,3951,8,2,59,2,1,0
35,1,16,1,2207,13,0,40,2,8,0
52,1,20,1,7483,109,0,35,1,1,0
35,1,19,3,6823,8,16,27,2,6,0
48,3,21,5,840,61,0,57,1,2,1
53,7,12,1,3972,135,5,63,1,1,1
38,1,20,4,3510,38,0,34,2,1,1
40,1,24,1,743,57,1,39,1,1,1
25,1,22,5,19,63,5,36,2,1,0
30,1,15,3,2729,165,0,43,2,1,0
43,1,22,3,3254,6,0,31,2,1,1
28,1,24,3,1808,172,0,44,2,1,1
73,3,21,1,7720,23,0,25,1,1,0
28,3,17,1,9084,52,0,42,1,1,1
28,1,19,1,3821,74,17,57,2,1,1
51,2,20,5,4353,220,0,4,2,1,0
24,1,19,5,9139,40,0,37,1,8,0
42,8,23,3,445,37,6,66,2,1,1
21,2,22,5,1306,8,0,15,1,1,0
26,1,15,3,6822,127,0,46,1,1,0
29,1,19,5,4545,17,0,44,2,2,1
31,1,21,3,6454,24,13,17,2,7,0
46,1,20,1,1585,183,17,25,2,1,0
61,2,19,1,3923,23,0,25,2,1,1
45,1,22,3,2474,10,0,17,1,1,0
76,1,22,1,781,214,0,48,1,1,1
71,1,20,1,1737,3,0,39,1,1,0
51,1,24,1,440,26,0,51,2,1,1
54,1,18,3,4142,9,0,74,2,6,0
33,1,14,3,4956,39,0,28,1,1,0
39,7,22,1,5469,127,0,34,1,2,1
31,6,18,5,438,138,0,31,2,1,0
60,1,15,1,6383,11,0,44,1,6,1
63,1,19,1,5323,295,0,39,1,1,1
55,1,20,5,563,2,0,65,2,1,0
55,1,13,1,7804,201,2,29,2,1,0
47,1,16,5,1866,39,10,30,1,1,0
68,5,17,1,1133,45,0,33,1,1,0
52,4,23,5,101,113,5,73,2,1,1
47,2,20,1,4270,40,2,59,2,1,1
27,1,15,3,4583,120,0,9,2,8,0
39,6,20,5,4327,2,0,45,2,1,0
83,4,21,1,4303,8,0,38,2,1,1
45,2,18,1,5488,323,0,45,1,1,0
34,6,18,5,1596,7,0,51,1,1,1
21,1,18,5,8846,312,0,46,1,1,0
65,7,22,1,2735,263,0,37,2,1,1
44,1,21,3,1946,164,0,26,2,1,0
22,1,21,1,497,23,0,48,1,6,1
41,3,22,1,960,36,0,42,1,1,0
35,6,15,1,1171,1,0,24,2,2,1
46,5,21,5,4348,21,0,32,2,1,0
30,2,19,5,8690,3,0,31,2,1,0
41,1,22,1,4657,26,12,50,1,1,0
38,1,16,1,5606,10,5,14,1,1,0
45,1,9,5,3437,109,16,41,1,1,0
50,5,23,5,4308,70,0,46,1,6,0
49,2,19,3,9403,34,17,34,1,9,0
53,1,15,2,1040,11,0,37,2,1,0
65,4,18,1,6422,448,0,51,2,1,1
41,1,20,3,9380,1,5,31,2,6,0
18,1,17,5,8345,139,0,33,1,1,0
54,1,22,1,1618,8,0,39,1,1,1
29,1,19,5,9098,4,0,40,2,1,0
31,6,19,1,2637,52,0,23,1,1,0
32,1,12,1,7486,3,17,17,1,1,0
31,1,21,3,390,173,0,63,1,1,1
26,1,15,5,4297,292,16,45,1,1,0
59,1,13,1,8985,15,0,57,2,1,0
46,7,16,5,6141,24,0,10,1,1,0
35,1,21,5,3355,173,0,33,2,1,0
45,1,18,1,4101,62,0,20,1,1,0
56,4,21,3,4736,131,15,16,1,1,1
51,1,21,1,212,56,0,51,1,1,1
64,1,15,3,4926,8,0,38,2,1,0
61,3,13,1,745,1,0,41,1,1,0
28,1,17,1,6493,55,0,43,1,1,0
25,5,19,5,9782,12,16,33,1,1,0
31,1,11,1,5443,1,0,60,1,2,0
61,1,22,5,5437,20,0,42,2,8,1
37,1,23,5,3472,5,0,43,1,1,1
55,1,22,1,6314,107,0,23,1,1,1
61,2,23,1,29,61,0,57,2,1,1
29,1,21,3,7175,4,15,62,1,8,0
74,1,18,4,1246,65,0,34,2,1,0
74,1,17,5,8767,312,0,57,1,2,1
22,1,21,1,190,4,2,38,2,1,1
55,1,20,1,378,60,0,52,1,1,1
27,1,21,5,3839,205,12,12,2,6,0
82,1,20,2,8530,15,7,67,2,1,1
47,1,20,1,6473,78,0,20,2,1,0
36,4,17,1,2301,7,0,37,2,1,0
44,4,18,4,4763,14,0,39,2,1,1
40,6,20,5,6374,6,0,55,2,1,1
23,1,14,3,6026,246,17,16,2,6,0
26,1,20,5,2383,134,0,35,2,1,0
30,1,18,1,3912,20,4,26,1,9,0
20,6,19,1,2651,70,17,32,1,1,0
59,1,20,1,8931,16,1,25,2,8,0
32,1,19,1,7882,4,0,18,2,1,0
35,1,19,1,6521,181,0,33,1,1,1
44,6,22,5,2937,25,17,48,2,1,1
37,3,9,3,7859,14,0,32,2,1,0
47,1,21,1,1939,2,0,18,1,1,0
35,2,14,5,6927,20,10,43,1,1,0
72,6,20,5,3437,5,0,45,2,1,1
21,1,17,5,1947,2,6,25,1,6,0
25,1,20,5,5058,169,2,54,1,2,0
69,3,20,2,177,4,0,41,1,1,1
28,1,11,5,2615,199,0,51,1,6,0
58,1,18,1,1082,124,15,30,1,1,0
55,1,20,1,1764,8,0,46,2,1,1
82,1,20,1,6970,14,0,38,2,1,1
54,1,13,5,8675,77,0,27,1,8,0
32,1,21,1,517,216,0,56,1,1,0
25,6,19,1,3243,158,0,35,1,8,0
31,3,23,5,5398,208,0,37,1,1,1
64,1,20,1,3705,135,0,38,2,6,1
31,1,13,5,8001,127,0,30,2,6,0
65,2,19,3,2347,4,0,46,1,1,0
51,1,21,1,3364,2,9,20,1,1,0
27,6,17,1,3868,31,5,63,1,1,1
42,7,18,3,2716,56,0,54,1,1,0
27,2,15,1,7662,147,0,52,1,1,0
27,1,10,1,3398,191,9,53,1,1,0
70,1,17,5,3711,43,0,49,2,1,0
55,7,20,1,4040,22,0,25,2,1,0
48,2,19,1,3335,9,0,52,2,1,0
46,1,18,1,3286,1,0,62,2,1,0
48,1,21,5,2311,13,4,46,1,1,1
24,1,19,1,2381,202,0,28,2,1,1
20,1,23,1,4772,25,12,36,2,6,1
45,7,18,1,4423,247,3,42,1,1,0
53,2,23,1,433,111,0,33,1,6,0
63,8,21,1,43,9,0,21,2,1,0
44,4,20,1,5853,8,0,42,1,1,1
31,1,20,5,1339,48,0,40,1,2,1
29,1,16,1,1029,28,10,47,1,1,1
52,1,21,1,5896,16,0,38,2,1,0
75,4,23,1,2165,43,0,46,1,1,1
54,2,16,5,2272,42,0,52,1,1,0
55,6,16,1,5107,211,0,33,2,1,0
36,3,10,1,1724,16,0,55,2,2,0
55,1,18,3,710,14,9,36,1,6,1
24,1,18,3,4777,33,2,42,2,6,0
44,7,18,1,948,44,0,42,1,1,1
74,6,19,4,7965,128,0,38,1,6,0
49,1,19,1,5203,21,0,51,1,6,1
30,1,19,1,6875,2,2,51,2,1,1
54,4,13,5,3526,112,0,22,2,1,0
40,1,22,1,9069,4,0,14,1,1,1
24,1,20,5,1526,316,4,45,2,8,1
35,5,22,5,3075,96,0,40,2,9,1
35,1,20,1,2687,2,0,54,2,1,0
61,1,22,5,1351,41,0,48,2,2,1
54,3,16,1,4237,129,16,46,1,1,0
23,1,21,5,5940,97,0,42,2,1,1
24,7,19,3,2183,227,0,47,1,1,1
47,1,19,5,7907,39,0,53,1,1,1
45,1,18,1,5170,322,0,34,1,6,0
34,1,22,1,8120,157,2,22,2,1,0
47,1,18,1,1240,5,0,33,2,1,1
75,1,21,1,3220,2,0,51,1,1,1
21,6,21,5,6089,14,0,48,1,8,0
62,6,17,1,8744,22,0,17,1,1,0
40,1,17,1,3715,22,0,34,1,1,1
35,1,23,1,2669,249,0,46,1,1,1
34,1,17,5,4286,101,0,38,2,2,1
37,3,19,1,1447,23,15,48,2,1,0
21,1,16,1,5094,98,0,28,2,1,0
68,4,22,1,536,264,0,25,2,1,0
44,1,19,1,773,24,2,56,2,1,1
51,7,19,3,3859,111,0,40,1,1,1
59,1,17,5,9742,15,7,25,2,6,0
55,1,14,1,8995,96,0,45,1,1,0
75,2,23,1,98,6,0,62,1,1,1
36,1,21,1,436,12,4,46,1,2,1
42,2,21,1,7501,2,0,46,1,1,1
64,1,20,3,2928,47,0,44,1,2,0
20,1,21,5,733,39,0,50,2,8,0
34,1,14,1,3886,87,17,19,2,1,0
51,3,14,1,5427,6,0,53,1,1,0
57,4,23,1,702,15,0,34,2,1,1
36,5,15,5,6420,318,0,36,2,1,0
70,1,17,1,229,24,0,27,2,1,1
51,1,23,1,1536,488,0,43,2,2,0
48,1,19,5,4537,119,0,8,2,1,0
46,1,20,3,9382,53,0,48,1,1,0
31,1,23,1,496,38,0,21,2,1,0
46,1,18,1,6675,29,17,26,1,1,1
30,1,20,1,1444,4,0,34,1,1,0
45,1,23,1,4518,21,7,22,2,1,1
54,1,21,1,4588,17,0,36,1,1,0
28,1,7,5,9278,212,3,47,1,1,0
56,6,23,5,4132,18,0,50,2,1,1
31,1,21,1,9040,45,17,44,2,1,0
39,1,14,3,2906,2,15,46,1,1,0
32,3,15,5,4745,131,0,6,1,1,0
54,2,21,5,604,29,0,14,2,1,0
43,1,2,5,5852,36,0,36,1,2,0
22,1,19,3,1300,28,4,10,1,1,0
30,1,21,3,4895,191,0,23,2,1,1
56,1,19,3,3915,8,0,51,1,1,1
29,7,23,5,4892,1,1,34,2,1,0
54,3,16,5,4775,120,0,42,2,1,1
64,1,13,3,3322,12,2,13,1,1,0
42,1,19,5,7319,60,1,65,1,1,0
36,1,17,5,8458,75,0,33,1,1,0
28,1,16,5,5156,5,0,50,2,1,0
22,1,16,5,3400,3,3,1,2,1,0
71,1,21,2,1490,4,0,37,2,1,1
21,1,18,5,3424,131,0,6,2,1,0
24,1,16,5,2849,11,0,48,1,1,0
32,1,22,5,4103,29,0,37,2,1,0
52,1,18,1,2856,130,0,37,1,1,0
47,1,16,3,1225,175,0,23,2,9,0
34,2,10,1,7973,42,14,39,2,1,0
50,1,16,1,1538,132,15,30,2,2,0
40,1,14,1,8210,20,0,45,2,8,0
46,2,22,1,1648,18,0,50,1,1,1
35,1,18,5,1985,8,3,57,1,1,0
33,6,11,5,8810,2,0,35,2,1,0
73,1,17,5,3038,79,0,45,2,1,0
24,6,21,5,871,18,3,41,1,1,0
22,1,10,5,5687,121,16,31,2,8,0
34,4,23,1,2161,5,3,33,1,1,1
47,3,21,5,4127,166,0,30,1,1,0
24,1,21,5,4347,26,0,25,2,1,1
54,2,20,1,5697,52,7,22,1,9,1
79,1,22,2,2076,43,0,34,2,1,0
59,1,20,3,3495,9,0,37,2,1,0
26,1,17,5,6424,58,0,55,2,1,1
37,1,22,1,2288,157,16,39,2,1,0
34,2,17,5,7070,72,0,53,2,6,1
35,6,16,5,9727,1,0,8,1,8,0
24,3,21,3,147,40,0,37,1,1,1
44,1,20,5,1206,44,0,37,1,1,0
58,1,16,1,4637,52,0,34,1,1,1
30,1,19,5,2934,87,0,33,2,1,0
78,1,21,1,2832,37,0,34,1,1,1
39,1,13,5,750,5,0,28,2,1,0
62,1,21,5,764,7,0,28,2,1,0
19,5,21,1,3139,267,15,31,1,1,1
36,4,18,3,1664,5,0,26,1,1,0
46,7,20,3,2977,62,0,46,2,1,0
19,2,20,5,8990,109,0,52,2,1,1
37,1,14,5,5959,36,16,1,1,1,0
28,1,17,5,2463,73,0,27,2,1,1
31,6,17,1,4595,84,0,41,1,1,0
50,4,15,1,8734,60,0,19,2,8,0
47,1,20,1,4917,79,0,54,1,2,1
27,1,18,1,3821,16,0,30,1,1,0
33,1,22,3,1873,2,17,29,2,1,1
26,6,23,5,4615,6,0,44,1,1,0
40,6,20,3,655,19,0,32,1,1,1
51,1,15,1,6263,17,14,40,1,9,1
47,1,16,4,1314,66,0,47,1,1,1
25,1,17,3,2320,212,8,43,2,2,1
52,1,22,1,3406,64,0,47,1,1,1
36,6,19,1,7161,59,0,53,1,1,1
26,1,17,5,7045,63,0,34,2,1,0
57,1,21,1,5050,43,0,41,1,1,0
53,2,21,5,6595,15,0,27,2,1,0
36,4,19,1,3049,66,17,15,2,1,1
40,1,14,5,2574,110,0,20,1,1,0
38,1,19,1,683,66,0,55,1,1,0
33,1,21,1,612,52,0,46,1,1,1
41,1,23,5,2111,84,0,40,2,1,1
53,1,24,1,1664,40,17,51,1,1,0
30,2,14,1,4352,262,0,78,1,1,1
31,1,11,1,6884,61,0,59,1,1,0
42,4,15,1,9756,114,0,37,2,1,0
36,1,15,1,5539,55,12,19,1,1,0
34,6,18,1,3675,14,13,63,2,1,0
25,3,20,1,1790,115,0,39,2,1,0
26,1,13,1,4870,61,0,14,1,1,0
54,1,17,1,327,39,0,35,1,1,1
26,1,19,1,3078,85,0,54,2,1,1
55,3,21,5,4010,11,0,52,2,1,1
29,1,19,5,2848,11,0,30,2,2,0
45,1,20,1,2651,192,0,46,2,2,0
74,1,19,1,6041,178,0,64,2,6,1
56,1,20,1,4735,52,0,37,1,1,1
46,1,21,1,4840,3,0,32,1,1,1
35,1,20,3,5519,7,15,47,2,1,0
59,4,19,3,4353,9,0,29,1,9,1
73,1,17,1,6178,54,0,22,2,1,1
46,2,12,1,5414,82,0,43,2,1,0
28,1,18,3,8698,115,11,42,1,1,0
36,1,18,5,9237,148,0,27,1,1,1
66,1,12,5,4718,18,0,35,2,1,0
45,1,19,1,3596,17,0,34,1,1,0
39,1,20,1,8310,13,1,45,1,1,1
55,6,24,4,11,218,0,43,2,1,1
21,7,11,5,2509,154,0,30,2,1,0
51,1,21,1,2681,54,0,40,1,3,1
31,1,16,3,4292,270,0,36,2,1,0
58,7,19,5,7178,41,0,34,2,1,1
24,3,17,5,3809,245,1,31,2,6,1
40,2,15,1,380,119,0,50,1,1,0
46,1,17,3,5008,178,0,21,2,2,0
22,1,17,5,7711,15,0,51,1,1,0
25,2,23,1,2070,57,3,52,1,1,0
28,1,19,1,1157,74,0,58,1,2,0
85,1,19,1,4904,7,0,44,1,1,1
51,1,16,5,5390,16,0,54,2,1,0
41,2,18,3,8663,86,0,35,2,8,0
67,2,18,1,780,26,0,35,2,2,1
60,1,23,1,1351,6,0,57,1,1,1
71,7,17,1,1076,501,0,41,2,1,1
39,1,20,1,75,167,5,52,1,2,1
20,1,19,5,6053,44,4,38,2,1,0
60,1,21,1,336,218,0,29,2,9,0
28,1,19,5,6262,42,0,34,1,1,1
55,1,19,1,4770,73,0,27,2,1,1
24,1,15,5,6111,41,15,43,1,1,0
63,1,12,1,9576,43,0,20,1,1,0
68,1,19,1,3320,1,0,31,2,1,1
77,5,23,1,2201,19,0,32,2,6,1
56,1,23,1,1317,66,0,60,2,1,1
46,5,19,1,869,46,0,41,2,1,1
54,2,20,1,3251,254,0,34,1,1,0
41,1,21,1,1546,14,0,28,2,1,0
43,1,16,1,8753,18,0,37,1,6,0
26,1,23,5,3617,64,0,27,1,2,1
25,1,15,5,7383,3,0,44,2,1,0
32,4,16,1,3395,30,0,49,1,1,0
45,1,16,1,4734,132,1,21,2,9,0
40,1,18,1,6281,332,0,45,1,2,1
24,1,20,1,2698,6,0,42,1,1,1
38,7,16,1,552,8,0,1,1,1,0
60,1,22,1,1445,7,0,28,2,1,0
23,1,14,1,3926,45,3,32,1,1,0
54,1,16,1,1451,83,9,35,1,1,1
59,1,18,1,1326,41,0,56,1,1,0
36,3,22,1,4360,38,6,58,1,1,0
41,6,17,1,3778,1,0,51,2,1,1
87,1,14,1,3602,68,0,32,2,1,0
20,4,14,5,9633,22,1,36,1,9,0
21,1,20,3,2127,57,16,60,1,1,1
30,1,21,5,1088,25,0,35,1,1,0
52,1,19,2,2713,31,0,36,2,1,1
46,1,20,3,2119,25,0,34,2,1,1
39,4,19,5,3248,13,0,50,1,6,1
34,1,19,1,2475,57,0,27,2,1,0
23,2,18,5,6595,16,5,41,1,1,0
39,1,6,5,7572,6,0,47,1,1,0
37,1,22,5,5703,177,0,27,1,1,0
37,1,21,1,6134,317,0,43,2,6,0
50,1,23,1,1643,5,0,31,1,1,1
49,1,19,5,6769,15,0,37,1,1,1
23,1,14,5,7365,67,0,29,1,1,0
32,1,22,1,118,66,0,44,2,1,1
26,1,2,5,9110,56,13,19,2,1,0
56,1,20,1,7565,63,7,62,2,1,1
46,1,17,5,3282,6,0,54,2,2,1
30,1,21,5,7226,153,2,34,2,2,0
45,1,21,1,5834,2,0,43,1,1,0
56,1,21,1,3552,32,0,25,1,1,0
46,1,18,1,1293,17,0,50,2,1,1
56,1,18,1,3316,60,0,44,1,1,0
43,1,19,1,1203,9,0,42,1,2,1
52,2,22,1,786,88,8,58,2,1,1
22,1,21,1,33,32,17,48,2,1,0
60,4,19,1,5116,38,0,70,1,1,1
28,1,15,5,2953,152,0,23,2,1,0
28,1,18,1,905,15,0,53,1,1,1
21,1,15,5,9462,27,0,23,2,1,0
29,1,19,5,437,96,0,71,1,1,1
32,1,22,5,1219,16,7,25,1,1,1
25,3,23,1,372,19,7,57,1,1,1
44,3,19,1,920,195,0,18,2,1,0
33,1,17,5,8793,51,0,33,2,8,1
44,2,21,1,6661,231,9,35,2,1,0
43,1,15,1,7682,109,11,37,1,1,0
60,1,22,1,7731,184,0,16,1,1,0
26,8,21,1,1786,15,0,38,2,1,1
56,6,22,1,687,59,0,46,2,1,1
25,1,20,5,1725,5,0,36,1,9,1
51,1,20,1,1308,13,0,28,1,1,1
34,1,16,3,929,98,15,19,2,1,1
41,1,22,5,4640,15,0,43,1,1,1
31,1,15,1,1372,25,0,33,2,1,1
34,6,21,5,3021,81,0,51,2,9,1
45,4,24,1,1307,108,0,52,2,1,1
27,1,22,5,1058,6,0,14,1,6,0
80,7,18,4,4317,263,0,31,1,1,0
32,1,22,1,3649,53,14,22,1,9,0
28,1,15,5,8683,44,1,33,1,1,0
41,1,20,3,6862,33,0,25,1,1,0
38,4,20,1,130,49,0,51,2,1,1
34,6,13,1,3445,88,0,39,1,1,0
34,1,18,1,7144,53,5,27,1,1,0
43,2,19,1,2517,155,0,43,1,1,1
35,7,22,1,3300,17,0,50,1,1,1
40,1,11,1,5955,26,0,55,1,1,0
54,2,18,5,5511,125,5,34,1,1,0
46,1,23,1,2485,8,0,33,2,1,0
46,1,18,1,2379,7,15,50,2,1,1
74,1,19,1,2866,181,0,40,1,1,0
36,1,23,1,1574,21,0,56,2,1,1
31,1,23,3,341,70,0,47,2,1,0
85,3,20,1,34,65,0,52,2,1,0
65,1,16,1,3371,83,0,63,2,1,1
26,1,17,1,3111,44,0,13,2,6,0
66,1,18,1,5371,19,0,51,1,1,0
17,1,21,3,1626,15,0,14,2,6,0
46,1,23,1,36,46,0,62,2,1,0
37,1,24,3,6051,155,0,30,1,2,1
33,1,16,5,1005,115,5,37,1,1,0
37,1,23,1,980,140,6,34,1,1,0
26,6,22,5,8638,1,17,31,2,6,0
22,1,18,5,8096,2,17,34,1,1,0
19,1,18,5,5056,18,2,22,2,1,0
74,2,13,1,6068,7,0,45,2,8,0
41,1,21,5,8914,76,0,38,2,1,0
50,6,22,1,3436,214,1,43,2,8,1
50,2,22,1,4023,39,1,46,2,1,0
51,1,20,1,7281,22,0,73,2,1,1
66,1,19,1,573,30,0,26,2,1,1
60,1,17,3,6525,37,0,45,2,9,0
66,1,14,1,9548,14,0,62,1,1,0
44,1,22,3,9244,2,0,45,1,1,0
38,2,21,5,1368,104,0,44,2,1,1
37,1,15,5,3024,6,0,34,1,1,0
52,1,21,1,5545,24,16,20,2,6,0
39,1,22,5,8482,1,0,26,1,1,1
56,2,16,1,1108,100,0,74,1,1,1
30,1,17,3,7767,100,0,24,1,1,0
49,2,20,1,3048,17,0,30,2,1,0
34,1,20,5,3253,46,0,11,2,5,1
54,1,13,5,6360,283,0,30,2,2,0
59,4,23,1,33,375,0,59,1,1,0
28,6,21,1,4483,70,0,72,2,1,0
22,6,16,1,9258,98,13,25,1,1,0
36,1,18,1,5819,23,5,45,1,8,0
59,6,22,1,755,2,0,59,2,1,1
54,1,15,1,5496,55,0,27,1,1,0
51,4,18,1,2886,5,0,46,1,1,1
60,7,23,1,209,59,0,52,1,1,1
48,1,20,5,669,115,0,24,1,1,1
66,1,20,1,3976,274,0,17,1,1,0
32,1,15,5,1958,60,0,50,1,6,0
59,7,22,1,1699,61,0,30,1,1,1
49,2,22,1,6174,140,0,45,1,1,1
68,1,20,2,2880,69,0,37,2,1,0
51,7,22,1,1905,8,0,44,2,9,1
45,2,21,1,2894,4,0,44,2,1,1
63,1,20,1,595,16,15,22,1,1,1
59,1,22,1,2865,123,0,21,2,2,0
34,1,23,5,3555,47,0,51,1,2,1
20,1,14,3,2231,110,0,48,1,1,0
31,1,22,1,1369,16,0,36,1,1,0
57,1,14,1,6949,76,0,47,1,1,0
64,1,20,5,6087,56,0,41,1,1,1
33,1,19,1,4909,2,2,41,2,1,0
54,1,18,3,1176,91,0,42,2,1,0
28,5,15,5,680,28,6,33,2,1,1
33,1,17,1,9823,10,0,60,1,1,0
55,1,15,1,4369,18,0,48,2,1,0
55,1,14,1,7074,16,11,11,2,1,0
76,3,21,1,1991,52,0,38,1,1,1
61,7,21,1,2610,3,0,27,1,1,0
50,1,23,5,466,75,0,46,2,1,1
52,1,14,3,6727,69,0,46,1,2,1
30,1,22,1,3926,13,0,37,2,1,0
21,1,19,5,2868,3,4,16,2,3,0
64,4,13,1,1255,247,0,53,2,6,0
36,1,19,1,7364,19,0,51,2,1,1
43,1,18,3,3672,15,6,46,1,1,0
33,1,18,1,4495,17,0,49,2,1,1
53,1,18,1,1838,69,0,27,2,1,0
54,1,19,1,9347,22,0,46,1,1,0
62,1,22,3,243,110,0,42,2,1,0
36,1,20,3,3017,13,7,45,2,1,0
56,1,19,1,1955,264,0,46,2,6,1
30,1,14,1,5584,135,17,45,1,1,0
57,1,22,1,403,34,3,42,1,1,1
39,1,18,5,3216,200,0,27,1,2,0
63,3,20,1,930,38,0,37,1,1,0
45,4,20,1,7064,1,0,43,2,1,0
85,7,20,1,6956,101,0,54,1,1,1
30,1,21,1,7470,5,8,39,2,1,0
56,1,21,1,369,50,0,50,1,1,1
68,1,13,1,7055,126,9,33,2,1,0
48,2,17,1,6216,71,0,39,2,1,1
70,1,20,5,8463,3,1,28,2,1,1
35,1,18,3,7313,10,0,29,1,1,1
54,2,17,5,6982,25,0,32,2,1,0
34,1,20,1,245,85,0,39,2,1,1
54,1,18,1,9249,14,0,73,1,1,1
49,1,13,1,6788,45,0,40,1,1,0
29,1,18,3,2709,5,0,41,1,1,0
40,1,22,5,2126,4,0,45,1,1,0
85,1,20,1,6856,114,4,51,2,8,1
32,1,11,1,3955,161,0,20,2,1,0
26,1,19,5,1708,43,0,36,1,1,1
63,1,20,1,7313,102,0,47,1,1,1
49,1,19,5,8797,149,0,48,1,1,1
18,6,23,5,1726,65,1,33,2,2,0
63,1,19,2,6327,50,0,45,2,1,0
60,1,18,3,587,10,2,37,1,1,0
23,1,13,1,7993,36,1,71,2,1,1
29,2,22,1,1318,52,0,58,2,1,0
38,4,14,1,1125,136,0,28,1,1,0
41,2,21,5,4366,2,9,55,2,8,1
58,7,17,1,3456,100,11,31,2,1,1
25,1,21,5,109,24,0,39,1,6,0
50,6,19,1,1974,75,0,44,1,1,1
43,1,20,1,7271,41,17,41,1,2,0
28,1,14,1,3521,3,13,37,1,2,0
25,4,19,5,7892,245,14,39,1,6,0
55,3,21,1,2787,36,0,34,1,1,0
32,1,22,1,7569,13,15,25,1,2,0
45,2,22,5,1208,38,0,55,2,1,1
30,1,21,1,5196,47,0,32,2,1,0
74,1,18,5,6137,22,8,61,1,1,0
47,1,22,5,1262,393,9,19,2,1,0
49,2,23,3,413,67,1,31,1,1,0
37,3,20,1,1727,152,0,40,2,1,1
27,1,20,1,1106,77,0,46,2,1,0
33,7,19,1,2412,121,0,24,2,1,1
22,1,9,5,8309,58,0,33,2,8,1
52,2,20,5,5587,220,0,28,2,1,0
43,1,17,5,2327,55,12,41,2,1,0
21,4,20,5,4790,9,1,40,2,1,0
73,5,21,1,249,8,0,38,1,1,1
20,1,19,3,4630,102,0,48,1,1,1
35,1,17,3,6960,10,0,15,1,1,0
70,1,22,4,2558,203,0,46,2,9,1
36,1,22,3,5378,96,0,21,1,6,0
51,1,23,1,5122,101,0,50,2,1,0
42,1,15,1,6309,5,0,45,2,1,1
48,1,20,1,1128,1,0,49,1,1,0
56,1,14,3,5333,73,0,45,2,1,1
25,1,20,3,6456,53,0,58,1,1,1
25,1,17,1,3469,68,0,18,2,1,1
28,1,21,3,2617,325,16,47,1,8,0
39,1,20,5,4102,264,0,43,2,6,0
71,1,23,1,1763,1,0,45,1,1,1
40,1,22,5,7506,2,12,27,2,1,0
38,6,16,1,3183,1,17,19,2,1,0
32,1,18,3,37,44,0,44,1,1,1
54,7,22,3,1009,16,0,44,1,2,1
51,2,20,3,1694,171,0,20,2,2,0
65,1,17,1,6159,143,0,36,2,1,0
49,1,19,1,6591,121,0,39,2,1,1
58,1,18,3,6103,154,0,40,1,6,0
47,4,22,1,532,1,0,40,2,1,0
30,1,15,5,3388,61,0,44,1,1,0
52,2,13,1,5753,75,0,32,2,1,0
46,1,9,1,6504,32,0,49,1,2,0
64,3,20,1,6936,26,0,21,2,1,1
32,2,22,5,1621,42,0,54,2,1,0
42,2,14,1,3583,209,6,32,2,1,0
42,4,15,1,5493,137,0,55,1,1,0
48,1,20,5,3778,132,0,36,1,1,0
21,1,14,5,5244,105,0,39,1,8,0
48,1,12,5,4457,40,0,22,2,2,1
32,4,14,5,5804,125,0,45,1,1,0
36,4,18,1,676,15,0,49,2,1,1
51,7,21,1,2572,9,0,24,2,1,1
67,1,19,3,4033,46,0,44,1,1,1
72,1,19,2,6212,24,0,39,1,1,0
70,1,19,1,3337,154,0,42,2,2,1
58,1,21,3,1749,6,10,44,2,1,1
50,1,17,1,8187,554,3,39,1,1,0
39,4,14,1,5631,14,0,33,2,9,0
40,1,15,1,1971,9,0,50,1,1,0
57,1,15,1,3337,25,4,66,2,1,1
41,1,12,1,7926,103,2,44,2,1,0
27,1,19,1,4189,32,0,30,2,6,0
60,1,22,5,804,91,1,37,1,1,1
55,1,22,1,4094,23,0,50,2,1,0
26,1,21,1,435,17,14,52,1,1,0
45,1,20,3,3019,133,0,37,2,1,0
23,1,22,3,7628,1,0,32,2,1,1
38,1,18,5,2125,1,1,23,2,1,0
36,1,23,1,566,18,0,40,2,1,1
56,1,19,1,2356,1,0,53,2,1,1
56,1,22,1,6450,70,14,41,1,1,1
57,1,14,5,7804,178,0,41,2,6,0
88,6,24,2,1316,10,0,54,1,1,1
41,1,15,1,2802,89,17,43,1,1,0
22,6,22,5,3363,61,0,55,1,1,1
40,1,11,1,5601,163,0,37,2,1,0
51,1,23,1,256,15,0,34,2,1,1
72,1,20,1,2418,16,12,46,2,1,1
46,1,18,5,4607,55,9,51,2,1,0
32,1,17,5,6439,48,0,28,2,1,0
55,3,22,1,9392,11,0,43,1,1,0
30,6,15,1,7979,161,6,39,1,1,0
47,1,22,5,9176,11,0,12,1,1,0
42,1,21,1,2744,26,2,50,1,1,1
72,4,23,1,731,33,1,19,2,1,0
23,1,21,5,5579,23,0,38,1,2,0
76,1,20,1,5361,13,0,80,1,1,1
46,6,19,4,9107,78,0,46,2,5,1
47,1,19,5,6266,315,0,56,1,8,1
41,1,19,1,5677,10,0,22,1,1,0
40,1,22,1,735,67,0,46,2,1,1
67,7,23,1,539,16,0,52,1,1,1
31,1,19,5,606,139,0,15,1,1,1
40,1,18,1,6863,84,0,67,2,1,0
67,2,18,5,3427,2,0,23,2,2,0
33,6,22,5,429,1,1,38,1,2,1
56,1,21,5,510,35,0,32,1,1,1
22,1,21,5,3281,47,0,44,1,1,1
35,1,13,5,7996,9,0,37,1,1,0
22,4,19,5,3860,33,17,37,2,9,1
48,1,23,2,21,275,1,42,1,1,1
29,1,19,1,6556,82,0,28,1,1,0
34,1,19,5,2345,79,7,48,2,1,0
34,1,11,3,8890,92,0,46,1,1,0
64,1,18,1,4727,47,0,39,1,1,0
24,1,20,5,3120,46,17,32,2,1,0
43,1,20,3,3185,2,12,38,1,1,1
31,1,19,1,6216,119,0,39,2,6,0
47,1,17,5,7612,21,17,28,2,2,0
53,1,21,1,6735,83,0,37,2,1,0
90,7,17,1,6506,137,0,29,1,1,0
36,1,14,5,7460,29,0,28,2,1,0
19,1,19,5,9234,22,2,48,1,2,1
60,2,17,3,7989,1,12,32,2,1,0
48,7,22,1,4386,167,0,40,2,1,1
48,6,17,5,4452,126,0,66,2,2,1
35,1,18,5,2235,69,0,44,1,1,0
19,1,20,5,4337,33,0,36,2,6,0
37,1,20,1,1670,73,0,11,2,1,1
30,1,21,5,3398,8,0,44,1,1,1
39,1,11,3,6195,20,0,24,2,1,0
40,1,15,1,7510,61,17,61,1,1,1
68,1,16,1,9570,22,0,63,1,2,1
62,1,19,1,4697,72,0,46,1,1,0
65,2,20,1,3629,1,2,57,2,1,1
43,1,23,1,1976,117,0,22,1,6,0
35,2,19,1,3275,357,0,50,2,1,0
28,2,19,5,846,170,0,43,2,1,1
48,1,20,4,1945,9,0,28,1,1,1
24,1,21,5,2357,45,0,36,1,6,0
42,1,17,1,3907,53,0,42,2,1,1
31,7,19,5,2177,22,4,39,2,2,0
35,5,16,3,5175,146,0,36,2,1,1
34,1,20,3,1180,282,0,49,1,1,0
57,6,15,1,6379,4,7,43,1,1,0
26,1,13,1,4508,1,7,25,1,1,0
40,1,19,1,5578,1,2,56,1,8,0
35,1,21,1,4621,182,0,44,1,1,0
32,1,11,5,9311,116,4,36,1,2,0
21,4,17,5,6007,148,0,34,2,6,0
29,1,17,1,142,7,0,25,1,1,1
42,5,20,1,3305,44,0,54,1,1,0
48,1,13,5,7223,4,0,57,1,1,0
83,7,20,1,1924,45,0,61,1,1,1
30,1,22,5,403,92,0,45,1,8,1
28,1,21,1,1639,12,0,52,1,1,0
39,1,18,3,6541,3,0,46,2,1,0
26,3,22,1,223,90,0,40,1,2,1
56,1,20,5,4711,23,7,22,2,1,1
29,1,16,5,8638,1,9,33,2,1,1
50,1,21,5,5477,3,0,45,2,1,0
40,1,17,1,4728,61,5,35,2,1,1
32,1,20,5,5793,2,0,43,2,1,0
42,6,20,1,262,66,0,56,1,1,1
65,2,23,1,2934,6,0,26,2,1,1
55,6,21,1,1419,107,0,47,1,8,0
57,1,19,1,3214,24,0,24,1,1,0
67,6,15,5,6693,43,0,29,1,1,1
47,1,18,1,2162,36,0,39,1,1,0
92,3,20,4,4767,26,0,70,1,1,1
36,2,21,5,130,54,5,28,2,2,0
49,1,22,1,5542,11,0,58,1,9,1
39,1,17,1,3274,54,0,14,1,1,0
47,3,11,1,8308,38,0,18,1,9,0
65,1,19,3,2583,99,0,24,2,1,0
45,3,22,1,3887,15,0,39,1,1,0
60,3,19,1,6097,2,1,37,1,6,0
61,5,16,1,9144,2,0,40,2,1,1
77,1,22,5,2035,187,0,52,1,9,0
33,1,17,1,9305,15,0,36,2,1,0
72,1,10,1,1362,165,0,38,1,1,0
26,1,22,1,2968,44,0,32,2,1,0
66,1,22,1,5915,19,0,29,2,1,0
37,6,14,5,2330,8,0,21,1,1,1
26,2,15,5,1425,7,2,14,1,1,0
31,1,22,1,4138,65,0,34,2,1,0
51,1,21,1,5668,12,0,52,1,6,0
54,7,15,1,5115,54,0,37,1,1,1
37,2,22,5,1128,68,2,31,2,1,1
35,1,22,1,9236,191,0,38,1,1,0
51,1,22,1,3760,17,0,58,2,1,1
40,1,17,5,3573,27,0,61,2,1,1
25,3,21,5,3090,15,17,30,2,1,0
32,4,19,5,1014,2,4,55,1,1,0
80,3,23,1,29,75,0,65,1,1,1
46,1,12,5,4927,39,0,19,2,1,0
58,1,21,1,7575,221,10,24,2,1,0
27,1,19,1,4502,182,0,42,1,1,1
24,1,19,5,6525,73,5,53,2,8,0
39,1,23,1,3976,17,0,30,1,1,1
44,4,16,1,1713,237,0,33,1,8,0
58,1,22,1,4123,99,0,58,1,1,0
69,1,20,1,331,20,0,37,1,1,1
69,2,22,1,8666,24,0,62,1,1,1
47,1,18,1,8391,68,11,29,1,1,0
48,3,22,1,485,16,2,66,2,1,1
25,2,19,3,5647,7,0,41,2,1,0
29,2,20,1,5391,3,9,53,1,3,1
40,1,22,1,6084,14,0,28,2,2,0
21,3,21,5,4688,91,0,35,1,1,0
49,1,17,2,2724,28,0,57,1,6,0
43,2,17,1,1859,2,5,28,1,1,0
72,2,20,1,1494,12,0,44,1,1,0
46,1,21,1,3714,7,0,18,2,1,0
64,1,18,3,553,63,0,30,1,1,0
28,1,18,5,7044,26,5,24,2,1,0
39,1,20,4,6841,85,0,45,1,1,1
44,1,12,5,8934,461,0,9,1,9,0
40,1,8,1,6513,271,0,76,1,1,0
80,2,21,1,4647,15,0,65,1,1,1
37,1,22,3,6672,118,0,30,2,1,0
53,1,17,1,7191,69,0,34,1,2,1
37,1,22,5,4003,6,5,34,2,1,0
32,1,13,1,5701,2,0,38,2,1,0
50,6,19,3,593,39,0,24,2,1,0
32,1,21,5,7082,18,15,30,2,6,0
54,7,21,5,4217,94,0,30,1,1,0
67,6,20,1,5091,84,0,52,1,1,1
72,1,21,1,2177,139,0,43,2,1,1
29,1,19,5,4666,11,3,30,2,1,0
22,1,20,3,1660,3,10,42,2,1,1
25,1,15,5,1074,207,0,57,2,1,0
39,4,20,1,9206,98,0,33,1,1,0
39,1,16,1,1007,117,0,48,1,1,0
43,7,23,1,3220,125,0,29,2,1,1
49,1,23,5,1816,141,0,20,2,1,0
66,6,17,1,2827,57,0,33,1,9,1
43,1,12,5,4635,44,0,23,2,2,1
39,1,15,3,3237,329,0,46,1,1,1
61,1,19,1,1396,15,0,36,1,1,0
38,1,18,3,2612,21,0,8,2,1,0
49,1,16,5,3695,89,0,37,1,1,1
40,1,19,5,6880,5,0,9,2,1,0
67,4,23,1,2075,13,0,38,1,1,1
20,5,20,5,3343,1,15,24,2,1,0
32,1,16,5,3451,67,0,20,2,1,0
78,2,17,1,3463,147,0,49,1,1,0
50,6,19,3,2344,37,0,50,1,1,1
39,1,19,5,1251,258,3,41,1,1,1
43,6,19,5,7126,67,0,37,1,8,0
26,2,18,5,7735,16,0,28,1,2,0
40,1,23,1,7336,225,0,9,1,6,0
40,1,20,1,9040,89,0,30,1,1,0
30,3,20,5,4737,162,10,49,1,5,0
34,3,20,1,2928,66,10,25,2,1,0
67,7,23,1,728,46,0,47,1,1,1
35,1,22,1,1952,26,0,41,2,1,1
25,1,18,5,921,9,1,26,2,1,0
26,1,15,3,2266,16,12,23,1,1,0
48,1,22,3,2245,2,0,12,2,2,0
48,1,21,1,1638,70,0,47,2,1,1
41,2,14,5,9544,176,0,45,1,2,1
30,6,20,1,8548,2,15,30,1,1,0
74,3,20,2,885,227,0,53,2,1,0
54,1,13,1,1788,41,12,33,2,6,0
59,1,16,1,3789,13,0,20,1,1,1
42,1,24,1,385,4,0,43,2,2,1
68,1,21,2,3962,121,0,34,1,1,0
31,1,17,1,2482,2,0,41,1,1,1
46,1,19,1,2357,6,0,26,2,1,1
42,1,21,1,6419,26,0,37,1,1,0
40,1,16,5,8406,44,0,42,1,1,0
75,4,23,1,4429,83,0,57,2,1,1
32,1,20,5,917,65,13,13,1,1,1
24,1,19,5,650,8,1,15,2,1,0
24,1,16,5,8437,2,0,37,1,9,0
36,1,17,3,4856,26,17,35,1,1,0
56,6,16,1,5609,70,0,29,1,1,0
65,3,18,3,8749,475,0,39,2,1,0
67,1,17,1,4439,16,0,74,1,1,1
45,3,19,5,4835,7,2,22,2,1,0
43,2,19,3,9398,106,17,34,2,2,0
30,1,17,5,1479,8,8,8,2,1,0
29,1,19,3,1053,29,15,27,2,1,1
41,1,16,1,6693,396,0,28,1,1,0
35,7,20,5,5367,3,0,50,2,1,1
39,1,16,3,5003,44,0,48,1,1,0
70,1,13,1,8397,30,0,19,2,1,0
49,1,22,1,1358,157,0,41,2,1,1
52,1,17,1,5914,75,5,50,1,1,0
43,1,14,5,2448,79,13,12,2,1,0
42,1,17,5,7554,9,0,35,2,1,0
28,1,17,5,4609,144,0,45,1,1,0
41,1,23,1,1884,4,0,34,2,1,0
34,1,22,5,4771,48,0,55,1,2,1
66,1,16,1,3185,46,0,36,1,1,0
24,1,19,5,1569,41,0,43,2,8,0
64,1,15,1,1294,144,0,41,1,1,1
26,1,18,5,4663,15,4,60,2,1,1
29,1,10,5,6631,94,0,53,1,1,1
61,2,17,1,493,85,0,41,2,6,1
56,6,17,3,3092,25,8,52,2,1,0
21,2,19,5,2672,30,0,44,1,1,0
56,1,18,1,269,9,0,36,2,1,0
24,1,21,5,8853,322,0,31,1,1,1
35,1,20,5,6532,17,0,25,1,6,1
29,1,17,3,7430,352,0,40,2,1,0
29,1,14,5,1435,38,0,51,2,1,1
22,2,19,1,848,20,0,50,2,1,0
20,1,16,5,5767,17,12,14,2,1,0
37,1,22,3,2640,5,0,58,1,1,0
48,6,21,1,609,7,0,57,1,1,0
38,8,16,1,4278,1,1,15,2,1,0
24,4,19,5,5136,20,3,27,1,1,0
55,2,19,1,3046,21,0,53,1,1,0
68,1,18,4,215,2,0,60,2,1,1
45,7,16,1,9097,31,0,15,1,6,0
28,3,19,1,3514,25,0,30,2,1,0
33,2,20,5,3466,105,0,21,2,6,0
27,1,16,5,2210,142,0,37,1,1,0
38,6,15,5,5331,213,0,30,1,1,0
42,6,17,1,8409,68,0,26,2,1,0
57,1,21,2,1800,174,0,43,1,1,0
23,1,19,3,172,70,0,45,1,1,1
30,1,16,5,8395,76,0,43,1,1,0
47,1,22,1,563,6,0,48,2,8,0
60,6,18,1,210,73,0,38,2,9,0
79,1,15,1,7153,103,0,39,1,1,0
29,6,17,1,1765,16,14,28,2,1,0
41,1,19,1,5087,14,0,12,2,2,0
33,6,18,5,6910,47,0,37,1,1,1
38,1,22,3,2607,86,0,26,2,1,0
87,2,14,1,4760,160,0,43,2,6,1
36,1,20,1,5757,66,6,33,2,1,0
19,1,17,5,3324,1,4,46,1,1,0
91,6,23,1,2654,16,0,48,1,1,1
54,1,13,1,6342,64,17,59,1,1,0
28,1,9,4,8226,132,11,40,2,1,0
31,1,22,3,5900,55,0,21,2,9,1
45,1,22,1,540,16,8,57,2,2,1
56,3,23,1,2802,18,0,52,1,1,1
46,1,15,5,3516,23,0,15,2,1,0
43,2,23,5,4522,432,0,32,1,1,0
26,1,15,1,5475,546,15,28,2,9,0
55,1,18,1,5382,65,0,40,1,1,1
22,1,13,1,9270,4,0,50,1,1,0
38,1,19,1,6643,38,0,22,1,1,0
56,4,19,5,1286,5,3,55,1,1,1
58,1,19,5,4316,250,0,27,1,1,0
34,1,15,1,2237,78,0,8,2,1,0
50,1,18,1,3529,161,0,35,1,1,0
38,1,19,1,6504,54,0,30,1,2,0
48,1,24,1,1407,94,0,46,2,6,0
32,1,21,5,2540,154,0,41,1,1,1
18,1,23,5,3239,5,0,26,1,1,0
41,1,11,1,8193,85,0,45,2,5,0
21,1,24,1,3409,63,0,61,2,1,0
28,1,14,1,9283,76,17,48,1,1,0
39,2,19,5,1729,97,0,36,2,1,0
40,3,18,5,3799,96,0,23,1,6,1
32,6,19,1,8506,2,3,51,2,1,1
39,1,17,5,9639,108,0,41,2,2,0
18,1,8,5,9236,109,16,22,1,1,0
45,1,18,1,4684,168,0,59,1,1,1
69,3,20,5,4467,104,0,35,1,1,0
36,1,18,1,4407,342,0,42,2,2,1
40,1,20,1,5730,4,15,30,1,1,0
41,1,20,5,5934,5,10,40,2,1,0
47,1,21,5,993,210,1,49,1,9,1
37,1,20,3,2430,57,0,28,2,1,1
28,1,21,1,4905,74,0,42,1,1,1
41,1,16,1,5587,88,0,46,2,1,0
72,4,15,5,733,145,4,39,1,8,1
31,4,23,1,3452,125,0,43,2,2,0
62,1,14,1,4439,1,0,36,1,1,1
21,1,22,5,308,22,0,36,1,1,0
50,1,17,5,6910,43,1,61,1,1,1
34,1,14,3,2299,83,3,38,1,1,1
54,1,24,5,916,28,0,39,2,1,0
23,6,19,1,4693,102,11,32,2,2,0
33,1,19,1,3744,357,0,36,2,1,0
29,1,22,1,1006,70,0,84,1,1,1
35,1,14,1,8325,16,0,25,2,2,0
35,3,17,5,1179,4,1,15,1,1,0
29,1,21,1,4767,32,0,43,1,1,0
47,1,18,1,1432,66,0,46,1,1,1
23,1,17,5,8408,1,0,43,1,1,0
39,1,11,1,3614,165,16,34,1,6,0
62,1,21,1,3105,130,0,48,2,1,0
64,6,15,1,2258,25,0,24,2,6,0
56,1,22,1,6717,32,0,31,2,6,0
53,2,15,5,5686,141,0,52,2,1,0
65,1,18,1,7928,128,0,48,2,1,0
60,1,20,1,2458,2,0,59,1,8,0
35,1,21,5,7080,1,0,49,2,1,0
51,1,14,5,4407,107,0,49,1,2,0
49,1,8,5,8867,15,0,26,2,1,0
74,6,20,3,568,1,0,36,2,1,0
23,2,18,1,8381,36,16,50,2,1,0
48,1,14,1,4997,49,0,30,1,1,0
32,6,18,1,5712,53,0,21,1,1,1
70,6,19,1,4665,7,0,32,2,1,0
39,1,16,5,5247,12,0,19,2,1,0
57,1,21,1,913,16,0,45,2,2,1
25,1,21,5,6248,64,15,9,2,1,0
41,1,23,1,1096,36,0,51,2,1,0
60,6,20,5,941,102,0,8,2,1,0
47,1,15,1,4182,2,17,41,1,1,1
60,1,20,1,1446,188,0,46,2,1,0
47,1,16,1,6166,54,0,26,1,8,0
32,1,16,1,9073,1,13,29,2,1,0
51,3,23,2,111,10,0,19,2,2,1
53,1,21,1,543,7,1,32,2,1,0
46,7,19,1,8711,87,1,25,1,1,0
28,1,22,5,3458,246,0,45,1,1,0
49,5,23,5,1815,24,0,52,2,8,1
32,1,18,1,5805,101,0,30,2,8,0
52,1,19,1,3007,62,0,49,2,1,0
25,4,20,3,1407,285,0,59,2,9,1
24,1,10,4,6891,272,0,21,1,1,0
28,6,18,1,7685,29,0,40,2,1,0
23,4,15,1,6095,16,16,27,2,1,1
45,3,20,1,1528,104,14,25,2,1,0
53,1,15,1,1780,34,0,61,2,1,0
38,3,21,1,1821,25,3,33,2,1,0
69,7,20,2,1561,47,0,22,2,9,0
38,1,19,1,443,2,0,44,2,1,1
86,1,18,1,629,206,0,21,2,2,0
22,1,19,5,3740,157,0,52,2,1,0
68,7,16,2,2979,85,0,39,2,1,0
59,1,7,1,5648,44,0,45,1,1,0
38,2,22,3,6387,34,9,15,2,1,1
20,1,12,5,5759,47,0,32,1,2,0
33,1,18,3,6817,133,0,68,1,1,1
27,1,21,3,2682,10,0,29,1,1,1
31,1,19,5,4714,38,0,20,1,1,0
33,1,16,1,7723,6,0,31,1,1,1
48,1,17,1,4488,102,0,37,2,1,0
19,1,19,3,2658,66,0,14,1,8,0
39,7,19,3,3853,15,2,36,2,1,0
59,1,19,3,1816,113,0,54,2,1,0
73,1,20,1,6573,37,0,66,1,1,1
29,1,15,1,9175,66,0,18,1,8,0
54,4,19,5,2500,2,0,25,1,1,1
37,1,21,5,4131,175,0,43,1,1,0
47,1,21,1,4539,2,0,64,2,8,1
19,1,21,5,3077,3,3,28,2,6,0
56,7,17,3,4006,7,0,42,2,2,0
41,2,22,5,2347,49,0,50,1,1,1
51,1,17,1,1695,40,0,30,2,1,0
25,1,20,1,1156,2,0,42,1,1,0
56,1,22,3,4880,86,1,45,1,1,1
43,1,13,5,6449,39,0,54,2,1,1
56,7,23,5,1632,18,0,28,1,2,0
25,1,21,5,9422,20,0,26,1,9,1
23,1,17,5,6638,103,0,29,1,9,1
36,1,21,1,6115,41,0,46,1,1,0
66,2,23,1,1424,35,0,34,2,1,0
29,1,17,1,6262,74,0,43,1,1,0
25,1,20,5,5220,52,0,26,1,1,0
23,1,22,1,293,4,2,39,2,2,0
40,1,20,5,4534,186,0,47,1,3,0
27,6,20,5,1836,79,0,30,1,8,1
50,1,21,1,7900,7,0,28,1,5,0
34,1,22,1,3536,3,0,60,1,1,1
69,1,22,1,1628,99,0,53,1,2,1
41,7,20,5,8671,81,4,41,1,1,0
24,1,15,5,2183,2,0,46,1,1,0
58,1,17,1,2733,21,0,48,2,1,0
42,1,21,5,3763,5,0,36,2,1,0
28,1,18,5,5003,2,0,24,1,1,0
64,4,22,1,2503,19,0,35,2,6,0
33,1,19,5,4390,235,14,41,1,1,0
29,1,22,5,5363,1,0,45,1,1,0
39,3,23,5,3771,79,0,43,1,1,0
26,2,22,1,728,18,4,40,1,1,1
86,1,19,2,4073,61,7,25,2,1,0
47,6,19,5,2463,31,5,34,2,1,0
41,1,16,1,2213,35,0,32,2,2,0
62,3,18,1,9498,237,11,46,1,1,0
64,1,23,5,2546,14,2,34,1,1,1
45,1,17,5,4016,92,0,36,1,1,0
51,1,14,1,9469,105,0,47,1,8,0
61,3,17,1,3963,89,2,38,2,1,0
40,4,24,1,2780,13,0,43,1,1,0
36,1,17,1,1365,24,17,50,2,1,0
22,1,17,5,8441,19,2,59,1,8,1
32,5,20,5,9243,54,0,29,2,1,1
51,1,19,5,6139,26,0,43,2,1,0
24,6,21,5,4488,122,16,27,1,1,0
45,1,21,1,8029,9,0,46,2,1,0
84,1,20,4,4268,315,0,49,2,1,1
53,4,18,1,5709,4,0,46,1,1,0
35,2,21,1,9705,2,0,33,2,1,0
44,1,24,1,2871,10,0,54,2,1,0
36,2,14,5,7488,1,0,43,2,1,0
50,1,21,1,3586,3,1,41,2,1,1
47,1,22,1,4933,8,0,46,1,1,1
38,1,18,1,5443,15,0,31,1,1,1
46,1,21,5,1730,113,1,23,2,1,1
50,1,19,1,2689,10,1,18,2,1,0
47,3,20,5,6025,67,0,38,1,6,0
39,1,14,1,5050,113,5,34,2,1,0
40,1,22,1,2279,160,0,45,2,6,0
40,1,16,5,6712,68,1,41,1,1,0
30,4,20,5,4105,27,4,32,2,1,1
51,5,19,5,706,3,0,57,1,1,0
28,6,22,3,1391,7,7,49,2,1,0
28,1,18,5,8714,12,0,35,1,1,0
60,1,20,1,6300,31,0,47,2,1,1
49,1,20,3,6852,7,0,38,2,1,0
24,7,19,5,2084,26,1,32,1,1,1
39,1,20,5,4592,44,0,43,1,1,1
28,1,17,5,5283,125,3,56,1,1,0
39,1,17,5,8928,54,0,42,1,1,1
38,1,15,1,8920,14,0,32,2,1,0
42,1,23,5,345,41,0,55,1,6,1
24,2,23,3,538,61,0,46,2,9,0
50,1,20,1,5450,13,0,21,1,1,0
41,1,21,5,2155,83,0,34,1,6,0
24,2,20,5,6204,9,13,32,1,1,0
28,2,21,5,4027,33,0,26,1,1,1
31,1,13,1,1986,53,0,45,1,1,1
21,1,16,1,9312,2,0,40,1,2,0
34,1,19,5,4984,9,0,33,1,1,0
25,1,20,5,6174,42,17,44,1,2,1
21,4,19,5,5362,7,17,37,2,1,0
53,6,19,1,680,2,0,46,1,1,1
26,1,23,1,5086,6,5,42,1,1,1
27,1,18,5,4236,2,0,25,2,1,0
47,7,24,1,657,269,0,51,2,1,1
46,1,16,1,1610,49,2,43,1,1,1
58,6,20,1,1128,39,11,36,1,1,1
40,5,20,1,5989,38,0,17,1,2,1
65,1,22,1,4118,13,0,54,2,1,0
55,4,17,1,7945,13,16,34,1,1,0
35,6,24,3,2001,8,0,44,2,1,0
76,1,22,1,2457,130,0,42,2,1,1
46,6,20,1,6799,23,0,20,1,6,0
39,1,16,1,1891,208,0,25,1,1,0
32,6,24,1,74,1,0,15,2,2,0
49,1,19,1,1619,68,0,69,1,1,0
44,1,19,1,3664,71,9,18,2,1,0
45,3,22,1,11,54,0,48,1,1,1
57,5,20,1,3569,86,0,45,1,1,1
70,4,20,1,5361,7,0,52,2,1,0
62,1,24,1,2211,62,1,39,2,2,1
52,1,18,1,8792,11,16,51,2,1,0
64,3,14,3,9604,4,0,32,1,1,0
63,1,21,1,8824,121,0,80,2,1,0
44,1,21,5,2395,6,0,24,1,1,0
21,1,23,5,5301,79,0,16,2,1,0
33,1,20,1,1705,91,0,32,1,1,0
22,1,20,5,467,145,0,39,1,1,0
23,1,20,5,330,3,0,20,1,1,1
63,1,17,1,3194,81,0,65,2,1,0
36,2,19,1,5998,15,0,45,2,1,0
34,1,16,5,5023,59,0,61,1,1,0
32,1,13,5,9511,7,0,20,2,1,0
51,1,22,1,1023,4,3,38,1,3,0
34,1,13,1,8981,55,13,47,1,1,0
79,1,21,1,5436,4,0,48,2,6,1
19,1,14,5,7358,4,0,45,2,1,0
35,1,18,1,1899,42,0,39,1,1,1
37,5,16,1,8172,20,0,45,1,1,0
27,2,18,5,7947,73,0,47,2,1,0
22,1,17,5,3626,253,0,55,1,1,0
59,1,16,1,4789,88,0,32,1,1,1
63,1,20,1,5230,55,0,35,2,1,0
53,1,16,3,3254,5,0,45,2,1,0
56,1,18,5,9469,56,0,21,1,1,0
33,1,15,1,7115,192,0,55,2,2,1
19,7,18,3,3176,3,10,30,1,1,0
27,6,13,5,7219,3,8,8,2,1,0
42,1,22,1,4179,299,0,47,2,8,0
22,1,17,3,1982,38,2,49,1,1,0
52,1,19,5,4703,85,12,24,2,1,0
26,6,19,1,6560,11,0,56,2,1,0
36,1,16,3,9308,166,0,44,2,6,0
23,4,20,5,2620,74,0,27,2,6,0
35,1,18,5,8437,285,0,31,1,2,0
29,1,17,1,3556,13,17,7,2,1,0
63,2,20,1,3527,86,0,51,2,1,1
28,1,15,1,5602,148,8,48,2,1,0
60,1,21,4,1417,487,0,52,1,2,0
75,1,18,1,2079,2,0,38,2,1,0
35,3,22,5,1840,79,0,23,1,1,1
70,2,22,1,3640,73,0,51,1,1,0
22,1,14,5,3058,186,0,48,1,1,0
36,1,20,1,195,6,0,49,2,1,0
42,1,19,5,2932,76,0,47,1,1,0
50,1,21,1,3009,1,0,45,1,1,1
23,1,13,1,3149,91,15,29,1,9,0
27,1,21,1,17,105,0,28,2,1,1
35,6,14,5,772,2,0,59,1,1,1
50,2,24,1,674,1,0,51,1,1,1
28,6,14,5,487,14,1,27,1,6,0
19,1,19,5,3597,9,0,36,1,1,0
67,1,18,1,5375,27,0,47,2,1,1
42,1,21,1,3250,530,0,35,2,2,1
69,1,20,1,2655,6,0,30,1,1,1
74,1,21,1,6037,63,0,47,1,1,1
66,1,21,1,1729,2,0,28,1,1,0
68,1,22,2,4409,130,0,39,2,6,1
34,2,21,1,5630,162,0,50,1,1,0
45,2,20,1,2158,130,0,49,1,8,0
29,7,17,1,5829,63,0,34,2,1,1
65,7,19,1,1210,74,14,36,1,8,0
41,1,18,1,6036,154,0,41,2,2,1
49,1,17,1,5763,76,0,29,2,1,0
37,1,14,1,6950,5,0,41,2,1,1
40,1,19,3,5500,5,0,33,1,1,0
38,1,16,1,7163,56,0,48,2,1,0
65,6,22,1,2447,36,0,29,1,1,0
24,1,15,5,5739,92,0,57,1,8,0
37,1,8,1,8551,10,0,46,1,1,0
32,1,21,1,2630,3,0,43,1,1,0
37,1,21,1,4917,6,0,35,2,1,1
43,3,17,1,5840,58,0,22,2,2,0
55,1,19,1,5076,97,0,30,2,1,1
36,1,19,5,2174,16,15,38,2,1,1
61,2,20,1,5430,105,0,43,1,1,1
31,1,19,1,3302,44,0,41,2,1,1
21,1,18,5,4718,65,15,19,2,1,0
21,1,16,1,6698,86,3,26,2,1,1
52,6,18,1,832,182,0,52,2,6,0
26,1,17,1,8642,146,0,41,1,1,1
67,2,19,1,5804,27,0,45,1,1,0
26,6,15,1,3342,179,0,28,1,1,1
35,6,17,1,7576,243,17,44,1,1,1
40,1,17,5,2476,49,0,34,1,1,0
62,5,21,1,7928,28,0,46,1,1,1
38,2,18,1,1697,3,0,48,1,1,0
38,1,19,5,6179,151,0,47,2,8,0
46,1,13,1,1104,3,2,35,2,1,0
29,6,20,1,8986,55,0,41,1,1,1
46,4,8,1,5976,134,2,47,1,1,1
54,1,24,5,3132,12,0,49,1,1,1
31,2,17,5,6752,43,4,28,2,1,0
65,5,11,3,8389,95,0,35,2,1,0
30,6,21,3,2420,108,0,56,2,1,1
55,1,17,1,3417,16,0,52,2,1,0
20,1,23,1,5936,71,2,28,2,1,1
43,1,15,1,5064,356,0,4,1,1,0
25,1,14,1,7537,33,0,46,1,1,1
51,1,15,5,8141,22,0,22,1,1,0
57,7,20,1,3427,64,0,51,2,1,0
27,1,14,1,3664,311,3,23,1,2,0
35,7,16,5,3115,203,0,38,1,3,0
38,8,21,1,3282,123,0,49,1,1,1
27,1,12,1,4397,21,1,38,1,1,0
36,1,21,5,2914,53,1,23,1,1,0
27,1,20,1,3706,113,1,22,2,1,0
48,1,21,5,4212,68,0,48,2,1,0
47,1,13,1,5067,52,0,24,1,2,0
54,1,18,1,6865,51,3,47,2,2,0
29,1,19,3,5645,198,0,47,2,1,1
46,1,17,5,4857,45,0,30,1,1,0
36,3,15,1,5162,130,4,58,1,1,1
58,6,18,1,7059,90,0,32,1,1,0
59,4,17,5,7153,100,17,29,2,1,0
37,1,11,1,2586,21,0,44,2,6,0
58,1,17,1,3965,173,12,46,1,1,0
77,2,15,1,6491,14,0,47,1,1,1
45,1,20,1,8913,26,11,50,1,1,1
81,1,23,1,749,34,0,64,2,1,1
21,6,14,1,3631,504,16,26,2,1,0
75,1,18,1,5313,4,0,33,2,3,1
66,1,22,1,3978,2,0,49,1,1,1
37,4,18,1,326,37,0,27,2,9,1
33,4,22,5,1139,1,1,60,1,8,1
52,1,21,1,4484,205,0,45,2,1,1
33,1,14,5,3927,2,0,29,2,1,0
33,3,20,5,4193,49,0,58,1,6,1
36,2,21,5,2622,57,7,32,2,6,0
22,1,19,5,613,315,5,18,2,1,0
63,1,13,5,7540,37,3,28,2,1,0
26,4,15,1,646,126,0,29,1,8,0
37,1,14,5,3348,81,0,16,2,1,0
44,7,18,1,3982,12,4,31,2,1,0
39,6,19,1,144,71,0,52,1,1,0
71,4,17,1,1253,44,0,46,2,1,0
50,1,22,1,504,16,0,66,1,2,1
20,2,20,5,1349,94,10,35,2,1,0
21,1,6,1,9793,61,0,34,1,1,0
40,3,16,5,6001,25,0,29,2,1,0
25,4,17,5,9624,11,16,32,1,1,0
57,2,20,1,6393,15,0,34,1,1,1
61,2,13,5,7550,10,0,49,1,1,1
41,1,20,1,5894,8,0,54,2,1,0
45,1,22,1,1372,16,0,39,1,1,1
64,1,24,1,4423,319,0,23,2,1,0
35,1,18,1,2416,194,17,58,2,2,0
36,1,22,1,401,29,0,55,2,1,0
30,1,22,5,6101,149,0,30,1,2,0
33,1,22,5,3155,2,11,40,2,1,0
39,1,20,1,301,36,0,36,2,2,0
37,1,18,5,7633,65,0,47,2,1,1
36,1,20,5,7134,273,0,15,2,6,0
82,1,20,2,197,102,0,61,2,1,0
52,1,20,4,1531,63,0,61,1,1,1
69,5,16,1,4004,24,0,51,1,1,0
80,3,20,1,5082,54,0,34,2,9,1
33,1,20,1,4629,80,0,41,1,6,1
56,1,22,1,866,7,1,47,2,1,0
23,1,20,5,1422,136,0,16,2,1,1
49,1,18,1,5122,262,0,60,1,1,0
49,8,21,1,295,8,0,62,1,1,1
53,1,20,5,1421,45,1,57,1,1,0
61,1,17,1,3381,199,0,50,2,1,0
22,1,17,5,504,128,0,39,1,1,1
59,1,22,3,6496,214,0,48,2,1,0
21,1,18,5,3666,22,0,23,2,1,0
53,3,18,5,7292,291,0,26,2,6,0
38,1,18,1,2230,8,1,37,1,1,0
20,1,23,3,2777,11,16,31,1,1,0
55,1,21,1,2384,23,0,42,1,2,0
56,1,13,1,7535,78,2,53,2,1,0
35,1,21,1,5542,322,0,42,2,2,0
70,2,19,5,7673,8,0,49,1,1,1
26,3,18,3,5842,541,17,29,2,1,0
55,1,17,1,8542,9,0,47,1,1,0
25,1,20,5,6856,77,0,44,1,1,0
35,4,20,1,8909,190,12,49,1,1,1
37,1,17,1,4290,96,0,44,1,1,0
21,2,17,5,5139,26,0,20,2,2,0
32,1,23,5,2027,130,0,18,2,1,1
77,1,21,2,8028,18,0,54,1,1,0
53,2,22,4,118,29,0,41,2,1,1
47,1,18,1,3066,7,0,36,1,1,0
44,1,22,1,5208,191,0,53,2,3,1
31,1,13,5,5371,40,15,29,2,1,0
74,1,15,1,558,5,0,61,1,1,0
51,1,21,1,1683,37,1,56,2,1,1
25,1,18,5,1081,5,0,33,2,1,0
47,1,21,1,1851,7,15,48,2,1,0
21,3,19,5,7873,9,1,40,2,1,0
72,1,16,1,3677,31,0,43,2,1,1
33,1,20,1,4194,18,0,37,2,1,0
45,1,20,1,3793,56,0,64,1,1,1
54,3,17,1,5228,18,0,68,1,1,0
53,6,19,1,1875,362,0,55,1,1,1
25,1,19,5,2735,13,5,63,2,1,0
55,1,21,1,1224,73,0,37,1,1,1
46,1,15,5,5622,118,6,24,2,6,1
24,3,16,1,690,2,0,46,2,1,1
71,1,13,5,4865,8,0,35,2,1,1
55,4,20,1,4065,88,0,41,2,1,0
19,2,20,5,1994,71,0,34,1,1,1
49,1,18,1,2957,72,0,47,1,1,0
53,4,20,1,4809,14,0,19,2,1,0
55,5,20,4,5674,12,1,28,2,2,1
45,7,14,1,6549,56,0,16,2,1,0
26,1,21,1,3815,110,0,56,1,6,0
43,1,20,3,6027,62,0,56,1,1,0
57,7,23,1,109,3,0,48,2,1,0
77,4,23,1,24,79,0,47,1,1,1
67,7,20,2,8134,346,0,19,2,1,0
72,1,19,1,1740,117,0,44,1,1,1
39,1,13,5,7571,27,0,1,2,1,0
49,6,16,5,82,123,0,45,1,1,1
37,7,12,1,3197,1,0,47,1,1,0
28,1,16,5,8524,16,0,31,2,1,0
20,5,18,1,9379,70,3,47,2,1,0
51,6,19,2,3172,27,0,53,1,1,0
48,4,16,5,4601,27,0,52,1,1,1
29,2,17,1,2869,1,0,30,2,1,1
53,1,19,1,7903,127,0,57,2,1,1
35,1,12,1,6837,64,0,62,1,2,1
29,1,19,1,1886,76,4,20,2,9,0
69,2,21,1,3104,6,0,52,1,1,0
40,3,15,4,2175,89,0,24,2,1,0
57,1,14,1,8230,57,0,39,2,2,0
40,1,16,1,1989,10,0,28,1,1,0
66,7,23,4,2642,2,0,35,2,1,0
38,1,18,5,5939,1,0,31,2,1,1
55,2,16,5,9144,6,0,37,2,1,0
56,4,20,5,3164,14,0,40,2,1,1
47,1,7,5,4650,37,0,48,1,2,0
78,1,22,1,3137,45,0,64,1,2,0
27,1,18,5,7351,12,15,25,2,1,0
34,3,21,1,6515,46,0,23,1,1,1
23,1,19,5,8804,59,0,39,1,1,0
20,1,20,3,5062,176,17,26,2,1,0
42,1,20,1,1150,56,0,30,2,2,0
64,2,22,1,8797,88,0,35,1,2,1
36,1,17,1,4914,26,0,33,2,1,0
51,1,21,1,2656,6,0,37,2,1,0
31,1,21,5,3600,4,1,37,1,1,0
48,1,20,5,1514,174,0,49,2,2,0
39,1,19,4,6783,114,17,36,1,1,0
28,1,18,5,645,123,0,43,2,1,0
21,1,13,3,8598,29,2,34,2,1,0
26,1,17,3,7781,38,0,19,1,1,0
81,3,22,1,5595,22,0,37,1,1,1
70,3,21,1,1571,12,2,41,1,1,0
29,1,17,1,8384,23,0,41,1,1,1
25,1,15,3,6051,153,1,24,1,1,0
33,1,21,1,5867,87,8,38,2,2,1
36,1,20,1,6608,24,0,56,1,1,0
21,1,9,5,6246,100,4,62,2,1,1
19,5,18,5,2600,130,1,28,1,1,0
28,2,18,1,7964,126,0,51,1,1,0
30,1,22,1,857,91,0,18,2,1,0
54,1,21,1,3273,1,0,50,1,1,1
34,1,21,1,2478,27,0,45,1,1,0
40,3,17,5,201,32,1,37,2,1,1
52,2,21,5,1254,29,0,43,1,1,0
49,1,22,1,1170,31,0,49,1,1,1
75,2,18,1,4099,2,0,10,2,1,0
22,1,18,5,9643,20,0,17,2,1,0
39,7,14,1,5554,167,11,22,1,1,0
79,8,22,1,2590,63,0,38,2,1,0
75,1,22,5,944,22,0,50,2,1,1
34,1,18,1,1057,24,0,50,2,9,1
23,1,18,5,4606,15,2,13,1,1,0
41,3,22,1,4623,3,0,33,1,1,0
56,1,19,1,1931,82,4,29,1,1,0
40,5,16,1,329,296,0,29,2,8,0
41,4,21,1,4764,4,0,26,2,1,0
29,1,21,1,8545,93,0,16,1,6,0
28,6,22,1,228,17,0,53,2,1,0
33,1,20,4,7693,91,8,73,1,1,1
24,3,18,5,6574,10,4,14,1,1,0
25,1,15,1,1523,17,5,24,2,1,0
35,2,18,4,2578,147,0,45,1,1,0
48,3,20,1,608,427,0,42,2,9,0
55,3,20,1,1310,219,0,40,1,1,0
32,1,21,5,5463,32,11,38,1,1,1
30,6,22,5,5545,28,15,48,1,1,0
22,1,7,5,8631,5,16,35,1,1,0
80,6,21,5,3599,9,0,24,2,6,1
63,1,17,2,5775,84,6,59,2,1,0
35,1,21,3,8117,101,0,31,1,2,0
40,1,23,3,176,163,0,30,2,1,1
37,1,21,1,6759,142,0,37,1,1,0
58,1,17,1,5174,6,1,47,2,1,0
38,7,16,1,2307,9,0,50,1,1,0
21,1,18,1,1784,29,0,41,2,1,1
67,4,24,5,217,87,0,33,2,1,0
33,1,18,1,5674,4,0,34,2,1,0
85,1,21,1,860,322,0,45,1,1,0
32,6,18,5,2972,20,0,28,1,6,1
32,6,21,5,3449,278,8,35,1,1,0
49,1,18,1,4035,77,0,39,2,2,0
36,7,21,1,63,40,0,23,2,1,0
41,6,23,5,526,2,0,51,2,1,0
54,5,17,3,1328,327,0,34,1,1,0
50,1,16,1,1528,356,2,35,2,6,1
47,3,23,5,2235,57,0,33,1,2,1
56,1,23,1,75,145,0,60,2,1,1
85,1,19,1,5957,75,0,38,1,1,1
39,6,16,1,3756,21,0,51,2,1,1
34,2,17,5,7121,94,0,24,1,1,0
49,1,22,1,4879,55,2,47,2,6,1
21,1,15,5,1241,25,0,35,2,1,0
71,2,21,1,1744,76,0,38,1,7,1
32,6,22,1,4129,37,0,31,2,1,1
27,1,18,3,6765,5,17,57,2,1,0
69,1,20,2,605,47,0,43,1,1,0
46,1,19,1,142,185,3,55,2,1,0
23,4,16,5,3324,24,13,37,1,1,0
25,6,19,3,6146,27,17,27,1,1,0
58,1,13,1,6432,63,1,16,2,1,0
79,1,21,1,1998,148,0,36,2,1,1
31,1,19,3,3286,79,0,24,1,1,0
53,6,20,1,155,27,1,52,2,1,0
59,4,17,1,5811,4,12,25,1,1,1
51,1,18,5,1703,35,0,58,1,1,1
68,1,17,1,4115,40,1,54,1,1,0
28,1,20,5,2730,14,0,58,2,1,0
50,2,23,5,616,99,0,51,1,6,1
50,1,19,5,3383,61,0,27,2,1,0
60,1,20,4,1318,21,0,34,2,1,0
55,3,23,5,2912,329,0,53,1,1,1
75,2,21,2,4401,3,0,45,2,1,1
29,1,18,5,2283,90,0,34,2,1,0
52,4,23,5,1067,23,0,29,2,1,0
59,1,17,1,7859,57,0,12,1,5,1
49,1,21,1,1698,130,0,28,1,1,0
21,1,12,5,8962,9,0,38,1,1,1
33,1,22,5,310,5,5,25,2,1,0
27,1,22,5,3067,160,4,22,2,1,1
28,1,16,5,2451,1,0,34,1,1,0
26,1,21,3,8809,8,0,25,1,1,1
49,1,12,1,9042,26,0,31,1,2,0
57,1,21,1,8973,30,0,54,1,1,0
77,1,14,2,5924,32,0,68,1,1,1
19,1,21,1,5385,2,5,48,1,1,1
64,6,19,1,2178,229,0,56,1,9,1
32,1,17,1,1392,27,0,63,2,1,0
41,1,20,1,7966,114,9,35,1,1,0
46,1,20,3,1870,309,0,63,2,1,1
44,2,21,5,2710,83,1,34,2,1,1
25,1,18,5,6670,17,0,15,2,1,0
27,1,21,5,213,45,6,10,2,6,1
64,1,22,1,742,115,1,65,2,1,1
39,1,19,1,4969,39,16,61,2,6,1
63,1,21,1,171,112,0,51,1,1,0
55,1,18,5,4417,101,0,41,2,1,0
74,1,14,2,4182,5,0,34,1,1,0
72,1,20,1,6508,87,0,43,1,1,1
85,7,22,2,1281,11,0,43,2,1,0
29,6,21,1,1808,244,1,35,1,1,0
51,4,22,5,1900,6,0,40,2,1,1
56,1,23,1,14,234,0,38,1,1,1
24,1,24,5,1214,2,8,31,1,1,0
42,6,17,1,5495,37,0,51,1,1,0
33,1,18,1,6729,43,0,16,2,2,0
43,2,22,3,877,1,0,32,1,1,0
17,6,20,5,891,130,0,5,2,2,1
26,1,22,3,2606,54,0,29,2,1,1
71,1,21,1,8344,4,0,29,1,1,1
48,3,23,1,1232,10,3,39,2,1,0
20,7,21,1,1578,14,0,34,1,1,0
57,1,16,3,7958,70,1,29,1,1,0
71,6,17,1,9267,13,0,40,2,1,1
54,1,21,3,997,3,1,20,2,1,0
50,1,21,5,6880,554,1,56,2,6,0
45,4,19,1,5653,4,10,51,1,1,1
40,1,19,1,505,19,0,60,2,1,1
57,1,20,3,4052,65,0,58,1,1,1
60,7,23,1,58,56,0,43,1,2,1
47,1,19,1,8667,84,1,38,1,1,1
46,1,17,1,4613,50,0,32,2,1,0
26,4,21,1,351,67,4,40,2,1,0
65,7,22,1,140,68,0,67,1,1,0
25,1,15,1,3720,43,0,44,2,1,1
21,1,20,5,4466,141,0,39,1,6,0
29,3,14,5,7600,1,0,40,1,1,0
61,1,21,1,5085,48,0,49,1,1,1
45,3,21,5,2219,53,0,44,1,1,0
19,1,6,5,3707,58,0,17,1,1,0
71,1,17,4,4636,136,0,36,2,1,0
80,6,19,1,6698,137,0,40,1,1,1
28,1,22,5,9543,267,13,31,1,1,0
38,1,17,1,7957,110,0,20,2,1,1
80,1,19,1,7227,19,0,44,1,1,1
28,6,23,5,666,52,0,38,2,9,1
63,6,18,5,4481,17,0,23,2,6,0
49,6,17,1,7704,261,0,35,1,1,0
49,7,23,5,3990,10,0,27,2,1,1
53,1,21,1,61,168,0,18,1,1,0
43,1,21,1,497,14,0,47,1,1,0
39,1,18,1,7407,16,0,31,1,1,0
37,1,16,1,3495,89,1,41,2,1,0
73,1,15,1,1475,98,1,11,2,1,1
63,1,19,1,3192,29,2,39,2,6,1
28,1,20,5,369,300,15,36,1,1,1
72,2,19,1,2624,127,0,49,1,1,1
69,1,21,4,5481,36,1,56,1,1,1
65,1,19,5,8047,2,0,45,1,9,0
56,1,22,3,3511,79,0,22,2,1,1
45,1,21,1,62,145,0,57,2,1,1
40,6,22,1,1224,11,0,11,2,1,1
21,1,16,5,5270,52,0,46,2,1,0
56,5,13,1,7181,236,0,62,2,2,0
50,3,16,3,5239,1,0,19,2,6,0
54,1,20,3,8172,43,16,39,1,1,0
40,2,21,3,763,31,3,30,1,1,0
38,1,20,5,8944,48,0,38,1,1,0
64,1,19,5,6083,1,0,33,2,1,0
45,1,19,1,3315,2,10,41,1,1,0
38,1,19,1,971,8,0,26,2,1,0
32,5,17,3,5950,60,3,38,2,1,0
32,1,19,5,3427,136,4,47,1,1,0
45,1,21,1,7572,101,0,52,1,1,0
52,1,17,1,4038,81,0,46,2,1,0
54,1,16,3,8589,157,0,66,1,1,1
52,3,20,4,1676,27,0,49,2,1,1
56,1,16,1,7774,148,0,30,2,1,0
41,1,22,1,4400,36,0,37,2,1,0
32,1,17,5,4165,3,3,26,1,1,0
33,1,22,1,894,12,3,49,2,1,1
43,1,18,1,5147,154,0,54,1,1,1
46,5,20,1,3281,275,1,45,1,1,1
41,1,22,1,1734,2,0,49,1,9,0
33,1,8,1,9830,158,0,40,1,1,0
43,1,17,4,5170,11,0,25,2,1,0
33,1,15,1,8338,74,0,49,1,1,1
53,1,19,1,4613,54,0,38,1,1,1
43,1,13,5,2652,179,0,22,2,1,0
32,4,19,1,2714,85,0,35,1,1,0
45,1,10,1,8456,47,0,35,1,1,1
70,1,20,1,2134,554,0,45,2,1,0
23,1,18,1,5423,159,0,40,1,1,0
40,4,16,1,8489,157,3,51,1,2,0
55,7,23,4,2794,3,13,38,1,1,1
20,3,19,1,8573,80,0,29,2,1,0
68,1,4,1,9255,173,0,36,2,2,0
48,1,15,1,931,132,0,39,2,9,1
43,1,22,5,427,121,2,28,2,1,0
52,1,17,1,5308,2,0,44,2,1,0
57,3,14,1,5306,87,0,35,2,1,0
42,6,21,5,1671,4,3,42,1,6,1
25,1,21,1,538,85,0,76,1,1,1
47,1,18,3,3168,8,0,36,2,1,0
40,1,21,1,7964,71,17,24,1,1,0
47,1,19,1,6237,12,0,48,2,1,0
28,1,16,1,2946,10,0,48,2,1,0
45,1,18,5,5243,173,4,37,2,1,1
40,1,16,1,1580,1,0,34,2,1,1
37,6,16,1,315,45,11,27,2,8,0
43,1,23,5,5156,2,0,39,2,1,1
76,7,22,1,129,155,0,45,2,2,1
46,1,17,1,7216,105,0,19,2,1,0
49,4,18,1,5988,46,1,13,1,1,0
22,1,20,5,1956,92,0,40,1,8,1
29,2,21,1,3515,145,10,44,2,1,0
18,1,18,5,7716,15,0,42,1,1,0
78,7,22,1,7338,61,0,45,1,1,1
38,6,20,5,2678,5,0,53,2,1,0
49,3,14,1,3807,42,0,52,1,2,0
44,4,19,1,5791,138,0,41,1,1,0
20,1,19,1,5014,2,6,37,1,1,0
47,6,14,1,5256,133,0,53,1,1,0
35,1,22,1,2162,145,17,36,2,8,0
24,5,21,5,1911,18,4,23,1,6,0
50,1,21,1,4279,37,0,47,1,1,0
29,1,20,1,8540,4,4,11,2,1,0
28,1,16,5,2667,38,0,40,1,2,0
23,6,15,1,8805,17,6,42,2,1,0
33,1,17,5,6898,196,0,30,1,1,0
39,1,22,1,5029,17,0,41,1,6,1
56,1,13,1,3727,195,7,46,2,1,0
38,1,18,1,6463,18,0,39,2,1,0
45,6,21,1,5527,47,0,53,1,1,1
58,1,15,5,1730,217,5,17,2,1,0
37,6,23,1,4781,13,0,46,1,1,1
46,6,20,5,6137,120,0,41,1,1,0
47,1,15,1,4874,21,0,31,2,1,0
42,1,17,1,9204,1,6,45,1,1,0
43,1,21,1,3309,51,0,38,2,6,1
30,1,16,5,3584,65,0,16,1,1,1
35,1,16,1,6626,36,0,18,1,1,0
38,6,21,3,2322,20,0,28,2,1,0
72,1,15,5,4897,15,0,38,2,1,1
48,1,23,1,1846,156,0,18,2,1,0
39,1,20,1,1057,75,0,57,2,1,1
47,1,14,5,1494,289,0,22,1,6,0
51,6,18,1,3194,247,0,34,2,1,1
55,2,23,3,293,116,0,47,1,2,0
37,1,14,1,2688,45,0,39,2,1,0
26,1,17,1,1038,77,0,31,2,1,0
34,4,19,1,50,485,0,52,1,2,1
48,4,15,1,1286,12,0,40,2,1,1
48,1,20,1,317,32,0,33,1,1,1
23,1,20,1,1564,51,0,35,1,1,1
24,1,20,5,9043,28,0,57,1,1,0
42,1,20,1,3926,102,0,50,2,1,0
40,1,22,3,1881,7,0,37,2,1,1
22,1,16,5,4984,17,15,35,2,1,0
78,3,24,1,1233,6,0,50,1,1,0
33,5,21,5,4807,10,0,50,1,6,0
67,1,18,1,2189,460,12,41,1,1,0
43,4,20,1,2463,24,0,42,2,1,0
23,2,10,5,4553,160,0,34,1,1,0
26,1,16,1,6054,1,0,39,1,1,0
65,5,17,1,5243,13,0,50,1,1,0
52,5,18,5,6875,2,0,16,2,1,1
61,2,18,1,77,107,0,33,1,1,1
46,5,20,3,7262,33,0,18,2,1,0
27,2,12,1,8562,1,2,28,1,1,0
26,1,15,5,2573,115,13,41,1,6,0
42,1,13,5,7254,81,0,37,2,1,0
27,1,20,1,4007,6,0,44,2,2,0
32,3,19,5,5640,74,1,41,1,1,0
29,3,15,5,8091,325,2,37,1,9,1
30,5,19,3,2652,101,1,19,2,1,1
60,1,16,5,2824,121,0,49,1,1,0
24,1,17,1,4557,53,0,30,2,6,0
37,1,22,5,7597,29,1,78,1,1,1
49,1,21,5,7414,28,0,49,1,1,1
45,4,20,1,996,6,0,54,1,1,0
19,6,23,5,5337,85,11,51,2,6,1
48,6,15,4,9522,72,0,18,2,8,0
26,1,22,4,4289,83,0,10,2,1,0
23,3,20,1,2558,10,5,20,1,6,0
26,6,20,3,3967,108,0,39,2,1,0
45,5,20,5,1427,8,0,44,1,1,1
37,1,18,1,8839,64,1,37,2,8,0
34,1,19,1,2935,143,14,45,1,2,0
43,1,16,1,792,18,0,34,1,1,0
40,1,19,5,8909,11,4,30,1,1,0
75,1,20,1,2713,30,0,50,1,1,1
23,1,17,1,6212,12,13,43,1,1,1
61,3,20,5,5119,124,0,1,1,1,0
63,1,17,4,8440,7,0,35,1,1,1
56,1,19,5,4614,1,0,49,1,1,0
23,1,16,1,9646,18,9,42,1,9,1
51,3,16,5,1769,6,14,34,1,1,1
54,1,18,1,9727,56,3,13,1,2,0
53,3,20,1,2673,29,0,36,1,1,0
51,3,23,1,643,42,13,32,2,1,1
26,3,19,1,5237,71,0,8,2,1,1
53,1,18,1,93,2,0,46,1,1,0
43,7,19,1,9591,46,0,43,2,1,1
62,1,12,1,4281,19,6,44,1,8,0
45,2,17,1,6554,98,11,46,1,1,0
26,1,15,5,7115,5,0,19,1,1,1
30,3,19,1,5839,183,0,4,1,1,0
47,2,18,3,5636,3,0,27,2,1,0
48,1,18,1,8080,33,0,50,2,1,1
40,1,20,3,3290,29,0,28,1,1,1
54,2,16,1,5463,32,15,56,2,1,0
58,1,20,1,2402,400,0,23,2,6,0
26,1,15,5,5033,2,0,42,1,1,0
36,5,18,1,5654,152,0,62,1,1,0
50,7,20,3,1416,81,0,44,2,1,0
41,2,16,1,3168,269,9,49,1,1,0
69,3,15,1,4194,100,0,30,2,1,0
34,3,21,1,3072,10,0,36,2,3,0
29,4,20,1,2339,3,1,53,1,1,1
29,5,17,1,7988,23,17,24,2,1,0
52,1,22,4,1419,52,0,57,1,2,0
33,1,18,1,1817,31,1,45,1,1,0
34,1,21,1,5119,54,0,35,1,1,0
53,1,23,1,228,5,8,41,1,1,1
47,1,19,1,5559,29,0,78,2,1,0
27,5,21,5,8073,20,0,22,1,1,0
72,1,20,3,4193,243,0,56,2,1,1
43,1,11,1,394,107,0,39,2,1,0
62,1,12,1,7315,51,10,49,1,1,0
43,2,18,5,880,69,0,27,2,2,0
29,3,21,1,3887,18,0,44,2,1,0
21,7,15,5,1201,1,0,15,2,1,1
34,1,15,1,7854,105,0,31,1,9,0
40,1,12,3,5251,10,2,40,1,1,0
27,1,18,5,8309,26,14,35,2,1,0
58,5,20,1,258,162,0,29,2,1,1
30,7,18,5,7004,10,0,44,1,1,0
47,1,17,3,7670,240,0,27,1,1,1
41,2,14,1,388,12,14,38,1,1,0
43,1,17,5,4810,81,0,38,1,1,1
37,6,10,1,5712,248,0,68,1,9,0
65,1,22,1,2709,60,0,35,1,1,0
34,2,21,5,774,144,0,48,1,1,1
19,1,18,5,537,18,0,35,1,1,0
42,2,18,2,7208,65,0,37,1,1,1
23,6,21,1,1834,10,0,52,2,8,0
65,1,17,1,6150,17,1,44,2,1,1
80,6,18,1,1965,67,0,48,2,1,0
28,6,17,5,3760,48,0,30,2,1,0
41,2,20,5,929,31,0,47,1,2,1
29,3,18,1,1994,130,15,36,2,1,0
23,1,20,1,4478,9,15,31,2,1,0
38,7,22,5,1331,9,0,22,2,1,0
33,6,17,1,6082,29,6,31,2,1,0
64,1,22,3,1951,74,0,30,2,2,0
40,1,18,1,5215,4,16,43,2,1,0
36,2,19,5,9279,86,17,44,1,1,0
59,2,21,1,244,1,0,39,2,1,0
22,1,22,5,3826,1,0,36,1,1,0
66,4,23,1,2146,212,0,53,2,1,1
43,1,16,1,5938,60,0,19,1,1,0
26,1,23,5,460,97,0,37,1,1,1
21,1,23,3,7462,160,17,47,2,6,0
20,1,15,5,8779,3,17,15,2,2,1
35,1,18,1,8149,1,15,63,1,1,0
26,6,15,5,8413,8,0,59,1,2,1
27,1,21,5,5498,61,1,33,1,1,1
54,1,20,1,2880,221,0,43,1,1,1
51,2,12,3,7014,155,17,11,1,1,0
39,3,22,3,4843,24,0,34,2,1,1
56,1,19,5,2593,1,0,41,2,1,0
40,6,21,1,7657,174,0,25,2,1,0
49,2,22,1,98,97,0,40,1,1,1
53,1,18,1,33,77,0,46,2,1,1
38,1,19,1,9164,205,1,36,1,1,1
40,1,19,1,305,9,0,39,2,1,1
19,1,20,5,6179,10,17,18,2,1,0
51,2,20,1,9287,204,2,43,1,1,0
29,1,5,3,9717,131,2,19,2,1,0
31,7,15,5,8868,80,0,23,2,2,0
44,3,19,5,3911,29,1,56,1,1,0
36,1,21,1,994,29,1,34,1,8,0
63,1,22,3,2253,34,0,45,2,1,0
41,4,20,3,9193,252,5,71,1,1,1
33,1,20,3,1332,1,0,36,2,1,0
47,3,22,3,4076,139,8,33,1,1,1
45,6,21,1,60,162,0,34,1,1,0
23,1,22,5,775,6,16,32,1,1,1
44,7,22,3,1273,198,4,18,1,1,1
59,3,15,1,8361,2,0,58,2,6,0
35,1,22,1,1503,47,4,32,2,1,0
22,1,19,1,5357,16,12,34,1,1,0
27,1,15,5,7481,103,1,33,1,9,0
37,1,19,5,2051,438,0,54,1,8,1
37,1,17,1,1026,67,0,49,2,1,0
50,1,20,5,7161,50,0,57,1,1,0
61,1,23,1,1852,5,3,34,1,1,0
23,1,18,5,4609,91,1,24,1,1,1
36,3,19,5,2695,11,3,8,2,1,0
74,4,19,2,3395,244,0,35,1,1,1
26,1,17,1,7011,220,0,28,1,1,0
53,1,19,5,351,80,0,57,1,1,0
25,1,20,2,7187,30,0,21,2,1,1
64,4,21,1,846,4,0,25,1,1,0
51,2,20,1,6428,29,7,55,1,1,0
41,1,9,5,8060,14,0,48,1,1,0
28,1,19,3,4299,131,10,47,2,9,0
40,6,21,1,1013,157,0,35,2,1,0
27,1,18,1,5670,204,11,35,2,1,0
70,7,20,4,6984,20,0,27,1,1,0
34,4,22,1,627,6,0,40,1,1,1
70,1,16,1,7643,42,6,44,2,1,0
58,1,7,2,8248,83,0,42,1,6,1
60,3,22,1,2476,71,0,30,2,1,0
35,1,21,5,4988,2,0,31,1,1,0
35,3,15,5,4056,83,0,59,1,1,1
30,1,21,3,2783,48,0,36,2,6,0
37,1,15,4,8692,433,13,39,2,1,0
25,1,21,5,7584,18,8,26,2,1,0
49,1,18,1,1719,8,0,44,1,1,1
21,1,20,5,7500,4,16,42,2,1,1
69,1,19,1,2942,98,0,43,2,1,1
31,1,20,5,4842,25,0,23,2,1,0
35,1,21,1,1783,8,17,17,1,8,0
31,2,20,5,7692,3,0,25,2,1,0
57,1,17,1,3717,314,0,40,1,1,0
55,1,18,5,6260,2,0,28,2,1,0
33,1,18,5,1212,5,0,31,1,1,0
52,1,21,1,693,198,0,60,1,1,1
46,1,22,1,5342,110,0,47,1,1,1
29,1,22,5,6008,5,0,43,2,1,1
88,1,18,1,294,41,0,52,1,2,1
60,1,20,1,2551,358,0,42,2,1,1
28,1,21,1,2044,33,0,48,1,1,0
64,1,15,2,4825,111,0,31,1,1,0
41,1,21,4,334,393,0,53,2,2,0
22,1,13,5,4303,30,17,19,2,1,0
51,1,16,1,7488,178,0,43,1,1,1
64,1,18,1,794,134,0,30,2,1,0
58,1,13,1,6815,36,0,18,1,1,0
50,1,17,1,2841,145,0,44,1,8,0
50,1,23,1,4533,3,16,33,2,1,0
28,1,21,5,1538,35,0,59,2,1,0
62,3,23,1,1793,116,1,44,2,1,1
22,1,21,5,3698,404,16,28,1,1,0
47,3,16,5,7685,14,10,38,2,9,0
32,2,20,1,7446,26,17,31,2,1,0
53,3,23,5,1595,86,0,29,2,2,1
47,1,18,5,1628,77,0,39,1,1,0
32,3,10,1,8102,64,0,36,1,1,0
25,4,23,5,214,106,17,18,1,9,0
48,3,17,4,5804,203,0,52,1,1,1
39,1,17,5,7818,57,0,39,1,1,1
29,3,22,1,329,4,0,55,1,1,1
22,5,13,5,8755,2,7,61,1,1,0
52,1,18,5,1497,8,0,20,1,1,0
38,1,21,5,2359,1,0,17,2,1,0
28,1,18,1,1905,29,0,30,2,8,0
44,1,20,5,4532,22,0,28,1,2,1
28,7,20,1,3370,6,17,43,1,1,0
64,1,19,4,1066,295,0,18,2,2,0
40,5,18,1,2522,1,0,38,2,1,1
70,4,22,1,1403,286,0,28,2,1,1
23,6,11,1,884,1,3,33,1,1,0
74,3,18,1,2802,250,0,32,1,1,0
25,1,13,5,7519,271,0,25,2,1,0
44,1,11,3,4823,16,11,51,2,1,1
46,1,23,1,902,5,0,36,1,6,1
40,2,20,1,3614,63,0,66,1,1,0
29,6,19,5,6992,57,0,38,2,1,0
27,1,14,1,2541,71,0,31,1,1,0
19,1,19,5,3654,17,0,41,2,2,0
47,3,18,1,5394,70,0,6,2,8,0
74,1,18,1,7002,3,0,49,1,1,1
49,6,19,1,114,1,0,61,1,1,0
31,1,17,1,8806,32,0,14,1,1,0
26,1,22,5,6811,108,0,63,1,1,0
73,2,23,1,476,65,0,38,2,1,0
65,1,18,1,421,28,0,24,1,1,1
48,6,12,1,2623,264,9,8,2,1,0
41,1,18,5,6750,199,0,52,2,1,0
40,1,23,3,4849,82,0,41,1,2,1
23,1,19,5,6741,3,0,41,2,1,0
21,1,21,5,6165,206,12,27,1,1,0
29,1,23,1,547,2,0,22,2,1,0
43,1,21,1,5712,23,0,68,2,1,1
47,1,3,1,7312,33,0,37,2,1,0
28,1,18,1,5442,31,1,44,1,1,0
35,6,21,3,4959,52,0,40,2,1,0
31,1,18,1,6274,271,0,32,1,1,0
19,1,18,5,6177,173,0,40,1,1,0
51,1,17,1,5187,2,0,24,1,1,0
37,1,17,1,2498,53,0,37,1,1,0
25,1,19,2,5930,99,0,50,1,1,1
64,6,23,1,3302,55,0,66,1,1,0
51,6,21,2,6400,15,0,50,1,2,1
50,3,21,1,740,60,0,19,1,6,1
60,1,16,1,2934,4,0,46,1,1,0
32,1,21,1,1112,11,0,36,2,1,0
26,3,19,5,9437,5,0,14,1,1,0
26,2,23,1,53,5,0,33,1,2,1
60,1,20,5,6513,29,0,36,1,2,1
45,2,18,1,6989,8,0,22,1,1,0
43,5,16,1,7748,8,0,36,2,1,0
42,4,21,5,2911,3,0,59,2,1,1
23,1,16,5,1408,121,0,29,1,1,0
32,1,17,1,2115,21,0,28,1,2,0
37,1,17,3,3072,70,0,41,2,1,0
33,1,16,3,2390,25,0,44,2,1,0
27,1,20,1,3612,46,0,17,1,1,0
35,2,7,5,8114,35,0,26,2,1,0
29,1,15,1,3836,118,0,57,1,1,0
40,1,20,1,3300,38,0,42,2,1,0
25,4,22,3,7231,39,1,38,1,1,0
57,1,21,1,6721,13,0,70,1,1,1
21,1,23,1,498,1,7,35,2,1,0
59,1,15,1,6518,3,10,29,2,1,0
54,1,16,1,6206,97,0,52,1,9,0
58,1,22,5,2974,7,0,28,1,8,0
53,1,21,1,1519,59,0,52,1,1,0
54,6,21,5,1820,2,0,28,2,1,0
82,1,20,1,8030,37,0,46,1,1,1
20,1,17,5,3183,1,0,46,2,1,0
54,2,22,5,5568,176,0,32,2,1,0
37,1,22,5,4459,57,0,55,1,6,1
47,1,21,1,4070,6,3,37,2,1,0
80,7,20,1,4170,101,0,47,1,1,0
50,1,19,1,8993,152,0,52,1,1,1
54,1,18,1,8580,42,7,46,1,2,0
38,1,16,1,9511,15,0,44,2,1,0
69,5,19,1,4863,417,0,35,1,6,0
71,6,23,1,6995,144,0,17,2,1,1
34,1,16,5,7942,23,5,56,1,9,1
68,1,19,1,421,109,2,53,2,6,1
47,1,20,5,5638,102,0,24,2,1,0
84,1,21,1,1948,40,0,54,1,1,1
26,1,22,3,5655,235,0,13,2,1,0
51,1,14,1,8117,285,0,22,1,1,0
45,1,21,5,6822,60,0,39,2,1,0
44,1,21,1,519,54,2,20,2,1,1
28,1,18,1,4987,99,0,44,1,1,0
39,6,21,1,8706,139,9,27,1,1,0
76,1,18,1,5585,67,0,39,2,1,1
43,1,16,1,6678,8,0,48,1,1,1
70,1,21,1,7787,143,0,37,1,1,1
35,1,21,5,928,1,0,38,2,1,0
63,1,19,1,9366,26,0,46,1,1,0
72,7,18,1,4465,5,0,35,2,1,0
20,1,21,3,1218,13,6,46,1,1,0
65,1,17,2,4479,345,0,35,1,1,1
45,2,21,5,1145,174,0,40,2,2,0
26,4,19,5,562,45,0,60,1,1,0
23,1,20,1,4241,251,16,45,2,1,1
30,3,18,1,2160,22,5,34,1,1,1
58,7,19,2,9055,38,3,35,1,1,0
31,2,22,3,1764,32,2,43,2,6,0
57,1,21,1,6433,233,0,29,2,1,1
70,2,24,1,3606,144,0,82,1,2,1
42,1,19,1,3859,5,15,20,1,1,1
59,7,21,1,1050,45,0,62,1,1,0
58,1,20,4,5368,103,0,32,1,1,0
37,1,23,5,2430,147,0,18,2,1,1
67,1,23,1,4065,152,0,38,1,1,1
32,2,20,1,2740,146,0,35,2,8,1
58,3,24,1,4538,33,0,59,2,1,0
55,1,23,1,6507,146,3,24,1,1,0
31,2,11,5,5393,109,0,41,1,1,1
44,2,21,5,3362,122,3,9,2,1,0
41,1,18,1,7765,3,3,30,2,1,0
49,2,20,1,8294,6,1,32,2,1,1
70,1,19,2,1839,81,0,48,1,2,0
25,1,13,5,7035,58,6,43,1,1,1
49,1,23,1,563,34,8,42,2,1,0
55,1,21,1,4248,37,0,36,1,1,0
17,3,15,1,6223,51,17,19,2,1,0
55,1,22,1,4933,156,0,18,2,2,1
45,6,20,5,991,74,0,35,1,1,1
25,1,13,5,3696,63,2,33,1,1,0
64,4,21,5,5663,85,0,50,1,1,0
73,1,18,1,2371,9,0,58,1,1,1
53,6,21,1,7087,164,0,45,2,1,1
60,1,22,1,8507,3,3,59,1,1,0
47,1,13,1,8750,328,0,36,1,1,0
62,8,23,1,4141,1,0,41,2,1,1
36,1,21,1,3479,105,0,45,1,2,1
57,1,23,5,4198,33,0,39,2,1,0
24,4,23,1,664,1,0,41,2,1,0
66,1,21,1,3418,13,0,51,2,2,0
65,1,20,1,2623,118,0,66,2,2,1
62,1,17,1,8603,372,0,53,2,7,1
37,2,21,1,2576,5,0,44,2,1,1
49,1,21,1,1216,27,0,40,2,1,1
49,3,17,1,5965,1,0,30,2,1,0
63,1,16,1,6118,42,0,68,1,1,1
56,1,15,1,3718,6,0,46,2,6,0
77,1,21,2,292,2,0,45,2,1,1
35,2,13,1,9214,55,0,39,1,1,0
23,1,18,3,4233,132,0,40,1,2,1
48,1,22,5,312,26,0,34,1,1,0
54,1,22,1,3199,10,0,55,1,1,1
57,1,22,1,1102,3,0,46,2,1,0
49,1,17,1,3675,6,0,37,2,1,1
52,2,21,1,6643,134,0,44,1,1,1
36,1,17,1,4388,17,0,35,2,1,0
43,1,18,5,6002,66,2,42,1,6,1
21,4,19,5,606,26,7,39,2,2,0
28,1,22,5,308,13,0,46,2,1,1
39,1,22,1,5111,5,0,48,2,1,1
22,1,22,5,566,7,17,39,2,1,1
22,1,16,5,5286,33,4,24,1,6,1
41,1,17,5,2165,4,0,42,2,6,0
26,6,21,3,3966,50,0,48,2,1,0
42,1,18,1,8562,55,10,41,1,1,0
41,5,22,5,332,16,0,55,2,1,0
62,1,22,1,2132,19,0,33,2,2,0
58,1,20,1,1021,31,0,40,1,2,1
83,1,21,1,4125,25,0,43,1,6,0
25,7,23,1,7108,278,0,20,1,2,0
65,1,16,1,8693,143,7,19,2,9,0
53,3,21,3,3420,60,0,61,2,1,1
19,4,24,5,3697,50,0,26,2,1,0
22,4,21,5,6515,18,17,44,2,1,0
50,1,20,1,6890,101,0,44,1,1,1
37,1,23,1,1792,215,0,11,2,1,0
51,3,19,1,7191,26,0,61,1,1,0
52,1,18,1,8688,37,0,42,1,2,0
73,3,19,1,2303,99,0,36,2,9,1
50,7,20,3,4674,35,0,47,1,1,1
30,1,17,1,9568,104,0,28,2,1,0
43,2,22,1,2696,39,15,48,1,8,1
78,1,16,1,9229,483,0,43,2,1,0
21,1,20,1,2979,42,14,40,1,1,1
67,7,20,1,6074,137,0,52,2,1,1
59,1,20,1,168,63,0,37,1,1,0
44,3,22,1,6106,49,0,33,1,2,1
32,1,21,5,4102,18,14,41,1,1,1
47,5,11,1,9277,121,6,14,1,2,0
72,4,20,1,1240,77,0,48,1,1,0
32,6,21,5,4030,107,4,14,2,1,0
24,2,22,5,4824,2,0,60,2,1,0
50,2,21,1,1165,83,0,38,2,1,0
32,1,20,1,7179,33,0,10,1,2,0
27,1,16,5,4650,4,0,34,2,1,0
48,4,22,3,7235,31,2,29,2,2,0
42,1,21,3,5896,47,1,47,2,1,1
76,5,22,1,4578,76,0,39,1,1,0
21,1,19,3,3024,22,2,42,2,1,1
34,2,20,4,2634,345,0,32,1,6,1
55,1,20,3,771,33,0,54,1,1,1
30,1,16,1,6910,9,8,63,2,1,1
53,3,18,1,8589,81,1,1,2,8,0
58,1,17,3,1171,102,0,27,2,1,1
36,1,16,1,6598,6,0,27,1,1,0
50,3,21,4,3324,67,1,49,2,1,1
54,1,19,1,4490,1,0,43,2,1,1
39,2,18,1,1102,3,0,22,1,1,0
40,1,16,1,2393,143,0,34,1,2,1
44,1,19,1,7169,2,0,50,2,1,1
38,1,16,1,3359,10,1,51,1,1,0
22,1,16,1,3779,29,17,31,1,1,0
35,1,15,1,1165,235,0,35,1,1,1
42,6,13,1,3441,69,0,38,2,1,0
30,5,18,5,4353,1,0,34,1,1,0
50,2,21,1,6008,70,0,54,1,1,0
26,1,18,1,7263,114,0,40,1,1,0
59,1,18,1,1109,49,0,42,2,1,0
37,1,17,3,911,62,8,38,2,9,0
37,1,20,5,2700,151,15,46,1,2,1
46,5,20,1,8749,33,1,51,2,1,1
75,6,19,1,856,6,0,36,2,1,0
56,1,20,1,3293,3,9,18,2,1,0
43,1,19,1,3437,46,0,31,2,4,0
70,2,13,4,4239,234,0,49,1,1,1
25,3,19,5,5498,116,0,46,2,1,0
21,3,15,5,4933,47,0,24,2,8,0
31,6,16,1,9260,375,1,39,1,1,1
79,1,22,4,2829,3,0,44,2,1,1
30,1,20,3,2993,15,6,34,2,2,0
26,1,21,1,8536,506,0,68,1,2,0
52,1,18,1,1259,163,0,48,1,1,1
42,1,12,5,6381,2,0,52,1,2,0
34,1,23,1,485,103,0,41,2,1,0
57,2,13,2,6036,31,0,36,1,2,1
33,1,20,5,4333,34,0,39,1,1,1
37,2,14,1,2656,15,0,51,1,2,1
34,1,11,1,1412,54,0,30,2,1,0
26,1,22,5,547,11,0,55,1,1,0
28,1,15,1,7018,111,14,30,2,1,0
40,1,23,1,2543,25,0,46,1,1,1
78,1,19,1,5631,12,0,32,2,1,0
49,1,19,3,7783,67,0,26,2,1,1
29,1,21,1,6858,23,9,30,1,1,0
35,1,19,3,5032,12,0,27,2,1,1
35,1,22,3,983,80,1,38,1,9,1
31,3,21,1,7788,43,13,21,2,1,1
26,1,17,5,7896,10,0,29,2,1,0
18,4,21,3,1816,109,17,44,1,3,0
46,4,16,1,4653,179,2,38,1,6,0
53,6,17,1,6622,5,0,46,2,1,0
53,1,19,1,2879,80,7,45,2,1,0
30,2,21,1,4079,66,10,62,1,1,0
40,1,16,5,9152,161,16,23,1,1,0
28,1,19,1,8400,98,1,44,1,1,0
26,1,19,1,4228,42,0,20,2,1,1
25,1,16,1,7045,151,0,58,1,1,1
37,2,20,2,2799,205,0,38,1,1,1
43,1,19,1,7982,1,0,20,2,1,1
40,1,19,1,7971,87,0,23,1,8,0
31,1,20,1,6781,38,0,54,2,2,1
81,1,23,4,454,30,0,57,2,1,1
47,1,23,5,69,3,0,44,1,1,1
57,1,18,1,722,136,0,60,1,1,0
52,1,22,1,3817,31,0,45,2,1,0
47,1,18,1,1749,28,0,53,2,1,0
47,1,18,3,7929,29,14,20,1,1,0
34,6,22,1,227,554,0,56,2,8,1
45,1,15,5,8393,10,14,47,1,1,0
23,5,20,5,2988,14,0,23,2,1,0
53,1,19,5,3085,13,0,42,2,1,1
38,3,20,1,2332,163,13,19,1,1,0
32,1,22,1,2843,11,0,37,2,9,1
23,1,19,1,498,74,2,26,1,1,0
28,1,20,3,2234,2,0,45,2,1,0
67,1,16,1,6992,23,0,46,1,1,0
24,1,16,5,4321,14,17,48,2,1,0
68,1,20,1,2808,43,0,24,1,1,1
36,6,18,5,4136,81,0,46,1,2,0
21,1,14,3,1903,71,15,45,2,1,1
46,1,19,1,4336,21,6,18,1,1,0
60,1,22,1,778,42,0,49,1,1,1
45,6,8,3,7192,11,0,44,1,1,1
24,1,16,1,6589,17,0,32,2,1,0
24,1,20,5,3582,24,2,36,1,1,0
44,3,19,1,6446,20,0,45,1,1,0
29,1,23,5,3440,22,0,45,1,1,1
73,1,16,1,4355,2,0,29,1,1,0
42,4,23,1,168,23,0,42,2,1,1
34,1,17,5,1278,92,0,26,2,1,1
52,1,22,2,644,140,0,31,1,9,0
44,1,10,5,6603,115,17,30,1,1,0
83,1,18,1,3278,204,0,44,2,1,1
34,6,22,1,189,59,0,46,1,1,1
35,1,20,1,7192,240,0,45,2,1,1
44,1,23,5,5445,13,1,32,1,6,1
39,1,18,1,6115,348,0,41,1,1,1
35,1,22,1,5935,70,0,31,2,1,1
48,1,22,1,7806,60,0,45,1,1,1
26,1,20,1,6082,89,0,46,1,2,0
72,6,19,1,3903,92,0,48,1,1,1
47,2,17,1,9515,265,0,45,1,2,0
43,2,17,1,870,3,0,53,1,1,0
22,1,14,5,1765,87,0,43,2,1,0
32,1,12,5,8416,3,0,48,2,1,0
23,4,21,5,1496,3,0,46,2,2,1
30,1,17,1,4782,137,0,49,2,1,0
61,6,14,1,6807,123,0,40,2,1,0
27,1,20,5,6504,2,6,45,2,1,0
62,7,17,2,3780,4,0,43,2,8,1
76,1,23,1,2792,5,0,21,2,1,1
40,1,21,3,19,39,0,28,2,1,0
26,1,23,3,311,13,1,39,2,8,1
45,3,22,1,1061,3,0,36,1,1,1
60,1,15,1,7367,2,0,42,1,1,0
37,6,16,1,4444,5,2,70,1,1,0
46,3,15,5,4656,28,0,43,1,1,0
27,4,11,5,2220,64,0,4,2,1,0
62,1,20,1,1704,14,0,35,2,8,1
19,2,19,5,2803,55,10,34,1,1,1
36,6,22,4,5371,8,0,24,1,1,1
36,1,18,5,4636,55,0,33,2,1,1
47,1,18,2,2544,8,13,33,2,2,0
55,1,16,1,5799,35,1,31,2,1,1
34,1,20,5,7417,13,9,45,1,1,0
65,1,21,1,2846,103,0,41,1,1,0
24,1,14,5,3531,25,9,19,2,1,0
21,1,20,3,4550,2,0,68,1,1,1
74,1,19,1,1317,33,0,43,1,1,0
68,4,22,5,198,97,0,45,2,1,1
60,1,22,3,3302,62,0,32,1,1,0
66,5,13,5,6374,18,0,39,1,1,0
53,3,20,1,4182,25,16,41,1,1,1
23,1,15,1,7013,5,16,47,2,1,0
21,1,21,1,6105,6,0,45,1,6,0
35,1,18,1,213,175,0,35,1,1,0
47,1,21,3,4656,74,0,32,2,1,0
55,3,11,1,6569,1,3,33,2,9,0
47,7,20,1,2068,5,0,35,2,1,0
31,7,20,1,1165,234,0,35,2,1,1
23,1,23,5,2132,1,1,39,2,1,0
46,1,18,1,5025,147,0,33,2,9,0
61,1,19,1,4887,8,0,42,1,9,0
48,3,17,1,4562,20,0,35,2,1,0
44,1,20,1,3438,44,0,47,1,1,0
19,1,20,3,1890,9,0,24,1,1,0
27,7,20,5,5773,7,0,55,1,6,1
74,1,22,1,8951,47,0,42,1,1,1
37,3,21,1,7878,2,0,27,2,1,0
32,4,21,1,2888,17,0,38,2,1,0
40,1,21,1,4942,236,0,34,1,1,0
21,2,17,5,8276,1,0,18,1,1,0
60,1,18,1,68,243,0,27,1,1,1
33,1,21,5,6023,54,0,20,1,3,1
34,3,20,3,2075,47,0,31,1,1,0
42,1,20,1,5287,4,0,32,1,1,1
26,1,15,1,3182,365,12,22,1,1,1
42,3,19,1,836,11,7,39,2,1,0
42,3,18,3,8776,140,0,33,1,1,0
65,1,22,1,689,159,0,42,2,2,0
52,1,19,1,1116,176,0,46,2,1,0
77,2,23,1,2068,175,0,35,1,1,1
60,5,13,1,5117,263,0,7,2,1,0
62,1,16,1,5604,60,0,34,1,1,0
31,1,20,1,2688,92,0,48,1,1,0
30,1,16,1,4105,248,9,34,1,5,0
25,1,17,1,1960,6,6,27,1,1,0
35,2,18,1,2505,33,0,52,2,1,0
45,1,17,5,5577,80,0,31,1,1,0
40,1,21,1,8218,2,0,28,2,1,1
56,7,19,5,1924,152,0,40,1,1,0
37,2,20,1,639,16,0,47,1,1,0
48,1,17,5,8223,1,13,24,2,1,1
23,1,19,5,7335,97,0,25,2,1,0
63,1,21,1,1504,2,0,26,2,1,1
58,4,18,1,1602,49,0,35,1,1,0
54,1,17,5,6512,2,0,38,2,2,0
63,1,22,5,3405,25,2,30,1,1,1
34,3,18,1,8039,47,10,38,1,1,0
26,5,22,3,3617,213,0,26,1,1,0
41,4,21,3,6911,78,0,69,2,1,1
37,1,22,5,2260,123,0,57,1,7,0
61,1,17,1,5942,374,0,32,2,2,0
21,1,20,1,3642,4,0,30,1,1,1
80,6,14,1,8705,105,0,16,1,1,0
67,3,21,1,6499,41,0,35,2,1,0
21,1,11,5,6665,13,17,31,2,9,0
56,2,19,5,3969,21,0,33,1,1,0
71,2,21,1,8898,87,0,29,2,1,0
69,4,19,1,8074,292,0,52,2,9,0
37,1,19,3,4245,38,0,66,2,1,0
44,1,16,1,2374,153,0,26,1,1,0
37,1,19,3,6268,48,0,28,2,1,0
76,4,21,1,40,35,0,44,2,1,1
35,2,21,1,5937,89,0,60,2,8,1
45,1,20,1,7604,63,0,44,2,1,0
56,1,19,1,366,252,0,36,2,6,1
40,7,23,1,3295,2,6,53,2,1,1
34,3,21,1,2255,12,0,34,1,1,0
73,1,22,2,2381,48,0,34,2,1,0
31,1,21,1,6652,12,0,29,1,1,0
48,5,17,1,6139,2,12,52,1,1,1
32,1,22,5,7899,5,0,39,1,1,0
32,1,20,1,4555,451,0,29,2,1,0
23,1,19,3,202,8,9,51,2,2,1
55,1,21,1,1361,1,0,46,2,1,1
83,3,24,1,5312,242,0,50,1,1,0
54,1,17,1,2917,38,0,36,2,1,1
49,1,16,1,5516,102,0,32,1,2,0
26,1,18,5,1574,34,0,19,1,1,0
71,1,18,1,7757,163,9,42,1,8,0
76,1,18,2,7284,24,0,35,1,1,1
60,5,18,1,5067,223,1,14,2,1,0
46,1,19,5,6820,17,0,33,2,6,0
36,4,20,3,7464,4,17,37,1,2,0
59,1,17,3,9116,171,0,44,1,1,0
52,1,18,5,4514,10,0,40,1,1,1
45,3,16,1,2402,279,13,32,1,2,0
62,3,22,5,1160,225,0,38,1,1,0
34,1,19,5,3107,60,0,49,1,1,0
54,1,19,1,6343,107,0,27,1,1,1
27,2,17,5,623,43,1,36,2,2,1
35,1,22,1,632,2,0,28,2,1,1
69,1,18,1,1668,118,0,34,2,2,0
25,1,18,1,6211,12,0,39,1,1,1
47,2,21,1,1591,147,0,55,1,9,1
44,1,18,1,7742,64,0,27,1,8,0
54,2,19,3,2518,28,0,36,1,1,0
48,1,22,1,1257,56,0,33,1,1,1
41,1,22,1,550,147,0,38,2,1,1
75,7,19,1,4595,129,0,38,2,1,0
46,1,18,3,2676,242,0,37,1,9,1
43,1,22,1,3197,134,0,47,1,1,0
44,1,18,1,3272,25,0,35,2,1,0
50,1,20,1,2041,21,0,44,2,1,0
38,1,17,3,6051,49,0,34,2,1,0
19,3,17,5,7979,11,7,33,1,1,1
56,1,13,5,8602,216,1,41,1,1,0
22,3,20,5,6895,12,0,27,1,9,0
38,1,18,1,4305,94,0,51,1,1,1
21,2,15,5,2382,77,5,10,1,1,0
49,1,22,1,4217,66,0,49,2,1,1
51,6,16,1,7428,71,0,30,1,1,1
26,1,20,5,5067,1,0,38,2,6,0
35,1,15,5,8517,9,0,36,2,1,0
23,1,13,5,9822,5,0,36,1,1,0
79,1,19,1,6015,153,0,48,1,1,0
53,1,23,5,3758,47,0,32,2,1,0
50,2,22,1,679,6,5,39,1,1,0
33,3,20,1,4415,1,10,36,2,1,0
72,2,18,1,3906,78,7,32,1,1,0
32,1,19,5,1929,3,0,42,1,6,0
89,3,20,1,5562,149,0,44,2,1,1
36,1,12,1,7759,45,0,41,1,1,0
27,1,16,5,5105,53,11,28,2,1,0
53,2,18,1,5863,12,9,55,1,1,1
45,1,16,1,6063,28,0,52,2,1,0
28,1,21,1,429,70,0,34,1,1,0
25,1,22,1,323,186,0,37,2,1,1
60,2,20,1,1345,15,0,69,1,1,0
23,1,13,5,4017,20,0,57,1,1,1
48,2,21,1,4391,5,0,29,1,1,0
52,1,17,1,2185,24,0,3,1,1,0
35,1,20,1,379,10,0,34,2,1,1
19,1,19,5,8637,20,0,45,2,2,1
33,2,17,5,2169,37,1,49,1,1,0
71,2,24,1,429,37,0,57,2,1,1
31,1,22,5,2459,6,0,56,1,1,1
40,1,16,5,2058,108,2,20,2,1,0
71,1,19,4,2088,85,0,41,1,1,1
20,1,20,5,4888,4,1,23,2,1,0
26,1,20,1,2082,1,15,40,1,1,1
27,1,15,5,1771,17,16,41,1,1,1
47,8,21,1,6429,78,0,35,2,1,1
41,1,22,1,752,53,0,29,2,1,0
54,1,16,5,5078,20,0,42,2,1,1
37,1,20,5,2938,49,0,54,2,1,0
67,1,20,5,6237,23,0,41,2,6,0
53,1,16,1,4971,34,0,40,1,1,0
39,1,23,1,6990,71,0,45,2,1,0
18,1,16,5,4517,164,13,40,1,1,0
23,1,19,5,535,71,2,39,1,1,0
64,6,22,1,2433,358,0,23,2,1,1
29,1,14,1,9324,105,0,40,1,1,1
31,2,18,5,4563,112,0,29,2,6,1
55,2,18,1,517,87,1,45,2,1,0
22,1,18,3,1806,26,9,46,2,1,0
25,1,21,1,4776,18,0,55,2,6,1
54,1,22,2,5451,2,0,31,2,1,0
48,1,13,1,2661,127,0,29,2,1,1
33,6,19,1,7684,111,16,36,1,1,1
75,4,17,3,751,137,0,35,2,1,0
51,4,18,1,7074,262,0,22,1,2,0
31,1,21,1,5055,53,0,51,2,1,0
25,6,17,1,9631,9,0,38,1,1,1
33,2,18,1,2218,6,0,42,1,1,1
72,1,14,1,3781,230,0,49,1,2,1
50,1,20,1,2636,28,0,24,1,1,0
40,4,21,5,2171,2,0,33,1,1,1
32,1,17,1,4792,52,16,30,2,1,1
70,6,23,1,3222,9,0,45,1,1,1
20,2,17,5,8162,46,0,34,1,1,0
41,3,22,1,1972,24,0,26,2,1,0
41,1,20,1,4106,34,1,47,1,2,1
64,1,18,3,6110,183,0,26,2,1,0
71,1,19,1,6626,90,2,32,2,1,1
47,1,22,5,7641,86,0,51,1,1,1
34,6,21,1,3472,3,11,20,2,6,0
54,3,19,3,2676,43,0,49,1,1,1
43,6,18,5,3678,123,4,25,1,9,0
61,1,16,1,4040,264,2,56,2,6,0
42,1,17,5,7344,10,6,37,2,1,0
48,4,9,5,8102,182,0,51,1,6,1
61,1,13,1,7498,59,1,35,2,1,0
68,4,19,1,5524,4,0,53,1,1,0
40,4,21,1,488,8,0,31,2,1,0
26,4,23,5,7536,1,13,29,2,1,0
21,4,22,5,2620,11,0,42,1,1,1
28,1,17,1,5182,13,0,47,2,1,0
25,1,21,5,90,1,0,2,1,1,0
39,1,19,1,202,67,0,62,2,1,0
43,5,17,3,1375,152,0,33,2,1,0
31,1,18,1,5004,52,5,64,2,2,0
44,3,20,1,5465,2,0,29,1,1,0
45,1,13,5,4808,136,0,42,1,1,1
50,1,19,3,7548,51,0,50,1,6,0
55,2,21,5,700,25,0,57,2,1,1
32,1,22,5,3562,39,0,32,2,8,1
43,1,12,5,7979,7,0,16,2,1,0
28,1,23,5,163,100,16,49,1,1,1
47,1,16,1,5024,214,0,59,1,1,0
55,1,18,4,2841,33,0,20,2,1,0
32,1,16,1,9343,23,17,26,2,2,0
37,1,22,1,5303,25,4,62,1,1,1
30,1,23,5,1929,175,0,24,2,1,0
64,2,19,1,923,473,0,32,2,1,0
34,1,22,1,2608,28,0,18,2,1,0
28,1,23,5,222,2,8,31,1,1,1
46,1,20,1,325,19,0,27,2,1,1
18,1,15,5,5033,43,17,23,2,1,0
48,6,20,1,6276,146,0,47,1,1,0
34,1,19,5,3865,264,0,41,1,2,0
64,1,23,1,2910,108,7,32,2,1,1
33,4,20,1,1405,73,0,51,1,1,1
24,1,21,5,5008,80,0,25,2,1,1
67,1,17,2,610,76,0,16,1,1,1
25,1,22,5,4684,8,0,34,1,1,1
23,2,19,5,7265,36,0,23,2,2,0
59,4,16,1,5275,474,0,42,1,2,0
32,6,17,5,5633,5,0,43,1,1,1
61,1,23,1,4508,133,0,52,1,1,0
39,5,17,1,3759,74,13,38,1,6,0
38,1,17,5,1449,144,0,47,2,1,0
35,6,19,3,2068,38,0,50,1,1,1
47,1,20,3,516,53,0,37,2,1,0
37,1,15,1,7707,41,7,32,2,8,0
33,1,16,5,1866,2,1,45,2,1,0
61,2,17,1,8261,5,2,53,2,1,0
53,1,22,1,3921,19,0,41,2,1,1
58,3,22,3,445,2,0,2,2,1,0
47,1,22,1,5115,4,0,36,2,1,0
35,2,20,1,385,52,0,58,1,1,1
46,1,18,5,5196,34,0,37,1,1,1
41,1,19,3,2143,42,1,34,2,1,0
70,1,21,1,2303,168,0,52,2,1,1
29,4,22,5,2673,113,17,15,2,1,0
49,1,16,1,2417,2,0,38,1,1,0
30,1,17,1,3550,112,0,31,2,1,1
29,1,13,5,6849,12,5,41,1,8,0
43,2,21,1,4230,95,2,36,1,1,1
30,3,17,5,1862,50,0,48,2,1,1
63,5,19,1,3750,1,0,36,1,1,0
41,1,21,1,307,45,0,28,1,1,1
23,6,21,5,1425,73,0,38,1,3,0
51,1,18,1,6662,23,0,43,2,1,0
37,1,17,3,5897,182,0,38,1,6,0
62,4,20,1,4606,43,0,50,1,1,1
62,1,19,1,496,166,0,50,2,1,1
67,4,17,1,4540,96,0,28,2,1,0
19,6,19,5,5031,56,17,20,2,1,0
62,4,21,1,767,232,0,44,2,1,1
32,6,16,3,3099,122,0,37,1,1,0
55,1,18,1,5842,70,4,49,2,1,0
60,1,19,5,1876,46,0,35,1,2,0
28,4,20,5,4498,48,0,27,2,1,0
33,2,22,5,9037,285,17,43,2,1,0
37,1,21,5,796,94,0,13,1,8,0
39,1,23,1,6612,127,1,33,2,1,1
26,1,22,5,7171,4,0,52,1,1,0
48,1,19,5,3988,184,0,35,1,2,1
40,4,21,1,31,54,0,44,1,1,1
31,1,18,5,3143,153,16,58,1,1,1
61,1,15,1,1820,1,7,33,2,1,1
27,1,11,5,9301,160,0,8,2,1,0
69,2,18,1,1708,82,0,49,2,1,0
21,4,21,5,3276,13,0,32,1,1,1
19,1,18,5,4630,85,0,27,1,1,0
43,1,18,5,733,39,0,26,1,1,1
20,1,21,5,2624,39,0,58,1,1,1
71,1,22,1,332,42,0,66,2,1,1
72,2,19,1,5390,111,0,35,2,1,0
50,3,21,3,8905,37,0,52,1,1,1
29,6,23,5,857,22,9,55,1,1,1
44,8,24,3,2761,51,0,53,1,1,0
28,1,22,3,5367,6,0,43,2,1,1
68,4,23,1,1802,84,0,29,1,1,1
38,1,20,1,5653,16,0,38,2,1,0
48,1,20,3,5172,6,0,50,2,1,1
50,1,21,1,4596,20,17,56,2,1,1
62,1,20,1,3331,95,0,49,1,2,1
67,1,20,5,8303,54,0,31,2,1,0
25,1,19,1,245,55,0,48,1,6,0
62,1,23,1,4159,62,0,36,2,1,1
39,6,20,1,6935,1,0,44,2,1,0
39,1,16,3,6765,15,2,39,1,1,0
42,4,20,5,4852,19,0,37,2,1,1
28,1,18,1,6374,3,15,51,2,1,0
27,2,17,5,3812,1,15,24,2,1,0
27,4,24,5,93,19,0,50,1,1,1
74,5,16,3,9705,32,0,54,1,1,0
64,3,22,3,3167,4,1,46,1,1,0
65,1,16,1,3113,104,0,59,2,1,0
38,1,17,1,6268,45,4,28,2,1,0
39,1,23,1,6844,9,0,13,2,1,1
24,3,19,5,3741,90,0,30,1,1,0
46,1,22,1,8646,127,0,53,2,1,1
57,1,21,1,267,144,0,12,2,1,1
59,4,12,1,6285,2,0,48,1,1,0
51,3,15,1,4099,139,0,22,1,6,0
27,1,16,1,6356,228,0,21,2,1,0
38,1,18,1,7430,17,0,32,1,1,0
34,5,22,3,3680,44,0,17,1,6,0
25,1,17,5,7471,86,0,35,1,1,0
41,1,19,1,461,23,0,39,1,1,1
54,1,21,1,1888,5,0,36,1,2,1
62,4,21,1,232,1,8,50,2,1,0
33,1,17,1,1667,69,1,37,2,1,0
22,1,18,1,7663,34,9,41,1,1,0
39,1,17,5,3462,189,0,38,2,6,0
62,1,17,1,4784,234,0,33,2,2,0
42,1,20,5,7223,15,0,43,2,1,0
41,1,20,5,6827,80,0,37,1,1,1
27,1,19,5,6408,128,0,42,1,8,1
70,1,12,1,2471,21,0,16,2,1,1
32,6,17,1,8974,32,10,41,1,1,1
25,1,18,1,2696,126,0,35,1,1,0
32,1,20,1,6483,207,0,30,1,1,0
59,3,18,1,629,27,1,54,2,1,1
37,1,21,5,4667,74,0,48,2,1,0
72,1,12,1,745,56,0,37,1,2,1
48,1,17,1,1869,204,0,43,1,1,0
23,1,17,5,6099,87,2,34,1,1,0
21,1,18,5,7358,247,5,40,1,2,0
76,3,22,5,404,96,0,48,2,1,1
50,1,21,5,2774,40,3,56,1,1,1
67,2,17,1,6867,2,0,48,1,1,0
30,2,18,1,6192,70,0,40,2,1,0
60,1,20,1,2021,264,0,34,2,1,1
54,1,14,2,6619,100,0,47,2,1,0
38,1,19,5,6807,3,17,34,1,2,0
41,1,21,1,4014,65,0,27,1,1,0
20,1,18,5,5239,120,0,44,2,1,0
79,6,19,1,1310,8,0,53,2,1,0
30,6,21,5,2047,2,2,33,2,1,0
71,1,21,1,4435,5,0,41,1,1,0
50,1,24,1,6177,25,15,30,1,1,1
44,2,13,1,8636,169,0,36,1,1,0
27,1,12,1,8829,8,8,16,1,9,0
55,1,18,1,3655,48,0,51,1,1,1
22,8,22,5,2457,145,11,20,2,1,0
31,1,23,5,2765,2,0,33,2,1,1
47,1,23,3,1627,22,0,49,1,1,0
50,1,19,1,1969,1,0,42,1,1,0
33,1,21,3,976,10,0,35,2,1,1
33,3,19,1,3438,230,0,21,1,1,0
34,1,21,3,4370,137,0,31,2,1,1
40,5,18,5,2021,131,0,14,1,6,0
53,1,18,1,705,116,0,38,1,1,0
37,4,20,1,5772,68,0,65,1,6,0
51,1,19,1,2154,201,0,49,2,1,1
76,1,21,1,2509,20,0,44,2,2,1
58,1,19,2,1993,70,0,39,1,1,0
43,1,22,5,3694,36,0,26,2,1,0
88,1,18,2,8293,221,0,25,2,8,0
26,1,17,5,693,282,9,23,2,8,0
36,6,20,5,6501,87,0,22,2,1,0
67,3,22,1,478,1,0,37,2,1,0
43,5,19,1,8349,25,0,47,1,1,1
32,1,22,1,6293,11,0,54,1,1,1
38,6,22,1,3962,51,1,44,1,8,0
36,1,21,5,547,157,0,35,2,1,0
88,1,22,1,124,16,0,54,1,1,1
21,2,21,3,1182,35,14,27,2,1,0
37,1,22,5,2008,13,0,44,1,1,1
34,4,21,1,1070,29,17,56,2,1,0
29,1,20,3,1028,67,0,22,2,6,0
27,7,21,5,1593,5,16,36,2,1,0
43,7,23,1,1269,1,4,46,1,1,0
40,1,14,1,9520,5,0,46,1,1,0
40,2,17,4,1692,229,0,51,1,9,0
18,1,17,5,3041,217,0,36,2,1,0
37,1,13,1,7696,22,1,27,2,2,0
23,1,19,5,4228,190,16,30,1,1,0
73,1,22,1,8278,190,0,30,2,1,0
24,1,15,3,2414,16,0,39,1,1,1
53,6,18,1,8274,140,0,37,1,1,1
22,1,23,2,661,4,0,27,2,1,0
46,1,14,1,979,14,0,47,1,6,0
35,1,14,3,8472,157,0,50,2,1,0
50,1,15,3,6035,4,2,38,2,1,0
45,1,23,1,1433,37,0,33,1,1,0
34,1,16,5,1994,5,1,48,2,1,0
30,2,18,5,4673,17,0,33,2,2,0
21,3,17,5,4733,12,0,47,2,1,0
60,2,21,4,1306,65,0,34,1,1,0
30,1,16,3,4679,25,0,34,1,1,0
61,1,19,1,3217,7,0,26,2,1,0
47,3,18,1,2185,4,0,32,2,1,0
46,1,19,5,931,5,17,39,1,1,1
29,1,16,2,8401,65,0,67,2,1,0
38,1,17,1,9087,40,0,47,2,1,0
33,1,19,1,7603,8,0,7,2,2,1
43,1,23,5,352,171,0,32,2,6,0
34,1,12,5,3682,40,0,33,1,9,1
74,6,17,1,3499,9,2,42,2,3,0
43,1,18,4,1808,191,0,27,1,1,0
41,1,23,3,538,33,0,42,1,1,1
62,6,22,1,1299,157,15,27,2,1,1
19,4,24,5,1397,18,0,41,1,1,1
35,1,22,1,2059,1,0,55,1,1,0
71,5,21,1,5018,12,0,28,2,8,0
24,1,18,5,7653,2,9,37,2,1,0
25,1,20,1,5032,74,0,25,2,1,0
45,4,19,1,1926,220,0,43,2,1,1
62,1,11,1,8429,52,3,23,2,1,0
35,1,23,1,2041,31,0,50,2,1,0
18,1,18,5,8844,208,17,57,1,6,0
32,1,15,5,1403,48,0,41,2,1,1
32,2,19,1,639,5,0,49,2,9,1
47,1,18,3,2494,451,2,40,1,1,1
36,3,18,3,6726,50,11,22,1,1,0
29,1,18,5,5846,1,8,31,2,1,0
43,1,21,3,447,46,0,8,2,1,0
29,1,11,3,5794,7,0,30,2,1,0
43,2,19,1,1189,206,0,50,2,1,1
26,1,14,5,2714,55,6,31,2,1,0
47,1,21,1,1302,38,0,15,2,1,0
28,1,18,1,1695,122,15,25,2,2,0
41,1,15,1,3056,269,0,40,1,1,1
53,1,18,1,4053,36,0,45,1,1,0
47,1,23,1,5667,2,0,34,1,1,1
55,7,15,1,6996,82,0,58,1,1,0
42,2,18,1,9077,7,0,24,1,1,0
33,4,19,5,3897,1,0,28,1,1,0
50,6,19,5,1042,6,4,57,1,1,1
22,1,16,5,4561,116,0,42,2,1,1
40,1,12,5,1261,336,1,43,2,1,0
41,1,18,1,2007,90,0,49,2,1,1
21,1,20,3,2642,7,8,38,2,1,0
39,1,20,5,8971,2,0,31,2,1,0
50,4,20,1,6781,123,0,13,1,1,0
49,1,7,3,6495,120,0,59,1,1,0
35,1,18,5,3863,30,0,38,2,6,0
57,1,15,1,597,245,0,43,1,1,1
58,1,20,1,975,113,0,23,2,1,0
42,1,19,1,7203,91,0,44,1,6,0
43,1,16,5,3541,32,0,31,2,1,0
36,1,7,1,9787,2,7,35,2,1,0
31,2,23,5,3651,116,0,42,1,9,1
31,1,23,4,1584,13,0,48,2,2,1
76,6,20,1,4599,78,0,35,2,1,0
27,1,20,5,4504,1,0,29,2,1,1
38,6,15,1,2992,107,0,37,2,1,0
52,1,20,1,812,67,0,33,1,1,1
35,1,17,1,5911,121,16,21,2,1,0
35,1,16,1,2378,12,17,17,1,1,1
57,1,22,5,2832,64,0,39,2,1,0
53,1,19,5,8117,270,0,37,2,1,1
22,1,15,1,7107,35,14,20,1,1,0
23,1,21,5,1266,102,0,7,1,1,0
22,1,20,5,1574,150,0,21,2,8,0
39,1,14,5,9692,37,0,18,1,1,0
43,1,20,1,4107,34,0,48,1,1,1
23,6,22,5,835,17,5,37,1,1,1
38,1,17,5,6808,147,0,26,1,1,0
31,2,18,1,6739,463,0,45,2,2,0
40,2,19,5,2330,58,0,48,1,1,1
29,1,20,1,5563,81,0,46,1,1,0
88,4,22,2,133,146,0,68,2,2,0
58,1,21,5,5896,36,14,54,1,1,0
29,6,14,5,2162,113,9,40,2,1,0
30,2,22,5,3120,30,0,37,2,1,1
27,1,17,1,8501,62,16,34,2,1,0
27,1,22,5,455,70,0,44,2,1,0
53,1,21,1,7762,3,0,25,1,1,0
32,2,20,5,7708,68,1,42,2,1,0
26,1,20,5,8394,28,4,34,2,6,1
19,3,17,5,8237,140,0,32,2,1,0
33,2,22,5,9587,255,7,31,2,8,0
76,1,20,1,1183,310,0,46,1,1,0
48,3,24,1,378,12,0,72,2,1,1
35,1,18,3,621,14,1,34,2,1,0
60,1,17,1,1560,40,0,33,2,1,0
46,1,11,5,5055,233,0,58,1,2,0
73,1,16,3,6226,131,0,30,2,1,1
59,6,14,1,9233,19,2,32,2,6,0
68,1,19,1,3326,240,0,57,2,1,0
66,1,21,1,4098,177,0,59,1,1,0
47,2,22,1,6307,111,0,64,1,1,1
50,1,13,3,8068,21,0,29,1,1,0
70,1,18,1,9655,113,0,44,2,1,0
28,1,22,1,3071,99,1,35,1,1,0
59,1,14,1,2008,6,17,59,1,1,1
37,1,22,1,1944,11,0,40,1,1,1
51,6,18,1,1031,46,0,54,2,1,0
30,1,20,5,5670,64,0,46,2,1,0
63,1,21,1,3887,11,0,53,1,2,0
48,1,14,2,1177,361,0,36,2,1,0
23,1,15,5,1519,44,8,55,1,8,1
41,1,15,5,9384,84,0,37,1,1,0
29,1,18,3,431,17,0,12,1,1,1
20,7,16,1,6909,197,0,28,2,1,0
34,1,21,1,3545,23,0,41,1,1,1
44,1,18,1,4820,121,0,38,1,1,1
46,1,21,1,6806,186,0,33,2,1,1
46,3,22,1,7279,119,0,50,1,1,1
38,1,18,1,9318,17,0,35,1,1,0
62,1,21,1,7027,19,0,40,1,2,0
31,1,12,5,2425,408,0,26,2,1,0
63,1,20,1,4836,39,0,52,1,1,0
70,1,16,1,2120,70,0,70,1,6,1
54,3,23,1,4327,72,0,16,2,1,1
55,2,21,1,960,133,0,67,1,1,1
34,1,19,4,6199,17,0,38,2,1,0
48,1,11,1,8272,75,9,29,1,9,0
68,1,21,1,2585,114,0,42,2,1,1
38,1,17,1,1846,36,0,51,2,1,1
45,1,14,5,1339,5,0,46,1,1,1
32,1,19,1,2950,78,0,41,1,6,0
44,1,20,1,820,247,0,40,1,1,1
18,1,8,1,8716,541,15,40,2,8,0
26,1,20,1,2740,123,0,44,1,1,0
53,7,23,5,6151,5,0,25,2,1,0
30,1,14,5,9744,58,0,63,1,1,0
34,3,22,1,3608,54,0,50,2,1,1
72,2,19,5,3827,131,0,24,1,2,0
26,1,18,1,4099,151,7,37,1,2,0
59,1,14,1,6162,64,0,37,1,8,0
29,5,19,5,3721,11,0,29,2,1,1
25,3,18,5,525,145,0,35,2,1,0
38,1,16,5,5140,84,0,45,1,1,0
21,3,21,5,1989,1,0,18,1,1,0
43,1,20,5,2637,59,0,39,2,8,0
85,3,20,2,2983,175,0,44,1,8,1
36,1,21,1,2379,20,0,54,1,1,1
20,1,20,5,1213,10,0,42,2,2,1
38,7,20,5,3976,69,0,27,2,8,0
36,1,19,3,7561,47,0,21,2,1,0
26,2,17,1,5784,17,15,45,1,1,1
62,1,21,1,5220,28,0,8,2,1,0
29,1,20,5,7519,56,0,25,2,1,1
23,1,20,5,1032,64,0,40,1,1,0
58,1,24,3,3063,32,1,40,1,1,0
47,1,23,3,3254,14,0,27,2,1,1
34,1,17,5,6749,4,0,20,2,1,0
51,1,15,1,8701,177,0,31,2,9,0
36,1,17,5,6902,136,0,33,1,6,0
33,1,17,1,6083,46,0,34,2,1,0
87,3,22,1,4453,13,0,22,1,1,1
54,1,21,5,1389,2,0,37,1,1,1
42,1,13,5,5058,23,12,17,1,1,0
43,1,20,5,4077,1,0,14,1,1,0
39,1,15,5,4421,48,0,47,1,1,0
27,1,16,5,9513,34,0,32,1,1,1
41,6,20,5,7876,360,0,32,1,1,0
49,1,22,2,851,213,0,54,2,1,1
65,1,19,1,4322,13,0,42,2,1,0
32,1,18,3,1862,41,0,53,2,9,0
29,1,21,1,7109,25,0,42,1,1,0
36,1,22,3,3291,19,0,37,1,1,1
63,1,18,1,8856,63,3,58,1,1,1
45,1,22,1,681,40,0,21,2,1,0
50,1,17,1,1525,132,0,43,2,1,1
57,1,16,1,8937,39,0,42,2,1,1
25,1,21,5,2256,1,1,41,1,1,0
30,1,17,5,134,267,0,50,2,1,1
40,4,22,1,1579,12,0,24,1,1,0
41,1,20,5,962,26,0,42,2,1,0
70,6,15,5,5598,25,0,55,2,1,0
58,2,21,2,9230,124,0,68,1,1,0
38,4,15,3,3312,4,0,21,2,1,0
51,2,8,1,9229,7,0,31,1,1,0
30,6,18,5,6658,294,0,25,1,1,0
39,2,17,1,5288,8,0,32,1,2,0
23,1,14,5,9766,79,0,17,1,9,0
34,1,14,1,6203,197,0,35,1,1,0
27,1,18,1,1780,205,0,41,1,1,1
44,1,21,5,1911,51,0,41,1,1,1
25,1,18,5,3713,92,13,14,1,1,0
33,1,9,1,5786,111,0,44,2,1,0
28,1,21,5,3640,73,0,41,1,6,0
37,1,19,1,6543,138,2,50,1,6,1
19,1,18,5,7928,19,2,30,1,1,0
30,1,20,1,1865,7,13,57,2,1,0
45,4,23,5,542,32,0,49,2,1,1
39,1,13,1,7731,256,0,48,1,7,0
62,5,23,5,2054,45,0,32,2,6,1
49,1,21,1,3586,47,0,32,1,6,0
53,1,21,4,5619,54,0,48,1,2,0
74,1,19,2,5709,112,0,61,1,1,1
36,2,20,5,1596,18,0,34,1,2,0
68,1,14,3,9523,85,0,20,1,1,0
29,1,23,1,1160,6,0,47,1,2,1
38,6,21,5,1006,100,17,31,1,2,1
25,2,19,5,8323,110,16,57,1,1,1
22,1,20,5,288,37,0,39,1,2,1
52,1,22,3,4376,102,0,36,2,1,0
51,1,19,5,5665,35,0,57,1,1,1
39,1,23,1,1492,123,1,26,1,1,1
26,1,18,1,2663,74,1,48,1,1,0
48,4,21,1,8471,5,0,37,2,1,0
52,1,20,1,5421,137,0,17,2,1,1
39,1,21,1,4742,63,0,68,1,9,1
47,3,22,1,1229,28,1,47,2,1,0
28,1,16,1,3373,176,5,30,1,1,0
54,1,19,5,5254,1,0,22,2,1,0
52,2,22,1,2750,12,0,47,1,1,1
52,3,21,3,608,61,0,39,2,1,0
49,1,21,5,392,66,0,56,1,1,0
68,1,19,1,3528,35,1,64,2,1,0
67,4,21,1,8345,29,0,39,1,1,1
52,1,21,5,4483,185,0,7,2,1,1
52,7,21,1,3062,79,0,66,2,1,0
33,3,18,5,4547,4,0,20,2,1,0
42,1,19,1,7290,48,0,57,1,1,0
43,1,19,1,8919,11,0,40,1,1,0
38,1,16,1,5325,72,6,57,1,1,0
32,1,21,1,4901,24,0,39,2,1,0
65,1,19,3,1994,135,0,41,1,2,0
36,1,21,1,3128,73,16,64,1,1,0
65,6,21,1,1296,32,0,39,2,1,1
73,1,22,1,3252,241,0,37,2,1,1
32,1,15,5,2328,9,0,16,1,2,0
25,1,17,1,4579,16,2,50,2,9,0
58,1,20,1,1985,34,0,47,1,1,0
19,6,15,5,9374,2,16,27,2,1,0
43,1,20,1,6687,9,0,43,2,1,0
48,1,21,1,7254,9,0,52,2,1,1
67,1,15,1,5374,57,0,46,1,1,0
25,1,18,5,7104,29,3,27,1,1,0
60,1,19,3,667,53,0,43,2,1,0
88,3,20,4,4641,83,0,35,2,2,1
52,1,23,1,4279,11,0,50,1,9,1
61,1,13,1,3205,88,0,37,1,1,0
34,4,19,1,870,6,3,35,2,1,1
47,7,22,5,1562,119,0,56,2,1,1
35,1,18,5,4031,66,0,52,1,1,0
36,6,20,5,2254,230,0,31,1,8,0
20,1,14,5,2246,137,2,50,2,1,0
27,6,20,1,3863,7,0,47,2,1,0
20,1,18,5,1649,30,11,20,1,2,0
23,5,16,1,6155,78,7,46,2,1,0
38,1,15,5,6744,48,10,29,2,2,0
31,1,20,1,608,26,12,25,2,8,0
41,1,17,1,6059,59,0,39,1,8,0
47,1,22,1,889,2,0,46,2,1,1
53,3,21,5,5774,118,0,36,1,1,1
26,1,19,1,8008,54,0,35,2,1,0
38,1,17,5,3698,164,0,32,2,1,0
60,1,23,1,1927,21,0,51,2,1,1
48,1,18,5,4154,14,0,30,1,1,0
38,2,20,5,675,23,0,38,1,1,1
22,2,19,5,3565,60,16,35,1,1,0
49,6,23,1,598,29,0,60,1,1,1
41,1,20,3,6389,14,0,56,1,1,0
45,4,20,1,7354,64,0,57,2,1,1
44,4,21,1,510,136,0,38,2,1,0
27,1,20,5,809,18,0,52,1,1,1
33,2,20,1,5530,5,1,40,1,2,0
25,2,20,1,2121,6,8,27,2,1,0
72,1,23,1,1053,33,0,7,2,1,1
57,1,17,5,6700,65,0,39,2,1,0
28,6,15,5,8488,160,0,23,2,1,1
78,1,20,2,6583,103,0,50,2,9,1
24,1,8,5,9826,67,6,37,2,1,0
36,1,23,3,3233,3,15,40,2,1,1
32,2,21,5,208,30,0,30,2,1,0
48,1,18,1,331,106,0,58,2,1,0
26,3,15,1,940,45,13,32,2,1,0
23,1,19,5,4518,43,3,43,1,1,1
30,2,20,1,6936,48,0,32,2,1,0
44,1,18,5,4287,66,0,26,2,1,0
33,1,14,1,3347,116,0,35,1,1,0
26,1,19,5,8602,1,14,29,1,1,0
40,1,19,3,1912,4,0,49,1,1,0
20,2,18,5,194,47,5,38,2,1,0
37,1,21,1,5938,27,9,37,2,1,1
64,1,16,1,5468,2,0,43,1,1,1
24,6,16,5,3863,198,13,37,2,3,1
30,1,15,5,3947,100,3,48,2,1,0
30,4,17,5,2910,26,4,41,1,6,0
18,1,19,5,4629,53,0,1,2,1,0
62,1,21,1,6285,20,0,50,2,1,1
22,1,18,5,3803,32,1,31,2,1,0
22,6,20,1,6510,300,0,53,1,1,1
53,1,22,5,9425,50,0,47,1,1,0
35,1,18,5,9284,11,0,27,2,2,0
42,1,16,1,3922,417,1,26,2,1,0
45,1,19,1,7202,34,0,37,1,2,0
57,5,22,1,5279,184,0,48,2,1,1
38,1,19,5,6039,139,3,28,1,1,1
68,5,16,1,6221,2,0,17,2,1,1
39,3,21,1,817,40,0,43,2,1,0
22,1,14,3,6600,115,3,28,1,2,0
52,3,10,1,5430,118,0,50,2,1,0
31,2,7,1,6314,132,1,28,2,1,0
20,1,18,5,6266,51,2,56,1,1,0
58,1,21,1,7552,109,0,49,2,1,0
31,1,21,1,2328,119,4,39,1,1,0
26,3,23,5,4441,1,0,34,2,1,0
61,1,21,1,3715,3,2,65,1,1,1
53,1,17,3,8659,14,0,49,1,6,1
56,1,20,1,7610,26,5,46,1,1,1
41,1,10,5,7500,7,0,3,2,6,0
49,1,19,1,7363,2,0,51,1,3,0
35,6,18,1,872,54,0,43,2,1,0
26,4,17,5,6723,8,14,40,2,1,0
38,1,20,1,8942,3,0,36,1,1,1
47,1,18,5,6687,8,0,52,1,1,0
38,4,22,1,126,5,0,36,2,1,0
41,1,20,1,5479,132,0,47,1,1,0
43,1,22,1,500,11,0,58,2,1,0
41,1,17,1,6994,4,0,47,1,1,0
74,7,23,2,3913,13,17,38,1,1,1
45,7,17,3,909,2,17,31,2,1,1
47,1,20,5,237,27,1,42,1,1,0
34,1,21,5,2912,2,0,30,1,1,1
55,1,20,1,6303,54,0,41,2,1,1
74,1,20,2,5076,78,0,45,1,1,1
27,7,23,3,4987,9,4,45,2,1,1
31,1,19,5,8286,30,6,37,1,1,1
69,1,17,1,3898,35,0,47,2,1,0
76,1,21,1,4820,13,0,46,1,1,1
43,1,20,1,3182,56,0,60,2,1,1
28,1,20,1,5117,109,14,35,1,1,0
23,1,12,5,8229,125,2,37,2,1,0
48,1,18,1,3498,24,0,58,1,7,1
53,3,18,5,5065,120,0,23,2,1,0
37,1,21,1,6729,136,0,70,1,1,1
47,3,21,1,1568,174,13,27,2,2,1
56,1,20,1,3249,194,0,45,2,6,0
33,1,22,5,3349,3,0,67,1,2,0
34,5,20,1,1602,105,17,43,2,1,0
56,6,22,1,1049,55,0,56,2,1,1
68,6,20,4,5039,121,0,31,2,1,0
41,1,14,3,3024,88,17,28,2,1,0
42,1,23,1,4894,8,0,54,1,1,0
32,1,12,1,2830,121,0,59,2,1,0
25,1,16,5,2163,363,9,58,1,1,0
41,1,22,1,1684,64,0,52,1,1,0
68,6,20,1,3298,1,0,14,2,1,1
28,6,17,5,6947,28,17,58,1,1,0
44,1,24,1,348,1,1,52,1,1,0
35,2,22,1,2218,40,0,53,1,1,0
52,1,16,5,9613,73,0,51,2,1,0
31,4,24,3,1278,43,0,45,2,2,0
56,3,22,1,4809,16,0,32,1,1,1
34,1,20,5,1329,38,0,47,1,1,1
50,3,19,3,3908,250,0,39,1,1,0
60,4,19,1,8745,351,0,48,2,8,1
34,4,21,1,1905,4,14,36,1,1,0
19,6,17,1,5387,69,0,35,1,8,0
67,1,20,1,7267,139,0,43,1,1,0
38,6,17,1,2950,222,5,28,2,1,0
33,5,20,1,8696,9,3,16,1,1,1
61,4,19,1,3567,19,0,46,2,1,0
42,2,19,1,4488,81,0,33,1,1,1
33,4,18,1,2038,9,12,47,2,1,1
39,1,21,1,5690,40,0,44,1,7,0
43,2,16,1,8692,151,5,34,2,1,0
19,1,14,5,4813,100,14,29,2,1,0
47,1,20,1,9540,24,0,55,1,1,1
34,3,23,1,1655,38,0,31,1,1,1
40,1,20,5,1760,74,0,23,1,1,0
55,1,23,5,4267,18,0,41,1,1,0
28,2,15,1,6913,326,0,55,2,1,1
39,1,22,5,1502,371,1,43,2,2,1
27,1,18,5,4582,40,4,40,2,1,0
35,2,20,5,8018,39,0,51,1,1,0
51,1,23,1,703,39,12,21,2,1,0
36,1,18,1,5341,549,3,36,1,1,0
26,1,21,5,721,102,0,42,2,1,0
72,7,18,1,2207,313,0,49,1,1,0
48,1,16,1,2972,53,0,39,1,9,0
27,1,17,1,3491,127,5,35,2,1,0
28,7,19,5,2879,1,0,42,1,1,0
35,1,18,3,8177,132,11,19,2,1,1
20,3,20,5,1261,3,11,30,1,1,1
38,7,17,5,1132,6,0,45,1,1,0
76,1,17,1,592,3,0,58,2,1,1
45,1,23,1,980,14,0,52,2,1,1
80,3,17,1,3963,22,0,32,2,1,0
41,1,18,3,8023,42,1,52,1,1,1
25,1,23,5,8151,1,1,63,1,1,1
59,1,21,5,7651,1,0,29,2,1,0
21,1,18,1,3764,12,3,57,2,1,0
51,3,20,1,727,192,0,38,2,1,1
24,4,14,5,7362,29,17,47,1,1,1
32,1,22,5,3944,52,0,45,2,1,1
43,1,15,1,1859,42,0,51,1,1,0
59,3,18,3,1145,52,0,46,2,1,1
76,4,20,1,1895,37,0,41,2,1,1
33,1,19,5,1681,67,4,62,1,1,0
26,2,22,5,1263,66,2,23,1,1,0
23,6,17,5,347,31,2,26,2,1,0
55,1,21,1,2991,87,0,39,2,1,0
48,7,22,1,4803,18,0,46,1,1,1
42,5,18,1,3872,48,0,20,1,1,0
78,2,18,1,7813,4,0,45,2,1,0
47,1,19,5,2416,1,0,37,2,1,1
41,1,23,1,4095,2,6,25,1,1,1
43,1,18,1,704,30,0,50,2,1,0
61,1,22,1,1159,86,0,58,2,1,1
19,5,15,1,8566,1,15,19,1,1,0
46,7,22,1,6718,133,0,46,2,1,0
29,5,22,1,3733,174,1,41,1,1,0
48,1,22,1,1164,82,0,27,2,6,1
47,1,12,5,6379,49,0,64,1,1,1
78,1,19,1,5686,6,0,46,1,1,0
65,1,19,1,1504,14,0,48,2,6,1
27,1,19,1,3294,62,0,41,2,1,1
24,1,16,5,8225,39,0,39,1,1,0
49,3,19,1,5600,194,0,45,1,1,1
25,1,19,1,4599,38,2,12,2,1,0
54,4,18,1,2026,97,0,41,1,1,1
21,1,23,5,6542,29,3,32,2,1,0
39,1,12,1,1084,48,0,46,1,1,1
24,1,18,3,416,22,0,52,1,1,0
55,6,22,1,1999,10,0,47,1,1,1
70,1,23,1,4713,58,0,45,1,1,0
38,4,18,5,6669,204,14,22,1,1,0
28,1,22,1,512,11,0,52,2,1,1
37,1,18,1,5569,29,0,35,1,1,0
31,6,21,5,2774,2,0,32,2,1,0
38,3,20,5,4128,121,0,30,1,1,1
23,2,17,1,3891,46,15,35,1,1,0
91,1,21,1,1632,82,0,25,1,1,0
42,1,17,5,5160,80,16,42,1,1,0
36,6,22,5,293,100,0,43,1,1,1
51,1,18,5,3409,18,2,35,1,1,0
47,1,21,1,6371,59,0,40,1,1,1
50,4,19,5,3712,23,0,36,2,1,0
46,1,22,5,5795,3,0,63,2,1,1
61,1,18,1,9442,150,0,42,1,8,1
33,1,17,1,2193,145,9,51,1,1,0
35,3,19,5,5826,305,0,33,2,9,0
90,1,21,1,424,24,0,22,2,1,0
58,3,21,1,4964,33,0,34,2,1,1
56,4,20,1,5138,12,0,33,1,1,0
26,1,14,5,8556,4,0,18,1,1,0
50,2,16,5,9239,66,0,19,1,1,0
37,1,19,2,8376,8,0,46,1,1,0
41,1,23,5,882,5,0,58,1,1,1
42,3,17,1,8494,122,0,54,1,1,0
43,1,21,1,5906,32,0,44,1,1,1
41,6,21,1,304,8,17,43,2,1,0
27,1,17,5,6277,308,1,43,1,7,0
60,1,17,1,7734,7,0,22,1,1,0
23,1,17,1,2136,35,0,23,2,1,0
45,1,21,5,89,123,0,37,1,1,1
23,5,21,5,7536,126,6,49,1,2,1
37,1,14,1,8876,1,0,26,1,1,0
51,7,22,3,3634,131,0,37,2,1,0
35,1,18,2,820,18,6,35,1,6,0
19,1,18,5,4142,16,0,48,1,8,0
35,1,17,3,1616,35,0,30,2,6,0
24,7,24,1,3700,51,0,48,2,1,0
44,1,23,5,2885,92,0,20,2,1,0
41,1,19,1,6796,20,0,17,2,1,0
48,2,16,1,4241,54,0,39,1,2,0
53,1,20,2,1332,54,0,55,1,1,0
80,1,20,1,271,45,0,31,2,2,0
23,2,16,5,4129,20,12,18,1,1,0
26,1,19,5,6739,160,7,57,1,1,0
29,3,20,1,522,4,16,59,2,1,1
19,1,12,5,6701,8,0,17,1,1,1
65,1,21,5,4127,35,0,38,2,1,0
45,3,22,5,298,2,0,29,1,1,1
66,7,23,1,4346,42,0,47,2,9,0
56,1,21,4,5626,189,0,36,2,1,0
61,1,20,1,5258,10,0,45,1,1,0
31,1,18,3,6191,117,10,32,1,1,0
44,7,19,1,5126,12,1,22,2,8,0
71,1,20,1,3217,63,0,42,2,1,1
23,1,17,5,6717,54,0,59,1,1,1
47,1,22,1,6761,2,0,39,2,9,0
38,1,22,1,4112,198,0,73,1,1,1
38,1,23,5,498,34,0,35,2,1,0
34,1,14,1,9245,94,17,28,1,1,0
28,1,17,5,9049,31,0,51,1,1,0
49,1,21,4,4466,30,0,18,1,1,1
36,4,15,1,2883,282,0,22,2,2,0
29,1,21,5,5225,74,17,29,1,1,0
51,1,21,1,4885,40,2,56,2,1,0
25,6,22,3,1088,149,1,20,2,1,0
26,1,13,1,2276,3,5,47,1,1,1
35,5,11,5,7830,5,0,42,1,1,0
72,1,22,5,3908,60,0,31,2,1,0
41,1,23,5,1280,62,0,37,2,1,1
60,6,19,5,5370,184,0,47,1,1,1
55,1,21,4,6224,167,0,40,1,6,0
39,6,22,1,1775,165,0,20,2,1,0
66,7,20,1,3610,57,0,44,1,1,0
47,1,13,5,6936,22,0,15,1,1,0
68,1,19,1,557,5,0,33,1,1,0
43,3,24,3,369,1,0,44,1,1,1
59,1,20,3,4380,46,16,19,2,1,1
41,1,20,1,5853,271,0,33,1,2,0
23,1,16,5,1008,224,0,42,1,1,0
32,6,24,1,2029,40,4,37,2,1,1
47,4,23,3,290,2,0,54,2,1,0
28,1,19,5,4612,107,0,43,2,1,0
48,7,21,4,4310,153,0,67,2,1,1
32,1,18,3,3615,131,0,39,2,1,0
40,3,19,5,3186,36,0,40,1,1,0
50,3,18,1,2039,273,0,58,1,1,0
24,1,19,5,2947,6,3,15,2,6,0
40,1,19,5,4839,10,16,55,1,1,0
29,1,19,5,6645,75,0,50,2,1,0
40,1,18,5,2645,4,0,65,1,8,0
62,4,23,1,5373,11,0,64,1,1,1
57,1,17,1,5744,66,15,31,1,1,1
18,1,19,5,2659,10,17,13,2,1,0
28,1,20,5,7503,16,0,42,1,1,0
69,1,10,3,1109,9,0,46,1,1,1
43,1,21,1,1089,18,0,45,1,1,0
45,3,16,1,5187,9,0,27,1,1,0
53,1,20,3,4080,111,17,39,1,1,0
36,2,15,5,6223,45,1,37,1,1,0
50,1,20,1,9353,6,0,21,1,1,0
22,1,18,5,1124,77,0,30,1,1,0
51,2,22,1,6906,80,1,47,2,1,1
34,2,21,1,659,182,0,49,1,1,0
64,1,23,1,668,52,4,48,2,1,1
55,1,18,3,8538,176,0,69,1,1,1
34,6,23,1,5123,78,5,22,1,1,1
35,2,19,5,1210,227,0,62,1,2,1
50,5,19,1,5605,14,0,46,1,1,1
32,1,20,1,953,125,0,42,1,1,0
24,1,19,3,1766,27,0,23,1,1,0
63,4,22,5,6843,15,0,28,1,6,1
34,1,22,3,225,32,0,37,1,1,1
37,1,17,1,9799,4,0,34,1,1,0
46,4,21,5,121,14,0,38,1,8,1
19,1,14,5,7718,42,11,30,2,2,0
41,4,22,1,8429,13,0,40,1,1,0
56,1,16,1,7382,88,17,25,2,1,0
55,1,21,3,4563,12,4,23,1,1,1
69,3,20,1,6507,23,1,33,2,1,0
30,1,21,5,5335,9,11,36,2,1,0
57,7,20,2,81,14,0,48,2,1,1
42,1,21,1,508,4,6,37,1,1,0
50,1,21,1,1378,546,0,30,1,8,1
46,1,20,2,4144,87,0,43,2,1,0
40,1,22,3,1577,37,0,39,1,1,1
19,1,21,5,6789,38,14,40,2,1,0
46,1,10,1,6353,32,0,32,2,1,0
38,1,19,1,2432,51,0,22,2,1,0
50,3,15,4,3306,54,13,36,1,1,1
29,6,15,1,7565,134,0,49,1,1,0
56,2,17,1,3342,204,0,55,1,1,0
49,1,23,3,680,154,0,19,2,1,0
19,1,17,1,838,36,0,34,1,2,1
30,1,16,3,2547,23,14,22,2,2,0
71,4,18,2,6467,13,0,38,2,1,0
38,1,16,3,8254,18,0,28,1,1,0
18,1,19,5,7816,64,2,47,1,2,1
65,2,19,1,2022,45,0,41,2,6,1
67,4,22,1,5467,18,0,45,1,1,0
56,2,19,1,6388,147,0,26,1,1,0
21,3,21,1,7085,31,0,26,2,1,0
25,6,23,5,4100,6,2,23,1,1,1
19,1,9,5,9072,9,15,47,2,1,0
41,1,16,5,3966,18,0,24,2,1,0
71,1,22,1,468,2,0,68,1,1,0
67,1,17,1,5675,75,0,41,2,1,0
24,1,20,5,7990,108,0,29,1,1,0
41,1,20,1,529,71,0,25,1,8,0
50,1,15,1,2517,94,0,39,2,2,0
38,1,17,1,7076,5,0,35,1,1,0
58,1,17,3,2282,244,0,56,2,1,1
48,1,17,1,4554,169,0,45,2,6,0
35,1,11,1,5944,307,0,49,1,1,0
41,1,19,1,720,1,3,26,2,1,0
19,1,18,5,7877,85,14,20,1,6,0
26,1,18,5,2938,31,17,47,2,1,0
63,1,17,3,2280,184,0,32,1,1,0
52,1,14,1,1465,38,0,49,1,1,0
28,1,22,3,4707,25,8,42,2,1,1
47,1,22,3,1961,72,0,24,2,2,0
38,5,16,5,5482,15,0,35,1,8,1
31,4,18,1,5614,24,0,34,2,1,0
53,1,18,1,1097,219,0,41,2,1,1
82,3,19,1,8477,119,0,45,2,1,1
30,1,18,5,5362,61,0,63,1,1,1
22,1,14,3,7956,54,16,48,2,1,0
33,1,19,5,3042,14,0,38,1,1,1
48,1,22,1,4849,88,3,64,2,1,0
39,3,21,1,3392,40,3,42,2,1,1
29,1,24,5,8558,286,0,58,2,1,1
25,1,15,1,1996,54,15,60,1,2,0
54,1,16,1,7171,19,16,35,2,1,0
21,6,16,1,3525,81,16,36,1,1,0
54,1,22,1,7552,2,0,45,2,1,0
43,1,20,1,1538,94,0,40,1,1,1
37,2,17,5,1309,2,15,33,2,1,0
50,1,13,5,7440,71,0,40,1,1,0
49,2,23,1,6203,10,17,37,1,1,1
47,2,22,3,1896,105,0,53,2,1,1
44,1,22,5,7222,176,0,67,1,1,1
58,3,20,3,1414,22,0,48,2,1,0
60,6,19,1,6047,86,0,44,2,2,0
62,1,17,1,8059,89,0,31,1,1,1
38,1,21,5,1595,62,0,30,1,1,0
45,1,19,3,1461,133,0,24,2,1,0
40,6,21,1,989,72,0,40,2,1,1
75,1,21,1,9478,23,2,54,1,1,1
32,1,21,1,933,145,0,41,1,1,0
48,3,19,1,3836,1,1,37,1,1,0
25,1,14,5,5447,9,0,31,2,2,1
35,3,9,3,4448,23,0,32,2,1,0
84,1,18,2,1335,37,0,43,2,1,0
55,1,17,1,2529,53,0,30,2,1,0
66,1,17,3,6157,54,0,36,1,8,0
52,2,24,5,1008,2,0,65,1,1,1
72,5,20,1,3482,25,0,48,1,1,0
55,1,22,1,1376,257,0,43,2,1,1
41,1,21,1,4589,2,7,41,2,2,0
58,1,17,1,3040,94,0,46,2,1,0
20,1,13,1,4314,103,6,52,1,1,0
59,3,24,3,334,5,0,26,1,8,1
43,6,15,3,2881,125,0,19,1,1,0
58,1,18,3,4127,39,0,71,1,1,0
35,1,20,1,5468,7,2,29,1,1,0
45,1,17,1,91,6,0,42,2,1,1
34,1,17,1,4640,16,0,30,2,1,0
26,6,23,5,774,68,16,41,1,1,1
27,1,23,5,198,2,0,39,2,2,1
31,1,21,3,1852,4,0,36,1,2,1
36,1,13,1,8558,49,0,42,1,1,0
24,6,18,1,7733,118,0,40,2,1,0
85,4,23,2,3835,259,0,65,2,2,1
78,1,19,1,5749,26,0,20,1,1,0
42,1,18,3,8884,25,2,45,2,1,0
31,1,20,5,8210,3,0,17,1,1,0
36,4,19,1,1492,117,0,25,2,1,0
43,1,21,3,7413,76,0,38,2,1,0
37,3,18,5,6254,29,0,18,1,1,0
35,1,20,1,4805,200,0,33,2,1,1
26,1,19,5,3370,10,0,27,2,2,1
34,1,16,1,5120,2,15,47,2,1,1
48,7,24,1,2486,4,0,19,2,1,1
41,1,22,1,2017,17,0,23,1,1,1
38,1,22,3,4716,122,0,60,2,2,1
49,1,20,1,7011,1,0,30,1,2,0
58,1,19,1,534,351,0,26,2,1,0
36,1,12,1,6773,27,0,34,1,1,1
24,1,21,1,4013,205,1,29,1,1,0
46,1,21,5,3765,309,0,56,2,1,0
29,1,15,5,7014,79,0,26,1,1,0
28,3,9,5,6482,8,1,52,2,1,1
31,3,20,3,5447,7,11,38,2,2,0
21,1,19,5,2345,2,0,27,2,1,0
32,1,17,3,315,15,0,37,2,1,0
73,2,16,1,8434,9,0,12,2,1,1
44,1,21,5,3457,27,1,25,2,1,0
34,1,21,1,4107,41,0,34,2,6,1
36,1,16,1,8360,464,11,5,1,1,0
38,6,18,5,4536,19,0,28,2,6,0
49,1,13,1,5347,9,7,25,2,1,1
50,3,19,5,7446,3,0,35,2,8,0
32,1,16,1,4855,114,4,41,1,2,1
44,3,20,5,5163,64,0,31,2,1,1
44,2,15,5,1435,18,0,40,1,1,1
78,1,21,5,5511,57,0,53,2,1,1
25,1,22,3,5605,78,6,33,2,1,0
44,5,20,1,7902,114,14,38,2,6,0
45,1,18,5,5297,23,0,39,2,1,0
26,1,14,5,7798,9,3,55,2,1,1
52,1,21,5,1076,149,0,22,2,1,0
77,1,17,5,7043,10,0,55,1,1,0
30,1,18,5,2701,19,0,34,1,2,0
33,3,13,1,8464,53,0,40,1,1,0
58,2,22,1,860,3,0,16,2,1,1
51,2,21,1,1898,2,0,47,2,1,0
37,1,18,1,1001,29,0,50,1,1,1
27,2,15,3,2476,221,8,32,2,1,0
24,1,8,1,352,76,0,39,1,1,0
49,1,19,1,5358,1,0,20,1,1,0
25,1,23,5,2844,12,2,57,2,1,1
25,5,18,1,4083,13,0,59,1,1,0
42,1,13,1,2487,91,0,47,2,1,0
36,1,20,1,4833,25,1,30,2,1,1
87,5,19,1,3086,165,0,18,1,1,1
27,1,11,1,5266,28,0,44,2,1,0
69,2,20,1,4187,79,0,45,2,6,0
44,3,18,1,5593,5,0,41,1,1,0
30,1,14,1,2115,56,0,28,2,1,0
64,1,18,1,1589,4,0,44,1,1,1
36,1,19,1,2046,58,0,33,2,2,0
24,1,18,4,9331,117,0,35,1,1,0
51,1,21,1,3944,149,0,30,1,1,1
33,1,13,1,3039,13,0,50,1,2,0
26,1,15,5,3028,51,0,38,1,2,0
62,7,16,3,7965,16,0,36,2,1,0
63,3,15,1,1713,4,0,23,1,1,0
40,1,16,1,2304,141,0,21,1,1,0
31,1,14,5,6925,2,0,34,1,1,0
23,1,17,5,4748,43,13,20,2,2,0
60,2,15,1,3482,204,0,55,2,8,1
23,6,22,1,3894,65,0,34,1,9,1
49,1,21,1,7887,23,0,57,1,1,0
58,1,17,5,3922,219,0,32,2,2,0
27,4,18,3,8531,95,0,48,2,1,0
78,5,20,1,5907,135,0,50,1,1,1
45,1,21,1,4579,5,0,39,2,1,1
53,1,20,1,823,5,5,49,2,1,0
44,4,22,3,1258,13,0,9,1,1,0
74,7,24,4,912,19,0,35,1,1,1
23,3,18,1,8653,47,0,39,1,2,0
49,1,23,3,3560,137,0,39,2,1,1
46,6,23,1,2890,80,0,40,2,1,1
57,6,19,1,5343,154,0,41,2,1,1
84,7,18,1,234,192,0,22,1,2,1
46,6,19,3,2382,118,0,30,1,1,1
43,1,21,1,7922,45,15,38,2,1,0
66,6,19,2,3946,8,0,44,2,1,0
47,1,22,1,5266,382,0,67,2,1,0
26,1,18,5,2353,98,0,25,2,8,0
31,1,20,1,3306,138,0,36,1,1,1
62,7,21,5,6710,51,0,38,2,8,0
74,1,23,3,1147,363,0,33,2,1,1
34,7,22,1,2169,25,0,51,1,1,1
68,6,16,5,9608,75,0,48,1,1,1
27,7,17,5,3293,195,0,19,1,1,0
62,1,18,1,5458,19,0,19,2,1,1
20,1,19,1,9745,95,0,18,2,1,0
24,1,21,5,569,273,14,40,2,1,1
25,5,16,1,7470,18,0,19,1,1,0
45,1,22,1,4776,119,0,21,2,1,0
32,3,16,5,8613,27,0,35,2,1,1
70,2,20,1,5800,194,0,36,1,1,1
56,2,21,1,1422,77,12,24,2,1,1
21,4,19,1,7436,1,0,46,1,1,0
70,1,20,2,5755,27,0,48,1,1,1
30,1,20,1,2049,358,12,33,2,2,0
27,1,19,5,2441,3,1,49,2,1,0
56,1,18,1,383,108,3,33,2,1,1
21,1,21,5,1923,86,0,41,1,1,0
28,6,18,1,7622,43,0,32,2,1,1
39,7,22,1,35,301,0,30,1,1,1
53,1,23,4,3452,65,0,33,2,1,1
43,4,20,1,1096,125,0,45,2,1,1
34,1,18,1,2934,11,3,42,1,1,1
55,6,17,1,4834,73,0,61,2,9,1
21,1,21,5,8778,554,17,17,2,1,0
29,1,14,3,8937,87,2,49,1,1,1
21,6,23,1,1980,320,0,62,1,1,1
20,1,20,1,4393,145,1,20,2,1,1
32,1,20,5,7045,28,0,69,1,1,0
58,1,20,4,3545,33,0,33,2,1,1
34,6,19,1,1499,113,0,57,1,1,0
25,1,21,5,1970,5,0,39,2,1,1
53,2,20,1,2373,217,0,22,2,1,0
47,2,21,1,2807,4,0,31,1,1,0
25,1,8,5,8569,4,11,39,1,1,0
27,4,20,1,4106,230,0,37,2,1,1
25,1,13,5,5533,1,2,30,1,1,0
56,1,17,1,1666,20,0,41,2,1,1
34,1,20,1,633,31,0,34,1,1,1
56,6,20,1,2428,79,0,26,1,1,1
73,1,17,3,3806,18,0,50,1,1,1
25,1,14,1,8117,102,0,53,1,1,0
68,1,18,1,3751,154,0,54,2,1,0
57,1,15,3,7684,61,0,55,2,1,0
56,4,16,1,976,12,0,67,1,1,1
41,2,21,1,5618,35,0,27,1,1,0
67,2,22,1,279,66,0,41,2,1,1
29,1,17,5,1330,66,0,29,1,1,0
24,1,17,5,764,89,0,34,1,1,0
38,2,14,1,1162,40,16,44,1,1,0
21,1,22,5,3340,7,1,40,1,2,0
65,5,21,1,367,176,0,39,2,1,1
38,1,22,5,1371,6,17,49,2,1,0
31,1,22,1,2887,42,0,45,1,1,1
42,2,22,1,2401,2,0,34,2,8,0
22,1,15,5,7504,16,0,35,2,1,0
28,1,14,5,8185,21,0,24,2,1,0
33,1,17,1,1553,66,17,4,1,1,0
51,1,19,5,716,2,0,70,2,1,1
31,1,16,5,7885,20,5,56,1,1,0
78,1,21,4,1367,117,0,48,2,1,0
64,1,15,2,6376,57,0,42,1,1,1
46,1,21,1,4239,120,0,31,1,1,0
31,6,18,1,4627,123,0,35,2,1,0
25,1,22,3,6838,26,16,10,2,1,0
41,1,22,5,1509,16,17,21,1,1,1
37,1,19,1,1761,123,0,36,2,1,0
24,5,19,5,2921,3,6,38,2,1,0
59,1,22,1,3518,24,0,59,1,1,0
60,1,22,1,4023,134,0,51,1,1,0
46,2,22,5,4541,91,0,60,1,1,1
19,1,23,1,5264,10,0,36,1,1,0
20,1,22,5,1000,41,0,35,1,1,1
77,1,18,1,1777,55,0,20,1,1,1
40,1,19,5,7243,3,0,40,2,1,0
29,1,20,5,5222,43,0,54,1,1,0
63,1,15,1,6345,31,6,34,1,1,0
25,2,17,5,2785,18,0,33,1,1,0
31,6,19,5,3569,88,8,22,1,1,1
56,1,20,1,6203,182,9,38,2,1,1
38,1,15,5,3698,143,1,37,1,1,1
27,6,19,1,4866,155,0,42,2,1,0
31,1,21,1,2860,81,5,17,2,2,1
35,1,10,1,8555,31,0,46,1,1,0
21,1,21,5,6524,47,0,55,1,1,0
28,3,18,1,1118,13,0,37,2,1,1
68,1,24,1,1858,49,0,83,1,1,1
33,7,19,1,3697,1,0,31,1,1,1
21,1,18,5,5867,58,17,55,1,1,1
41,1,20,5,1618,82,0,60,1,9,1
61,1,13,1,5990,329,0,28,1,2,0
73,1,18,1,4507,49,15,34,1,1,1
38,1,23,5,629,71,0,48,1,1,1
36,1,18,1,4094,5,0,37,1,1,0
44,1,22,1,3217,104,0,46,2,1,1
32,2,19,3,3830,112,0,29,1,1,0
57,1,20,1,2027,177,0,25,2,1,0
76,2,20,1,7864,9,0,62,1,1,0
36,1,18,1,2761,77,7,30,2,1,1
25,1,15,3,2671,309,0,38,2,1,0
36,1,20,1,2710,451,0,31,1,1,0
45,1,22,5,6346,6,0,56,2,1,0
57,1,20,1,1394,76,0,37,1,1,1
25,2,22,1,7410,11,0,48,1,1,0
67,1,19,1,1171,189,0,68,1,1,1
55,6,24,1,1094,85,0,57,2,1,0
35,1,18,5,9058,344,0,50,1,1,1
73,4,20,2,3526,97,0,50,1,1,0
33,3,19,1,4414,246,0,20,1,1,0
53,6,21,3,1270,32,9,42,2,6,1
40,1,15,1,7649,18,0,25,2,1,1
45,1,19,1,369,9,17,36,2,2,1
37,1,17,1,3134,61,17,26,2,1,0
36,1,16,5,4878,179,7,27,1,2,0
25,1,21,1,3736,2,0,25,2,1,0
52,1,22,3,1006,373,0,37,1,6,1
22,6,23,5,758,6,0,33,1,1,1
62,2,20,5,2179,65,0,35,2,2,0
35,2,22,1,7204,4,0,35,1,6,1
26,1,18,5,3421,17,8,35,2,2,0
35,1,19,5,3411,177,5,50,1,9,1
70,1,19,2,1756,20,0,51,1,1,1
34,1,23,1,1087,1,0,38,2,1,0
53,5,18,3,4248,59,1,36,2,1,1
31,8,21,1,240,3,0,56,1,1,1
59,1,20,2,379,123,3,19,1,1,1
59,1,18,1,5767,105,0,22,2,1,0
50,1,21,1,1638,68,2,54,2,1,1
49,1,18,1,3408,129,7,34,2,2,1
54,1,22,1,8813,56,0,35,2,1,0
52,1,22,5,1601,1,0,42,1,1,0
89,1,20,2,8217,3,0,34,1,1,0
47,5,18,1,712,132,0,10,1,1,0
35,1,17,1,2470,122,0,20,2,9,0
44,1,19,5,1523,25,0,27,2,1,0
27,1,20,3,5004,143,15,44,1,1,1
61,1,10,5,5674,53,0,70,2,1,0
42,6,18,5,8164,8,0,40,1,2,1
29,1,21,1,7200,4,16,18,2,2,0
22,1,15,5,5826,29,1,17,1,1,0
34,3,21,4,8147,165,0,30,2,1,0
72,1,18,1,932,34,0,50,1,1,1
40,2,19,5,1607,157,0,29,2,1,0
57,1,19,1,4688,3,0,37,2,1,0
68,4,19,1,7148,43,16,17,2,1,0
61,3,22,1,4196,18,1,35,2,1,0
31,5,21,1,3686,76,0,31,2,1,0
26,2,18,5,6522,14,0,32,2,1,0
53,1,22,1,2285,179,6,50,2,2,0
57,1,8,1,6789,54,0,32,2,1,0
39,1,20,1,4517,176,1,29,1,1,0
50,2,17,1,204,60,5,61,1,1,0
48,1,20,4,2343,66,0,42,1,1,1
56,1,19,3,2127,3,0,34,1,1,0
30,1,22,3,1646,10,1,42,1,1,1
33,6,22,1,2990,2,11,33,1,6,0
31,6,22,5,1430,89,2,30,2,2,0
28,6,21,3,6402,54,0,52,1,1,0
73,6,21,1,5123,116,0,27,1,1,0
26,1,13,1,6504,7,0,43,1,1,0
31,7,15,5,166,256,10,43,2,6,0
45,4,18,1,4891,2,0,29,1,1,1
43,1,16,1,3032,2,0,30,1,1,0
19,2,14,1,1088,184,17,35,1,1,0
34,2,17,5,6713,7,3,24,2,1,0
25,1,19,5,6452,80,8,57,2,1,0
48,2,20,3,4997,249,0,42,2,1,1
60,6,21,1,1938,435,0,59,2,1,1
71,4,20,1,4182,26,1,1,2,6,0
25,1,20,1,3946,1,14,24,2,1,1
22,1,17,3,3627,32,15,6,2,1,0
56,3,20,1,3491,5,0,56,2,1,1
48,1,19,3,6826,106,3,37,1,1,0
72,1,21,1,1017,289,0,45,1,2,1
29,1,17,1,7502,117,0,20,1,1,0
44,5,18,1,5992,34,0,24,1,9,0
51,6,13,3,9093,69,6,50,1,1,0
37,1,19,1,1325,18,0,35,1,1,0
49,3,22,1,546,12,0,26,1,1,1
55,1,10,4,2945,175,0,44,1,2,0
50,8,23,1,944,428,0,48,2,8,0
46,3,14,1,1744,2,3,47,1,6,0
25,1,17,3,8153,105,17,39,1,1,0
54,3,22,1,3022,29,2,28,2,1,1
47,1,21,5,2214,189,0,34,2,6,1
36,3,22,1,2847,168,0,21,1,1,0
31,1,19,1,1136,176,0,46,2,1,1
40,1,11,1,4928,96,8,57,1,1,0
70,2,20,1,1113,273,0,46,1,1,0
51,1,22,1,2296,196,0,40,1,1,1
28,1,19,3,2725,98,11,52,2,1,0
42,1,18,1,6565,70,0,30,2,9,0
38,1,18,5,2897,150,0,18,2,1,0
65,6,21,1,6604,1,0,43,1,1,0
28,1,20,5,215,114,2,48,1,1,0
41,1,18,1,8327,18,8,21,2,1,0
44,1,14,1,4089,93,0,29,2,1,0
60,3,19,1,2850,5,0,43,1,1,0
71,1,21,3,4871,3,0,36,1,1,0
24,1,19,3,6007,168,1,56,2,1,0
20,1,18,5,2094,56,1,16,1,2,0
40,1,22,5,2115,109,0,46,2,1,1
32,2,23,1,596,3,0,40,2,2,0
36,1,22,1,8640,51,0,33,1,1,0
46,1,18,1,4104,16,4,56,2,1,0
49,4,19,3,1993,25,0,6,2,1,0
66,1,18,1,5884,8,0,29,1,1,0
50,1,21,1,1028,68,0,27,1,1,0
69,1,22,1,3075,39,0,35,2,1,0
32,1,7,5,7050,53,0,61,1,9,0
54,1,21,1,3521,109,0,30,2,1,1
23,1,19,1,4569,210,0,39,1,1,1
43,1,18,1,7058,77,5,38,1,1,1
22,1,20,1,5901,117,0,40,2,1,1
43,6,17,3,3933,100,0,40,2,1,0
35,4,21,3,5104,50,17,50,2,1,0
26,1,20,5,395,50,0,26,1,1,0
65,1,11,1,7189,16,0,62,2,1,0
31,1,18,1,2032,168,0,33,2,1,0
39,6,17,1,3666,16,1,40,1,1,0
47,3,21,1,170,54,0,22,2,1,1
35,1,16,1,8930,332,2,43,1,1,1
41,1,16,1,8658,131,1,35,1,2,1
31,1,19,5,4318,93,3,29,2,1,0
44,1,7,1,7783,99,0,60,1,2,0
26,1,18,1,3519,174,17,34,1,1,0
57,1,23,5,5472,44,0,51,1,1,0
51,1,21,1,6850,4,16,29,1,1,1
52,1,13,3,9056,263,3,28,2,1,0
52,1,18,1,6450,192,0,32,1,1,0
21,1,15,3,4185,82,15,50,1,1,0
27,1,19,5,9122,29,1,20,2,1,1
56,3,21,1,4071,145,0,65,2,1,0
67,1,22,1,5656,132,0,39,2,1,0
22,2,15,5,7141,3,12,35,2,1,0
67,1,20,1,500,22,0,45,1,1,1
46,1,20,2,5082,25,0,43,2,1,1
26,1,17,5,5259,1,16,47,1,1,0
24,1,18,5,4492,3,17,17,1,1,1
55,1,19,4,2648,240,0,52,2,1,0
21,6,18,3,5745,2,3,10,1,1,0
38,1,18,5,1216,29,1,25,2,2,0
24,4,18,5,8070,36,2,28,1,1,0
61,4,13,1,2466,6,0,46,1,1,0
49,1,17,1,6804,156,0,61,1,2,1
50,8,17,1,4190,222,1,10,2,6,0
38,1,20,1,942,122,17,39,1,1,0
25,1,23,3,5355,1,0,22,2,1,1
20,3,22,1,629,117,0,50,1,1,0
45,1,17,1,6514,5,0,25,1,1,0
40,1,22,1,5198,50,0,40,2,1,0
63,1,21,1,952,9,0,40,2,1,0
65,7,22,1,4025,296,2,51,2,1,1
45,1,23,5,1177,13,0,31,2,1,0
19,1,17,3,3235,8,15,15,1,1,0
24,1,21,5,3206,23,0,17,2,1,1
46,1,17,5,4162,10,0,44,2,1,1
18,4,13,1,1890,6,17,59,1,1,1
80,1,22,1,1652,20,0,39,1,1,1
46,1,18,1,6284,138,0,49,1,1,0
24,2,21,5,2746,52,1,22,2,1,0
58,3,20,1,4394,7,0,25,1,1,0
28,1,23,5,923,3,0,46,1,1,1
53,1,19,1,5992,284,0,19,1,1,0
59,1,14,1,6852,49,3,46,2,8,0
70,1,15,2,2283,149,0,41,2,6,1
32,2,20,5,4026,21,17,44,1,1,0
23,5,20,5,5314,78,16,41,1,1,0
37,1,20,3,3537,201,0,52,1,1,1
25,6,16,5,5695,60,0,44,1,1,0
24,1,13,1,208,122,0,58,1,1,0
42,1,16,1,3330,53,0,21,2,1,0
37,1,21,1,6684,59,9,51,1,1,1
39,1,20,1,5283,61,0,28,1,1,0
45,1,17,3,2874,28,0,53,1,1,0
44,1,16,5,4642,245,16,30,1,1,0
56,1,16,4,124,24,0,26,2,1,0
59,1,22,5,4062,31,0,43,1,1,1
27,1,18,5,3668,186,0,46,2,1,1
45,5,13,5,6587,42,0,55,1,1,0
61,7,22,1,167,26,5,31,2,2,1
28,7,12,5,7049,332,1,32,1,2,0
37,1,23,5,2242,96,0,47,1,1,0
40,2,20,1,3453,50,0,38,2,2,0
52,1,17,1,3289,21,0,44,1,1,0
45,1,20,1,3078,114,0,41,1,1,1
28,1,18,5,4755,11,2,16,2,2,0
81,1,15,5,5402,48,0,62,1,1,1
43,7,21,3,5943,43,0,39,1,1,0
27,1,21,1,6766,60,2,49,1,1,0
21,1,19,5,2402,220,8,24,1,6,1
37,1,19,5,4746,81,0,34,1,1,0
24,1,20,1,314,99,0,25,2,1,1
51,1,10,5,5083,5,0,22,1,1,0
46,1,13,1,3808,32,2,11,1,1,0
53,3,20,1,2513,6,0,51,1,1,1
32,1,18,5,2646,492,3,33,1,2,0
58,1,23,1,89,11,0,55,1,1,0
44,3,23,1,2908,2,8,32,1,1,0
66,7,20,1,1801,46,1,38,1,9,0
30,1,18,3,4325,9,0,47,1,1,0
24,1,20,5,1694,35,0,53,2,1,0
28,1,9,1,9743,51,8,37,1,1,0
50,1,18,1,8306,16,0,48,2,1,0
63,1,20,1,3088,13,0,49,1,1,0
30,1,10,1,9372,159,17,34,2,1,0
54,3,14,1,7994,188,0,53,2,1,1
23,1,16,5,57,317,0,49,1,1,0
56,1,23,1,1810,57,0,49,2,1,0
45,6,17,1,4368,10,0,39,1,1,1
31,4,20,1,907,15,17,6,2,1,0
42,6,24,1,1897,5,0,35,2,1,0
29,1,18,1,7340,16,5,24,1,2,1
19,1,14,5,8948,16,17,38,1,1,0
53,2,21,1,576,43,0,42,1,1,1
58,8,15,5,3204,22,0,46,2,1,0
26,1,18,1,77,20,0,36,1,1,0
42,2,22,3,3097,20,0,15,1,6,0
38,5,15,1,8597,99,5,23,2,6,0
31,1,19,1,7428,348,0,39,2,2,0
55,1,19,5,3911,5,1,45,1,1,0
48,1,15,5,3274,75,3,12,2,1,0
22,2,16,3,7531,99,0,14,1,6,0
33,3,18,5,7323,54,15,48,1,1,0
55,1,24,1,631,6,0,48,1,9,0
33,1,20,1,560,22,3,57,2,1,0
32,1,16,5,5463,1,2,35,1,1,0
53,1,22,1,1293,112,1,43,1,1,0
31,1,17,1,7819,208,0,17,2,3,0
47,1,22,3,7258,38,0,40,1,2,1
36,1,24,1,4126,25,0,43,1,8,0
40,1,16,1,1832,266,0,23,2,1,0
34,6,21,4,1341,117,9,53,1,2,0
34,1,21,4,3378,242,0,70,1,1,0
36,5,20,1,5600,72,0,28,1,1,1
20,1,21,1,1939,28,0,26,1,1,0
20,7,22,5,796,1,0,49,1,1,0
38,1,22,5,369,59,0,25,2,1,1
38,1,19,3,9203,55,13,43,2,1,1
21,1,14,1,5656,46,10,31,2,1,0
24,1,21,1,524,110,0,45,1,6,0
37,1,15,1,8151,9,0,44,1,1,1
66,5,17,1,5466,14,0,21,1,6,1
58,1,18,1,1907,177,0,35,1,1,0
44,2,20,5,504,12,0,51,1,1,1
43,1,23,5,2534,175,0,53,1,1,0
20,1,19,5,9502,69,17,20,2,1,0
27,6,17,5,3382,87,0,39,2,1,0
42,3,14,5,7727,101,0,30,1,1,1
26,7,18,5,4836,12,0,28,2,1,1
66,1,23,1,930,32,0,49,2,1,0
64,8,22,1,1840,110,0,36,2,1,1
40,5,23,5,1908,3,0,43,1,1,0
87,3,19,1,6585,7,0,56,1,2,0
39,2,21,5,6666,408,0,44,2,6,0
34,1,20,1,1550,147,0,31,2,1,1
40,1,21,1,2085,42,2,28,1,2,1
32,1,18,1,3927,90,0,60,2,1,1
38,1,18,1,8584,60,0,46,1,1,0
20,1,20,1,5526,112,0,29,2,1,0
40,1,12,1,5008,10,0,43,1,2,0
74,3,23,1,851,58,0,50,2,1,1
43,1,19,1,3498,3,11,39,2,1,0
24,1,18,5,4374,125,0,27,2,1,1
26,1,16,1,3361,185,14,54,1,1,0
27,1,17,1,3260,77,0,39,2,9,1
20,1,15,3,7034,194,16,47,2,1,0
41,1,20,3,7066,63,0,47,2,1,0
35,1,20,1,1523,40,0,38,2,1,1
50,1,20,5,601,149,0,30,1,8,0
51,1,18,5,5304,76,0,22,2,6,1
41,1,22,1,6487,40,0,29,1,1,1
33,2,21,5,3124,10,0,22,1,1,1
20,1,15,1,3126,7,8,36,2,1,0
45,1,21,5,4438,11,0,50,1,1,1
65,1,23,5,4122,6,0,59,1,1,1
34,1,19,1,66,98,17,28,2,1,1
54,6,16,1,6827,45,0,48,2,2,0
46,1,18,1,9376,67,0,38,1,1,1
51,1,21,5,251,5,0,39,2,1,1
40,1,18,5,1788,36,11,33,2,8,1
34,1,15,1,3586,5,0,49,1,1,1
35,1,22,3,2967,19,0,14,1,1,0
51,1,18,1,948,8,0,41,2,1,1
80,2,21,1,6297,49,1,55,1,1,1
30,5,17,1,8546,10,0,50,1,8,0
64,1,22,3,2282,70,0,23,2,1,1
29,4,19,5,9209,69,16,33,1,8,1
44,1,15,1,2148,46,0,42,1,1,0
37,1,22,1,1712,80,0,31,2,1,1
70,1,15,1,2395,5,0,28,2,1,0
23,1,13,1,7708,10,0,27,1,1,0
22,1,15,3,6506,24,0,1,2,1,0
26,1,16,5,6030,122,1,19,2,1,0
72,2,22,1,1456,5,0,54,1,1,1
37,1,15,5,169,23,0,37,2,1,0
49,1,19,3,6858,20,0,51,1,1,0
83,4,19,1,1803,1,0,56,1,1,1
41,2,17,1,4546,6,0,37,1,1,1
29,1,18,5,2340,66,0,34,2,1,0
73,1,22,5,7895,26,0,36,2,9,0
22,1,19,5,947,106,0,19,1,1,1
51,3,22,1,1187,36,1,28,1,1,0
77,3,20,1,774,192,2,45,2,9,1
28,1,14,3,6426,30,7,17,2,1,0
68,1,19,1,1256,35,0,41,1,1,1
26,1,21,3,1384,42,1,37,1,1,1
34,1,15,3,6187,100,0,31,1,1,0
62,4,21,1,1772,179,2,34,2,1,0
62,1,21,1,5123,10,0,41,2,1,0
24,1,16,1,7747,10,0,42,1,1,0
25,1,17,5,3211,39,0,33,1,1,0
60,4,17,4,7515,224,0,20,1,1,1
43,4,20,1,5520,49,1,34,1,1,0
29,1,17,1,2260,271,0,50,1,2,1
55,1,20,1,38,2,0,41,2,1,1
75,6,21,1,1076,26,0,28,2,1,1
53,2,15,5,4606,249,0,30,1,9,0
27,1,20,3,4543,61,9,45,2,1,0
37,1,19,1,3702,20,0,47,1,1,0
20,1,21,5,2347,2,0,46,2,1,1
31,1,22,1,3177,12,11,42,2,1,1
44,6,19,1,7156,140,0,33,1,8,0
75,1,19,2,8637,3,0,35,1,1,0
43,1,19,1,1504,100,16,43,2,6,0
22,1,16,5,4855,150,0,31,2,1,0
32,1,22,1,4034,28,0,28,2,6,0
50,1,22,3,1947,13,1,7,2,1,1
36,1,9,5,7793,120,17,20,1,1,0
34,1,15,5,4490,65,0,45,1,6,1
30,3,18,5,9212,87,0,41,2,7,0
27,1,16,5,7654,25,0,37,2,1,0
28,1,20,5,871,26,0,31,2,1,1
18,2,20,5,3707,129,3,21,2,1,0
28,1,22,1,1849,15,13,31,1,2,1
24,1,20,5,2609,49,0,27,2,9,0
32,6,22,3,3570,5,0,53,2,1,0
25,1,18,1,8926,4,0,31,2,1,0
41,1,21,1,2597,1,0,21,2,1,1
36,1,10,1,6074,35,0,50,1,1,1
24,1,22,5,324,27,0,46,2,1,1
77,1,20,1,1159,180,0,50,2,1,1
36,1,16,1,7103,11,0,23,2,6,0
18,1,24,5,929,128,0,41,2,1,1
67,1,18,1,3908,11,2,40,1,1,1
44,7,18,1,1957,7,15,48,1,1,1
37,6,21,5,398,3,0,12,2,1,0
36,1,21,3,2692,47,1,39,2,2,0
79,2,12,1,9719,11,0,47,1,1,0
77,1,20,1,4435,102,0,30,1,1,0
21,1,18,1,4340,58,17,43,2,1,1
25,4,11,1,2601,92,0,49,2,1,1
37,5,17,1,109,19,0,51,1,1,0
51,1,20,5,111,418,0,28,1,2,0
43,1,18,1,2535,149,0,34,1,1,1
45,1,20,5,1975,103,0,50,1,2,0
75,1,21,1,61,120,0,42,2,1,1
32,7,15,1,6074,122,3,39,1,2,0
70,1,18,5,4066,15,0,44,2,1,1
41,1,23,1,3706,2,0,18,1,1,0
59,5,14,1,7037,24,0,17,2,1,0
44,1,14,1,3411,109,0,47,2,7,0
50,1,13,3,7027,37,1,37,1,1,0
40,3,13,1,7418,3,17,33,1,1,1
29,1,21,1,3051,401,0,50,1,1,0
44,3,20,1,1969,132,14,39,1,1,0
58,1,22,1,1150,127,0,34,1,1,1
39,1,21,5,1093,14,0,32,1,1,1
58,1,23,1,5684,129,0,21,1,1,1
58,1,20,1,1495,21,0,42,2,8,0
32,2,22,5,3894,9,0,11,2,1,0
31,1,17,1,446,48,0,35,2,2,1
30,1,17,1,8295,89,0,29,1,1,0
20,2,22,5,6104,2,5,28,2,1,0
18,1,18,5,6278,60,0,29,1,6,0
79,5,19,1,5657,47,0,59,1,1,1
46,1,23,1,2105,60,0,40,2,1,0
42,6,17,5,7592,23,0,23,1,1,1
58,1,21,5,8262,165,0,43,1,1,1
40,1,13,1,3234,169,0,45,1,6,1
39,7,15,1,7615,107,17,11,1,1,0
31,1,14,1,9118,28,17,26,1,2,0
35,1,19,1,1537,67,0,46,2,1,1
53,2,16,3,2785,93,0,37,2,1,0
63,1,14,2,2619,24,0,44,1,1,0
51,7,14,3,7641,6,0,33,1,6,1
25,1,17,3,2960,63,13,2,2,8,0
29,1,19,5,38,2,0,36,2,1,1
56,1,9,1,2158,212,0,48,1,1,0
21,6,16,5,1380,237,0,27,1,1,1
28,1,9,1,6957,36,0,37,1,9,0
29,1,19,5,6346,2,0,51,2,2,0
83,3,21,1,9419,79,0,64,1,1,0
39,1,19,1,3175,237,2,76,1,1,1
78,1,17,4,5711,8,0,72,2,1,1
65,4,15,1,4846,447,0,54,1,1,1
44,1,16,1,4041,329,0,24,2,1,0
70,6,21,1,3004,123,0,35,1,1,0
37,1,21,1,2635,39,0,38,1,6,1
43,1,13,1,710,4,0,52,2,1,0
27,1,21,5,4935,13,0,33,1,1,0
38,6,22,5,6578,4,0,26,1,1,0
72,3,18,1,3674,20,0,32,1,1,1
45,1,18,5,3978,66,3,7,2,1,0
22,1,12,5,8531,12,0,43,1,1,0
40,1,22,3,3348,26,0,38,1,1,0
34,3,21,5,51,1,0,35,2,1,0
31,1,21,1,7606,17,0,24,2,1,0
26,1,16,5,5000,284,2,20,1,1,0
36,1,17,1,3669,131,0,48,1,1,1
47,1,23,3,963,7,0,39,2,1,0
69,1,9,5,8336,1,0,12,2,1,0
34,2,23,1,810,74,4,25,2,1,0
21,1,20,1,1696,1,1,48,2,9,1
61,1,22,1,3343,24,0,59,2,6,0
21,1,9,5,4209,46,0,34,2,1,0
54,1,24,1,478,88,0,54,2,1,1
68,1,15,1,4547,35,0,29,2,1,0
38,1,16,5,8251,246,0,47,2,1,0
26,2,22,1,5675,4,1,29,2,1,0
63,5,21,3,5982,5,0,21,1,1,1
46,1,18,5,8962,30,9,54,1,1,0
46,1,17,1,7459,131,11,28,2,6,0
27,2,21,1,1863,3,0,26,2,1,0
30,1,20,1,6859,11,0,25,1,2,0
31,3,22,5,2142,44,0,44,1,1,0
58,1,16,5,7694,21,14,36,1,6,1
39,1,17,1,8137,80,0,19,1,1,0
41,1,19,5,3528,7,0,22,2,1,0
49,1,20,1,924,118,0,39,1,8,1
25,1,19,1,1320,27,0,22,2,2,0
45,1,22,4,2752,23,0,58,1,1,1
82,1,22,1,272,20,0,43,1,1,0
35,7,23,3,3487,78,0,42,2,1,0
27,1,16,5,359,10,0,58,2,1,0
25,1,14,1,3179,129,12,36,1,2,0
69,6,16,1,768,125,0,47,1,1,0
57,5,21,1,1335,12,0,48,1,1,1
31,1,17,1,7198,3,0,48,1,1,1
27,1,21,5,2627,9,17,20,2,1,1
72,1,20,3,1139,101,0,28,1,1,1
42,1,18,1,7106,126,0,48,2,8,0
37,6,18,1,7888,13,0,31,2,1,0
46,6,15,1,4233,18,0,39,2,1,0
47,1,22,1,8199,26,0,44,1,1,1
19,1,16,1,6028,24,0,34,2,6,0
34,1,16,1,5235,193,1,43,1,2,1
37,1,17,5,1669,105,0,31,1,1,0
38,1,16,5,3612,13,0,43,1,1,0
42,2,19,3,805,194,0,45,2,1,0
41,1,21,1,1682,78,0,51,2,1,1
50,3,21,3,1183,120,0,57,2,1,1
30,1,16,5,4941,14,0,30,2,1,0
46,4,23,1,2723,41,0,18,2,6,0
55,1,18,1,3931,2,0,32,1,1,1
17,1,19,5,335,219,0,30,1,1,0
56,1,24,5,5776,41,0,52,2,1,0
39,6,12,4,5628,213,0,28,2,1,0
24,1,23,1,4480,45,0,71,1,1,0
41,4,17,5,498,106,12,26,2,6,0
50,1,14,1,3117,93,0,37,2,1,1
38,1,17,1,4314,41,0,54,2,2,1
42,1,15,1,1248,20,0,50,2,1,1
50,1,21,1,2248,104,16,18,2,1,0
76,1,12,1,7601,243,0,17,1,8,0
20,7,13,1,984,49,17,28,1,1,0
48,2,21,1,208,36,0,18,2,2,0
20,1,19,5,1230,76,0,26,1,1,0
45,1,11,1,9807,9,3,49,2,1,1
34,1,19,5,150,3,0,25,1,1,0
24,1,21,3,5972,59,0,38,1,1,0
42,1,20,1,6250,14,0,55,2,1,0
64,1,19,1,7172,156,0,23,2,1,0
47,1,18,1,4277,75,2,57,1,1,0
43,1,22,1,4080,51,0,36,1,1,1
62,1,18,1,4253,42,0,47,1,1,1
40,2,18,5,7049,201,5,12,1,1,1
28,2,19,3,8710,7,16,38,1,2,0
52,1,20,1,1508,5,0,19,1,1,1
38,2,19,1,8715,35,17,11,2,2,1
41,1,16,5,6973,14,11,19,1,1,0
35,6,20,1,6207,13,0,32,2,1,0
50,1,14,5,6351,78,0,29,2,2,0
17,1,16,5,8495,23,0,36,1,3,0
33,1,17,3,8237,31,5,35,2,9,0
39,5,21,5,53,117,0,35,2,2,0
63,1,18,1,2416,5,0,41,1,1,0
31,1,20,1,5196,157,0,31,2,1,0
50,1,22,1,2426,53,0,35,2,4,1
49,6,15,1,1270,38,0,47,1,1,0
64,4,22,5,258,77,0,34,2,1,0
39,1,22,1,2592,94,0,63,1,1,1
20,6,15,1,1898,22,4,10,2,9,0
42,4,21,1,109,86,17,49,2,1,1
38,1,20,1,6126,26,0,35,2,1,1
23,1,18,5,9454,12,11,30,1,1,0
36,1,14,1,3311,28,0,49,1,6,1
34,1,17,1,6264,149,1,23,1,1,0
38,1,17,5,6290,12,0,41,1,1,0
47,1,18,5,6766,19,0,46,1,2,0
71,1,20,1,8480,1,0,39,2,1,1
44,1,20,1,4975,45,0,51,1,1,1
26,1,12,5,2074,43,0,51,1,2,1
40,1,21,1,2554,57,0,56,1,1,0
55,1,19,1,5439,1,0,39,1,1,1
62,1,20,1,652,115,3,48,2,2,1
22,2,12,5,7360,5,0,25,2,1,0
62,5,21,5,5747,84,17,17,2,2,0
47,3,21,1,3336,40,0,35,2,1,1
29,1,21,3,7980,1,0,50,1,1,1
61,3,16,5,5900,131,0,49,2,1,0
47,1,18,1,658,204,8,22,1,1,1
22,3,19,5,5552,5,1,43,2,1,1
23,1,10,5,2828,176,6,33,1,1,0
36,1,18,5,5368,8,0,30,1,1,1
19,1,17,1,6384,129,17,31,2,1,0
60,1,12,1,9443,204,0,30,2,1,0
33,6,14,5,1429,2,9,40,1,1,0
43,7,20,1,6173,42,0,34,1,1,1
62,1,23,5,3521,2,0,40,1,1,1
18,1,17,5,602,190,16,54,1,1,0
32,1,19,1,485,187,2,42,1,1,0
47,1,19,1,2401,86,0,35,2,9,1
46,4,14,1,5422,1,15,42,2,1,1
42,1,23,1,849,20,0,30,2,2,0
53,6,13,1,7670,85,0,73,2,1,1
60,1,15,1,4685,119,16,45,1,1,1
47,1,18,5,4884,65,0,45,1,1,0
41,2,22,1,4097,5,1,28,1,1,1
59,1,20,1,2321,79,0,51,1,1,0
34,1,14,5,2333,82,14,26,1,1,0
41,1,19,5,9092,42,0,46,1,6,0
28,3,15,5,5803,4,16,39,2,1,1
46,1,20,5,4397,71,0,48,1,1,1
66,1,14,5,7840,33,3,40,1,1,0
42,1,20,3,1349,72,0,36,1,1,0
67,2,18,4,5064,135,4,43,2,1,1
49,5,23,1,52,32,0,29,2,1,1
43,1,18,1,4016,76,14,48,2,1,0
67,1,24,1,1728,31,0,41,2,1,1
25,6,20,5,8302,1,0,38,2,1,0
44,1,17,5,3482,39,0,35,2,1,1
55,1,19,1,610,3,0,28,1,1,0
44,1,16,1,1902,138,0,41,1,1,0
70,1,20,1,4312,43,0,62,2,1,0
29,1,21,1,4832,116,0,64,1,1,1
40,1,20,1,9272,42,0,46,1,1,1
53,1,18,1,5472,52,0,31,2,1,0
49,1,16,2,6632,36,0,34,1,1,0
65,7,19,1,2363,5,0,42,2,1,0
32,2,20,5,7106,147,0,44,2,1,1
27,1,19,5,5832,88,9,25,1,2,0
34,1,21,3,3257,35,0,36,1,1,1
62,5,18,1,6623,7,0,48,1,1,0
45,1,18,5,5251,1,0,37,1,1,1
51,1,12,1,4642,7,0,28,1,1,0
70,2,21,1,1291,27,0,60,1,9,0
38,6,20,1,1052,7,0,37,2,1,1
42,2,22,1,73,6,16,31,1,1,1
67,1,21,1,3547,16,0,36,2,1,0
48,1,13,3,110,80,0,54,1,6,1
55,4,22,1,472,3,0,35,1,1,1
69,4,19,1,960,32,0,40,1,1,1
27,1,19,5,713,4,0,13,2,1,0
25,2,17,3,2262,25,0,41,1,1,1
65,6,22,1,6170,27,3,31,1,1,1
42,1,17,1,3760,31,8,25,2,1,0
48,1,21,1,4862,10,0,35,1,6,0
23,1,20,1,1217,39,0,30,2,8,0
67,7,16,1,6325,75,0,43,2,1,0
49,6,23,5,2656,46,0,41,1,1,0
23,4,13,5,7248,15,5,46,2,1,0
61,2,14,1,4345,36,0,57,2,1,1
35,1,12,1,6026,87,3,35,1,1,1
34,1,15,3,4788,445,3,43,1,1,0
54,3,21,1,7189,9,0,38,1,1,1
82,6,21,1,8637,306,0,51,1,1,1
38,1,21,1,7734,35,17,37,2,1,0
58,1,20,5,1131,154,0,44,2,1,1
19,1,17,5,1967,7,14,19,2,2,0
72,4,21,5,1946,3,0,43,2,1,0
40,4,14,1,6826,149,0,27,1,1,0
64,4,18,1,2655,6,0,71,2,1,0
72,1,16,5,1524,43,0,37,2,2,0
47,1,18,1,3793,187,0,27,1,1,0
49,1,22,1,1198,38,0,39,1,1,1
28,1,17,1,5348,77,0,51,1,1,0
67,1,22,4,83,45,0,59,1,1,0
64,1,20,1,2923,47,0,42,1,2,0
50,1,17,5,6821,12,0,49,1,1,0
32,1,17,5,7202,4,0,39,1,1,0
63,1,19,5,9127,155,0,28,1,1,0
62,1,14,5,9609,119,8,36,2,1,0
34,1,20,1,5154,103,0,46,1,1,0
31,8,21,5,1444,17,0,29,2,1,0
81,3,19,1,3433,114,0,63,1,1,1
25,1,18,5,5794,14,0,43,1,1,1
39,3,21,1,3519,32,0,24,2,8,0
34,3,19,3,7160,284,17,37,2,2,0
56,1,21,1,5839,119,0,17,1,1,0
37,5,20,3,1827,65,1,45,1,1,1
37,8,11,1,2752,6,0,44,2,2,0
30,1,21,5,2153,71,0,49,1,2,1
21,6,22,5,5473,14,0,55,2,1,0
29,1,17,5,5844,75,4,46,2,2,0
50,1,16,1,3573,69,15,45,1,1,0
40,4,21,1,3157,73,0,41,1,1,0
66,1,22,3,3604,45,0,38,2,2,1
40,3,20,1,6060,10,0,32,2,1,1
48,2,18,1,5283,104,0,53,1,2,0
31,1,11,1,7015,17,3,34,2,1,0
24,5,21,5,569,5,0,50,2,1,1
27,1,16,1,4833,157,17,56,1,8,0
42,2,20,1,5174,49,0,14,1,2,0
57,1,24,3,303,81,0,27,2,1,0
61,1,16,5,1985,77,0,37,1,1,1
19,1,24,5,3282,2,0,24,2,9,1
50,1,14,1,6881,6,0,44,1,6,0
32,3,17,3,4933,284,11,31,1,1,0
33,2,20,5,6029,71,0,37,2,1,0
26,4,21,5,1476,80,8,45,1,1,0
55,4,17,5,5829,108,0,47,1,1,1
24,1,19,5,4240,80,0,35,2,1,0
56,7,20,1,5427,44,0,44,1,1,0
25,6,15,5,4110,139,0,39,1,1,0
51,1,19,1,1341,8,0,56,2,2,0
58,5,17,1,8079,83,0,69,1,1,1
36,1,20,3,6923,114,4,22,1,1,0
45,4,14,1,4901,44,0,23,2,1,0
37,1,14,5,6652,54,0,41,1,8,0
31,3,19,5,2911,71,0,33,2,8,0
54,1,20,1,4491,59,0,44,2,1,0
45,6,16,1,9734,24,0,38,1,1,0
26,1,21,5,5884,83,0,30,2,1,0
36,1,16,5,5607,61,0,45,2,1,1
40,1,17,3,1616,173,0,50,1,1,1
41,1,15,5,8523,108,0,36,1,1,0
30,6,23,1,21,12,0,22,2,1,1
58,1,14,2,1374,20,0,37,1,2,1
32,7,14,3,2392,110,17,8,2,1,1
53,6,22,5,6151,2,2,52,1,1,1
38,1,19,1,8979,7,0,49,1,1,1
43,1,22,1,4752,54,0,37,2,1,1
24,1,21,5,1202,280,15,31,2,1,0
38,1,17,5,4898,403,0,45,2,2,0
34,1,15,5,8786,1,16,43,2,1,0
47,1,23,5,6295,11,4,42,1,1,1
54,2,20,5,1960,16,0,53,1,1,0
36,1,18,5,2946,167,0,29,2,1,0
50,3,15,1,5077,80,0,20,2,1,0
47,1,21,1,4327,56,0,25,1,1,0
47,5,22,1,2981,16,0,43,1,6,1
64,3,19,1,1555,62,0,59,1,9,0
45,2,20,1,2380,47,0,30,2,2,0
63,1,17,1,7899,4,0,66,1,1,1
31,1,19,5,3087,176,10,48,2,2,0
48,1,13,5,4309,116,0,34,2,6,0
33,6,11,1,8510,20,0,50,1,2,0
56,2,19,1,8756,142,7,37,2,1,1
64,1,21,4,4987,41,0,43,2,1,1
42,1,17,1,1341,3,2,30,2,6,1
21,1,18,1,4078,43,4,41,2,1,0
36,7,19,1,3636,104,0,42,1,1,0
25,1,21,5,9642,5,2,48,1,1,0
37,1,19,1,5418,25,0,15,2,1,0
52,6,22,5,2746,11,0,31,2,1,0
26,6,21,5,6030,4,0,53,2,1,0
63,4,21,3,1067,2,0,42,1,1,0
35,1,15,1,9755,341,0,42,1,2,0
35,7,19,5,3815,34,0,55,1,1,0
41,1,19,3,6420,11,9,41,2,1,0
65,1,22,1,691,11,0,62,1,1,1
79,2,14,2,4371,108,0,67,1,1,1
69,1,21,1,3962,192,0,12,1,1,1
36,6,21,1,3861,112,0,34,2,6,0
68,7,17,5,2057,343,1,51,2,1,0
64,7,19,2,3048,160,0,35,1,2,0
38,2,20,1,4363,61,0,41,1,1,0
43,1,22,1,6711,5,0,67,2,1,1
66,7,21,1,5402,5,0,48,2,1,0
30,1,17,1,8004,307,13,32,1,8,0
34,1,16,1,2540,21,0,13,1,1,0
53,6,20,1,6745,63,0,45,1,1,0
26,1,18,1,3979,7,1,53,2,1,1
34,1,23,1,5898,59,1,28,2,1,1
37,1,13,5,6084,9,1,55,1,1,0
31,1,17,5,7904,66,5,44,1,2,0
52,1,20,1,7659,4,0,33,2,1,0
31,1,16,1,2823,38,1,33,1,1,0
75,2,22,4,4472,64,0,41,2,1,1
20,1,22,1,7501,58,0,46,1,1,1
36,1,15,1,6437,34,15,69,2,8,0
37,1,20,1,256,19,0,33,1,1,0
43,1,18,1,6889,82,0,47,1,8,1
20,1,16,1,2952,26,0,48,1,1,1
44,1,21,5,6443,27,0,34,1,1,0
22,1,19,5,7789,107,0,55,1,8,0
24,1,16,5,9207,15,0,50,1,1,1
70,1,21,5,216,39,0,53,1,1,1
42,1,16,3,6744,37,0,18,2,1,0
30,1,21,2,7885,12,0,37,1,1,1
67,2,21,1,3341,1,0,59,2,1,1
32,7,23,5,748,1,0,53,2,1,1
38,1,22,1,8182,123,1,40,2,1,0
48,5,17,5,5218,144,8,30,2,1,0
67,1,22,1,1464,20,0,36,2,2,0
22,1,19,1,6667,172,0,54,1,1,0
67,1,20,1,1696,51,0,31,2,6,0
71,1,15,4,4806,17,0,40,1,2,0
21,5,24,5,70,57,0,40,2,1,0
43,1,19,5,2281,8,0,55,2,1,0
42,4,24,1,896,4,11,51,2,1,1
27,5,17,5,8689,3,0,44,1,2,0
22,1,15,5,3010,37,0,29,1,1,1
53,1,20,1,5342,82,0,23,2,2,0
52,1,22,1,559,127,0,57,2,2,0
55,1,22,1,1042,24,3,47,1,1,0
57,1,12,1,365,47,3,38,2,1,0
77,1,20,1,1142,4,0,35,1,1,1
66,4,23,5,2580,151,0,53,2,1,0
27,6,8,1,9413,129,10,39,2,7,0
46,1,12,4,199,28,0,44,2,1,1
44,1,20,5,542,1,0,51,2,2,0
42,1,12,1,9726,11,1,46,1,8,0
51,1,16,1,7105,125,1,50,1,1,0
27,8,19,5,4836,2,0,22,2,1,0
61,1,19,1,5599,38,0,72,2,1,0
24,1,20,1,3540,97,14,27,1,6,0
28,2,20,5,8783,4,0,52,2,8,0
56,2,22,1,4754,36,0,24,2,1,0
41,1,21,1,493,21,0,40,1,1,1
40,2,15,1,4698,191,0,42,2,1,0
36,1,19,1,9719,74,16,17,2,1,0
30,2,17,1,4142,68,0,46,1,1,0
56,6,22,1,4313,60,0,35,1,1,0
64,7,21,2,2389,39,0,46,1,1,1
60,1,20,3,2121,12,0,68,1,1,1
42,1,14,5,6124,175,0,54,2,2,1
48,1,21,1,183,4,0,44,1,1,0
22,1,15,5,2199,67,14,25,1,1,0
26,1,20,5,4976,18,5,19,2,6,0
40,1,16,1,2971,225,0,33,2,1,0
29,1,20,1,615,121,3,39,2,1,1
24,1,19,5,427,84,3,38,1,1,0
54,1,19,3,3256,28,0,41,1,1,0
49,1,18,5,7769,69,16,29,2,1,0
63,1,17,3,7193,1,0,23,2,1,0
70,3,20,3,530,117,0,38,2,1,0
64,4,21,3,1993,307,0,42,1,2,1
75,1,15,1,7318,92,1,20,2,1,0
34,1,23,5,1333,145,0,27,2,1,0
37,1,18,5,2663,33,0,64,1,1,0
50,3,18,1,4508,20,0,20,2,8,0
51,1,17,1,905,36,17,52,1,6,0
45,1,19,1,1173,8,17,44,2,1,0
49,1,18,1,2003,3,0,44,1,1,0
24,1,18,5,1064,84,0,29,1,9,0
47,1,21,1,3832,30,0,28,1,1,0
42,1,12,1,4860,307,2,37,2,1,0
32,1,15,1,8707,42,3,51,2,1,1
28,2,20,1,3794,21,0,47,1,2,1
52,1,21,4,387,484,0,34,2,1,0
52,1,19,3,330,24,17,17,1,1,0
19,3,16,3,3344,6,0,28,1,1,0
32,1,22,5,1736,95,0,45,2,1,0
26,1,17,5,5185,20,0,38,2,9,0
37,1,22,1,4978,22,0,47,1,2,1
30,1,19,5,504,24,0,60,2,1,1
59,1,16,1,6991,62,16,29,1,1,0
19,1,21,1,3663,166,13,36,2,6,0
32,1,20,3,17,5,0,50,1,1,1
32,1,12,1,9521,112,0,54,1,1,1
42,3,17,1,9097,1,16,34,2,1,0
42,1,21,4,562,44,0,51,1,1,1
65,1,17,1,8276,115,0,33,2,2,1
42,5,23,1,1676,23,0,30,2,1,1
56,1,21,5,1975,46,0,36,2,1,1
59,1,20,1,2435,107,2,28,2,1,0
30,1,18,4,2526,294,0,47,1,1,1
59,6,18,3,800,31,0,45,2,1,0
44,1,20,5,6221,84,0,34,1,1,0
34,7,21,1,821,46,0,39,2,1,1
50,1,3,1,7931,54,7,22,2,1,0
47,1,17,1,6202,79,0,24,1,1,0
47,1,22,3,2431,8,2,45,2,1,0
55,1,17,1,7894,3,0,51,1,1,1
59,1,21,1,3186,30,0,15,2,1,1
35,1,19,1,3628,42,0,36,1,9,1
49,3,17,5,4017,6,0,25,2,1,0
25,1,22,4,5031,1,0,37,2,1,1
43,1,22,5,1898,36,0,61,1,6,1
57,1,23,2,1184,156,0,27,2,1,0
51,1,19,1,1073,49,0,38,2,1,1
56,1,17,1,1523,23,0,58,1,1,1
43,4,20,1,5805,3,0,45,2,2,1
33,1,18,3,3484,115,0,16,1,1,0
23,1,23,5,798,17,0,47,2,6,0
50,1,18,5,495,25,0,44,1,2,1
31,1,20,5,474,5,0,35,1,1,1
50,6,13,1,3786,21,0,36,1,1,0
63,1,17,1,5313,5,0,33,2,1,0
44,1,21,1,177,111,0,51,2,1,0
45,7,22,4,694,105,1,54,2,2,1
48,1,21,1,4051,3,0,15,1,1,0
28,1,13,5,7960,74,0,38,1,9,0
33,2,20,3,8899,66,0,28,2,3,0
29,7,19,1,3813,314,0,45,1,1,0
67,3,22,1,3752,31,0,65,2,1,1
57,2,22,1,1846,184,0,29,2,1,0
20,6,18,1,5320,36,9,43,2,1,0
63,4,20,1,3317,100,0,48,2,1,1
30,1,20,1,5324,9,0,59,1,1,1
28,1,17,1,2882,13,0,40,2,1,0
42,1,19,1,1416,3,0,52,2,1,1
56,4,19,1,5194,200,7,52,1,1,0
42,6,15,1,6063,214,0,32,2,1,1
33,1,17,1,1566,17,0,47,1,1,1
26,1,17,5,142,4,0,33,2,1,0
63,3,22,1,639,191,0,48,1,1,1
55,1,14,5,8896,5,11,31,1,1,0
21,6,20,1,2776,240,0,37,2,1,0
60,1,18,5,881,127,0,38,2,1,0
29,2,22,5,2958,8,15,23,2,1,0
34,1,17,5,8196,25,0,22,2,1,0
23,1,21,5,3721,64,0,33,1,6,0
67,5,18,5,7602,2,0,24,2,1,0
55,1,15,1,2735,24,0,63,1,6,1
34,1,10,5,4474,67,0,39,1,1,1
66,1,20,1,1686,2,0,50,1,1,1
45,3,17,3,5327,12,3,42,2,1,1
63,2,18,4,7835,7,0,35,2,1,1
21,1,8,5,7291,35,0,41,2,1,0
26,1,19,5,2968,191,10,54,1,1,0
63,1,19,1,465,208,0,41,1,1,1
64,3,13,5,8856,6,1,30,2,1,0
52,1,21,1,2678,1,0,44,1,2,0
18,1,10,1,1318,13,17,48,2,1,0
74,3,14,1,5746,342,2,27,2,8,1
24,2,23,5,3216,31,17,31,2,1,0
27,1,22,5,5143,33,0,25,1,1,1
27,1,19,5,754,4,0,38,1,1,1
29,1,21,1,5072,4,0,74,1,1,1
33,1,20,3,3654,64,13,26,1,1,1
42,1,18,1,2874,26,0,46,1,1,0
44,4,21,1,3295,38,0,56,1,2,1
20,1,3,1,5442,60,0,13,2,1,0
57,1,21,5,896,7,0,28,2,1,1
36,1,17,1,2124,104,0,77,1,1,1
37,7,21,5,1550,241,0,48,1,6,1
39,1,15,1,2797,22,2,43,2,1,0
30,1,22,5,1429,33,0,31,1,1,1
70,1,19,1,2527,68,0,41,1,1,1
31,1,21,1,536,153,2,42,1,2,0
55,3,20,1,1015,85,10,24,2,1,0
47,1,19,5,1982,123,16,40,1,1,0
37,1,9,3,6762,70,0,34,2,1,1
23,1,18,1,8026,407,10,31,1,8,0
88,6,22,1,6786,1,0,51,2,1,0
24,6,11,5,7565,31,0,67,1,1,0
50,4,21,1,4496,47,0,16,2,8,0
42,1,22,1,8450,16,0,46,1,1,0
34,1,11,1,4463,22,0,42,1,1,0
35,1,19,5,4654,18,0,50,2,1,0
54,1,14,1,1565,75,0,33,2,1,1
28,1,20,5,8459,74,15,8,2,1,0
53,1,19,1,5695,10,4,36,2,6,1
28,1,21,5,5693,58,0,48,1,1,0
49,1,16,5,3602,87,0,40,2,1,1
27,1,21,1,2135,428,1,9,2,9,0
39,1,19,3,5956,86,0,15,1,1,0
32,1,12,5,9583,70,0,29,1,1,0
52,1,18,1,2291,382,0,32,2,1,1
73,3,20,1,4848,169,0,55,2,6,1
28,3,22,5,7335,184,3,29,1,5,1
46,1,23,5,5746,13,3,20,2,2,0
28,4,19,1,2929,132,5,24,1,6,1
50,1,15,1,1957,12,2,24,2,1,0
51,3,16,1,1598,150,0,50,2,1,0
50,1,18,1,211,38,1,29,1,1,1
55,1,19,1,8225,2,0,24,1,1,0
36,1,22,1,1268,9,0,42,2,6,1
62,1,18,2,2984,53,0,46,1,6,0
37,1,18,1,1853,539,0,56,2,7,1
21,2,20,5,5722,33,10,34,1,1,0
49,1,21,1,4852,32,14,50,1,1,1
59,1,18,1,4906,6,0,28,1,1,0
44,1,20,1,4141,30,0,20,2,1,1
50,1,21,5,3903,423,0,32,1,1,1
32,6,16,1,2523,92,0,27,2,1,0
50,1,20,5,1275,69,0,38,2,1,0
29,6,22,1,609,13,0,53,2,1,0
26,1,18,1,8752,92,0,9,2,1,0
20,1,20,5,5545,112,0,32,1,1,0
73,6,16,1,5171,85,0,56,1,1,1
30,1,18,5,6913,135,0,30,1,1,0
46,1,16,5,9254,17,4,31,1,1,0
41,1,18,1,6402,175,0,50,1,2,1
38,1,16,5,3713,6,0,40,1,6,0
46,3,20,3,313,3,0,29,2,1,0
18,1,9,3,6238,70,17,53,1,2,0
38,1,12,5,3452,22,3,43,1,1,0
37,1,18,5,2667,65,15,28,1,6,0
26,1,16,3,6871,135,0,37,1,1,0
66,1,18,1,293,21,0,53,2,1,0
45,1,17,5,4230,200,0,57,1,2,1
43,1,18,3,1918,196,0,22,2,2,0
64,1,16,1,1997,5,3,50,2,1,0
46,1,16,1,3967,56,0,20,2,1,0
42,3,18,1,6545,145,0,37,1,6,1
67,2,21,3,1135,9,0,25,2,1,0
47,1,16,3,6207,4,0,29,1,1,1
48,1,21,5,3349,209,0,19,2,1,0
41,1,14,1,9750,56,0,27,1,1,0
58,1,13,5,6788,257,7,40,2,1,1
20,1,17,3,2283,8,17,39,1,1,0
61,2,20,1,678,12,0,30,2,2,1
45,1,12,1,3929,12,0,49,2,1,0
45,1,20,1,4001,332,0,44,1,1,1
54,1,21,1,3385,6,0,52,1,1,0
77,1,21,1,3433,60,0,42,2,2,1
27,1,17,1,6515,38,1,50,1,1,0
54,3,22,1,87,20,0,36,2,1,1
29,1,17,1,6099,290,1,21,2,1,0
48,1,19,1,8546,171,0,35,2,2,0
23,1,13,1,5213,1,16,37,2,1,0
63,1,18,1,2130,8,0,39,1,1,1
23,1,17,5,6731,124,0,21,2,8,1
42,1,20,1,5473,95,0,38,2,1,1
66,6,21,1,3816,6,0,44,1,1,1
40,3,22,5,227,109,0,56,2,1,0
19,1,14,5,9603,44,0,33,2,8,0
24,3,16,3,4935,118,4,18,1,6,0
41,1,12,3,6390,56,9,40,2,1,1
41,3,20,5,5441,123,0,28,1,1,0
27,1,17,5,8088,75,16,42,2,1,0
39,1,14,5,7100,32,2,18,2,1,0
20,1,22,5,3292,8,0,36,2,1,0
37,7,18,1,1481,45,0,41,2,1,1
34,1,16,5,8213,4,15,23,1,8,0
27,1,17,5,4931,11,1,29,1,1,0
43,1,14,5,3402,3,0,47,2,1,0
63,2,10,1,2558,83,0,30,1,2,1
29,1,22,1,2414,20,16,32,1,1,0
25,1,14,1,9029,47,0,27,2,9,0
32,1,21,1,1085,117,2,45,2,6,1
39,1,18,1,4719,71,0,34,1,8,0
31,1,16,5,5918,129,15,55,1,1,0
36,1,16,5,9243,163,1,42,1,1,0
27,4,20,1,7008,399,2,31,2,8,0
39,4,22,1,2418,238,0,29,1,1,0
20,1,24,5,4464,32,0,45,2,1,1
43,1,21,1,604,191,0,48,1,1,0
20,1,19,1,8397,8,5,28,1,1,0
28,5,23,3,5181,11,0,38,2,1,0
58,1,20,1,2408,109,14,30,2,2,1
42,3,19,1,6632,224,9,41,2,1,0
33,1,13,4,5502,36,0,9,2,1,0
60,4,13,1,8218,9,16,41,1,1,1
50,4,21,3,42,257,0,32,2,1,0
74,3,18,1,3532,13,0,57,1,1,1
74,4,16,1,6474,30,0,24,1,1,1
45,2,19,1,24,105,0,43,1,1,0
37,6,19,3,7694,1,0,27,1,1,0
30,1,13,3,7540,7,0,52,1,1,0
21,4,21,1,6974,5,0,53,1,1,0
34,1,10,5,3254,25,11,39,2,1,0
31,1,14,5,5781,166,0,40,2,1,0
38,2,19,1,6462,10,0,46,1,6,0
17,1,10,5,9169,20,17,24,2,6,1
28,1,13,5,1612,197,9,40,1,1,0
70,2,21,1,6752,100,0,20,1,1,0
63,1,21,1,771,38,15,52,2,1,1
66,3,23,1,3943,281,0,35,1,1,0
82,2,22,1,1787,27,1,10,1,1,0
56,1,16,1,8777,73,0,32,1,1,0
21,1,18,5,4316,20,15,33,1,6,1
28,1,16,1,6302,162,1,27,1,2,0
32,1,16,1,2666,28,1,38,1,1,0
42,1,20,1,3013,12,0,61,1,1,0
23,1,17,5,6021,4,0,45,1,6,0
30,3,21,5,7603,1,0,43,1,2,1
51,6,19,1,2839,90,0,43,2,1,1
35,1,18,3,9830,48,13,49,2,1,0
36,1,24,5,1095,2,0,51,1,1,1
38,1,21,5,366,529,14,27,1,9,0
85,1,22,1,615,24,0,45,1,1,1
27,4,19,1,3060,153,0,15,1,1,0
81,2,21,1,5039,66,0,37,1,1,0
76,2,19,1,7023,29,0,40,2,1,1
31,6,19,5,2488,15,0,40,1,1,0
51,1,19,3,4697,190,16,46,2,1,0
38,7,20,5,4599,321,0,25,2,8,1
50,6,18,3,573,61,0,25,1,1,0
45,1,20,1,3714,3,2,47,1,1,1
33,2,17,1,1151,77,0,33,2,1,0
64,3,22,2,1761,13,0,51,1,1,0
23,1,21,5,211,14,8,42,2,1,0
49,6,20,1,5077,13,0,35,2,1,0
45,3,23,4,9226,144,0,46,2,1,0
20,1,20,5,4587,15,0,20,2,2,0
36,6,16,1,396,10,0,69,1,1,0
22,1,22,1,1293,2,0,1,2,1,0
55,1,14,1,7836,125,0,57,2,1,0
43,1,19,1,4316,3,0,23,1,1,1
24,1,21,5,7912,16,17,32,1,1,0
37,1,19,1,8438,110,0,43,1,3,0
51,1,18,1,3733,159,0,39,1,1,1
29,1,21,1,2593,225,0,34,2,1,0
59,2,19,3,4188,217,0,43,2,1,1
45,3,20,3,477,363,0,50,2,1,0
63,1,17,1,5974,21,0,35,1,1,0
76,1,19,1,3001,67,1,36,1,1,0
24,1,20,5,4258,25,0,41,1,1,0
27,1,14,1,2659,175,4,35,2,1,0
33,2,24,1,693,12,0,46,1,1,1
22,6,12,3,1911,66,0,36,1,1,0
53,1,18,1,5325,135,0,29,2,2,0
61,1,18,1,3340,204,0,30,1,1,1
64,1,17,1,3597,69,0,21,1,1,0
24,2,18,5,1202,173,0,19,2,1,0
59,1,14,1,7472,83,2,52,1,1,0
39,1,21,5,8568,57,0,43,2,1,0
35,1,13,1,7205,11,0,24,2,1,0
42,1,19,1,6001,80,0,74,1,1,0
59,1,22,1,248,75,0,26,1,6,1
43,1,20,1,5515,64,0,40,2,1,1
40,4,8,3,8546,71,0,31,2,6,0
63,5,22,1,4651,1,1,34,2,1,1
27,2,18,3,5040,21,1,20,2,1,0
41,1,15,1,3975,100,3,69,1,2,1
44,1,23,5,75,43,0,45,1,1,0
48,1,22,1,5843,72,0,31,1,1,1
25,1,21,1,1989,3,0,66,1,1,1
38,1,20,1,2528,45,0,28,1,1,0
55,1,19,1,6188,45,0,24,2,1,1
57,2,21,3,638,169,0,31,1,1,0
42,1,17,1,752,55,0,45,2,1,1
21,1,20,1,9532,22,10,43,2,8,0
28,3,14,4,1673,30,0,48,2,1,0
60,1,21,5,5145,36,0,42,1,1,1
21,1,10,5,3733,9,7,13,1,1,0
28,5,19,5,3997,246,16,15,2,2,0
54,7,17,5,9184,69,3,40,2,1,0
47,2,21,4,1941,43,1,28,1,1,1
30,1,17,1,6418,83,0,44,1,1,1
41,6,19,1,1440,194,0,43,1,1,1
82,1,20,1,5669,84,0,53,1,7,1
79,2,22,1,744,121,0,44,1,2,1
23,1,21,3,5543,1,0,2,2,1,0
51,1,19,5,7920,37,0,31,1,1,0
55,3,20,1,4441,14,4,34,2,1,0
34,1,19,5,899,96,14,27,1,1,0
42,6,21,1,6283,37,0,68,2,1,1
29,4,20,5,7334,483,17,41,1,1,0
24,1,15,1,2062,21,1,26,1,8,0
33,1,16,4,4423,283,0,26,1,1,0
57,1,19,5,6035,217,0,19,1,1,0
31,2,21,1,8539,52,0,24,2,8,1
28,1,22,1,382,40,0,58,1,2,0
26,1,20,5,546,7,0,46,1,1,1
51,3,23,1,6816,7,0,10,2,1,1
53,1,13,1,9830,25,0,52,1,1,0
37,1,22,5,587,1,0,54,2,1,0
26,1,14,1,5643,199,16,6,2,1,0
23,1,18,5,2789,161,0,24,2,1,0
43,1,15,1,8509,3,1,10,1,1,0
20,1,14,1,4837,91,0,35,1,1,0
39,6,15,1,8403,105,0,38,2,1,1
24,1,12,1,7256,26,14,34,1,1,1
69,1,18,1,938,33,3,20,2,1,1
32,1,18,1,2552,20,0,27,1,1,0
23,1,20,5,1781,19,17,45,2,1,1
67,1,21,1,412,285,0,38,2,1,0
78,1,21,1,3979,114,0,30,2,1,0
27,1,13,5,4365,35,0,44,1,6,0
44,1,19,1,3895,413,13,33,2,2,0
40,1,20,1,7196,59,0,61,1,1,1
27,1,21,5,1168,111,0,46,1,1,1
54,1,23,1,6040,175,0,43,1,1,0
46,1,20,1,1911,150,0,44,1,1,0
42,5,17,1,6883,28,0,45,1,2,0
27,1,23,3,1381,78,10,50,2,1,0
65,1,19,1,5914,28,0,61,1,1,0
84,3,20,1,8023,35,0,25,2,1,1
42,6,13,1,6771,31,0,21,2,1,0
47,2,20,1,5750,48,0,32,1,1,1
72,1,19,1,2378,173,0,34,2,1,0
33,6,18,1,7248,75,0,58,1,1,1
41,1,22,5,6870,48,0,31,1,1,0
22,1,21,1,3353,61,0,28,2,1,0
51,1,20,1,7618,196,0,36,1,9,0
47,3,21,1,4222,186,0,40,2,1,0
63,1,21,1,5845,161,0,55,2,1,1
31,1,15,5,4934,129,8,24,2,1,0
44,1,16,1,2480,128,0,40,1,1,0
31,1,18,1,1610,1,0,14,2,1,0
56,1,22,1,2675,121,0,35,1,2,1
38,1,19,1,3902,72,15,42,2,1,0
30,1,21,3,273,21,0,31,2,1,1
41,1,18,1,4109,9,1,44,1,1,1
26,2,20,5,1668,17,17,14,2,1,1
67,1,20,5,3589,77,0,33,1,1,1
65,1,19,1,6801,133,0,47,2,1,0
48,7,20,5,8381,1,0,37,1,1,0
77,2,21,4,786,100,0,49,1,2,1
37,1,22,5,471,27,0,12,1,1,1
53,6,18,1,3431,25,0,54,1,8,0
35,3,21,1,5806,13,0,28,2,1,0
39,1,17,1,2072,71,12,19,1,1,1
69,7,22,1,6170,53,0,36,2,1,1
45,7,19,5,1760,7,0,35,2,1,1
87,1,21,1,1975,76,0,23,2,1,0
62,1,19,5,1333,17,0,26,1,1,0
70,6,19,1,6908,209,0,55,1,1,1
36,1,17,5,4006,16,0,47,2,1,1
69,1,19,5,2514,11,0,54,1,1,0
35,1,23,5,1596,4,1,47,1,1,0
38,1,12,3,5869,57,0,39,2,1,1
44,1,19,1,4837,28,0,5,1,1,0
32,1,15,5,4520,10,6,32,2,2,0
26,6,16,5,1940,162,6,31,1,1,0
34,1,17,3,8446,149,0,61,1,2,0
49,1,20,5,7216,112,0,34,2,1,1
29,1,19,1,3660,56,0,44,1,1,0
36,7,20,2,1948,93,1,62,1,1,1
21,1,18,5,8402,2,17,39,1,1,0
36,4,21,5,4936,1,0,34,1,1,1
65,1,22,1,3745,102,0,27,2,1,0
24,1,14,1,6569,7,17,36,1,1,1
47,1,21,1,3659,3,0,43,1,6,0
26,1,18,1,3003,52,0,35,2,1,0
22,4,19,1,7502,13,0,42,1,1,1
53,1,21,5,277,15,0,38,1,1,1
43,1,21,1,7641,96,0,14,1,3,1
22,7,18,1,3733,1,0,30,1,1,0
34,3,21,1,4947,25,0,53,1,1,1
41,1,18,5,5779,61,0,57,1,1,1
31,1,18,1,4018,89,0,39,2,1,0
62,1,16,5,8793,196,0,24,1,2,0
62,2,22,1,26,31,0,42,2,1,1
79,1,23,1,1146,85,0,57,2,1,1
35,4,20,5,2504,70,1,68,1,1,0
51,1,17,1,466,100,0,53,1,1,0
47,2,21,1,3290,25,0,32,1,1,1
67,1,19,1,9396,42,6,26,2,1,0
25,1,22,1,944,2,0,21,2,2,0
41,1,17,3,8840,31,14,37,1,8,0
48,1,18,5,2065,7,0,59,1,1,1
44,1,18,1,4687,177,0,32,2,1,0
40,1,17,1,2786,95,0,57,1,1,0
34,1,21,5,383,10,6,34,2,6,1
48,2,19,5,1009,3,6,45,1,1,1
42,1,14,1,3236,2,6,32,2,1,0
33,1,17,1,8233,162,2,41,2,1,0
53,7,19,5,5535,29,0,56,2,1,0
30,2,19,1,1942,45,17,36,1,6,0
44,1,19,3,7430,232,0,68,1,1,0
57,1,20,1,4118,111,0,35,2,1,0
21,1,18,5,8931,5,0,26,1,1,0
32,1,15,3,1760,203,0,35,2,1,0
68,6,22,1,5297,61,0,51,1,1,1
29,1,19,5,3104,3,8,34,2,1,0
49,2,15,1,7701,6,0,23,2,1,0
31,4,17,1,8584,32,16,61,1,1,0
69,1,19,3,2004,20,0,60,2,6,0
19,1,20,5,7055,5,0,45,2,1,0
61,1,17,5,2639,54,0,33,1,1,0
20,1,14,5,7416,35,0,43,1,1,0
43,2,21,1,1736,34,0,49,2,1,0
43,1,21,1,5616,64,0,51,1,1,0
33,6,17,1,6376,12,0,33,1,1,0
71,1,22,2,1530,28,0,38,1,6,1
80,1,20,1,3705,200,1,55,2,1,0
52,1,14,3,7036,1,0,38,1,1,0
24,6,19,5,7110,68,0,19,2,1,0
62,1,20,1,991,103,0,76,1,1,1
34,1,19,1,5880,117,0,42,1,1,1
53,1,22,1,9382,17,0,21,2,1,0
43,1,17,3,7372,13,0,44,1,2,0
25,1,10,3,8009,13,2,38,1,1,0
33,1,13,1,3676,162,0,45,2,1,1
20,1,18,5,2807,21,0,40,2,1,0
49,2,19,1,4285,16,0,29,2,1,1
38,3,21,1,8816,41,0,18,1,1,0
25,4,21,3,2431,13,0,58,1,1,0
19,7,20,5,4207,127,16,5,1,1,0
37,1,12,5,4387,8,17,9,1,2,0
65,1,16,1,3997,4,0,56,1,1,0
72,1,22,3,85,94,0,49,2,1,1
52,1,14,1,5662,22,17,38,2,1,0
30,1,17,3,7904,4,13,41,2,1,1
82,2,15,1,8822,4,0,40,1,1,0
29,1,18,1,6344,24,0,59,1,2,1
35,1,14,5,9121,16,16,32,1,1,0
70,1,20,1,4149,30,0,49,1,2,1
41,1,21,1,2521,12,0,55,1,1,0
52,1,16,3,2747,37,0,37,2,1,1
53,4,20,1,7334,41,0,35,2,1,1
29,1,23,5,3669,50,0,60,1,8,1
55,2,19,1,6462,63,8,50,1,1,0
41,1,23,1,1327,1,5,42,2,6,1
32,1,17,1,7104,10,0,34,1,1,0
49,2,13,1,2126,129,0,34,2,1,0
48,1,16,1,6347,142,0,19,1,9,0
28,1,19,3,549,135,0,42,2,1,0
52,1,24,1,889,28,0,41,1,1,0
53,1,16,1,5875,52,0,52,1,1,0
57,1,18,1,2190,440,0,31,2,1,1
26,1,11,1,2693,70,17,29,1,1,0
50,3,22,1,402,347,0,40,1,1,0
37,3,18,1,811,23,0,50,2,1,0
52,1,18,3,4684,151,0,11,2,3,0
28,1,16,3,982,11,0,42,1,1,0
66,2,22,4,2268,92,0,32,1,9,1
43,4,23,1,304,42,0,43,1,1,0
24,1,22,1,610,18,2,20,2,1,0
32,1,21,4,4162,52,0,60,1,1,1
33,2,24,5,429,83,0,43,2,1,0
59,1,19,3,2410,214,0,39,2,1,0
24,1,11,5,8620,138,17,33,1,1,0
59,1,20,5,5825,7,0,49,1,1,1
27,1,14,5,2474,6,1,51,1,1,0
63,1,22,1,884,133,0,58,1,8,1
27,1,13,1,6850,5,16,19,1,1,0
40,1,20,1,6191,108,0,49,1,1,0
35,1,22,1,3123,127,7,52,2,8,0
19,1,10,5,7717,8,8,30,1,1,0
59,2,20,1,9221,169,0,45,1,1,0
24,7,16,5,4784,9,0,30,2,2,0
47,3,21,5,45,21,1,26,2,2,0
31,1,15,1,6139,81,8,29,1,1,0
25,1,20,5,2067,16,0,33,1,1,1
25,1,15,1,9722,63,17,49,1,1,0
54,7,17,1,3290,43,2,38,1,1,1
28,2,21,5,1556,119,0,37,2,8,0
39,7,16,1,6574,2,0,59,1,1,1
28,4,20,1,2951,124,0,48,1,6,0
39,1,16,5,1742,121,13,34,1,8,1
53,5,22,3,817,129,0,65,1,1,0
22,3,19,5,7945,159,0,49,2,1,0
33,6,21,5,7249,75,0,46,1,1,1
52,1,14,1,6813,367,0,40,2,8,0
25,1,19,5,8644,8,2,35,1,9,0
23,1,19,5,29,64,17,11,1,1,1
68,4,21,1,2377,23,0,43,1,1,1
81,2,19,1,646,8,0,37,2,6,0
54,1,21,1,3507,108,0,26,1,8,0
33,5,20,5,7838,1,3,43,1,2,0
38,1,12,1,6180,42,0,39,2,1,1
42,1,21,1,4973,31,6,31,2,1,0
20,4,20,5,5993,14,0,40,2,1,1
70,6,19,1,4304,133,0,29,2,6,0
27,2,18,1,6343,27,0,44,1,1,1
52,1,17,1,3232,49,11,31,2,8,0
35,5,19,5,2344,3,0,56,2,1,0
40,1,14,1,1922,146,0,45,1,1,0
31,3,17,3,2979,1,0,17,2,1,0
40,3,19,1,248,112,1,30,1,1,0
30,1,18,1,3749,200,0,38,2,1,1
29,1,12,1,9489,56,8,53,1,1,0
48,1,17,1,5393,329,0,55,2,1,1
34,1,20,1,7925,178,0,18,2,1,0
47,7,15,1,6077,487,0,40,1,7,0
26,1,19,1,6787,54,0,16,2,9,1
43,1,21,1,4203,23,0,65,1,1,1
49,3,19,1,4398,246,0,23,2,1,0
25,1,20,1,5856,55,0,38,1,1,0
34,1,17,5,7627,14,0,45,2,1,0
27,1,18,1,3553,9,0,41,2,1,1
39,1,15,3,6290,15,0,51,1,1,0
60,3,21,1,1603,37,10,29,2,2,0
33,1,13,3,8798,54,5,49,2,8,0
40,6,15,1,5711,17,0,36,1,1,1
36,1,20,3,2496,4,0,35,2,1,0
35,6,18,5,5736,30,6,38,2,1,0
35,1,9,1,8752,67,0,30,1,1,1
46,4,19,1,118,9,0,33,2,2,1
36,1,15,1,4390,42,0,41,1,1,1
34,1,22,5,5126,55,0,49,1,1,0
45,2,16,4,6613,82,0,39,2,1,0
27,1,15,1,4574,51,0,48,1,1,0
47,1,20,5,440,195,0,34,2,1,0
38,6,19,1,9381,36,2,47,2,1,0
45,1,19,1,2299,42,0,28,1,1,0
45,3,21,1,5574,38,0,46,1,1,0
33,1,20,5,6402,8,0,28,1,1,0
46,6,19,1,3823,272,13,24,1,1,0
21,1,21,5,4347,20,17,44,1,1,1
48,1,19,1,3715,60,0,32,1,1,1
40,1,21,1,2148,290,0,31,2,1,1
65,5,17,1,4120,18,0,35,1,1,0
61,1,21,5,531,5,0,18,2,1,0
41,1,19,1,3725,51,0,39,2,1,0
56,5,19,5,5017,14,0,24,2,1,1
28,1,18,5,5585,104,8,29,2,1,0
56,2,18,1,9211,32,0,36,2,9,0
67,1,21,2,4028,131,0,35,1,6,1
30,1,18,3,7552,25,0,28,2,1,1
82,4,22,4,1675,90,0,53,2,1,1
18,1,11,5,7457,5,0,39,2,2,0
24,1,20,1,1447,42,0,42,2,1,1
39,4,22,5,1894,59,0,40,2,1,0
35,1,17,1,2853,65,0,37,1,1,1
18,1,17,5,9730,270,17,11,1,2,0
33,1,17,3,5535,81,0,29,1,9,0
59,1,19,1,2839,212,0,31,1,1,0
63,1,20,1,7163,9,0,44,2,1,1
28,3,21,5,460,33,0,39,2,1,1
33,7,20,1,6887,111,17,22,1,2,0
58,2,21,1,3575,70,0,40,2,1,0
29,1,19,1,5743,10,0,33,1,6,0
46,1,13,5,5340,38,0,32,2,1,0
47,1,20,1,5447,50,0,27,2,1,0
57,1,23,5,5270,10,5,10,2,1,1
54,1,23,2,7830,251,0,61,2,2,1
71,4,23,1,2808,43,0,31,1,1,0
50,4,19,1,1459,85,0,40,2,1,0
35,1,15,5,2843,10,13,35,2,1,0
29,1,22,5,779,25,0,25,2,2,0
35,1,19,1,4425,174,0,59,1,1,1
80,1,20,5,5482,328,0,43,2,1,0
30,1,17,5,6856,6,0,24,2,1,0
34,1,19,1,6409,51,0,34,1,8,0
35,1,22,5,191,226,17,38,2,1,1
61,2,21,1,861,140,0,48,1,1,1
71,1,23,1,668,50,0,28,1,1,1
24,6,20,5,1017,14,17,20,2,9,0
20,1,22,5,1406,152,1,2,2,1,0
51,1,14,3,1800,37,0,39,1,1,0
56,6,21,1,4495,14,0,40,2,1,1
58,4,19,1,3340,48,0,22,1,1,1
23,3,20,1,138,10,0,38,2,2,1
31,1,9,1,7442,142,0,23,2,1,0
25,2,15,1,3750,4,0,31,2,1,0
32,1,23,1,2210,13,0,61,2,1,0
23,1,12,5,680,92,0,21,2,2,0
27,1,15,3,7550,109,0,21,2,1,0
18,1,19,5,2180,45,0,31,1,1,1
44,7,18,5,2646,233,0,28,2,1,0
30,6,14,5,1494,2,1,17,2,1,0
37,2,18,1,5085,43,0,18,2,2,0
52,1,23,5,2225,61,3,41,2,1,1
34,1,21,1,1643,32,0,30,1,2,1
63,1,17,5,7668,12,0,41,2,1,0
33,1,20,3,2076,60,0,31,2,2,1
26,1,20,1,8350,53,0,34,2,2,0
54,1,19,1,3548,1,16,42,2,1,0
50,1,20,2,271,131,17,28,2,1,0
26,1,21,1,4628,2,1,54,2,9,1
29,1,22,5,2341,189,7,39,1,1,1
32,2,21,1,2309,2,0,68,2,1,0
67,7,23,1,1866,25,0,48,2,1,0
26,1,20,5,7650,99,0,42,2,8,0
56,1,23,1,1172,8,0,42,2,1,1
34,2,23,5,2750,72,0,33,1,2,0
21,1,11,3,5943,26,0,12,2,1,0
30,3,22,5,962,4,0,47,2,1,1
34,1,16,3,6866,229,0,41,1,1,1
24,1,17,1,4739,39,0,35,2,8,1
37,1,21,4,7478,184,8,37,2,1,0
42,1,19,1,6223,230,0,49,2,1,0
25,1,13,5,7572,16,0,39,1,1,0
57,1,21,1,4036,15,4,14,2,1,0
38,6,21,3,1366,11,0,61,1,1,1
52,1,20,1,2763,54,0,52,1,6,1
36,3,18,1,5785,221,13,52,1,1,0
29,2,19,5,6950,36,0,61,1,1,0
56,1,19,5,3304,156,0,26,1,1,0
51,5,21,1,3869,141,0,38,1,1,1
56,1,15,3,4927,5,0,32,1,1,0
18,1,10,1,9450,111,0,32,2,1,0
60,2,10,1,1907,2,0,62,1,1,1
38,7,18,1,6167,264,0,49,2,1,0
39,1,20,1,4241,68,0,44,2,1,1
61,6,23,5,8732,48,0,37,2,1,1
23,2,18,5,6962,10,0,37,2,6,1
25,1,21,5,4501,164,7,52,2,3,0
74,7,23,1,2221,112,0,49,1,1,1
57,1,21,5,6589,18,0,35,1,6,0
58,1,22,1,102,2,0,48,2,1,1
21,4,13,5,5353,208,16,25,1,1,0
47,1,21,3,5185,2,2,57,1,1,1
33,1,14,1,5524,135,0,34,1,2,0
47,1,20,1,9170,93,0,58,1,1,1
57,1,17,1,3498,185,1,36,1,1,0
26,1,12,5,3094,76,0,23,2,1,0
52,2,16,5,6795,54,0,27,2,1,0
54,1,21,3,2804,33,0,53,2,1,0
38,1,18,1,7739,10,0,29,1,2,1
24,1,14,1,5075,9,2,37,1,1,0
68,1,23,1,1211,51,0,39,1,1,1
48,1,22,1,863,86,0,35,2,2,1
58,1,15,2,7452,152,0,44,2,1,0
38,1,18,5,30,9,0,42,1,1,1
38,3,17,3,4811,34,0,43,1,9,0
52,1,21,1,23,6,0,50,2,1,1
55,6,16,3,6095,138,0,58,1,1,0
46,2,19,1,2794,258,2,43,1,1,1
49,1,18,3,5312,4,0,32,1,1,1
69,1,17,1,7821,14,0,30,1,1,1
43,1,17,1,6560,62,17,32,2,8,0
66,1,16,3,3417,35,0,53,1,1,0
77,1,15,1,5810,21,0,54,2,1,1
28,1,19,1,4648,10,0,28,2,1,0
23,1,19,5,5281,160,3,36,1,1,0
37,1,20,1,6217,9,0,60,1,1,0
32,1,21,1,4077,40,13,28,1,1,0
86,1,23,1,2920,59,0,32,2,6,0
61,1,17,1,6670,237,0,55,1,1,1
33,1,17,5,7736,24,9,21,2,1,0
25,1,22,5,2119,14,1,54,1,1,0
62,1,23,5,1236,84,0,35,1,1,1
42,1,21,1,1093,116,0,24,1,1,0
58,7,20,1,2241,75,1,34,2,1,1
37,6,23,3,4495,5,0,68,2,1,1
46,2,10,5,9329,8,0,31,1,1,0
61,7,24,1,99,35,0,35,2,1,1
24,1,19,5,5723,191,0,43,1,1,0
78,3,13,2,2044,47,0,30,1,1,1
37,1,15,1,6168,49,17,50,1,1,0
45,6,23,1,252,1,0,24,1,1,1
18,4,19,5,3281,10,16,54,2,1,0
66,2,22,5,488,4,0,43,1,1,0
41,1,21,5,1767,165,0,25,1,1,1
30,1,17,5,8882,12,1,17,2,1,0
30,2,19,5,3805,66,0,28,2,6,0
29,1,17,1,1241,6,2,40,1,1,1
23,4,23,3,1131,3,4,30,2,6,1
52,7,19,1,3939,291,0,48,2,2,0
75,1,21,1,6446,34,0,53,2,1,0
39,1,16,1,1637,31,0,42,2,1,1
55,3,21,1,902,32,0,33,2,1,1
68,1,23,1,4629,78,0,62,2,1,0
76,1,18,1,5889,5,0,33,1,1,0
47,6,16,5,7097,5,17,20,1,1,0
77,7,19,1,4113,19,0,35,1,1,0
53,7,21,1,2520,3,0,12,2,1,1
23,4,17,3,6876,143,0,43,2,3,0
45,4,18,2,4314,22,17,26,1,1,0
41,1,23,3,2413,66,1,30,2,1,1
53,1,20,1,2091,189,0,73,1,1,1
36,1,16,5,6205,200,14,49,2,6,1
23,1,16,1,3961,8,2,32,1,1,0
48,1,18,5,276,30,14,33,2,1,0
27,4,21,1,3113,1,16,36,1,1,0
20,1,21,1,3192,98,0,56,1,1,1
31,1,20,1,3737,14,0,37,1,1,0
46,4,19,1,573,204,0,52,2,1,0
50,5,22,5,6249,134,0,24,2,2,1
22,1,21,1,3484,1,11,20,1,1,1
43,5,21,1,1915,103,6,37,1,2,1
41,7,19,1,7551,209,0,42,2,1,0
25,1,22,5,1068,18,1,30,1,1,0
37,1,15,5,2902,61,0,41,2,1,0
21,1,22,5,284,40,0,41,1,8,0
47,1,21,1,2702,16,1,27,1,2,0
40,6,21,3,2117,74,0,17,1,1,1
58,1,22,1,526,29,0,32,2,1,0
33,1,16,3,4433,7,1,49,1,1,1
70,1,23,1,219,150,0,49,1,1,1
48,4,16,3,6789,157,0,31,1,1,1
44,1,18,1,5648,490,0,55,2,2,0
62,1,16,3,5129,55,0,41,1,1,1
38,1,22,1,3453,103,0,42,2,2,1
51,1,21,1,2279,87,0,70,1,1,0
52,1,13,3,5957,75,0,9,2,8,1
25,1,19,3,6595,8,0,20,2,1,0
36,1,16,1,7092,13,0,45,1,9,0
72,2,18,1,3670,23,0,34,1,1,0
36,7,22,5,3676,1,0,32,2,1,0
39,1,17,1,4673,193,0,50,2,1,1
34,2,21,5,9143,97,6,37,1,1,0
62,1,19,1,7214,85,0,42,1,1,1
33,1,22,1,2271,43,0,56,2,6,1
33,2,18,2,281,131,0,47,2,1,1
34,1,6,5,6995,2,0,17,1,1,0
45,1,19,5,8794,128,0,44,1,1,0
24,1,21,1,4486,89,0,36,2,1,0
51,3,20,1,9598,16,0,45,1,1,0
37,6,19,1,4116,96,0,41,2,1,1
36,1,20,3,5424,35,0,44,2,1,1
66,3,22,1,1573,140,0,59,2,1,0
46,1,19,1,1020,133,0,29,1,1,1
66,1,20,1,5115,42,0,32,1,1,1
28,1,14,5,7346,26,3,41,1,1,1
34,4,20,5,3578,41,0,41,1,1,0
37,1,21,5,5024,26,10,47,1,1,0
63,1,19,1,760,6,0,32,1,1,0
39,1,17,5,4881,91,0,27,1,1,0
61,1,17,1,5658,40,0,54,1,2,0
33,6,22,5,5496,60,16,30,2,1,0
72,4,20,1,3510,1,0,39,2,1,0
53,1,19,1,7961,10,0,40,2,1,0
23,1,17,5,2085,109,0,26,2,1,0
36,7,20,1,2805,14,0,23,2,1,0
32,1,22,1,711,20,0,39,1,1,0
61,1,19,1,6634,10,0,28,1,1,0
38,3,19,5,5738,98,0,29,1,2,0
24,7,14,5,3404,67,7,17,1,1,0
36,6,17,1,6147,32,0,41,2,9,0
27,1,20,1,3985,123,1,31,2,1,0
48,1,23,5,2498,18,0,38,2,2,0
40,1,17,1,3782,124,1,37,1,1,0
52,1,23,1,434,4,0,39,1,9,1
39,1,18,5,6241,5,16,17,1,1,0
70,1,12,1,5120,61,0,45,1,1,0
51,3,21,1,2788,105,0,40,2,1,0
61,5,19,1,5711,11,4,53,1,1,0
27,1,16,5,2228,199,0,46,1,1,0
41,1,11,1,9761,179,8,24,2,1,1
65,3,19,4,1275,69,0,25,1,1,1
22,1,17,3,5188,1,5,48,2,1,0
57,1,12,1,2484,279,0,37,2,1,1
68,4,22,1,4151,76,0,29,2,1,1
22,1,15,5,5151,167,0,26,1,8,0
24,1,20,1,9676,17,1,41,1,1,1
35,1,17,5,8351,129,16,30,1,1,0
39,1,15,5,1153,173,0,37,2,1,1
33,1,13,5,6551,145,0,14,2,1,1
60,1,17,5,6212,17,1,7,1,1,0
19,1,18,5,4725,28,0,24,2,1,0
59,1,20,1,8888,28,0,27,1,2,1
44,1,15,5,2740,116,0,29,1,1,0
74,1,22,1,421,19,0,38,2,1,1
30,4,23,1,2705,372,10,40,2,1,0
44,1,20,1,821,1,0,47,2,1,1
36,3,21,1,9287,160,7,55,2,1,1
58,2,22,5,7425,267,0,49,2,1,1
47,6,21,1,3956,37,0,54,1,1,0
47,5,22,1,439,37,3,34,1,1,1
74,3,21,1,2979,54,0,18,2,1,1
68,1,14,1,8119,4,0,35,1,1,0
78,3,20,1,4433,214,0,57,1,1,1
32,1,13,1,2450,28,0,16,1,1,1
20,5,19,5,1456,99,6,40,1,1,0
37,1,20,1,3292,18,0,38,2,1,1
34,1,21,5,6883,38,0,32,1,1,1
32,6,8,1,6916,10,12,38,2,1,1
24,1,16,5,7937,216,0,28,2,1,1
47,2,22,3,6990,39,0,35,2,1,1
40,6,20,3,2621,119,0,41,2,1,1
57,1,19,1,4671,93,0,50,1,1,1
38,1,22,1,1611,18,0,47,1,1,1
47,1,22,1,4366,16,0,34,1,2,0
68,6,20,1,4942,61,0,40,1,2,1
59,1,21,1,823,80,0,37,2,1,1
33,1,20,5,4818,12,0,68,1,2,0
80,4,22,1,585,36,1,68,1,6,0
65,1,18,1,2621,148,0,49,1,2,1
60,1,19,1,5618,197,0,47,2,1,0
31,1,22,1,3433,47,0,29,1,1,1
49,1,20,3,5518,159,0,42,1,1,0
43,5,18,1,3199,11,0,58,1,1,1
46,1,21,5,1564,98,0,53,2,1,1
33,7,18,1,6350,47,10,30,2,2,0
64,1,19,2,5531,222,0,37,2,1,1
46,1,20,1,2541,81,4,34,1,1,1
55,1,14,1,5402,1,0,58,2,1,0
79,1,19,1,5267,54,0,38,2,1,1
74,1,22,1,5983,3,0,49,2,1,0
29,1,21,1,7013,43,1,37,1,1,0
27,5,19,3,2029,8,10,32,2,1,0
50,7,19,1,3742,61,0,34,1,1,1
60,1,18,5,313,38,0,33,2,1,0
21,1,22,5,5986,19,0,46,1,1,1
23,1,21,3,8963,84,16,33,1,1,0
57,3,22,1,6524,227,0,37,1,1,0
22,1,22,1,4506,398,0,53,2,2,1
32,1,19,1,735,19,0,24,2,8,0
64,1,20,1,1661,3,0,48,1,1,1
37,2,18,1,7862,34,0,32,2,1,0
57,1,20,1,749,9,0,70,1,1,1
45,3,23,5,3101,58,0,47,2,1,0
57,1,17,1,5704,105,1,49,1,1,1
39,1,16,1,905,196,0,21,1,1,0
32,1,18,5,673,148,0,27,1,2,0
51,7,22,3,505,83,0,41,2,1,0
48,1,22,5,1419,2,0,35,2,1,1
30,2,12,5,5421,14,0,19,1,1,0
63,2,23,5,4771,253,0,39,2,1,1
33,1,17,1,8407,1,1,27,1,1,0
77,4,21,1,6133,278,0,30,2,1,1
66,7,20,1,3863,15,0,32,2,1,0
36,6,17,3,4501,54,1,37,2,1,0
33,1,16,1,1165,13,0,49,1,1,1
23,1,22,3,1507,39,0,45,1,1,0
44,6,22,1,1469,1,0,40,2,2,0
60,2,23,1,5075,4,0,36,2,1,1
41,1,22,1,1924,121,0,32,1,2,0
42,1,18,1,4523,5,0,43,2,1,1
45,1,20,5,8730,12,0,3,2,1,0
60,6,21,1,2571,57,0,18,1,1,1
22,1,22,1,3305,2,0,48,2,8,1
60,1,22,5,5570,69,0,54,2,1,1
41,1,17,1,5847,254,0,36,1,2,1
34,4,21,1,560,73,0,35,2,1,0
20,1,18,5,4399,12,0,22,1,6,0
80,2,20,1,3798,93,0,25,1,1,0
41,1,22,3,1187,7,0,44,1,1,1
33,1,18,5,7930,4,0,33,2,1,0
39,6,20,1,5069,34,0,25,2,2,1
58,1,19,3,730,115,0,40,2,1,0
58,1,24,1,1131,123,0,41,2,1,1
37,1,21,5,1050,2,0,39,2,1,1
64,1,22,1,8108,260,0,32,2,1,0
58,1,17,3,3024,120,1,30,2,1,0
28,2,18,5,3278,221,1,40,1,1,0
63,6,20,1,4902,244,0,22,2,6,0
36,1,19,1,2077,18,0,41,2,1,1
31,1,24,5,293,51,0,35,2,1,1
55,1,22,1,5013,15,10,35,1,1,0
63,1,19,1,2112,109,0,53,2,8,0
31,1,23,5,994,58,0,39,1,1,1
35,1,22,5,6337,2,1,24,2,1,0
20,1,14,2,6078,56,17,21,2,1,0
41,1,22,5,5678,41,9,30,2,1,0
32,2,23,3,1618,50,0,48,1,1,1
23,1,16,1,6306,48,0,33,1,3,0
31,1,15,1,8626,313,0,44,2,6,1
43,1,20,1,2704,6,0,38,1,1,1
28,1,13,1,4859,282,1,30,2,1,0
39,2,17,1,9600,174,5,59,1,1,0
59,1,19,1,2132,375,0,57,1,1,1
38,1,17,1,1867,202,0,35,1,1,0
36,3,21,5,5270,80,0,37,1,1,1
62,1,19,3,2963,69,0,41,2,1,0
53,1,20,5,6968,3,0,2,2,1,0
61,1,14,1,5340,138,0,41,2,8,0
52,1,18,1,1997,24,0,42,1,1,0
33,1,21,1,1714,19,9,25,1,1,0
47,1,21,1,2557,179,0,21,1,1,1
40,7,14,1,9372,148,0,40,1,2,1
49,1,10,3,9830,28,12,28,1,1,0
26,3,20,1,1295,6,0,47,2,1,0
33,1,21,3,883,154,0,57,1,6,1
25,1,22,1,5398,13,0,20,2,6,0
77,1,23,4,1242,97,16,32,2,1,1
22,1,21,1,7533,88,15,55,1,2,1
68,7,21,1,6045,14,2,31,2,1,0
79,1,23,1,1078,399,0,56,2,1,1
39,6,19,4,2890,181,1,37,1,1,1
81,1,21,4,1220,2,0,41,2,1,0
53,1,20,2,5742,156,0,33,2,1,0
47,1,17,1,8303,11,0,44,1,1,1
26,1,19,5,3150,63,0,26,2,1,1
25,1,19,1,7475,19,7,37,2,1,0
53,1,19,5,7843,144,0,60,1,1,0
51,5,17,4,6896,44,17,49,1,8,0
27,1,16,5,7497,98,0,36,1,1,0
25,1,22,1,3922,53,0,15,1,3,1
29,1,23,1,1923,28,8,12,2,2,1
71,1,19,1,4430,49,0,46,1,1,1
63,1,21,1,290,59,0,36,1,1,0
50,1,20,3,5071,2,4,20,1,6,1
36,2,18,3,2339,121,10,38,1,1,0
48,1,23,1,4200,314,0,36,2,6,0
55,5,15,1,2501,17,0,32,1,1,0
30,1,22,5,6271,43,0,24,1,1,0
50,3,19,5,4312,203,0,31,2,1,1
68,4,19,1,723,239,0,28,2,1,0
48,1,17,5,2185,47,0,54,1,6,0
35,1,13,5,9544,15,12,28,1,1,0
54,1,19,3,4944,12,0,21,1,1,0
24,1,21,5,6029,49,17,27,1,1,0
76,1,22,1,4465,141,0,41,2,1,1
36,1,20,5,4780,1,12,46,2,1,0
62,1,19,1,1805,42,0,23,2,1,0
60,1,17,1,5394,22,0,41,1,1,0
46,1,19,5,6140,40,7,34,1,1,0
20,1,19,3,2448,8,6,19,2,1,0
26,3,22,5,2772,127,0,10,2,1,0
36,1,22,1,7738,3,4,11,2,1,0
66,1,21,1,1157,1,0,31,1,1,1
36,1,12,5,7586,203,0,43,1,6,0
37,6,20,5,4547,4,0,33,1,1,0
35,1,18,5,9367,9,0,60,2,1,0
33,1,17,1,3340,135,17,40,1,1,0
31,3,18,1,9305,4,0,31,1,1,0
34,1,20,1,472,89,0,35,2,1,0
25,1,19,5,2227,44,0,47,1,1,1
22,1,19,5,4503,7,9,43,1,1,0
32,3,21,5,6416,125,0,46,2,1,1
65,3,18,1,1420,111,0,48,2,1,1
34,1,22,1,335,3,0,59,1,1,0
50,1,18,1,5564,31,0,43,1,1,0
37,1,16,5,5369,11,0,33,1,1,0
49,1,18,1,691,116,0,29,1,1,0
53,6,16,1,9406,3,0,20,2,2,1
42,3,20,1,1347,3,0,2,2,1,1
38,2,16,2,1531,142,0,17,2,1,0
47,6,16,1,4272,8,0,45,1,1,0
19,1,17,5,8359,8,1,41,2,1,1
48,1,20,1,2661,554,0,30,1,1,1
53,1,21,1,5271,13,0,35,1,1,1
29,1,17,1,6605,26,0,7,1,1,1
49,1,17,3,4199,76,0,31,2,1,0
37,1,20,1,5911,6,16,29,2,1,0
41,3,16,5,9205,5,0,53,1,1,0
40,1,20,3,868,88,0,22,2,1,1
18,1,13,5,9297,96,17,52,1,8,0
18,1,21,5,4765,8,17,2,2,1,0
26,2,15,5,8144,122,0,36,1,1,0
57,2,19,1,2797,102,4,48,1,1,0
35,1,17,1,1592,2,0,13,1,1,0
20,1,22,5,4367,17,1,46,2,1,0
55,1,18,1,3004,19,1,25,1,1,0
32,1,16,5,7944,256,0,48,2,1,0
32,2,22,5,3094,16,0,33,2,2,0
49,1,23,1,2998,115,0,62,1,1,0
28,1,22,1,1355,83,0,46,1,6,1
45,6,18,1,3278,204,1,25,2,1,1
19,6,20,5,3083,103,14,29,1,1,1
55,1,15,3,9107,35,0,51,1,1,0
70,1,22,2,2959,10,0,48,1,1,1
57,5,17,1,1418,15,0,49,2,1,0
33,1,4,1,5490,177,0,28,1,1,0
54,1,14,3,9520,47,0,54,1,3,1
24,1,18,5,5773,205,0,21,1,2,0
34,1,12,1,6345,81,9,41,2,1,0
21,4,16,5,7808,58,0,35,1,1,0
55,1,21,1,3568,2,0,27,2,1,0
39,1,16,1,2275,27,0,20,1,1,0
36,7,22,5,1160,79,0,57,2,1,0
40,1,18,5,669,324,17,38,1,9,0
60,1,23,5,9206,27,0,13,2,1,0
33,1,16,5,4827,71,0,47,1,6,0
48,4,21,1,7559,31,0,26,2,1,1
56,5,17,3,3952,105,0,61,1,1,1
59,7,23,1,705,74,0,35,2,8,1
54,1,23,1,2480,326,0,38,1,1,1
47,2,17,5,5268,65,0,57,1,1,0
30,1,18,5,8047,182,7,38,2,1,0
44,1,21,3,3267,71,0,39,1,1,1
30,1,22,1,7663,21,3,16,1,1,0
40,1,20,5,1319,18,0,50,1,2,1
46,1,20,1,1098,106,0,61,2,9,1
46,2,21,1,1842,53,0,37,2,1,0
54,3,23,1,2989,228,0,43,2,1,0
55,5,20,1,2459,384,0,42,1,2,0
51,7,23,1,95,8,0,34,1,1,1
25,1,17,5,5082,82,0,33,1,1,0
42,3,18,5,1437,36,0,33,2,1,1
45,1,12,5,2739,16,0,28,2,1,1
53,5,21,1,3197,68,0,44,2,1,1
31,1,15,1,7793,124,0,36,1,2,0
35,1,19,1,7303,96,0,37,1,1,0
23,1,22,1,1014,1,16,35,2,1,1
72,2,24,1,361,74,0,46,2,1,1
55,1,22,5,1349,53,0,50,1,2,0
62,3,16,1,8160,245,0,46,1,8,0
28,3,22,5,1678,19,0,50,2,1,1
43,1,21,3,1345,130,0,34,1,1,1
20,1,20,5,2290,88,0,38,1,6,0
66,2,20,1,3276,41,0,51,2,1,0
28,1,21,3,351,214,0,33,2,1,0
36,3,20,5,7175,1,0,25,1,1,0
57,6,14,4,6416,253,0,36,2,1,0
57,1,19,1,5696,116,0,38,2,1,1
42,1,20,1,3433,16,0,22,2,1,0
22,1,20,5,1176,8,0,36,2,2,0
40,4,22,5,6392,1,0,18,2,2,0
34,1,13,1,4793,49,5,60,1,2,1
35,3,18,1,1533,4,0,58,2,1,1
31,1,19,5,6195,12,0,43,1,1,1
41,1,19,5,5681,113,0,43,2,1,0
43,6,18,1,3839,24,0,33,1,1,1
32,1,17,1,7929,88,0,38,1,1,0
36,1,22,3,130,100,0,56,1,6,1
25,2,21,5,5477,9,0,30,1,1,0
60,1,14,5,768,129,0,46,1,1,0
37,6,21,1,6983,116,0,59,1,1,0
33,7,18,1,7091,255,0,31,1,1,0
59,1,16,3,7157,17,0,40,1,1,1
23,1,6,1,7305,77,0,50,1,1,0
49,1,18,1,1189,116,0,43,1,2,1
43,1,15,2,1643,84,0,40,2,1,0
50,1,18,3,1045,106,0,55,2,1,0
40,1,16,5,8962,55,2,50,1,1,0
27,2,22,5,242,37,3,14,1,1,0
40,2,22,3,2388,2,0,23,1,1,1
25,2,22,5,394,8,1,22,1,1,1
30,1,21,5,1118,1,0,43,1,1,1
35,1,19,1,1073,46,0,56,1,1,1
58,2,19,4,5391,73,17,49,2,8,1
47,1,21,3,6990,49,0,43,1,1,0
33,1,16,1,8534,22,10,24,2,8,0
43,4,21,5,4845,214,0,37,1,1,1
42,1,15,1,5904,98,0,11,1,1,0
78,1,19,1,8942,2,0,34,2,1,1
49,1,23,1,2758,5,0,43,1,1,1
52,1,10,1,8605,183,0,68,1,1,0
43,6,13,3,6439,73,4,47,1,1,1
50,1,21,1,4155,18,0,34,1,1,1
33,2,18,1,5875,22,0,41,1,1,0
72,1,14,2,6426,205,0,43,2,6,0
59,6,19,1,7565,109,0,50,1,1,0
55,1,18,1,3088,3,0,35,1,1,0
61,1,15,1,6606,21,0,25,1,1,1
68,2,24,1,286,21,0,24,2,1,1
26,1,18,5,4147,29,0,26,2,1,0
42,1,24,5,9225,26,0,34,2,1,0
46,1,23,3,798,2,0,27,2,1,0
22,1,20,1,6314,13,0,28,2,8,0
32,1,21,5,2794,13,1,53,1,1,0
30,2,20,3,4412,77,0,39,1,1,0
37,1,19,1,4060,100,0,37,1,1,0
50,2,17,1,4590,312,0,30,1,1,0
47,1,21,4,9369,1,0,31,2,1,0
40,1,18,5,2701,54,0,43,2,1,0
23,1,20,1,1425,14,9,17,1,2,1
80,1,16,2,1239,27,0,29,2,1,0
64,8,22,1,480,83,0,28,1,1,0
35,2,18,1,3183,31,0,26,2,1,0
37,1,20,5,494,21,14,18,2,1,1
29,1,20,1,1777,54,13,31,2,1,1
17,1,16,5,5636,20,0,27,1,1,0
20,1,17,1,1948,9,0,16,2,1,0
49,2,20,1,859,3,1,33,1,1,1
22,6,15,5,8727,24,6,32,2,1,0
46,1,18,3,6008,10,3,42,2,1,1
33,1,19,1,2038,41,7,53,2,1,1
23,2,21,5,3924,50,3,51,2,8,0
26,1,22,5,3529,121,2,24,2,1,0
47,1,13,1,9695,15,0,33,1,1,0
26,1,22,1,4082,17,12,30,2,2,0
28,1,22,1,490,1,0,37,2,1,1
20,1,20,1,4698,458,11,24,2,8,0
50,1,16,3,1529,92,0,4,2,2,0
24,5,19,1,4137,13,10,47,2,9,0
63,1,19,1,7743,11,1,37,1,1,0
50,1,17,5,2056,124,0,59,1,1,0
41,1,19,5,7644,94,0,6,2,6,0
37,1,16,3,5187,178,2,30,2,1,1
49,1,19,1,2844,28,1,52,2,1,1
56,1,22,1,7752,16,0,54,1,2,1
29,1,20,5,6330,141,0,29,1,1,0
29,1,16,1,8438,396,9,33,1,1,0
23,2,20,3,1799,29,16,38,2,1,0
33,1,19,5,6470,82,8,44,1,1,0
44,1,15,4,7735,70,0,58,1,1,0
62,1,22,1,4164,79,5,53,1,1,1
66,7,21,1,2563,16,0,35,2,1,0
63,1,24,1,413,75,0,25,2,1,0
50,1,18,1,7848,97,1,31,1,1,0
60,1,18,1,1625,20,0,33,1,1,1
26,1,20,3,1636,15,16,42,1,1,1
73,2,19,4,2212,43,3,32,2,1,0
18,1,9,5,7626,7,17,23,1,8,0
43,1,22,5,3872,14,13,15,1,1,1
37,1,19,5,2953,207,0,45,2,1,1
40,3,19,3,907,23,0,63,1,9,0
62,6,22,1,3076,15,11,40,1,1,0
35,1,17,5,6477,33,1,37,1,1,0
54,1,18,1,7807,19,0,72,1,1,1
34,1,20,1,4011,55,10,30,1,9,0
55,1,14,1,8160,2,0,40,1,1,1
21,1,16,5,1617,1,0,23,2,1,0
46,3,20,1,253,8,0,45,2,1,1
65,3,20,1,1623,3,0,48,1,1,0
42,1,13,1,6811,94,0,41,1,1,0
28,2,24,1,920,24,0,31,2,1,1
38,1,18,5,5397,95,0,33,1,6,0
34,2,20,1,9060,88,2,47,1,1,0
54,1,22,1,3758,68,0,50,1,1,0
45,7,21,1,8046,11,0,38,1,1,0
53,7,24,1,215,126,0,55,2,1,1
37,3,18,1,2373,75,0,49,1,2,0
46,1,21,1,1874,133,0,36,2,8,0
48,1,19,5,4608,176,0,27,2,1,1
21,1,11,5,2219,28,17,25,1,9,0
78,1,18,1,2849,9,0,46,2,1,0
89,7,23,1,3014,35,0,22,1,1,1
24,1,22,1,718,85,1,44,1,1,0
58,1,15,1,8782,4,0,33,1,1,0
57,3,22,1,1460,16,0,34,2,1,0
83,1,9,1,5578,280,0,45,1,2,0
69,1,19,1,8754,10,0,61,2,1,1
31,1,18,5,2354,96,0,38,1,1,1
32,1,18,1,1788,7,5,16,1,9,0
48,3,23,3,34,2,2,57,1,1,1
70,1,20,1,873,332,0,33,1,6,1
60,1,18,1,9010,61,0,25,1,1,0
61,4,16,1,822,52,0,51,2,1,0
52,1,20,5,1247,1,17,48,2,1,0
56,1,17,5,2583,58,10,42,1,1,1
76,3,21,5,8112,15,0,32,2,1,0
29,7,14,5,7571,10,0,44,2,1,0
39,1,18,1,2952,2,0,45,2,1,0
57,1,16,1,2204,21,2,49,2,2,0
68,1,22,3,7537,72,0,36,1,1,1
33,1,18,1,5331,15,0,41,1,1,1
62,3,10,1,977,81,0,45,1,1,1
34,2,18,1,7596,71,17,24,2,2,0
71,1,19,1,1700,72,0,50,1,1,1
34,7,21,3,4293,5,16,47,2,1,0
64,2,21,1,317,28,0,55,1,1,1
54,1,18,5,3133,89,0,50,2,1,0
20,1,15,5,6881,58,1,27,2,1,0
55,1,21,5,2356,16,0,50,1,1,0
37,1,19,5,1037,8,13,28,1,1,0
50,1,15,1,1368,50,0,35,1,1,0
51,4,21,3,2715,14,0,21,2,1,0
28,2,23,5,6219,2,0,42,1,6,0
33,7,22,1,6998,168,0,51,2,1,0
28,1,19,5,4817,20,6,12,2,1,0
31,6,20,3,1269,49,0,50,2,6,0
22,5,14,1,3875,42,1,24,2,6,0
39,1,5,1,7761,7,0,32,2,1,0
32,1,18,5,6818,18,0,32,2,1,0
24,1,24,5,24,34,0,52,2,1,1
30,1,20,1,1860,124,17,33,2,1,0
45,1,20,1,6553,141,13,34,1,1,0
28,1,17,3,523,85,0,55,2,1,1
51,1,16,1,8129,53,0,40,1,1,0
53,1,15,3,6780,5,0,46,2,1,0
35,6,18,5,4358,237,1,17,1,1,0
27,1,21,5,3130,16,4,16,2,6,0
43,4,23,1,3517,22,0,32,2,1,0
51,1,18,1,1161,1,0,42,2,1,0
64,4,23,1,36,39,0,45,2,1,1
34,6,16,3,8380,89,0,30,1,1,0
22,2,16,5,2006,22,17,33,1,1,0
42,4,14,4,5217,75,5,42,1,1,0
30,1,15,1,315,106,0,19,2,1,1
70,1,16,1,2559,63,0,51,1,1,1
52,1,20,1,5057,50,0,14,1,1,0
27,2,20,1,3372,2,0,29,2,1,0
23,1,14,5,9633,66,0,29,1,1,0
92,4,23,2,3735,77,0,48,2,1,1
35,1,15,5,5155,136,0,38,1,1,0
39,1,19,5,9681,70,0,33,1,6,0
27,2,23,5,2767,64,12,26,2,8,0
75,1,11,5,6441,302,0,43,2,1,1
34,1,20,5,2125,3,0,13,2,1,0
55,1,14,1,7200,26,0,15,2,1,1
30,1,17,5,26,42,3,18,1,1,1
77,6,17,4,7547,35,0,46,1,1,0
38,3,18,1,3071,15,0,49,1,1,0
19,7,18,5,7561,45,0,33,1,9,0
52,1,16,5,2494,27,0,42,2,1,1
46,1,15,4,1261,21,0,21,1,2,0
21,1,9,5,8061,92,0,26,2,8,1
36,1,19,1,7334,225,0,43,1,1,0
37,1,21,5,4522,20,10,33,2,1,1
57,1,21,5,4807,7,17,25,2,1,0
27,1,23,5,4059,543,0,42,1,2,0
46,1,22,1,7028,5,0,22,1,1,0
43,4,21,1,5893,29,0,51,2,8,1
25,1,19,5,1364,14,0,34,1,1,0
70,4,23,2,502,69,0,27,1,6,1
64,7,21,2,623,14,0,52,1,1,1
49,1,16,3,3114,10,0,39,2,1,0
43,1,18,1,898,549,0,35,1,6,0
53,3,19,5,1641,265,0,25,2,8,0
26,1,19,1,2047,206,0,13,1,1,0
42,2,15,1,4467,41,17,40,2,1,0
38,1,19,3,8315,14,2,24,1,8,0
22,2,20,5,4348,186,0,34,1,1,0
44,1,20,1,5255,52,0,38,1,1,1
30,2,21,3,1131,1,0,44,1,6,1
52,1,20,1,1363,21,0,38,1,1,1
26,1,13,5,9640,67,9,13,1,1,0
29,1,21,5,3242,23,1,33,2,1,0
27,1,16,1,3394,124,11,42,2,1,1
34,1,19,1,2283,7,0,48,1,1,0
25,1,11,5,8949,89,0,36,2,1,0
69,1,13,3,5331,43,0,60,1,1,1
60,2,17,1,5496,139,14,26,2,1,0
53,1,20,5,1059,1,0,42,2,6,1
42,1,18,1,5170,87,0,54,2,2,1
43,1,19,1,1199,44,0,37,1,1,0
63,1,18,1,4149,9,0,47,2,8,1
19,1,19,3,4237,3,0,23,1,2,0
29,6,16,5,7909,26,0,36,2,1,0
28,1,19,1,1731,7,2,18,2,9,0
46,1,18,1,7091,2,0,39,2,1,1
40,4,23,1,6169,155,0,19,1,1,1
48,1,15,1,7336,63,0,35,2,2,0
29,5,21,1,343,23,6,39,2,1,1
74,7,20,1,980,4,0,53,1,1,0
62,2,16,1,5092,41,0,26,1,1,0
51,1,21,3,4635,127,0,41,2,9,0
41,2,18,1,6589,7,0,42,1,1,0
27,1,19,3,2868,35,17,61,2,1,0
23,1,22,5,7407,327,11,45,2,1,0
28,2,21,1,1099,1,0,33,2,1,0
36,1,20,5,2039,34,0,40,2,1,0
21,7,21,5,8336,26,11,37,2,1,0
32,1,21,1,6688,1,0,61,1,1,0
30,1,21,3,1093,176,6,35,1,2,0
28,1,21,3,5629,1,0,43,1,1,1
23,1,20,1,4357,49,0,32,2,6,0
37,1,16,3,8140,158,0,50,1,1,0
30,1,22,1,2007,81,0,65,1,1,1
24,1,19,3,3403,90,0,20,2,2,0
41,6,20,1,2510,57,0,28,2,1,0
34,1,13,5,2377,297,1,38,1,1,0
24,1,16,3,8945,26,0,49,1,1,0
66,2,21,1,2184,288,0,23,2,1,0
51,4,18,5,8620,80,0,40,2,1,0
31,1,16,3,7841,5,17,37,1,1,0
33,3,21,5,1221,199,0,44,2,2,0
35,1,20,5,2259,3,1,43,1,1,1
42,3,21,1,2046,21,0,46,1,1,1
34,6,17,1,6517,24,0,34,2,1,1
42,2,18,5,1479,87,0,29,2,6,1
34,1,19,5,8284,60,0,25,2,8,0
50,5,21,1,7520,53,0,42,2,1,1
24,2,19,1,3894,76,14,53,1,1,0
48,1,19,1,3847,317,0,32,1,1,1
33,1,16,5,8214,203,0,74,1,6,1
71,1,23,1,980,59,0,52,2,1,1
55,2,18,3,8924,230,0,45,2,1,0
27,5,20,5,5417,27,1,45,2,1,0
51,6,17,5,8725,109,13,45,2,2,0
34,2,23,1,2272,2,0,54,1,1,1
18,1,16,5,4977,13,4,45,2,6,0
39,1,1,5,9207,93,0,40,1,1,0
31,3,15,1,7049,114,9,36,2,1,0
41,7,18,1,4202,74,0,17,1,1,0
57,4,15,1,697,10,0,48,1,9,0
39,1,17,1,7243,43,0,48,1,1,1
65,1,17,1,3720,8,0,32,1,1,1
45,1,23,1,1926,10,0,29,1,1,0
30,1,21,1,2996,214,0,30,1,2,0
68,1,19,5,3884,4,0,58,1,1,1
32,1,16,1,6645,81,0,8,2,6,0
22,1,18,5,1128,26,0,47,2,1,0
34,1,21,3,1255,99,0,42,1,1,1
60,1,18,1,5082,106,0,47,1,1,1
81,1,17,1,3155,130,0,64,1,2,0
24,6,15,5,4154,5,0,36,2,1,0
32,4,20,1,7498,14,1,45,1,1,0
31,1,19,1,1028,11,14,39,2,1,0
31,6,22,1,2601,36,0,41,1,1,1
44,1,22,1,2656,201,0,33,1,1,0
44,1,18,1,4524,12,0,35,2,1,1
22,2,20,5,7465,49,0,24,2,1,0
76,1,21,1,216,28,0,28,2,1,1
35,1,20,1,6498,147,0,40,1,1,0
43,1,21,1,2965,17,0,60,1,1,1
35,1,16,1,7413,308,14,30,1,1,0
55,1,9,1,8369,1,0,28,2,1,0
39,2,17,1,5184,22,0,17,2,1,0
29,4,16,3,3396,198,0,32,1,1,0
80,1,12,1,2786,18,0,23,2,1,0
58,1,11,1,3418,80,17,43,2,6,0
68,1,20,3,1282,176,15,40,1,1,0
23,1,18,3,6068,93,0,17,1,1,0
60,1,11,5,5167,26,0,27,2,1,0
35,1,17,5,4737,8,0,29,2,1,0
60,6,18,1,3145,35,0,31,2,9,1
25,1,21,5,4266,149,4,30,2,6,0
28,2,16,1,1744,22,0,22,1,1,0
65,1,24,1,3272,19,0,44,1,1,1
32,1,21,1,5471,107,0,52,1,1,1
47,1,14,1,5976,18,0,37,2,1,0
18,1,20,5,2041,10,5,28,2,1,0
32,3,22,1,2402,95,4,30,2,1,0
81,3,19,4,5439,86,0,57,1,1,1
30,1,17,1,3565,1,0,43,1,1,0
63,1,16,5,8807,12,2,3,1,1,0
68,4,19,4,4781,144,0,27,2,1,0
67,3,17,1,8223,103,3,37,2,1,0
30,1,18,5,9201,77,0,59,1,8,0
24,5,20,1,3912,34,0,47,1,1,0
28,1,18,1,6707,21,0,52,2,1,0
65,2,19,1,8507,24,0,48,2,1,1
35,1,21,3,3922,1,3,24,2,1,1
36,7,23,1,1350,2,0,19,1,1,0
36,1,17,1,8706,89,17,53,1,1,0
34,1,17,1,7584,31,0,28,1,6,0
41,1,19,1,1731,123,7,42,2,1,1
42,1,21,3,6210,51,0,40,2,1,0
62,6,22,5,9580,94,16,21,2,1,0
77,2,22,1,5523,153,0,46,2,1,0
76,1,22,2,5129,22,0,30,1,1,1
71,1,16,3,1953,4,0,37,1,6,0
32,1,24,5,291,21,0,23,2,1,1
20,1,19,1,6306,1,2,37,1,1,1
41,6,23,1,3578,204,0,40,1,6,1
42,1,16,5,1719,156,7,36,2,2,1
42,1,17,5,8788,45,0,58,2,1,0
40,4,20,5,3883,20,1,33,2,1,0
26,7,23,3,2740,146,0,20,1,1,0
34,1,18,5,4590,5,0,55,1,1,0
54,1,21,1,1756,61,0,44,2,1,0
25,1,15,1,5280,27,1,28,2,1,0
68,4,19,1,7610,106,0,45,1,1,1
42,1,19,3,170,176,0,18,1,1,1
80,1,11,1,3086,10,0,47,1,8,1
47,1,20,1,7666,9,3,24,1,1,1
41,7,15,5,6735,46,0,49,1,1,0
48,1,18,5,760,161,0,43,2,3,1
53,6,23,5,1509,153,0,37,2,1,0
58,1,22,1,4779,146,0,52,1,1,1
74,1,21,3,8378,46,0,20,2,2,0
20,1,17,1,5181,2,1,39,2,1,0
46,1,21,2,38,113,0,34,2,1,0
37,1,20,3,3493,38,0,36,1,1,1
24,1,23,5,2113,2,0,46,1,1,0
33,1,18,5,2036,66,0,37,2,8,0
52,1,22,3,604,35,0,35,1,1,1
74,1,21,1,2486,22,0,57,1,1,1
38,1,18,1,4995,190,0,58,2,1,0
66,1,19,1,187,56,0,51,1,1,0
58,1,23,1,522,51,0,40,2,2,0
44,1,20,3,7303,18,0,36,2,1,0
60,1,18,4,5659,46,0,26,2,1,0
39,1,17,1,1238,276,0,34,2,9,0
56,1,20,1,4948,18,0,30,1,1,1
74,2,22,1,2303,188,0,52,1,1,0
27,7,18,5,296,9,0,5,1,1,0
20,5,19,5,7998,168,16,2,2,1,0
84,3,22,1,251,166,0,32,2,8,1
66,3,21,1,84,2,0,44,2,6,1
62,1,20,5,2657,1,0,50,1,1,1
23,1,19,1,6531,14,0,47,2,2,0
56,1,20,1,4058,44,0,28,2,1,0
22,3,20,5,3836,2,15,50,1,1,1
42,5,23,1,11,81,0,52,2,2,1
42,5,22,1,102,6,0,47,1,1,1
34,1,13,1,1229,222,0,53,1,1,0
44,1,16,1,7844,78,0,53,1,1,1
34,1,14,1,6914,19,0,44,2,1,1
44,1,20,1,5633,2,0,54,1,1,1
35,3,19,1,1983,62,10,50,2,2,0
52,1,15,1,4697,13,0,25,2,1,1
39,1,18,1,929,15,0,19,2,2,0
30,1,21,1,1335,1,14,40,2,1,0
26,1,19,5,4675,38,0,56,2,2,0
30,1,20,5,2972,9,15,45,2,1,1
33,6,17,5,4238,10,0,29,1,1,1
64,1,20,3,1767,3,0,53,2,1,1
28,4,15,5,3888,8,0,28,2,1,0
70,1,18,5,9100,101,0,38,2,6,1
40,4,21,1,915,66,0,36,2,1,0
31,2,22,5,1243,135,0,38,2,1,1
59,1,19,1,8233,136,0,38,1,6,0
79,4,21,1,338,70,11,25,1,1,1
49,1,19,1,416,170,17,47,2,1,1
58,1,13,1,6671,1,0,59,1,1,0
31,2,19,3,3204,76,1,46,1,1,0
55,6,15,1,7355,9,0,52,1,1,1
54,1,21,1,592,7,0,40,1,1,0
39,1,20,3,1177,51,0,57,2,1,0
18,1,21,5,7526,279,4,38,1,9,0
42,7,22,5,410,50,11,44,2,1,0
31,1,19,5,4319,206,5,36,2,1,0
50,1,19,1,1511,40,0,52,1,1,0
38,1,22,1,2970,8,0,59,1,1,1
49,3,17,1,2717,61,0,53,2,1,0
47,1,19,1,7365,18,0,29,2,6,0
67,2,18,3,2316,35,0,30,2,1,1
35,1,20,5,7803,5,17,22,1,2,0
31,6,16,1,4224,175,0,41,1,6,0
39,1,15,5,1053,27,0,32,1,1,0
57,1,18,1,5082,82,0,31,2,1,1
35,2,20,1,388,24,0,27,2,6,1
24,1,19,5,3485,59,0,31,1,2,1
50,1,23,1,713,9,1,40,2,1,1
38,1,18,5,7535,2,2,50,1,2,0
49,1,19,1,4038,88,5,27,1,1,1
55,1,15,1,5805,87,0,30,1,1,0
40,1,18,1,6517,11,0,20,1,8,0
75,1,15,3,8540,51,0,49,1,1,0
49,6,19,1,7033,2,0,24,2,7,0
55,1,20,5,5528,41,0,32,2,6,0
42,1,18,1,4436,71,0,25,1,9,0
65,4,12,1,3042,227,0,37,2,1,0
51,1,15,1,6464,199,0,66,1,1,1
44,1,20,5,2037,2,0,39,1,1,0
53,1,16,1,8848,82,2,30,2,1,0
26,1,17,3,1649,84,1,52,1,1,0
32,1,17,1,6818,250,0,42,2,8,0
43,5,15,1,4033,62,0,73,1,1,1
40,1,21,1,4461,109,0,38,1,1,0
44,1,17,3,5308,119,0,39,1,1,0
77,4,15,5,8580,23,0,46,2,1,0
57,1,20,1,8984,39,0,40,2,1,1
29,1,20,5,7997,205,0,49,1,6,0
27,1,15,1,5989,29,0,34,1,1,0
38,4,19,1,567,95,0,53,2,1,0
69,1,19,1,8890,49,0,28,2,8,0
62,1,19,1,5849,1,0,19,2,2,0
22,1,17,1,9094,2,16,35,1,1,0
33,1,21,1,4576,301,0,40,2,9,0
48,1,18,1,6393,6,0,36,1,1,0
68,6,17,1,3404,134,0,29,1,1,1
43,1,16,1,7313,29,5,39,1,1,0
45,1,21,1,222,4,0,42,2,1,1
36,1,22,5,324,485,0,42,2,6,0
43,1,19,1,5193,97,0,24,2,6,0
32,1,18,5,3179,55,0,31,1,1,1
30,1,17,5,6419,42,0,48,1,1,0
19,2,18,1,2300,125,17,16,1,1,0
52,1,20,1,1169,162,0,19,2,2,0
25,1,21,3,9279,49,16,33,2,1,0
82,1,22,1,1968,149,0,59,2,1,1
43,4,11,5,1714,183,0,31,1,1,0
56,3,18,3,7149,4,9,36,2,2,0
34,5,12,1,5192,125,0,32,2,1,0
58,1,20,1,652,34,0,46,2,1,1
57,6,17,1,9076,1,0,12,1,1,1
66,5,19,5,8050,58,0,53,1,8,1
69,1,20,1,877,269,1,51,2,1,0
25,6,21,5,289,8,1,33,1,1,0
22,3,20,1,1340,147,0,23,1,1,0
47,1,20,5,4871,217,0,43,1,2,0
53,1,22,1,3579,2,0,48,1,1,1
30,1,19,5,6984,7,0,21,2,1,0
63,1,19,1,5937,239,0,34,2,1,1
35,2,22,1,2960,58,13,43,2,1,0
57,1,18,1,3141,120,0,50,1,1,0
24,8,18,5,5053,2,0,26,1,1,0
54,1,22,1,1482,15,0,37,1,1,0
41,7,12,1,3770,263,0,37,1,6,0
48,1,19,5,6687,2,0,30,1,1,0
30,1,22,1,1357,16,12,11,2,1,1
56,1,21,2,2534,42,0,38,2,1,0
27,1,16,1,1742,17,0,33,1,1,0
59,1,20,5,1677,7,1,17,2,1,1
50,1,20,3,4139,44,0,62,1,1,1
29,1,20,1,2102,47,1,35,2,1,1
26,3,18,5,2260,35,1,45,2,1,0
31,6,15,1,2740,16,4,34,1,2,0
67,8,22,1,1094,2,0,50,2,1,0
31,1,14,5,8197,15,16,58,1,8,0
60,1,11,1,2859,12,0,29,2,1,1
51,1,20,1,2419,164,0,30,2,1,1
31,7,18,5,5167,18,0,20,2,2,0
58,7,12,1,3903,79,0,44,1,1,1
64,3,21,1,7664,68,1,31,1,8,0
23,6,21,5,7215,122,15,37,1,2,0
23,1,20,1,4673,124,1,29,2,1,0
30,1,20,5,4468,77,1,18,2,2,0
21,1,20,5,5999,71,4,34,1,6,0
59,1,17,1,9349,52,0,28,1,1,1
27,1,21,1,366,50,0,54,2,1,1
33,7,18,5,4572,6,0,16,2,1,1
44,1,16,1,8169,34,0,28,1,1,0
32,3,16,1,4971,47,0,29,2,1,0
68,1,20,1,2755,99,1,48,2,1,1
51,1,19,1,1449,12,8,42,2,1,1
33,4,19,1,2022,19,0,33,2,1,0
48,7,14,1,4218,15,0,43,2,1,0
28,6,23,1,1410,7,0,29,2,1,0
48,1,21,1,570,2,0,28,2,1,1
57,2,24,1,62,50,0,36,2,1,1
23,1,18,5,8488,7,16,24,2,6,0
29,1,20,5,6205,2,0,59,1,6,0
75,1,21,1,185,61,0,30,1,1,1
82,2,22,1,1905,22,0,28,2,1,1
67,1,23,1,399,28,0,59,2,1,1
28,1,22,1,32,18,0,43,2,1,0
55,6,22,1,4611,114,0,41,2,1,1
73,7,22,1,3142,169,0,41,1,2,1
48,1,21,1,2597,25,0,45,1,1,1
30,7,20,5,6461,218,2,29,2,1,1
66,6,15,1,1789,187,0,6,2,2,1
50,5,23,5,5919,35,0,40,2,1,1
32,4,21,1,1788,44,0,36,2,1,1
30,1,19,1,1550,167,0,49,2,6,1
19,1,13,5,8811,79,5,62,1,8,0
49,1,11,1,9174,171,0,48,1,1,1
34,2,11,5,253,241,0,26,2,1,1
44,1,19,1,7307,112,7,24,2,1,1
58,7,20,1,1167,3,0,32,1,6,1
72,2,20,1,3137,95,0,33,2,1,0
60,1,23,2,243,9,0,30,2,1,1
86,2,15,2,8192,103,0,42,1,1,0
25,1,14,5,8042,159,8,23,2,1,0
53,7,23,5,4173,211,0,39,1,1,0
26,1,17,1,5180,148,0,46,1,3,0
36,6,13,3,3022,4,1,52,1,1,0
28,1,24,1,177,4,0,56,1,1,1
19,3,6,3,8804,98,1,20,2,6,0
26,1,19,1,7391,19,0,33,2,1,0
29,5,21,1,2280,5,1,36,1,1,0
69,1,16,5,8603,229,0,58,1,1,0
49,2,22,5,4628,86,0,29,2,1,0
28,1,18,5,3946,15,15,49,1,1,0
52,1,20,1,1258,122,14,49,1,8,1
30,1,21,1,6739,54,0,82,1,6,1
28,3,20,5,1474,48,17,45,1,1,0
43,1,19,1,3959,107,0,33,2,1,1
48,4,18,5,804,78,0,39,2,1,0
65,4,18,1,3509,2,1,58,2,1,1
44,1,18,1,1411,45,0,21,2,1,0
36,6,20,3,4285,18,5,68,2,1,0
31,1,18,3,7866,18,0,8,2,1,0
45,1,20,1,2983,21,0,50,2,1,0
30,1,11,3,4404,18,10,52,1,2,0
55,1,13,1,7075,14,0,55,2,1,0
32,1,21,5,1496,5,0,44,1,1,0
53,2,18,1,4016,205,0,31,1,1,0
49,1,20,3,3770,3,0,38,2,1,0
34,2,19,1,532,338,13,40,2,1,0
76,1,22,1,7124,339,0,19,2,8,0
46,7,24,3,26,19,0,36,1,1,1
33,1,13,3,4697,113,0,44,1,1,1
23,1,19,5,3851,90,0,39,2,9,0
74,1,20,1,3109,112,0,43,1,6,0
37,2,20,1,5814,191,0,46,1,6,1
44,1,16,1,4147,42,3,36,2,1,0
42,1,17,1,6407,3,5,25,2,1,1
82,4,22,2,6080,26,0,46,2,1,0
58,4,21,1,2582,554,0,30,1,1,1
62,1,11,5,5334,27,1,51,2,6,0
44,1,20,3,5296,63,13,7,1,1,0
46,6,16,1,2248,14,0,57,1,1,1
21,2,22,1,714,78,0,43,2,2,1
25,1,19,1,2849,15,0,30,1,1,0
28,3,17,3,3611,10,7,41,2,1,0
72,1,22,4,7909,227,0,27,2,1,1
23,1,21,1,6885,2,16,36,1,1,0
26,1,16,1,2299,4,8,31,2,1,0
52,1,21,1,4072,1,0,50,2,1,1
27,1,19,5,1226,41,0,25,2,6,1
21,1,24,5,2414,2,0,41,2,2,1
49,1,18,1,5275,284,0,39,1,1,1
55,5,19,5,1861,2,0,45,1,1,1
21,1,18,3,7267,13,0,41,1,9,1
27,2,7,1,7967,374,1,56,2,1,0
36,1,21,3,3108,197,0,50,2,8,1
45,1,17,1,6352,49,0,42,1,1,0
39,1,21,3,2993,36,0,46,2,2,0
53,1,22,5,2772,231,0,53,1,1,1
19,1,21,5,3087,41,12,46,2,1,0
39,1,17,1,8564,3,0,26,2,2,0
34,2,21,3,3918,160,17,37,1,6,0
33,1,20,1,9608,285,2,43,1,1,0
40,4,22,3,270,3,0,25,2,1,0
60,4,19,5,3874,554,1,64,2,8,0
89,1,19,1,866,41,0,85,1,1,1
44,4,21,5,1756,17,0,32,1,1,0
58,1,10,1,7045,309,0,28,1,2,0
47,6,16,1,6492,19,14,39,2,1,0
47,7,14,1,9253,23,0,29,1,1,0
29,1,14,5,4045,33,6,34,2,1,0
52,6,19,5,3527,140,0,37,1,1,0
28,2,20,3,357,45,0,40,2,1,0
71,1,21,1,1239,9,0,53,1,9,0
43,1,21,1,4377,54,0,43,2,8,0
65,6,15,5,3940,33,0,26,1,1,0
23,6,14,1,9406,6,4,47,1,9,1
22,1,19,5,6076,18,0,21,1,8,1
37,1,14,3,4508,9,17,20,2,1,0
37,1,14,1,8148,4,0,29,1,1,0
43,2,19,1,5854,16,1,29,2,1,0
29,5,18,3,5300,24,0,36,1,1,0
34,1,24,1,4218,167,0,27,2,1,0
33,1,21,3,4412,38,11,27,1,2,0
69,1,20,1,1987,3,0,47,1,1,1
60,1,19,1,4277,7,0,53,1,1,0
17,1,18,5,4842,3,1,26,2,1,0
59,1,21,1,2166,22,0,47,2,1,1
18,1,20,5,2748,39,0,10,1,1,0
40,1,14,1,2758,167,0,47,1,1,1
41,1,19,1,5629,56,11,48,1,8,0
32,2,23,1,959,1,0,33,2,1,1
27,1,18,5,5785,2,9,13,2,1,0
22,4,14,5,2491,65,1,17,2,8,0
39,6,16,5,7935,38,0,60,1,1,1
56,1,15,5,7320,149,13,30,2,1,1
46,2,18,3,1574,267,11,44,1,2,1
20,1,17,1,1670,52,17,26,2,1,1
31,1,23,1,2611,28,10,61,2,2,1
27,1,11,5,5103,82,0,25,2,9,0
24,1,19,5,8712,18,3,31,2,1,1
45,1,9,1,8394,202,0,45,2,1,0
27,4,24,1,2561,8,0,28,1,1,0
31,1,22,5,4708,34,0,39,1,1,1
34,1,17,5,4675,6,0,37,1,1,0
38,6,23,1,853,124,0,54,1,1,1
38,1,19,1,4208,52,0,15,2,2,0
23,1,19,5,6121,62,13,56,1,1,0
51,3,21,1,834,116,0,50,2,2,0
26,1,11,5,3255,23,6,40,2,1,0
54,1,20,3,908,242,1,32,1,1,1
37,1,17,5,7757,122,0,20,1,2,0
22,4,15,5,3422,134,0,25,2,1,1
27,7,21,5,7331,51,0,58,1,1,0
53,3,21,1,619,123,3,57,2,1,0
54,1,17,1,4717,7,0,49,1,2,1
53,1,20,5,536,2,0,36,2,1,1
50,1,23,2,2245,85,0,52,1,8,0
77,2,24,1,1921,7,0,55,1,1,1
53,1,21,1,1749,80,1,22,2,1,0
25,4,21,1,3830,2,0,55,1,1,1
30,1,22,1,1382,1,0,32,2,8,1
56,1,18,1,8569,205,1,44,2,1,0
51,1,21,1,8768,288,0,47,1,6,0
48,3,13,1,4829,59,0,57,1,1,0
30,1,17,1,939,243,0,22,2,1,1
47,1,20,5,5338,125,1,45,1,2,1
52,4,17,2,6456,6,0,39,1,1,1
65,1,17,3,3748,19,0,24,2,2,0
23,1,16,5,7332,8,2,29,1,6,1
42,1,16,3,2132,44,0,30,2,6,0
43,1,20,1,3447,10,0,45,1,6,0
47,1,22,1,5320,141,0,51,1,1,0
63,7,18,3,359,249,0,36,1,1,1
32,6,18,5,6827,53,0,54,1,1,0
32,6,18,1,2871,50,0,30,1,1,1
37,7,21,1,2372,52,6,25,2,1,0
48,7,19,5,8246,7,0,40,1,1,1
50,6,15,5,9272,183,12,33,2,6,0
56,3,21,5,2260,2,0,57,1,1,1
32,1,20,2,8045,30,0,41,1,1,0
31,1,21,1,1917,4,0,27,2,1,0
29,1,22,5,5589,52,0,53,1,1,1
67,1,19,1,5395,28,0,47,1,1,1
42,1,19,1,2812,13,2,34,2,1,0
19,1,16,1,7085,29,0,8,2,1,0
87,1,23,1,606,57,17,21,2,1,0
49,1,21,1,3805,453,1,61,1,1,1
43,1,16,1,566,78,0,22,2,2,1
41,1,15,1,6858,60,0,34,2,2,0
52,6,16,1,8991,93,0,44,1,1,0
67,1,20,1,4609,26,0,32,2,1,1
31,1,5,1,3652,87,14,37,2,1,0
39,1,17,1,2447,13,0,34,1,1,0
26,1,15,5,2433,10,15,32,2,1,0
26,1,20,5,2226,77,16,48,1,1,0
65,1,20,1,7436,1,0,35,1,1,1
53,1,20,5,3719,86,0,26,1,1,1
67,1,21,1,3975,195,0,31,2,6,1
72,1,20,1,1513,131,0,24,2,1,0
56,3,21,1,2224,10,0,53,1,1,1
39,1,14,1,2637,71,1,51,2,2,1
25,3,21,1,2749,6,6,33,1,1,1
44,4,23,5,3814,131,1,29,2,1,1
47,5,21,5,5634,40,0,76,1,2,1
50,2,21,3,4093,2,16,51,2,1,1
25,1,21,5,6984,10,5,43,2,1,0
77,1,22,1,3266,5,0,31,2,1,0
60,1,13,1,4840,2,0,27,1,1,1
26,1,12,1,9717,54,1,31,1,2,0
27,1,17,1,1912,2,0,52,1,1,0
40,1,15,1,6777,156,0,23,2,8,0
48,3,19,5,7686,44,0,18,2,1,0
30,3,23,1,3704,68,0,29,2,1,1
61,1,19,5,6838,2,0,49,1,1,1
33,4,21,5,596,35,0,40,2,1,0
19,2,19,5,4301,8,0,29,1,1,0
31,1,18,5,7872,163,0,37,1,2,0
36,1,19,4,5789,105,0,40,1,1,1
31,6,21,5,8154,109,0,33,2,1,0
66,7,19,1,3956,63,0,48,2,1,0
26,1,20,5,6042,5,0,43,1,1,0
47,1,16,1,4577,12,13,48,2,1,1
63,1,21,1,7158,55,0,30,1,1,1
54,1,17,1,7376,184,0,25,2,7,1
19,1,14,1,5842,6,0,53,1,1,0
23,1,23,5,510,71,0,41,1,1,1
48,1,18,1,7213,90,0,27,1,1,1
24,1,21,5,3831,1,0,26,2,1,0
65,6,23,3,531,13,0,45,1,1,1
68,2,21,1,4061,3,1,41,2,1,1
39,4,19,1,3034,72,16,54,2,1,1
37,2,18,3,1052,3,0,24,2,6,0
41,1,11,5,4968,39,0,30,2,1,0
30,1,19,1,183,76,0,34,1,1,1
49,1,16,5,7761,108,0,40,2,1,1
55,1,16,5,8355,8,0,21,1,1,0
39,1,20,3,1853,22,0,47,2,1,1
37,1,18,5,6614,63,11,18,2,1,1
40,1,23,1,1667,196,16,63,2,1,1
42,1,20,5,8386,3,1,45,2,1,0
51,4,22,2,2568,54,0,62,2,1,0
66,1,23,3,1027,165,4,53,1,1,1
56,1,23,1,7227,82,0,53,1,2,0
45,2,19,5,8226,69,0,15,1,1,0
60,1,21,4,4622,183,15,65,2,9,1
52,1,16,5,4270,9,12,44,1,1,0
55,3,12,3,3674,105,0,29,1,1,0
29,1,16,1,7034,269,0,34,1,9,0
57,1,21,1,4066,17,0,48,2,8,1
56,3,19,1,7535,219,0,36,2,1,0
51,1,15,1,8834,8,5,48,1,1,1
49,1,15,5,5560,9,0,46,2,1,0
52,1,21,1,4993,349,0,43,2,9,1
27,1,21,5,1137,201,0,43,2,9,0
46,1,16,3,5050,5,1,46,2,1,0
28,1,19,1,1962,1,7,43,1,1,1
42,1,22,5,3706,124,0,50,2,2,1
54,1,17,5,2597,292,0,33,2,2,1
54,1,17,1,4464,35,0,56,2,1,0
64,3,19,1,8264,161,2,42,2,1,0
63,1,22,1,119,63,0,68,2,1,1
46,4,20,1,5086,33,0,43,2,1,1
42,1,19,1,7928,101,0,50,1,1,1
55,6,21,1,565,35,2,32,1,1,0
29,3,19,5,7709,20,1,30,1,1,0
50,2,21,1,4936,108,0,48,1,1,0
38,1,20,1,7362,2,0,44,2,1,0
30,1,22,5,6316,27,0,39,1,1,0
59,1,22,1,4919,3,9,51,1,1,0
32,1,21,5,848,186,0,35,2,1,1
56,1,17,1,321,57,0,65,1,1,1
27,2,22,5,2092,12,0,49,1,1,0
26,1,21,1,9019,193,16,31,1,1,0
33,1,18,5,3913,13,15,36,1,2,0
81,1,19,1,8666,23,0,30,2,2,0
68,5,19,1,3271,22,0,30,1,1,0
48,1,15,1,3746,68,0,51,2,1,0
49,2,19,3,67,81,0,50,1,1,0
49,1,18,1,8432,20,0,12,2,1,0
30,1,23,1,272,84,0,42,1,1,1
19,1,20,5,4402,151,0,40,1,6,0
78,1,16,1,3963,97,0,21,1,1,1
42,1,14,5,9407,10,14,35,1,1,0
50,1,22,1,5908,48,1,53,1,2,1
43,5,17,1,4950,15,0,52,2,8,0
64,1,15,5,7626,39,0,57,2,1,1
40,1,17,5,3519,87,0,33,2,1,0
26,1,18,5,1900,1,0,37,2,1,0
76,2,21,4,1771,56,0,43,2,1,1
37,1,20,1,5976,27,0,36,1,4,0
27,4,21,1,840,2,0,48,1,1,1
38,1,15,5,5511,5,0,21,1,1,0
52,1,15,1,4742,14,0,58,2,1,0
32,6,19,5,7836,8,0,38,1,1,1
52,1,20,1,5379,2,0,40,2,1,0
75,1,18,1,1321,108,0,69,1,6,0
34,3,15,1,5422,37,0,2,1,9,0
33,6,19,1,4472,3,1,30,1,1,0
23,1,17,5,2266,12,17,40,2,1,1
56,1,20,1,110,95,0,39,1,1,0
39,1,15,1,2621,23,1,43,1,1,0
36,1,18,1,5281,47,0,32,2,1,0
75,1,22,1,508,62,0,33,2,1,1
24,2,21,1,3150,189,14,26,1,1,0
25,1,16,5,8609,5,10,14,1,9,0
26,1,22,2,6757,12,12,44,2,1,1
43,7,17,1,4880,10,4,31,1,1,0
42,1,21,5,2996,7,0,50,1,1,0
35,1,17,5,8794,413,0,30,2,1,0
21,6,15,5,8126,34,9,15,2,2,0
33,1,19,5,8803,8,17,38,1,1,0
50,3,22,5,3869,8,0,42,2,1,1
67,6,20,3,2298,110,0,13,2,1,0
42,1,18,3,6139,136,0,34,2,2,0
63,1,17,5,6885,8,0,58,2,2,1
29,3,23,1,5015,66,0,45,1,2,1
64,2,18,3,1217,162,0,32,2,1,0
35,1,19,5,5911,32,0,35,2,1,0
22,1,19,3,1261,73,0,31,2,1,1
22,7,20,5,3508,1,1,52,1,1,0
39,1,22,5,2192,13,0,45,1,1,1
61,1,19,1,4094,42,0,44,1,6,1
25,3,17,5,7030,177,0,30,1,1,1
39,1,19,5,5642,146,13,48,1,6,1
45,1,13,1,7655,13,0,16,1,1,0
26,1,22,5,265,9,15,56,2,1,1
21,1,8,1,8187,69,17,37,1,1,0
46,1,20,1,4399,112,2,42,1,1,0
41,2,22,1,2191,223,15,33,2,1,0
20,1,20,5,4316,1,0,25,2,1,0
44,1,18,5,1654,43,0,45,1,6,1
46,1,18,3,8510,25,13,41,1,1,0
33,1,23,1,544,186,0,29,2,1,0
36,2,20,3,3014,87,17,34,2,1,1
26,2,16,5,3238,94,0,76,2,1,0
40,1,18,1,3253,86,0,26,2,1,0
37,3,17,5,771,2,0,36,2,1,0
43,5,20,5,5090,66,0,28,1,1,0
35,3,23,1,9107,18,0,40,1,1,1
38,1,18,5,1352,269,0,47,2,1,1
24,1,18,1,6811,17,0,46,2,1,0
39,1,19,5,4883,21,15,36,1,1,0
33,1,12,5,9552,32,0,49,1,1,0
49,4,23,1,3380,5,10,45,2,1,1
40,1,14,3,6700,117,0,47,1,1,1
38,1,21,1,3895,1,0,41,1,1,0
58,1,20,1,523,27,0,19,1,2,0
54,1,21,1,822,139,0,42,1,1,0
30,1,21,1,916,136,1,46,2,1,1
58,5,20,1,256,98,0,33,2,1,0
44,1,12,1,4866,2,0,54,2,2,1
41,1,20,1,2036,123,0,46,1,1,1
19,1,19,5,6002,86,0,40,2,1,1
24,1,21,5,2954,105,0,33,2,1,0
22,1,16,3,7614,20,0,13,1,1,0
38,1,15,1,3003,25,14,25,1,1,1
35,2,21,1,189,122,17,20,1,1,1
35,2,24,5,1025,51,0,34,2,1,0
63,1,21,1,2563,207,0,51,1,2,0
32,1,19,1,6420,11,0,20,1,1,0
20,1,9,5,9518,164,17,20,1,1,0
18,1,13,5,2240,6,0,22,2,6,0
37,1,17,1,7507,13,0,46,2,1,0
31,1,21,1,7446,28,0,55,2,1,0
56,1,21,1,4145,315,7,46,2,1,0
78,2,19,1,2643,15,0,41,2,1,0
48,2,22,5,1925,126,0,47,1,8,1
51,6,18,3,3304,124,0,37,2,2,0
29,1,20,1,3722,32,0,31,2,1,0
35,1,12,5,4564,59,0,35,2,1,0
40,3,20,1,6240,2,0,24,1,2,0
38,1,22,1,5595,554,0,57,1,6,1
46,1,16,3,3515,26,0,42,1,6,1
54,3,21,3,2775,117,0,33,1,2,0
67,1,20,1,5372,70,0,35,2,1,1
45,1,22,5,9158,2,0,38,2,1,0
23,6,21,1,823,120,1,30,2,1,1
38,2,16,5,1944,24,0,50,2,6,0
45,3,18,1,6019,23,1,30,2,1,0
76,2,23,2,175,110,0,35,2,6,1
31,1,21,3,8632,84,17,36,1,1,0
39,3,21,5,6746,5,0,36,2,1,1
25,1,10,3,8651,30,1,32,1,1,0
23,1,16,5,6710,221,15,54,2,9,0
82,8,17,1,9171,115,0,59,1,1,1
46,1,21,3,5142,45,0,55,2,1,0
59,1,17,1,3462,4,0,49,1,1,1
30,1,23,5,221,109,0,30,2,8,0
75,2,18,1,5486,8,0,31,1,2,0
52,1,22,5,6437,199,0,46,1,1,1
65,1,19,1,2565,79,3,35,1,1,0
46,1,23,3,4065,56,0,26,1,9,1
55,1,21,5,4609,84,4,17,1,1,0
51,4,21,1,1642,56,0,23,1,1,1
42,5,18,3,1395,7,2,49,1,1,1
33,1,17,5,3477,7,0,24,1,1,1
45,1,19,1,8169,7,0,28,2,1,0
34,1,20,5,1992,3,0,43,2,2,1
27,1,20,1,2766,12,0,30,1,2,0
47,6,20,1,2598,9,1,12,1,1,0
62,2,21,1,1134,3,0,54,1,1,0
65,1,18,1,4629,88,0,51,2,1,0
47,2,18,1,1044,51,0,39,2,1,0
41,1,23,1,436,18,7,49,1,1,0
67,1,22,5,5102,112,0,31,1,2,0
51,5,14,1,1212,31,0,43,2,1,1
26,1,18,3,2903,1,17,55,1,1,1
38,7,16,1,2565,37,0,47,2,6,0
33,3,18,1,316,35,0,42,2,1,0
51,4,18,2,3181,32,0,40,2,1,1
20,2,20,3,1932,105,0,34,2,1,1
22,6,22,3,171,195,0,60,1,1,1
27,1,14,3,6892,70,0,41,1,1,0
33,1,20,5,571,49,10,19,2,1,0
53,1,20,1,3300,110,0,29,2,1,0
49,2,22,1,9304,3,0,40,2,8,1
36,1,22,5,5508,166,0,46,2,6,0
61,1,21,3,3185,8,1,57,2,1,0
44,1,15,5,8583,67,4,47,2,1,0
78,1,17,1,6822,4,0,27,1,1,0
32,1,21,1,4931,20,0,35,1,1,1
23,1,22,1,1979,25,13,41,2,6,0
47,6,22,2,957,2,0,39,2,1,1
42,5,17,3,5640,46,0,23,1,2,0
62,3,16,2,6769,89,0,30,2,1,0
33,1,19,5,1539,124,0,26,2,2,0
30,4,17,5,8780,8,7,16,1,2,0
64,1,20,1,5734,27,3,44,1,2,0
33,1,5,5,6959,67,0,37,1,1,0
58,1,19,1,7858,66,0,55,2,1,1
29,2,16,1,4296,7,0,14,2,1,1
23,1,22,1,3441,185,0,44,2,1,0
27,5,12,5,8323,81,0,1,2,1,0
77,4,18,1,2953,41,3,45,2,6,0
42,1,18,1,1173,75,0,49,2,1,0
49,1,21,5,838,154,1,40,1,6,1
55,1,19,1,280,66,0,48,1,1,0
31,4,22,5,1622,75,0,26,2,1,1
41,1,17,1,7467,34,1,39,1,1,1
35,1,14,1,8144,5,0,47,1,1,0
46,1,22,5,3780,80,0,57,2,1,0
32,1,18,5,8567,55,4,29,2,8,0
54,1,21,1,5864,58,0,56,2,1,0
38,1,19,5,6968,25,0,40,2,1,0
25,6,19,5,8179,56,0,41,1,1,0
37,1,17,5,5196,172,0,47,1,1,0
61,2,21,1,1598,46,0,44,1,1,1
59,2,9,1,9470,57,0,35,1,1,1
40,2,21,5,1991,307,0,48,1,1,0
37,1,22,5,3537,554,0,29,2,2,0
24,1,20,5,1667,45,0,23,1,1,0
44,1,21,1,2540,43,0,77,1,2,0
46,4,18,5,1899,5,1,37,1,1,0
42,2,21,5,6870,22,0,40,1,1,0
61,1,20,1,6996,29,0,33,1,1,1
74,1,18,5,4016,3,0,36,2,1,0
65,6,21,1,2920,41,0,56,2,1,0
53,1,18,1,3763,42,0,53,1,1,0
61,1,21,1,3811,35,0,45,1,1,1
25,4,23,1,1978,237,0,39,2,2,1
37,1,21,1,1661,6,0,57,1,1,0
47,6,18,5,5917,1,0,41,1,1,0
44,1,14,1,4357,91,0,22,2,3,0
38,7,17,1,4036,81,2,45,2,1,0
35,4,18,5,3704,2,0,37,1,1,1
60,1,21,5,271,74,2,33,1,8,0
40,4,21,1,3446,16,0,32,1,1,0
62,1,24,1,2484,1,0,59,2,1,1
41,1,21,1,1534,9,7,43,1,1,0
42,2,21,1,5027,362,0,45,2,1,1
28,4,14,1,4520,135,0,36,1,1,1
20,1,20,1,2605,2,0,16,1,1,1
34,1,17,1,2284,33,0,40,2,1,0
24,1,20,5,612,175,0,33,2,8,0
48,4,22,5,2696,346,2,46,1,1,0
39,1,17,1,3414,1,0,37,2,1,1
52,5,21,3,2863,63,1,54,2,1,0
55,1,20,5,9105,95,0,29,1,1,0
35,1,22,5,973,15,0,32,2,1,1
54,1,18,5,1870,107,2,32,1,1,0
26,1,16,3,2585,43,0,49,1,6,1
47,1,19,1,1414,7,0,45,1,1,0
49,1,14,1,5288,73,0,31,1,2,0
62,1,15,3,3662,35,0,17,1,1,0
51,1,22,1,6844,67,0,53,1,1,1
53,1,20,1,4076,1,0,46,1,1,1
45,1,19,1,4497,80,0,36,1,1,0
53,1,19,5,8810,417,0,17,2,1,0
38,1,21,5,2890,33,11,27,2,1,0
78,1,19,1,718,12,0,31,1,1,0
41,2,19,1,1107,370,0,39,1,1,1
80,1,17,1,1983,15,0,27,2,1,0
53,4,14,1,982,248,0,52,2,1,1
48,1,17,1,2981,25,9,25,2,6,0
70,1,14,1,7622,44,1,31,1,6,0
31,2,18,1,580,15,0,40,2,1,0
34,1,17,1,8023,109,0,41,1,1,0
19,1,19,5,3929,61,7,38,2,1,0
48,1,13,5,9298,8,0,53,1,1,0
27,1,16,5,7912,23,16,33,1,6,0
78,1,22,1,5405,56,0,43,1,1,1
44,1,15,5,5907,115,3,62,1,2,0
49,7,22,2,2976,133,0,38,1,6,0
60,4,15,3,2915,76,1,20,1,2,0
34,1,21,3,6348,71,0,34,2,1,1
48,1,15,1,6651,22,1,61,1,1,0
57,1,21,1,5975,9,0,47,1,1,0
80,1,18,1,9093,58,0,42,2,1,1
55,1,16,1,3636,154,4,59,1,1,0
50,1,19,1,4061,18,0,51,2,1,1
21,1,14,1,7732,15,0,15,1,1,0
52,1,16,1,5112,17,0,55,1,1,1
37,1,18,1,5455,16,10,63,1,6,1
24,1,13,5,1178,100,0,22,1,1,0
37,2,23,3,358,33,13,66,1,1,0
59,1,21,5,5638,5,0,60,1,2,1
26,3,11,5,7015,19,17,34,1,1,0
36,1,16,1,1194,25,7,24,1,1,1
31,1,22,3,2705,32,0,31,1,1,0
70,4,20,3,2138,115,0,53,1,1,1
34,1,23,1,676,222,0,41,1,1,1
36,1,19,1,8780,161,0,48,2,6,1
37,1,21,1,6560,15,0,25,2,1,0
61,1,19,1,7758,1,0,39,1,1,1
66,3,22,3,567,27,0,44,2,1,1
52,3,20,1,7214,418,0,47,1,8,0
26,1,16,1,7204,15,0,37,1,1,0
24,2,19,1,1065,117,0,35,2,1,0
27,1,8,5,3119,178,0,43,1,7,0
60,1,22,3,1576,18,0,38,1,1,1
61,1,21,1,1601,55,1,30,2,2,1
69,1,20,1,6114,44,0,47,1,1,0
29,1,18,3,4131,112,0,42,2,1,0
37,4,22,1,4965,48,3,59,1,1,1
60,1,15,5,9433,95,2,21,1,6,0
28,2,20,5,5617,90,0,29,1,1,0
26,1,23,1,1666,24,0,16,1,1,0
28,1,20,1,207,92,0,49,2,1,1
33,6,20,5,3397,225,0,36,1,1,0
70,6,17,1,5901,24,0,46,1,1,1
38,1,17,1,8458,40,2,47,1,1,0
34,3,22,5,5372,15,0,43,2,6,0
45,1,17,1,3062,182,0,58,2,1,1
67,2,16,3,2205,28,0,44,2,1,1
30,1,15,1,8098,44,0,25,2,1,0
23,1,20,1,85,7,0,17,2,1,0
42,5,24,1,331,5,0,54,1,1,1
75,1,21,1,4282,139,0,61,1,1,1
51,6,18,1,7470,27,0,45,1,1,0
51,3,23,1,180,121,0,42,2,8,1
33,1,13,1,7676,57,0,19,2,1,0
50,4,18,1,2877,188,0,12,1,1,0
33,1,10,1,5796,26,4,33,2,1,0
23,1,18,3,3456,9,17,54,1,1,1
29,1,11,1,8949,156,0,48,1,2,0
42,3,22,1,2331,1,0,31,1,1,0
41,5,18,3,3316,16,0,40,2,1,0
81,7,22,1,1918,8,0,36,2,1,1
84,1,23,2,477,92,0,41,1,1,0
34,1,18,4,5047,58,0,44,2,1,0
41,1,20,5,3637,185,0,16,2,1,0
34,1,14,5,8105,408,0,45,2,1,0
37,2,17,5,7177,52,3,46,1,5,0
24,1,17,5,7312,15,15,39,2,6,0
34,1,21,1,6415,113,0,36,2,1,0
49,4,23,1,1531,1,0,41,2,1,1
57,7,20,1,626,1,0,29,1,1,1
29,6,21,5,1674,7,0,55,1,1,1
69,1,21,5,964,216,0,43,2,1,0
35,1,16,1,4163,10,13,26,1,1,0
50,7,24,1,3232,1,0,64,1,1,1
64,1,10,5,7344,55,7,38,1,1,0
67,1,19,1,5520,44,0,17,2,1,0
86,4,23,4,801,50,0,66,2,1,1
23,1,22,5,6299,105,0,13,1,9,0
40,2,14,1,3747,119,0,43,1,1,1
71,1,18,5,2588,105,0,39,1,1,0
38,1,17,1,2569,7,0,29,2,1,0
35,1,21,1,7594,542,0,41,1,1,1
52,1,18,1,6210,31,0,41,2,1,0
56,7,22,1,3807,109,0,28,1,1,0
34,1,12,1,3047,26,1,38,1,1,0
38,1,21,3,212,24,1,30,1,1,0
54,1,20,1,2261,87,7,32,1,1,1
51,1,20,1,252,68,17,59,1,1,1
56,7,20,1,2072,2,12,57,2,1,1
54,1,22,1,4512,24,0,42,2,1,0
69,1,16,2,6989,54,0,36,2,1,1
65,7,21,1,1600,4,0,23,1,1,0
49,4,20,1,575,71,0,45,2,1,1
53,1,20,1,5425,20,0,50,2,6,1
40,2,17,1,3615,2,2,44,1,1,0
45,3,22,1,1897,34,0,26,2,2,0
40,1,15,1,7953,80,17,28,2,1,0
22,1,20,1,1199,150,0,42,2,1,0
25,1,5,1,5684,180,17,36,2,9,0
37,5,19,1,3576,80,0,52,1,1,0
48,1,20,5,4172,49,0,33,1,2,0
46,5,20,1,1468,7,0,53,1,1,1
41,1,18,5,8351,8,0,65,2,1,0
65,1,18,5,1390,12,0,29,2,1,1
52,5,22,1,923,27,0,39,2,1,1
66,1,23,3,4826,29,0,41,1,1,0
48,3,21,1,4084,132,0,35,2,2,1
45,2,24,1,1560,18,0,53,1,1,1
66,3,22,2,729,1,0,32,2,1,0
57,1,21,5,2698,39,5,45,1,1,0
71,7,22,1,4768,59,0,56,2,1,1
33,1,14,3,2288,101,0,40,1,1,0
18,1,16,5,2305,7,2,36,1,1,0
42,2,21,1,934,27,0,39,1,1,0
39,1,20,5,3755,27,0,17,2,1,0
27,6,21,5,3638,39,0,51,2,9,1
37,1,10,1,9764,47,17,29,2,9,1
29,8,21,1,1772,36,0,49,2,6,0
61,7,19,1,4250,3,0,38,1,1,0
28,1,13,3,1829,65,1,17,2,1,0
51,1,19,1,4891,117,0,45,2,1,1
49,1,22,3,427,8,0,33,1,1,1
59,1,18,1,4107,1,11,20,2,1,0
41,1,20,3,5473,35,0,16,1,1,0
25,1,21,5,1756,100,0,57,1,1,1
41,1,21,1,2549,41,0,35,2,1,0
39,1,15,5,7031,35,0,60,2,1,0
42,1,20,5,2072,3,15,30,2,8,0
76,1,17,1,961,267,0,32,1,1,0
44,1,15,1,4858,190,0,50,1,1,0
42,1,20,1,4700,9,12,36,1,1,1
37,1,16,1,7249,16,0,28,2,1,0
29,7,23,1,673,8,0,38,2,1,1
48,3,17,1,4498,4,0,48,1,1,0
56,1,20,1,934,39,0,56,1,1,1
38,1,22,5,4370,1,0,64,1,1,1
64,4,21,1,3070,187,0,46,2,5,1
37,1,14,5,9652,21,1,54,1,1,0
45,1,20,5,1657,19,0,43,2,1,0
30,6,18,5,6128,71,17,33,1,1,1
22,1,18,5,6900,1,0,34,2,1,0
25,1,18,5,5005,7,0,40,2,1,1
66,4,23,1,3107,32,0,41,1,1,1
17,1,22,5,1353,95,1,21,1,1,1
31,1,23,5,642,66,17,48,2,1,0
55,1,22,3,3210,119,0,29,2,1,1
20,1,18,5,4343,4,17,45,2,2,0
35,3,19,5,207,113,0,39,1,2,1
20,7,20,3,8220,17,0,25,2,6,1
42,1,16,1,7953,43,0,44,1,1,0
34,2,18,5,3842,91,0,35,1,1,0
49,1,20,1,983,31,0,39,2,9,0
77,1,20,4,4090,2,0,26,2,1,0
23,1,19,1,1976,23,0,66,1,9,0
33,3,19,3,4872,39,0,50,1,1,0
71,1,18,1,1434,165,0,51,1,1,1
41,1,12,1,7974,90,0,33,1,1,0
31,6,23,5,7126,18,0,45,1,1,1
34,1,22,1,3017,45,0,53,2,6,1
24,6,21,1,5443,2,17,43,2,1,0
39,1,20,1,1084,151,14,43,2,1,0
26,1,13,1,5909,33,10,33,2,2,0
20,3,20,5,2299,17,0,42,1,1,1
72,2,22,1,5460,42,1,48,2,8,0
47,1,23,1,826,69,0,32,2,1,0
24,3,18,5,2998,2,3,38,2,1,0
46,1,18,1,30,67,1,38,2,1,0
65,1,20,1,4451,163,0,38,2,2,1
21,1,22,1,3483,3,0,28,2,1,0
58,2,22,1,2889,41,0,61,2,8,1
19,1,18,5,7083,146,0,53,1,1,1
53,1,23,1,4194,63,0,37,2,1,0
49,2,15,3,332,160,0,34,2,1,0
50,1,18,1,3653,7,0,33,2,1,1
41,1,17,5,3915,57,5,39,2,2,1
28,1,20,5,538,5,0,34,1,2,1
28,1,17,5,4100,31,0,36,1,1,0
22,1,20,5,5666,3,0,27,1,1,1
30,1,19,1,679,85,5,11,2,1,0
63,1,22,1,3045,60,0,22,2,1,0
33,1,12,1,8004,105,0,22,1,1,0
36,2,22,1,5409,15,17,27,1,1,1
29,2,16,1,5919,5,0,39,2,1,0
35,6,22,1,546,30,0,39,2,1,0
72,4,21,1,3574,275,0,42,1,6,1
73,5,22,1,726,31,0,59,1,1,0
29,1,18,3,2550,1,15,26,1,1,0
47,1,20,1,5196,16,0,56,1,2,0
56,3,17,1,1245,111,3,64,2,1,1
30,1,21,1,3780,6,0,49,1,1,0
27,1,19,5,6681,53,0,27,2,1,1
39,1,22,3,4858,38,0,31,2,1,0
28,6,18,1,6856,49,0,49,2,1,1
34,8,18,5,6605,149,0,21,1,4,0
46,2,21,1,2188,464,0,52,1,1,1
69,1,22,1,9127,146,0,45,1,1,1
49,1,23,3,1067,8,0,84,2,1,1
39,1,14,1,729,50,0,52,1,1,0
46,1,13,5,3094,87,0,20,2,1,0
26,1,10,1,6981,12,0,46,1,1,0
66,1,22,1,2206,22,0,38,2,1,1
63,1,18,4,5326,96,0,23,2,8,1
42,7,20,1,3500,319,2,17,2,1,0
39,1,19,1,1034,17,3,16,1,1,0
32,1,18,1,262,26,1,30,2,1,0
21,6,20,4,51,5,0,27,1,1,1
31,1,22,5,4557,120,7,61,2,1,1
83,1,17,1,311,62,0,26,1,8,1
35,1,19,1,2712,7,0,54,1,1,1
51,1,14,1,8119,14,17,34,2,8,0
29,1,16,5,8773,138,17,42,2,8,0
71,1,21,1,7029,19,0,62,2,1,1
26,1,17,5,2240,114,1,36,1,1,1
39,1,24,5,8942,44,1,51,1,1,1
60,7,19,2,495,20,0,47,2,1,0
25,1,15,5,4930,15,0,64,1,2,1
45,1,19,1,358,275,0,31,1,1,0
43,2,20,1,7496,208,0,27,1,1,1
27,2,16,3,8176,13,3,13,2,8,1
38,1,19,1,9789,172,0,33,1,6,1
79,1,21,1,39,4,0,57,2,1,1
54,1,21,1,1105,61,11,56,2,1,0
52,1,18,1,538,88,0,53,2,6,0
49,6,19,5,4119,87,0,30,1,2,1
19,1,22,5,365,57,0,38,2,1,0
25,1,10,5,7147,52,12,1,2,1,0
62,2,20,3,8427,3,0,47,1,1,0
64,3,20,1,6110,244,0,35,1,9,0
22,2,17,5,1695,124,17,40,1,1,1
48,1,20,1,2459,7,0,33,1,1,1
23,1,20,3,2465,112,0,23,1,1,0
27,1,19,1,1651,146,0,46,2,1,0
30,1,23,3,7563,10,0,34,2,1,0
34,4,13,5,3270,31,11,37,2,1,0
38,2,15,3,6736,92,1,49,1,1,1
67,2,19,5,1613,100,0,24,1,1,0
23,1,14,5,8767,3,7,36,1,1,0
29,1,19,5,4599,2,0,56,2,1,0
26,1,17,5,5229,8,2,47,2,2,1
50,1,20,3,1640,23,3,44,1,1,0
30,3,16,5,2743,1,0,46,1,1,1
87,3,22,1,8065,2,0,37,2,1,1
34,1,24,5,4960,3,0,52,1,1,0
40,1,15,1,3487,22,0,34,1,1,1
35,1,21,3,1154,185,0,34,2,1,0
52,6,15,5,4242,105,0,53,2,1,0
27,4,19,5,1275,59,0,61,2,2,1
19,1,17,1,6255,17,0,45,1,6,0
32,1,20,5,188,14,3,37,2,1,0
32,1,17,5,6021,24,14,46,1,1,1
73,1,18,1,6316,221,0,29,1,8,1
45,1,18,4,6667,66,0,57,2,1,1
48,3,22,1,6374,25,8,29,1,1,0
20,2,16,3,723,25,0,6,2,1,0
23,1,13,1,2728,14,0,52,1,1,1
26,1,13,1,5630,35,0,60,1,1,0
57,1,19,5,2698,111,5,49,1,1,0
38,1,21,1,1869,12,0,52,1,2,1
40,1,20,1,6257,81,0,30,1,1,0
75,3,17,1,7954,48,0,28,2,1,0
35,7,19,5,4777,67,1,26,1,1,0
33,3,17,1,2156,81,7,23,2,1,1
26,1,15,5,1571,94,0,33,2,1,0
24,1,15,1,9418,14,2,26,1,1,0
36,1,20,5,4980,78,4,50,2,6,1
47,6,18,5,7078,3,0,56,2,1,0
66,1,19,1,2742,344,0,47,2,9,0
51,8,19,5,4855,100,0,38,1,1,0
50,1,15,1,1846,69,0,41,1,1,0
55,1,19,1,5533,5,0,36,1,1,0
24,1,18,3,7040,5,6,19,2,6,0
50,4,20,1,855,272,0,35,2,1,1
56,1,22,3,4408,44,11,23,1,1,1
56,1,18,1,8303,36,0,62,1,9,0
50,7,20,1,2333,1,0,20,2,1,0
43,3,21,4,2221,106,0,25,1,1,1
25,3,22,1,4931,49,14,41,1,1,0
64,1,6,1,9628,140,0,49,1,1,0
41,1,21,5,3251,181,0,20,1,3,0
39,1,19,3,2036,98,0,47,2,1,1
59,1,20,1,3367,41,0,31,2,1,1
62,2,16,3,1884,12,0,30,1,1,1
58,1,20,1,6243,75,0,24,2,1,1
28,1,17,5,2357,15,9,32,1,1,0
23,2,18,5,4307,8,0,33,2,1,0
32,1,18,1,3796,5,0,51,1,1,0
80,1,21,1,1200,10,0,28,1,8,0
33,3,19,3,2689,520,0,35,1,6,0
24,3,21,1,2372,44,0,48,2,6,0
45,1,18,3,9830,19,0,34,1,1,1
23,7,19,1,6891,17,4,18,1,1,1
27,1,20,1,8219,42,10,31,2,1,0
39,1,18,2,9447,7,0,19,1,8,0
46,6,19,1,5965,21,0,47,1,1,1
41,1,21,4,4785,7,0,37,2,1,0
44,1,23,1,7081,15,0,34,1,1,0
32,1,23,1,5658,2,0,54,1,1,1
54,2,18,1,4217,66,0,46,1,1,1
80,2,19,1,4871,6,0,45,1,1,0
38,3,21,1,1710,45,0,23,2,9,0
59,1,13,5,2386,40,0,61,1,1,1
41,1,20,1,3240,16,0,27,1,1,1
52,5,22,1,492,113,0,33,1,1,1
31,7,20,5,77,91,0,29,2,2,0
33,1,23,1,6615,20,15,34,2,2,0
36,1,20,5,2562,16,4,18,2,6,0
61,1,17,1,5673,56,0,42,2,1,0
36,1,20,1,3290,1,0,46,2,1,1
33,1,18,1,5031,193,0,30,1,1,1
34,1,23,1,73,22,0,44,1,1,0
25,1,17,5,8535,12,13,46,2,1,0
21,1,17,1,3281,36,0,33,2,1,0
27,1,12,1,8394,8,0,27,2,1,0
62,1,20,1,3953,20,0,53,1,8,0
72,1,22,1,1058,33,0,10,1,1,1
38,1,16,1,4857,271,3,53,1,1,0
55,3,22,5,3262,25,3,64,2,1,1
67,1,20,1,4358,1,0,25,2,1,1
53,1,16,1,4506,194,0,39,1,8,0
58,1,19,1,1578,453,0,40,2,3,0
69,1,19,1,1823,64,0,55,2,1,1
37,6,20,1,3046,35,0,61,2,2,1
60,1,20,3,3084,305,0,20,1,1,1
36,1,19,5,995,20,0,56,2,1,1
27,1,19,5,4190,80,0,11,2,1,0
26,1,18,1,6897,48,1,41,1,1,0
29,4,18,4,640,30,0,26,2,1,0
51,1,19,1,3375,190,0,36,2,1,0
62,2,21,5,9468,4,0,49,1,1,0
28,3,22,5,1023,5,0,33,1,1,1
38,1,20,5,1106,8,0,54,1,1,0
30,2,23,5,3150,20,0,40,2,2,0
18,5,19,3,3897,46,0,30,2,1,1
29,3,18,1,2981,98,0,55,1,1,1
39,1,17,1,2323,35,0,13,2,1,0
32,1,17,1,1273,211,15,21,1,1,0
40,7,21,1,3709,17,0,15,2,1,0
29,1,18,5,6427,3,2,16,2,1,0
20,6,19,5,8209,25,0,42,1,1,0
21,1,18,5,5906,7,0,26,2,1,0
45,1,20,5,4928,101,1,30,2,1,1
31,6,19,5,2315,149,0,20,1,1,0
57,2,17,1,5651,56,0,55,2,1,1
31,1,22,5,214,152,0,53,1,1,1
33,1,23,1,657,24,0,52,2,1,0
23,1,22,5,933,24,2,40,2,6,0
35,1,23,1,170,37,0,53,1,1,1
24,1,16,5,9213,5,0,46,2,1,0
33,1,17,1,8779,87,16,45,1,1,0
31,1,15,5,3642,86,0,26,1,2,0
60,1,20,1,2033,65,0,61,1,1,1
55,6,16,5,7626,35,10,45,1,2,0
47,1,19,1,7377,117,1,37,1,2,0
62,1,20,1,3836,1,0,43,2,1,0
42,4,19,3,5232,45,0,33,2,1,0
31,1,22,1,6405,68,0,58,1,1,0
43,1,15,1,8218,110,8,27,2,1,1
42,1,19,1,7463,97,7,67,2,1,0
43,6,21,3,8204,60,0,46,1,1,1
69,1,18,4,5686,291,0,55,1,6,0
58,7,21,5,1983,151,0,47,2,6,0
56,1,24,1,583,91,0,33,1,1,1
25,1,19,5,9632,68,1,42,2,1,0
20,1,19,3,6029,6,16,13,2,2,0
31,1,13,5,4494,214,0,42,2,7,0
65,1,20,1,2947,10,8,21,1,1,1
39,1,20,3,3304,11,4,37,2,1,1
69,1,19,1,6353,32,0,36,2,1,0
86,1,17,1,470,28,0,25,2,1,0
38,1,20,5,2288,12,2,48,1,1,1
63,2,19,1,3595,13,0,20,2,1,0
30,1,19,5,2658,5,0,37,1,1,0
31,1,18,3,4535,38,0,38,2,8,0
30,1,18,5,893,63,0,20,2,1,1
72,1,19,5,7593,89,0,19,2,1,1
60,1,20,1,5292,225,11,25,2,1,0
46,6,19,5,6639,96,17,40,2,1,0
43,1,20,1,1768,107,0,51,1,1,0
36,1,21,1,2239,8,6,31,2,1,0
51,1,17,5,7563,238,0,50,2,8,0
41,1,21,5,154,39,0,32,1,1,0
21,1,16,5,4226,28,0,15,1,6,0
24,1,20,5,3184,141,0,43,2,1,0
71,1,17,1,1628,22,0,30,2,1,0
31,1,17,5,2003,2,0,51,2,1,0
42,2,18,3,5917,54,10,58,1,1,0
52,1,9,5,3168,40,0,44,2,1,0
38,1,15,1,6460,172,2,48,2,1,0
86,1,17,1,7060,21,0,45,2,1,1
29,1,19,5,2779,16,0,36,1,2,0
31,1,19,1,5353,7,0,37,2,1,1
30,1,17,1,4601,76,0,44,2,1,0
69,4,21,2,3564,18,0,53,1,1,1
62,1,21,1,655,143,0,37,1,1,0
28,1,16,5,6442,176,17,15,2,1,0
33,4,18,3,2644,127,7,45,1,6,0
20,2,17,1,4379,69,0,9,1,1,0
41,2,18,3,7339,135,0,46,1,1,1
58,1,23,1,9277,12,0,53,2,1,0
36,1,16,1,5469,3,0,40,2,1,1
54,2,18,1,456,38,7,56,2,6,0
23,1,20,5,929,70,2,34,2,1,0
66,1,23,1,4980,2,0,47,2,1,1
55,1,21,1,4880,4,0,41,1,1,1
31,4,20,5,136,94,0,51,1,1,1
31,1,22,1,7601,17,2,23,1,2,1
37,1,21,1,6386,82,0,27,1,1,1
71,1,22,1,1225,3,0,45,2,1,1
47,1,17,2,4315,23,0,44,2,1,1
31,1,22,5,7327,136,0,34,1,2,0
72,3,19,3,9375,134,0,30,1,1,0
28,1,13,1,6877,10,0,12,1,8,0
57,1,19,1,5209,8,0,22,2,2,1
70,1,20,3,7483,10,0,37,1,1,1
34,1,23,1,3454,281,0,27,1,9,1
39,1,24,5,6386,73,0,64,1,1,1
59,2,11,3,7733,99,1,48,2,1,0
53,1,19,3,5225,154,0,31,1,1,0
47,4,21,1,5468,40,0,44,2,1,0
50,1,18,1,1288,41,17,33,1,1,0
79,1,18,1,7382,2,0,49,1,1,0
22,1,20,5,3445,17,0,34,2,1,0
57,4,18,1,5290,16,15,35,1,1,0
41,5,20,5,2806,6,0,19,2,1,0
45,3,16,1,2833,20,0,28,1,9,0
22,1,19,1,3756,22,0,52,1,6,1
36,2,18,1,1285,36,0,56,2,1,1
68,2,23,2,1050,5,0,46,1,1,1
36,1,20,1,2647,86,1,31,1,8,0
55,3,20,1,1990,41,8,39,1,1,1
29,6,22,1,1070,70,1,28,1,2,1
51,5,20,1,5732,380,0,49,2,1,0
75,3,18,1,5454,6,0,37,1,1,1
45,1,14,3,3702,116,17,36,2,1,1
51,4,16,4,7451,89,0,27,2,1,1
39,1,20,1,970,25,0,63,1,3,0
33,3,22,1,6380,47,1,33,2,1,0
24,2,22,5,1904,40,0,26,2,1,0
30,5,19,1,6236,65,0,39,1,1,1
45,6,8,1,8994,154,0,36,1,8,0
30,1,16,3,1128,37,10,28,2,2,1
40,3,21,5,3706,182,2,36,2,1,1
43,3,21,1,4889,44,0,50,1,1,1
56,1,22,3,1687,2,4,40,1,2,1
27,4,20,5,1520,19,4,56,2,1,1
51,1,14,1,6858,12,11,30,2,1,0
39,3,21,1,2711,46,8,31,2,1,0
23,6,22,1,3718,19,0,32,1,1,1
28,6,21,3,4493,5,0,29,2,1,1
51,6,18,1,6684,22,0,62,1,1,0
31,8,16,1,947,13,0,43,1,1,0
61,7,20,1,5884,50,10,28,2,1,0
39,2,20,3,5090,118,0,33,1,2,0
23,6,14,1,4508,69,0,37,1,1,0
58,1,22,5,1220,67,0,27,1,1,1
34,1,20,1,5084,237,0,47,1,1,0
29,1,17,5,8208,74,0,21,2,1,0
28,1,18,5,6315,19,0,48,1,1,0
62,1,21,5,1668,156,0,43,2,1,1
28,1,19,5,1057,8,0,26,2,1,0
41,3,20,3,1561,33,0,51,1,1,1
38,1,21,1,1209,12,0,44,2,1,1
76,1,18,1,8462,28,0,29,2,1,1
61,7,16,1,1317,78,0,32,1,1,0
50,1,17,1,4353,1,1,26,1,1,0
60,1,23,1,1098,84,0,51,1,1,1
56,4,20,5,35,5,0,41,1,1,1
28,7,24,3,1142,227,0,55,2,1,1
28,1,23,5,543,5,0,39,1,1,0
76,7,19,1,363,47,0,37,1,1,1
39,1,16,1,3623,19,0,43,1,1,1
35,4,19,3,3992,80,0,27,2,2,0
42,1,17,3,4872,79,4,43,1,2,0
57,1,23,3,6417,160,0,32,2,1,1
34,2,16,1,3657,12,0,35,2,1,0
52,2,20,1,9365,87,5,46,1,1,0
72,6,22,1,2421,45,0,63,1,6,1
66,1,18,1,6043,74,0,40,1,1,0
29,1,20,1,7956,30,14,35,2,1,0
50,1,20,5,6324,18,0,39,1,1,0
74,1,22,4,2733,29,0,57,2,1,0
31,1,21,1,3911,128,0,59,2,1,1
43,4,16,5,8280,7,0,41,2,1,0
69,3,17,2,7166,5,0,63,2,1,0
36,1,22,5,1688,40,0,45,1,1,1
38,1,19,5,6528,224,0,35,1,6,0
57,1,23,1,426,17,0,52,2,1,1
42,1,22,1,7523,34,0,33,2,1,0
23,1,18,5,2888,51,2,10,2,1,0
70,3,19,2,5961,69,0,24,2,1,0
54,1,17,5,1033,159,0,46,2,2,0
70,4,18,1,1665,93,0,42,2,1,0
40,1,17,5,9300,178,0,48,1,1,0
30,1,23,3,2461,205,0,27,2,1,0
33,1,21,1,2366,7,0,44,2,8,1
67,8,19,1,436,1,0,53,1,1,1
32,1,22,5,3724,19,0,34,2,1,1
58,1,18,1,5773,42,0,30,1,9,1
35,1,23,1,4996,56,0,74,1,1,1
54,1,22,5,616,70,0,58,2,1,1
67,3,23,1,2446,35,0,43,1,1,1
33,1,15,1,2577,30,0,34,2,1,1
55,7,20,1,990,72,0,30,1,1,1
38,1,17,5,3625,9,0,38,1,1,0
18,1,14,5,4449,233,0,45,2,1,0
63,1,21,1,7547,55,0,34,1,1,0
29,1,23,3,4053,159,0,68,1,2,1
44,6,19,1,4761,4,0,40,1,3,0
32,1,15,5,6839,9,4,43,1,1,0
45,2,19,1,6390,44,0,39,2,1,0
30,1,21,5,859,83,0,46,1,1,0
29,4,19,1,4504,48,10,57,1,1,0
27,7,21,5,2762,523,8,38,1,6,0
43,1,21,5,1306,39,0,66,2,1,1
28,1,16,1,7286,64,0,49,2,2,0
34,1,20,5,1754,19,0,40,1,1,0
34,1,20,5,2604,81,1,14,1,1,0
50,2,18,2,5847,126,0,32,2,2,0
42,1,18,1,2443,3,5,51,2,6,0
74,1,23,1,2591,7,0,53,2,1,1
26,1,21,5,5239,103,0,59,1,1,0
59,1,13,1,1273,28,2,42,2,1,1
35,1,17,5,7059,51,0,23,1,1,0
61,1,10,1,7961,460,0,27,2,1,0
33,1,21,5,4543,18,2,8,2,1,1
18,1,22,5,4337,7,12,37,1,1,1
47,6,21,5,2678,119,1,52,2,1,1
40,1,19,5,2426,174,0,26,2,1,0
58,2,22,1,3156,130,2,39,2,2,0
29,2,21,1,8593,5,8,33,2,1,1
35,1,17,1,1182,34,0,37,2,6,0
19,1,7,3,9233,53,15,36,2,1,1
42,1,14,1,7786,24,14,47,2,1,0
62,1,13,2,4731,46,0,29,1,1,0
35,1,10,3,7316,49,11,34,2,1,0
43,1,13,1,8404,141,7,28,1,2,0
51,1,22,5,7844,165,0,30,1,1,0
50,3,21,1,1092,22,1,45,1,1,1
48,1,20,5,104,15,0,49,1,1,0
64,1,17,1,809,225,1,27,1,9,0
42,1,11,5,2301,440,0,74,1,9,1
30,1,22,5,842,45,0,27,1,1,0
28,1,12,1,2340,165,0,37,2,1,0
35,1,8,1,4464,42,0,28,1,1,0
23,1,11,5,2785,271,0,37,1,1,0
35,1,13,1,2069,15,0,32,2,1,1
24,2,21,1,1300,51,0,54,1,1,0
76,5,23,1,4360,8,0,27,1,1,0
80,3,22,2,4685,233,0,37,1,1,0
48,1,16,1,3789,99,0,30,1,1,0
52,1,22,1,5436,115,1,54,1,1,1
45,1,16,4,7634,87,0,28,1,1,0
33,1,18,5,2925,15,0,32,2,1,0
40,1,19,1,4261,6,0,28,1,1,0
46,4,16,5,4962,283,0,40,2,6,0
23,1,18,1,3942,202,0,37,2,2,1
35,4,22,1,5823,31,6,34,1,1,0
41,3,16,1,2267,2,0,27,2,1,0
36,1,20,1,6321,286,0,47,2,1,1
57,6,18,5,1828,91,0,44,1,1,0
21,2,16,1,3993,35,0,35,2,1,0
33,1,18,5,5738,20,12,54,1,1,0
55,3,20,3,1251,123,2,26,2,1,0
26,4,17,5,3586,92,0,31,2,9,0
41,1,19,1,1136,22,0,45,2,1,1
56,1,22,5,1997,53,1,53,1,1,1
41,1,13,1,2400,327,0,47,1,1,1
23,1,15,5,5333,271,0,15,1,5,0
39,3,21,3,8074,1,0,59,2,1,1
48,4,22,1,4344,169,0,28,1,1,1
51,2,20,5,9096,3,0,23,1,1,0
59,6,16,1,4926,5,2,26,1,1,0
45,1,10,1,5015,154,0,37,2,2,1
69,1,21,1,4958,290,0,24,2,2,0
23,6,22,5,2435,25,0,32,2,1,1
29,1,20,5,7412,37,6,52,1,1,0
48,1,16,1,8666,116,4,19,1,6,1
39,1,22,1,1142,72,1,32,2,1,0
73,1,15,1,4961,33,0,39,2,1,0
21,1,19,5,5154,19,0,13,2,1,0
36,1,14,5,4943,269,5,33,1,2,0
30,1,19,5,1658,208,0,70,1,1,1
52,3,13,5,9484,64,0,59,2,1,0
33,2,20,3,3068,6,12,19,2,1,1
31,1,19,5,3854,18,8,35,1,1,0
33,4,19,1,7932,3,0,41,1,8,1
68,1,21,2,4156,40,0,47,2,1,1
61,1,19,5,1832,1,0,55,1,1,1
74,1,13,1,4541,5,0,43,1,1,1
36,6,19,5,4055,50,0,54,1,6,0
33,1,20,5,2057,137,0,39,2,1,0
33,1,20,1,1102,197,0,49,2,1,0
50,6,22,3,4370,2,0,41,2,1,0
24,1,20,3,97,91,0,32,2,1,1
30,1,18,5,5529,10,12,37,2,1,1
26,1,18,1,6141,13,0,53,1,1,1
46,2,21,1,8086,133,0,30,1,1,0
70,1,20,1,5653,24,0,65,1,1,1
29,7,18,1,2999,126,0,22,2,1,0
72,1,19,3,4997,5,0,71,1,1,0
40,1,19,1,1350,55,0,38,1,1,0
20,6,15,1,6363,106,2,26,2,1,0
54,3,16,1,5567,98,0,54,1,8,1
51,3,12,4,7442,25,13,39,1,2,0
30,4,19,1,2910,116,15,52,1,2,0
35,1,15,3,7242,9,0,38,1,1,0
25,1,21,1,4062,39,6,31,2,1,0
43,3,18,1,6899,126,0,17,1,1,0
43,1,18,1,8395,233,6,44,1,1,0
43,1,22,4,1033,5,0,67,2,1,1
44,1,20,3,6920,56,0,34,1,2,0
60,1,23,3,1639,7,0,49,1,2,1
37,2,19,1,2482,11,0,29,1,2,0
40,1,17,5,4776,29,0,50,1,1,0
31,1,14,5,4824,84,0,24,1,1,0
30,1,22,1,6790,15,2,20,2,1,0
22,1,10,5,9438,3,0,22,1,1,0
32,1,19,1,4478,445,0,23,2,1,1
47,1,19,5,2944,4,0,26,2,1,1
25,3,22,5,4072,8,0,42,2,1,0
30,1,20,5,2642,2,0,48,2,1,0
36,3,19,1,6349,2,1,27,1,1,0
43,3,17,5,4409,8,0,44,2,1,1
56,2,21,3,3753,6,0,46,2,1,0
23,2,18,5,3593,165,0,37,2,2,1
48,1,23,1,2063,2,17,38,1,1,1
34,1,19,1,3433,124,0,45,1,1,0
40,1,14,5,4626,83,17,37,1,8,0
58,1,22,5,6842,122,0,26,2,6,0
29,7,19,1,1894,2,0,38,1,1,0
42,1,20,1,4198,6,0,27,2,1,0
51,1,19,3,8964,82,0,47,2,2,0
35,1,18,2,4642,34,1,52,1,1,1
25,1,19,1,4626,102,0,32,2,1,0
26,1,14,1,2661,473,0,25,1,1,0
37,1,22,1,3655,79,0,34,1,1,0
71,1,21,1,7880,89,0,30,1,1,0
24,1,20,3,8053,89,0,39,2,1,0
23,7,23,5,2425,1,0,45,1,1,1
29,4,20,1,3513,347,17,52,1,1,1
32,1,18,1,3646,21,0,23,2,2,0
71,2,19,1,1168,6,1,70,1,1,0
51,1,13,1,6843,8,1,31,2,1,0
64,1,18,5,7814,63,0,46,1,1,0
74,6,20,1,117,64,0,56,1,1,1
26,1,14,5,8452,1,0,26,2,1,0
24,7,16,5,9407,63,15,23,1,1,0
33,7,21,3,1190,6,0,21,1,1,0
30,1,19,1,1813,50,0,39,2,1,0
27,6,17,5,6002,273,9,48,2,1,0
27,2,19,5,5600,53,0,46,1,1,0
61,6,20,1,5924,54,0,35,2,6,0
31,1,22,1,576,67,0,40,2,1,1
25,1,19,5,9397,16,0,23,1,1,0
29,3,22,1,4306,25,0,36,1,1,1
57,2,16,1,3305,39,0,44,1,6,0
30,1,18,5,8045,25,2,35,1,6,0
43,1,15,1,2442,65,0,52,1,1,1
43,1,21,5,2107,141,0,40,2,1,0
28,1,23,1,1837,153,0,47,1,1,1
72,7,22,1,2356,35,0,14,2,1,0
36,1,18,1,160,24,0,32,2,1,1
17,1,18,5,4528,205,0,6,2,1,0
18,1,19,5,5661,93,17,29,1,9,1
53,1,20,1,7833,17,0,37,1,1,0
39,1,20,3,7435,4,0,43,1,1,1
22,1,19,5,5976,7,0,44,2,1,0
25,3,19,1,3975,360,0,30,1,1,0
33,5,19,5,3807,93,0,60,1,1,0
45,4,20,1,3146,59,0,47,1,1,1
61,1,22,1,765,170,0,71,2,1,0
68,1,13,5,8609,71,0,8,1,1,0
42,1,15,5,3339,128,1,44,2,1,0
37,1,17,5,3653,55,0,23,1,1,0
30,7,19,5,2413,20,0,29,1,1,0
56,6,23,1,7500,47,0,51,2,1,0
21,7,21,3,2533,256,0,52,2,1,0
25,1,18,5,2313,37,0,28,2,2,0
22,1,17,5,6365,214,6,51,1,1,0
39,1,21,5,7692,306,0,41,2,1,0
40,3,17,1,7262,3,0,37,1,1,1
66,3,19,1,367,27,0,24,2,1,1
78,1,19,1,802,30,0,51,2,1,1
33,1,16,3,2448,3,9,16,1,1,0
31,1,13,5,5381,106,17,19,2,8,0
50,1,16,5,2601,160,0,43,1,6,0
37,1,16,3,8299,30,4,38,2,1,0
51,1,20,3,3298,3,13,49,1,1,0
49,1,19,3,8292,20,0,46,1,1,0
67,3,22,1,7911,25,0,73,1,2,1
29,2,21,5,778,10,0,45,2,1,0
32,1,16,5,2571,40,14,1,1,1,0
77,1,19,1,5727,88,0,68,1,2,1
65,1,11,5,8154,143,0,34,1,1,0
20,6,14,5,3381,1,8,53,1,1,0
24,1,20,5,3445,23,0,62,1,6,1
19,1,17,1,7344,22,0,28,2,1,0
69,1,15,1,7025,144,0,43,2,8,0
43,1,21,5,6553,35,14,49,1,1,0
32,1,19,1,1363,61,0,35,2,1,1
39,1,22,5,528,91,0,65,1,1,0
46,1,19,1,5749,27,0,26,2,8,0
30,1,23,1,2652,6,0,67,1,1,1
62,1,14,1,6989,119,0,31,2,1,1
57,1,18,1,3894,122,0,54,1,1,0
64,1,23,1,796,122,0,36,2,1,0
51,1,17,1,7013,353,14,42,2,1,0
73,1,18,1,2795,5,0,30,1,1,0
24,1,15,5,5265,38,17,16,2,1,0
28,1,22,5,7197,12,0,50,2,1,0
32,7,23,1,476,59,0,29,1,1,1
23,1,20,1,4430,37,0,44,1,1,0
53,1,22,1,1042,179,0,50,1,1,1
57,6,21,1,6021,33,7,43,1,1,0
41,1,15,5,8661,2,0,61,2,1,0
41,3,21,1,2318,60,8,33,1,8,1
40,1,22,1,2817,184,0,32,2,1,1
57,1,19,1,3243,183,0,25,2,1,1
34,1,16,1,7575,6,0,27,2,1,0
50,1,15,1,3627,69,9,41,1,1,0
56,4,15,5,2946,64,17,38,1,1,0
39,6,21,5,1322,73,0,38,2,1,1
39,1,18,5,7484,3,0,33,1,1,0
27,1,19,5,4506,13,11,35,1,1,1
47,1,16,1,7734,103,0,14,1,1,0
37,6,23,5,9099,142,15,27,1,1,1
58,1,21,1,1580,169,0,44,1,2,0
38,3,19,1,2143,85,0,19,2,6,0
43,1,19,5,4546,1,0,33,2,1,1
57,2,20,3,2621,61,0,50,2,1,0
37,1,21,3,1608,80,0,49,2,6,1
40,1,16,5,5814,128,0,32,2,1,0
63,1,13,1,3971,161,0,38,1,1,0
21,1,19,1,8793,167,1,36,1,1,0
64,1,23,1,2779,26,0,29,2,1,0
57,1,19,5,1981,166,0,34,2,1,0
24,1,20,5,5068,32,1,36,1,1,0
38,1,16,5,2444,1,10,3,1,1,0
20,1,18,1,5571,223,0,50,1,6,0
60,1,24,1,5075,13,0,59,1,1,0
65,6,19,5,2564,4,0,50,1,1,0
49,2,14,1,8963,79,4,45,1,1,0
67,1,18,1,60,63,0,59,2,1,1
30,1,17,1,6614,189,1,33,2,1,0
66,1,16,1,2696,2,0,45,2,1,1
40,1,20,5,2339,17,13,38,2,1,0
53,2,12,5,9470,8,0,38,1,1,0
62,6,13,1,3508,56,0,50,1,1,0
31,1,21,5,4392,7,0,40,1,1,1
34,2,20,5,6932,1,0,18,1,1,0
34,1,13,5,5311,227,0,45,2,1,0
33,2,19,5,8157,27,0,37,1,1,1
56,5,16,1,2743,20,0,35,1,1,0
37,2,24,1,3854,84,14,17,1,1,1
26,1,17,1,425,3,0,41,2,1,0
72,1,12,1,9267,6,0,56,2,1,1
33,1,19,1,1160,53,0,41,2,1,1
28,3,22,5,3466,23,0,55,2,1,0
21,1,19,3,5295,23,16,34,1,1,1
27,1,17,1,2027,102,0,50,2,1,0
72,1,21,1,6752,12,0,50,1,1,0
31,3,21,1,3538,1,14,37,2,6,1
33,1,23,5,1228,79,0,19,2,1,0
52,3,23,1,1291,11,0,43,1,1,1
41,5,20,1,4080,112,0,14,1,1,0
45,1,18,5,8271,12,7,20,2,1,0
51,1,20,1,3387,87,0,31,2,1,0
76,1,23,1,507,2,0,77,1,1,1
42,1,21,1,5034,83,0,10,2,1,0
24,1,19,5,5684,9,3,37,1,2,1
43,6,18,4,8254,27,2,51,1,1,0
59,7,18,1,9146,82,0,15,2,2,0
25,1,16,5,9239,46,0,21,2,1,0
32,1,16,5,3374,201,0,25,2,1,0
65,7,22,1,989,84,2,18,1,1,1
28,4,17,5,8119,107,0,4,1,3,1
33,1,10,3,4076,14,0,9,2,1,0
68,1,23,1,1422,1,0,38,1,1,1
31,3,19,5,3990,34,11,19,2,1,0
56,1,14,5,6238,123,1,4,1,1,0
41,4,18,5,5228,20,10,30,1,1,1
19,2,23,5,2835,87,0,45,1,1,1
35,2,18,1,2242,179,0,30,1,9,0
67,1,17,5,35,58,0,42,1,8,0
30,1,13,3,8538,27,17,45,2,8,0
72,1,20,1,4264,131,0,5,2,1,0
52,3,21,1,8159,8,0,43,1,1,0
63,1,19,1,737,11,0,51,2,1,0
26,1,20,1,5363,112,0,60,2,1,0
24,1,15,3,9305,25,17,43,2,1,0
53,1,19,1,4803,45,0,26,2,1,0
48,2,20,1,1097,96,17,21,2,1,1
74,1,18,1,5911,11,0,31,1,1,1
66,1,18,1,3358,51,2,42,2,1,0
35,1,20,1,5162,147,0,42,1,1,0
32,6,23,1,555,3,0,37,2,1,1
46,2,22,1,1567,271,8,47,2,2,0
59,1,23,1,2958,59,0,61,1,1,1
25,1,22,5,4483,1,1,39,1,1,1
49,3,19,3,6785,64,0,32,1,1,0
76,1,17,1,6981,102,0,48,1,1,1
51,1,21,3,3895,64,0,9,2,1,0
41,6,21,1,4379,82,0,52,1,1,1
22,7,21,5,1210,25,2,54,2,2,1
61,4,15,1,7434,1,0,32,2,1,0
44,1,14,3,4088,137,0,48,2,1,0
23,1,17,1,7465,12,0,43,1,7,0
39,1,20,1,6051,36,1,36,2,1,1
40,1,9,4,5812,49,0,26,2,1,0
42,1,18,1,2749,68,0,26,1,1,1
36,7,21,3,3863,3,0,46,1,1,1
28,1,20,5,414,37,0,55,1,8,1
57,1,15,1,8939,171,0,24,2,1,0
24,1,21,1,2192,191,0,23,1,1,0
34,1,16,5,3280,155,0,41,2,1,0
20,6,15,1,3165,44,9,21,2,1,1
33,1,13,5,4946,128,5,74,2,8,1
43,1,19,1,3530,6,16,39,1,1,1
61,7,21,1,4172,279,0,60,1,6,1
44,6,21,1,3925,161,0,31,1,1,0
32,1,18,1,2735,7,17,37,2,1,0
38,1,22,1,8028,9,0,42,2,1,1
74,3,24,5,85,105,0,51,1,1,0
82,6,23,1,4129,47,0,25,2,1,0
21,1,8,5,5866,63,9,34,1,2,0
38,1,21,5,629,10,0,25,2,1,0
19,1,22,3,2769,1,17,30,2,1,0
63,7,21,1,122,7,0,46,2,1,0
43,7,19,1,1425,10,0,33,1,1,1
36,1,17,3,4255,57,0,33,2,1,1
21,1,18,1,530,1,0,26,2,1,0
26,1,18,5,2565,56,0,53,2,1,0
27,1,13,5,2061,6,0,27,2,8,0
62,4,22,1,2129,172,0,45,2,9,0
29,1,19,5,7427,170,1,22,1,1,0
30,1,20,5,1005,374,0,74,1,2,0
41,1,22,1,2181,2,3,28,2,1,1
27,6,22,5,3787,16,0,48,2,1,0
44,1,19,5,1260,154,0,38,1,1,0
38,1,17,1,2176,68,0,29,2,1,1
66,1,23,1,7155,138,0,38,1,2,0
43,1,21,3,566,23,0,29,1,1,0
29,4,12,1,5622,172,0,61,2,3,0
29,1,18,5,5491,37,17,35,2,1,1
64,1,21,5,2152,53,0,48,1,1,1
36,1,18,1,2630,52,0,31,2,1,0
63,1,17,1,5313,132,12,57,2,1,1
22,5,20,5,4993,9,0,50,1,1,0
59,1,20,1,8032,92,0,62,2,1,1
46,1,19,5,6668,54,0,38,1,1,1
19,1,15,5,8712,312,0,26,2,1,0
45,2,17,1,2719,97,0,44,2,3,0
24,1,16,1,9830,115,1,18,1,1,0
30,6,18,5,3792,30,0,33,2,1,1
39,1,21,5,3744,14,0,35,1,1,1
36,1,22,1,4515,223,0,18,1,1,1
77,2,19,1,209,12,0,39,2,1,0
59,1,21,1,9230,99,0,34,1,1,0
20,1,20,5,4099,158,5,48,1,1,1
37,6,19,1,7305,125,2,55,1,8,1
42,1,16,1,919,77,0,48,1,1,0
42,1,18,1,1640,129,0,21,1,8,0
26,1,15,1,7290,1,0,44,1,1,0
19,1,14,5,6011,2,2,35,1,1,0
34,7,23,1,169,24,1,26,2,1,0
62,1,19,1,5864,48,0,48,1,1,0
43,7,21,1,7514,208,17,40,1,1,0
43,4,18,3,6831,11,0,41,1,6,1
35,4,20,5,5852,85,16,33,1,8,1
46,4,20,5,7529,68,0,36,2,1,1
71,1,23,1,291,148,4,60,1,1,0
61,1,18,1,1598,20,0,17,1,2,0
29,7,13,4,2297,4,1,50,1,1,0
20,1,18,1,1745,76,0,35,2,2,1
33,6,20,1,6863,64,17,28,2,8,0
53,1,16,3,6833,11,0,11,1,1,0
35,1,20,5,3492,149,0,64,1,1,0
34,3,22,5,7316,6,0,44,1,1,0
39,7,21,5,625,60,13,6,2,1,0
51,1,20,1,1002,36,0,24,2,1,0
40,3,16,5,8313,21,0,26,1,2,1
57,3,19,1,9466,36,0,52,1,1,1
50,1,23,5,919,1,0,33,1,1,0
52,1,19,1,1968,9,0,43,2,1,1
69,1,22,1,3358,66,0,59,1,8,0
59,1,19,1,5952,179,0,31,2,1,1
22,2,13,5,3002,20,0,50,1,2,0
73,3,16,4,8950,178,0,48,2,8,0
27,4,21,5,5054,73,0,16,1,1,0
20,1,12,1,3645,167,15,15,2,1,0
25,1,22,5,1583,115,0,14,1,1,1
36,1,18,3,5519,75,0,38,2,1,0
36,3,17,1,2344,18,0,47,1,1,1
34,1,19,5,2642,147,11,25,1,7,0
25,1,16,5,9132,251,7,15,1,1,0
65,3,19,1,9036,11,0,23,2,1,0
48,3,16,5,4068,14,0,17,1,6,0
68,2,22,1,2435,75,9,47,2,1,0
65,1,19,1,8076,33,0,39,1,1,1
46,7,16,1,8875,347,0,24,2,1,0
53,5,21,1,3718,27,0,39,1,1,1
57,1,22,1,550,90,0,37,1,1,0
49,1,19,3,730,78,17,40,2,1,0
43,1,20,5,3790,4,0,48,1,1,1
34,2,22,1,1189,109,0,38,2,1,1
24,1,21,1,3767,139,2,41,2,3,0
34,1,16,4,7413,1,0,38,2,1,0
19,1,23,5,7335,8,1,44,2,1,1
64,4,17,1,4784,198,0,59,2,1,1
27,1,21,1,2202,18,0,39,1,6,1
47,1,22,5,1093,3,0,30,2,1,0
26,6,23,5,4644,62,1,28,1,1,0
62,1,12,1,7458,118,0,31,1,1,0
33,1,19,1,5693,383,0,13,1,1,0
24,1,21,5,5328,59,17,41,2,1,0
25,1,18,1,6566,6,12,53,2,2,1
21,6,18,5,4737,1,1,34,2,1,0
49,6,17,1,5816,13,0,41,2,1,0
49,1,19,1,4078,48,8,54,2,1,0
22,1,23,5,3365,2,0,25,2,1,0
47,1,20,1,8455,199,0,61,1,1,0
23,3,21,1,4804,10,0,23,2,1,0
58,2,10,1,8952,33,0,42,2,6,1
28,1,21,1,3175,49,0,34,1,1,0
39,1,18,3,6234,185,10,52,2,1,0
29,1,23,5,2027,160,0,40,1,8,0
38,2,16,5,9347,37,0,43,2,1,0
50,1,18,1,134,145,0,53,1,1,1
81,7,19,1,9491,69,0,31,1,1,0
37,1,20,5,3977,341,1,27,2,2,0
63,4,21,1,1503,39,0,32,2,1,1
25,1,16,1,7073,449,3,35,2,1,0
67,3,21,5,4818,26,0,32,1,1,0
19,1,20,5,2199,31,8,14,2,2,0
47,1,23,5,1461,47,0,53,2,1,0
45,4,21,1,6573,14,0,30,1,1,0
63,2,19,1,451,3,0,31,2,1,0
26,1,11,3,7757,68,2,45,1,2,0
28,1,15,1,8943,78,0,12,2,1,0
45,2,18,1,7383,21,1,52,2,2,0
62,3,19,1,347,91,0,63,2,6,1
70,1,18,1,7069,105,0,41,2,1,1
27,4,21,1,5208,2,0,59,1,1,1
34,4,22,1,2078,118,14,26,1,9,0
33,3,21,5,3877,5,2,14,2,1,0
45,1,19,1,8013,3,0,51,1,1,0
47,1,20,5,3934,85,17,48,2,1,0
52,1,23,1,1842,8,0,37,2,1,1
44,2,18,4,5330,4,0,46,1,1,0
68,1,20,1,1908,55,0,67,1,1,0
27,1,16,2,8601,75,0,50,1,1,0
41,1,18,1,6524,63,0,37,2,1,0
33,6,23,5,48,85,0,35,2,1,0
51,3,16,1,7723,10,3,23,1,2,1
27,1,15,5,8440,220,5,33,1,1,0
43,3,20,1,4298,258,0,26,2,1,1
37,1,16,1,1800,4,3,24,1,1,0
31,1,19,1,5571,3,0,18,1,1,0
25,1,17,1,8672,181,15,19,1,1,0
63,1,18,5,8964,14,1,32,2,1,1
23,1,22,5,472,25,0,35,2,2,0
23,1,19,5,1000,160,0,51,1,1,0
30,1,16,3,4273,275,4,28,2,1,0
33,1,15,1,4117,85,0,53,2,1,1
57,6,15,5,1571,148,0,59,1,1,0
57,1,23,1,4068,12,0,39,2,1,0
60,4,23,1,1387,26,0,27,1,1,0
25,4,9,5,8002,527,1,47,2,3,1
23,6,15,5,9630,31,0,46,1,1,1
47,1,22,5,7414,2,0,36,2,1,1
45,3,19,1,1174,43,0,46,2,1,0
29,1,22,1,337,50,0,45,2,1,0
60,2,21,1,1969,1,0,47,2,1,1
48,1,17,1,3012,57,13,47,1,1,1
42,3,16,1,1650,249,0,35,1,1,0
31,1,23,5,4149,60,8,33,2,2,0
55,1,19,1,7266,79,0,25,2,1,0
24,3,18,1,4985,9,0,31,1,2,0
52,6,16,1,8580,46,0,34,1,1,1
30,1,15,5,5358,136,10,41,1,1,0
45,4,10,3,8643,294,0,24,2,6,0
75,5,21,3,1533,43,0,31,2,1,0
76,7,20,1,510,285,0,29,2,1,1
73,1,23,1,3449,27,0,36,2,2,1
21,7,22,5,1258,152,0,42,2,1,0
50,1,19,3,773,27,0,23,1,1,0
23,2,10,5,3167,8,0,26,2,1,0
36,1,21,3,1744,27,0,48,1,2,1
45,1,20,1,3975,100,0,49,2,1,1
23,1,15,1,8048,102,2,16,1,6,0
54,1,17,1,9697,1,0,46,1,2,0
21,2,24,5,30,64,0,51,2,6,1
24,1,19,5,1638,43,0,50,2,1,0
47,5,20,1,402,1,0,47,2,1,1
45,6,14,1,6230,83,0,44,2,1,0
70,1,19,4,5775,48,1,47,1,1,0
46,1,16,1,2762,69,0,39,1,1,0
53,1,20,1,5195,91,0,43,1,1,0
45,2,13,5,8587,154,4,31,1,2,0
30,1,18,1,5577,348,12,46,2,1,0
37,1,21,5,4242,54,0,12,1,1,1
35,1,18,1,4743,82,0,30,2,2,0
72,1,19,1,73,6,0,34,2,1,0
48,7,23,5,1101,45,0,44,2,1,1
53,5,21,3,6856,31,0,42,2,1,1
28,6,22,5,7521,27,0,28,1,1,0
47,1,19,3,3055,4,0,30,1,1,0
66,6,18,5,3804,44,0,17,1,8,1
57,1,14,1,9712,16,0,31,1,8,0
43,3,20,1,8290,3,9,30,2,1,0
42,1,14,5,9806,52,15,35,1,1,0
39,1,20,1,290,131,0,63,2,1,0
70,1,19,1,3479,182,0,35,1,1,0
52,1,19,1,3068,8,1,22,2,1,0
83,2,20,4,2213,132,0,55,1,1,1
40,1,17,1,8551,65,0,33,2,1,1
44,5,21,1,6086,69,0,72,1,1,1
88,6,15,1,8157,269,0,23,2,1,0
19,1,16,5,3917,143,0,38,1,1,0
30,1,11,1,8916,26,0,37,1,2,0
20,1,23,5,1120,184,0,36,1,1,0
66,4,19,1,2067,132,0,49,1,1,1
66,1,15,1,8589,9,0,27,1,1,0
36,1,14,5,3709,186,0,30,1,1,0
29,1,17,4,753,11,0,23,2,1,0
38,7,20,1,1407,1,2,36,2,1,0
45,1,21,1,194,50,2,49,1,6,0
31,1,21,1,5419,169,0,40,1,9,1
22,1,22,5,8617,1,13,42,2,1,0
31,1,16,5,3307,73,0,50,1,1,1
65,1,21,1,2415,226,0,38,2,2,0
31,6,19,5,6207,20,15,43,1,1,1
36,3,15,5,5142,289,0,26,1,1,0
38,2,20,1,3791,38,0,41,1,8,0
73,1,20,5,3169,96,0,43,1,1,1
68,1,22,1,5982,2,0,37,2,1,1
63,1,14,5,6887,9,0,23,2,1,1
31,7,23,1,514,16,0,52,2,1,1
44,2,23,1,8204,176,0,37,2,9,0
24,6,18,1,1706,45,2,31,2,1,0
36,1,17,5,416,58,0,29,2,1,1
31,1,17,1,8024,191,0,54,1,1,0
54,7,24,1,543,121,0,44,1,1,1
24,1,15,5,5788,18,0,10,2,1,0
56,3,22,1,5271,51,0,41,2,1,0
53,1,18,1,8807,32,3,41,1,1,1
17,1,15,5,3210,106,2,47,1,6,0
43,3,21,5,2978,2,5,13,2,1,1
59,4,22,1,2830,105,0,28,2,1,0
46,7,18,1,3886,158,0,61,2,1,0
34,4,16,5,824,14,0,40,1,2,0
50,4,21,5,4691,29,0,42,2,6,0
43,6,23,1,3606,83,0,33,1,1,1
39,1,20,1,5908,52,0,33,1,1,0
24,1,20,5,221,142,14,28,2,8,1
38,1,17,5,6432,32,11,18,2,1,0
50,1,16,3,1850,70,0,53,1,1,1
47,1,15,1,736,18,0,49,2,1,0
34,3,17,1,4913,3,0,28,1,1,0
57,1,14,5,9482,77,0,61,1,1,0
72,3,24,1,785,27,16,36,2,1,1
28,1,18,5,6958,32,15,42,1,8,0
49,1,23,1,5232,4,0,53,1,1,1
19,7,21,5,177,18,7,37,2,1,0
41,1,23,3,180,46,0,42,1,8,0
30,1,21,5,7732,224,0,30,1,1,1
77,1,16,3,1134,163,0,64,1,6,1
28,1,21,5,6081,64,2,31,2,8,0
45,1,15,5,8495,1,0,41,1,1,1
46,7,10,5,4377,217,0,34,1,1,0
74,1,15,1,5966,36,0,39,1,1,1
29,1,20,1,5512,2,0,43,1,1,0
43,1,24,1,1843,15,0,63,1,1,1
58,1,23,1,2546,6,0,59,1,1,1
35,1,17,1,6832,88,10,39,1,1,1
66,1,20,1,4615,286,0,18,2,1,0
32,1,20,1,1929,16,1,24,2,2,0
33,1,9,4,8682,100,0,28,1,1,1
51,7,19,1,3523,2,0,35,1,1,0
34,1,17,2,4058,64,0,35,2,1,0
43,1,15,5,3455,107,0,31,2,1,0
62,7,20,1,2509,7,6,18,1,1,1
48,1,19,5,7018,211,0,17,1,1,0
67,3,20,1,7616,10,0,46,1,1,1
48,7,22,3,334,33,0,36,2,1,0
36,1,19,1,8351,29,0,31,2,6,0
24,1,18,5,2023,105,16,47,1,1,1
33,7,12,1,1220,23,0,20,1,1,0
21,1,21,5,3272,127,0,53,1,1,0
26,7,21,5,7925,5,14,43,2,1,1
33,6,20,5,3504,5,17,47,1,1,1
46,1,19,1,5343,27,0,46,1,1,1
22,6,17,1,9493,7,0,25,1,1,0
59,1,18,3,8677,13,0,35,2,6,0
82,1,16,1,4579,14,0,41,2,1,1
26,1,20,5,1345,36,0,24,2,1,1
38,1,14,5,4612,42,0,54,2,6,1
29,2,17,1,7729,6,0,27,2,1,0
54,6,23,1,4020,82,0,37,2,2,0
41,1,21,3,1671,19,12,34,2,2,0
74,1,19,5,5600,179,0,40,1,1,1
77,5,22,2,4233,50,0,57,2,1,0
64,4,21,1,356,5,0,33,1,6,1
51,2,20,1,2530,64,0,33,1,1,1
45,1,17,3,4931,311,0,38,2,1,0
23,1,15,5,9280,54,14,24,1,1,0
66,2,23,5,3803,159,0,32,2,1,1
37,1,15,1,7138,159,17,38,1,6,0
22,1,22,5,786,45,1,33,2,1,1
25,1,18,1,3564,1,17,47,1,1,1
44,3,13,1,8160,9,11,44,1,1,0
18,1,19,5,8478,6,1,43,1,3,1
42,1,22,1,4419,47,1,35,1,2,1
39,5,11,1,6407,10,0,39,1,1,0
56,1,21,5,207,4,0,29,2,1,1
18,2,16,5,203,59,0,50,1,1,0
50,1,14,1,3397,3,0,18,2,1,0
59,1,18,1,1932,13,0,53,1,2,0
39,1,20,5,2783,13,0,33,2,1,0
50,1,22,3,4680,11,0,35,2,1,0
43,6,19,1,2242,29,9,21,2,1,0
61,6,18,1,7355,332,17,54,1,1,0
42,1,19,1,2769,7,0,60,1,1,1
39,1,20,1,1104,23,17,26,1,1,0
37,3,20,3,5454,73,10,25,1,2,1
52,1,18,3,2556,74,0,39,1,1,0
37,1,20,1,8587,46,0,48,1,1,0
48,6,21,1,4674,81,9,37,1,1,0
28,1,21,5,129,49,0,38,2,1,1
79,6,24,4,1962,160,0,52,2,1,1
70,1,21,2,651,1,0,70,2,1,0
35,1,14,5,8810,37,13,10,1,2,0
51,1,17,3,780,181,0,17,2,1,0
48,7,22,5,265,321,0,14,1,1,0
49,1,22,1,2490,263,17,42,2,1,0
35,1,15,1,4067,56,2,31,2,1,1
39,1,20,1,2244,3,0,17,1,1,0
23,1,20,5,8251,13,0,60,1,1,0
27,1,19,1,419,37,17,35,1,1,0
40,1,17,1,3680,75,0,48,1,1,1
36,1,21,3,2013,48,0,36,2,2,0
67,1,18,5,7168,83,0,46,2,1,1
23,1,17,5,5055,39,0,35,2,9,0
52,1,21,3,5265,102,0,20,2,1,0
41,3,20,1,419,20,3,44,2,1,0
34,1,18,1,8214,205,13,30,1,6,1
58,1,16,5,5093,9,0,57,1,1,0
21,4,19,5,2868,56,0,42,1,1,1
52,4,22,1,2271,3,0,42,1,9,0
60,1,18,1,6557,394,0,74,1,1,0
78,5,17,1,9386,22,13,36,1,8,1
47,1,15,1,7121,156,1,39,1,1,1
50,2,11,1,8405,28,0,35,1,1,0
25,6,21,1,5341,16,0,39,1,9,0
60,1,20,1,184,123,0,54,1,6,1
66,6,22,5,3335,55,0,36,2,1,0
47,1,12,1,7044,2,0,48,2,1,0
51,1,18,1,2780,81,0,21,1,1,1
43,1,20,1,5378,146,0,69,1,1,0
37,6,20,1,1075,7,16,33,2,1,0
41,5,22,5,394,67,0,30,2,1,1
80,1,16,1,3508,49,0,54,2,6,1
19,1,20,5,5655,7,0,39,1,1,1
41,2,17,1,388,33,0,44,1,1,0
50,1,14,1,4462,146,0,41,2,1,0
37,1,13,3,9580,92,0,34,2,1,0
22,1,21,1,2864,9,17,38,1,1,1
62,4,22,1,2816,1,0,40,1,1,0
65,2,17,1,8607,8,0,14,1,1,1
27,1,20,5,6673,15,0,36,1,1,1
25,1,19,5,3805,98,0,57,1,1,1
43,2,17,1,3665,39,0,26,1,1,0
39,4,13,1,2171,80,5,46,1,1,0
41,2,19,1,3312,68,0,32,2,1,0
46,7,22,1,393,50,0,36,1,1,1
39,3,20,1,3579,7,1,41,2,1,0
48,1,22,1,3889,4,0,64,1,1,1
35,1,17,5,6469,131,0,46,1,1,0
50,2,23,1,5224,8,0,60,2,1,1
22,1,22,1,5560,2,0,46,2,1,0
45,1,19,1,8930,16,0,27,2,1,0
42,1,22,1,1528,93,17,45,1,8,1
22,2,19,5,238,159,13,47,1,2,0
45,1,19,1,8100,1,0,43,1,1,1
51,6,20,1,3584,270,0,61,1,6,1
77,1,14,1,5773,120,0,35,1,1,0
54,2,18,1,4626,51,16,35,2,2,1
40,1,18,1,2282,4,1,57,1,1,1
60,1,18,5,2204,195,0,38,2,1,0
31,7,21,5,1931,4,0,38,2,1,1
30,2,21,3,3597,61,0,28,2,2,0
29,1,19,5,7839,1,16,29,1,2,0
47,1,22,1,3193,155,0,40,1,1,1
43,2,21,2,227,2,0,38,2,6,0
53,1,21,5,1160,52,0,42,1,6,1
53,1,21,1,968,32,0,24,1,1,0
58,1,12,1,9367,3,0,26,1,1,0
61,1,19,5,9374,63,0,40,1,1,1
30,2,22,5,7946,14,0,26,2,1,0
50,2,19,5,3639,7,0,39,1,1,1
31,1,17,3,1911,165,0,29,1,1,0
36,4,16,1,1995,164,4,56,2,1,1
18,1,19,5,7191,69,0,49,1,6,0
23,1,14,5,3780,2,0,60,1,2,0
62,6,23,1,4648,43,0,5,2,1,1
36,1,19,1,6855,25,0,41,2,2,0
35,1,17,2,2261,3,0,30,2,1,0
76,1,20,1,4898,121,0,51,1,2,0
21,1,10,5,7882,19,0,50,1,6,1
42,1,17,1,4371,30,0,26,1,1,0
29,1,16,5,4039,15,0,10,1,1,0
19,6,21,5,6421,21,0,20,2,1,0
43,2,21,5,239,7,0,45,2,2,1
52,3,21,3,9168,47,0,41,1,1,0
49,6,22,1,1820,110,0,49,2,3,0
29,6,19,1,519,554,0,38,1,1,0
72,6,19,1,1117,64,0,69,1,1,1
48,1,17,1,8686,116,0,34,1,1,0
32,2,15,5,7131,3,0,25,2,1,0
43,7,20,1,3434,36,16,38,1,1,0
27,1,16,5,8281,24,9,38,2,1,0
53,1,17,1,2217,7,0,31,1,1,0
48,1,18,5,483,190,0,17,2,1,0
42,1,14,1,6416,1,0,46,1,2,0
70,1,16,5,8770,162,0,32,1,1,0
27,1,12,1,6714,11,0,25,2,2,1
62,1,21,1,2328,80,0,34,2,1,0
87,2,21,1,5718,229,8,48,1,1,0
31,1,19,3,2305,18,0,35,2,1,0
55,7,20,5,4052,2,0,33,1,1,0
75,1,14,1,2609,80,2,44,1,1,1
60,1,21,1,4839,52,0,53,2,1,1
49,1,23,1,2139,20,0,39,1,2,0
33,4,22,3,5524,4,0,23,2,1,0
66,6,18,1,6642,16,0,64,1,1,0
59,1,21,1,3706,4,0,39,2,1,0
39,5,17,1,6717,6,0,48,1,1,0
61,2,19,1,1234,14,0,38,1,1,1
54,5,15,1,2177,117,0,24,1,1,0
52,7,20,1,3865,13,0,28,2,6,0
31,1,12,5,5608,177,0,39,1,1,1
56,1,21,2,620,214,0,21,1,1,1
31,2,13,1,3165,3,7,47,2,1,0
31,1,16,1,4820,219,0,60,1,3,1
60,1,14,5,1156,471,2,37,1,1,0
24,1,16,1,2979,2,17,30,2,1,0
39,4,16,5,1198,23,2,28,2,6,0
37,1,21,5,379,183,0,47,2,1,0
58,1,14,1,7949,6,0,46,2,1,1
43,2,15,1,2977,127,0,37,1,1,1
52,6,23,1,135,88,0,55,1,1,1
63,3,21,1,992,61,0,37,1,1,0
58,1,12,1,4998,54,0,17,2,6,0
36,1,11,1,2774,5,0,45,2,1,1
28,6,19,5,5750,50,0,40,2,1,0
28,1,20,5,6517,3,0,31,1,1,0
43,1,20,1,6321,6,3,31,2,2,0
49,2,21,5,5769,9,8,46,1,1,0
44,1,21,3,969,7,0,54,1,1,1
32,1,20,1,5093,220,0,25,1,2,0
55,6,23,1,3231,66,0,30,1,2,1
30,1,18,5,9576,7,16,34,2,1,0
42,7,16,1,4977,115,1,37,1,1,0
28,1,19,3,1614,17,8,21,2,9,0
32,1,20,1,8485,192,17,11,1,1,1
36,1,16,3,6185,104,17,51,1,1,0
60,1,16,1,5520,19,0,49,2,2,1
43,1,16,3,4242,58,0,18,2,2,0
35,1,21,5,223,87,0,40,2,1,0
37,1,14,3,5775,300,16,28,2,1,0
25,1,16,1,8461,28,7,25,1,2,0
26,1,23,3,4074,14,0,33,1,1,0
67,1,18,1,2391,214,0,42,1,2,1
21,1,19,3,488,25,0,47,2,1,1
21,1,20,5,1287,13,0,23,1,1,0
62,1,20,4,2697,5,0,59,1,1,1
30,1,17,1,8245,262,0,23,2,3,0
35,1,19,1,3089,3,0,47,1,1,1
63,1,17,5,2537,46,13,39,1,1,1
38,1,13,1,3021,57,0,50,1,6,0
35,3,15,5,3773,61,0,60,1,1,0
37,1,10,1,7705,42,0,47,1,1,0
41,1,16,5,6096,177,0,41,1,1,1
56,1,15,1,7313,75,0,55,1,1,0
39,1,21,5,4471,119,0,54,1,1,1
37,4,21,5,1134,61,0,24,1,1,0
22,1,11,1,3590,6,10,44,1,1,1
60,4,22,1,1302,205,0,71,2,1,0
38,2,19,3,3387,10,0,34,1,1,0
53,6,15,5,2694,17,0,35,1,1,1
35,1,16,1,2575,32,0,65,1,1,1
26,1,16,5,5114,1,0,22,1,8,0
34,7,17,5,6065,107,4,38,1,2,0
64,3,20,1,1406,45,0,43,1,1,1
54,1,21,5,7016,35,0,47,2,9,0
60,1,14,5,10,171,0,36,1,6,0
34,3,20,3,3983,90,0,37,1,1,0
34,1,7,1,8673,95,4,40,2,1,0
22,2,19,1,5808,37,0,43,2,1,0
37,1,17,5,1351,554,0,38,1,1,0
58,4,17,1,1547,114,0,40,2,1,0
47,1,20,1,2071,73,0,41,1,1,1
24,2,20,5,3850,37,17,38,1,1,0
61,3,18,3,5048,27,0,29,2,1,0
44,2,19,5,3711,7,0,27,1,1,0
38,3,22,1,1011,3,0,32,2,1,0
45,1,15,1,5298,1,0,31,1,1,0
27,3,18,1,9355,47,15,55,1,6,0
37,4,19,1,3467,40,13,43,1,1,0
60,1,22,1,345,11,0,25,1,1,1
24,1,20,3,7124,12,0,51,2,1,0
61,1,18,3,3585,10,1,24,1,1,0
73,1,23,1,1295,47,0,59,2,1,1
51,1,16,5,4596,126,0,43,1,1,1
35,2,17,1,6858,9,2,19,1,1,1
45,1,20,5,602,305,10,40,2,8,0
26,5,21,5,8779,1,0,48,1,1,0
48,2,24,1,1389,6,0,41,1,1,1
32,3,19,5,3165,40,7,1,2,1,0
55,1,20,4,4810,32,0,33,1,1,0
32,2,16,1,4222,28,1,27,2,1,0
45,1,20,1,2341,10,0,28,2,1,0
61,1,23,1,1035,1,0,36,1,1,1
27,3,19,1,6483,49,0,47,2,8,1
25,1,21,1,1175,4,0,23,1,2,1
29,6,10,5,4759,29,4,21,2,1,0
26,1,16,5,4937,82,0,32,2,6,0
43,2,14,1,1776,96,6,50,2,1,0
43,1,19,1,3950,119,1,89,1,1,1
25,1,19,5,7578,1,17,62,1,1,0
43,2,19,5,8260,6,0,32,2,1,1
53,7,17,5,4886,48,0,39,1,6,1
43,1,20,5,6956,46,0,54,2,1,0
36,1,20,1,1483,2,0,13,2,1,0
64,6,23,1,4981,124,0,26,2,1,0
32,1,18,1,8908,23,0,64,1,6,1
66,2,21,5,4884,78,0,46,2,1,0
28,1,19,5,7885,24,0,38,1,8,1
33,1,23,5,287,257,0,48,1,1,0
45,1,21,4,1976,62,0,25,1,1,0
71,6,18,1,3870,17,0,47,1,1,1
27,4,22,3,1157,11,0,35,2,1,0
30,3,15,3,4695,22,0,48,2,1,0
32,4,20,5,2131,1,0,26,1,1,0
25,1,13,1,3629,118,0,58,2,1,1
58,7,22,1,4656,83,0,1,2,1,0
32,7,15,1,3425,8,2,32,1,1,0
35,1,19,1,7236,4,0,49,1,1,1
32,1,21,5,5888,54,0,35,1,2,1
46,1,20,5,5214,41,1,56,1,1,0
34,1,16,1,1660,13,3,48,1,9,1
28,6,17,5,1336,12,0,56,2,1,0
20,1,21,5,753,1,3,20,2,6,0
81,4,17,1,5070,21,0,70,1,1,1
38,1,17,5,1599,127,0,66,1,2,1
60,1,13,1,8236,106,0,30,1,1,0
50,2,21,3,8238,216,0,43,2,6,0
81,2,23,2,2108,20,0,43,2,1,0
25,1,18,1,6681,40,0,29,2,1,0
55,1,17,1,8761,30,0,58,2,1,0
46,1,21,1,5885,305,1,63,2,6,0
33,3,20,3,5974,199,17,30,2,1,1
29,1,17,5,3528,1,14,19,2,1,0
58,1,17,1,6615,44,0,38,2,1,0
52,1,17,1,5777,1,0,28,2,1,0
36,1,17,5,8205,4,7,8,1,1,0
22,3,5,5,4951,334,1,16,2,1,0
40,1,19,5,825,9,0,48,1,1,0
27,2,19,5,2817,27,8,64,1,1,1
49,1,20,1,4056,15,0,34,1,1,1
57,1,12,1,1256,185,0,55,2,1,1
68,1,18,1,2651,22,0,20,2,1,0
74,1,19,1,1733,38,0,43,1,1,1
55,2,21,5,2842,30,0,2,2,2,0
49,1,17,5,2137,45,0,52,1,1,0
44,1,21,1,678,116,0,43,2,2,1
51,1,22,3,1166,41,0,36,2,1,1
32,1,18,5,9691,85,16,49,1,1,0
35,4,22,4,4936,19,0,49,1,8,1
19,1,20,1,1519,11,0,42,2,1,0
46,3,20,1,689,16,0,53,1,1,1
47,2,22,1,4808,50,8,28,2,1,1
49,1,19,1,3276,234,0,29,2,1,0
25,1,18,1,3547,296,17,28,1,1,0
20,1,22,3,1133,46,7,56,1,1,0
45,1,15,1,7204,158,4,39,1,1,0
52,7,23,5,3976,33,0,32,2,1,0
32,1,22,5,1834,414,14,38,1,1,1
20,1,17,5,6014,455,0,21,2,1,0
42,5,21,5,3056,27,0,33,2,1,1
42,1,22,1,311,10,0,54,1,1,1
65,3,18,1,8839,19,0,13,1,1,0
52,2,20,1,774,126,0,36,1,1,0
22,1,15,5,9830,3,16,45,2,1,0
26,1,18,1,1918,2,0,71,2,8,1
34,1,22,1,1191,17,0,38,2,1,0
25,1,19,5,4741,30,0,61,1,1,0
31,1,19,1,2099,93,2,21,1,1,0
32,1,16,1,6378,35,0,39,2,1,0
48,6,17,1,2556,22,5,19,2,1,0
47,1,20,1,1487,1,5,32,1,1,0
45,1,21,1,8956,2,0,49,1,1,0
41,6,21,1,7450,35,0,29,2,9,1
66,1,18,1,2251,8,0,73,1,1,1
33,1,23,1,1084,26,0,49,1,1,0
28,1,18,1,3253,48,0,62,1,2,1
52,1,15,1,1283,101,0,37,2,1,1
61,1,23,5,2509,9,0,71,2,1,1
58,1,17,1,2901,198,0,44,2,1,0
28,1,16,1,1846,9,1,43,2,1,1
57,1,22,1,3444,4,0,42,2,1,1
42,1,10,1,7121,14,7,48,1,1,0
56,1,20,1,566,48,0,63,1,6,0
40,6,14,1,274,14,0,56,2,3,1
39,1,14,1,2063,90,0,33,1,1,0
40,2,22,5,5710,7,8,28,2,9,0
37,1,20,1,2247,319,14,61,1,1,1
62,1,22,1,623,90,0,33,2,1,1
36,1,17,5,6827,227,0,24,2,1,0
27,2,12,5,5381,175,16,66,2,9,0
38,1,15,1,4510,43,0,26,2,8,0
24,1,17,5,5878,240,17,35,2,1,0
42,2,16,1,9547,170,0,29,1,1,0
57,6,20,1,2288,113,0,50,2,1,1
26,6,21,1,912,9,0,28,2,1,1
30,1,18,5,7435,89,0,46,1,6,0
23,1,20,1,4199,2,0,43,2,1,1
59,2,21,1,1250,15,0,39,1,3,0
45,3,21,1,3428,19,0,33,1,1,0
40,6,20,5,2781,13,0,46,2,1,0
61,1,22,1,3426,172,0,24,1,1,1
37,1,20,1,4125,275,0,50,1,2,1
59,4,18,1,1998,212,0,28,1,1,0
30,1,18,4,9240,41,0,56,1,1,0
35,3,14,1,5085,7,0,40,2,2,0
80,1,17,4,9323,271,0,33,1,1,0
43,4,20,1,6208,4,0,34,1,1,0
32,1,21,1,7519,44,0,36,2,6,0
51,1,21,1,516,136,0,43,2,1,0
42,1,21,1,4444,5,15,62,2,1,1
21,4,21,1,8193,142,14,33,2,1,0
30,4,22,1,5918,8,0,36,2,1,0
28,6,19,3,5326,16,0,28,1,1,0
32,7,17,1,8061,163,1,33,2,1,1
43,1,20,5,806,276,0,46,2,1,1
35,1,20,1,2628,69,0,48,1,2,0
23,2,14,5,6185,200,4,28,2,3,0
24,3,22,1,718,101,0,28,2,1,0
25,1,22,5,3214,3,0,30,2,1,1
26,1,23,5,4266,6,0,57,2,6,1
45,3,20,1,4387,11,0,20,1,1,1
51,1,24,1,1475,68,0,49,1,1,1
51,6,20,1,611,321,0,55,1,6,1
22,1,16,5,7402,136,1,40,2,1,0
55,3,24,1,7070,20,0,23,1,1,0
30,1,18,1,7498,215,5,25,2,1,0
61,1,19,1,4429,64,0,59,2,1,1
60,1,22,1,3528,143,0,62,1,2,1
51,7,18,1,1497,20,0,28,1,1,1
39,1,14,3,6572,53,16,36,1,2,0
17,1,21,5,8895,71,17,32,1,1,0
42,2,11,5,4044,26,0,38,1,1,0
50,1,20,1,3927,98,0,36,2,1,1
51,1,14,1,4531,49,0,42,1,6,1
56,1,20,5,5753,47,0,50,1,1,1
29,1,22,5,1866,16,16,36,1,1,0
63,1,24,1,987,3,0,78,1,1,1
36,1,22,1,7373,1,13,40,1,6,1
28,1,16,5,458,131,1,19,2,1,0
26,1,23,5,6440,7,0,41,1,1,0
34,1,21,3,8277,10,14,40,2,1,0
66,2,20,1,1937,102,0,28,1,1,0
38,1,15,1,7143,2,0,32,2,1,0
32,6,17,5,3742,67,2,5,2,1,0
27,5,21,1,1816,30,0,48,1,1,0
25,1,16,5,7313,31,13,17,1,1,0
63,6,24,1,288,3,0,30,1,1,1
31,1,23,1,57,82,0,41,2,1,1
41,1,21,1,2529,106,0,40,1,1,1
36,1,17,5,3805,3,0,44,1,1,0
36,1,21,1,1407,16,0,31,1,1,0
26,1,20,1,3713,18,5,55,1,8,1
43,1,21,1,4798,3,0,76,1,1,1
40,4,21,1,3495,17,0,29,1,1,0
23,1,18,1,31,175,0,49,2,2,1
35,1,23,5,770,5,0,35,2,1,1
45,8,22,1,2039,1,0,39,2,1,1
23,1,19,5,8184,111,0,33,2,8,1
50,2,20,1,1589,130,0,53,2,1,0
40,1,18,1,5160,145,0,66,1,1,1
67,1,23,5,4245,145,0,54,2,2,1
44,1,22,3,3992,173,0,38,2,1,1
29,1,19,1,6923,179,0,26,2,2,1
50,1,18,1,3328,210,17,24,1,1,0
27,1,21,5,592,43,13,30,2,1,1
41,7,15,1,5747,77,0,9,2,1,0
70,7,19,1,3240,47,9,38,2,1,0
54,7,23,1,4729,51,0,37,1,1,1
34,1,21,1,4382,39,0,36,2,1,1
53,7,18,1,8975,425,1,55,1,1,0
30,1,21,1,8452,129,6,67,1,1,0
54,7,19,1,4017,141,0,34,1,1,0
60,1,18,1,7193,3,0,45,1,1,0
19,1,23,5,2605,44,0,27,2,9,0
24,1,20,5,6331,39,8,32,1,1,0
47,1,17,1,4897,135,0,36,1,1,0
29,8,23,5,79,37,0,40,1,1,1
39,2,16,3,1216,29,0,46,2,1,0
55,1,24,1,257,4,0,36,1,1,1
24,1,22,5,2249,86,0,48,2,1,1
48,1,22,1,2389,44,0,36,2,1,0
51,1,22,1,1376,113,0,53,1,1,1
40,2,23,1,49,87,0,41,1,1,1
45,1,20,4,887,113,0,40,2,1,1
41,2,18,1,5209,11,0,19,2,1,0
29,1,19,1,9301,51,0,25,2,1,0
37,3,18,5,6240,152,15,39,1,1,0
37,6,18,1,773,38,0,29,2,1,0
65,1,20,1,8181,64,0,23,1,1,0
62,7,19,5,3524,189,0,26,2,1,0
23,2,18,1,6033,34,0,47,2,1,0
43,3,16,1,1265,59,0,62,1,1,0
67,6,23,1,2767,1,0,36,2,1,1
44,1,15,3,5563,472,0,43,1,1,0
41,1,19,1,2460,56,0,23,2,1,0
21,1,17,5,2691,20,4,41,2,1,1
27,1,19,1,2536,31,0,27,1,9,0
40,6,19,5,5701,187,17,44,1,9,1
65,1,19,1,1357,70,0,31,2,1,0
54,4,19,5,7708,229,7,45,1,2,0
42,1,19,1,5576,11,0,17,2,1,0
33,7,23,1,5920,72,7,47,1,1,0
65,2,21,3,5594,5,0,41,2,1,0
34,6,23,5,463,7,0,48,2,1,1
38,3,18,1,3068,58,0,23,1,6,0
56,2,23,1,1820,24,0,34,2,1,0
42,4,22,5,2196,255,0,36,1,1,0
26,1,19,1,4983,44,0,46,1,1,1
25,1,19,3,2558,7,0,25,1,1,1
31,1,11,1,7925,83,17,21,2,2,0
41,1,23,1,268,165,0,56,2,1,1
52,1,21,1,3197,83,6,60,1,1,0
21,1,22,5,3917,18,0,21,2,1,0
54,3,22,1,5509,1,0,51,1,1,1
28,1,21,1,331,10,9,21,2,1,1
43,1,16,1,3605,55,0,38,2,1,0
38,1,16,1,6780,2,0,24,1,1,0
68,1,17,2,1557,11,0,44,1,1,1
42,2,20,1,1617,61,0,32,2,1,1
22,1,13,5,1793,93,17,30,1,1,0
71,1,19,3,1120,201,0,49,1,6,0
54,1,23,2,1113,1,0,48,2,1,1
48,1,19,1,7018,8,0,20,2,1,1
73,6,13,2,9802,218,0,38,1,1,0
32,1,20,1,2148,39,0,27,1,1,1
39,1,17,1,6974,269,14,42,1,1,0
55,1,20,1,5769,127,0,31,1,1,1
40,1,18,5,7699,7,16,30,1,1,0
23,1,21,4,9439,23,3,21,2,6,0
32,2,14,1,7029,228,15,43,1,8,0
32,3,23,1,2679,122,0,54,2,1,0
36,2,17,3,3054,6,0,31,1,1,1
56,6,23,4,1410,2,0,36,2,1,0
23,2,16,5,3606,26,0,42,2,1,0
50,1,23,2,2073,8,0,52,1,1,1
42,1,18,1,6621,5,0,27,2,1,0
57,6,21,1,198,1,0,31,2,2,0
50,1,20,1,4877,22,0,46,1,1,1
19,1,19,1,1967,23,0,35,1,1,1
44,1,17,5,4833,64,0,49,2,6,0
46,6,22,3,5140,37,0,14,2,9,0
58,1,20,5,7381,35,0,40,1,6,1
52,3,21,3,1726,193,0,37,1,1,1
27,7,20,1,8396,18,0,39,2,1,0
28,1,19,5,4905,3,3,35,2,8,0
38,6,21,1,5423,13,13,49,1,1,0
35,1,13,5,9785,313,0,32,1,1,0
22,1,20,5,1205,43,0,24,1,1,0
46,3,20,1,1860,22,2,24,2,1,0
76,5,20,2,4974,109,0,41,2,1,0
50,6,13,1,5086,170,0,47,1,1,0
40,6,22,5,8618,29,0,59,1,1,0
68,2,19,1,540,4,0,33,1,1,1
30,1,20,1,1351,66,0,32,2,9,1
49,1,22,1,538,5,0,51,2,1,1
48,1,17,1,6241,25,0,52,2,1,1
33,1,18,5,35,26,4,50,1,1,1
19,3,16,1,3519,11,17,33,2,1,0
30,6,19,1,3856,2,2,26,2,1,0
39,1,22,5,8118,5,0,37,1,1,0
72,1,18,1,1026,51,0,56,2,1,1
29,1,14,5,5851,285,12,69,1,8,0
24,1,20,1,2142,5,0,33,1,1,0
44,6,22,1,687,42,0,53,1,2,1
44,2,19,3,7045,103,0,45,1,1,0
34,1,18,1,1920,371,16,34,2,6,0
30,1,20,3,2605,5,0,32,2,1,1
50,1,19,1,2284,43,0,63,2,1,0
79,3,23,3,2988,98,0,21,2,1,1
55,4,22,1,6571,95,1,37,1,1,0
57,6,14,1,3012,112,0,38,1,6,0
69,1,19,1,7295,29,0,44,1,1,1
43,1,21,1,1356,5,0,58,1,1,1
62,6,21,1,3171,3,0,34,2,1,1
29,1,20,5,3575,25,17,25,1,8,0
56,1,15,1,7998,95,0,47,1,1,0
38,1,18,1,1145,1,16,52,2,1,0
29,3,19,5,726,228,9,50,1,8,1
44,1,17,1,2030,40,0,37,1,1,0
49,1,12,1,8291,2,16,46,2,1,0
48,1,19,1,3078,9,16,23,2,1,0
33,2,18,3,799,41,0,34,1,8,0
30,2,21,5,5131,25,0,56,1,1,0
47,2,23,1,1379,87,0,23,1,1,1
27,1,10,5,5363,29,17,24,1,1,0
21,1,15,4,3785,4,0,36,1,1,1
26,1,18,1,5817,93,16,51,1,1,0
26,1,21,5,5941,33,0,40,1,1,0
62,1,18,3,8772,3,0,45,2,1,0
68,4,22,5,644,155,0,46,2,1,0
24,1,7,4,9778,25,0,66,2,1,0
44,1,16,3,6824,65,0,44,2,1,0
38,1,16,1,3997,67,0,34,1,1,0
46,1,23,3,2553,118,0,66,2,1,1
77,6,21,1,6077,97,0,23,2,1,1
59,3,19,1,7423,11,0,33,2,1,0
65,4,24,4,617,60,0,44,2,1,1
68,7,21,5,1088,144,0,66,2,1,1
35,1,13,1,9340,38,0,64,1,1,0
55,8,19,5,9256,4,0,44,1,1,0
27,2,21,5,1361,138,7,54,1,1,0
47,6,22,1,379,45,0,43,2,1,1
61,1,22,1,708,5,0,45,2,1,1
53,1,11,2,5104,16,2,48,1,1,0
66,1,21,1,9269,289,0,50,1,1,0
46,1,18,1,7668,58,0,28,1,1,0
58,1,21,1,46,43,0,51,1,8,1
76,1,18,2,8131,12,0,29,2,1,1
42,6,20,1,4498,27,0,52,2,1,0
31,1,11,5,3511,31,1,13,1,2,0
20,1,20,5,1262,2,4,53,1,1,0
53,1,15,1,1579,32,0,46,1,1,0
42,1,14,1,8212,94,0,55,2,8,0
40,6,20,1,6281,214,0,45,1,1,1
63,1,19,1,4269,29,0,58,2,2,0
34,1,18,1,4517,2,3,31,1,1,0
22,1,15,5,4693,28,0,66,1,2,1
62,3,20,1,2177,296,0,36,1,1,1
28,1,15,1,7174,21,0,26,1,1,0
43,6,24,1,658,105,0,13,1,1,1
85,3,24,4,108,24,0,44,1,1,0
39,1,18,1,1467,72,0,55,1,1,1
64,1,17,1,2188,153,0,50,1,1,0
65,1,18,1,1114,36,0,45,2,1,1
23,1,19,5,9359,74,0,37,2,1,0
50,1,16,5,1642,7,0,35,2,1,0
83,1,18,3,5964,8,0,31,1,1,0
72,3,20,2,247,95,1,27,1,1,1
21,3,17,5,8422,90,1,58,2,1,0
49,6,23,3,6013,24,0,32,2,1,0
29,6,14,5,433,26,0,23,2,1,0
74,1,17,1,4175,53,0,49,1,1,0
23,7,14,5,2846,5,0,30,1,2,0
26,1,23,5,808,219,0,27,2,3,0
37,1,15,1,3393,18,0,41,2,1,1
45,1,20,1,8890,285,0,30,2,6,0
43,3,23,1,3959,48,0,30,1,1,0
21,1,11,5,4610,34,17,29,1,1,1
74,1,18,1,1925,80,0,61,2,8,0
31,1,17,5,4392,9,11,43,2,1,0
23,6,20,5,7232,214,0,32,1,1,0
28,1,21,3,2456,6,2,20,1,1,0
47,1,22,1,740,40,0,26,1,1,0
31,1,15,1,7373,8,0,26,2,6,0
62,3,21,3,8552,68,0,30,2,1,0
58,1,19,1,8482,199,0,36,1,1,0
28,1,16,1,739,2,0,29,2,1,0
34,1,20,1,6213,11,0,50,2,1,0
50,1,18,1,4448,41,0,45,2,1,0
43,3,22,5,7581,78,0,42,2,1,0
55,1,17,1,5370,89,10,39,1,2,0
75,1,21,1,5346,3,0,49,1,1,0
42,1,19,3,2936,24,0,25,2,6,0
56,3,20,1,7577,8,0,34,2,1,0
19,1,16,5,5850,6,0,26,2,1,0
74,1,15,1,1014,294,0,48,2,1,1
33,1,18,5,3043,172,0,55,1,1,0
74,4,22,3,1128,44,0,31,1,2,0
33,1,19,1,5307,3,0,48,2,1,0
35,3,22,5,2657,67,0,43,1,1,1
34,2,20,5,4234,398,0,60,1,8,0
58,2,19,1,7374,2,0,50,1,1,1
25,5,21,5,1463,135,15,7,2,1,0
44,2,18,3,1170,118,1,43,1,6,0
29,4,20,1,992,29,0,29,1,3,0
53,1,21,4,4115,5,0,30,2,1,0
61,2,19,1,2968,13,3,21,2,1,0
57,6,24,1,297,2,0,30,1,1,1
43,1,14,1,5622,50,0,12,2,1,0
51,1,18,5,3054,273,0,50,2,8,0
42,1,19,1,6077,78,1,17,1,1,0
55,1,14,5,8257,62,14,39,1,2,0
56,1,18,1,8211,29,0,59,1,6,1
43,1,23,1,593,8,2,42,2,1,0
60,6,23,1,6194,15,0,47,2,1,0
29,1,16,5,5648,123,1,41,2,8,0
74,1,21,1,6746,47,1,31,1,1,1
45,2,20,1,6232,41,4,22,2,1,0
26,1,22,5,942,153,4,31,2,1,1
52,1,24,1,110,9,0,56,1,1,0
78,4,20,1,1728,312,0,59,1,1,1
31,1,19,5,5883,26,14,37,2,1,0
37,2,22,5,3675,75,0,44,2,1,0
31,1,13,5,8283,66,17,30,2,1,0
36,1,18,5,197,31,0,36,1,1,1
64,1,15,1,6112,180,0,32,2,1,1
28,1,13,1,8535,140,0,43,1,2,0
66,1,18,3,2179,22,0,30,1,1,0
60,1,23,1,2008,3,0,52,2,1,0
35,1,19,5,2296,14,0,35,1,1,0
40,1,18,5,1706,22,1,43,1,1,0
67,1,16,5,3480,83,0,43,1,1,0
60,4,15,1,293,352,0,37,2,1,0
21,1,19,5,1976,228,0,26,2,8,1
55,2,19,3,4513,80,2,35,2,1,0
60,2,21,1,2192,293,2,39,1,6,1
49,3,22,1,1695,95,0,42,1,1,1
38,1,21,1,5280,453,17,9,1,1,0
20,1,24,5,2067,10,0,29,2,9,1
37,1,20,3,1705,157,0,55,2,9,1
41,2,20,1,564,57,6,23,2,1,0
24,1,16,5,6600,24,0,16,1,1,1
31,1,19,1,8070,87,7,47,1,1,0
50,1,11,1,7494,165,0,15,1,1,0
58,5,17,5,3109,33,2,29,2,1,0
23,6,21,1,434,7,2,39,2,1,0
37,6,21,5,2545,21,0,29,2,1,0
24,1,18,3,7353,43,3,35,1,6,0
21,1,21,5,3231,84,0,57,2,1,1
19,1,18,5,7259,22,17,45,2,1,0
32,3,21,3,6776,25,0,46,1,9,1
33,1,20,5,1637,30,0,46,2,1,0
47,1,14,1,3401,132,12,27,1,1,1
34,1,19,5,556,39,11,39,2,1,1
30,3,18,5,911,38,4,48,1,1,0
53,1,11,1,9121,531,0,42,1,1,0
32,1,21,1,666,221,1,41,2,1,0
20,1,14,5,5132,28,4,32,2,1,0
38,1,15,5,6149,108,9,36,2,1,0
53,1,22,1,6767,39,0,51,1,1,0
54,1,16,1,4990,16,0,54,2,1,1
39,1,22,5,6341,50,16,49,1,1,1
31,1,22,5,5097,11,0,48,2,6,0
34,3,22,1,1112,69,1,17,1,1,0
37,1,20,1,5490,188,0,32,2,2,0
47,2,18,1,4588,15,0,47,1,1,1
73,1,20,3,1061,10,0,36,2,1,1
24,1,13,5,8189,14,12,42,1,2,0
25,2,22,1,4115,6,0,34,2,1,0
29,1,10,3,7875,65,0,38,1,1,1
37,1,18,5,4332,34,0,45,2,1,1
62,1,17,1,6437,94,0,29,1,1,0
80,1,15,1,5734,24,0,36,1,2,1
19,1,17,5,6954,1,4,30,1,1,0
25,6,19,5,8368,110,0,21,2,1,0
39,1,6,1,2629,71,0,50,2,1,0
43,5,19,5,736,19,0,55,2,9,0
64,7,20,1,1200,283,0,40,1,1,1
21,1,17,5,5277,57,0,28,1,1,0
41,4,17,1,3680,4,0,25,2,1,0
21,1,14,1,6298,177,0,23,2,1,0
31,1,16,5,5050,39,0,44,1,3,1
44,1,15,1,5742,8,0,33,1,1,0
78,1,17,3,9633,17,0,46,1,1,0
53,7,18,1,5837,5,14,26,1,1,0
43,2,23,5,1392,48,0,38,1,1,1
38,1,21,1,1172,1,0,49,2,1,0
21,1,19,3,4785,16,17,31,1,8,0
26,1,17,5,5439,135,0,36,1,1,0
41,1,18,1,4024,55,0,29,2,6,1
34,1,12,1,6206,91,0,34,2,3,0
27,4,21,3,5552,8,17,32,2,1,1
28,1,18,1,1905,8,0,50,1,1,0
44,1,19,1,8440,39,2,33,1,1,0
66,3,17,3,6026,77,0,48,1,2,0
47,1,23,1,364,4,0,48,1,2,0
19,1,13,5,7736,78,0,13,1,6,0
66,2,22,1,573,28,0,47,1,1,0
52,1,21,1,1587,31,0,33,1,1,1
60,7,18,1,6283,133,5,31,2,1,0
22,1,20,5,8118,11,0,34,2,1,0
35,1,21,1,1448,9,0,7,1,1,0
67,1,20,1,5450,118,0,34,2,1,0
65,3,18,1,1310,4,0,30,2,1,1
33,1,19,1,1639,2,0,55,1,1,0
32,1,21,5,3382,82,0,37,2,1,1
66,3,19,5,8251,329,0,30,2,1,0
30,2,17,1,1129,286,2,63,1,8,0
47,6,19,1,6743,295,0,26,2,2,1
40,6,22,5,2499,12,0,39,2,1,1
25,1,19,5,1001,189,17,33,1,6,1
29,3,15,1,5086,10,0,41,1,1,0
80,4,15,1,6887,253,0,38,2,1,0
25,1,20,1,3522,39,0,36,1,1,0
43,1,16,1,6733,48,15,29,2,1,0
62,1,24,1,205,22,0,44,1,1,1
42,1,12,1,7769,181,0,52,2,6,0
23,1,23,5,2394,4,0,64,1,1,0
47,1,18,1,1075,81,5,39,1,1,0
33,1,21,1,3144,52,0,29,2,1,0
40,1,21,5,4024,3,0,43,2,1,0
46,1,23,1,516,26,0,50,1,1,1
37,1,20,5,7910,121,1,53,2,1,0
59,1,19,1,8232,242,0,54,1,1,1
48,6,21,5,3707,11,2,56,2,2,1
46,1,15,1,6859,149,0,36,2,1,1
54,1,18,5,4439,18,0,52,1,1,1
65,6,22,1,3661,210,6,29,1,1,0
37,6,21,1,5115,54,0,33,1,9,0
28,1,22,1,8052,81,0,20,2,1,0
38,3,17,5,5871,305,0,23,1,1,1
41,1,16,1,5271,101,0,27,1,1,0
39,6,16,5,8137,10,0,29,2,1,0
37,5,18,1,1510,343,0,36,1,2,0
28,4,21,1,3848,35,0,20,1,1,0
23,1,13,1,4224,125,1,41,2,6,1
19,1,17,5,5603,37,15,34,2,1,1
36,5,21,5,1948,12,1,40,2,1,1
40,1,19,1,3610,5,0,57,2,1,1
67,5,17,1,4232,2,0,45,1,1,0
46,5,21,1,2171,4,0,41,2,1,1
48,4,17,1,1615,5,0,35,1,1,0
32,1,17,5,7708,169,0,19,2,1,0
34,2,18,1,7766,33,1,37,1,2,0
39,6,20,1,972,27,2,34,1,1,1
52,1,16,5,8650,226,1,39,1,1,1
44,4,17,3,2281,72,7,33,1,1,0
28,1,21,5,4840,39,0,33,1,6,0
66,2,20,1,2325,96,0,44,2,1,0
41,1,17,1,2543,9,0,39,2,6,0
42,1,16,1,3443,265,2,31,2,1,0
25,1,21,5,7777,109,0,43,1,1,0
55,1,20,1,1523,50,0,41,1,1,0
28,1,17,1,8391,52,0,56,1,8,0
41,5,15,5,7330,9,0,35,1,1,1
22,5,14,5,2897,43,0,41,2,1,0
58,3,19,1,7420,18,0,35,1,1,0
45,6,19,1,1821,121,1,45,2,1,1
71,7,23,1,1694,54,0,75,1,1,1
46,1,17,1,2033,224,3,35,2,6,1
43,1,20,1,8313,2,0,37,1,1,0
40,4,18,5,301,219,0,42,1,1,1
58,1,24,1,1569,12,0,33,2,1,0
26,1,10,5,7410,155,0,32,1,1,0
64,1,18,5,2482,34,0,65,2,1,0
25,1,16,5,7425,38,11,56,2,1,0
20,2,18,1,4518,13,0,37,1,9,0
21,1,8,5,9830,7,0,36,1,2,1
35,1,15,1,8607,65,0,22,2,1,0
51,1,15,5,3567,26,3,22,2,1,0
37,1,18,1,9503,104,0,34,1,1,0
52,1,21,3,7658,161,0,35,2,6,0
46,1,16,1,8302,10,2,12,2,8,1
48,1,23,1,2208,6,0,24,2,1,0
89,1,23,2,5570,40,0,44,1,1,1
70,1,17,5,5951,179,0,25,2,1,0
49,1,11,1,9022,6,0,35,2,1,0
39,1,18,5,2507,22,0,48,1,1,1
29,1,14,1,4870,164,0,46,1,1,1
56,1,23,1,7369,46,0,36,2,1,0
40,3,17,4,4738,52,0,21,2,1,0
76,1,23,1,586,53,0,21,2,2,0
38,1,20,1,4687,102,16,45,2,8,0
46,1,21,5,604,32,0,28,2,1,0
48,2,14,1,7795,65,0,32,1,1,0
90,4,22,1,2450,65,0,62,2,1,1
78,2,21,1,592,71,0,50,2,1,1
26,1,20,1,4436,25,0,38,1,8,1
53,5,17,1,1839,80,0,35,1,1,1
37,7,22,3,5232,38,0,39,2,1,0
44,1,19,1,1372,13,0,36,2,1,1
45,1,18,2,4846,123,0,47,2,9,1
57,1,19,5,7211,365,0,26,2,1,0
21,1,21,1,2387,36,7,39,1,1,0
77,1,20,1,7058,2,0,34,1,1,1
59,1,22,1,323,54,0,33,2,1,0
45,1,18,1,6034,51,0,56,2,1,0
59,1,14,1,6587,91,0,26,2,1,0
30,1,20,1,5334,68,1,44,2,9,1
36,1,19,1,7593,51,0,49,2,2,0
44,1,15,3,496,393,0,60,2,8,1
68,7,21,2,1984,7,0,27,2,1,1
79,1,19,1,1459,247,0,61,2,1,0
72,7,19,1,4298,116,0,51,1,1,0
28,1,16,5,1363,65,10,30,2,8,0
25,1,19,5,981,79,0,21,2,1,0
33,1,16,1,7432,2,1,2,2,1,0
38,2,18,1,8536,25,0,17,2,2,0
35,1,21,1,457,116,6,36,1,2,0
56,1,17,1,1773,208,0,31,2,1,0
39,5,21,1,2677,17,0,23,2,1,0
30,1,19,1,8247,3,1,37,1,1,0
77,1,21,1,276,84,0,36,1,1,0
57,2,17,5,3578,8,12,10,2,1,0
54,1,20,5,2839,2,0,24,2,1,0
42,6,16,1,5764,7,0,32,2,9,0
40,1,17,5,4772,95,8,27,1,1,1
68,1,19,1,6958,44,0,28,2,1,1
44,1,14,3,7873,63,0,34,1,1,0
38,1,13,1,7140,109,16,45,2,6,0
20,1,16,5,8283,173,0,24,1,1,0
26,7,17,1,6092,10,0,23,2,1,0
28,1,12,1,7917,205,5,40,1,1,0
18,1,19,1,9291,112,3,6,2,1,0
70,1,16,1,730,247,0,47,1,1,0
54,1,22,5,2872,19,0,42,1,1,0
28,1,16,5,3280,26,6,43,1,3,0
24,1,19,1,1028,96,0,21,2,2,0
20,1,21,5,1133,97,0,24,1,2,0
74,3,22,1,4576,127,0,43,1,8,1
23,1,15,3,7865,265,0,42,1,1,0
19,6,20,5,6824,1,16,21,1,1,0
50,6,21,1,2192,1,0,38,1,1,0
35,1,19,1,4157,22,0,19,1,1,0
33,4,21,1,980,7,0,26,2,1,0
40,1,19,5,6930,72,0,33,2,1,0
50,1,18,3,7585,2,0,59,1,1,1
42,1,20,5,6247,523,0,41,1,1,1
32,1,19,1,7651,25,11,36,1,1,1
34,6,19,3,1444,53,0,42,2,1,0
62,1,19,3,4287,98,0,57,1,1,0
22,1,15,1,7706,45,12,39,1,1,1
27,5,22,1,2599,10,0,26,1,2,0
64,1,22,3,875,53,0,40,1,1,0
29,1,18,5,2557,18,0,32,1,1,0
37,1,22,1,549,40,0,42,1,1,0
49,1,16,5,9316,99,0,49,2,1,0
35,6,19,3,970,4,0,48,2,1,1
58,1,21,5,759,2,0,34,2,1,1
57,6,23,1,3611,23,0,19,1,1,1
55,2,16,3,5810,1,0,40,2,9,0
25,6,18,3,4545,5,16,39,2,1,1
59,1,17,1,855,5,0,50,1,1,0
52,1,20,1,5372,207,0,50,1,1,1
75,3,22,1,2033,167,0,41,2,1,1
36,2,12,1,5562,96,13,28,1,1,0
42,6,18,5,4506,46,0,19,1,1,0
48,1,16,5,9142,123,3,58,2,1,0
22,1,22,5,3696,95,0,39,2,1,1
29,1,13,5,2742,28,17,27,1,1,0
29,1,19,1,3751,72,2,41,1,1,0
62,1,23,3,727,35,0,66,1,1,1
35,2,19,1,6281,15,0,17,2,1,0
69,2,21,1,6703,126,0,28,1,1,1
26,1,21,5,8405,143,0,32,1,1,0
30,1,20,3,6545,178,7,32,2,1,1
44,6,18,3,3388,153,16,32,2,1,1
28,6,23,5,128,80,0,48,1,1,1
58,6,22,1,422,10,0,39,2,1,1
50,1,18,3,3990,38,0,30,2,2,0
32,1,6,1,9584,7,0,17,1,1,0
52,1,16,1,7197,56,0,33,2,1,0
42,1,20,3,667,10,0,45,1,8,1
37,7,16,5,1372,3,0,25,1,1,0
44,1,14,1,7318,341,0,50,1,1,1
31,1,19,5,6633,246,16,34,2,1,0
43,6,13,1,3409,41,0,23,2,1,1
38,1,20,1,4674,98,0,25,2,8,0
36,1,17,3,9536,26,0,27,1,2,0
34,1,15,5,7794,13,0,39,2,2,1
44,1,17,1,5395,123,0,25,1,1,0
43,6,10,5,4218,6,0,22,2,1,0
30,8,21,1,34,180,12,53,2,7,1
27,1,19,1,594,19,0,21,2,1,1
49,1,20,1,109,20,0,31,1,1,1
28,6,21,1,2766,3,0,16,2,1,0
29,1,11,1,5694,15,0,36,1,1,0
58,1,19,1,1229,27,0,53,2,2,1
37,1,18,1,3512,1,7,20,2,1,0
34,1,16,5,7212,25,4,25,1,1,0
64,1,18,1,4666,6,0,34,2,1,1
23,1,14,1,2681,63,9,39,1,1,0
36,1,15,5,3735,81,0,29,1,1,0
26,4,20,5,7145,81,0,35,1,1,1
63,1,17,1,2512,93,0,31,1,1,1
25,1,11,1,8416,2,17,36,1,1,0
25,1,20,1,3356,196,0,47,1,1,1
30,6,18,1,3713,11,0,24,2,1,0
60,1,21,5,4426,34,0,47,1,1,1
42,3,20,1,3232,173,15,32,2,8,0
45,6,21,1,196,109,0,14,2,1,1
41,1,22,1,108,101,0,37,2,1,0
43,1,21,5,2374,1,11,43,1,1,0
46,1,14,5,2521,267,4,30,2,1,0
78,7,21,1,3336,2,0,52,2,1,0
38,1,23,1,2055,6,15,29,1,1,1
28,1,16,5,8274,23,1,24,2,1,0
47,1,18,1,5672,2,0,49,1,1,1
59,1,17,5,9509,77,0,11,2,2,0
37,1,19,3,5465,186,0,43,2,1,1
24,1,20,1,2583,56,0,43,1,1,0
25,1,19,1,403,30,0,26,2,1,0
25,1,18,1,1767,1,5,1,2,1,0
18,1,18,3,5776,104,17,5,1,1,0
31,6,21,5,1640,54,8,42,1,1,0
38,1,14,1,4775,121,0,28,1,1,1
70,1,17,1,4735,9,0,50,1,1,1
35,1,21,3,5471,45,0,22,1,2,0
70,6,21,1,3946,3,0,12,2,1,0
32,1,18,5,4029,186,0,58,2,1,0
53,1,20,1,3386,16,9,27,1,1,0
48,1,21,1,5206,157,0,27,1,1,0
45,1,23,1,6217,20,0,30,2,1,0
61,1,10,3,8176,97,0,33,1,1,0
27,1,15,1,3310,32,17,22,1,1,0
41,1,18,1,293,31,0,56,1,1,0
46,1,20,3,9597,114,0,25,2,1,0
19,1,13,5,8610,67,3,1,1,1,0
35,1,21,1,5485,1,5,26,1,1,0
40,1,19,1,2866,24,0,36,1,1,0
28,1,21,5,3562,3,4,31,2,2,1
53,1,20,1,5083,86,0,45,2,1,0
69,2,20,1,7192,38,0,40,1,2,0
45,7,16,1,8484,183,0,39,2,1,0
53,1,18,1,4732,142,0,37,1,1,0
40,1,14,5,1284,239,0,21,1,1,0
55,1,23,1,225,14,0,54,1,1,0
27,1,19,5,6775,138,0,36,1,1,0
36,1,18,1,3035,3,2,33,2,6,1
43,1,18,3,3623,429,0,47,1,1,0
57,1,12,5,7960,270,2,25,1,1,0
22,6,19,5,868,107,0,18,2,6,1
60,1,16,1,5871,23,0,38,1,1,1
22,1,17,1,3880,6,0,36,1,1,1
64,3,18,1,3506,16,0,35,2,1,0
29,1,19,5,2912,554,2,24,2,3,0
25,1,20,3,5554,12,0,32,1,1,0
33,2,21,1,1348,22,0,39,2,6,1
70,1,15,1,3324,119,0,74,1,1,0
53,7,18,1,7179,142,0,29,1,1,1
32,6,22,3,2478,26,3,39,2,1,1
67,1,20,1,1240,42,0,37,2,1,0
20,1,19,5,3271,118,0,21,2,1,0
30,6,22,5,632,5,0,42,2,1,1
54,6,23,4,4264,8,0,30,1,1,1
50,1,18,1,1228,18,0,58,1,1,0
49,1,17,1,2443,381,0,29,1,1,0
33,1,20,5,3912,11,0,43,2,1,0
72,1,16,5,5031,105,0,13,1,1,1
43,4,15,5,8864,13,0,43,1,1,0
40,1,21,5,2236,118,11,18,1,6,0
24,1,17,5,689,1,0,43,1,8,1
41,1,17,3,6874,74,0,10,2,1,0
35,1,13,5,8156,102,15,9,2,1,0
54,1,23,3,367,15,0,31,2,1,1
61,2,22,5,1489,38,0,56,1,1,1
39,1,21,1,9255,16,0,45,2,1,0
33,2,22,5,382,9,17,46,2,1,1
37,1,8,1,3357,103,17,28,2,1,0
58,5,22,1,511,162,0,52,2,1,1
38,1,16,1,5299,44,1,59,2,1,0
19,1,16,5,5155,1,12,29,1,1,0
49,3,22,1,1496,4,0,45,1,1,0
21,6,17,3,2544,285,1,21,1,2,0
27,1,18,5,4811,149,0,31,2,1,0
66,1,21,3,3091,8,0,49,1,1,0
53,1,21,1,734,71,0,42,2,1,0
42,6,18,1,3667,217,0,39,2,8,1
89,4,24,1,320,51,1,37,1,1,0
66,6,17,1,5712,129,0,44,1,1,1
22,6,20,1,267,14,14,18,2,1,0
44,1,16,3,4088,29,0,41,1,1,0
50,1,15,1,2980,11,0,46,2,1,0
26,1,21,5,344,44,0,50,1,1,1
46,2,17,1,2582,108,0,11,2,1,0
24,5,21,1,4826,17,17,56,1,8,1
45,1,20,5,2456,25,0,19,2,1,0
35,1,19,1,4723,37,3,18,1,1,0
47,7,22,5,2819,77,0,47,2,1,0
43,1,22,5,5529,7,0,38,1,1,0
36,1,24,5,4855,38,0,35,1,1,1
32,1,21,1,7397,84,0,23,2,1,0
32,1,20,1,6085,277,0,26,1,9,0
44,3,16,3,2511,10,0,47,2,1,1
43,1,24,1,3437,3,6,43,1,1,1
34,1,20,1,4647,171,0,20,1,1,0
43,6,23,5,913,29,0,39,2,1,1
82,1,19,1,2738,1,0,31,1,1,1
52,7,15,1,5279,6,0,53,2,1,1
62,1,15,1,3688,8,1,38,1,1,0
60,4,16,3,5098,69,0,63,1,1,0
66,4,22,1,4198,68,0,70,1,1,1
56,1,14,1,6619,127,0,15,2,2,0
36,1,20,5,1277,64,15,25,1,6,0
35,2,13,1,1219,23,1,41,1,1,1
75,4,20,1,4424,94,0,46,1,1,1
20,1,20,5,5970,21,0,51,2,1,0
19,1,22,5,1866,243,0,56,2,1,0
51,1,19,3,7367,14,0,41,2,1,1
28,1,15,5,2944,46,16,52,2,1,0
26,1,21,1,1702,137,0,38,2,1,0
87,2,18,1,8632,9,0,42,1,1,0
29,1,11,1,9622,40,13,26,1,1,0
50,1,19,5,5868,73,10,55,1,1,0
45,7,21,3,1589,75,0,30,2,1,0
44,1,22,1,3950,35,16,58,2,1,1
22,1,16,1,6305,98,0,61,1,1,0
50,1,20,3,2688,127,0,40,1,1,0
31,2,18,1,5458,5,0,57,2,1,0
57,1,21,5,4900,21,0,31,2,1,0
48,1,22,1,3259,63,0,75,1,1,1
46,1,23,3,3570,145,0,39,1,1,1
34,1,17,1,1271,99,0,24,1,1,1
41,6,20,5,1510,4,1,56,1,1,0
41,5,16,5,819,110,0,18,1,1,0
22,2,20,5,3016,13,8,19,2,1,0
26,1,13,1,4168,33,9,45,1,1,0
37,1,16,1,3898,112,7,35,1,6,0
23,2,15,1,6198,37,0,14,2,1,1
73,1,18,5,991,21,3,53,2,1,1
45,1,18,1,4917,21,0,66,2,1,0
24,2,19,5,9509,252,0,10,1,9,0
44,2,21,3,759,11,0,46,2,1,1
22,1,21,1,1949,7,0,34,1,1,1
47,2,20,3,6744,4,0,18,2,8,0
21,1,17,3,5634,9,11,50,1,1,1
54,1,20,1,4476,47,0,42,2,1,0
22,1,16,1,5433,4,11,32,1,1,0
27,6,20,1,939,121,0,62,1,1,1
41,1,17,1,3600,20,0,39,2,1,0
53,1,14,1,4614,3,15,25,2,1,0
27,1,18,5,7504,204,4,16,1,1,0
45,3,20,1,4324,140,0,27,2,1,0
60,1,15,5,4248,11,0,57,1,1,0
40,1,19,1,1940,139,0,33,1,1,1
31,1,23,1,6451,11,0,50,2,1,0
27,1,21,1,383,126,0,47,2,1,0
49,1,19,1,2069,117,0,55,1,2,1
37,4,12,5,443,78,0,27,1,1,0
50,3,16,1,6091,138,0,64,1,1,1
53,1,19,1,2591,28,0,21,2,1,0
53,1,16,1,694,97,0,49,2,6,1
51,1,20,1,352,139,0,46,1,8,0
32,1,18,1,4553,162,2,52,1,6,1
51,6,21,1,111,172,0,10,2,1,0
54,3,21,1,7271,47,4,43,1,1,0
53,1,20,1,992,201,0,59,2,3,1
24,6,20,5,6174,150,2,28,1,1,0
29,1,21,5,3317,51,0,8,2,1,0
31,1,15,5,6325,22,0,33,1,1,0
45,2,23,3,8387,2,0,17,1,1,0
32,3,23,5,3686,33,7,34,2,6,1
22,4,20,5,4627,107,0,13,2,1,0
39,1,16,3,821,8,12,58,1,9,1
56,1,19,1,2933,30,0,53,1,8,0
26,5,22,5,1658,115,5,39,1,1,0
34,1,14,1,7261,135,1,38,1,1,0
57,1,11,1,8862,39,0,47,2,1,1
42,1,21,1,109,31,0,42,1,1,1
62,3,18,1,8901,20,0,41,2,1,0
68,5,19,1,1042,31,0,45,2,1,1
61,1,21,1,8836,70,0,59,2,1,0
33,3,21,1,1251,239,0,24,2,9,0
38,1,21,1,6070,133,0,53,1,2,1
46,1,13,1,5834,170,0,34,1,1,0
74,3,21,4,3086,84,5,51,2,1,0
76,1,19,1,7007,3,0,48,2,1,1
24,1,20,3,3876,23,0,66,2,1,1
71,2,19,1,3425,36,0,27,1,1,0
52,1,20,5,3297,13,0,58,2,1,1
23,3,22,5,3961,3,1,41,1,1,0
58,1,12,3,6730,29,0,18,1,1,0
19,1,19,1,4390,26,1,35,1,9,1
43,4,20,1,844,27,1,34,2,1,1
20,1,18,1,4317,64,2,21,2,1,0
32,1,16,1,990,223,0,34,2,1,0
66,1,21,1,6231,153,0,44,1,1,0
33,1,19,5,3306,106,6,28,1,9,0
29,1,18,5,3502,189,0,33,1,1,1
33,1,18,3,6868,109,0,18,1,2,0
27,2,18,5,8180,3,0,39,1,1,0
69,1,21,2,1731,191,0,39,1,9,1
43,1,19,5,7710,12,16,36,1,1,0
33,4,22,1,6229,167,0,39,1,1,0
51,1,22,5,6882,34,0,28,1,1,0
45,2,20,1,6350,14,13,45,1,8,0
34,1,18,5,5903,86,0,34,2,1,0
20,1,21,5,1309,6,0,59,1,1,0
76,6,22,1,1214,64,0,42,1,8,0
49,1,20,3,4827,12,0,33,2,1,0
49,1,14,1,1415,10,8,51,2,1,1
45,1,19,1,7393,6,8,31,1,1,0
49,2,16,3,1479,33,0,52,1,1,0
41,1,13,1,1158,1,0,59,1,2,0
32,1,15,5,6766,34,10,43,1,2,0
37,4,19,3,1194,94,17,1,2,1,0
64,2,22,1,843,10,0,42,2,1,1
70,5,23,4,1879,35,0,26,1,1,1
22,1,9,3,7215,263,1,54,2,6,0
22,1,17,5,3533,1,2,50,1,8,1
66,1,18,1,6931,1,0,63,1,1,0
49,1,22,3,982,51,0,55,1,1,1
41,1,21,1,4498,82,0,41,1,1,1
73,5,21,2,275,110,0,64,1,1,1
70,2,19,5,5036,44,0,52,1,1,1
25,6,18,1,8271,130,4,41,1,1,1
40,1,17,1,5521,51,0,53,2,2,1
48,2,19,1,5079,2,0,44,2,1,0
65,5,21,1,2968,7,0,35,2,1,1
71,2,23,1,6651,13,0,38,1,1,1
20,7,22,5,3707,2,4,44,1,1,1
26,6,16,5,7138,167,0,42,2,9,0
41,1,20,3,3455,46,0,57,2,1,0
43,1,18,1,8770,92,0,56,1,6,0
80,3,16,1,6881,31,0,29,1,1,0
55,3,15,1,3880,22,0,49,2,2,0
45,1,16,1,3684,407,0,21,1,1,1
47,1,18,1,4180,22,0,48,1,6,0
61,1,20,5,8025,57,0,51,1,1,0
44,1,18,4,1928,145,9,37,1,1,1
47,1,16,1,3346,39,3,33,2,6,0
20,1,16,5,913,12,0,20,2,1,0
49,5,18,1,4745,124,0,52,2,1,0
57,6,21,1,1478,131,0,51,2,1,0
19,1,17,5,293,21,0,35,2,8,0
39,3,18,2,3859,80,0,55,2,1,1
40,1,19,1,2163,9,0,50,2,1,0
56,1,14,1,5495,19,0,49,1,2,1
34,1,21,1,4036,94,11,32,2,8,0
26,1,13,5,3063,1,0,31,2,1,1
47,2,19,3,4347,37,0,42,1,1,1
19,1,21,1,4495,15,0,35,2,1,0
25,4,21,5,452,7,0,45,1,1,1
39,1,22,1,4851,17,0,58,1,1,0
34,7,23,3,294,56,16,37,2,1,1
23,1,23,1,2811,6,0,38,2,1,1
47,1,17,5,7200,190,0,35,2,1,1
51,7,15,1,2534,7,0,38,2,1,0
48,6,21,1,2995,48,0,37,2,1,1
63,2,16,1,3267,65,0,37,1,1,1
25,4,18,1,1716,53,0,22,1,1,0
32,1,23,3,1159,40,1,55,1,1,1
24,1,17,5,7424,50,17,57,1,1,1
40,1,19,5,8662,63,0,52,2,1,0
56,6,22,5,1858,3,0,50,2,2,0
51,1,17,5,6903,42,0,46,1,1,0
25,3,19,3,2827,121,4,22,2,1,0
39,3,20,1,171,1,0,7,2,1,0
28,1,18,1,3799,59,17,42,2,1,0
39,1,17,5,8412,28,0,39,1,2,0
20,1,18,1,9464,38,0,23,1,6,0
20,1,16,1,3684,6,0,28,1,6,0
24,1,15,5,4476,16,0,52,1,8,1
65,1,21,1,1376,139,4,37,1,1,1
68,1,17,3,8925,23,0,39,1,1,0
18,1,8,1,5352,119,3,28,1,1,0
27,1,20,1,1552,319,0,14,2,6,0
22,1,17,5,9264,62,0,38,1,2,0
67,2,21,1,9667,3,0,37,1,1,0
41,4,20,5,1419,39,0,32,1,1,0
30,1,20,5,663,20,0,10,1,1,0
35,1,12,1,8968,34,0,57,2,9,0
20,1,18,5,7608,7,10,12,2,1,0
30,1,19,5,26,38,13,11,2,1,1
58,1,12,1,8079,203,0,31,1,1,0
51,1,16,1,3931,13,0,52,1,1,1
57,1,19,3,954,34,0,30,2,1,0
50,4,20,1,1900,38,0,43,1,1,1
57,1,20,1,1822,2,0,25,2,1,0
42,1,14,1,5842,132,0,45,1,2,0
58,1,21,1,767,129,0,58,2,1,1
49,1,16,1,5824,51,8,35,2,1,1
20,1,10,1,2065,29,0,22,1,1,1
66,1,15,1,4529,39,0,34,1,1,0
26,1,16,1,7584,350,0,53,1,7,0
30,1,19,5,7402,20,14,26,2,8,0
70,1,19,1,3909,92,0,30,1,1,0
36,1,14,5,8950,92,0,33,1,6,1
30,1,23,5,1734,3,0,38,1,1,1
30,4,21,5,5315,2,7,30,1,1,0
28,1,19,1,4283,24,0,45,2,9,1
53,4,19,1,2973,180,0,49,1,6,0
22,1,20,5,3029,1,16,45,1,1,0
38,1,23,5,3048,7,0,21,2,1,0
52,1,23,1,229,19,0,36,2,2,1
25,1,17,1,5530,134,0,24,2,1,1
19,4,13,5,7153,2,0,19,1,1,0
20,3,18,5,6698,90,3,32,1,1,0
48,2,13,1,2606,2,0,14,1,2,0
22,5,12,1,8801,134,14,28,1,1,0
68,1,21,1,5325,42,0,42,1,1,0
43,4,20,1,9248,6,0,47,2,1,1
23,1,22,1,7295,119,5,46,1,6,0
48,7,21,5,7959,57,0,30,1,1,0
20,1,16,5,7992,42,17,39,1,2,0
45,1,23,1,1077,57,13,63,1,1,1
51,1,16,5,6539,126,0,34,1,1,0
47,2,19,1,4314,32,0,43,2,1,0
25,1,20,5,6049,393,0,26,1,1,0
37,2,19,1,4578,7,0,33,1,1,0
28,2,19,3,7602,5,2,19,2,1,0
27,1,19,1,1146,1,0,42,1,1,0
30,1,18,5,1841,125,17,31,2,1,0
30,1,14,3,9257,42,0,24,1,1,0
73,7,21,1,105,86,0,53,2,9,1
41,4,18,3,4293,63,0,40,2,1,0
23,1,19,5,917,35,8,40,1,1,1
36,1,18,1,3944,8,2,42,1,1,0
40,1,15,1,4177,9,12,7,2,1,0
36,1,16,1,4439,30,0,43,2,1,1
22,1,14,5,8849,1,14,44,1,1,1
36,1,21,5,6625,23,0,68,2,1,1
28,5,20,5,2111,18,6,48,2,6,0
31,4,19,1,4494,77,6,40,2,2,0
66,1,21,1,7492,15,0,33,1,6,1
23,1,11,1,5284,30,0,29,1,1,0
35,4,23,3,2894,185,0,47,2,1,0
78,1,20,1,5469,10,0,38,2,1,1
31,1,17,1,8071,3,15,36,2,1,0
39,3,18,5,828,54,0,73,1,2,1
24,4,19,5,3160,49,0,17,2,1,0
55,3,20,1,2617,243,0,28,1,3,1
67,6,23,1,28,4,0,61,2,1,1
46,6,24,1,295,159,0,52,1,1,1
39,7,17,5,9319,2,0,60,1,1,1
38,1,18,1,3052,52,0,37,2,1,0
53,1,19,1,312,45,0,43,1,1,0
42,1,22,1,1831,226,1,43,2,6,0
41,6,8,1,9282,172,12,29,2,1,0
51,1,20,1,5697,193,2,20,1,1,1
46,1,21,5,7979,331,0,29,2,1,0
23,2,19,5,1664,14,0,17,1,1,0
54,2,20,1,3996,185,0,18,2,1,0
70,3,20,2,3085,14,0,35,1,1,0
25,1,20,1,596,17,13,22,2,1,0
23,1,23,1,4317,148,0,46,2,1,0
23,7,22,5,4323,12,0,47,1,1,0
36,1,19,5,6777,8,0,42,2,1,0
38,1,18,1,7353,288,0,58,1,1,1
50,1,16,1,8186,59,0,37,2,1,1
37,1,17,5,1045,2,2,15,1,1,0
48,1,22,3,1667,63,0,56,1,1,1
19,1,18,5,4512,211,0,27,2,1,0
63,6,20,1,2537,1,16,47,1,1,1
19,2,19,5,1935,86,5,44,2,1,0
54,1,22,2,3898,70,0,29,2,1,0
57,1,18,1,2323,100,2,41,1,1,1
23,1,20,5,2343,77,0,38,2,9,1
47,1,19,3,2390,8,0,41,1,1,0
41,1,16,1,877,489,0,39,2,3,1
71,1,21,1,3072,203,0,50,1,1,1
27,1,23,1,2160,209,0,34,2,1,1
70,7,21,1,1519,161,0,31,2,1,0
44,6,15,1,6353,133,0,55,1,1,1
47,1,22,3,7194,53,0,25,1,6,1
37,1,19,1,7973,3,0,32,2,8,0
30,1,16,1,371,303,0,48,2,1,0
22,1,16,5,6062,14,0,32,1,1,0
47,6,22,1,744,221,0,45,1,6,1
25,1,19,1,4005,86,14,49,2,1,0
30,1,20,1,1516,5,0,40,1,1,0
50,5,15,1,7496,89,0,34,2,1,0
21,1,22,1,7928,95,1,41,2,2,0
60,1,19,5,6218,3,0,37,1,1,0
58,1,17,1,2841,46,0,41,1,1,0
41,1,18,5,1763,4,13,30,1,8,0
58,3,22,3,1092,41,0,50,2,1,0
33,1,21,5,2935,11,0,34,1,1,0
19,6,18,5,9530,31,14,31,1,2,0
19,5,10,5,4939,202,0,48,1,1,0
65,4,19,1,4178,21,0,44,1,2,0
26,1,19,1,1730,42,0,47,1,1,0
36,1,21,1,6675,104,10,53,2,1,0
72,1,18,1,7758,17,0,52,1,1,0
22,5,19,1,6061,100,10,44,2,1,0
36,3,19,3,7828,11,0,17,2,1,0
59,1,22,5,1617,1,0,28,1,1,1
77,2,12,1,6573,42,0,36,1,1,1
48,1,17,1,2340,205,10,32,1,1,0
40,1,17,1,4224,35,0,51,1,1,1
60,1,22,1,636,234,0,63,1,1,1
35,2,18,5,6740,18,0,31,1,1,0
53,1,19,1,2577,12,0,33,1,1,0
45,4,13,1,5087,82,0,37,2,1,0
47,3,21,1,1778,1,0,43,1,1,0
58,2,17,1,990,145,0,28,1,1,1
37,1,20,5,1542,241,0,53,1,1,0
32,1,17,1,976,186,0,38,1,1,0
39,1,21,1,5485,111,0,64,1,1,0
21,1,18,5,5643,17,15,44,1,1,1
28,1,15,5,8996,206,14,61,2,1,0
20,1,10,5,6908,69,7,24,2,1,0
47,1,19,3,4489,10,6,49,1,1,0
73,5,20,1,1748,322,0,44,2,1,1
64,1,17,1,1713,30,0,30,2,1,1
34,1,17,5,127,26,11,27,2,1,0
36,1,20,5,2778,113,0,35,2,8,0
45,3,14,1,8925,18,0,31,1,8,0
57,6,17,5,1203,185,3,27,2,1,0
41,1,20,1,7487,21,5,55,2,1,1
37,1,19,3,2453,9,0,32,2,1,0
66,1,20,1,3780,263,0,39,1,1,0
30,6,19,5,1591,8,2,40,1,1,0
42,2,22,5,2325,81,0,53,1,1,1
80,1,19,1,1653,141,0,53,1,1,1
37,1,20,5,4912,118,7,35,1,1,0
19,1,17,5,5324,7,13,34,1,6,0
23,1,19,1,6256,1,17,58,1,1,1
76,3,20,1,6647,11,0,41,2,2,0
66,1,19,5,1382,331,0,42,1,1,0
42,2,21,1,4903,21,0,29,1,1,1
51,1,17,1,7169,162,0,45,2,1,1
40,3,20,5,360,409,0,39,1,1,0
46,2,19,5,4129,27,0,58,2,1,1
55,3,23,1,236,145,2,40,2,1,0
29,4,17,1,4465,64,1,61,1,1,0
50,1,23,1,4937,8,0,51,1,1,0
20,1,20,5,5595,5,0,49,2,8,0
19,1,21,5,2661,143,4,10,1,1,0
57,2,18,5,3174,78,5,35,2,1,1
56,7,15,1,8560,206,17,19,1,1,0
38,3,22,1,1423,328,0,31,1,1,0
73,2,22,1,3444,38,0,53,2,1,1
56,1,24,1,923,16,7,64,1,2,1
30,1,16,1,2020,51,0,43,1,1,1
29,1,24,5,2741,194,0,28,2,1,0
56,1,20,1,4610,9,0,61,2,8,0
51,1,22,1,84,32,0,45,2,1,0
42,1,19,2,4823,19,0,43,2,1,0
61,1,21,2,705,97,0,67,1,8,0
44,6,23,1,123,78,0,53,1,1,1
26,4,20,1,3503,69,1,65,2,1,0
27,7,24,1,730,75,2,43,1,1,0
30,1,21,5,1149,26,0,41,2,1,0
68,3,20,1,4515,65,0,13,2,1,0
48,1,18,1,5278,241,5,42,2,6,0
55,2,21,1,2521,112,0,37,1,1,0
28,1,20,3,3233,19,1,51,1,2,0
51,4,15,1,3538,27,0,12,1,1,1
29,1,23,5,1997,2,0,56,2,1,0
51,1,19,1,875,61,17,41,2,1,0
67,8,15,1,3344,83,0,60,1,1,0
67,1,21,1,5309,156,0,33,1,6,0
72,1,22,1,11,61,0,38,1,2,1
28,2,18,1,5476,31,0,43,1,1,0
57,1,20,1,3627,90,0,30,2,2,0
62,1,20,1,467,425,0,33,2,2,0
65,1,20,5,947,203,0,36,1,6,0
23,1,18,5,8573,30,0,62,1,1,0
46,3,19,3,8451,7,0,21,2,1,0
32,1,13,1,7998,28,0,31,2,1,0
25,1,19,3,7815,9,9,47,1,1,0
39,1,19,1,5839,169,0,37,1,1,0
23,1,21,5,137,74,16,60,2,1,0
42,2,19,1,4234,135,0,52,1,1,1
24,1,15,5,2566,67,0,32,1,1,0
52,1,23,3,7659,441,0,55,2,1,1
64,1,22,1,2431,2,0,22,1,1,1
29,1,20,1,182,196,0,36,1,8,0
53,3,23,1,1021,10,1,40,2,1,1
38,6,20,5,1097,16,0,23,1,1,0
45,3,16,1,3473,133,0,31,2,1,1
30,1,21,5,6771,372,0,34,1,6,0
86,1,21,2,3903,62,0,28,1,1,1
56,1,21,2,376,109,0,27,2,1,0
33,1,19,5,6300,31,0,36,1,1,0
20,1,19,5,2626,91,4,41,2,1,0
59,1,20,5,6478,13,0,30,2,1,0
41,5,21,1,2826,31,0,52,2,1,1
56,1,19,1,7078,281,8,50,2,1,0
47,1,21,1,1797,12,8,38,2,1,1
56,1,17,1,7165,19,0,67,1,1,0
60,1,15,1,9034,35,0,17,1,1,0
53,4,23,3,1098,277,0,53,1,1,1
65,6,18,1,6058,78,0,51,2,1,1
19,1,15,3,8531,27,0,40,1,2,0
52,1,18,5,8415,7,0,19,1,1,0
36,1,18,1,968,228,8,38,2,2,0
40,1,22,1,1020,106,0,46,2,1,1
28,2,13,1,6924,8,0,44,2,8,0
53,1,14,1,2993,19,14,45,1,1,0
32,1,23,5,1864,84,12,40,2,1,0
40,6,20,1,3587,2,0,41,1,1,0
65,3,20,1,2474,41,0,34,2,1,1
51,1,17,1,8042,27,0,34,2,1,0
43,1,20,3,100,16,0,37,2,1,1
22,3,17,5,6018,157,2,27,1,1,0
45,6,22,1,1529,2,14,54,2,1,1
40,1,22,5,1820,3,0,53,1,1,1
47,1,17,3,1783,294,1,44,1,1,0
34,1,20,1,8632,51,8,52,1,1,1
37,1,16,1,7317,75,0,42,1,1,1
41,5,14,1,2557,7,0,36,2,1,1
17,1,17,5,2724,67,0,57,2,1,0
37,2,18,3,5300,46,17,33,2,1,0
34,1,14,5,9409,27,1,45,1,1,0
38,1,20,3,4707,28,2,41,1,1,0
59,2,20,1,6896,55,0,29,1,9,1
86,1,22,1,1313,25,0,46,2,1,1
33,1,16,5,8843,520,2,28,1,1,0
24,1,23,5,5438,31,0,36,2,1,0
49,1,20,1,4164,9,0,56,1,1,0
35,3,24,5,4792,12,0,27,1,1,0
61,1,19,1,2356,230,0,40,1,2,0
53,6,17,5,7264,25,0,40,2,1,0
48,3,13,5,1592,201,16,33,1,9,0
23,2,22,1,461,14,0,47,2,1,0
41,3,22,5,3606,140,0,34,1,1,0
51,1,19,1,1993,101,0,65,1,1,1
53,1,16,1,9254,5,0,28,2,2,0
56,1,22,1,2190,3,0,47,1,1,1
64,1,21,3,186,24,0,47,1,1,1
70,1,20,1,6445,151,0,54,2,2,0
57,4,23,4,102,64,0,66,2,2,1
27,2,20,3,7331,53,0,42,1,1,0
49,6,23,1,2026,65,0,31,1,1,1
47,6,19,1,907,247,0,46,1,9,1
38,1,18,1,2104,5,8,49,2,1,0
67,5,23,3,422,5,0,45,2,1,0
35,1,17,3,699,31,16,15,2,1,0
63,4,19,1,2954,22,0,50,1,1,1
38,1,17,1,1743,43,0,39,2,1,1
53,1,19,1,4201,241,3,13,2,9,1
51,6,21,1,1865,16,9,32,1,1,1
23,1,17,3,7191,75,0,39,1,2,0
80,1,21,3,5256,58,0,43,2,1,0
37,4,19,5,1514,4,0,41,1,1,1
41,1,15,5,4239,91,0,40,1,1,0
35,6,21,5,1575,12,0,40,2,2,0
35,1,17,1,7345,170,3,47,1,9,1
57,2,24,3,2461,1,0,52,1,4,1
81,1,24,4,100,46,0,52,2,1,1
51,1,21,3,7019,7,0,41,1,1,1
43,1,18,5,1267,86,14,39,2,1,1
55,1,19,1,6197,95,0,51,1,1,0
37,7,21,1,9424,105,0,44,2,1,1
26,6,23,5,2583,4,5,41,1,1,0
35,1,20,5,5588,16,0,36,2,1,0
58,1,22,1,1734,86,0,30,2,1,0
65,1,20,1,1948,15,0,38,1,1,0
44,1,21,1,3237,6,0,48,2,1,0
41,1,22,5,4476,51,0,30,1,6,0
37,1,21,1,2592,254,0,24,2,2,1
68,1,18,1,5650,8,0,41,2,1,1
29,1,14,1,7930,118,0,30,1,1,0
36,1,17,5,3968,66,0,55,1,1,1
39,1,16,5,4449,14,0,38,2,1,0
65,3,23,1,502,67,0,25,2,1,0
57,5,19,1,8671,2,0,36,1,1,0
25,3,15,1,4324,107,0,18,2,9,1
46,1,18,1,4561,35,4,48,1,2,0
41,1,18,3,965,49,0,31,1,1,1
37,1,23,1,627,12,0,42,2,1,0
53,1,21,1,2922,2,0,35,2,1,1
26,1,20,3,770,43,0,37,1,2,0
47,6,17,1,1015,45,0,32,2,1,1
80,1,22,5,912,6,0,44,1,2,1
57,1,16,1,4177,31,1,51,1,1,0
41,1,17,1,7276,144,0,41,1,9,1
35,2,20,1,4069,32,0,49,1,1,0
67,1,20,1,4193,116,0,51,2,1,1
59,2,19,1,2309,145,14,30,1,1,1
26,1,11,5,7887,63,17,19,1,1,0
70,1,20,5,1399,387,0,36,1,1,1
50,1,22,5,3019,2,0,61,1,1,1
45,1,17,1,6314,74,2,30,2,1,1
23,1,14,5,9604,13,13,37,1,1,0
54,3,20,5,6402,17,0,43,1,1,1
43,3,17,1,4583,318,16,21,1,1,0
31,1,18,5,5315,128,0,7,2,3,0
72,2,15,1,865,140,0,45,2,6,0
24,1,20,5,2825,179,0,24,2,1,0
57,1,23,1,3076,97,1,46,1,1,1
51,1,17,1,6795,48,6,24,2,1,0
76,1,18,1,2717,97,0,38,1,1,0
19,1,11,5,8770,73,0,46,1,1,1
54,7,22,5,5669,173,0,52,1,1,1
22,1,13,1,8418,4,0,6,2,1,0
22,4,20,3,192,15,0,26,2,1,0
22,7,16,5,3834,121,0,48,2,2,0
40,6,21,1,3992,19,0,32,2,1,0
42,1,19,4,795,44,0,25,2,1,0
32,1,13,1,5516,89,0,37,1,2,0
56,1,19,5,816,126,0,36,2,1,0
52,1,21,1,2546,77,7,41,2,1,1
17,1,19,5,2397,149,1,21,2,6,0
65,1,17,4,2353,37,0,46,2,1,0
62,3,21,1,3381,78,0,38,2,1,1
22,6,20,5,8550,45,0,34,1,1,1
53,1,18,5,86,17,0,42,1,1,0
59,1,21,1,6353,3,0,38,1,1,0
45,1,17,1,4314,36,15,48,2,1,0
29,1,17,1,6212,18,0,22,2,1,0
50,6,18,1,1239,154,15,41,2,2,0
48,1,18,2,3366,53,1,59,1,1,1
48,1,14,1,3529,66,16,43,2,1,0
28,7,22,1,3661,15,0,40,2,8,1
29,1,21,5,73,124,1,45,2,6,0
47,6,16,1,6384,4,0,50,2,1,0
70,1,21,1,443,2,0,42,2,1,1
21,1,13,5,9159,154,2,50,2,1,0
68,4,23,1,2175,66,0,47,2,1,0
30,1,19,1,5840,220,0,47,1,1,0
54,1,16,5,1158,33,0,41,2,1,0
65,1,22,1,171,3,0,45,1,1,1
45,1,22,5,5174,17,0,30,1,2,0
55,3,19,1,4929,63,0,43,2,1,0
54,1,16,3,4598,1,0,52,1,2,0
19,1,13,1,8421,2,0,39,2,1,0
30,1,19,1,109,1,17,24,2,1,0
22,1,21,5,915,24,17,31,1,1,1
25,1,15,1,7077,61,0,48,2,1,0
44,1,14,5,942,88,0,30,2,1,0
38,1,19,1,5086,196,0,45,2,1,0
44,1,20,1,320,45,0,67,2,1,1
21,1,18,3,9696,141,1,35,1,1,0
35,1,15,3,2158,4,0,53,2,9,0
29,4,16,1,2209,242,0,25,1,1,0
26,1,18,5,3543,30,0,31,1,6,1
72,7,21,1,3920,9,4,35,1,1,1
27,1,21,5,7397,85,0,42,2,1,0
26,1,22,1,1866,46,1,55,2,1,1
49,3,21,1,3219,2,0,33,2,1,0
34,3,16,1,2328,80,0,37,2,1,0
24,1,20,5,9012,114,2,26,2,2,1
25,1,21,5,7575,13,5,32,2,8,0
63,1,17,1,3482,82,0,39,1,1,1
37,1,20,5,4403,4,3,34,1,1,0
20,1,18,5,2902,10,16,38,1,1,0
63,1,19,5,1364,109,0,35,2,6,1
84,1,21,1,4108,238,0,68,2,1,1
41,1,18,5,3363,2,0,33,1,8,0
21,3,20,5,3305,42,16,33,2,1,0
43,1,20,1,4256,6,0,39,2,1,0
46,1,18,1,1829,43,17,28,2,1,0
38,1,21,5,6033,25,1,35,1,1,0
49,2,24,1,741,44,0,41,2,1,0
52,1,22,1,1884,231,0,1,2,1,0
47,1,18,1,1110,80,0,47,2,1,1
77,1,19,2,4170,67,15,68,1,1,1
24,1,18,5,5999,9,0,38,1,1,0
37,1,16,5,387,15,0,27,2,1,1
24,1,18,3,8526,8,10,40,2,1,0
29,1,14,5,6847,44,1,19,2,1,0
32,1,21,1,4953,83,0,38,2,1,0
67,1,19,5,4454,136,0,52,1,3,0
45,3,23,5,1851,229,0,46,2,1,0
18,1,20,3,907,60,11,33,1,6,0
34,1,21,1,1607,1,0,37,2,8,1
61,1,22,1,225,20,0,51,2,1,1
71,2,20,1,3425,6,0,49,1,1,1
36,1,20,1,2165,8,0,51,2,1,0
53,1,22,4,1175,220,0,45,2,1,0
55,1,19,1,7571,32,0,51,2,1,1
18,2,20,1,4537,2,0,37,1,6,0
29,1,20,1,8144,4,1,27,1,1,0
51,1,14,5,5542,173,0,65,1,1,0
46,1,20,1,5814,58,0,42,2,1,1
41,1,6,1,9235,31,0,36,2,1,0
48,1,21,3,4588,7,16,23,1,1,0
54,2,20,1,9123,339,0,50,2,2,1
48,1,21,1,2761,5,0,37,1,1,0
32,7,22,1,7246,4,0,17,1,1,0
30,1,19,4,3819,14,1,59,2,1,1
50,1,20,3,439,149,0,38,1,8,0
49,1,20,5,6609,5,0,29,1,6,0
44,3,13,5,1944,73,0,37,1,1,0
24,1,17,5,862,54,17,36,1,1,1
45,5,18,1,3106,30,0,33,1,1,1
25,7,21,5,4693,1,0,39,2,1,1
26,1,17,5,6249,12,0,27,2,1,0
43,1,22,3,475,16,0,51,2,1,0
49,2,21,1,2883,243,0,37,1,1,0
57,1,22,1,1635,7,0,36,2,1,1
25,1,21,5,711,336,0,29,2,1,1
20,1,18,5,5250,20,16,39,2,2,0
47,1,16,3,6350,154,6,55,1,1,0
49,1,21,3,2129,54,0,43,2,1,1
69,3,23,1,143,17,0,41,1,1,0
53,1,22,1,6533,8,0,44,1,1,1
44,1,18,1,1034,113,0,49,2,1,1
64,1,17,1,8295,216,15,41,1,1,0
50,3,17,1,6431,89,0,12,1,1,0
55,6,17,1,9142,73,0,27,2,6,0
40,4,22,1,710,134,0,19,2,1,1
62,1,21,1,1665,71,0,60,1,1,1
71,1,20,1,669,292,0,51,1,1,1
57,1,22,4,2064,18,0,43,1,1,0
27,1,13,5,7697,75,1,11,1,1,0
27,1,18,1,1567,46,13,26,1,1,0
58,1,12,5,7446,27,0,45,2,8,0
72,1,22,5,13,163,0,29,1,1,0
29,1,17,5,3021,65,0,49,1,1,0
46,5,16,1,2305,19,0,31,1,1,0
37,1,22,1,7324,65,0,39,2,1,1
41,1,21,3,5065,105,0,21,1,8,0
50,6,23,1,1427,28,15,28,2,1,1
47,1,18,1,8940,24,0,7,1,1,0
80,1,13,4,8887,266,0,46,1,2,1
38,1,13,1,9356,210,2,27,1,1,0
44,1,15,5,513,5,0,51,1,1,1
66,3,23,1,2435,20,0,21,2,1,1
35,2,22,1,3827,76,0,29,2,1,0
43,2,20,3,7498,42,0,42,1,1,0
38,3,22,1,1342,21,0,29,2,1,1
77,1,17,1,8629,171,0,32,1,1,0
58,1,22,1,2830,17,0,35,1,1,1
71,1,21,3,1504,4,0,51,2,1,1
24,4,22,1,2118,1,0,36,2,1,0
44,1,24,1,7303,106,14,43,1,8,1
25,4,23,3,703,26,17,22,2,8,0
38,4,17,1,6828,37,13,32,2,1,0
49,1,12,1,6637,35,0,20,2,2,0
38,1,19,1,2517,3,0,26,2,1,0
51,7,22,5,63,45,0,27,2,2,0
46,1,14,1,9631,137,0,49,1,1,0
35,1,18,5,5298,80,9,10,1,1,0
38,2,21,3,1746,28,0,35,1,1,1
38,5,20,2,1871,46,17,59,2,1,0
24,1,15,1,2629,79,0,35,2,1,0
43,1,17,5,2180,6,0,38,1,1,0
32,1,21,5,190,1,0,43,2,1,0
65,3,17,3,7858,46,0,52,2,1,0
60,1,19,1,1280,51,0,52,1,1,1
46,1,17,5,1392,33,0,45,1,2,0
50,1,18,1,2022,112,0,45,2,6,0
27,1,17,1,9242,11,15,44,2,1,0
37,2,19,1,7550,21,0,23,2,1,0
36,1,16,3,2850,81,0,39,2,1,1
31,1,20,5,916,206,0,46,1,1,0
25,4,15,1,6129,2,5,22,1,1,0
55,3,16,5,3710,189,0,72,1,1,0
28,1,15,1,6125,30,16,29,1,1,1
55,1,22,1,1942,41,0,34,2,1,1
60,3,20,1,5366,151,0,37,2,1,0
27,1,18,5,2901,2,0,34,2,1,1
41,1,17,1,477,47,0,37,1,1,1
34,2,22,1,2368,1,0,33,2,1,1
70,4,22,1,2333,10,0,45,2,1,1
52,1,13,1,9318,77,0,49,2,1,0
26,1,18,5,672,93,0,29,1,6,0
35,1,20,5,1541,12,0,44,1,1,1
57,1,9,1,8296,15,0,47,1,1,0
70,1,20,4,1522,92,0,22,2,1,1
47,2,20,1,6035,59,0,39,1,6,0
60,1,16,1,4209,66,0,45,1,2,0
42,3,23,1,1029,42,11,33,1,1,0
39,1,20,3,1656,91,0,42,1,1,1
24,6,18,5,5948,85,0,47,2,6,1
40,1,17,3,6105,311,0,53,2,1,1
77,5,18,1,6292,14,0,65,1,6,1
65,1,22,1,2853,42,0,41,1,1,0
34,1,5,3,9021,132,0,33,2,1,0
54,1,18,1,7453,109,0,42,1,1,0
49,1,15,3,7135,14,0,15,2,1,0
56,1,20,1,4467,30,0,56,2,1,0
42,1,23,1,602,17,1,44,1,1,1
21,1,19,5,4888,90,0,30,2,1,0
53,1,17,1,6113,61,0,40,1,2,1
74,3,20,1,812,123,0,47,1,1,1
54,2,22,5,303,42,0,33,2,1,0
60,6,22,1,1219,27,8,28,1,1,1
60,1,16,1,1517,117,0,34,1,3,0
24,1,20,1,4372,69,0,51,1,1,0
35,3,22,5,2318,393,0,23,1,6,1
39,1,11,1,7144,99,0,41,1,1,1
43,1,16,5,8695,14,12,38,1,1,0
34,1,21,5,6231,90,0,44,1,1,0
52,1,20,3,7706,14,0,37,2,1,0
69,7,14,2,2921,194,0,39,1,1,1
32,1,20,1,520,50,0,44,2,1,0
35,1,17,5,5401,5,0,11,2,1,0
38,3,22,1,1369,11,0,47,1,1,1
40,1,21,1,3035,65,1,28,2,1,0
30,1,19,1,1276,113,1,32,2,1,0
34,7,21,5,3047,65,0,57,1,1,1
20,1,22,1,203,87,16,15,1,6,0
39,1,22,1,4090,222,0,41,2,6,1
50,2,21,1,190,6,0,24,2,1,0
57,3,20,1,3330,457,0,26,1,6,0
46,1,17,3,7772,2,0,34,1,1,0
70,4,24,1,410,12,0,56,2,1,1
29,6,20,5,5138,22,4,39,2,8,1
47,1,22,5,14,39,0,23,1,1,0
69,1,17,1,5791,268,0,48,1,1,1
66,1,15,1,5366,9,0,33,1,9,0
23,1,17,1,5829,16,16,27,2,1,0
56,1,22,1,1823,137,0,44,2,1,1
51,5,20,1,1102,41,0,31,2,1,1
42,1,21,1,3758,30,0,41,1,1,0
41,1,16,5,4737,101,11,46,2,1,1
57,1,22,1,3779,32,0,44,2,1,0
28,1,18,3,6841,101,0,29,1,2,1
43,1,22,1,1831,63,0,47,1,1,1
44,1,21,3,3458,22,0,28,2,1,0
27,1,23,1,2127,3,0,42,2,1,1
65,7,20,1,1083,14,0,31,1,1,1
54,1,17,4,4865,159,0,27,2,2,1
36,3,21,5,1206,59,17,32,1,1,0
39,1,19,1,4333,38,0,43,1,8,1
42,6,18,1,9385,238,0,55,1,2,1
82,5,21,1,3729,39,0,36,2,1,1
25,1,18,1,7949,16,0,23,1,1,0
85,1,16,1,666,11,0,38,1,1,1
37,3,22,1,1014,2,0,16,1,1,0
24,1,21,3,3698,116,0,32,2,1,0
28,1,20,3,1649,10,0,40,2,1,1
24,1,21,3,1546,11,0,40,1,1,1
43,2,22,1,2519,123,0,21,2,1,0
22,1,16,5,7199,107,17,22,1,1,0
53,1,13,1,903,182,0,54,1,1,1
71,1,12,3,2699,48,3,44,2,1,0
29,1,19,5,1247,62,0,15,2,9,0
47,3,19,1,364,4,5,13,2,1,0
32,2,20,3,3955,144,0,52,1,7,0
61,5,22,1,860,15,0,38,2,1,0
48,1,20,2,368,393,4,42,2,1,1
39,7,10,5,8714,35,0,38,2,1,0
25,1,23,5,670,163,11,35,1,1,0
54,1,22,1,3939,64,0,65,1,1,1
46,6,21,1,409,52,3,38,2,1,0
39,2,19,1,6087,147,2,20,2,1,0
44,1,19,1,1472,223,0,45,1,1,0
39,2,22,4,5707,60,0,40,1,1,1
86,3,20,1,2370,15,0,76,2,1,1
37,3,22,1,3486,2,0,46,1,1,0
38,2,16,1,5635,107,0,49,1,1,1
39,1,20,1,6244,2,1,27,2,1,0
61,1,19,1,4555,71,0,39,1,1,0
38,1,16,1,781,74,2,63,1,1,1
42,1,18,5,1315,177,0,12,1,1,0
60,1,16,1,8641,199,0,58,1,1,0
32,1,18,1,8432,72,0,36,1,1,0
48,3,19,5,879,58,0,36,2,6,0
52,1,21,5,3710,161,0,40,1,1,1
21,1,21,5,1202,71,1,38,2,1,0
43,3,18,1,1083,31,0,24,2,1,1
60,1,18,5,6233,16,0,25,1,1,0
75,5,19,4,4941,62,0,47,1,1,1
67,1,19,4,3263,40,0,48,1,1,0
43,6,17,1,3766,8,0,42,1,1,1
26,1,15,1,4541,2,1,38,2,1,0
28,1,11,5,9398,224,0,33,1,1,1
85,2,17,1,3516,1,0,37,1,1,1
43,1,17,5,531,49,0,52,1,2,1
43,1,23,2,6259,10,0,43,2,2,0
27,1,17,1,7516,22,3,19,2,1,0
29,1,18,5,4744,13,0,26,1,1,0
51,1,15,1,2707,3,1,38,1,1,1
50,1,16,5,8668,19,0,16,2,1,0
37,1,17,3,7468,118,0,11,1,6,1
20,1,15,5,7856,83,0,51,1,6,0
33,1,21,5,7032,17,0,20,1,1,0
37,6,15,1,5098,2,0,48,2,1,0
50,1,21,5,2794,69,0,63,1,1,1
40,1,22,1,4832,47,2,33,2,1,1
63,1,14,1,1101,108,0,33,1,1,1
25,1,20,3,774,188,1,39,1,1,1
46,1,13,5,7272,68,0,36,1,1,0
42,1,17,1,8627,81,4,19,1,1,0
36,1,16,5,2907,24,0,38,1,1,0
71,7,22,1,1115,43,0,58,2,1,1
23,1,15,5,6462,165,1,32,2,9,0
25,1,22,5,7733,11,0,41,2,8,1
37,1,20,1,4164,4,0,43,2,1,1
27,7,17,5,3265,11,15,55,1,1,0
31,1,17,1,8113,2,0,38,1,1,1
50,2,13,5,7512,39,0,38,1,1,0
49,1,22,2,360,29,0,46,2,1,1
40,1,9,5,9478,6,6,30,1,1,0
61,1,23,5,629,92,0,38,2,2,1
60,1,16,1,3212,90,0,60,1,1,0
50,1,17,5,6229,13,0,49,1,1,0
21,1,21,1,3665,55,16,51,1,1,1
47,2,22,1,2844,63,0,48,1,1,1
56,5,18,5,4931,152,0,28,1,2,0
72,1,17,1,1853,78,0,39,2,1,1
39,1,22,5,2597,21,0,56,2,1,1
31,7,17,1,3407,10,0,41,1,1,1
76,4,18,4,4555,9,0,51,1,1,1
59,6,19,1,9556,47,0,51,2,1,0
40,4,19,1,1601,52,5,48,2,1,0
27,1,20,5,1723,2,11,38,1,1,1
59,4,22,1,2792,81,0,20,2,1,0
50,1,23,1,5130,8,0,47,1,1,1
29,1,18,3,677,4,13,20,1,2,0
37,1,23,1,1981,2,0,38,1,1,1
49,1,19,1,831,79,3,27,2,8,1
38,1,21,5,744,31,1,27,2,1,0
72,6,22,1,2399,33,0,46,2,1,0
23,3,16,5,6650,191,17,36,1,1,0
57,1,20,5,1794,23,0,52,1,8,1
45,1,17,1,5303,1,0,52,2,1,1
37,3,21,1,1958,35,0,49,1,1,0
42,1,21,1,384,7,14,56,2,1,0
46,5,12,5,1625,91,0,27,1,1,0
59,1,20,1,788,82,0,44,2,8,1
42,2,17,1,1357,467,0,30,1,2,1
37,2,22,1,7896,65,0,37,1,1,1
23,1,16,5,5973,10,0,35,1,1,1
50,1,17,5,2465,61,0,48,1,6,0
39,1,20,5,4363,27,0,27,2,6,0
45,4,19,1,1712,116,15,46,2,1,0
31,1,20,1,4011,244,6,37,2,1,1
70,2,22,4,1935,110,0,33,1,1,1
54,4,20,5,7359,2,0,21,2,1,0
51,1,20,5,7936,99,0,14,2,1,0
44,6,20,1,114,7,0,13,2,1,0
67,5,22,1,5012,46,1,44,1,1,1
22,2,21,1,6839,17,0,29,2,1,0
34,2,19,5,597,4,0,56,1,1,1
71,1,22,5,569,151,0,41,2,1,1
61,6,23,1,438,23,0,40,1,1,0
36,6,22,5,4597,15,0,33,2,1,0
26,5,22,1,3557,259,0,52,1,1,0
23,1,20,1,155,2,0,24,2,1,0
19,1,20,5,2850,235,2,58,1,1,1
52,1,18,1,6019,1,0,35,1,1,1
52,1,17,1,4569,4,0,17,1,1,1
26,1,16,5,2042,55,0,22,2,3,1
42,1,14,1,9768,384,15,34,1,1,1
41,1,20,5,4877,37,0,54,1,1,0
35,7,20,1,1177,35,0,11,2,1,1
35,1,18,5,6012,476,0,55,1,1,0
18,1,18,5,3719,6,1,32,1,8,0
72,1,19,1,1263,37,0,63,1,1,1
22,2,17,5,1253,12,16,5,2,1,0
47,1,16,1,8562,11,0,30,1,2,0
23,1,15,5,5493,20,0,45,2,1,0
25,1,21,5,175,29,0,25,1,6,1
41,1,18,5,3948,185,0,49,2,2,0
36,2,21,1,591,54,2,30,1,1,1
66,1,19,1,7280,73,0,26,2,6,1
40,1,16,1,4770,82,8,35,1,1,0
20,1,17,5,2427,6,0,48,2,1,1
34,1,14,5,9830,275,9,19,1,1,0
25,1,18,3,8101,14,16,34,1,8,0
45,1,20,5,6863,142,0,42,1,1,0
25,1,21,5,7967,102,1,17,2,1,0
61,7,21,1,6285,1,0,23,1,2,0
35,1,21,5,8504,1,0,38,1,6,0
73,2,19,1,1008,7,0,51,2,1,1
30,6,21,5,4427,39,1,57,1,1,0
44,6,13,5,5803,76,1,33,2,1,0
58,4,21,4,453,21,0,30,2,1,0
20,1,21,1,429,103,11,34,2,1,1
32,1,8,3,7767,50,0,35,1,1,0
19,3,23,5,5542,3,0,22,1,1,1
44,3,18,3,1573,46,0,38,1,1,1
34,2,12,1,7532,120,0,49,1,1,0
28,5,16,3,9563,2,15,29,2,1,0
55,1,16,1,5494,23,0,26,2,1,0
34,1,19,3,1288,159,0,36,2,8,1
31,1,11,3,4203,74,17,54,2,1,0
34,3,20,1,341,138,0,23,2,8,0
80,1,23,1,5493,7,0,31,2,1,1
40,2,14,5,8917,12,0,44,1,1,0
38,1,4,2,4954,64,0,24,2,1,1
74,1,21,1,701,50,0,36,2,1,0
28,1,17,5,4981,24,2,38,2,6,0
63,1,14,1,8655,125,0,39,1,1,1
30,2,21,1,3951,107,0,35,2,2,0
18,5,11,5,7597,89,0,20,1,2,0
59,1,17,1,7259,217,0,35,2,1,0
32,1,21,5,1606,7,14,38,1,1,0
40,1,14,5,3010,2,0,31,1,1,0
48,2,21,1,2099,96,0,49,2,1,1
37,1,20,1,1331,278,0,38,1,2,0
44,4,21,1,2630,84,0,54,1,1,1
18,1,19,3,7692,106,0,52,2,1,0
60,6,15,1,9818,53,7,49,1,1,0
63,2,19,1,2763,314,0,50,2,1,1
76,1,24,1,89,289,0,67,2,2,1
66,1,21,1,1385,28,0,42,2,1,1
36,4,24,5,102,12,0,34,2,1,0
55,3,13,1,8466,4,13,22,2,1,1
64,1,23,3,17,64,0,46,1,6,0
58,6,10,1,6060,24,0,45,1,1,1
35,1,21,1,6050,7,0,51,1,1,0
65,1,13,1,702,37,0,27,2,1,0
52,3,21,3,1371,40,0,39,1,2,0
24,1,17,5,2961,8,1,19,2,1,0
26,1,16,5,1547,53,5,39,1,6,0
29,1,19,3,9614,141,16,30,2,1,0
61,1,15,1,945,69,1,49,2,2,0
49,1,19,1,5139,83,0,51,1,1,1
40,1,23,3,6335,210,0,10,2,1,0
66,1,17,1,9685,31,4,53,1,1,0
19,1,20,5,6862,4,10,51,1,9,0
59,6,15,1,5722,328,0,42,1,1,0
34,5,21,1,423,164,0,26,2,1,0
32,6,21,5,3926,203,17,7,1,2,0
20,1,8,1,9503,99,0,26,1,6,0
28,4,21,5,811,83,0,25,1,1,0
50,1,13,1,3993,113,0,47,1,9,1
61,5,17,1,6223,69,0,22,1,1,0
35,1,20,1,6751,17,0,36,2,1,1
74,1,14,1,3848,150,0,33,1,1,0
32,1,20,1,3063,5,0,35,2,1,0
55,1,21,1,885,58,0,59,1,1,0
20,1,20,5,1793,4,0,61,2,1,1
35,1,20,1,8972,15,14,29,2,6,0
35,7,18,5,2917,12,0,35,2,1,0
48,1,22,3,4145,125,10,40,1,1,1
59,1,21,5,83,19,0,52,2,1,0
32,1,16,1,9602,259,14,41,1,1,0
41,1,19,1,2537,111,0,40,2,1,0
65,7,22,1,445,8,0,56,1,1,1
50,1,20,1,1401,149,0,28,1,2,0
31,1,20,5,4733,81,16,21,2,1,0
82,1,21,2,313,32,0,43,2,1,1
27,1,18,5,8200,64,8,49,1,2,0
32,1,20,1,2230,69,0,57,2,8,1
21,1,19,5,9546,2,9,9,2,1,0
27,4,17,1,7449,283,0,35,1,1,0
29,3,16,1,3293,15,1,20,1,1,0
38,1,20,1,1702,43,0,47,2,1,0
20,1,19,1,2091,125,17,36,2,6,1
57,6,20,1,3228,100,0,33,1,1,1
47,1,20,1,4632,182,1,38,2,1,1
23,1,17,1,4131,20,3,62,1,1,0
26,3,18,3,5071,30,0,42,1,1,0
30,1,11,1,1868,57,0,18,2,1,0
38,1,20,1,5805,101,0,41,1,1,0
54,1,13,5,7987,2,1,21,2,1,0
36,5,14,1,6254,14,0,60,1,1,1
51,3,22,5,8691,2,0,38,2,1,1
76,2,21,1,3321,95,0,55,1,1,1
30,6,20,5,436,183,0,20,1,1,1
29,7,20,5,6648,59,0,30,2,1,0
23,6,18,5,5272,69,16,51,1,1,0
29,1,20,1,5734,1,0,15,2,1,0
35,1,20,5,8052,123,0,32,2,1,0
26,1,20,5,3914,128,0,19,2,1,0
53,1,21,1,5754,4,2,22,2,1,1
65,5,21,1,182,67,0,27,1,1,1
41,1,20,1,3899,4,5,35,1,1,0
59,1,22,1,1358,21,0,44,2,9,0
61,4,18,1,1055,35,0,73,2,1,1
53,1,15,2,6933,48,0,32,2,1,0
45,1,16,1,5775,21,0,27,1,1,1
30,4,23,5,14,146,0,55,1,1,1
60,4,21,5,1346,16,0,27,2,1,0
37,1,17,1,2510,208,0,41,2,1,0
41,7,22,1,2083,124,0,42,1,1,0
70,7,22,1,1175,28,0,45,2,1,0
31,6,20,5,1285,12,0,34,2,1,1
33,1,14,5,5791,9,0,40,2,1,1
31,1,20,5,2640,76,0,27,1,1,0
43,1,20,1,2234,104,0,44,1,1,0
48,7,17,1,1632,2,0,50,1,1,0
54,1,23,1,808,55,0,33,1,2,0
44,1,22,1,9200,9,1,43,2,1,0
33,1,13,5,2090,2,2,32,2,1,0
58,1,19,1,5653,2,10,39,2,9,0
33,1,17,2,7258,51,0,42,2,1,1
47,1,18,1,4055,63,0,47,1,1,0
36,1,20,5,2324,8,0,28,2,1,0
42,1,16,1,5343,139,0,43,2,1,0
68,5,20,1,2470,90,0,56,1,1,0
58,1,23,1,2529,54,1,50,2,1,1
25,2,21,5,1018,34,3,29,1,1,0
33,1,21,5,6088,11,0,66,2,1,1
21,1,11,5,5836,380,5,45,1,1,0
67,2,19,1,7434,8,0,34,1,1,0
74,1,16,3,9226,60,2,30,1,1,0
50,1,20,1,9046,84,14,5,1,1,0
36,1,21,1,1005,9,0,51,2,1,1
37,7,20,1,6700,9,0,46,1,2,0
28,2,19,5,5325,92,0,47,2,1,1
39,1,16,1,5012,54,4,46,1,6,0
53,1,18,1,5973,101,0,32,1,1,1
44,6,20,3,300,5,10,59,1,1,1
38,6,14,5,4391,66,0,46,1,1,1
33,3,23,1,5696,45,17,43,1,1,1
64,1,22,2,2230,155,14,44,2,1,0
30,1,17,3,3186,23,17,24,1,1,1
33,1,17,1,4738,1,0,30,1,1,0
23,1,16,3,4785,26,1,39,1,2,0
64,1,16,1,6944,462,0,38,2,1,0
58,1,20,1,8313,152,0,89,1,1,1
49,1,17,1,4516,13,16,34,2,1,1
34,1,19,5,1623,1,0,42,1,1,1
37,1,12,3,8760,125,3,61,1,1,1
46,1,22,1,1729,40,0,46,2,1,0
18,5,21,5,1606,100,0,14,2,2,0
64,1,21,1,1028,49,0,26,1,1,1
77,4,20,1,4843,20,0,30,2,1,0
70,1,21,1,8872,24,0,35,1,1,1
26,1,22,5,346,143,2,33,2,1,1
36,1,18,1,7981,51,0,49,2,1,0
55,1,11,5,8988,3,0,32,2,1,0
42,1,21,3,3269,171,17,23,2,1,0
23,5,19,5,3765,58,0,40,2,1,0
66,1,19,4,2160,54,0,43,1,1,1
32,1,20,1,7438,61,0,51,2,1,0
25,1,19,5,6180,52,0,17,1,1,0
66,1,19,1,186,39,0,52,2,1,1
64,1,21,1,1627,455,0,55,1,1,0
60,4,18,5,2938,121,0,49,2,1,0
41,1,21,3,2212,317,0,29,1,1,1
51,1,21,3,770,365,0,46,1,9,1
52,7,21,5,113,128,0,23,2,1,1
62,2,23,1,1426,159,0,22,1,1,0
40,1,21,1,7124,69,0,23,2,1,1
52,1,22,1,659,38,0,56,2,1,1
54,1,18,1,5889,74,0,44,2,1,0
43,5,22,5,4372,87,0,44,1,1,1
40,1,18,3,4029,16,0,30,1,1,0
19,2,22,3,3365,19,1,50,1,1,0
27,6,15,1,8014,81,1,43,2,1,0
58,3,20,1,1158,9,0,42,2,1,1
29,1,17,1,2172,19,0,40,1,1,1
31,1,23,1,3247,59,3,41,2,1,1
58,1,17,1,4423,54,0,40,2,1,0
41,1,23,1,71,2,0,55,2,2,1
59,1,23,1,2109,37,0,35,2,1,0
42,1,17,1,9139,3,0,56,2,1,1
56,1,19,1,4232,48,1,28,2,1,0
21,1,16,5,8571,163,0,35,2,1,0
36,2,22,1,2702,100,0,20,2,1,0
25,3,21,3,5748,15,0,42,2,1,1
48,2,10,5,4014,159,0,30,2,1,1
33,2,18,5,4011,55,0,57,2,1,1
34,1,18,1,8152,171,0,59,1,1,1
43,1,15,1,5791,10,2,45,2,1,0
25,1,15,1,9184,101,0,33,2,1,1
67,1,19,1,8589,78,0,56,1,1,1
31,1,17,5,6833,443,3,63,1,1,1
47,1,14,1,7303,63,7,50,2,1,0
50,1,22,3,1426,460,0,48,1,1,0
47,7,22,1,2109,7,0,51,2,1,1
47,1,20,1,5225,19,0,44,2,2,0
30,1,18,3,4873,353,1,23,1,1,0
43,1,15,4,5030,153,0,27,2,1,0
55,1,18,1,5508,7,16,33,2,1,1
32,1,21,3,549,45,6,33,1,1,0
24,7,16,1,7319,2,0,27,1,2,0
41,1,15,1,6567,40,17,38,2,6,0
41,1,19,1,2390,127,0,35,1,1,0
50,1,12,1,937,54,1,40,1,1,0
30,1,21,5,7976,24,0,34,1,1,0
71,1,20,1,5333,60,0,45,1,6,1
43,1,19,1,1340,94,0,47,2,1,0
36,1,21,5,4219,8,0,38,1,1,0
36,1,8,4,7589,20,7,43,1,1,0
56,6,22,3,2194,68,0,33,2,1,1
71,6,18,1,603,88,0,56,2,2,0
25,1,22,1,6055,247,0,59,1,1,0
56,1,13,1,4439,345,0,31,1,6,1
25,1,20,1,3640,47,1,22,2,1,0
31,7,19,5,4327,36,0,50,1,1,0
80,1,21,1,7392,104,0,41,1,1,1
39,3,20,5,2167,12,0,41,1,1,0
65,1,23,1,1065,34,5,22,1,1,1
25,1,18,5,4563,4,3,39,1,1,1
45,7,22,3,5675,32,0,2,2,1,0
55,4,21,1,924,499,0,67,1,2,1
43,1,17,1,1317,21,0,19,2,1,0
29,1,21,1,797,10,3,36,2,1,0
29,1,15,1,8941,56,5,26,2,1,0
43,1,16,1,3056,132,0,64,1,1,0
83,2,21,1,657,67,0,44,2,1,0
49,4,20,1,2700,6,17,43,2,1,0
27,1,20,1,4285,28,14,50,2,1,0
47,1,19,1,7423,173,0,57,1,1,0
48,1,22,1,1665,159,0,49,1,1,1
27,1,16,5,1096,1,0,28,1,2,0
58,1,15,5,2596,148,0,59,2,1,0
36,1,22,1,5399,174,0,63,1,1,0
51,1,22,3,188,30,3,21,2,1,0
39,6,19,5,3102,8,0,47,1,1,0
24,1,14,3,8153,87,3,28,2,9,0
67,4,23,1,3243,31,0,37,1,1,1
59,1,17,5,6662,131,5,68,1,2,1
29,1,21,5,3850,325,1,26,2,2,0
47,1,22,1,5242,126,10,55,2,1,0
75,1,19,1,162,1,0,37,1,1,1
51,1,17,3,5410,9,7,42,1,1,0
43,2,14,1,2283,52,0,29,2,2,0
54,4,20,3,4829,43,9,11,2,1,0
33,1,20,1,1285,27,0,28,2,1,0
44,1,15,5,7811,32,15,33,2,1,0
35,1,13,1,8167,226,8,37,1,2,0
27,1,22,1,8132,19,17,36,2,1,0
67,1,19,1,696,193,0,42,2,1,1
26,1,21,3,539,41,0,41,1,1,0
43,1,21,4,485,237,0,37,2,1,0
54,1,19,1,8314,54,0,38,1,1,1
42,6,20,3,1070,56,0,36,2,1,0
64,7,22,3,2298,6,0,45,2,1,1
43,1,18,1,6563,1,0,7,2,1,0
47,1,16,5,1769,220,0,45,2,1,0
46,1,22,5,2555,47,0,24,2,1,0
31,1,19,3,262,25,0,44,2,1,1
46,2,21,5,7084,15,0,30,2,1,1
34,1,17,1,7178,9,5,46,2,1,1
67,6,22,1,3131,4,0,45,2,1,0
70,3,16,3,4280,14,0,56,2,1,0
46,1,15,5,8057,2,0,37,2,1,0
62,7,19,1,2243,15,0,50,2,1,1
22,1,16,5,5856,54,0,23,2,1,0
22,1,17,3,1138,64,0,39,2,6,0
38,1,19,5,3975,67,0,25,2,1,1
25,1,20,5,933,51,0,41,2,1,0
18,6,20,5,5998,3,5,26,2,1,0
36,7,21,1,3037,75,0,45,2,1,1
60,7,20,1,4251,60,0,48,2,1,0
67,1,11,1,2723,211,0,34,1,1,0
60,3,21,1,4085,14,0,51,1,1,0
34,4,17,1,6114,6,0,38,1,1,1
62,1,22,5,6648,4,0,33,2,1,0
59,2,11,1,1464,3,0,28,2,1,0
55,1,19,1,3127,54,0,37,2,1,0
39,1,23,1,607,12,0,44,1,1,0
39,1,22,1,1321,16,0,47,2,6,1
43,5,22,1,5437,72,17,20,2,1,0
51,3,23,1,3607,431,0,41,1,1,0
27,2,23,5,219,23,0,37,1,1,1
64,1,19,1,4820,48,0,28,1,9,1
44,6,18,1,257,5,0,37,2,1,1
35,1,18,5,1858,244,0,17,2,1,0
56,6,21,3,8075,21,0,30,1,9,1
73,1,22,1,3529,406,0,26,1,1,0
38,3,20,1,609,13,0,57,1,1,1
89,1,22,1,2145,4,0,42,2,1,0
52,4,18,1,9691,8,2,57,1,1,0
43,1,19,1,3328,119,0,20,2,1,0
23,2,17,5,3015,41,0,64,1,1,1
79,1,22,5,1224,142,0,48,1,1,1
27,1,17,5,8468,13,0,4,1,1,0
24,1,20,5,4140,110,0,40,1,1,1
57,5,21,1,4109,92,0,68,1,1,0
20,1,13,3,8697,28,0,36,2,1,0
41,7,17,1,6120,22,0,51,1,1,0
37,2,21,1,442,17,0,15,2,1,1
56,1,18,5,3877,118,0,41,1,1,0
62,1,16,1,6128,169,0,44,1,6,0
79,7,21,2,6317,76,0,37,2,8,1
37,1,17,5,4084,9,0,38,2,2,0
35,1,22,1,1714,99,7,25,2,1,0
46,7,20,1,1243,19,5,21,2,2,1
75,1,14,1,3209,554,0,39,1,1,0
52,1,20,3,4817,92,0,38,1,1,0
28,1,18,1,6139,295,0,27,2,1,1
65,1,15,1,9671,9,9,37,2,6,0
53,1,18,2,4536,54,0,37,2,1,1
34,1,20,1,5413,64,0,29,2,1,0
31,1,20,5,3525,12,2,28,1,1,1
74,3,17,5,7655,104,0,53,1,1,1
67,1,12,1,8753,21,0,38,2,1,0
59,1,21,3,6404,5,0,20,1,1,0
39,7,22,1,1839,110,0,34,1,1,1
55,2,15,1,3321,43,2,48,2,9,1
56,2,18,2,2145,16,0,52,2,1,1
32,1,15,1,7216,158,0,39,2,2,0
33,1,18,5,5521,78,0,45,1,2,0
52,3,19,1,3931,16,0,45,1,1,0
23,1,20,1,8036,35,0,61,2,2,0
27,1,20,1,3094,84,2,34,1,1,1
50,1,19,1,3219,59,0,32,2,1,1
38,1,20,1,5392,78,0,20,2,1,0
57,1,21,1,4119,30,0,69,1,1,1
24,1,18,5,9420,21,17,52,1,1,0
35,1,12,1,4950,418,0,39,1,1,0
30,1,21,3,955,13,0,31,1,2,0
58,1,14,1,7627,44,0,43,2,1,0
35,6,19,1,1192,18,1,52,2,1,0
20,1,15,5,8526,14,15,34,1,1,0
43,1,15,5,656,98,0,39,2,1,1
53,1,14,3,4846,148,16,27,1,1,0
77,1,21,1,6125,49,4,41,2,1,1
55,1,23,1,4953,12,0,47,2,1,1
46,2,20,3,7594,554,0,29,2,1,0
65,2,21,1,5869,420,0,39,2,1,0
41,3,19,1,4452,2,0,54,2,1,0
36,1,19,1,4378,294,0,45,2,6,0
72,1,24,3,186,17,0,49,2,1,1
28,1,23,1,451,70,0,35,1,1,0
72,6,19,1,9680,30,0,7,2,1,0
25,1,16,5,2640,174,8,58,2,1,0
68,1,21,1,2850,64,12,58,1,1,1
36,1,19,5,8203,1,7,40,2,1,0
59,7,18,1,3078,96,0,33,2,1,0
80,1,21,4,5022,120,0,44,1,1,1
27,1,21,5,8397,28,0,52,2,9,1
32,1,18,1,9587,19,0,38,1,1,1
40,1,21,1,6091,10,0,39,1,1,0
23,1,19,5,1545,5,7,32,2,1,0
22,1,21,3,4354,163,16,11,2,1,1
48,1,19,1,6818,139,17,35,1,1,0
56,1,14,1,8778,160,0,23,1,2,0
35,3,23,1,118,13,0,36,2,1,0
50,1,20,1,6612,172,17,31,2,1,1
32,1,20,1,4389,276,3,37,2,1,0
40,3,22,1,3027,4,0,46,1,1,0
18,1,15,5,1889,13,3,14,2,1,0
27,1,13,1,6892,11,0,38,1,1,0
39,1,19,3,6245,102,0,56,1,8,1
30,1,16,5,4391,95,0,28,2,1,0
38,4,22,5,2132,1,0,20,2,1,0
29,2,19,1,4249,11,0,45,2,2,0
41,3,19,1,1570,33,0,30,2,9,0
41,6,20,1,827,12,0,39,1,1,0
56,3,21,1,1345,73,0,55,2,1,0
79,1,18,2,1655,94,0,25,1,2,0
50,1,21,1,219,6,9,34,2,5,0
47,2,21,1,4024,66,2,54,2,1,0
43,7,23,3,738,104,0,27,1,1,1
42,6,17,5,2770,11,0,51,1,1,0
68,1,21,1,6620,95,0,58,2,1,1
39,1,19,3,229,6,4,17,1,1,0
73,3,15,1,9143,26,0,45,1,2,0
65,7,17,1,2872,57,0,37,2,1,0
44,1,17,5,2103,137,0,46,2,1,0
45,1,16,1,1454,194,0,61,1,2,0
69,1,20,1,2456,8,0,20,1,2,1
42,1,11,1,5356,2,2,30,2,1,0
54,1,17,1,4267,34,0,31,1,9,0
76,5,20,4,226,28,0,21,2,1,0
26,1,16,5,6112,427,3,41,2,1,0
50,6,23,5,3109,254,0,37,1,1,1
43,4,22,1,6794,6,11,41,2,1,0
33,5,21,3,1944,12,0,28,1,1,0
17,1,16,5,4327,8,9,20,1,1,0
48,6,20,3,1139,24,0,22,1,1,0
35,2,17,3,3417,148,0,41,2,6,0
42,1,13,1,8822,34,0,56,1,1,1
55,7,22,1,1098,107,0,26,1,1,1
37,1,20,1,7019,44,0,43,2,1,0
22,6,18,5,1564,1,0,56,2,1,1
63,1,23,5,769,18,0,49,1,1,0
51,6,20,5,7024,31,0,38,2,2,0
41,2,22,5,3444,226,0,29,1,1,1
39,7,23,5,125,48,0,21,1,6,1
72,1,19,1,5936,12,0,38,2,1,0
34,1,18,1,5238,12,13,27,2,2,0
36,1,15,5,788,22,0,45,1,1,1
34,1,22,5,5927,115,3,32,1,1,1
62,1,19,5,6188,162,0,35,1,1,1
36,1,14,1,3715,12,0,14,1,1,0
53,1,20,1,4277,34,13,29,2,1,1
53,1,16,1,2103,100,17,30,2,1,1
63,4,20,3,83,5,0,39,1,2,1
36,1,17,5,7194,3,0,30,1,1,1
67,8,21,1,3052,392,0,45,2,2,1
41,6,8,5,6576,19,0,44,2,6,0
27,3,17,5,3612,172,0,30,1,8,0
27,1,18,5,7598,4,0,40,2,2,0
38,7,20,1,6345,9,0,29,1,1,1
35,7,13,1,5258,3,0,38,1,1,0
31,1,9,3,979,12,9,52,1,1,0
72,1,23,1,3060,73,0,44,1,1,1
22,1,22,5,7834,13,0,14,1,1,0
34,1,13,5,8368,269,0,35,2,2,0
68,4,18,1,8625,123,0,42,2,1,1
68,6,22,1,6453,99,0,37,2,1,0
67,1,13,1,8430,44,0,29,2,9,0
85,3,21,2,6108,151,0,63,1,1,1
49,1,19,1,5080,10,0,61,2,1,0
53,1,21,1,3126,80,0,46,1,1,1
55,1,18,1,6082,275,0,39,1,1,0
32,2,21,5,1285,64,0,56,1,1,1
60,1,23,1,3278,138,0,59,1,2,1
55,1,19,1,1301,6,0,32,2,2,1
41,2,19,3,489,19,0,35,2,1,1
81,1,19,1,8126,37,0,41,1,1,1
23,1,13,1,3790,26,12,38,2,1,0
35,1,21,1,3264,193,0,43,2,1,0
41,1,20,1,885,148,0,35,2,1,0
30,1,20,5,318,29,0,32,1,2,1
54,1,13,3,3748,3,0,47,1,1,1
67,1,17,1,1738,229,0,59,1,1,0
36,5,20,5,3363,1,0,41,2,1,0
32,1,20,5,7163,20,0,18,1,6,1
50,1,19,1,9307,4,0,37,1,1,0
30,1,20,5,6404,31,16,36,1,6,0
26,1,16,5,5546,7,0,33,1,1,0
26,1,10,1,6231,6,17,15,2,6,0
52,1,22,1,3134,5,0,42,2,1,0
27,1,20,3,315,9,0,38,1,1,0
65,1,20,1,6075,85,0,31,1,1,0
41,1,12,5,9640,168,0,34,2,1,0
54,5,16,5,7015,229,0,48,1,1,0
77,1,18,2,1553,52,0,44,2,1,0
53,2,19,1,6656,20,0,36,1,6,0
39,3,20,1,786,4,0,46,2,1,1
34,1,17,5,4271,8,0,36,2,1,0
39,1,22,5,844,121,5,34,1,6,0
42,6,22,5,6312,1,0,32,1,1,0
20,2,22,5,3215,132,0,46,1,8,1
24,1,16,5,5823,203,13,31,1,1,0
72,2,22,1,1193,30,0,40,1,3,1
46,1,23,5,43,31,0,27,2,1,1
30,1,21,5,2669,111,0,55,1,1,1
24,1,21,5,883,17,0,57,2,1,0
21,1,20,1,3081,77,0,44,2,1,0
43,1,19,1,1372,8,0,69,1,1,1
25,1,13,1,2260,58,2,43,2,1,0
47,4,21,1,5336,4,0,26,2,6,0
50,3,20,5,1021,20,0,25,1,1,1
32,1,21,1,417,115,8,40,1,1,0
38,1,22,1,5475,178,0,42,1,8,0
19,1,20,5,4141,24,17,6,2,2,0
55,4,24,1,57,11,0,47,1,1,1
23,1,22,5,6677,8,17,28,2,1,0
56,1,19,1,856,29,1,44,2,1,1
64,1,18,5,6721,40,0,72,1,1,0
73,1,18,2,6839,31,0,30,2,1,1
28,1,22,3,3288,14,0,59,2,1,1
53,2,17,5,3481,63,0,49,1,1,0
41,1,15,1,2729,8,0,42,1,1,0
54,1,18,5,809,11,0,35,1,2,0
42,1,19,3,7778,6,0,49,1,1,0
23,1,12,1,3404,5,0,24,1,1,0
35,1,22,1,6827,145,0,26,1,1,1
26,1,23,1,6339,65,12,26,2,1,0
47,1,18,1,1647,56,0,56,1,1,1
47,1,15,1,8415,521,0,46,1,6,0
78,7,18,1,9497,10,1,34,2,1,0
66,4,17,1,688,3,0,34,2,1,1
43,2,20,3,1372,59,0,30,1,1,0
33,1,17,5,1415,110,0,33,2,1,0
56,1,17,1,7433,5,0,19,1,1,0
58,4,21,3,4820,42,0,30,2,1,1
28,6,22,1,4105,163,2,37,2,1,0
42,1,16,1,7036,81,0,30,1,1,1
62,1,22,1,1425,29,0,39,2,1,0
20,1,18,1,4271,98,0,36,2,1,1
57,1,17,1,8292,65,0,54,1,1,1
59,3,17,1,1122,135,0,6,2,1,0
22,1,21,3,8115,16,16,32,1,1,0
73,1,22,1,4113,25,0,67,2,1,0
62,1,18,1,4261,80,0,45,1,3,1
67,1,15,1,4452,27,0,33,1,1,0
68,1,22,1,20,7,0,45,2,6,1
32,1,19,5,8537,32,0,35,1,1,0
38,1,15,3,2407,47,0,24,2,6,1
46,1,20,1,2664,1,0,32,1,1,0
24,5,21,1,1972,187,14,52,2,8,0
52,1,21,5,6426,221,0,36,1,2,0
34,1,14,5,2456,176,0,22,2,1,0
24,1,16,5,2140,33,0,35,1,1,0
19,1,22,5,992,15,17,30,2,1,0
44,1,23,1,1718,14,0,30,2,2,1
38,5,22,5,7290,10,0,45,1,1,0
52,1,22,1,5004,203,0,56,1,1,1
28,1,18,1,5335,97,0,38,2,1,0
36,1,23,1,936,110,0,49,1,1,1
61,1,22,1,404,93,0,54,1,8,1
19,1,15,5,9138,198,1,52,2,7,0
23,1,18,5,6895,61,12,42,2,1,0
64,6,13,1,6100,111,0,20,2,1,0
55,1,20,5,2059,289,0,52,1,1,0
22,1,20,5,149,15,0,38,1,1,0
62,1,23,1,2632,7,0,34,1,1,1
56,1,20,5,4626,22,0,40,1,1,0
43,1,14,5,1076,5,0,45,1,6,0
34,1,14,1,6797,374,0,20,2,1,0
20,1,12,1,6221,9,0,53,1,9,0
31,5,20,5,8296,7,0,47,1,1,0
21,1,21,5,1834,15,17,22,2,2,0
40,1,21,1,847,71,8,42,1,1,0
41,1,20,5,397,33,0,34,2,1,1
52,1,19,1,9543,16,0,45,1,6,0
46,6,14,3,3977,123,4,27,2,1,0
62,1,21,1,611,116,3,34,2,1,1
33,1,17,3,7306,141,0,2,1,1,0
54,1,23,1,21,27,0,49,1,3,1
41,1,17,3,4041,108,2,42,1,2,1
33,3,22,1,5053,182,0,37,1,1,1
71,1,22,1,3643,232,0,43,2,1,1
58,3,16,1,1597,82,0,25,2,1,0
52,3,21,5,6581,275,5,39,1,1,1
55,3,19,4,5178,3,0,49,1,8,1
42,1,18,5,8095,207,1,23,1,6,0
23,1,9,5,8608,2,0,6,1,1,0
39,6,17,1,6749,427,0,49,1,1,1
31,1,18,3,3696,275,0,46,1,8,0
31,3,19,1,5044,22,15,40,2,1,0
74,3,21,4,928,2,0,35,2,1,1
42,1,18,5,9830,280,0,53,2,1,0
38,2,21,5,3125,9,0,21,1,1,0
65,1,21,1,6782,82,0,46,1,1,0
38,1,14,1,6629,1,0,42,2,9,0
64,1,20,3,673,32,0,49,2,1,1
36,7,20,5,6069,16,0,62,1,1,1
39,1,17,5,5336,51,1,26,2,1,0
33,1,12,1,5769,45,0,30,2,1,0
61,1,19,1,7345,45,1,37,1,2,0
40,1,12,1,2872,197,2,14,2,1,0
33,6,18,5,8861,96,0,48,2,1,0
53,1,23,1,1539,184,0,35,1,1,1
48,5,18,1,7526,20,13,33,2,2,1
30,1,16,5,6363,202,1,28,2,1,0
42,6,19,1,422,6,0,49,1,1,0
40,1,18,5,3211,1,0,44,2,1,0
22,2,17,5,1036,19,7,15,1,1,0
37,1,17,1,4711,92,0,26,1,1,0
61,1,20,3,1761,28,0,40,1,1,1
82,5,21,4,4652,41,0,49,2,1,0
21,1,20,5,4610,52,0,38,1,1,1
30,1,17,5,2490,108,0,47,1,1,1
28,1,20,5,547,138,7,36,1,1,0
40,1,14,1,3008,77,5,50,1,1,0
69,1,19,4,5689,216,0,53,1,1,1
78,3,20,1,3477,226,0,36,2,1,1
20,1,19,1,2152,12,0,56,1,1,0
60,3,21,4,1339,81,0,13,2,1,0
72,1,20,1,5859,174,0,61,1,1,0
32,1,20,3,1442,167,0,31,1,2,0
32,5,23,1,237,8,0,56,1,1,1
19,3,22,5,8242,6,17,62,1,1,1
47,1,21,1,7032,25,3,47,1,1,0
37,1,17,3,1110,130,0,37,1,1,1
42,1,15,2,2672,109,0,32,1,1,0
42,6,21,5,1816,28,0,46,2,1,0
47,1,21,1,3071,193,15,46,2,1,0
41,1,18,1,6543,4,6,27,2,9,0
35,1,17,5,9312,5,0,11,2,1,0
66,5,22,1,6394,135,0,27,1,6,0
58,1,15,1,567,457,0,54,1,6,1
67,4,17,1,1672,101,0,54,1,1,0
54,1,17,1,7169,172,0,24,1,1,0
61,1,12,1,2753,144,1,51,2,8,0
42,1,21,3,4372,172,0,13,2,2,0
41,1,19,3,5933,132,0,29,1,1,0
45,1,16,5,4088,215,12,43,1,1,1
37,1,23,1,1088,42,16,48,1,1,1
44,1,22,3,409,35,0,34,2,1,1
35,1,14,1,7643,1,0,62,1,1,1
51,1,23,5,6807,82,0,40,2,1,0
33,1,19,5,4473,69,0,28,2,1,0
62,1,17,1,4706,187,0,47,1,1,1
33,1,13,5,5863,31,0,49,2,1,0
51,1,23,1,681,28,0,63,2,1,1
64,1,19,2,3197,34,0,57,1,1,1
51,2,19,1,3934,118,0,35,2,1,1
34,1,12,5,5021,103,6,31,1,8,0
64,2,20,3,6828,52,0,29,1,1,0
41,1,19,3,9120,3,10,63,1,1,0
51,1,18,1,4373,135,0,61,1,1,0
31,4,17,5,1502,88,1,47,1,2,1
53,3,17,1,7210,29,0,48,1,1,0
53,1,23,1,1004,98,0,47,1,2,1
51,1,20,1,3169,10,0,49,2,1,1
41,1,14,3,6663,289,0,37,2,1,1
29,1,20,5,273,26,0,51,2,2,0
36,1,18,3,911,1,1,39,2,1,0
54,1,15,1,7062,1,0,28,1,1,0
75,1,22,1,1406,23,0,63,1,1,1
79,1,20,1,3925,33,0,52,2,1,1
56,1,22,1,692,39,0,48,1,1,0
48,1,21,1,443,77,1,36,2,1,0
54,1,20,1,9016,118,0,37,2,1,1
54,1,16,1,8325,53,0,44,2,1,0
33,1,12,5,9320,11,0,44,1,1,0
24,2,21,1,5357,121,2,46,2,8,0
29,1,15,1,5300,109,0,37,1,1,1
43,1,20,1,2128,48,0,47,2,1,1
42,1,21,1,6973,6,14,46,2,6,1
29,1,21,2,1645,5,0,52,1,1,0
33,3,20,1,390,295,0,32,2,1,1
63,1,21,1,2633,138,0,46,1,1,0
28,1,19,5,666,56,0,17,1,1,0
58,2,17,1,6723,172,0,52,1,6,0
48,1,20,3,5664,9,0,22,2,1,1
22,1,17,5,1957,7,17,23,1,6,0
41,2,23,1,128,3,0,41,1,1,1
65,1,17,1,7216,213,0,48,1,6,0
41,1,12,3,7753,117,17,27,1,1,0
57,1,20,1,265,206,0,47,1,1,0
39,5,15,5,2037,83,0,36,1,1,0
33,6,16,1,8838,57,1,18,2,6,0
37,1,20,1,912,1,1,64,1,6,1
32,2,21,5,4025,18,0,35,1,1,0
32,1,18,1,6591,1,0,51,1,1,1
34,1,18,1,4295,3,0,44,1,1,0
42,2,16,1,1625,170,0,16,2,1,1
75,1,24,1,631,164,0,42,2,1,1
22,1,19,5,3370,9,0,33,1,1,0
25,1,21,3,3646,29,6,53,1,8,1
64,1,21,4,4936,27,0,33,2,1,1
36,1,24,3,426,9,1,28,1,1,0
61,1,14,4,9234,97,0,61,1,1,0
21,1,18,5,2562,139,0,32,2,1,0
39,1,19,1,8637,7,0,31,2,1,0
21,1,20,5,4171,97,2,44,2,1,1
67,4,19,3,5651,105,0,47,1,8,0
62,1,23,1,406,3,0,40,2,1,1
20,6,18,5,8522,11,17,43,2,1,0
35,3,20,1,216,22,0,37,1,6,1
47,3,21,1,6763,2,0,33,2,1,0
21,1,22,4,67,16,0,34,1,1,1
34,1,16,5,4442,21,5,41,1,1,0
17,1,19,5,903,1,0,1,2,6,0
33,1,22,4,841,60,0,36,2,1,0
58,2,21,1,3449,9,0,28,2,1,0
35,1,19,3,4663,120,0,47,1,8,0
69,1,11,1,6755,176,0,45,1,1,0
45,1,20,1,888,3,0,49,1,1,0
75,1,19,1,3137,16,0,51,2,1,1
55,3,18,1,5895,6,0,45,1,1,1
31,1,19,1,7117,253,14,43,1,1,1
55,1,16,1,5538,237,0,58,1,1,0
27,7,19,1,776,52,0,38,2,1,0
38,1,21,5,3811,5,0,25,1,1,0
38,1,20,1,3242,2,1,50,1,1,0
45,3,17,1,5670,21,0,33,1,1,0
18,1,16,5,4143,4,16,30,1,1,0
59,1,21,1,2873,25,0,29,2,1,0
66,7,21,5,3866,31,16,37,2,6,0
50,1,17,1,6182,10,12,37,1,1,0
50,4,17,1,3116,32,0,25,1,1,0
36,1,18,5,718,117,0,35,2,8,0
33,1,17,1,5195,132,17,26,1,1,0
74,2,20,4,1564,346,0,45,2,1,0
21,1,21,1,1707,15,11,48,2,1,1
48,1,15,3,823,34,0,44,2,1,0
26,1,14,3,844,32,10,22,1,1,0
23,5,19,5,2589,1,0,21,1,1,0
18,1,20,5,7590,5,0,46,1,6,1
36,3,21,5,2788,282,0,51,2,8,0
61,1,20,4,515,1,1,43,1,1,0
66,1,9,1,8117,60,7,51,1,2,0
20,1,23,5,3677,73,0,27,1,1,0
21,1,11,5,3470,40,4,12,2,2,0
52,2,18,5,4041,95,1,65,2,1,0
23,1,16,5,3683,167,1,28,2,1,0
34,3,19,1,2404,22,0,40,2,1,0
41,4,19,1,4436,63,0,32,2,1,0
67,3,24,1,4477,55,0,58,1,1,1
31,3,17,1,144,4,0,50,1,1,1
48,1,20,1,591,47,15,42,2,6,0
71,2,17,1,5700,18,0,23,2,6,0
50,3,23,1,480,2,5,43,2,1,0
43,6,23,1,5604,133,0,43,1,1,1
29,1,13,1,5057,64,4,34,1,1,0
41,1,18,1,3165,30,0,19,1,2,0
34,1,18,1,8063,299,0,29,1,1,0
25,2,20,5,854,8,0,37,1,1,0
49,1,20,1,2526,133,0,53,2,1,0
51,1,18,3,2187,13,0,30,1,1,1
31,6,19,1,6528,5,4,41,1,1,1
46,1,19,1,286,101,0,36,2,2,1
24,4,19,5,6851,26,0,33,1,1,1
49,4,21,1,3059,166,17,60,2,1,1
44,1,12,1,8958,4,0,26,1,1,0
44,1,20,1,5598,32,0,39,1,1,0
19,1,10,5,3555,185,16,36,1,1,0
39,2,17,1,9415,4,16,29,2,6,0
63,1,19,1,1257,61,0,41,1,1,0
34,1,16,5,4878,37,0,10,1,1,0
53,1,18,1,533,261,0,31,2,1,0
37,2,21,1,2048,25,4,43,1,1,0
27,1,18,1,1845,12,1,30,2,1,0
27,2,21,5,3658,51,0,23,2,1,0
41,1,19,5,8833,2,0,28,2,1,0
36,1,18,1,3819,177,14,54,1,1,0
43,1,22,3,2383,10,2,57,1,1,0
25,7,19,5,3442,49,0,21,2,1,0
40,2,19,1,406,15,0,62,1,1,1
26,1,17,1,7545,149,0,18,1,1,0
46,1,23,5,1193,32,0,35,1,8,1
67,2,17,1,3071,134,0,43,2,1,0
44,2,21,5,2338,12,0,53,2,1,0
28,7,22,1,1609,7,0,36,1,1,1
55,7,23,1,2212,101,0,30,2,6,0
72,2,15,1,5116,23,0,52,1,1,0
51,1,20,1,4178,76,0,49,1,1,0
27,6,14,1,7476,158,12,20,2,1,0
39,1,17,1,4119,1,5,42,1,1,1
34,1,23,5,3362,50,1,58,2,1,0
20,1,22,5,2806,4,0,27,1,1,0
57,6,21,4,6311,56,0,28,2,1,0
26,6,19,1,8109,70,8,34,2,1,0
40,1,20,4,5621,2,0,51,2,1,1
26,6,20,1,4946,86,6,45,2,2,0
49,1,10,1,4164,131,0,34,2,6,0
44,7,22,1,2807,35,0,63,2,2,1
19,1,8,5,6283,20,0,15,1,1,0
46,1,19,5,3175,18,0,38,1,2,1
30,1,15,2,6586,125,0,21,2,1,0
25,3,19,5,5765,70,0,38,2,1,0
33,1,21,5,1894,44,0,26,1,1,0
42,1,18,1,150,43,0,31,1,1,0
61,1,23,1,1537,79,0,44,2,1,0
32,2,13,1,5979,34,0,37,2,1,0
35,2,10,5,193,83,0,34,1,1,1
30,2,22,5,3556,149,0,39,1,1,1
59,1,20,3,6523,13,0,49,2,1,0
35,1,18,1,6963,101,14,37,2,1,0
51,6,14,5,4056,26,1,23,1,1,1
36,1,15,5,208,260,0,30,2,1,0
61,1,20,5,4216,3,0,21,2,1,0
24,1,21,3,3575,5,0,42,2,2,1
44,1,22,1,4659,4,0,58,1,1,1
57,2,23,3,2653,89,0,32,1,1,1
42,3,18,1,3867,121,0,19,2,1,0
31,2,18,1,3939,15,0,18,2,1,1
33,1,13,1,4277,64,17,23,2,1,1
22,1,21,5,1059,1,1,20,2,6,0
51,3,20,1,4794,122,0,39,1,1,0
56,1,20,1,1569,35,0,48,1,6,1
36,1,18,1,484,19,16,42,2,1,0
19,1,17,5,2590,12,16,56,1,1,0
81,1,21,1,480,13,0,40,2,1,0
36,1,18,2,8771,345,2,58,2,1,0
30,1,17,1,8043,10,0,33,1,1,0
26,6,13,3,1625,308,0,29,2,1,0
19,6,21,5,306,28,0,16,1,1,1
24,4,18,5,1111,134,1,48,1,8,1
26,6,20,3,7220,65,0,50,1,1,1
67,4,22,1,2875,83,0,59,1,1,1
68,1,21,1,3002,26,0,74,2,2,1
27,1,21,5,9373,9,15,9,2,1,0
35,1,19,1,144,1,0,51,2,1,1
34,1,22,1,40,6,0,44,1,1,1
37,2,22,3,3445,2,9,61,1,1,0
58,4,14,2,1433,111,0,55,2,1,1
50,1,23,1,6536,133,0,29,1,1,1
58,1,15,1,2616,188,0,29,2,1,0
33,1,19,5,6831,395,0,55,1,1,0
38,1,21,5,1130,71,17,64,1,1,1
26,2,24,5,2238,19,0,47,2,1,0
44,1,19,3,510,2,0,41,2,1,1
42,3,22,1,3309,342,0,50,1,6,0
30,1,23,5,3511,1,0,46,2,1,1
47,1,19,1,1183,32,0,42,2,1,0
41,1,21,1,3453,145,6,56,1,1,0
81,1,19,5,7368,51,0,25,2,1,0
25,1,20,1,2602,143,5,13,1,1,0
30,1,17,1,5547,87,10,7,1,8,0
26,1,20,1,6067,215,0,52,1,6,1
63,1,22,1,2991,139,0,47,1,2,0
71,5,17,1,6447,554,0,45,1,1,0
28,1,17,5,2325,96,0,44,1,1,0
75,3,19,1,6378,102,0,34,1,1,1
49,1,18,1,3582,163,0,36,2,2,0
38,1,17,5,8603,2,0,49,1,1,0
28,1,22,1,4351,5,0,47,1,1,0
40,1,17,1,5011,388,0,37,1,1,1
44,1,17,5,900,23,0,29,2,1,0
34,4,15,5,6435,7,0,54,2,2,0
48,4,20,5,8220,4,17,32,1,1,0
37,1,18,5,3838,33,9,25,2,1,0
27,1,22,1,7791,4,0,27,2,1,0
58,2,18,1,2143,16,0,49,2,1,1
56,1,13,1,9787,36,7,39,2,1,0
51,1,22,1,2253,24,0,54,1,1,1
46,1,20,5,909,4,0,45,2,1,0
21,6,18,5,5698,3,0,43,2,1,1
42,1,24,1,663,113,0,9,2,1,0
57,3,18,1,4447,38,1,30,2,1,1
60,1,20,1,6197,392,0,34,1,1,0
26,1,23,3,6204,28,0,44,2,1,0
43,1,20,1,4501,37,0,47,2,1,0
41,7,23,5,5421,86,9,24,2,2,1
34,1,20,1,3547,3,0,53,2,1,0
35,4,12,1,6918,477,0,34,2,2,0
29,1,21,1,56,25,0,47,1,1,1
37,3,18,5,7299,28,8,13,2,1,0
34,3,19,1,1015,6,0,13,1,1,0
37,3,22,1,2046,38,0,40,1,1,0
73,1,21,5,1010,14,0,20,2,1,0
25,3,14,5,7902,30,1,70,1,9,0
65,4,20,1,1600,179,0,56,1,1,1
54,6,20,1,1807,36,0,55,1,1,0
22,1,18,1,3024,58,0,17,1,1,0
21,1,19,5,4420,442,0,8,1,1,0
29,1,17,5,6709,1,0,35,2,9,0
53,3,23,1,1194,59,0,27,1,1,1
39,2,19,1,2965,61,0,32,1,1,1
30,1,21,5,5910,144,17,28,2,8,0
70,2,20,5,2458,1,0,46,2,1,1
37,1,18,1,6640,13,0,28,2,1,0
43,5,18,1,9635,43,0,53,1,1,1
47,6,21,1,333,17,0,53,2,9,0
64,7,21,1,5901,31,0,53,1,1,1
60,1,17,1,4550,3,0,19,2,1,0
87,6,17,1,5375,203,0,66,2,2,0
26,1,15,3,4798,55,0,15,2,1,0
54,1,12,1,5140,58,0,41,1,1,0
54,6,24,1,881,35,0,43,2,1,0
42,1,7,5,5136,31,0,42,1,1,0
81,1,17,4,3358,213,0,55,2,1,0
67,5,23,1,67,54,0,41,2,1,1
61,1,23,1,2466,57,0,47,1,1,0
86,1,18,1,5670,52,0,8,1,1,0
37,1,19,5,9738,14,0,60,1,1,1
32,1,19,1,6695,21,0,43,1,1,1
34,7,17,1,4513,10,0,24,1,1,0
32,1,16,1,3554,12,12,36,2,1,0
52,1,19,1,4048,88,0,36,1,1,0
51,1,20,1,583,1,0,45,2,1,0
32,1,22,5,1707,36,14,47,1,1,0
57,6,22,1,4065,130,0,34,2,1,0
19,1,16,5,6603,9,6,24,1,1,0
51,7,21,5,5966,10,0,63,2,1,0
51,1,18,1,7744,228,0,29,1,1,0
72,2,21,1,2224,27,0,62,1,8,1
21,1,17,5,7626,1,8,19,2,1,0
22,6,20,5,4375,42,0,56,1,2,0
19,4,8,3,6312,65,0,31,2,1,0
37,1,18,5,2085,59,0,31,1,1,0
35,2,19,1,4295,121,4,60,2,2,1
62,2,20,1,7873,5,0,44,1,1,0
18,1,10,3,5964,64,0,41,2,1,0
31,4,19,1,3146,244,0,46,1,1,0
55,5,23,3,1432,12,0,37,2,1,0
25,1,16,1,7451,107,14,27,2,1,0
52,1,18,1,7735,150,4,13,2,2,0
32,1,14,5,5421,194,9,38,1,2,0
31,1,18,5,4568,2,0,26,1,1,1
49,5,14,2,4468,43,0,46,1,1,1
34,3,19,1,9527,11,0,24,1,1,0
36,1,17,5,8735,239,0,55,2,1,0
44,1,17,1,5393,18,8,38,1,9,0
23,1,9,5,4779,68,0,28,1,1,0
43,1,15,5,4715,306,0,37,2,6,0
64,4,21,1,136,85,0,57,2,1,1
35,1,15,3,5069,85,1,36,1,1,0
72,1,18,1,4483,5,0,46,1,1,1
66,1,20,1,1108,53,0,57,1,1,1
45,1,21,5,7372,33,0,42,1,1,1
76,1,15,1,4890,47,13,37,2,2,0
38,6,11,1,8031,49,0,32,1,1,0
34,7,22,5,657,158,0,62,1,1,0
51,1,21,2,2062,20,0,46,1,1,1
38,6,13,5,5525,238,0,27,1,1,0
50,1,21,1,3177,93,0,45,1,1,0
37,3,18,1,2696,76,0,39,2,1,0
40,4,18,1,4123,73,6,40,1,2,1
49,1,20,4,77,14,0,44,2,1,0
29,1,18,3,2945,326,0,34,1,1,0
22,6,15,3,8048,102,1,27,2,1,0
31,3,20,5,2878,11,0,57,1,2,1
35,1,23,1,622,16,0,40,1,1,0
49,2,19,5,7137,272,17,46,1,1,0
44,1,21,1,4421,20,0,41,2,1,0
34,1,11,3,9325,220,1,33,1,1,0
57,4,15,1,3166,326,0,50,1,1,0
38,2,17,1,9723,26,0,26,1,1,0
46,1,22,1,2055,31,0,52,1,1,1
50,1,18,5,2491,161,0,67,1,1,0
56,1,22,1,493,98,0,44,2,2,1
52,1,19,1,2317,7,0,36,2,2,0
44,2,21,5,1833,193,0,38,2,1,1
52,4,18,1,116,14,0,26,1,1,1
19,1,17,5,2990,8,11,44,2,1,0
59,1,20,3,768,25,4,23,1,1,0
43,1,12,3,2020,37,0,37,2,1,0
44,1,12,1,1306,32,0,51,1,1,0
37,1,18,5,2632,33,1,38,1,1,0
40,1,16,5,8115,5,16,13,2,2,0
21,1,18,5,8888,1,1,34,1,8,1
29,1,16,1,8575,285,17,29,1,6,0
35,4,17,1,1008,162,0,47,2,1,0
71,6,18,5,1747,3,0,38,2,1,0
52,6,19,5,8196,7,0,28,2,1,1
70,3,21,1,525,22,0,26,2,1,0
37,1,17,1,6480,37,0,43,2,1,1
75,2,21,1,3342,47,0,18,2,1,0
62,6,17,1,7413,119,0,52,2,1,0
53,1,20,5,592,13,0,36,1,1,1
31,1,17,1,3617,88,0,15,2,1,0
82,1,22,2,1237,231,0,44,2,1,0
63,1,18,5,7040,6,0,31,1,1,0
22,1,19,1,78,4,4,38,2,1,0
43,1,22,1,3911,101,6,32,1,2,1
44,1,23,1,385,73,0,37,1,1,1
74,5,20,2,212,66,0,46,2,1,0
25,1,23,1,4583,44,4,23,2,8,1
66,3,21,1,1546,10,4,44,2,1,1
36,4,15,5,3151,93,0,45,2,1,0
28,1,17,3,7009,30,0,33,2,1,0
31,1,21,1,968,276,0,36,2,1,1
69,1,17,1,7613,264,0,56,2,2,1
25,6,15,5,9136,2,0,41,1,9,0
24,4,22,4,7037,7,0,29,1,1,1
56,3,22,1,7593,122,0,54,1,1,0
63,1,16,4,6737,96,0,30,2,1,0
28,1,15,5,1703,46,0,26,1,1,1
45,1,20,1,3548,87,1,34,2,1,1
26,1,21,5,2995,71,0,29,2,2,0
47,2,15,3,8121,9,15,25,1,1,0
49,1,20,3,1220,31,11,54,1,1,1
24,1,20,5,1426,5,0,25,1,1,0
43,6,23,1,578,9,0,27,1,1,0
28,1,19,1,993,2,16,47,1,1,1
31,1,22,1,3768,18,0,31,2,1,0
44,1,17,5,8356,26,0,33,1,1,0
29,1,17,5,4734,8,3,53,2,1,0
58,1,19,1,2546,74,0,25,1,6,1
29,1,21,5,1215,2,0,45,1,1,0
69,3,20,1,4738,71,0,23,2,2,0
49,6,23,5,5274,83,0,41,1,2,1
60,1,20,2,2238,127,0,43,1,1,1
48,1,20,5,2894,243,1,40,1,1,1
51,1,17,5,5958,157,0,58,1,1,0
27,1,20,1,2760,15,14,37,1,1,0
44,1,9,3,6914,163,0,44,1,8,0
22,6,17,5,1815,114,0,48,2,2,0
23,1,15,1,7357,77,0,24,1,1,0
64,1,22,1,5010,40,0,31,2,9,1
53,1,18,5,4443,285,0,35,1,3,0
29,4,19,1,7699,19,3,32,1,9,0
18,1,19,5,8211,147,1,12,1,2,0
20,3,21,1,465,63,14,44,1,1,0
23,1,22,5,63,24,0,72,2,1,0
39,6,17,5,4542,20,0,60,2,1,0
28,2,18,5,2691,48,0,32,1,1,0
47,1,19,1,1007,18,15,35,2,1,0
87,3,20,1,877,3,0,39,1,1,1
40,1,15,5,9173,28,15,45,1,1,0
38,1,19,1,1614,49,7,37,2,1,0
52,1,19,5,503,17,0,66,2,1,0
65,1,17,1,744,149,0,38,2,1,1
37,6,21,1,422,281,0,51,2,1,1
23,6,20,5,4728,14,0,40,1,1,1
59,1,18,2,3912,114,0,44,1,1,1
26,6,21,5,1472,46,17,48,2,9,0
68,1,14,1,1533,81,0,44,1,2,0
46,2,20,2,7398,2,0,36,1,1,0
38,1,22,5,2889,88,3,23,1,1,0
29,1,16,3,4880,305,0,50,1,1,1
53,1,16,4,5238,263,0,47,1,1,1
29,3,20,1,2308,23,6,48,1,1,0
41,1,18,3,5151,124,0,46,1,1,1
68,4,19,1,1657,3,0,31,2,1,1
35,1,21,5,1003,240,7,53,1,9,1
46,3,21,1,3165,48,0,31,2,1,0
29,1,10,1,7089,35,0,59,1,2,0
26,1,16,5,3752,15,17,34,1,1,0
50,1,22,1,7282,117,15,30,2,1,0
47,7,21,1,8012,11,0,51,1,1,1
66,1,16,1,8651,5,0,29,1,1,0
49,1,15,1,9418,167,5,37,2,1,0
58,2,19,1,8597,3,14,38,1,1,1
65,1,22,1,6496,82,0,49,2,1,1
87,1,19,1,1222,53,0,36,2,1,1
53,1,22,1,6728,296,0,20,1,1,1
50,1,22,1,1599,15,0,42,1,2,1
40,1,16,1,6569,4,11,50,1,1,0
72,7,21,1,2056,43,0,39,2,1,1
51,1,19,5,7453,113,0,46,1,1,0
21,1,23,5,6622,7,1,35,2,6,0
24,1,14,5,7431,160,0,60,2,3,1
27,2,19,5,1949,17,0,36,1,1,0
21,5,21,5,4023,17,5,26,2,1,0
40,1,16,5,7075,100,0,60,1,1,0
58,1,19,1,1094,99,0,36,2,1,1
45,2,14,3,2460,297,1,47,1,1,1
21,1,21,1,2361,19,12,23,2,1,0
24,1,17,5,2076,118,1,17,2,1,0
22,1,20,5,3891,67,2,20,2,1,0
63,2,19,5,3398,2,0,19,2,1,1
26,2,15,1,9107,10,2,42,1,1,0
43,1,19,5,4987,193,0,27,2,1,0
33,1,24,1,127,91,15,54,1,1,1
73,1,23,1,3047,112,0,32,1,1,1
23,2,17,5,4388,24,13,57,2,1,0
45,1,16,1,2642,168,0,28,1,1,0
56,1,20,5,1578,71,0,49,2,1,1
41,1,20,1,1536,83,0,33,2,1,1
56,1,17,1,3364,151,0,26,1,8,1
64,1,20,1,4728,14,0,51,1,1,0
28,1,15,3,8632,54,0,7,1,1,0
35,1,18,1,4434,42,0,36,1,1,1
27,1,17,1,1579,204,1,62,1,1,0
40,1,19,1,2596,6,1,26,1,1,0
75,6,16,1,5205,40,0,62,1,1,1
26,1,20,5,1101,72,0,39,2,1,0
40,1,17,1,4123,162,0,25,2,1,1
45,1,19,1,2502,188,0,30,2,1,1
59,4,17,1,887,101,0,17,2,1,0
34,1,11,1,5723,22,0,52,1,1,1
37,5,14,1,8745,91,0,34,1,1,1
46,7,22,1,4161,180,0,31,2,1,0
33,7,20,5,5188,39,0,36,1,1,0
35,1,13,3,1838,43,0,32,1,1,0
42,1,20,1,5214,46,0,29,1,8,0
30,1,16,5,3396,19,0,56,2,1,1
26,1,18,1,2697,43,0,41,2,9,1
52,1,21,1,2483,4,0,65,1,1,1
29,1,24,1,742,81,0,38,1,1,0
39,2,20,5,686,1,0,21,1,1,1
33,2,18,1,5584,26,0,38,2,1,0
26,6,23,5,2599,47,5,51,2,1,0
24,1,17,1,1013,5,6,36,1,1,0
37,1,21,1,9542,30,2,52,2,1,0
62,2,19,1,4021,38,0,50,1,1,1
49,1,14,1,1040,120,0,51,1,1,0
64,7,13,4,7912,2,0,54,1,1,1
62,3,19,1,5751,225,0,11,1,2,0
40,5,18,1,8759,309,0,43,2,1,1
38,1,21,1,478,49,2,47,1,1,1
37,1,19,1,6887,12,0,27,2,3,0
42,2,22,1,4760,72,0,45,1,8,0
18,1,19,5,4801,5,6,49,1,1,0
28,4,17,1,3387,63,0,48,1,1,0
56,1,19,5,4725,21,0,69,1,1,0
49,3,19,1,2178,150,0,24,2,1,0
72,1,18,1,3295,1,0,54,1,1,1
45,1,16,1,5239,99,0,49,2,1,0
33,1,12,5,4598,61,5,30,2,1,0
20,1,20,1,1409,14,0,15,1,1,1
38,1,21,1,280,95,0,42,2,1,0
34,1,21,1,7759,20,0,48,1,1,1
71,1,20,1,5397,13,0,50,1,1,1
28,1,22,5,4011,97,0,31,1,1,1
74,1,22,1,4952,44,0,31,2,1,0
63,1,20,1,510,45,0,53,1,9,1
40,1,12,3,3026,110,0,35,1,8,0
62,1,14,1,716,42,0,21,2,1,0
79,1,15,1,1680,14,0,29,1,1,0
23,1,21,5,4204,14,6,40,1,1,1
60,1,24,5,2684,5,0,48,1,1,1
39,1,22,3,1082,17,0,44,2,1,1
25,1,17,5,8878,34,0,35,2,1,0
47,1,20,3,509,34,0,49,1,1,1
46,1,19,3,8528,61,0,53,1,1,1
28,3,21,5,4353,5,10,24,2,1,0
31,1,19,5,5075,102,16,30,1,1,0
26,4,18,5,5767,18,0,33,1,1,0
57,1,22,1,1638,15,0,53,2,6,0
58,1,19,1,6565,3,0,37,1,1,0
43,4,18,1,5182,25,0,40,1,1,1
32,1,22,3,1422,194,1,32,2,2,0
31,4,23,5,1793,82,0,31,1,1,1
33,1,20,1,2269,18,15,22,2,1,0
58,1,18,2,8563,345,0,36,1,8,0
75,1,19,1,4423,42,0,46,2,1,1
68,3,24,2,168,14,0,38,2,1,1
70,1,17,1,2067,48,0,30,1,1,0
50,1,18,5,7695,155,0,29,2,1,0
43,1,14,3,3774,14,9,17,1,6,0
79,1,16,3,2936,6,2,23,2,1,1
54,6,22,5,8202,20,0,33,1,1,0
65,6,19,1,2375,77,0,51,1,2,0
51,2,22,3,5126,136,0,28,1,1,1
72,2,22,1,6042,4,0,35,1,6,0
70,4,22,1,4816,87,0,44,2,1,0
45,1,15,1,4232,78,9,27,1,1,0
31,4,18,1,7016,35,0,30,2,1,0
29,1,18,1,5301,64,8,35,1,1,0
20,1,17,1,5735,166,1,43,1,2,0
35,1,21,1,2390,176,6,39,2,2,0
36,1,21,5,4026,316,0,52,1,1,1
38,1,20,5,565,24,0,36,2,1,0
29,1,20,1,1878,25,2,47,2,1,0
19,1,19,1,9218,181,0,34,1,2,0
74,2,23,1,29,3,0,31,1,1,1
53,7,20,1,4723,27,0,50,1,1,1
50,1,19,1,2008,4,0,47,2,1,1
36,1,21,5,3031,35,0,30,2,1,1
35,1,15,5,6477,4,0,27,1,1,0
22,3,19,3,7785,1,0,27,1,1,1
26,1,15,1,4726,3,0,35,2,1,1
23,1,23,1,5974,4,1,28,2,2,1
40,1,13,1,2265,7,0,47,1,1,0
18,1,7,5,4529,50,16,32,1,1,0
32,4,18,5,2760,159,0,20,2,1,0
34,1,21,1,1645,3,0,35,1,1,1
30,1,19,5,7500,51,14,28,2,1,0
36,1,14,1,5414,76,0,41,1,2,0
24,1,15,5,8779,3,13,25,1,1,0
46,1,10,2,5752,19,0,46,1,9,0
43,1,20,3,4831,21,0,43,1,1,0
52,1,17,1,1925,22,0,33,1,1,0
31,1,21,3,5163,70,0,53,1,1,1
40,1,22,1,4748,86,0,34,2,1,0
53,7,21,1,4321,188,8,32,2,1,0
41,1,19,1,336,121,0,43,2,1,1
57,4,13,1,3427,46,0,53,1,1,1
62,2,21,5,4975,18,0,42,1,1,0
31,1,20,1,1820,28,6,20,1,1,0
58,2,20,1,7482,211,0,58,1,1,1
47,1,18,5,4405,6,0,34,1,6,0
36,6,22,5,782,20,0,41,2,1,1
36,6,21,5,2004,3,16,35,2,6,0
48,2,20,1,2454,174,5,36,2,1,0
30,4,21,1,2852,159,17,25,2,1,1
74,1,19,1,786,30,0,29,1,1,0
25,1,20,5,5066,111,0,35,2,9,0
54,1,20,1,5631,134,0,64,2,1,0
59,6,20,1,3641,8,0,49,1,1,1
57,1,22,1,1937,9,0,17,2,1,0
21,1,17,5,3864,28,3,68,1,1,0
61,3,18,1,8568,11,0,46,1,1,0
44,1,15,1,4615,13,0,30,2,1,0
31,2,18,1,3888,65,0,36,1,1,0
75,1,22,1,5884,377,0,46,2,9,1
27,1,22,3,4558,6,0,28,1,1,0
30,1,18,5,5635,12,0,22,2,1,0
49,1,22,1,603,205,0,30,1,1,1
56,3,18,1,1677,32,8,35,1,1,1
44,6,21,1,8579,114,0,43,1,1,0
29,6,19,1,1786,90,1,52,1,6,1
42,1,22,5,2462,155,0,26,2,1,0
49,1,18,5,1017,64,0,48,2,1,0
33,5,23,5,1785,2,0,58,1,1,0
53,6,15,1,1179,217,0,42,2,1,0
29,2,18,5,2761,5,12,26,1,1,0
41,1,20,1,6360,21,1,28,1,1,1
33,6,18,5,6851,27,0,15,2,2,0
26,1,17,5,9496,27,17,56,1,1,0
33,5,18,3,4262,213,0,36,2,6,1
33,1,17,1,3110,224,8,50,1,1,1
55,1,19,1,7262,34,0,44,1,1,0
33,1,17,5,7169,39,0,25,1,1,0
57,1,22,1,302,78,0,26,2,2,1
33,1,24,3,81,161,0,49,1,1,1
37,6,16,5,3999,21,10,47,2,8,0
57,6,21,1,7880,189,0,40,1,1,1
62,2,22,1,6957,19,0,49,1,2,0
58,1,14,1,5800,36,0,65,1,3,0
35,7,20,5,5099,217,6,25,2,1,0
80,5,19,1,9001,21,0,32,2,1,0
55,1,19,1,5248,8,13,62,1,1,0
32,7,19,3,3623,282,0,44,1,1,0
39,7,23,1,1472,3,0,47,1,1,1
26,3,20,5,2013,285,8,41,2,1,0
53,1,19,1,4905,33,0,62,2,1,1
33,8,20,5,4881,9,0,21,2,1,1
62,6,21,1,2479,4,0,45,2,1,0
33,1,17,3,2127,1,0,52,2,1,1
47,2,20,5,408,404,0,41,1,1,1
35,6,21,5,321,167,0,50,1,6,0
28,2,15,1,194,6,3,54,1,2,0
24,1,16,5,2982,76,0,23,2,1,0
31,1,18,5,7854,223,12,35,2,6,0
30,2,18,1,5182,34,13,33,1,1,0
58,6,18,1,6484,49,1,54,2,8,0
39,4,8,1,410,62,6,46,1,1,0
55,1,22,5,3940,309,0,41,2,1,0
81,2,16,2,2434,31,0,27,1,1,0
34,1,23,1,73,112,1,54,1,1,0
34,1,20,5,2745,80,8,44,1,1,0
18,1,16,5,1277,8,17,26,2,1,0
64,3,22,4,29,229,0,48,1,1,1
39,1,20,1,2323,78,15,35,2,1,1
41,1,13,3,5926,53,7,21,1,1,0
45,2,18,1,6375,10,0,40,1,1,0
38,7,19,1,7340,172,9,40,2,1,0
66,1,19,2,657,7,1,55,1,1,0
27,1,21,5,5124,1,5,35,1,1,1
32,1,22,3,4426,4,0,13,2,1,1
55,1,7,5,2316,54,0,49,2,1,0
21,1,13,5,9286,76,0,40,1,1,0
38,3,19,1,4643,49,0,25,1,1,0
53,6,22,1,4557,46,15,33,1,1,0
69,3,15,1,3828,89,16,27,2,1,0
41,1,18,2,2044,159,0,41,2,1,0
40,1,22,5,4635,85,0,25,2,2,0
38,1,15,1,7636,68,4,53,1,8,0
67,1,22,4,4431,51,0,44,1,1,1
53,2,19,1,7274,34,0,25,1,1,0
50,1,22,1,9245,23,2,44,2,2,0
59,5,19,1,179,130,6,54,1,1,1
77,1,21,2,327,48,0,49,2,1,1
40,7,20,1,904,68,0,43,2,1,1
55,3,15,1,5292,50,0,49,2,1,0
41,1,16,1,6077,52,7,30,2,1,0
55,4,19,1,6758,16,0,56,1,1,0
52,7,22,1,176,1,0,36,1,1,1
41,3,21,5,1714,198,1,33,2,1,0
32,6,21,5,5385,22,0,55,1,1,1
30,1,16,3,1249,2,0,50,2,8,1
47,1,24,1,61,13,0,43,2,1,1
78,1,23,1,77,11,0,56,1,1,1
18,3,16,5,3296,1,6,39,2,1,0
21,1,19,5,2252,128,0,58,1,2,1
25,3,20,1,8956,34,0,40,2,2,0
19,1,21,5,6723,14,17,36,2,2,0
45,1,20,1,5668,68,1,17,2,1,0
53,1,14,5,3642,228,0,46,1,3,1
21,2,21,1,2330,32,0,39,1,9,0
28,3,13,1,2478,92,0,38,1,1,0
69,1,19,1,8940,155,0,46,2,1,0
58,1,16,2,6923,75,0,28,2,1,0
48,1,17,3,950,18,0,39,1,1,1
39,1,18,1,2132,21,0,33,1,1,1
49,1,21,1,1420,92,3,50,2,2,1
39,4,21,3,2466,8,13,4,2,1,1
55,1,20,1,1157,101,0,24,2,2,0
23,1,18,5,7949,70,16,24,1,9,0
63,6,20,1,4943,155,0,51,2,1,1
33,1,23,1,29,54,1,57,1,1,1
70,1,21,1,986,188,0,21,2,1,1
58,1,22,1,5987,14,0,65,1,1,1
31,1,14,1,5542,228,0,26,2,9,1
55,1,17,1,1818,25,11,37,1,8,0
39,1,18,1,2532,301,0,60,1,6,0
49,6,22,1,5608,79,0,47,1,6,1
72,1,22,1,3011,380,0,38,1,1,1
47,1,15,1,2153,528,1,20,1,1,1
71,1,16,1,3331,98,0,33,2,1,0
32,1,22,5,5556,28,0,47,1,1,0
73,4,19,1,1167,51,0,38,1,1,1
79,1,15,1,3332,171,0,50,1,1,1
29,1,18,3,6365,16,0,32,2,1,1
64,1,17,5,6512,264,0,45,1,1,0
35,2,18,1,5072,15,0,39,1,1,0
57,1,22,1,2521,362,0,33,2,2,0
34,4,22,1,2612,7,0,26,2,1,0
50,1,18,1,5933,126,0,17,1,1,0
44,4,20,5,711,153,0,26,2,6,0
64,1,21,5,6905,79,0,59,1,1,1
17,2,17,5,1719,73,2,21,2,1,0
38,2,22,1,860,129,2,55,2,1,1
49,1,21,1,3005,38,0,58,2,1,1
42,1,18,5,1855,48,0,33,1,1,0
31,1,9,5,7551,1,3,65,2,1,0
52,1,16,2,3605,122,8,40,2,2,0
70,2,19,2,6247,2,0,63,1,1,1
28,1,19,1,3882,155,1,38,2,1,0
35,6,19,5,3850,22,4,45,1,1,0
49,2,17,3,4429,137,0,26,1,2,0
65,7,23,2,3820,1,0,57,1,1,0
34,1,20,5,4675,408,1,62,2,2,1
26,2,15,5,2306,15,15,14,1,1,0
40,1,20,5,5281,23,0,39,1,1,1
61,2,16,1,237,54,0,38,2,1,0
44,1,18,1,1641,10,0,41,1,1,0
49,4,19,5,1105,29,0,17,2,1,1
29,1,17,1,9269,28,0,36,1,1,0
70,2,19,3,4777,33,0,27,2,1,0
28,1,21,5,4520,1,0,33,1,1,1
35,1,20,1,676,351,0,13,1,1,0
51,1,22,1,2317,59,0,56,2,1,0
21,1,22,1,6639,8,0,28,1,9,1
55,6,16,1,4422,109,7,39,2,1,1
28,1,18,5,2757,50,5,26,1,1,1
21,6,19,3,2983,68,0,24,2,1,1
43,4,20,5,1502,98,7,36,2,1,1
45,4,19,1,4218,10,0,29,2,1,0
41,1,18,1,1878,6,16,31,2,1,0
29,4,15,5,7782,2,0,35,1,1,0
26,1,13,5,6728,21,0,23,2,1,1
75,5,19,3,1689,83,0,43,1,1,0
18,1,18,5,6045,94,0,27,1,2,0
50,5,16,5,4383,40,0,49,2,1,0
29,1,22,1,2459,8,17,34,1,1,1
20,1,20,5,3630,1,0,34,1,1,1
55,1,16,1,1477,209,0,17,2,1,0
59,7,17,5,5508,2,16,25,1,6,0
51,1,24,1,6117,124,0,55,1,1,1
40,1,16,5,3306,4,16,63,1,9,1
29,6,22,5,1312,35,9,32,1,1,1
31,1,19,1,3919,216,0,50,1,1,1
36,1,20,1,1656,10,4,19,2,1,0
27,1,21,1,5689,41,0,34,2,1,1
52,1,17,1,396,14,0,54,1,6,0
46,1,20,1,2258,2,0,30,1,1,0
82,2,17,4,7897,64,0,53,2,6,1
70,7,22,1,829,128,17,48,2,1,1
23,1,20,5,2182,113,0,35,2,1,0
60,1,21,4,3623,30,11,27,1,1,1
33,1,18,1,2676,62,0,50,2,1,0
59,2,18,1,3791,1,0,46,1,1,0
38,4,19,5,5837,50,0,49,2,1,1
35,1,11,5,2119,53,17,25,1,1,0
37,6,19,5,1178,170,0,35,1,1,0
39,1,20,1,188,2,0,55,1,1,1
60,4,17,5,3492,20,2,57,1,1,0
54,1,16,5,6236,139,0,50,1,1,1
32,1,17,5,5249,173,0,26,1,2,0
42,1,17,1,1367,96,0,47,2,1,1
49,1,20,1,2197,36,0,31,1,1,0
54,3,21,1,4629,16,0,28,2,1,1
35,6,16,1,1279,11,0,48,2,1,0
27,6,19,5,7988,195,0,52,1,1,1
53,1,22,5,1382,85,0,53,2,9,1
75,2,19,1,3316,40,0,64,1,1,1
37,4,22,1,7994,85,0,37,1,1,1
30,1,17,1,6273,6,5,43,2,1,0
43,1,17,1,6055,119,0,18,2,6,0
43,1,18,5,1542,28,0,38,1,1,0
92,7,24,2,336,20,0,20,1,1,1
37,1,21,1,5834,213,0,50,2,2,0
64,1,18,1,6556,117,0,36,1,1,0
50,1,14,3,5938,158,0,16,2,6,1
36,1,22,3,2249,88,0,54,1,8,1
33,1,13,1,6718,206,4,1,2,1,1
28,1,16,1,6074,70,0,18,1,1,0
37,2,19,1,1365,15,0,31,2,1,1
26,1,16,1,4376,5,17,29,1,1,0
60,1,19,1,9208,6,0,35,2,1,0
28,3,15,1,3702,79,8,40,2,6,0
69,7,23,1,337,2,0,39,1,1,0
45,1,19,1,3243,103,0,37,2,1,0
38,1,20,5,3421,365,0,27,2,2,0
58,1,18,3,4826,5,0,54,2,6,1
40,1,16,5,7991,37,13,35,1,1,0
28,5,17,5,4033,153,0,44,1,1,0
23,1,13,5,297,27,0,24,2,1,0
31,1,14,3,8592,6,0,57,1,1,0
42,1,19,1,7760,194,0,29,1,2,1
32,1,17,3,8490,103,0,44,2,6,0
71,1,19,1,8322,499,0,24,1,1,1
35,3,19,3,2425,2,2,17,2,1,0
48,1,19,5,5528,200,7,56,1,1,1
20,5,14,5,4745,119,17,12,2,1,0
22,4,18,5,1133,35,11,35,1,1,0
39,1,13,5,4887,1,0,29,2,8,1
48,2,22,5,2481,79,0,59,1,1,1
46,6,23,1,1252,109,2,56,1,2,0
55,1,22,1,3878,121,0,50,2,1,1
21,6,22,1,4225,68,9,32,1,1,0
30,1,20,5,5073,19,0,22,1,1,0
59,6,19,1,675,2,0,46,1,1,1
63,3,23,5,543,15,0,27,2,2,0
56,1,19,1,8229,43,7,47,2,2,0
45,2,24,3,983,37,0,50,1,1,1
52,1,21,1,1157,460,0,57,1,1,1
57,7,16,1,1146,62,10,22,2,1,1
27,1,22,5,9365,184,0,46,2,1,0
77,2,22,1,424,29,0,40,2,1,1
50,1,19,1,6466,30,0,40,2,2,0
36,3,22,5,1848,16,0,32,2,1,1
62,1,20,1,5855,21,0,40,1,1,0
22,5,16,5,4362,6,0,12,2,1,0
22,1,21,1,7562,2,12,13,2,1,0
28,1,19,5,416,62,0,41,1,2,1
26,4,20,5,4584,14,0,16,2,1,0
22,1,21,3,1906,20,0,28,2,1,0
43,2,19,1,6341,13,0,14,2,1,0
26,1,12,5,8083,267,16,40,2,1,0
59,2,22,1,5229,24,0,18,2,1,1
42,3,20,3,4692,34,2,7,2,1,1
44,1,15,1,4905,20,0,30,1,1,0
51,2,21,1,304,132,0,30,2,1,0
61,1,18,5,3979,93,0,74,2,1,0
44,3,22,1,1573,6,14,36,1,6,1
26,1,17,5,6248,122,0,30,1,8,0
33,1,16,3,5890,22,0,56,1,1,0
18,1,12,5,6159,71,17,16,2,1,0
47,2,20,1,6888,2,0,27,1,1,0
68,2,14,3,8030,56,0,38,2,8,0
50,1,21,1,193,62,0,35,1,1,1
51,7,22,1,4818,5,0,42,1,1,1
20,1,21,3,4328,12,1,42,1,1,1
35,1,16,3,1885,14,7,31,1,1,0
25,1,14,5,4045,91,0,28,2,1,0
32,1,23,5,2536,33,0,41,2,1,1
61,5,16,2,3211,554,0,44,1,6,0
35,1,19,1,7758,100,1,14,1,1,1
65,4,20,5,98,198,0,52,1,1,1
33,1,21,5,883,5,0,40,1,1,1
48,3,23,2,4350,147,0,71,2,1,1
41,1,21,3,6519,52,0,51,2,1,1
42,3,20,3,4771,148,0,19,2,1,1
43,6,22,1,3106,351,0,49,1,2,1
61,6,20,1,1404,50,0,51,2,1,1
67,1,19,1,3344,67,0,10,1,2,0
44,6,22,1,7964,6,0,60,1,1,1
53,2,18,1,4123,10,0,39,1,1,0
54,1,21,3,7141,1,0,38,1,1,1
38,1,20,1,1864,1,0,22,2,1,0
51,1,15,5,9755,50,0,36,1,1,1
40,1,20,1,2435,65,1,45,2,2,0
61,6,20,5,1858,3,0,44,1,1,0
49,1,6,1,9185,61,12,24,1,1,0
59,1,23,1,3079,48,0,30,2,1,1
75,1,17,1,5627,10,0,18,2,1,0
43,1,17,3,3400,58,0,53,1,1,1
51,1,17,1,7152,74,0,62,1,1,0
36,1,16,1,6415,129,0,45,1,6,1
76,1,20,1,1118,77,0,35,2,1,0
33,1,14,1,2520,209,6,34,1,1,1
48,1,16,1,291,181,16,55,1,1,1
62,7,20,1,5313,20,0,63,2,1,1
37,1,21,5,5680,12,0,41,2,1,0
32,1,19,3,4468,71,0,37,1,1,0
33,1,18,5,1991,230,0,34,2,1,0
55,3,16,5,1503,4,0,25,2,6,0
52,2,20,4,4346,58,0,42,2,1,1
34,1,21,1,534,298,0,38,2,1,1
67,1,18,1,4754,221,0,42,2,1,0
28,1,24,3,418,41,5,45,2,6,1
54,1,21,1,2249,21,0,33,2,8,1
30,1,15,5,4282,113,0,28,1,1,1
21,1,19,5,1860,6,0,43,2,1,1
27,1,16,5,664,232,0,21,1,1,0
27,1,21,1,5235,367,0,18,1,1,0
53,1,22,1,1410,23,0,26,2,1,0
33,1,19,1,6448,298,0,26,1,1,0
24,1,15,5,475,5,0,46,1,2,1
34,1,18,3,4202,251,6,34,1,1,1
38,1,13,5,2317,163,13,53,1,1,0
53,2,21,4,253,89,0,60,2,1,0
37,1,14,1,3677,238,6,39,1,1,1
52,3,21,1,1716,122,0,47,2,2,1
28,1,18,5,671,93,0,33,2,1,1
71,7,19,1,651,44,0,41,2,1,0
53,2,23,2,80,31,0,25,2,1,0
76,1,19,3,1046,32,0,1,1,1,0
47,1,23,1,339,36,0,52,1,1,0
40,7,19,1,393,34,2,40,2,1,0
35,1,17,1,5274,77,0,37,1,2,1
66,2,20,2,6955,94,0,56,1,1,1
47,1,20,1,9638,34,0,22,1,2,0
28,1,16,5,7913,85,0,34,1,1,1
55,1,16,1,3747,301,0,57,2,2,0
36,2,19,1,7169,2,0,46,1,1,0
28,1,20,1,4462,134,0,50,2,1,0
39,1,16,5,8177,73,15,31,2,2,0
69,1,22,1,1698,27,0,50,2,1,1
22,5,17,3,1097,11,0,40,2,2,0
67,3,18,3,8146,9,0,32,2,1,1
53,1,22,1,244,2,0,57,1,1,1
75,7,22,5,377,5,0,40,2,1,1
46,2,21,1,8046,44,0,47,2,2,0
66,1,11,1,1370,139,8,26,2,2,0
72,1,21,5,7312,23,0,13,2,1,0
20,1,20,1,5159,122,0,40,2,1,0
32,1,14,5,8203,377,16,33,1,8,0
25,1,19,5,3927,44,9,41,2,1,0
63,1,14,1,8847,262,0,24,2,1,0
48,3,22,1,4907,12,0,23,2,1,0
43,1,16,1,4759,78,0,30,1,1,0
44,1,17,1,4860,388,0,38,2,1,0
43,6,20,1,2709,25,0,34,2,1,0
36,1,22,1,910,56,0,39,1,1,0
39,1,18,5,5743,120,0,32,1,6,0
30,1,18,5,5547,3,5,33,1,1,0
45,3,23,1,3618,3,0,57,1,1,1
60,6,19,1,4282,3,0,41,2,1,1
43,3,23,1,248,54,0,41,1,1,1
59,4,19,1,1337,253,0,42,1,1,0
23,1,21,1,5849,265,0,24,2,2,1
18,1,18,5,2966,12,0,52,1,1,0
57,3,19,1,5324,57,0,25,2,1,1
26,1,17,5,9426,1,0,34,2,1,0
21,1,18,5,6306,18,17,8,2,2,0
52,1,14,1,4121,226,0,76,2,1,1
46,4,19,1,2706,234,0,41,2,1,0
34,1,12,5,7980,4,0,31,2,2,0
50,6,15,5,2281,1,0,36,2,1,0
30,1,21,1,937,125,0,52,2,1,1
30,2,22,1,4790,30,7,52,1,1,0
24,1,12,3,2583,45,15,40,1,6,0
47,3,22,1,2437,48,3,49,2,1,0
76,5,18,1,3139,271,0,46,2,6,1
47,1,23,1,3388,23,0,35,2,1,0
26,1,17,1,7787,124,0,23,1,1,1
29,1,20,1,7082,1,0,46,1,1,0
27,1,23,1,338,156,0,45,1,1,1
28,1,9,5,5241,166,5,44,2,1,0
30,2,22,5,987,98,0,41,2,1,1
32,1,22,5,1788,51,5,29,2,2,1
44,1,20,1,5144,6,0,42,1,1,0
49,3,15,3,5482,22,0,47,1,1,0
28,1,17,3,6352,124,17,41,2,1,1
24,1,15,5,2532,70,0,33,1,2,1
27,6,24,5,1744,3,0,47,2,1,1
33,6,17,5,4232,4,0,36,1,2,0
30,1,21,3,9186,5,0,37,2,1,0
58,2,20,1,1358,68,0,39,2,6,1
39,2,20,5,51,2,8,38,2,1,0
48,1,18,1,2294,77,0,41,2,1,1
20,6,21,3,8323,2,0,49,2,1,1
48,2,19,1,8492,56,8,31,2,2,0
37,2,16,1,1654,4,0,38,1,1,0
32,1,20,5,5213,92,17,33,2,1,0
57,1,18,1,6887,4,0,33,1,1,1
46,5,20,3,2631,37,0,64,1,1,1
78,1,22,1,2165,270,0,46,1,1,1
26,1,20,3,814,1,0,37,2,8,0
55,1,21,5,426,16,0,32,2,1,0
29,1,17,5,75,43,15,30,1,1,1
58,1,14,5,4704,270,0,40,2,6,0
22,1,18,1,1509,376,14,33,2,6,0
65,2,22,1,1032,6,0,18,2,1,1
54,1,18,1,5549,112,7,57,1,1,1
24,1,17,5,5234,9,1,43,1,1,1
34,3,18,5,1918,57,0,27,2,1,0
52,2,15,1,5068,280,15,42,1,9,0
45,1,20,5,4285,23,0,42,1,1,0
29,1,17,5,9664,1,0,62,2,1,1
47,4,19,1,1580,358,0,46,1,1,0
35,6,20,5,6822,1,0,44,1,1,1
23,1,19,1,4831,2,0,39,2,1,1
49,1,18,1,6040,215,13,38,2,1,0
45,1,18,5,6146,93,0,58,2,1,1
44,7,22,4,4259,42,0,39,1,1,1
32,7,20,5,3670,172,1,27,1,1,0
25,1,19,1,1937,5,0,21,2,1,0
46,7,17,5,3065,1,0,46,2,1,1
45,7,19,1,2323,89,0,32,1,1,1
38,1,16,1,3654,23,0,23,1,1,0
23,1,12,5,5887,102,9,47,1,1,0
74,5,21,1,2606,27,0,56,1,2,0
43,5,21,1,22,19,0,38,1,1,0
36,5,21,3,3271,26,0,42,1,1,0
20,1,15,5,7006,206,2,41,1,1,0
25,1,18,3,2374,53,0,42,1,1,1
51,1,14,5,7283,88,0,55,1,1,1
35,5,21,1,1996,13,0,18,2,1,0
38,1,21,1,1003,95,0,43,1,1,1
31,1,18,1,295,15,0,34,1,1,0
26,2,22,5,2708,140,0,49,1,6,0
49,6,22,5,5966,19,0,38,2,1,0
50,6,6,5,6415,277,13,24,1,2,0
38,1,16,1,2146,7,0,23,2,9,0
44,1,16,5,3384,83,0,16,2,6,0
34,1,18,5,6629,89,0,37,1,2,0
58,1,16,2,5381,81,0,39,2,1,1
42,2,17,1,772,146,0,31,2,1,0
18,1,17,1,4226,170,0,31,1,1,1
35,1,17,3,2487,2,0,22,1,1,1
66,4,20,1,3450,7,0,49,1,1,1
32,4,22,5,3091,1,0,32,1,1,0
63,1,18,5,3093,250,0,47,2,1,0
57,1,20,2,3099,3,0,47,1,1,1
35,1,14,3,9830,50,0,60,2,1,1
74,1,16,1,964,130,0,36,1,1,1
75,4,16,3,3816,2,0,50,2,1,0
27,3,17,5,7349,326,0,30,1,1,0
34,6,16,1,1603,31,0,40,1,1,1
35,6,14,3,3975,4,0,39,1,1,0
26,7,21,5,506,7,16,16,2,1,0
45,1,16,5,1905,46,0,33,2,1,0
53,1,20,1,585,25,8,45,2,1,1
40,3,21,3,7921,3,0,50,1,1,1
27,1,14,1,2628,8,0,69,1,1,0
34,1,15,5,7072,11,16,52,2,1,0
31,1,11,1,8637,32,0,43,1,3,0
43,2,19,1,2391,294,0,40,1,1,0
42,2,18,1,4814,15,15,44,1,8,0
52,3,19,5,2251,71,7,37,2,1,1
47,6,16,5,6229,30,0,47,1,1,0
39,2,24,1,1489,121,0,42,1,1,1
25,2,20,1,202,78,0,42,1,1,1
41,5,8,1,6844,194,13,32,2,8,0
41,1,15,1,7705,59,1,33,1,1,0
37,4,20,3,4090,4,0,37,2,1,0
60,7,20,1,2673,160,0,60,2,1,0
41,1,20,1,6743,11,8,45,1,1,1
71,1,17,1,8936,37,0,46,1,9,1
61,1,23,1,2315,51,0,31,1,1,1
64,1,16,3,6033,4,0,46,2,1,1
43,5,20,5,4737,30,2,50,2,2,0
44,4,20,5,8011,86,0,46,2,6,1
57,2,21,1,2833,45,0,39,1,1,1
62,1,18,1,2840,14,0,60,1,6,0
39,4,18,5,7148,250,0,50,1,1,1
31,1,15,3,7682,24,0,38,2,1,0
53,1,23,1,2051,6,0,36,1,1,1
30,2,19,1,477,196,0,40,2,1,1
44,6,19,5,6282,15,17,31,1,2,1
42,1,19,1,9122,120,0,34,1,1,0
44,6,21,1,8363,113,0,66,1,1,1
39,1,20,5,885,126,0,14,2,1,1
47,1,6,3,9775,123,0,4,2,1,0
33,1,20,1,3954,22,0,52,2,1,1
33,2,19,5,4642,1,2,31,2,1,0
38,7,16,1,5478,310,0,42,1,1,0
52,1,19,3,6637,70,0,57,2,1,0
52,1,11,1,6790,90,0,16,2,2,0
29,1,21,3,5277,3,0,3,1,1,0
30,4,22,5,4892,178,7,42,2,1,0
39,3,20,5,3440,1,0,51,1,1,0
30,1,20,5,3867,6,0,46,1,1,0
43,1,18,1,2829,6,0,24,2,1,0
41,5,23,5,635,236,2,47,2,1,1
61,2,23,5,155,1,0,20,1,1,1
27,7,20,1,4683,1,0,25,2,8,1
52,1,15,3,5206,1,0,17,2,1,0
36,2,18,3,4169,8,7,35,1,1,0
52,1,21,1,7876,13,0,47,2,1,0
52,3,23,1,6306,1,8,56,2,1,1
50,1,17,1,369,2,0,46,1,1,0
23,1,16,5,6605,36,0,36,2,1,0
29,3,19,4,4138,189,0,38,2,2,0
57,2,22,1,296,2,0,48,1,9,1
20,1,22,5,772,186,3,45,2,1,0
73,1,23,1,7071,72,0,34,2,1,0
30,1,16,1,8677,82,2,29,1,1,0
51,1,20,1,1185,250,1,45,1,6,0
27,1,17,5,9247,140,8,30,1,1,1
26,1,14,5,8437,69,4,24,1,1,0
30,1,18,5,1018,225,4,36,1,1,0
50,2,19,1,4132,9,0,54,2,3,1
67,4,23,1,282,8,0,51,2,1,1
52,2,21,1,3528,107,0,28,2,8,0
34,5,18,3,3445,10,0,63,1,1,1
30,1,19,5,5054,19,0,44,1,2,1
38,2,20,1,1386,6,1,30,2,2,0
58,1,19,3,3058,33,0,28,1,1,0
44,1,20,1,8682,36,0,50,1,2,1
31,1,13,5,6119,63,2,45,2,1,0
30,1,17,1,3086,66,0,50,1,1,1
59,6,22,5,1162,17,0,44,2,1,0
24,3,19,3,5345,3,7,35,2,1,0
49,6,19,1,3668,132,0,36,1,1,0
43,1,19,1,1417,6,0,34,1,1,0
42,3,19,1,6864,20,1,55,2,2,1
44,1,15,1,2119,122,0,43,1,1,0
54,1,21,1,6380,177,0,40,2,2,0
40,1,21,5,1679,8,0,40,2,1,1
28,1,18,1,7027,4,0,12,2,1,0
34,2,22,1,5151,1,14,45,1,1,0
24,1,19,1,6640,22,0,35,1,2,1
69,5,23,1,6452,20,0,52,1,1,1
28,2,14,5,820,22,0,50,1,1,1
27,7,22,1,155,68,0,33,2,1,1
37,1,21,1,4292,12,0,26,2,1,0
38,1,20,5,4922,44,0,49,1,1,0
30,1,21,5,5151,23,1,46,1,1,1
44,1,20,5,2361,2,0,25,2,1,0
30,2,22,5,994,9,0,28,2,1,1
27,1,18,1,501,31,1,44,1,1,0
31,1,16,3,9167,23,14,29,1,6,0
33,1,17,5,7221,2,1,35,1,1,1
23,1,21,1,310,28,1,54,1,6,0
83,1,21,2,6387,38,0,39,2,2,0
27,1,18,5,4910,1,0,28,1,1,1
55,4,18,1,7986,110,0,28,1,1,0
26,4,21,5,7279,136,13,49,1,1,0
49,2,18,3,2930,92,0,34,1,1,0
40,1,17,1,2864,145,8,37,1,1,1
42,1,16,1,9669,136,17,36,2,2,0
44,1,24,5,3260,4,16,36,2,1,1
69,1,21,1,7066,46,0,39,2,1,0
45,3,15,5,2295,2,0,33,2,1,0
58,1,21,5,4479,45,0,44,1,1,0
52,4,24,5,67,161,0,24,2,1,1
57,1,2,1,8718,34,0,22,1,1,0
40,1,17,1,2152,21,0,48,1,1,0
50,7,20,5,176,66,1,60,1,1,1
17,1,15,5,5203,279,0,44,2,1,0
30,1,14,3,7742,6,0,48,1,1,1
54,2,20,1,2803,157,2,42,1,1,1
31,1,21,5,991,89,0,25,1,1,0
22,1,17,5,7758,4,0,41,2,1,0
30,3,18,5,5511,11,2,30,1,1,0
46,1,17,4,5939,40,0,37,1,9,0
62,3,16,3,3254,22,9,56,1,1,0
49,6,20,1,248,21,0,54,1,1,1
29,1,20,1,4419,4,13,35,2,1,1
42,1,15,1,9205,68,0,38,2,2,0
45,7,23,1,3006,3,1,60,1,1,1
90,1,22,1,73,9,0,70,1,1,1
24,1,16,3,3062,18,0,32,1,1,0
45,1,18,1,1486,37,0,46,1,9,1
34,1,20,1,7554,116,8,37,2,1,0
74,1,19,1,585,151,0,26,1,1,0
24,5,12,5,7829,182,11,42,1,1,0
35,1,22,1,8480,36,0,23,2,1,0
38,1,18,1,2983,47,1,40,1,1,0
28,1,13,1,6914,15,13,36,1,1,0
42,1,19,1,9153,54,0,47,1,1,1
55,1,18,1,2730,55,0,39,2,2,0
20,2,14,5,7097,1,3,27,2,1,0
34,3,17,5,6321,77,0,61,1,2,1
26,2,15,5,3522,33,0,55,1,1,0
42,5,15,1,8487,10,0,23,2,1,0
68,1,17,1,4551,30,4,38,1,6,0
62,7,21,1,3400,42,0,29,1,1,1
63,4,14,5,6249,15,7,43,2,1,0
55,1,18,1,7349,10,0,30,1,1,0
67,1,21,1,2096,1,0,32,2,1,0
38,6,23,1,5484,30,0,40,1,2,1
53,5,22,4,175,71,0,55,1,1,0
85,2,22,1,204,134,0,46,1,2,0
38,1,20,1,4338,488,0,48,1,1,1
23,1,19,5,5756,6,14,7,2,1,0
47,1,18,1,3133,8,0,38,1,1,1
78,1,13,1,781,41,0,68,1,6,1
61,7,19,1,379,166,0,48,1,1,1
69,7,20,1,1050,256,0,41,1,1,1
24,1,18,5,8619,2,0,34,1,1,0
22,1,18,5,877,31,1,52,1,1,0
60,2,23,1,436,11,0,42,2,6,1
25,6,11,5,8681,9,8,24,1,1,0
20,1,21,5,2847,3,12,26,1,1,0
54,1,22,4,1967,133,0,22,2,1,0
22,1,14,3,9561,12,0,23,2,1,0
47,1,21,5,4414,11,16,64,2,1,0
23,6,7,5,2871,156,7,32,2,1,0
67,4,18,1,5802,1,0,57,1,1,0
47,1,22,1,5138,9,0,49,2,1,0
72,3,14,1,1706,236,0,43,1,1,1
58,1,18,1,1014,1,0,46,2,2,1
46,4,18,3,2672,134,0,46,1,1,1
29,1,15,3,9018,71,0,27,1,1,0
25,7,22,5,2021,12,5,31,1,1,1
37,1,18,1,4976,60,0,56,1,2,1
30,5,14,1,5479,72,10,19,2,1,0
43,5,22,1,734,3,0,63,2,1,0
53,1,18,1,1211,11,17,25,2,1,0
21,1,18,5,3345,88,0,32,1,1,0
40,1,20,5,1810,48,0,56,2,1,1
31,1,21,3,4103,53,0,54,1,1,0
63,1,15,1,8930,236,0,39,1,9,0
59,1,22,5,2282,104,0,32,1,1,1
52,1,18,1,664,50,0,58,2,8,0
59,1,22,1,794,16,0,38,2,1,1
52,1,19,5,5070,92,0,1,2,1,0
49,1,17,4,7221,46,1,39,2,9,1
31,1,22,5,4097,9,0,47,2,2,1
30,6,22,5,1134,60,0,36,2,1,1
27,1,19,5,5892,62,0,37,2,1,0
35,1,19,1,2103,11,0,48,2,2,0
34,1,19,1,7072,268,17,51,1,1,0
20,1,22,5,493,6,0,27,2,1,1
24,5,19,1,700,121,0,28,1,2,0
30,1,20,5,5838,44,0,37,2,6,0
33,1,17,5,5003,25,0,48,1,1,0
65,1,23,1,456,43,0,29,2,1,0
31,1,23,1,37,56,0,35,1,1,1
43,1,21,3,2555,1,3,34,2,2,0
28,1,14,1,7376,110,0,46,1,9,0
54,1,18,1,3067,89,0,28,2,1,0
38,1,22,3,4568,2,0,35,2,1,1
34,1,14,1,3048,1,0,44,1,9,0
35,3,16,1,5438,121,0,55,2,1,0
48,1,21,1,242,5,0,23,2,1,1
26,1,19,1,3532,27,17,8,2,1,0
25,1,19,1,7105,63,9,47,2,8,1
25,4,17,1,3176,61,3,23,2,1,0
50,2,17,1,3267,2,0,43,2,1,1
24,1,19,5,9006,32,0,44,1,1,1
40,1,21,1,1067,4,0,27,2,1,1
31,6,8,5,9775,195,0,2,1,1,0
59,1,7,1,9382,6,9,36,1,1,0
48,1,22,5,873,131,0,31,2,1,0
29,1,20,5,6350,9,0,39,1,2,1
42,1,20,1,7206,52,14,51,1,1,1
51,1,21,5,6741,87,0,46,1,1,1
52,8,22,1,2639,107,0,49,1,1,1
46,1,17,2,3321,514,0,34,1,6,1
37,1,20,5,3931,344,0,28,2,1,0
52,1,23,1,74,53,5,21,1,8,0
72,4,18,1,6226,8,0,53,1,2,1
36,1,17,1,4114,175,1,30,2,1,0
25,1,23,1,1732,178,0,24,1,2,0
64,2,17,1,552,187,0,28,2,1,0
39,1,20,1,4046,17,0,43,1,1,0
51,1,23,1,5167,55,0,36,1,1,0
35,1,20,1,4627,64,0,31,1,2,0
25,4,21,5,7512,175,13,35,1,8,0
48,2,18,5,5094,35,0,49,1,1,1
58,8,19,1,4549,67,0,54,2,1,0
43,6,20,2,6134,50,0,47,1,1,0
81,6,19,1,2331,437,0,47,1,6,0
48,1,19,5,267,80,0,48,2,1,0
25,1,21,1,1807,34,17,64,2,1,0
43,1,18,1,5847,22,0,50,2,1,1
34,1,20,1,2364,5,2,32,1,1,1
41,2,16,3,9025,109,0,32,1,1,0
31,1,12,1,3942,29,13,39,2,1,0
51,3,18,1,1796,57,6,18,1,1,0
49,1,20,1,2047,1,0,64,1,9,1
62,1,14,5,2935,26,6,50,1,1,1
36,2,10,1,5502,56,0,26,1,1,1
32,1,20,3,1023,20,2,38,2,1,0
32,6,16,1,9657,76,5,25,2,1,0
24,1,22,1,358,111,4,24,1,1,1
36,1,21,5,3557,23,0,55,1,1,1
41,2,18,1,5550,1,0,23,2,1,0
56,1,19,1,1208,96,0,33,1,1,0
32,4,12,5,4599,84,0,21,1,1,0
55,1,22,3,2694,35,0,36,1,1,0
29,1,19,1,4276,113,0,52,1,1,0
23,1,10,5,7681,9,1,35,2,1,0
47,1,23,3,5205,248,8,26,2,2,0
40,1,21,1,6400,329,1,43,1,1,0
48,6,18,1,8931,264,9,34,1,8,1
72,1,14,1,9713,26,0,55,1,1,0
40,1,21,1,1986,6,0,61,1,1,1
61,1,19,1,6127,61,0,49,1,1,0
32,2,23,5,3932,21,0,17,2,1,0
22,1,19,5,4351,18,0,17,1,1,0
26,1,17,1,6698,24,0,23,1,1,0
40,1,21,2,1736,8,16,48,1,2,0
29,1,19,1,579,4,0,58,1,1,1
53,2,20,4,2539,44,0,19,1,2,0
38,1,22,1,5598,3,0,22,1,1,0
53,1,12,1,3482,122,0,28,1,1,0
19,1,15,5,9799,57,17,19,1,1,1
45,3,16,5,9533,84,13,35,2,2,0
28,1,18,1,4146,61,0,40,2,1,0
27,1,20,1,512,14,0,59,1,1,0
33,7,11,5,7223,9,0,41,1,1,0
61,1,18,3,2940,76,0,40,1,1,0
82,1,21,4,5301,39,0,58,1,1,0
79,1,22,1,2885,11,0,52,2,1,0
55,1,9,1,3966,1,0,21,2,1,0
47,1,18,5,6215,3,0,47,1,1,0
70,1,21,2,1212,169,0,58,1,2,0
54,1,22,4,1518,95,0,30,2,1,1
31,5,21,1,1816,52,0,27,2,1,0
50,4,21,1,7210,55,0,57,2,1,0
22,1,18,5,7850,148,0,35,2,1,0
32,1,20,1,4113,149,0,38,2,8,0
65,1,20,1,5094,11,0,37,2,1,1
67,6,18,2,2556,323,0,46,1,9,0
45,2,18,5,5446,136,0,25,2,8,0
39,1,18,5,5150,195,1,75,1,1,1
27,1,17,4,6062,151,10,30,2,1,1
29,5,21,5,1189,1,0,39,1,1,0
41,1,21,1,7230,3,0,38,2,1,0
34,3,20,3,2341,48,0,49,2,2,1
37,1,13,1,3876,31,0,20,1,1,0
37,2,19,1,5532,2,0,26,2,1,0
34,1,19,3,380,153,3,38,1,1,0
66,6,22,1,2423,28,0,47,2,3,1
58,2,16,3,6677,11,3,28,2,1,1
81,1,16,1,2093,253,0,39,1,1,1
51,1,22,1,381,79,0,23,1,1,1
33,7,18,1,4801,73,0,40,1,1,0
37,3,17,5,5245,14,0,52,1,1,0
34,1,19,1,570,19,0,43,2,1,0
53,1,20,4,628,31,0,25,2,1,0
32,1,17,5,1398,54,0,41,1,1,0
53,2,22,1,17,38,0,46,2,1,0
53,1,19,1,1084,4,0,48,2,1,1
43,4,18,1,8647,25,0,36,1,9,0
77,1,15,1,3456,24,0,59,2,1,1
30,4,22,5,4476,3,1,54,1,1,1
18,1,20,5,6988,121,7,46,1,9,0
30,1,21,1,5054,5,0,50,1,2,1
25,1,21,1,1282,73,0,65,2,2,0
40,1,12,1,7922,330,17,52,1,2,0
23,1,16,1,4311,104,0,43,1,1,0
61,1,14,1,1828,11,0,27,2,1,0
18,1,21,5,9775,50,0,53,1,8,0
50,1,19,1,1543,2,0,32,1,6,1
38,1,22,1,6743,66,0,36,1,1,0
22,1,20,5,7132,132,9,43,1,1,0
50,1,19,5,5394,18,0,31,2,1,0
27,1,20,5,4551,64,0,27,1,1,0
49,3,22,1,3733,135,0,31,2,8,0
55,2,17,1,6742,118,0,41,1,8,1
60,3,19,1,3994,5,0,56,1,1,1
34,1,23,5,4351,46,0,32,1,1,0
53,1,16,1,2805,297,2,53,1,6,0
27,6,20,1,5511,10,0,39,1,1,0
57,5,23,1,349,134,0,56,2,2,1
70,1,18,1,1938,61,6,35,2,1,0
61,1,15,1,5783,156,0,38,2,1,0
34,1,20,5,6925,88,0,37,2,1,1
53,3,20,1,4108,144,0,41,2,1,1
27,1,19,1,5829,9,16,47,1,1,1
21,4,11,5,6739,52,12,33,1,1,0
20,3,19,3,9509,2,0,34,2,1,0
35,1,10,5,8926,28,10,44,1,1,0
50,1,11,5,9457,320,11,27,2,2,1
51,4,21,1,6786,19,0,65,1,1,0
57,1,20,5,4309,8,0,45,2,1,0
67,1,16,5,3872,11,0,34,1,1,0
30,2,21,5,4434,80,0,38,2,1,1
41,1,18,5,2596,7,0,40,1,1,1
61,7,23,1,338,16,0,23,1,1,1
55,1,21,5,7243,120,8,21,1,8,1
40,1,18,5,4960,122,0,22,1,1,0
36,4,22,3,2941,31,0,23,1,1,0
37,1,22,2,1343,114,0,36,2,1,1
27,1,18,1,262,10,12,25,1,8,0
55,1,23,1,3105,18,0,40,2,1,0
19,2,20,1,6377,12,4,40,1,1,1
49,1,17,1,7841,52,14,51,1,1,0
76,3,23,1,3833,41,0,45,1,1,1
55,1,17,1,9711,11,0,40,2,1,1
37,1,20,5,7593,87,0,46,1,1,0
44,1,23,5,5493,37,0,32,2,1,0
43,1,20,1,2840,141,17,39,1,6,0
62,1,22,1,3359,49,0,39,1,1,0
32,1,18,1,9128,49,0,51,1,1,0
53,1,21,1,6828,5,11,25,1,1,0
68,1,20,1,363,216,0,19,1,1,0
33,5,16,1,7721,400,0,31,1,1,0
29,1,20,5,810,119,0,47,1,2,1
20,1,20,1,7999,6,13,20,1,1,0
56,1,18,5,3365,146,0,33,2,2,0
39,1,15,1,4912,7,0,34,2,1,0
65,1,18,1,7061,102,0,43,1,1,1
74,1,18,1,5137,202,0,29,1,1,1
39,1,17,1,6132,1,0,38,1,1,0
75,3,21,2,4915,554,0,40,2,2,1
29,1,18,1,2317,23,0,60,1,2,1
37,2,19,5,2663,120,0,51,1,1,0
34,7,22,1,3436,22,0,36,1,1,0
32,1,14,5,5240,38,7,41,1,1,1
56,7,22,3,380,84,0,25,1,1,0
62,1,22,1,1485,59,0,62,1,1,1
28,1,15,3,6509,25,0,31,2,1,0
32,1,21,1,7684,149,0,22,1,1,0
86,1,22,1,4598,5,0,51,2,1,0
47,3,17,1,5725,209,0,17,1,2,0
23,1,4,1,7622,133,0,34,2,1,0
32,1,19,5,3920,71,0,36,1,1,0
25,1,21,5,2148,9,0,31,2,1,0
20,1,23,5,4542,23,0,52,2,1,0
60,1,20,1,7740,202,0,32,1,1,0
41,6,21,1,96,197,0,9,2,1,0
22,3,19,5,5867,36,0,48,2,1,0
41,7,17,5,441,72,0,42,1,1,0
85,1,12,1,4948,15,0,39,2,1,0
22,1,12,5,3471,25,0,63,1,1,0
26,1,18,5,4650,99,10,31,1,1,0
77,1,19,1,7727,29,10,29,2,1,1
18,1,20,5,4093,65,13,47,1,8,0
34,1,21,1,2260,177,0,40,1,1,1
49,3,18,1,9147,99,0,54,2,1,1
30,1,17,1,2670,174,7,41,2,1,0
40,3,22,5,8304,102,17,18,1,1,0
41,4,16,1,7747,26,0,40,2,1,0
36,1,15,1,9618,131,0,46,2,1,0
32,1,18,1,1843,170,11,59,1,1,0
31,1,19,5,6957,37,7,33,1,1,0
46,1,19,1,5845,35,0,61,2,2,0
44,1,23,1,917,94,14,27,1,1,1
29,3,16,1,4276,33,0,41,1,1,1
20,2,19,5,1763,101,0,50,2,1,0
41,1,20,1,2487,21,4,41,2,3,1
19,1,20,5,3372,80,0,18,2,1,0
53,3,17,5,8195,154,0,41,1,8,0
26,1,21,5,1792,16,0,32,2,1,0
54,1,17,5,7061,60,0,24,2,2,0
53,1,22,1,3624,20,0,28,2,1,1
69,1,17,1,4989,3,0,37,1,1,0
82,7,17,2,9121,103,0,54,1,1,1
46,1,19,1,475,72,0,50,1,1,1
39,1,19,5,2367,104,0,34,1,2,0
32,1,15,5,6982,371,3,22,2,1,0
51,1,20,1,7864,189,0,33,2,1,0
46,1,19,3,2394,71,0,36,2,1,0
46,8,18,5,5447,70,0,47,1,6,0
34,1,13,1,6369,168,13,44,2,1,0
19,3,20,1,6071,13,0,70,1,2,0
36,1,19,1,8640,2,17,50,2,1,1
64,7,20,3,7877,48,0,28,2,1,0
31,5,22,1,467,3,0,39,1,1,0
41,4,20,1,3494,46,0,24,2,1,1
35,1,19,5,1223,20,0,43,1,1,0
24,1,20,5,502,5,0,30,2,2,0
87,7,21,1,1255,104,0,46,1,1,1
45,1,21,5,3533,85,0,23,1,1,0
30,1,14,1,6939,84,8,45,1,8,0
29,1,20,1,6650,40,4,46,1,1,0
42,1,19,1,4164,207,0,12,2,1,0
41,6,20,5,1354,127,0,41,2,1,1
27,1,21,1,3888,34,0,51,1,1,1
36,2,23,1,1376,63,0,19,1,1,1
48,5,12,1,3878,78,0,25,2,1,0
32,1,20,1,6935,97,0,44,1,1,0
73,1,22,3,625,31,0,33,1,1,1
35,1,10,1,7996,39,13,33,1,1,1
27,1,19,1,1016,102,0,49,2,1,0
41,1,17,3,1254,10,1,23,1,2,1
50,1,22,1,20,281,0,65,1,1,1
21,6,21,5,3450,259,0,26,2,1,0
52,2,15,5,6448,57,9,39,1,2,0
43,1,18,5,6926,43,0,36,2,1,0
21,6,18,3,807,157,0,21,2,6,0
37,7,21,1,1333,5,0,70,2,1,1
40,1,22,5,2087,5,3,33,2,1,1
50,1,21,1,5880,8,0,32,1,1,1
24,2,22,5,1494,62,1,46,1,1,0
19,1,15,1,8767,217,17,33,1,1,0
27,1,22,5,7834,73,0,59,1,1,1
24,1,21,5,5945,9,12,47,2,1,1
19,1,11,5,9384,5,17,24,1,1,0
47,3,22,1,2121,22,0,30,1,1,1
90,3,19,1,4205,173,0,43,2,1,1
55,3,20,1,1350,65,0,32,2,1,0
82,1,19,1,1221,188,0,63,2,6,0
31,1,21,1,4459,52,13,33,2,1,0
53,4,15,1,9162,56,9,35,1,1,0
47,6,19,1,3795,61,0,59,1,1,0
19,1,18,3,4808,94,0,42,1,8,0
41,1,15,1,598,2,1,22,1,1,1
50,1,19,1,6031,164,0,52,2,9,0
24,1,16,5,1798,14,16,37,2,1,0
44,1,18,1,6129,232,0,31,2,2,0
29,1,18,3,7215,3,17,54,1,1,1
61,1,16,1,8541,93,0,15,1,6,0
51,1,20,3,4304,105,0,54,1,1,0
49,1,18,1,6223,150,0,27,1,1,0
20,7,23,5,4520,115,4,29,1,2,0
39,1,14,5,8887,34,1,33,2,1,1
65,1,15,1,2470,7,0,23,1,1,0
41,3,21,1,3709,20,0,26,1,1,0
38,4,17,1,1126,18,0,37,2,1,0
49,1,20,5,4358,183,0,45,2,1,0
21,1,15,1,4914,69,1,26,1,1,0
48,1,19,1,2781,79,1,31,1,1,1
53,1,21,1,5644,1,1,27,2,1,0
25,1,18,3,8976,104,1,38,1,1,0
42,4,17,3,7602,28,0,22,1,6,1
32,1,13,3,8553,98,0,27,1,6,0
47,3,18,5,3594,9,0,45,2,1,1
31,7,19,5,8497,36,3,23,2,1,1
21,1,16,5,4721,1,0,25,2,1,0
48,1,14,1,7661,74,4,30,2,1,0
23,8,22,5,6542,207,5,22,2,1,0
38,2,18,5,157,93,0,44,1,9,1
42,2,20,1,372,147,0,27,1,8,1
23,1,20,5,8631,1,3,36,2,1,1
66,1,18,1,5087,52,0,34,1,1,0
24,1,19,1,1000,1,0,41,1,6,0
62,5,20,1,5051,16,0,48,2,1,0
63,1,16,2,3042,85,0,37,2,1,1
53,5,21,1,963,57,0,29,2,1,1
27,1,22,1,1283,28,6,41,2,1,0
29,1,23,1,3293,1,0,36,1,1,1
43,1,15,1,6358,70,13,18,2,1,1
80,4,22,1,3167,15,0,29,2,1,1
52,1,17,1,1342,125,0,22,1,1,1
33,1,17,1,5492,135,0,37,1,1,1
53,1,21,1,6206,61,6,50,1,1,0
36,1,22,1,814,7,2,42,2,1,0
65,1,15,1,3277,365,0,50,1,2,0
27,1,22,1,2044,2,17,14,2,1,0
41,1,20,1,4219,13,0,59,1,1,0
61,1,22,5,2673,2,0,42,1,1,1
27,1,19,5,3934,3,0,32,2,1,0
28,3,12,5,4730,13,0,25,2,1,1
47,1,20,1,2885,79,0,17,2,1,0
73,4,22,2,2285,6,0,21,2,1,0
38,4,22,1,2976,84,7,17,1,1,1
38,1,19,1,780,192,0,52,1,1,0
52,2,15,4,2268,27,0,65,1,1,1
37,1,19,1,1085,47,2,30,2,1,0
31,1,22,3,5487,1,1,47,1,1,0
20,4,20,5,4197,9,17,39,1,1,1
32,1,23,1,1669,3,0,20,2,1,1
57,1,16,5,7064,81,0,35,1,1,0
39,3,21,1,2415,10,2,42,1,9,0
18,1,22,1,62,73,0,35,2,1,0
38,1,22,5,5458,117,0,39,1,6,0
22,1,19,5,9614,19,17,61,1,1,0
72,6,17,1,9041,2,0,52,1,1,1
20,1,21,1,2662,14,0,25,1,1,0
76,6,22,1,839,45,0,40,2,1,1
45,1,23,1,6714,4,0,55,2,1,1
29,6,15,1,8922,211,0,53,2,1,0
20,1,20,5,4495,248,0,26,1,1,0
54,1,23,1,106,106,0,41,2,8,0
48,1,18,1,2710,24,4,13,1,1,0
63,1,16,1,9270,31,4,56,1,1,0
63,1,19,1,4787,57,0,23,2,1,0
51,3,24,1,1379,18,0,34,2,1,1
48,3,19,1,7909,356,0,53,2,1,0
57,1,19,1,6672,294,0,35,2,1,0
40,1,19,5,8478,43,0,47,2,1,1
36,1,16,5,773,4,0,26,1,1,1
44,6,15,1,8560,66,0,44,2,8,0
26,1,17,1,2339,260,0,51,1,1,1
46,1,11,1,329,153,0,35,1,1,1
47,1,20,1,152,33,0,23,1,1,1
28,1,15,5,6516,14,0,32,2,8,0
52,2,15,1,5499,5,1,47,1,1,1
43,1,6,1,8815,109,4,33,1,1,0
37,2,22,1,693,256,0,18,2,1,0
83,1,19,1,4128,5,0,58,2,1,1
31,1,4,5,7034,270,2,1,2,1,0
42,4,17,3,8246,120,0,32,1,1,0
61,7,20,3,2873,110,0,29,2,8,0
74,1,20,1,485,30,0,44,2,2,1
63,1,21,5,3808,69,0,39,1,1,0
64,2,10,1,6979,72,0,14,2,8,0
43,2,19,1,848,106,7,44,1,1,1
40,1,11,5,4434,76,0,43,1,1,1
50,6,20,1,8930,3,0,42,2,1,0
38,1,17,5,3188,1,15,42,2,1,1
35,1,21,1,7292,4,0,41,2,1,0
40,3,18,1,2018,36,0,71,1,8,1
31,6,22,3,6534,52,0,8,2,1,0
52,3,23,2,2532,193,0,59,1,1,0
62,3,15,1,5670,16,0,36,1,2,1
25,1,21,1,2076,244,0,42,1,2,1
19,1,11,5,3149,76,14,52,2,1,0
49,2,14,1,364,93,2,5,2,2,1
76,6,17,4,5390,96,0,41,2,1,0
26,1,20,3,5587,1,0,15,2,1,0
45,2,14,1,9155,17,0,52,1,1,1
51,1,8,1,4148,7,6,44,1,1,0
30,1,17,1,1789,168,0,39,1,1,1
22,1,20,5,2294,1,0,19,2,1,0
56,1,21,5,1726,50,0,42,1,1,0
41,2,18,3,2085,102,0,9,2,1,0
39,1,19,5,9406,54,0,70,2,2,0
53,6,19,5,3719,34,0,54,2,2,1
28,1,20,5,5038,92,5,16,1,1,0
22,6,18,1,1226,280,0,35,2,1,0
54,3,14,5,1343,499,0,46,1,9,1
40,1,18,5,6883,58,0,19,2,1,0
39,1,21,1,7015,6,1,50,2,1,1
46,2,17,1,8560,41,0,33,2,1,0
24,2,18,5,3763,18,0,56,1,1,0
28,6,21,1,6950,11,2,23,1,1,0
69,6,19,1,6609,291,0,53,1,1,1
38,1,21,3,94,88,13,22,2,1,1
45,1,19,1,3821,90,0,46,1,1,1
51,1,18,5,3873,21,5,4,2,2,0
26,1,12,1,5676,26,0,42,1,1,0
38,1,20,1,9339,304,3,27,2,1,0
25,1,21,1,4111,76,0,45,1,1,1
47,4,18,5,5643,152,0,39,2,1,0
34,1,17,5,6408,142,5,34,1,9,1
63,7,13,1,7603,17,0,45,2,1,0
29,4,22,1,1762,192,0,9,2,1,0
18,1,21,1,559,480,9,41,1,1,0
21,1,18,5,847,42,10,29,1,1,0
37,2,21,5,2982,208,0,33,2,1,1
43,1,22,1,2982,208,0,48,1,1,1
37,1,22,1,7344,54,0,69,2,1,0
23,5,14,3,449,18,1,5,2,1,0
43,1,23,1,1176,1,0,56,1,1,1
42,1,18,1,3167,99,14,61,1,1,1
64,1,21,1,1530,90,0,45,1,1,0
42,1,15,1,7254,158,0,58,1,2,0
30,1,23,3,6324,181,0,43,2,1,0
30,1,21,5,566,402,17,38,2,1,0
42,1,17,5,1952,1,0,43,1,1,1
32,6,11,1,3928,2,9,47,1,1,0
62,1,23,5,1774,54,0,54,2,1,0
22,1,17,1,2777,77,0,61,1,1,0
33,1,14,5,2990,196,15,12,2,2,0
32,1,17,1,107,81,0,33,2,1,1
76,1,18,1,4354,39,1,39,1,1,0
35,1,20,1,897,6,16,36,2,6,1
52,7,22,1,3150,61,0,38,1,1,0
43,1,12,5,6115,20,4,42,1,1,0
31,1,16,5,8180,57,6,20,1,1,0
40,1,19,1,9754,390,0,20,1,1,0
43,1,21,5,3367,1,0,30,1,1,0
28,1,18,5,4240,161,15,40,1,8,0
42,1,17,1,6739,86,0,30,2,1,0
60,1,17,1,6070,80,0,47,1,2,0
53,5,16,4,8371,33,0,16,2,9,1
52,1,18,2,2427,5,0,41,2,2,1
33,1,19,5,2573,23,0,41,1,1,1
46,1,15,1,7268,18,0,53,1,1,0
38,3,13,1,4938,67,0,27,2,1,1
41,1,23,5,2134,4,0,49,2,1,1
64,5,19,1,5285,6,0,45,1,1,0
21,3,22,5,406,15,17,35,2,1,0
38,7,11,2,6305,5,1,25,1,1,1
47,7,20,1,3260,29,4,65,1,2,0
54,1,20,1,2289,13,0,54,1,1,1
26,3,24,5,630,51,0,36,1,1,1
32,1,22,5,5711,3,13,41,2,1,0
21,2,15,5,4347,55,17,42,2,2,0
23,1,16,5,4551,18,0,22,1,2,0
48,4,22,1,1396,39,0,16,2,1,0
50,1,23,1,2511,6,0,38,2,1,0
46,1,17,1,801,100,0,43,2,2,0
29,1,17,5,3044,163,5,51,2,1,1
29,1,16,5,2259,67,0,41,1,1,1
31,1,20,5,5365,24,10,35,1,1,0
32,1,22,5,4822,95,16,43,1,1,0
29,3,22,4,2953,116,0,46,1,1,0
49,6,14,3,7348,1,11,34,1,6,0
29,1,13,5,3190,99,0,34,2,2,0
32,1,22,1,3992,56,0,43,2,1,1
58,1,23,3,2986,12,0,58,1,1,1
30,1,16,1,3209,25,0,25,1,1,0
45,1,20,1,2670,11,0,45,2,1,0
35,1,22,1,3956,4,0,45,1,1,0
31,1,17,1,4182,23,0,33,2,6,1
43,1,18,5,6286,8,3,29,2,1,1
44,1,20,1,2088,97,0,56,1,1,1
68,1,21,3,1009,412,0,47,2,1,0
20,5,20,5,3137,40,12,42,1,1,0
40,1,20,1,4687,12,0,36,1,9,0
25,2,20,5,5648,6,2,12,2,1,0
74,1,11,3,1645,12,6,24,1,1,0
36,1,21,5,7879,10,0,21,2,1,0
60,1,24,1,73,63,0,46,2,6,1
64,4,21,5,9302,10,0,40,1,2,0
40,6,19,5,8690,90,0,26,2,6,0
39,1,16,1,7378,59,0,12,2,1,0
25,7,24,5,493,6,0,36,2,1,1
28,1,17,5,3892,20,0,50,1,1,0
33,1,19,3,2525,73,16,36,1,1,1
24,1,19,1,3172,95,7,46,1,2,1
59,1,15,5,2925,8,0,40,1,1,1
70,2,20,1,262,31,0,59,1,1,1
53,1,20,2,2987,70,1,48,2,1,1
34,1,17,5,3069,80,0,41,1,1,0
45,1,23,3,93,111,0,41,1,1,1
70,7,22,1,2671,218,0,39,2,6,1
43,1,17,1,5710,2,5,26,2,1,0
74,1,19,1,2071,78,0,51,1,2,1
29,1,20,1,192,5,0,21,2,1,1
35,1,20,5,6332,28,0,24,2,1,1
58,1,17,1,4444,70,0,70,1,1,1
26,1,14,1,6709,52,1,9,2,1,0
35,1,18,1,4192,18,0,45,1,1,1
37,1,21,3,2455,5,0,34,2,1,0
36,1,18,1,787,91,10,45,1,1,1
20,1,19,1,1411,141,11,17,2,1,0
44,1,19,5,2425,163,0,33,2,2,0
80,7,22,1,7706,184,0,35,2,8,1
75,1,20,1,3861,63,0,18,1,1,1
32,1,13,1,5190,1,0,62,1,1,0
64,1,19,1,1087,4,0,28,1,1,1
58,2,22,5,1239,5,0,47,2,1,1
18,1,19,5,5699,3,3,15,2,1,1
21,1,17,1,1439,350,0,33,1,1,0
25,6,17,3,5537,193,0,49,2,1,1
42,1,15,3,8119,11,0,33,1,1,0
61,1,19,1,6775,37,1,30,2,1,0
49,1,17,1,6698,149,8,38,2,1,0
38,1,12,3,5134,19,0,64,1,1,1
51,1,15,1,1452,89,0,37,2,1,1
25,1,20,1,1307,164,5,22,1,1,0
23,1,20,3,1474,91,0,37,1,1,1
56,1,22,1,1441,196,0,32,2,1,1
25,2,18,5,1201,236,0,46,2,1,0
31,1,21,1,1093,10,0,32,2,9,0
50,1,16,5,9259,223,10,24,2,2,0
45,1,15,1,8649,160,0,39,1,1,0
38,1,21,1,1067,42,0,38,2,8,1
42,1,19,3,2280,17,0,52,2,6,0
72,1,22,5,30,10,0,55,2,1,1
58,1,21,1,3393,28,1,51,2,1,1
39,1,19,1,842,94,0,22,2,1,0
50,1,12,1,8454,213,0,43,2,1,0
55,6,17,3,998,12,1,39,1,1,1
58,1,17,1,6703,125,0,37,2,1,1
54,1,20,1,6508,6,0,54,2,2,1
54,4,17,1,1702,44,0,36,2,1,1
33,1,21,1,2240,61,11,15,2,2,0
71,4,20,1,3902,31,0,51,2,2,1
68,1,22,5,4197,69,0,45,2,1,0
32,2,13,5,2880,1,0,52,2,1,1
50,3,22,1,2707,67,0,48,2,8,0
27,1,18,5,4074,13,16,35,1,1,0
33,1,21,1,4614,25,0,21,1,1,0
26,1,13,5,7277,7,14,33,1,1,0
32,1,6,5,8538,510,0,45,2,1,0
24,7,20,1,2274,155,0,39,2,2,0
28,1,15,3,6888,2,0,20,2,9,0
42,4,19,5,8167,13,0,44,2,1,1
21,1,23,1,7091,220,0,24,1,2,0
22,4,18,1,4666,81,0,43,1,1,0
28,5,16,1,4189,19,3,14,1,1,0
23,1,21,5,497,14,3,41,1,1,0
48,2,16,1,5100,22,2,47,1,1,1
35,1,21,5,8615,4,0,41,2,2,0
24,1,9,3,2560,41,17,13,1,1,0
34,1,18,1,916,95,0,28,2,1,0
58,4,19,5,5956,72,0,45,1,1,1
62,1,22,1,1468,30,0,25,1,1,1
54,1,18,1,5218,33,0,32,2,1,0
23,6,7,5,3975,406,0,24,2,1,0
51,1,23,1,5908,123,0,44,1,1,1
44,5,10,5,4390,7,0,11,2,8,0
24,1,14,3,6009,170,0,12,2,1,0
72,1,18,1,1058,101,0,72,1,1,0
60,1,19,5,1152,54,0,37,1,1,0
71,6,20,1,6428,83,0,52,2,1,0
28,1,9,5,4642,34,14,38,1,1,0
25,1,15,5,5809,5,0,29,1,1,1
35,1,22,3,5289,9,0,52,2,1,1
46,1,24,5,444,114,0,26,2,8,0
42,1,20,5,9326,140,0,43,1,1,1
47,2,12,5,5699,39,0,39,1,2,0
35,1,14,5,9033,24,1,20,2,1,0
35,1,19,1,8623,14,1,39,1,1,1
37,1,22,1,2221,5,0,41,1,2,1
71,1,21,1,3028,72,0,42,2,1,1
51,1,19,3,2767,157,0,36,1,1,0
26,1,22,5,6982,2,12,32,2,1,0
45,6,19,3,722,109,0,50,1,1,1
37,1,18,1,8500,41,0,53,1,1,0
47,6,22,3,287,11,0,47,1,1,1
33,1,15,1,5139,16,0,43,1,1,0
53,1,21,5,6258,5,0,48,1,6,1
31,4,22,1,439,31,0,23,2,1,1
63,1,17,1,608,17,0,37,2,1,0
27,3,18,5,6310,10,0,29,1,1,0
53,1,20,1,3285,389,9,34,1,6,0
35,1,18,1,7276,200,0,35,1,6,0
62,1,19,1,2524,20,0,49,1,1,1
51,6,17,3,3675,6,4,40,2,1,0
25,1,15,5,1551,87,17,43,2,1,0
45,3,21,5,1983,237,0,45,2,1,0
69,6,19,1,4954,2,2,41,2,1,1
22,1,14,5,3678,2,12,9,2,1,0
32,1,17,5,7805,58,0,26,2,1,0
23,1,14,5,1476,42,11,32,2,1,0
38,1,21,1,1696,169,0,45,2,9,0
21,2,20,1,6067,65,2,44,1,1,0
39,1,21,5,2515,1,0,11,2,1,1
41,1,17,1,2857,25,0,35,1,1,0
67,1,23,5,6897,7,0,55,1,1,0
21,1,18,5,9661,10,14,29,2,1,0
53,1,19,5,1077,4,0,45,2,1,1
29,1,17,1,1566,74,0,24,2,8,0
49,3,22,1,3498,47,0,40,1,9,1
41,1,16,1,5310,246,0,38,2,1,0
55,1,20,3,3638,7,0,55,1,1,0
72,1,14,1,9318,61,5,40,1,2,0
47,1,23,5,5773,382,0,37,1,2,0
32,1,22,5,3199,123,0,35,2,1,0
56,1,20,1,9147,54,0,47,2,1,1
25,2,19,3,1616,4,0,33,1,1,0
29,1,13,5,2826,99,0,41,1,1,0
85,4,23,1,1569,8,0,43,2,1,1
69,1,19,2,5386,162,0,13,2,1,0
75,1,22,3,1861,1,0,25,2,1,0
19,1,16,5,4595,204,3,39,1,1,1
32,7,15,5,2506,28,0,26,2,9,0
66,1,22,5,6242,74,0,24,1,1,1
34,1,19,5,4618,132,4,48,1,1,0
44,1,18,1,4953,486,0,47,1,2,0
76,3,17,1,3227,268,0,42,1,6,0
51,1,16,1,9018,43,0,36,2,1,0
19,2,17,5,9830,100,0,60,1,6,1
42,1,21,5,2208,125,1,31,1,1,1
34,1,12,1,9197,60,8,37,1,1,0
24,3,19,5,8648,18,0,43,1,2,0
63,7,24,3,3409,32,0,48,2,1,1
30,1,22,5,3792,1,0,21,1,1,1
44,1,20,1,1300,2,0,40,2,1,1
26,1,19,1,3634,72,0,15,1,1,0
39,1,23,3,1312,37,0,20,2,1,0
57,1,21,1,6009,111,0,43,1,1,1
29,2,18,1,4618,51,5,21,2,1,0
51,1,21,1,6607,38,16,49,1,1,0
36,1,19,3,3460,7,0,23,1,2,0
35,1,14,3,3011,74,0,44,2,1,0
39,1,18,1,3398,19,0,18,2,1,0
49,1,9,5,5987,120,0,35,2,3,0
37,7,20,1,469,1,0,61,2,1,1
17,1,14,5,4258,20,1,18,2,1,1
37,1,19,5,1446,131,2,56,1,1,1
66,1,21,1,4289,58,0,52,2,1,1
31,2,14,3,9168,53,0,17,2,1,0
22,1,20,1,3537,170,13,20,2,2,1
80,4,19,2,3031,531,0,50,1,1,1
33,1,19,2,6386,8,11,24,1,2,1
74,1,22,1,27,42,0,67,2,1,1
42,2,23,5,479,25,0,47,1,1,1
45,1,12,1,6203,265,0,30,2,1,0
25,3,21,5,4082,122,0,22,1,1,0
71,6,22,1,3325,93,0,47,1,1,0
35,1,17,1,6757,28,0,50,2,1,0
33,1,15,1,3487,417,0,40,1,1,0
34,1,18,5,4317,260,0,44,1,1,1
25,1,19,1,6259,11,0,36,1,1,0
21,1,15,1,6985,7,0,31,2,1,0
69,1,21,1,4171,123,0,36,2,1,0
53,1,21,1,2343,106,0,20,1,1,0
62,1,20,1,5342,7,0,27,1,1,1
21,1,16,5,7692,6,0,53,1,1,0
48,1,18,1,4765,15,3,30,1,1,0
41,8,20,1,2345,28,0,40,2,1,0
31,1,19,5,9078,408,3,24,2,1,0
30,1,20,5,1392,256,0,37,2,1,0
21,1,17,5,840,63,4,32,2,6,0
54,1,21,4,6818,51,0,33,1,1,0
25,1,17,1,1355,189,0,37,1,3,0
65,1,20,1,2243,10,0,30,2,1,1
27,1,19,1,3009,55,17,44,1,2,0
45,1,17,1,1411,105,0,38,2,1,0
21,5,21,5,8435,151,1,32,1,1,1
20,1,23,5,1340,2,0,51,2,1,1
34,1,13,1,7475,9,0,34,2,1,1
75,1,20,1,6818,199,0,30,1,8,0
62,1,17,1,6039,125,10,42,2,1,0
44,1,20,1,1988,38,0,48,2,1,1
36,1,14,1,4865,2,0,33,2,1,0
73,1,18,4,1081,18,0,10,2,1,1
62,4,22,1,1665,102,0,42,1,1,1
67,6,22,1,1974,24,0,36,1,1,0
66,1,21,1,6344,33,0,48,1,1,1
56,2,21,1,834,6,0,51,2,1,1
27,1,19,1,799,20,14,50,2,1,0
50,6,23,5,502,12,0,34,2,1,1
67,7,21,1,5770,1,0,28,2,1,0
23,2,12,5,9424,1,2,37,1,1,0
37,4,18,1,2048,152,8,44,1,1,0
53,1,19,3,4310,20,0,33,2,1,0
39,1,20,1,2502,7,0,39,2,1,0
72,1,17,5,1690,121,0,47,1,1,1
24,1,17,5,7089,63,0,43,2,9,0
30,1,16,1,5662,70,0,41,2,1,0
24,5,20,3,4967,154,0,26,1,6,0
36,1,19,5,9356,2,0,27,1,1,1
54,1,24,1,5402,3,1,33,2,1,1
44,1,19,1,2106,48,0,25,2,2,0
28,1,18,5,8848,204,0,7,1,2,0
19,1,21,5,3030,2,0,41,1,1,0
28,1,21,5,5025,156,0,39,1,1,0
23,1,21,5,5172,86,0,47,1,1,0
69,1,21,1,1357,61,0,41,1,6,0
30,1,12,5,7735,52,14,41,1,1,0
30,1,18,1,7357,49,0,32,2,9,0
62,1,18,3,3621,30,0,71,2,1,1
79,1,22,1,3474,34,0,43,1,8,1
40,2,18,5,4209,26,0,15,1,1,1
27,1,15,1,1694,14,0,44,1,1,0
51,6,20,5,8881,113,8,46,1,2,0
30,1,21,1,5925,34,0,45,1,2,0
51,1,19,5,5938,181,2,54,2,1,0
31,1,17,1,2681,388,4,47,2,8,0
27,5,18,1,1409,17,3,28,2,1,1
30,1,17,1,7723,32,0,47,1,1,0
71,1,21,2,147,49,0,48,2,1,1
20,1,18,5,926,54,16,54,1,1,1
49,3,19,1,7192,8,0,7,2,1,0
40,1,21,3,4237,97,0,39,2,1,1
51,1,18,5,5725,9,1,20,1,1,0
53,4,21,5,4883,204,0,21,1,1,0
54,1,21,1,2950,37,0,54,1,6,0
55,1,21,1,2849,121,0,42,1,3,0
51,3,23,5,6632,5,0,18,2,1,0
25,1,20,5,4742,554,8,57,2,6,1
38,2,21,1,317,189,0,19,1,1,1
20,1,21,3,2920,2,17,16,2,2,1
63,1,20,1,5156,155,0,24,2,1,1
59,6,12,5,4833,62,0,20,1,9,1
38,1,19,1,3333,66,1,18,1,9,1
57,1,20,1,3882,2,17,16,2,1,0
45,6,19,1,6130,10,0,19,1,3,0
25,1,17,5,9731,49,8,40,1,8,0
21,1,20,5,1951,62,0,48,1,6,0
28,1,17,1,2239,105,1,45,1,1,0
25,1,12,5,3397,82,16,40,1,1,0
70,4,15,1,3615,15,0,38,2,1,0
20,1,17,1,2786,303,17,36,1,8,0
26,1,14,1,9021,30,17,45,1,1,0
46,7,24,3,323,90,0,52,1,1,0
59,1,19,1,2332,6,0,51,1,6,1
35,1,19,1,2087,3,0,51,2,1,0
20,5,21,5,4715,6,4,52,1,1,0
29,1,16,5,2248,6,0,31,2,1,0
60,1,18,1,5401,198,0,42,2,1,0
57,1,21,5,3690,116,0,43,1,8,0
43,5,17,3,7929,26,0,38,2,1,0
29,1,20,5,6431,29,0,50,1,9,0
67,1,19,1,1276,13,2,37,1,1,1
26,1,20,1,3961,3,0,7,2,1,1
50,1,18,1,4231,2,0,41,1,1,0
50,1,22,1,6985,263,0,58,2,1,0
52,1,22,3,2128,136,0,39,1,2,0
42,1,17,1,4402,139,17,34,2,6,0
63,7,21,1,4903,103,2,32,2,8,1
62,3,23,5,1159,46,0,45,2,2,0
64,1,19,1,4771,57,0,31,1,1,1
47,1,21,5,8560,27,0,23,2,1,0
35,1,20,1,3685,32,0,33,1,1,0
47,1,20,1,1716,10,0,10,1,1,0
45,1,16,5,8477,6,0,35,1,1,0
47,1,20,5,5820,257,0,50,1,1,1
71,4,21,2,203,78,0,74,2,1,1
39,2,20,1,4645,64,9,17,1,1,0
35,1,15,5,5461,1,10,36,2,1,0
46,2,19,1,5654,141,0,51,2,1,0
55,1,20,1,827,69,0,27,2,1,1
73,1,20,1,1738,96,1,12,1,1,1
42,1,20,3,5079,65,0,41,1,1,1
69,1,16,1,3064,188,0,53,1,1,0
22,1,20,1,4448,36,0,32,2,1,1
47,1,18,5,8616,9,0,64,2,1,0
51,1,18,3,9162,36,0,43,1,1,1
30,6,14,1,1784,1,0,26,1,1,0
41,1,18,1,5517,23,0,47,1,1,0
32,5,14,1,3965,19,0,28,2,1,0
45,6,22,1,344,42,0,60,2,1,1
69,1,18,1,1862,7,0,32,2,1,1
41,1,14,1,8683,83,15,45,1,1,1
34,1,17,5,5894,3,0,53,2,1,1
67,5,19,2,5665,5,0,36,2,1,0
21,1,20,1,4191,1,11,50,1,1,0
44,1,20,3,6207,92,0,26,2,1,0
35,1,12,1,7138,31,13,55,2,1,1
44,4,20,1,689,137,0,44,1,1,1
35,1,22,3,4618,19,0,31,2,2,0
33,1,23,1,1203,71,0,27,2,1,1
73,7,18,1,7516,82,0,45,1,1,0
17,1,5,3,2749,29,0,30,2,6,0
33,1,16,1,7825,178,0,28,2,6,0
43,2,19,1,555,18,0,30,2,1,0
58,1,18,3,3000,19,0,44,2,6,1
40,6,23,1,1498,21,0,40,1,1,0
26,1,20,3,7596,5,10,14,2,6,1
24,2,13,1,7093,23,0,30,1,1,0
29,7,19,1,2141,4,0,31,2,1,0
47,1,12,5,9351,62,10,46,2,1,0
41,1,16,5,5768,1,0,16,1,2,0
43,1,12,5,4043,50,0,25,2,1,0
30,3,22,5,1800,81,0,34,1,1,1
46,5,19,1,4729,60,0,39,1,1,0
69,1,23,5,6133,94,0,53,2,1,1
80,1,17,1,4152,29,4,57,1,1,1
43,1,16,1,1292,75,0,35,2,1,0
42,1,20,1,3544,33,0,35,1,1,1
68,1,20,5,4589,16,0,50,1,1,0
58,1,19,1,1153,3,0,34,2,1,1
71,1,18,1,7365,186,0,66,2,1,0
22,1,22,5,5241,3,0,40,2,1,0
49,5,19,5,346,31,2,42,2,2,1
28,1,19,1,6030,287,0,59,1,6,0
29,1,17,1,5038,48,0,49,2,6,1
25,2,23,5,55,79,0,56,2,1,0
33,1,22,5,446,99,1,38,2,9,0
26,1,19,3,7935,44,11,42,2,1,1
36,1,19,1,3505,65,4,42,1,6,1
31,1,18,5,8314,46,6,41,1,1,0
50,4,21,1,972,95,0,33,1,1,1
67,7,21,1,1123,189,3,36,2,6,1
35,1,21,5,7122,33,0,34,2,1,0
81,3,22,1,752,12,0,51,2,1,1
26,1,17,3,8975,1,0,51,2,1,0
34,4,20,3,593,5,0,40,1,1,0
45,1,21,3,7544,227,0,48,1,1,0
33,1,21,1,2406,82,0,32,2,8,1
46,4,23,1,769,1,0,27,1,1,1
38,4,14,1,5978,9,0,31,1,2,0
27,6,19,1,8434,27,0,49,1,1,0
46,1,22,5,586,5,0,32,2,1,1
23,7,20,1,706,36,0,48,2,1,1
60,1,21,5,6265,2,0,18,1,8,1
26,1,19,1,9175,191,11,23,1,2,0
34,1,17,5,5490,1,4,33,1,8,1
45,3,11,3,1779,434,1,45,1,1,0
54,1,14,5,3569,315,1,39,1,6,0
75,2,20,1,5781,7,0,31,2,1,0
25,1,18,5,9635,286,16,7,2,1,0
47,2,15,1,4988,12,0,43,1,1,0
51,1,15,5,8055,40,0,56,2,6,1
71,1,17,1,3512,28,0,57,1,2,1
23,1,12,1,5535,95,1,35,1,6,0
64,1,22,2,114,219,0,37,1,1,1
38,3,18,1,6231,3,0,13,1,1,0
57,2,13,1,5002,32,4,30,2,2,0
37,1,12,1,9155,47,14,25,2,2,0
25,1,20,1,1056,53,15,25,2,2,0
30,1,13,3,6247,165,0,47,2,1,0
69,4,19,1,5945,4,0,31,1,1,0
47,1,14,5,3933,3,0,18,2,6,0
74,2,20,1,5877,53,0,41,2,1,0
30,3,17,1,5951,34,0,24,1,1,0
58,1,21,1,681,11,0,54,1,2,1
36,1,15,5,654,15,0,44,1,1,0
66,2,22,1,1677,112,0,36,1,1,1
49,3,22,1,3803,58,13,32,1,1,0
33,1,23,1,2710,14,17,55,1,1,1
42,6,20,2,1022,13,0,47,2,1,1
37,1,17,3,7868,35,17,39,1,1,0
46,1,19,1,7028,7,0,61,1,1,1
23,4,14,1,6098,62,0,30,1,1,1
28,1,22,1,797,3,0,35,1,1,1
87,1,20,1,2721,118,0,34,2,1,1
31,1,21,1,3344,1,5,30,2,1,0
66,3,24,1,3142,11,0,52,2,1,1
52,1,21,5,3491,73,0,48,2,1,0
30,1,20,3,8048,4,0,26,1,2,1
40,1,18,1,8917,207,12,37,1,9,0
56,5,22,4,652,43,0,58,2,1,1
46,1,23,1,5669,79,0,26,1,1,0
71,2,22,5,6947,43,0,44,1,1,1
39,3,19,1,7170,216,0,19,2,1,0
19,1,23,5,612,1,1,37,2,1,1
29,1,16,1,6992,8,0,30,2,1,0
50,1,22,1,2862,32,0,42,1,1,1
58,1,19,4,8982,13,0,28,1,1,0
47,6,17,1,6658,57,0,55,2,2,1
43,4,17,1,5383,238,0,35,2,2,1
26,1,21,3,1547,14,0,36,2,2,0
47,3,17,4,2704,165,0,19,1,2,1
48,1,16,1,3009,12,0,41,2,1,1
68,1,19,1,4247,123,0,64,1,1,1
26,1,20,5,6583,110,10,43,1,1,0
32,1,15,1,2843,73,3,42,2,1,0
38,1,19,4,3913,19,0,37,2,1,1
20,1,18,5,730,5,4,54,1,1,1
58,1,21,1,2549,58,0,29,2,6,1
25,1,19,1,6293,20,0,60,1,2,1
34,1,20,1,4110,19,16,31,2,1,0
55,5,16,1,4640,294,0,45,2,2,0
45,1,21,1,3855,300,0,43,2,1,0
62,7,24,1,635,8,0,28,2,1,0
37,1,20,1,1422,60,0,40,2,1,0
20,1,16,5,2465,13,11,55,1,1,0
45,1,22,1,2876,69,0,64,1,6,0
33,1,21,5,5395,73,0,52,1,1,1
73,3,17,1,1153,408,0,24,2,2,0
56,1,21,1,3880,51,0,25,2,1,0
41,3,14,1,1246,39,0,38,2,1,0
51,4,21,1,449,35,0,41,1,2,1
49,5,21,1,4558,123,0,39,2,1,1
55,1,21,5,2657,508,0,38,1,7,1
72,7,22,1,7230,67,0,21,2,1,1
30,1,18,5,4183,37,0,3,2,1,0
40,1,22,1,3730,1,0,28,2,2,0
66,1,18,5,4117,5,0,60,2,1,0
76,1,15,1,7238,13,4,68,1,1,1
38,2,17,1,4259,111,2,40,2,1,0
59,1,13,1,7244,3,0,48,1,1,0
55,2,15,5,367,79,0,29,1,1,0
53,4,20,1,155,115,0,29,1,2,0
42,1,20,5,4618,7,2,48,2,1,1
46,1,19,1,8175,416,12,34,2,1,0
40,1,15,1,7073,2,1,40,2,1,0
54,1,19,1,1996,1,0,37,2,6,0
56,1,19,1,5705,86,0,36,1,1,1
27,1,21,1,1585,175,12,34,1,8,1
66,6,18,5,1430,124,1,12,1,1,0
27,4,17,5,5358,266,2,39,1,1,0
33,1,21,5,1766,2,0,16,2,8,0
25,1,13,5,7744,90,0,37,2,1,0
73,7,17,1,3063,28,0,31,2,1,0
53,6,15,3,5371,125,0,57,2,1,0
34,6,23,1,2150,36,2,53,2,1,0
57,1,19,1,3317,70,0,27,2,1,0
56,3,13,1,8728,40,0,26,2,5,0
20,3,21,1,2159,102,0,49,2,1,0
53,1,19,5,1211,2,0,34,1,1,0
71,1,19,4,7146,80,0,24,1,1,1
42,1,17,1,1374,3,0,30,2,1,0
51,6,19,1,1524,61,0,27,1,1,0
55,6,18,1,6875,15,0,46,1,1,1
29,1,14,1,2686,5,0,21,1,1,0
26,1,22,5,474,9,0,34,1,1,0
48,1,18,1,4059,1,0,55,2,1,0
41,7,20,1,252,10,13,45,2,1,0
41,2,20,5,2787,3,0,25,2,1,1
43,6,20,5,2317,29,0,51,1,2,1
26,1,11,5,8736,59,1,51,1,2,0
32,1,20,1,5031,260,0,47,1,1,1
31,1,22,5,5454,131,0,19,1,1,0
30,1,21,1,241,129,6,37,2,1,0
30,1,21,1,1887,48,0,56,1,2,0
63,2,22,1,1976,101,0,24,2,1,1
31,1,18,1,2498,69,3,68,1,1,1
38,3,23,5,1944,5,0,51,2,1,1
57,3,21,1,3125,93,0,33,2,6,0
26,1,17,5,1974,40,1,53,1,1,0
35,1,12,5,9518,8,2,58,2,1,0
34,5,21,1,1532,79,0,52,1,6,1
24,1,21,5,1933,4,0,46,1,1,0
51,1,17,1,2170,184,0,41,1,8,1
51,1,23,5,1980,15,0,43,2,1,1
61,7,19,5,1790,55,0,37,1,1,0
39,1,19,5,631,131,2,32,1,1,1
66,1,18,1,4809,59,0,63,1,1,1
26,1,21,1,43,2,0,39,2,1,0
59,1,16,1,7724,15,0,43,1,1,0
37,1,20,5,2197,4,0,36,2,1,0
39,2,20,3,7634,52,0,43,2,6,1
24,2,20,5,4201,5,17,38,1,1,0
45,6,22,1,239,18,0,35,2,1,0
43,2,21,5,5271,194,1,23,1,1,0
47,3,22,1,532,23,0,39,2,8,1
35,1,19,1,5271,262,17,24,2,1,0
25,1,9,5,8774,74,0,21,2,1,0
75,7,24,1,3967,73,0,40,2,1,1
58,1,23,1,47,62,0,43,2,1,0
51,1,19,5,2924,87,0,34,2,1,0
55,1,16,1,7674,2,0,21,1,1,0
52,7,20,3,2443,54,0,11,1,1,1
43,1,20,4,4055,9,10,45,2,2,1
67,1,14,5,7145,76,0,44,1,1,1
28,1,15,5,4644,131,1,9,2,1,0
68,1,17,1,7329,397,0,30,1,1,0
36,1,19,1,6542,3,0,35,1,1,0
37,3,19,1,3706,19,2,44,1,2,0
58,1,12,4,2237,28,0,52,1,1,1
46,7,19,1,4414,55,0,30,1,1,0
42,1,15,1,8782,212,0,23,2,1,0
36,6,24,1,1777,129,0,40,1,1,0
31,1,16,1,7090,229,0,41,1,1,0
38,4,21,5,3777,67,0,15,1,1,0
62,8,18,1,5307,5,2,44,1,2,1
49,3,21,5,1158,24,0,25,1,2,1
66,1,20,3,4456,308,0,37,1,1,0
33,1,24,1,1831,131,0,50,1,8,1
60,3,22,1,143,25,1,42,1,8,1
23,1,19,5,8906,26,4,35,2,1,0
62,2,19,1,2128,3,0,40,1,1,1
65,1,21,2,944,8,3,43,2,1,1
27,1,21,5,5413,25,0,76,1,1,1
30,3,22,3,1610,3,7,43,1,1,1
44,1,17,5,2534,433,0,50,2,1,1
28,4,19,1,2105,113,0,50,2,2,1
64,1,20,1,2493,87,2,38,2,1,0
25,1,17,5,8346,373,17,51,1,1,0
46,1,14,3,6731,138,1,62,1,8,0
30,1,16,3,5532,122,0,20,1,1,1
27,1,14,5,6852,41,0,43,1,1,1
85,2,22,1,2356,30,0,44,1,1,1
21,4,15,1,6322,110,0,38,1,1,1
29,1,19,5,3076,46,3,33,1,1,0
50,2,21,3,6684,4,0,34,2,1,0
58,1,21,2,4784,12,0,33,1,1,0
44,6,20,5,1122,14,0,17,1,1,0
28,3,17,5,3861,30,0,21,2,9,0
32,1,18,1,4215,90,0,45,1,2,0
37,6,18,1,8271,25,0,40,2,1,0
33,2,12,5,8169,38,3,2,1,1,0
33,1,16,5,3342,45,3,34,2,1,1
48,3,13,5,758,117,0,19,2,6,0
48,3,16,3,349,65,3,49,2,1,1
19,1,19,1,8989,54,7,22,1,1,0
74,3,20,1,1076,2,0,26,2,1,1
55,4,24,1,764,25,0,44,2,1,1
28,1,22,1,3523,15,0,26,1,6,0
27,4,20,5,2856,133,0,40,1,2,0
19,6,22,1,2331,108,1,54,1,6,0
57,2,20,1,355,4,6,47,2,1,0
47,1,16,1,4614,152,0,36,1,1,1
33,1,22,1,58,153,0,27,1,1,1
33,1,18,3,7169,68,0,41,1,2,0
47,7,22,1,3460,13,0,40,2,1,1
43,1,19,1,4473,17,0,38,1,1,0
30,1,20,5,8674,62,4,13,1,1,0
37,1,2,1,7801,23,1,21,1,1,0
30,7,13,5,5175,46,0,34,2,1,0
30,1,16,1,244,40,0,44,2,1,0
65,1,22,1,413,31,0,35,2,8,0
29,1,20,1,3675,40,0,37,1,1,1
55,1,17,1,4451,27,13,53,1,1,0
59,2,21,1,3514,10,0,35,2,2,0
50,1,21,1,5017,206,0,71,1,1,0
54,1,21,1,7798,53,15,33,1,2,0
39,2,16,5,9773,7,0,21,1,1,0
70,4,23,2,80,2,0,57,1,1,1
22,1,15,1,5086,39,0,32,1,8,0
20,1,19,5,50,17,2,30,2,8,0
33,6,21,1,6006,47,0,32,1,1,1
24,1,20,1,6094,47,0,42,2,6,0
47,1,22,1,1896,32,0,38,2,1,0
66,1,22,1,5761,373,0,32,2,8,0
41,1,22,5,3256,53,0,55,2,1,0
25,3,21,5,2126,150,8,33,1,8,1
50,2,19,4,5044,324,0,19,2,1,1
67,1,18,5,2058,61,0,32,2,1,0
65,1,21,5,5126,108,6,63,2,1,1
55,1,17,3,390,65,0,51,2,1,1
31,1,17,3,8339,93,0,38,2,1,0
50,7,22,1,2754,104,0,55,1,1,1
69,1,18,1,3627,241,0,53,2,1,0
60,1,11,1,8125,42,0,42,1,1,1
25,1,11,3,3055,60,2,33,1,6,0
36,5,20,3,8346,325,0,33,1,1,0
62,7,16,1,5322,4,0,28,1,1,0
61,1,10,1,9036,129,9,25,1,6,0
64,1,15,1,5890,3,0,66,2,2,0
22,1,14,5,4308,83,2,22,1,1,0
28,3,23,1,7184,2,0,35,2,1,0
43,5,12,1,5600,42,0,45,2,1,0
40,1,20,1,3398,21,0,50,2,1,1
32,1,19,1,5186,11,1,49,1,1,0
56,1,10,2,8732,59,0,24,2,8,0
22,1,22,1,4319,21,0,29,1,1,0
20,1,20,1,4077,35,17,47,1,1,0
31,5,14,5,6675,3,0,44,2,1,0
46,3,22,5,4308,86,13,31,2,1,1
62,2,20,1,2211,65,3,60,1,2,0
43,1,15,1,5413,1,0,28,2,1,0
62,1,19,1,6479,9,1,44,2,1,1
36,6,19,1,3597,87,0,30,1,2,1
63,1,23,4,1321,188,0,50,1,1,1
47,3,22,1,302,52,0,50,2,1,1
48,1,15,5,8737,155,0,36,1,1,0
24,4,22,5,7593,102,14,26,2,6,0
39,1,10,3,4234,94,3,36,1,1,1
25,1,13,1,8359,47,13,22,2,1,0
41,1,19,1,5417,119,0,50,1,1,1
72,5,16,1,6483,84,0,38,1,1,1
25,1,22,1,5011,5,0,30,2,1,1
44,4,17,5,6789,22,0,1,2,1,0
68,6,13,4,7300,23,0,42,1,5,1
39,1,19,3,159,58,0,28,2,1,0
30,1,12,5,7000,5,0,29,2,1,0
92,5,12,1,6715,400,0,45,1,1,0
46,7,21,1,3760,264,0,56,2,1,1
26,1,7,1,8861,11,0,36,1,1,1
55,1,8,5,8145,69,12,14,2,1,0
55,1,17,5,2763,87,0,51,2,1,0
51,3,19,1,4759,31,0,53,1,1,0
30,1,19,1,2147,106,0,48,2,1,0
59,6,21,1,6888,2,0,23,2,1,0
60,5,20,5,2916,26,0,39,2,1,1
24,4,19,1,3799,45,0,29,2,2,1
34,1,18,5,872,122,0,37,1,1,0
43,6,16,1,2970,108,17,41,1,1,0
37,3,21,3,2514,56,0,33,2,1,0
57,1,22,1,4540,2,0,52,1,1,1
33,1,21,1,3073,379,0,34,1,3,1
20,1,21,5,8696,9,0,30,2,1,0
47,1,21,5,3288,130,1,51,2,8,0
25,1,17,5,4644,48,0,54,1,1,1
36,1,16,1,9515,12,0,38,1,1,0
56,1,21,3,5104,166,0,48,1,1,1
20,2,17,3,4690,35,0,55,2,2,1
38,6,19,1,1342,138,0,55,2,1,0
46,1,19,1,1987,55,0,35,1,6,1
39,1,11,1,8842,117,11,34,1,6,0
32,1,23,5,5694,21,0,23,1,1,0
37,1,18,5,3989,7,0,12,1,1,0
60,1,17,4,339,3,17,59,1,2,1
49,4,17,1,1771,165,0,28,2,1,1
31,1,18,3,4041,9,1,38,1,1,1
25,5,18,1,303,47,14,28,2,1,1
57,1,18,1,2587,9,0,53,2,1,0
21,1,18,1,5063,50,0,36,2,1,0
41,6,17,5,4003,1,3,32,2,8,0
36,5,19,1,4830,153,0,33,1,1,1
44,6,16,1,4232,33,0,56,1,2,0
40,1,16,1,4111,17,0,29,2,1,0
32,1,23,1,575,82,0,35,1,1,0
19,1,21,5,8030,56,15,55,1,1,0
34,1,15,1,815,134,0,44,1,1,0
35,1,17,1,3589,18,0,43,1,2,0
47,7,14,1,2076,1,0,27,1,9,0
42,1,19,1,6901,60,0,40,2,2,0
27,1,21,1,2832,91,0,57,1,1,0
44,1,14,1,1019,137,1,31,2,1,0
45,2,21,1,7598,104,0,31,2,1,0
34,5,20,3,4471,177,0,62,2,1,1
53,3,20,5,6391,256,7,39,1,1,0
32,1,21,1,8885,121,0,42,2,1,1
61,5,19,1,4154,275,0,27,2,8,1
56,1,22,1,6131,109,0,31,2,1,0
22,1,12,5,2834,90,17,18,1,2,0
28,1,20,1,6304,36,0,33,2,3,1
60,1,19,1,641,7,11,52,1,1,1
42,1,19,1,2175,22,0,22,2,1,0
56,1,21,5,803,153,0,44,1,1,1
32,7,19,1,3394,199,0,27,2,1,0
47,2,19,5,3622,4,16,38,1,1,0
51,2,24,5,1227,17,0,36,1,1,1
23,1,17,5,1853,5,0,2,1,1,0
25,6,21,5,5376,21,17,42,2,1,1
20,1,17,3,991,40,0,40,2,1,0
34,1,8,5,5400,58,3,38,1,1,0
35,1,14,3,5155,223,0,51,1,2,0
35,1,15,1,2217,87,0,65,1,2,0
39,1,19,3,7672,95,9,48,1,1,1
39,1,21,4,4057,1,0,58,1,1,1
40,2,21,1,2632,9,0,33,2,1,0
38,2,20,5,7809,64,1,21,1,1,1
46,1,20,4,9456,28,0,29,1,1,1
21,1,18,1,1520,258,0,48,2,1,1
40,1,20,5,627,193,12,42,2,6,0
67,4,22,3,578,131,0,39,2,1,0
24,1,18,5,6981,18,16,33,1,1,0
41,1,23,5,484,21,9,53,1,1,1
47,1,18,1,7823,134,0,41,1,1,1
55,3,21,3,6455,52,0,59,2,8,0
50,1,17,1,2523,70,0,20,1,1,0
49,6,16,5,5847,47,0,40,2,1,0
22,1,16,5,5076,14,1,34,1,1,0
25,1,18,5,4885,20,0,49,1,1,0
25,1,22,1,6334,4,6,51,2,1,0
45,1,22,3,392,8,0,51,1,1,1
31,1,17,1,5645,60,0,38,1,1,1
58,1,20,3,6103,52,0,21,1,1,0
25,6,19,1,6326,59,17,46,1,1,0
32,1,19,1,8534,34,0,15,2,1,0
53,1,21,1,2660,7,0,28,1,1,1
62,5,20,3,5167,196,0,31,1,9,0
55,1,17,1,1238,80,0,49,2,1,1
22,2,22,5,6622,85,0,18,2,1,0
30,1,21,5,4502,10,0,41,2,1,0
37,1,21,1,7196,1,17,23,2,1,0
44,1,15,1,2907,78,0,45,1,1,1
22,1,23,3,3533,24,0,32,1,2,0
41,1,13,1,9312,113,12,27,2,1,1
46,1,19,1,4596,31,0,23,2,1,1
63,1,18,1,3426,102,0,48,2,6,0
20,1,18,3,719,66,0,55,1,1,1
74,2,21,1,4882,90,1,43,2,1,1
20,1,15,5,5931,1,1,18,1,1,0
22,1,17,3,5960,3,0,24,2,8,0
26,1,20,1,405,1,0,37,2,1,0
63,2,17,1,2031,57,0,43,1,1,1
43,1,19,1,277,26,0,46,1,1,0
22,6,15,1,7937,253,0,30,2,1,0
48,1,22,1,580,46,0,38,1,1,0
56,1,17,5,6614,68,0,40,2,1,1
31,1,22,5,710,44,17,29,2,1,1
37,1,17,1,6287,113,0,31,1,1,0
79,1,18,1,7121,13,0,55,1,1,0
35,3,19,1,9025,38,0,37,2,2,0
64,3,12,1,4721,177,0,19,2,1,1
46,1,18,5,1773,151,0,38,1,1,0
33,1,12,5,8384,20,13,43,1,1,1
80,1,17,1,8994,74,0,41,1,1,0
24,1,18,5,2126,31,4,55,1,8,0
34,1,21,1,381,35,11,48,1,2,0
31,4,22,5,53,5,0,51,2,1,0
38,3,22,1,4096,11,0,46,1,1,0
73,1,17,5,5966,227,0,36,2,1,0
54,1,17,5,1258,102,0,59,1,1,1
28,1,17,1,4084,76,0,34,1,1,1
46,1,22,1,2851,8,1,42,1,1,1
42,4,21,1,5132,273,2,40,1,8,1
61,3,22,1,71,218,0,39,2,1,0
34,3,20,3,2319,8,3,40,1,2,1
69,1,21,1,2178,57,0,47,2,6,1
21,2,21,1,8571,8,17,15,2,1,1
22,1,17,5,4074,104,5,45,2,1,0
56,1,18,1,4743,6,0,36,1,1,0
48,3,17,3,8721,68,11,27,2,1,0
67,1,22,1,1990,70,0,55,1,1,1
41,4,14,1,2932,2,17,28,2,1,0
70,1,15,1,7864,321,0,26,2,1,0
18,1,14,5,7106,14,0,26,1,1,0
32,1,23,3,719,2,0,28,2,1,1
41,3,22,5,14,3,15,48,1,1,0
33,1,18,5,7944,106,0,25,2,1,0
52,4,20,5,144,67,0,16,2,1,0
44,1,19,1,2891,33,0,22,2,1,1
52,1,19,1,8129,31,0,25,1,1,0
52,3,21,1,4149,49,17,28,1,1,0
48,1,21,5,2371,47,1,26,2,1,0
41,4,20,5,1732,22,0,57,1,1,0
19,1,20,5,8534,78,15,9,1,8,0
63,1,20,1,6548,195,2,36,2,1,0
42,1,15,1,6373,82,4,28,1,1,0
48,1,20,2,4691,72,0,39,1,1,0
51,7,19,1,4066,99,0,35,2,1,1
37,1,17,1,4289,14,0,37,1,1,1
29,1,23,3,2507,4,10,47,1,1,1
58,2,10,1,2784,37,5,44,1,1,0
34,7,22,1,2920,4,0,40,2,1,1
40,1,20,3,2167,146,14,42,1,1,0
42,7,20,1,325,2,0,49,2,1,0
35,5,18,1,8645,242,0,27,1,1,1
31,1,14,5,7535,31,17,27,1,9,0
39,3,17,5,3448,31,0,48,1,1,1
47,1,21,1,4916,2,0,17,2,1,0
54,1,17,1,2199,166,1,44,2,6,0
49,1,21,5,5230,1,0,51,1,1,0
46,2,21,1,1540,52,0,20,2,1,0
36,1,12,1,8824,87,0,35,1,6,1
45,1,17,3,7166,150,0,45,1,1,0
45,1,23,1,273,129,0,58,2,1,0
58,1,19,2,3935,40,0,22,2,1,0
29,1,14,5,9406,27,15,31,1,1,0
37,1,22,1,1085,193,16,21,1,1,0
28,1,17,1,7960,266,0,29,2,1,0
30,1,19,5,7175,39,0,47,2,1,0
39,1,13,3,6430,196,0,64,1,9,1
64,1,22,1,574,4,4,14,2,1,1
43,1,22,1,4366,28,0,44,1,1,0
34,1,20,5,3548,218,0,11,2,1,0
38,1,15,1,5582,31,16,25,1,1,0
35,1,19,1,8282,1,8,32,1,1,1
43,1,21,5,432,6,1,35,2,2,1
48,2,18,1,1872,56,0,56,1,1,0
45,1,19,1,1662,219,0,35,1,1,0
62,1,16,1,3629,168,0,8,1,1,0
79,3,14,2,958,41,0,29,1,2,0
65,1,22,1,281,13,0,25,2,1,1
52,1,22,5,7010,100,0,57,1,1,0
35,1,23,1,1138,104,0,46,1,1,1
37,1,6,1,3725,7,0,53,1,1,0
39,5,18,1,488,26,0,48,1,1,1
23,7,19,5,2950,95,0,38,1,2,0
32,2,21,1,6997,101,17,25,2,6,0
80,5,22,5,3789,45,0,36,2,1,0
28,1,19,5,1222,3,0,46,2,1,1
36,6,18,3,6585,39,16,40,2,1,0
52,1,21,1,4452,55,0,66,1,1,1
37,1,21,1,3948,211,0,53,2,1,1
46,1,15,1,2098,30,0,36,2,1,0
34,1,14,3,3786,32,0,17,2,1,0
42,3,18,5,3715,4,0,53,1,2,1
30,1,19,5,4143,49,0,52,1,1,1
40,1,16,1,3513,42,0,36,1,8,0
28,1,18,1,3195,31,15,48,1,3,0
22,1,10,3,8914,37,0,39,1,1,0
42,1,16,1,4278,229,0,50,1,2,0
28,1,19,1,4816,33,0,51,1,1,0
40,1,14,1,9187,47,0,34,2,1,0
76,1,19,1,4098,200,1,19,1,1,0
33,1,23,5,2920,23,0,30,1,1,1
34,1,20,5,3722,4,0,18,2,6,0
22,1,16,5,8075,48,0,45,1,1,0
66,1,18,1,6012,70,0,29,2,1,0
29,1,19,1,2080,27,10,19,1,1,0
23,2,20,5,1511,44,0,63,2,1,1
26,1,20,5,2228,143,0,51,2,1,1
37,1,21,5,2154,72,0,51,1,1,0
43,2,20,1,1340,104,0,54,2,1,0
30,1,13,5,9462,45,1,46,2,1,0
44,1,19,1,4015,28,0,38,1,1,1
44,5,20,3,7371,3,0,62,1,7,0
69,1,21,5,305,176,0,38,2,1,1
38,1,17,5,2198,42,8,53,1,1,0
46,1,22,1,2789,17,5,39,1,1,1
24,1,18,5,4246,74,8,38,1,1,0
36,2,18,1,1044,35,0,53,1,1,1
38,1,21,5,31,163,0,29,2,1,1
69,2,21,1,500,104,0,31,1,1,0
59,6,19,1,4560,97,0,41,2,2,0
38,1,21,1,9087,6,0,63,2,1,0
60,7,22,1,1206,32,0,44,1,1,1
36,1,16,1,173,28,0,45,2,1,0
67,1,15,1,4664,58,0,47,1,1,1
34,7,21,1,6937,20,0,23,1,1,1
34,7,21,5,8652,3,0,39,1,1,1
34,3,14,1,333,22,3,47,2,2,0
21,4,17,5,3418,23,0,28,2,1,0
52,1,21,5,937,4,0,33,2,1,1
24,2,13,1,449,92,0,32,2,1,0
59,1,20,3,2625,125,1,29,2,1,1
50,1,14,4,6138,113,0,71,1,1,0
64,3,23,1,1790,93,0,57,1,1,1
79,2,21,1,4948,28,1,22,1,1,0
37,1,19,5,5351,70,0,28,1,4,0
38,1,20,5,1045,23,0,37,2,2,0
35,1,19,3,2470,185,0,44,1,2,1
58,2,23,1,866,135,0,34,2,1,0
58,1,21,5,112,80,1,48,1,2,1
69,1,19,1,3753,12,6,64,1,1,1
30,3,18,1,1601,41,0,37,1,1,1
53,1,21,4,3255,2,0,44,2,1,1
71,7,17,1,1216,13,0,9,1,1,1
24,1,22,5,4071,368,0,35,1,1,1
29,1,20,1,5648,36,0,29,1,2,0
50,1,22,1,4063,43,0,37,2,1,1
74,3,18,1,1202,183,0,64,1,1,1
76,1,23,1,4131,116,0,15,1,1,1
72,6,21,1,1066,2,0,25,2,1,0
53,1,21,5,6713,37,0,58,1,1,0
26,1,21,1,4044,38,4,33,2,1,0
28,1,22,5,4582,2,2,24,2,2,0
38,1,21,1,1283,11,0,48,2,1,0
28,1,15,5,8982,4,17,38,1,1,0
27,1,16,5,8926,4,0,46,2,8,0
46,1,22,3,363,121,0,61,1,1,0
25,7,9,1,3668,14,0,25,1,1,0
28,1,17,5,8231,254,0,28,1,1,0
39,2,18,1,8483,14,3,26,2,1,1
35,1,19,5,5678,57,17,27,2,1,1
59,1,18,1,3819,44,0,42,1,1,1
65,1,19,1,3266,142,0,45,1,1,1
60,1,19,5,2572,44,0,14,1,1,0
73,2,16,1,2283,33,15,68,1,1,0
70,1,17,1,5836,211,0,54,2,1,0
39,1,14,5,7535,67,16,12,2,2,0
28,1,20,3,856,14,0,35,2,2,1
34,1,21,1,2330,48,0,40,1,8,1
56,1,16,5,6558,5,0,46,1,1,0
48,2,16,5,4069,26,0,33,1,1,1
30,7,22,1,4256,2,0,23,2,1,0
44,1,12,1,5748,57,0,47,1,1,0
67,3,20,1,5640,169,0,36,1,8,0
23,1,16,1,5841,25,0,31,2,1,0
42,4,22,1,6023,135,0,30,1,1,1
35,3,18,1,7523,11,1,33,1,2,0
42,1,18,1,8203,81,17,51,1,1,0
57,1,19,1,4095,143,0,19,1,6,0
77,1,23,1,398,9,0,41,1,1,1
40,1,21,1,1770,133,0,26,2,1,1
33,1,21,1,2342,80,6,32,2,8,1
18,1,23,5,287,3,11,31,1,8,0
62,1,22,1,5445,203,0,60,1,8,0
69,5,19,1,1594,33,0,51,1,8,1
25,1,18,1,5452,112,1,30,2,1,1
27,1,21,1,6734,100,0,19,2,1,0
25,1,16,5,4378,144,0,37,1,1,0
45,1,22,5,1084,55,0,18,1,1,1
27,1,23,1,353,21,14,45,1,2,0
63,1,19,1,5905,14,0,46,2,1,0
23,5,14,3,3142,12,3,32,2,6,0
31,1,21,5,5723,13,17,48,1,1,0
34,1,16,5,2587,7,0,23,1,1,1
28,1,22,5,5205,48,0,36,2,1,0
30,4,16,1,6216,13,0,46,1,2,1
35,1,23,1,2607,67,0,58,2,1,0
25,1,17,5,5483,100,6,30,1,1,0
31,1,5,5,3515,9,8,30,1,9,0
57,3,23,1,2435,206,1,19,2,1,0
37,1,19,5,4099,36,9,47,1,1,1
21,4,22,5,6263,128,17,37,2,8,0
62,1,20,1,4476,264,0,48,1,1,0
18,1,18,5,733,7,17,14,2,2,1
31,6,18,1,3511,150,17,38,2,1,0
59,3,18,1,6630,74,0,30,1,6,1
50,3,20,1,5199,34,0,16,2,1,0
44,1,22,1,813,13,0,51,2,1,0
63,1,15,1,5479,163,0,53,2,8,0
59,1,10,2,5793,301,0,41,1,8,0
45,1,19,1,3121,2,6,50,2,2,0
50,1,15,5,7009,12,0,29,1,2,0
52,3,18,1,4044,177,0,40,1,6,0
75,3,15,1,5165,166,5,30,1,2,1
44,1,21,1,8347,48,16,72,2,1,0
37,2,24,3,365,38,15,54,1,1,1
55,1,20,1,8849,36,14,35,1,1,0
56,1,21,1,1274,137,0,50,2,1,1
52,1,19,1,6437,75,0,29,2,1,0
30,1,20,1,3102,141,0,75,1,1,1
25,1,19,5,3306,11,0,45,2,1,0
18,3,21,5,6197,169,10,27,1,6,1
47,3,9,5,7912,30,0,16,1,1,0
26,2,17,5,4218,19,0,20,2,1,1
38,1,19,1,8211,5,3,36,1,1,1
55,1,23,1,1901,67,0,66,1,1,1
28,2,17,3,1712,244,7,27,1,6,0
35,1,17,1,3563,33,0,29,2,8,1
60,7,20,3,2808,29,3,55,1,1,0
28,2,22,5,3077,41,1,38,1,2,1
26,1,15,1,9705,81,11,38,1,1,0
54,1,15,5,7356,164,0,50,1,1,0
68,1,23,1,4342,4,0,38,2,1,1
65,2,21,1,676,8,2,20,2,1,0
24,6,15,1,6072,5,4,22,2,1,0
59,1,24,1,2044,335,0,46,1,8,1
47,1,15,3,7160,152,0,44,2,2,0
41,1,23,1,3075,17,0,42,1,2,0
51,2,15,1,8592,196,0,40,2,8,0
79,1,21,4,1950,123,0,23,2,9,1
68,5,17,3,739,37,0,51,1,1,1
67,3,21,1,954,52,0,50,1,1,1
40,1,22,1,3774,33,0,53,1,9,1
43,2,23,5,6477,16,6,40,2,1,0
44,1,22,3,5499,1,0,54,2,1,1
26,1,14,3,7975,9,0,18,1,1,0
87,1,21,5,8596,6,0,35,1,1,0
71,1,23,1,2772,19,0,43,2,1,1
52,1,19,5,6252,2,2,28,2,1,1
37,1,13,5,9149,139,15,25,1,1,0
35,4,19,1,6354,234,5,29,1,2,0
55,7,23,5,5326,54,0,14,2,1,0
21,1,20,5,832,91,7,39,2,1,0
74,6,21,1,1015,11,0,26,2,1,1
53,6,16,1,4485,125,0,33,1,2,0
66,1,21,5,6636,38,0,56,1,1,0
28,1,11,3,9337,1,1,26,2,1,0
34,6,20,3,1040,240,17,51,1,1,0
40,1,22,1,1798,108,0,41,2,1,1
59,1,22,1,360,40,0,38,1,6,1
23,3,19,5,9047,173,4,25,1,1,0
27,4,19,1,2426,235,0,36,1,1,0
18,1,22,5,7721,18,1,51,1,1,1
53,2,18,1,4520,30,17,27,2,2,0
18,1,13,5,8146,129,0,16,1,6,0
50,1,15,5,3344,6,5,50,1,1,0
28,1,20,1,6019,149,0,23,2,1,0
26,1,19,1,4310,61,0,27,2,1,1
41,1,21,1,2251,14,0,9,1,1,1
31,4,23,5,2531,4,0,39,1,1,0
46,2,12,1,634,105,0,54,1,1,0
49,1,16,4,5752,27,12,37,2,2,0
51,1,16,1,4600,2,0,30,2,2,0
74,1,22,1,4510,21,0,48,1,1,1
20,1,21,3,2516,73,16,16,2,1,0
22,2,24,1,747,308,0,44,2,1,1
59,6,22,1,2182,6,0,26,1,1,0
30,1,20,5,9186,24,0,53,1,2,0
26,1,19,5,1005,21,0,29,2,1,1
74,1,20,4,152,2,0,41,1,1,1
51,1,13,3,2312,23,0,53,1,1,0
23,1,16,1,5414,38,0,39,2,1,0
50,7,23,1,1393,184,0,38,2,1,1
57,6,19,1,6174,39,0,29,2,1,1
50,1,18,1,6058,539,0,40,1,2,1
59,6,21,1,7887,145,0,51,1,1,1
39,1,18,1,801,38,0,38,2,1,0
36,1,10,5,9023,281,0,37,2,1,0
34,3,18,1,1783,85,8,25,2,1,0
44,1,17,1,7615,37,0,32,1,1,0
29,6,21,1,1679,2,17,37,1,6,0
36,1,17,1,9503,214,0,61,2,1,1
59,7,21,3,101,74,0,53,1,1,0
41,1,17,3,4573,12,0,43,1,1,0
56,1,19,2,3273,62,0,23,2,1,0
53,7,20,1,1689,11,0,41,2,1,0
39,1,19,3,5827,117,0,41,1,1,0
44,8,17,1,192,91,0,60,2,1,0
49,5,12,3,5391,343,0,75,2,1,0
33,1,17,1,4108,163,0,62,1,1,1
63,3,9,1,6849,1,0,29,2,1,0
64,1,15,5,9704,281,12,21,1,1,0
21,6,21,1,8245,99,0,47,1,8,0
53,1,20,5,5250,2,0,42,1,1,0
50,5,15,5,176,267,0,42,2,1,0
29,2,20,1,1694,30,0,61,2,1,0
18,1,19,5,9539,304,0,14,1,8,0
28,1,20,5,4391,50,0,55,1,1,1
54,1,18,3,959,31,0,38,1,1,0
48,3,18,1,4880,131,0,46,1,1,0
25,1,20,1,7001,4,1,12,2,1,0
33,2,22,1,4450,3,0,25,2,1,1
35,1,19,1,4866,240,0,45,1,1,0
37,1,21,1,1162,64,0,54,1,1,1
22,3,19,3,8777,4,8,33,2,1,0
27,1,16,5,6919,45,0,39,1,1,0
55,1,17,1,5690,3,0,46,1,1,0
27,1,17,1,483,99,0,36,2,1,0
37,1,19,1,3274,60,4,31,1,1,1
44,1,19,1,1254,228,0,22,1,2,1
42,1,20,1,9813,43,2,27,2,9,0
36,1,21,5,5958,16,1,43,1,6,0
38,1,20,5,4668,156,0,22,1,1,0
19,1,8,5,4155,5,6,16,2,1,0
39,1,22,1,4630,8,0,46,2,9,1
41,1,22,3,2331,8,0,43,2,1,1
49,1,19,1,4754,179,0,27,2,1,1
49,1,14,1,9210,172,0,47,2,1,0
59,2,22,1,343,29,3,36,2,2,1
26,1,19,5,4085,4,0,50,1,1,1
73,1,15,1,2535,6,0,52,2,1,1
63,2,22,1,6243,25,0,30,1,1,1
24,1,17,1,7842,1,0,47,1,1,0
43,1,14,1,6710,42,4,39,1,1,0
23,1,12,5,8605,203,0,39,1,1,0
71,3,20,1,977,17,0,55,1,1,1
38,1,18,1,3130,305,0,27,1,1,0
34,1,17,5,4193,169,15,39,2,2,0
44,4,13,5,8623,7,0,32,1,1,0
71,3,22,1,893,6,0,36,1,1,1
50,3,20,1,3578,44,0,32,1,9,0
37,1,21,1,4681,21,0,30,2,1,1
59,1,17,3,4461,27,0,52,1,1,1
47,1,20,1,6759,79,0,51,1,1,1
40,3,22,1,3795,22,0,31,1,1,0
27,3,23,5,798,22,0,31,2,1,1
31,3,20,1,2853,26,0,56,1,1,0
19,6,15,3,878,143,0,49,2,1,0
67,2,21,1,5046,22,16,61,1,1,0
29,1,23,1,4212,71,0,18,2,1,0
35,2,21,5,142,74,0,36,1,1,0
57,3,21,1,2131,78,10,26,1,9,1
60,1,21,1,2931,205,0,32,2,1,1
26,1,18,5,7631,27,3,32,1,6,0
62,7,22,1,2223,122,0,24,2,1,0
48,1,19,3,6929,21,16,37,1,1,0
75,2,18,1,988,6,0,49,2,1,0
27,1,18,1,445,3,0,30,2,1,0
60,4,22,1,517,45,0,29,1,1,1
61,7,24,1,3795,160,0,63,1,1,1
41,2,16,1,9425,6,0,66,2,1,0
54,8,22,1,600,2,0,27,2,1,1
27,1,19,3,8660,199,2,41,2,6,0
39,1,22,5,441,76,0,62,2,1,0
22,1,20,5,3479,280,0,40,1,1,0
25,1,13,5,4103,12,0,34,1,8,0
42,1,23,1,3837,234,0,46,2,6,0
64,1,19,1,590,285,0,52,2,1,1
32,1,19,5,2079,133,0,19,2,1,1
54,1,19,1,3119,238,0,45,1,1,1
41,1,18,1,6598,37,0,50,1,1,1
44,1,17,1,1426,28,0,42,2,1,0
27,3,14,5,5507,285,15,14,1,1,0
30,1,22,5,5907,88,17,36,2,1,0
36,1,21,3,139,22,0,40,2,2,0
55,1,17,1,4193,121,0,49,1,1,0
61,1,14,1,8051,39,0,36,1,1,0
60,2,18,1,6375,181,0,30,2,1,1
56,1,20,1,4504,33,0,34,2,1,0
23,6,20,1,4776,65,2,41,2,1,0
62,7,22,2,1168,100,1,23,2,1,0
50,3,10,1,7874,23,0,63,1,6,0
61,2,20,1,8841,4,0,37,2,2,0
43,1,19,1,8694,110,7,44,1,1,1
56,2,21,1,75,30,0,30,2,1,0
28,1,20,5,39,213,0,29,2,8,0
56,1,19,1,3316,250,0,39,2,1,0
56,1,16,5,4877,8,7,25,2,1,1
28,1,22,1,354,6,0,24,1,1,0
21,1,21,5,3629,1,0,43,2,1,1
48,1,16,1,8902,76,0,29,1,2,0
28,1,20,5,279,99,0,41,2,1,0
70,1,19,2,2079,20,0,38,2,1,1
53,1,20,1,3404,90,0,49,2,1,1
63,1,22,1,3441,329,0,40,1,6,1
79,6,22,4,1135,9,0,49,1,1,0
25,1,22,1,2356,26,0,25,1,1,0
41,2,19,5,167,205,0,38,1,6,0
36,1,18,3,8667,13,0,27,2,9,1
27,1,22,5,6398,185,16,55,2,9,1
45,7,20,1,2864,10,0,38,2,6,0
54,1,21,1,4317,43,0,45,1,1,1
38,1,23,1,4716,52,2,38,1,1,1
74,6,19,1,6187,123,0,35,2,1,1
54,1,17,5,6473,115,0,45,1,1,1
76,1,20,1,1632,3,0,25,2,1,0
27,3,20,1,2579,75,2,57,2,2,0
51,1,20,1,525,246,0,48,1,2,1
36,1,23,1,1269,2,2,34,2,6,1
32,6,22,1,644,45,0,46,2,6,1
33,1,22,1,3401,10,14,30,1,8,1
25,7,20,5,1881,18,5,51,1,6,0
30,1,13,5,8164,55,15,22,2,1,0
30,2,21,1,7037,5,6,36,1,9,0
26,1,19,1,1783,164,0,58,2,1,0
63,1,22,3,994,150,0,45,2,1,0
67,6,19,1,5092,49,0,43,1,1,1
26,3,18,1,3816,2,0,24,2,1,1
42,1,17,1,3441,45,0,55,2,1,0
38,6,15,1,8016,177,0,57,2,1,1
40,1,16,5,52,17,0,22,2,1,1
25,1,21,5,4609,274,0,27,1,2,0
42,1,20,5,9042,33,0,30,1,1,0
44,7,22,1,4626,19,0,42,2,6,0
35,6,14,5,9805,144,0,26,1,1,0
49,1,19,1,6874,9,0,49,2,1,1
34,1,6,1,9338,28,0,29,1,1,0
69,1,24,1,928,255,0,64,1,1,1
20,5,19,5,1210,52,0,50,2,1,0
65,1,20,1,583,122,0,48,2,1,1
32,1,18,1,7786,92,7,51,2,1,0
49,6,17,5,3626,156,0,29,2,8,0
38,1,22,5,4389,7,0,53,1,1,0
44,1,19,2,247,66,0,55,2,1,1
30,1,23,3,199,8,4,37,2,1,0
47,2,20,1,557,77,0,50,1,1,1
27,1,18,1,4657,42,0,38,2,2,0
41,1,17,1,5439,11,0,60,2,1,1
46,1,21,1,5422,136,0,43,1,1,1
40,6,16,1,7047,75,0,60,1,1,0
35,3,17,5,6046,61,0,29,2,1,0
42,1,16,5,4245,126,0,62,1,8,0
45,2,21,5,4146,3,1,16,1,1,0
33,1,17,5,2763,223,0,48,1,1,0
85,4,21,1,7789,3,0,24,1,1,0
36,1,16,3,5638,22,13,22,1,1,0
77,1,22,2,2851,29,0,50,2,6,1
64,1,16,4,7516,154,0,40,2,8,0
41,1,18,4,7950,16,0,50,1,1,0
57,1,16,1,3750,100,0,23,2,1,0
42,1,14,1,4620,92,0,26,1,9,0
84,4,18,1,1317,228,0,56,2,1,0
21,1,10,5,4139,265,0,40,1,2,0
22,6,17,3,7859,170,12,33,2,1,0
21,1,18,5,6526,142,0,33,1,1,0
73,4,19,1,3273,407,0,54,2,1,1
46,4,10,1,8175,2,17,37,2,1,0
65,3,16,1,3361,12,7,57,2,1,0
20,1,19,3,6736,16,16,27,2,1,0
71,3,19,1,2190,42,0,33,2,1,1
36,7,22,1,3607,10,0,35,2,1,0
25,4,20,1,6686,334,15,46,1,6,0
39,7,17,1,597,64,0,31,2,6,0
27,1,12,5,6154,74,6,15,1,1,0
40,3,22,1,1177,40,0,38,2,1,0
30,1,21,1,6353,47,0,52,2,9,1
24,1,19,1,1335,5,0,63,1,1,1
26,1,21,5,2774,79,0,22,2,1,0
46,4,19,3,2916,2,0,48,2,1,1
48,3,19,5,5715,55,0,54,1,1,1
33,1,23,5,1556,20,0,51,2,1,0
57,4,20,1,5622,136,0,70,1,1,0
40,1,16,5,1094,77,0,45,2,8,0
52,1,16,1,7361,24,0,50,1,1,0
25,6,19,5,521,15,2,15,2,1,0
60,1,18,3,6449,160,0,33,2,1,1
41,1,20,5,7079,1,0,47,1,1,0
67,1,23,1,3366,35,0,45,1,2,1
27,1,21,5,6534,4,0,48,1,1,0
41,1,17,1,1638,12,0,33,2,2,0
52,2,21,1,3974,4,1,29,1,1,1
36,1,15,2,375,95,1,23,2,1,0
56,1,22,1,1423,155,0,52,2,1,1
47,1,18,5,1636,8,0,51,1,1,0
42,1,19,1,2308,63,0,46,2,1,0
30,1,17,5,2978,7,0,32,1,1,0
51,1,22,1,4270,38,0,45,1,1,0
31,1,23,5,479,21,0,47,1,1,1
28,1,17,5,2238,297,1,47,1,1,0
38,1,19,1,6519,233,0,47,2,2,0
28,5,15,5,9371,3,0,39,1,9,0
53,2,21,1,3938,53,0,48,2,1,0
29,1,20,5,3116,75,0,34,2,1,0
40,1,21,3,4001,10,0,51,1,1,1
31,1,23,1,123,13,0,40,2,2,1
46,1,15,1,1087,115,0,40,2,8,1
48,1,21,5,5326,57,7,21,1,1,0
27,1,20,3,8362,5,4,20,1,1,0
29,7,16,1,2402,3,4,33,1,1,0
58,1,20,1,1259,8,0,43,1,1,0
21,1,22,5,6901,1,5,9,2,1,0
44,1,21,1,599,2,0,24,1,1,1
45,5,17,1,3862,15,0,49,1,1,0
41,7,22,1,1669,480,0,19,2,1,0
32,2,17,3,587,33,3,37,1,6,0
24,7,18,5,8440,53,0,17,1,9,0
34,1,20,1,6974,554,1,64,1,2,0
36,7,13,5,2450,314,14,54,1,1,0
31,1,22,5,3248,100,0,42,1,1,0
32,6,18,5,9440,13,0,36,1,2,1
32,1,18,5,6964,349,4,33,1,1,0
76,1,20,1,7511,72,0,40,1,1,0
70,1,18,1,8283,56,0,29,2,1,0
75,6,16,1,3775,12,0,70,1,1,1
45,1,21,1,3134,16,0,15,2,1,0
60,4,22,4,462,41,0,43,1,1,0
18,1,15,5,3022,77,17,27,1,1,0
60,1,11,1,7124,300,0,53,1,1,1
39,1,21,1,6129,4,0,47,2,1,1
39,1,19,5,3137,83,0,43,1,1,1
36,4,19,1,5143,54,16,59,2,1,0
57,1,18,1,5484,162,0,64,2,1,1
42,2,22,5,1606,163,2,57,1,2,1
74,1,17,3,1362,20,10,44,2,1,1
23,1,18,3,1280,88,0,35,1,1,0
33,1,16,5,4080,1,8,46,1,1,0
29,1,14,5,6089,236,0,29,1,1,0
18,1,17,3,5506,2,10,32,2,1,0
41,1,19,5,7174,17,17,55,1,8,0
69,1,12,1,2180,52,0,52,2,1,1
43,1,23,1,463,20,0,27,2,2,1
51,1,17,1,9170,99,0,41,2,1,0
61,1,21,1,4401,10,0,41,1,2,1
20,1,19,3,4410,22,0,49,1,1,1
50,1,22,1,2181,98,0,43,1,1,1
26,1,5,5,9331,109,0,35,2,1,0
77,3,19,1,5747,3,0,44,2,1,1
29,1,17,5,5781,121,4,39,2,1,1
62,1,23,5,1495,71,0,32,1,1,0
34,1,20,5,3151,21,0,56,2,1,0
53,1,20,1,2442,8,16,39,1,1,0
40,1,14,1,8686,33,0,59,1,1,1
24,1,16,1,6794,48,11,38,1,1,0
34,1,14,5,7103,6,0,49,1,1,0
67,6,17,4,5538,19,0,35,2,1,0
35,1,19,5,1610,6,0,38,1,1,0
54,1,19,1,5013,74,0,34,1,6,0
61,1,19,3,3668,74,0,37,2,1,0
35,1,18,5,2742,141,15,44,1,1,0
38,1,16,5,7514,324,0,47,1,1,1
21,4,18,1,4065,42,4,44,2,1,0
28,1,20,1,760,4,0,49,1,6,1
41,4,20,1,5181,19,8,31,1,1,0
66,1,23,1,5375,103,0,33,2,1,0
39,1,12,5,8920,18,13,25,1,3,0
19,1,17,5,8616,156,0,20,2,6,0
39,1,18,1,2855,45,0,43,2,1,1
72,1,19,2,6300,69,0,36,1,1,0
34,1,18,1,5911,304,0,13,2,2,0
36,1,20,1,7013,3,2,47,1,1,1
27,6,18,5,1557,4,16,19,2,1,0
53,1,19,1,2689,25,0,36,1,1,0
20,1,12,5,9188,44,16,31,1,1,0
62,1,19,3,6043,41,0,17,1,1,1
64,1,22,1,3659,4,0,49,1,1,0
46,3,14,1,5824,48,0,46,1,1,1
59,1,22,1,5128,17,1,25,2,1,1
28,1,20,1,3713,117,15,51,2,8,1
76,1,19,1,764,81,0,51,2,1,0
68,1,20,1,575,63,0,37,2,1,1
62,1,19,1,4850,13,0,48,1,1,0
38,1,21,5,4326,6,0,66,1,1,0
43,1,11,5,356,5,0,15,2,1,0
46,1,22,5,418,214,0,52,1,6,0
55,1,19,1,2435,12,0,49,2,1,0
60,4,22,4,1066,51,0,42,2,1,0
52,6,22,3,1757,111,0,25,2,1,0
43,1,22,1,3751,199,0,56,1,1,0
30,1,20,5,2621,2,0,48,2,1,0
22,1,19,5,1004,2,13,26,1,2,0
37,1,22,1,9347,20,17,34,2,1,0
34,2,17,1,6096,151,0,44,2,1,1
55,1,24,1,1234,5,0,39,2,2,1
79,1,23,2,8742,30,0,61,2,1,1
46,1,20,1,4524,4,0,60,1,1,1
63,1,17,3,4784,207,0,37,1,1,1
33,1,21,5,6138,146,0,39,1,9,1
52,7,23,1,1760,1,0,30,2,1,0
50,6,17,1,1262,19,0,52,1,1,0
57,3,21,1,1269,52,0,29,1,1,1
33,1,19,5,6579,191,0,25,2,1,1
59,7,23,1,1505,24,0,46,1,1,0
50,3,21,1,2983,165,5,43,1,1,0
33,7,22,1,627,2,0,61,1,1,1
48,1,17,1,5741,221,0,35,2,1,0
37,3,24,5,3542,1,0,37,2,1,1
42,1,17,5,3679,43,0,30,1,2,0
70,1,9,1,6745,2,0,16,2,1,0
25,6,17,5,5162,6,1,21,1,1,0
48,1,17,1,4362,50,8,38,2,1,0
52,2,23,1,2437,2,0,29,2,1,0
39,1,17,1,6331,13,0,75,1,1,1
25,6,17,1,4324,470,4,64,1,1,1
30,2,22,3,895,3,16,21,2,1,1
39,1,21,5,2156,31,0,40,1,1,1
41,2,23,1,654,276,0,57,2,2,0
68,6,20,2,6098,85,0,49,1,1,1
25,1,10,5,674,24,7,33,1,1,0
30,6,12,1,8938,180,14,50,1,1,0
67,1,17,1,4338,189,0,44,1,2,1
25,1,16,5,3430,2,0,13,1,1,0
23,1,21,3,4767,65,17,28,1,1,0
60,1,13,1,4985,20,16,40,1,1,0
23,6,15,5,4169,268,13,27,1,1,1
18,1,18,5,4478,83,15,40,1,1,0
53,1,22,1,5379,129,0,38,1,1,1
60,1,19,1,1454,15,0,32,1,1,1
27,1,21,5,1810,84,0,46,2,1,1
34,2,18,1,8389,216,0,46,2,1,0
20,6,16,1,7464,44,6,31,1,1,0
49,1,19,5,4104,36,0,44,2,1,0
65,1,18,2,3642,39,0,42,1,1,0
54,1,22,1,1200,70,0,48,1,3,1
43,1,11,5,1359,9,16,53,1,9,0
31,1,17,1,3030,17,0,52,2,1,1
77,7,22,1,1918,36,0,56,2,1,1
62,2,22,1,5596,32,17,26,2,1,0
32,3,22,1,836,2,9,31,2,1,0
34,6,17,1,5009,41,0,39,1,1,0
49,1,21,1,747,130,0,57,1,1,1
48,1,20,1,2266,149,0,35,2,1,1
24,1,19,3,761,2,0,17,2,1,0
49,1,18,1,5231,93,1,37,1,1,0
69,4,21,1,869,11,0,61,2,6,1
75,1,20,5,1492,14,0,61,2,1,0
43,1,22,1,2537,56,0,52,1,1,1
53,3,21,1,490,24,1,47,1,1,1
46,1,21,3,4183,23,0,38,2,1,0
46,3,19,1,3808,16,0,31,1,1,0
46,3,22,1,4799,11,0,39,1,1,0
61,1,18,1,4563,34,0,15,1,1,1
51,1,22,5,1370,77,0,58,1,1,1
38,1,19,3,1937,91,0,36,1,1,0
32,2,18,3,6931,7,16,11,1,1,0
37,1,15,1,2199,5,9,32,1,1,1
40,1,17,5,8833,14,0,23,2,1,0
33,1,19,3,3181,37,0,51,2,1,0
58,1,14,1,7451,1,3,14,1,1,0
29,1,23,1,2290,243,0,26,2,1,0
39,1,16,1,8943,56,0,8,1,1,1
41,6,17,1,3024,28,0,47,1,9,1
29,1,20,1,5425,150,0,44,2,8,0
19,1,19,5,946,82,17,21,2,1,1
28,1,17,5,4106,39,0,27,2,1,0
42,1,17,1,2276,38,0,24,2,1,1
38,1,19,1,7346,4,12,33,1,6,0
42,1,16,1,6784,153,0,46,1,1,0
48,6,22,5,2018,274,0,24,2,1,1
42,3,22,1,2851,26,0,40,2,1,1
71,5,13,3,3854,128,0,33,2,1,0
23,1,13,5,4700,124,0,41,1,1,0
69,1,22,3,2315,20,0,59,1,1,0
51,4,21,1,4007,5,0,43,1,1,1
38,1,21,1,1324,2,0,48,1,1,1
72,2,23,3,3620,77,0,33,1,1,1
63,1,17,5,6840,97,0,51,1,1,0
31,1,17,5,1393,85,0,5,2,6,0
58,1,21,5,1180,10,0,39,1,1,1
60,1,20,1,4141,43,0,37,2,1,1
27,1,21,5,1649,179,0,53,1,8,0
47,1,20,1,1303,12,0,25,2,6,0
43,3,20,5,6222,10,0,15,1,1,1
33,2,22,1,937,177,1,21,2,1,1
47,1,17,5,2109,2,0,54,1,1,1
28,4,21,1,2887,7,17,52,2,6,1
51,3,20,1,4585,49,0,50,2,1,1
37,7,23,5,4488,36,0,28,1,1,1
63,3,17,1,3780,10,0,30,1,1,0
25,1,16,1,6055,55,0,60,2,1,0
49,8,20,1,1097,394,0,55,1,2,0
36,1,19,1,2636,326,0,32,1,2,0
31,3,21,5,1095,3,2,36,1,1,1
34,1,19,1,6289,50,0,41,2,1,0
70,3,17,3,3874,38,0,43,2,1,0
39,1,18,3,5188,252,0,45,1,1,0
29,1,17,1,1601,10,0,32,1,1,0
57,7,20,1,2680,45,0,39,1,1,0
48,1,18,1,198,193,0,43,2,1,1
19,1,17,5,2149,31,0,37,2,1,0
42,3,21,5,3393,1,0,62,1,1,1
18,1,17,5,8236,29,14,63,1,1,0
38,1,19,5,2507,136,0,32,1,1,0
20,2,22,5,3635,22,1,14,2,2,0
69,2,20,1,3958,1,0,42,2,1,0
28,3,21,1,7748,4,0,36,1,1,0
24,1,20,3,3613,85,0,51,1,2,1
25,6,20,3,3361,40,0,40,2,1,1
51,3,20,1,367,9,4,46,2,1,1
42,4,22,1,6826,5,0,47,1,1,0
35,1,18,1,8528,38,0,52,1,1,0
29,5,18,3,1573,44,0,54,1,1,0
45,1,17,3,3702,6,0,18,2,1,0
24,1,9,1,8805,9,0,3,1,1,0
55,4,17,5,8061,118,0,40,2,1,0
32,1,14,5,2408,36,0,24,2,1,0
50,1,15,5,5766,100,0,39,1,9,0
31,1,16,1,7619,10,0,41,2,1,1
36,1,22,1,441,49,0,32,1,1,1
62,1,20,1,9086,204,0,63,1,1,1
28,7,21,5,7305,95,1,55,1,1,1
56,2,15,1,1946,53,0,46,1,1,1
46,1,14,1,8002,99,0,59,1,1,0
77,3,18,1,2279,22,0,26,1,1,1
67,1,18,1,4621,1,0,54,1,1,1
49,2,19,3,5278,93,0,43,1,1,0
30,1,20,1,4846,45,0,48,1,1,1
45,1,21,1,2109,236,0,44,2,2,0
53,1,19,4,3233,23,0,51,2,1,0
36,1,15,1,1622,27,0,28,2,1,0
43,4,21,5,2665,20,0,26,1,1,0
48,1,14,1,6397,113,16,40,1,1,0
61,1,19,1,4567,5,0,45,2,1,0
33,1,17,5,1114,16,0,35,1,1,0
33,2,18,1,9632,171,0,37,2,5,0
30,1,19,5,4282,140,0,28,1,1,0
56,5,21,2,1457,48,0,40,2,8,0
42,6,22,5,1404,95,0,48,1,6,0
55,1,17,1,2154,6,8,25,2,1,0
25,1,15,5,1802,19,2,43,2,1,0
27,1,17,1,9006,97,0,42,1,9,0
58,1,20,2,5403,2,6,46,1,6,1
51,1,20,5,3060,9,0,66,1,2,1
42,4,22,1,5078,17,0,18,1,1,1
31,1,13,5,4489,356,12,38,2,9,1
71,7,24,1,2444,141,0,31,1,1,0
32,1,22,5,68,388,0,48,1,1,0
60,7,22,1,247,6,0,25,2,1,1
42,1,19,1,6339,221,0,35,1,1,0
33,1,20,3,4056,70,0,27,1,1,1
26,1,20,1,7200,6,0,48,2,2,0
58,1,23,1,177,86,0,34,2,3,0
23,7,15,3,4092,34,0,44,1,1,0
62,1,17,5,768,2,0,48,1,1,0
33,1,14,1,6590,95,0,35,1,1,0
29,1,17,3,831,20,0,48,2,1,1
34,1,18,3,6033,49,0,35,2,1,1
60,4,16,5,7628,90,0,31,2,3,1
28,1,15,5,5685,163,4,42,2,1,1
25,5,12,1,5166,7,13,24,2,6,0
74,1,19,1,3466,2,0,50,2,1,0
63,2,21,5,5592,86,0,46,2,1,0
55,6,19,1,1400,2,2,11,2,1,0
30,1,15,3,8529,138,0,44,1,1,0
85,1,18,1,2875,6,0,61,1,1,0
55,2,23,1,1593,2,0,47,2,1,0
44,1,20,3,5759,46,0,45,1,1,1
27,1,14,1,3762,55,0,36,2,2,0
45,5,16,1,7792,196,0,56,1,1,0
47,1,17,1,4628,39,0,36,2,1,0
47,1,19,1,8878,79,0,56,2,1,0
59,1,20,1,1449,11,6,13,2,1,0
41,1,20,1,9547,1,0,48,2,1,0
74,2,22,3,8394,35,0,33,2,1,0
58,3,18,1,5093,198,0,43,1,1,1
48,1,19,2,2165,31,0,61,2,1,1
40,4,21,3,2451,138,0,26,2,1,0
60,1,18,1,4138,2,0,50,1,1,0
53,1,19,5,4527,11,0,50,1,1,0
51,1,15,1,1211,5,0,30,1,1,0
41,6,16,5,8837,223,1,22,2,1,1
49,1,23,1,1139,8,0,49,2,1,1
70,2,18,4,6772,99,0,12,1,1,0
47,1,20,2,4641,25,0,30,2,1,0
50,1,23,1,3561,13,0,41,1,1,1
29,1,20,1,1267,210,0,1,1,2,0
54,3,19,3,3719,109,0,20,1,1,0
42,4,20,1,3297,9,0,17,1,2,0
30,2,22,5,169,19,0,24,2,2,1
31,1,21,1,481,26,0,18,1,1,0
26,1,18,5,4431,1,0,41,1,1,0
71,1,21,5,5434,139,0,48,2,8,0
43,1,23,1,165,9,0,40,1,2,0
50,1,9,1,6263,90,0,23,1,1,0
58,4,20,1,2099,7,0,33,2,1,1
54,1,12,1,4962,76,17,36,1,6,0
28,1,16,1,4296,31,1,38,1,1,0
41,1,14,1,3845,209,11,34,1,1,1
54,3,22,1,1995,25,0,18,1,1,0
41,6,22,1,206,16,0,78,1,1,1
37,1,22,1,2402,2,0,55,2,1,0
69,2,19,1,1035,184,0,46,1,1,0
45,1,18,5,5061,99,5,45,2,1,1
78,2,19,1,6590,14,0,41,2,6,1
35,3,21,1,2452,168,0,41,2,1,0
50,6,18,1,3571,308,14,56,1,1,0
32,2,19,1,3148,102,14,48,1,1,1
24,2,22,5,1114,4,0,31,1,1,1
57,1,9,1,5610,59,0,38,2,2,1
58,1,21,1,5876,21,0,67,1,1,1
44,3,13,3,8699,2,0,6,2,1,0
23,1,22,5,3268,150,10,37,2,1,0
53,1,21,1,1171,9,0,34,1,9,0
25,4,20,1,3564,53,17,28,1,1,0
22,1,12,1,2505,50,0,51,2,1,0
50,6,19,3,1282,2,4,39,1,2,1
37,5,15,1,2521,100,1,50,1,1,1
49,5,18,1,5808,61,0,36,1,1,0
89,1,22,1,3706,3,0,38,2,1,1
70,1,19,1,7867,52,0,28,2,8,0
49,1,22,1,3571,5,0,18,2,1,0
41,1,20,3,4814,20,0,33,1,1,0
55,1,11,1,7135,4,0,39,1,1,0
26,1,18,1,7736,3,0,74,1,1,0
43,6,13,1,8663,67,14,35,1,1,0
77,3,22,1,469,39,0,28,2,1,1
19,1,22,5,4053,2,16,21,1,2,0
71,2,19,1,6673,25,0,57,1,1,0
42,1,14,5,6238,28,0,30,1,1,0
34,1,21,1,1914,39,0,49,1,1,0
54,1,18,1,2381,160,0,20,2,1,1
21,1,11,1,6383,237,0,19,2,1,0
29,1,15,5,4262,10,16,45,2,9,0
66,1,21,1,684,11,0,56,1,1,0
24,1,22,5,3176,9,0,48,1,2,1
33,1,15,5,3150,25,0,51,2,1,1
20,2,20,5,189,15,16,45,2,1,0
59,1,23,3,1294,16,0,52,1,1,0
71,3,20,1,2127,32,0,49,1,2,0
47,1,19,5,6898,1,0,30,2,2,1
48,6,18,1,1351,113,0,49,1,1,0
47,1,21,1,4076,91,0,27,2,5,1
30,1,16,5,8762,99,6,39,1,6,0
46,1,16,1,6450,98,0,24,2,8,1
39,1,17,1,6569,11,16,49,1,1,0
29,5,20,3,5857,49,0,55,2,1,1
19,1,16,1,6738,86,0,41,1,6,0
63,1,21,1,5757,73,0,34,1,2,0
53,3,20,1,1651,56,0,32,1,1,1
61,3,17,5,6556,166,0,18,1,1,0
59,4,20,1,1500,304,0,43,2,1,0
37,1,22,5,2316,39,17,24,2,6,0
29,1,15,5,5444,80,0,33,2,1,0
60,1,18,1,1581,85,0,8,2,1,1
55,6,20,1,977,62,0,39,1,2,1
20,1,18,5,2416,7,15,35,1,1,0
29,2,23,3,935,1,5,61,1,1,0
51,3,22,1,533,41,0,62,2,2,1
60,6,23,1,667,175,0,17,2,1,1
51,1,15,5,3601,25,0,43,1,1,0
24,1,20,5,6202,41,0,37,1,1,1
45,1,19,1,2218,175,0,69,2,1,1
36,1,16,1,2093,510,0,31,2,8,0
72,1,20,5,3640,28,0,54,1,1,1
25,1,20,5,6569,56,0,38,1,1,0
34,1,13,5,580,4,10,38,1,1,1
28,1,20,5,3889,26,0,41,1,1,0
61,6,18,1,4851,26,10,37,2,1,0
52,1,20,1,627,268,0,16,2,1,0
64,1,23,1,4469,4,0,37,1,6,0
34,1,22,5,2557,13,0,25,2,1,0
42,1,20,1,1903,5,0,34,1,1,0
49,6,22,1,1630,27,0,38,2,1,0
63,1,20,1,1298,10,17,17,2,1,0
54,1,17,1,3378,8,8,13,1,1,0
21,1,16,5,9263,53,17,29,1,1,0
52,1,23,5,7495,41,0,51,2,1,1
67,2,19,1,5347,15,0,51,2,1,0
80,7,22,1,626,10,0,28,2,1,0
71,1,19,5,8900,5,0,31,1,1,0
24,1,14,5,8251,176,14,34,2,9,0
50,3,22,1,3186,84,0,56,1,2,1
46,6,17,1,4581,1,2,42,2,1,0
24,5,16,1,9418,160,0,7,1,1,0
29,1,12,5,6269,9,17,59,1,1,0
52,1,11,1,453,53,0,39,1,3,1
49,1,22,1,1597,8,0,48,1,1,1
45,1,17,1,5669,232,2,30,2,1,0
25,1,22,3,6760,208,0,57,1,1,0
17,1,11,5,945,123,12,24,1,1,0
35,1,19,1,5070,56,16,19,1,2,0
28,1,10,1,6719,10,0,40,1,1,1
26,1,17,5,5121,12,0,18,1,2,0
28,1,15,5,8726,112,8,21,1,1,0
33,1,19,1,5961,16,0,31,1,2,1
31,1,21,5,1674,5,0,17,1,1,1
22,1,17,3,4125,103,16,62,1,9,0
25,1,19,5,912,20,15,44,1,1,0
28,1,18,5,5298,91,3,38,2,1,1
65,3,21,1,2240,7,0,40,1,1,0
43,1,16,1,2127,77,0,45,1,1,0
30,1,18,5,3013,61,0,42,1,8,0
35,4,14,5,5387,32,0,40,1,1,0
66,1,21,1,6477,153,0,52,1,1,1
58,2,16,5,3269,4,0,25,1,1,0
43,7,17,1,6823,8,0,31,2,1,1
61,1,17,5,6216,5,0,11,2,1,0
45,1,17,5,6009,98,0,39,2,1,0
53,3,10,1,4473,6,10,44,2,1,0
34,1,23,1,5853,23,0,48,1,1,1
54,1,21,1,3015,19,0,58,1,1,0
30,1,15,1,6872,35,0,45,1,1,0
26,1,17,3,7829,15,8,34,1,1,0
50,5,22,1,320,13,0,48,2,1,0
65,1,17,1,7643,554,0,49,1,1,0
45,3,22,3,3689,77,0,45,1,1,1
32,1,16,1,6212,133,2,31,2,1,0
27,2,18,5,7363,7,1,23,2,1,0
60,1,23,3,249,23,3,69,1,1,1
47,1,20,5,1623,18,0,37,1,2,0
50,2,18,1,7082,1,2,18,2,1,0
24,1,21,1,4932,7,0,45,1,1,0
47,1,15,1,9061,9,0,44,1,2,0
36,1,11,3,9504,86,14,30,1,1,0
35,4,20,1,8004,81,0,64,1,2,1
56,3,20,5,1070,41,3,33,2,1,1
27,1,21,3,4304,4,2,51,1,1,0
27,3,20,1,2909,151,0,38,1,2,0
35,1,23,3,1404,43,0,22,1,1,0
45,1,22,5,581,277,1,46,2,1,1
22,1,18,5,6347,2,0,22,1,1,0
55,1,21,4,2987,37,0,23,1,1,1
24,1,20,5,8420,378,0,32,1,8,0
36,1,16,4,5935,37,17,51,2,1,0
47,1,20,1,4104,28,0,56,1,1,0
41,1,21,1,4254,11,1,47,1,8,1
38,1,15,1,9692,50,0,31,2,1,0
55,6,20,5,8956,144,0,53,1,1,0
37,1,21,3,1832,15,0,65,1,1,1
77,1,23,3,5028,1,0,45,1,1,1
33,1,17,5,2280,9,1,54,1,1,0
42,1,17,5,49,86,0,36,1,2,1
25,1,20,5,5253,3,0,36,1,1,0
64,2,22,1,2179,46,0,41,1,1,0
32,6,17,5,7647,151,2,25,2,1,0
43,1,19,1,4518,26,0,42,2,1,1
76,1,19,1,4792,15,0,6,2,1,0
27,1,18,5,3730,115,0,43,2,6,0
60,1,18,1,2711,61,0,39,2,9,0
49,2,22,1,3529,51,0,46,1,1,0
35,1,18,4,2742,7,1,66,1,1,0
52,1,17,5,4885,18,0,62,1,6,0
20,1,19,5,5019,13,17,34,1,1,0
53,1,20,1,2791,2,0,49,2,1,0
51,1,15,5,7259,20,0,42,2,1,0
49,1,17,1,4900,163,0,34,1,1,1
22,1,20,1,4439,21,0,39,1,1,1
36,1,23,5,101,29,0,40,1,2,1
52,2,20,1,1383,169,0,41,1,2,1
25,1,18,5,3945,381,0,42,2,1,0
74,2,9,1,7743,37,0,54,1,1,0
29,1,21,1,1126,105,0,30,1,2,0
57,1,22,1,94,112,0,66,2,1,1
63,8,22,1,145,186,0,51,1,1,1
56,3,21,1,102,24,0,43,2,1,1
21,1,16,5,6195,110,1,51,1,1,0
45,1,18,5,5030,131,1,37,2,1,0
59,7,16,3,8293,31,16,33,2,1,0
31,1,12,5,7896,9,0,29,2,6,0
45,3,20,1,6398,26,0,45,2,1,0
73,7,19,1,8948,26,0,37,2,9,0
33,1,21,1,1162,258,0,45,1,8,0
34,3,24,3,2642,98,0,62,1,2,1
64,1,11,1,9291,55,0,26,1,1,0
83,6,21,5,2064,27,0,47,2,2,0
32,4,23,1,1824,42,0,30,2,1,0
37,2,22,5,179,114,0,39,2,1,0
24,1,21,5,1197,56,15,37,2,1,0
60,1,17,2,6043,5,0,48,2,1,1
44,5,19,1,5061,31,0,54,2,1,0
82,1,21,4,6194,26,0,44,2,1,0
53,1,20,1,2589,22,13,31,2,1,1
18,1,14,5,2359,271,16,40,1,1,0
40,1,19,5,2249,229,0,44,1,8,1
63,1,22,2,978,208,0,64,1,6,0
44,1,21,5,5640,148,3,49,2,1,0
32,4,20,5,921,6,0,30,2,1,0
44,3,15,1,7926,83,3,38,1,1,1
42,3,17,1,9061,2,0,40,1,1,1
40,3,19,5,2666,165,15,16,2,1,0
32,1,19,1,3734,9,0,54,2,1,0
64,1,19,1,8911,176,0,31,2,1,1
53,1,17,1,3663,174,0,48,1,1,0
38,1,23,1,4643,26,3,50,2,1,0
45,6,20,1,2621,3,0,41,1,8,0
29,1,17,5,8380,13,5,61,1,1,0
54,4,21,1,566,25,0,23,2,1,1
62,1,21,1,3593,19,0,57,2,1,1
20,4,23,1,1565,2,0,43,2,1,1
25,3,16,5,2956,10,0,39,1,1,1
23,1,16,3,4000,17,3,34,1,1,0
26,1,20,1,7973,74,0,16,1,1,0
44,3,21,4,4999,57,0,41,1,1,0
60,1,22,1,6075,104,0,61,1,2,0
47,1,20,3,3603,37,0,39,2,1,0
46,1,12,1,5564,49,0,42,1,1,1
35,7,20,5,7756,102,0,34,1,1,1
62,3,22,1,428,8,0,35,1,6,1
21,3,22,3,531,25,15,42,2,9,1
44,2,19,3,3734,82,0,27,1,1,0
32,1,21,3,417,20,0,38,1,1,0
20,1,11,5,7875,30,3,12,1,1,0
23,1,22,5,1177,135,10,43,2,1,0
40,1,21,5,5418,200,0,28,2,9,1
49,1,23,1,4340,8,17,38,2,1,0
51,8,19,1,899,47,0,28,2,1,0
38,1,21,5,2182,3,14,21,1,1,0
22,1,17,5,7144,3,0,35,2,1,0
56,1,22,1,3682,75,1,47,2,1,1
40,1,12,5,3697,31,6,33,1,2,0
58,1,18,1,3226,56,8,65,2,1,1
54,2,20,1,5933,9,0,39,1,1,0
57,1,20,5,5102,6,0,35,2,1,0
53,2,18,1,2943,36,0,39,2,1,0
29,1,20,1,3279,9,0,49,1,1,1
57,1,16,3,1782,72,0,30,1,1,0
41,1,21,1,469,66,0,23,2,1,0
43,1,17,5,9821,24,0,41,2,6,0
63,1,19,1,4685,1,3,62,1,1,1
59,1,23,1,8433,28,17,47,1,8,1
21,6,13,5,1656,3,16,27,1,1,0
48,1,21,1,3620,94,7,42,2,1,0
55,7,22,1,5130,3,0,10,2,1,0
50,1,17,1,5359,131,15,40,1,1,1
49,1,19,5,2317,249,0,49,2,1,0
36,1,17,5,4077,34,13,41,1,1,1
27,1,21,5,7000,4,0,48,1,8,0
56,1,18,4,7997,75,0,41,1,1,1
37,2,21,1,116,18,0,53,1,1,1
26,1,20,5,7240,13,0,44,2,1,1
33,1,23,5,5942,324,1,49,1,1,1
39,1,18,5,8925,9,0,22,2,1,0
33,1,16,1,1508,57,0,32,1,1,0
31,1,18,5,8675,12,15,49,1,1,0
38,1,18,1,827,1,0,26,1,1,0
54,1,21,4,7933,42,0,34,2,9,1
30,1,16,1,8861,132,1,33,2,1,0
72,6,18,1,2676,53,0,26,2,1,0
61,4,18,1,1521,191,0,60,1,2,1
54,2,20,3,4904,6,0,32,2,1,0
49,1,16,1,1181,35,0,31,2,1,0
45,3,13,5,2159,78,7,39,2,1,0
22,6,22,5,487,26,1,38,1,1,0
52,7,20,1,3052,21,0,29,1,1,0
49,1,21,3,818,16,0,38,1,1,0
60,2,20,4,6578,14,0,25,2,2,0
59,1,19,1,1210,88,0,29,2,9,0
44,1,12,1,3165,110,15,38,2,1,0
36,4,21,1,654,9,1,23,2,1,0
73,1,23,1,2819,301,0,33,1,1,0
48,1,21,1,2008,35,5,23,2,8,0
29,1,22,3,3763,18,0,49,1,1,0
57,7,23,1,6642,16,0,27,2,1,0
44,6,20,1,317,56,0,41,2,6,0
21,3,21,5,4996,55,0,34,1,1,0
33,2,20,5,1023,19,0,50,1,1,0
28,1,19,5,1506,1,6,18,2,1,0
51,7,20,1,3021,34,0,40,2,1,0
72,1,19,3,5916,53,17,38,1,1,0
46,1,15,1,6367,4,15,33,2,1,0
75,1,18,1,3453,20,7,28,2,1,0
26,6,18,5,8088,8,8,46,2,2,0
47,7,22,5,42,10,0,22,1,1,1
34,1,18,1,4466,6,0,36,2,1,0
27,1,22,1,3513,77,0,30,1,1,0
40,1,23,1,524,9,0,26,1,1,0
32,1,22,5,8799,30,5,15,2,1,0
76,1,9,1,3490,24,0,23,1,8,1
63,1,17,3,1220,75,0,22,2,1,1
45,1,18,5,3932,2,0,42,2,1,0
50,2,18,1,1497,114,0,23,1,1,0
32,1,20,5,5743,8,0,38,2,1,0
48,2,16,5,8961,32,14,57,1,2,0
24,1,11,1,4800,282,17,23,2,2,0
63,1,17,1,6299,12,0,33,2,1,0
70,3,21,5,5157,38,0,25,2,1,0
54,4,13,1,9830,384,8,15,1,1,0
58,6,14,5,8661,20,0,27,2,1,0
45,1,18,5,6880,55,15,38,2,1,0
44,1,21,1,8986,58,0,48,1,2,1
55,1,20,1,7901,22,0,45,1,1,1
30,1,16,3,2178,2,0,53,2,1,0
26,2,12,1,6544,130,0,25,2,1,0
45,1,22,5,565,23,0,28,1,2,0
48,4,16,3,212,2,1,42,2,1,1
47,6,20,1,1475,25,2,41,2,1,1
67,1,19,1,3097,141,17,29,2,1,1
19,1,16,5,3039,58,15,37,2,1,0
59,5,20,1,1358,23,0,20,1,1,0
23,1,20,5,3172,52,0,23,1,2,1
61,3,19,1,2489,31,0,17,1,1,0
56,2,21,1,7524,66,0,38,1,1,0
62,2,19,1,4028,36,0,35,2,1,0
21,1,10,5,3692,5,16,24,1,1,0
41,2,12,5,8496,20,0,25,2,1,0
43,1,20,1,538,81,0,44,2,1,0
43,1,23,5,871,58,0,44,2,6,1
31,1,12,1,9025,76,2,56,1,1,0
48,1,19,1,3100,6,11,40,1,1,0
40,3,21,5,3683,69,0,61,1,1,1
59,6,17,1,2060,29,1,24,2,1,0
58,1,16,1,5893,36,0,55,1,2,0
52,2,22,1,9123,1,0,37,2,1,0
42,4,18,5,2581,15,0,44,2,1,1
41,7,21,5,408,213,5,49,2,1,1
29,1,19,1,1661,27,11,25,2,9,0
45,1,21,1,4884,64,0,31,1,1,0
30,1,19,5,3470,27,0,26,2,1,0
18,1,2,3,8143,63,0,23,1,1,0
71,1,16,1,8196,343,0,43,2,1,0
26,4,20,5,1797,14,0,53,2,2,0
41,1,18,5,7662,83,0,41,2,1,0
48,1,19,1,6649,66,0,58,2,2,0
82,1,21,2,7665,3,0,48,1,1,0
49,1,21,1,1646,95,0,36,2,1,1
47,1,15,5,711,7,0,25,2,1,0
49,3,22,1,2518,2,0,39,2,1,1
32,2,20,5,928,2,0,22,2,1,0
44,4,22,1,319,19,0,61,2,1,1
21,1,21,5,2248,13,2,32,1,1,0
48,3,19,1,1165,6,0,34,1,1,1
41,1,19,5,3273,4,7,19,1,1,0
38,1,22,5,299,22,0,56,1,1,1
49,8,18,2,4166,143,0,27,1,6,1
51,1,16,1,7662,50,0,28,2,1,0
30,1,18,4,6826,120,0,25,1,1,1
55,1,14,1,5730,16,0,16,1,1,1
59,1,18,2,2370,72,16,65,1,1,1
39,1,19,5,4519,28,0,40,2,1,1
34,1,18,1,5463,12,0,40,1,1,0
68,1,21,1,2328,12,0,2,2,1,0
21,1,19,5,8003,130,17,31,2,1,0
44,1,23,3,1293,50,0,65,1,1,1
69,4,22,1,125,20,0,51,2,1,1
55,3,24,5,257,22,0,40,1,6,1
23,1,18,5,7289,107,0,35,2,1,0
33,1,23,5,8905,61,0,40,1,9,0
49,1,20,5,3349,100,0,11,1,1,0
55,7,23,1,2628,37,0,46,1,1,1
24,1,16,1,3617,232,14,46,2,8,0
44,5,10,5,7993,26,0,25,2,1,0
59,1,20,5,7626,125,0,47,2,1,0
72,4,15,1,5047,176,0,29,1,9,0
25,1,18,5,6166,145,3,31,1,1,1
49,2,22,1,3962,116,0,36,1,1,1
28,5,16,1,4242,305,17,70,2,1,1
31,2,17,5,4338,95,0,12,2,2,0
47,1,20,1,6369,4,0,37,2,1,1
46,1,16,1,5169,57,0,41,1,1,0
34,6,21,5,4146,241,0,28,1,1,0
62,1,6,1,8457,91,0,49,1,1,0
61,7,21,1,5566,135,0,38,1,1,1
22,1,18,3,1232,2,2,26,2,1,1
32,1,18,1,6408,90,0,62,1,1,1
49,1,3,1,8789,19,0,52,2,1,0
29,1,22,1,3931,16,0,57,2,1,0
66,1,20,1,1976,175,0,62,1,2,1
44,2,20,1,8314,4,0,49,1,1,0
61,2,16,3,8273,29,0,34,2,1,0
24,1,21,5,594,54,0,40,2,1,0
42,1,11,1,6632,45,17,37,2,8,0
25,4,21,1,802,93,0,50,1,6,0
53,1,20,1,197,156,0,52,1,1,0
39,1,22,1,6902,34,0,77,1,1,1
74,1,16,1,1039,40,0,59,1,2,0
42,2,19,1,1104,147,0,37,2,1,0
37,1,21,1,2529,4,0,31,1,1,0
34,1,19,5,9245,4,0,33,2,2,1
29,1,18,5,4555,293,15,32,1,1,0
71,5,22,2,2228,177,0,47,1,1,1
52,1,14,1,4663,1,0,38,1,1,0
53,3,22,5,2674,20,0,39,2,1,1
52,7,17,1,96,9,0,30,1,1,0
59,6,20,1,1890,129,0,39,2,1,1
49,1,24,1,818,52,1,45,2,1,0
31,1,23,5,1201,6,0,42,1,1,1
21,1,17,5,266,2,0,22,1,1,0
63,1,19,1,1920,25,0,34,2,1,0
51,1,19,5,7040,31,2,36,1,1,0
67,1,17,1,930,10,0,47,1,1,0
18,1,23,1,1724,115,0,56,2,2,0
34,1,18,5,1901,96,0,47,1,1,1
69,1,21,1,4828,20,0,48,1,1,0
32,1,19,5,7321,100,0,21,1,1,1
25,2,22,1,4051,32,0,36,2,1,0
76,1,19,1,1001,177,0,24,1,1,1
53,1,14,3,7975,3,0,46,1,1,0
43,2,21,1,3585,15,5,25,1,1,0
36,4,19,5,4759,128,0,26,1,1,0
38,1,17,1,8915,7,0,30,1,1,1
17,1,19,5,7756,2,10,37,1,8,0
41,1,20,1,6569,54,2,32,1,1,0
52,1,19,1,3738,26,0,44,1,2,1
78,1,19,1,2796,120,0,30,1,1,1
34,1,20,1,7180,4,2,16,1,8,1
27,2,12,3,9585,109,11,32,1,1,0
35,1,18,1,3935,17,0,44,1,1,0
35,1,21,1,5957,32,0,53,2,1,1
47,6,22,5,736,40,0,29,1,2,1
50,1,22,1,1927,8,0,43,1,1,0
31,5,14,1,7506,108,14,35,1,2,0
53,1,15,1,2213,386,0,32,1,1,0
76,2,16,5,4273,52,0,54,2,2,0
41,1,22,1,2030,13,13,21,2,1,0
61,1,11,1,4265,20,7,20,2,1,0
67,5,20,4,5860,56,0,37,1,1,1
50,1,23,1,2699,6,0,49,1,1,1
42,1,18,1,2541,12,3,29,1,1,0
25,1,20,1,5659,223,0,17,2,2,1
19,1,18,1,1486,5,3,18,2,1,0
67,1,14,1,6476,27,4,30,1,1,0
25,1,10,1,7118,163,16,39,1,1,1
22,1,20,5,8300,91,0,28,2,1,1
38,2,18,5,4311,4,1,19,1,1,0
31,1,13,1,9819,36,0,36,2,1,0
30,1,16,1,1177,220,0,46,1,1,1
55,1,14,1,9596,43,3,39,2,1,0
40,1,17,5,8650,1,17,40,2,1,0
38,1,22,5,97,12,15,24,2,2,1
48,2,19,1,8206,4,2,68,2,1,1
43,3,19,1,1852,1,11,57,1,1,1
29,1,20,3,7215,46,0,21,2,1,0
88,7,16,1,7221,158,0,30,1,1,0
24,1,21,1,5753,51,0,30,1,8,0
33,1,18,1,2187,324,0,40,1,1,1
26,1,15,5,3124,14,0,59,1,1,0
28,5,21,1,594,33,17,22,2,1,0
76,1,17,3,5460,14,0,47,1,1,1
40,1,21,1,2759,42,3,43,1,1,1
63,1,15,4,417,290,0,46,2,1,0
42,3,21,1,2113,15,0,48,2,2,1
23,3,16,5,8138,19,0,30,1,1,0
40,1,17,1,1560,113,0,51,1,6,1
34,1,17,1,2382,103,0,27,1,1,0
55,1,22,5,7324,52,0,34,1,1,0
55,6,15,1,5086,162,0,49,1,1,0
53,1,9,1,5490,157,0,25,2,6,0
53,6,22,1,1931,228,0,38,2,1,1
43,1,16,1,664,414,0,44,1,6,1
26,4,14,3,2450,10,0,37,2,8,1
34,1,18,1,5840,27,9,60,1,9,0
53,2,19,5,3340,28,0,34,1,1,0
43,1,22,1,3121,18,0,44,2,1,0
47,1,21,5,8589,79,0,48,1,6,0
19,1,17,5,9033,32,17,41,2,1,0
20,1,23,5,6957,6,0,54,1,1,0
28,1,22,5,1354,1,0,41,1,1,0
22,1,11,1,6377,94,0,49,1,1,1
68,1,17,1,297,52,0,40,1,1,0
53,2,15,1,6997,125,0,61,2,1,0
39,1,17,1,8639,272,0,44,2,3,0
33,1,18,5,5180,17,0,37,2,1,0
51,4,22,3,368,10,0,33,1,2,1
28,1,19,5,5631,42,0,46,2,1,0
42,1,19,5,5542,80,0,62,1,1,1
53,1,17,1,2208,9,0,40,1,2,0
73,1,22,5,1184,5,0,29,1,1,1
27,4,22,1,2895,13,0,39,2,1,0
60,1,17,1,5930,25,1,56,2,1,0
70,1,20,1,118,20,0,52,1,1,0
80,6,21,1,759,24,0,37,2,1,1
50,5,14,1,5316,26,0,27,1,2,1
43,1,24,1,108,40,2,26,1,1,0
63,1,9,1,5996,47,0,45,1,1,1
63,1,14,3,7462,127,0,47,2,1,0
68,5,21,1,127,1,0,30,2,1,0
60,1,20,1,3087,65,0,25,2,2,0
26,1,17,5,8883,6,17,25,2,1,1
41,3,20,5,3401,15,0,26,2,2,1
65,1,19,4,6392,16,0,76,2,1,1
34,2,17,1,2776,35,0,34,1,1,1
70,3,21,5,3903,28,0,23,2,1,1
35,5,19,1,210,27,15,53,1,1,1
59,1,21,3,3782,34,0,32,1,1,0
32,2,23,5,899,115,0,45,2,2,1
19,1,23,1,1489,32,0,38,1,1,0
38,1,22,1,4649,269,0,55,2,1,1
46,6,20,1,51,16,4,44,1,1,0
54,1,16,1,8281,269,0,51,1,1,1
57,4,18,5,2724,150,0,38,2,1,1
59,1,20,1,756,39,0,40,1,1,1
32,1,16,3,8115,15,0,30,2,1,0
50,1,23,5,5960,41,0,27,1,2,0
43,1,20,1,528,83,1,44,1,1,0
30,1,18,5,865,259,0,50,1,1,1
33,2,20,1,536,94,0,42,2,2,1
34,1,22,1,6301,11,0,20,1,1,0
36,1,21,1,6863,66,0,42,1,1,1
32,7,18,1,8540,465,14,15,2,1,0
58,1,22,1,4187,2,0,52,1,1,1
34,2,17,5,6183,117,0,35,2,1,0
54,1,18,1,1743,38,0,35,1,1,0
52,4,17,1,5471,118,0,47,2,1,1
40,1,20,5,2320,5,2,17,2,1,0
49,1,14,1,5542,138,0,54,1,6,0
19,1,11,5,1828,370,0,43,1,2,0
55,1,23,1,243,60,0,53,2,1,0
45,1,20,5,1048,48,0,41,1,1,0
43,1,21,3,5110,114,2,40,2,1,0
42,1,11,1,4007,122,16,45,1,1,0
32,3,18,1,3187,21,0,54,1,1,1
58,1,20,1,4554,48,0,31,1,6,1
55,2,23,5,5855,4,8,29,2,1,0
46,1,21,1,1702,20,0,27,1,1,1
32,1,16,1,5164,94,13,49,2,2,0
57,6,23,1,3544,299,0,33,2,6,0
66,7,19,3,2813,194,0,54,1,1,1
74,1,18,1,4808,28,0,39,2,1,1
36,2,20,5,9020,2,0,29,1,1,0
72,7,21,1,4222,4,0,59,1,1,1
26,1,21,1,1899,1,0,37,1,1,1
26,6,17,5,6897,141,0,24,1,1,0
55,1,20,1,802,22,0,13,2,1,0
54,1,21,1,2931,65,0,42,2,2,0
24,2,21,3,5744,50,8,25,1,1,0
36,1,19,4,5342,81,0,14,2,1,0
40,1,21,5,4655,2,2,36,2,6,0
53,1,21,5,2349,28,0,45,2,1,1
60,4,20,2,1302,16,0,57,1,1,1
43,1,19,1,2461,12,0,18,2,1,0
73,2,22,4,1275,137,0,72,2,1,1
49,1,18,1,5300,70,0,41,1,1,1
52,1,12,1,7370,51,0,37,1,6,0
22,6,23,1,5089,160,0,25,2,1,0
48,5,15,1,3329,25,0,62,1,1,1
28,1,19,3,2970,163,0,32,1,1,0
63,1,23,1,7243,43,0,44,2,2,1
43,1,21,1,3978,84,0,30,1,1,1
43,1,15,1,8044,6,0,37,1,1,0
43,1,13,3,3827,23,0,28,2,1,0
45,1,19,1,115,6,0,44,1,1,1
22,1,23,5,4612,65,5,50,2,1,1
71,7,24,1,2774,4,0,53,2,1,1
24,1,19,5,7707,22,0,32,1,1,0
67,1,21,1,3687,22,0,37,2,1,0
71,3,18,1,1871,299,4,25,2,1,0
72,1,22,1,1288,91,0,72,1,1,1
46,4,22,1,5104,3,0,48,2,1,1
22,3,19,3,6883,5,3,15,2,1,0
23,7,18,5,6583,3,0,43,2,1,0
39,1,15,5,8537,2,0,13,1,1,0
37,6,23,2,2567,14,0,70,1,1,1
63,1,13,1,1600,41,0,47,1,1,0
23,1,15,5,1234,116,0,52,1,1,0
41,1,19,5,7057,1,16,27,2,1,0
46,2,12,1,5227,28,0,28,1,1,0
52,4,22,1,3842,332,0,13,2,1,0
58,2,17,1,5920,5,0,25,1,1,0
42,2,19,1,4715,27,0,38,1,1,0
29,1,20,5,2304,27,16,47,1,1,0
69,2,23,1,1366,22,17,34,2,1,0
22,1,15,5,5180,131,5,49,1,1,0
31,1,22,5,167,61,0,29,2,1,0
62,1,20,3,4915,61,12,43,2,1,0
31,1,20,1,6545,94,0,41,2,1,0
33,3,20,1,1984,81,1,56,1,2,0
26,1,17,5,7022,139,0,47,1,1,0
33,3,20,3,6069,8,0,37,2,1,0
77,1,20,1,4105,42,0,42,2,6,1
29,1,20,5,3163,64,0,45,2,1,1
81,7,21,1,9200,9,0,30,2,1,1
52,1,15,1,2892,46,0,43,1,1,0
49,3,11,1,6175,266,0,17,2,3,0
52,1,12,3,7424,48,0,16,1,9,0
32,1,12,1,6867,1,0,46,1,1,0
36,1,19,1,2864,2,0,31,2,1,0
37,1,23,1,3912,138,0,37,2,1,0
62,7,20,1,3896,66,0,50,2,1,1
50,1,19,3,3988,45,0,18,2,8,0
33,4,17,5,1725,137,1,46,1,6,0
49,1,19,1,7824,213,0,47,1,8,0
38,7,20,1,6226,362,0,21,2,1,0
32,1,16,5,8218,18,0,32,2,2,0
45,1,18,1,29,3,0,44,2,1,1
32,2,18,1,5718,2,0,44,2,1,0
33,6,19,2,7413,121,0,11,2,8,0
39,3,22,3,2420,4,15,40,2,1,0
43,1,21,1,6616,11,0,47,2,1,0
25,1,19,5,1206,1,16,26,2,1,0
30,1,16,3,1688,43,0,40,1,1,1
23,1,6,1,6101,3,1,15,2,1,0
51,3,20,5,2653,96,0,46,1,1,0
34,1,21,1,4761,14,0,41,2,1,0
52,1,22,1,317,109,0,39,1,1,1
55,7,18,5,5891,91,0,27,1,1,0
34,1,21,5,9078,198,0,45,1,1,0
21,4,18,5,6453,74,0,38,1,2,0
39,1,16,5,9128,28,0,42,1,1,0
43,1,20,5,763,165,0,39,1,1,1
51,2,18,1,7906,91,11,23,2,1,0
73,1,22,3,12,14,0,43,1,1,1
42,3,21,1,463,23,0,21,2,1,1
40,1,20,3,4923,2,0,61,2,1,0
48,1,17,1,6153,58,0,60,1,1,0
52,6,21,1,3166,1,0,26,1,1,1
63,4,20,1,1807,118,17,46,2,2,0
68,2,19,5,1473,12,0,41,1,2,1
32,1,22,1,1372,120,17,55,1,1,0
34,1,17,3,4032,156,14,37,1,1,0
37,1,11,1,4286,183,0,39,2,1,0
34,2,22,1,1806,67,11,50,2,1,0
26,1,20,5,2475,4,2,31,2,1,0
30,1,16,1,8294,8,0,2,1,1,0
53,2,16,1,5902,29,0,41,1,1,0
39,1,14,3,2545,151,2,39,1,2,0
40,1,13,5,7291,31,0,48,2,1,0
73,6,21,1,464,4,0,54,2,1,1
36,1,22,1,1162,41,0,56,2,1,1
49,1,19,3,7183,2,0,23,2,9,0
36,1,17,1,5846,269,0,64,2,1,0
24,1,18,1,4491,60,0,28,2,9,0
25,4,13,5,608,47,0,48,2,1,0
76,1,22,1,3242,157,0,37,1,1,0
61,1,13,1,7593,26,0,41,2,6,0
46,1,22,1,3068,32,0,35,2,1,0
33,3,17,5,4684,271,0,47,1,9,0
60,6,22,1,4740,110,0,2,2,8,0
21,1,18,5,6673,79,2,30,1,1,0
23,1,18,5,8810,8,10,70,1,1,0
43,1,19,1,7360,36,0,32,2,2,1
32,1,20,1,3700,2,11,23,2,1,0
58,7,17,1,9132,56,0,48,2,1,0
63,1,21,1,1330,8,0,44,1,2,0
50,5,17,1,1758,23,0,46,1,1,1
21,1,20,3,3045,78,0,47,2,1,0
24,1,21,3,5222,8,0,22,2,1,0
37,1,20,3,9073,5,1,38,2,1,0
30,3,16,1,6622,111,0,41,2,1,0
39,4,21,2,3048,9,6,21,2,1,1
29,6,21,5,467,1,0,36,1,1,0
27,1,16,3,5417,56,0,32,2,6,0
63,1,22,1,2739,8,0,46,1,1,1
20,1,18,3,5779,53,0,4,1,1,1
58,1,19,5,7682,13,4,33,2,1,0
43,1,15,1,2577,110,0,25,1,1,0
28,3,23,5,5732,38,17,49,2,2,0
36,2,23,5,4328,71,0,30,1,1,0
33,1,12,1,8743,187,0,48,1,1,0
46,1,13,1,7326,102,0,57,2,1,1
37,1,22,3,4973,58,0,51,1,1,0
69,1,19,1,1752,9,0,55,1,1,0
43,1,20,5,2340,69,0,35,2,1,0
24,1,16,5,3017,7,0,26,1,1,1
19,1,10,5,8734,47,11,19,2,1,0
24,1,13,5,3267,157,16,49,1,1,0
30,1,13,1,8971,71,0,34,1,1,0
37,1,22,1,3191,10,0,18,2,1,0
22,1,17,5,1458,78,16,32,1,1,0
33,7,22,5,8927,1,0,11,2,1,0
49,1,17,1,6590,211,17,51,2,2,0
49,4,13,5,3099,78,0,34,1,1,1
66,6,20,3,2235,74,14,47,2,2,0
56,1,20,5,4193,16,0,55,2,1,1
45,1,18,1,1810,5,0,38,1,1,1
56,1,24,1,158,29,0,37,2,1,0
50,1,19,4,9196,44,0,32,1,1,0
56,1,16,1,1374,5,0,26,1,1,1
39,2,19,5,310,108,0,50,2,1,1
50,1,21,3,3647,4,0,26,1,1,0
21,1,20,1,2859,46,0,31,1,1,1
60,1,12,1,6922,20,0,21,2,1,0
46,1,14,3,1195,7,0,61,2,1,1
54,1,16,4,947,4,0,29,1,8,1
33,1,22,1,3240,238,0,28,2,1,0
62,3,22,1,2701,6,0,28,1,1,0
23,1,21,5,5377,1,15,62,1,1,0
49,1,17,5,4574,41,0,54,2,1,0
40,3,20,3,2731,99,10,57,1,1,0
34,1,14,1,6708,6,0,27,1,1,1
68,4,22,1,4442,59,0,47,1,1,1
39,1,15,1,1694,115,0,21,2,1,0
46,1,21,1,7437,40,0,41,2,1,0
75,3,22,5,741,35,0,53,1,1,0
68,1,18,1,1045,101,0,41,1,1,0
29,1,15,5,3393,49,4,22,2,1,0
40,6,20,1,2253,11,2,48,1,2,1
34,1,18,5,6591,29,0,47,1,1,0
40,6,17,1,4351,61,0,45,2,6,0
57,1,21,1,8501,1,1,37,1,6,0
50,1,13,1,5770,236,0,46,1,1,0
37,4,22,2,5513,2,0,49,1,1,1
48,4,24,5,432,44,0,18,1,1,0
29,1,16,3,7805,47,4,42,2,8,0
27,1,17,3,784,179,2,45,1,1,1
28,1,20,3,3360,4,0,51,1,6,1
82,1,21,1,5812,135,0,62,2,1,1
59,4,20,1,2975,8,0,60,1,1,0
65,3,14,1,8782,47,16,45,2,1,0
59,3,21,1,4751,3,13,62,1,1,0
29,1,19,1,1394,75,0,53,1,3,0
37,1,20,1,5216,554,0,42,1,1,0
24,1,16,5,6241,68,0,37,2,1,0
31,1,15,1,6680,47,15,31,1,1,0
49,1,20,1,8528,101,0,15,2,1,1
44,1,16,3,9640,1,0,30,2,1,0
41,6,20,1,4083,36,3,42,2,1,1
52,2,23,1,1626,5,0,36,2,2,0
84,3,23,1,21,45,0,64,2,1,1
50,3,12,1,632,16,0,30,1,1,0
63,1,21,1,5471,4,0,37,2,1,1
63,2,21,4,2676,159,0,14,2,1,1
45,4,23,5,1066,19,5,55,1,1,1
60,1,22,1,197,78,0,33,2,1,1
21,1,18,5,7895,53,16,14,2,1,0
63,3,18,1,927,37,0,34,2,1,1
81,1,19,2,869,90,0,25,1,1,1
22,1,18,5,6317,50,5,27,1,8,0
23,1,19,3,5790,87,0,43,1,2,1
40,1,13,1,9386,2,0,36,1,1,0
60,1,19,1,1216,250,0,46,1,1,0
26,2,16,5,8677,9,0,53,1,1,1
24,1,18,1,4719,109,0,29,1,1,0
79,1,21,1,3757,286,0,54,1,1,1
46,1,22,5,385,28,0,41,1,1,0
48,2,16,1,8712,23,1,38,2,1,0
25,1,15,1,7576,3,10,20,1,1,0
46,1,20,1,1202,4,17,33,1,1,0
30,3,20,1,3719,37,0,57,2,1,0
69,2,20,1,3662,50,0,65,1,1,0
51,1,19,3,9127,72,0,28,1,6,0
54,1,13,1,6428,156,0,35,2,1,0
76,1,19,1,4276,7,0,27,2,1,0
30,1,19,5,3218,18,0,4,1,2,0
68,7,15,1,1359,76,0,64,1,9,1
46,7,17,5,4463,18,0,47,2,1,0
50,1,20,1,379,47,0,62,1,2,1
43,1,22,1,3544,102,11,50,1,1,0
35,6,15,1,8201,4,0,38,2,1,0
28,1,21,1,1422,216,11,19,1,1,0
53,1,18,5,4802,88,0,44,2,3,0
22,3,20,5,2822,3,0,28,1,1,1
41,1,16,1,7215,9,0,51,2,8,0
71,1,19,1,5930,194,0,35,2,9,1
65,1,17,1,7363,41,0,43,2,9,1
23,1,15,1,911,112,0,50,2,1,1
44,3,20,5,1948,30,0,58,1,1,1
58,1,11,5,6316,26,0,40,1,1,0
79,3,20,1,3005,319,0,29,2,1,1
35,1,19,1,3637,113,17,43,2,1,1
56,1,10,1,7029,345,0,28,1,3,1
31,1,19,5,5033,102,4,31,2,2,1
51,1,21,1,1630,5,0,52,1,3,1
53,1,20,2,7445,10,0,33,1,1,1
58,1,19,1,5957,82,0,32,2,1,0
27,1,23,1,1873,7,4,38,1,1,1
63,1,18,1,1539,32,0,56,1,1,1
20,6,22,3,5652,23,17,25,2,1,0
55,7,21,1,3738,119,0,44,1,1,0
22,4,20,1,2524,7,0,36,2,1,1
25,1,15,1,5695,5,3,46,2,6,0
34,1,21,5,1644,4,0,31,2,1,0
45,5,18,1,8709,19,4,55,2,1,0
54,1,18,1,3419,90,17,48,2,1,0
44,5,15,1,8972,38,0,29,2,1,0
58,2,17,1,8621,165,0,34,2,6,0
38,1,22,5,353,49,0,44,1,1,1
54,1,15,2,4773,122,0,22,1,2,1
24,4,21,5,1020,60,0,25,1,1,1
66,3,18,1,2098,33,0,38,1,1,1
32,1,22,5,3976,21,0,23,2,1,0
38,1,13,1,2088,18,0,49,1,1,0
78,5,22,1,2406,13,0,43,1,1,1
68,1,16,1,6761,193,0,43,1,1,1
53,2,19,1,6162,161,0,31,2,8,0
46,1,23,1,432,6,4,40,1,1,1
42,2,18,1,5130,204,17,38,2,2,0
27,4,16,5,5751,22,14,34,1,1,0
69,1,21,1,9146,6,4,54,2,1,1
53,3,21,3,7726,5,17,48,2,1,0
74,1,20,3,1564,9,0,30,2,1,0
32,1,20,1,5085,19,0,46,1,1,1
44,1,16,1,770,25,0,31,1,1,0
52,1,21,1,3157,77,0,36,1,1,1
48,1,24,5,145,2,0,70,2,1,1
36,4,18,1,6911,43,6,37,1,1,0
57,1,21,1,1330,1,0,58,1,1,1
31,1,18,5,5636,175,0,41,1,2,0
66,1,14,1,2452,8,0,48,2,1,0
48,1,20,5,4177,184,8,24,2,1,0
57,2,19,1,2222,121,0,1,2,9,0
61,1,16,1,4128,72,0,31,1,1,0
24,1,20,1,1944,16,12,22,2,1,1
46,3,18,1,1400,11,0,45,1,1,1
20,1,18,5,2719,22,0,29,1,1,1
23,1,23,5,400,3,6,57,2,1,1
32,7,21,1,2537,150,0,37,2,1,0
22,3,22,5,4973,5,16,36,2,1,0
28,1,20,1,4674,29,0,48,2,1,0
60,1,16,4,658,33,0,48,1,1,1
52,1,14,1,7346,3,1,39,2,1,1
33,6,19,1,45,23,0,41,1,2,0
24,3,15,5,6554,13,0,19,2,1,0
29,1,18,1,6704,35,8,28,2,1,0
23,1,13,5,8984,6,0,23,2,2,0
56,1,20,1,4751,3,0,58,1,1,1
28,1,19,1,4522,6,0,58,1,1,1
48,1,20,1,4968,41,0,46,2,8,0
44,1,7,5,8142,129,0,40,1,2,0
51,1,20,5,752,18,0,26,1,1,1
51,1,19,5,1580,108,0,53,2,2,1
37,4,16,1,5066,131,2,53,1,1,0
49,1,19,1,5330,11,7,37,1,1,0
50,2,18,1,417,72,0,13,2,1,0
45,1,17,1,9528,78,0,30,2,1,0
50,1,21,5,2392,212,1,46,2,1,0
46,2,17,1,8783,123,0,38,1,1,0
23,1,19,1,5190,48,0,51,1,1,0
65,1,22,1,4662,15,0,43,1,1,0
53,4,21,1,7265,17,0,27,2,1,0
30,4,20,1,3182,53,17,21,1,2,1
43,1,15,1,8243,3,0,37,1,2,1
53,1,11,5,8930,43,0,66,2,1,0
37,1,18,1,6399,6,4,26,2,1,0
64,6,20,1,6668,13,0,27,2,1,0
24,2,14,3,9249,195,0,31,2,8,0
31,1,14,1,2437,36,1,12,2,1,0
77,2,20,2,545,114,0,17,1,1,0
69,4,19,1,2179,2,0,28,1,1,0
61,1,21,5,781,158,0,70,1,6,1
37,1,16,1,5755,168,13,27,2,1,0
35,4,18,1,922,2,0,14,2,1,1
39,2,20,1,4813,70,1,50,2,1,0
23,1,20,5,5965,22,1,26,1,1,1
51,1,22,1,2138,320,0,48,1,1,0
39,1,18,1,4431,32,9,36,2,1,0
20,1,20,1,8587,49,0,33,1,1,1
41,1,9,5,6413,74,0,57,1,1,1
45,1,20,1,659,44,0,50,2,1,0
40,1,23,5,4857,35,0,49,1,2,1
51,2,22,1,2418,40,0,41,1,1,1
50,1,19,1,7230,41,0,27,2,1,0
24,1,22,3,2450,168,16,37,2,6,0
66,1,19,1,5729,7,0,36,2,2,1
55,1,21,1,4862,247,0,21,2,1,0
69,6,20,5,2057,16,0,37,2,1,0
35,3,20,1,7044,2,0,47,2,1,1
40,1,21,5,7761,4,0,26,1,1,1
19,1,9,5,2806,5,15,25,1,1,0
27,1,13,1,5989,53,17,59,2,1,1
49,1,19,5,5981,4,0,39,1,1,0
50,1,21,5,5491,82,0,34,1,1,0
76,1,20,1,8591,47,0,26,2,2,1
19,1,18,5,4745,13,17,38,2,1,0
22,3,20,5,298,163,17,55,1,1,1
29,4,19,5,3381,21,14,26,1,1,0
44,1,24,5,1011,45,1,41,2,1,0
52,2,17,1,7886,5,0,49,2,1,0
45,1,20,1,706,9,11,31,1,1,0
28,6,14,1,2186,14,3,20,2,2,0
20,1,19,5,680,31,0,55,1,2,0
20,1,13,3,7089,66,2,32,2,8,0
36,1,19,3,2341,20,0,32,1,1,1
41,1,13,5,7852,135,0,63,1,1,0
31,5,20,5,4268,22,4,38,2,1,0
79,2,22,1,2337,109,0,30,2,1,0
41,1,19,1,2041,217,0,40,2,1,0
47,4,18,1,3140,4,0,38,1,1,0
44,1,16,1,5371,50,0,12,2,1,0
55,5,13,1,7527,18,0,44,1,1,1
85,4,14,1,6606,211,0,52,1,8,1
57,1,20,1,7212,1,0,29,1,1,0
44,1,21,5,1827,41,0,36,2,1,1
24,1,17,1,8841,159,2,62,1,1,1
59,2,21,1,5628,8,0,40,1,1,0
39,1,23,1,558,7,0,50,2,1,1
58,1,19,5,1995,76,0,22,2,1,0
51,6,18,1,770,43,4,40,1,2,0
74,1,16,1,3715,24,0,40,1,1,1
62,6,20,1,1006,17,0,37,2,1,1
27,1,14,5,8854,3,0,21,1,1,1
18,1,12,5,5013,2,0,1,2,9,0
40,1,23,1,794,1,0,34,1,1,1
44,1,19,1,3284,82,1,44,2,1,0
38,2,22,1,1355,22,14,37,1,6,1
66,1,10,1,6196,21,0,39,2,1,0
66,7,20,4,8757,148,0,30,2,1,0
52,1,20,2,6655,62,0,20,2,8,0
58,1,22,1,895,113,0,56,2,1,1
45,2,18,5,8724,16,0,47,2,1,0
52,5,23,1,167,53,0,40,2,1,1
34,1,20,1,490,296,0,17,2,1,0
66,1,18,1,1077,61,0,32,2,1,1
33,1,17,5,6836,70,0,25,1,2,0
54,1,20,5,4013,69,0,34,1,1,1
34,2,17,1,9359,18,16,38,2,1,0
40,1,19,1,4448,1,0,39,2,1,0
29,1,17,3,2708,36,0,44,1,1,0
68,5,22,1,2876,217,0,35,2,2,1
47,2,23,1,1668,20,0,61,2,9,1
57,1,17,1,3180,134,0,50,2,1,1
67,1,15,1,4697,3,0,54,2,1,0
58,1,17,5,2726,206,0,21,2,1,1
39,8,19,5,5664,80,6,42,2,2,0
52,6,20,3,5170,80,0,14,1,6,0
70,3,23,5,1669,160,0,23,1,2,0
38,1,18,1,6949,6,4,31,1,8,0
22,1,17,5,4815,5,8,25,2,1,0
25,1,16,5,1247,24,0,39,2,6,0
32,1,15,3,7014,153,0,33,2,1,0
21,1,21,3,7774,7,0,37,1,1,0
34,1,16,3,5695,20,0,30,1,2,0
56,2,20,1,2427,168,0,19,2,1,0
29,6,22,5,935,3,0,32,2,1,1
31,2,20,1,2290,14,0,51,2,1,0
45,1,22,3,4282,19,6,28,2,8,0
38,1,15,5,5700,9,15,34,2,8,0
58,1,20,1,8823,186,0,42,1,1,0
72,2,20,1,5263,312,0,34,2,1,0
43,1,20,5,1173,468,15,47,2,1,1
42,2,22,5,4941,157,4,41,2,1,1
62,4,13,1,6633,3,0,67,1,1,0
46,1,20,1,1652,80,0,21,1,1,1
33,1,21,1,870,34,2,75,1,1,1
74,1,18,1,3516,4,0,60,1,6,1
41,1,22,5,2094,50,0,37,2,1,0
56,2,21,1,1763,121,0,21,2,2,0
58,1,10,1,6580,75,0,49,2,1,0
31,7,23,3,4055,127,1,28,2,8,1
32,1,20,1,912,46,0,33,1,1,0
31,1,22,3,688,165,0,46,1,1,1
38,1,19,5,2627,40,0,39,1,2,0
33,1,21,1,1501,274,0,39,2,1,0
26,1,12,5,7373,55,1,31,1,1,0
74,1,21,1,7799,1,0,17,2,1,0
37,2,24,5,252,208,0,43,1,8,0
38,7,22,1,1424,14,0,24,1,1,0
34,1,16,5,4970,148,0,56,1,1,0
65,5,18,1,2630,139,0,23,1,1,1
37,1,22,1,3336,30,14,15,2,1,0
43,4,17,5,1497,64,0,34,1,2,0
19,1,15,5,7112,85,17,55,1,2,0
24,1,19,3,3849,178,0,37,1,1,0
31,1,16,1,8926,79,17,33,1,1,0
39,1,19,3,9286,68,0,40,1,1,1
58,1,21,1,473,5,0,6,2,1,0
20,1,22,1,1906,218,8,32,1,1,1
37,1,23,1,7216,115,0,23,1,9,0
47,1,20,1,1158,16,0,27,2,9,0
48,1,21,1,2040,18,0,48,1,1,1
57,6,16,3,7422,3,0,40,1,1,1
45,5,22,2,4275,171,0,58,1,1,0
31,4,21,1,2625,18,0,41,2,1,0
70,1,18,1,1951,22,0,39,1,1,0
23,5,20,3,5798,1,0,42,2,1,0
45,5,19,1,4435,118,4,22,1,1,0
38,6,23,1,611,6,0,54,2,1,0
66,2,21,1,296,11,0,31,2,1,1
42,1,19,5,5921,57,8,48,2,1,1
23,2,19,1,5002,12,1,28,1,1,0
25,2,17,3,8680,21,0,38,2,1,1
80,1,21,4,3769,12,0,58,1,2,1
44,1,20,5,4606,91,0,58,1,1,1
29,2,19,1,2393,67,0,36,1,1,1
37,1,16,1,6226,46,11,47,1,2,0
27,1,21,5,1183,2,13,49,2,1,0
66,1,21,1,6992,5,0,29,2,1,0
41,1,19,5,2514,11,0,36,2,2,0
45,2,20,1,6171,19,0,40,1,1,1
59,1,22,1,8617,25,0,42,2,1,0
41,1,22,3,1617,91,0,38,2,8,1
32,1,18,5,3885,31,0,27,2,2,1
37,3,15,1,1748,1,0,45,1,2,0
67,1,23,1,323,54,0,57,1,2,1
34,6,21,5,7337,51,0,52,1,1,1
69,6,19,1,1340,39,0,38,1,1,0
65,1,11,1,5253,7,0,44,2,1,1
33,6,18,5,7810,6,10,35,2,1,0
42,1,17,1,2219,6,0,51,1,1,0
60,4,23,4,264,92,0,38,1,1,1
69,3,19,1,7606,1,1,33,2,2,0
82,3,22,1,2048,7,0,37,1,1,1
21,3,24,5,1228,21,0,67,1,6,1
31,6,19,1,2833,2,0,49,1,1,1
44,2,15,1,6006,438,0,45,1,8,1
26,1,17,3,129,108,0,27,2,1,1
38,1,21,3,6943,81,5,35,1,1,0
31,1,18,5,498,31,3,28,1,1,0
18,1,17,5,4220,38,8,15,2,6,0
59,1,21,1,685,9,0,30,2,1,0
67,1,20,1,1612,5,0,27,2,1,1
44,2,21,5,4238,46,0,15,2,2,0
56,6,22,1,4769,227,0,17,1,1,1
47,1,21,1,280,43,3,50,2,1,1
55,5,19,5,5061,12,0,57,1,8,0
33,1,21,3,7990,223,0,8,2,1,0
32,1,14,1,303,78,7,18,2,1,0
26,1,22,1,2345,40,0,34,2,1,1
79,4,15,1,8507,131,0,53,1,1,0
20,5,18,5,2593,57,0,47,1,6,0
17,1,19,3,4945,66,6,17,2,9,0
19,6,14,5,3466,3,17,24,2,1,0
29,6,19,1,4987,52,0,18,2,1,1
24,1,23,1,1958,2,0,28,2,1,0
60,1,21,1,5793,26,0,45,2,1,0
50,1,20,1,550,1,0,22,1,1,1
28,1,22,5,1911,70,11,21,2,6,0
22,1,13,1,2797,258,0,28,2,9,0
50,1,18,1,4579,45,0,46,1,8,1
36,1,17,1,5912,91,17,7,1,2,0
54,8,22,1,1327,23,17,29,2,9,0
64,2,23,1,15,10,0,32,2,1,1
35,1,22,3,3111,93,0,31,1,1,0
31,1,16,1,768,34,0,38,2,1,0
78,1,14,1,4607,30,0,30,1,1,1
45,1,19,1,5021,30,0,37,1,1,0
31,1,18,1,5442,58,0,32,1,1,1
63,6,18,1,923,112,0,26,1,1,1
35,1,22,3,4259,7,6,49,1,1,1
24,1,16,5,6973,3,0,54,1,1,0
54,1,18,3,7660,68,1,53,2,1,1
37,1,19,2,5829,154,0,24,1,9,0
55,1,20,5,1203,15,1,41,2,1,1
70,3,16,4,5393,179,0,35,1,1,0
35,1,22,1,7641,159,0,48,1,1,0
42,1,21,1,304,23,0,41,2,1,0
44,3,16,1,6442,1,9,18,2,1,1
40,1,17,1,2091,2,0,37,2,1,1
23,1,18,1,5867,2,15,22,2,1,0
58,1,18,1,4981,31,0,28,2,2,0
21,1,17,5,3886,110,0,20,1,1,0
61,4,23,1,1023,13,0,36,1,1,1
26,1,21,5,3139,231,1,42,2,9,1
23,1,19,5,3444,19,5,20,2,1,0
34,1,14,1,6049,191,0,21,2,1,0
41,2,17,1,3512,32,0,58,2,1,0
22,3,20,5,3602,55,0,23,2,2,0
51,6,21,5,113,104,2,30,2,1,1
30,1,19,3,2344,147,0,41,2,1,1
27,1,19,5,5082,93,0,77,1,2,0
32,1,21,5,2139,343,0,53,1,8,1
42,1,18,1,1086,109,0,24,1,1,0
20,2,15,5,4382,12,0,29,1,1,0
31,4,22,5,307,36,16,37,2,2,1
50,2,16,1,4055,21,0,49,1,1,1
62,2,21,1,109,263,14,50,2,1,1
24,1,19,5,4714,48,1,45,2,1,0
35,1,19,1,3856,191,1,31,2,6,0
42,1,23,1,3741,97,0,36,1,1,0
55,1,15,4,4527,59,0,23,2,1,0
29,1,15,5,8521,19,0,43,2,1,0
49,1,12,1,6675,17,0,25,1,2,0
32,1,22,1,1857,65,0,54,1,1,1
43,1,21,1,2193,48,0,23,2,2,0
42,1,20,1,3462,38,0,43,1,1,0
46,1,17,1,474,22,0,19,2,1,0
48,1,23,1,817,7,0,36,2,1,0
24,1,19,3,6797,20,12,31,1,1,0
25,1,17,5,7299,174,0,55,2,1,1
55,1,16,3,147,80,7,58,2,2,0
32,1,17,3,1981,3,0,23,2,1,0
55,1,14,1,6379,193,0,42,1,1,0
54,1,20,3,2664,33,3,44,2,6,0
39,1,20,5,1337,20,0,45,2,1,1
38,1,22,5,425,10,2,54,1,1,1
59,1,16,1,4257,41,17,33,2,1,0
54,1,15,1,6399,8,0,40,1,1,0
79,2,24,1,1660,129,0,61,1,1,0
29,1,14,1,5952,67,1,27,1,1,1
27,1,17,1,6390,92,0,21,2,1,1
20,1,21,5,1673,1,0,40,2,1,0
63,1,21,1,3193,41,0,35,1,1,1
66,1,21,1,999,171,0,56,2,1,0
41,1,23,3,3909,28,0,53,2,1,1
57,1,15,3,6531,51,0,1,2,1,0
55,3,17,1,5486,37,0,32,1,8,1
36,1,16,1,4755,3,0,28,1,1,0
43,5,23,5,19,31,0,43,2,1,1
64,1,23,1,8527,5,1,53,1,1,0
30,1,20,5,7348,21,0,25,2,3,0
47,1,14,1,3167,33,0,54,1,1,1
65,1,15,1,196,554,0,39,1,1,1
60,3,18,1,4259,39,0,50,2,1,0
29,1,22,1,768,26,0,48,2,6,0
37,2,15,5,3414,3,0,37,1,1,1
22,1,20,3,3690,7,0,43,1,1,0
30,3,19,5,7696,2,15,32,2,1,0
38,1,19,1,117,47,0,38,2,1,0
69,1,21,1,2242,29,0,20,1,1,0
47,2,18,1,5045,15,0,22,2,1,0
21,1,18,5,4583,28,14,47,2,9,1
27,1,21,1,272,104,16,52,1,1,0
36,1,19,1,9561,15,0,53,1,1,1
27,1,17,1,1963,2,0,26,2,1,0
19,1,23,3,1040,8,0,43,2,1,0
49,4,21,5,395,152,0,45,2,1,0
21,3,18,5,8503,1,7,7,1,2,0
69,1,18,1,3615,116,0,57,1,8,1
35,6,19,3,614,3,0,49,1,1,1
26,1,22,5,2853,156,0,26,2,1,0
46,1,9,1,3272,84,0,36,2,1,0
57,2,18,1,199,43,1,28,2,1,0
46,1,21,3,439,48,2,36,1,1,0
23,7,21,3,8891,7,0,13,1,1,1
58,2,21,1,6319,73,0,38,1,1,0
29,3,21,1,1319,12,0,22,2,1,1
34,1,21,1,788,8,0,49,2,1,1
32,2,21,1,1998,11,0,66,2,1,0
27,1,23,5,310,119,0,35,1,1,0
27,1,20,5,1438,18,0,30,1,1,0
29,4,19,5,2305,48,0,27,1,1,0
35,1,19,5,1120,34,5,54,1,1,1
31,7,21,1,2739,51,0,39,1,1,0
46,1,22,1,3651,27,9,46,2,6,1
25,4,19,3,9258,2,0,4,2,1,1
27,2,17,1,7399,11,15,37,1,1,0
29,7,18,1,2909,55,2,36,2,9,0
39,6,22,1,5643,19,0,43,1,1,1
42,2,19,1,2134,9,0,37,2,1,1
25,1,21,1,6058,20,10,20,2,1,0
66,1,17,3,9729,140,0,34,2,2,0
33,1,18,1,3217,4,0,46,1,1,1
40,1,20,1,7386,66,0,49,1,1,0
41,3,16,1,2638,6,6,50,2,1,0
38,5,15,1,8142,76,16,51,1,1,0
40,1,12,1,9055,40,1,42,2,2,0
38,1,20,3,7424,108,0,25,1,1,0
54,3,15,1,9114,46,5,18,1,1,0
30,1,21,5,9143,37,0,26,1,1,1
38,1,14,1,9455,52,0,43,2,1,0
68,1,19,1,453,4,0,40,2,1,1
31,6,16,5,8518,20,0,13,1,6,0
56,1,14,5,2581,400,0,65,1,1,0
33,1,21,5,7543,1,0,34,2,1,0
28,1,16,3,8483,275,5,32,1,6,0
34,1,18,5,5985,41,12,23,1,1,0
22,1,21,1,8462,119,0,23,1,1,0
55,2,21,1,2771,5,0,44,1,1,1
25,1,14,5,8340,29,0,51,1,2,0
44,1,19,3,7866,136,6,33,1,1,0
50,7,21,1,5908,32,0,47,2,1,0
50,1,15,1,9218,10,0,53,2,1,0
25,1,17,5,4148,55,11,38,1,1,0
20,1,11,5,8045,160,17,21,2,3,0
49,3,14,5,4590,191,1,36,1,1,0
35,2,19,5,1833,12,0,43,2,2,0
50,1,19,1,2075,95,0,38,2,1,1
29,4,16,5,987,21,0,33,2,1,0
29,1,19,1,3755,97,0,35,2,2,1
54,3,17,1,5390,2,3,33,2,1,1
31,1,18,1,4723,8,0,46,1,1,0
30,1,14,5,2243,17,0,58,2,6,0
41,1,20,1,3111,35,11,20,1,2,0
53,3,18,3,9417,5,0,48,1,1,1
29,4,22,5,3427,20,1,30,1,1,0
63,2,18,1,5018,327,1,43,1,6,0
27,1,17,5,4235,103,4,40,2,1,1
60,1,18,3,2216,16,0,50,2,1,1
44,7,21,1,2820,2,0,43,2,1,0
64,2,23,1,451,223,0,37,1,1,1
35,1,18,1,4189,141,16,51,1,1,0
32,1,19,1,1800,65,0,59,1,1,1
37,6,16,5,5064,554,0,47,2,6,0
36,1,15,1,1574,123,5,37,1,1,1
47,2,22,1,6039,98,0,36,1,2,1
54,1,17,1,4315,37,0,29,2,1,1
49,6,18,3,4254,17,1,46,1,1,1
44,1,18,4,3580,78,0,46,2,1,0
48,1,21,1,1468,330,0,56,1,1,1
69,7,18,3,3425,167,0,48,1,1,1
83,7,20,1,1385,134,0,24,2,1,0
31,7,20,5,5633,41,0,63,1,1,1
57,6,18,1,5855,11,4,13,1,1,0
21,6,22,5,4798,110,8,34,1,1,1
60,6,19,1,5670,111,0,16,2,1,0
29,1,18,1,6300,82,14,25,2,1,1
30,1,18,1,2995,51,0,42,2,1,1
30,1,18,1,3717,27,0,25,1,8,0
57,1,20,1,2695,20,4,22,2,1,1
68,1,20,1,4854,40,0,40,1,1,0
39,1,19,2,4067,21,0,62,2,1,1
36,1,4,1,6025,27,0,25,1,1,0
73,1,20,1,8560,6,0,27,1,1,1
36,6,22,3,7565,4,0,43,1,1,0
30,7,15,5,2984,240,1,26,1,1,0
25,1,18,5,7090,3,0,33,1,8,0
22,4,11,5,9120,4,0,28,1,1,0
45,1,21,3,2685,2,0,47,1,1,1
43,1,18,1,7027,87,0,57,1,1,1
21,1,23,5,1588,11,0,38,2,6,0
35,1,20,3,700,10,0,50,2,1,0
23,1,16,5,8246,22,1,17,1,1,0
44,2,23,1,2694,71,6,19,2,1,0
50,5,16,1,4547,4,2,18,2,1,0
54,4,21,1,1127,174,0,19,2,1,0
46,6,23,5,4480,92,0,43,1,6,0
39,1,20,1,8078,2,0,35,2,1,1
68,1,21,1,8367,65,0,52,2,1,1
57,3,15,1,3758,240,0,47,1,1,1
57,1,17,5,4052,58,0,52,1,1,1
40,1,21,1,1566,102,0,30,2,1,1
50,3,18,2,4436,17,0,56,2,1,1
31,6,18,5,8328,22,0,28,2,6,0
51,1,17,5,8418,70,0,39,1,2,0
61,6,19,1,4595,21,0,56,2,1,1
52,1,21,1,2361,25,0,50,1,1,0
27,1,21,1,3319,52,1,23,1,6,0
33,1,17,1,6132,16,0,37,1,1,1
21,1,20,3,7991,86,13,37,2,2,0
30,7,21,3,769,3,0,37,1,1,0
57,1,20,1,7313,40,0,57,1,1,1
44,3,23,1,6684,8,0,39,1,1,0
83,5,19,1,4747,98,0,50,1,1,1
38,1,17,1,6856,15,0,46,2,1,0
23,3,22,1,2465,54,0,22,2,1,1
23,1,21,1,6996,70,2,23,1,1,1
33,1,15,5,4337,4,0,42,1,1,0
40,1,20,3,3226,115,0,51,1,1,1
21,1,13,5,1513,68,2,54,2,6,0
24,1,18,1,1279,48,0,36,2,1,0
68,3,18,1,6596,39,0,30,1,1,0
32,1,23,1,4659,5,0,37,1,1,1
54,4,22,1,8086,84,0,32,1,1,1
51,1,13,1,1634,13,1,48,1,6,0
41,1,18,5,3014,26,0,14,2,1,0
34,1,18,1,2265,72,0,49,2,1,1
19,4,20,3,6700,4,17,27,2,1,0
42,1,20,5,1911,82,0,60,1,8,0
48,1,20,1,3416,4,0,49,1,1,1
51,1,17,1,5523,286,0,51,2,1,0
25,1,20,1,3309,63,17,41,2,6,1
62,1,14,5,6860,131,0,57,2,2,1
28,1,23,5,409,47,0,35,2,1,0
66,1,18,3,5056,56,0,19,2,1,0
58,1,22,1,6071,54,0,36,1,1,0
24,2,15,5,4186,155,17,52,2,1,0
92,3,17,1,8562,7,0,36,2,1,0
54,1,20,3,251,37,0,70,1,1,1
29,1,19,1,5398,1,8,21,1,1,0
76,1,17,1,1907,61,0,26,2,1,0
43,1,15,1,5922,5,8,38,1,1,1
21,1,19,5,4180,59,1,34,2,2,0
41,6,21,3,3166,51,16,40,1,1,0
26,4,15,5,2899,24,0,16,1,1,0
61,1,16,1,4823,54,0,42,2,1,0
48,1,19,3,1951,35,0,44,1,1,0
27,1,21,5,2955,37,0,29,2,1,0
36,1,23,1,6031,15,0,45,1,1,1
45,1,18,5,4881,6,0,34,1,1,0
44,2,23,1,279,45,0,28,1,1,0
33,1,18,3,2237,7,0,54,2,1,0
39,1,19,1,9082,216,0,35,1,1,0
27,3,17,5,978,26,0,61,1,1,0
34,1,16,1,7747,95,0,27,1,6,0
42,1,14,1,9724,269,17,34,1,1,0
57,1,20,5,2878,6,0,61,1,9,1
72,1,23,1,1494,4,0,32,1,1,1
60,1,20,1,400,26,0,93,1,1,1
40,1,14,5,7701,20,12,42,1,1,1
27,3,17,5,8369,38,13,12,1,2,0
60,4,19,1,1540,1,0,45,1,1,0
57,2,21,1,2887,23,0,28,2,1,0
37,4,19,1,8496,319,0,35,1,1,1
41,1,20,5,1218,13,0,33,1,1,1
42,1,12,5,7386,385,0,42,2,1,0
70,3,21,5,5152,28,0,32,1,1,0
49,6,20,1,2485,108,0,48,1,1,0
67,1,22,1,671,71,0,46,1,1,1
36,7,20,5,8618,5,0,36,1,1,1
19,4,15,5,7234,9,11,21,1,1,0
39,1,21,5,6412,3,6,49,1,1,0
50,1,17,1,7777,13,0,34,2,1,0
80,3,17,2,1444,66,0,29,2,1,1
31,1,18,1,1617,5,0,58,2,1,1
48,6,18,1,6214,59,12,35,1,8,1
35,1,20,1,4557,30,2,31,1,1,0
51,1,20,5,2920,155,0,43,2,1,0
35,1,17,5,6458,26,0,33,1,1,0
42,1,22,5,2804,1,0,30,2,1,0
57,1,20,5,4210,3,0,46,2,1,1
69,3,19,5,1352,194,0,41,1,1,0
26,1,22,5,3811,5,0,34,2,1,0
34,1,20,1,7304,2,0,28,1,2,0
60,1,18,1,3978,221,0,31,2,1,1
50,1,19,5,7526,12,17,45,1,8,0
29,3,22,5,6364,29,0,41,2,1,1
26,1,22,5,5297,199,0,40,2,2,0
31,5,15,1,8004,10,0,15,2,1,0
63,1,20,1,4303,282,0,51,1,1,1
24,1,22,5,3855,554,0,39,1,1,0
32,1,9,5,6011,132,2,42,1,9,0
79,1,22,1,2919,172,0,71,2,1,1
42,6,24,1,1900,100,0,37,2,1,0
33,1,12,3,2082,18,15,30,1,1,0
33,2,17,3,646,41,13,63,2,1,0
23,1,13,5,5965,179,0,47,2,3,0
29,1,19,5,1647,1,0,38,1,1,1
29,1,15,3,9198,511,0,22,2,1,0
53,1,19,1,3384,13,0,48,1,1,1
50,6,21,1,5283,1,8,43,1,1,0
39,1,1,1,5161,183,0,42,1,9,0
20,3,19,5,6086,10,0,19,2,2,0
61,1,14,1,1852,54,0,56,1,1,1
19,1,19,3,6171,11,17,39,2,2,0
68,1,21,1,4928,38,0,38,1,1,1
46,1,19,3,8105,35,0,48,1,1,0
50,1,22,1,1629,106,0,25,2,1,0
41,2,21,1,4299,8,0,1,2,1,0
17,1,17,5,7844,41,0,25,2,1,0
21,1,23,5,2943,1,0,45,2,9,0
33,1,16,5,9490,195,0,43,1,1,1
55,1,21,1,5767,2,0,24,1,1,0
54,6,23,5,5687,19,0,47,2,1,0
33,3,16,3,6916,26,0,54,2,1,0
22,1,21,1,1509,331,12,53,1,2,0
31,1,14,5,3186,7,0,44,2,1,0
69,1,22,1,1142,1,0,23,1,1,1
46,5,22,1,656,12,0,34,1,1,1
69,1,20,1,8367,2,0,40,2,1,0
40,1,19,1,5611,36,3,68,2,1,0
53,1,19,1,2520,134,3,56,2,1,0
35,1,23,1,5208,12,0,46,1,1,0
40,3,17,1,3803,27,1,9,2,1,0
62,2,21,1,1626,165,0,29,1,1,0
45,1,21,5,6899,80,7,33,2,8,1
22,2,18,3,7430,11,0,62,1,8,0
41,1,19,5,6201,23,0,31,1,8,0
67,1,21,1,2272,37,1,45,2,1,1
39,1,18,5,2266,250,0,38,1,1,0
29,1,21,3,8548,13,14,35,1,1,0
55,1,16,3,4748,264,4,50,2,1,0
47,1,22,5,3577,99,7,37,2,2,0
27,1,19,5,2564,19,14,45,1,1,0
31,1,18,5,7169,16,0,42,1,1,0
24,1,19,3,3478,93,1,28,2,1,0
48,1,19,3,4788,56,0,27,2,1,0
55,1,13,5,8342,101,0,29,2,8,0
27,1,23,5,854,63,2,41,2,1,0
27,1,20,5,6795,31,1,32,1,1,0
35,1,20,1,4796,34,16,33,1,1,0
34,1,20,5,829,11,17,46,2,1,1
32,2,19,1,1951,143,15,37,2,1,0
37,1,20,1,2329,38,9,26,2,1,1
24,1,20,5,5992,2,0,41,1,1,1
39,6,16,1,6245,49,0,45,1,1,0
40,1,20,3,4522,32,2,40,1,1,1
47,3,17,1,3990,17,0,35,1,1,0
58,2,19,1,5311,30,1,65,2,6,0
55,2,22,1,279,1,2,31,2,8,1
73,3,21,3,1223,115,2,57,2,1,0
26,1,22,5,3688,256,0,23,2,9,0
50,6,22,3,2080,177,0,42,1,1,1
43,1,21,5,9830,52,0,29,2,9,1
29,1,12,5,7763,2,3,45,2,2,0
36,1,21,1,7234,22,0,47,2,1,1
37,1,13,1,6131,105,0,28,1,1,0
40,6,22,1,183,2,0,37,1,1,0
43,2,21,5,1026,89,0,38,2,1,0
22,2,15,5,6771,84,9,31,2,1,0
32,1,23,3,6227,22,0,44,2,1,0
67,1,19,1,3334,299,0,46,1,1,0
47,1,22,1,981,3,0,49,1,1,0
43,3,22,3,1108,2,0,42,1,1,0
48,1,23,1,4403,158,0,41,2,1,1
51,2,21,5,126,7,0,28,1,1,0
69,1,21,4,1509,8,0,64,1,1,1
37,2,23,1,49,50,0,25,2,1,1
37,1,20,1,405,11,0,52,1,1,0
54,1,21,5,6250,12,0,45,1,1,0
20,1,19,5,7152,45,12,31,2,1,0
50,1,20,3,7163,45,0,40,1,1,0
37,1,20,1,2749,7,0,56,1,6,0
42,6,16,1,3202,3,0,52,1,1,1
32,1,20,1,3916,15,0,21,2,1,1
59,5,21,3,6137,6,0,26,1,1,1
25,5,12,5,7174,30,5,32,2,1,1
37,1,23,1,4561,69,0,55,1,1,0
41,1,22,5,1275,52,0,25,2,3,1
61,1,21,1,932,116,6,29,1,1,1
41,6,21,1,5557,329,7,31,1,8,0
65,4,16,5,8864,78,0,37,1,8,0
73,7,23,1,1990,105,0,45,1,1,1
34,1,23,1,6080,21,0,43,2,1,1
52,1,20,1,1680,41,0,47,1,1,0
75,6,18,1,2089,15,0,44,2,1,1
21,1,18,5,5552,132,1,49,2,1,0
43,1,18,5,7248,96,3,32,1,2,1
38,1,19,1,1199,228,0,34,1,6,1
61,1,18,1,3689,150,0,51,1,1,1
20,1,15,5,5027,25,1,69,1,1,0
30,1,15,1,8722,37,0,32,1,8,0
37,1,23,5,2230,12,0,49,2,1,1
48,1,17,1,8532,150,0,45,2,1,0
40,1,15,3,1164,14,0,53,1,1,1
70,1,23,1,2294,3,0,31,2,1,0
35,1,19,5,2246,6,0,65,1,2,1
35,3,13,1,3435,68,0,54,1,1,0
53,4,15,1,7181,5,5,47,1,1,0
67,1,16,1,6150,120,0,43,1,8,0
50,4,18,1,6775,76,0,43,1,2,0
47,1,20,4,7095,232,0,14,1,1,0
24,1,11,5,6642,18,13,39,2,6,0
28,3,22,5,2953,172,8,45,2,1,0
47,1,19,1,2074,176,0,55,2,2,0
56,1,21,1,8083,6,4,43,2,1,1
42,1,24,5,722,37,0,33,1,1,1
26,3,20,5,9172,44,0,44,2,1,0
50,1,18,1,2204,4,0,33,1,1,0
24,1,12,5,8383,171,0,30,2,2,0
65,1,9,5,4239,191,0,52,1,8,0
48,1,15,2,5944,3,0,36,1,1,0
54,6,21,1,2298,8,17,23,1,1,1
49,4,15,5,5184,9,4,19,2,1,1
39,1,20,5,5822,160,17,20,1,6,0
60,1,20,5,985,138,0,32,1,1,1
36,1,20,5,4663,132,0,41,1,1,0
24,2,15,1,4671,48,0,33,1,8,0
33,1,22,1,562,244,0,47,1,1,1
56,1,16,1,4746,19,0,29,2,1,0
39,3,20,3,976,129,0,30,2,1,0
35,6,21,5,1486,4,0,55,2,1,0
33,1,15,5,6505,41,0,56,2,1,0
81,1,15,5,7242,1,0,8,2,2,0
70,1,14,3,7109,29,0,61,2,2,0
30,1,23,1,2335,66,0,42,1,1,1
24,4,17,1,6996,62,2,30,2,1,0
24,1,20,1,761,5,0,36,2,1,0
49,1,22,1,2671,114,0,25,1,1,0
21,1,21,1,1359,38,0,51,1,1,0
26,1,19,5,9509,7,0,42,2,3,0
64,1,18,2,8731,3,0,35,2,1,1
63,1,17,5,3605,3,1,25,1,1,1
31,3,23,1,501,121,0,49,1,9,0
54,1,13,5,6980,20,0,52,2,2,1
62,6,14,3,3398,1,2,45,1,1,0
25,3,13,1,7782,5,14,42,1,1,0
67,1,18,1,862,38,0,36,1,1,1
33,1,21,1,810,199,0,54,1,1,1
57,1,19,1,2339,45,0,40,1,6,1
43,2,14,5,9429,6,0,31,2,1,0
46,3,21,5,6174,42,0,38,1,1,0
26,2,19,1,2370,167,0,44,2,1,1
35,1,19,5,4503,18,0,67,1,1,0
52,3,20,5,2228,43,6,52,1,8,1
39,3,22,1,453,142,0,40,2,1,0
21,1,23,1,1042,6,0,42,1,1,1
70,1,18,1,3656,105,0,69,2,1,0
31,1,20,5,6663,29,0,24,2,1,0
40,1,19,1,645,110,0,18,2,1,0
28,1,19,3,1668,40,0,30,2,1,0
47,1,18,1,5787,41,0,21,1,1,0
55,1,22,1,2195,74,0,58,2,1,0
51,4,21,5,3568,2,0,41,2,1,0
53,1,19,1,3264,257,0,62,2,1,0
58,3,21,3,4477,64,0,25,2,6,0
58,6,17,5,1074,25,0,43,1,1,0
47,1,7,5,8529,136,0,37,1,1,1
28,7,19,1,1916,8,6,33,1,1,0
22,1,18,1,4425,2,0,44,2,1,0
49,1,17,1,385,8,0,52,2,6,0
48,1,19,1,5341,53,0,20,2,1,0
42,1,19,5,7497,3,17,32,2,1,0
40,6,22,1,3552,16,3,45,1,1,0
61,1,13,5,4384,285,17,47,2,1,0
48,1,22,3,241,242,10,48,1,1,0
37,1,22,1,340,47,0,47,1,1,0
47,1,11,3,9360,71,0,39,1,2,0
23,7,12,1,4281,55,0,37,1,1,0
32,1,15,1,1738,116,0,50,2,1,1
46,1,22,3,4807,35,0,81,1,1,1
19,2,17,5,6666,226,17,36,2,1,0
41,3,22,5,6027,55,0,48,1,1,1
56,1,16,3,3193,59,0,28,2,1,0
25,1,6,1,6214,104,6,38,1,1,0
32,2,20,5,2166,91,0,48,1,1,0
51,1,19,1,61,50,0,65,1,1,0
48,4,17,1,914,22,2,30,1,1,1
39,5,21,1,8739,25,0,25,1,1,1
41,3,23,5,587,47,5,55,1,9,0
30,3,22,5,1104,1,0,47,1,1,1
51,1,20,3,6108,144,4,38,1,6,1
41,1,19,1,4056,13,2,43,1,1,0
71,1,21,1,1668,73,4,36,1,1,0
67,1,22,2,543,125,0,53,2,1,0
43,1,20,5,2260,10,7,54,1,2,0
67,1,15,1,6836,156,0,31,2,1,0
65,6,22,5,3335,36,11,48,1,1,0
31,1,20,1,2848,16,0,24,2,1,0
75,2,16,1,2852,21,0,52,1,1,1
69,4,18,1,2279,72,15,46,2,1,0
19,4,17,5,6036,43,17,38,2,2,0
60,1,21,1,1586,11,0,40,2,1,1
35,1,22,1,3103,13,2,51,1,1,1
49,1,15,5,8917,2,0,45,2,1,0
50,1,19,5,4571,22,0,42,2,1,0
45,1,18,1,6285,73,1,20,1,1,0
33,1,21,5,5824,176,2,20,2,1,0
45,1,22,1,243,102,0,51,1,2,0
30,1,20,5,5166,10,0,54,1,9,1
47,8,24,1,1185,36,0,54,1,1,1
58,3,22,1,6544,158,0,65,1,1,1
61,1,18,1,2098,101,0,43,1,1,1
63,3,18,5,1004,18,12,51,1,1,1
53,3,18,1,5996,19,0,19,2,1,0
52,4,22,1,923,45,0,45,2,1,0
51,1,24,5,661,50,0,48,1,1,1
35,1,17,1,6117,21,0,33,2,2,0
44,1,13,1,4726,6,2,42,2,1,0
49,1,18,1,4855,15,0,19,2,8,1
50,1,19,1,7679,75,0,45,1,1,1
41,2,23,1,1636,170,0,54,2,1,1
24,1,14,5,6288,231,5,17,1,2,0
34,1,22,1,4145,183,0,27,1,1,0
45,5,19,5,639,188,0,43,1,1,0
42,1,23,1,763,9,0,41,1,1,1
22,1,18,5,1747,147,10,32,2,8,1
71,1,10,1,8859,19,0,41,2,1,0
20,1,19,3,674,7,0,62,2,1,0
42,2,18,1,851,29,17,43,2,1,0
31,1,13,1,7522,92,0,22,1,2,0
26,1,16,1,128,7,0,38,2,1,0
69,1,23,1,417,142,0,58,1,1,1
59,3,19,1,4796,1,0,25,1,1,0
52,1,19,3,1674,54,0,25,2,1,0
29,1,24,5,3582,24,2,43,1,1,1
38,1,18,5,5428,63,0,28,1,1,0
26,1,17,3,3910,18,0,15,2,1,0
33,3,19,1,1439,23,16,30,1,1,1
25,1,19,5,6376,24,17,40,1,1,0
49,7,19,1,4498,33,0,36,2,1,0
48,6,19,1,8171,42,0,16,1,1,0
35,6,21,2,5877,62,0,36,1,1,1
69,6,23,3,1190,18,0,47,2,1,1
36,1,20,5,9511,129,17,40,2,1,0
28,1,14,1,7817,1,0,53,2,1,0
57,7,22,2,196,169,0,46,2,1,1
26,4,21,1,6322,29,0,15,1,1,0
21,1,12,5,2088,75,0,46,2,6,0
24,3,18,1,2695,2,0,35,1,1,1
82,1,19,2,392,13,0,58,1,1,1
24,3,22,5,1324,5,0,15,2,1,0
31,1,20,1,6608,29,0,31,1,1,1
30,1,22,5,8636,46,11,39,2,1,1
34,1,17,1,2536,51,1,21,1,1,0
48,1,14,1,4033,14,0,40,1,9,0
34,4,22,5,3929,1,0,36,1,1,1
42,1,21,1,8911,2,0,27,2,1,0
35,1,20,1,5380,28,0,33,1,1,1
52,1,15,1,6334,9,0,46,1,1,0
58,7,20,1,6339,126,0,38,1,8,0
58,1,19,1,5084,97,0,41,1,1,1
50,1,18,3,855,134,0,43,1,1,0
31,1,19,1,7081,38,7,41,1,1,0
43,1,18,1,2003,8,0,35,1,1,0
47,1,12,5,6263,7,0,15,2,1,0
41,4,19,5,5710,1,0,32,1,1,0
50,1,23,5,5357,87,0,21,1,1,0
63,1,23,1,3302,13,0,37,2,1,1
62,3,20,1,7847,102,0,50,1,1,0
54,4,20,1,2084,73,0,47,1,1,1
31,6,22,1,7084,36,0,25,1,1,1
21,1,19,1,1009,192,0,30,1,1,1
27,1,21,5,226,30,0,16,2,1,0
46,1,18,3,5356,122,0,22,2,8,1
39,2,13,5,8689,133,1,30,1,1,0
33,3,15,1,6938,12,0,24,1,1,0
26,1,21,1,64,271,0,25,2,1,1
47,2,19,5,1770,240,0,58,1,1,0
28,1,19,3,3366,18,0,38,1,1,0
52,1,17,5,4614,177,0,29,1,8,1
53,6,17,1,1650,12,0,33,1,1,1
23,2,21,5,5942,70,0,36,2,1,1
43,1,20,5,646,35,0,27,2,2,1
47,1,24,5,233,158,0,48,2,2,0
50,1,22,1,674,1,0,26,1,1,1
69,1,22,1,1230,207,0,41,2,1,0
36,1,18,1,7763,1,5,41,1,1,0
51,2,21,1,621,11,0,42,2,9,0
53,7,23,1,11,5,0,25,2,1,1
34,7,18,5,2541,1,0,48,1,1,0
59,7,22,1,3205,3,0,48,1,1,0
68,1,22,1,883,1,0,44,1,1,1
39,2,22,5,1338,12,0,47,1,1,1
50,1,22,1,2645,1,0,43,1,1,1
70,1,20,1,6766,8,0,38,1,1,0
29,4,21,1,2661,6,0,26,2,1,0
42,5,21,1,1982,167,0,47,2,5,0
83,2,16,1,3315,1,0,26,2,1,0
29,1,20,1,9018,144,0,25,2,1,0
50,1,18,1,2467,58,5,42,2,6,0
44,1,19,1,8886,35,2,39,1,1,0
18,1,20,5,4585,165,14,41,2,1,0
59,1,20,1,2429,290,0,44,1,1,1
26,1,23,5,354,1,8,41,1,1,0
72,2,19,1,6234,174,0,37,2,1,0
64,1,20,2,2193,1,0,37,1,3,1
74,2,22,1,127,78,0,43,2,1,1
33,1,22,1,842,149,0,46,2,1,0
51,1,22,5,3081,26,8,22,2,1,0
29,1,23,3,2520,60,0,50,1,1,1
34,1,20,3,4161,81,0,34,2,1,0
26,6,16,3,5178,10,17,39,2,9,0
33,2,17,1,4833,164,0,50,2,1,1
30,1,22,1,729,7,0,39,1,1,0
76,7,21,1,4806,58,0,42,1,1,0
42,1,18,5,3639,5,14,41,2,1,0
48,6,17,3,8314,365,0,39,2,2,1
81,1,13,2,6269,7,0,50,2,1,0
42,1,18,1,7762,216,0,40,1,6,1
65,3,13,1,2285,65,3,55,2,2,1
65,1,14,1,9104,62,0,31,2,1,1
24,1,23,1,65,10,17,52,1,1,1
83,2,19,1,184,247,0,49,2,1,0
23,3,21,5,2851,85,15,19,1,6,1
36,1,19,5,1461,13,0,31,1,1,1
23,1,12,3,6788,234,0,51,1,1,0
40,1,16,3,6803,33,0,42,2,1,1
41,1,7,5,7484,39,2,29,2,1,0
40,3,17,1,5011,6,0,46,1,1,1
48,1,20,1,3310,101,0,42,2,1,0
46,1,16,1,5107,11,0,56,1,1,0
37,6,21,1,8849,40,0,32,1,1,1
32,1,20,1,4823,9,17,30,2,1,0
20,1,22,5,2437,223,0,39,1,8,0
43,1,22,1,727,62,0,54,1,1,1
36,1,21,5,4461,58,0,61,2,2,1
42,1,19,1,375,63,0,35,1,1,0
39,4,17,5,6704,59,0,24,1,2,0
39,1,21,5,3394,229,0,39,1,1,0
39,1,13,1,6879,18,2,43,1,1,0
21,1,11,5,8922,78,1,45,2,8,0
33,5,20,2,6094,71,2,56,1,1,1
44,3,15,1,6575,24,0,37,2,1,0
24,1,21,1,7596,19,0,13,2,1,0
46,3,22,1,6099,96,17,43,1,1,1
85,1,18,1,2601,200,0,40,1,1,1
30,1,20,5,558,46,0,23,2,1,0
35,1,17,1,192,29,0,24,2,6,0
85,2,18,1,1437,5,0,22,2,1,1
38,1,22,5,1906,10,0,21,2,1,1
42,3,11,5,8099,97,6,15,1,1,0
68,3,19,5,3499,302,2,49,1,1,1
48,1,21,1,1271,30,0,47,2,2,0
56,7,22,1,7835,99,3,41,1,1,1
35,1,15,2,6836,21,16,57,2,8,1
57,3,21,1,7266,2,0,44,1,1,1
45,1,17,1,2686,19,0,38,1,1,1
43,1,19,1,4833,1,0,38,2,6,0
77,1,16,1,8081,62,3,37,2,1,1
35,1,19,1,370,5,0,33,2,1,1
27,1,20,5,1309,1,0,20,2,1,0
57,1,21,1,2378,42,0,21,2,6,0
54,4,21,1,3593,20,17,17,1,1,0
21,2,19,1,2268,54,0,35,1,1,1
53,1,20,1,2587,105,0,33,1,1,0
34,1,19,1,1299,2,0,47,2,1,1
90,1,22,1,3314,79,0,58,2,8,0
41,1,17,1,2254,461,0,40,2,1,0
63,1,21,1,574,43,1,38,2,1,0
32,1,16,1,4414,103,0,24,1,1,0
67,1,22,1,1514,8,0,69,1,1,1
26,1,21,1,9341,34,0,49,2,9,0
68,1,19,1,4993,8,1,42,2,8,0
24,3,19,3,291,45,16,21,2,1,0
60,4,14,1,1951,2,0,46,1,1,0
38,3,17,1,576,25,5,52,2,1,0
75,1,19,1,3955,304,0,53,2,1,0
42,1,18,2,3713,38,0,41,1,1,0
38,1,17,5,6961,2,3,36,2,1,1
43,3,20,5,3711,33,0,40,2,1,1
46,1,20,3,2846,130,0,36,2,1,0
30,1,20,5,3373,27,0,36,1,2,1
23,5,13,3,3175,339,17,29,1,3,0
33,1,20,1,9056,94,0,30,1,2,0
54,1,16,1,4577,45,4,28,2,2,0
41,1,20,5,4789,13,0,50,1,1,0
57,1,23,5,1379,126,0,33,2,1,1
77,6,18,1,1458,24,0,46,2,1,1
79,6,21,1,3152,78,0,47,2,1,1
65,1,20,1,3128,28,0,34,1,1,0
60,1,18,1,4711,85,0,44,1,1,1
31,1,18,3,334,50,0,25,2,1,0
62,1,18,1,755,2,0,42,1,1,0
60,1,21,5,192,100,0,35,1,6,1
49,6,20,1,2841,2,0,32,1,1,1
25,1,18,5,5480,43,3,41,2,6,0
33,1,23,3,240,2,0,34,1,1,1
23,1,16,5,9261,130,0,53,1,2,0
21,1,18,5,631,97,9,38,2,1,0
35,6,20,1,1169,15,0,57,1,1,0
46,1,23,3,950,8,0,45,1,1,1
45,1,19,1,3370,89,1,33,1,2,0
48,6,20,1,956,1,13,47,1,1,0
20,1,19,5,9490,156,0,46,1,1,0
58,6,19,1,4469,41,0,50,1,2,1
66,1,18,1,2235,354,0,44,1,6,1
24,1,17,3,2686,11,1,22,2,1,1
57,7,14,1,5946,7,0,33,2,2,0
30,1,19,1,3079,337,0,36,2,1,0
51,2,15,1,8522,48,0,40,2,1,0
34,1,17,5,6196,7,0,57,2,1,0
39,1,18,1,8794,136,0,31,2,1,0
38,1,18,1,5484,55,0,20,2,1,0
24,1,22,5,1895,2,5,44,2,1,1
25,3,19,5,7908,1,0,33,2,1,0
45,1,17,2,6986,69,0,34,2,1,0
56,2,17,5,5547,332,11,29,2,1,0
56,1,18,1,5097,192,0,50,2,1,0
26,7,17,1,4638,66,14,26,2,8,0
37,1,16,1,3743,99,11,27,2,6,1
42,2,19,1,2540,129,16,37,1,1,0
29,1,17,1,5033,22,6,40,2,1,0
43,3,16,3,7421,124,0,34,2,2,0
35,2,24,1,1806,117,7,43,2,1,1
38,1,9,5,6167,5,5,14,1,1,0
23,3,19,5,4581,164,4,32,2,1,0
67,1,19,3,2983,28,0,50,2,8,0
32,1,19,5,8619,256,0,39,1,8,0
34,3,12,1,8818,44,7,36,1,1,0
47,3,20,5,1666,21,0,36,1,1,0
86,6,20,1,2403,5,0,23,2,1,1
35,7,18,5,125,21,0,39,1,1,1
32,2,15,5,7047,20,0,35,2,2,0
52,2,18,3,3749,61,17,18,2,9,0
48,6,20,1,1082,108,0,37,1,3,0
34,1,19,3,4390,38,15,39,1,1,1
19,1,20,5,7531,28,1,46,2,6,0
48,1,18,1,4041,1,0,14,1,1,0
49,1,16,1,4434,8,0,39,1,1,0
54,6,20,3,2035,42,0,45,2,8,0
59,2,21,1,3872,10,14,35,2,1,0
57,1,21,1,2287,6,0,66,1,8,0
32,6,18,5,5038,112,1,26,2,1,0
44,1,20,3,6671,329,0,39,1,1,0
69,1,12,1,712,108,1,55,1,9,1
35,1,16,1,5998,45,7,28,2,1,0
28,1,15,1,5133,9,0,44,1,1,1
50,1,21,1,135,13,0,39,2,1,0
66,1,17,1,4165,72,0,30,2,1,1
33,1,12,3,9021,78,17,44,1,1,0
32,1,14,1,2948,15,12,58,1,1,1
38,3,20,3,1373,45,0,15,1,1,0
32,1,21,3,3491,97,0,38,2,8,0
38,1,20,1,9169,119,0,38,2,1,0
26,1,21,1,9053,125,1,63,1,1,0
58,1,20,1,1337,60,1,1,2,1,0
48,1,21,3,6550,134,0,7,2,1,0
64,6,17,1,2523,282,12,44,1,3,1
52,8,21,4,3334,46,0,14,1,2,1
56,1,23,1,5348,48,0,48,2,2,0
68,6,22,5,1142,109,0,49,1,1,1
42,7,17,1,5956,190,0,42,2,1,0
57,1,15,1,5052,36,0,45,1,1,0
36,1,21,1,1414,32,0,30,1,1,0
59,1,21,1,171,1,0,45,1,1,1
35,1,16,1,4579,261,13,19,2,1,1
44,7,15,1,1458,2,0,42,2,2,1
44,2,16,5,9632,6,0,13,1,1,0
27,1,17,1,594,1,0,43,1,1,0
44,6,10,1,8412,56,0,45,1,1,0
61,1,21,1,6256,170,0,50,1,1,1
19,1,19,1,5683,2,17,17,2,1,0
30,1,21,5,86,12,0,35,1,1,0
28,1,17,1,5038,17,13,52,1,1,0
19,1,17,5,6724,5,0,32,1,2,0
38,2,18,1,4236,26,16,13,2,1,1
43,1,16,1,5367,75,0,39,1,1,0
40,2,23,3,8024,4,0,52,1,1,0
27,1,19,1,4398,57,0,44,1,1,1
34,1,20,1,3277,35,0,26,1,1,0
28,1,19,1,4295,76,15,34,2,2,0
32,1,19,1,2739,50,3,22,2,1,0
46,1,17,1,6938,1,0,31,2,1,0
64,3,19,1,1671,124,0,39,1,1,1
25,1,14,3,1077,12,9,27,1,1,1
38,2,20,5,5834,130,0,33,2,1,0
22,6,21,5,2638,6,0,37,2,1,0
42,1,9,3,3608,28,0,72,1,1,0
53,1,21,1,727,472,0,53,1,1,1
55,3,21,2,1408,35,2,36,2,1,1
56,6,20,5,5213,50,0,38,2,8,0
71,4,22,1,1023,97,0,40,2,1,0
50,1,12,3,4871,13,0,44,2,1,1
41,4,21,1,5751,34,13,65,2,1,0
32,6,22,5,7622,65,0,43,1,1,1
18,1,16,5,3333,5,16,16,2,7,0
52,3,22,3,1105,222,0,40,1,1,0
62,1,14,1,8534,118,0,49,2,6,1
24,1,14,1,4934,58,10,43,1,6,1
38,1,24,1,2353,8,0,40,1,1,0
78,1,18,1,2916,2,0,54,1,1,0
68,1,21,1,1629,25,0,62,1,1,0
41,1,18,1,612,154,0,25,2,1,0
22,7,24,5,3273,157,5,54,1,6,1
30,1,14,1,8747,105,7,44,2,1,0
42,6,22,1,130,20,0,42,2,8,1
52,8,22,1,889,8,0,35,2,1,1
53,1,20,1,4809,13,0,53,1,6,0
20,1,15,5,2159,35,0,50,1,1,1
44,3,18,5,6559,50,0,50,1,1,1
24,1,20,5,1425,43,0,32,2,1,0
32,1,18,1,8651,29,15,25,1,1,0
37,1,11,1,9804,12,2,44,1,1,0
31,1,18,5,2695,4,14,36,2,1,0
55,2,19,5,5966,57,0,45,1,1,1
40,1,18,1,3785,33,0,27,2,1,0
34,1,15,1,2658,35,0,17,2,1,0
34,1,11,1,5043,24,0,38,1,1,0
23,1,12,5,3094,150,1,37,1,1,0
37,1,23,5,5701,20,3,26,2,1,0
23,1,15,5,1199,344,17,41,1,1,0
40,7,17,1,5580,6,0,28,2,1,0
40,1,21,5,8585,5,0,58,2,1,0
54,1,21,1,5565,9,0,22,1,3,0
60,1,15,1,3440,34,0,51,1,1,0
58,1,20,1,1037,94,0,63,2,1,0
40,1,19,1,6602,7,0,42,2,1,1
36,1,20,1,6742,17,0,45,1,1,0
79,1,18,2,2272,36,0,41,2,1,1
56,1,19,5,2558,96,0,36,2,9,0
37,3,17,1,4231,4,0,32,2,1,1
47,3,21,5,4431,29,0,52,1,1,1
22,4,20,5,2304,7,7,27,2,1,0
60,2,20,5,1780,18,0,38,2,8,0
28,1,18,1,7983,14,0,30,1,1,0
57,1,21,1,33,224,0,74,1,1,1
42,7,23,1,460,143,1,53,2,1,0
49,1,21,5,4554,20,17,43,2,1,1
37,1,15,5,9632,110,0,40,2,1,0
30,6,22,1,8201,22,0,39,2,1,1
29,2,16,1,162,31,11,21,1,2,1
30,2,17,3,1894,237,0,30,1,1,0
20,1,16,5,1819,100,0,22,1,1,0
49,1,20,1,166,210,0,33,2,1,1
37,1,19,1,8313,122,11,34,1,1,0
34,5,18,5,1924,170,0,48,2,1,0
38,1,15,1,2316,131,0,53,1,1,1
37,1,21,1,1960,14,0,32,1,1,0
48,4,16,5,5109,2,0,42,1,1,0
56,2,20,1,818,326,0,46,1,1,1
45,6,19,5,7909,45,0,28,2,1,0
39,1,18,5,7312,56,0,35,2,2,0
24,1,18,3,2742,2,0,15,2,1,0
43,2,17,1,6765,367,0,55,1,2,0
38,3,21,5,5386,177,0,28,2,9,0
22,1,18,3,6684,117,0,36,2,8,1
48,1,19,1,3875,2,0,56,1,1,1
47,4,23,5,466,9,0,55,1,1,1
20,1,21,5,1106,2,4,30,2,1,1
22,1,14,5,6946,92,0,33,2,2,0
41,2,22,1,4037,12,0,43,1,1,0
26,1,10,1,8572,161,0,13,1,1,0
34,4,8,1,7508,11,0,31,1,1,0
38,1,23,1,648,78,0,50,2,1,1
59,2,16,1,3425,95,0,57,1,1,1
60,6,14,1,4268,66,0,52,2,1,1
47,6,19,1,5236,9,0,46,1,1,0
38,3,18,5,2408,149,0,32,1,1,0
34,1,17,1,2137,45,7,33,2,1,0
27,1,12,1,8358,61,12,39,1,6,0
64,1,16,1,5615,53,0,21,2,2,1
41,1,18,1,7366,3,1,12,2,1,0
28,1,20,1,4399,8,12,23,1,6,0
53,7,23,1,1760,31,0,54,2,2,0
31,1,18,1,1327,21,3,40,2,1,0
35,1,18,3,4215,14,4,17,1,1,0
68,1,21,5,5178,124,0,34,2,1,0
56,1,18,1,4008,36,0,22,2,1,0
60,7,13,3,4379,82,0,44,2,1,0
36,1,21,2,131,6,5,52,2,1,1
23,1,18,1,1202,56,2,66,1,1,0
27,2,17,1,9377,238,0,37,2,1,0
76,4,17,2,5240,92,0,32,1,1,0
73,7,21,3,705,19,0,27,2,1,0
39,1,16,1,4434,30,0,45,1,6,1
70,5,14,4,7956,81,0,59,2,6,0
50,7,22,1,4062,53,0,49,1,1,0
43,1,21,5,458,2,11,18,2,2,0
66,1,18,1,4975,23,0,31,2,2,0
67,1,21,1,877,1,0,39,1,1,1
27,1,20,3,1100,205,4,65,2,1,1
19,1,16,5,192,138,1,23,2,6,0
42,6,21,1,1947,2,1,27,1,1,1
42,1,19,5,1960,48,0,27,2,1,1
42,1,21,5,1930,152,0,23,2,1,0
29,1,18,1,4347,55,0,33,1,1,0
50,4,19,1,1775,159,0,25,2,1,0
42,2,22,5,664,68,0,35,1,8,1
64,1,24,1,4254,36,0,42,2,1,0
44,1,24,1,2203,7,0,56,2,1,1
47,1,21,1,9406,188,0,23,2,1,0
37,7,22,1,2836,369,15,32,2,2,0
66,1,17,3,2068,28,0,29,2,1,1
32,1,18,5,4176,6,0,50,2,2,0
55,1,21,1,9174,380,17,40,1,1,0
63,1,22,1,1785,445,0,43,2,1,0
70,1,21,4,2621,15,0,20,2,1,1
38,1,20,1,2587,29,17,31,1,1,1
46,1,21,1,613,46,0,53,2,1,1
60,2,23,1,2068,97,0,54,1,1,1
55,6,14,1,39,103,1,45,1,1,1
30,1,16,3,7271,7,0,26,1,1,1
37,1,18,1,6592,3,0,63,2,1,1
28,1,17,5,2001,29,0,56,1,1,1
39,1,17,1,1728,263,0,19,1,1,0
41,2,20,5,3998,295,0,36,1,2,0
58,1,17,1,6128,47,0,44,1,1,0
52,1,22,1,4186,133,0,49,1,1,0
19,3,19,1,5860,105,0,30,1,2,1
73,1,16,2,8728,34,0,49,1,1,1
42,1,16,1,2293,3,0,60,1,9,1
47,7,22,5,563,27,0,19,2,1,0
68,2,22,1,3801,15,0,61,2,1,0
52,6,10,1,5501,33,0,59,1,1,0
81,1,17,1,7899,103,0,35,1,1,1
22,1,19,5,6118,8,0,49,1,1,0
71,6,17,1,6537,27,0,40,2,1,1
46,7,14,5,4051,43,0,22,2,1,0
41,1,21,5,2251,15,0,65,1,2,0
46,4,17,5,3745,7,0,59,1,3,0
55,1,23,1,981,67,5,59,2,1,1
26,3,20,1,4083,11,0,40,1,1,0
45,1,22,1,603,18,0,42,2,1,1
51,1,18,1,2250,29,0,34,1,1,1
71,7,20,1,255,108,0,36,2,1,1
33,1,22,1,638,8,2,49,2,8,1
73,1,19,5,2806,87,0,40,1,2,0
36,2,16,3,1369,29,1,17,2,1,0
50,3,20,1,2028,46,0,52,1,1,1
32,3,16,5,7028,62,0,36,2,1,1
22,1,19,5,4460,12,0,21,2,1,0
54,1,22,1,1368,13,0,43,1,1,1
53,6,21,1,3326,11,0,26,2,1,1
61,1,15,1,7828,236,0,21,2,1,1
63,1,20,1,3255,129,0,61,1,2,1
31,5,18,1,1205,77,0,53,2,1,1
23,1,16,5,976,22,17,30,2,1,0
63,6,16,1,4322,35,0,43,1,1,1
49,6,22,1,2151,7,0,56,1,1,1
48,6,16,5,8372,108,0,29,2,1,1
32,1,21,1,4358,34,0,45,1,1,1
28,1,20,5,2249,8,2,27,2,1,1
26,1,13,5,5546,85,6,63,1,1,1
62,1,20,1,3600,192,0,37,1,1,1
65,1,20,3,3321,61,0,28,2,1,1
66,2,21,5,4177,60,11,53,2,1,1
74,1,13,5,9414,54,0,28,1,1,1
60,4,15,5,6420,8,0,52,2,3,0
32,1,23,1,2521,18,0,22,1,1,0
30,1,23,5,807,47,1,35,2,1,1
24,1,17,2,2418,127,0,36,2,1,0
52,1,16,5,9190,80,0,49,1,1,0
36,1,20,1,5537,85,0,43,1,1,0
37,1,21,5,323,9,1,31,1,1,0
58,1,23,4,2259,56,0,52,2,1,1
31,1,9,5,2624,95,2,41,1,1,0
29,1,18,1,3533,4,1,41,1,1,1
60,1,21,3,3022,26,0,42,2,1,1
30,1,17,5,4914,49,16,34,2,1,0
22,1,21,5,3922,32,0,35,1,1,0
31,1,18,5,8093,84,16,35,1,1,0
43,2,21,1,7106,136,0,45,1,1,0
80,1,22,1,8228,35,0,31,2,1,0
33,1,19,3,839,341,0,29,2,2,0
38,2,23,5,4780,239,0,12,2,1,0
63,4,24,1,2814,227,0,35,2,1,1
42,1,19,1,6467,64,0,32,2,1,0
27,1,19,5,3203,1,0,51,2,6,1
56,1,18,1,3220,37,0,36,1,1,0
31,5,22,1,5887,3,0,40,1,1,0
33,1,16,5,1491,2,0,29,1,1,1
60,1,17,1,4273,28,0,51,1,1,1
40,1,18,1,1340,40,0,47,2,1,0
44,1,20,1,7305,34,0,55,2,1,1
60,1,22,1,5373,11,0,17,1,1,0
21,1,21,5,568,8,16,30,2,2,0
26,1,17,1,9454,103,0,35,1,1,1
34,3,20,5,5175,170,0,36,1,1,0
31,1,20,5,967,212,0,43,1,1,0
19,7,17,5,774,134,7,33,1,1,0
52,1,18,1,1468,153,0,49,1,1,0
32,1,19,1,4109,61,0,51,2,1,1
25,1,17,3,6802,46,0,40,2,2,0
27,1,19,1,5421,19,17,25,2,1,0
22,1,11,5,4517,7,2,22,1,1,0
17,3,12,1,5234,230,0,29,2,2,0
31,7,22,1,5506,27,0,42,2,1,1
49,1,22,1,112,165,0,60,1,1,1
31,7,19,1,8460,7,0,13,1,1,0
22,1,16,5,2641,30,10,41,1,1,0
77,1,22,1,2360,2,0,31,2,1,1
26,1,19,5,2764,3,0,36,2,1,0
27,4,14,5,5809,165,10,20,2,1,0
43,7,16,1,4483,353,3,18,2,6,1
59,1,20,1,575,13,0,8,2,6,0
71,4,18,1,5004,16,0,31,1,1,0
42,1,18,1,1591,2,15,29,2,1,0
39,2,22,1,62,50,17,35,2,1,1
39,1,22,5,310,1,0,62,2,1,0
25,1,21,5,2852,257,11,55,1,1,1
39,1,20,1,6971,16,0,33,2,2,1
52,6,7,1,9289,124,0,12,2,1,0
18,1,22,5,1352,67,3,25,1,1,0
28,5,19,1,2684,19,1,48,1,1,0
44,7,16,5,5409,198,0,38,2,1,0
18,4,17,5,6276,213,15,17,2,1,0
41,7,18,1,3774,75,0,37,2,1,0
50,2,19,5,1095,28,0,32,1,2,0
25,1,14,1,171,77,16,45,1,1,1
41,2,21,5,220,9,0,51,1,1,0
63,1,17,1,6494,6,0,23,2,1,1
52,1,18,1,3565,126,0,40,2,1,0
33,1,20,5,7222,102,0,41,1,9,0
63,2,20,1,1008,53,0,36,2,1,0
30,1,21,5,805,17,0,49,2,1,1
20,1,18,5,5918,55,17,49,2,1,1
22,1,15,5,8441,78,15,33,2,1,1
42,1,21,5,4260,2,0,35,2,1,1
51,1,14,1,7205,13,0,71,1,1,0
55,1,13,1,6923,150,0,48,1,2,1
33,1,23,1,422,76,0,24,1,1,1
40,6,19,1,4301,14,13,29,1,1,1
28,1,18,5,2835,12,0,49,2,1,0
28,1,22,5,1024,26,0,36,2,1,1
28,3,20,3,5484,10,0,40,1,1,0
24,2,17,1,1287,8,0,38,1,1,0
32,1,19,1,8136,187,0,58,1,1,1
36,7,16,2,8067,5,6,13,2,1,0
19,1,17,5,6115,109,7,43,1,1,0
32,1,17,5,1615,29,2,41,2,1,0
65,3,23,1,3520,127,0,36,2,1,0
36,1,16,1,6709,13,0,29,1,2,0
39,1,19,5,1170,173,0,16,2,1,1
55,1,13,1,4362,41,0,50,1,1,0
27,1,15,5,2856,5,0,26,2,1,1
38,1,11,1,8923,21,12,52,2,1,0
48,4,22,1,5488,141,0,32,2,1,0
26,1,19,3,1882,1,0,71,1,1,0
38,5,19,1,262,132,0,50,2,1,1
24,1,20,1,740,21,0,44,1,2,0
32,1,17,5,2075,61,0,27,2,1,0
36,1,20,1,5710,50,0,41,1,1,1
50,1,23,3,33,38,0,41,2,1,1
30,1,18,1,7496,14,14,17,1,6,1
26,1,19,3,1014,9,0,31,2,1,1
27,1,19,5,7416,3,0,52,1,2,1
26,1,20,5,2237,90,0,45,1,1,1
70,1,18,4,5767,14,0,30,1,2,0
20,6,22,5,4603,47,0,36,1,1,1
44,3,16,3,6586,12,12,60,1,1,0
42,1,19,1,1681,13,0,48,2,1,1
28,1,22,5,1484,42,2,48,1,1,0
65,1,24,1,1712,212,0,55,2,1,1
28,1,22,5,987,23,0,28,1,1,0
42,1,16,1,2875,127,0,11,2,6,0
49,1,18,1,3492,260,0,56,2,1,0
55,1,21,1,5865,36,4,55,1,1,1
42,6,15,1,5872,57,0,32,2,6,0
31,1,13,5,8854,211,0,47,2,1,0
35,1,16,5,6645,50,1,32,1,1,0
20,3,16,5,4277,6,15,38,2,9,0
43,4,21,5,1950,178,9,42,2,6,0
30,2,12,5,1042,82,0,45,1,6,0
42,1,19,1,6223,13,0,30,2,1,0
25,1,17,5,5471,7,0,54,1,1,1
41,2,22,1,387,61,0,45,2,1,1
52,3,18,1,3626,10,0,41,1,1,0
51,1,18,1,2784,17,0,39,2,2,0
25,1,17,3,8574,87,12,47,1,3,0
41,1,18,3,4389,81,0,43,1,2,1
65,2,23,1,3023,5,0,46,2,1,1
23,1,19,1,1460,56,0,39,2,2,1
24,1,19,5,6764,45,13,57,1,1,0
30,1,15,1,3369,116,0,45,1,1,1
27,1,24,3,440,163,0,56,2,1,1
28,1,20,1,2970,38,0,38,2,1,0
75,1,17,1,6847,40,13,26,2,1,0
40,1,19,5,5770,55,0,40,1,1,0
31,4,16,1,7258,57,0,36,2,1,0
75,1,17,1,3379,56,0,18,2,1,0
41,2,19,1,1563,102,17,27,2,1,0
33,1,18,5,4851,147,0,38,1,1,1
39,6,22,5,2364,7,1,31,2,1,0
26,1,15,5,5100,2,0,34,2,2,1
62,7,23,3,7286,20,0,43,2,1,1
33,3,20,5,6534,4,0,54,1,1,1
41,1,18,1,3655,21,0,39,1,1,0
88,1,19,1,5369,112,0,33,2,1,0
39,5,17,1,2612,2,1,46,2,1,1
51,1,12,1,8382,82,0,16,2,1,0
34,1,21,5,4875,104,0,39,2,1,0
42,1,17,5,7674,4,4,28,2,1,1
33,1,20,5,8335,243,1,11,2,8,0
43,4,22,1,2869,391,9,43,1,9,1
20,1,19,1,1142,44,17,27,2,6,0
26,1,12,5,7932,49,0,25,1,1,0
45,1,20,1,5504,2,0,53,1,1,0
26,1,14,3,8338,14,1,36,1,1,0
43,6,20,5,2444,23,0,34,1,2,1
35,1,22,5,3722,1,0,52,1,1,0
28,3,18,5,2770,2,0,52,1,1,1
54,1,6,1,9739,2,0,25,2,1,0
44,1,13,5,8216,1,17,61,2,1,0
49,2,16,1,8674,11,7,36,2,1,0
67,7,20,5,4327,106,0,76,1,1,1
24,1,16,1,4299,12,0,30,1,1,0
54,7,21,5,2571,33,0,26,1,1,0
37,1,22,5,279,3,14,32,2,1,0
29,1,16,1,4075,39,3,25,1,8,0
57,1,21,1,709,11,0,15,2,1,0
33,1,18,1,3357,103,0,47,1,1,0
42,1,18,5,4090,28,0,22,1,1,0
33,1,19,3,2244,70,17,39,2,1,0
81,1,17,1,7036,287,0,31,2,1,0
25,5,20,5,3795,4,7,43,2,2,0
33,1,17,5,4522,2,0,34,1,1,1
30,1,13,5,1920,7,0,21,2,1,1
32,6,18,1,9527,179,0,19,1,1,0
34,7,23,5,4658,64,0,27,2,1,0
59,3,18,1,1891,161,0,35,2,1,1
31,1,20,1,91,126,0,40,2,1,1
60,6,18,1,1936,53,0,44,2,1,1
25,1,22,5,2086,492,0,50,1,1,1
32,1,16,3,7864,25,0,53,1,1,0
63,1,20,1,4590,25,0,23,2,1,1
55,2,23,1,2555,19,0,48,2,1,1
48,5,17,5,2559,78,0,49,1,1,1
65,1,19,5,1155,25,1,59,2,1,1
24,1,17,5,6801,68,9,26,1,1,0
46,5,14,5,735,16,4,14,2,1,0
37,1,18,5,2209,34,16,34,1,1,1
51,2,21,1,1934,11,0,55,1,1,0
28,1,17,5,4936,44,3,35,1,1,0
55,2,23,1,4543,44,0,52,2,8,1
27,1,21,3,7803,24,0,38,1,1,0
55,1,20,3,5825,75,0,35,2,1,0
69,1,15,1,6872,44,10,48,2,6,0
52,7,16,1,9452,2,16,29,1,1,1
44,1,12,1,7653,23,2,42,1,1,0
25,1,16,5,8503,22,0,45,2,1,0
45,1,22,1,4110,127,0,44,2,8,1
32,1,21,1,1872,50,0,57,1,1,1
67,7,19,1,4719,10,0,50,1,1,0
32,1,14,1,4616,15,13,44,1,1,0
21,1,18,5,8396,1,8,42,2,1,0
37,1,16,3,4927,73,0,45,2,9,0
61,7,19,1,2125,47,0,31,1,1,0
87,1,21,1,806,52,0,44,1,1,0
55,1,19,1,7188,108,0,44,1,1,0
37,1,20,5,1081,1,0,35,2,1,0
88,1,21,2,1677,234,0,58,2,1,0
22,1,8,1,9452,52,13,45,1,1,0
52,7,19,2,2563,11,0,33,1,2,0
63,1,22,2,620,2,3,29,1,1,1
56,1,19,5,3130,160,14,23,1,1,0
22,1,21,5,464,9,0,27,2,1,1
54,1,20,1,1939,16,1,33,1,1,0
51,6,19,5,4501,1,0,51,1,1,1
60,1,20,1,6763,18,0,38,1,1,1
27,1,17,1,1977,21,1,30,2,1,0
45,1,18,1,7293,4,1,52,1,1,0
31,1,22,1,3444,45,0,46,2,2,1
68,6,17,1,3148,84,0,37,2,1,1
24,1,12,5,7965,13,5,32,1,1,0
21,6,21,5,1107,3,0,61,1,9,1
22,6,18,5,5212,18,11,28,2,1,0
35,6,17,1,9437,62,0,25,1,2,0
41,2,17,5,757,12,15,46,2,9,1
86,5,18,2,8562,39,0,76,1,2,1
28,1,23,1,2213,95,17,53,2,7,0
31,4,18,1,4302,5,0,39,1,1,0
31,1,15,5,4087,3,0,31,1,1,0
67,6,14,5,8152,301,0,39,1,6,0
42,6,17,3,7544,47,0,33,2,6,0
39,5,17,3,5672,310,0,28,2,1,0
63,3,20,1,71,15,0,36,2,1,1
30,1,16,1,2987,30,14,32,1,1,1
18,3,22,5,2949,7,0,18,2,1,1
43,1,19,5,231,3,2,31,1,1,0
71,1,18,1,8107,28,0,42,1,1,1
58,1,15,1,3488,120,1,30,1,1,0
19,1,20,3,9140,3,15,22,2,1,0
66,2,20,5,7283,34,0,45,1,1,1
22,6,22,5,6198,86,0,35,2,8,0
32,1,17,1,7642,16,0,22,2,8,0
77,1,17,1,4676,114,1,33,2,8,0
51,2,12,5,8636,98,0,49,1,1,0
64,7,22,1,3207,103,0,43,1,2,1
54,5,20,1,3177,233,0,42,1,1,0
27,1,18,1,9006,3,3,46,1,1,0
44,1,21,1,4041,76,0,40,2,1,1
30,1,17,5,4212,133,3,41,2,1,1
29,1,18,1,7176,1,0,17,1,1,1
27,1,22,5,698,95,0,42,1,1,0
34,1,21,1,5314,18,0,41,2,1,1
39,2,19,1,2954,81,0,34,1,1,0
51,1,22,3,3226,6,0,43,1,1,1
51,1,21,5,6367,3,16,25,2,1,0
43,1,18,3,3030,335,0,32,2,9,0
58,1,20,1,1709,146,0,59,1,1,1
70,1,23,1,289,38,0,43,1,1,1
37,4,20,1,7010,71,0,36,2,1,1
35,1,21,3,3336,279,0,44,1,2,0
49,1,14,4,5357,10,4,50,1,1,1
22,5,24,5,1733,2,6,37,2,1,0
67,1,23,3,8414,3,1,40,1,1,0
34,1,23,1,249,192,0,39,2,2,1
40,2,13,5,5795,90,5,30,2,1,0
33,1,16,5,2056,237,0,54,1,2,0
52,1,19,5,6995,260,0,57,1,1,1
37,2,23,5,1153,2,0,38,2,1,0
22,1,22,5,1811,26,0,43,2,1,0
20,1,17,5,3756,42,0,34,2,1,0
48,7,18,1,1861,7,6,48,1,1,0
74,1,22,1,5694,19,0,65,1,1,1
40,1,18,5,1437,38,1,4,2,9,0
34,1,21,1,2593,14,9,27,1,1,0
40,1,23,5,6871,1,2,52,1,1,0
52,1,23,5,6438,64,0,38,1,6,0
36,1,21,1,1930,63,0,40,2,6,0
72,4,21,1,6442,30,0,25,2,2,1
64,1,17,1,2240,4,0,39,1,1,0
46,1,21,1,7001,32,0,28,2,1,0
44,2,22,5,734,89,0,11,2,1,0
60,1,21,1,4213,49,0,49,1,1,0
66,1,20,1,1008,169,0,53,1,1,1
25,1,23,1,663,30,0,45,2,1,0
45,1,20,1,1003,38,2,24,2,1,0
37,1,23,1,3513,45,0,44,2,1,1
41,1,22,2,300,35,0,33,2,1,1
33,1,10,5,9523,19,0,28,2,2,0
57,1,20,1,3031,26,0,62,2,1,0
36,1,20,5,222,212,0,36,2,1,1
50,1,13,1,9040,107,17,15,1,1,1
53,1,19,1,8933,20,0,53,1,1,0
60,4,16,4,9118,58,0,30,1,9,0
36,4,23,5,169,51,0,34,2,1,0
33,1,16,3,4969,281,4,45,2,1,0
65,3,21,5,2645,10,0,33,2,1,0
39,1,13,1,4224,16,0,25,2,1,0
32,1,20,5,4448,32,0,33,2,1,0
42,1,17,1,4354,32,0,43,2,1,1
42,3,23,3,600,2,0,28,2,1,1
35,1,20,1,9463,23,3,28,2,1,0
78,1,12,1,7763,118,0,38,2,6,0
49,6,23,1,1584,46,0,45,1,1,1
32,3,16,5,3883,185,6,26,1,1,0
51,2,20,1,3874,96,0,30,2,1,0
35,1,21,1,4185,71,3,35,2,2,0
38,1,22,1,3847,100,10,26,1,1,0
24,1,14,5,7235,14,1,41,2,1,0
28,4,17,5,6969,34,3,14,2,1,0
40,1,20,1,8953,192,1,51,1,2,1
54,2,20,1,709,9,10,8,2,1,1
31,1,24,5,2536,43,0,42,1,1,0
55,2,20,1,1836,256,0,46,1,1,1
45,5,20,4,6342,5,0,27,2,9,1
28,1,20,3,6640,38,0,35,1,1,0
52,1,8,5,9511,245,0,44,1,6,0
60,6,22,1,5110,329,0,41,2,1,0
19,1,21,5,5417,77,0,28,2,1,0
37,1,22,1,8907,1,0,32,1,1,0
30,1,20,5,6165,28,0,49,2,6,0
38,1,22,5,3287,2,17,31,2,1,0
46,7,22,1,4076,57,0,49,1,6,0
20,6,19,5,7173,27,9,6,1,1,0
31,1,16,5,4393,27,0,41,2,1,0
42,1,19,1,818,121,14,50,1,1,1
38,1,21,5,377,5,0,20,1,1,0
29,1,18,1,7898,7,0,49,1,1,1
77,1,22,1,4206,104,0,62,2,1,0
41,2,20,5,4020,31,0,47,1,1,0
30,1,17,5,7975,40,0,36,2,1,0
64,2,21,1,5058,34,0,55,1,1,1
30,1,12,1,4871,75,13,45,1,1,0
66,1,18,1,3666,7,0,49,2,1,0
47,1,21,1,6740,13,0,39,1,1,0
41,5,17,1,3183,61,0,22,1,1,0
31,1,19,3,6860,11,0,29,1,1,0
54,1,21,1,4258,176,1,30,2,1,0
51,1,18,5,8058,1,0,25,2,1,1
68,2,22,1,2820,192,8,39,1,1,1
23,1,24,3,400,8,0,28,2,1,0
60,1,14,2,8159,93,0,47,1,6,1
24,1,23,3,1095,84,0,36,2,1,0
53,3,21,1,2801,92,0,46,2,1,0
37,2,19,1,8877,12,17,58,2,1,1
41,1,16,1,4976,11,9,6,2,1,0
67,1,21,5,5814,158,0,74,1,1,1
24,1,16,1,8347,60,0,58,1,2,1
43,1,19,1,2212,12,0,46,1,1,1
19,1,21,1,1688,17,17,14,1,1,0
53,2,16,1,7006,4,0,57,2,1,0
39,4,12,1,6881,21,0,22,1,1,0
30,1,18,5,3391,190,14,26,1,6,0
57,6,21,1,3902,84,0,25,2,1,0
29,6,16,1,1419,59,0,43,1,1,0
58,6,20,3,341,131,0,32,1,6,1
36,1,22,3,5183,32,0,56,2,1,1
61,1,22,1,6724,40,0,30,1,1,0
23,1,11,1,5847,96,4,57,1,1,0
33,1,17,1,8519,89,0,39,1,1,1
29,1,17,5,9497,55,14,12,1,1,0
86,6,23,1,1605,56,0,31,1,9,1
72,1,18,1,1526,35,0,41,1,1,1
47,1,19,1,287,167,0,13,2,1,1
57,1,15,1,7997,58,0,37,1,1,0
44,1,22,5,3795,9,0,36,1,1,0
29,1,16,3,5068,18,0,60,2,1,0
39,1,19,1,8553,3,0,24,1,1,0
71,1,19,5,2433,26,0,45,1,2,1
32,1,22,5,1831,100,5,47,2,1,0
33,1,20,1,2973,120,5,30,2,6,0
47,1,22,1,2953,10,0,33,1,1,0
80,1,22,1,1880,17,0,80,2,2,0
35,2,19,3,3811,63,0,39,2,1,0
38,6,23,1,1440,130,3,43,1,1,1
23,1,18,1,2608,184,0,39,1,1,0
34,1,18,3,5260,35,0,66,1,2,1
63,1,21,2,1655,415,0,54,1,6,1
44,1,17,1,7585,55,0,15,2,1,0
47,3,19,1,7640,5,0,31,1,1,0
76,3,19,2,1444,2,0,58,1,1,0
26,1,16,5,5393,243,0,48,1,1,0
57,1,18,1,691,96,0,53,2,1,1
33,1,16,1,6101,74,16,35,1,1,0
69,1,20,1,1421,26,0,28,2,1,0
50,4,23,4,1048,72,0,46,2,1,1
29,1,21,1,7557,9,6,38,2,1,0
74,1,23,4,3469,124,0,31,1,1,1
69,1,21,1,256,36,0,47,2,8,0
20,1,15,5,3907,108,6,19,2,3,0
38,1,18,1,900,3,0,44,2,1,0
45,1,20,5,6718,76,0,21,2,1,0
21,5,20,5,6243,13,17,50,2,1,0
32,6,21,1,5241,4,7,54,1,1,0
60,1,4,1,1732,6,0,37,2,2,0
39,1,17,5,7311,26,0,36,1,1,0
29,1,21,5,1415,63,0,8,2,1,0
19,1,22,5,1286,141,16,19,2,6,0
27,1,19,1,808,18,10,28,2,1,0
28,1,16,1,8774,5,0,35,1,1,1
22,1,10,5,6657,13,0,33,1,2,0
51,1,21,5,7877,2,4,49,1,1,1
75,7,10,5,4739,63,4,43,1,6,0
42,6,14,1,8407,51,3,49,2,1,1
45,7,17,3,5496,2,0,39,2,1,0
66,1,20,3,175,3,0,44,2,2,1
23,1,20,3,62,8,0,28,2,1,1
26,1,13,5,2041,4,1,47,2,1,0
41,1,15,3,5817,45,0,43,2,6,0
23,2,16,5,461,256,0,29,2,6,0
62,1,19,5,2815,5,0,43,2,1,0
42,1,24,2,67,83,2,32,1,2,0
27,4,23,3,213,1,0,26,2,1,1
37,2,22,1,1278,34,11,42,2,1,0
39,3,21,2,956,352,0,32,1,1,1
43,1,21,1,4471,2,6,39,1,1,1
32,1,20,1,1937,34,0,22,2,1,1
59,1,14,3,6973,82,0,46,1,1,0
52,1,15,5,9351,19,0,38,2,2,0
36,1,23,1,5413,77,0,36,1,2,0
64,1,23,1,25,109,0,46,2,1,1
29,1,14,1,4498,80,0,41,2,1,0
38,2,16,5,5606,91,16,38,1,6,0
21,1,19,5,553,34,0,19,2,1,0
77,3,20,1,9151,73,0,61,2,1,0
61,1,18,1,5282,121,0,68,2,1,0
71,1,21,1,3524,114,0,38,1,1,0
40,1,17,5,2386,46,0,52,1,1,1
78,1,23,2,2638,93,0,37,2,1,1
85,1,16,1,8717,196,0,51,2,1,0
54,7,19,2,1699,3,0,39,2,1,1
48,1,18,5,2968,13,0,49,1,1,0
21,1,13,5,2495,20,0,37,2,2,1
25,1,18,5,1821,15,6,29,2,6,1
24,6,20,3,8415,80,10,51,1,1,1
59,1,21,5,6586,47,0,48,1,8,0
35,1,19,5,7237,2,0,55,2,6,1
55,1,19,2,4098,26,0,66,1,1,0
44,6,20,5,5066,98,0,55,1,1,1
58,1,18,1,5652,193,0,35,2,1,0
38,1,14,1,8145,250,0,28,1,1,0
29,1,20,3,1014,24,5,50,2,1,0
32,1,19,1,3944,297,7,44,1,1,0
52,3,22,5,2474,409,1,51,1,1,1
43,3,20,1,4320,124,0,11,2,1,0
22,1,20,5,1315,126,3,15,2,1,0
68,1,18,1,9220,16,0,21,2,1,0
28,1,19,1,4533,60,2,33,2,1,1
52,1,12,1,7024,53,11,18,1,8,1
85,1,20,2,892,107,0,47,1,1,0
21,1,13,5,6674,75,6,31,2,2,0
51,1,21,1,1736,9,0,56,2,1,1
52,3,19,1,8195,108,0,43,1,2,0
46,1,22,3,1595,8,0,42,1,1,0
65,1,20,5,7010,3,3,30,1,1,0
40,1,22,5,6584,1,0,40,1,1,0
30,1,17,3,3317,47,0,26,1,1,0
52,7,22,1,907,36,2,38,2,1,1
28,1,17,5,8282,25,0,28,2,1,0
43,2,19,5,4035,22,0,44,2,1,1
50,3,19,5,4792,105,0,23,2,1,1
48,2,21,5,5791,25,0,28,2,1,0
70,2,9,1,2458,58,0,36,1,1,0
19,4,13,5,3186,24,0,46,1,1,0
48,7,20,1,4750,31,0,42,2,1,1
40,7,22,5,1833,221,0,36,1,1,0
27,4,20,5,273,1,0,20,2,1,0
49,1,21,2,6855,41,0,52,1,1,1
18,1,22,5,4745,59,17,27,2,1,0
44,1,17,1,9451,20,0,37,2,1,0
30,6,22,1,1127,11,8,22,2,1,0
34,1,22,2,4402,108,0,41,1,1,0
68,1,20,2,2008,119,17,31,2,2,1
28,1,19,5,4274,194,0,59,2,1,0
79,1,20,1,3208,273,0,29,2,1,0
42,7,19,1,8063,17,0,15,2,1,0
23,1,21,5,182,37,7,32,2,1,0
58,1,22,1,2073,132,0,50,2,2,1
52,1,16,1,9830,116,0,37,2,1,1
37,1,22,1,3140,63,0,17,2,1,0
27,1,16,5,3538,32,0,36,1,2,0
62,1,21,5,1279,1,0,19,2,1,1
53,1,18,1,655,5,0,44,1,1,1
50,1,18,1,7700,190,0,42,2,1,0
53,1,20,5,2830,55,0,45,1,1,1
21,1,13,5,6424,44,16,22,1,1,0
23,1,15,5,3607,18,0,13,1,1,0
58,1,19,1,1883,66,14,50,1,1,0
71,1,21,1,5848,22,0,64,1,1,1
41,2,20,1,785,145,0,34,1,6,0
72,1,19,1,8009,15,0,31,1,1,0
68,1,14,1,2476,3,0,36,1,1,1
47,1,14,5,230,119,1,41,2,1,1
78,1,19,1,1895,26,0,58,2,1,1
39,1,17,1,7428,62,0,47,1,1,1
48,1,16,4,5167,1,0,40,2,1,0
48,4,17,1,2542,1,0,43,2,1,0
47,1,13,5,8320,73,0,26,2,1,0
57,2,17,1,9315,328,0,57,1,2,0
41,1,21,1,939,27,2,41,1,1,0
31,1,17,5,3094,94,7,47,1,1,0
43,5,21,1,4710,63,0,24,2,1,1
46,1,20,5,4898,1,0,39,2,2,1
54,7,18,3,3671,16,7,11,2,6,0
80,1,22,1,5280,67,2,48,1,8,0
22,1,20,3,9013,16,15,56,2,1,1
29,1,11,3,3051,22,0,18,2,8,0
40,1,17,5,4994,42,0,53,2,1,1
82,1,21,2,6153,73,0,32,1,1,0
21,1,21,1,602,40,0,33,1,1,0
40,1,18,1,8078,11,9,11,2,1,0
33,1,18,5,6546,111,0,47,2,2,0
49,2,22,1,591,1,17,46,1,1,0
23,1,20,5,2094,141,0,45,1,1,0
29,1,22,1,1939,19,16,25,2,1,0
25,4,21,5,4908,96,0,43,2,1,0
53,1,22,3,457,143,0,38,2,1,1
22,3,21,5,3080,89,0,44,1,1,0
39,1,22,1,167,25,0,51,1,1,1
32,4,21,5,3612,69,0,61,2,2,0
23,1,19,5,5665,7,0,55,1,8,1
42,6,18,1,7233,61,0,28,1,1,0
57,7,22,1,1426,1,0,64,2,1,1
50,1,21,1,4008,70,0,30,2,1,1
33,3,23,1,451,94,3,42,1,1,1
26,1,12,1,6469,152,0,38,2,1,0
35,1,20,1,5827,5,3,32,2,2,1
40,1,17,3,2017,50,0,46,1,1,0
38,1,22,1,7064,1,0,38,2,1,0
25,1,15,5,9705,99,0,34,1,1,0
42,1,22,1,1381,292,1,39,2,1,1
56,1,18,1,1518,6,0,24,1,1,1
53,1,21,1,751,97,0,40,2,1,0
75,6,15,1,1463,40,0,51,1,1,1
44,1,19,1,4605,50,0,40,1,1,0
58,6,20,1,1629,26,17,33,1,1,0
71,1,19,1,57,93,0,35,2,1,1
40,1,12,1,3045,4,10,48,2,1,0
48,1,21,5,7310,1,0,37,1,1,1
46,2,22,1,3958,4,0,27,2,2,0
68,1,23,1,7635,122,0,58,1,1,1
28,1,17,5,2897,81,0,32,2,1,0
39,1,21,1,8190,153,4,12,1,1,0
25,1,20,1,7028,3,0,20,1,1,0
34,7,22,3,1268,16,3,51,1,1,0
42,1,17,3,4684,127,0,44,2,1,0
37,1,18,5,8133,65,0,30,1,1,0
53,2,20,5,3181,83,0,45,1,1,0
62,1,20,5,3480,23,0,55,1,1,1
47,1,11,5,9596,16,1,44,1,1,1
29,1,15,1,3362,2,0,59,2,1,1
45,1,21,5,1937,26,0,38,1,1,0
48,1,19,1,4261,55,0,40,1,9,1
35,2,9,1,5709,83,0,27,2,1,0
20,2,19,5,5671,6,15,30,1,1,0
39,1,18,3,5750,57,0,8,2,2,0
35,2,20,5,1303,54,11,34,1,1,1
76,3,19,4,5536,7,0,55,1,2,0
22,6,16,1,2933,264,0,44,2,6,0
21,1,21,1,5081,14,0,48,2,1,0
32,3,22,5,5007,22,0,45,1,1,1
59,1,19,1,4260,91,0,38,1,7,1
52,1,14,1,5837,288,0,59,1,1,0
19,1,16,5,8661,268,0,21,1,8,0
22,1,18,1,5199,6,4,41,1,1,0
65,2,23,1,1837,336,0,43,1,1,0
44,3,22,1,902,17,1,63,2,1,0
43,5,15,5,2098,123,0,50,1,1,0
30,1,20,1,1786,76,0,56,1,1,1
35,1,18,5,6649,32,0,45,1,1,0
33,1,18,1,4115,72,0,45,1,9,0
30,1,19,5,308,3,1,46,1,1,1
24,6,18,3,1421,2,0,46,1,1,0
19,1,22,3,2390,30,0,56,2,6,0
44,1,21,5,2656,13,0,62,2,1,0
29,1,22,5,4485,13,0,17,1,1,1
26,1,17,1,7794,26,0,25,1,9,0
50,1,23,1,284,4,0,37,2,1,1
73,1,18,1,7984,51,0,19,1,1,0
26,5,15,1,7016,1,17,42,2,1,0
40,1,16,1,8171,13,17,39,1,1,0
42,1,21,1,7917,3,0,27,1,1,0
36,4,17,5,4959,77,4,42,2,1,0
49,1,14,1,7397,34,0,35,2,1,1
57,1,16,3,2337,104,0,44,1,6,0
26,1,20,5,441,43,10,56,1,1,1
62,4,22,1,43,6,0,40,2,1,1
29,1,21,1,1927,68,17,34,2,1,0
28,1,20,1,6990,246,0,34,1,2,0
25,1,19,5,4450,99,0,50,1,2,0
21,1,19,5,4145,23,1,32,2,1,0
38,3,20,1,9082,371,0,61,1,1,0
56,1,18,5,6109,97,0,41,2,2,1
35,1,17,3,317,93,0,46,1,1,0
46,1,22,1,5196,52,0,44,2,6,1
20,1,22,5,2599,92,0,59,1,1,0
58,1,19,2,5792,38,0,41,1,2,0
47,1,17,5,5843,110,0,30,1,1,0
71,4,21,3,2505,42,0,43,1,7,1
66,1,21,1,2697,96,0,47,2,1,1
71,4,21,1,3457,89,0,55,2,1,1
43,6,21,5,4884,5,0,38,1,1,1
64,1,19,3,1164,34,0,24,2,1,0
46,4,18,1,3662,84,0,39,2,8,0
24,1,19,1,798,101,3,5,2,1,0
59,6,22,1,3831,10,0,8,2,1,0
38,1,21,1,8192,11,0,69,2,1,1
48,6,19,1,3809,23,0,35,2,1,0
26,1,17,5,1061,30,1,5,2,1,0
35,1,18,1,3989,33,6,30,2,8,0
45,1,20,1,7326,14,0,14,1,9,1
54,1,18,1,5209,132,0,35,2,1,0
24,1,16,1,1544,54,6,40,1,1,0
36,1,22,5,3328,18,0,50,2,2,0
60,1,16,1,2816,4,0,40,2,1,0
35,7,22,1,1174,21,0,42,1,1,1
28,1,16,1,1591,73,7,31,2,1,0
35,4,13,5,5320,36,17,70,1,1,0
44,3,18,1,3881,9,0,40,2,1,0
38,2,20,1,7935,33,0,67,1,1,0
40,1,18,5,8474,5,0,19,2,1,0
65,1,20,1,636,16,0,32,1,6,0
28,1,20,5,5476,1,0,43,1,2,0
37,1,21,5,6007,122,6,30,1,1,0
33,1,19,1,7977,48,0,19,2,2,0
23,1,17,5,515,77,2,26,1,1,0
61,1,18,3,2792,129,0,21,1,1,0
59,1,24,3,4067,62,0,37,2,1,0
19,1,20,5,1051,6,0,49,1,1,0
68,1,17,5,8740,39,0,33,1,1,0
36,3,19,1,4348,83,0,41,2,1,1
62,2,18,3,5496,157,0,32,1,1,1
70,5,19,1,808,39,0,36,1,1,0
23,1,18,1,3113,3,3,26,2,6,1
47,4,23,5,1047,150,0,52,1,1,1
39,1,19,3,9718,95,17,24,2,8,0
38,1,23,1,1940,1,0,40,1,1,1
24,1,22,1,1601,9,13,22,2,1,0
53,3,22,5,6576,57,2,40,2,1,0
22,7,21,1,802,444,12,18,2,1,0
20,1,16,3,2755,130,17,20,2,1,0
62,1,19,1,4636,75,0,18,2,1,0
58,3,21,1,4898,118,0,30,2,9,1
50,1,23,1,2364,209,0,40,2,1,1
21,4,20,1,463,102,0,35,1,1,0
35,2,21,5,326,4,0,35,2,1,1
60,1,19,1,5388,61,0,32,2,2,0
59,1,11,5,6861,141,4,34,1,1,0
41,6,20,5,7184,1,0,22,1,1,0
64,1,14,1,9575,54,0,62,1,1,1
37,1,16,1,9759,1,0,48,2,2,0
55,3,21,1,4066,1,2,40,2,1,0
32,1,21,5,3310,5,0,51,1,1,0
19,1,15,5,2963,1,10,26,2,1,1
31,1,22,5,4150,2,8,39,1,1,0
76,1,20,5,2339,225,0,29,2,1,1
34,7,19,5,4633,1,7,15,2,1,1
76,7,18,1,9224,41,0,40,2,1,0
38,1,14,1,5512,15,0,66,2,1,0
37,1,23,3,530,42,0,54,1,6,1
30,1,16,5,5935,17,0,58,2,1,0
43,1,21,1,4276,50,0,28,2,1,0
77,2,10,1,7816,127,0,53,1,1,0
34,1,16,5,5296,426,0,26,2,9,0
45,5,18,3,1358,64,1,54,1,1,1
31,1,20,1,1824,240,0,8,2,1,0
34,1,19,5,5507,46,0,30,2,1,0
29,2,21,4,1044,67,0,32,2,1,0
55,2,17,1,3978,39,0,26,1,1,0
34,1,19,3,3502,32,13,41,1,1,1
39,1,19,5,5080,554,0,24,2,1,0
28,1,20,1,9377,269,0,37,2,1,0
30,7,22,5,1542,61,0,27,2,9,0
42,1,19,3,1274,84,0,39,1,1,1
65,1,19,5,1134,179,0,52,2,2,0
24,1,21,1,44,170,16,30,2,1,0
32,1,18,5,9214,2,0,31,2,1,0
51,3,19,5,431,6,0,48,1,1,1
33,1,19,1,2293,159,0,39,1,1,0
43,1,12,3,6985,101,0,39,2,2,0
33,5,19,3,7209,137,0,31,2,1,0
74,1,20,1,8994,6,0,40,1,1,0
52,1,17,4,2801,42,0,58,1,2,0
23,1,18,5,8058,10,4,37,1,6,0
45,6,17,1,5702,15,0,35,2,2,0
26,6,14,1,5851,12,11,11,1,1,0
67,1,19,1,2743,1,0,25,2,2,0
36,1,21,2,6582,46,0,42,2,2,0
31,1,17,5,8972,56,2,6,1,2,0
32,1,23,5,3525,133,0,39,2,1,0
52,1,17,3,7392,79,9,26,2,1,0
20,1,20,5,713,110,0,49,2,8,1
69,1,21,3,8303,68,0,55,1,1,1
73,2,19,4,921,34,0,59,2,2,1
32,1,17,5,7766,107,0,27,2,1,0
47,1,17,4,961,198,0,40,1,9,1
37,1,19,1,6893,23,0,61,1,2,1
21,1,19,1,741,41,0,50,1,1,1
22,1,17,5,4160,111,0,41,2,8,0
44,1,19,5,2233,3,0,74,1,1,0
62,1,22,1,8459,176,1,51,2,1,0
81,1,18,1,6295,53,0,44,1,1,0
70,4,15,1,1251,16,0,37,2,1,0
71,1,19,1,5021,158,9,45,2,8,0
28,1,12,5,5553,86,0,41,1,1,0
66,6,16,5,2666,10,0,51,1,1,1
53,3,23,1,1076,160,0,53,1,1,1
24,1,17,1,3143,108,3,20,2,8,0
42,2,21,3,6136,4,3,24,1,1,0
60,7,20,5,4279,234,0,41,1,1,1
75,1,21,1,7438,157,0,44,2,1,1
28,1,18,1,2613,9,0,38,1,1,1
35,1,22,5,3223,81,0,34,1,2,0
40,1,20,5,5790,135,0,30,1,1,1
32,1,18,5,5052,85,0,41,2,6,0
30,1,14,5,5690,476,0,46,2,2,0
45,4,24,5,1129,276,0,52,1,1,0
30,3,23,5,1592,64,0,33,2,8,0
48,1,14,1,6829,80,0,26,2,1,0
38,7,17,1,1400,47,0,37,2,1,0
46,5,20,5,444,127,7,26,2,6,1
47,1,23,1,283,26,0,67,1,1,1
50,6,21,3,156,50,0,56,1,2,1
36,1,14,3,8409,77,0,45,1,2,0
25,1,15,1,6965,6,0,28,2,1,0
50,1,22,1,1907,35,0,59,2,1,0
43,4,19,1,9080,42,12,28,2,1,1
41,1,19,1,9077,129,0,29,1,1,0
48,1,23,5,5888,176,0,28,1,1,1
56,1,18,5,5923,187,0,44,2,1,1
23,2,22,5,2365,1,0,46,1,1,0
40,1,18,5,9644,16,0,48,1,1,0
44,2,13,1,3043,106,0,50,1,1,1
35,4,17,1,2465,117,1,40,1,1,0
85,6,19,1,4478,112,0,39,1,1,0
40,5,19,3,2663,57,2,38,1,1,1
32,1,15,1,4237,106,0,31,2,1,1
18,1,10,5,9628,42,17,38,2,1,0
33,3,21,3,729,3,0,35,2,1,0
46,2,16,3,4094,59,0,46,1,1,1
46,1,21,1,7681,51,0,45,1,8,1
32,1,16,1,1826,14,0,34,2,6,0
25,1,19,1,8336,78,1,20,1,1,0
29,1,21,3,2741,168,0,45,1,6,1
52,1,16,1,9311,141,0,46,1,1,1
73,4,18,1,8016,42,0,41,1,1,0
40,1,17,1,9003,3,0,45,2,1,0
40,1,21,1,563,57,0,57,2,8,0
28,1,16,5,7735,24,0,34,2,1,0
31,4,18,5,1811,157,0,48,2,1,1
22,1,21,1,2970,20,0,56,1,2,0
33,1,20,1,2829,31,0,58,2,1,1
52,1,23,1,560,1,1,41,1,1,1
28,1,20,1,4920,43,0,33,2,6,1
27,1,16,3,8803,135,0,52,1,6,1
53,6,21,1,8663,94,0,32,1,1,1
51,1,22,1,4512,98,0,36,2,1,1
31,3,15,1,621,47,17,30,2,1,0
39,1,14,1,2522,239,0,26,1,1,0
64,1,14,1,7188,201,0,23,1,1,0
35,1,13,5,4284,183,0,39,2,1,0
44,1,17,1,6529,122,0,26,2,1,1
24,4,20,5,5440,92,13,17,2,1,1
25,1,16,1,2580,11,0,28,2,1,0
43,1,20,1,674,68,0,26,1,1,0
35,1,18,5,1406,201,0,32,1,1,1
50,6,22,5,8067,111,0,33,2,1,1
35,1,16,1,5285,57,1,22,2,1,0
39,1,19,1,3046,38,0,30,1,9,0
65,6,21,1,3809,22,0,21,1,1,1
27,1,19,5,2206,13,0,38,2,1,0
36,1,22,5,1426,40,3,42,1,1,1
74,1,18,5,5588,282,0,67,1,6,0
30,1,21,1,1262,137,0,39,1,1,1
37,1,20,1,4767,24,17,29,2,1,0
39,1,21,1,3114,15,10,38,2,1,1
54,1,17,5,7710,274,9,39,1,1,1
42,1,16,5,8708,97,0,21,1,1,0
57,2,17,1,8695,9,0,39,1,1,0
35,2,14,5,5777,8,0,6,2,1,0
64,1,21,5,8367,55,0,47,1,1,1
47,2,18,5,1826,60,0,54,1,1,1
56,1,21,1,762,142,0,9,2,1,0
39,1,17,3,4749,59,5,25,2,1,1
60,1,16,1,3956,122,0,48,1,1,1
37,1,23,1,3217,76,0,63,1,1,1
42,7,16,3,1800,97,8,48,2,1,0
31,1,13,3,3135,8,0,33,2,8,0
52,2,19,1,1253,18,0,25,2,9,0
33,1,19,5,5915,80,0,31,2,1,1
43,1,20,3,646,203,0,32,1,6,0
23,1,17,5,4062,35,0,23,1,1,0
50,1,20,1,8503,54,0,34,2,1,0
39,1,21,1,3728,13,0,44,2,6,1
72,6,21,1,4025,58,0,48,1,1,1
53,2,18,1,6290,11,0,36,1,1,0
29,6,20,5,1822,8,15,38,2,1,1
34,1,22,5,266,9,0,72,1,1,1
32,6,17,5,4493,14,0,43,1,1,1
27,1,23,5,131,60,0,28,2,1,0
21,6,20,5,3545,2,17,41,1,1,0
24,1,22,5,1110,1,0,37,1,1,1
68,5,13,2,9344,106,0,36,2,1,1
28,1,21,3,5880,51,1,43,2,1,0
19,3,19,1,4417,39,3,40,2,1,0
31,1,18,4,5146,4,15,34,1,1,0
54,1,18,3,2169,51,0,47,1,1,1
55,1,20,1,5306,9,0,48,2,1,0
41,1,20,5,7429,8,0,37,2,1,0
49,1,13,1,2749,185,5,44,1,1,0
31,1,22,2,7667,10,0,25,2,1,1
38,1,12,1,4498,96,0,37,2,1,0
27,1,19,3,6763,1,0,15,2,9,0
33,1,20,1,5914,41,1,51,2,1,1
26,1,12,5,7629,81,1,27,1,1,0
38,1,20,5,131,157,0,18,2,1,1
24,1,18,5,8262,121,0,13,2,1,0
52,1,19,1,6973,20,0,68,1,1,1
67,7,20,1,2524,38,0,54,2,1,0
50,1,22,5,4764,19,0,47,1,1,1
44,2,17,1,3648,17,0,31,1,2,1
47,1,20,3,3140,28,0,42,1,1,1
30,1,17,5,3243,6,0,28,2,1,1
30,6,13,3,7177,4,0,37,1,1,0
42,1,18,5,9252,151,4,32,1,2,0
27,1,18,3,5101,39,0,7,2,6,0
43,4,19,5,154,21,1,42,2,3,0
33,1,21,1,8427,7,0,31,1,2,0
18,5,20,5,4788,74,10,23,1,1,0
23,1,15,5,4446,217,13,46,1,1,0
53,1,17,1,2880,26,1,41,1,1,0
26,1,17,5,6012,8,0,32,2,1,1
58,4,22,1,8379,43,0,35,1,1,0
28,1,15,5,586,12,4,44,1,1,0
30,1,20,3,2461,162,0,20,1,1,0
54,6,16,4,6884,35,0,42,1,1,1
69,1,19,1,3304,233,0,48,1,2,1
28,1,19,1,32,2,0,37,2,1,1
43,1,17,1,893,6,0,40,1,1,0
30,1,18,3,8714,160,6,26,2,3,0
39,1,19,1,2567,8,2,40,2,1,0
45,1,22,5,1140,3,6,17,1,1,1
34,1,18,1,4580,87,1,20,2,1,0
45,2,22,1,9100,68,0,29,1,1,0
40,1,22,1,510,34,0,64,2,2,1
50,1,20,1,952,183,0,17,1,1,0
43,1,17,1,1443,11,0,37,2,1,0
38,1,21,5,3907,3,12,35,2,1,1
67,7,11,1,9225,117,0,38,1,2,0
36,5,20,1,617,26,0,32,2,1,1
67,2,23,1,74,23,0,37,1,1,0
34,1,15,5,4262,21,0,30,2,2,0
56,1,12,1,8842,1,0,41,2,1,0
49,6,22,1,1744,75,0,35,2,1,1
20,6,16,5,5530,140,0,20,2,8,0
40,1,21,1,621,116,0,30,1,1,1
63,1,18,1,344,85,0,38,1,3,1
47,1,17,5,1793,60,0,59,2,1,0
37,1,21,1,3428,42,0,31,2,8,0
66,4,18,1,3836,88,0,37,2,1,1
70,2,22,2,806,39,0,36,2,1,1
30,1,21,1,4181,17,0,38,1,1,0
63,1,19,5,421,4,0,64,1,1,0
37,7,18,1,4195,28,0,18,1,1,0
41,1,16,1,8754,64,0,21,2,2,0
38,1,19,5,669,100,0,44,2,1,0
61,1,17,1,9465,255,4,39,1,6,0
68,1,14,1,7564,22,0,44,1,1,1
21,6,19,1,1004,391,0,57,2,1,0
49,5,18,1,2592,190,0,43,1,1,0
70,1,22,1,9588,66,0,59,2,1,1
61,1,22,1,6306,38,0,41,2,1,1
39,6,7,1,9729,3,14,43,2,1,0
33,1,14,5,5762,12,0,35,2,1,0
51,3,21,3,958,59,17,41,2,1,1
62,5,19,1,891,1,0,50,2,1,1
60,1,20,1,6247,15,0,40,1,1,0
61,6,22,1,2130,70,0,59,2,1,1
60,6,22,1,3099,49,0,30,2,2,0
28,1,17,1,1831,79,3,37,1,1,0
35,1,20,5,3559,11,16,42,1,1,0
35,3,20,3,1991,111,0,46,2,1,0
53,6,21,1,2549,3,0,30,2,1,1
41,1,19,5,3782,353,14,21,1,6,0
46,6,15,1,6453,554,0,46,1,2,0
22,1,16,3,8060,34,0,50,1,1,0
38,2,19,5,5270,1,0,39,2,1,0
30,1,15,5,8575,32,17,12,2,1,0
37,1,17,1,195,148,0,15,2,1,0
27,1,19,5,3347,31,12,53,1,6,1
71,2,18,1,3545,3,0,61,1,1,1
53,1,16,1,6239,131,0,30,2,2,1
21,1,12,3,5475,135,2,39,1,1,0
51,2,23,5,5121,81,0,61,2,1,1
82,7,19,1,1433,185,0,67,2,8,1
28,1,21,5,5012,55,4,33,1,2,1
23,1,21,5,5478,24,0,40,1,1,1
44,1,14,1,8210,12,0,30,2,8,0
54,6,23,2,2008,260,0,62,1,1,1
37,1,20,1,3924,86,0,45,2,1,0
38,1,8,5,9400,25,0,19,2,6,0
34,1,20,1,5507,8,0,42,2,1,0
34,1,23,5,557,29,0,47,2,2,0
28,1,23,1,1815,17,0,60,2,1,1
50,1,22,1,6572,57,0,46,2,1,0
41,2,21,1,1941,116,0,49,2,1,0
33,1,21,1,424,52,6,15,2,1,0
33,1,18,1,3996,110,15,33,2,1,0
29,7,13,5,6958,441,0,20,1,2,0
60,1,14,1,4113,15,0,45,2,2,0
45,1,17,1,8774,14,0,28,2,6,0
29,1,16,1,367,182,1,29,1,1,0
45,1,19,1,2162,115,0,38,2,1,0
63,1,20,1,516,17,0,53,1,1,1
35,1,15,1,856,109,1,38,1,1,0
32,1,19,5,2943,1,0,19,1,1,0
19,1,21,1,923,4,6,49,1,1,0
52,1,18,3,5733,135,0,29,2,1,0
24,1,23,5,7050,1,4,40,2,1,0
57,1,17,5,6307,63,0,55,1,1,1
72,1,17,1,1138,155,0,22,2,1,1
25,2,19,5,5684,54,0,54,1,1,0
37,1,23,1,6327,9,0,39,1,1,1
55,1,17,1,1005,30,0,31,1,1,0
21,1,22,3,6518,20,0,40,1,8,0
26,1,17,5,225,99,4,30,2,1,1
32,2,21,5,5966,3,0,50,2,1,1
52,1,17,1,2374,12,0,46,1,1,0
78,1,21,1,2876,3,0,24,2,1,0
53,1,20,5,864,11,0,31,1,1,1
53,1,19,5,2202,27,1,28,2,1,0
21,1,16,3,8622,177,0,27,2,1,0
84,6,18,4,1992,12,0,57,1,1,1
41,5,19,1,1088,23,0,24,2,1,0
34,6,21,5,5457,24,0,24,2,1,0
19,1,19,1,7173,179,4,60,1,8,0
18,1,9,5,3429,27,17,12,1,2,0
42,1,16,5,8731,103,2,35,2,1,0
42,1,17,5,7943,9,0,41,1,1,0
32,1,21,1,4740,21,0,52,1,1,1
34,1,14,1,7280,7,0,46,2,1,0
60,1,20,1,3203,42,6,29,1,1,0
22,1,22,1,1551,21,0,32,2,1,0
48,1,16,1,3700,122,0,33,1,6,0
37,1,21,1,408,2,0,41,2,1,1
66,1,20,1,1629,83,0,46,1,1,1
26,1,18,5,3962,52,0,39,1,1,1
19,1,16,5,8001,146,13,29,2,1,0
57,8,20,3,2899,3,0,38,1,1,1
87,1,20,2,4066,65,0,38,1,1,0
31,1,19,1,5081,7,0,26,2,6,0
38,7,20,1,1772,26,0,40,1,1,0
29,3,8,5,7774,13,6,46,2,1,0
52,1,19,5,6424,12,1,34,2,1,1
21,1,17,5,4120,5,1,48,1,1,0
26,1,16,1,9795,57,5,26,2,1,0
75,1,17,1,2286,1,0,52,1,1,0
48,1,21,5,244,72,0,49,1,1,1
39,4,20,1,1913,3,0,42,2,1,1
64,4,20,3,8554,12,0,35,1,1,0
28,1,19,1,3793,8,0,44,2,2,1
33,1,22,5,356,103,0,44,2,1,0
35,1,22,1,1244,6,0,42,1,9,0
39,1,20,4,991,118,0,49,1,1,0
57,1,22,5,4406,36,0,33,1,1,0
36,1,15,5,2567,80,1,42,2,1,1
38,3,18,1,707,142,0,40,2,1,1
39,1,17,1,2867,162,0,36,2,2,0
48,7,22,2,5463,46,0,34,2,1,0
19,1,15,5,2698,108,0,36,1,1,1
37,1,16,1,2814,151,16,54,2,1,0
62,1,17,5,6268,7,0,29,2,1,0
45,1,22,1,68,59,3,63,2,6,1
68,2,18,1,5272,55,0,27,1,1,1
42,1,19,5,7696,28,0,44,1,1,1
22,1,20,5,3426,4,1,28,1,2,0
31,1,15,1,9222,25,0,30,1,1,0
45,1,17,5,9465,195,10,64,2,1,1
37,1,21,1,1876,4,0,58,1,1,0
66,1,19,1,617,140,0,43,2,6,0
40,1,21,5,2040,26,11,25,1,1,1
41,1,13,1,7223,19,11,43,1,2,0
34,1,15,5,7005,13,0,45,1,1,1
19,3,23,5,465,3,17,54,2,1,0
27,1,18,1,193,12,7,43,1,1,0
52,1,15,1,3264,11,0,25,1,1,0
20,1,16,5,9353,5,4,38,1,1,0
32,4,15,3,9093,65,16,1,2,1,0
31,1,20,5,1699,31,0,50,2,2,1
28,3,21,1,2270,5,0,24,2,1,1
41,1,21,5,3903,14,0,26,1,1,0
28,1,12,5,7798,29,0,8,2,1,0
32,1,20,1,4764,9,0,22,2,1,1
28,1,12,1,6358,90,17,44,1,1,0
32,6,16,5,8767,31,16,36,1,1,0
50,6,18,5,3941,45,0,16,1,1,0
36,1,20,1,894,222,1,33,2,6,1
24,2,16,1,6093,103,0,38,2,8,0
41,6,15,1,9436,37,0,36,2,1,1
72,6,21,1,4670,34,0,45,2,6,0
49,1,16,1,934,1,0,46,2,1,1
63,1,20,1,4426,59,0,38,2,1,1
24,1,15,5,6329,44,0,42,2,2,0
32,4,19,1,2937,18,17,26,2,1,0
42,1,18,1,3333,119,0,59,1,1,1
63,1,18,1,7632,66,0,55,2,1,1
35,1,21,1,3763,7,0,46,1,1,0
32,1,15,5,3998,158,0,58,1,2,1
49,4,17,1,936,195,0,64,1,1,0
60,4,21,1,2420,101,0,23,1,1,0
50,2,21,4,1351,6,0,59,1,1,1
25,1,17,1,5919,17,0,2,2,1,0
25,1,19,1,5039,24,0,27,2,1,0
68,3,17,1,4093,81,0,60,2,6,0
46,3,22,1,130,33,0,32,2,1,0
63,1,21,1,8654,67,0,34,1,1,1
32,2,19,3,3949,48,1,32,2,1,0
61,4,19,1,719,373,0,25,1,1,0
31,1,20,3,8590,12,0,56,1,1,0
42,1,17,1,6439,76,1,24,2,1,1
48,1,22,1,4339,69,0,39,2,1,0
42,1,14,1,7290,24,0,34,2,2,0
60,1,15,3,3299,186,0,40,2,1,0
54,1,23,1,149,51,0,38,1,1,0
70,1,15,1,1131,2,0,24,1,1,0
22,1,19,5,9460,203,0,45,1,6,0
28,2,17,5,8224,20,0,50,2,1,0
38,1,18,1,2808,3,0,50,2,1,0
23,1,22,5,1559,8,16,62,1,1,0
25,1,19,1,4876,31,2,30,2,1,1
50,1,20,1,3234,30,0,25,1,1,1
64,1,18,1,6294,330,0,49,1,1,1
60,5,19,1,393,62,0,32,2,1,1
31,1,19,1,3325,63,17,58,2,1,0
69,4,21,1,4590,11,0,59,1,1,1
70,2,22,1,8990,4,0,49,2,1,0
45,6,18,3,7345,14,0,21,2,1,0
73,2,18,1,3912,49,0,40,2,2,1
26,1,15,5,8582,433,13,33,1,1,0
65,1,19,5,8037,6,0,29,1,1,0
58,1,12,4,4085,7,0,77,1,1,1
32,1,15,1,3827,72,0,29,2,1,1
68,1,22,4,4007,27,0,47,1,8,0
27,4,19,1,8420,2,0,45,1,1,1
24,1,19,5,1447,26,0,44,1,2,1
41,7,19,3,411,30,0,36,1,1,0
37,1,15,1,3053,127,0,40,2,1,0
56,3,19,1,1184,145,0,37,2,1,1
35,1,19,1,6779,4,0,44,2,1,0
64,1,18,1,1429,6,0,53,1,1,1
60,6,18,1,3291,158,0,35,1,1,0
33,1,17,3,3483,66,0,51,1,1,0
43,1,13,1,5992,52,0,34,1,1,0
47,6,21,3,1370,4,0,29,2,1,0
74,1,15,1,7526,22,2,53,2,1,0
23,2,16,5,5639,77,0,21,2,1,0
68,1,21,1,8738,70,0,35,2,1,0
31,2,19,5,506,140,0,26,2,1,1
71,1,18,4,5447,121,0,54,2,1,0
42,1,17,5,3173,50,10,12,1,1,0
73,1,21,3,724,4,0,58,1,1,1
38,5,19,1,3231,59,0,41,2,1,0
77,3,22,5,1569,11,0,29,2,1,1
46,2,20,1,9152,89,1,21,2,1,0
25,1,20,5,7596,6,0,36,1,1,1
35,1,19,3,2084,3,3,38,1,1,1
60,1,19,1,2278,10,0,38,1,1,1
28,1,11,1,7575,4,1,29,2,1,0
59,6,23,3,2778,5,0,22,1,1,1
46,5,17,1,1268,7,0,43,1,1,0
28,3,21,5,6077,160,1,18,1,1,0
51,1,13,1,3448,160,0,42,1,1,0
38,1,12,5,6828,33,0,22,2,1,0
47,1,18,1,1886,2,1,17,1,1,0
30,1,21,2,4735,10,14,27,1,1,1
30,1,18,3,6764,4,17,34,2,1,0
36,1,20,1,940,188,0,30,2,1,0
61,4,21,5,120,17,2,58,2,1,1
53,2,18,1,5031,99,1,14,1,2,0
25,1,20,5,8072,15,16,36,2,1,0
34,1,22,5,1601,263,0,61,1,2,0
44,1,14,3,1598,186,0,39,2,1,1
58,1,20,1,8779,67,0,50,2,2,0
29,1,22,1,3806,3,0,40,1,1,1
69,1,16,1,6701,27,0,53,2,1,1
86,1,23,4,1347,94,0,59,2,1,1
61,1,18,3,5422,53,7,64,1,1,1
48,1,19,1,6399,16,0,37,2,1,1
23,1,19,5,1774,10,0,33,2,1,0
39,1,19,5,3006,406,2,61,2,8,0
51,2,17,1,2560,133,0,15,2,1,0
73,1,21,3,5080,195,0,36,1,1,0
26,1,22,1,9320,5,0,26,2,1,0
36,1,19,5,7721,25,1,11,1,2,0
91,4,21,4,6158,4,0,67,1,1,1
37,1,20,3,1502,120,0,38,2,8,1
29,1,19,1,693,114,0,50,2,2,1
27,6,13,5,8869,23,0,17,2,2,0
25,1,21,1,1161,46,0,56,1,1,0
50,7,24,1,1640,276,0,38,2,1,0
64,6,20,5,949,42,0,43,2,1,0
26,3,19,1,5464,45,0,32,1,1,1
62,7,23,3,1908,25,0,50,1,1,1
32,5,15,5,5812,33,2,17,1,1,0
26,1,9,1,6503,93,17,6,2,6,0
27,1,16,5,5158,56,1,42,1,1,0
81,1,23,1,251,6,0,47,2,1,1
36,6,18,5,9677,12,0,47,2,1,1
42,3,16,1,2552,135,0,55,2,1,0
63,4,20,1,9415,23,0,30,1,1,0
25,1,14,5,5834,6,0,39,1,1,0
60,1,17,1,2525,92,0,51,1,1,0
43,1,21,1,7229,43,16,26,1,1,0
30,3,20,1,3000,253,17,35,1,6,0
36,1,23,1,2224,8,0,34,1,1,1
21,1,19,5,4008,31,3,36,2,2,1
22,5,17,5,4423,135,0,38,1,1,0
44,1,21,1,9809,135,0,52,1,1,0
38,7,17,5,1366,23,0,33,1,1,0
31,1,20,1,4015,69,3,39,1,1,0
42,1,20,1,5296,3,0,39,2,1,0
25,1,19,1,596,51,3,37,1,1,0
55,3,19,1,4910,2,1,44,2,1,0
35,2,20,1,3285,3,0,47,2,1,0
43,1,17,1,2504,29,0,44,2,1,1
47,5,17,1,875,215,0,38,1,1,1
62,3,21,1,498,27,0,24,2,1,1
49,1,14,1,5379,223,0,39,1,1,0
24,1,18,1,2707,300,0,40,2,2,1
44,7,13,3,4740,37,0,32,1,1,1
42,7,21,5,611,7,0,44,2,1,1
52,1,20,5,964,6,0,52,2,1,1
61,1,22,5,468,104,0,37,2,1,0
62,2,23,5,1083,42,0,45,1,8,1
24,1,18,1,695,4,0,43,1,1,0
57,1,20,1,831,3,0,24,2,1,1
33,6,16,5,4978,36,0,34,1,1,0
47,1,17,1,2732,120,0,26,2,1,0
51,6,21,3,315,292,0,39,1,1,1
34,1,22,1,3828,1,0,45,1,1,1
47,1,22,1,6732,111,5,61,1,1,0
20,1,19,5,1218,19,7,30,2,3,0
48,1,15,5,9217,91,0,39,1,1,0
45,1,21,1,884,12,11,40,1,1,1
21,1,15,1,6051,98,14,26,2,8,0
25,1,21,3,1195,71,17,35,1,6,0
43,1,19,3,5793,7,0,55,2,9,0
77,1,21,1,2077,62,0,23,2,8,0
23,1,14,5,5862,17,0,35,2,2,0
28,1,15,5,7351,419,0,40,1,1,1
28,1,12,3,4220,7,2,15,2,2,0
48,6,20,1,3752,60,0,33,1,2,0
36,6,21,5,152,159,7,37,2,1,1
46,1,16,5,5558,139,0,30,2,1,1
31,2,19,1,1773,47,0,41,2,2,0
45,1,16,1,3524,10,0,43,1,1,1
24,3,19,5,540,295,1,17,2,1,0
24,1,14,5,2884,40,16,54,1,1,0
54,1,20,1,7416,5,0,41,1,1,0
54,1,16,1,3765,173,5,36,1,3,0
55,1,19,5,1909,49,0,46,1,9,1
46,3,22,1,4541,11,2,34,1,1,1
33,1,19,5,3127,69,0,23,2,1,1
79,5,17,1,655,60,0,27,2,1,0
42,7,19,1,7465,554,0,35,2,1,0
62,1,23,1,3138,40,0,45,2,1,1
20,1,14,5,7871,83,0,44,1,1,0
45,1,16,3,3167,6,0,45,2,1,0
22,1,19,5,2013,71,0,53,1,8,1
30,1,18,5,6744,7,0,52,2,1,0
25,1,18,5,6273,24,0,28,2,6,1
32,1,20,1,831,51,17,22,2,1,1
46,6,18,1,101,7,0,42,2,6,0
42,1,17,5,2592,83,0,40,1,2,1
40,6,21,3,627,28,3,36,1,8,1
34,1,20,5,7217,27,0,26,1,1,0
52,1,17,1,2475,190,0,74,2,1,0
25,1,19,3,6351,1,0,37,1,1,0
35,1,21,5,2790,124,2,29,1,1,0
62,3,19,1,319,152,0,47,1,1,0
55,1,20,5,1418,4,12,40,1,1,0
56,1,21,1,7452,39,0,38,2,9,0
35,1,18,3,5336,356,7,12,2,8,0
36,1,21,5,809,170,0,43,2,8,0
33,1,16,5,5599,47,0,27,2,1,1
65,1,17,1,6686,11,0,46,2,1,0
44,2,19,5,7662,7,3,45,1,1,1
22,5,16,5,8034,107,0,11,1,1,0
58,1,19,5,2033,18,0,54,2,1,1
71,1,23,1,5403,25,0,25,1,1,1
33,1,21,5,2961,3,0,52,2,1,0
30,2,23,1,1460,201,0,34,1,6,0
59,2,22,1,1853,38,0,44,2,1,0
52,6,13,5,8009,1,3,52,1,1,0
37,1,18,1,8620,313,0,49,1,1,0
24,1,19,1,7693,2,0,48,1,1,0
57,1,20,4,2879,100,0,49,2,1,0
21,1,16,5,5756,79,0,32,1,1,0
47,1,16,3,4542,2,17,40,2,1,0
27,1,19,5,7819,41,0,30,1,1,0
24,2,1,5,9339,70,14,32,1,1,0
18,1,17,5,9294,119,17,54,2,8,0
70,7,24,1,667,6,0,45,2,1,0
39,6,22,2,2309,85,0,39,2,1,0
31,1,18,5,3782,123,0,32,2,1,0
57,1,18,1,4377,8,0,54,1,1,1
17,1,18,5,1069,76,12,1,2,2,0
79,6,13,1,2160,83,0,42,2,1,1
27,1,21,1,540,141,0,37,2,1,0
28,4,17,1,8140,228,0,42,1,2,1
47,1,16,1,2124,85,0,33,2,1,1
36,1,20,5,8072,153,1,43,1,8,1
48,1,15,1,631,38,0,60,2,1,0
39,6,18,3,5585,119,17,46,1,1,0
60,3,21,1,3627,18,0,48,2,2,1
21,1,15,5,9053,88,15,23,2,2,0
57,1,17,3,3240,39,0,34,2,1,0
22,1,17,5,7410,103,0,18,1,9,0
43,1,17,1,5767,20,0,29,2,1,0
48,6,23,5,2776,6,0,30,2,1,0
82,1,19,1,5143,282,0,54,1,1,1
24,1,16,5,8485,59,17,45,1,1,0
44,2,16,1,7465,275,0,54,1,1,0
39,1,21,5,5719,2,0,31,2,1,1
27,1,17,1,3624,199,0,39,1,1,0
74,2,24,1,50,70,2,46,2,6,0
34,6,20,1,53,5,0,24,2,2,1
31,1,16,1,2058,197,13,45,2,1,1
46,1,21,1,1507,12,0,33,1,1,1
58,1,21,1,5130,51,0,14,1,1,1
61,1,21,2,2580,18,0,41,2,1,0
43,1,16,1,7210,20,2,47,1,1,0
40,1,12,1,7521,83,0,28,1,1,0
23,3,14,5,9578,45,10,40,2,1,0
20,4,21,5,1177,18,17,29,2,1,0
42,3,18,5,4911,51,0,35,2,1,1
57,1,19,1,640,17,0,44,1,1,0
40,1,23,1,1627,179,0,46,1,1,0
31,1,13,3,8098,173,0,30,1,8,1
49,6,18,1,3000,48,0,24,2,2,0
26,1,21,1,4197,112,0,48,2,1,1
42,1,20,1,8770,106,0,21,1,1,1
52,1,23,1,2023,29,0,50,1,1,0
39,2,19,1,9390,119,0,37,1,1,1
37,1,17,1,8194,99,0,47,1,6,1
45,1,20,1,4871,95,0,44,2,1,1
22,1,17,5,7308,53,4,43,2,6,0
26,1,24,1,4876,42,0,47,2,1,0
53,6,21,1,4595,281,0,38,1,1,1
36,2,20,5,3830,10,0,62,1,1,1
29,1,18,5,6424,253,3,37,1,1,0
40,1,17,5,7337,12,12,30,1,1,1
49,2,23,5,6287,25,0,23,2,1,0
34,3,20,5,2188,48,1,30,1,1,1
56,1,21,5,4990,11,0,45,2,1,1
41,1,19,1,7197,183,0,18,1,2,0
62,2,19,1,5132,18,16,46,1,1,1
41,1,18,3,1928,125,0,36,2,1,0
53,2,22,1,4351,45,0,55,1,2,0
63,4,19,1,1769,108,0,10,2,1,0
51,1,16,1,6890,30,0,55,1,1,1
46,1,19,1,8697,133,0,25,1,9,0
39,1,21,1,6937,6,0,48,1,1,1
36,1,8,5,8531,22,16,46,1,1,1
32,6,19,1,7416,52,0,41,1,1,0
33,1,21,3,711,43,0,54,1,1,1
55,6,17,5,3401,16,0,47,2,1,1
39,6,15,5,3188,49,0,39,2,1,0
24,3,20,5,1947,5,11,21,1,9,0
66,2,22,1,2405,40,1,37,2,1,1
64,2,19,1,7006,365,0,52,2,1,1
57,1,18,5,5229,287,0,83,1,1,1
49,1,12,5,9718,3,14,31,1,3,0
39,1,13,5,8572,57,0,28,2,1,0
52,1,16,1,6029,47,0,45,1,1,1
34,5,22,1,6036,266,17,33,2,1,0
38,1,21,1,795,7,0,42,1,1,1
79,2,17,1,1835,25,0,48,2,1,1
39,1,16,3,1157,305,0,47,1,6,0
37,1,14,1,1534,2,0,42,2,1,0
23,1,12,5,749,6,14,27,2,1,0
37,5,16,1,4788,110,0,28,2,8,1
37,6,19,5,1154,28,0,20,2,6,0
49,5,21,1,4320,73,0,29,2,1,0
31,4,15,1,5098,367,0,42,1,1,1
57,2,20,1,1578,12,0,55,2,1,1
24,1,14,5,5340,1,0,49,2,1,0
43,1,12,1,6665,31,16,27,2,6,0
33,5,20,5,7792,513,1,39,1,1,1
33,1,24,1,595,76,0,67,1,1,0
72,1,19,1,2051,10,0,43,2,6,0
24,1,21,1,4164,120,0,48,1,1,1
60,1,18,1,4187,37,0,55,2,1,1
60,2,19,1,2451,70,0,33,1,1,1
48,7,19,1,1918,138,1,23,2,1,0
23,1,21,5,1315,72,0,70,1,6,0
66,1,21,1,4304,55,0,44,1,1,1
38,1,17,5,6187,37,0,32,1,1,0
68,4,20,1,8216,39,0,62,1,1,1
32,2,20,1,9092,554,0,44,1,1,1
47,1,23,1,85,24,0,51,1,1,1
45,5,22,1,1537,19,0,19,2,1,0
48,1,15,5,4836,24,0,41,2,1,0
37,1,17,1,7195,5,0,51,2,1,0
71,1,20,1,2195,40,0,38,2,1,0
55,1,17,1,6936,124,15,48,1,2,0
20,1,14,5,5855,37,16,28,1,1,0
30,1,11,5,5576,70,0,54,2,5,0
40,1,21,1,4656,150,0,48,1,1,0
45,2,23,3,5055,1,0,72,1,1,0
47,7,18,5,4336,47,0,35,2,1,0
34,1,19,5,8379,7,12,43,1,2,0
29,7,22,5,4114,103,0,30,1,1,0
52,1,18,1,3763,32,0,5,1,1,1
61,1,23,1,659,71,0,37,1,1,0
77,5,18,1,3861,11,0,59,2,1,0
34,1,22,5,1581,75,0,44,1,1,1
63,1,22,1,1919,12,0,46,1,1,1
49,2,19,1,8257,12,0,58,1,2,1
80,1,18,1,6367,83,2,24,1,1,1
34,2,19,3,249,164,0,27,1,1,1
28,6,21,1,315,73,15,59,1,1,1
35,1,16,5,2474,64,0,36,1,9,0
58,1,18,1,3131,19,0,60,2,1,1
55,1,17,1,4203,93,1,22,1,2,0
29,7,12,1,7806,153,7,19,1,1,0
44,4,14,1,6133,7,0,34,1,1,0
45,2,16,1,7079,207,0,48,1,1,0
39,7,21,1,4364,80,0,43,2,1,1
39,1,17,5,6111,117,0,51,2,1,0
58,5,17,1,2663,25,0,49,1,1,0
23,1,13,5,2781,3,2,37,2,1,0
78,1,21,2,892,23,0,57,1,1,0
29,1,13,5,9370,231,0,23,2,1,0
38,4,23,3,2006,149,0,50,2,1,1
48,2,24,3,1567,63,15,49,2,1,1
46,1,19,5,8698,110,0,65,1,1,1
24,1,20,5,1283,233,1,29,2,1,1
34,1,9,1,9087,88,0,52,1,1,0
23,1,16,3,2332,45,0,42,1,1,0
46,3,19,1,7255,28,1,23,2,1,1
71,1,18,1,255,65,0,32,2,1,1
24,1,24,1,6185,2,17,34,1,1,1
59,1,22,1,2742,123,0,27,1,1,1
47,1,13,1,706,85,0,39,2,1,0
63,1,18,1,7193,49,0,38,2,6,0
29,1,22,1,3211,64,0,20,2,1,0
57,6,21,2,3375,26,0,43,2,1,0
51,1,18,1,6965,113,0,53,1,1,1
31,3,19,1,2125,116,0,38,2,6,0
75,1,19,1,5086,25,0,43,1,1,1
52,1,22,1,197,68,0,50,2,9,0
50,1,14,1,8178,8,17,49,2,1,1
36,4,23,1,971,17,0,51,1,1,1
51,1,12,5,6607,34,0,39,1,2,0
41,1,21,1,212,14,0,51,1,1,1
23,1,18,5,4131,13,17,38,1,8,0
55,1,16,1,2603,40,0,29,2,1,0
65,1,20,1,4084,266,4,46,2,1,0
47,2,20,1,657,42,0,39,2,1,1
31,6,15,3,197,214,0,20,2,1,0
29,1,19,5,5295,155,10,35,1,1,1
46,2,19,1,6855,100,1,21,2,1,0
63,1,22,1,1342,232,0,32,1,1,1
40,1,23,1,188,83,0,49,1,1,1
79,1,17,1,11,69,0,51,2,1,0
79,1,20,1,8710,2,0,58,1,1,1
72,3,20,1,2765,48,9,59,1,1,1
22,1,17,3,2472,13,17,52,1,1,0
35,4,19,5,4876,90,3,17,2,1,0
65,1,21,4,2849,11,0,32,2,1,0
21,1,16,5,7304,65,0,9,2,1,0
52,1,22,1,503,44,0,62,2,1,1
50,1,19,1,2124,8,0,32,2,1,0
45,1,23,1,5036,187,0,44,1,1,1
83,1,21,1,6206,325,0,60,1,1,0
26,1,21,5,2352,2,0,38,1,1,0
39,3,18,3,6808,69,0,50,1,1,1
39,3,15,5,4287,98,1,46,2,1,0
39,1,23,3,2901,142,0,29,1,1,1
22,1,14,5,3686,19,3,17,1,1,0
33,1,20,5,483,59,17,63,1,1,0
51,1,16,4,4080,8,9,52,1,1,1
45,1,17,1,5190,336,0,31,2,2,0
58,1,18,1,2445,10,0,39,2,1,1
37,1,17,1,4347,4,1,35,2,1,1
60,1,21,1,5920,141,0,64,2,6,0
41,6,23,5,2806,4,0,43,1,1,0
34,1,19,1,6125,14,17,51,1,1,0
40,1,17,1,3335,52,0,33,1,1,0
33,1,17,5,7668,22,1,31,1,1,1
39,1,16,1,6969,2,0,37,1,1,0
39,5,20,3,251,115,14,37,1,1,0
26,1,17,1,288,426,0,35,1,1,0
62,1,18,1,9218,72,0,49,1,1,0
30,1,20,1,8259,4,0,31,2,9,1
64,2,22,3,7121,237,0,62,1,1,1
61,1,19,3,3781,5,0,48,1,1,0
25,1,22,1,2900,8,14,47,2,1,0
73,1,16,1,7915,214,0,42,2,2,1
30,1,15,5,3355,2,0,21,1,1,0
18,2,17,5,4296,22,0,5,2,6,0
47,1,17,1,4850,15,0,63,1,6,0
37,1,17,1,666,77,0,48,2,1,0
34,1,10,1,4281,65,0,48,1,2,1
19,1,20,1,2603,85,15,55,1,1,0
30,1,16,5,6088,7,1,56,1,1,0
26,1,21,5,1640,1,0,47,1,1,1
24,1,19,5,3582,117,0,48,1,1,0
55,6,23,1,363,2,0,37,1,1,1
45,6,18,1,7492,49,0,37,1,1,0
64,2,23,1,2295,55,0,29,2,8,0
35,1,20,1,3020,309,3,45,1,2,0
40,1,17,1,7174,21,0,11,1,1,0
42,4,16,1,7918,108,0,36,2,8,0
47,1,19,1,4394,14,0,18,2,1,0
20,1,23,5,8847,5,0,40,1,1,0
57,4,16,1,4896,191,17,17,2,1,0
41,1,22,1,7616,38,0,44,1,1,0
36,6,19,5,9771,32,0,38,1,2,0
49,1,17,1,4600,51,0,38,2,1,1
59,1,20,2,4974,13,0,46,2,1,0
44,6,20,1,1121,264,0,24,2,1,0
42,1,3,4,5704,194,2,26,1,1,0
71,1,14,1,9187,505,0,43,2,1,0
34,1,17,1,5842,15,17,29,1,1,0
30,1,15,5,6595,54,0,39,1,3,0
54,1,18,4,9088,37,0,40,2,1,0
53,1,20,1,694,4,0,26,1,1,0
87,2,17,2,4135,10,0,32,1,1,1
38,1,24,5,4845,18,0,28,1,1,0
54,1,18,1,5080,3,0,59,2,1,0
54,1,17,1,7058,11,6,38,1,1,0
54,1,22,1,2534,143,0,27,2,1,0
48,1,19,3,5764,23,0,58,1,1,0
20,1,22,5,3641,8,16,22,2,1,0
57,2,21,1,3301,116,0,31,2,2,1
63,4,21,3,84,479,0,37,1,3,0
32,1,17,5,997,17,0,33,2,1,0
26,1,20,3,7870,92,0,23,1,2,1
63,1,23,2,116,8,0,48,1,1,1
32,1,11,5,6985,5,0,39,2,2,1
28,1,15,5,7523,27,0,37,2,2,0
24,1,21,1,1071,5,0,45,1,1,1
49,6,21,1,3849,24,0,38,1,1,1
66,1,22,1,6967,78,0,37,2,8,0
24,7,19,5,8786,155,15,18,1,1,0
23,1,17,1,2994,79,5,29,2,1,0
60,1,20,5,6029,9,17,44,1,1,0
66,2,17,1,9250,1,0,17,2,1,0
52,3,20,1,6094,2,0,20,2,1,0
67,1,18,1,657,10,0,47,1,1,0
34,1,15,5,1652,79,0,33,2,1,0
60,6,23,2,1303,348,0,60,1,1,1
54,1,9,3,7715,4,0,50,1,2,0
20,1,18,1,2491,44,0,53,2,1,0
46,5,20,1,5016,52,0,29,1,1,1
30,1,19,1,3496,103,0,27,1,1,0
34,6,20,3,6658,1,17,31,2,1,1
52,1,16,5,7675,2,0,45,2,1,0
69,1,22,1,780,1,12,72,1,1,1
31,1,14,1,4480,327,0,72,2,1,0
40,1,16,5,1568,61,0,25,1,1,0
45,6,21,1,513,116,0,28,2,1,1
27,1,20,5,3197,20,0,45,1,9,0
45,1,18,1,2164,35,0,20,1,1,1
24,4,21,5,7759,178,8,45,2,1,0
32,1,21,1,2316,33,0,52,1,1,1
33,2,14,1,4350,18,0,41,2,1,0
52,1,20,5,335,63,0,27,1,1,0
34,1,21,5,5063,3,16,43,2,8,0
38,1,18,1,4754,325,10,28,1,2,0
71,3,22,1,1065,466,0,25,2,1,1
76,1,23,1,3403,177,0,56,1,1,1
27,6,20,5,3945,45,0,27,1,1,0
52,1,21,1,4844,197,0,36,1,1,0
29,3,15,5,4738,49,0,35,2,1,0
41,1,15,3,8080,25,0,20,1,1,0
37,1,20,1,3459,76,17,48,2,1,1
26,1,22,1,6208,32,1,41,1,1,0
56,1,19,1,670,352,3,55,2,2,1
65,1,22,1,1480,1,0,36,2,1,1
27,1,16,1,2785,231,0,67,1,1,1
57,1,21,1,1253,5,1,79,1,1,1
41,3,23,1,1196,41,13,45,2,1,1
69,1,16,3,2959,43,10,35,2,3,1
54,3,19,1,4359,191,0,39,2,1,0
33,1,17,1,6470,129,1,45,1,1,0
37,1,20,1,897,27,0,77,1,1,1
42,1,19,5,3664,172,0,56,1,1,1
54,1,19,1,3628,537,0,24,1,1,0
42,1,18,5,7605,2,0,31,2,6,0
34,2,21,1,2660,5,0,26,2,1,0
62,1,17,1,8643,122,4,54,1,1,0
46,3,19,1,3227,69,17,24,2,8,0
44,1,19,1,505,75,12,36,2,1,0
55,1,21,1,5476,33,0,40,1,1,0
77,1,21,1,3885,9,0,60,2,1,0
22,1,19,5,1674,20,0,28,1,1,0
55,6,16,1,6374,2,0,23,1,1,1
58,1,15,1,5691,31,0,46,1,2,0
46,4,19,1,8122,7,9,44,1,1,1
55,3,22,5,1715,3,17,51,1,1,0
41,1,9,5,8483,79,0,33,1,1,0
29,6,21,1,1607,11,9,34,2,1,1
26,1,20,5,8987,10,12,36,2,1,0
23,1,20,5,4155,14,2,48,1,2,1
28,1,18,5,1122,16,0,32,2,6,0
39,2,23,1,2082,12,0,26,2,1,0
52,4,15,1,1365,96,17,37,2,1,0
44,1,12,5,8981,13,0,43,1,1,1
28,7,20,5,2369,19,0,29,2,1,0
19,1,19,5,3231,2,0,37,1,1,0
62,1,23,1,1343,28,0,2,2,1,0
49,2,19,1,3234,19,0,49,1,3,1
25,1,19,5,2522,14,0,52,1,1,0
29,1,11,1,9579,149,0,43,1,2,0
45,4,16,5,5344,4,0,40,2,1,0
60,3,20,1,3158,1,0,26,2,1,0
54,1,21,1,2586,62,0,46,2,2,0
28,3,18,1,6323,2,0,42,1,1,0
32,1,22,1,4166,44,11,48,2,1,0
26,5,15,5,4562,14,12,45,1,1,0
26,1,18,1,2506,58,7,25,1,1,0
58,6,22,3,3361,131,0,26,1,1,1
24,1,21,5,1214,1,0,34,2,1,0
39,4,22,5,6253,143,0,46,1,1,1
48,3,18,1,36,263,0,38,1,1,0
43,1,22,1,2417,58,2,64,1,1,1
45,1,22,5,961,50,16,36,1,6,1
50,3,19,5,7351,107,6,22,2,1,0
42,2,18,1,8331,208,7,18,1,6,0
29,1,19,5,3188,75,8,38,1,6,0
51,1,20,1,8594,29,0,48,1,1,0
66,2,22,2,5505,40,0,22,2,1,0
38,2,21,1,6148,157,0,45,2,1,0
87,7,21,1,1916,41,0,37,2,1,0
67,1,21,2,4967,12,0,43,1,1,0
41,1,20,3,4557,210,0,45,1,6,1
38,1,23,1,1592,96,0,34,2,1,0
40,1,19,1,369,43,0,20,2,1,1
45,1,15,5,4958,13,8,39,2,1,0
33,1,9,5,3746,182,0,30,1,8,0
51,6,18,3,3236,10,0,26,1,1,1
65,7,18,1,7803,1,10,40,1,1,1
35,3,15,5,7973,282,0,47,2,1,1
68,1,19,1,2821,60,0,64,1,9,0
36,1,19,1,4475,3,0,72,1,1,1
28,1,18,3,2574,27,1,30,2,1,0
25,1,22,5,2416,1,0,41,1,1,1
64,1,22,1,2482,43,0,40,1,8,1
85,1,18,1,3413,270,0,44,2,1,1
60,1,21,1,2263,66,0,56,2,1,1
40,1,21,3,5642,116,9,54,2,1,1
22,1,22,5,5886,120,6,37,2,1,0
37,4,21,1,1527,14,0,38,2,6,0
24,3,11,5,6731,11,13,16,2,1,0
43,1,19,1,5486,28,0,16,2,1,0
32,1,19,1,2579,68,0,15,1,1,0
31,3,18,3,6065,94,0,40,1,6,0
34,2,19,1,274,84,0,38,1,1,0
38,1,21,5,842,23,0,34,1,1,0
47,1,15,1,3967,2,0,36,2,2,0
43,1,20,5,210,178,0,75,1,1,1
53,3,20,5,1434,45,1,45,2,1,1
36,1,22,1,499,31,0,34,1,1,0
50,7,14,5,4048,25,5,28,1,1,0
55,1,19,1,8791,289,0,31,1,1,0
33,1,22,1,6375,3,1,21,2,1,1
33,1,16,5,7374,19,17,34,1,1,0
46,1,18,5,3846,210,3,25,2,2,0
35,6,20,3,4705,42,0,9,2,1,0
42,3,19,5,3246,170,0,28,1,1,1
76,1,22,1,514,28,0,33,2,1,1
62,1,19,1,314,52,0,29,2,2,0
29,2,21,5,1425,16,1,46,2,1,1
65,1,15,1,1822,24,17,55,1,1,0
52,1,18,1,1530,20,0,52,1,1,1
55,1,18,5,4482,5,0,33,1,2,1
66,1,18,1,9219,68,0,39,1,1,0
37,1,21,1,694,49,0,30,1,1,0
32,1,22,2,3639,83,17,48,1,1,1
47,1,22,5,4200,64,0,32,2,9,1
21,4,21,1,5127,6,0,39,2,2,0
29,1,16,1,3905,60,6,25,1,6,0
57,1,20,1,1826,34,0,39,2,1,0
63,1,19,1,7017,59,0,31,1,1,0
19,1,22,1,4361,325,0,45,2,6,0
53,4,19,5,1042,116,0,52,2,1,1
61,4,20,1,1262,72,0,26,1,1,0
20,1,14,5,9362,145,0,26,1,1,0
59,1,22,1,4722,55,0,34,1,1,0
66,1,22,1,593,6,0,42,2,6,1
32,4,16,1,9262,41,0,20,1,6,1
59,3,23,1,970,34,0,39,2,1,1
56,1,19,1,8716,127,0,33,2,1,0
39,1,15,3,6391,4,7,53,2,1,1
34,1,19,1,9165,232,0,14,1,2,0
64,1,16,2,8245,104,0,39,1,1,1
47,1,23,5,1573,134,0,35,2,2,1
26,1,20,5,1772,13,14,55,1,1,1
63,4,17,1,6989,109,0,38,2,1,0
55,3,15,1,8608,24,0,28,1,6,0
62,2,13,1,201,82,0,26,2,1,0
67,1,13,1,7337,56,0,46,1,1,0
25,2,19,1,875,1,0,25,2,1,0
30,1,19,3,6579,2,0,42,1,1,1
28,1,20,5,8148,6,0,51,1,1,0
21,1,9,5,1450,69,0,37,2,1,0
56,4,20,1,5073,59,0,42,2,6,0
48,3,22,1,6039,254,0,36,1,6,1
35,1,18,1,2398,33,0,45,1,1,0
50,2,21,5,493,206,2,41,2,1,0
51,1,21,1,331,100,0,33,2,1,0
47,8,22,1,1204,2,0,25,1,1,0
60,2,19,1,733,40,0,28,2,1,0
37,1,18,5,6105,78,0,42,1,1,0
72,1,19,1,8883,3,0,41,2,1,1
27,5,18,1,5948,15,0,55,1,1,1
28,5,17,5,9114,2,9,13,2,1,0
37,1,22,1,4155,3,0,34,2,1,0
53,8,21,5,1841,43,0,36,2,1,0
46,5,23,1,3371,218,0,56,1,8,1
40,1,17,5,5607,367,0,29,2,1,0
58,1,12,3,8423,55,0,35,1,1,0
43,1,18,1,6552,38,0,31,1,2,0
30,1,21,5,3639,38,4,38,1,1,1
26,1,17,3,2052,37,0,32,2,2,1
49,1,16,5,9376,10,0,33,1,1,0
63,3,23,1,104,29,3,44,1,1,1
19,1,19,5,4810,21,0,30,2,6,1
23,1,19,1,5115,64,17,49,1,8,1
30,1,16,1,7626,223,2,46,1,1,0
63,1,20,1,7551,22,0,52,1,1,0
46,1,20,1,7574,78,0,32,1,1,0
34,1,21,1,3740,9,16,54,1,1,1
27,7,22,1,717,78,4,73,2,1,1
69,1,17,1,1074,47,0,64,1,1,0
48,1,20,5,6135,54,0,18,2,1,0
26,1,18,5,5228,114,0,31,1,1,0
33,1,20,5,1447,135,0,44,2,6,0
30,3,17,5,1920,109,0,48,1,1,1
29,5,21,1,5332,13,17,10,2,2,0
75,6,22,1,338,198,0,63,1,2,1
58,4,19,1,8178,2,7,16,1,1,1
42,7,20,1,8856,10,1,23,1,1,0
31,6,19,1,8426,38,0,35,1,2,0
29,2,14,5,8446,104,0,26,1,1,0
29,4,13,1,6851,319,0,55,1,7,0
50,1,11,1,6114,246,0,53,2,6,0
29,1,20,5,4105,23,1,38,1,1,1
82,3,20,1,1340,98,0,64,1,1,1
66,1,19,5,7141,7,0,47,1,1,1
35,1,15,1,5903,11,0,44,2,1,0
46,1,19,3,3670,175,17,33,2,1,1
43,1,19,1,6589,22,0,33,1,6,0
41,1,15,1,9830,1,15,57,1,9,0
71,1,15,1,1566,18,0,44,2,1,0
68,1,20,1,4977,30,0,47,2,1,0
36,1,13,5,5265,12,0,36,2,1,0
67,1,19,1,7986,28,0,54,1,1,1
30,3,21,1,4489,15,0,41,1,1,0
20,1,15,5,1474,45,0,23,2,1,0
83,6,20,1,1541,20,0,32,2,1,0
32,4,17,5,6253,253,0,23,2,1,0
37,1,10,1,9726,26,0,29,2,1,0
25,6,16,5,4015,3,0,45,2,1,0
21,1,21,1,3164,3,0,43,1,1,1
63,7,23,3,815,2,0,41,1,1,1
80,1,23,1,1306,282,0,37,1,1,1
21,1,17,5,3712,183,9,23,2,1,1
21,2,18,5,7258,123,17,7,2,1,0
26,1,16,1,9642,1,0,54,1,1,1
38,1,16,5,3081,124,0,48,1,1,1
74,1,16,1,6713,236,0,45,1,1,0
45,4,20,5,3721,26,1,31,2,1,0
31,1,20,2,7270,39,0,62,1,1,0
31,6,16,1,8970,64,16,32,2,1,0
36,1,22,1,1576,59,0,40,2,2,1
40,1,18,5,4354,8,1,36,2,1,0
36,1,15,1,6664,190,0,21,1,1,0
34,4,20,1,6845,2,0,31,2,1,1
27,1,20,5,6659,26,2,31,1,1,0
26,1,12,5,4675,91,15,1,2,1,1
37,1,22,1,7937,326,3,54,1,1,1
31,1,22,4,3712,191,0,46,2,2,0
55,1,20,5,2884,13,4,48,1,1,1
47,1,19,5,8666,64,0,27,2,1,0
37,1,17,5,3813,167,16,46,1,1,1
26,3,16,1,8467,71,7,43,2,1,0
49,4,22,1,6513,177,0,68,1,9,1
44,6,22,3,2506,174,17,16,2,1,0
42,1,16,5,8158,21,0,35,1,1,0
43,1,15,5,7311,6,0,53,1,1,0
44,1,17,1,4167,63,0,38,2,1,1
23,6,18,5,8360,160,0,12,2,6,0
20,1,18,1,483,554,0,32,2,7,0
42,3,18,5,4879,114,0,19,2,1,0
49,3,23,1,1776,18,0,36,1,1,1
54,1,18,1,4811,41,2,49,2,1,0
42,6,12,3,726,16,0,31,1,1,0
18,1,22,1,3673,3,0,38,1,1,0
65,1,19,5,6594,4,0,47,1,1,0
66,1,19,1,368,171,0,35,2,6,0
29,1,10,5,2896,73,0,33,2,1,0
52,6,21,5,3680,62,0,23,1,1,1
48,1,18,1,2229,43,0,42,2,1,0
54,1,20,4,7191,54,0,26,1,1,0
46,7,22,1,520,94,0,24,2,1,0
33,1,17,1,6559,198,1,6,2,2,0
47,1,15,5,8021,73,0,42,2,2,0
38,1,17,5,538,85,2,36,2,1,0
34,1,19,1,2470,6,0,36,2,1,0
30,1,13,5,4824,158,0,37,1,1,0
85,2,22,1,675,45,0,15,2,6,0
18,1,13,1,8731,45,0,36,1,9,0
46,1,18,1,3078,8,0,22,1,1,0
52,1,19,5,4541,53,0,49,1,1,0
63,1,22,2,210,134,0,61,2,1,1
46,6,21,1,6427,49,0,38,2,1,1
73,1,19,1,8245,11,0,21,2,1,0
48,1,15,1,9351,226,0,35,2,2,0
22,1,18,1,7660,178,0,30,2,1,0
46,1,18,1,6631,153,0,33,1,9,0
77,1,21,1,2209,179,0,44,1,2,0
40,1,21,1,6566,51,6,12,1,1,0
36,1,21,5,6609,11,0,58,2,9,1
35,1,21,3,1677,22,3,36,1,2,1
21,1,19,1,9629,49,1,45,2,6,0
48,2,13,1,6472,64,17,39,1,1,0
29,1,13,1,6977,61,0,42,1,2,0
51,1,18,3,6758,89,0,48,2,1,0
21,1,18,5,8510,2,0,63,2,8,1
56,1,19,5,3777,146,0,33,1,1,0
44,1,22,1,7433,16,0,43,1,1,0
62,3,17,1,9830,4,0,31,1,1,0
23,1,17,1,9648,4,0,34,2,1,0
62,1,18,1,966,14,0,44,2,3,0
60,1,19,5,2814,4,0,29,2,1,0
28,1,17,5,2846,299,0,52,1,2,1
39,1,20,3,5370,45,0,47,1,1,0
22,6,19,5,5734,3,0,43,1,1,1
55,1,14,1,2643,185,0,44,1,1,0
39,4,23,5,3644,123,13,31,2,9,1
39,3,20,1,508,66,0,56,2,1,1
28,1,20,5,7364,42,12,16,1,1,0
74,2,23,1,4706,134,0,43,1,1,1
60,1,20,1,7851,57,0,29,2,1,1
44,3,19,1,5245,85,2,54,1,1,0
26,1,9,3,7601,8,12,53,1,1,1
61,4,21,2,1253,27,0,21,1,1,1
40,7,21,3,1624,16,0,48,2,1,1
25,1,19,1,4268,4,0,45,1,1,1
38,2,19,1,1988,201,0,37,1,2,1
45,1,19,1,1528,104,0,44,2,1,1
42,7,18,1,2791,138,0,38,2,1,0
64,1,21,3,4439,33,10,37,2,1,0
54,2,21,1,1223,1,0,55,1,1,1
53,5,20,5,2989,3,0,20,2,1,0
73,1,16,1,8052,178,0,42,1,8,0
44,1,17,1,4297,62,0,32,2,1,1
31,1,22,1,5110,479,14,24,2,1,0
24,1,19,1,823,18,2,41,2,9,1
42,1,23,5,1894,49,0,51,1,1,0
39,1,21,5,3343,13,12,35,1,1,0
25,1,13,3,8211,3,1,24,2,6,0
49,2,13,1,8005,72,0,37,1,1,1
38,1,20,5,7629,376,1,31,2,1,0
44,1,20,1,4108,54,0,32,2,1,0
18,7,19,5,6688,170,9,25,1,1,0
34,2,23,5,6667,45,0,64,1,1,1
43,1,19,1,5267,9,3,52,1,1,0
30,1,20,1,824,5,0,63,2,1,1
81,1,20,1,2261,108,13,41,1,1,1
24,1,17,5,7006,16,0,35,1,1,0
46,2,22,5,3501,102,0,41,2,2,0
65,3,14,2,9058,112,0,40,1,1,0
32,6,22,5,2270,131,9,23,2,1,0
47,1,24,1,1735,78,0,36,2,2,0
33,1,20,5,4993,7,0,30,2,1,0
41,1,21,1,2607,369,0,10,1,1,0
76,5,18,1,1801,121,0,55,1,2,1
45,4,21,1,2409,21,14,31,2,6,0
24,6,13,5,2495,72,0,52,1,8,0
56,1,12,1,1208,6,0,39,1,1,0
49,1,21,1,3946,15,0,26,2,2,0
39,1,21,1,1676,15,0,28,1,1,0
49,1,20,1,5262,186,0,37,1,3,0
32,1,14,5,6828,183,11,36,1,1,0
22,1,23,3,505,31,0,45,1,1,0
38,2,21,1,655,3,0,49,2,1,1
60,1,18,5,5044,7,0,38,1,1,0
72,1,22,1,263,59,0,27,2,1,1
36,1,20,1,4600,7,0,32,1,1,0
45,1,20,1,1566,15,0,81,2,1,1
69,7,23,1,591,36,0,22,2,1,0
54,1,15,3,5221,152,1,28,1,8,0
59,4,18,1,7621,58,0,24,1,6,0
25,1,20,1,7262,78,11,7,2,6,0
28,1,23,5,495,150,0,67,2,1,1
20,1,18,3,4612,16,17,29,2,1,0
72,1,21,2,1263,164,0,48,1,1,1
32,4,20,5,786,93,0,31,2,1,0
47,1,21,1,1862,127,0,27,1,1,1
28,1,13,3,1751,46,2,49,1,1,0
63,1,20,3,5860,95,0,45,1,1,1
33,1,19,1,6447,89,5,25,2,1,0
56,1,17,1,2935,110,0,39,2,1,0
33,1,16,5,5394,127,5,38,1,1,0
46,1,19,1,1406,10,0,31,1,1,0
29,1,21,5,3178,52,10,15,2,1,0
56,1,24,3,660,57,0,19,2,1,0
55,6,22,1,3399,50,0,52,2,2,0
36,1,17,1,3456,14,0,29,2,1,0
32,1,20,1,6775,41,0,37,1,1,1
58,4,18,3,3156,356,0,31,2,2,1
46,1,21,3,7493,140,14,57,2,2,0
33,1,16,5,6556,40,4,40,1,1,0
28,1,20,1,489,2,15,40,2,1,0
50,4,20,1,1580,46,0,53,1,1,1
31,6,18,1,6222,2,9,17,2,1,0
32,1,17,1,4415,54,17,43,1,1,0
55,1,16,1,6155,42,0,41,1,1,0
65,1,20,1,1229,4,0,67,2,2,0
21,5,20,5,9232,255,0,35,1,1,0
37,1,12,1,6478,14,0,31,1,8,0
30,1,11,5,8524,2,10,46,1,9,0
56,6,15,1,6516,19,16,22,1,1,0
24,1,19,1,5916,53,0,53,1,1,1
36,1,19,5,7509,8,0,36,1,1,1
23,2,22,1,5979,5,1,39,2,1,0
32,1,19,3,690,1,0,71,1,1,1
71,1,18,1,1632,40,0,43,1,1,0
24,1,18,5,1055,39,0,22,1,1,1
27,1,18,1,5831,168,13,41,1,1,0
48,1,20,1,3819,55,6,46,2,2,0
51,3,20,1,2729,78,0,58,2,8,0
41,2,17,5,5809,179,7,27,1,1,1
30,1,14,3,7839,25,0,30,1,1,1
59,2,22,1,3159,18,0,31,2,1,0
41,2,23,1,1119,80,0,39,1,8,0
71,2,22,1,802,54,0,58,1,1,1
39,1,21,3,6362,1,0,49,1,2,1
43,2,20,3,1602,2,2,45,1,6,1
54,6,19,1,8719,228,0,39,1,2,0
56,1,18,5,903,64,1,30,2,1,1
26,1,21,5,4118,30,0,52,1,2,0
30,1,16,5,7234,370,0,25,1,1,0
22,1,16,1,9129,60,13,12,2,1,0
26,1,17,1,3769,240,15,21,2,1,0
75,2,19,1,3682,75,0,46,2,1,0
32,1,16,1,5379,49,16,40,2,1,0
30,2,19,3,387,33,0,51,1,1,1
43,2,14,5,8722,30,0,53,1,6,0
41,1,22,1,6082,29,0,42,2,1,0
53,2,20,3,3041,41,15,30,2,2,0
43,1,14,5,1293,122,0,42,2,6,1
41,1,17,1,6961,7,4,15,2,1,0
30,6,23,5,2332,30,0,58,2,1,1
46,8,22,1,203,227,0,41,1,6,1
40,1,19,1,6328,335,0,30,1,3,1
57,1,20,1,4515,53,0,34,1,2,1
55,7,17,5,2882,32,0,49,1,1,0
68,7,23,1,8004,202,3,31,2,1,0
61,1,15,1,4071,62,3,49,1,1,0
63,1,16,1,1580,85,6,41,2,6,1
38,2,23,1,1162,9,2,27,2,2,1
42,5,20,5,5463,86,0,37,1,1,1
58,1,15,1,4688,189,0,38,1,1,0
41,1,21,1,930,37,0,34,2,1,0
27,1,18,1,7361,6,1,27,1,1,1
26,1,21,5,594,84,0,22,1,1,1
63,6,22,1,4918,112,1,64,2,1,1
55,2,20,1,4762,87,0,43,1,1,1
40,2,20,1,1153,150,2,25,2,1,0
83,1,18,1,6283,85,0,56,2,1,0
33,1,20,1,6863,241,17,39,1,2,1
20,1,21,1,1736,25,3,43,2,1,1
41,1,19,4,2271,116,0,61,2,2,0
56,1,23,1,2532,11,0,49,2,1,1
52,1,20,1,2768,2,0,29,2,1,0
21,1,12,3,4361,1,0,57,1,1,0
33,2,19,1,4339,104,2,28,1,1,1
45,1,17,1,6444,194,12,40,1,1,1
29,1,22,1,966,49,5,29,2,1,0
32,5,22,5,3930,40,0,40,1,1,1
27,2,21,5,5983,1,0,24,2,1,1
26,1,22,3,1574,19,3,50,1,1,0
30,7,21,3,1380,85,0,70,2,6,1
80,5,15,1,2189,158,0,34,1,1,0
28,3,19,1,6137,29,9,22,1,1,1
28,1,21,5,2337,243,0,19,2,6,0
27,1,18,1,6922,94,0,36,1,1,0
43,5,19,5,3227,40,0,46,1,1,1
29,3,21,1,499,40,0,45,2,8,0
20,1,14,5,7608,107,9,54,2,1,0
62,3,17,1,6329,87,0,26,1,1,0
29,1,17,3,2558,17,0,14,1,1,0
34,1,17,1,3348,27,0,32,2,1,0
27,1,11,5,403,67,0,49,1,1,1
38,1,18,1,5793,37,0,46,2,1,1
32,1,19,3,780,129,0,40,2,1,1
22,1,19,5,2968,3,0,13,2,1,0
29,2,18,1,3881,120,17,46,2,1,0
27,1,22,5,2976,50,0,36,2,1,0
41,1,20,1,2133,13,0,45,1,1,1
31,3,17,1,8643,7,6,41,1,2,0
49,2,19,1,4710,54,0,24,1,1,0
37,1,21,1,6968,2,10,42,1,1,1
41,1,19,5,6756,157,0,57,1,1,1
34,2,17,1,7474,4,0,41,2,1,1
67,1,20,3,4565,71,0,61,1,1,1
26,1,21,5,4152,11,0,38,1,1,1
37,7,19,5,882,142,3,31,1,1,0
32,5,12,5,2336,79,0,72,1,1,1
43,1,20,5,497,147,0,71,1,6,0
62,4,21,1,5132,94,0,46,2,1,0
24,1,16,5,6606,65,0,38,2,1,0
27,1,19,1,9417,39,0,31,2,1,0
28,2,18,5,1525,78,16,23,2,1,0
43,1,21,5,3035,28,0,44,2,1,1
31,1,21,3,4090,4,1,54,1,1,0
18,3,13,5,6617,177,17,34,1,1,0
61,1,17,1,1751,181,0,33,1,2,0
30,1,13,1,6331,19,12,39,2,8,1
24,1,19,5,6077,5,0,33,2,1,0
26,1,15,5,4649,27,0,40,2,1,1
60,1,11,4,6305,69,0,48,2,1,0
51,4,21,1,3205,130,0,49,1,1,1
63,1,22,5,4964,5,0,45,1,6,0
21,1,16,5,4037,52,16,25,1,1,0
21,3,21,5,4043,157,0,38,2,1,0
19,1,17,1,7970,130,0,41,1,1,0
67,4,21,1,405,205,17,49,1,1,0
68,1,20,3,6540,2,0,42,1,1,1
48,1,18,1,9491,30,0,31,1,1,0
64,1,19,3,7374,5,0,43,1,8,1
22,1,20,3,4293,195,11,43,2,1,0
65,1,14,1,6569,175,0,51,1,1,1
36,1,20,1,6107,16,15,46,1,1,1
31,1,20,3,3059,277,0,42,1,1,0
26,1,18,5,6162,1,1,22,2,9,0
75,1,21,1,1418,108,0,55,1,8,1
57,1,19,1,171,121,0,22,1,6,0
56,1,22,1,989,176,16,29,2,6,0
47,5,17,1,9752,81,17,27,2,2,0
36,7,18,1,4579,554,0,37,1,6,0
36,1,17,1,6831,101,0,29,2,1,0
43,1,17,5,7436,184,0,33,2,1,0
62,1,19,3,6856,10,0,27,2,1,0
31,1,19,5,4474,17,11,37,1,1,0
66,5,16,1,7873,108,0,49,1,6,0
20,6,22,1,1471,15,0,30,2,1,0
42,1,21,1,390,28,2,49,2,1,1
64,6,15,5,6161,3,7,49,2,1,0
36,1,22,5,6138,1,0,36,2,1,0
59,2,21,1,5981,101,0,18,2,2,1
24,1,18,1,5034,107,4,48,2,6,1
27,1,17,1,7525,150,4,23,1,1,0
21,1,20,5,654,47,0,40,2,1,0
29,1,17,5,6229,35,0,10,1,1,0
35,1,23,5,27,35,0,44,2,1,0
33,1,20,3,6167,90,11,36,2,1,0
56,1,21,1,3824,68,0,12,2,1,0
37,1,21,3,2307,12,1,38,1,1,1
44,3,20,1,6130,86,17,19,1,1,0
30,1,22,5,7125,10,0,37,2,6,0
53,1,16,1,5864,69,0,30,2,2,1
68,1,23,1,7567,11,0,59,2,1,0
24,3,19,3,8958,2,0,31,1,1,0
50,1,18,1,3118,11,0,49,2,1,0
18,1,17,5,4996,99,1,35,1,1,0
38,1,15,1,7563,45,0,44,1,1,1
66,4,21,1,1505,79,0,50,1,1,0
73,4,20,1,5195,9,0,43,2,1,1
34,1,16,1,3946,348,0,31,1,1,0
38,3,21,3,199,134,14,32,1,1,0
35,4,24,1,22,28,0,59,2,1,1
24,6,19,3,4831,7,0,36,2,1,0
81,3,17,2,2412,510,1,41,2,1,1
40,1,21,4,1729,113,0,41,2,2,1
62,1,19,1,2430,5,0,49,1,1,1
22,1,12,3,9342,15,15,38,1,1,0
65,1,22,2,5523,26,1,28,2,1,0
48,1,20,1,5054,349,0,28,1,1,1
35,3,18,5,4003,190,0,23,2,1,0
23,1,17,3,8303,69,16,34,1,1,0
61,3,21,4,245,147,4,24,1,9,0
74,4,21,2,1560,67,0,42,1,1,1
56,1,20,1,89,6,0,48,2,2,1
35,1,20,5,5881,33,0,44,1,1,0
36,6,23,1,4728,49,0,51,1,1,0
30,1,21,1,7275,360,0,53,1,1,0
67,6,20,1,4706,27,0,44,2,6,1
27,1,17,1,4990,520,0,29,1,1,0
38,1,16,1,1754,27,0,37,1,1,0
30,1,23,5,1278,6,0,61,2,9,0
74,1,21,5,3830,46,2,64,1,1,0
80,3,24,1,783,1,0,20,2,1,0
71,1,21,1,4921,47,0,53,1,2,0
23,1,16,5,7359,2,13,32,2,1,0
56,3,14,2,4550,199,0,59,2,1,0
51,1,17,5,6492,10,0,43,2,1,0
42,1,21,1,4566,82,0,52,2,1,1
34,1,21,1,3417,200,2,26,2,2,0
45,1,11,1,7239,189,1,28,2,8,0
33,1,17,1,3870,4,0,29,2,1,0
43,1,18,5,5734,149,2,38,2,2,1
47,6,20,5,1584,73,0,28,2,1,0
58,1,20,1,2001,1,0,44,1,1,1
20,1,20,5,3034,1,0,48,1,1,0
28,1,18,5,5515,22,10,47,2,1,0
70,1,20,5,3081,3,0,56,1,1,1
38,1,16,1,922,59,0,55,2,1,0
43,1,17,5,6893,45,0,15,2,1,0
56,1,21,1,1396,185,0,24,1,1,1
55,3,17,3,2991,33,0,25,2,6,0
47,7,23,1,4216,8,0,6,2,1,0
28,1,22,5,5193,3,0,38,1,1,0
35,1,20,1,5642,163,0,49,2,1,1
36,1,20,5,616,57,0,30,1,1,1
49,1,19,4,2036,48,0,29,1,1,1
19,1,22,5,2397,13,0,42,2,1,0
70,1,17,1,2781,291,0,42,1,1,1
34,1,18,5,3090,29,9,42,1,1,0
28,3,20,5,4126,169,0,44,1,1,0
23,1,19,5,5461,20,0,54,1,1,1
59,1,19,1,2950,26,0,10,1,1,0
30,1,20,1,2216,79,0,69,1,1,1
49,1,22,5,9558,11,0,23,2,1,0
62,1,19,1,3559,46,15,29,2,2,0
29,1,20,5,8809,56,5,37,2,1,0
42,1,22,1,396,7,0,35,2,1,1
87,4,19,1,4244,3,0,44,1,1,0
27,1,13,3,6547,124,5,39,1,1,1
46,1,20,1,5566,11,0,19,1,1,0
57,1,20,3,4717,88,0,24,1,2,0
53,1,18,1,2860,32,0,40,1,2,1
33,3,20,1,4405,1,0,50,1,1,1
25,1,18,1,740,2,0,56,2,1,1
58,1,18,1,467,328,0,12,1,2,1
80,2,21,1,8224,6,0,41,2,1,0
40,1,21,1,237,11,0,40,2,1,0
36,2,21,1,5150,89,1,34,2,1,0
34,1,19,1,5817,164,0,50,1,1,1
26,6,22,5,5286,14,10,38,1,6,1
39,1,14,3,5919,126,0,38,1,1,0
21,1,16,5,7778,429,0,37,1,1,0
41,6,16,1,4061,97,4,35,1,1,0
22,1,21,5,5101,23,8,6,2,1,0
65,1,18,1,9649,4,0,35,1,1,0
43,1,13,5,4767,28,1,36,1,1,1
28,2,20,5,4618,264,10,36,1,1,1
19,1,15,5,5254,64,1,39,2,1,0
51,2,23,1,4051,76,0,15,2,1,0
18,3,17,5,1615,36,0,27,1,1,1
42,1,18,5,6625,49,17,37,1,1,1
68,6,15,1,6689,79,0,35,2,1,0
34,3,18,1,9641,2,0,43,2,1,0
24,6,12,5,2581,96,0,33,1,1,0
63,1,18,5,3516,169,0,20,2,1,0
65,3,20,1,322,27,0,15,2,1,0
28,3,21,1,1510,25,0,19,1,1,0
74,2,24,2,1311,3,0,33,2,1,0
37,7,10,1,5494,234,5,33,2,1,0
38,1,20,1,3150,157,0,57,1,1,0
55,2,17,1,900,11,0,51,2,1,0
53,8,22,1,1905,38,0,40,2,1,0
21,1,12,5,1995,75,11,52,1,1,0
52,1,22,3,682,74,0,59,2,1,0
33,6,22,3,2105,12,0,32,1,1,0
51,1,17,1,3407,10,0,43,1,9,1
49,1,14,1,7517,51,0,44,1,1,0
53,6,22,5,1052,6,0,23,1,1,1
40,2,15,5,4543,116,0,30,1,1,1
23,3,23,3,2192,127,16,24,2,1,0
29,4,16,5,2540,3,1,18,1,1,0
37,2,18,3,6305,144,0,40,1,1,0
49,1,22,1,6888,19,0,59,1,1,1
55,2,16,1,3309,1,0,34,1,1,0
65,1,20,1,5564,38,0,46,1,1,1
39,2,23,5,2621,10,0,32,1,1,0
65,1,18,1,1047,22,0,62,1,1,1
22,1,14,5,5896,25,16,47,2,1,0
27,6,18,1,4089,41,0,41,1,1,0
47,1,22,1,1767,15,0,36,2,2,1
37,4,11,5,3211,68,1,40,1,1,0
30,1,19,5,2952,57,0,42,2,9,1
24,1,18,5,1565,1,0,38,2,1,0
33,1,14,5,7691,162,16,33,2,1,0
29,1,16,1,2937,80,0,44,1,1,0
32,1,18,5,3915,59,0,62,2,1,0
54,1,14,4,3077,40,0,32,1,1,0
51,1,13,1,6339,32,0,22,2,6,0
47,1,22,1,413,30,0,23,1,1,1
25,1,16,5,2943,43,14,51,2,2,0
78,1,19,1,3739,93,0,43,2,8,0
21,1,22,5,431,4,0,41,2,1,1
28,1,18,1,4814,32,5,37,2,1,0
49,1,21,1,1608,68,0,32,2,1,0
32,1,14,1,5287,1,0,41,1,1,0
37,4,17,1,1425,33,0,47,1,1,1
55,7,23,1,600,5,0,49,2,1,1
50,6,16,1,3257,112,0,57,2,8,1
34,2,13,5,1114,84,1,49,1,1,0
27,3,18,3,2837,4,1,27,2,2,0
48,1,20,1,5401,6,0,52,1,1,1
29,3,19,5,396,42,0,28,2,1,0
83,7,22,4,282,173,0,41,1,2,0
30,1,18,5,3660,472,0,31,2,8,0
52,7,21,1,7123,3,0,28,1,1,0
62,6,18,4,4912,47,0,42,1,1,1
39,1,19,1,980,2,0,34,1,1,0
56,3,16,1,835,27,0,49,2,8,0
32,6,23,1,2158,17,0,37,2,1,1
81,1,22,3,5664,19,0,49,2,1,0
34,7,23,5,4003,5,0,39,1,1,1
27,3,15,1,3789,116,0,32,2,1,0
30,6,18,5,9069,110,0,27,2,1,0
26,2,21,5,3508,58,1,33,2,1,0
36,1,20,5,6677,19,5,41,1,1,0
65,1,21,1,5530,68,0,47,1,1,0
47,1,13,1,7648,45,0,36,2,1,0
38,1,20,1,4013,1,0,20,1,1,0
39,1,17,1,4307,39,0,35,2,1,0
23,3,19,1,3056,71,16,15,1,6,0
35,1,20,1,5345,52,0,42,1,1,1
75,1,19,1,8645,52,0,45,1,8,0
71,1,19,4,4159,14,0,63,2,1,0
19,1,19,5,7535,91,0,53,1,1,0
21,1,21,5,895,209,8,26,2,1,1
28,1,21,5,2625,177,0,50,1,9,0
26,1,19,5,8311,86,0,13,1,1,0
54,5,12,1,7065,255,0,58,1,1,0
29,1,20,5,2964,91,0,41,2,1,0
34,2,16,5,8518,8,0,20,2,1,0
41,7,20,5,3603,1,0,24,2,1,0
37,1,23,1,7921,2,1,31,1,1,0
45,1,22,1,2069,97,0,42,1,1,1
21,2,21,1,1055,39,0,27,2,2,0
37,7,19,1,1506,119,0,47,1,1,1
68,1,23,1,4317,4,0,41,1,1,1
86,1,18,4,2765,19,0,47,1,1,0
64,4,20,3,3760,23,16,21,2,1,0
47,1,20,5,9130,4,2,15,1,1,0
20,1,20,5,2049,166,0,57,1,1,1
27,1,21,1,6835,17,0,43,2,2,0
49,1,19,5,1260,76,2,43,1,1,1
65,2,23,1,497,5,0,61,2,1,1
33,1,21,2,8640,1,10,56,1,9,1
30,2,20,1,7488,40,0,26,2,1,1
40,1,17,5,2234,73,12,47,1,1,0
36,6,21,1,4944,39,0,48,1,8,0
46,1,20,5,1640,53,0,35,1,1,1
52,6,17,5,3053,394,0,27,1,1,1
28,1,21,5,6887,95,1,43,2,1,0
27,1,18,5,5861,1,14,54,1,1,0
56,1,19,1,388,49,0,14,1,1,1
81,4,20,1,1257,16,0,24,2,1,0
54,1,20,1,1345,15,0,25,2,1,1
39,2,17,1,2925,134,0,51,2,1,1
30,6,19,5,3137,199,0,33,1,1,0
30,1,21,1,1369,60,5,53,1,1,0
40,1,20,1,1617,92,0,49,1,1,1
59,1,18,1,8089,70,0,47,1,6,0
26,1,18,5,570,12,9,45,1,1,1
55,6,16,3,5086,9,15,47,1,1,0
38,1,19,1,1697,149,17,27,1,1,0
30,1,22,1,816,91,0,40,1,1,0
37,1,18,1,7862,4,1,42,2,1,1
41,1,16,5,9469,31,0,30,2,1,0
19,1,12,5,8246,188,12,23,2,1,0
27,1,19,5,327,3,0,46,1,9,0
45,1,16,1,1015,12,0,52,1,1,1
77,7,20,1,9151,531,0,33,2,1,0
28,1,22,1,1228,75,0,57,2,6,1
51,1,20,1,2525,30,0,39,1,1,0
41,3,22,1,4598,126,7,67,1,1,1
67,7,21,1,134,66,0,53,1,1,1
74,1,13,1,1430,38,0,72,1,1,0
56,1,13,1,499,13,0,45,2,1,0
50,3,22,1,2527,196,0,32,1,1,1
51,1,21,3,1313,252,0,58,2,1,1
61,1,21,5,7008,10,3,49,2,1,0
52,6,21,1,553,8,0,55,1,1,0
75,1,17,1,8062,49,0,46,1,1,0
87,7,22,2,308,133,0,42,2,1,1
56,1,17,1,4060,2,0,23,1,1,0
22,6,18,1,5987,125,0,44,2,1,1
43,7,22,1,2039,22,0,58,2,1,1
65,3,21,1,3689,51,0,60,1,1,0
21,4,21,1,849,47,15,12,1,1,1
22,1,6,1,8880,2,0,21,1,2,0
58,1,21,3,3825,38,0,40,1,1,1
55,5,23,1,1212,17,15,27,2,1,1
44,1,14,5,9178,109,0,51,1,1,0
37,1,22,1,877,23,0,23,2,1,0
60,4,19,5,1437,37,3,44,2,1,0
28,1,9,5,8541,55,0,43,2,1,0
41,1,23,1,2280,23,0,66,2,1,1
65,1,19,1,8816,12,0,36,2,1,0
56,5,17,1,4721,28,0,64,1,1,1
66,1,18,1,2596,31,0,30,2,9,0
56,1,18,3,1667,127,0,37,1,2,0
40,1,19,1,6268,237,0,36,1,1,0
43,2,21,5,4645,256,0,39,2,6,0
73,5,20,1,3344,87,0,44,2,1,1
20,1,19,5,4629,6,1,26,1,2,0
30,1,20,5,6720,91,0,22,2,1,0
55,1,21,1,4560,17,0,41,1,6,0
49,6,18,1,8741,70,0,20,2,1,0
24,1,15,1,7752,9,0,28,1,1,0
36,1,19,5,5679,5,0,67,2,1,1
43,1,17,1,1794,4,13,46,1,1,1
26,6,20,5,3583,71,7,40,1,1,0
21,1,17,3,6908,58,0,36,2,1,0
19,1,16,5,9626,153,13,47,2,2,0
56,1,21,3,4530,5,0,18,2,2,0
18,2,18,5,7922,8,0,23,2,1,0
19,1,17,5,415,376,0,53,2,1,1
36,6,17,4,4864,244,3,24,2,9,0
47,1,12,3,5373,24,0,33,2,1,0
24,1,21,3,6332,163,17,30,1,1,0
33,6,20,5,2240,31,7,32,1,1,0
38,7,20,1,1030,94,0,26,1,1,0
58,1,22,1,962,63,0,29,1,9,0
67,4,22,2,2658,254,13,58,1,1,0
62,1,18,5,4676,5,0,70,2,1,1
24,1,18,3,9204,78,17,46,2,1,0
36,1,21,1,768,197,0,43,2,1,0
34,1,16,1,5403,273,0,33,2,2,0
66,1,21,1,2887,66,0,26,1,1,0
25,6,24,1,2853,101,0,32,1,1,1
46,1,16,1,2274,160,0,13,2,1,0
46,4,10,1,8641,110,2,29,1,6,0
42,2,23,1,1456,15,0,79,1,2,1
43,1,11,1,8620,105,0,55,1,1,0
27,1,20,1,2898,22,16,61,1,1,0
27,1,21,5,53,28,1,38,2,1,1
45,2,23,1,2946,15,0,72,2,1,1
28,1,18,5,1992,1,14,24,1,1,0
35,1,19,1,8935,12,0,26,1,1,0
34,2,20,1,1073,21,7,28,1,1,0
37,1,15,5,3466,57,0,51,2,1,1
33,1,21,3,1427,112,10,18,2,1,0
23,1,13,5,8320,9,0,24,1,1,1
50,6,21,1,3146,223,0,47,1,1,0
45,6,17,5,3231,102,0,43,1,2,1
27,6,19,5,1913,33,0,45,2,1,0
41,4,18,5,502,165,0,42,1,1,0
26,1,14,1,4985,107,4,30,2,9,0
45,1,12,1,3369,137,0,33,1,1,0
19,1,17,3,3059,55,1,39,1,1,0
24,1,16,5,9738,7,0,32,2,1,0
75,4,21,2,557,9,0,44,2,1,0
32,1,18,5,3005,269,0,34,2,6,0
43,1,17,3,1786,3,1,50,2,1,0
34,3,14,5,9061,23,4,26,1,1,0
24,2,19,3,5910,42,0,30,1,1,0
36,1,23,3,2647,3,0,31,2,1,0
21,1,14,5,2256,25,5,46,2,1,0
53,1,15,1,7895,81,0,37,1,1,0
51,2,22,1,956,88,0,31,1,1,0
36,1,20,1,5157,40,0,22,1,1,0
74,1,17,5,5429,299,0,43,1,1,0
41,1,19,4,4336,4,0,44,2,1,0
39,2,22,1,2592,27,17,34,2,1,0
25,6,13,5,1551,171,0,67,1,6,1
51,2,18,1,4915,153,1,35,1,2,1
39,1,22,1,8401,16,0,55,1,1,0
40,1,21,1,781,101,0,23,2,1,0
22,1,6,1,7817,1,0,31,1,1,0
43,1,22,5,2999,51,0,68,1,1,1
74,1,21,1,1182,20,0,31,1,1,0
58,1,17,3,4086,43,11,42,2,1,0
29,2,23,1,682,11,2,21,1,9,0
33,1,20,1,7392,108,0,44,2,1,0
31,1,16,5,8192,311,4,40,2,6,0
39,1,22,1,887,20,9,1,1,1,0
57,3,21,1,4238,151,0,49,1,1,1
23,1,21,1,2228,9,0,27,2,1,1
33,1,18,5,5813,7,1,55,1,2,0
21,3,20,5,820,53,1,40,2,1,0
33,1,22,5,6554,16,0,33,1,1,1
33,1,17,5,1563,90,0,47,2,9,0
43,2,19,1,6881,167,0,26,1,1,0
47,1,20,1,4465,26,0,39,2,1,1
42,1,16,1,5028,53,0,34,1,1,0
32,1,19,1,8493,53,2,7,2,1,0
32,1,22,1,4057,4,2,56,1,1,0
30,1,22,5,3422,222,0,44,1,8,0
57,1,16,1,2363,348,0,42,2,1,0
42,4,14,3,1204,162,0,24,1,1,0
34,1,20,5,1324,24,0,31,1,1,0
27,1,18,1,9335,2,0,44,2,1,0
26,1,20,5,4035,11,0,43,2,1,1
29,2,22,1,1419,4,0,57,1,1,1
51,1,22,1,1376,130,1,29,1,1,1
29,3,19,5,4094,23,0,39,1,1,0
64,1,20,5,9079,205,0,27,1,1,0
35,6,20,5,8190,11,0,37,1,1,0
55,2,17,1,3228,17,1,32,2,2,0
39,6,19,1,4174,56,0,41,1,1,0
34,2,15,1,5091,119,0,51,1,6,0
77,2,23,1,2553,111,5,34,1,1,1
50,2,22,1,3606,46,0,21,2,6,0
47,3,16,1,7715,51,0,27,1,1,0
50,1,24,1,211,106,0,37,2,1,1
56,1,20,1,914,16,0,32,2,1,0
36,2,18,1,2624,12,17,19,2,1,0
50,1,17,1,5697,21,10,45,2,1,1
49,4,20,5,3380,82,0,35,1,1,0
42,6,16,1,6977,159,0,27,2,2,1
43,4,19,3,6517,178,17,5,1,1,0
31,1,10,5,2595,7,4,4,2,2,0
43,1,14,3,3346,15,0,37,2,1,0
41,1,17,3,4292,57,0,48,2,1,0
66,1,15,1,1259,464,0,40,1,1,0
49,4,15,1,7470,234,0,32,1,1,1
27,1,19,5,666,45,0,11,1,1,0
33,1,19,1,6873,121,0,48,1,1,1
59,1,20,1,2607,58,0,33,1,1,1
78,4,20,1,2906,1,0,39,1,1,0
46,6,20,1,1369,110,0,17,2,1,1
30,2,21,5,1684,96,0,37,2,3,1
55,1,22,1,126,62,0,49,1,1,1
42,1,22,1,8921,5,13,36,2,1,1
46,7,16,1,3139,3,0,38,2,2,0
19,1,15,1,8351,69,16,41,1,1,0
57,1,16,1,2231,44,13,53,1,1,1
18,1,13,1,2427,8,0,38,2,1,0
50,6,17,1,5990,7,3,44,1,1,1
45,1,21,1,2913,80,0,39,2,1,0
40,2,21,1,3347,35,17,36,1,1,1
58,2,20,1,1487,187,0,41,1,2,1
53,6,20,1,4151,21,0,51,2,8,0
58,6,17,4,4745,51,0,21,2,1,1
27,3,13,1,1090,44,0,32,1,1,0
57,3,21,1,3208,52,0,51,2,1,1
48,3,18,3,5353,139,0,37,1,8,0
57,4,17,1,2586,23,3,25,2,1,1
30,1,20,3,2010,54,0,45,1,1,1
21,1,18,5,3188,73,0,33,2,8,0
47,3,21,1,137,2,3,34,1,1,0
31,1,18,1,6687,40,0,34,1,2,1
40,6,22,1,7299,1,0,19,2,1,0
23,1,20,1,5479,1,0,37,1,2,1
75,1,18,4,4887,52,0,46,1,1,0
29,1,14,1,2162,8,12,42,2,2,1
45,7,20,1,3601,108,0,34,1,6,0
40,1,22,1,4128,44,0,36,2,1,0
44,3,23,1,2830,113,0,44,2,1,0
46,1,21,1,1610,267,0,35,1,8,0
42,5,20,1,3600,50,0,28,2,1,0
56,1,19,3,7878,5,0,57,1,1,0
37,1,18,3,2951,304,0,32,1,1,0
53,2,18,5,3305,33,0,55,2,1,0
57,3,22,1,1167,9,0,18,2,1,0
53,3,24,5,298,119,0,46,2,1,0
75,3,22,1,6546,4,0,28,2,1,0
53,3,17,3,8938,69,0,54,2,1,0
20,1,20,5,1381,98,1,47,2,1,0
24,2,22,1,238,27,0,41,2,1,1
49,3,19,1,7987,18,0,69,1,1,1
39,1,20,1,118,71,0,38,1,6,1
31,1,19,3,784,86,0,42,2,1,0
37,1,18,5,7645,48,16,30,1,8,0
38,2,19,2,3860,1,0,28,2,2,0
36,1,18,1,8283,254,2,63,1,1,0
33,1,14,1,8481,85,3,42,2,1,0
40,2,21,1,2403,241,0,19,2,1,0
23,1,17,5,8614,45,0,61,1,1,0
21,1,18,5,1060,121,2,25,1,1,1
19,6,19,5,3447,20,4,13,1,1,0
35,5,24,1,59,169,0,50,2,5,0
63,2,20,5,2161,303,17,16,2,1,0
36,1,18,1,8377,215,0,20,1,1,0
71,1,20,3,6584,43,1,45,1,6,1
35,3,21,1,204,59,1,47,2,1,1
35,6,14,5,8620,269,0,59,1,1,0
48,1,23,1,671,54,0,40,1,1,0
38,1,16,1,6220,3,7,26,1,6,0
50,1,21,1,5991,289,0,37,1,1,0
76,1,23,1,7120,25,0,48,1,2,1
37,1,21,5,3806,63,0,41,2,1,1
62,7,22,2,485,280,0,39,1,6,0
31,7,19,1,792,23,0,45,2,1,0
72,1,20,1,6943,129,5,44,1,1,1
36,1,16,3,6356,104,0,45,2,1,0
65,6,20,1,6384,2,0,40,2,8,0
64,1,21,1,709,62,0,43,2,8,1
31,1,17,5,8244,65,17,25,2,3,1
35,1,20,1,3143,10,0,23,1,1,0
36,1,19,1,8041,78,0,44,2,2,0
42,6,18,5,7854,50,0,41,2,2,0
35,1,20,5,5039,3,17,40,2,1,1
42,5,18,5,9797,237,6,27,1,1,0
27,1,21,5,2124,42,0,43,2,1,0
29,1,15,1,8033,6,16,44,1,1,0
26,4,17,1,664,7,0,47,2,9,0
23,1,16,3,5426,30,0,23,2,1,0
61,1,24,1,2707,144,1,69,2,1,0
57,1,21,1,6904,86,0,35,2,8,0
53,1,16,1,4570,115,0,20,1,1,0
27,1,20,5,8724,4,0,29,1,1,1
51,2,21,1,3004,180,0,38,1,1,0
51,1,17,5,3215,326,0,28,2,1,0
26,4,16,5,3252,3,16,47,1,1,1
42,5,17,1,3466,381,16,32,2,1,1
47,1,16,1,495,130,0,28,1,1,0
43,1,22,1,8892,135,0,41,2,1,1
39,1,20,3,575,46,14,39,1,1,0
34,1,19,1,5607,2,0,39,1,2,1
46,2,21,4,2261,4,0,59,2,1,0
20,1,16,5,2759,86,0,38,2,2,1
34,1,20,3,1674,121,0,32,2,1,1
34,3,21,3,8301,7,15,12,1,2,1
32,1,17,5,9498,151,0,32,2,1,0
18,1,16,5,7628,10,8,29,2,1,0
49,1,14,4,9657,128,0,18,2,1,0
39,2,20,3,814,105,0,59,2,6,0
58,3,15,1,7126,217,3,25,2,1,0
26,1,17,5,8318,24,0,22,2,2,0
64,1,20,1,6617,372,0,31,2,1,0
60,5,12,1,8229,106,17,29,2,1,0
30,3,19,3,6081,9,4,33,2,1,0
39,1,7,1,1067,11,0,11,2,1,0
52,1,19,5,2559,237,0,70,1,1,1
47,1,23,1,4982,24,0,38,1,1,0
61,3,23,1,2003,85,15,52,2,1,0
27,1,11,1,6179,94,0,44,2,1,0
48,2,16,2,8136,48,17,38,1,6,0
73,5,17,1,4280,12,0,16,2,2,0
34,6,21,3,4045,10,0,54,1,1,0
59,3,20,3,771,4,0,52,1,2,1
23,1,12,3,7195,20,17,8,1,8,0
30,2,19,5,6173,47,1,29,1,1,0
41,2,13,5,8568,35,0,22,1,2,0
59,1,15,1,2940,10,0,18,1,1,1
22,2,20,1,2179,69,0,40,1,8,1
50,1,22,4,96,53,0,31,2,1,1
47,1,16,2,1721,86,0,31,1,1,1
35,1,18,1,8839,1,0,44,1,1,0
61,1,19,1,6598,69,0,34,2,1,0
68,7,21,1,917,3,0,29,2,1,0
39,1,22,5,361,2,0,27,1,1,0
73,1,20,1,902,176,1,44,1,1,1
18,1,12,3,2346,92,0,27,1,2,0
56,1,22,1,3113,212,0,49,1,8,1
38,1,19,5,5095,81,0,66,1,1,0
50,2,24,1,37,154,0,22,2,1,0
46,6,21,3,2689,12,0,31,1,1,0
43,1,21,3,8212,5,0,38,2,2,0
48,7,23,1,926,37,0,34,2,1,0
19,1,16,1,7633,13,0,58,2,1,1
26,1,22,1,4931,102,2,53,2,1,1
43,1,19,1,5840,8,13,13,1,1,0
24,1,21,1,4949,19,6,55,1,1,1
27,3,22,1,1020,1,0,48,1,1,1
36,6,18,1,1970,74,0,39,1,1,0
36,6,16,3,1038,168,0,35,1,6,0
69,1,11,1,8350,64,0,25,2,1,0
24,1,16,1,7659,216,0,28,1,1,1
29,1,14,1,2019,31,0,60,1,1,1
61,1,19,1,6426,12,0,25,2,1,0
54,3,24,3,2560,23,4,54,1,1,0
32,2,21,1,2901,258,0,23,2,1,0
32,3,15,5,5511,349,0,37,1,1,0
65,5,17,5,8083,265,0,45,2,1,1
50,1,15,1,8266,3,0,24,1,1,0
22,1,14,5,7084,7,17,34,1,6,0
86,3,14,4,1059,275,0,6,2,1,0
66,1,20,1,4946,38,0,41,2,1,1
53,1,16,3,271,8,0,27,1,1,0
42,1,18,3,1561,17,0,42,2,1,0
45,1,18,5,7830,46,0,54,1,1,0
43,1,20,1,3761,98,0,14,1,1,0
34,1,20,5,703,75,0,43,2,1,1
34,1,15,5,4407,28,0,46,2,1,0
50,1,21,1,5884,99,0,46,2,1,1
21,1,21,5,6301,344,16,33,2,6,0
47,1,18,1,3069,188,0,1,2,1,0
30,6,14,3,1796,25,0,20,2,1,0
44,1,19,1,3290,31,0,60,1,1,1
40,5,18,3,5987,270,0,27,2,1,0
64,1,18,1,284,184,0,41,2,1,0
59,1,19,1,8491,64,1,45,1,2,1
60,1,18,1,7379,5,5,50,1,1,0
72,1,23,4,75,117,0,3,2,1,0
72,4,20,1,4089,67,0,24,2,1,1
54,2,20,1,3336,188,0,24,2,8,0
60,7,21,1,5001,14,0,53,2,1,1
38,2,21,3,829,1,0,35,2,2,1
42,1,22,1,39,50,0,26,2,1,0
39,1,22,1,3502,3,12,35,2,6,0
45,3,18,5,5780,19,0,19,2,1,0
51,1,15,5,3482,4,0,38,1,1,0
36,6,15,3,4226,126,0,38,2,2,0
28,1,6,1,6274,14,15,29,1,6,0
45,6,19,1,2766,63,0,28,1,1,0
63,1,18,5,8710,18,0,48,2,6,0
27,1,22,5,947,177,0,27,2,1,0
33,1,20,3,6835,11,0,48,1,2,0
34,4,23,5,1185,2,0,38,2,1,1
39,1,16,1,6801,159,0,28,1,1,0
54,3,23,1,862,32,14,22,1,6,1
47,1,19,5,1178,2,0,63,1,1,0
17,1,11,5,8221,35,16,18,2,2,0
40,3,17,5,2893,18,0,29,2,6,0
42,2,21,1,457,37,0,60,2,1,1
35,3,11,5,6560,36,0,21,1,1,0
20,1,20,1,5074,29,0,25,1,1,0
18,1,22,5,1635,2,0,38,2,1,0
20,2,10,1,8773,64,0,14,1,1,0
59,2,20,5,6212,19,0,41,2,2,0
48,3,22,5,2042,144,0,29,2,6,1
54,6,19,1,4633,30,0,43,1,8,1
41,1,22,1,69,48,0,48,1,1,1
53,1,17,3,9366,5,0,53,2,2,0
51,2,16,1,7712,44,5,30,1,1,0
41,1,23,1,4094,21,0,43,1,1,1
54,2,22,1,125,41,0,54,1,1,0
21,1,16,5,8504,189,7,42,1,1,0
18,7,22,5,2709,20,0,31,1,6,1
36,1,22,5,1230,32,0,21,1,1,0
70,2,21,1,6308,47,0,57,2,1,1
18,1,19,5,3112,98,8,44,1,1,0
45,1,20,5,5197,13,0,43,1,1,0
36,1,16,5,3394,439,0,48,1,8,0
67,7,19,3,782,2,0,36,2,1,0
29,1,19,1,2560,15,13,31,1,1,0
39,1,20,5,3972,11,0,46,1,1,0
58,1,19,1,4575,37,0,61,2,1,0
47,4,21,1,2462,8,0,35,2,1,1
47,1,21,5,6165,1,1,61,1,1,0
35,6,21,3,4683,82,0,42,2,1,1
44,1,22,1,6187,5,1,33,1,1,1
27,3,18,1,3706,86,0,29,2,1,0
41,1,10,1,9439,85,0,50,2,1,0
62,1,16,5,3767,1,0,52,1,1,1
42,1,13,1,9382,302,0,37,1,1,0
32,3,21,1,3908,244,0,62,1,1,0
50,3,15,1,6007,185,0,38,1,2,0
35,7,16,1,7772,30,8,37,2,2,0
46,1,22,1,390,9,0,28,2,1,0
34,7,19,5,2305,33,0,40,2,1,0
66,1,18,1,4596,44,0,56,2,3,1
40,3,22,5,3208,1,17,25,1,1,1
35,1,12,5,2337,82,0,21,1,2,0
72,2,21,1,1689,1,0,70,2,1,0
38,1,17,5,7734,35,7,45,1,2,0
32,3,22,1,5480,21,0,19,2,1,0
58,1,19,1,1379,4,1,21,2,1,1
25,1,19,1,6140,8,0,46,2,1,0
68,2,22,1,3674,48,1,67,1,1,1
42,1,19,5,8038,9,2,36,1,1,0
70,1,20,1,7719,6,0,40,1,1,1
46,1,18,1,8108,187,0,30,1,2,0
30,2,23,3,1041,5,0,52,1,1,1
55,1,12,1,7212,172,0,45,1,6,0
59,1,19,1,1660,88,0,40,2,1,0
30,1,22,1,5101,7,0,48,1,2,1
66,1,21,1,2481,25,16,38,1,1,0
43,1,22,1,300,69,0,51,2,1,0
42,3,23,1,2104,175,0,32,2,1,1
24,1,20,1,5319,33,3,51,1,1,0
62,1,23,1,3162,34,0,25,1,1,1
64,1,15,1,4995,278,0,41,1,6,0
48,1,18,5,2673,123,0,46,1,1,0
34,1,19,1,655,165,14,38,2,2,1
52,1,19,1,2631,46,0,53,2,1,1
22,1,22,5,2328,11,0,10,1,1,1
39,1,21,3,1431,5,1,24,2,1,0
40,3,18,1,8756,86,0,26,1,1,1
71,6,19,1,6112,35,1,41,2,1,0
54,1,22,1,5323,23,0,44,2,1,1
31,1,10,5,8706,7,0,31,1,1,0
29,1,18,5,3599,123,0,24,1,6,1
38,6,20,5,1634,7,0,51,2,1,0
30,1,18,5,987,73,0,26,1,2,0
68,2,23,1,1464,99,0,38,2,1,0
32,6,22,5,1104,4,0,50,2,1,1
83,1,21,2,8519,180,0,36,2,9,1
32,1,22,5,4599,281,0,42,1,1,0
59,1,16,1,7078,45,0,31,2,1,0
38,1,20,1,4143,3,0,33,2,1,0
35,1,21,3,771,42,0,38,2,1,1
41,2,18,5,5650,3,0,31,2,8,0
29,7,22,5,352,33,0,52,1,1,1
49,3,18,1,2646,23,0,19,1,1,0
49,3,23,1,830,2,0,41,1,1,1
57,3,22,1,2253,70,0,59,1,1,1
62,1,17,4,4014,3,0,35,1,1,0
44,3,19,5,4771,21,5,49,2,1,1
57,1,23,4,6950,108,15,29,1,2,1
82,1,19,1,5020,2,0,36,1,1,1
29,1,21,5,3071,178,0,32,2,1,0
50,1,21,3,1783,96,5,23,2,1,0
49,1,16,1,7801,29,7,32,2,1,0
34,1,16,5,9367,128,4,25,1,1,0
43,1,19,1,1486,26,0,43,2,1,0
33,1,17,1,5992,10,0,33,2,1,0
45,1,16,3,2398,9,15,8,1,1,1
75,3,23,1,2172,73,0,35,1,1,0
49,1,19,1,5898,52,0,25,1,1,1
23,2,20,5,3932,37,0,46,1,1,0
36,1,19,3,1694,19,1,38,2,1,1
38,5,21,5,184,42,12,33,1,1,0
29,1,21,5,5125,34,0,55,2,2,0
46,3,20,1,8457,89,0,35,1,1,0
39,1,22,5,4307,49,0,32,2,1,0
33,1,16,5,595,20,0,21,1,1,0
24,1,16,5,5061,304,0,32,1,1,0
18,1,17,5,1897,105,17,31,2,1,0
32,2,21,5,4546,1,2,44,2,1,0
63,2,19,1,3224,4,0,12,1,1,1
37,6,20,1,4915,138,0,54,1,1,0
38,1,21,3,8964,4,0,25,2,1,0
33,1,15,1,5308,108,7,49,2,2,0
22,1,17,1,1450,109,17,42,2,1,1
90,3,21,2,4794,101,0,71,2,2,1
66,1,19,1,844,26,0,33,1,1,0
24,1,8,3,5153,26,0,29,1,9,0
63,1,17,1,3807,88,0,41,2,6,1
86,1,22,4,4502,6,0,62,1,1,1
38,1,20,5,544,112,0,59,1,3,1
39,1,16,1,4536,57,0,40,2,1,1
24,1,16,5,3300,19,1,17,1,1,0
30,1,21,1,2490,154,2,51,2,1,1
52,1,21,3,3913,203,0,56,1,1,0
53,4,16,1,2687,255,0,41,1,1,0
39,1,19,5,1015,12,14,20,2,1,1
32,1,21,5,5044,31,16,33,1,2,0
36,4,20,5,338,45,15,40,1,1,1
40,6,19,1,5820,3,0,17,1,8,0
20,7,19,3,217,6,14,29,1,1,0
35,1,19,5,6393,61,0,43,2,1,0
36,1,20,1,96,78,0,51,1,6,0
55,1,12,1,9690,49,0,20,2,1,0
21,1,19,1,5664,46,9,37,1,1,1
24,3,18,1,4237,29,0,61,1,1,1
66,3,23,1,2146,57,0,9,2,1,1
32,1,17,5,3681,253,9,27,2,1,0
30,2,19,1,9299,40,17,26,1,1,0
32,3,21,1,914,90,0,10,2,1,0
31,1,17,3,7167,295,2,29,2,1,0
27,4,22,5,8892,12,12,33,2,1,0
39,1,11,1,7260,228,0,28,1,1,0
36,1,20,1,4652,40,0,66,2,1,1
31,1,20,1,6966,238,5,52,1,1,0
37,1,21,5,6711,8,0,41,2,1,1
36,1,17,1,6221,45,0,45,2,1,0
41,4,17,5,1925,23,0,39,1,1,1
36,1,20,5,5307,5,1,50,1,1,0
24,1,22,1,8436,16,0,41,1,1,0
59,1,21,1,770,132,0,61,1,1,1
43,1,18,5,8593,32,17,36,2,1,0
19,7,10,1,3040,54,0,44,1,2,0
31,1,17,5,3569,22,0,43,1,1,1
45,6,17,1,2930,346,0,54,1,1,0
47,1,16,1,7024,2,0,61,1,1,0
40,1,16,1,3876,83,0,29,1,2,0
24,4,21,3,1215,97,15,33,1,1,0
31,1,20,1,3749,143,0,45,1,1,0
54,1,19,3,4199,82,0,22,1,1,0
74,1,17,1,6266,146,0,24,1,1,0
26,1,18,1,5129,62,0,48,1,1,0
51,6,20,1,3809,17,0,35,1,1,1
55,1,21,1,772,2,0,39,2,1,1
61,7,16,3,5394,71,0,23,2,1,0
24,1,19,5,1875,62,0,52,2,1,0
33,1,17,3,2627,87,0,49,1,2,1
29,2,16,1,604,4,0,37,1,1,1
39,1,21,1,1853,58,0,47,1,1,1
26,1,21,5,6862,15,0,49,2,1,0
49,2,21,1,7621,5,1,45,1,1,1
65,3,21,1,4370,40,0,61,2,1,0
28,1,18,5,5242,30,0,75,1,1,0
44,1,21,1,2286,126,0,17,2,3,1
45,7,22,1,1665,210,0,28,2,2,0
21,6,20,5,619,108,3,33,2,1,0
72,1,19,1,3880,327,0,33,2,1,1
33,1,19,1,4203,22,3,18,2,1,0
20,1,21,3,6435,90,0,38,1,1,0
23,1,18,1,2627,68,0,47,1,2,0
40,1,21,5,7747,262,0,51,1,1,1
24,1,13,1,7117,179,0,14,1,6,0
71,1,20,1,930,78,0,43,1,1,1
46,2,21,1,9036,3,3,43,1,1,0
50,2,22,1,2398,11,0,58,1,1,1
25,1,18,5,6002,4,0,50,2,2,0
22,5,16,5,9519,34,0,65,2,2,0
32,1,18,1,5910,4,5,23,1,6,0
51,1,21,3,2807,122,0,67,2,1,0
51,1,13,1,9549,414,0,33,1,1,0
30,1,13,5,5967,2,5,23,1,1,0
29,1,15,1,2291,118,16,29,2,8,0
73,7,17,1,6129,10,16,57,1,8,0
39,1,18,1,7341,47,1,40,1,1,0
54,1,19,4,5301,68,0,55,1,1,1
49,4,17,5,2207,141,0,39,2,6,0
33,2,16,5,9286,227,0,22,2,1,0
51,1,22,1,2777,7,2,62,1,3,1
33,3,21,1,3420,50,2,17,2,1,0
50,1,22,1,3222,8,0,47,1,1,0
58,1,18,3,3936,250,0,18,2,6,0
28,1,20,5,750,10,0,27,1,1,0
33,6,18,5,4871,2,0,20,2,1,0
34,1,17,5,9781,139,2,46,1,1,1
19,2,13,5,9781,176,2,35,1,1,0
32,2,20,1,2867,1,0,33,2,1,0
47,1,21,1,7859,249,17,44,2,1,0
23,1,18,1,2672,30,0,30,1,1,0
65,4,24,2,343,13,0,47,2,1,1
24,1,14,5,9793,274,0,39,1,6,1
47,1,15,2,4054,12,0,52,1,1,0
35,1,21,5,280,15,0,28,2,1,1
56,1,20,4,116,5,0,46,2,1,1
36,7,15,5,482,288,0,15,2,8,0
56,2,20,1,465,299,0,43,2,2,1
66,2,22,1,1618,99,0,47,2,6,0
55,1,15,1,4161,73,0,31,2,6,1
46,1,11,1,5373,19,0,36,1,1,0
60,1,20,1,1479,17,0,41,2,1,1
58,1,13,1,8673,10,0,54,1,1,0
51,7,23,1,2176,226,0,38,1,1,0
72,4,19,1,1821,86,0,27,2,1,0
24,1,18,1,5263,4,1,23,2,9,0
64,1,22,1,2019,47,0,56,1,1,1
36,1,15,5,4631,50,1,51,1,2,0
24,5,21,5,3210,81,0,55,1,1,0
26,1,12,5,9579,74,0,25,2,3,0
84,5,22,4,1916,58,0,42,2,1,0
46,1,16,3,5715,1,0,60,1,1,1
21,1,13,3,7192,22,0,40,1,1,0
74,7,20,1,1905,11,0,47,1,1,1
31,2,22,3,1551,339,1,56,1,1,0
21,1,21,5,2827,31,3,41,1,1,1
25,1,19,5,257,168,0,51,2,1,1
60,4,20,1,3820,442,0,35,2,1,1
52,7,21,1,4468,43,0,30,2,1,0
58,6,24,1,946,1,0,43,2,1,1
39,1,20,1,4830,2,0,31,2,1,1
32,1,22,1,3883,4,13,36,1,1,0
31,1,18,5,7530,198,0,29,2,1,0
28,1,9,4,5498,270,0,41,2,1,0
47,1,17,1,251,15,0,39,1,1,1
69,1,16,5,7081,21,0,57,1,1,0
72,1,21,1,3952,131,0,47,1,1,1
37,2,16,1,8049,30,0,24,2,1,0
38,3,15,1,4950,172,0,35,2,1,0
29,1,16,1,6759,7,1,44,2,1,1
57,1,19,4,1488,4,2,23,2,1,0
63,3,22,1,3299,90,0,19,2,1,0
43,1,19,1,6633,118,0,29,1,3,0
51,3,21,1,1827,311,0,42,1,1,0
41,1,21,1,426,20,0,41,2,1,1
31,1,20,5,7458,10,0,31,1,1,0
29,7,22,5,3025,29,0,20,2,1,0
38,3,23,3,20,474,0,34,2,1,1
51,1,16,3,6660,79,2,22,1,1,1
32,1,21,3,5600,7,0,5,1,2,1
71,1,21,1,5048,130,0,45,2,1,1
37,1,20,1,1175,150,0,17,2,6,0
22,2,13,3,5528,21,12,21,1,1,1
51,3,13,4,5980,8,1,27,2,1,0
36,1,19,5,4627,1,16,43,1,1,0
29,1,11,1,8859,6,0,52,1,1,0
68,2,22,1,2010,25,0,37,1,1,1
34,1,12,5,2808,59,0,13,1,8,1
25,3,21,1,1046,354,0,38,1,1,1
61,1,19,1,3152,173,0,39,2,1,1
51,1,16,5,1874,274,0,35,2,1,0
44,1,11,1,1826,54,0,29,2,2,0
83,1,23,1,199,10,0,42,2,1,1
41,1,20,1,3362,17,6,29,1,1,0
46,3,21,1,463,52,0,28,2,2,0
60,1,21,1,4594,2,0,50,1,9,1
43,1,20,1,3997,9,0,46,2,1,1
50,1,19,1,5355,21,0,59,2,1,0
28,2,21,5,3009,5,0,37,2,1,0
21,6,20,5,2005,245,0,48,1,7,0
75,1,18,1,418,25,0,39,2,1,0
40,1,17,5,1348,17,10,54,2,1,0
57,1,10,1,4029,48,0,26,2,1,0
52,1,20,4,2272,19,0,56,1,1,1
33,1,21,5,5594,1,0,32,2,9,0
21,1,19,5,179,28,0,28,2,1,0
44,1,19,5,2500,34,0,56,1,1,1
59,2,21,1,4459,126,0,47,2,2,0
46,7,22,1,2167,18,0,47,1,1,1
39,2,19,1,1039,26,0,57,2,1,1
40,6,16,1,7681,90,0,44,2,2,0
36,1,16,1,3228,69,0,46,1,1,1
39,1,15,3,9515,14,0,34,2,1,0
49,1,20,1,6168,45,0,37,2,6,1
30,1,17,1,7171,49,0,15,1,8,0
59,1,14,1,2754,43,0,51,1,1,0
49,6,17,1,8535,16,14,58,2,1,0
24,1,18,5,2400,166,17,72,1,1,0
32,2,14,5,4121,8,0,41,2,6,0
31,1,21,1,452,131,0,43,2,1,0
30,1,21,5,5654,19,14,50,2,2,0
30,6,16,5,5174,70,1,41,2,1,0
33,1,20,1,1737,64,0,58,2,1,1
36,3,21,1,63,36,16,44,2,1,0
57,1,18,1,6273,90,0,44,2,1,1
32,1,22,1,599,10,0,34,1,1,1
35,4,12,3,4902,21,0,36,1,1,0
28,1,18,1,6699,62,17,34,2,1,0
69,1,20,1,3112,269,0,53,2,1,1
34,1,17,4,5250,9,0,33,1,1,0
30,1,16,1,9165,114,11,29,2,1,0
69,3,23,1,889,65,0,36,1,1,0
19,1,9,5,9512,12,0,36,2,1,0
22,4,21,5,3114,50,0,29,1,1,1
27,2,14,5,9357,5,0,41,1,1,0
84,1,22,1,2356,98,0,45,2,1,1
42,1,18,3,4781,165,13,18,2,1,0
50,6,21,3,8148,16,0,29,1,9,1
47,6,19,1,1070,371,0,50,2,2,1
62,1,22,1,212,12,0,28,2,1,0
48,6,21,5,1786,99,0,43,1,1,0
49,1,17,2,227,112,0,48,2,1,1
31,3,13,5,4091,554,17,24,2,1,0
29,1,18,1,5853,29,0,48,1,1,1
40,1,21,1,8278,11,8,48,1,1,1
58,1,12,1,6228,44,0,52,1,1,0
29,1,19,5,975,3,0,42,2,1,0
28,1,22,5,4994,10,14,31,1,1,0
28,3,18,3,1739,41,0,32,1,1,1
48,1,12,5,4799,153,0,19,2,1,1
39,4,12,5,7546,134,0,48,2,1,0
37,1,20,5,2313,10,0,46,2,1,1
46,1,21,3,6638,23,3,49,1,1,0
30,7,20,5,547,47,0,43,1,1,1
60,3,22,1,2903,103,0,22,2,1,0
64,1,16,1,4502,47,0,44,1,1,0
43,1,15,1,632,21,0,36,2,1,1
32,1,19,5,6470,50,4,18,1,1,0
32,2,17,1,5907,15,0,50,2,1,0
45,2,19,1,7508,37,0,30,2,1,1
26,1,20,5,2131,128,3,49,1,1,0
47,1,19,1,2419,323,0,30,1,1,1
63,1,21,1,3236,56,0,58,1,1,1
55,1,17,1,7492,70,0,36,2,2,1
60,2,15,1,6322,306,5,19,2,1,0
47,1,22,3,2726,8,5,37,1,1,1
40,1,13,1,7896,97,17,34,1,1,0
45,7,23,5,4090,36,0,13,2,1,0
43,1,19,5,5576,417,0,25,2,1,0
32,7,21,5,6015,183,0,58,1,1,1
43,1,18,1,461,34,0,41,2,1,0
68,3,19,1,4119,47,0,41,1,1,1
66,1,24,1,2178,17,0,57,1,8,1
80,1,20,1,2575,33,0,14,2,2,0
31,6,12,1,2631,82,0,32,2,1,0
35,2,14,5,4773,27,0,21,1,1,1
19,1,22,5,3821,9,0,33,2,9,0
28,1,13,5,7813,14,0,37,1,1,0
43,7,20,5,1214,79,0,49,1,1,1
44,5,17,4,3403,102,1,52,2,1,0
22,1,15,5,2862,80,10,46,1,9,1
36,1,17,5,7263,176,0,26,1,1,1
53,1,21,1,3420,29,0,56,2,1,1
55,1,21,5,5434,27,0,32,1,1,0
32,1,17,3,1842,92,2,6,2,2,1
53,1,17,3,2094,7,0,53,2,1,1
83,1,22,4,3719,37,0,57,1,1,0
34,1,11,5,4176,90,0,45,2,1,1
41,1,14,1,1918,100,0,26,2,2,0
43,1,17,1,2391,193,0,46,1,1,0
29,1,21,5,1592,24,0,56,1,8,1
23,1,18,5,5542,241,1,43,1,2,1
36,1,19,5,3185,58,0,75,1,1,0
42,1,15,5,9238,17,0,24,2,8,0
65,2,20,1,5272,38,0,48,2,1,1
31,1,17,1,8782,123,0,37,1,1,0
21,3,19,1,3894,32,0,38,1,1,0
59,1,15,1,2791,24,0,50,1,1,1
22,2,20,5,2135,46,0,14,1,1,0
35,1,22,1,1889,18,1,47,2,6,1
38,4,21,1,2336,49,14,63,1,8,0
19,6,19,3,5743,5,1,42,2,1,1
69,5,21,1,142,31,0,12,1,1,0
44,5,20,1,1671,16,0,14,2,1,0
47,6,20,5,3891,16,0,42,1,1,0
35,4,19,1,3930,178,1,50,1,1,0
30,1,21,5,7583,27,0,14,1,9,0
27,1,20,5,8760,13,1,21,2,8,0
26,4,17,1,8835,222,0,25,1,1,0
36,1,19,1,2212,1,11,43,1,1,0
29,1,15,5,9216,20,15,41,2,1,0
51,5,15,1,9148,76,7,31,2,1,0
29,1,18,1,6362,107,0,40,2,1,1
26,1,21,3,141,63,1,40,1,1,1
38,1,20,5,8752,61,0,41,1,1,1
40,1,17,1,6716,300,11,37,2,1,0
55,1,17,4,8137,72,0,35,1,1,0
19,1,20,5,3599,2,17,9,2,1,0
56,1,20,1,7699,76,17,50,2,6,0
82,4,22,2,7383,383,0,34,1,1,1
44,1,17,1,8879,125,6,49,1,1,0
54,1,22,3,2533,23,0,20,2,1,0
35,1,17,5,3591,344,7,22,1,1,0
26,7,20,1,4068,31,11,10,2,1,0
21,1,22,5,7310,67,14,46,1,9,0
26,1,20,5,5771,58,17,34,1,1,0
75,2,21,1,5072,51,0,62,2,1,1
52,1,19,1,6840,73,0,38,1,1,1
34,2,15,1,5383,71,0,41,2,1,0
76,3,19,1,4112,11,0,39,2,1,1
26,5,10,5,8481,2,0,51,1,1,0
58,2,20,1,4101,26,0,68,2,1,1
34,1,16,5,9549,10,15,40,1,1,0
20,1,22,1,1003,151,16,32,2,1,0
66,2,18,1,5839,3,0,61,1,1,1
33,1,19,1,6308,3,0,37,1,1,0
47,6,23,5,4083,71,0,43,2,1,0
43,1,19,1,20,69,0,53,2,1,1
27,1,19,5,2460,19,0,40,2,1,0
48,6,20,5,4943,156,0,17,2,8,1
35,1,16,1,5428,108,0,59,1,1,0
33,1,20,1,1837,162,0,21,2,1,0
47,2,18,5,786,40,0,54,1,1,1
41,1,20,3,8751,92,3,39,1,1,0
35,1,21,1,5645,171,0,38,1,2,1
53,1,13,3,9019,126,0,33,2,1,0
37,6,15,5,7097,2,0,8,2,1,0
38,1,21,5,848,34,15,42,1,1,0
51,1,17,1,3890,1,0,34,1,2,0
59,1,23,1,5975,91,0,51,2,1,0
29,1,24,5,823,106,4,17,2,6,0
37,1,15,1,3757,35,0,38,1,1,0
21,1,21,5,1327,6,2,50,1,6,0
45,4,21,1,2190,105,0,50,2,1,1
41,1,16,2,4433,19,0,34,2,2,0
56,2,17,1,9280,4,0,31,1,8,1
24,4,23,5,7839,18,0,20,1,1,0
55,1,19,1,8473,129,1,18,1,1,0
23,4,19,5,882,53,0,30,1,1,1
62,1,24,1,1833,276,0,35,1,1,1
59,7,16,1,3070,49,0,19,1,1,0
63,3,22,1,1314,31,0,43,1,1,0
47,1,19,1,4654,1,0,19,2,1,0
71,1,19,4,4457,47,0,38,1,1,1
35,7,21,1,1326,18,0,30,2,1,0
57,1,19,1,592,115,0,40,2,1,1
45,1,20,1,3444,75,0,30,2,1,0
34,1,20,1,8740,31,0,35,2,1,0
44,1,13,3,1065,22,3,29,2,4,0
62,1,23,5,1270,166,0,56,1,1,1
51,1,16,1,1289,53,15,41,1,1,0
32,1,16,5,7805,43,0,17,1,1,0
54,6,20,1,2726,143,0,34,2,1,0
69,2,14,2,5272,22,0,14,2,1,0
20,1,13,5,2310,161,17,32,2,1,1
25,1,14,3,8371,9,16,19,1,1,0
36,1,20,5,6952,11,0,48,1,1,0
74,3,17,2,2858,9,0,65,2,2,0
24,6,18,1,223,153,0,34,1,1,1
26,2,15,1,8146,265,16,9,2,1,0
44,3,19,1,3773,104,0,51,1,1,0
46,1,22,1,7767,81,0,48,1,9,1
22,1,20,1,7592,70,16,36,2,1,1
34,1,14,5,2013,75,14,36,1,2,0
21,4,20,5,3053,7,0,38,1,1,1
44,2,13,5,5737,395,7,26,1,2,0
52,1,20,3,1486,1,0,7,2,1,1
34,2,17,5,5284,28,13,41,1,1,0
43,1,15,5,6780,22,4,35,2,1,0
47,1,19,1,729,14,0,48,2,2,0
54,7,20,1,4042,122,0,40,1,1,0
63,5,22,1,3844,8,0,49,2,1,1
22,1,18,1,2852,2,0,40,1,1,0
82,1,21,1,4621,6,0,53,1,1,0
37,1,18,5,4275,5,4,44,2,2,0
31,1,18,1,2322,12,3,40,1,1,0
36,1,2,1,4224,294,0,41,1,1,0
33,1,17,5,3235,8,0,46,1,2,0
60,2,22,1,246,141,0,29,2,6,0
44,3,18,1,7676,75,12,42,2,1,1
40,1,18,1,7934,83,4,43,1,1,0
21,1,21,5,3276,20,0,7,1,3,0
47,1,20,3,2607,8,0,32,2,1,1
27,1,21,5,1495,34,1,35,2,6,1
44,2,19,1,1464,7,0,49,2,1,0
45,1,18,4,5085,32,1,29,2,1,0
64,5,21,4,361,57,0,43,2,1,1
19,1,14,5,5808,49,0,41,1,2,0
68,4,22,1,7313,175,0,36,2,1,1
46,1,19,1,1959,56,15,39,1,6,0
23,6,22,5,4093,2,0,48,2,1,0
59,7,19,1,5491,11,0,11,1,1,0
51,1,20,1,7015,58,0,38,1,1,1
20,1,21,5,1651,33,0,30,2,1,0
18,1,14,5,1016,19,17,36,1,2,0
24,1,20,1,8685,25,0,34,1,1,1
54,1,22,5,1400,63,0,42,2,2,1
30,1,21,1,3606,14,17,64,1,1,1
39,1,14,5,2110,336,0,70,1,2,0
38,1,20,1,939,171,0,30,1,2,0
45,1,13,1,297,197,8,52,1,2,0
28,1,18,5,8184,98,13,42,1,1,0
51,1,17,5,7693,120,0,50,2,1,0
45,7,17,1,399,422,0,36,1,1,1
35,1,19,1,2816,6,13,30,2,1,0
33,1,21,1,4867,18,2,36,1,1,1
46,2,22,1,3711,56,0,24,2,1,0
22,1,16,5,7173,2,0,41,1,1,0
55,3,19,1,8186,124,0,48,1,1,1
62,1,19,1,1732,66,0,49,1,1,1
51,1,17,1,7359,16,0,51,1,1,1
34,1,11,5,1861,11,2,38,2,1,0
28,1,19,5,4891,20,0,45,1,1,0
52,1,21,4,140,14,0,45,1,1,1
55,1,21,2,4702,8,0,38,1,1,0
41,6,22,5,525,147,9,53,1,1,0
20,1,14,5,5525,281,0,24,1,1,0
62,3,24,1,1015,3,0,33,1,1,1
43,1,13,5,4663,57,0,33,2,1,1
18,1,19,5,2649,133,8,35,1,1,0
35,3,23,5,1446,12,0,39,2,9,1
32,6,20,5,7482,1,0,30,1,1,0
89,1,21,2,5262,6,0,45,1,1,0
53,1,12,3,6367,3,0,17,2,1,1
52,3,20,5,6843,4,0,44,1,1,1
41,1,13,2,8312,123,0,29,1,1,0
67,4,17,1,4262,15,0,34,2,1,0
38,1,23,1,2004,14,0,35,1,1,1
38,7,19,1,4410,23,0,35,2,1,1
37,3,20,5,4640,74,0,43,1,2,0
50,3,20,1,2402,60,0,41,2,1,0
56,4,22,1,367,17,0,39,2,1,1
52,4,21,1,1406,19,0,22,1,1,0
73,3,16,1,5570,6,0,53,1,1,0
43,1,19,3,5846,110,0,25,1,1,0
24,1,7,3,5254,554,0,40,2,1,0
43,1,7,5,8100,221,0,67,1,1,1
37,1,22,5,3182,16,2,45,1,1,1
63,1,21,5,3138,78,0,38,1,1,1
23,1,14,5,4191,58,0,18,1,6,0
54,6,20,1,35,292,0,36,1,1,1
45,6,20,4,4099,9,5,29,1,1,1
43,7,20,1,556,17,16,36,2,1,1
18,3,14,5,4437,20,0,26,1,6,0
85,1,18,2,7176,17,0,52,2,1,0
49,1,15,1,1885,146,0,19,2,1,0
38,1,10,1,2724,256,0,35,1,1,0
39,1,23,5,5208,27,0,35,2,1,1
45,1,19,5,2756,78,0,39,1,1,1
50,1,19,1,3838,3,0,38,2,1,0
34,1,19,3,8312,41,13,51,2,1,1
74,1,19,1,295,78,0,37,2,1,0
58,1,17,1,549,187,0,52,1,1,0
73,7,20,1,7086,101,0,50,2,1,0
60,1,20,1,823,10,0,70,1,1,0
42,4,19,1,6671,31,0,49,1,1,1
19,1,17,5,3797,2,14,62,1,6,1
28,1,10,1,9316,7,0,25,2,1,0
37,1,22,3,2760,123,0,33,2,1,0
32,1,20,1,842,112,1,32,2,6,0
33,1,19,1,1286,190,5,58,1,1,0
32,1,16,1,3268,8,1,63,1,1,0
50,1,18,1,7989,22,17,32,2,1,0
42,5,22,5,2824,10,0,20,2,1,1
42,6,15,1,7734,71,0,46,1,6,1
53,1,15,1,1166,137,0,74,1,1,0
22,2,22,4,5022,57,0,51,1,1,1
42,1,21,1,4420,18,0,51,2,1,1
34,1,19,1,5183,102,5,36,2,2,1
70,1,18,1,6606,31,0,48,2,6,1
35,1,18,1,1438,19,1,36,1,1,0
74,7,19,1,886,227,0,26,1,1,0
59,6,23,1,627,15,2,37,2,1,1
33,2,12,1,5605,235,8,21,2,6,0
59,2,23,1,594,11,0,36,1,1,1
27,2,16,1,2691,32,11,22,2,1,0
40,1,17,5,6156,13,0,59,1,2,0
53,6,11,1,6739,131,16,38,2,1,0
52,1,16,1,9283,147,0,38,1,1,0
30,1,17,1,5604,142,0,52,1,1,1
41,1,22,5,8750,3,0,22,2,1,0
25,4,21,5,3956,3,1,21,2,1,1
62,1,23,1,7298,46,0,36,1,1,0
71,5,15,1,5593,31,11,49,2,1,0
86,3,19,2,4848,2,0,45,2,1,1
24,1,17,1,1497,32,0,60,1,3,0
21,6,22,5,582,1,0,33,2,1,0
38,1,16,1,5058,19,0,31,2,6,0
43,1,16,1,8875,71,0,37,1,1,0
62,1,12,1,8729,26,3,33,2,1,1
31,1,20,5,5877,34,0,66,2,6,1
53,1,22,1,2229,286,0,61,2,1,1
56,7,22,1,3609,38,0,43,2,2,0
49,1,19,1,6929,4,2,48,1,1,0
40,3,23,3,1083,207,0,27,1,1,1
33,6,22,1,40,93,0,54,2,1,1
22,1,21,1,723,38,15,22,2,1,1
54,1,21,4,3745,41,0,42,2,1,1
39,1,18,5,966,365,0,45,1,1,0
34,1,4,1,9484,554,0,23,1,1,1
53,1,17,4,7133,34,1,50,1,1,1
33,2,18,1,4165,38,0,28,1,1,0
63,1,21,1,7012,86,0,47,1,2,0
77,4,15,1,9393,69,0,38,1,1,0
36,1,21,1,4436,72,12,55,1,1,0
59,1,19,5,6999,36,0,43,1,1,0
37,5,15,1,5863,116,7,48,1,1,1
30,2,20,1,1684,263,1,52,1,6,1
76,1,18,1,2907,309,0,30,2,1,0
21,1,14,1,5167,216,9,38,1,4,0
67,6,23,2,1399,153,0,48,2,1,0
39,3,21,1,2135,2,17,30,2,1,1
47,1,20,1,2046,33,0,40,2,1,0
28,1,22,1,996,19,0,52,1,1,1
35,7,13,5,8125,2,0,50,1,1,1
47,1,15,5,5567,3,0,52,1,1,0
56,1,21,5,7598,78,0,29,1,1,1
74,1,18,1,4386,299,0,21,1,1,1
34,1,22,1,955,1,0,31,1,9,0
48,1,22,1,1654,8,0,49,1,1,0
37,1,21,3,4042,170,0,34,1,8,0
26,1,15,1,2630,10,0,29,1,1,0
51,1,20,3,6208,4,0,26,2,1,0
42,7,16,5,6713,10,0,51,1,1,0
44,1,19,1,6274,2,0,47,1,1,1
38,3,11,5,5940,70,0,32,2,1,0
39,6,14,1,6541,52,0,57,1,1,0
63,4,14,5,9055,127,0,29,2,6,1
51,1,21,1,2462,21,0,40,2,9,1
64,1,21,5,7266,272,0,28,2,9,0
37,7,18,3,6145,9,9,29,1,1,0
44,1,14,1,5555,1,16,30,2,8,0
35,1,17,1,5710,122,0,30,1,1,0
29,1,21,5,2746,56,0,44,2,1,0
58,1,20,1,6909,12,0,56,1,1,0
44,3,20,1,3772,297,0,45,2,1,0
24,4,23,3,4663,88,8,27,1,1,0
46,1,22,5,1497,1,0,35,2,1,1
26,1,15,3,3560,1,0,43,1,1,1
34,1,24,1,645,2,0,44,2,1,0
31,1,14,1,4028,14,0,31,1,1,0
25,1,16,5,8133,3,15,36,2,1,0
24,1,23,1,1509,19,0,51,2,1,0
24,1,20,1,3608,18,0,35,1,1,0
42,1,17,5,4545,93,0,22,1,1,0
51,6,19,1,6277,27,0,38,2,1,0
57,6,22,1,2791,112,1,35,2,2,1
27,6,19,1,4454,4,0,34,1,1,0
67,1,21,1,1477,36,0,35,2,9,0
52,1,19,1,3372,18,1,36,1,1,1
28,1,16,5,2393,2,0,46,1,1,0
19,5,9,1,3848,9,1,32,2,1,0
66,6,17,1,3196,31,0,42,1,7,0
62,1,18,3,9013,21,0,21,2,6,0
48,1,21,5,2651,25,0,26,2,1,0
66,1,23,2,1174,113,0,34,2,1,1
73,1,20,1,5983,24,0,30,2,1,0
32,1,15,5,3809,3,0,45,2,1,0
28,1,18,5,1458,356,0,15,1,1,0
37,3,19,5,9173,45,0,20,1,1,0
51,1,20,1,7769,61,0,40,2,1,0
43,1,19,1,3119,3,11,39,1,6,1
34,1,18,1,5893,39,11,27,1,1,0
20,1,19,5,1147,3,17,32,2,1,0
26,1,19,1,6458,217,12,46,2,1,0
33,3,19,1,2012,11,0,26,2,1,1
58,1,13,1,6042,23,0,43,2,2,0
41,1,23,3,4634,49,0,32,1,1,1
67,1,20,1,1656,220,4,51,1,6,1
24,6,20,1,3427,303,0,48,1,2,1
81,1,21,1,2976,148,0,31,2,8,0
40,1,20,1,2333,41,0,45,1,1,0
26,1,19,1,2542,2,0,40,1,1,1
23,1,20,5,4070,8,0,52,2,6,1
77,7,18,3,636,14,0,62,1,1,1
51,3,20,1,6300,226,0,33,1,1,1
61,6,22,1,692,1,0,60,1,1,1
42,1,20,1,7145,8,0,39,2,1,1
73,1,19,3,5353,40,0,18,2,1,0
30,5,22,3,1568,35,0,59,2,1,0
61,3,19,5,8147,259,0,46,2,1,0
28,1,14,1,2090,70,0,45,2,1,0
45,4,21,1,1884,22,3,53,1,1,1
41,3,19,3,4575,40,0,45,1,9,1
44,1,22,5,513,34,0,23,1,2,1
42,1,18,1,6172,23,5,42,2,1,0
82,1,20,1,5342,109,0,45,1,1,1
20,1,20,5,2345,81,7,29,1,1,0
75,2,19,1,2204,31,0,50,2,2,1
81,3,18,1,3342,156,0,41,1,3,0
50,4,23,1,6054,8,0,50,1,1,0
41,2,17,5,539,18,0,28,1,1,0
61,4,22,2,7950,32,0,38,2,1,0
31,1,17,3,4546,262,1,23,2,3,0
70,1,23,1,5263,78,0,61,1,6,1
33,3,20,3,1705,134,0,47,2,1,0
42,1,22,3,6605,7,2,14,2,1,0
44,4,17,5,7409,112,0,38,2,1,0
51,3,21,1,3951,37,17,29,2,1,0
54,1,13,5,339,7,0,33,1,1,1
30,2,16,1,1135,2,3,36,1,1,0
24,6,22,5,463,6,16,25,1,6,1
44,1,24,1,1836,1,3,37,1,1,1
67,1,20,1,1573,23,0,47,1,1,1
79,1,21,1,4680,18,10,41,2,6,0
35,1,17,5,6311,156,0,33,2,1,1
36,1,16,5,7818,168,17,32,2,1,0
64,1,19,1,934,24,0,52,1,1,0
43,1,20,1,659,473,0,33,2,6,0
43,2,16,5,6455,292,4,43,1,2,0
25,6,21,1,4250,84,0,56,2,1,0
78,2,18,1,789,6,0,50,2,1,1
78,5,23,1,155,4,2,54,2,1,0
24,1,18,5,2043,5,2,38,1,6,1
40,1,18,1,6624,152,0,40,1,1,1
18,4,18,5,9830,312,17,24,1,1,0
49,1,10,1,1109,39,10,37,1,1,0
24,2,19,5,2232,311,0,36,2,1,1
26,1,6,3,9541,235,16,45,2,1,0
24,6,17,5,4790,13,15,38,2,1,0
42,1,24,5,6486,13,0,54,1,8,1
49,1,20,1,1979,36,9,29,1,1,1
40,4,21,1,4171,31,0,48,2,8,0
30,1,16,5,8009,18,0,47,1,1,0
28,1,16,5,8483,17,0,42,1,2,0
35,1,14,1,9199,277,0,53,1,1,1
28,3,15,3,5250,93,0,56,1,1,1
27,6,17,1,6733,3,3,12,2,1,0
32,1,19,5,6082,68,0,50,2,5,0
30,2,18,1,362,249,0,37,1,1,0
44,6,21,1,1689,15,15,39,2,5,0
68,1,20,1,4612,14,0,42,1,1,0
27,4,16,1,8781,4,0,33,2,1,0
56,1,17,1,7114,36,0,46,2,8,1
54,6,21,1,2154,86,0,54,1,2,1
37,6,20,5,1404,4,0,28,1,1,0
56,1,22,1,7117,188,0,50,1,1,1
41,7,22,1,5899,503,2,23,2,1,1
22,1,19,5,4282,2,0,54,1,6,0
50,5,19,1,53,258,0,8,2,1,0
25,1,22,5,248,74,0,39,1,8,1
33,4,20,5,2413,109,0,58,1,1,1
25,3,16,1,3996,15,11,36,1,1,0
44,2,22,1,175,29,0,39,2,1,1
44,1,12,3,8688,337,0,71,1,1,0
41,5,21,1,587,64,0,19,2,2,0
36,3,14,1,4551,41,0,37,1,1,0
19,1,20,5,2543,40,0,22,2,1,0
30,1,14,1,4759,231,0,32,2,1,0
39,7,22,5,2429,143,0,56,1,1,1
62,2,18,1,8121,1,0,26,2,1,1
54,1,21,1,4111,35,0,23,2,2,0
47,2,20,1,3689,59,17,13,1,8,0
25,6,22,1,432,213,0,25,1,1,0
53,1,11,3,1059,38,0,53,1,1,0
33,1,19,5,5639,25,3,34,1,1,0
43,1,19,1,9430,20,0,44,1,1,0
48,1,20,1,4784,2,0,61,1,1,0
28,1,19,5,6552,93,0,34,2,2,0
42,4,22,1,1695,104,2,51,1,1,0
36,1,13,3,9549,34,0,34,2,6,0
34,1,17,5,4277,51,11,38,2,1,1
75,5,24,2,120,1,0,34,2,1,1
25,3,19,5,4260,150,4,29,2,8,0
31,1,14,5,2573,39,0,57,2,1,1
36,2,19,1,8102,95,0,9,1,1,0
51,3,22,1,5848,2,0,10,1,1,0
41,1,17,4,3300,96,0,39,1,2,0
68,8,20,4,126,46,0,42,2,1,0
26,1,13,5,2051,8,0,38,1,1,0
24,1,15,1,114,121,0,43,2,1,1
41,1,22,5,1683,20,0,39,2,1,0
63,1,20,5,1670,215,0,29,1,6,1
26,1,14,3,6705,80,1,45,2,1,0
31,1,18,1,2850,55,17,20,1,1,0
53,2,19,3,8143,165,0,55,1,1,1
66,1,21,2,6070,2,0,46,2,1,0
45,1,14,3,7387,395,0,48,1,1,0
40,1,13,5,5747,9,0,43,2,1,0
80,7,22,2,615,64,0,42,1,2,0
33,1,21,1,1477,15,4,39,2,1,0
48,1,19,3,4700,14,0,29,1,1,0
62,1,18,1,3263,74,0,37,2,1,1
37,4,22,1,613,7,0,27,2,1,1
51,1,15,5,6024,1,0,26,1,1,0
61,7,14,1,6034,86,0,24,1,1,0
45,1,17,1,6883,117,0,53,1,1,0
39,1,23,3,318,78,0,23,2,1,1
44,1,20,1,4415,1,0,40,1,1,1
21,1,19,5,5108,1,0,44,1,1,0
56,1,9,1,7922,488,0,5,2,1,0
26,1,20,5,2712,8,0,35,1,2,0
31,1,14,1,7160,15,4,27,2,1,0
61,4,22,1,46,37,0,51,2,1,1
28,2,17,3,5323,12,0,37,2,1,0
41,1,21,1,2534,37,0,44,1,1,0
57,2,17,1,1879,16,8,39,2,1,1
41,6,21,1,5176,5,1,34,1,1,0
27,1,15,1,2779,13,0,17,2,1,0
80,1,17,1,401,66,0,55,2,6,0
53,2,16,5,5040,406,0,21,2,1,0
42,1,16,1,530,62,0,26,1,1,0
43,1,21,1,3379,12,0,28,1,1,0
31,1,15,1,7891,135,0,48,2,1,0
34,2,22,1,646,60,0,46,2,1,1
34,1,15,1,6623,205,1,22,2,1,0
58,6,15,1,1840,68,0,32,1,1,0
43,4,18,1,1964,4,1,50,1,1,1
47,1,20,3,992,70,0,44,1,1,0
25,1,15,1,2455,11,15,39,1,1,0
50,1,21,1,2703,206,2,29,2,1,1
26,1,15,5,1758,44,17,25,2,2,0
29,5,21,1,6940,2,2,33,2,1,1
63,2,20,1,234,14,0,24,1,1,1
39,2,20,5,4247,175,0,22,2,1,1
21,1,19,5,2721,29,0,30,2,2,0
40,1,24,1,4143,3,0,39,2,1,0
30,1,16,1,6578,17,3,22,2,1,1
25,1,17,1,2756,20,8,35,2,1,1
61,1,23,3,1815,77,0,32,2,1,1
28,1,21,5,9665,69,0,20,2,1,0
29,1,21,1,2992,209,5,35,1,1,1
27,1,19,1,232,150,3,38,2,1,0
31,1,22,1,344,18,16,39,2,2,0
52,5,13,1,5889,4,16,39,1,1,1
48,1,19,1,1180,49,0,22,1,1,0
63,6,14,4,2926,53,0,32,2,1,0
47,1,18,1,4488,2,1,17,2,1,1
20,1,18,1,6502,11,6,34,2,6,0
41,1,19,5,2345,31,0,27,1,2,0
41,4,19,3,2792,48,3,37,1,1,0
44,1,23,3,1133,71,0,52,2,1,0
34,3,20,3,1284,192,0,41,2,1,1
48,1,18,1,1063,78,0,28,1,1,0
74,1,15,1,6511,83,0,34,2,1,1
22,1,18,5,3942,21,15,21,2,1,0
41,1,20,4,3872,49,0,45,2,1,0
69,1,17,2,8282,35,0,42,1,1,0
36,1,17,1,3505,25,0,39,2,1,0
48,4,20,5,324,63,0,19,2,1,0
19,5,14,1,2005,18,8,11,1,1,0
55,1,17,1,8409,88,0,48,1,1,1
26,1,17,1,2003,21,0,21,2,2,0
54,1,19,1,4001,145,1,19,2,1,0
40,2,13,1,1142,142,0,40,1,9,0
46,1,16,1,3500,89,0,22,1,1,1
48,1,19,3,5746,170,2,48,1,1,0
39,2,15,1,7468,142,0,46,1,1,0
67,1,23,1,743,55,0,33,2,1,0
51,1,16,1,5885,73,0,42,2,1,0
40,1,22,3,562,65,0,36,2,1,0
40,3,19,1,3046,21,0,24,1,1,0
62,1,22,1,1282,248,0,40,2,2,1
47,1,22,1,918,1,0,42,2,1,0
49,7,23,1,1078,154,0,49,2,1,1
45,2,20,1,9228,22,0,27,1,1,0
47,3,20,1,5296,104,0,42,2,1,0
57,1,16,5,1974,37,0,29,2,1,1
48,1,18,1,8300,62,0,11,1,1,0
22,1,19,5,3183,79,9,14,1,1,0
43,5,21,5,1845,8,0,45,2,1,0
61,1,18,5,7566,181,0,32,1,1,1
47,1,22,1,4435,61,0,42,2,2,1
42,1,20,5,1368,82,0,25,1,1,0
31,1,19,1,5338,47,0,48,1,1,0
27,1,10,5,7061,139,0,49,2,1,1
49,1,22,1,2678,131,0,56,2,1,0
34,1,17,5,8918,21,14,46,2,9,1
81,1,16,1,9172,12,0,26,1,8,0
32,5,21,1,3812,110,0,23,1,1,0
24,1,8,5,8234,51,15,33,2,2,0
38,1,22,1,6693,11,0,37,1,1,0
27,1,20,5,4793,13,17,13,1,1,0
28,5,8,5,9351,5,0,33,2,1,0
53,2,22,5,502,222,0,14,2,1,0
56,1,13,1,9436,56,0,16,2,9,0
18,1,19,5,3042,5,11,24,1,1,0
19,1,22,5,1747,12,14,7,2,1,0
40,4,22,3,922,199,0,49,1,1,0
42,1,19,1,3984,303,0,42,2,1,0
62,1,22,3,1152,70,0,47,1,1,0
34,1,13,5,7654,32,0,39,1,1,0
31,1,14,1,2059,64,1,59,1,1,1
43,1,18,1,537,104,0,49,1,1,1
28,1,19,1,3166,13,0,38,1,1,0
68,1,19,1,613,36,0,68,2,1,1
42,6,20,1,354,52,0,55,1,8,1
76,6,16,1,2121,102,0,44,1,1,0
33,4,23,1,588,88,0,43,1,1,0
38,1,15,1,6029,204,0,28,2,6,0
44,1,18,3,4597,101,0,50,1,9,0
47,4,21,4,8260,18,0,31,1,1,1
40,2,20,1,5649,32,3,14,1,1,0
49,1,23,5,1437,100,3,36,1,1,1
66,1,19,1,6816,161,0,41,2,1,0
34,1,17,3,3908,132,2,39,2,6,0
59,1,22,1,328,1,0,44,2,1,0
40,1,20,1,487,19,0,32,2,1,1
37,6,18,1,4022,10,0,31,2,1,1
75,2,18,1,5648,104,0,35,1,2,0
73,3,19,1,1906,65,0,32,2,1,1
61,3,15,5,8693,13,0,30,2,1,1
40,3,21,1,6451,11,15,32,2,1,0
19,6,19,5,6575,4,17,30,2,1,0
41,1,19,1,5574,14,0,35,1,1,0
32,1,23,1,4426,29,0,53,1,1,0
24,1,17,1,3159,366,13,21,2,1,0
48,1,18,1,9830,40,5,38,2,1,0
29,1,14,5,9116,248,0,43,2,2,0
43,4,17,5,2493,43,0,18,2,1,0
48,1,22,1,3946,1,0,28,1,9,1
23,1,12,3,8247,20,14,47,2,1,1
53,7,24,1,4967,5,0,35,2,1,1
42,6,21,5,250,40,0,61,1,2,1
31,2,21,5,3457,38,0,33,2,6,0
34,1,22,5,1371,40,16,49,2,1,1
54,3,13,1,2960,6,8,52,1,1,0
57,3,21,1,2586,85,0,44,2,1,0
38,1,16,1,5300,65,0,35,2,1,1
48,1,16,3,8006,12,0,30,1,2,0
39,2,20,5,4978,11,0,52,2,1,0
51,1,21,3,5822,17,15,33,2,1,0
23,4,16,5,7456,115,1,30,1,1,0
59,1,21,3,6296,75,0,38,1,1,0
24,2,13,5,797,312,0,33,2,1,0
22,6,19,1,2136,424,0,13,2,1,0
66,1,17,4,1142,224,13,61,2,1,1
51,1,19,2,285,3,0,43,1,1,1
59,2,17,3,7536,5,0,27,2,1,0
20,1,21,5,178,93,3,28,1,1,1
31,1,18,1,274,16,0,33,1,1,0
52,5,18,1,2670,26,0,12,2,1,0
38,6,17,5,8495,23,6,47,1,1,1
69,1,18,1,4673,90,0,33,2,6,0
36,1,18,5,6758,139,0,29,2,1,0
43,1,21,5,1214,31,0,36,1,6,1
43,1,22,5,8912,23,0,26,2,2,0
47,3,20,1,4098,107,5,33,1,1,0
54,1,21,3,886,14,0,42,2,1,0
45,1,17,5,7697,68,0,46,1,1,0
57,1,20,5,189,1,0,25,1,1,1
47,4,17,5,6028,6,0,30,1,1,1
29,1,18,3,5194,1,0,45,1,1,1
34,1,20,1,1750,13,0,29,2,1,0
44,1,19,3,2837,1,0,3,2,1,0
39,1,19,5,2826,41,0,58,2,1,1
51,1,16,5,4660,127,0,26,2,1,0
41,2,23,1,1360,25,0,42,2,1,0
60,1,21,1,5460,5,0,57,1,1,0
56,6,18,1,5841,29,0,49,2,1,1
31,1,15,3,6538,1,0,23,1,1,0
20,1,19,5,9144,246,0,42,2,2,0
22,1,16,5,2594,60,0,42,1,1,1
33,1,19,5,4131,3,0,51,1,1,0
58,1,22,1,1024,1,3,37,2,1,1
58,1,19,1,8173,37,0,9,2,9,0
29,1,21,1,4193,62,0,46,1,1,0
47,4,19,5,8133,30,17,17,1,1,0
44,4,20,1,7768,106,16,29,2,1,0
48,1,19,5,7759,3,1,54,2,1,0
34,2,20,1,5529,136,0,42,1,6,0
49,1,20,1,9260,112,3,48,2,1,1
34,1,16,3,5001,64,7,47,1,1,0
49,1,20,1,62,12,0,46,1,1,1
74,3,22,4,2687,209,0,19,2,1,0
70,8,15,4,7295,504,0,55,1,6,0
49,1,18,5,3645,28,0,37,1,4,1
36,4,12,5,9822,70,0,32,1,1,1
25,1,9,5,8239,13,1,36,1,1,0
54,1,22,1,861,122,0,53,2,1,1
40,1,22,1,5284,288,0,46,2,1,1
46,7,20,1,3529,22,0,39,2,1,1
26,1,16,3,7848,3,13,56,1,1,0
22,1,16,1,7251,44,0,55,1,9,1
70,1,20,1,2299,98,0,38,2,1,1
28,1,18,5,1463,85,0,32,2,6,0
27,1,18,1,2742,74,1,19,1,7,0
44,1,19,5,7022,15,0,38,1,1,0
69,1,18,3,356,163,0,25,2,1,1
52,1,23,1,6114,34,0,43,1,1,1
37,1,20,5,1595,125,0,34,2,1,0
41,1,21,5,2109,35,0,36,2,1,1
44,1,22,3,1995,38,4,24,1,1,0
34,1,21,3,2506,33,17,38,1,1,0
22,1,17,5,858,88,0,34,2,1,0
39,3,16,1,1011,250,0,21,1,1,1
44,1,20,5,5871,3,0,36,1,1,1
48,1,18,1,1848,6,3,14,2,8,0
46,1,22,1,9113,76,0,46,1,9,1
25,1,16,3,7548,3,1,47,1,1,1
36,1,18,1,6117,43,0,49,1,1,1
27,6,19,1,1687,47,8,28,2,1,0
39,6,17,3,1451,109,5,16,2,1,0
77,4,20,1,104,254,0,55,2,1,1
33,1,18,5,689,109,0,48,1,1,1
18,1,21,5,4859,5,4,14,2,1,0
53,1,22,5,1756,24,0,42,2,1,1
58,1,19,1,7520,149,12,53,1,1,1
40,6,17,1,2857,29,0,46,2,1,0
28,2,15,5,8889,345,1,41,2,6,0
49,1,18,1,905,95,0,49,1,1,1
71,1,18,1,6477,235,0,50,1,1,0
32,1,13,1,7393,139,0,66,1,1,0
20,1,20,1,4348,17,1,49,1,1,0
69,4,20,2,5505,59,17,24,2,1,0
44,1,22,3,3299,41,0,26,2,1,0
45,3,17,1,3337,3,0,43,1,1,1
53,2,23,1,856,28,0,62,2,1,1
84,7,17,4,4441,100,1,36,2,1,0
36,5,16,5,2064,40,0,37,1,1,0
42,1,18,3,356,33,0,37,2,1,0
52,1,22,5,3515,4,0,53,1,1,1
34,1,23,1,2410,215,0,37,1,1,0
38,1,16,3,3845,3,0,49,2,1,0
40,4,19,1,653,214,0,41,2,1,1
40,5,20,1,2226,154,0,27,2,1,0
45,3,22,1,431,147,6,48,2,1,0
48,1,15,1,5972,59,0,57,2,1,0
60,1,19,1,8490,19,0,30,2,1,0
24,1,21,1,1046,17,0,47,1,1,0
26,3,15,5,1648,58,0,18,2,1,1
83,1,22,1,3643,141,0,55,1,1,1
18,1,19,1,3870,7,0,26,1,1,0
47,3,22,5,5154,33,0,39,2,1,0
69,6,18,3,8697,109,0,18,1,1,0
71,1,11,4,1948,50,0,41,2,1,0
24,1,11,1,4029,95,5,22,2,1,0
27,1,13,5,8336,75,3,22,1,8,0
39,1,21,3,7126,268,0,46,2,1,1
19,1,16,5,2442,97,0,34,2,1,0
64,2,20,1,1148,12,0,30,2,2,1
31,3,21,5,794,7,0,38,1,1,1
66,1,13,3,5834,64,0,42,2,1,1
39,6,20,5,3769,15,0,40,1,1,1
38,1,21,3,3972,2,0,59,2,1,0
50,1,23,3,1733,6,0,75,1,1,1
45,1,19,3,7329,150,0,41,2,1,0
19,1,14,1,9154,50,2,31,1,2,1
67,3,20,1,1314,32,0,42,2,1,1
55,1,20,1,718,206,0,54,2,1,1
69,1,13,1,6377,10,0,28,1,1,0
65,1,20,1,200,5,8,46,1,1,0
66,1,18,1,8227,64,0,47,2,1,1
70,1,23,1,2340,62,0,68,1,1,1
48,1,23,5,3555,33,3,19,1,1,1
53,1,20,1,3775,256,8,38,2,2,1
60,1,16,1,8382,11,0,57,2,1,0
44,1,19,3,3424,67,0,33,2,1,0
43,2,20,5,9529,78,0,42,2,2,0
47,1,14,3,9752,63,17,44,1,9,0
47,6,21,3,1079,70,0,9,1,1,0
25,1,20,1,1081,94,1,45,2,1,1
29,1,17,1,9273,15,17,39,2,1,0
67,1,21,4,894,189,0,32,2,1,1
49,1,16,1,9097,257,0,21,1,1,0
31,4,22,3,5354,9,0,59,1,1,1
41,1,21,5,3328,9,0,52,1,1,1
54,1,19,1,693,68,0,41,1,1,1
40,1,19,1,4908,77,0,52,1,1,1
50,1,19,1,6580,48,0,12,2,1,1
25,1,15,5,5556,35,5,35,1,1,0
51,1,10,2,6911,27,0,57,1,1,0
51,6,23,3,2423,106,0,52,2,1,0
59,1,19,1,2580,13,0,25,1,1,0
29,7,14,1,1849,1,0,43,2,1,0
28,1,17,5,8019,232,0,31,1,2,0
64,1,17,1,7700,98,0,25,1,1,0
31,1,21,1,2540,61,0,64,1,1,1
53,5,20,1,978,16,0,56,2,1,1
29,3,21,1,8113,114,0,41,1,1,1
45,1,21,1,4230,179,0,63,2,2,0
33,3,15,1,4115,67,1,23,1,1,0
80,1,21,5,4370,21,0,45,1,1,1
58,3,18,1,2982,2,0,54,2,1,1
33,1,17,1,3156,8,17,40,1,1,1
31,1,21,1,4699,116,1,47,2,1,0
86,8,21,2,1909,5,0,63,1,1,1
25,1,23,3,342,1,7,31,1,1,0
37,1,22,1,1790,29,0,41,1,2,1
57,1,12,5,3915,10,0,26,2,1,0
25,1,24,1,533,69,0,1,2,1,0
48,5,21,1,4849,50,0,61,2,1,1
30,2,12,5,1780,113,0,25,2,6,1
28,6,18,1,8922,75,0,39,1,1,1
30,1,18,5,4050,46,7,21,2,2,0
52,6,11,3,5230,57,0,32,1,2,0
38,5,12,5,3056,503,17,17,2,2,1
46,1,20,2,1640,10,2,38,1,1,0
42,1,21,3,999,3,0,42,2,1,1
41,7,23,1,831,46,0,47,1,1,1
34,4,16,1,3821,1,0,34,2,1,0
40,1,19,1,8673,255,0,23,2,1,1
29,4,21,5,3286,5,0,25,2,2,0
26,1,13,5,7342,160,2,43,1,6,0
32,4,21,5,4837,7,0,29,1,1,0
26,1,12,5,6761,4,0,38,2,2,1
57,6,18,4,722,49,1,59,1,1,1
52,2,12,3,9768,26,0,41,1,1,1
35,1,19,3,3237,11,0,44,1,1,0
34,1,17,1,3277,19,1,22,1,1,0
44,1,19,1,5746,17,0,46,1,1,1
59,1,19,1,6172,5,0,42,1,1,0
65,1,12,5,3719,9,9,24,2,1,1
67,1,15,1,8689,143,0,43,1,2,0
45,1,16,1,5012,41,0,74,2,1,0
30,1,22,1,659,25,17,57,2,1,0
42,2,20,5,4124,4,0,43,1,1,0
40,1,21,1,3139,228,0,46,1,9,0
39,1,14,5,2072,54,0,52,1,1,0
59,6,21,1,4149,27,0,7,1,1,1
29,1,16,5,303,127,0,42,1,1,0
31,1,20,5,1595,21,0,12,1,1,0
44,3,24,5,3768,6,17,31,1,1,0
62,1,16,5,5758,10,0,53,2,2,0
47,1,11,5,7108,117,0,14,2,2,0
29,1,20,1,4624,20,0,20,2,6,1
67,1,16,1,2048,5,0,60,1,1,0
39,1,15,5,7772,4,3,24,1,2,0
34,1,15,5,8540,17,0,22,1,1,0
72,4,24,5,861,66,0,37,1,1,0
35,1,20,5,6230,91,0,32,2,1,1
35,1,16,5,6156,64,0,27,1,1,0
40,1,18,5,5500,19,0,48,1,1,1
51,1,23,1,2515,8,0,60,1,8,1
77,3,23,1,1756,15,0,20,2,1,0
30,1,11,1,3999,79,0,38,2,1,0
46,2,17,1,1755,301,0,73,2,2,0
35,1,22,1,827,13,0,27,2,1,0
22,1,19,1,1213,16,14,43,2,1,0
66,1,20,1,1822,22,0,46,2,2,0
70,1,22,1,1476,331,0,64,1,8,1
41,2,18,5,2628,189,1,39,2,1,0
63,4,21,5,1071,7,0,67,1,1,1
20,1,23,1,201,31,0,30,2,2,1
57,1,21,1,7087,39,0,49,1,1,1
56,4,23,1,1171,32,0,55,2,1,1
53,1,22,3,821,230,0,54,2,2,0
43,1,12,1,8863,35,11,36,2,8,0
40,3,18,1,7165,285,0,25,1,1,0
78,1,18,1,1848,1,0,39,1,1,1
26,1,22,5,5294,1,3,12,2,8,0
62,1,22,1,797,227,0,46,2,1,1
43,1,18,1,6695,133,1,28,2,6,0
27,1,21,5,7460,14,0,31,2,1,0
34,1,12,1,4024,96,0,51,2,9,0
40,1,17,1,891,12,0,59,1,1,1
31,1,16,1,4801,164,0,4,2,1,0
25,1,18,5,7959,429,0,47,1,6,1
52,4,17,1,4795,16,0,43,2,1,0
50,1,17,1,3325,39,0,36,1,1,1
46,4,18,1,4130,203,7,54,1,1,0
41,1,21,5,1242,7,0,45,1,6,0
26,1,19,5,7617,197,0,49,1,6,0
58,4,21,1,7924,10,0,39,1,1,1
37,1,16,1,2310,136,10,42,2,1,1
26,1,22,1,5427,8,0,23,2,2,1
31,2,22,1,2170,2,0,49,2,1,0
51,1,20,1,6035,198,0,19,2,1,0
75,2,19,4,2670,121,0,33,1,1,1
46,2,21,1,2484,39,0,60,2,1,1
36,1,20,5,4718,203,0,31,1,6,0
28,1,19,1,3239,68,0,56,1,1,0
63,1,23,1,3138,26,0,68,2,1,1
37,6,16,5,2512,104,6,39,1,6,0
42,1,22,1,6150,23,0,45,2,1,0
22,1,20,5,701,34,0,41,2,1,0
38,1,21,1,1799,10,0,34,1,1,1
19,1,17,1,9180,5,0,15,2,2,0
41,5,22,1,1981,31,0,9,1,1,0
53,2,18,5,4654,1,0,15,1,1,0
26,1,20,1,947,185,5,20,1,1,0
59,3,22,1,6739,73,0,24,2,2,1
72,5,21,3,6032,13,3,63,1,2,0
32,1,18,1,725,12,0,53,2,1,1
79,1,22,1,1603,1,4,28,1,1,1
19,1,18,5,2113,15,16,18,1,1,0
67,8,20,1,5727,11,0,53,1,2,1
55,1,18,1,6871,42,4,41,2,1,1
30,1,18,5,7350,29,0,31,2,1,0
35,1,19,1,6190,33,0,38,1,1,0
78,7,22,2,6837,2,0,45,2,1,1
34,1,21,5,3748,4,0,34,2,1,1
38,1,20,3,3699,16,0,52,1,2,0
50,1,19,1,1570,133,1,40,1,1,0
47,1,15,3,7403,66,0,35,1,1,0
67,2,7,4,4152,69,0,45,2,8,0
52,1,20,1,7850,51,9,40,2,9,1
48,1,19,1,9015,61,15,30,2,1,0
53,2,20,1,4994,71,0,43,1,1,1
38,1,16,1,8085,69,0,55,1,1,0
22,4,20,5,1966,8,3,53,2,1,0
39,1,15,5,9294,3,0,36,1,1,0
42,1,21,1,466,167,2,55,1,8,0
35,2,20,1,8086,38,0,49,1,1,1
21,1,21,1,3196,1,0,36,1,1,0
51,1,23,1,1965,7,0,52,1,1,1
29,1,16,1,5379,151,10,31,1,1,0
34,1,20,1,1196,14,0,73,2,1,1
53,1,20,1,5893,4,0,37,2,1,1
56,1,21,4,5291,149,0,46,1,1,1
26,1,21,1,1079,161,0,38,1,1,1
45,1,15,5,9163,70,0,36,1,1,1
33,1,18,1,1795,80,11,32,2,1,0
66,1,21,1,2685,68,0,36,2,2,0
53,2,17,3,5469,68,0,19,2,1,0
57,3,23,1,515,35,0,28,2,1,1
41,1,15,3,6414,8,0,32,2,1,1
28,1,17,1,8848,23,0,28,2,1,0
70,7,18,2,6400,16,0,13,2,1,1
29,1,17,5,4142,68,0,46,2,1,0
26,1,19,3,2265,28,0,53,1,1,0
43,4,19,1,3689,7,9,42,1,1,1
36,2,18,1,1297,140,0,30,1,1,1
68,1,18,1,3297,5,0,52,2,1,0
51,6,23,1,2822,32,0,63,1,1,1
30,1,7,5,9695,128,14,20,2,8,0
26,1,20,5,246,71,0,22,1,1,1
32,2,17,5,4823,4,0,18,2,1,0
26,1,21,5,8299,19,17,43,2,1,0
27,1,19,5,3302,115,0,37,1,2,1
36,1,21,5,7053,152,0,29,2,1,1
28,2,19,5,6666,3,1,14,2,1,0
29,1,19,1,3897,122,0,30,1,1,0
31,1,21,1,4275,17,0,49,2,1,1
38,1,18,1,2654,49,0,36,1,1,0
23,4,21,5,2918,112,0,43,1,3,0
25,1,17,5,4884,136,2,21,2,1,0
35,3,24,5,531,42,0,43,1,1,1
47,3,20,3,3713,122,0,26,2,9,1
59,1,12,1,8188,121,0,54,1,6,0
58,2,22,1,1602,53,0,43,1,1,1
57,2,21,5,2870,18,2,42,1,1,0
65,7,19,1,7732,91,0,38,1,1,0
27,1,22,5,6496,6,15,40,2,1,0
39,1,19,5,8361,32,0,40,2,1,0
82,1,21,1,3803,9,0,48,1,1,1
39,1,16,5,5828,265,0,23,2,2,0
43,1,17,5,8079,107,2,23,1,1,0
67,1,19,1,6511,39,0,45,2,1,1
29,1,17,5,2454,371,5,69,2,1,1
55,1,15,1,6943,267,0,25,2,3,0
28,1,20,5,1181,46,1,29,1,9,1
30,1,18,5,1110,4,0,42,1,1,0
28,1,18,1,3916,164,2,27,1,1,0
49,1,19,1,4955,24,0,28,1,1,0
21,1,20,5,5676,236,0,23,1,8,0
25,1,13,5,6076,155,16,26,2,9,0
57,1,20,1,2373,286,0,34,1,2,1
51,1,20,1,4645,8,0,55,1,1,1
26,1,10,5,7775,20,0,49,1,6,1
32,1,18,3,8506,6,0,51,1,1,0
54,1,22,1,2743,7,0,13,2,1,1
59,3,16,1,647,6,0,49,2,9,1
74,1,20,1,8344,34,0,38,1,1,0
30,4,20,1,5903,6,0,32,1,6,1
35,1,22,1,2337,96,8,47,1,1,1
52,1,20,1,507,13,0,22,1,1,0
32,1,17,5,3652,5,16,39,2,8,0
50,3,17,1,7098,17,2,35,1,2,0
56,1,22,1,996,169,0,10,1,1,0
40,1,23,3,2286,20,11,36,1,1,1
71,1,18,1,988,47,0,16,2,1,0
82,7,20,1,1526,1,0,53,2,1,1
43,1,20,1,8666,5,0,59,1,1,1
35,5,17,5,460,345,0,38,2,1,0
53,1,15,5,8771,125,0,29,2,9,0
53,1,23,1,715,91,0,21,2,2,0
43,1,13,1,8990,3,0,31,2,2,0
68,2,23,1,5016,131,0,46,1,1,1
60,6,23,5,3578,6,0,35,1,1,1
43,1,19,1,4235,75,1,49,1,8,1
36,1,24,5,1961,49,1,36,2,1,1
65,2,18,1,2924,29,0,35,1,1,0
47,1,23,1,1861,95,0,38,2,8,0
48,6,23,1,241,34,4,24,1,2,1
21,1,21,3,1415,150,0,53,1,1,1
63,1,21,5,1448,5,2,49,1,1,0
20,3,21,5,4121,85,0,25,2,9,0
68,1,19,1,3381,34,0,58,2,1,1
39,4,21,1,7669,14,0,37,1,1,0
46,1,18,1,2098,79,0,27,2,1,0
34,4,22,3,158,109,2,40,2,1,1
63,7,24,1,307,266,0,24,1,2,1
53,1,18,1,6321,52,0,35,2,2,0
35,1,23,1,7635,163,0,22,2,1,1
36,1,16,5,9274,136,0,66,1,8,0
79,2,18,1,3076,176,0,25,2,1,1
46,3,18,3,1680,77,2,42,2,1,0
30,2,20,5,6560,170,0,30,1,1,1
77,2,22,5,2713,18,0,45,2,1,0
46,1,14,5,8760,78,4,40,2,1,0
55,7,18,5,1864,266,0,56,1,2,1
60,2,23,4,287,1,0,32,1,1,1
29,1,17,1,5642,95,0,39,2,1,0
59,1,23,1,1033,62,0,33,1,1,1
30,1,15,5,6789,206,0,46,1,1,0
50,1,18,1,1592,15,0,27,1,1,0
33,1,19,5,6152,50,2,13,1,8,0
31,1,20,1,8095,4,0,41,2,1,0
53,1,19,1,5511,98,0,43,1,1,1
88,2,23,1,933,9,0,33,1,1,0
62,1,22,4,1725,61,0,48,2,1,0
42,4,24,3,835,6,0,35,2,1,0
57,7,21,5,8678,1,0,48,2,1,0
24,1,21,5,4598,7,0,46,1,1,0
32,1,20,1,5003,3,0,49,2,1,1
45,5,21,1,5392,1,0,37,2,1,1
33,1,18,5,8418,16,0,16,1,8,0
52,4,18,1,5655,116,0,51,1,1,0
32,1,17,5,5076,236,0,28,1,1,0
84,3,23,1,495,231,0,44,2,1,1
55,4,22,1,1326,13,0,36,1,1,1
42,1,18,5,5811,41,0,60,2,1,0
44,1,18,1,3709,58,0,31,1,2,1
66,1,18,1,4732,39,1,45,1,1,0
22,1,22,5,7607,5,0,40,1,1,0
42,1,8,1,8426,14,0,56,1,1,0
19,1,17,5,9161,44,6,40,1,1,0
36,8,20,1,1239,1,0,46,2,1,1
23,1,18,1,5389,20,1,34,2,1,1
47,2,17,3,2631,90,0,55,2,1,0
65,6,21,1,6133,54,0,58,2,1,0
49,1,23,5,982,243,0,53,1,1,1
31,1,12,5,7581,100,11,30,1,6,0
60,7,22,2,1409,28,0,42,2,1,1
76,4,19,1,9393,20,0,52,1,8,0
26,6,22,3,545,185,1,38,2,2,1
19,1,18,1,5011,17,8,31,2,1,0
21,2,20,1,3288,72,16,31,1,1,1
20,6,17,5,4222,88,16,16,2,6,0
75,1,22,1,6601,5,0,54,2,1,0
33,1,14,5,4032,31,0,44,2,1,0
38,1,20,5,2827,339,0,60,1,1,1
29,1,16,5,1761,219,0,41,2,1,1
57,1,21,1,1222,87,0,52,1,1,1
47,1,19,1,1649,2,0,27,2,1,0
26,1,15,1,1857,275,0,35,2,1,1
49,1,21,1,6295,4,0,12,1,1,0
60,1,20,1,7857,2,0,38,1,1,0
49,1,21,1,5868,18,0,40,1,1,0
45,1,5,1,2792,66,0,47,2,1,0
22,1,16,3,1876,20,0,54,1,1,0
72,1,20,1,7629,154,0,55,2,8,0
80,7,22,3,1312,135,0,48,1,1,0
59,1,21,4,3328,123,5,39,2,2,0
25,2,20,5,7796,22,1,25,2,1,0
30,1,18,1,5498,52,0,28,1,8,0
32,1,16,1,4550,14,0,26,2,2,1
60,2,19,1,8067,43,0,40,1,1,0
37,1,20,1,1559,29,0,39,1,1,1
62,1,16,2,6351,116,0,23,2,1,0
27,1,14,5,6003,76,0,38,1,1,1
46,2,21,5,3786,106,6,14,1,1,0
41,1,21,1,7641,4,17,56,2,1,1
54,2,19,1,8956,59,0,59,1,2,0
54,1,22,1,9267,193,0,50,1,1,0
32,1,21,1,5808,34,0,39,2,1,0
74,1,21,1,2912,16,0,30,1,9,1
60,7,20,5,4599,103,0,38,2,2,0
35,2,22,1,3917,82,0,20,2,1,0
77,6,21,1,8127,11,0,26,1,1,0
32,1,21,1,890,1,0,31,2,1,1
19,2,17,5,3015,63,3,44,1,1,1
27,1,19,1,6005,12,0,35,2,1,0
48,2,16,1,1576,96,0,42,1,2,0
50,1,19,1,3540,167,1,45,1,1,1
67,1,21,1,6503,146,0,44,1,1,0
33,1,16,1,6456,122,0,7,2,1,0
58,6,22,1,4258,2,0,52,1,1,1
69,1,20,1,665,14,0,54,2,1,1
51,1,18,1,2077,81,1,21,1,3,0
48,1,20,5,8565,113,0,30,1,8,1
51,3,17,1,7429,39,0,21,1,6,1
53,4,24,1,6115,10,0,46,2,1,0
19,1,14,5,5329,75,11,15,1,1,0
21,1,18,5,2462,11,0,39,1,1,0
33,1,23,1,124,10,7,51,1,1,0
39,4,21,1,6375,13,0,40,2,1,0
43,7,21,1,3680,80,0,46,1,1,1
36,1,16,1,7383,20,0,33,1,1,0
39,1,14,1,8784,97,0,39,1,1,0
27,1,21,5,2679,2,10,40,1,1,0
42,3,22,1,3099,14,0,33,2,1,0
45,1,20,1,4857,9,3,36,2,1,0
34,2,20,1,1359,56,10,33,2,1,0
29,1,21,5,7509,1,5,48,1,1,0
40,1,15,1,5749,250,0,49,1,1,0
71,2,22,1,137,17,0,57,2,1,1
72,1,17,4,4270,477,0,7,1,1,0
49,2,21,1,3258,127,0,28,2,3,0
31,6,21,1,3870,102,2,26,2,2,0
27,1,11,5,7572,125,17,52,1,6,0
42,1,17,1,7934,16,0,38,1,1,0
47,4,20,3,2600,177,0,26,2,2,1
69,1,20,1,512,82,0,47,1,9,1
62,1,20,5,7656,157,0,33,1,2,1
48,1,17,1,1958,20,0,61,1,1,1
43,1,22,5,4987,184,0,26,1,1,1
29,1,21,5,6717,48,0,56,1,1,0
39,1,18,5,4577,155,0,15,1,1,0
62,5,16,1,3224,199,0,29,1,1,0
41,1,20,1,1416,5,0,47,2,1,1
57,8,21,5,6443,208,0,49,1,1,0
22,1,11,5,8597,220,13,15,1,1,0
19,6,17,1,7806,366,5,20,2,1,0
65,1,14,1,5054,14,0,41,2,1,0
31,1,17,1,5986,169,17,15,2,1,0
20,1,16,5,8932,21,0,46,1,1,0
35,2,17,1,4800,108,0,28,2,1,0
33,6,17,1,3141,3,17,34,1,1,0
24,1,19,5,7136,117,17,40,1,1,0
19,1,17,5,5826,8,0,29,2,6,0
41,1,14,5,4940,252,12,42,1,1,1
75,8,21,1,641,114,0,43,1,1,1
59,2,22,5,2585,7,0,39,2,1,1
31,1,20,1,8714,22,0,33,2,1,0
27,1,23,5,5860,128,0,46,1,1,1
25,5,20,5,6429,13,0,60,1,1,0
24,1,19,5,6299,20,17,44,1,1,0
65,1,14,1,9830,154,0,57,1,1,0
26,1,16,1,5465,23,0,13,2,3,0
81,1,21,1,273,80,0,38,1,1,1
74,1,16,5,6176,7,0,11,2,9,0
38,1,22,1,3975,21,8,27,1,6,0
34,1,22,1,1123,8,0,37,1,1,1
43,4,15,1,9080,57,0,31,1,1,1
51,1,18,1,5321,51,0,45,2,1,0
22,1,16,5,3908,204,0,39,2,2,0
28,1,22,1,1175,1,0,31,2,1,1
65,7,21,1,2458,42,0,34,2,6,1
56,1,22,1,390,58,0,50,2,2,1
70,5,18,3,7429,23,0,36,2,1,0
36,1,23,1,2748,101,0,16,2,1,0
20,2,20,5,4793,106,0,35,2,1,0
31,1,15,5,9740,11,6,38,1,1,0
40,2,21,1,8208,87,0,29,2,1,0
66,1,19,1,523,5,0,57,1,1,1
39,2,22,1,206,29,0,35,2,1,0
70,1,24,1,2287,24,0,56,2,1,1
22,1,16,1,4776,86,0,41,2,1,1
46,1,21,1,407,13,17,19,1,1,0
36,1,19,5,1043,29,16,24,2,2,0
65,6,21,1,430,55,0,39,2,1,1
39,1,15,5,8422,65,0,20,1,1,0
29,1,13,5,6652,40,0,45,1,2,0
39,1,19,4,3955,6,0,44,1,1,0
36,1,23,1,3475,1,0,35,1,1,0
47,7,23,1,3055,1,0,33,1,1,1
72,1,23,2,167,20,3,45,2,1,0
65,1,11,1,8329,139,0,38,2,1,0
21,1,14,3,7718,196,5,13,1,1,0
43,1,18,1,2815,13,7,25,1,1,1
66,1,18,1,5696,44,0,22,2,1,0
73,1,22,1,1371,1,0,31,1,1,0
50,1,16,1,6591,30,0,36,1,1,0
63,3,16,4,3522,115,0,46,2,1,1
66,1,14,1,8829,101,0,58,1,1,0
76,1,20,1,603,108,0,57,2,1,0
29,1,17,5,1188,62,0,30,2,1,0
34,1,19,5,5385,19,11,43,2,1,0
26,1,14,5,328,300,2,27,2,1,0
43,1,15,1,51,38,1,52,2,1,0
58,1,21,1,292,121,0,39,1,1,1
56,1,21,1,2554,10,1,29,1,6,0
73,2,18,5,2981,7,0,48,2,9,0
44,3,20,1,635,62,9,46,1,1,0
38,1,21,5,7927,50,0,55,1,1,1
50,1,17,1,5357,57,0,34,1,1,0
35,1,21,5,6957,5,0,29,2,1,1
59,1,21,4,1382,168,0,47,1,6,1
21,1,14,5,2683,47,0,50,1,6,0
60,1,17,5,4362,245,1,57,1,1,0
34,1,23,1,367,31,0,55,2,2,0
21,1,18,5,565,5,0,38,2,1,1
71,1,21,1,3871,35,0,42,1,1,1
19,1,17,3,4615,49,0,41,1,1,0
57,1,20,1,3010,25,0,60,1,1,1
81,1,19,1,2789,34,0,27,1,1,0
45,8,23,1,853,54,0,62,2,1,0
42,1,20,1,8369,22,0,51,2,1,0
37,3,23,5,7441,8,0,31,2,1,0
32,2,21,5,478,18,0,59,2,1,0
67,5,23,1,7074,302,0,37,1,1,1
28,1,19,5,3641,34,17,29,1,1,0
23,1,19,1,5377,12,0,19,2,1,0
24,1,17,5,7313,206,0,34,1,1,0
53,1,19,3,5811,35,0,40,1,1,1
30,1,21,5,215,123,0,51,2,1,0
37,1,14,1,7004,8,0,58,1,1,1
45,7,19,5,4656,53,0,35,1,1,0
65,7,17,5,5159,2,0,38,2,1,0
39,1,16,1,5479,157,17,33,1,2,0
25,1,15,1,7708,276,1,37,1,1,1
40,1,23,3,1370,81,0,34,1,2,0
44,1,19,5,1373,284,0,32,2,1,0
37,1,23,1,1947,64,0,43,2,1,1
45,1,17,4,4380,7,3,26,1,1,0
26,1,20,5,2070,9,13,46,2,1,1
50,1,23,1,954,40,0,64,2,1,1
18,1,15,1,3823,1,0,36,1,1,0
23,1,22,1,5575,5,1,39,2,6,0
62,1,23,1,803,23,0,47,1,1,0
26,1,19,1,3013,257,6,26,1,1,1
21,1,20,5,3437,25,0,38,1,1,0
44,7,21,1,670,22,7,43,2,1,0
20,1,13,5,8026,14,17,10,2,1,0
59,4,21,1,1475,204,0,66,1,1,1
39,1,17,5,490,343,0,34,1,1,0
54,1,18,3,5550,177,0,31,1,1,1
21,1,17,5,3728,53,10,49,1,6,0
44,1,21,5,961,135,0,30,2,1,0
41,1,23,5,342,259,0,12,2,1,0
23,1,21,1,5583,242,3,30,2,1,0
51,3,24,5,4068,8,0,58,1,1,1
30,1,20,3,2324,119,0,32,2,1,0
48,1,18,1,5842,82,0,28,1,1,1
22,1,17,5,8446,21,0,52,1,1,1
46,1,18,5,6365,13,0,42,2,1,1
65,5,11,1,9216,82,0,45,2,1,0
23,1,20,3,4479,89,0,49,2,1,1
43,1,18,1,1888,125,0,29,2,1,0
76,1,21,1,3780,176,0,28,2,8,1
19,1,17,3,1666,74,0,40,2,1,0
49,1,13,5,9606,168,0,43,1,1,0
25,1,17,5,5606,156,0,24,1,1,0
63,1,16,1,1945,14,0,44,1,1,1
53,1,19,3,3822,445,0,15,1,1,0
61,1,21,1,8973,4,0,47,1,1,0
48,3,23,1,2911,1,0,47,2,1,0
56,2,23,1,4857,2,0,36,2,1,1
66,2,23,1,2784,15,0,33,2,1,1
70,3,20,1,2922,20,0,42,1,1,0
24,1,20,5,6441,111,0,26,2,8,0
67,1,17,3,3821,15,0,52,1,2,1
37,1,18,5,1098,116,0,49,1,1,0
33,1,20,5,2973,145,0,52,2,2,0
22,5,15,1,4474,100,0,40,1,1,0
56,1,19,1,1300,179,0,38,2,1,0
20,1,9,5,4470,45,7,15,1,8,0
56,2,20,1,4024,20,6,9,1,1,1
23,1,19,1,2394,56,0,23,2,1,0
29,6,22,3,3722,26,1,45,2,1,0
38,1,18,1,2902,264,0,51,1,1,0
49,1,20,3,1567,14,0,10,1,1,0
39,3,19,5,570,313,0,27,1,1,1
24,1,12,5,8926,130,8,66,1,1,0
54,3,17,1,1548,5,0,48,1,1,0
36,1,17,5,1578,9,0,37,2,1,1
42,1,19,5,1140,296,1,39,1,2,0
24,2,24,2,36,7,0,29,1,1,0
62,7,15,1,4629,31,0,31,1,1,0
27,1,19,1,8342,78,0,40,1,9,0
67,1,18,1,9188,41,0,42,1,1,0
25,1,18,5,7089,60,0,27,2,1,0
39,1,19,1,2908,1,0,43,1,1,1
81,1,20,1,874,12,0,36,2,1,0
50,7,20,5,7795,12,0,41,2,1,0
53,1,17,1,5002,49,0,46,2,1,0
44,3,14,1,3207,58,0,52,1,1,0
34,1,20,1,4052,2,0,57,2,1,1
28,5,17,5,5003,5,0,43,1,1,1
41,6,21,3,103,19,0,27,2,1,1
78,1,22,1,2849,5,0,31,1,1,1
18,1,19,5,170,72,0,50,2,1,0
22,1,16,5,1827,15,15,18,2,1,0
40,2,18,1,6706,33,12,22,2,1,0
46,6,21,1,751,11,0,28,2,1,0
26,1,18,1,4211,48,1,35,2,1,0
50,4,22,1,3178,1,0,57,1,8,0
45,2,20,5,918,18,0,5,2,1,0
23,1,19,1,6795,88,1,40,2,1,0
26,1,20,5,6273,11,3,35,1,1,0
32,1,20,5,4141,1,0,52,1,1,0
21,1,18,5,1340,7,0,26,2,1,1
50,1,22,1,7862,67,0,60,1,1,0
36,1,17,5,8931,158,7,20,2,2,0
19,1,16,1,5928,63,14,25,1,1,0
38,1,18,5,9436,200,0,49,2,6,0
57,1,19,5,4077,27,0,42,2,2,1
33,2,20,5,7740,27,10,23,2,1,0
31,1,18,5,4850,78,0,38,1,1,1
59,1,16,2,145,60,0,48,2,9,0
58,1,16,1,7803,106,0,28,1,1,0
47,4,17,1,8569,145,0,47,1,1,0
58,1,13,3,1524,1,0,40,2,1,0
32,2,21,1,5606,11,0,31,2,1,1
45,1,20,3,8584,29,0,32,1,1,0
26,1,18,5,8253,148,3,33,1,1,0
34,1,19,5,3240,4,0,2,2,6,0
28,1,20,5,8714,2,9,38,2,1,0
48,1,14,5,8392,402,0,59,2,8,0
24,4,19,1,1473,28,0,17,2,8,0
67,1,21,1,5668,34,2,48,1,6,1
19,1,18,5,4508,27,0,23,1,1,0
40,2,21,1,4355,5,0,11,1,1,0
33,4,21,4,981,42,0,38,2,1,1
25,5,22,5,2998,143,0,71,2,1,0
57,1,21,1,36,4,0,34,2,1,0
44,3,19,1,8984,129,0,31,2,1,0
32,4,14,3,628,309,0,31,2,1,0
19,1,21,3,217,35,0,52,2,1,0
42,1,19,1,5164,203,0,43,1,1,1
30,1,22,1,5617,19,16,11,1,1,0
38,1,20,5,2641,241,0,18,2,9,0
29,4,19,5,2594,20,0,24,1,1,0
33,1,16,1,3337,32,0,36,1,1,1
47,1,21,1,5752,78,0,43,1,1,0
26,1,18,5,4268,3,14,42,1,1,0
63,1,12,1,4991,133,5,34,1,1,0
26,1,19,5,6056,14,1,34,1,2,0
32,2,14,5,1750,128,0,38,2,6,0
63,4,22,1,5603,104,15,37,1,1,1
51,4,23,1,449,93,0,19,1,1,1
30,1,20,5,1528,42,0,38,2,1,0
53,7,22,1,6398,11,1,33,1,9,0
36,1,20,5,3187,2,0,46,1,1,0
67,1,23,1,2275,95,0,61,1,1,1
31,1,12,5,1616,93,0,35,1,2,0
41,1,20,5,1019,170,0,39,1,8,1
21,1,21,5,8196,287,8,30,1,8,0
48,6,11,5,7625,59,0,31,2,1,0
41,1,19,5,4002,2,0,30,1,1,0
58,2,20,1,520,75,0,55,2,2,0
41,1,21,5,7815,4,0,22,1,1,0
60,1,16,4,5670,46,0,23,2,9,0
50,2,20,5,7634,2,0,49,2,9,0
60,5,17,1,4055,3,0,39,2,1,1
35,1,22,5,4535,31,1,33,1,6,1
64,2,21,1,2598,34,0,50,2,1,1
78,1,15,1,2382,103,0,54,1,1,1
22,6,16,5,2016,10,0,26,2,1,0
50,1,16,5,2393,336,0,31,2,1,0
45,1,21,1,906,2,8,56,1,1,0
58,1,21,5,7155,2,0,19,1,1,0
76,5,19,1,5966,60,0,58,1,1,1
69,2,21,5,980,135,0,33,2,1,0
34,5,18,3,1566,180,0,36,1,6,0
38,1,21,3,605,48,0,59,1,1,1
24,2,19,3,2119,32,0,42,1,2,1
26,1,21,5,738,57,0,53,1,2,0
68,6,16,1,2305,48,0,21,1,1,1
37,1,21,1,3644,1,0,38,2,2,1
52,1,19,1,4525,42,0,54,2,1,0
54,1,17,1,3893,29,0,71,1,1,1
41,5,20,1,2547,241,0,75,2,1,0
48,1,20,1,3248,37,0,46,2,1,1
44,3,14,3,868,42,0,60,2,2,0
31,1,19,5,328,6,11,37,1,2,1
43,1,20,1,8312,65,3,34,1,6,0
42,2,20,1,5424,64,0,11,2,1,0
38,1,20,1,5899,68,0,32,2,9,0
43,1,18,5,2232,144,0,51,1,1,0
63,1,21,1,3238,106,0,43,1,1,1
31,1,21,5,3470,240,0,40,2,1,0
52,1,14,1,6130,82,0,41,2,1,0
47,1,22,5,2414,50,0,49,1,1,1
69,1,19,1,1824,8,0,37,1,1,1
68,3,19,1,2102,6,0,62,2,6,1
37,1,21,3,8419,11,0,49,1,6,0
39,1,20,1,2102,188,17,30,2,1,0
25,1,10,5,5705,177,0,42,2,1,1
78,1,16,1,5724,14,16,29,1,1,0
19,1,20,1,4239,485,0,26,2,1,0
24,5,19,5,170,64,1,55,1,1,1
35,3,18,5,4224,11,0,31,1,8,0
21,1,23,1,5378,45,14,20,2,1,0
59,1,16,1,5805,163,0,40,1,1,1
37,1,14,1,5366,18,1,51,2,1,1
33,1,24,1,522,35,0,22,2,6,0
53,1,13,1,723,15,0,36,1,1,1
58,4,10,1,7978,172,0,52,2,8,0
34,5,19,5,644,61,0,24,1,1,0
23,1,20,5,4168,37,0,53,2,1,0
34,7,15,1,6351,6,5,20,1,2,0
61,1,15,5,4578,290,0,28,2,1,1
45,4,11,5,9451,148,0,23,2,1,0
47,4,20,1,6395,70,0,32,1,1,1
32,6,22,1,559,2,0,46,2,6,1
26,2,19,5,3673,181,0,36,2,1,0
73,1,21,1,2856,65,0,26,2,1,0
47,2,17,3,6724,315,0,42,1,1,0
37,1,11,1,380,7,0,22,1,1,1
44,2,18,1,1469,80,7,64,2,1,0
59,6,20,1,3933,54,0,48,1,1,1
25,6,20,1,1459,2,0,34,1,1,0
60,5,16,1,2708,42,6,37,2,1,0
32,1,19,1,5623,3,0,40,1,1,0
24,1,22,5,2445,46,0,45,1,1,0
25,1,11,5,3941,69,0,19,1,1,0
66,1,16,5,5094,289,0,19,2,1,0
37,1,18,5,4662,92,1,29,2,1,0
57,7,18,1,103,93,1,18,1,1,0
41,1,19,5,6156,5,0,46,2,8,1
43,2,21,5,3760,27,7,36,1,1,1
42,3,20,1,3364,121,9,53,2,1,0
43,1,16,1,6555,85,0,41,2,1,0
18,1,16,5,5106,57,11,19,1,8,0
34,1,18,5,6419,248,17,49,1,1,0
47,3,20,1,3619,11,0,47,1,1,1
58,1,17,2,6591,88,0,37,2,1,0
75,1,17,5,7194,88,0,49,1,1,0
37,1,18,5,7355,86,1,31,1,1,0
34,1,18,5,6427,214,0,55,2,1,0
60,3,23,1,5868,13,0,38,1,1,1
40,1,16,1,8264,170,0,45,1,1,0
66,1,22,2,467,17,0,55,1,1,1
51,1,20,1,6409,83,0,37,1,1,0
33,1,18,1,1544,111,0,32,1,1,0
24,1,13,1,5817,1,10,54,2,1,1
24,5,19,5,6766,7,0,38,1,1,0
24,1,20,1,8708,126,0,35,1,1,1
44,2,21,1,420,110,0,35,2,1,0
19,1,23,5,990,42,16,39,1,1,0
60,1,14,1,5802,45,0,18,2,1,0
41,1,15,5,3023,199,0,29,1,8,0
30,6,16,5,2990,21,4,35,1,1,0
51,2,23,1,1984,11,1,39,2,1,0
45,1,18,1,4205,551,0,29,1,1,0
30,3,22,1,26,1,0,53,1,1,1
38,1,18,1,1638,360,16,22,1,2,1
44,2,21,5,3116,24,0,31,1,1,0
43,6,22,1,1696,94,1,54,2,1,0
40,3,20,1,1287,136,0,49,1,1,0
31,7,22,5,3159,3,0,30,2,1,0
24,1,18,5,3881,39,0,52,2,1,0
85,1,24,1,2448,31,0,70,1,2,1
67,1,16,1,4106,14,0,39,2,9,0
26,5,19,5,2127,37,0,44,2,1,0
