age,class_of_worker,education,marital_status,occupation,place_of_birth,relationship,hours_per_week,sex,race,income_above_50k
57,1,19,1,5533,37,0,40,2,1,1
31,1,16,1,5688,34,0,40,1,1,0
33,1,16,5,6554,2,13,40,1,8,0
31,1,21,1,3140,37,1,40,2,1,0
56,1,21,1,6373,38,0,40,2,1,0
47,1,19,1,5297,37,0,40,1,1,1
64,1,21,3,207,35,13,40,1,1,1
25,1,19,5,5548,28,0,40,1,1,0
28,1,18,5,6149,11,0,40,2,1,0
60,1,21,1,3726,42,0,40,2,1,0
26,1,20,1,5702,225,1,40,2,6,0
33,1,21,1,2410,36,1,40,2,1,0
37,1,10,1,6466,48,0,40,1,1,0
61,3,20,1,2441,32,10,10,2,1,0
21,1,19,5,4733,36,17,16,1,1,0
45,1,22,1,611,15,0,50,1,1,1
51,2,24,1,2396,9,1,10,2,1,0
26,1,14,1,4140,331,10,40,2,1,0
46,1,21,1,575,13,1,50,1,1,1
29,1,19,5,4653,38,2,40,2,1,0
44,1,22,5,184,36,0,40,2,1,1
45,1,21,1,2339,240,0,40,2,6,0
64,1,21,1,3732,10,0,40,2,1,0
51,1,16,1,6442,32,1,40,1,1,0
27,1,16,1,5469,10,1,40,2,1,0
28,1,19,5,5256,13,0,40,1,1,0
37,3,22,1,2424,212,0,40,2,6,0
46,1,19,1,265,223,0,40,1,6,1
65,1,19,1,5515,32,1,8,2,1,0
24,1,16,5,4065,23,13,40,2,1,0
26,1,16,5,9756,38,16,40,1,1,0
51,1,21,5,10,18,0,50,1,1,1
49,1,19,5,10,31,0,40,1,1,1
47,1,21,5,4678,37,0,40,2,1,0
52,1,19,1,5445,40,1,40,2,1,0
51,1,21,1,2940,25,0,40,1,1,1
33,1,16,3,6296,21,0,40,2,1,0
17,1,19,5,4635,53,2,10,2,1,0
31,1,18,1,5865,3,0,33,2,1,0
29,1,21,5,228,30,0,40,2,1,1
36,1,16,5,9236,34,0,40,1,1,0
43,1,21,3,148,4,0,40,1,1,1
56,1,19,1,5927,32,0,40,2,1,0
38,3,21,1,2161,24,1,40,2,1,0
45,1,22,1,701,7,0,40,1,1,1
44,1,9,1,7404,297,1,40,1,1,1
43,1,22,1,1035,45,0,40,1,1,1
64,1,19,1,5318,39,0,40,1,1,0
21,1,16,5,9830,306,2,40,1,8,0
40,1,22,1,63,40,1,40,1,1,1
49,1,16,1,465,5,1,40,1,1,1
55,1,20,1,129,19,0,50,1,1,1
17,1,8,5,4183,11,2,9,2,1,0
36,3,21,1,2437,37,0,40,2,1,0
22,1,16,5,5164,13,12,40,2,1,0
25,1,19,5,5062,40,2,40,2,1,0
19,1,19,5,4618,311,2,14,2,6,0
48,1,16,5,9123,315,0,40,1,6,0
41,1,1,5,104,1,0,40,1,1,1
21,1,19,5,6122,5,17,40,1,1,0
52,1,22,1,320,37,1,50,1,1,1
49,1,16,1,6355,44,0,40,1,1,1
48,1,21,1,248,236,0,40,1,6,1
37,1,21,1,968,35,0,40,1,1,1
32,1,21,1,1970,13,1,11,2,1,0
28,1,16,5,3956,4,0,9,2,1,0
22,1,16,1,4197,24,9,40,2,1,0
25,1,16,5,5601,14,2,40,1,1,0
65,1,21,1,3229,43,0,40,2,1,0
46,1,21,1,328,8,1,50,1,1,1
48,1,16,3,5765,8,0,40,1,1,0
20,1,18,5,4638,7,17,12,2,1,0
69,1,19,1,107,23,0,40,1,1,1
27,1,19,3,6373,4,0,40,2,1,0
19,1,14,5,3925,311,17,34,2,1,0
34,1,19,5,4989,24,0,40,1,1,1
42,1,17,5,9483,45,0,40,1,1,1
23,1,16,3,5710,11,9,40,2,1,0
27,1,16,3,4124,34,16,40,2,1,0
27,1,21,1,2589,46,1,40,2,1,0
17,1,14,5,4267,5,2,14,1,8,0
23,1,14,5,9253,50,17,40,1,1,0
20,1,19,5,4785,39,2,8,2,1,0
42,1,16,1,5462,2,0,40,1,1,0
58,1,20,1,481,15,0,40,1,1,1
34,1,21,1,2275,5,0,40,1,1,1
46,1,16,1,5683,4,0,40,1,1,0
29,1,16,3,9055,49,16,40,1,1,0
26,1,16,5,4097,42,2,40,2,1,0
51,1,19,1,410,14,0,40,1,1,1
37,1,16,1,4864,8,0,40,2,1,0
34,6,19,1,2792,18,1,13,2,1,0
21,1,16,5,9132,7,2,40,1,1,0
27,1,22,5,2320,10,13,40,2,1,1
35,1,20,1,2164,220,1,16,2,6,0
37,1,19,1,4733,43,1,40,2,1,0
45,1,20,1,497,27,0,40,1,1,1
56,1,19,1,360,34,0,40,1,1,1
46,1,21,1,186,41,1,40,1,1,1
53,1,21,3,362,18,0,40,1,1,1
27,1,19,3,3613,38,0,36,2,1,0
61,1,17,1,3565,32,1,40,2,1,0
51,1,22,1,961,46,0,40,1,1,1
36,1,16,1,5971,51,0,40,2,1,0
43,1,21,1,3252,20,0,40,2,1,1
49,1,19,1,561,10,1,50,1,1,1
51,1,22,1,266,38,0,50,1,1,1
52,1,16,5,5418,37,0,40,1,1,1
59,1,21,1,10,7,0,40,2,1,1
24,1,19,5,5756,20,2,40,2,1,0
17,1,16,5,2538,225,2,9,2,6,0
54,1,16,5,9069,38,0,40,1,1,0
18,1,16,5,4318,29,2,9,1,1,0
28,1,17,5,9203,4,13,40,1,1,0
34,1,18,1,7002,40,1,40,1,1,0
24,1,18,1,3957,22,0,40,2,1,0
49,1,21,3,403,39,0,40,2,1,1
18,1,18,5,4803,24,17,12,2,1,0
68,1,19,3,5143,5,0,40,2,1,0
39,1,21,1,285,12,0,40,1,1,1
18,1,16,5,4300,10,17,12,2,1,0
31,1,16,3,9044,24,16,40,1,1,0
22,1,19,5,6698,35,2,40,1,1,0
60,2,21,1,2136,4,0,33,2,1,0
31,1,16,1,8768,2,0,40,1,1,0
40,1,16,3,6135,4,0,40,2,1,0
54,1,16,1,5890,45,1,40,1,1,0
28,1,16,5,5674,8,13,40,1,1,0
20,1,19,5,4666,11,17,33,2,1,0
28,1,17,3,4059,5,0,40,1,1,0
40,1,19,1,7446,12,1,40,1,1,1
29,1,18,5,6118,41,13,40,2,1,0
21,1,16,5,4714,49,17,10,1,1,0
53,1,10,1,259,305,1,50,1,1,1
44,4,24,1,2652,9,0,16,2,1,0
33,1,21,5,5738,13,0,40,2,1,0
18,1,15,5,4202,38,16,13,1,1,0
27,1,21,1,2304,8,0,13,2,1,0
48,1,21,1,181,40,1,40,2,1,1
27,1,19,1,5717,304,0,40,2,1,0
62,1,19,1,5275,17,1,40,2,1,0
30,1,19,3,6531,45,0,40,1,1,0
43,1,19,1,4663,301,1,40,2,1,0
48,1,21,1,347,25,0,50,1,1,1
46,1,20,3,824,42,13,40,1,1,1
23,1,19,5,5359,38,12,33,2,1,0
45,1,22,1,495,36,1,40,1,1,1
29,1,19,1,5143,22,1,40,2,1,0
30,1,16,1,6518,39,0,40,1,1,0
19,2,19,5,2336,6,2,7,2,1,0
40,1,19,1,5752,236,0,40,1,1,1
36,1,22,1,3211,7,1,40,1,1,1
30,1,21,1,2466,30,0,40,1,1,0
70,1,19,1,2596,14,0,11,2,1,0
30,1,21,1,2170,2,1,40,2,1,0
29,1,21,1,965,37,1,40,1,1,0
21,1,19,1,5925,36,0,40,2,1,0
24,1,19,5,4699,40,12,12,2,1,0
26,1,16,1,4090,308,9,40,1,6,0
30,1,21,5,5206,11,13,40,2,1,0
41,1,21,1,5125,37,0,40,1,1,1
58,1,16,1,286,35,0,40,1,1,1
49,1,21,3,76,10,0,40,1,1,1
29,1,19,5,3929,37,2,40,2,1,0
43,1,21,3,524,10,0,40,1,1,1
45,1,21,3,222,3,0,40,1,1,1
47,1,19,1,10,39,0,50,1,1,1
46,1,19,1,4583,6,0,40,1,1,1
41,1,19,1,1327,8,1,40,1,1,1
48,1,19,1,216,35,1,40,1,1,1
46,1,21,1,2744,37,1,40,2,1,1
33,1,22,1,845,39,0,40,1,1,1
24,1,22,5,2359,226,2,40,2,6,0
44,1,11,5,5540,308,0,40,1,1,0
48,1,16,1,6104,35,1,40,2,1,0
26,1,17,5,9322,42,13,40,1,1,0
52,1,22,1,299,39,1,50,1,1,1
26,1,20,1,5853,25,1,40,2,1,0
61,1,18,1,4102,328,9,40,2,1,0
37,1,21,3,986,27,0,40,1,1,1
21,1,14,5,4112,47,2,8,1,1,0
61,1,16,1,5474,35,0,40,2,1,0
55,1,16,1,5483,37,0,40,1,1,1
22,1,21,3,2135,40,0,40,2,1,0
76,1,21,1,3749,21,0,40,2,1,0
58,1,16,3,5823,10,0,40,1,1,0
29,1,19,1,5074,27,0,40,2,1,0
51,1,19,1,4929,5,0,40,1,1,1
51,1,17,5,8120,41,0,40,1,1,1
46,1,16,1,5863,288,1,40,1,1,0
46,1,19,1,223,8,0,40,1,1,1
39,1,21,1,2399,22,1,40,2,1,0
54,1,16,1,7955,16,0,40,1,1,1
51,1,21,5,3522,7,13,40,2,1,0
20,1,19,3,4131,54,0,40,2,1,0
45,1,16,1,6980,6,0,40,1,1,0
54,1,16,1,18,36,0,50,1,1,1
56,1,20,3,479,37,0,40,2,1,1
20,1,18,5,4172,19,17,9,2,1,0
33,1,16,5,7318,7,0,40,1,1,1
64,1,19,1,3625,41,0,31,2,1,0
58,1,20,1,4722,22,0,40,2,1,0
61,3,21,1,2428,310,1,13,2,1,0
28,1,18,5,6353,7,0,40,2,1,0
60,1,14,1,3958,4,0,11,2,1,0
34,1,21,3,3348,37,0,40,2,1,0
48,1,21,3,397,38,0,40,1,1,1
20,1,19,5,4597,33,2,7,2,1,0
42,1,21,1,157,41,0,50,1,1,1
28,1,21,3,5367,18,0,40,1,1,0
22,1,19,5,5251,1,2,40,2,1,0
41,1,21,1,1568,19,0,40,1,1,1
57,1,16,1,6161,43,1,40,1,1,1
61,1,16,1,6433,39,0,40,1,1,1
20,1,16,5,3989,7,2,40,1,1,0
41,3,21,1,2481,25,1,40,2,1,0
22,1,16,5,6012,46,2,40,2,1,0
53,1,19,1,7637,17,1,40,1,1,1
49,1,18,1,5193,324,0,40,1,1,1
73,1,16,1,3285,41,0,33,2,1,0
67,1,19,5,5438,6,0,34,2,1,0
37,1,16,1,6505,39,0,40,1,1,0
50,1,21,1,563,38,1,40,1,1,1
60,1,16,1,5372,33,0,40,1,1,0
48,1,18,1,7885,16,0,50,1,1,1
27,1,16,1,3986,9,1,9,2,1,0
31,1,19,3,5832,37,0,40,2,1,0
61,1,16,1,4994,33,1,40,2,1,0
50,1,21,1,4872,9,1,40,2,1,1
22,1,16,5,4020,29,2,40,2,1,0
44,1,19,1,6080,9,0,40,1,1,0
47,1,22,1,3070,215,1,40,2,6,0
47,1,21,1,944,24,0,40,1,1,1
26,1,21,5,708,23,13,40,1,1,0
19,1,13,5,4053,39,2,8,2,1,0
23,1,19,5,4725,41,12,34,2,1,0
39,1,21,1,2494,5,0,40,2,1,0
26,1,16,1,4071,19,10,40,2,1,0
60,1,11,1,4370,37,1,40,2,1,0
19,1,16,5,4198,30,2,12,1,1,0
47,1,22,3,297,26,0,40,1,1,1
42,3,22,1,2447,213,1,40,2,6,0
38,1,19,1,6539,6,0,40,1,1,0
52,1,20,3,10,37,0,40,1,1,1
25,1,16,5,6144,8,0,40,2,1,0
24,1,19,1,5369,44,1,31,2,1,0
51,1,21,1,199,28,0,40,1,1,1
59,1,19,3,4774,35,0,40,2,1,0
63,1,19,1,5027,9,0,40,2,1,0
55,1,19,1,4790,24,1,40,1,1,0
26,1,16,1,4158,42,0,40,2,1,0
27,1,16,5,6005,21,2,40,2,1,0
60,1,18,1,5824,21,0,40,2,1,0
22,1,16,3,4099,27,0,40,2,1,0
56,1,16,5,6201,35,0,40,1,1,1
38,1,21,1,2132,36,1,40,1,1,1
57,1,19,1,5662,37,0,40,1,1,1
64,1,18,1,5269,25,0,40,2,1,0
35,1,19,3,5498,2,0,40,2,1,0
44,1,21,1,1644,39,1,50,1,1,1
19,1,9,5,4297,54,17,15,1,1,0
59,1,16,3,5418,28,0,40,1,1,1
45,1,21,5,3332,41,13,40,2,1,1
35,3,21,1,2313,5,1,15,2,1,0
54,1,19,1,6045,23,1,40,1,1,0
78,3,21,1,2250,38,1,40,2,1,1
52,1,16,1,7556,21,0,40,1,1,1
34,1,21,5,1524,6,0,40,1,1,1
25,1,19,5,5980,34,13,40,1,1,0
54,1,21,1,1425,25,0,40,1,1,1
28,1,19,5,5072,43,13,40,2,1,0
17,1,14,5,4686,28,16,12,2,1,0
23,1,19,1,4513,34,0,9,2,1,0
34,2,22,1,2076,36,0,12,2,1,0
59,1,19,1,3750,5,0,8,2,1,0
55,1,16,1,7902,12,0,40,1,1,1
50,1,16,1,145,41,1,40,1,1,1
47,1,16,1,7887,8,0,40,1,1,1
23,1,21,1,2649,17,9,40,1,1,0
26,1,21,5,5701,3,0,40,1,1,0
60,2,21,1,2680,41,1,10,2,1,0
45,1,20,3,194,10,0,50,1,1,1
28,1,16,1,4174,37,1,14,2,1,0
46,1,21,1,1781,8,1,40,1,1,1
29,1,21,1,2132,212,1,6,2,6,0
23,1,14,5,4172,28,2,40,1,1,0
43,1,19,1,224,3,1,40,2,1,1
22,1,17,5,8769,22,2,40,1,1,0
25,2,21,5,2027,12,17,31,2,1,0
59,1,16,1,7415,18,0,40,1,1,1
48,1,16,1,5618,39,0,40,1,1,0
44,1,16,1,5788,10,1,40,2,1,0
17,1,16,5,3976,5,17,15,2,1,0
44,1,21,5,1355,23,0,40,2,1,1
32,1,21,5,1116,20,0,40,1,1,1
23,1,21,5,2380,41,12,40,2,1,0
39,1,22,1,978,4,0,40,1,1,1
26,1,16,1,6617,28,1,40,2,1,0
22,1,17,3,5767,37,15,40,1,1,0
42,1,20,5,458,20,0,40,1,1,1
44,1,21,1,10,2,0,40,2,1,1
26,1,16,1,6312,16,9,40,1,1,0
47,1,19,1,6204,6,1,40,1,1,1
57,1,16,1,6368,18,0,40,2,1,0
29,1,16,1,4112,309,0,40,2,1,0
35,2,21,3,2128,21,0,40,2,1,1
42,1,16,5,5992,313,0,40,1,1,0
42,1,17,1,5922,37,0,40,1,1,0
24,1,16,1,4928,6,1,40,2,1,0
36,1,16,1,7891,299,0,40,1,1,0
57,1,16,3,5395,22,0,40,1,1,0
24,1,18,5,5405,24,13,40,1,1,0
45,1,21,1,435,264,0,40,1,6,1
50,1,16,5,5243,37,0,40,1,1,1
65,1,19,1,5500,23,0,40,2,1,0
50,1,21,1,3149,10,0,40,2,1,0
44,1,16,1,9184,8,1,40,1,1,0
40,1,11,1,4037,320,0,40,2,8,0
60,1,20,1,4892,37,1,40,2,1,1
33,1,19,1,4029,231,1,11,2,6,0
63,1,16,1,6094,37,1,40,2,1,0
34,1,21,1,5753,214,10,40,2,6,0
51,1,16,3,5865,26,0,40,2,1,0
45,1,16,1,7944,19,0,50,1,1,1
59,1,19,1,4559,23,0,40,1,1,0
62,1,19,1,5618,38,0,40,2,1,0
48,1,16,5,5812,42,0,40,1,1,1
24,1,19,5,3830,10,12,40,2,1,0
42,1,19,3,7517,7,13,40,1,1,1
19,1,19,5,4713,24,2,31,2,1,0
37,1,16,1,8863,48,1,40,1,1,0
44,1,21,1,2313,8,1,40,2,1,0
28,1,16,1,6055,17,1,30,2,1,0
51,1,16,1,4031,27,1,40,2,1,0
28,1,18,5,4722,38,0,40,1,1,0
45,1,16,1,5282,7,1,40,2,1,0
49,1,16,1,4211,321,1,40,2,1,0
63,1,19,1,268,38,1,40,1,1,1
61,1,18,1,4858,15,0,40,1,1,0
30,1,20,5,5843,36,13,40,1,1,0
30,1,19,1,5826,8,1,15,2,1,0
41,1,19,1,6030,6,1,40,2,1,0
20,1,19,5,4754,5,16,40,1,1,0
41,1,19,1,556,8,0,40,1,1,1
24,1,16,3,9478,19,10,40,1,1,0
25,3,21,1,2439,5,10,12,2,1,0
20,1,19,5,4767,20,16,9,1,1,0
26,1,21,3,2272,7,12,40,2,1,0
22,2,22,5,2322,31,12,7,2,1,0
44,2,21,5,2549,24,0,40,2,1,1
62,1,16,1,5971,29,0,40,1,1,0
18,1,19,5,4460,37,17,12,1,1,0
41,1,21,1,3221,38,1,40,2,1,0
28,1,16,1,2409,43,1,8,2,1,0
40,1,21,1,2860,7,0,40,1,1,1
63,1,18,3,6427,20,0,40,1,1,1
46,1,21,1,688,39,0,40,1,1,1
29,3,22,1,2513,34,1,40,2,1,0
53,1,17,1,9269,19,0,40,1,1,0
55,1,16,3,7963,4,0,50,1,1,1
45,1,22,3,3180,39,0,40,2,1,1
45,1,22,1,924,4,0,50,1,1,1
38,1,21,1,3940,17,0,40,1,1,0
55,1,16,1,6478,36,1,40,1,1,0
27,1,19,1,6437,42,9,40,1,1,0
20,1,19,5,5492,20,13,40,1,1,0
37,1,21,1,4812,37,0,40,1,1,1
23,1,21,1,5419,37,10,40,2,1,0
28,1,16,1,4107,13,1,11,2,1,0
35,1,16,5,7686,9,0,40,1,1,0
56,1,20,1,3521,26,1,40,2,1,1
44,1,21,1,423,7,0,40,1,1,1
37,1,21,1,5097,10,0,40,2,1,0
41,1,21,3,348,21,0,40,1,1,1
45,1,21,1,156,33,1,40,1,1,1
54,1,18,1,6197,21,1,40,2,1,0
52,1,16,1,3995,23,1,40,2,1,0
26,1,19,5,5589,15,0,40,2,1,0
31,1,19,1,5926,213,9,40,2,6,0
28,1,19,5,5093,7,13,40,2,1,0
53,1,21,1,277,40,0,40,1,1,1
21,1,21,5,4888,25,0,40,1,1,0
41,1,22,1,404,33,0,40,1,1,1
46,1,19,1,6206,32,1,40,1,1,0
38,1,21,1,415,37,0,40,1,1,1
18,1,14,5,4340,16,16,14,1,1,0
41,1,21,1,155,32,0,50,1,1,1
52,1,21,5,3538,39,0,40,2,1,1
21,1,19,5,6064,37,2,40,1,1,0
28,1,16,5,6018,296,0,40,1,8,0
18,1,14,5,4156,35,17,10,2,1,0
30,1,21,5,3114,6,0,40,1,1,0
26,1,19,1,6092,23,0,12,2,1,0
35,1,21,1,1210,25,0,40,1,1,1
47,1,19,1,4994,219,1,40,1,1,0
33,1,19,1,5758,8,10,40,2,1,0
29,1,22,1,1321,39,0,40,1,1,1
50,1,20,1,10,25,0,50,1,1,1
20,1,19,5,4674,27,17,13,1,1,0
46,3,22,1,2396,239,0,40,2,6,1
48,1,18,1,5415,37,1,40,2,1,0
63,3,22,1,2388,16,0,40,2,1,1
27,1,19,1,6131,34,0,40,2,1,0
53,1,16,1,5318,12,1,40,1,1,0
19,1,18,5,4938,14,2,31,2,1,0
54,1,16,3,430,33,0,40,1,1,1
44,1,19,1,5200,4,0,40,2,1,0
50,1,22,1,3247,34,1,40,2,1,1
32,1,19,5,4909,22,0,40,1,1,0
39,1,21,1,1072,39,0,40,2,1,1
31,1,16,1,2551,39,1,16,2,1,0
42,1,21,1,5568,230,0,40,1,1,1
40,1,19,1,5402,5,1,40,1,1,1
55,1,16,1,6941,37,1,40,1,1,1
18,1,19,5,4083,51,17,40,1,1,0
45,1,21,1,360,37,1,50,1,1,1
18,1,16,5,3920,50,17,10,1,1,0
18,1,19,5,4554,3,2,13,1,1,0
31,1,21,5,889,35,13,40,1,1,1
27,1,9,5,9097,304,13,40,1,1,0
30,1,18,5,6581,13,0,40,1,1,0
26,1,19,5,5638,37,13,40,1,1,0
53,1,16,1,7358,4,0,40,1,1,1
23,2,22,1,2166,37,10,6,2,1,0
24,1,16,5,9348,32,0,40,1,1,0
59,1,21,1,3765,16,1,34,2,1,0
27,1,16,5,4191,326,10,40,1,1,0
56,1,16,3,4929,39,0,40,1,1,1
54,1,21,3,228,42,0,40,1,1,1
39,1,19,3,6005,34,0,40,1,1,0
22,1,18,5,4572,28,2,10,1,1,0
33,1,21,1,2460,39,0,40,2,1,1
29,1,17,3,4050,27,16,40,2,1,0
22,1,19,5,4628,6,2,8,2,1,0
27,1,21,3,3284,5,0,35,2,1,0
57,1,16,1,5955,39,1,40,2,1,0
30,1,19,1,4942,14,9,40,1,1,0
25,1,19,5,5223,23,13,40,1,1,0
24,1,16,3,6567,17,0,40,1,1,0
46,1,22,1,2509,230,0,40,2,6,0
34,1,19,1,5769,7,1,40,2,1,0
21,1,16,5,4036,51,2,18,2,1,0
61,1,21,1,3045,39,1,40,2,1,0
29,1,16,5,5973,316,0,40,1,1,0
45,1,21,1,646,28,0,50,1,1,1
19,1,19,5,4017,37,17,1,2,1,0
34,1,21,3,1801,6,13,40,1,1,1
62,1,16,1,4041,43,0,13,2,1,0
60,1,16,1,5488,42,1,40,2,1,0
22,1,19,5,9466,53,2,40,1,1,0
26,2,21,1,1932,27,1,40,2,1,0
53,7,22,1,10,41,0,51,1,1,1
57,1,16,1,7117,28,1,40,1,1,1
43,1,21,3,749,35,0,40,1,1,1
32,3,21,3,2483,35,10,7,2,1,0
29,1,19,5,4722,20,0,40,2,1,0
18,1,18,5,6426,37,17,12,2,1,0
32,1,19,5,5709,24,13,40,1,1,0
20,1,18,1,4159,21,0,40,2,1,0
31,1,21,5,4947,30,13,40,2,1,0
52,1,16,1,6572,2,1,40,1,1,1
60,1,16,1,5341,34,0,40,2,1,0
47,1,21,1,4773,300,1,40,2,6,1
26,1,16,1,4055,42,1,40,2,1,0
17,1,14,5,4145,229,4,12,1,6,0
37,1,22,1,2118,34,0,40,2,1,1
35,1,21,5,1465,26,0,40,1,1,1
49,3,21,1,2404,29,1,14,2,1,0
54,1,19,1,5368,4,0,40,2,1,1
50,1,19,1,72,39,1,50,1,1,1
59,1,21,1,3489,21,0,40,2,1,0
36,1,19,1,5283,18,1,40,1,1,1
26,1,16,1,5478,31,0,40,2,1,0
32,1,21,1,4799,18,1,40,2,1,0
35,1,21,5,4942,2,13,40,1,1,1
63,1,16,1,3599,36,0,33,2,1,0
54,1,13,1,6520,22,1,40,2,1,0
25,1,19,5,3718,41,2,7,2,1,0
24,2,22,1,1926,2,0,10,2,1,0
25,1,17,5,9289,14,2,40,1,1,0
22,1,19,5,5145,23,2,40,2,1,0
21,1,13,5,3970,315,17,40,1,1,0
69,1,21,3,5357,37,0,33,2,1,0
48,1,21,1,219,35,0,50,1,1,1
50,1,21,1,386,43,1,50,1,1,1
30,1,21,5,918,33,13,40,1,1,0
35,1,21,1,3526,40,1,10,2,1,0
28,1,20,1,6406,4,1,40,2,1,0
26,1,16,3,4180,26,16,40,1,1,0
43,3,22,1,2483,35,1,40,2,1,0
27,1,19,1,5457,49,10,33,2,1,0
49,1,16,3,375,7,0,40,1,1,1
36,1,16,5,4365,5,0,40,1,1,0
36,1,21,5,3177,5,0,40,1,1,1
54,1,16,1,5484,39,0,40,1,1,1
28,1,21,1,3240,11,10,40,2,1,0
43,1,21,1,437,30,0,40,2,1,1
42,1,11,1,9040,319,1,40,1,8,0
30,1,16,5,7329,35,0,40,1,1,1
31,1,21,1,1420,42,1,40,1,1,1
50,1,16,5,6197,39,0,40,1,1,1
35,1,19,1,5827,24,1,40,1,1,0
50,1,21,1,220,43,0,50,1,1,1
24,1,21,3,5998,5,0,40,1,1,0
64,1,16,1,5269,37,0,40,2,1,0
48,1,21,3,40,6,0,40,1,1,1
22,1,19,5,4229,23,12,40,1,1,0
37,1,19,5,6029,33,0,40,1,1,1
23,1,16,5,2477,4,17,10,2,1,0
30,1,18,5,5464,12,0,40,2,1,0
42,1,21,1,686,39,0,50,1,1,1
67,2,21,1,2183,23,1,10,2,1,0
46,1,16,1,7178,5,0,40,1,1,1
60,1,19,1,5343,38,0,40,1,1,0
34,1,19,3,9484,319,13,40,1,1,1
19,1,19,5,4244,9,17,12,1,6,0
31,1,21,5,727,14,0,40,1,1,1
32,3,21,1,2253,233,1,40,2,6,1
31,1,21,5,687,37,0,40,1,1,1
22,1,19,5,5437,10,13,40,2,1,0
58,1,20,1,316,9,1,40,2,1,1
34,1,21,3,4685,12,0,40,2,1,0
20,1,16,5,4066,14,2,7,1,1,0
40,1,16,1,6229,8,1,40,1,1,0
44,1,16,1,6412,17,0,40,1,1,0
57,1,16,3,10,8,0,40,1,1,1
41,1,19,1,8076,16,0,40,1,1,1
60,1,10,1,4174,37,1,7,2,1,0
55,1,19,1,5898,25,1,40,1,1,1
54,1,16,1,296,41,1,40,1,1,1
60,1,20,1,3275,13,1,40,2,1,0
26,1,16,1,4393,16,1,7,2,1,0
49,1,19,1,5728,38,1,40,1,1,0
25,1,19,5,4707,38,17,34,2,1,0
55,1,16,1,6952,16,1,40,1,1,1
21,1,16,5,5137,35,13,40,1,1,0
30,1,21,3,1936,3,0,40,2,1,1
66,1,18,1,4656,40,0,9,2,1,0
19,1,16,5,4119,214,17,9,1,6,0
38,3,22,1,2242,3,1,6,2,1,0
49,1,20,1,2169,17,1,11,2,1,0
54,1,16,1,6066,37,1,40,2,1,0
34,1,22,5,343,25,0,40,1,1,1
57,1,21,1,2520,31,1,40,2,1,0
28,1,21,5,3201,3,13,40,2,6,0
19,1,19,5,5841,9,2,40,2,1,0
42,1,21,1,2223,36,1,40,1,1,1
57,1,19,1,4606,27,0,40,2,1,0
45,1,19,1,5752,8,1,40,2,1,0
26,1,19,1,4909,4,10,40,2,1,0
31,1,19,1,6740,43,0,10,2,1,0
18,1,16,5,4172,52,2,12,1,1,0
70,1,21,1,3272,22,1,40,2,1,0
26,1,16,1,5585,41,0,40,2,1,0
34,1,19,5,7338,12,0,40,1,1,0
27,1,16,3,5060,307,0,40,1,1,0
18,1,19,5,2415,15,2,11,2,1,0
22,1,16,5,4179,24,12,40,1,1,0
45,1,10,1,4088,296,10,30,2,1,0
29,1,19,3,5821,11,0,40,2,1,0
17,1,21,5,1826,26,2,10,2,1,0
34,1,19,1,6279,4,1,40,2,1,0
57,1,18,3,3783,15,0,14,2,1,0
54,1,19,1,5320,14,1,40,1,1,1
54,1,19,1,383,41,1,40,1,1,1
58,1,21,5,285,39,0,40,2,1,1
28,1,20,1,4843,29,1,15,2,1,0
41,1,22,5,3261,9,0,40,2,1,1
57,1,16,1,4164,37,1,40,2,1,0
49,1,22,1,3097,40,0,40,2,1,1
28,1,16,1,5795,19,15,40,1,1,0
59,1,16,1,5530,36,0,40,1,1,0
25,1,21,5,5110,29,0,40,2,1,0
24,1,19,5,4815,25,2,40,1,1,0
65,3,22,1,2382,20,0,40,2,1,0
52,1,16,1,7669,39,0,40,1,1,1
27,1,19,5,5951,10,13,40,2,1,0
22,1,19,5,4679,7,17,31,2,1,0
25,1,21,5,2179,42,0,40,2,1,0
44,7,21,1,203,29,0,50,1,1,1
50,1,20,3,501,26,0,40,1,1,1
50,1,21,1,3145,26,1,40,2,1,1
46,1,21,1,202,14,1,50,1,1,1
25,1,21,5,3146,37,0,40,2,1,0
44,1,22,1,3495,218,0,40,2,6,1
39,1,19,1,6109,305,0,40,1,1,0
59,1,16,1,4233,11,1,40,2,1,0
45,1,21,1,4687,4,0,40,2,1,1
55,1,16,1,9525,37,0,40,1,1,0
40,1,21,1,935,36,1,40,1,1,1
42,1,16,5,4158,40,13,40,2,1,0
29,1,11,5,4390,6,0,40,2,1,0
20,1,19,5,4716,18,2,7,1,1,0
66,1,16,1,3918,27,0,16,2,1,0
40,1,16,5,9181,38,0,40,1,1,0
30,1,16,3,4213,195,6,30,2,6,0
18,1,12,5,3931,217,2,14,1,6,0
57,1,19,1,2430,10,1,6,2,1,0
20,1,19,5,2622,6,16,5,1,1,0
65,1,21,1,4841,11,0,40,2,1,0
30,1,19,5,5938,44,13,35,2,1,0
20,1,13,5,4167,50,2,40,1,1,0
43,1,18,1,5287,3,0,40,1,1,1
59,1,16,1,2609,38,1,8,2,1,0
50,1,20,5,5884,41,0,40,2,1,1
19,1,19,5,5413,4,17,32,2,1,0
36,1,21,1,785,24,1,40,1,1,1
41,1,21,1,1616,38,1,40,1,1,1
52,1,21,1,3491,39,1,40,2,1,1
22,1,16,5,4143,28,2,40,1,1,0
54,1,16,1,5416,40,1,40,1,1,1
26,1,21,5,2347,43,0,40,2,1,0
48,1,21,1,418,38,1,50,1,1,1
49,1,12,1,4247,311,1,40,2,8,0
48,1,16,3,5193,5,0,40,1,1,1
34,1,21,1,1033,206,0,40,1,6,1
45,1,21,1,252,9,0,40,1,1,1
44,1,21,5,5521,14,0,40,2,1,0
31,1,21,5,826,39,2,40,1,1,1
20,1,21,5,2164,6,17,8,1,1,0
37,1,16,5,5517,4,0,40,1,1,0
20,1,19,5,2172,8,2,7,2,1,0
39,1,21,1,10,8,1,40,1,1,1
57,1,16,1,6122,26,0,40,2,1,0
53,1,21,1,434,12,1,40,2,1,1
22,1,19,5,4645,17,13,40,2,1,0
45,1,21,1,211,22,0,50,1,1,1
24,1,19,5,4468,13,17,30,1,1,0
46,1,21,1,526,38,1,40,1,1,1
17,1,16,5,4135,36,2,12,1,1,0
20,1,19,5,6733,43,17,40,1,1,0
56,1,16,3,6779,5,0,40,1,1,1
39,1,18,5,5679,36,0,40,1,1,0
41,1,21,1,496,5,0,40,1,1,1
61,1,16,1,6320,39,0,40,1,1,1
50,1,16,1,5963,8,0,40,1,1,0
53,1,16,3,6364,36,0,40,1,1,1
61,2,21,1,2134,8,1,7,2,1,0
36,1,21,1,1128,6,0,40,1,1,1
40,1,22,1,1062,230,1,40,1,6,1
51,1,19,1,7347,26,0,40,1,1,1
50,1,21,1,565,31,1,40,1,1,1
25,1,19,1,5090,9,0,40,1,1,0
40,1,21,1,866,37,0,40,1,1,1
19,1,8,5,4283,47,2,15,1,1,0
21,1,21,5,1024,36,13,40,1,1,1
24,1,21,5,5724,36,2,40,1,1,0
25,2,21,5,3417,20,13,30,2,1,0
73,1,21,1,2131,23,0,40,2,1,0
54,1,16,3,5540,4,0,40,1,1,0
47,1,11,1,4164,324,1,40,2,8,0
51,1,16,1,3713,17,1,35,2,1,0
51,3,21,1,2499,34,0,40,1,1,1
18,1,16,5,4151,28,2,14,2,1,0
46,1,21,1,564,234,0,40,2,6,1
46,1,21,1,217,22,1,40,1,1,1
38,1,21,1,6365,22,0,40,2,1,0
43,1,21,1,6159,5,0,40,1,1,1
54,1,16,1,7295,38,0,40,1,1,1
39,1,19,1,7698,8,1,40,1,1,1
43,1,22,1,359,204,1,40,1,6,1
45,1,16,1,5981,10,0,40,1,1,1
31,1,21,1,1399,30,1,40,1,1,0
61,1,16,1,5494,38,1,40,2,1,0
54,1,16,1,5168,41,0,40,2,1,0
42,1,21,1,830,20,1,40,1,1,1
26,1,16,1,4072,22,0,8,2,1,0
29,1,19,1,4479,22,10,40,2,1,0
47,1,19,5,5912,38,0,40,2,1,0
40,1,17,5,5520,303,13,40,1,8,0
50,1,21,5,408,24,0,40,2,1,1
57,1,16,1,8924,22,1,40,1,1,1
60,1,16,3,4415,18,0,40,1,1,1
38,1,19,1,5028,303,1,8,2,1,0
42,1,21,1,52,34,0,40,1,1,1
23,1,21,5,5605,35,12,40,2,1,0
45,1,19,1,10,4,0,40,1,1,1
24,1,19,5,5186,6,2,40,1,1,0
55,1,17,1,6916,21,0,40,1,1,1
60,1,19,1,5753,37,0,40,2,1,1
39,1,17,1,7662,4,0,40,1,1,1
22,1,16,5,4528,26,2,13,2,1,0
48,1,22,1,3308,37,1,40,1,1,1
47,1,16,1,6143,39,1,40,2,1,0
24,1,16,5,4075,25,2,40,1,1,0
52,1,1,1,4084,301,9,40,2,6,0
61,1,21,1,3228,40,1,40,2,1,0
28,1,19,3,5364,12,0,40,1,1,0
21,1,16,5,9483,17,0,40,1,1,0
47,1,22,1,185,1,0,40,1,1,1
44,1,21,1,2305,42,0,40,2,1,0
32,1,19,5,5686,23,13,40,1,1,1
63,1,19,1,5686,41,0,40,2,1,0
38,1,21,1,4511,8,0,40,1,1,0
64,1,16,3,5642,38,0,40,1,1,0
18,1,19,5,4820,40,2,15,2,1,0
69,1,19,1,3636,25,0,31,2,1,0
26,1,16,5,6312,13,13,40,1,1,0
22,1,20,5,5725,23,0,40,2,1,0
29,1,18,5,6105,24,0,40,2,1,0
20,1,16,5,4166,10,2,8,1,1,0
31,1,16,1,4723,295,9,40,2,8,0
36,1,21,1,2272,21,1,40,2,1,0
64,1,16,1,3962,20,10,40,2,1,0
28,1,21,1,2084,38,0,15,2,1,0
53,1,19,1,3427,8,1,40,2,1,0
46,1,16,1,8586,6,0,40,1,1,0
48,1,19,1,5756,39,0,40,1,1,1
48,1,16,1,8082,39,0,40,1,1,1
20,1,21,5,2170,52,17,8,2,1,0
20,1,16,5,3982,13,13,40,2,1,0
26,1,16,5,6554,310,13,40,2,8,0
42,1,21,1,354,7,0,40,1,1,1
28,1,19,1,5217,6,1,40,2,1,0
43,1,22,3,312,37,0,40,1,1,1
54,1,16,1,7557,36,1,50,1,1,1
50,1,16,1,125,39,1,50,1,1,1
31,1,16,1,4234,13,10,40,1,1,0
22,1,19,5,4794,34,17,9,2,1,0
40,3,21,1,2293,35,1,40,2,1,0
25,1,16,5,4205,12,2,40,2,1,0
25,1,16,5,9830,36,17,40,1,1,0
45,1,21,1,198,38,0,50,1,1,1
56,1,19,5,5835,33,0,40,1,1,0
41,1,21,1,796,204,1,40,1,6,1
26,3,21,1,2395,19,0,40,2,1,0
52,1,16,5,6276,39,0,40,1,1,0
21,1,19,5,4046,25,17,10,1,1,0
46,1,21,1,792,21,1,40,1,1,1
19,1,16,5,3962,51,17,40,1,1,0
20,1,14,5,4772,50,16,11,1,1,0
21,1,21,5,2025,39,2,40,2,1,0
57,1,19,1,5530,9,0,40,2,1,0
47,1,17,3,8669,2,0,40,1,1,0
22,1,14,5,4121,321,4,40,1,6,0
46,1,21,1,3454,8,0,40,2,1,1
22,1,16,3,4054,43,9,40,2,1,0
48,1,21,1,165,2,1,40,1,1,1
21,1,19,5,4607,4,2,6,1,1,0
59,1,16,3,532,43,0,50,1,1,1
47,1,22,1,2249,228,1,40,2,1,1
27,1,19,5,5767,12,13,40,2,1,0
34,2,21,1,2024,21,1,40,2,1,1
58,1,18,1,6239,17,0,40,1,1,0
29,1,16,5,4231,5,2,40,2,1,0
37,3,21,1,2232,38,1,40,2,1,1
18,1,14,5,4716,46,17,7,2,1,0
36,1,16,5,6489,41,13,40,1,1,0
25,1,16,5,4015,8,13,40,1,1,0
35,1,21,1,2487,6,0,40,1,1,0
23,1,21,1,2204,41,0,6,2,1,0
44,1,19,1,8084,38,1,50,1,1,1
24,1,22,5,1903,2,2,12,2,1,0
47,1,22,1,13,37,0,50,1,1,1
26,1,19,1,2040,3,10,13,2,1,0
53,1,21,1,1271,296,1,40,1,6,1
21,1,19,5,4699,32,13,33,2,1,0
52,1,17,5,6114,21,0,40,1,1,1
50,1,21,3,3599,31,0,40,2,1,1
20,1,14,5,4053,39,2,40,1,1,0
21,1,16,5,4165,27,17,40,1,1,0
51,1,16,3,7440,22,0,50,1,1,1
30,1,21,5,2433,28,0,40,1,1,0
58,1,19,1,294,23,0,40,1,1,1
40,3,22,1,2323,23,0,40,2,1,1
25,1,16,1,8913,9,10,40,1,1,0
28,1,19,3,5112,14,0,40,2,1,0
42,1,19,1,5329,18,1,40,1,1,1
28,1,16,5,6775,35,0,40,1,1,0
48,1,21,1,382,26,0,40,1,1,1
35,1,21,1,1299,35,0,40,1,1,1
37,1,21,1,2285,17,0,40,2,1,0
59,1,9,1,4098,319,1,31,2,1,0
54,1,18,1,5702,15,0,40,1,1,0
51,1,19,1,240,15,1,40,1,1,1
28,1,19,5,4739,21,13,40,2,1,0
26,1,16,5,4289,9,17,40,1,1,0
44,1,22,1,116,11,1,40,1,1,1
31,1,21,5,371,4,13,40,1,1,1
59,1,19,1,5873,21,1,40,1,1,0
47,1,19,5,6547,28,0,40,1,1,1
30,1,16,5,4919,4,0,40,2,1,0
28,1,9,1,4077,322,10,40,2,6,0
61,1,16,1,461,15,0,50,1,1,1
24,1,19,5,4629,3,2,10,2,1,0
50,3,22,3,2552,34,0,40,2,1,1
61,1,16,1,5913,35,1,40,2,1,0
31,1,19,1,5447,37,1,35,2,1,0
34,1,21,5,474,227,0,40,1,6,1
40,1,21,1,342,38,1,50,1,1,1
59,1,18,1,5174,10,0,40,2,1,0
24,1,21,5,2338,42,12,40,1,1,0
28,1,21,5,1375,31,0,40,1,1,1
43,1,21,1,2353,6,1,40,2,1,0
26,1,16,5,6759,27,0,40,1,1,0
29,1,21,5,1196,37,13,40,1,1,1
54,1,16,3,5269,38,0,40,1,1,1
59,1,16,1,4119,36,10,40,2,1,0
25,1,19,5,5631,40,0,40,2,1,0
31,1,16,1,4124,301,1,40,2,1,0
23,1,19,1,5373,5,0,32,2,1,0
25,1,21,5,1662,37,0,40,2,1,1
52,1,20,1,3212,34,0,40,2,1,0
37,1,21,1,968,35,1,40,2,1,0
38,1,12,1,4199,4,10,40,2,1,0
32,1,21,5,4801,20,0,40,1,1,1
60,1,16,1,5111,15,1,14,2,1,0
36,3,21,1,2305,40,0,40,2,1,0
62,1,18,1,6800,18,0,40,1,1,0
50,1,16,1,4144,326,0,32,2,1,0
34,1,21,1,2144,18,0,40,2,1,0
33,1,21,3,1091,38,0,40,1,1,1
38,1,21,1,2240,36,1,40,2,1,1
56,1,16,1,8543,27,1,50,1,1,1
45,1,16,1,345,34,1,40,1,1,1
43,1,19,1,6554,55,0,40,1,1,0
50,1,16,1,6116,4,1,40,2,1,0
57,1,19,1,6383,15,0,40,2,1,0
29,1,21,3,2333,7,0,40,2,1,0
44,1,22,1,10,224,0,50,1,1,1
56,1,18,1,8028,30,1,50,1,1,1
30,1,18,1,4123,47,10,40,1,1,0
46,1,20,1,636,4,0,50,1,1,1
52,1,19,1,6419,6,0,40,1,1,0
24,1,17,5,4310,21,2,40,1,1,0
56,1,16,1,5890,24,1,40,2,1,1
29,1,16,3,6057,40,0,40,2,1,0
45,1,22,5,449,223,13,40,1,6,1
42,1,21,5,276,40,0,40,2,1,1
24,1,21,5,5707,36,17,40,1,1,0
21,1,16,5,4101,33,17,16,2,1,0
44,1,16,1,4086,2,1,10,2,1,0
21,1,18,5,5541,31,2,14,2,1,0
51,1,19,3,150,39,0,50,1,1,1
19,1,19,5,2282,3,2,12,2,6,0
26,1,19,3,5316,29,0,33,2,1,0
27,1,19,5,5281,36,0,40,2,1,0
26,1,18,5,5044,39,13,40,1,1,0
40,1,21,1,1004,26,0,40,2,1,0
47,1,6,3,3936,37,16,40,2,1,0
26,1,8,5,3904,39,2,40,1,1,0
20,1,14,5,3902,37,2,11,2,1,0
52,1,20,1,62,32,1,50,1,1,1
20,1,16,5,4533,22,2,10,1,1,0
20,1,16,5,4322,48,16,11,1,1,0
29,1,16,5,5643,25,2,40,2,1,0
22,1,16,1,5604,44,0,34,2,1,0
25,1,21,5,6280,250,17,40,1,6,0
28,1,21,5,2195,2,0,40,2,1,0
48,1,16,1,8714,234,0,40,1,6,0
25,1,16,5,4283,22,2,40,1,1,0
30,1,21,1,3156,32,1,40,2,1,0
55,1,16,5,7897,36,0,40,1,1,1
40,1,21,1,2183,5,0,40,2,1,1
18,1,14,5,4072,35,17,11,2,1,0
57,1,16,1,5460,42,1,40,2,1,0
61,2,21,1,2261,36,0,40,2,1,1
50,1,18,1,5899,7,1,40,1,1,0
49,1,21,1,158,19,1,40,1,1,1
36,3,21,1,2481,13,0,40,1,1,1
65,1,21,1,2524,26,0,8,2,1,0
31,3,21,1,2401,37,0,40,2,1,0
73,2,21,1,2307,42,0,15,2,1,0
30,1,19,5,5382,5,13,40,1,1,0
25,1,19,5,3900,6,12,40,1,1,0
56,1,20,1,4740,39,1,40,2,1,0
23,1,14,5,3935,3,2,40,2,1,0
19,1,19,5,4625,53,17,9,2,1,0
21,1,19,5,4762,4,2,13,2,1,0
41,1,16,1,3930,3,0,40,2,1,0
65,1,18,3,5914,35,0,40,1,1,0
28,1,19,5,4809,21,12,40,1,1,0
26,1,19,1,5458,8,10,40,1,1,0
64,1,20,1,5365,31,1,40,2,1,0
24,1,19,5,6078,7,17,40,1,1,0
32,1,21,1,5482,210,0,40,2,6,0
44,1,21,5,211,34,0,40,1,1,1
20,1,16,5,4055,8,2,40,1,1,0
58,3,22,1,2368,38,1,40,2,1,0
55,1,16,1,6561,21,1,40,2,1,0
31,1,21,1,2043,215,0,40,2,6,0
40,1,19,1,7802,40,0,40,1,1,1
31,1,21,1,942,19,0,40,1,1,1
32,1,19,5,6605,34,0,40,2,1,0
24,1,19,1,4914,39,0,40,1,1,0
48,1,16,5,5417,40,0,40,1,1,1
24,1,19,3,5023,18,16,40,2,1,0
47,1,21,3,552,26,0,40,1,1,1
26,1,19,3,5651,5,12,40,2,1,0
49,1,16,1,6370,38,0,40,1,1,1
27,1,16,5,9797,29,2,40,1,1,0
22,1,19,5,2295,51,17,8,1,1,0
18,1,19,5,4778,23,2,9,2,1,0
46,1,19,1,7569,36,1,50,1,1,1
54,1,16,5,5482,39,0,40,2,1,1
24,2,22,5,2369,38,2,17,2,1,0
55,1,16,1,5455,36,1,40,2,1,0
47,1,19,1,206,3,1,40,1,1,1
27,1,16,3,6152,7,16,40,1,1,0
31,1,19,5,6363,40,0,40,1,1,0
46,1,22,1,2969,42,0,40,2,1,1
24,1,16,5,3999,230,2,40,1,6,0
47,1,22,1,404,28,0,40,2,1,1
40,1,19,1,5762,14,0,40,2,1,0
44,1,22,1,1520,37,0,40,1,1,1
20,1,19,5,2328,49,2,11,2,1,0
31,1,16,5,8178,10,0,40,1,1,0
50,1,21,1,70,231,0,40,1,6,1
33,1,16,1,5567,17,1,40,2,1,0
58,1,18,1,5252,38,1,40,2,1,0
44,1,11,1,4071,311,9,40,2,6,0
51,1,19,5,5620,39,0,40,1,1,1
58,1,19,3,5112,37,0,40,2,1,0
33,1,21,5,835,36,0,40,1,1,1
41,3,21,1,2362,42,1,40,1,1,1
36,1,22,3,502,7,0,40,1,1,1
44,1,16,1,5645,9,0,40,2,1,0
28,1,21,5,3709,9,0,40,2,1,1
20,1,14,5,4274,51,17,6,1,1,0
33,1,21,1,4214,39,0,40,2,1,0
69,1,19,1,4856,37,0,32,2,1,0
50,1,20,3,204,43,0,40,1,1,1
57,1,16,1,7385,19,0,40,1,1,1
57,1,16,3,7786,42,13,40,1,1,1
59,1,16,1,5817,11,1,40,2,1,0
23,1,12,5,6572,213,13,40,1,6,0
32,1,16,1,5475,26,0,40,1,1,0
60,1,19,3,424,12,0,40,1,1,1
53,1,19,1,6364,35,0,40,1,1,1
47,1,16,5,7200,10,0,40,1,1,1
23,1,16,5,4229,39,2,40,1,1,0
43,1,16,5,5881,11,0,40,2,1,0
53,1,21,1,3285,19,1,40,2,1,0
56,1,7,1,3715,38,1,30,2,1,0
44,1,21,5,32,39,0,40,1,1,1
67,1,18,3,5626,18,0,40,2,1,0
20,1,19,5,4763,27,17,9,2,1,0
47,1,16,3,7357,6,13,40,1,1,1
51,1,19,5,4782,25,0,40,2,1,1
26,1,19,1,6331,28,0,40,2,1,0
50,1,19,1,210,34,1,40,1,1,1
51,1,18,1,5637,7,0,40,1,1,0
57,1,16,1,5841,37,0,40,2,1,0
20,1,16,5,6858,38,2,9,1,1,0
39,1,21,1,2379,217,0,6,2,6,0
52,1,21,1,438,21,0,40,1,1,1
41,1,16,1,6460,14,0,40,1,1,0
44,1,19,5,6073,320,0,40,1,1,0
53,1,16,1,5700,8,1,40,2,1,0
28,2,22,1,2045,19,0,40,2,1,0
54,1,19,1,5532,41,0,40,2,1,1
29,1,18,5,4742,7,13,40,1,1,0
70,1,18,1,2451,6,10,35,2,1,0
47,1,21,1,242,5,1,50,1,1,1
32,1,16,1,3964,19,1,9,2,1,0
27,1,21,5,859,5,0,40,1,1,0
27,1,16,5,5460,5,0,40,2,1,0
32,1,21,1,2670,19,0,40,2,1,0
34,1,21,1,776,50,0,40,1,1,1
20,1,16,5,4190,7,2,15,2,1,0
26,3,22,1,2405,17,0,40,2,1,0
47,1,22,1,494,29,0,40,1,1,1
46,1,21,1,3409,5,0,40,2,1,0
35,1,21,1,1023,7,1,40,1,1,1
48,1,21,1,237,37,0,50,1,1,1
40,1,21,1,593,14,1,40,1,1,1
42,1,21,5,730,38,0,40,1,1,1
42,1,21,1,5066,42,1,40,1,1,1
32,1,21,1,937,19,1,40,2,1,1
26,1,20,5,5751,22,0,40,2,1,0
48,1,19,3,6066,16,0,40,1,1,1
45,1,19,1,212,20,0,40,1,1,1
22,1,19,1,2362,18,0,12,2,1,0
49,2,21,1,2256,19,1,40,1,1,1
36,1,16,1,6836,33,1,40,1,1,0
19,1,21,5,2140,34,17,10,2,1,0
41,1,21,1,1247,6,0,40,1,1,1
30,1,17,3,4207,27,16,40,1,1,0
22,1,16,3,4050,212,10,29,2,6,0
56,1,16,1,4121,20,1,40,2,1,0
62,1,19,1,6441,34,1,40,2,1,0
47,1,19,1,5787,7,1,40,2,1,0
38,1,22,1,1126,222,1,40,1,6,1
56,1,20,1,3354,11,0,40,2,1,0
50,1,22,5,3361,36,0,40,2,1,1
23,1,16,5,6013,42,0,40,2,1,0
22,1,16,3,4023,38,10,40,2,1,0
25,1,21,5,4775,35,12,40,2,1,0
47,1,16,5,4931,14,0,40,1,1,1
35,1,16,1,8382,46,0,40,1,1,0
37,1,22,1,1044,7,1,40,1,1,1
30,1,21,1,5132,46,0,40,1,1,0
53,1,16,3,9096,27,0,40,1,1,1
25,1,21,1,3024,33,1,40,2,1,0
54,1,19,1,5640,7,0,40,2,1,0
45,1,21,3,230,8,0,40,1,1,1
24,1,19,1,5506,2,10,33,2,1,0
43,1,19,1,5403,38,0,40,1,1,1
32,1,19,3,5239,24,0,40,1,1,0
43,1,21,3,90,39,0,40,1,1,1
33,1,19,5,6392,8,0,40,1,1,0
22,1,19,5,4618,9,16,12,2,1,0
42,1,19,1,5639,15,1,40,1,1,0
45,1,21,1,3226,8,1,40,2,1,0
29,1,21,5,2573,10,13,40,2,1,0
22,1,19,5,5750,7,16,40,1,1,0
67,2,21,1,2096,23,0,9,2,1,0
46,1,19,1,5676,36,1,40,2,1,0
30,1,21,5,5843,39,13,40,1,1,0
23,1,16,1,6144,35,0,14,2,1,0
25,1,21,1,2075,5,0,9,2,1,0
27,1,19,5,3671,31,2,40,2,1,0
26,1,16,5,4999,39,0,40,1,1,0
47,1,21,1,3679,37,1,15,2,1,0
21,1,21,5,2063,8,2,11,2,1,0
55,1,21,3,3208,17,0,40,2,1,0
24,1,21,5,3294,6,0,40,2,1,0
22,1,19,5,4631,6,2,40,1,6,0
53,1,12,1,4187,306,1,6,2,1,0
21,1,19,5,2176,213,17,11,2,6,0
21,1,19,5,5295,231,2,40,1,6,0
25,1,19,1,2213,3,10,13,2,1,0
48,1,22,1,184,237,0,50,1,6,1
56,2,21,1,2175,40,1,32,2,1,0
19,1,16,5,4144,218,2,40,1,6,0
62,1,19,1,88,19,0,40,1,1,1
29,1,21,5,3891,27,0,40,2,1,0
30,1,17,1,4085,9,16,40,1,1,0
18,1,10,5,9776,7,17,11,1,1,0
19,1,16,5,4067,20,2,5,1,1,0
28,1,21,5,3038,10,0,40,2,1,0
56,1,16,1,6107,38,1,40,1,1,0
62,1,16,3,4542,40,0,40,2,1,0
33,1,16,1,7474,18,0,40,1,1,0
54,1,16,1,6125,36,0,40,1,1,1
57,1,20,1,3810,3,0,40,2,1,1
30,1,21,5,558,38,0,40,1,1,1
36,3,21,5,2520,43,0,40,1,1,1
24,2,21,5,2258,23,17,13,2,1,0
45,1,22,3,468,29,0,40,1,1,1
54,1,16,1,6235,43,1,40,2,1,0
37,3,21,1,2451,19,0,40,2,1,1
65,3,21,1,2477,37,0,10,2,1,0
20,1,19,5,4615,32,12,6,2,1,0
41,1,21,1,2432,37,0,40,1,1,1
67,2,23,3,2206,37,0,40,2,1,0
40,1,16,5,6081,34,0,40,2,1,0
54,1,16,1,5979,38,0,40,1,1,0
39,1,16,5,6241,9,13,40,1,1,0
28,1,19,1,2415,13,0,11,2,1,0
67,1,20,1,2007,38,1,9,2,1,0
43,1,17,1,8252,9,0,51,1,1,1
22,1,19,5,5650,20,2,40,1,1,0
39,1,19,1,6716,9,0,40,1,1,1
19,1,21,3,2267,21,10,40,2,1,0
51,1,10,5,6531,304,0,40,1,1,0
29,1,21,1,2817,18,0,40,2,1,0
20,1,16,5,3844,39,2,40,2,1,0
46,1,9,1,4182,49,1,12,2,1,0
31,1,21,5,573,7,0,40,1,1,1
52,2,21,1,2311,33,0,40,2,1,0
39,1,22,1,2402,4,0,40,2,1,1
37,1,19,1,5176,26,0,40,2,1,0
25,1,21,5,2329,12,13,40,2,1,0
46,1,20,5,5414,255,0,40,2,6,1
41,1,21,1,2538,13,1,40,2,1,0
41,1,22,1,3346,19,0,40,2,1,1
28,1,19,1,5541,43,1,31,2,1,0
25,1,16,5,9363,5,13,40,1,1,0
32,1,21,5,280,36,0,40,1,1,1
21,1,16,5,4552,240,2,10,2,6,0
41,1,12,1,4251,296,9,40,2,1,0
21,1,19,5,4572,21,17,13,2,1,0
55,1,19,1,5679,40,0,40,2,1,0
29,1,19,1,5079,14,0,40,1,1,0
60,3,21,1,2334,35,1,40,2,1,0
31,1,21,1,6674,29,1,40,1,1,0
27,1,19,5,4487,40,13,40,1,1,0
48,1,10,1,5691,315,1,40,1,1,0
49,1,18,3,6174,37,13,40,1,1,1
36,1,21,1,1713,3,0,50,1,1,1
48,1,17,1,9018,320,0,40,1,1,0
41,1,19,5,6013,38,0,40,1,1,1
35,1,16,5,5224,5,13,40,2,1,0
30,3,21,1,2318,17,0,40,2,1,0
19,1,14,5,4424,52,17,11,1,1,0
41,1,19,1,6323,42,0,40,2,1,0
56,1,16,1,4274,28,0,40,2,1,0
27,1,21,5,3552,39,13,40,2,1,0
30,1,16,5,9789,221,12,40,1,6,0
19,1,16,5,4146,16,17,12,1,1,0
39,1,19,1,6035,38,1,40,1,1,0
80,6,21,1,2074,11,0,5,2,1,0
52,1,21,1,83,25,0,40,1,1,1
51,1,16,5,6367,41,0,40,1,1,1
46,1,8,3,9518,17,0,40,1,1,0
43,1,19,1,6545,1,0,40,1,1,1
23,1,16,1,4129,20,10,40,2,1,0
18,1,16,5,4001,36,2,14,2,1,0
26,1,16,5,5542,22,13,40,1,1,0
31,1,18,5,6502,32,13,40,1,1,0
17,1,14,5,4085,25,2,13,2,1,0
43,2,21,1,3343,41,1,40,2,1,1
48,1,21,3,305,37,0,40,1,1,1
36,1,16,1,6643,15,9,40,1,1,0
32,1,16,1,7366,23,1,40,1,1,0
50,1,16,5,5787,40,13,40,1,1,0
63,1,19,1,3534,34,0,33,2,1,0
22,1,19,5,4829,9,17,34,2,1,0
51,1,21,3,408,215,0,40,1,6,1
47,1,21,3,401,33,0,50,1,1,1
20,1,21,5,2016,7,2,11,2,1,0
26,1,19,5,5721,37,0,40,2,1,0
65,1,16,3,4786,20,0,40,1,1,1
28,1,16,5,7310,37,0,40,1,1,0
39,1,21,1,3449,6,0,40,2,1,1
47,1,21,3,2275,234,0,40,2,1,1
49,1,20,3,10,36,13,40,1,1,1
49,1,22,1,10,37,0,40,1,1,1
54,1,21,3,100,19,0,50,1,1,1
28,1,16,1,9356,39,0,40,1,1,0
51,1,16,1,5517,6,1,40,2,1,0
65,1,19,1,5977,11,0,14,2,1,0
57,1,16,1,3720,41,9,40,2,1,0
49,1,21,1,1290,8,1,40,1,1,1
55,1,21,3,59,15,0,50,1,1,1
49,1,16,1,5348,29,0,40,1,1,0
29,1,19,5,5711,38,0,33,2,1,0
41,1,21,1,4885,8,0,40,1,1,0
55,1,14,1,5805,13,1,40,1,1,0
60,1,16,1,265,16,0,50,1,1,1
39,1,21,1,750,7,1,40,1,1,1
24,1,16,5,4077,5,2,33,2,1,0
17,1,16,5,4127,25,2,15,1,1,0
48,1,16,1,590,5,0,40,1,1,1
59,1,16,3,5214,42,0,40,1,1,1
25,1,21,5,3442,37,13,40,2,1,1
53,1,21,1,397,9,0,40,1,1,1
61,1,21,1,2460,26,1,40,2,1,0
57,1,17,3,9437,18,0,40,1,1,1
56,1,16,1,3761,38,0,33,2,1,0
41,1,21,1,1212,17,1,50,1,1,1
18,1,19,5,4727,8,2,4,2,1,0
19,2,21,5,2265,1,17,14,2,6,0
48,1,16,3,4886,322,0,40,2,1,0
22,1,14,5,4079,27,2,31,2,1,0
29,1,11,5,4094,294,13,40,1,8,0
59,1,19,1,2278,33,0,14,2,1,0
34,1,21,5,1505,44,13,40,1,1,1
31,1,18,1,6190,47,1,40,2,1,0
25,1,21,5,2172,39,0,40,2,1,0
37,1,19,1,4427,1,1,40,2,1,0
57,1,19,1,342,31,0,40,2,1,1
27,1,16,1,5141,23,1,40,2,1,0
59,1,16,1,6597,41,0,40,1,1,1
45,1,9,1,4108,309,0,40,1,1,0
51,1,16,1,5364,8,1,40,2,1,0
27,2,23,5,2003,32,17,40,2,1,0
27,2,21,1,2130,24,0,18,2,1,0
17,1,16,5,4108,34,2,9,2,1,0
52,1,22,3,117,34,0,40,1,1,1
55,1,16,1,4899,13,0,40,2,1,0
50,1,16,1,7529,36,0,40,1,1,1
23,1,16,1,5613,38,0,40,2,1,0
28,1,16,5,4997,37,13,40,1,1,0
82,2,21,1,3444,31,0,8,2,1,0
33,1,21,5,134,7,0,40,1,1,1
25,1,8,5,6020,36,0,40,1,1,0
57,1,16,3,6695,30,0,40,1,1,0
39,1,12,5,6402,310,0,40,1,1,0
62,3,21,1,2482,38,0,7,2,1,0
27,1,19,5,5811,15,2,40,2,1,0
17,1,14,5,4028,10,17,12,1,6,0
30,1,22,1,3193,8,0,40,2,1,1
40,1,19,1,6092,33,0,40,1,1,0
30,1,21,1,3453,4,1,40,2,1,1
20,1,19,5,2307,254,16,12,2,6,0
53,1,19,1,5367,35,0,40,2,1,0
52,1,16,3,147,36,0,50,1,1,1
33,1,21,3,779,25,0,40,1,1,1
49,1,21,1,671,25,0,40,1,1,1
58,1,16,1,5115,40,1,40,2,1,0
31,1,21,5,2260,8,13,40,2,1,0
47,1,19,1,96,205,0,40,1,6,1
56,1,16,1,8114,22,1,40,1,1,1
29,1,16,1,4810,314,1,40,2,1,0
56,1,16,3,6179,12,0,40,1,1,0
25,1,21,1,2567,23,10,40,2,1,0
45,1,16,1,4021,306,1,40,2,1,0
40,1,21,1,3172,231,1,40,2,6,0
47,1,22,1,148,225,0,40,1,1,1
26,1,16,5,5214,39,0,40,1,1,0
52,1,20,3,634,15,0,40,1,1,1
49,1,19,1,5715,35,1,40,2,1,1
60,2,21,1,2240,12,0,40,2,1,0
62,1,19,3,5332,19,0,34,2,1,0
68,1,21,3,3197,37,0,40,2,1,1
33,1,21,3,3312,19,0,40,2,1,0
25,1,17,5,9488,26,2,40,1,1,0
19,1,14,5,4672,204,16,1,1,6,0
29,1,19,1,4575,44,1,40,2,1,0
26,1,19,5,5787,7,12,40,2,1,0
38,1,19,1,4790,5,0,26,2,1,0
48,1,16,3,5490,23,0,40,2,1,0
28,1,16,1,4184,4,9,40,2,1,0
37,1,21,1,2200,31,0,40,2,1,0
55,1,16,1,5894,24,1,40,1,1,1
30,1,21,5,634,37,2,40,1,1,0
25,1,21,5,2505,28,2,40,2,1,0
61,1,18,1,4087,25,1,40,2,1,0
56,1,19,3,5893,16,0,40,2,1,0
43,1,21,1,243,6,0,40,1,1,1
18,1,16,5,4194,14,2,11,1,1,0
23,1,18,5,4753,40,2,10,2,1,0
39,1,17,1,4164,22,1,40,1,1,0
25,1,21,1,2324,41,9,40,2,1,0
43,1,21,1,72,5,0,40,1,1,1
41,3,22,1,2306,9,1,40,2,1,0
23,1,19,5,5622,37,2,40,1,1,0
73,2,22,3,2182,39,0,40,2,1,1
50,1,19,1,4589,8,0,40,1,1,1
53,1,16,1,7319,39,0,50,1,1,1
21,1,14,5,4617,17,2,9,2,1,0
35,1,18,3,9609,24,13,40,1,1,1
50,1,19,1,442,38,0,40,1,1,1
45,1,16,1,5947,317,1,40,2,1,0
28,1,19,1,6608,39,10,40,1,1,0
47,1,21,1,10,35,1,40,1,1,1
53,1,16,3,6070,8,0,40,1,1,1
27,1,19,5,9450,8,12,40,1,1,0
45,1,21,1,10,35,0,50,1,1,1
34,1,11,5,4880,298,13,40,1,1,0
20,1,14,5,4197,11,2,40,1,1,0
49,1,16,1,4949,5,1,40,1,1,0
40,1,21,1,516,37,0,40,1,1,1
18,1,9,5,4055,303,4,35,1,8,0
21,1,19,5,3975,24,2,10,1,1,0
54,1,19,1,3889,17,0,40,2,1,1
43,1,19,3,5876,40,0,40,1,1,1
51,1,16,1,7341,17,1,40,1,1,1
67,7,22,1,2945,19,0,40,2,1,1
26,1,21,5,2360,37,0,40,2,1,0
27,1,19,5,5213,39,2,40,2,1,0
64,1,16,1,4031,35,0,40,2,1,0
32,1,16,1,2632,6,1,10,2,1,0
45,1,16,5,4947,320,0,40,2,1,0
47,1,22,1,1036,4,0,40,1,1,1
60,1,21,1,3643,20,0,40,2,1,0
58,1,20,1,6071,27,1,40,2,1,0
59,1,10,1,4053,37,1,30,2,1,0
48,1,19,1,306,32,0,40,1,1,1
28,1,21,5,1471,35,13,40,1,1,0
60,1,16,1,8973,20,1,40,1,1,1
46,1,21,1,1169,7,1,40,1,1,1
69,2,21,3,3341,34,0,32,2,1,0
45,1,19,1,309,8,0,40,1,1,1
24,1,18,5,5601,40,17,40,2,1,0
44,1,21,1,2576,5,0,40,2,1,0
58,1,19,1,238,18,0,40,1,1,1
75,2,21,1,3231,16,0,35,2,1,0
49,1,22,1,79,6,0,40,1,1,1
55,1,16,3,8225,15,0,40,1,1,1
58,1,16,1,5615,23,1,40,2,1,0
36,1,16,5,6272,42,0,40,1,1,0
64,1,16,1,464,36,1,40,1,1,1
44,1,22,1,410,222,0,40,1,6,1
46,3,21,1,2513,45,1,40,2,1,0
60,1,16,1,5405,26,0,40,1,1,0
59,1,20,1,5313,318,1,40,2,1,0
50,1,19,1,6421,316,1,40,1,1,0
23,1,16,5,4304,39,2,40,1,1,0
31,6,21,1,2213,237,10,7,2,1,0
29,1,21,3,2116,39,0,7,2,1,0
49,1,21,5,352,48,0,40,2,1,1
27,1,21,5,2268,230,2,34,2,6,0
24,1,21,1,4993,36,9,40,1,1,0
56,1,21,1,3562,41,1,40,2,1,1
54,1,16,3,520,42,0,50,1,1,1
48,1,18,1,6095,295,0,40,1,1,0
46,1,22,3,1305,40,0,40,1,1,1
47,1,19,1,478,3,1,40,1,1,1
31,1,21,1,575,15,0,40,1,1,1
44,1,21,5,1059,12,0,40,1,1,1
27,1,16,5,5866,42,0,40,2,1,0
47,1,16,1,5846,39,1,40,1,1,0
29,1,19,3,5057,41,16,40,2,1,0
54,1,16,5,7280,36,0,40,1,1,1
56,1,19,3,5301,36,0,40,2,1,0
25,1,21,5,2343,43,0,40,2,1,0
40,1,21,1,154,36,0,50,1,1,1
21,1,16,5,4204,36,2,40,2,1,0
37,1,21,1,3303,37,0,40,2,1,1
46,1,22,3,10,12,0,40,1,1,1
30,1,16,3,4997,9,9,40,2,1,0
50,1,21,3,609,40,0,40,1,1,1
43,1,21,1,1726,4,1,40,1,1,1
21,1,16,5,4631,34,16,8,2,1,0
25,1,16,5,6265,40,13,40,2,1,0
27,1,19,5,4705,9,12,34,2,1,0
30,1,21,5,2947,37,0,40,2,1,0
41,1,19,5,363,1,0,40,2,1,1
61,1,16,3,66,35,0,40,1,1,1
24,1,21,5,2676,37,13,40,2,1,0
45,1,21,3,304,41,0,50,1,1,1
61,1,20,1,2614,306,1,40,2,1,0
28,1,21,3,4901,10,0,40,2,1,0
45,1,19,1,5946,303,1,40,2,1,0
21,1,14,5,4228,22,2,15,1,1,0
32,1,16,5,6143,11,13,40,1,1,0
48,1,19,1,247,39,0,40,1,1,1
57,1,19,1,5892,38,0,40,1,1,1
28,1,16,3,6179,37,13,40,1,1,0
18,1,19,5,4793,27,17,14,2,1,0
28,1,18,1,5369,34,0,40,1,1,0
45,1,21,1,3205,13,1,40,1,1,1
23,1,21,5,2271,36,2,40,2,1,0
30,1,21,1,5207,1,9,40,2,1,0
46,1,21,1,3009,40,1,40,2,1,1
17,1,16,5,4735,11,16,9,1,6,0
52,1,17,3,3612,21,0,40,2,1,0
30,2,22,1,1822,6,0,40,2,1,0
18,1,14,5,4272,23,2,11,1,1,0
21,1,19,5,4558,7,0,40,2,1,0
32,1,21,5,684,37,13,40,2,1,1
18,1,19,5,6096,32,2,40,1,1,0
22,1,19,5,4704,47,2,15,1,1,0
23,1,16,5,6517,36,2,40,1,1,0
49,1,21,1,650,6,0,40,1,1,1
25,1,19,5,5802,9,13,40,2,1,0
43,1,16,5,9294,11,0,40,1,1,0
48,1,16,1,624,323,0,40,1,1,1
49,7,21,1,345,35,1,50,1,1,1
40,1,19,1,6544,207,0,40,1,6,1
23,1,19,5,4530,29,13,40,1,1,0
59,1,18,1,366,26,1,50,1,1,1
58,3,22,1,2436,8,1,11,2,1,0
47,1,21,1,124,223,1,40,1,6,1
24,1,16,5,9638,33,16,40,1,1,0
76,1,21,1,254,9,0,40,2,1,1
58,1,20,1,3342,18,0,35,2,1,0
49,1,20,5,399,40,0,40,1,1,1
52,1,19,3,73,211,0,40,1,1,1
56,1,19,1,5157,25,1,40,2,1,0
17,1,16,5,4235,18,2,16,1,1,0
30,1,21,5,2298,17,2,40,2,1,0
46,1,11,1,4734,314,0,40,2,1,0
49,1,22,1,1101,18,0,40,1,1,1
46,1,21,1,334,36,0,40,1,1,1
69,1,21,1,6002,40,0,9,2,1,0
56,1,16,1,5614,42,0,40,1,1,0
53,1,19,1,5513,13,0,40,2,1,0
30,1,17,1,8858,19,1,40,2,1,0
45,1,21,1,5652,2,1,40,2,1,0
54,1,19,3,5045,26,0,40,1,1,0
29,1,21,5,538,27,0,40,1,1,1
26,1,12,1,8850,296,10,40,1,8,0
30,1,17,5,4118,36,0,40,1,1,0
34,1,19,1,4220,38,0,40,1,1,1
35,1,21,5,1456,6,0,40,1,1,1
55,1,10,1,102,309,13,40,1,1,1
61,1,18,1,3985,38,0,30,2,1,0
44,1,19,5,4693,4,0,40,2,1,1
51,3,21,1,2310,24,1,40,1,1,1
57,1,19,3,585,24,0,40,1,1,1
37,1,21,1,2842,37,0,40,2,1,0
42,2,22,3,2471,17,0,40,2,1,1
48,1,21,1,1056,13,0,50,1,1,1
21,1,19,3,5215,37,9,40,2,1,0
52,1,21,1,660,221,1,40,1,6,1
38,1,21,1,5632,4,1,40,1,1,0
19,1,16,5,4134,15,2,12,2,1,0
44,3,21,1,2337,31,0,40,2,1,1
45,1,22,1,3040,219,0,40,1,6,1
37,1,21,1,1764,38,0,40,2,1,0
40,1,21,1,268,36,0,50,1,1,1
30,1,19,5,5175,7,13,40,1,1,0
34,1,21,1,2531,21,1,40,2,1,0
17,1,19,5,5871,23,2,40,2,1,0
19,1,13,5,4108,6,2,8,1,1,0
31,1,21,5,3363,42,13,40,2,1,0
26,3,21,1,2369,24,1,12,2,1,0
58,1,20,1,3850,17,1,11,2,1,0
32,1,21,5,4715,39,13,40,2,1,1
24,2,22,5,2171,227,0,40,2,6,0
40,1,16,1,7939,38,0,40,1,1,1
43,1,8,1,7468,309,0,40,1,1,1
26,1,16,3,4014,42,0,40,2,1,0
22,1,19,5,4745,23,2,40,2,1,0
20,1,19,5,4697,8,12,13,2,1,0
57,1,18,3,209,42,0,40,1,1,1
27,1,19,5,6220,36,0,40,2,1,0
21,1,19,5,5478,22,2,40,1,1,0
50,1,21,1,259,9,0,40,1,1,1
35,1,20,5,409,10,0,40,1,1,1
29,1,16,1,4200,26,0,40,2,1,0
44,1,21,1,5599,34,0,40,2,1,0
48,1,17,1,6605,55,0,40,1,1,0
45,1,21,3,10,37,0,50,1,1,1
36,1,21,1,2236,5,0,40,1,1,1
24,1,18,5,4018,39,16,40,2,1,0
34,1,21,3,1000,235,13,40,1,6,1
36,1,21,1,1027,17,0,50,1,1,1
40,1,22,1,733,27,0,40,1,1,1
54,1,22,5,3482,41,0,40,2,1,1
59,1,21,5,897,21,0,40,1,1,1
60,1,21,3,403,41,0,40,2,1,1
38,1,21,5,316,4,0,40,1,1,1
23,1,16,5,5881,30,2,40,1,1,0
22,1,14,5,9830,11,2,40,1,1,0
38,2,21,1,1951,19,0,40,2,1,0
26,1,21,1,5287,8,0,40,2,1,0
34,1,16,1,5350,18,0,40,1,1,0
52,1,16,5,7167,17,0,40,1,1,1
36,1,21,1,3366,38,0,40,2,1,1
23,1,19,5,4750,19,2,14,2,1,0
17,1,16,5,4161,21,2,40,1,1,0
41,1,19,1,4367,18,0,40,1,1,1
52,1,16,1,7861,34,0,40,1,1,1
33,1,21,5,4977,39,0,40,1,1,1
31,1,21,5,3244,22,13,35,2,1,0
20,1,18,5,4678,29,2,40,1,1,0
21,1,19,5,4760,4,17,7,1,1,0
32,2,21,1,2065,25,1,40,2,1,0
17,1,16,5,4333,50,2,7,1,1,0
43,3,21,1,2419,44,1,13,2,1,0
50,1,16,3,7725,17,0,50,1,1,1
56,1,17,1,5918,37,1,40,2,1,0
47,1,9,1,4117,294,0,40,2,8,0
22,1,19,5,5646,31,2,5,1,1,0
60,1,16,1,7571,24,1,40,1,1,1
37,1,17,1,6436,40,1,40,1,1,0
54,1,17,1,5411,42,16,40,1,1,0
31,1,21,3,2254,8,0,40,1,1,0
45,1,16,1,5174,7,0,40,1,1,0
62,1,16,1,5551,12,0,40,2,1,0
22,2,21,5,2019,25,2,8,2,1,0
22,1,18,5,5011,4,13,40,1,1,0
24,1,16,5,5885,37,2,40,1,1,0
22,1,16,5,5869,39,0,40,1,1,0
61,1,19,1,5542,36,0,40,2,1,0
64,3,21,1,2321,33,1,6,2,1,0
51,1,16,3,591,35,0,40,1,1,1
28,1,16,5,4063,28,0,40,2,1,0
48,1,21,1,191,42,1,40,2,1,1
46,1,21,1,169,2,0,40,1,1,1
60,1,16,1,4074,39,10,9,2,1,0
26,1,16,1,5010,40,0,40,2,1,0
35,1,21,1,1305,10,0,40,1,1,0
31,1,22,1,2336,5,0,40,2,1,0
36,1,21,1,4367,54,0,40,1,1,0
29,1,21,1,3027,17,1,40,2,1,0
24,1,20,1,2058,46,1,5,2,1,0
39,1,19,1,5666,20,1,40,2,1,0
68,1,21,1,247,41,0,40,1,1,1
23,1,21,5,2604,22,2,40,2,1,0
47,1,21,1,203,38,1,40,1,1,1
18,1,18,5,5632,39,2,40,1,1,0
43,1,19,1,5927,5,0,40,1,1,0
44,1,18,5,6586,319,0,40,1,1,1
29,1,21,5,2375,8,0,40,2,1,0
41,1,21,5,3307,3,0,40,2,1,1
57,1,16,1,7272,33,1,40,1,1,1
20,1,19,5,3937,6,17,12,1,1,0
26,1,16,5,3946,23,2,40,2,1,0
18,1,14,5,4126,41,2,11,2,1,0
32,1,21,1,3196,37,1,40,2,1,1
52,1,20,1,3421,39,1,40,2,1,1
44,1,21,3,536,41,0,40,2,1,1
57,1,16,3,9054,41,0,40,1,1,1
57,1,16,3,6189,41,0,40,1,1,0
57,1,16,5,5295,32,0,40,2,1,0
20,1,14,5,3912,45,2,40,2,1,0
46,1,20,1,5468,9,1,40,2,1,0
22,1,21,5,2069,14,2,9,1,1,0
36,1,21,5,263,39,0,40,1,1,1
26,1,21,1,5584,4,0,40,2,1,0
26,1,16,5,6313,20,0,40,1,1,0
39,3,21,1,2404,38,0,40,2,1,1
57,1,16,1,5745,21,1,40,1,1,1
26,1,18,5,3605,38,0,9,2,1,0
41,1,21,1,2368,8,1,40,2,1,0
35,1,21,1,5578,3,1,40,2,1,0
22,1,16,5,5606,17,12,40,1,1,0
36,1,22,5,581,34,0,40,1,1,1
54,1,16,1,7672,40,0,40,1,1,1
33,1,21,5,1413,3,0,40,1,1,1
46,3,21,1,2453,36,1,40,2,1,0
31,1,19,5,5478,37,13,40,1,1,0
28,1,10,5,4087,310,13,40,1,1,0
45,1,21,1,2502,226,1,6,2,6,0
59,1,8,5,4057,33,0,40,2,1,0
25,1,19,5,5759,36,2,40,2,1,0
59,1,19,1,289,35,1,40,1,1,1
37,1,21,1,3194,40,0,40,1,1,1
60,2,21,1,3110,14,0,40,2,1,1
46,1,21,1,250,35,0,40,1,1,1
19,1,19,5,4749,12,2,32,2,6,0
31,1,21,1,2137,8,0,11,2,1,0
24,1,19,5,4016,37,12,33,2,1,0
56,1,18,1,6204,16,1,40,2,1,0
43,1,22,1,731,6,1,40,1,1,1
53,1,19,1,4474,5,0,40,2,1,1
20,1,16,5,4699,16,16,16,1,1,0
24,1,16,3,6403,16,0,40,2,1,0
56,1,19,1,5827,32,1,40,1,1,1
63,1,19,1,5454,7,1,32,2,1,0
58,1,16,3,494,39,0,50,1,1,1
29,1,16,1,5880,6,0,40,1,1,0
25,1,19,3,5234,33,0,34,2,1,0
19,1,14,5,2852,6,2,10,2,8,0
32,1,21,5,5503,38,13,40,2,1,0
48,1,19,1,124,4,0,40,1,1,1
66,1,21,1,416,38,0,40,2,1,1
45,1,19,1,7427,10,0,50,1,1,1
39,3,21,1,2572,39,1,40,2,1,0
26,1,21,5,3290,28,13,40,2,1,0
53,1,22,5,63,11,0,40,1,1,1
53,1,19,1,6014,42,0,40,1,1,1
49,1,16,3,6718,38,0,40,1,1,1
25,1,16,5,5585,42,13,40,1,1,0
37,1,21,1,2828,39,1,40,2,1,0
37,1,21,1,2825,40,0,40,2,1,0
64,3,22,3,2320,26,0,40,2,1,0
17,1,14,5,4290,7,2,9,2,1,0
45,1,21,1,790,41,0,40,1,1,1
21,1,16,5,4057,39,2,16,2,1,0
59,1,16,1,6132,36,0,40,1,1,0
47,1,18,1,5452,6,0,40,1,1,0
28,1,16,1,4094,23,0,40,2,1,0
32,1,21,1,1985,48,1,40,2,1,0
37,2,21,1,2100,37,1,13,2,1,0
48,1,19,3,5051,6,0,40,2,1,0
53,1,21,3,15,38,0,50,1,1,1
44,1,19,1,5566,36,0,40,1,1,1
21,1,16,3,4348,25,0,40,1,1,0
24,1,19,5,5457,39,0,29,2,1,0
29,1,16,3,4217,30,0,40,2,1,0
42,1,20,1,5535,6,1,40,2,1,0
39,1,19,1,6274,37,1,40,1,1,0
66,1,21,1,2371,16,0,40,2,1,0
58,1,19,1,150,10,0,40,1,1,1
67,1,21,5,5876,28,0,40,2,1,0
21,1,19,5,4325,27,17,12,1,1,0
50,1,20,3,265,1,0,40,1,1,1
42,1,22,1,1236,203,0,40,1,6,1
28,1,19,5,6053,39,0,40,1,1,0
32,3,22,1,2193,37,0,40,2,1,0
35,1,16,5,7913,33,0,40,1,1,1
21,1,19,5,4907,19,17,11,1,1,0
19,1,19,5,4566,7,17,14,2,1,0
17,1,16,5,4773,49,16,14,1,1,0
17,1,14,5,4102,8,2,8,2,1,0
43,1,21,3,107,3,0,40,1,1,1
35,1,19,1,6668,24,0,40,1,1,0
26,1,21,1,2125,8,10,40,2,1,0
28,1,18,3,4184,40,0,40,2,1,0
56,1,19,3,5766,27,0,40,2,1,0
39,1,21,1,2255,236,0,40,2,6,0
43,1,21,1,5122,9,1,40,2,1,0
26,1,19,1,6136,18,0,9,2,1,0
59,1,16,1,6272,26,9,40,2,1,0
27,1,16,1,3862,218,10,40,2,8,0
28,1,19,5,5807,38,0,40,2,1,0
28,1,18,5,4174,3,6,40,2,1,0
48,1,16,1,658,41,1,50,1,1,1
24,1,16,5,4112,4,2,31,2,1,0
61,1,17,1,6057,28,1,40,2,1,0
61,1,16,1,6277,16,0,40,1,1,0
27,1,16,1,3656,42,9,40,2,1,0
45,1,21,1,1188,30,0,40,1,1,1
26,1,18,5,5769,3,0,40,1,1,0
40,1,18,3,5913,39,0,40,1,1,0
36,1,7,1,6083,17,1,40,1,1,0
43,1,20,1,2502,7,1,11,2,1,0
19,1,19,5,4682,4,17,12,1,1,0
64,1,16,1,256,22,1,40,1,1,1
40,1,16,1,4004,308,10,40,2,6,0
42,1,21,3,542,39,0,40,1,1,1
45,1,19,1,7875,17,0,40,1,1,1
59,1,16,1,6494,5,0,40,1,1,1
38,1,19,5,5164,221,13,40,1,6,0
52,1,16,1,7250,37,1,40,1,1,1
54,1,19,1,4832,18,1,40,2,1,0
29,1,21,5,1204,19,0,40,1,1,1
45,3,21,1,2327,37,1,40,2,1,0
23,1,16,5,5225,41,2,40,2,1,0
35,1,21,1,2699,7,1,40,1,1,1
29,1,17,1,9233,50,0,40,1,1,0
27,1,18,5,4896,23,0,40,2,1,0
18,1,19,5,4754,25,16,17,1,1,0
42,1,19,1,5683,32,1,40,2,1,1
23,1,16,1,2567,7,1,11,2,1,0
46,1,20,1,5633,36,1,40,2,1,1
25,1,16,5,4271,40,2,40,1,1,0
20,1,16,5,4046,6,2,40,1,1,0
27,1,16,1,5562,24,0,40,1,1,0
26,1,11,5,6191,9,13,40,1,1,0
43,1,21,1,701,8,1,40,1,1,1
28,1,21,1,1000,25,0,40,1,1,1
31,1,21,5,5352,25,0,40,2,1,0
49,1,22,1,3365,10,1,40,2,1,1
30,1,19,5,6603,37,0,40,1,1,0
58,1,20,1,3465,32,1,31,2,1,0
56,1,16,1,5690,25,0,40,1,1,0
58,1,18,1,6580,27,0,40,1,1,1
31,1,22,1,2203,36,0,40,2,1,0
30,1,20,1,1965,25,0,7,2,1,0
32,1,19,5,5540,17,0,40,2,1,0
25,1,16,5,4203,27,2,40,2,1,0
40,1,21,1,1472,13,1,40,1,1,1
30,1,21,3,4683,37,0,40,1,1,0
47,1,19,1,10,39,1,40,1,1,1
51,3,21,1,2517,23,9,40,2,1,0
56,1,16,1,5357,23,0,40,1,1,1
26,1,16,5,9254,33,0,40,1,1,0
31,1,19,1,5331,20,1,40,1,1,0
41,1,21,1,2172,38,1,40,2,1,1
50,1,12,1,6579,299,1,40,1,1,0
19,1,14,5,4704,11,2,4,2,6,0
56,1,18,1,5497,28,1,40,2,1,0
39,1,21,1,1011,7,0,40,1,1,1
59,1,19,1,5436,27,0,40,1,1,1
29,1,16,5,4235,40,0,40,2,1,0
60,1,21,1,182,17,0,40,1,1,1
23,1,16,5,9182,40,0,40,1,1,0
31,1,21,1,2112,7,10,40,2,1,0
64,1,18,1,5689,23,0,13,2,1,0
44,1,21,1,3327,222,1,40,2,6,1
23,3,22,5,2450,31,2,40,2,1,0
21,1,9,5,4066,11,17,13,1,1,0
29,1,20,1,2333,14,0,4,2,1,0
32,1,21,1,959,31,0,40,1,1,1
29,1,21,1,2150,27,1,9,2,1,0
24,1,16,5,9017,36,13,40,1,1,0
26,2,21,1,2066,23,0,7,2,1,0
33,1,19,1,5074,1,1,40,2,1,0
47,1,20,5,476,27,0,40,1,1,1
55,1,16,1,5526,29,1,40,1,1,1
20,1,19,5,4242,6,2,12,2,6,0
22,1,21,1,2077,12,0,32,2,1,0
29,1,21,5,1986,29,0,40,2,1,0
38,1,21,1,2184,6,1,40,2,1,0
17,1,19,5,4702,54,17,9,2,1,0
45,1,20,1,218,8,0,40,2,1,1
29,1,21,5,3865,221,0,40,2,6,0
28,1,16,1,4010,26,1,13,2,1,0
26,1,16,5,6394,10,13,40,1,1,0
31,3,21,1,2381,35,1,40,2,1,0
52,1,16,1,6488,38,1,40,1,1,0
48,1,19,1,459,4,0,40,1,1,1
27,1,21,1,2208,26,1,40,2,1,0
26,1,19,1,5811,19,1,13,2,1,0
43,1,16,1,3967,5,1,9,2,1,0
61,1,19,1,5942,33,0,40,2,1,0
52,1,21,1,1503,39,1,50,1,1,1
28,1,21,5,2435,8,2,40,1,1,0
58,1,16,1,4047,40,1,8,2,1,0
41,3,22,1,2311,8,1,40,2,1,0
42,1,19,1,7321,15,1,40,1,1,1
57,1,18,1,4347,34,0,40,1,1,0
31,1,21,5,331,3,0,40,2,1,1
31,1,21,5,1052,38,13,40,2,1,1
26,1,19,5,6002,5,13,40,1,6,0
30,1,16,1,5892,319,0,40,2,1,0
27,1,16,1,4015,51,10,40,2,1,0
31,1,20,1,6531,6,1,40,2,1,0
27,1,19,1,5092,9,0,40,2,1,0
48,1,16,3,6084,37,0,40,1,1,0
21,1,19,5,6703,16,2,40,1,1,0
19,1,19,5,4766,19,2,14,2,1,0
27,1,19,5,6137,26,0,40,1,1,0
27,1,16,5,5429,5,0,40,2,1,0
41,3,21,1,2395,15,0,40,2,1,1
58,1,19,1,5347,36,1,40,2,1,0
31,1,19,5,5844,10,0,40,1,1,0
70,1,21,1,432,40,0,40,1,1,1
48,1,17,1,9411,310,0,40,1,1,1
52,1,22,3,460,37,0,40,1,1,1
53,1,16,1,5474,7,1,40,1,1,1
46,1,21,1,231,20,0,50,1,1,1
28,1,16,5,5516,21,2,40,2,1,0
26,3,21,3,2337,43,0,40,2,1,0
18,1,16,5,4637,48,2,10,1,1,0
45,1,21,1,306,18,0,50,1,1,1
38,1,21,1,2202,36,1,40,1,1,1
27,3,22,3,2398,37,0,40,2,1,0
50,1,16,1,9236,8,0,40,1,1,1
50,1,21,1,1015,14,0,40,1,1,1
29,1,21,5,2504,37,0,40,2,1,0
45,1,21,1,1635,35,0,50,1,1,1
61,2,21,1,2231,19,0,40,2,1,0
47,1,8,1,4287,293,1,40,1,8,0
32,1,21,5,705,11,0,40,1,1,1
20,1,19,5,4813,20,2,13,2,1,0
25,1,16,1,5707,47,1,40,2,1,0
42,1,21,1,1625,38,0,40,1,1,1
53,2,21,1,3245,29,1,28,2,1,0
51,1,19,1,5475,7,1,40,2,1,1
50,1,20,1,3676,26,1,40,2,1,1
22,1,19,5,6112,8,13,40,2,1,0
21,1,18,5,5592,241,17,8,1,6,0
25,1,19,5,4328,6,13,40,1,1,0
47,1,16,5,7547,20,0,40,1,1,1
59,1,12,1,4265,8,1,11,2,1,0
43,1,19,1,656,11,0,40,1,1,1
73,1,21,1,3181,40,0,12,2,1,0
48,1,16,3,7537,7,0,40,1,1,1
40,1,16,1,6997,49,1,40,1,1,0
27,1,19,5,5727,3,13,40,2,1,0
34,1,16,1,5436,40,0,40,1,1,0
37,1,21,1,2289,230,0,40,2,6,0
30,3,21,1,2497,18,1,40,2,1,0
56,1,20,1,2753,35,1,12,2,1,0
66,1,18,1,6275,44,0,40,1,1,1
28,1,21,5,2047,23,13,40,2,1,1
18,1,19,5,6528,33,2,40,1,1,0
45,1,21,1,1082,27,0,50,1,1,1
44,1,20,1,3062,8,1,40,2,1,0
27,1,16,3,4007,36,10,40,2,1,0
38,1,16,1,7521,17,1,40,1,1,0
23,1,21,5,2461,38,2,34,2,1,0
36,1,16,3,7263,7,0,40,1,1,1
23,1,18,5,5977,19,2,40,1,1,0
42,1,17,1,5910,38,0,40,1,1,0
31,1,21,1,1730,40,0,40,1,1,1
40,1,18,3,5808,38,0,40,2,1,0
36,1,21,1,3091,50,0,40,2,1,0
55,7,22,1,256,5,0,50,1,1,1
45,1,21,1,880,215,0,50,1,6,1
44,1,21,5,3124,11,0,40,2,1,1
21,1,19,5,4706,31,16,12,1,1,0
25,1,16,5,4077,4,2,40,2,1,0
26,1,21,3,5593,25,0,40,2,1,0
26,1,21,5,6025,23,0,40,1,1,0
54,1,16,5,6248,35,0,40,2,1,0
35,1,21,5,1215,34,0,40,1,1,1
25,1,16,5,3943,8,0,40,2,1,0
38,1,21,1,3153,9,1,40,2,1,0
29,1,21,5,3929,19,13,40,2,1,0
21,1,21,5,2546,29,2,40,1,1,0
26,1,16,5,5177,19,13,40,2,1,0
48,1,19,1,286,9,1,50,1,1,1
56,1,16,1,6021,31,0,40,1,1,0
57,1,16,1,6438,13,1,40,2,1,0
44,1,21,1,10,40,1,50,1,1,1
65,2,21,1,2191,41,0,40,2,1,1
21,2,19,5,2189,8,17,7,2,1,0
57,1,17,1,5137,39,0,40,2,1,0
64,1,16,1,5334,45,1,40,2,1,0
53,1,16,3,4750,34,0,40,1,1,1
28,1,21,1,2471,27,0,40,2,1,0
61,1,16,1,4517,17,1,40,1,1,0
43,1,19,1,7789,41,0,40,1,1,1
47,1,21,1,10,28,1,50,1,1,1
20,1,19,5,2488,12,2,10,2,1,0
37,3,22,1,2408,160,1,11,2,1,0
46,1,21,1,289,38,0,40,1,1,1
21,1,14,5,4606,227,4,15,2,6,0
48,1,17,5,8801,38,0,40,1,1,1
55,1,16,1,7576,15,1,40,1,1,0
52,1,19,3,5896,8,0,40,1,1,1
53,1,17,5,7215,38,0,40,1,1,1
47,1,21,1,362,311,0,40,1,6,1
33,1,21,5,5513,39,13,40,2,1,0
54,1,20,1,5032,39,1,40,2,1,0
39,1,21,1,1842,37,1,40,1,1,1
29,1,16,1,5753,305,1,40,2,1,0
17,1,18,5,4825,5,17,12,2,1,0
46,1,17,1,5814,39,1,40,2,1,0
25,1,21,5,2170,22,0,40,1,1,1
67,2,22,1,3217,13,0,40,2,1,1
21,1,19,5,4195,5,17,40,1,1,0
61,1,16,1,9381,30,1,40,1,1,0
43,1,19,1,349,7,0,40,1,1,1
24,1,21,5,2484,2,2,13,2,1,0
31,1,22,1,2184,254,0,40,2,6,0
53,1,16,1,6528,39,0,40,1,1,0
41,1,19,1,5918,11,0,40,2,1,0
19,1,19,5,4796,47,2,8,1,1,0
47,1,20,3,322,39,13,40,2,1,1
20,1,14,5,4096,7,2,40,2,1,0
25,1,18,1,6320,23,0,40,1,1,0
52,1,21,3,165,9,0,40,1,1,1
22,1,16,5,5768,6,13,40,2,1,0
33,1,22,1,2106,227,0,40,2,6,1
65,1,19,1,5153,41,1,40,1,1,1
55,1,16,3,5659,41,13,40,1,1,1
35,1,21,5,1069,4,13,40,1,1,1
24,1,21,1,2601,211,10,32,2,6,0
29,3,21,1,2428,22,0,40,2,1,0
37,1,21,1,2381,44,0,6,2,1,0
52,1,18,5,6700,8,0,40,1,1,0
21,1,21,5,1085,34,13,40,2,1,0
58,1,16,1,5674,39,1,33,2,1,0
24,1,21,5,5451,40,13,40,2,1,0
17,1,19,5,4868,53,17,40,1,1,0
27,1,19,3,4560,34,0,40,2,1,0
28,1,21,1,2534,22,0,40,1,1,0
27,1,21,3,5436,9,0,40,1,1,0
35,1,19,5,1332,28,0,40,1,1,1
47,1,21,1,10,10,1,40,1,1,1
47,1,19,1,5425,203,0,40,2,6,0
28,1,21,5,2366,7,2,40,2,1,0
36,1,22,1,1356,37,0,40,1,1,1
57,1,16,1,5107,25,0,40,1,1,0
59,1,18,1,5715,35,0,40,2,1,0
68,2,22,1,3062,41,0,40,2,1,1
43,1,22,1,3440,40,0,40,2,1,1
18,1,16,5,4327,26,17,15,2,1,0
27,1,21,5,4671,25,0,40,1,1,1
46,1,21,3,984,40,0,40,1,1,1
51,1,22,1,358,9,1,40,2,1,1
63,1,19,1,3638,41,1,40,2,1,0
45,1,22,1,178,38,1,40,1,1,1
35,1,21,1,387,15,0,40,1,1,1
27,1,16,5,5555,38,2,40,1,1,0
58,1,19,1,2240,39,1,10,2,1,0
36,1,16,1,8027,26,1,40,1,1,1
26,1,19,5,5036,8,12,40,1,1,0
27,1,21,1,3275,36,0,40,2,1,0
25,1,21,3,2049,23,12,40,2,1,0
18,1,16,5,4081,4,2,9,1,8,0
21,1,19,5,5044,1,2,13,2,1,0
44,1,21,1,3191,1,1,40,2,1,1
20,1,19,5,2298,204,12,11,1,6,0
50,1,22,1,227,34,1,40,1,1,1
23,1,18,3,4006,28,16,40,2,1,0
46,1,20,1,312,9,1,40,1,1,1
28,1,21,1,2229,5,2,40,2,1,0
52,1,16,3,493,7,0,50,1,1,1
28,1,21,5,2292,32,2,40,2,1,0
54,1,16,1,360,10,0,40,1,1,1
63,1,20,1,3174,35,1,3,2,1,0
51,1,21,1,467,25,1,40,1,1,1
58,3,21,1,2317,34,0,31,2,1,0
28,1,19,5,6717,34,2,40,1,1,0
21,1,14,5,4122,3,17,9,2,1,0
22,1,19,5,2203,3,16,7,2,1,0
25,1,17,5,4142,8,17,40,1,1,0
50,1,21,1,112,7,1,40,2,1,1
24,1,16,5,4317,42,2,40,1,1,0
47,1,19,3,211,35,0,40,1,1,1
49,1,22,5,642,26,0,40,1,1,1
19,1,16,5,4309,6,15,3,1,1,0
42,1,9,3,4084,305,0,40,1,8,0
57,1,16,1,5767,16,1,40,2,1,0
46,1,16,1,1106,223,1,40,1,6,1
20,1,9,5,3832,37,2,10,2,1,0
21,1,14,5,6665,5,17,40,1,1,0
40,3,22,1,2247,25,0,40,2,1,0
47,1,22,1,323,31,1,50,1,1,1
30,1,21,1,1694,37,1,40,2,1,0
46,1,21,5,87,22,0,50,1,1,1
42,1,21,5,381,34,0,40,1,1,1
45,1,21,3,236,36,0,50,1,1,1
62,2,23,5,3119,18,0,40,2,1,1
57,1,16,1,3464,36,1,1,2,1,0
24,1,18,5,9491,42,13,40,1,1,0
32,1,16,5,5433,33,13,40,1,1,0
27,1,19,5,4676,40,0,40,2,1,0
28,1,18,1,4824,27,0,10,2,1,0
30,1,19,1,5331,20,1,10,2,1,0
44,1,16,1,5828,30,1,40,2,1,0
30,1,19,3,5612,29,0,40,1,1,0
43,1,17,5,7294,9,0,40,1,1,1
45,1,19,1,214,4,1,40,1,1,1
43,1,21,1,1023,27,1,40,1,1,1
22,1,21,5,4967,15,13,40,2,1,0
27,1,21,5,5667,24,0,32,2,1,0
47,1,19,1,5843,6,0,40,1,1,0
31,1,21,5,3840,5,0,40,2,1,0
27,1,19,5,5878,4,0,40,1,1,0
68,1,19,1,5982,23,0,40,2,1,0
47,1,21,1,311,24,1,50,1,1,1
30,1,21,1,2051,31,10,40,2,1,0
33,1,21,5,5190,6,13,40,1,1,0
42,1,21,1,875,25,1,50,1,1,1
23,1,20,1,2187,21,1,10,2,1,0
25,1,21,5,2237,23,2,40,2,1,0
51,1,17,3,9239,315,13,40,1,8,1
44,3,21,1,2172,36,0,40,1,1,1
52,1,16,3,6140,21,0,40,1,1,1
59,2,21,1,3114,23,0,35,2,1,0
22,1,21,5,2569,24,17,14,1,1,0
24,1,19,5,6357,3,0,40,2,1,0
41,1,22,1,2601,8,1,40,1,1,1
27,1,19,1,2801,21,0,40,2,1,0
24,1,20,5,3668,14,0,40,2,1,0
48,1,19,1,6157,37,1,40,1,1,1
35,1,22,1,687,16,0,40,1,1,1
50,1,21,1,367,15,0,40,1,1,1
32,1,17,1,8999,11,0,40,1,1,0
58,1,16,1,181,16,0,40,1,1,1
25,1,18,5,9344,27,16,40,1,1,0
24,1,16,5,9746,36,17,40,1,1,0
31,1,19,1,5956,22,0,40,2,1,0
28,1,21,5,4886,5,0,40,2,1,1
43,1,16,3,7681,34,13,40,1,1,1
26,1,19,1,4982,39,0,10,2,1,0
55,1,16,1,5987,7,1,40,2,1,1
18,1,19,5,2191,11,2,9,2,1,0
46,1,21,1,10,20,0,51,1,1,1
36,1,21,5,961,28,13,50,1,1,1
43,1,16,1,6373,36,1,40,1,1,0
63,2,21,1,1716,43,0,40,2,1,1
28,1,21,1,2659,25,1,5,2,1,0
41,1,21,1,964,5,1,40,1,1,1
52,1,16,1,9229,9,0,40,1,1,1
26,1,18,5,5918,35,13,40,1,1,0
19,1,19,5,4761,28,2,17,2,1,0
27,1,10,1,9286,321,0,40,1,6,0
59,1,16,3,5699,23,0,40,1,1,1
38,1,21,1,3695,41,0,40,2,1,0
44,1,21,3,5507,6,0,40,2,1,0
43,1,21,3,2942,3,0,40,1,1,1
51,1,19,1,5628,4,0,40,2,1,0
64,1,17,1,4088,38,0,30,2,1,0
30,3,21,1,2456,38,1,7,2,1,0
20,1,16,5,9446,32,2,40,1,1,0
45,1,21,1,10,37,0,50,1,1,1
55,1,16,1,5545,37,0,40,1,1,0
54,1,16,1,5811,41,0,40,2,1,1
48,1,21,3,1032,9,0,40,1,1,1
33,1,22,1,2426,5,0,40,2,1,0
28,2,21,5,2366,6,13,40,2,1,0
20,1,16,5,4276,7,2,15,1,1,0
45,1,19,5,5080,4,0,40,1,1,1
38,1,21,1,2488,36,1,40,2,1,0
26,1,19,1,4245,315,10,40,2,1,0
42,1,21,1,1181,34,1,40,1,1,1
20,1,16,5,4037,3,2,1,2,1,0
51,1,21,1,492,28,0,40,1,1,1
55,1,16,1,5454,17,1,40,1,1,1
55,1,16,1,5699,40,1,40,1,1,1
27,1,18,1,9079,8,1,40,2,1,0
65,1,21,3,5186,36,0,40,2,1,0
62,1,19,3,4776,39,0,40,1,1,1
35,1,20,1,5392,16,1,40,1,1,0
20,1,17,5,9725,12,17,40,1,1,0
23,1,21,5,791,18,13,40,1,1,0
58,1,16,1,7365,22,0,40,1,1,1
23,1,19,1,4904,5,0,5,2,1,0
55,1,16,1,4234,17,0,40,1,1,0
50,1,16,1,5955,50,0,40,2,1,0
68,2,21,1,1946,15,1,14,2,1,0
40,1,21,1,879,14,0,40,1,1,1
65,1,18,3,193,43,0,40,1,1,1
29,1,16,5,5401,40,0,40,2,1,0
50,1,19,1,5839,9,0,40,1,1,1
58,1,16,1,6137,37,1,40,1,1,1
25,1,20,5,3828,27,0,40,2,1,0
51,1,16,1,6740,31,0,40,1,1,0
30,1,19,5,6151,11,0,40,2,1,0
31,1,19,1,6024,10,0,40,1,1,0
43,1,16,1,6072,13,9,40,2,1,0
46,1,16,1,5887,311,1,40,2,1,0
20,1,18,5,4677,23,2,35,1,1,0
19,1,16,5,4118,46,2,11,1,1,0
39,1,19,1,8968,5,1,40,1,1,0
40,1,21,1,3089,6,1,40,2,1,1
37,1,19,1,5677,22,0,40,1,1,0
46,1,21,1,3299,18,0,40,2,1,1
32,2,21,5,1886,5,0,40,1,1,1
46,1,21,1,479,210,0,40,1,6,1
67,1,21,1,5471,37,0,40,1,1,1
41,1,21,3,749,34,0,50,1,1,1
76,2,22,1,2230,8,0,11,2,1,1
37,1,21,1,2300,40,1,40,2,1,1
54,1,19,3,5666,20,0,40,1,1,1
28,1,19,1,4433,228,1,12,2,6,0
41,1,21,1,2128,37,1,40,1,1,1
46,1,21,3,1081,15,0,40,1,1,1
17,1,18,5,4706,24,17,5,1,1,0
55,1,16,3,3820,21,0,40,2,1,0
30,1,16,1,5658,44,1,40,1,1,0
27,1,21,5,954,34,0,40,1,1,1
24,1,16,3,4145,39,0,18,2,1,0
25,1,21,5,5457,4,17,40,1,1,0
39,1,21,1,1344,18,0,40,1,1,1
75,6,21,1,4200,27,0,12,2,1,0
40,1,21,1,2594,25,1,40,2,1,0
26,1,19,5,5796,8,2,40,2,1,0
27,1,19,1,4248,320,10,40,1,6,0
23,1,16,5,4070,208,12,40,1,6,0
54,1,16,5,5723,32,0,40,1,1,1
26,1,19,5,5092,37,0,40,2,1,0
24,1,19,5,5198,8,17,40,2,1,0
19,1,19,5,2221,19,17,9,2,1,0
18,1,14,5,4211,12,4,8,1,1,0
37,1,19,1,9215,15,0,40,1,1,0
61,1,21,1,2262,33,0,33,2,1,0
54,1,16,5,7621,17,0,40,1,1,1
22,1,19,5,2131,46,17,8,2,1,0
45,1,22,5,493,21,0,40,1,1,1
47,1,21,1,367,38,0,40,1,1,1
22,1,19,5,4739,25,16,11,1,1,0
33,1,21,1,798,16,1,40,1,1,1
25,1,21,5,2472,221,17,30,2,6,0
51,1,21,1,415,38,0,40,1,1,1
31,1,21,5,1377,6,0,40,1,1,1
30,1,21,1,2363,44,1,40,2,1,0
36,1,21,1,1227,39,0,40,1,1,1
44,1,21,5,3490,247,0,40,2,6,1
35,1,21,1,6199,10,1,40,2,1,0
45,1,16,1,5217,2,1,40,1,1,1
23,1,19,5,6284,41,17,40,1,1,0
27,1,19,5,5370,7,13,40,1,1,0
20,1,14,5,4737,51,16,11,1,1,0
21,1,18,5,4143,16,2,10,2,1,0
36,1,21,1,5436,34,1,40,2,1,0
21,1,16,5,4789,32,13,40,1,1,0
63,1,21,1,2881,35,0,40,2,1,1
47,1,16,1,6046,14,0,40,1,1,1
30,2,22,5,2136,40,0,18,2,1,0
28,1,21,5,2650,36,2,40,2,1,0
23,1,19,5,4984,26,0,40,2,1,0
49,1,22,5,309,41,0,40,2,1,1
24,1,16,1,4055,54,1,40,2,1,0
58,1,16,3,5398,42,0,40,2,1,0
54,1,17,1,5961,28,0,40,1,1,0
63,1,20,1,3811,22,9,40,2,1,0
38,3,21,1,2472,16,1,40,2,1,0
20,1,16,5,4024,21,2,12,1,1,0
29,1,16,5,9376,303,13,40,1,1,0
51,1,16,1,5664,5,1,40,1,1,1
32,1,21,3,1139,39,0,40,1,1,1
22,1,19,5,4970,40,2,40,1,1,0
44,1,21,3,808,11,13,40,1,1,1
31,1,21,5,5807,8,0,40,2,1,0
22,1,19,5,5875,53,2,40,1,1,0
38,1,21,1,473,22,0,40,1,1,1
47,1,16,1,4303,315,0,40,1,8,0
24,1,14,5,4184,50,17,7,1,1,0
61,1,19,1,5584,36,1,40,2,1,1
41,1,16,1,4062,315,1,10,2,1,0
39,1,21,3,79,38,0,40,1,1,1
58,1,18,3,7381,28,13,50,1,1,1
42,3,21,1,2293,14,0,40,2,1,0
45,1,21,1,3779,40,1,40,2,1,0
55,1,16,1,409,19,1,50,1,1,1
70,1,19,1,6716,28,0,5,2,1,0
29,1,17,3,3987,36,10,40,2,1,0
20,1,16,5,4730,24,2,40,2,1,0
59,1,20,3,502,21,0,50,1,1,1
39,1,21,1,1030,19,1,40,1,1,1
24,1,16,5,5933,23,16,40,1,1,0
46,1,16,3,4844,46,0,40,1,1,0
46,1,21,1,246,35,0,40,1,1,1
65,1,16,1,4031,7,0,40,2,1,0
49,1,20,3,10,17,0,40,2,1,1
38,1,19,1,5415,6,0,40,1,1,1
21,1,21,5,2073,16,2,40,2,1,0
55,1,14,1,3933,19,0,33,2,1,0
24,1,19,5,4660,4,17,30,2,1,0
20,1,14,5,3944,16,2,40,1,1,0
20,1,14,5,4202,39,17,16,2,1,0
59,1,16,1,3563,27,0,12,2,1,0
43,1,21,1,1020,3,0,50,1,1,1
46,1,21,1,3107,239,1,33,2,6,0
44,1,21,1,1575,24,0,50,1,1,1
48,1,19,1,5947,8,1,40,2,1,0
45,1,19,1,4772,205,1,40,1,6,1
62,1,21,1,3684,42,0,40,2,1,0
42,1,22,1,3154,35,0,40,2,1,1
48,1,16,5,9430,24,0,40,1,1,0
17,1,14,5,4068,25,2,9,1,1,0
49,1,16,3,9344,36,0,40,1,1,1
60,1,16,1,4349,22,1,40,2,1,0
27,1,19,5,3381,2,0,40,2,1,0
27,1,16,1,9739,5,10,40,1,1,0
49,1,21,1,2108,207,0,8,2,6,0
20,1,18,5,3932,51,17,10,1,1,0
48,1,21,1,68,13,0,40,1,1,1
22,1,16,5,4231,13,9,40,1,1,0
36,1,19,1,4764,33,1,40,2,1,0
44,1,21,1,2537,204,0,8,2,1,0
27,1,21,5,835,4,0,40,1,1,1
44,1,21,1,425,39,1,40,1,1,1
29,1,16,1,5543,49,1,40,2,1,0
21,1,16,5,4104,23,17,31,1,1,0
38,1,20,5,6869,39,13,40,1,1,1
33,1,21,1,2156,51,0,40,2,1,0
58,1,19,1,4686,31,0,40,2,1,0
57,1,19,1,5125,35,0,34,2,1,0
27,1,11,1,4076,303,0,40,2,8,0
60,1,16,1,6338,15,1,40,2,1,0
59,1,16,1,4177,309,1,40,2,1,0
33,1,19,1,5415,35,0,40,1,1,0
30,1,19,1,5858,31,10,40,2,1,0
23,1,21,5,2097,40,2,8,2,1,0
49,1,21,1,849,42,1,40,1,1,1
55,1,18,1,4735,42,0,40,2,1,1
55,1,16,3,5588,20,0,40,2,1,0
20,1,21,5,1821,22,17,18,2,1,0
38,1,16,1,8086,15,0,40,1,1,1
47,1,21,1,404,8,0,40,2,1,1
26,1,16,5,4091,13,2,40,2,1,0
62,1,21,3,2933,17,0,40,2,1,1
17,1,19,5,4709,50,2,12,1,1,0
28,1,19,1,5365,10,1,40,2,1,0
26,1,20,1,2001,44,1,12,2,1,0
28,1,21,5,754,8,0,40,2,1,1
33,2,22,1,2074,40,1,8,2,1,0
56,1,16,1,4812,14,1,40,2,1,1
75,1,21,3,2938,7,0,40,2,1,1
24,1,14,5,4062,8,2,30,2,1,0
43,1,20,1,5190,3,1,40,2,1,0
29,1,16,5,5959,11,0,40,2,1,0
19,1,19,5,4816,12,17,7,2,1,0
43,1,21,1,1207,15,1,40,1,1,1
35,1,21,1,572,25,0,40,1,1,1
31,1,16,3,5913,35,0,13,2,1,0
26,1,12,1,4246,298,10,40,1,8,0
27,1,16,1,6354,32,0,40,2,1,0
34,1,21,5,454,20,0,40,1,1,1
20,1,7,5,9516,22,13,40,1,1,0
46,1,20,1,3439,34,1,40,2,1,0
56,1,17,3,5629,15,0,40,1,1,0
19,1,16,5,4892,14,17,10,1,1,0
41,1,9,1,6125,13,0,40,1,1,0
18,1,16,5,4180,38,2,40,1,1,0
27,3,22,1,2338,39,1,10,2,1,0
44,1,16,1,5379,35,1,40,2,1,0
50,1,19,1,5983,21,0,40,1,1,0
57,1,16,1,5666,34,1,40,2,1,0
56,1,18,3,8959,29,0,40,1,1,1
48,1,19,1,5888,35,1,40,1,1,0
30,1,21,5,1322,38,0,40,1,1,1
56,1,17,3,6047,39,0,40,1,1,0
34,1,21,3,3210,21,0,40,2,1,0
37,1,21,1,427,31,1,40,1,1,0
51,1,22,1,473,40,1,40,1,1,1
51,1,20,1,5774,15,1,40,1,1,1
25,1,16,5,4108,299,5,40,2,8,0
51,1,19,3,5890,11,0,40,1,1,1
38,1,19,1,5493,30,0,40,2,1,0
25,2,21,5,2321,19,13,40,2,1,1
45,1,21,1,3294,16,1,40,2,1,1
63,1,18,1,5277,14,0,40,1,1,0
22,2,22,5,2147,41,0,40,2,1,0
21,1,16,5,6310,12,17,40,1,1,0
59,1,16,1,5856,22,1,40,1,1,0
52,1,19,1,201,36,0,40,1,1,1
49,1,19,1,5164,38,0,40,2,1,0
46,1,21,1,2393,3,1,40,2,1,1
29,1,21,5,510,12,0,51,1,1,1
43,1,21,1,784,38,0,40,1,1,1
64,1,16,1,6212,40,1,40,1,1,1
72,1,23,1,153,5,0,40,1,1,1
61,1,18,1,4015,39,0,30,2,1,0
48,3,21,1,2399,32,1,9,2,1,0
45,1,8,1,4172,303,10,33,2,1,0
38,1,16,1,7139,45,1,40,1,1,0
66,1,20,1,3570,7,0,31,2,1,0
35,1,21,1,3261,35,1,40,1,1,1
29,1,21,5,2487,33,2,40,2,1,0
28,1,20,1,6067,13,1,40,2,1,0
50,1,16,5,6407,17,0,40,1,1,1
52,1,20,5,54,38,0,40,2,1,1
36,1,21,1,5918,38,1,40,1,1,0
34,1,21,1,1236,18,1,40,1,1,1
38,1,21,5,281,37,0,40,1,1,1
60,1,20,1,5135,33,1,40,2,1,1
22,1,16,5,4648,53,17,14,1,1,0
26,1,16,1,5539,23,0,33,2,1,0
29,1,21,1,2098,6,1,40,1,1,0
31,1,20,1,2601,7,1,7,2,1,0
52,1,20,1,467,18,1,40,1,1,1
36,1,21,1,2570,15,1,40,2,1,0
26,1,19,1,5298,21,0,35,2,1,0
61,1,18,1,5499,18,0,40,2,1,0
53,1,20,1,208,34,0,50,1,1,1
57,1,16,1,4322,37,0,40,2,1,0
38,1,19,1,5979,27,0,40,1,1,0
25,1,16,5,5348,37,2,40,1,1,0
28,1,21,5,4396,34,0,40,1,1,0
56,1,16,1,6614,42,0,40,1,1,1
27,1,19,1,5206,8,0,40,1,1,0
32,1,22,5,403,3,13,40,2,1,1
32,1,22,5,3184,23,0,40,2,1,1
49,1,19,1,5515,30,0,40,1,1,0
59,1,16,1,5481,35,0,40,1,1,0
54,1,16,3,5891,41,0,40,1,1,1
50,1,16,3,403,41,0,50,1,1,1
50,1,16,1,5896,12,1,40,1,1,1
30,1,19,5,5809,14,0,40,1,1,0
52,1,16,3,6169,39,13,40,1,1,1
56,1,16,1,4999,23,1,40,2,1,0
45,1,20,1,167,17,1,40,1,1,1
30,1,22,5,1337,40,0,40,1,1,1
57,1,16,1,3712,20,1,8,2,1,0
44,1,16,1,6077,225,0,40,2,8,0
40,1,22,1,234,8,0,40,2,1,1
19,1,19,5,2761,26,16,8,1,1,0
26,1,21,5,733,218,13,40,1,6,0
22,1,21,5,2331,11,17,13,2,1,0
54,1,19,1,160,24,0,40,1,1,1
60,1,19,3,5037,14,0,40,2,1,0
22,1,19,5,4497,40,2,14,2,1,0
27,1,16,1,5667,38,1,40,2,1,0
51,1,19,1,202,9,1,40,1,1,1
45,3,22,1,2520,37,0,40,1,1,1
22,1,16,5,3929,8,13,34,2,1,0
30,2,21,5,2082,38,0,40,2,1,1
50,1,16,1,5420,6,0,40,2,1,0
49,1,21,1,293,25,1,40,1,1,1
27,1,16,5,4144,39,16,40,2,1,0
25,1,20,1,2107,45,1,10,2,1,0
49,1,16,5,5379,16,0,40,1,1,1
68,1,16,1,5455,37,0,6,2,1,0
44,1,16,5,6212,317,13,40,1,1,0
18,1,8,5,4185,8,2,12,1,8,0
53,1,14,1,4259,24,0,12,2,1,0
27,1,19,5,5482,8,0,40,2,1,0
28,1,21,1,2589,38,10,40,2,1,0
35,1,21,1,2993,17,1,40,2,1,0
30,1,21,1,2333,15,1,15,2,1,0
33,3,21,1,2478,15,0,40,2,1,1
60,1,20,1,2169,39,1,13,2,1,0
29,1,21,1,2638,25,1,40,2,1,0
32,1,21,5,3159,24,0,40,1,1,1
21,1,19,5,2257,3,17,9,2,6,0
44,1,21,3,479,29,0,40,1,1,1
21,1,16,5,4664,18,17,6,2,1,0
47,3,22,1,2546,42,1,12,2,1,0
44,1,21,1,379,222,1,40,1,6,1
19,1,18,5,4234,5,17,5,1,6,0
32,1,19,1,6857,14,0,40,1,1,1
23,1,16,5,3463,37,12,14,2,1,0
33,1,19,1,3305,48,0,8,2,1,0
61,1,16,1,2412,44,1,10,2,1,0
58,1,16,1,6483,20,1,40,2,1,0
21,1,16,5,4608,23,2,11,2,1,0
60,1,7,1,3902,15,1,34,2,1,0
27,1,21,5,2734,24,0,40,2,1,1
50,1,21,3,380,37,0,40,1,1,1
31,6,21,1,1756,5,0,40,2,1,0
48,1,21,3,1011,219,0,40,1,6,1
33,1,16,1,7616,308,1,40,1,1,0
42,1,21,1,111,19,1,50,1,1,1
43,1,21,1,1149,41,0,40,1,1,1
43,1,19,5,277,2,0,40,1,1,1
42,1,21,1,3484,16,1,40,2,1,0
32,1,19,1,6114,31,1,40,2,1,0
46,1,16,1,5508,323,0,40,1,1,0
21,1,16,5,4227,202,2,11,2,6,0
49,1,19,1,4579,38,0,40,1,1,1
26,1,21,5,2428,22,17,40,1,1,0
19,1,19,5,4862,7,2,10,2,1,0
29,1,21,5,2341,7,0,40,2,1,0
26,1,11,5,4033,241,17,40,1,6,0
64,2,21,1,3079,42,1,14,2,1,0
60,1,20,1,10,22,1,40,1,1,1
53,1,19,5,6025,15,0,40,2,1,0
44,1,19,1,5126,5,0,40,1,1,0
17,1,16,5,4629,21,2,5,2,1,0
49,1,19,5,4750,37,0,40,2,1,0
19,1,19,5,4688,39,2,15,2,1,0
27,1,16,5,9353,24,0,40,1,1,0
26,1,9,5,4041,7,2,40,1,1,0
31,1,21,5,2699,42,0,40,2,1,0
50,1,21,5,1059,21,0,40,1,1,1
48,1,19,5,5240,40,0,40,1,1,0
30,1,21,5,5208,3,0,40,1,1,0
36,1,21,1,2580,2,0,40,2,1,0
30,1,21,5,2164,24,13,40,2,1,0
40,1,19,3,5629,7,0,40,1,1,0
26,1,21,5,2584,20,17,40,1,1,0
19,1,21,5,2107,38,2,12,2,1,0
43,1,21,1,2424,33,1,40,2,1,0
23,1,21,5,2209,18,12,40,2,1,0
30,1,21,5,851,34,0,40,1,1,1
23,1,19,5,2756,39,17,40,1,1,0
18,1,19,5,4668,40,2,10,2,1,0
42,1,8,1,7816,313,0,40,1,8,1
57,1,16,3,7704,9,0,40,1,1,1
26,1,16,1,4199,307,9,40,1,6,0
27,1,16,5,4861,26,13,40,2,1,0
24,1,19,5,5137,17,0,40,2,1,0
28,1,21,1,2099,36,0,40,2,1,0
61,1,16,3,5765,15,13,40,2,1,1
49,1,16,1,9135,233,0,40,1,6,1
37,1,21,1,771,33,1,40,1,1,1
47,1,16,3,4539,5,13,40,1,1,1
34,1,19,1,4799,25,1,40,1,1,0
26,1,16,5,6624,35,0,40,1,1,0
27,1,16,5,4084,304,2,40,1,8,0
26,1,19,3,5774,23,0,40,2,1,0
25,1,16,1,5863,42,1,40,1,1,0
46,3,21,1,2502,250,0,40,2,6,1
42,1,19,1,9145,312,1,40,1,1,0
26,1,21,5,2213,4,2,9,2,1,0
34,1,21,1,3249,30,0,40,2,1,0
35,1,21,1,1349,40,0,40,1,1,1
37,1,19,1,5667,4,0,40,1,1,0
38,1,21,5,262,20,0,40,1,1,1
20,1,19,5,4682,23,2,10,1,1,0
24,1,19,5,5962,38,2,40,2,1,0
59,1,20,1,5212,23,1,40,2,1,0
49,1,21,1,3067,226,1,40,2,6,0
61,1,16,1,4643,34,1,40,2,1,0
27,1,18,3,7019,22,0,40,1,1,0
39,1,21,1,4630,39,1,40,1,1,0
23,1,16,5,3837,19,2,40,2,1,0
50,1,22,1,1131,8,0,50,1,1,1
26,1,19,5,4942,7,13,40,1,1,0
19,1,19,5,2353,10,17,9,2,1,0
51,1,16,1,6230,16,1,40,1,1,0
18,1,18,5,4573,15,17,6,2,1,0
23,1,16,5,4046,20,2,40,2,1,0
34,1,16,1,8154,40,1,40,1,1,0
58,1,20,1,10,15,1,40,1,1,1
21,1,16,5,4338,19,2,40,1,1,0
62,1,18,3,4056,41,0,30,2,1,0
42,1,21,1,495,37,1,40,1,1,1
47,1,17,3,7252,35,0,40,1,1,1
19,1,18,5,4637,28,17,10,2,1,0
23,1,19,5,3550,29,2,40,2,1,0
44,1,22,1,141,9,0,50,1,1,1
57,1,16,1,6453,33,1,40,2,1,1
47,1,21,1,161,35,1,40,2,1,1
38,1,21,1,354,206,0,40,1,6,1
52,1,18,1,5301,38,0,40,1,1,0
22,1,19,5,4717,25,0,40,2,1,0
44,1,21,1,188,4,1,40,1,1,1
57,1,16,3,9189,37,0,40,1,1,1
26,1,20,5,5661,12,0,40,2,1,0
52,1,19,1,412,36,0,40,1,1,1
28,1,16,3,9342,41,0,40,1,1,0
46,1,22,1,836,250,0,50,1,6,1
45,1,19,1,5874,35,1,40,1,1,1
41,1,19,1,5777,36,1,40,1,1,0
50,1,19,1,450,22,0,40,1,1,1
21,1,14,5,4273,53,16,9,1,1,0
48,1,21,1,3003,6,1,40,2,1,0
20,3,21,5,2548,18,2,40,2,1,0
72,2,21,1,3348,43,0,17,2,1,0
26,3,21,1,2365,41,1,9,2,1,0
49,1,22,1,249,38,0,40,1,1,1
23,1,19,5,4557,28,2,40,1,1,0
33,1,21,3,985,25,0,40,1,1,0
25,1,19,5,5104,10,13,40,1,1,0
53,1,19,1,6330,23,1,40,1,1,0
63,1,21,3,2534,24,0,40,2,1,1
57,1,19,1,5993,40,0,40,2,1,0
60,1,18,1,274,21,1,40,1,1,1
76,2,19,1,2263,35,0,9,2,1,0
19,1,16,5,4268,39,2,14,2,1,0
48,1,16,1,7789,8,1,40,1,1,1
57,1,16,1,7291,19,1,40,1,1,0
48,1,19,5,5295,8,0,40,1,1,1
46,1,16,5,8082,28,0,40,1,1,1
19,1,19,5,6571,28,2,40,1,1,0
48,1,19,3,155,5,0,40,1,1,1
36,1,21,1,811,17,1,40,1,1,1
45,1,19,1,5391,4,1,40,1,1,1
43,1,21,1,336,40,0,40,1,1,1
46,1,21,1,471,20,0,40,1,1,1
26,1,18,5,5893,4,13,40,2,1,0
22,1,19,5,6216,38,17,40,2,1,0
19,1,16,5,4643,53,2,12,2,1,0
56,1,19,3,5205,27,0,40,2,1,0
18,1,14,5,4618,22,17,7,2,1,0
41,1,21,1,2185,41,1,8,2,1,0
17,1,14,5,4200,10,2,12,1,1,0
38,1,21,1,3419,19,1,40,2,1,1
42,2,21,1,2211,36,0,34,2,1,0
33,1,19,5,6890,51,0,40,1,1,1
24,1,18,5,4759,44,2,40,2,1,0
35,1,21,1,478,36,0,40,1,1,1
38,1,21,1,534,223,0,40,1,6,1
50,1,21,1,1423,37,0,40,1,1,1
47,1,19,1,278,36,0,50,1,1,1
56,1,20,3,571,42,0,40,1,1,1
28,1,19,1,5607,49,9,40,2,1,0
37,1,16,1,4547,5,0,40,1,1,0
46,1,21,5,1024,33,0,50,1,1,1
28,1,19,3,3766,40,12,40,2,1,0
50,1,16,1,8130,9,1,40,1,1,1
52,1,16,3,604,18,0,40,1,1,1
60,2,21,1,2303,42,0,32,2,1,0
20,1,16,5,4267,31,2,9,1,1,0
46,1,22,1,91,28,0,40,1,1,1
29,1,19,5,4654,17,13,31,2,1,0
43,1,19,1,6076,4,0,40,1,1,1
53,1,16,1,491,38,0,50,1,1,1
26,2,21,5,2527,30,13,40,2,1,0
24,1,19,5,5751,40,2,40,1,1,0
28,1,16,5,4567,40,16,40,2,1,0
17,1,10,5,4205,54,17,9,1,1,0
19,1,14,5,4121,49,2,15,1,1,0
44,1,21,1,450,10,0,40,1,1,1
50,1,21,1,5272,6,1,40,2,1,1
44,1,11,1,4173,313,1,40,2,8,0
19,1,16,5,4258,12,17,40,1,1,0
42,1,19,1,6337,41,1,40,1,1,1
47,1,18,1,7786,7,1,50,1,1,1
25,1,19,5,5565,37,12,40,1,1,0
19,1,16,5,4684,10,2,14,1,6,0
35,1,16,1,9331,5,0,40,1,1,0
40,1,21,1,1209,3,0,40,1,1,1
26,1,21,5,2350,23,12,40,2,1,0
71,1,19,1,2125,9,0,18,2,1,0
56,1,19,1,474,37,0,40,1,1,1
69,2,21,3,3256,21,0,32,2,1,0
60,1,16,1,4126,20,0,40,2,1,0
31,1,16,1,4018,297,1,40,2,8,0
50,1,20,3,217,41,0,40,1,1,1
24,1,21,5,1303,10,13,40,1,1,0
43,1,20,1,5329,39,1,40,2,1,1
24,1,16,1,5214,41,0,13,2,1,0
30,1,16,5,4162,202,2,33,2,6,0
54,1,16,1,8968,38,0,40,1,1,1
31,1,20,1,4674,26,1,10,2,1,0
39,1,21,1,6061,8,1,40,2,1,0
39,1,21,3,1027,10,0,40,1,1,1
36,1,21,1,788,41,1,40,1,1,1
56,1,16,1,386,38,0,50,1,1,1
43,1,16,1,5961,1,1,40,2,1,0
40,1,21,1,1011,10,1,40,1,1,1
27,1,19,1,5761,9,0,40,2,1,0
39,2,21,1,2159,25,1,40,1,1,1
49,1,18,5,5799,34,0,40,2,1,0
49,1,22,3,393,38,0,40,2,1,1
22,1,14,5,4165,27,17,8,1,1,0
46,1,21,1,318,37,0,40,1,1,1
30,3,21,1,2214,4,1,10,2,1,0
30,1,21,3,2238,38,0,40,2,1,0
44,1,16,1,6679,6,0,40,1,1,1
21,1,19,5,5763,23,2,40,1,1,0
19,1,19,5,4678,21,2,9,2,1,0
27,1,19,1,6194,40,0,40,1,1,0
59,1,16,1,5867,17,1,40,1,1,0
32,1,21,1,637,9,0,40,1,1,0
19,1,7,5,4221,22,17,14,1,1,0
19,1,19,5,4830,26,17,9,1,1,0
27,1,20,1,5945,36,1,40,2,1,0
22,1,8,5,4178,16,16,40,1,1,0
32,1,16,1,5703,12,1,40,2,1,0
23,1,19,5,4473,41,17,8,2,1,0
20,1,16,5,4661,40,2,35,2,1,0
62,1,16,1,5948,42,0,40,1,1,1
57,1,17,1,4108,19,0,40,2,1,0
48,1,21,3,393,37,0,40,1,1,1
39,1,16,1,5628,37,0,40,1,1,0
43,1,17,5,5783,38,13,40,1,1,0
57,2,21,1,2222,18,0,40,2,1,0
61,1,16,1,5945,42,1,6,2,1,0
33,1,19,1,6355,50,1,40,2,1,0
31,1,19,1,4871,52,0,40,1,1,0
23,1,19,5,4736,4,2,40,2,1,0
24,1,16,5,6120,313,13,40,2,1,0
41,1,17,1,6371,23,0,40,1,1,0
51,1,16,3,7768,21,0,40,1,1,1
49,1,22,1,3053,227,0,40,1,6,1
47,1,18,1,5850,34,1,40,1,1,0
63,1,16,1,292,20,0,40,1,1,1
24,1,10,1,4064,306,0,40,2,1,0
42,1,19,1,8322,39,0,40,1,1,1
29,1,16,5,8724,11,0,40,1,1,0
52,1,16,1,8839,14,1,40,1,1,0
32,6,21,1,2742,23,0,4,2,1,0
18,1,19,5,2793,24,17,11,1,1,0
62,1,18,3,35,38,0,40,1,1,1
51,1,16,1,8116,47,0,40,1,1,1
43,1,21,1,972,34,0,40,1,1,1
27,3,21,1,2396,39,1,8,2,1,0
33,1,20,1,5130,38,1,12,2,1,0
27,1,16,3,6140,22,0,40,2,1,0
49,1,16,1,5333,39,1,40,2,1,1
28,1,21,1,2213,24,1,40,2,1,0
30,1,16,1,6080,34,1,40,1,1,0
22,1,16,5,4193,24,13,32,2,1,0
81,6,21,1,1722,19,0,40,1,1,1
39,1,22,1,3115,3,0,40,2,1,1
41,1,16,1,4140,323,1,40,2,1,0
28,1,19,1,5095,33,0,40,1,1,0
56,1,16,3,314,40,0,40,1,1,1
20,1,19,5,5346,44,2,7,1,1,0
39,1,21,1,1152,41,0,40,1,1,1
33,1,16,5,9341,47,13,40,1,1,0
32,1,19,5,6520,42,13,40,1,1,0
26,1,21,1,2264,229,1,10,2,6,0
26,1,19,1,5261,233,0,40,2,6,0
30,1,19,5,5760,41,0,40,1,1,1
57,1,16,1,134,34,0,50,1,1,1
55,1,16,3,7810,3,0,50,1,1,1
50,3,22,1,2415,2,0,40,2,1,1
44,1,21,3,1196,3,0,40,2,1,0
24,1,21,5,2054,5,17,40,1,6,0
27,1,18,5,3979,5,13,40,2,1,0
62,1,21,1,2377,29,9,40,2,1,0
33,1,21,1,2043,29,1,16,2,1,0
32,1,18,3,6241,38,0,40,1,1,0
45,1,22,1,410,36,1,60,1,1,1
59,1,16,1,399,35,0,50,1,1,1
57,1,19,1,4853,37,1,40,1,1,0
34,1,21,1,1190,37,0,40,1,1,1
24,1,21,5,4366,8,2,40,1,1,0
49,1,22,1,254,21,1,50,1,1,1
18,1,19,5,4720,53,17,9,1,1,0
56,1,16,1,8724,19,1,40,1,1,1
19,1,16,5,4309,24,2,40,1,1,0
52,1,21,1,141,33,0,40,1,1,1
57,1,19,1,6346,13,1,40,2,1,0
47,1,17,1,4306,35,0,40,2,1,0
50,1,19,1,5032,35,0,40,2,1,0
31,2,21,3,2071,31,0,6,2,1,0
64,1,19,1,5099,30,10,7,2,1,0
57,1,16,1,6038,37,0,40,1,1,0
53,1,16,3,9053,22,0,40,1,1,0
59,1,20,1,2330,19,0,13,2,1,0
31,1,21,5,1211,18,0,40,1,1,1
36,1,21,1,3066,15,0,40,2,1,0
55,1,19,1,5694,35,1,40,2,1,0
54,1,19,1,5822,27,0,40,1,1,1
50,1,22,1,115,5,0,40,1,1,1
58,1,21,1,4651,37,1,40,2,1,0
55,1,16,1,6546,11,0,40,1,1,1
19,1,19,5,4839,7,16,40,1,1,0
35,1,21,1,865,26,0,40,2,1,0
63,1,16,3,6290,39,0,40,2,1,0
46,1,16,1,5392,9,1,40,2,1,0
44,1,21,1,4813,5,1,40,1,1,1
30,1,19,5,5916,26,13,40,1,1,0
27,1,19,5,4687,35,13,40,2,1,0
36,3,21,1,2299,38,0,40,2,1,0
35,1,21,1,1117,10,1,40,1,1,1
23,1,16,1,4201,22,0,3,2,1,0
30,1,19,3,6079,20,0,40,2,1,0
32,1,21,5,3298,28,0,40,2,1,1
41,1,10,1,4117,305,0,40,1,8,0
31,1,20,1,4609,18,1,40,2,1,0
59,1,22,1,10,32,1,40,1,1,1
33,1,21,5,5951,23,0,40,1,1,1
40,1,13,5,8250,309,0,40,1,1,1
19,1,16,5,9155,55,2,40,1,1,0
44,1,21,1,5477,21,0,40,1,1,1
21,1,16,5,5976,1,2,29,2,1,0
64,1,19,1,5839,40,0,40,2,1,0
57,1,18,1,5445,44,1,40,1,1,0
30,1,21,5,4876,39,0,40,2,1,0
37,1,6,1,4101,305,0,40,2,8,0
60,1,19,1,5866,27,0,40,1,1,1
41,1,21,1,2225,24,1,40,2,1,0
26,1,10,5,9524,301,17,40,1,8,0
48,2,21,5,2216,23,0,40,2,1,1
17,1,16,5,4208,58,2,14,1,1,0
46,1,16,5,8156,37,0,40,1,1,1
54,1,16,5,5619,6,0,40,2,1,0
65,1,19,3,4574,38,0,40,1,1,0
58,1,16,3,253,40,0,40,1,1,1
29,1,19,1,4987,49,0,40,2,1,0
30,1,19,5,5839,33,0,40,1,1,0
41,1,21,1,27,5,0,50,1,1,1
25,1,19,5,4769,6,2,40,2,1,0
48,1,16,5,4952,3,0,40,1,1,0
66,1,16,1,10,39,1,50,1,1,1
59,1,16,1,6220,34,1,40,1,1,1
27,1,21,3,2335,5,10,40,1,1,0
64,2,22,1,2144,39,0,40,2,1,0
32,3,22,3,2427,41,0,40,2,1,1
66,1,19,1,5504,26,0,11,2,1,0
34,1,16,1,5739,49,9,40,2,1,0
24,1,16,5,5081,19,0,40,1,1,0
21,1,19,5,2724,212,17,9,1,6,0
79,2,21,1,3166,32,0,40,1,1,1
23,1,21,5,2410,38,2,33,2,1,0
24,1,19,5,5079,7,12,40,2,1,0
35,1,19,1,4342,37,1,40,2,1,0
32,1,9,5,5576,44,15,40,1,1,0
54,1,19,1,5184,39,0,40,2,1,1
61,3,21,1,2364,32,1,40,2,1,0
47,1,16,1,5071,1,0,40,1,1,1
46,1,10,5,5214,326,0,40,2,6,0
29,1,16,5,4192,30,13,40,2,1,0
63,1,21,1,3358,15,0,40,2,1,1
26,3,21,5,2386,41,2,40,2,1,0
57,1,16,1,5652,15,1,40,2,1,0
20,1,14,5,4217,48,17,5,1,1,0
22,1,16,5,4238,48,2,40,1,1,0
42,1,12,5,4107,293,0,40,2,8,0
35,1,21,1,749,13,1,40,1,1,1
28,1,21,1,2218,32,0,40,2,1,0
63,1,20,1,2512,21,0,3,2,1,0
26,1,11,1,4187,292,0,40,1,8,0
26,1,20,1,4790,34,1,11,2,1,0
51,1,16,5,7291,14,0,40,1,1,1
40,1,21,1,5165,26,0,40,1,1,0
29,1,19,1,6400,48,0,40,1,1,0
26,1,21,5,2407,37,13,40,2,1,0
47,1,17,1,467,6,0,40,1,1,1
28,1,21,5,2178,3,17,8,2,1,0
20,1,16,5,4140,39,0,40,2,1,0
28,1,21,5,1846,9,0,40,2,1,0
56,1,21,1,4489,15,0,40,1,1,1
29,1,19,1,5731,18,1,40,2,1,0
54,1,16,1,7489,11,0,40,1,1,1
38,1,21,1,857,36,1,50,1,1,1
30,1,16,1,4096,33,0,40,1,1,0
39,1,16,1,9190,1,1,40,1,1,0
29,1,21,5,3716,41,13,40,2,1,0
35,1,21,1,2169,9,0,40,1,1,1
41,1,21,3,1510,40,0,40,2,1,1
41,3,22,1,2603,4,1,40,2,1,0
59,1,16,1,7176,26,1,40,1,1,0
61,1,16,1,6191,15,0,40,2,1,0
47,1,21,1,276,38,1,40,1,1,1
18,1,19,5,4717,5,17,13,2,6,0
20,1,19,5,5202,8,2,40,1,1,0
52,1,19,1,107,40,0,40,1,1,1
23,1,21,5,2201,9,0,13,2,1,0
30,1,12,1,4177,37,10,40,1,1,0
22,1,8,5,4200,47,2,8,1,1,0
20,1,14,5,4637,3,12,33,2,1,0
65,1,21,3,3445,26,0,40,2,1,0
32,1,19,1,5398,20,1,40,1,1,0
21,1,19,1,5584,13,0,9,2,1,0
28,1,19,1,6774,40,0,40,2,1,0
31,1,19,1,5707,36,0,12,2,1,0
58,1,16,1,6308,30,1,40,1,1,0
76,7,22,1,3005,21,0,40,1,1,1
35,1,21,1,3135,14,1,40,2,1,1
23,1,16,1,3993,52,0,40,2,1,0
27,1,16,5,5968,38,2,30,2,1,0
29,1,20,1,2272,2,1,13,2,1,0
40,1,16,1,8836,301,0,40,1,1,0
20,1,14,5,4050,19,16,11,2,1,0
35,1,17,3,9344,18,0,40,1,1,0
68,2,21,3,2030,25,0,40,2,1,1
54,1,18,1,6138,39,1,40,2,1,0
25,1,8,5,4113,4,2,40,1,1,0
38,1,21,1,5494,6,1,40,1,1,0
27,1,21,5,597,220,13,40,1,6,1
46,1,19,1,5764,49,0,40,1,1,0
21,1,16,5,9734,8,17,40,1,1,0
27,2,22,5,2183,39,0,40,2,1,0
37,1,19,1,5465,37,1,16,2,1,0
43,1,22,5,215,3,0,40,2,1,1
57,1,18,3,5136,39,0,34,2,1,0
20,1,18,5,4299,25,2,40,1,1,0
18,1,19,5,2318,50,2,8,2,1,0
56,1,19,1,5233,26,0,40,2,1,0
63,1,16,1,6198,38,0,40,1,1,0
23,1,9,5,4188,18,2,31,2,1,0
43,1,21,1,356,36,1,40,1,1,1
40,1,19,1,5104,28,1,40,2,1,0
24,1,16,1,5172,26,9,40,2,1,0
32,1,21,5,5532,38,0,40,2,1,1
25,1,19,5,5333,13,2,40,2,1,0
69,2,21,1,2099,16,0,6,2,1,0
50,1,16,1,5584,6,1,40,1,1,1
19,1,14,5,4071,19,16,40,1,1,0
42,1,19,5,6015,5,0,40,1,1,1
78,1,19,3,6298,40,0,10,2,1,0
59,1,16,1,2539,45,1,6,2,1,0
26,1,21,1,5129,22,0,40,2,1,0
20,1,19,5,5366,46,2,40,1,1,0
48,1,19,1,5896,212,0,40,1,1,1
46,1,16,1,3998,321,0,40,2,1,0
48,1,21,1,425,35,1,50,1,1,1
25,1,16,5,5998,30,2,40,2,1,0
24,1,19,5,5855,35,13,40,2,1,0
31,1,21,1,1450,9,0,40,1,1,1
32,1,21,1,2585,5,0,40,2,1,0
20,1,18,5,4741,28,17,10,1,1,0
18,1,14,5,4206,29,16,14,1,1,0
51,1,16,1,5989,308,1,40,2,1,0
37,1,21,1,6107,4,1,40,2,1,0
39,1,19,1,6696,3,0,40,1,1,0
32,1,21,1,3623,24,1,40,2,1,1
43,1,21,1,5560,33,0,40,1,1,0
48,1,20,3,14,28,0,40,1,1,1
46,1,21,1,152,25,0,40,1,1,1
46,1,16,1,9277,37,1,40,1,1,0
26,1,19,5,6011,35,13,40,1,1,0
65,1,19,3,5517,25,0,40,2,1,0
47,1,21,1,357,39,1,40,2,1,1
30,1,16,5,6071,24,0,40,1,1,0
29,1,18,5,5641,36,13,40,1,1,0
39,1,21,5,637,10,13,40,1,1,1
23,1,19,5,2518,36,2,9,2,1,0
60,1,14,1,4047,8,1,13,2,1,0
60,1,18,1,5186,19,1,40,2,1,0
49,1,21,3,5935,23,0,40,1,1,1
57,1,16,1,5468,22,1,40,2,1,0
65,1,22,3,2995,37,0,40,2,1,1
50,1,16,3,9043,29,0,40,1,1,1
47,1,21,1,1193,16,0,40,1,1,1
44,1,19,1,363,3,1,40,1,1,1
20,1,19,5,4740,43,2,34,2,1,0
43,1,21,1,563,1,1,40,1,1,1
53,1,16,1,5424,36,0,40,1,1,1
33,1,21,1,2337,18,0,8,2,1,0
52,1,16,1,5297,10,0,40,2,1,1
23,1,16,5,3778,36,12,32,2,1,0
47,1,21,1,127,42,1,40,2,1,1
19,1,19,5,4651,15,17,15,2,1,0
42,1,22,1,3281,12,1,40,2,1,1
48,1,16,1,5927,16,0,40,1,1,1
28,1,16,5,5506,6,2,40,1,1,0
47,1,16,3,8355,36,13,40,1,1,1
30,1,21,3,3525,41,0,5,2,1,0
71,2,22,1,2051,22,0,8,2,1,0
30,3,21,1,2284,36,1,40,2,1,0
22,1,19,5,3933,42,2,14,2,1,0
41,1,22,1,902,252,1,40,1,6,1
46,1,22,3,3093,41,0,40,1,1,1
23,1,21,5,2337,10,2,10,1,1,0
23,1,16,1,5566,30,0,30,2,1,0
30,3,22,1,2401,2,1,40,2,1,0
20,1,16,5,4141,55,2,11,2,1,0
38,1,21,1,5974,33,1,40,2,1,0
51,1,21,3,626,37,0,50,1,1,1
56,1,20,1,3602,40,1,40,2,1,0
37,1,16,1,3937,20,1,40,2,1,0
32,1,16,1,5885,316,1,40,1,1,0
50,1,18,1,6220,40,0,40,1,1,0
28,1,19,5,6323,3,2,40,1,1,0
36,1,16,5,9627,2,0,40,1,1,1
48,1,22,1,254,21,1,50,1,1,1
25,1,16,5,9830,38,17,40,1,1,0
24,1,16,5,9422,43,2,40,1,1,0
31,1,20,1,5831,43,1,40,2,1,0
29,3,21,5,2474,37,0,40,1,1,1
23,1,19,5,5599,7,0,40,2,1,0
22,1,19,5,3375,17,13,40,2,1,0
24,1,21,1,2061,21,10,40,2,1,0
24,1,14,5,3917,9,16,40,1,1,0
28,2,22,3,1931,35,0,7,2,1,0
33,1,21,5,1212,16,0,40,1,1,1
31,1,19,5,5727,9,13,40,1,1,0
52,1,7,5,5977,316,0,40,1,1,1
20,1,14,5,3966,47,2,12,1,1,0
30,1,21,1,3282,3,1,40,2,1,0
50,1,18,1,4558,40,1,40,1,1,1
26,1,19,1,7410,52,0,40,1,1,0
21,1,16,5,4086,19,0,40,2,1,0
45,1,11,1,4147,299,1,40,2,1,0
28,1,19,5,6026,23,13,40,1,1,0
45,1,20,5,129,24,0,40,1,1,1
50,1,17,3,7322,6,13,40,1,1,1
62,1,16,1,4129,4,10,37,2,1,0
47,1,16,1,4056,315,0,40,2,6,0
58,1,16,1,6611,27,1,40,2,1,0
17,1,14,5,4146,10,17,11,1,1,0
27,1,16,1,4226,311,1,40,2,1,0
25,1,16,5,6566,43,0,40,1,1,0
41,1,19,1,6467,32,0,40,1,1,1
27,1,19,1,5171,6,0,40,2,1,0
18,1,19,5,4876,35,16,11,1,1,0
44,1,22,1,182,34,1,40,1,1,1
43,1,21,1,229,3,0,40,1,1,1
43,1,16,1,3970,313,0,40,2,1,0
63,1,19,1,5410,23,0,40,1,1,0
52,1,20,1,5435,19,1,40,2,1,0
18,1,19,5,4327,8,16,5,1,1,0
20,1,16,5,4161,9,2,40,1,1,0
25,1,19,5,5079,27,2,40,1,1,0
22,1,16,5,9155,39,2,40,1,1,0
37,1,22,1,2391,13,0,40,2,1,1
29,1,21,1,5897,20,0,40,2,1,0
45,1,22,1,783,225,0,40,2,6,1
38,1,21,1,3226,7,0,40,2,1,1
32,1,16,1,6134,306,0,40,1,8,0
23,1,10,3,4023,315,10,40,2,8,0
48,1,20,1,4859,40,1,40,2,1,1
44,1,19,1,5617,4,1,40,1,1,0
19,1,21,5,2227,24,2,40,1,1,0
54,1,16,1,7374,43,0,50,1,1,1
21,1,19,5,6671,11,2,40,1,1,0
50,1,20,5,565,35,0,40,1,1,1
35,1,22,1,718,225,1,40,1,6,1
27,1,16,5,7326,22,0,40,1,1,0
23,1,16,5,4097,15,13,40,2,1,0
37,1,16,3,5677,39,0,40,1,1,0
37,1,16,1,4300,304,1,40,2,8,0
36,1,20,1,4885,208,1,30,2,6,0
25,1,21,5,3775,36,13,40,2,1,0
23,1,16,1,3903,6,2,40,2,1,0
63,1,22,3,345,30,0,40,2,1,1
25,1,21,1,5175,5,0,40,2,1,0
45,1,21,1,3858,220,0,40,2,6,1
45,1,16,1,6052,5,0,40,1,1,0
45,1,16,1,5554,232,1,40,1,1,0
31,1,21,3,2522,40,0,13,2,1,0
31,1,19,3,2575,33,0,15,2,1,0
18,1,16,5,9573,2,2,40,1,1,0
58,1,16,1,5049,35,1,40,2,1,0
43,1,19,1,403,37,0,40,1,1,1
44,1,19,1,7776,4,1,40,1,1,1
25,3,21,1,2345,10,0,40,2,1,0
49,1,16,1,395,7,0,40,1,1,1
65,2,21,1,3289,15,1,40,2,1,1
30,1,19,5,6626,30,0,40,1,1,1
57,1,16,1,5582,19,9,40,2,1,0
28,1,21,5,4627,23,0,40,2,1,0
32,1,21,5,351,11,0,40,1,1,1
24,1,18,5,6111,20,16,14,1,1,0
27,1,19,5,4743,36,12,40,2,1,0
18,1,14,5,4307,12,2,12,2,1,0
34,1,21,1,1275,36,0,40,1,1,1
27,1,21,1,9006,6,0,40,1,1,0
27,1,21,1,5607,11,2,40,2,1,0
63,1,16,1,6093,37,1,40,2,1,0
23,1,18,5,5197,6,17,40,2,1,0
50,1,9,1,6169,39,1,40,2,1,0
35,1,18,5,8305,38,13,40,1,1,1
52,1,21,3,142,45,0,50,1,1,1
48,1,16,5,6279,15,0,40,2,1,1
19,1,14,5,4106,50,17,11,2,1,0
29,1,19,5,6051,9,17,40,1,1,0
29,1,19,1,5231,41,0,12,2,1,0
22,1,14,5,4698,26,17,6,1,1,0
49,1,19,3,3491,27,0,40,2,1,0
32,1,20,5,5333,23,0,40,2,1,0
34,1,16,1,5294,7,1,40,2,1,0
52,1,19,1,7154,36,0,40,1,1,1
26,1,19,5,4863,12,13,40,1,1,0
26,1,16,5,4986,39,2,40,2,1,0
64,1,18,3,5346,41,0,40,2,1,0
26,1,19,5,4720,18,2,40,2,1,0
21,1,16,3,4081,10,2,40,1,1,0
19,1,14,5,4309,6,2,40,1,1,0
49,1,16,1,5457,10,1,40,2,1,0
30,1,21,1,4540,40,0,40,2,1,0
23,1,19,5,4658,38,2,7,2,1,0
21,1,16,5,6195,20,0,40,1,1,0
29,1,21,5,2605,21,0,40,1,1,1
42,1,19,1,6726,3,1,40,1,1,1
50,1,21,1,96,10,1,40,1,1,1
27,1,21,5,2391,214,13,40,2,6,0
19,1,16,5,4091,21,17,40,2,1,0
21,1,16,5,9702,21,2,40,1,1,0
55,1,19,1,5815,26,1,40,2,1,0
42,1,21,1,3242,16,0,40,2,1,1
33,1,20,1,4848,22,1,40,2,1,0
19,1,14,5,4055,5,17,12,1,1,0
50,1,19,3,723,6,0,40,1,1,1
55,1,19,1,6022,13,1,40,1,1,0
31,1,21,5,3336,23,12,40,2,1,0
46,1,17,5,7673,33,0,40,1,1,1
25,1,18,5,4745,16,13,40,2,1,0
56,1,16,1,5683,41,1,40,2,1,0
43,1,21,1,380,40,1,40,1,1,1
18,1,16,5,3978,9,2,12,1,1,0
41,1,19,1,5188,42,0,40,1,1,0
54,1,21,1,618,35,1,40,1,1,1
50,2,21,1,2252,5,1,9,2,1,0
36,1,21,1,1024,18,1,40,1,1,1
26,1,21,1,2324,26,0,18,2,1,0
28,2,21,5,2013,31,0,40,2,1,0
44,1,21,1,1573,204,1,40,1,6,1
48,1,21,1,50,230,0,40,1,1,1
30,1,21,1,5326,35,16,40,2,1,0
17,1,14,5,4102,11,17,11,1,1,0
35,1,19,1,7832,26,1,40,1,1,0
44,1,21,1,262,15,0,50,1,1,1
35,1,16,1,6182,310,0,40,1,1,0
49,1,22,1,575,27,0,40,1,1,1
41,3,21,1,2393,5,1,40,1,1,0
25,1,16,1,2455,218,1,9,2,6,0
37,1,21,1,1357,30,0,40,1,1,1
35,3,21,1,2572,38,1,40,2,1,0
19,1,8,5,4201,3,17,16,1,1,0
43,1,19,1,6293,3,0,40,1,1,1
23,1,19,5,6231,38,2,40,1,1,0
45,1,18,1,5466,8,1,40,2,1,0
47,1,22,1,1351,37,0,40,1,1,1
58,1,19,3,6122,9,0,40,2,1,0
47,1,16,5,174,18,0,40,1,1,1
56,1,16,1,167,16,1,40,2,1,1
38,1,19,5,266,5,0,40,1,1,1
22,1,19,5,5854,29,13,40,1,1,0
27,1,21,5,3254,8,0,40,2,1,0
56,1,16,1,235,30,1,40,1,1,1
25,1,16,5,5769,22,13,40,1,1,0
29,1,19,5,4784,21,0,40,1,1,0
23,1,19,5,4281,17,17,7,1,1,0
29,1,19,5,5166,1,0,40,1,1,0
45,1,21,1,282,22,1,50,1,1,1
26,3,21,5,2314,33,0,40,2,1,0
27,1,21,5,2417,4,13,40,2,1,0
48,1,16,1,5365,8,0,40,2,1,0
31,1,21,5,2421,33,2,30,2,1,0
23,1,21,5,2393,1,13,40,1,1,0
31,1,21,5,1368,26,0,40,2,1,1
61,1,16,1,5536,24,0,40,2,1,0
61,1,16,3,3372,1,0,30,2,1,0
53,1,16,1,5855,22,0,40,1,1,1
30,1,16,5,4165,6,12,40,1,6,0
18,1,14,5,4245,222,17,11,1,6,0
26,1,16,5,4111,6,2,40,1,1,0
27,1,21,1,2177,10,1,9,2,1,0
53,1,16,1,5502,43,1,40,2,1,0
20,1,16,5,3899,39,12,13,2,1,0
21,1,16,5,5557,38,2,40,2,1,0
27,1,16,5,5801,18,0,40,1,1,0
45,1,19,1,5912,36,1,40,1,1,1
32,1,21,1,2057,33,1,40,2,1,0
39,1,21,1,2279,9,0,40,2,1,0
21,1,16,5,4421,31,16,11,1,1,0
56,1,16,3,3349,17,0,35,2,1,0
38,1,21,1,907,39,0,50,1,1,1
22,1,21,5,2463,17,12,40,2,1,0
52,1,19,1,6134,6,1,40,2,1,0
47,1,21,1,528,27,0,40,1,1,1
24,1,21,5,2331,16,0,40,2,1,0
29,1,21,5,1411,7,0,50,1,1,1
20,1,16,5,9008,8,2,40,1,1,0
49,1,19,1,5651,5,1,40,2,1,1
42,1,16,3,5969,301,13,40,1,8,0
18,1,14,5,9365,28,16,40,1,1,0
26,1,16,5,6874,21,0,40,1,1,0
49,1,16,3,67,36,0,40,1,1,1
25,1,21,5,4121,6,13,40,1,1,0
27,1,19,5,4681,13,13,40,2,1,0
44,1,21,1,10,35,1,40,1,1,1
45,3,21,1,2421,41,0,40,1,1,1
30,1,16,3,6254,49,0,40,1,1,0
49,1,8,1,4116,315,10,32,2,8,0
21,1,19,5,2451,37,2,8,1,1,0
31,1,22,5,3458,20,13,40,2,1,1
38,1,21,1,5941,29,1,40,2,1,0
52,1,8,1,9030,26,1,40,1,1,0
48,1,16,3,3371,239,0,37,2,6,0
29,1,21,5,3939,235,0,40,2,6,1
56,1,19,1,5770,27,0,40,1,1,1
43,1,16,1,5985,6,1,40,1,1,0
58,1,20,1,5696,16,1,31,2,1,0
30,1,21,5,554,5,0,40,2,1,1
49,1,19,1,10,39,0,50,1,1,1
53,1,16,5,6351,35,13,40,1,1,1
40,1,21,1,1991,2,1,40,2,1,0
46,1,21,1,397,26,0,40,1,1,1
31,1,21,5,3168,32,0,40,2,1,0
48,1,16,1,4056,233,1,40,2,6,0
18,1,19,5,4713,14,12,40,1,1,0
66,1,21,1,3653,11,0,40,2,1,0
56,1,16,1,6368,20,0,40,1,1,1
41,1,21,1,1542,37,1,40,1,1,1
61,1,16,3,5676,19,0,40,2,1,1
26,1,16,1,9091,21,1,40,1,1,0
44,1,21,1,472,6,1,40,1,1,1
22,1,19,5,3215,17,2,35,2,1,0
58,1,16,1,5414,41,1,40,2,1,0
47,1,18,1,5769,41,1,40,1,1,0
20,1,14,5,4222,30,2,40,1,1,0
53,1,16,1,5648,14,1,40,2,1,1
30,1,21,1,2704,9,1,40,1,1,0
48,1,19,3,5811,35,0,40,1,1,1
29,1,16,1,5482,36,1,8,2,1,0
25,1,16,3,5623,19,0,40,2,1,0
20,1,21,5,2311,36,2,12,2,1,0
41,1,21,1,2517,12,0,40,2,1,0
17,1,19,5,4659,5,2,7,1,1,0
25,1,19,5,6211,14,13,40,1,1,0
43,1,19,1,6028,7,1,40,1,1,0
65,1,16,1,3684,37,1,12,2,1,0
43,1,21,1,770,38,0,40,1,1,1
19,1,19,5,4725,53,2,32,2,1,0
23,1,21,3,2242,6,12,40,2,1,0
59,1,16,1,5812,16,0,40,2,1,0
48,1,22,3,45,40,0,40,1,1,1
43,1,16,5,5336,37,13,40,1,1,0
29,1,16,5,6462,9,0,40,1,1,0
57,1,16,3,8157,36,0,40,1,1,1
18,1,16,5,4160,7,2,14,1,1,0
28,1,16,1,7057,28,0,40,1,1,0
30,1,18,1,5496,13,0,13,2,1,0
24,1,21,5,1110,38,2,40,1,1,0
22,1,17,5,9012,47,13,40,1,1,0
44,1,20,3,416,26,0,40,1,1,1
18,1,19,5,4669,7,17,15,2,1,0
57,1,21,1,4820,40,0,40,2,1,0
28,1,21,5,5179,39,2,40,1,1,0
30,1,16,5,5429,38,13,40,1,1,0
30,1,19,5,5407,5,2,40,2,1,0
42,1,16,5,7073,37,13,40,1,1,1
64,1,16,3,5370,26,0,40,2,1,0
26,1,21,1,3069,21,1,40,2,1,0
18,1,18,5,4232,37,16,13,1,1,0
55,1,16,1,7555,12,0,40,1,1,1
59,1,16,1,387,11,1,40,1,1,1
52,1,16,1,9247,52,1,40,1,1,0
26,1,19,1,3593,41,0,12,2,1,0
32,1,19,5,5614,47,0,40,1,1,0
21,1,21,5,5251,46,2,40,1,1,0
52,1,16,1,5836,20,0,40,1,1,1
37,1,21,1,1093,35,0,40,1,1,1
52,1,19,5,5606,39,0,40,2,1,0
39,1,16,1,4748,8,0,40,1,1,0
46,1,22,3,383,16,0,50,1,1,1
25,1,16,3,4197,15,0,33,2,1,0
56,1,16,3,5841,21,0,40,1,1,0
22,1,19,5,5848,18,2,15,1,1,0
42,1,21,3,533,22,0,40,2,1,1
26,1,21,5,5386,10,0,40,2,1,0
17,1,19,5,4157,7,17,15,1,6,0
20,1,16,5,4622,39,2,40,1,1,0
67,1,21,1,2335,39,0,40,2,1,0
22,1,16,5,4550,21,2,12,2,1,0
58,1,18,5,5031,29,0,40,1,1,1
22,1,16,5,6865,11,2,40,1,1,0
50,1,21,3,1366,41,0,40,1,1,1
63,1,16,1,4218,39,1,40,2,1,0
37,1,17,5,6885,3,0,40,1,1,1
23,1,19,1,4089,38,10,40,2,1,0
20,1,19,5,5395,39,17,32,2,1,0
42,1,21,1,5095,11,1,40,2,1,1
45,1,19,1,7732,23,1,40,1,1,1
58,1,16,1,9158,28,0,40,1,1,1
50,1,16,1,7828,42,0,40,1,1,0
27,1,16,5,5061,36,2,40,1,1,0
55,1,16,1,10,221,0,50,1,1,1
52,1,17,3,8030,29,0,50,1,1,1
25,1,19,1,5602,34,0,40,1,1,0
23,1,21,3,2137,1,0,40,2,6,0
18,1,18,5,4718,16,2,7,1,1,0
46,1,7,1,3912,305,1,40,2,1,0
27,1,21,1,2165,43,10,13,2,1,0
61,1,19,1,6287,34,0,40,2,1,0
37,1,19,1,5273,25,0,40,2,1,0
20,1,7,5,4158,54,16,13,1,1,0
34,1,21,1,2320,36,1,40,2,1,0
46,1,21,1,326,38,0,40,2,1,1
57,1,16,5,5643,311,0,40,1,1,1
31,1,19,5,6193,37,13,40,1,1,0
32,1,19,5,5952,2,0,40,1,1,0
31,1,16,1,5024,28,0,40,1,1,0
43,1,21,1,1563,31,1,40,1,1,1
26,1,19,5,5555,33,0,40,2,1,0
30,1,21,5,2454,32,12,40,2,1,0
51,1,17,3,7309,35,0,50,1,1,1
47,1,16,5,9216,42,0,40,1,1,0
47,1,16,1,5209,2,1,40,1,1,0
22,1,13,5,4030,13,2,40,1,1,0
48,1,16,3,6347,323,0,40,1,1,0
27,1,16,5,8133,6,0,40,1,1,0
29,1,21,5,873,9,13,40,1,1,0
55,1,16,1,4195,304,1,32,2,1,0
61,1,21,1,2304,21,0,40,2,1,1
38,1,16,1,9519,284,0,40,1,1,0
55,1,16,1,6517,36,0,40,1,1,0
55,1,19,1,5419,23,0,40,2,1,0
20,1,16,5,4111,35,2,33,2,1,0
18,1,14,5,4242,24,17,9,1,1,0
24,1,19,5,5764,35,2,40,2,1,0
46,1,21,1,10,8,0,40,1,1,1
27,1,9,1,3986,23,0,40,1,1,0
43,1,19,1,5530,38,1,40,1,1,0
26,1,16,1,4209,10,0,40,2,1,0
31,1,21,3,5495,7,0,40,2,1,0
34,1,21,5,1424,37,13,40,1,1,1
27,1,19,5,5262,18,0,40,2,1,0
40,1,16,1,6036,35,1,40,1,1,0
35,1,19,1,6016,52,1,40,2,1,0
51,1,21,1,386,36,0,40,1,1,1
54,1,20,1,5909,19,1,40,2,1,0
56,1,19,1,77,39,0,40,1,1,1
44,1,21,1,5827,5,0,40,1,1,0
55,1,17,1,482,24,0,40,1,1,1
27,1,21,1,2442,8,1,40,2,1,0
53,1,18,1,5834,39,0,40,1,1,1
51,1,16,3,7677,43,0,50,1,1,1
34,1,21,1,5294,37,0,11,2,1,0
52,1,18,1,8869,19,1,40,1,1,0
50,1,19,1,4976,2,0,40,2,1,0
47,1,19,1,6248,34,1,40,1,1,1
20,1,19,5,5203,11,16,35,2,1,0
20,1,16,5,4192,8,2,40,1,1,0
56,1,21,1,273,40,0,40,1,1,1
57,1,16,3,5509,40,0,40,2,1,1
24,1,16,5,3596,38,0,34,2,1,0
56,1,16,1,8732,42,1,40,1,1,1
27,2,22,5,2523,29,13,40,2,1,0
27,1,16,1,4093,43,1,12,2,1,0
22,2,21,5,1995,15,16,19,2,1,0
36,1,21,1,4982,43,0,40,2,1,0
28,1,21,5,3862,14,12,40,1,1,0
58,1,20,1,109,24,0,40,1,1,1
28,1,21,5,3159,7,0,40,2,1,0
43,1,21,1,1225,11,0,40,1,1,1
54,1,16,1,6760,17,1,40,1,1,1
33,1,22,1,1528,36,0,40,1,1,1
48,1,19,1,6339,22,0,40,1,1,1
57,1,17,5,5612,28,0,40,1,1,1
47,1,21,1,2325,15,0,16,2,1,0
45,1,20,1,5467,11,0,40,2,1,0
46,1,21,3,171,39,0,40,1,1,1
19,1,16,5,4301,27,17,14,1,1,0
48,1,19,1,329,10,0,40,1,1,1
57,1,16,1,7369,42,1,40,1,1,1
38,1,21,1,2388,9,0,40,2,1,0
31,1,19,5,5532,4,13,40,1,6,0
57,1,16,1,5809,18,0,40,1,1,0
42,1,16,1,217,309,1,50,1,6,1
22,1,19,5,2327,26,2,10,2,1,0
59,1,16,3,5756,36,0,40,2,1,1
24,1,19,5,5151,19,2,40,2,1,0
40,1,17,1,8817,41,0,40,1,1,0
58,1,16,1,6191,41,1,40,2,1,0
26,3,22,5,2473,29,0,40,2,1,0
32,1,16,5,9293,35,13,40,1,1,0
53,1,19,1,5297,27,1,40,1,1,1
24,1,17,5,4098,36,13,40,2,1,0
39,3,21,1,2333,14,0,40,2,1,1
27,1,21,5,2381,5,0,40,1,1,1
24,1,19,5,3564,40,2,40,2,1,0
58,1,21,3,671,21,0,50,1,1,1
37,1,19,1,5796,39,1,40,1,1,0
22,1,19,5,6069,203,2,40,2,6,0
56,1,16,1,6067,44,1,40,1,1,1
42,1,21,1,1290,2,0,50,1,1,1
17,1,19,5,4636,4,2,9,2,6,0
27,1,21,5,3278,21,0,40,2,1,1
21,1,19,5,4888,7,2,12,2,1,0
44,1,22,1,457,42,0,40,1,1,1
55,1,21,1,4156,42,0,40,1,1,1
62,1,16,1,5624,37,1,40,2,1,0
55,1,16,3,7961,308,0,40,1,1,1
52,1,20,1,198,20,0,40,1,1,1
29,1,16,5,4173,25,2,40,2,1,0
51,1,16,1,5085,9,1,40,1,1,0
45,1,22,5,3105,236,0,40,2,6,1
31,1,21,1,2217,28,1,40,2,1,0
33,1,20,5,5373,13,0,40,2,1,0
45,3,22,1,2290,38,1,12,2,1,0
25,4,23,5,2348,18,2,40,1,6,0
54,1,19,1,5654,41,1,40,2,1,0
37,1,16,5,8074,321,0,40,1,1,1
47,1,21,1,236,37,0,40,1,1,1
27,1,16,5,4163,309,0,40,2,8,0
48,1,8,1,3888,318,10,40,2,6,0
45,1,21,3,717,5,0,40,1,1,1
26,1,20,1,2625,20,1,14,2,1,0
46,1,20,3,174,36,0,40,1,1,1
50,1,21,1,269,8,1,40,2,1,1
47,1,21,5,1004,214,0,40,1,1,1
27,2,22,5,2172,6,13,40,2,1,1
45,1,16,5,4169,321,0,40,2,6,0
25,1,21,5,1980,4,2,7,2,6,0
49,1,21,1,487,5,0,50,1,1,1
34,1,21,1,2659,240,0,40,1,6,1
30,1,19,1,4876,312,0,40,2,1,0
31,1,16,1,4826,52,10,40,2,1,0
50,1,16,1,6206,320,1,40,2,1,0
41,1,21,1,995,7,0,40,1,1,1
67,3,22,1,2253,36,0,10,2,1,0
31,1,21,5,2259,25,0,40,2,1,1
22,1,19,5,5273,23,2,40,1,1,0
50,1,16,1,7458,19,1,40,1,1,1
45,1,19,1,8313,19,1,50,1,1,1
35,1,16,3,9084,49,0,40,1,1,0
31,1,19,1,5617,2,0,8,2,1,0
42,3,21,1,2399,38,1,13,2,1,0
21,1,16,5,3913,10,2,40,1,1,0
27,1,16,1,4115,52,1,40,2,1,0
51,1,21,1,1017,14,0,49,1,1,1
41,1,21,1,344,223,0,40,2,6,1
38,1,21,1,1176,37,0,40,2,1,1
37,1,19,1,5295,237,1,40,1,1,0
23,1,14,5,4041,7,10,40,1,1,0
39,1,16,1,8937,17,0,40,1,1,0
46,1,21,1,546,9,1,59,1,1,1
42,1,21,1,3673,39,1,40,2,1,0
53,1,19,3,250,36,0,40,1,1,1
32,1,22,1,2348,38,0,40,2,1,0
42,1,19,1,317,11,0,40,1,1,1
24,1,21,5,2472,33,2,40,2,1,0
53,1,16,1,6694,4,1,40,2,1,0
73,1,21,1,3198,26,1,40,2,1,1
29,1,21,3,5749,38,0,40,1,1,0
31,1,19,5,6185,34,0,40,1,1,1
33,1,22,1,2645,211,0,40,2,6,0
53,1,21,1,3160,26,1,40,1,1,1
62,1,16,1,5467,17,1,32,2,1,0
48,1,19,3,1030,1,13,40,1,1,1
23,1,16,5,3946,306,2,40,2,8,0
44,1,19,3,201,36,0,40,1,1,1
54,1,20,1,6173,14,1,40,2,1,0
28,1,16,3,4262,36,16,40,1,1,0
42,1,22,3,445,36,0,50,1,1,1
18,1,19,5,4794,1,17,7,2,1,0
20,1,16,5,4317,27,2,13,1,1,0
37,3,21,1,2370,22,0,40,2,1,0
53,1,19,1,5336,17,0,40,2,1,0
41,1,21,1,300,39,0,50,1,1,1
56,1,18,3,6519,40,0,40,2,1,0
26,1,21,3,3752,9,0,32,2,1,0
20,1,16,5,4261,6,2,4,2,6,0
27,1,21,5,3394,10,12,40,2,1,0
33,1,21,1,765,13,0,40,1,1,0
51,1,21,1,2937,2,0,40,1,1,1
43,3,21,1,2297,41,0,40,2,1,0
44,1,18,5,9404,36,0,40,1,1,1
64,1,16,1,5249,24,1,40,1,1,1
43,1,21,1,183,40,1,40,1,1,1
44,1,16,1,3501,14,1,40,2,1,0
30,1,21,1,5354,36,0,8,2,1,0
20,1,16,5,4609,22,2,9,2,1,0
54,1,21,1,3196,24,1,40,2,1,1
20,1,16,5,4179,7,2,15,1,1,0
26,1,16,3,4073,5,10,40,2,1,0
26,1,20,1,2251,36,1,13,2,1,0
21,1,16,5,4152,26,17,10,1,1,0
29,1,19,5,7616,33,0,40,1,1,1
21,1,21,5,2662,2,17,16,2,1,0
46,1,21,3,160,36,0,40,1,1,1
28,1,21,3,5856,16,0,40,2,1,0
38,1,16,1,6293,53,1,40,1,1,0
48,3,22,1,2479,4,1,40,2,1,1
31,1,21,3,2390,8,0,40,2,1,0
63,1,19,1,590,15,0,40,2,1,1
54,1,18,3,5708,39,0,40,1,1,1
41,1,21,1,268,35,0,40,1,1,1
28,1,16,1,4169,37,1,40,2,1,0
19,1,14,5,4026,24,17,8,1,1,0
23,1,16,3,4778,51,0,40,1,1,0
38,3,22,1,2556,39,0,40,2,1,0
27,1,21,5,5687,12,0,40,2,1,0
57,1,21,3,10,29,0,40,1,1,1
19,1,14,5,4093,9,16,40,1,1,0
54,1,16,1,6488,34,1,40,2,1,0
45,1,21,1,268,36,0,50,1,1,1
24,1,10,1,4190,323,0,40,2,1,0
36,1,21,1,6328,38,1,40,2,1,0
23,1,19,5,5006,12,2,40,2,1,0
31,1,21,5,2085,36,2,40,2,1,0
29,3,21,1,2416,38,0,40,2,1,0
54,1,19,1,5145,27,1,40,1,1,1
25,1,21,5,5388,34,2,40,1,1,0
59,1,15,1,4074,44,1,6,2,1,0
28,1,19,1,5672,7,1,40,1,1,0
43,1,22,3,509,37,0,40,1,1,1
46,1,16,1,4053,315,1,40,2,6,0
20,1,9,5,3883,13,17,34,1,1,0
17,1,16,5,4191,53,2,6,1,1,0
41,1,21,1,5408,35,0,40,1,1,0
66,1,21,1,260,38,0,40,2,1,1
49,1,22,1,869,8,1,40,1,1,1
52,1,19,1,266,3,1,40,1,1,1
27,1,12,5,9830,315,2,40,1,8,0
19,1,16,5,4698,21,2,40,2,1,0
55,1,16,1,5649,25,1,40,1,1,1
30,1,19,5,4907,11,2,40,2,1,0
26,1,18,3,4081,38,0,40,2,1,0
26,1,19,5,2427,43,2,35,2,1,0
44,1,21,1,480,40,1,40,1,1,1
18,1,9,5,4179,5,17,14,1,1,0
36,1,21,1,3148,24,1,40,1,1,1
56,1,16,1,5481,34,0,40,2,1,0
22,1,16,5,4054,313,10,40,1,1,0
48,1,18,1,6119,40,1,40,1,1,0
17,1,16,5,3980,37,17,13,1,1,0
26,1,16,3,6207,18,0,40,2,1,0
52,1,22,1,223,1,0,40,1,1,1
40,1,18,5,5991,7,0,40,1,1,0
61,1,17,1,5312,35,1,40,1,1,0
33,1,21,5,369,35,0,40,1,1,1
49,1,16,1,5991,8,0,40,2,1,0
24,1,16,5,3994,10,0,40,2,1,0
51,1,16,3,5413,23,0,40,1,1,0
36,1,22,3,1133,15,0,40,1,1,1
59,1,16,1,5479,24,1,40,1,1,1
38,1,21,1,6222,5,0,40,1,1,0
30,1,19,1,2412,6,1,8,2,1,0
51,1,16,1,622,36,1,50,1,1,1
59,1,21,3,4770,44,0,40,2,1,1
21,1,16,5,4098,41,2,40,2,1,0
35,1,22,1,2088,9,0,40,1,1,1
32,1,16,1,5312,40,9,40,2,1,0
60,1,16,3,5720,13,0,40,2,1,0
41,1,21,1,5882,38,0,40,1,1,0
23,1,21,5,5656,42,0,40,2,1,0
57,1,18,1,6350,24,0,40,1,1,0
59,1,21,1,10,24,1,50,1,1,1
59,1,9,1,4072,41,1,40,2,1,0
56,1,16,1,306,28,0,50,1,1,1
47,1,19,1,26,218,0,50,1,6,1
18,1,16,5,9771,3,2,40,1,1,0
28,1,19,5,4009,7,16,40,1,1,0
58,1,16,1,4001,27,0,28,2,1,0
48,3,21,1,2379,5,1,40,2,1,0
39,1,21,3,436,9,0,40,1,1,1
17,1,14,5,4269,48,17,18,1,1,0
23,1,19,5,5357,42,13,40,2,1,0
41,3,21,1,2357,2,1,40,2,1,0
51,1,16,1,7472,9,0,50,1,1,1
60,1,16,1,6083,39,0,40,1,1,1
63,2,22,3,2081,36,0,10,2,1,0
28,1,16,5,4098,34,2,32,2,1,0
47,1,19,1,5035,6,1,40,2,1,0
31,1,21,5,2431,14,0,40,1,1,1
48,1,16,5,7292,37,0,40,1,1,1
49,1,21,1,5100,11,0,40,1,1,1
30,1,16,5,8126,7,0,40,1,1,0
44,1,21,1,6050,40,1,40,1,1,1
33,1,21,1,1131,32,0,40,1,1,1
47,1,21,1,1141,39,0,40,1,1,1
36,1,21,1,1221,25,1,40,1,1,1
62,1,16,1,5348,33,0,40,2,1,0
28,1,19,1,5060,48,1,12,2,1,0
28,1,22,5,2450,40,13,40,2,1,0
49,1,19,1,140,4,0,40,1,1,1
30,1,16,1,4326,310,1,40,1,8,0
41,1,19,1,6465,33,1,40,1,1,1
58,1,16,3,3806,7,0,40,2,1,1
49,1,16,1,6018,8,1,40,1,1,0
45,1,21,1,3078,227,1,40,2,6,1
53,1,19,1,5508,23,1,40,2,1,0
42,1,21,5,2826,3,0,40,2,1,0
20,1,18,5,4739,211,17,31,2,6,0
46,1,16,1,8225,18,1,40,1,1,1
29,1,19,1,5571,26,1,40,2,1,0
54,1,19,1,3747,29,0,34,2,1,0
64,1,21,1,3224,21,0,40,2,1,0
24,1,19,5,5970,7,17,40,1,1,0
25,1,16,5,5618,35,0,40,2,1,0
40,1,16,5,8065,34,13,40,1,1,1
47,1,16,5,4949,6,0,40,1,1,1
55,1,18,1,6528,8,0,40,1,1,1
26,1,16,1,4184,25,10,40,2,1,0
63,1,17,1,8851,13,0,40,1,1,0
18,1,16,5,4777,34,2,4,2,1,0
61,1,16,1,4178,17,1,40,2,1,0
30,1,16,5,6356,6,0,40,1,1,0
49,1,22,1,266,27,0,50,1,1,1
38,1,21,1,5157,221,1,40,1,1,1
26,3,22,1,2567,222,0,12,2,6,0
67,1,16,1,5845,42,9,40,1,1,0
30,3,22,1,2228,214,0,12,2,6,0
26,1,16,5,6204,44,0,40,2,1,0
23,1,19,5,3393,27,2,16,2,1,0
64,2,21,1,2190,10,1,10,2,1,0
50,7,22,1,316,5,0,40,1,1,1
26,1,21,5,5439,42,2,40,2,1,0
35,2,22,1,1975,11,1,40,2,1,0
52,1,16,3,221,11,0,50,1,1,1
62,1,19,3,6300,21,0,40,2,1,1
60,1,16,3,4857,37,0,40,2,1,0
47,1,22,1,799,227,1,50,1,6,1
62,1,18,1,5648,21,1,40,2,1,0
30,1,19,5,5791,20,13,40,1,1,0
27,1,19,5,6263,46,12,40,1,1,0
33,1,21,5,2299,29,0,40,2,1,1
34,1,21,1,2090,35,1,40,2,1,1
56,1,22,3,476,15,0,50,1,1,1
46,1,19,1,7523,8,0,40,1,1,1
32,1,16,5,5410,2,13,40,1,1,0
49,1,21,1,1408,10,1,40,1,1,1
30,1,19,1,2831,43,0,7,2,1,0
52,1,16,1,5646,35,1,40,2,1,0
28,1,16,5,6398,39,0,40,1,1,0
40,1,16,1,9252,308,0,40,1,1,0
36,1,21,5,2579,7,0,40,2,1,0
49,1,19,5,5067,6,0,40,2,1,1
56,1,19,1,88,17,1,40,1,1,1
55,1,8,1,6092,42,0,40,1,1,0
44,1,19,5,5698,12,13,40,2,1,0
49,1,11,1,4103,208,0,40,1,6,0
48,1,19,1,70,12,1,40,1,1,1
21,1,8,5,4147,52,2,8,1,1,0
20,1,19,5,4896,2,2,11,2,1,0
55,1,20,1,232,1,1,40,2,1,1
51,1,16,1,6051,40,0,40,1,1,0
46,1,21,1,2319,32,1,40,2,1,0
28,1,16,1,4163,315,1,40,2,1,0
23,1,16,5,4087,34,2,40,2,1,0
44,1,21,1,1632,40,1,50,1,1,1
19,1,16,5,9338,43,2,40,1,1,0
18,1,14,5,4193,23,2,40,1,1,0
37,1,16,5,6486,14,13,40,1,1,0
66,2,21,1,3207,36,0,40,1,1,1
35,1,21,5,852,209,0,40,1,6,1
61,1,19,1,4733,36,1,40,2,1,0
28,1,16,5,6228,37,13,40,1,1,0
35,1,19,1,4679,231,0,31,2,6,0
62,1,16,5,8067,27,0,40,1,1,1
20,1,14,5,3995,7,2,16,1,1,0
63,1,18,1,5358,36,1,30,2,1,0
23,1,19,5,6303,9,2,15,1,1,0
23,1,16,5,4102,26,2,16,2,1,0
48,1,16,3,9255,214,13,40,1,6,1
44,1,22,1,808,5,0,40,1,1,1
20,1,18,5,5459,18,2,40,1,1,0
50,1,19,5,290,33,0,40,1,1,1
44,1,21,1,1146,3,0,40,1,1,1
35,1,21,5,1007,36,0,40,1,1,1
46,3,22,1,2322,237,0,40,2,1,1
49,1,21,1,961,28,1,40,1,1,1
28,1,16,1,5581,23,0,40,1,1,0
26,1,21,1,2732,35,1,40,2,1,0
22,1,19,5,4344,14,2,40,1,1,0
28,1,21,5,3290,14,13,40,2,1,1
42,1,19,1,1011,6,0,40,1,1,1
41,3,22,1,2395,33,1,13,2,1,0
23,1,19,5,4712,10,2,30,2,1,0
43,1,21,1,833,218,1,40,2,6,1
42,1,21,1,5458,213,0,40,2,6,0
29,1,18,1,4082,21,1,40,1,1,0
41,1,21,1,6233,34,0,40,1,1,1
21,1,14,5,4064,55,2,40,1,1,0
29,1,16,3,5837,43,0,10,2,1,0
25,1,16,3,6365,36,0,40,2,1,0
30,1,16,3,5418,48,0,40,1,1,0
37,1,17,1,9830,23,10,40,1,1,0
25,1,16,5,9473,14,13,40,1,1,0
38,1,16,3,5745,38,0,40,1,1,0
42,1,22,1,3154,36,0,40,1,1,1
25,1,21,5,2184,22,12,40,2,1,0
21,1,16,5,4720,31,17,10,1,1,0
51,1,16,1,264,7,0,40,1,1,1
55,1,16,1,5643,20,1,40,2,1,0
61,1,16,1,4139,39,1,11,2,1,0
59,1,16,1,5812,34,1,40,1,1,0
27,1,16,1,4192,21,1,10,2,1,0
50,1,16,5,6307,34,0,40,2,1,1
30,1,19,5,5025,33,2,40,2,1,0
21,1,16,5,4316,18,16,11,1,1,0
22,1,19,5,4715,45,17,13,2,1,0
22,1,21,5,808,12,13,40,1,1,0
19,1,16,5,4073,53,2,13,1,1,0
29,1,16,1,5722,11,1,40,2,1,0
28,1,21,5,2487,5,0,9,2,1,0
51,1,18,1,5985,41,1,40,1,1,1
31,1,16,3,6005,18,0,40,2,1,0
46,1,21,1,1247,18,1,50,1,1,1
31,2,21,5,2232,23,0,40,1,1,0
51,1,19,1,457,37,1,50,1,1,1
24,1,16,5,4584,1,2,40,1,1,0
29,1,21,5,3033,235,0,40,2,6,1
19,1,16,5,4167,3,2,11,2,1,0
61,1,21,1,312,27,0,40,1,1,1
21,1,14,5,4057,19,2,40,1,1,0
40,1,19,1,5884,309,0,40,2,1,0
53,1,19,1,6263,38,0,40,1,1,1
27,1,21,5,1233,37,0,40,1,1,1
60,1,16,1,5619,39,1,40,2,1,0
61,1,18,1,5952,42,0,40,1,1,0
17,1,19,5,4667,54,17,11,1,1,0
24,1,21,5,2313,29,12,13,2,1,0
17,1,15,5,4096,39,17,11,2,1,0
73,1,21,3,4010,28,0,40,2,1,1
44,1,21,1,2768,6,1,40,2,1,0
57,1,19,3,3567,24,0,40,2,1,0
27,1,19,5,5838,21,0,40,2,1,0
46,1,19,1,5777,306,0,40,1,6,0
58,1,16,1,3474,36,1,13,2,1,0
27,1,19,5,5174,31,0,40,2,1,0
31,3,22,3,2303,39,0,40,2,1,0
45,1,19,1,456,6,0,49,1,1,1
60,1,19,1,5626,36,0,35,2,1,0
59,1,16,5,5401,20,0,40,1,1,1
53,1,16,1,10,36,0,50,1,1,1
36,1,22,1,891,39,0,40,1,1,1
65,1,19,1,5761,3,0,7,2,1,0
52,1,20,5,72,17,0,40,1,1,1
41,1,21,1,806,4,1,40,1,1,1
28,1,21,5,2554,35,2,11,2,1,0
55,1,19,1,5048,33,0,40,1,1,1
53,1,18,1,169,42,0,40,1,1,1
37,1,16,1,9086,49,0,40,1,1,0
60,1,19,3,5794,28,0,40,2,1,0
31,1,21,5,2620,225,0,40,1,6,1
45,1,22,1,1341,37,0,40,1,1,1
27,1,17,3,9345,39,0,40,1,1,0
51,1,21,3,325,12,0,50,1,1,1
40,3,22,1,2389,20,1,12,2,1,0
29,1,10,5,9491,309,17,40,1,8,0
23,1,16,5,4007,38,0,40,2,1,0
21,1,16,5,6387,13,2,40,1,1,0
55,1,16,1,5560,7,0,40,1,1,1
40,1,21,1,5350,8,1,40,1,1,0
27,1,16,5,4031,320,0,34,2,1,0
39,1,21,1,1240,36,1,50,1,1,1
22,1,21,5,2241,40,13,40,2,1,0
29,1,21,1,2067,208,0,11,2,6,0
26,1,21,1,3315,320,0,40,2,6,0
23,1,16,5,4824,15,0,40,2,1,0
30,1,21,1,2155,26,0,40,2,1,0
23,1,16,5,4093,21,2,40,2,1,0
30,1,21,3,1064,51,0,40,1,1,1
43,1,21,5,5062,206,0,40,2,6,1
44,1,19,1,5310,4,1,40,2,1,0
44,1,21,1,220,8,0,40,1,1,1
45,1,16,5,5442,305,0,40,1,1,0
27,1,21,5,2381,12,2,35,2,1,0
32,1,21,1,2268,10,1,40,2,1,0
22,1,21,5,1219,28,17,40,1,1,0
43,1,19,1,7515,238,0,40,1,1,1
22,1,19,1,5363,24,0,14,2,1,0
48,1,21,1,2927,5,1,40,2,1,1
51,1,16,3,10,36,0,50,1,1,1
46,1,21,1,3242,36,0,40,1,1,1
40,1,22,1,1801,7,0,40,2,1,1
46,1,21,3,589,40,0,40,1,1,1
26,1,16,5,4137,219,13,40,2,6,0
59,1,19,1,5397,40,1,40,2,1,0
39,3,21,1,2536,1,1,40,2,1,1
53,1,17,1,7642,24,0,40,1,1,1
21,2,19,5,2360,36,2,12,2,1,0
37,1,21,1,1186,9,0,40,1,1,1
24,1,19,5,4757,8,12,32,2,1,0
24,1,21,5,3433,36,13,40,2,1,0
44,1,19,1,94,31,0,50,1,1,1
41,1,18,3,7683,4,0,40,1,1,1
55,1,20,3,5292,41,0,40,2,1,1
29,1,21,1,2039,243,9,40,2,6,0
59,1,22,1,447,19,1,40,2,1,1
49,1,19,5,5225,11,0,40,1,1,1
22,1,16,5,5089,34,0,40,1,1,0
49,1,21,5,379,39,0,40,1,1,1
42,1,21,1,297,9,1,40,1,1,1
37,1,19,5,4563,40,13,40,1,1,0
51,1,19,3,4938,37,0,40,1,1,1
45,1,10,1,4103,299,10,33,2,1,0
22,1,16,5,4308,23,17,4,1,1,0
24,1,19,5,4319,28,12,40,1,1,0
22,1,17,5,4886,39,13,40,1,1,0
22,1,19,5,5330,31,2,40,2,1,0
43,1,16,5,6184,15,13,40,1,1,1
20,1,19,5,2503,18,17,10,1,1,0
57,1,19,3,3601,24,15,40,2,1,0
48,1,21,1,5576,3,0,40,2,1,0
25,1,19,5,6099,42,13,40,1,1,0
56,1,16,1,5982,19,0,40,2,1,0
27,1,13,5,9524,322,16,40,1,8,0
54,1,16,1,3846,22,0,40,2,1,0
27,1,16,5,5311,40,2,40,2,1,0
50,1,19,1,6161,12,1,40,1,1,1
39,1,21,1,2339,18,0,40,2,1,1
52,1,21,1,4644,8,1,40,2,1,0
17,1,14,5,4141,11,17,16,1,1,0
24,1,16,5,4302,50,17,18,1,1,0
65,2,22,1,2285,41,0,40,2,1,0
54,1,19,1,7112,43,1,40,1,1,1
45,1,22,1,154,8,1,40,1,1,1
38,1,21,1,3238,11,0,40,2,1,0
23,1,17,5,4264,22,16,40,1,1,0
49,1,16,1,4066,308,0,40,2,1,0
38,1,16,1,6044,41,1,40,2,1,0
46,1,21,1,938,317,0,40,1,6,1
17,1,16,5,4208,37,2,16,1,1,0
39,1,21,1,1177,17,1,40,1,1,1
36,1,20,1,5433,38,1,40,2,1,0
74,2,22,1,2173,19,0,16,2,1,0
54,1,16,1,5036,11,1,40,1,1,0
59,1,16,1,5202,37,1,40,2,1,0
39,1,22,1,2614,226,0,40,2,6,1
45,1,20,5,194,39,0,40,2,1,1
62,1,20,3,3572,10,0,40,2,1,0
42,1,20,1,5666,9,1,40,2,1,0
48,1,21,5,3566,42,0,40,2,1,1
32,1,21,1,6103,6,0,40,2,1,0
27,1,16,5,4852,3,0,40,1,1,0
47,3,22,1,2583,34,1,40,2,1,1
79,1,22,1,3199,24,0,40,2,1,1
20,1,19,5,3769,44,16,8,2,1,0
51,1,21,1,226,34,1,50,1,1,1
57,1,18,1,6460,43,0,40,1,1,0
62,1,11,1,4059,306,9,40,2,1,0
50,1,16,1,8977,6,0,40,1,1,1
30,1,16,3,9337,16,0,40,1,1,0
50,1,21,3,164,26,0,50,1,1,1
28,1,21,1,4909,35,1,40,2,1,0
58,1,19,1,5717,20,0,40,2,1,0
31,2,21,5,2062,39,0,40,2,1,1
58,1,16,1,6021,25,1,7,2,1,0
22,1,16,1,9331,23,0,40,1,1,0
57,1,16,1,5472,32,1,31,2,1,0
58,1,18,1,6144,32,1,7,2,1,0
39,1,19,1,5509,3,0,40,1,1,0
28,1,8,5,6391,4,0,40,1,1,0
26,2,21,1,1821,40,0,40,2,1,0
31,1,21,5,6153,40,13,40,1,1,0
20,1,19,5,4227,8,2,7,1,1,0
48,1,19,1,512,6,0,40,1,1,1
37,1,21,1,5496,18,0,40,2,1,0
45,1,16,1,7352,34,1,40,1,1,1
22,1,19,5,2231,38,2,12,2,1,0
47,1,19,1,5108,31,1,40,1,1,1
45,1,21,1,93,37,0,40,1,1,1
60,1,13,1,5100,38,1,32,2,1,0
24,1,9,5,4128,298,2,40,1,8,0
63,1,16,1,9223,18,0,40,1,1,1
53,1,16,1,4191,48,0,40,2,1,0
43,1,21,5,5778,39,0,40,2,1,1
43,1,19,1,6283,18,0,40,1,1,0
59,1,19,1,5346,21,1,40,2,1,0
60,1,16,1,4023,18,1,13,2,1,0
59,1,18,1,6187,29,0,40,1,1,0
58,1,19,1,5562,44,0,40,1,1,0
50,1,19,1,7178,42,0,50,1,1,1
64,1,16,1,4749,32,0,40,1,1,1
27,1,16,5,4363,41,10,40,1,1,0
30,1,21,1,807,12,0,40,1,1,1
50,1,21,1,779,40,0,40,1,1,1
31,1,17,3,3975,51,0,40,2,1,0
22,2,21,5,2249,9,17,11,2,1,0
49,1,19,1,6078,6,1,40,1,1,1
40,1,12,1,8248,290,1,40,1,6,1
52,1,16,1,5500,26,1,40,2,1,0
50,1,19,1,6134,11,1,40,2,1,0
56,1,16,3,6222,22,0,40,2,1,0
35,1,21,1,3121,13,1,40,2,1,1
56,1,18,1,7258,21,0,50,1,1,1
22,1,19,5,4734,34,2,32,2,1,0
26,1,21,1,2273,24,9,40,2,1,0
26,1,16,5,9016,14,2,40,1,1,0
43,2,21,1,2206,33,1,40,2,1,1
59,1,16,5,5450,38,13,40,2,1,0
47,1,21,1,61,36,0,50,1,1,1
27,1,16,3,4221,301,0,40,2,8,0
65,1,19,1,5144,39,1,10,2,1,0
60,1,19,1,155,35,0,40,1,1,1
71,1,21,1,2034,10,0,11,2,1,0
28,3,21,1,2467,6,0,16,2,1,0
57,1,16,1,6395,43,1,40,1,1,0
20,1,19,5,4590,8,2,14,2,1,0
43,1,21,3,27,5,0,40,1,1,1
30,1,21,1,2047,37,1,40,1,1,1
55,1,22,1,3143,33,1,40,2,1,1
19,1,19,5,4682,39,16,11,2,1,0
58,1,16,1,6323,21,1,40,2,1,0
57,1,18,5,5860,36,0,40,1,1,1
61,1,19,1,4999,40,1,40,2,1,1
49,1,21,1,940,46,1,50,1,1,1
50,1,20,1,5201,37,1,40,2,1,0
44,1,16,1,5394,6,1,40,2,1,0
27,1,16,5,9556,11,13,40,1,1,0
36,1,21,1,1207,8,1,40,1,1,1
45,1,21,1,1414,36,0,40,1,1,1
51,1,20,1,5623,37,1,40,2,1,1
28,1,17,5,4247,38,13,40,1,1,0
45,1,21,1,3670,40,1,40,2,1,1
28,1,16,5,4139,9,13,40,1,1,0
52,1,18,3,7662,6,0,40,1,1,1
24,1,16,5,8934,41,17,40,1,1,0
48,1,16,1,7524,5,1,40,1,1,0
52,1,16,1,5900,39,1,40,1,1,1
47,1,8,1,4132,310,1,40,2,8,0
19,1,13,5,4300,39,2,4,1,1,0
21,1,8,5,4354,19,16,9,1,1,0
29,1,19,1,6635,4,0,40,2,1,0
73,2,21,1,1910,14,0,40,2,1,1
28,1,19,5,5787,38,13,40,2,1,0
47,1,21,1,86,42,0,40,1,1,1
53,1,18,1,5411,8,0,40,1,1,0
37,1,21,1,1053,21,1,40,1,1,1
62,1,18,1,5580,28,1,12,2,1,0
37,1,7,5,6189,39,2,40,1,1,0
47,1,19,1,51,42,0,40,1,1,1
23,1,21,5,4801,210,2,40,1,6,0
31,1,21,5,5027,20,2,40,1,1,0
50,1,21,1,733,27,0,50,1,1,1
33,1,19,5,6125,25,0,40,1,1,1
18,1,9,5,4208,306,17,7,1,8,0
43,1,20,5,5112,229,0,40,2,6,1
51,1,21,1,393,39,1,40,1,1,1
35,1,16,1,4979,19,0,40,2,1,0
43,1,19,5,5316,36,13,40,2,1,1
56,1,19,1,206,13,1,50,1,1,1
48,1,7,1,5844,38,0,40,2,1,0
46,1,22,5,535,35,0,40,2,1,1
50,1,21,1,214,34,0,40,1,1,1
44,1,21,1,816,37,0,40,1,1,1
25,1,12,1,5363,237,15,40,1,6,0
24,1,19,5,5894,36,2,40,1,1,0
28,1,21,5,696,24,0,40,1,1,1
63,1,16,1,5046,21,0,40,2,1,0
52,1,22,3,966,38,0,40,1,1,1
21,1,19,5,2390,49,16,5,1,1,0
59,1,16,3,6720,20,0,40,1,1,1
41,1,21,1,2335,35,0,40,2,1,0
39,1,21,1,2381,42,1,40,2,1,0
25,1,21,5,3446,6,13,40,2,1,1
25,1,21,5,2293,7,0,40,2,1,0
23,1,21,5,2321,3,2,40,1,1,0
44,1,22,1,432,10,1,50,1,1,1
43,1,16,1,5034,309,1,40,2,1,0
60,1,20,1,3354,26,1,40,2,1,0
33,1,20,1,6058,51,1,40,2,1,0
21,1,19,5,4259,6,2,12,1,6,0
59,1,20,3,3232,16,0,31,2,1,0
25,1,16,5,4138,325,13,40,1,6,0
35,3,21,1,2464,18,0,40,1,1,1
32,1,21,5,3152,16,0,40,2,1,0
22,1,19,5,2822,23,17,40,1,1,0
23,3,21,5,2268,39,0,40,2,1,0
34,1,19,1,6260,37,0,40,1,1,0
63,1,5,3,3575,20,15,33,2,1,0
53,1,16,3,5402,29,0,40,1,1,0
52,1,21,1,277,4,1,40,2,1,1
45,1,21,3,202,3,0,40,1,1,1
31,3,21,5,2473,40,0,40,1,1,0
19,1,14,5,4289,319,17,40,1,1,0
36,1,21,1,432,26,1,40,1,1,1
25,1,21,1,2113,26,0,10,2,1,0
59,1,9,3,3583,25,15,33,2,1,0
23,1,19,5,5504,8,2,40,1,1,0
19,1,16,5,4202,13,17,9,2,1,0
22,1,19,5,5264,6,2,11,1,1,0
52,1,19,5,6276,42,0,40,1,1,1
60,1,16,1,6983,33,0,40,1,1,0
55,1,17,1,5575,39,0,40,1,1,1
32,1,21,1,6073,6,0,40,1,1,0
41,1,19,5,5460,2,13,40,1,1,1
57,1,16,1,5665,20,0,40,1,1,0
29,3,22,3,2495,9,0,9,2,1,0
29,1,16,3,6284,23,0,40,1,1,0
41,1,20,1,5944,43,1,40,2,1,0
30,1,21,1,1332,15,0,40,1,1,1
18,1,14,5,4257,35,2,4,1,1,0
47,1,18,1,9077,9,0,40,1,1,0
31,1,16,5,5812,311,13,40,2,8,0
27,1,21,1,2308,22,1,11,2,1,0
56,1,19,1,6138,9,0,40,2,1,1
30,1,19,3,5635,34,0,40,1,1,0
36,1,16,5,9111,8,0,40,1,1,1
37,1,21,1,998,26,1,40,1,1,1
45,1,21,1,2349,29,1,40,2,1,1
24,1,10,5,4259,306,15,40,1,1,0
55,1,16,1,199,41,0,40,1,1,1
32,1,16,5,8375,8,0,40,1,1,1
30,1,21,5,739,28,0,40,1,1,1
22,1,9,3,4288,10,9,40,1,1,0
65,1,16,3,316,33,0,40,1,1,1
35,1,21,3,1238,219,0,40,1,6,1
25,1,16,1,5061,25,0,40,1,1,0
59,1,16,3,4124,41,0,40,2,1,0
25,1,21,5,2108,20,0,40,2,1,0
27,1,21,1,5199,21,0,40,2,1,0
60,1,19,1,6129,22,1,40,2,1,0
58,1,18,1,5277,21,1,40,2,1,0
18,1,16,5,4282,50,2,12,1,1,0
29,1,19,5,5250,33,2,40,2,1,0
66,3,22,3,2433,22,0,40,2,1,0
51,1,23,1,588,229,0,40,1,1,1
57,1,16,1,5773,10,0,40,2,1,0
60,1,16,5,247,40,0,40,2,1,1
58,1,20,1,2317,41,1,13,2,1,0
33,1,21,3,2625,40,0,40,1,1,0
39,1,21,1,773,22,1,40,1,1,1
18,1,19,5,4879,6,2,10,2,1,0
40,1,21,5,10,34,0,40,1,1,1
52,1,21,3,263,23,0,50,1,1,1
47,1,16,5,283,16,0,40,2,1,1
28,1,21,5,2950,33,13,40,2,1,0
22,1,21,5,3582,40,0,40,2,1,0
20,1,18,5,4575,37,16,6,2,1,0
50,1,21,1,384,22,0,40,1,1,1
26,1,19,1,5490,4,0,40,2,1,0
66,2,22,1,3256,18,0,40,2,1,1
24,1,21,3,2322,35,0,40,2,1,0
44,3,22,5,2250,13,0,40,2,1,0
25,1,21,5,2079,9,2,9,1,1,0
19,1,16,5,4133,24,17,7,1,1,0
28,1,16,1,9203,6,1,40,1,1,0
18,1,15,5,4210,47,17,11,2,1,0
63,1,16,1,5697,35,0,40,2,1,0
50,1,19,1,206,40,1,40,1,1,1
38,2,21,1,2190,12,0,40,1,1,1
29,1,19,1,5664,21,1,40,2,1,0
39,1,21,1,5602,40,1,40,2,1,0
29,3,21,5,2384,7,0,40,2,1,0
20,1,21,5,726,12,2,40,1,1,0
37,1,21,1,2955,34,0,40,2,1,0
42,1,21,1,5805,38,1,40,2,1,0
25,1,16,5,3692,10,12,31,2,1,0
26,1,16,5,4216,9,2,40,1,1,0
41,1,21,5,3336,308,0,40,2,6,0
45,1,16,5,7911,23,0,40,1,1,1
24,1,19,5,5530,36,0,40,2,1,0
27,1,16,1,6205,17,0,40,2,1,0
53,1,21,3,511,19,0,40,2,1,1
66,1,21,3,3051,30,0,40,2,1,1
53,1,19,5,5661,7,0,40,1,1,1
22,1,21,5,2244,46,17,14,2,1,0
30,1,16,3,4157,41,0,40,2,1,0
54,1,19,1,380,23,0,40,1,1,1
52,1,22,3,311,12,0,50,1,1,1
45,1,16,1,5032,306,0,40,1,1,0
59,1,19,1,6134,40,0,40,2,1,0
57,1,16,1,4139,38,0,13,2,1,0
41,3,21,1,2352,15,1,40,1,1,1
18,1,16,5,4754,26,2,14,1,1,0
31,1,22,1,1899,21,1,40,2,1,0
31,1,16,3,6155,42,0,40,2,1,0
57,1,16,1,5768,20,1,40,1,1,0
60,1,21,1,6286,8,0,40,2,1,0
17,1,19,5,4771,20,2,17,1,1,0
31,3,21,1,2517,30,0,40,1,1,1
48,1,21,1,309,7,1,40,1,1,1
43,2,22,5,3557,7,0,40,2,1,1
41,1,16,5,5478,32,13,40,1,1,1
23,1,16,5,4737,16,2,40,1,1,0
81,1,21,3,4489,26,0,40,2,1,0
44,1,21,1,10,20,0,50,1,1,1
28,1,21,5,2130,9,11,40,2,1,0
27,1,21,5,2642,36,0,9,2,1,0
31,1,22,5,3955,37,0,40,2,1,1
54,1,17,3,8921,38,0,40,1,1,1
58,1,18,1,6048,37,0,40,1,1,0
41,1,19,1,5710,18,1,40,2,1,0
30,1,21,1,1997,11,10,40,2,1,0
29,1,21,5,451,22,0,40,1,1,1
20,1,21,5,1354,11,17,40,1,1,0
35,1,21,1,2202,5,1,11,2,1,0
27,1,21,1,2580,232,10,7,2,6,0
44,1,21,1,10,33,1,50,1,1,1
63,1,8,3,3721,43,0,40,2,1,0
45,1,21,3,10,27,0,40,1,1,1
32,1,19,5,6004,3,0,40,2,1,0
25,1,19,5,4699,13,2,40,2,1,0
62,1,18,1,5989,22,0,9,2,1,0
42,1,21,1,2482,38,0,40,2,1,0
24,1,19,3,6273,40,2,40,2,1,0
28,1,16,1,4324,40,0,40,1,1,0
32,1,21,1,5616,6,1,40,2,1,0
53,1,19,1,4516,52,0,40,2,1,0
51,1,16,1,10,36,1,40,1,1,1
21,1,19,5,5933,35,13,40,2,1,0
20,1,19,5,1810,41,2,13,2,1,0
53,1,22,1,417,35,0,40,1,1,1
20,1,13,5,9324,47,2,40,1,1,0
19,1,16,5,4174,24,2,40,1,1,0
53,1,16,1,5529,34,0,40,1,1,1
27,1,16,1,4039,9,0,40,1,1,0
24,1,21,5,3885,39,2,40,2,1,0
20,1,19,5,5988,11,13,40,2,1,0
62,1,19,3,5951,27,12,40,1,1,0
19,1,19,5,4863,48,2,11,1,1,0
60,1,21,3,5361,37,0,40,2,1,0
33,1,19,1,4665,37,1,30,2,1,0
19,1,16,5,4015,40,2,40,2,1,0
52,1,19,1,6302,48,0,40,1,1,0
60,1,16,1,3609,19,1,16,2,1,0
24,1,19,3,5656,35,0,40,1,1,0
61,1,19,1,5648,32,0,40,1,1,1
45,1,16,5,9092,12,0,40,1,1,0
43,3,21,1,2335,5,0,40,2,1,0
30,1,16,5,5952,22,0,40,1,1,1
35,1,21,5,1175,6,0,40,1,6,1
26,1,19,5,5877,35,2,40,2,1,0
17,1,9,5,4292,38,2,10,1,1,0
29,1,17,1,4238,38,0,6,2,1,0
52,1,21,1,3123,42,0,50,1,1,1
52,1,21,1,322,195,0,40,1,1,1
45,1,21,5,409,6,0,40,2,1,1
30,1,22,1,2362,6,1,40,1,1,1
45,1,16,1,6779,6,0,40,1,1,0
58,1,16,1,200,10,1,40,1,1,1
55,1,16,3,6449,23,0,40,1,1,1
65,1,16,1,4321,22,0,10,2,1,0
30,1,21,5,2435,36,0,40,1,1,1
18,1,16,5,4172,8,2,40,1,1,0
63,1,16,1,5305,6,1,40,2,1,0
48,1,21,1,324,24,0,50,1,1,1
57,1,16,1,195,40,0,50,1,1,1
42,1,19,5,5785,38,0,40,2,1,0
50,1,19,3,336,34,0,40,1,1,1
42,1,21,1,5319,34,0,40,2,1,0
28,1,19,5,5804,231,13,40,2,6,0
60,1,16,3,3838,37,0,10,2,1,0
35,1,20,1,4325,39,0,40,1,1,0
56,1,19,3,4890,42,0,40,1,1,1
45,1,22,1,743,34,1,40,1,1,1
23,1,16,5,5917,38,2,40,2,1,0
42,1,21,1,3102,40,0,40,1,1,1
28,1,19,1,5966,39,0,15,2,1,0
24,1,16,5,4140,49,2,40,1,1,0
56,1,16,1,6095,6,1,40,2,1,1
64,1,19,1,5932,36,1,17,2,1,0
38,1,16,5,7199,37,0,40,1,1,1
43,3,21,1,2306,5,1,40,2,1,1
20,1,16,5,9184,33,2,40,1,1,0
49,1,22,3,260,218,0,50,1,6,1
58,1,16,1,4931,15,1,31,2,1,0
23,1,19,5,5567,37,2,40,1,1,0
57,1,19,1,5120,9,0,40,2,1,0
56,1,21,3,474,37,0,50,1,1,1
29,1,16,1,6140,33,1,40,1,1,0
50,1,16,1,137,9,0,40,1,1,1
58,1,16,1,6156,39,0,40,2,1,0
49,1,19,1,5389,14,1,40,1,1,0
27,1,16,1,9187,42,0,40,1,1,0
34,1,21,1,6394,11,0,40,1,1,0
62,1,18,1,5843,19,1,40,2,1,0
26,1,16,1,5326,23,1,8,2,1,0
28,1,21,1,1989,38,0,40,2,1,0
30,1,19,5,5164,201,13,40,2,6,0
64,1,19,1,5792,39,0,30,2,1,0
44,1,21,1,2614,37,1,40,1,1,1
58,1,19,1,3759,22,0,40,2,1,1
42,1,19,1,6059,37,1,40,1,1,1
47,1,19,3,348,36,0,40,1,1,1
30,1,19,5,5760,27,0,40,1,1,1
62,1,20,1,3041,33,0,34,2,1,0
23,1,16,5,9753,43,2,40,1,1,0
37,1,21,1,1800,38,1,40,2,1,0
29,1,21,5,3038,8,13,40,2,1,0
32,1,19,5,5148,10,13,40,1,1,0
29,1,19,5,5509,23,13,40,2,1,0
26,1,19,1,6056,4,0,11,2,1,0
48,1,19,5,5854,204,0,40,2,6,0
22,1,16,5,3996,34,12,40,2,1,0
44,1,21,5,200,36,0,40,1,1,1
22,1,16,5,4183,12,10,40,2,1,0
48,1,16,5,4134,299,0,40,2,1,0
17,1,18,5,4793,19,2,10,1,1,0
43,1,16,1,6342,4,1,40,1,1,1
36,1,19,1,5798,31,0,40,1,1,0
50,1,20,5,5431,43,0,40,1,1,1
22,1,21,5,2540,39,2,40,2,1,0
57,1,16,1,6206,16,0,40,1,1,0
28,1,16,3,8931,28,0,40,1,1,0
49,1,19,3,4839,211,0,40,1,1,1
38,1,18,1,5090,12,0,40,2,1,0
19,1,18,5,4118,22,2,11,1,1,0
46,1,21,1,2274,51,0,40,2,1,0
34,1,16,1,7322,34,1,40,1,1,1
51,1,16,1,5713,10,1,40,2,1,0
21,1,21,5,2227,4,2,10,1,6,0
47,1,19,1,503,19,1,40,1,1,1
35,1,21,1,2993,26,1,40,2,1,1
32,1,16,5,6414,3,0,40,1,1,1
44,1,22,1,2615,203,1,40,2,6,1
31,1,16,1,6179,48,1,40,1,1,0
52,1,21,3,531,18,0,40,1,1,1
20,1,19,5,4713,28,2,12,2,1,0
43,1,19,1,8077,41,1,40,1,1,1
43,1,16,5,5309,6,0,40,1,1,1
47,1,19,1,790,37,0,40,1,1,1
50,1,16,3,467,34,0,50,1,1,1
49,1,16,5,5770,21,0,40,2,1,1
29,1,21,1,2398,213,9,40,2,1,0
43,1,16,1,5583,5,1,40,1,1,0
27,1,16,3,5584,6,0,40,1,1,0
26,1,19,5,5314,23,12,40,2,1,0
44,1,22,1,1111,39,1,40,1,1,1
53,1,16,1,5024,39,0,40,1,1,1
39,3,21,3,2466,39,0,40,2,1,1
17,1,18,5,4715,15,2,13,2,1,0
28,1,16,1,8948,19,1,40,2,1,0
48,1,19,1,6264,39,0,40,1,1,0
57,1,18,5,4055,1,0,32,2,1,0
23,1,16,1,3766,41,1,8,2,1,0
26,1,21,5,3456,36,0,40,2,1,1
18,1,19,5,2684,6,2,10,2,1,0
59,1,16,1,326,42,0,40,1,1,1
23,1,16,3,3984,304,10,40,2,1,0
37,1,21,1,3165,19,1,40,2,1,1
24,1,19,5,5589,1,0,40,2,1,0
52,1,19,1,6072,10,1,40,2,1,0
48,1,21,1,122,33,1,40,2,1,1
33,1,21,5,1055,36,0,40,1,1,1
34,1,21,1,2890,34,0,50,1,1,1
47,1,21,1,266,38,1,50,1,1,1
46,1,21,1,76,4,1,50,1,1,1
30,1,19,5,5833,28,0,40,1,1,1
48,1,21,1,491,33,0,40,1,1,1
25,1,16,1,4150,50,1,40,2,1,0
22,1,19,5,5599,227,2,40,2,6,0
36,1,21,1,991,39,1,40,1,1,1
77,2,22,3,2136,10,0,40,2,1,1
21,1,19,5,4708,12,17,5,1,1,0
42,1,21,1,2433,41,1,40,2,1,0
74,1,18,3,5764,36,0,33,2,1,0
59,1,20,1,3480,33,0,40,2,1,0
42,1,19,1,5429,21,0,40,1,1,0
27,1,21,1,6258,26,0,40,2,1,0
27,1,17,5,4008,39,2,40,2,1,0
62,1,19,1,307,38,0,40,2,1,1
71,1,19,1,5560,40,0,12,2,1,0
43,1,21,3,755,3,0,40,1,6,1
25,1,21,1,2553,39,10,40,2,1,0
45,1,21,5,3557,40,13,40,2,1,1
62,1,16,1,6414,41,0,40,1,1,1
22,1,18,5,4774,36,17,15,2,1,0
26,1,21,1,2296,32,0,11,2,1,0
24,1,19,5,5261,10,0,40,1,1,0
51,1,21,1,383,11,0,40,1,1,1
25,1,19,3,5390,19,0,28,2,1,0
22,3,22,1,2284,5,0,14,2,1,0
51,1,16,1,9181,322,1,40,1,1,0
54,1,16,5,7681,14,0,40,1,1,1
51,1,16,1,4752,24,1,40,2,1,0
31,1,21,1,1929,15,0,40,1,1,0
33,1,19,1,5671,18,1,12,2,1,0
50,1,16,1,69,8,0,50,1,1,1
26,1,21,5,2434,36,2,34,2,1,0
24,1,16,5,8953,4,0,40,1,1,0
52,1,21,3,81,37,0,40,1,1,1
65,1,21,3,10,27,0,40,1,1,1
27,1,16,1,5846,47,1,40,2,1,0
51,1,19,3,5730,16,0,40,1,1,1
55,1,16,1,4851,5,1,40,2,1,0
33,1,21,5,277,35,0,40,2,1,1
24,1,19,1,4132,10,10,40,2,1,0
46,1,16,1,6855,212,0,40,1,6,0
53,1,21,1,290,22,1,40,1,1,1
35,3,21,1,2240,22,1,40,2,1,0
57,1,21,1,2156,16,0,36,2,1,0
23,1,21,5,5557,37,2,40,2,1,0
17,1,16,5,4629,9,2,8,2,6,0
28,1,21,1,5581,48,0,40,1,1,0
30,1,19,5,5066,219,13,28,2,6,0
73,2,22,1,2156,16,1,9,2,1,0
46,1,21,1,349,17,0,40,2,1,1
42,1,21,3,891,37,0,40,1,1,1
24,1,12,1,6219,296,1,40,1,1,0
50,1,19,1,142,16,0,40,1,1,1
28,1,19,1,5664,45,1,7,2,1,0
52,1,19,1,5933,12,0,40,1,1,1
45,1,18,3,8879,50,0,40,1,1,0
20,1,16,5,4691,23,2,12,2,1,0
61,1,16,1,4266,13,1,40,2,1,0
29,1,21,1,1514,20,0,40,1,1,0
48,1,21,1,181,14,1,50,1,1,1
59,1,16,1,3934,18,1,9,2,1,0
24,1,14,5,8875,20,16,40,1,1,0
26,1,22,5,1004,222,0,40,1,6,1
54,1,16,1,4214,317,1,40,2,1,0
65,1,21,3,3299,41,0,40,2,1,1
21,1,19,5,4766,9,2,10,1,6,0
22,1,21,5,3505,36,2,33,2,1,0
17,1,16,5,4140,21,2,13,1,1,0
27,1,21,5,1976,11,2,40,2,1,0
24,1,16,5,9215,22,2,40,1,1,0
42,1,16,5,6183,5,13,40,1,1,0
19,1,19,5,6508,22,2,6,1,1,0
51,1,16,1,127,9,1,40,1,1,1
22,1,16,5,5826,12,2,40,2,1,0
75,6,21,1,2792,20,0,11,2,1,0
22,1,19,5,4136,11,2,10,2,1,0
33,1,21,1,5962,35,0,40,1,1,0
22,1,9,3,9025,14,2,40,1,1,0
28,1,19,5,6003,22,0,40,2,1,0
19,1,19,5,4919,12,17,2,1,1,0
31,1,24,1,2230,12,1,9,1,1,0
42,1,22,3,106,42,0,40,1,1,1
27,1,16,5,6286,32,13,40,1,1,0
27,1,21,5,2445,6,0,40,2,1,0
57,1,16,1,8486,41,1,40,1,1,0
49,1,21,5,891,235,0,40,1,6,1
44,1,19,1,6121,5,1,40,1,1,1
41,1,19,1,5945,21,0,40,1,1,1
38,1,22,1,2401,3,1,40,2,1,1
19,1,19,5,4176,51,17,40,1,1,0
63,1,16,1,4114,24,1,40,2,1,0
54,1,16,1,5446,11,1,40,1,1,0
39,1,22,1,3254,8,1,40,2,1,1
43,1,21,1,1391,8,1,40,1,1,1
54,1,16,5,5539,34,0,40,1,1,0
17,1,10,5,4606,9,16,9,2,1,0
30,1,21,1,2459,24,0,40,1,1,0
58,1,16,1,6242,17,0,40,1,1,1
25,1,16,5,4033,35,13,40,2,1,0
19,1,18,5,6267,27,17,40,1,1,0
37,1,19,1,5611,42,0,40,2,1,0
50,1,19,1,215,312,1,40,1,6,1
46,1,16,1,4108,40,1,40,2,1,0
32,1,22,1,2343,220,0,40,1,6,1
24,1,16,5,4188,307,10,35,2,6,0
21,1,16,5,4670,14,17,11,1,1,0
42,1,16,1,7282,8,0,40,1,1,1
47,1,16,1,179,29,1,50,1,1,1
44,1,19,1,221,7,1,50,1,1,1
40,1,16,5,5461,303,0,40,2,8,1
56,1,16,1,8940,2,1,40,1,1,1
27,1,19,3,5032,9,0,40,2,1,0
30,1,21,5,936,4,0,40,1,6,1
18,1,16,5,4204,25,2,8,1,1,0
28,1,22,5,3019,40,0,40,1,1,1
26,1,16,5,5467,7,13,40,1,1,0
31,1,16,1,3837,332,0,40,1,1,0
54,1,16,1,5688,34,0,40,2,1,0
58,1,16,3,460,44,0,40,1,1,1
21,1,16,5,4139,54,2,40,1,1,0
25,2,22,3,1935,19,0,7,2,1,0
61,1,18,1,5332,20,1,40,2,1,0
20,1,19,5,2252,1,16,10,2,1,0
53,1,19,1,5347,11,0,40,2,1,0
24,1,19,5,4908,36,2,40,2,1,0
22,1,16,5,4405,18,2,9,1,1,0
37,1,19,1,5287,3,0,40,1,1,0
49,1,19,1,307,4,0,40,1,1,1
51,1,19,5,5653,22,0,40,2,1,1
39,1,19,1,5341,4,1,40,1,1,1
49,1,13,1,4214,11,0,34,2,1,0
40,1,18,1,126,235,1,40,1,6,1
33,1,21,1,1072,14,0,40,1,1,1
45,1,20,1,4423,3,1,40,2,1,0
45,1,19,1,5671,219,1,40,2,6,0
42,1,22,1,732,18,0,40,1,1,1
40,1,19,5,6043,9,0,40,1,1,1
51,1,16,1,7247,40,1,40,1,1,1
19,1,16,5,4129,20,15,40,1,1,0
43,1,22,1,585,238,0,50,1,6,1
32,2,21,5,2917,42,0,40,2,1,1
30,1,16,5,5690,314,13,40,1,1,0
31,1,22,5,2397,39,0,40,1,1,1
31,1,21,1,2178,217,0,40,1,6,0
26,1,21,3,2172,14,0,7,2,1,0
59,1,16,1,5789,25,1,40,1,1,0
24,1,10,5,9535,298,13,40,1,8,0
27,1,16,5,6159,13,16,40,1,1,0
21,1,18,5,4030,36,17,17,1,1,0
45,1,21,1,470,16,0,40,2,1,1
33,1,21,1,3022,20,1,40,1,1,1
51,1,17,1,9290,41,0,40,1,1,1
54,1,16,1,5641,37,1,40,2,1,1
25,1,21,5,5041,41,0,40,1,1,0
27,2,22,5,2133,33,2,40,2,1,0
67,1,21,1,3256,37,1,40,2,1,0
24,1,21,5,1160,35,0,40,2,1,0
46,1,21,1,479,21,0,51,1,1,1
55,1,16,3,364,38,0,40,1,1,1
68,3,22,3,2371,38,0,32,2,1,0
30,1,21,5,1480,25,0,40,1,1,1
24,1,16,1,9631,8,16,40,1,1,0
79,2,19,3,3356,22,0,7,2,1,0
46,1,19,1,6507,40,0,40,1,1,1
19,1,16,5,4129,7,17,14,1,1,0
40,1,21,1,5911,21,1,40,1,1,1
28,1,21,5,2565,4,2,40,2,1,0
31,1,16,1,5699,34,1,40,2,1,0
26,1,9,3,4022,304,16,40,2,1,0
45,1,22,3,3193,217,0,40,2,6,1
25,1,19,5,6008,38,0,40,1,1,0
35,1,21,5,1032,6,0,40,1,1,1
36,1,21,1,707,6,1,40,1,1,1
18,2,19,5,2286,28,16,9,2,1,0
48,1,10,1,8155,6,0,50,1,1,1
60,1,16,1,5994,34,1,40,2,1,0
29,1,16,1,4228,1,1,40,2,1,0
45,1,16,5,4932,16,0,40,2,1,0
38,1,16,1,4255,319,0,40,1,1,0
33,1,21,5,3414,222,0,40,2,6,0
18,1,16,5,4140,50,2,11,1,1,0
45,1,16,1,6345,300,13,40,1,1,1
48,1,22,1,2302,216,0,40,2,6,0
52,1,19,1,5519,41,0,40,1,1,1
18,1,16,5,4494,23,2,15,2,1,0
65,1,18,1,5741,6,0,30,2,1,0
67,1,21,1,5083,12,0,40,2,1,0
47,1,18,1,701,315,0,40,1,6,1
40,1,21,1,1279,21,0,40,1,1,1
22,1,21,5,5329,9,2,9,1,1,0
48,1,21,1,1785,31,0,50,1,1,1
45,1,6,5,9493,37,0,40,1,1,0
54,1,16,1,5452,38,0,40,2,1,0
49,1,22,1,605,37,1,40,1,1,1
25,1,16,5,9014,24,13,40,1,1,0
29,1,16,5,6105,4,0,40,1,1,0
35,1,21,1,5483,35,1,40,2,1,0
48,1,18,1,7209,41,0,40,1,1,1
48,1,16,1,7556,9,1,40,1,1,1
26,1,16,5,5337,36,0,40,2,1,0
24,1,19,5,4686,32,2,40,2,1,0
30,1,21,5,3093,44,0,40,1,1,1
44,1,21,1,376,41,1,40,2,1,1
54,1,20,1,4822,24,0,40,2,1,1
46,1,22,3,800,1,0,40,1,1,1
32,1,21,1,2518,26,0,40,2,1,0
26,1,16,5,6856,40,0,40,1,1,0
64,1,21,1,248,7,0,40,1,1,1
57,1,19,3,5573,39,0,40,2,1,0
18,1,16,5,3908,45,2,12,2,1,0
19,1,19,5,4632,17,17,11,1,1,0
38,3,22,1,2265,39,1,40,2,1,0
37,1,16,1,7753,39,1,40,1,1,1
28,1,19,5,4810,16,0,40,2,1,0
44,1,22,3,302,11,0,40,1,1,1
29,1,21,5,1522,39,0,40,1,1,1
43,1,16,1,7777,7,1,40,1,1,0
26,1,11,5,4035,305,16,40,2,8,0
55,1,16,1,7200,4,1,40,1,1,1
21,1,18,3,4157,30,15,40,2,1,0
37,1,21,3,3392,4,0,34,2,1,0
42,1,21,1,594,38,0,40,1,1,1
21,1,16,5,4113,40,2,40,2,1,0
31,1,21,5,1101,36,13,40,1,1,0
43,1,20,1,212,43,0,40,1,1,1
55,1,18,3,93,38,0,50,1,1,1
36,1,21,1,4254,39,0,40,2,1,0
25,1,16,1,2299,3,1,11,2,1,0
50,1,19,3,5706,8,0,40,2,1,0
25,1,16,1,6454,20,0,40,1,1,0
45,1,22,1,662,35,0,40,1,1,1
30,1,21,1,1259,30,0,40,2,1,0
30,1,19,5,6344,11,13,40,1,1,0
65,1,21,1,2434,11,0,31,2,1,0
45,1,19,1,5842,39,0,40,1,1,1
52,1,19,1,490,36,0,50,1,1,1
30,1,21,1,3229,25,1,40,2,1,0
52,1,21,1,2473,27,1,11,2,1,0
30,1,16,1,4069,10,10,17,2,1,0
42,1,21,5,3367,37,0,40,2,1,1
38,1,16,1,4706,1,1,40,2,1,0
27,1,18,5,6554,5,0,40,1,1,0
65,1,21,1,3622,40,0,40,2,1,1
21,1,19,5,2385,29,17,13,1,1,0
53,1,16,5,8370,37,0,40,1,1,1
63,1,19,1,4637,39,0,40,1,1,0
31,1,22,1,2231,200,0,40,2,6,1
19,1,14,5,4629,16,15,9,1,1,0
47,1,21,1,516,16,0,50,1,1,1
55,1,16,1,4727,4,0,40,1,1,1
66,1,18,1,5180,7,0,40,2,1,0
18,1,19,5,2390,7,2,11,2,6,0
47,1,19,1,56,214,0,50,1,6,1
46,1,22,3,1390,3,0,40,1,1,1
20,1,16,5,4143,8,13,40,2,1,0
59,1,16,3,87,21,0,40,1,1,1
30,1,16,5,4183,34,0,40,2,1,0
27,1,21,5,3356,42,13,40,2,1,0
54,1,18,1,6204,26,0,40,1,1,1
49,1,16,1,6422,2,1,40,1,1,1
24,1,16,5,9807,26,16,40,1,1,0
26,1,21,5,2431,32,0,34,2,1,0
49,1,21,1,351,37,1,50,1,1,1
19,1,16,5,4657,45,2,14,2,1,0
42,1,21,1,33,208,0,40,1,6,1
36,3,21,1,2503,38,1,40,2,1,1
52,1,21,3,420,37,0,50,1,1,1
45,1,21,3,3150,39,0,40,2,1,1
39,1,21,1,4909,16,1,40,2,1,0
50,1,21,1,333,29,0,40,1,1,1
26,1,21,5,3311,28,2,31,2,1,0
46,1,21,1,292,38,1,40,2,1,1
38,1,21,1,575,6,0,40,1,1,1
28,1,16,5,6146,9,13,40,1,1,0
67,1,18,1,5416,37,0,40,2,1,1
42,1,19,1,5383,37,0,40,1,1,1
57,1,16,1,7753,40,0,50,1,1,1
33,1,21,1,624,212,0,40,1,6,0
49,1,18,1,4248,10,1,9,2,1,0
46,1,21,1,521,220,0,40,1,6,1
28,1,16,1,4128,49,0,40,2,1,0
48,1,21,3,30,214,0,50,1,6,1
36,1,21,5,511,33,0,40,1,1,1
40,1,21,1,5790,10,0,40,2,1,0
21,1,19,5,4794,37,16,7,2,1,0
53,1,19,5,5271,27,0,40,1,1,1
50,1,16,5,7742,22,0,40,1,1,1
24,1,16,5,4129,44,2,32,2,1,0
28,1,21,1,5625,6,0,10,2,1,0
24,1,16,1,4188,41,1,10,2,1,0
31,1,18,5,6113,36,0,40,1,1,0
64,1,19,1,5711,26,0,8,2,1,0
33,1,21,1,677,15,0,40,1,1,1
22,1,19,5,4628,30,2,13,1,1,0
22,1,16,5,4558,38,12,9,2,1,0
41,1,19,3,5196,6,0,40,1,1,1
20,1,14,5,4642,24,2,10,2,1,0
51,1,16,1,5094,33,0,40,1,1,1
23,1,18,5,4849,6,13,40,2,1,0
21,1,16,5,4179,223,16,40,1,6,0
69,1,21,3,4879,38,0,40,2,1,1
45,1,16,3,7705,317,13,40,1,1,1
48,1,18,3,78,223,0,40,1,1,1
25,1,18,5,4081,21,17,40,1,1,0
32,1,21,5,3862,27,13,40,2,1,1
19,1,19,5,2204,3,2,12,2,1,0
52,1,16,1,7771,41,1,40,1,1,1
52,1,19,3,5166,5,0,40,1,1,1
37,1,13,5,6296,23,0,40,1,1,0
32,1,19,1,5203,10,1,6,2,1,0
41,1,16,1,8998,240,0,40,1,6,1
25,1,21,5,2909,33,13,40,2,1,0
20,1,16,5,4666,28,2,8,1,1,0
58,1,16,1,6132,19,1,40,1,1,1
58,1,16,1,4039,36,1,17,2,1,0
42,1,20,5,427,28,0,40,1,1,1
69,1,19,1,5423,20,1,40,1,1,1
61,1,20,1,4886,24,1,40,2,1,0
29,1,21,5,889,23,0,40,1,1,0
19,1,19,5,4276,37,17,10,1,1,0
59,1,21,1,345,40,0,40,1,1,1
40,1,18,5,5363,37,13,40,1,1,1
49,1,16,1,6288,36,1,40,2,1,0
48,1,19,1,5790,218,0,40,2,6,0
55,1,16,1,5116,38,1,40,2,1,0
43,1,22,1,3195,3,0,40,1,1,1
46,1,22,1,246,4,0,40,1,1,1
43,1,20,1,210,7,0,40,1,1,1
46,1,16,5,6056,318,13,40,1,1,1
28,1,17,5,9280,18,0,40,1,1,0
28,1,21,1,945,48,1,40,1,1,1
54,1,18,1,7780,35,1,40,1,1,1
50,1,21,3,148,4,0,40,1,1,1
36,1,22,1,754,4,1,40,1,1,1
39,1,16,5,7942,40,13,40,1,1,1
61,1,20,3,446,13,0,40,2,1,1
45,1,19,1,476,5,1,40,1,1,1
30,1,19,3,5418,43,0,40,2,1,0
61,1,16,3,5386,17,0,40,2,1,0
21,1,16,5,4293,5,17,13,1,1,0
28,2,21,1,2110,9,0,8,2,1,0
46,1,22,3,1117,38,13,50,1,1,1
21,3,21,5,2464,25,2,40,2,1,0
47,1,22,1,518,295,0,40,1,6,1
22,1,16,1,4223,309,2,40,1,8,0
31,1,16,3,4109,50,0,40,1,1,0
46,1,21,1,829,19,0,40,1,1,1
27,1,21,5,2364,37,13,40,2,1,0
27,1,19,5,5102,41,2,40,2,1,0
51,1,20,1,4751,14,1,40,2,1,1
21,1,16,5,4625,6,16,16,1,1,0
33,1,21,1,2140,13,1,40,2,1,0
21,1,19,5,5938,38,2,40,1,1,0
56,1,16,1,5271,10,1,40,2,1,0
43,1,9,5,6264,316,13,40,1,1,0
66,1,21,1,2764,16,1,7,2,1,0
53,1,22,1,806,30,0,40,1,1,1
17,1,14,5,4121,7,16,10,1,1,0
29,1,19,5,5719,34,13,40,1,1,0
50,1,21,1,3160,6,1,40,2,1,1
22,1,19,1,5952,18,0,40,2,1,0
22,1,21,5,2329,35,0,9,2,1,0
44,1,21,3,579,3,0,40,1,1,1
38,1,16,5,7399,7,0,40,1,1,1
27,1,16,1,4073,38,10,40,1,1,0
56,1,16,5,5765,10,0,40,2,1,0
52,1,19,1,285,5,0,40,1,1,1
22,1,16,5,9830,6,2,40,1,1,0
26,1,19,5,3812,5,12,40,1,1,0
55,1,20,3,253,41,0,40,1,1,1
33,2,21,1,1939,17,0,40,2,1,0
19,1,14,5,4119,53,16,7,1,1,0
20,3,21,5,2365,14,2,9,2,1,0
50,1,19,1,6071,8,1,40,2,1,0
66,1,19,1,5407,40,0,40,2,1,0
56,1,21,1,3130,16,0,40,2,1,1
46,1,21,1,644,24,0,50,1,1,1
25,1,7,5,5426,37,16,40,1,1,0
53,1,18,1,5693,25,0,40,2,1,0
25,1,19,5,5339,36,2,40,1,1,0
32,1,21,5,3063,5,0,40,1,1,1
56,1,18,3,5694,20,0,40,1,1,1
18,1,16,5,4736,23,2,14,2,1,0
30,1,7,5,9659,45,13,40,1,1,0
22,1,16,5,9418,3,16,40,1,1,0
57,1,16,1,3587,37,1,12,2,1,0
25,1,19,5,5301,12,13,40,1,1,0
27,1,21,5,3141,35,0,40,2,1,0
20,1,16,5,5517,37,2,40,1,1,0
44,1,17,5,5311,6,13,40,2,1,0
35,1,21,5,368,6,0,40,1,1,1
22,1,19,5,4634,14,2,6,2,1,0
47,1,16,3,6140,20,0,40,1,1,0
27,1,21,5,3006,41,13,40,2,1,0
48,1,19,1,4729,6,9,40,2,1,0
37,1,21,1,1133,19,1,40,1,1,1
51,1,16,3,425,38,0,40,1,1,1
29,1,19,1,5696,21,1,40,2,1,0
56,1,16,1,6160,17,1,40,2,1,0
28,1,19,5,5336,40,13,40,1,1,0
47,1,16,1,8887,7,1,40,1,1,1
17,1,19,5,4857,26,17,12,1,1,0
46,1,16,1,9470,45,1,40,1,1,0
48,1,18,1,5466,7,1,40,1,1,0
50,1,21,1,120,35,1,50,1,1,1
50,1,21,1,207,8,0,40,1,1,1
50,1,16,1,5474,37,0,40,1,1,1
57,1,18,3,7863,7,0,50,1,1,1
45,1,19,1,7831,18,1,50,1,1,1
55,1,20,1,237,20,0,50,1,1,1
21,1,19,5,5063,41,2,40,1,1,0
42,1,21,1,4843,17,1,40,2,1,0
55,1,16,1,5289,38,1,40,1,1,0
57,1,16,3,5512,1,0,40,2,1,0
42,1,10,1,4026,306,1,36,2,1,0
58,1,19,1,379,43,0,40,1,1,1
23,1,16,5,4200,53,16,8,1,1,0
61,1,21,1,314,23,0,40,2,1,1
24,1,19,5,6216,37,13,40,1,1,0
28,3,21,1,2525,19,1,7,2,1,0
52,1,19,1,5692,7,0,40,2,1,0
51,1,18,3,9046,324,0,40,1,1,1
55,1,16,1,6062,35,0,33,2,1,0
25,1,21,3,2460,39,2,40,1,1,0
51,1,16,3,8736,36,0,50,1,1,1
46,1,16,1,10,5,1,40,1,1,1
26,1,21,5,2044,16,0,40,2,1,0
28,1,16,5,4066,216,2,40,2,6,0
31,1,21,1,1237,7,0,40,1,1,0
28,1,18,5,4249,40,0,40,2,1,0
20,1,16,5,4049,6,17,40,1,1,0
39,2,21,1,1880,38,1,40,2,1,0
51,1,16,5,5866,7,0,40,1,1,1
27,1,21,1,1936,30,0,7,2,1,0
48,1,22,1,2225,40,1,40,2,1,1
28,1,18,5,5389,38,13,40,1,1,1
38,1,19,1,4576,34,1,40,2,1,0
27,1,6,1,4171,329,0,40,1,8,0
19,2,21,5,1927,7,16,12,2,1,0
38,1,16,1,5851,12,0,40,1,1,0
61,1,19,1,5904,24,0,40,1,1,0
49,1,21,1,5101,8,0,40,2,1,1
18,1,19,5,4601,36,2,8,2,1,0
27,1,19,5,5950,38,0,40,1,1,0
39,1,21,1,1166,4,1,40,1,1,1
43,1,21,5,537,31,13,40,2,1,1
54,1,17,1,8936,39,1,40,1,1,1
33,1,21,1,2765,18,1,40,2,1,1
47,1,16,1,5336,217,1,40,2,6,1
45,1,21,1,1297,314,1,40,2,6,1
26,1,16,3,4826,37,0,40,2,1,0
27,1,21,1,5384,19,0,40,2,1,0
50,1,16,5,7238,20,0,40,1,1,1
23,1,19,5,4851,33,17,31,2,1,0
40,1,19,1,111,12,1,50,1,1,1
44,1,19,1,10,4,0,40,1,1,1
48,1,19,1,6495,38,1,40,1,1,1
38,1,21,1,5564,10,0,40,2,1,0
19,1,16,5,4218,4,2,13,1,1,0
23,1,21,5,5511,9,2,40,1,1,0
44,3,21,1,2310,38,0,40,2,1,1
30,1,16,1,6643,43,0,40,1,1,0
59,1,17,1,9094,35,0,40,1,1,0
30,1,16,5,6730,25,13,40,1,1,0
24,1,21,1,2176,22,0,11,2,1,0
39,1,21,1,1492,39,1,40,2,1,1
30,1,19,5,5568,33,2,40,2,1,0
27,1,21,5,4502,33,0,40,1,1,0
31,1,16,3,4142,8,0,40,2,1,0
29,1,21,1,2493,20,0,40,2,1,0
42,1,19,1,306,40,0,50,1,1,1
19,1,16,5,3918,17,17,40,1,1,0
21,1,14,5,4001,25,2,40,1,1,0
51,1,16,3,5563,38,0,40,1,1,1
23,1,19,3,3616,21,0,14,2,1,0
22,1,14,5,4702,9,16,11,1,1,0
51,1,19,1,6471,28,1,40,2,1,0
34,1,21,1,2158,4,10,10,2,1,0
61,1,16,1,2639,37,1,15,2,1,0
62,1,21,1,6092,22,0,40,1,1,0
60,1,18,1,4094,26,0,12,2,1,0
21,1,21,5,2514,25,2,40,1,1,0
22,4,21,5,2308,1,12,17,2,1,0
40,3,21,1,2420,43,1,40,2,1,0
28,1,19,3,5507,34,0,31,2,1,0
59,1,16,1,4100,39,0,31,2,1,0
54,1,16,3,7812,13,0,50,1,1,1
66,1,21,3,3417,19,0,40,2,1,1
57,1,18,3,5914,35,0,40,1,1,1
42,1,19,1,5046,34,0,40,1,1,1
40,3,21,1,2661,13,1,40,2,1,1
60,1,19,3,5615,39,0,40,2,1,0
19,1,14,5,4578,50,16,6,1,1,0
27,1,16,5,4109,306,10,40,1,1,0
32,1,21,1,3731,10,0,40,2,1,0
19,1,19,5,4632,17,2,32,1,1,0
24,1,19,5,7913,18,0,40,1,1,1
28,1,22,1,2125,24,0,40,2,1,0
49,1,22,1,320,8,1,40,1,1,1
32,1,21,1,2134,19,1,40,2,1,1
24,1,16,5,3906,20,12,40,2,1,0
52,1,18,1,4705,5,1,40,2,1,0
55,1,21,1,3925,40,1,40,2,1,0
46,1,22,1,10,24,0,50,1,1,1
20,1,19,5,2417,44,17,6,1,1,0
55,1,16,1,7546,30,0,40,1,1,1
59,1,21,1,3407,34,0,40,2,1,0
50,1,22,1,148,42,1,40,1,1,1
60,1,16,1,5916,22,0,40,1,1,0
52,1,16,3,7197,38,0,50,1,1,1
31,1,22,5,3246,20,0,40,2,1,1
21,1,21,5,2009,6,16,13,2,1,0
52,1,19,1,5286,26,0,40,2,1,0
51,1,16,3,9204,32,0,40,1,1,1
41,1,16,3,7662,310,13,40,1,1,1
54,1,16,1,221,19,1,40,1,1,1
17,1,16,5,4712,50,2,11,2,1,0
50,1,21,3,1408,200,0,40,1,6,1
25,1,21,5,1031,7,13,40,2,6,0
21,1,19,3,3588,14,12,40,2,1,0
50,1,16,1,5888,12,1,40,2,1,0
24,1,16,5,5846,5,2,40,1,1,0
34,3,21,1,2378,35,0,40,2,1,0
22,1,19,5,5255,34,12,33,2,1,0
24,1,18,3,6192,34,2,40,1,1,0
24,1,21,5,5339,9,2,40,1,1,0
54,1,19,1,395,25,1,50,1,1,1
63,1,22,3,2260,12,0,40,2,1,1
49,1,21,1,3077,35,0,40,2,1,1
56,1,19,1,5444,38,0,40,2,1,0
64,1,19,1,5440,22,0,40,1,1,1
29,1,18,1,9255,34,16,40,1,1,0
55,1,16,5,7719,17,0,40,1,1,1
22,1,19,5,5409,38,2,40,2,1,0
25,1,19,1,5023,8,9,40,2,1,0
59,1,22,1,3304,11,1,40,2,1,1
22,1,16,5,6278,29,0,40,1,1,0
31,3,21,1,2364,42,1,40,2,1,0
25,1,19,1,6322,31,0,40,2,1,0
58,1,18,1,4296,20,1,40,2,1,0
20,1,16,5,5797,39,2,40,1,1,0
53,1,19,5,5394,3,0,40,1,1,1
26,1,20,1,5734,22,0,40,2,1,0
21,1,14,5,4131,7,17,4,1,1,0
18,1,14,5,4300,46,17,11,1,1,0
25,1,19,5,4845,215,2,40,1,6,0
26,1,16,1,4159,37,0,10,2,1,0
18,1,16,5,4757,45,2,12,2,1,0
27,1,19,5,5557,5,17,40,2,6,0
56,1,16,1,4268,5,10,40,2,1,0
52,1,16,3,7192,25,0,50,1,1,1
24,1,16,5,6857,37,13,40,1,1,0
48,1,18,1,290,39,1,40,1,1,1
52,1,21,1,199,40,0,40,2,1,1
58,1,19,1,5001,39,0,40,2,1,1
25,1,17,5,4617,24,2,40,2,1,0
41,1,19,1,6146,4,1,40,1,1,1
36,1,21,1,866,31,0,40,1,1,1
29,1,16,5,5839,2,0,40,2,1,0
38,3,21,1,2315,28,1,40,2,1,1
48,1,21,5,677,13,0,40,2,1,1
63,1,16,1,5192,25,0,40,2,1,0
19,1,16,5,4767,3,16,8,2,6,0
26,1,19,5,5736,53,2,40,1,1,0
56,1,19,1,5152,41,0,40,2,1,0
30,1,22,1,1926,38,0,40,1,1,0
39,3,21,1,2416,29,1,40,2,1,1
28,1,21,1,2405,304,9,40,2,1,0
38,1,21,1,2636,34,0,40,2,1,0
25,1,16,5,9077,22,13,40,1,1,0
21,1,12,5,4212,212,17,40,1,6,0
44,1,22,1,3174,40,0,40,2,1,1
21,1,16,5,9506,49,2,40,1,1,0
43,1,22,1,362,38,0,40,1,1,1
33,1,21,5,1358,4,0,40,1,1,1
31,1,21,5,389,25,0,40,1,1,1
23,1,19,5,9354,33,2,40,1,1,0
18,1,16,5,4155,47,2,14,1,1,0
59,1,21,3,3204,21,0,40,2,1,1
50,1,16,5,4784,39,0,40,1,1,1
56,1,21,3,557,4,0,40,1,1,1
17,1,14,5,4177,26,2,17,2,1,0
26,1,16,1,3988,42,1,34,2,1,0
49,1,8,1,4124,309,1,40,2,8,0
41,1,19,3,5054,32,0,40,1,1,0
50,1,17,1,5825,39,1,40,1,1,0
39,1,21,1,5712,4,1,40,2,1,0
29,1,19,1,5728,219,1,40,2,6,0
28,1,16,1,3682,310,1,12,2,1,0
49,1,21,1,104,19,1,50,1,1,1
65,1,18,1,5477,37,0,40,2,1,0
43,1,21,1,1323,316,0,40,1,6,1
48,1,21,1,70,8,0,40,1,1,1
26,1,22,1,1959,48,0,40,2,1,0
24,1,19,5,5025,38,13,40,2,1,0
29,1,21,5,5852,5,13,40,2,1,0
27,1,21,5,1258,36,0,40,1,1,1
22,1,19,5,4705,22,17,13,2,1,0
19,1,18,5,4767,36,17,40,2,1,0
29,1,19,5,5562,217,13,40,1,6,0
53,1,19,1,5043,5,0,40,1,1,0
50,1,19,5,7592,24,0,40,1,1,1
34,1,22,5,828,11,0,40,1,1,1
22,1,21,3,2350,21,0,40,2,1,0
37,1,21,1,5026,11,0,40,1,1,0
21,1,14,5,4123,54,2,5,1,1,0
24,1,16,1,4096,5,10,40,2,1,0
44,1,22,3,369,5,0,40,1,1,1
42,1,19,1,6821,7,0,40,1,1,0
28,1,16,1,5140,6,0,40,2,1,0
55,1,20,3,397,35,0,40,1,1,1
55,1,16,1,5047,37,1,40,2,1,1
56,1,16,1,7542,40,0,50,1,1,1
57,1,20,3,197,30,0,40,2,1,1
20,1,14,5,4114,48,16,5,1,1,0
23,1,21,1,2071,24,0,8,2,1,0
28,1,21,1,2192,28,16,40,2,1,0
21,1,21,5,5697,7,2,40,2,1,0
30,1,21,1,2436,47,0,40,2,1,0
52,1,19,3,5064,39,0,40,2,1,0
31,1,21,1,2761,23,1,40,2,1,0
48,1,22,1,3011,3,0,40,2,1,1
62,1,16,1,4873,5,0,40,2,1,0
60,1,16,1,8738,27,0,40,2,1,0
44,1,21,1,233,231,1,40,1,6,1
45,1,16,1,3911,229,0,40,2,6,0
31,1,21,5,5176,34,0,40,1,1,0
51,1,21,3,154,36,0,40,1,1,1
50,1,18,1,5195,318,0,40,2,1,0
25,1,21,5,2387,36,2,40,2,1,0
47,1,16,1,5616,3,1,40,2,1,0
18,1,16,5,4252,19,17,9,1,1,0
27,1,19,5,5452,10,0,40,1,1,0
55,1,16,1,7062,15,1,40,1,1,1
59,1,20,1,3620,26,9,40,2,1,0
52,1,16,1,7086,36,0,40,1,1,1
34,1,19,5,6053,39,0,40,1,1,0
55,1,16,1,7354,3,1,40,1,1,1
65,1,16,1,5576,45,0,40,1,1,0
23,1,19,5,5430,48,17,40,1,1,0
57,1,16,1,5138,35,1,40,2,1,0
25,1,21,5,3419,31,13,40,2,1,0
54,1,20,3,612,43,0,40,1,1,1
26,1,21,5,4728,233,2,12,1,6,0
46,1,17,3,5599,319,0,40,2,1,0
49,1,21,3,473,6,0,40,1,1,1
46,1,22,1,3078,6,0,40,1,1,1
56,1,16,3,8174,28,0,40,1,1,1
24,1,19,5,5779,37,0,40,2,1,0
56,1,16,1,5767,19,1,40,1,1,1
18,1,19,5,4626,29,2,12,2,1,0
45,1,19,1,6384,39,1,40,1,1,0
42,1,21,1,435,10,0,50,1,1,1
47,1,21,1,3617,24,1,40,2,1,1
19,1,19,5,5911,37,2,7,1,1,0
60,1,20,1,2490,11,1,12,2,1,0
54,1,19,1,5999,37,1,40,2,1,0
35,1,21,1,5977,319,0,40,1,1,0
44,1,21,1,5803,214,1,40,2,6,1
20,1,7,5,4270,21,17,8,1,1,0
41,1,22,1,2461,35,1,40,2,1,1
32,1,18,5,5164,39,13,40,1,1,0
18,1,19,5,2177,43,2,8,2,1,0
23,1,19,1,5701,17,1,11,2,1,0
37,1,18,5,7148,41,0,40,1,1,1
58,1,18,1,6075,41,0,40,1,1,1
25,1,21,5,2550,41,0,40,2,1,0
50,1,16,3,7091,36,13,40,1,1,1
76,1,16,1,3839,35,0,15,2,1,0
37,1,9,5,8095,314,13,40,1,1,1
41,1,19,1,6027,10,0,40,1,1,1
54,1,22,1,312,3,1,40,1,1,1
60,1,19,1,5556,15,0,33,2,1,0
67,3,22,1,2391,24,0,40,2,1,1
43,1,19,1,5111,5,1,40,1,1,1
67,1,19,1,5942,37,0,40,2,1,0
35,1,21,1,2555,38,1,40,2,1,0
52,7,24,1,51,35,1,59,1,1,1
28,1,19,5,5272,35,0,34,2,1,0
52,1,19,5,316,38,0,40,1,1,1
26,3,21,1,2315,5,0,40,2,1,0
33,1,19,1,4769,37,1,27,2,1,0
47,1,18,1,9236,309,1,40,1,1,0
37,1,13,1,8934,30,1,40,1,1,0
43,1,21,1,5839,36,1,40,2,1,1
23,1,21,5,3083,24,13,40,2,1,0
59,2,21,1,2231,29,1,7,2,1,0
28,1,20,1,3770,39,9,40,2,1,0
49,1,10,1,3898,15,1,40,2,1,0
18,1,14,5,4688,19,16,7,2,1,0
50,1,16,1,7938,36,1,50,1,1,1
67,1,21,3,3432,39,0,12,2,1,0
17,1,16,5,4041,12,17,11,2,1,0
34,1,16,1,3911,27,0,40,2,1,0
21,1,14,5,4553,4,16,11,1,6,0
33,1,19,3,5988,23,0,40,1,1,0
53,1,18,3,9086,39,0,40,1,1,0
53,1,16,1,5121,34,1,33,2,1,0
46,1,21,1,116,13,1,40,1,1,1
71,2,22,1,3383,24,0,40,2,1,1
28,1,16,1,5430,7,1,40,2,1,0
19,1,18,5,4765,53,16,9,2,1,0
35,1,22,5,129,16,13,40,1,1,1
47,1,19,5,5356,40,0,40,2,1,1
27,1,16,1,4192,25,1,4,2,1,0
40,1,21,1,236,2,0,40,1,1,1
22,1,19,5,4840,10,17,5,1,6,0
24,1,21,1,2382,40,0,40,2,1,0
52,1,18,3,8926,39,0,40,1,1,0
34,1,21,1,3109,21,0,40,1,1,1
66,1,21,3,3128,6,0,40,2,1,1
57,1,22,1,2967,22,0,40,2,1,1
47,1,19,1,5751,238,0,40,2,6,0
38,1,21,1,2333,11,1,40,2,1,1
22,1,17,5,4230,37,2,7,2,1,0
29,1,19,3,3737,34,0,31,2,1,0
32,1,22,5,3419,8,0,40,2,1,1
38,1,21,1,605,218,0,40,2,6,1
46,1,22,1,94,9,0,50,1,1,1
25,1,19,5,5628,39,2,40,2,1,0
62,1,16,1,6079,22,1,40,1,1,1
44,1,22,1,1144,7,1,40,1,1,1
31,1,19,5,5217,40,0,40,1,1,1
30,1,17,5,9405,39,13,40,1,1,0
21,1,21,1,5057,23,9,40,2,1,0
38,1,21,1,2162,37,1,40,2,1,1
58,1,20,3,3964,38,0,40,2,1,1
21,1,18,5,4095,52,17,4,1,1,0
23,1,16,5,4182,6,2,11,2,1,0
27,2,21,1,2105,35,0,13,2,1,0
44,1,7,1,3956,7,1,40,2,1,0
18,1,14,5,4046,45,2,3,1,1,0
18,1,16,5,4152,30,16,10,1,1,0
26,1,21,5,2200,189,0,40,2,6,0
44,1,19,1,408,41,1,50,1,1,1
49,1,21,1,1097,20,0,50,1,1,1
29,1,18,3,4948,14,16,40,1,1,0
53,1,16,1,5414,39,1,40,2,1,1
48,1,16,1,4783,297,1,40,2,1,0
23,1,21,5,2251,40,2,9,2,1,0
44,1,16,3,8129,4,13,40,1,1,1
48,1,20,3,532,6,0,40,1,1,1
25,1,19,3,4619,39,0,40,1,1,0
42,1,20,1,3102,8,1,40,2,1,0
35,1,9,1,4143,308,0,40,1,8,0
39,1,21,1,2910,29,0,40,1,1,1
53,1,16,1,23,9,0,50,1,1,1
24,1,16,5,9368,6,13,40,1,1,0
41,1,21,1,1048,4,1,40,1,1,1
59,2,22,1,2853,31,1,40,2,1,1
38,1,21,1,709,20,1,40,1,1,1
30,1,21,3,5473,33,0,40,1,1,0
31,1,21,5,443,20,0,40,1,1,1
38,1,16,1,9236,301,0,40,1,1,0
64,1,19,1,604,30,0,40,1,1,1
45,1,21,1,1083,10,0,40,1,1,1
45,1,21,1,10,224,0,60,1,1,1
26,1,19,5,5089,9,2,40,1,1,0
30,1,21,5,1166,43,0,40,1,1,1
40,1,21,1,3043,34,1,40,1,1,1
27,1,16,3,4040,35,10,40,2,1,0
50,1,21,1,83,12,0,50,1,1,1
18,1,14,5,4199,52,16,12,1,1,0
30,1,21,5,1423,17,0,40,1,1,0
50,1,19,3,5256,7,0,40,2,1,0
21,1,21,5,3873,19,2,40,2,1,0
24,1,19,5,5384,12,2,40,1,1,0
40,1,20,1,4990,30,1,40,2,1,0
37,2,21,1,2095,16,0,40,2,1,1
46,1,19,1,6414,20,0,40,1,1,1
59,1,16,1,7658,27,0,50,1,1,1
50,1,16,1,5492,25,1,40,2,1,0
35,1,21,1,298,222,1,40,1,6,1
38,2,21,1,2121,38,0,40,2,1,1
46,1,21,1,780,24,0,50,1,1,1
26,1,10,5,4304,305,0,40,1,1,0
31,6,21,1,1823,2,1,14,2,1,0
53,1,16,1,5048,38,1,40,2,1,0
47,1,16,3,5830,10,0,40,1,1,0
36,1,19,1,5462,7,1,40,2,1,0
51,1,19,1,5401,6,0,32,2,1,0
43,1,19,1,5378,6,0,40,2,1,0
19,1,16,5,4187,25,2,6,2,1,0
47,1,22,1,2323,246,1,40,2,6,1
33,1,19,3,6734,33,0,40,1,1,0
22,1,19,5,6163,7,2,40,1,1,0
22,1,16,5,4163,312,13,40,2,8,0
48,1,19,3,10,34,0,40,1,1,1
50,1,16,1,8827,1,0,40,1,1,0
49,1,16,1,5765,8,1,40,2,1,0
44,1,21,1,120,7,0,50,1,1,1
31,1,21,1,2486,38,0,10,2,1,0
22,1,16,1,4429,41,0,40,1,1,0
19,1,16,5,4336,34,2,40,1,1,0
49,1,21,1,331,12,1,40,1,1,1
42,1,21,1,3570,4,0,40,2,1,0
44,1,19,1,5755,3,1,40,2,1,0
48,1,16,1,5164,36,1,40,2,1,0
22,1,19,5,2196,23,17,14,1,1,0
27,3,21,5,2394,37,0,40,2,1,1
55,1,18,3,5506,49,0,40,1,1,1
41,1,18,3,7024,295,0,40,1,1,1
27,3,21,1,2411,42,1,40,2,1,0
32,1,21,1,1058,26,0,40,1,1,1
27,1,21,5,5116,10,0,40,2,1,0
60,1,10,1,6231,33,9,40,2,1,0
53,1,21,1,61,13,0,40,1,1,1
44,1,21,1,319,17,1,40,1,1,1
51,1,21,1,5644,37,0,40,2,1,0
22,1,16,5,4167,39,2,40,2,1,0
32,1,21,5,708,35,0,40,1,1,1
17,1,14,5,4102,6,17,10,1,6,0
29,1,16,1,5535,38,0,40,2,1,0
29,1,21,5,6092,39,0,40,2,1,0
27,1,21,1,1964,38,1,40,2,1,0
44,1,21,3,766,4,0,40,1,1,1
55,1,16,5,9372,11,0,40,1,1,1
22,1,16,5,4120,38,2,9,1,1,0
18,1,19,5,4835,242,2,9,1,6,0
22,1,21,5,2940,29,0,40,2,1,1
58,1,19,1,404,24,1,50,1,1,1
35,1,16,1,6052,33,1,40,2,1,0
33,1,21,5,418,22,0,40,2,1,1
54,1,18,1,7448,13,0,40,1,1,0
57,1,19,1,3878,16,0,40,2,1,0
27,1,21,5,2435,34,13,40,2,1,0
43,1,20,1,204,32,1,40,2,1,1
30,1,22,1,2507,4,1,40,2,1,1
38,1,16,1,6528,315,0,40,1,1,0
31,1,16,3,4203,4,0,40,2,1,0
58,1,16,1,5924,20,1,40,1,1,0
28,1,21,1,5769,6,0,40,2,1,0
46,1,21,1,143,35,0,40,1,1,1
22,1,16,5,4297,11,16,8,2,1,0
50,1,18,1,8693,54,0,40,1,1,0
46,1,21,3,3450,11,0,40,2,1,1
22,1,14,5,4310,8,17,17,1,1,0
30,1,21,1,2107,5,1,40,2,1,0
21,1,21,5,2300,8,17,9,1,1,0
38,1,21,1,2186,38,0,40,2,1,0
60,1,21,1,291,45,1,40,2,1,1
64,2,22,1,3008,37,1,40,2,1,1
43,1,22,5,3557,39,0,40,2,1,1
47,1,21,3,601,33,13,40,1,1,1
22,1,19,5,4791,43,12,40,1,1,0
25,1,16,5,4108,43,17,40,1,1,0
55,1,19,1,5741,34,1,40,2,1,0
31,1,16,1,4209,28,1,40,2,1,0
25,1,19,1,5023,33,10,40,2,1,0
25,1,20,5,6001,33,0,40,2,1,0
32,1,16,5,6441,12,0,40,1,1,1
22,1,18,5,3991,34,2,40,2,1,0
49,1,21,1,293,35,1,50,1,1,1
59,1,21,1,2772,22,1,40,2,1,0
44,1,21,1,1103,24,0,40,1,1,1
28,1,13,5,3727,39,16,40,2,1,0
25,3,21,5,2231,200,0,40,2,6,1
32,1,21,1,2679,35,1,40,2,1,0
39,1,21,1,4498,52,1,40,2,1,0
50,1,21,1,957,2,1,40,2,1,1
48,1,19,5,4955,6,0,40,2,1,0
30,1,17,5,5754,4,13,40,1,1,0
39,1,21,5,1395,39,0,40,1,1,1
50,1,16,1,5947,34,1,40,1,1,1
56,1,16,1,6042,22,0,40,1,1,0
30,3,21,5,2375,5,2,11,2,1,0
21,1,19,5,5070,49,12,40,1,1,0
32,1,18,5,7956,24,0,40,1,1,0
33,1,21,5,5896,37,13,40,1,1,0
58,1,16,1,5021,17,1,40,2,1,0
26,1,16,5,5815,40,0,40,1,1,0
38,1,21,1,6479,221,0,40,1,6,0
25,1,16,5,4778,53,2,40,1,1,0
24,1,21,5,5931,238,0,40,2,1,0
17,1,14,5,9830,25,2,17,1,1,0
29,1,18,5,5260,13,13,40,1,1,0
47,1,21,1,475,7,0,40,1,1,1
56,1,16,1,5665,20,0,40,1,1,1
27,1,21,1,2183,38,1,12,2,1,0
49,1,17,1,6200,41,0,40,1,1,1
58,1,21,1,262,9,0,40,1,1,1
25,1,19,1,5572,45,10,40,2,1,0
27,1,21,5,3717,8,13,40,2,1,0
26,1,21,5,5178,36,2,40,1,1,0
23,1,19,5,5615,30,12,40,1,1,0
36,1,17,1,4093,40,0,40,2,1,0
63,1,16,1,4032,27,0,14,2,1,0
32,1,21,1,2330,47,1,40,2,1,0
45,1,24,5,223,5,0,40,1,1,1
44,1,16,1,7710,12,1,50,1,1,1
39,1,21,1,1225,43,1,40,1,1,0
38,1,21,1,568,26,0,40,1,1,1
40,1,19,1,4780,308,1,40,1,1,0
19,1,19,5,4711,19,2,7,2,1,0
40,3,21,1,2332,35,0,40,2,1,0
57,1,19,3,436,25,0,40,1,1,1
34,1,21,5,2515,7,0,40,2,1,1
44,1,16,1,6080,299,1,40,2,8,0
35,1,8,1,4178,50,0,40,1,1,0
45,1,19,5,4918,5,0,40,2,1,1
50,1,10,1,3902,48,1,40,2,1,0
62,1,19,1,5694,43,1,40,2,1,0
24,1,18,5,4168,32,2,40,1,1,0
31,3,21,1,2194,42,0,11,2,1,0
51,1,16,1,5700,244,0,40,1,6,1
54,1,21,5,403,2,0,40,1,1,1
29,1,19,1,6356,27,0,40,1,1,0
20,1,7,5,4300,9,17,10,1,1,0
25,1,19,3,6199,21,0,40,1,1,0
21,1,21,5,2210,42,2,12,2,1,0
45,1,22,3,252,27,0,40,1,1,1
47,1,21,1,410,27,0,50,1,1,1
39,1,21,1,815,7,1,40,1,1,0
59,1,19,1,4451,6,0,8,2,1,0
38,3,21,1,2265,33,1,40,2,1,0
52,3,22,1,2348,40,0,10,2,1,0
66,1,22,1,2905,17,1,40,1,1,1
30,1,19,5,5850,39,0,40,1,1,0
29,1,16,1,4215,30,1,40,2,1,0
34,2,22,1,2597,37,1,40,2,1,1
26,1,21,5,4722,9,0,40,2,1,0
46,1,16,3,8218,304,13,40,1,1,1
25,1,21,5,2246,223,2,7,2,6,0
37,1,19,1,7127,31,1,40,1,1,1
27,1,21,1,2580,20,9,40,2,1,0
59,1,16,1,5415,26,0,40,2,1,0
57,1,16,1,6080,37,0,40,1,1,1
52,1,16,1,4889,12,1,40,1,1,0
34,1,21,1,2027,11,0,40,2,1,1
28,1,16,1,5775,25,1,40,1,1,0
57,1,19,1,4850,10,0,40,1,1,1
19,1,16,5,4063,3,2,40,1,8,0
55,1,16,5,8019,20,0,40,1,1,1
21,1,19,5,2568,27,2,11,2,1,0
24,1,19,5,9830,6,2,40,1,1,0
33,1,21,1,2528,9,1,40,2,1,0
32,1,20,5,771,25,0,40,1,1,1
49,1,19,3,6044,8,0,40,1,1,0
53,1,20,3,614,21,0,40,1,1,1
21,1,19,5,6250,40,17,40,1,1,0
32,1,21,5,10,7,13,50,1,1,1
23,1,21,5,5013,39,0,40,2,1,0
45,1,21,5,160,40,0,40,1,1,1
61,1,16,1,4628,38,1,40,2,1,0
38,1,21,1,5996,36,1,40,2,1,0
24,1,16,5,9399,3,2,40,1,1,0
71,1,21,1,5290,39,0,40,2,1,1
47,1,22,1,448,36,1,40,1,1,1
69,1,21,1,3833,39,0,40,2,1,1
19,1,19,5,5080,39,2,40,2,1,0
45,1,21,1,505,215,0,40,1,6,1
45,1,21,3,162,37,0,40,1,1,1
20,1,19,5,4720,49,2,10,1,1,0
30,1,16,3,9235,5,0,40,1,1,0
27,3,21,5,2223,37,0,40,2,1,0
20,1,19,5,5492,39,17,40,2,1,0
28,1,21,1,2256,41,0,11,2,1,0
48,1,22,5,253,32,0,40,1,1,1
53,1,21,5,511,13,0,40,1,1,1
45,1,21,1,477,22,1,40,1,1,1
29,1,21,1,5648,37,0,40,1,1,0
42,1,16,1,4061,320,1,10,2,1,0
50,1,20,3,192,38,13,40,1,1,1
51,1,16,1,7572,9,1,40,1,1,1
25,1,16,5,4879,5,13,40,1,1,0
41,1,17,1,9750,40,0,40,1,1,0
51,1,22,5,110,232,0,40,1,6,1
17,1,18,5,4706,7,2,15,1,1,0
20,1,14,5,4289,10,17,40,1,1,0
44,1,22,1,1735,8,0,40,1,1,1
29,3,21,5,2419,19,0,40,2,1,1
27,1,22,5,2378,44,13,40,2,1,1
28,1,16,1,3869,38,10,40,2,1,0
34,1,16,1,6781,6,1,19,2,1,0
36,3,21,1,2252,36,0,40,2,1,1
20,1,14,5,4312,5,17,40,1,1,0
24,1,16,5,4175,6,13,40,1,1,0
27,1,9,5,9595,314,17,40,1,8,0
18,1,16,5,4092,53,2,40,1,1,0
26,1,16,5,4079,6,2,40,1,1,0
44,1,9,1,4344,305,10,40,1,1,0
50,1,16,5,5543,28,0,40,1,1,1
18,1,15,5,4676,24,2,16,2,1,0
20,1,19,5,2409,30,2,3,2,1,0
23,1,19,5,2232,33,17,8,1,1,0
37,3,21,1,2585,4,0,40,2,1,1
27,1,16,5,4915,22,0,40,1,1,0
26,1,22,5,2259,9,13,40,2,1,0
52,1,16,3,8985,39,0,40,1,1,1
25,1,19,5,3271,7,0,40,2,1,0
18,1,19,5,4758,38,17,8,1,1,0
19,1,19,5,4677,6,16,10,1,1,0
29,1,16,3,5557,36,0,40,2,1,0
33,1,21,1,1154,1,1,40,1,1,0
21,1,14,5,4080,54,2,13,1,1,0
35,1,16,5,7166,248,0,40,1,6,1
21,1,16,5,4641,10,2,13,2,1,0
50,1,20,1,5867,44,1,40,2,1,0
49,1,19,1,5330,304,0,40,1,1,1
41,1,19,5,5103,43,0,40,2,1,0
23,1,19,3,6102,28,0,40,1,1,0
29,1,22,5,2979,10,0,40,2,1,1
28,1,19,5,5136,23,2,40,1,1,0
18,1,19,5,4615,29,2,15,2,1,0
57,1,16,1,6048,24,1,40,2,1,0
37,1,22,5,1225,38,0,40,1,1,1
45,1,18,1,5601,4,1,40,1,1,0
43,1,22,1,325,34,0,50,1,1,1
30,1,21,5,1214,13,0,40,2,1,0
52,1,19,1,706,8,0,50,1,1,1
57,1,20,1,2269,34,1,11,2,1,0
27,1,16,3,4214,22,9,40,1,1,0
59,1,19,1,2617,17,1,18,2,1,0
23,1,16,5,4758,25,2,40,2,1,0
31,1,21,1,4654,36,0,40,2,1,0
58,1,16,1,3716,34,1,40,2,1,1
45,1,16,1,6098,7,1,40,1,1,0
20,1,19,5,4642,5,16,8,1,6,0
58,1,16,3,5057,33,0,40,2,1,0
17,1,14,5,4168,54,2,8,1,1,0
44,1,21,1,337,38,1,50,1,1,1
34,1,21,1,1979,24,0,4,2,1,0
49,1,22,1,10,35,1,50,1,1,1
56,1,16,1,3638,37,1,33,2,1,0
41,1,19,1,5478,11,10,40,2,1,0
51,1,18,5,7019,37,0,40,1,1,1
19,1,19,5,4810,24,2,15,2,1,0
25,1,19,5,5857,30,2,40,2,1,0
59,1,18,1,6055,27,0,40,1,1,0
21,1,16,5,5856,7,2,12,2,1,0
18,1,19,5,4675,15,17,33,2,1,0
43,1,12,1,4191,316,1,40,2,1,0
27,1,16,5,6774,36,13,40,1,1,0
51,1,17,3,7668,40,0,40,1,1,1
28,1,19,5,5988,218,0,40,2,6,0
29,1,11,1,4095,302,10,40,2,8,0
22,1,16,5,9481,325,2,40,1,1,0
68,1,20,1,3383,38,1,13,2,1,0
35,1,21,1,2547,36,1,40,1,1,1
63,1,20,1,5364,29,0,40,2,1,0
49,1,18,1,5278,52,1,40,1,1,0
25,1,16,1,4124,3,1,40,2,1,0
56,1,16,1,5288,38,1,40,1,1,1
38,3,21,1,2516,40,1,40,2,1,0
64,1,19,1,3774,34,0,36,2,1,0
52,1,16,1,7968,35,0,50,1,1,1
23,1,9,5,4202,38,16,40,1,1,0
46,1,18,1,8783,13,0,40,1,1,0
31,1,21,1,1926,38,1,40,2,1,0
58,1,18,1,5466,15,1,40,2,1,0
27,1,19,5,5576,21,13,40,2,1,0
36,1,21,5,460,334,0,40,1,6,1
47,1,21,1,3449,235,0,40,2,1,0
46,1,21,1,378,32,0,40,1,1,1
28,1,16,1,7259,33,0,40,1,1,0
36,1,19,1,5963,43,1,40,1,1,0
35,1,22,5,340,38,0,40,1,1,1
58,1,16,1,87,22,1,40,1,1,1
54,1,16,1,5671,38,0,40,1,1,1
25,1,21,5,2383,2,2,12,2,1,0
44,1,21,1,198,40,1,50,1,1,1
34,1,19,5,5485,15,13,40,1,1,1
50,1,19,1,2305,13,10,9,2,1,0
64,1,20,3,388,37,0,40,2,1,1
24,1,21,5,2367,16,0,40,2,1,1
17,1,14,5,4387,8,2,9,1,1,0
28,1,10,5,9759,311,0,40,1,6,0
72,1,19,1,457,27,0,40,2,1,1
22,1,16,5,6627,5,17,40,1,1,0
26,1,16,3,4080,18,0,5,2,1,0
28,1,20,1,3373,8,1,7,2,1,0
44,1,16,1,6315,287,0,40,1,1,1
45,1,21,1,314,5,0,40,1,1,1
41,1,21,1,1687,17,0,40,1,1,1
26,1,20,1,1963,34,0,9,2,1,0
20,1,19,5,5592,4,2,40,2,1,0
46,1,22,1,541,32,0,50,1,1,1
25,1,21,5,1916,34,2,40,1,1,1
55,1,16,1,5221,11,1,40,2,1,0
71,1,19,3,5509,38,16,31,2,1,0
25,1,19,1,2470,39,1,15,2,1,0
51,1,21,5,97,8,0,40,1,1,1
46,1,18,1,7551,226,1,40,1,1,1
52,1,16,1,6450,36,1,40,1,1,0
60,1,19,1,6014,27,1,40,2,1,0
46,1,17,5,9358,7,13,40,1,1,0
44,1,16,1,7559,303,1,40,1,6,1
31,1,22,5,1117,214,0,40,2,6,1
42,1,21,1,649,36,0,50,1,1,1
39,1,19,1,5183,7,1,40,2,1,0
43,1,21,3,151,39,0,40,1,1,1
19,1,9,5,4704,50,16,14,2,1,0
51,1,21,1,157,18,1,40,1,1,1
48,1,16,1,6356,313,1,40,1,1,0
27,1,21,1,3385,19,0,40,2,1,0
53,1,16,3,7821,38,0,40,1,1,1
32,1,16,1,6028,34,0,40,2,1,0
69,2,22,1,3165,23,1,40,2,1,1
34,1,21,5,849,22,0,40,1,1,1
39,1,19,1,5394,21,1,40,2,1,0
29,1,16,5,3920,33,2,40,2,1,0
45,3,22,1,2329,6,1,40,2,1,0
47,1,16,1,7903,3,1,40,1,1,1
47,1,16,1,9262,204,0,40,1,6,1
62,2,22,3,362,41,0,40,2,1,1
47,1,21,1,1772,39,0,50,1,1,1
43,1,21,3,365,19,0,50,1,1,1
27,1,16,1,4322,303,10,40,1,8,0
42,1,19,1,5467,34,0,40,1,1,1
31,2,22,5,2231,39,0,40,2,1,0
19,1,14,5,4577,6,17,11,1,1,0
18,1,16,5,4703,40,2,11,2,1,0
33,1,19,1,6304,26,1,40,1,1,0
57,1,16,1,160,10,0,40,1,1,1
27,1,19,5,5518,36,2,40,2,1,0
57,1,16,1,5525,39,1,40,2,1,0
27,1,16,5,9548,29,2,40,1,1,0
19,1,14,5,4115,8,16,9,1,1,0
60,1,18,1,5103,7,0,40,1,1,1
19,1,19,5,4661,9,17,11,1,1,0
62,1,16,1,6039,41,1,40,2,1,0
43,1,20,1,2261,9,1,12,2,1,0
26,1,16,3,5037,5,0,40,1,1,0
27,1,16,5,5471,23,0,40,1,1,1
49,1,16,1,6013,39,0,40,2,1,0
56,1,19,1,5732,38,0,40,1,1,0
64,1,20,1,240,24,0,40,2,1,1
40,1,17,3,8929,314,0,40,1,1,0
20,1,21,5,1432,42,13,40,1,1,0
47,1,24,1,1109,17,0,40,1,1,1
42,1,21,1,6005,22,1,40,2,1,0
39,1,21,1,5234,36,0,40,1,1,1
29,1,19,1,5943,7,1,40,2,1,0
40,1,16,5,7244,18,13,40,1,1,1
30,1,19,5,6703,25,0,40,1,1,0
32,1,19,1,5950,24,0,4,2,1,0
46,1,22,1,394,5,0,50,1,1,1
48,1,16,1,8189,39,1,40,1,1,1
48,1,10,1,7674,304,1,40,1,1,1
27,1,16,5,3832,8,2,3,2,1,0
59,1,18,1,5882,37,1,40,2,1,0
58,1,16,5,6103,26,0,40,1,1,1
22,1,16,3,3945,41,2,40,2,1,0
48,1,16,5,8733,324,0,40,1,1,1
28,1,21,1,2257,25,0,40,2,1,0
27,1,19,5,5489,39,0,40,1,1,0
42,3,22,1,2429,34,0,40,2,1,0
57,1,19,3,589,26,0,50,1,1,1
18,1,18,5,4724,34,13,40,2,1,0
52,1,16,3,6266,8,0,40,2,1,0
43,1,22,5,616,40,0,40,1,1,1
53,1,19,3,5588,5,0,40,2,1,0
50,1,18,5,5771,216,0,40,1,6,1
24,1,16,5,4783,20,2,8,2,1,0
18,1,14,5,3999,27,2,9,1,1,0
63,2,21,1,2193,34,1,31,2,1,0
28,1,21,5,6322,26,0,40,1,1,0
49,1,21,1,928,36,1,50,1,1,1
53,1,11,1,6021,5,1,40,2,1,0
65,1,19,1,4791,39,1,40,1,1,1
58,1,16,1,6276,27,1,40,1,1,1
28,1,19,5,5694,224,12,40,1,6,0
31,1,21,5,797,34,0,40,1,1,1
24,1,16,5,4080,26,2,32,2,1,0
54,1,19,1,5454,42,0,40,1,1,1
59,1,20,3,2237,13,0,32,2,1,0
23,1,18,1,4206,23,0,21,2,1,0
22,1,16,5,5750,37,2,40,2,1,0
20,1,16,5,4603,28,2,12,1,1,0
42,1,21,1,540,21,0,50,1,1,1
20,1,16,5,3994,18,2,33,2,1,0
51,1,16,1,7500,5,0,50,1,1,1
42,1,21,1,5758,19,1,40,2,1,0
27,1,22,5,1425,6,13,40,1,1,1
25,1,21,5,909,42,0,40,1,1,1
36,1,22,1,2114,37,1,40,2,1,0
18,1,19,5,5253,38,17,40,1,1,0
26,1,19,5,5110,13,0,40,1,1,0
57,1,19,1,4746,26,0,32,2,1,0
39,1,21,1,7480,27,1,40,1,1,1
38,1,19,1,5196,28,1,40,2,1,0
19,1,16,5,4082,42,2,40,1,1,0
55,1,20,1,2973,257,1,30,2,6,0
50,1,18,3,8971,303,0,40,1,1,1
21,1,14,5,4094,297,2,34,2,8,0
33,1,21,5,637,44,0,40,1,1,1
54,1,19,3,6116,33,0,40,1,1,0
57,1,19,1,5285,7,0,30,2,1,0
61,1,16,3,5515,9,0,40,2,1,0
18,1,19,5,4694,9,17,14,1,1,0
42,1,19,1,6208,6,0,40,1,1,0
24,1,16,1,2612,42,1,12,2,1,0
30,1,19,5,3772,10,0,16,2,1,0
20,1,21,5,2133,6,17,10,2,1,0
49,1,19,1,7855,44,0,40,1,1,1
54,1,20,5,195,20,13,40,1,1,1
61,1,17,1,4043,35,0,40,2,1,0
45,3,22,1,2496,7,1,40,2,1,1
39,1,19,1,4770,12,0,40,1,1,0
30,1,21,5,5711,40,12,40,1,1,0
47,1,19,3,5324,23,13,40,1,1,1
22,1,14,5,4244,7,17,12,1,1,0
40,1,20,1,1351,16,1,40,1,1,1
62,1,19,1,5373,12,0,40,2,1,0
32,1,21,5,1056,16,0,40,1,1,1
39,1,21,1,3131,6,0,40,2,1,1
24,1,19,1,5181,32,9,40,2,1,0
37,1,16,5,9359,11,13,40,1,1,0
18,1,19,5,4759,26,16,11,1,1,0
40,1,21,1,1209,31,1,40,1,1,1
30,1,21,5,5051,39,13,40,2,1,0
57,1,19,1,194,7,1,40,1,1,1
42,3,21,1,2414,15,0,40,2,1,1
47,1,16,5,7794,11,0,40,1,1,1
32,1,21,1,5022,23,0,40,1,1,0
29,1,16,1,5523,49,9,40,2,1,0
46,1,21,3,3205,6,0,40,1,1,1
27,1,16,1,6150,26,0,40,1,1,0
46,1,18,1,5778,6,0,40,1,1,0
25,2,21,5,2461,41,13,40,2,1,0
27,1,21,5,3355,39,12,40,2,1,0
45,1,21,1,147,35,0,60,1,1,1
31,1,22,1,2571,9,0,40,2,1,1
55,1,16,1,5354,35,1,40,2,1,1
37,1,21,1,3376,17,1,40,2,1,1
32,1,21,1,2647,26,1,40,1,1,0
25,1,10,5,4287,304,2,40,1,1,0
31,1,16,3,4152,4,0,40,2,1,0
49,1,16,1,8970,306,1,40,1,6,1
36,1,21,5,1291,43,0,40,1,1,1
17,1,14,5,4238,35,2,12,2,1,0
45,1,20,1,5846,6,1,40,2,1,0
46,1,10,1,4073,4,1,40,2,1,0
39,1,19,5,298,200,0,40,1,6,1
54,1,16,1,5755,37,1,40,2,1,0
35,1,21,1,4987,6,1,40,1,1,0
50,1,20,1,260,32,1,51,1,1,1
49,1,21,3,401,27,0,40,1,1,1
45,1,19,1,5411,38,1,40,1,1,1
27,3,21,1,2573,234,0,9,2,6,0
20,1,16,5,4672,40,13,40,2,1,0
20,1,19,5,2640,7,17,10,1,6,0
43,1,19,3,6863,37,0,40,1,1,0
17,1,16,5,4687,6,17,8,2,1,0
65,1,18,1,5712,38,0,40,1,1,1
51,1,21,3,4803,6,0,40,1,1,1
38,1,21,1,2768,42,0,40,1,1,0
62,1,18,5,5790,40,0,40,2,1,0
44,1,21,1,421,12,1,50,1,6,1
36,1,16,1,7370,13,0,40,1,1,1
59,1,19,1,4872,27,0,40,1,1,1
53,1,16,1,5382,26,0,40,1,1,1
45,1,19,1,6110,223,0,40,2,1,1
61,1,16,3,441,7,0,40,2,1,1
42,1,16,1,4364,8,1,40,1,1,0
35,1,19,1,5996,17,9,40,2,1,0
45,1,21,5,259,29,0,40,1,1,1
53,1,16,3,7581,33,0,40,1,1,1
34,1,21,1,771,8,1,40,1,1,1
50,1,22,1,1178,216,0,40,1,6,1
56,1,19,1,5543,17,1,40,2,1,0
25,1,21,5,5948,42,13,40,2,1,0
19,1,9,5,9830,36,15,40,1,1,0
20,1,13,5,4023,55,17,40,1,1,0
53,1,21,1,204,9,1,40,1,1,1
32,1,21,5,5301,22,0,40,1,1,1
37,1,21,1,2475,12,1,40,1,1,1
48,1,21,1,275,29,1,50,1,1,1
35,1,21,5,1032,37,0,40,1,1,1
37,1,17,5,5359,39,0,40,2,1,0
43,1,22,1,2519,37,0,40,1,1,1
51,1,19,1,5952,25,1,40,1,1,1
32,1,17,3,8957,27,0,40,1,1,0
27,1,19,5,5410,9,0,40,2,1,0
21,1,19,5,4649,24,17,9,2,1,0
42,1,21,1,2935,216,0,40,1,6,1
44,1,19,1,241,38,0,40,1,1,1
51,1,16,3,9090,33,0,40,1,1,1
36,1,22,5,1013,206,13,40,1,6,1
49,1,19,1,184,208,1,40,1,6,1
50,1,16,5,5572,25,13,40,2,1,0
60,1,16,1,5552,43,1,40,1,1,1
25,1,16,1,4250,22,1,40,2,1,0
23,1,19,5,4438,18,0,9,2,1,0
29,1,18,5,5114,5,0,40,2,1,0
45,1,20,3,480,8,0,40,1,1,1
27,1,21,5,1265,24,0,40,1,1,0
26,1,19,3,3668,44,0,30,2,1,0
42,1,21,1,2197,3,1,40,2,1,0
44,1,16,1,5034,312,1,40,2,1,0
62,1,16,1,5250,44,0,40,1,1,0
26,1,21,1,2291,8,0,40,2,1,0
60,2,22,5,3024,37,0,40,2,1,1
52,1,18,1,5252,31,1,40,2,1,0
48,1,21,1,65,6,0,40,1,1,1
52,1,7,1,4318,308,1,40,1,8,0
26,1,21,5,5894,37,0,40,1,1,0
20,1,19,5,4250,8,16,6,1,6,0
59,1,16,1,5366,42,0,34,2,1,0
51,1,16,1,5522,300,0,40,1,1,0
46,1,22,5,186,39,0,40,1,1,1
49,1,16,5,5299,15,0,40,1,1,1
41,1,21,1,1100,41,0,40,1,1,1
58,1,16,1,6063,19,1,40,1,1,0
21,1,16,5,4158,10,17,14,1,1,0
22,1,16,5,4252,236,17,14,1,6,0
38,1,22,1,2096,233,0,40,2,6,0
51,1,16,1,8978,12,1,40,1,1,0
48,1,22,1,849,4,0,40,1,1,1
54,1,19,1,4941,36,0,40,1,1,1
25,1,16,5,9616,27,13,40,1,1,0
38,1,21,1,2233,17,0,40,1,1,1
18,1,16,5,4224,6,17,5,1,1,0
48,1,22,1,57,8,0,50,1,1,1
51,1,19,1,7633,6,1,40,1,1,1
29,1,16,1,6760,20,1,40,2,1,0
45,1,16,1,5564,5,1,40,2,1,0
30,1,21,5,1413,4,13,40,1,1,1
45,1,21,3,1213,40,0,50,1,1,1
31,1,19,5,5602,40,0,40,2,1,0
54,1,16,1,6713,34,0,40,1,1,1
28,3,22,5,2390,38,2,10,2,1,0
47,1,21,1,343,36,1,40,1,1,1
31,1,22,5,2167,6,13,40,2,1,0
22,1,16,5,4114,5,17,40,2,1,0
26,1,21,1,2278,9,0,40,2,1,0
47,1,16,1,7097,2,0,40,1,1,1
65,1,19,1,6056,27,0,40,1,1,0
55,1,16,5,9348,38,0,40,1,1,1
23,1,8,5,9240,22,2,40,1,1,0
52,1,16,1,5506,14,0,40,2,1,0
73,1,18,1,3614,25,0,11,2,1,0
75,2,21,1,3052,11,0,13,2,1,0
20,1,14,5,4124,53,17,12,1,1,0
50,1,22,1,2953,4,1,40,2,6,1
19,1,13,5,4277,49,16,12,1,1,0
28,3,21,1,2388,9,0,40,2,1,0
30,1,21,1,2075,41,9,40,2,1,0
23,1,21,5,4351,6,2,40,1,1,0
36,1,19,1,5085,215,1,40,2,6,0
32,1,19,5,7631,38,0,40,1,1,1
26,1,21,5,5238,43,0,40,2,1,0
44,1,20,1,5876,7,1,40,2,1,0
39,1,21,1,4348,38,0,40,2,1,0
22,1,21,5,1472,17,0,40,1,1,0
22,1,16,3,4356,40,9,40,1,1,0
44,1,21,1,629,1,1,40,1,1,1
29,1,21,1,2581,39,0,40,2,1,0
49,1,19,1,4953,209,0,40,1,1,0
28,1,21,3,2321,3,12,40,2,1,0
60,2,19,1,2295,3,0,20,2,1,0
43,1,21,1,5715,42,0,40,2,1,0
17,1,19,5,4697,37,2,13,2,1,0
20,1,16,5,4771,31,17,12,1,1,0
40,3,22,1,2220,7,1,40,2,1,0
46,1,21,3,756,31,0,40,1,1,1
56,1,16,1,7871,4,0,40,1,1,1
45,1,21,3,2967,36,0,50,1,1,1
47,1,21,5,263,27,13,40,1,1,1
39,1,19,1,5591,53,0,40,2,1,0
40,1,21,1,1289,18,0,40,1,1,1
55,1,16,3,507,39,0,40,1,1,1
45,1,21,1,3273,20,1,40,2,1,1
62,1,18,1,4211,37,10,40,2,1,0
30,1,21,5,948,210,0,40,1,6,1
43,1,19,5,140,31,13,40,1,1,1
41,1,21,3,354,20,0,40,1,1,1
30,1,21,3,6226,27,0,40,1,1,0
27,1,19,1,3505,311,9,40,2,1,0
50,1,22,5,2838,40,0,40,1,1,1
29,1,16,1,4255,40,0,7,2,1,0
29,1,21,5,5672,4,2,40,2,1,0
34,1,21,5,4618,22,0,40,1,1,1
23,1,21,5,2384,19,2,17,2,1,0
46,1,19,3,7548,2,0,50,1,1,1
25,1,16,3,6372,41,0,40,2,1,0
51,1,16,5,5446,39,0,40,2,1,1
32,1,16,5,9324,5,0,40,1,1,0
28,1,16,1,5383,26,0,40,2,1,0
30,1,21,5,2484,8,12,40,2,1,0
44,1,20,3,7923,5,0,40,1,1,1
44,1,19,5,425,33,13,40,1,1,1
63,1,18,1,4695,17,0,40,2,1,1
18,1,19,5,4210,50,2,15,1,1,0
44,1,20,1,5030,6,1,40,2,1,0
57,1,19,1,4866,38,1,40,2,1,0
44,1,19,1,7873,6,1,40,1,1,1
47,1,16,1,5732,36,1,40,1,1,1
42,1,12,1,8890,46,1,40,1,1,0
51,1,21,1,119,44,1,40,2,1,1
28,1,19,5,4930,6,0,40,2,1,0
52,1,16,3,585,20,0,40,1,1,1
48,1,12,1,6026,309,0,40,1,1,0
46,1,19,1,440,226,0,50,1,1,1
27,1,19,3,3572,38,0,27,2,1,0
43,1,21,1,7480,45,1,50,1,1,1
29,1,16,1,6151,49,1,40,1,1,0
22,1,19,5,4658,39,0,32,2,1,0
37,1,19,1,5816,47,1,40,2,1,0
57,1,16,1,6149,8,0,40,2,1,0
63,1,19,1,5622,17,0,40,2,1,0
21,1,21,5,5121,40,2,40,1,1,0
42,3,22,1,2330,39,1,40,2,1,1
27,3,21,1,2373,52,0,11,2,1,0
32,1,19,5,6409,22,0,40,1,1,1
52,1,21,1,1236,23,0,40,1,1,1
61,1,16,3,144,14,0,40,1,1,1
20,1,16,5,4157,19,2,40,1,1,0
27,1,19,1,5869,42,0,40,1,1,0
23,1,19,5,2586,20,16,8,2,1,0
40,1,16,1,6355,7,1,40,1,1,0
48,1,22,1,1276,225,0,40,1,6,1
19,1,14,5,4730,25,17,6,1,1,0
65,1,21,3,3003,15,0,40,2,1,1
29,1,21,5,5215,7,13,40,1,1,0
48,1,21,1,248,16,0,50,1,1,1
33,1,21,5,3437,16,0,7,2,1,0
41,1,21,1,391,37,1,50,1,1,1
51,1,16,1,6431,39,1,40,1,1,0
29,1,21,1,2021,34,0,10,2,1,0
51,1,22,3,10,38,0,50,1,1,1
29,1,21,3,5357,14,0,14,2,1,0
47,1,19,1,600,8,1,40,1,1,1
23,1,21,5,975,41,13,40,2,1,0
23,1,21,5,2505,41,2,6,2,1,0
63,1,16,1,4948,16,0,40,2,1,0
28,1,21,1,2000,40,1,40,2,1,0
59,1,16,1,4237,37,0,9,2,1,0
43,1,21,3,80,25,0,40,1,1,1
26,1,21,1,2131,27,0,40,2,1,0
24,1,21,5,5248,19,2,40,1,1,0
26,1,19,5,5202,36,0,40,2,1,0
20,1,18,5,4170,49,17,6,1,1,0
26,1,16,5,5071,10,0,40,2,1,0
45,1,21,1,366,7,0,50,1,1,1
49,1,21,5,258,10,0,40,1,1,1
50,2,22,1,3265,219,1,40,2,6,1
59,1,17,3,9350,26,13,40,1,1,1
52,1,22,1,2880,38,0,40,1,1,1
20,1,16,5,4173,7,17,12,2,1,0
31,1,21,1,999,221,1,40,2,6,0
33,1,21,5,5823,8,13,40,1,1,0
34,1,19,3,5111,35,13,40,1,1,0
45,1,21,1,3385,12,1,40,2,1,0
53,1,16,1,7276,41,1,50,1,1,1
56,1,16,5,5860,40,13,40,1,1,1
54,1,16,3,381,36,0,40,1,1,1
17,1,8,5,4589,14,2,13,1,1,0
20,1,19,5,4835,4,2,34,2,1,0
24,1,21,5,2693,2,0,40,1,6,0
45,1,21,1,3338,36,1,40,2,1,1
23,1,16,5,6129,302,2,40,1,8,0
29,1,21,1,2459,26,1,40,2,1,0
40,1,21,3,294,7,0,40,2,1,1
26,1,16,5,4962,333,2,40,2,6,0
49,1,16,1,7348,36,0,40,1,1,1
57,1,18,1,4009,22,9,40,2,1,0
20,1,16,5,4161,8,2,8,2,1,0
29,1,16,5,6426,23,13,40,1,1,0
28,1,19,5,6232,13,0,40,1,1,1
36,1,21,1,2861,6,0,40,1,1,1
26,1,16,5,9211,38,2,40,1,1,0
29,1,21,3,5486,26,0,40,2,1,0
20,1,19,5,2194,10,16,14,2,1,0
47,1,21,1,376,21,1,40,1,1,1
50,1,22,1,2298,2,1,40,2,1,1
51,1,19,3,5478,3,0,40,1,1,0
33,3,21,5,2303,37,0,40,1,1,1
42,1,19,5,6584,10,0,40,1,1,1
20,1,16,5,4669,2,2,10,1,6,0
42,1,21,3,1227,30,0,50,1,1,1
49,1,1,1,7120,210,0,40,1,1,1
29,1,11,5,9785,5,13,40,1,1,0
59,1,17,3,6253,37,0,40,2,1,0
29,1,20,5,5566,35,0,40,1,1,1
31,1,21,1,2673,6,1,40,2,1,1
29,1,19,5,4632,38,0,40,2,1,0
25,1,19,5,5208,38,0,40,2,1,0
37,1,19,1,6021,7,0,40,1,1,0
42,1,21,1,5654,45,1,40,1,1,0
52,1,16,1,5671,7,1,40,2,1,0
56,1,16,1,6426,15,0,40,1,1,1
39,2,21,1,2016,38,1,40,2,1,1
41,3,22,1,2556,35,1,11,2,1,0
57,1,16,1,4130,21,0,40,2,1,0
29,1,10,5,4246,319,0,40,1,1,0
62,1,19,1,6363,5,0,40,2,1,0
25,1,21,3,5272,32,0,40,2,1,0
35,1,20,5,1227,24,0,40,1,1,1
20,1,14,5,4639,52,16,7,1,1,0
21,1,18,5,6087,34,17,40,1,1,0
45,1,18,1,313,11,1,40,1,1,1
22,1,17,5,4054,6,17,40,1,1,0
27,1,19,1,6189,36,0,40,1,1,0
29,1,17,5,9192,36,16,40,1,1,0
27,1,16,5,9335,39,13,40,1,1,0
54,1,16,1,4162,330,10,40,2,1,0
25,1,18,5,7763,20,0,40,1,1,0
36,1,21,1,1104,39,0,40,1,1,1
24,1,16,5,9271,317,10,40,1,1,0
28,1,16,1,4284,43,10,40,2,1,0
19,1,17,5,4256,33,2,40,1,1,0
50,1,22,5,3034,11,0,40,2,1,1
27,1,21,5,2152,32,2,10,2,1,0
20,1,16,5,4347,33,2,40,1,1,0
17,1,14,5,4280,7,2,12,1,1,0
65,1,16,1,7751,27,1,40,1,1,1
60,1,18,1,138,7,1,40,2,1,1
48,1,22,1,1534,5,0,40,1,1,1
46,1,17,1,8851,9,0,40,1,1,1
59,1,16,1,6324,18,0,40,1,1,1
42,1,21,1,254,1,1,50,1,1,1
48,1,16,1,4945,7,1,30,2,1,0
27,1,18,3,4035,38,16,12,2,1,0
53,1,19,3,6306,31,0,40,1,1,1
50,1,16,1,342,22,1,40,1,1,1
52,1,18,5,6649,36,0,40,1,1,1
30,1,21,1,3412,22,1,40,2,1,1
23,1,19,1,5748,4,0,13,2,1,0
47,1,16,5,5992,310,0,40,1,1,0
40,1,21,3,5595,35,0,40,2,1,0
54,1,21,1,3235,11,1,40,2,1,0
26,1,19,5,6342,25,13,40,1,1,0
25,1,19,5,4998,205,13,40,2,6,0
68,1,21,1,3272,17,0,40,2,1,0
59,1,16,3,5942,24,0,40,2,1,1
40,3,21,1,2326,32,1,40,1,1,1
63,1,13,1,4178,6,9,14,2,1,0
46,1,17,3,4187,4,0,33,2,1,0
61,1,18,1,4573,21,0,40,1,1,1
59,1,19,1,3915,44,1,40,2,1,0
47,1,16,1,10,4,1,50,1,1,1
46,1,21,1,486,39,1,40,2,1,1
22,1,18,5,4096,37,2,40,1,1,0
54,1,19,3,5333,9,0,40,2,1,0
52,3,21,1,2111,37,0,40,2,1,0
20,1,19,5,4657,17,16,8,2,1,0
38,1,21,1,454,11,0,40,1,1,1
42,3,22,1,2419,221,1,40,2,6,0
41,1,21,3,118,1,0,40,1,1,1
49,1,21,5,220,9,0,40,2,1,1
24,1,14,5,3904,40,2,40,2,1,0
45,1,1,3,7721,303,0,40,1,1,1
20,1,16,5,4055,38,17,35,2,1,0
24,1,19,5,5768,31,0,40,2,1,0
43,2,21,1,2138,20,1,40,2,1,1
51,1,16,1,51,38,0,40,1,1,1
35,1,21,1,586,5,1,40,1,1,0
35,1,21,1,6508,40,1,40,1,1,0
44,1,21,1,745,37,0,40,1,1,1
50,1,16,3,379,10,0,50,1,1,1
39,1,22,5,549,5,0,40,1,1,1
26,1,16,1,4189,309,0,40,2,1,0
25,1,16,5,4345,7,13,40,1,1,0
63,1,18,1,364,16,1,50,1,1,1
31,1,16,1,4066,49,1,40,2,1,0
22,1,16,5,9488,31,2,40,1,1,0
48,1,21,3,369,19,0,40,1,1,1
33,1,21,5,1332,18,13,40,1,1,1
27,1,22,5,2131,8,0,12,2,1,0
37,1,21,1,3176,17,1,40,2,1,0
27,1,21,5,3396,34,0,40,2,1,0
30,1,21,5,583,11,0,40,1,1,1
53,1,17,1,7519,39,0,40,1,1,1
33,1,16,1,6263,39,1,40,1,1,0
54,1,21,1,2229,25,1,40,2,1,0
29,1,16,1,4159,44,1,40,2,1,0
47,1,22,1,291,38,0,40,1,1,1
24,1,16,5,6360,46,2,40,1,1,0
36,1,21,1,5209,22,1,16,2,1,0
26,1,18,3,5705,41,0,40,2,1,0
26,1,16,5,6128,27,2,40,1,1,0
46,1,19,3,6101,16,0,40,1,1,0
44,1,19,1,10,9,1,40,1,1,1
25,1,21,5,634,39,12,40,1,1,0
37,1,21,3,5442,38,0,40,2,1,0
62,1,20,1,4987,32,1,40,2,1,0
63,1,16,3,296,20,0,50,1,1,1
32,1,19,5,9249,13,13,40,1,1,1
52,1,21,1,116,38,1,40,2,1,1
56,1,19,1,5781,39,1,40,2,1,1
39,1,21,1,453,38,1,40,1,1,1
19,1,16,5,4098,230,2,15,1,6,0
32,1,16,5,6010,28,0,40,2,1,0
56,1,19,1,659,23,0,40,1,1,1
52,1,16,3,461,35,0,40,1,1,1
37,1,21,1,1001,26,0,50,1,1,1
21,1,19,5,4997,40,2,40,2,1,0
27,1,19,5,6716,7,2,40,1,1,0
26,1,16,5,5960,40,0,40,1,1,0
38,1,21,1,4858,6,1,40,1,1,1
27,1,21,5,853,14,0,40,1,1,1
49,1,19,1,5755,6,0,40,1,1,0
24,1,19,1,5937,20,10,40,2,1,0
26,1,19,5,5695,37,0,40,1,1,0
42,1,19,1,5041,34,0,40,2,1,0
38,1,21,1,834,42,1,40,1,1,1
33,1,21,1,1160,42,0,40,1,1,1
22,1,19,5,5203,19,0,40,2,1,0
27,1,21,5,4947,8,2,40,1,1,0
35,3,22,1,2394,6,1,40,2,1,0
55,1,19,5,6218,39,0,40,1,1,1
53,1,16,5,6111,37,0,40,1,1,1
41,1,21,3,2281,35,0,40,2,1,0
29,1,21,5,957,18,13,40,1,1,1
50,1,16,5,5887,40,0,40,1,1,1
19,1,14,5,4184,18,2,11,1,1,0
51,1,22,1,1310,224,0,40,1,1,1
22,1,16,5,4119,8,17,13,1,1,0
40,1,21,1,3081,19,0,40,1,1,1
23,1,19,5,5769,21,2,14,2,1,0
26,1,16,5,4052,24,0,30,2,1,0
50,1,19,1,6063,36,1,40,2,1,1
24,2,21,1,2104,42,0,40,2,1,0
49,1,21,1,500,25,1,40,2,1,1
31,1,16,5,6621,40,13,40,1,1,0
23,1,9,5,4222,6,2,40,1,1,0
51,1,16,1,8010,17,1,50,1,1,1
30,1,19,3,5912,38,0,31,2,1,0
59,1,16,5,8195,40,0,40,1,1,1
65,1,16,1,4608,20,1,40,2,1,0
31,1,22,1,2688,7,1,40,1,1,1
25,1,19,1,5831,5,0,14,2,1,0
26,1,19,1,3619,26,0,40,2,1,0
27,1,19,1,2511,49,1,11,2,1,0
66,1,21,1,862,24,0,40,1,1,1
61,1,16,1,6111,21,1,40,1,1,1
52,1,16,5,61,301,0,40,1,1,1
30,1,16,3,4287,36,16,40,2,1,0
57,1,16,5,7825,35,0,40,1,1,1
28,1,17,5,4317,44,16,40,1,1,0
49,1,21,1,93,10,1,40,1,1,1
37,1,19,1,5710,25,0,40,1,1,0
54,1,16,1,4153,19,9,40,2,1,0
47,1,22,1,241,38,1,40,2,1,1
47,1,22,1,1001,218,0,40,1,6,1
45,1,19,5,5898,43,0,40,2,1,0
46,1,21,1,209,16,1,50,1,1,1
28,1,18,5,3657,16,13,33,2,1,0
52,1,16,3,28,38,0,40,1,1,1
44,1,21,1,232,39,1,50,1,1,1
24,1,16,1,3974,212,9,40,2,8,0
22,1,19,5,4637,47,16,16,1,1,0
61,7,21,1,587,47,0,50,1,1,1
47,1,21,1,5339,35,0,40,2,1,0
43,1,17,1,4199,51,0,40,1,1,0
29,1,9,5,6448,21,2,40,1,1,0
22,1,18,5,4791,35,13,40,1,1,0
56,1,15,1,4171,14,1,13,2,1,0
48,3,22,1,2525,36,1,40,1,1,1
23,1,21,5,3293,3,0,40,2,1,1
34,1,22,5,853,39,0,40,2,1,1
56,1,16,1,380,37,0,50,1,1,1
47,1,11,1,4145,6,1,15,2,1,0
46,1,21,1,246,7,1,40,1,1,1
28,1,21,1,1205,3,1,40,2,1,0
25,1,21,1,4847,224,0,34,2,6,0
25,1,19,5,5721,10,13,40,1,1,0
29,1,19,5,5003,35,13,35,2,1,0
49,1,16,5,6227,43,0,40,1,1,1
37,1,21,1,2365,40,1,40,2,1,0
29,1,19,5,4983,15,0,40,2,1,0
53,1,20,5,867,28,0,40,1,1,1
33,2,22,1,2033,36,0,15,2,1,0
31,1,21,5,2443,7,2,40,2,1,0
25,3,22,3,2516,39,0,40,2,1,0
46,1,21,5,917,8,0,40,1,1,1
24,1,12,1,6039,287,10,40,1,8,0
52,1,21,1,3449,41,1,40,2,1,0
25,1,16,5,5542,15,0,40,1,1,0
42,1,21,1,899,3,1,40,1,1,1
28,1,21,5,6151,8,13,40,1,1,0
59,1,20,1,3606,11,0,34,2,1,0
31,1,17,1,5915,316,16,40,1,1,0
48,1,16,1,5767,7,1,40,2,1,0
62,1,16,1,4996,37,0,40,1,1,0
60,1,16,1,6039,39,0,40,1,1,1
25,1,19,5,5143,223,2,40,1,6,0
27,1,21,5,2482,226,13,40,2,6,0
19,1,16,5,9244,208,16,40,1,6,0
28,1,19,5,4873,37,0,40,2,1,0
58,1,21,1,301,21,1,40,2,1,1
41,1,21,1,2707,38,1,40,1,1,0
21,1,16,5,3938,27,12,40,1,1,0
51,1,21,1,286,40,0,50,1,1,1
38,3,21,1,2327,27,0,40,2,1,0
48,1,19,1,192,6,1,40,1,1,1
43,3,22,1,2537,211,1,40,2,6,0
18,1,19,5,4611,11,16,11,1,6,0
24,1,19,5,4799,53,12,40,2,1,0
59,1,16,1,7663,21,1,50,1,1,1
20,1,19,5,4723,15,17,12,2,1,0
53,1,16,1,272,40,1,50,1,1,1
53,1,17,3,125,5,0,40,1,1,1
56,1,19,1,5531,25,1,40,2,1,0
52,1,16,1,7984,34,1,50,1,1,1
24,1,19,3,4777,21,0,40,2,1,0
63,1,19,1,5601,35,1,40,2,1,0
20,1,16,5,4640,21,2,9,2,1,0
51,1,19,1,5247,42,0,40,2,1,0
61,1,16,1,5150,23,1,40,2,1,0
23,1,21,5,2130,38,0,40,2,1,0
28,1,19,3,5159,40,0,35,2,1,0
29,1,19,1,6056,4,1,40,2,1,0
59,1,19,1,5046,18,0,40,2,1,0
32,1,21,5,28,36,0,40,1,1,1
42,1,22,5,1131,230,0,40,2,6,1
63,1,19,1,6067,35,0,18,2,1,0
19,1,18,5,4719,11,2,10,2,1,0
65,1,19,1,5345,14,0,33,2,1,0
45,1,21,1,574,35,1,60,1,1,1
51,1,10,1,4233,315,0,40,2,8,0
61,2,21,1,1978,34,1,11,2,1,0
18,1,19,5,4726,11,2,7,2,1,0
33,1,19,5,5999,38,0,40,1,1,1
24,1,11,5,9546,306,15,40,1,8,0
22,1,16,5,3991,38,2,40,2,1,0
32,1,21,5,1443,39,0,40,1,1,1
23,1,18,5,4596,37,2,2,2,1,0
45,1,22,1,226,14,1,40,2,1,1
45,1,19,1,10,4,0,40,1,1,1
22,1,16,3,4128,16,16,40,2,1,0
43,1,17,3,9505,20,0,40,1,1,0
22,1,16,5,4295,315,2,40,1,8,0
37,2,21,1,2178,35,0,40,1,1,1
27,1,19,5,5587,38,13,40,1,1,0
29,1,21,5,5519,225,2,40,1,6,0
29,1,21,1,1880,36,0,40,1,1,0
38,1,21,1,1381,39,1,40,1,1,1
65,1,21,1,5938,27,0,40,2,1,0
52,1,18,5,5229,23,0,40,1,1,1
28,1,21,1,2284,13,0,8,2,1,0
43,1,20,5,7656,22,0,40,1,1,1
29,1,19,1,5201,214,9,36,2,6,0
24,1,18,3,5890,19,0,40,1,1,0
24,1,21,5,2208,36,12,40,2,1,0
46,1,21,1,204,37,0,40,1,1,1
58,1,16,1,5334,18,1,40,2,1,0
52,1,16,1,5599,8,0,40,1,1,1
26,1,19,3,3654,49,9,40,2,1,0
23,1,19,5,6079,21,0,40,1,1,0
43,1,22,1,1305,6,0,40,1,1,1
31,1,16,5,5621,42,13,40,2,1,0
21,1,16,5,4605,20,13,40,2,1,0
24,1,19,5,4695,34,13,40,2,1,0
25,1,16,5,4638,24,13,40,2,1,0
47,1,19,1,72,11,0,50,1,1,1
47,1,16,1,6898,34,1,40,1,1,0
38,1,21,1,2509,13,1,6,2,1,0
19,1,19,5,4605,20,16,14,2,1,0
45,1,21,1,593,41,1,50,1,1,1
24,2,21,5,2473,41,13,40,2,1,0
27,1,21,5,3104,39,0,40,2,1,0
50,1,17,3,4125,4,16,40,2,1,0
54,1,16,3,5920,35,0,40,1,1,1
40,1,21,1,469,40,1,40,1,1,1
37,1,16,1,5814,5,0,40,1,1,0
37,3,22,1,2341,44,1,8,2,1,0
23,1,14,3,4156,313,10,9,2,1,0
61,1,18,1,4064,18,1,40,2,1,0
40,1,21,1,1346,23,0,40,1,1,1
40,1,16,3,8094,10,0,40,1,1,1
24,1,16,1,4157,23,0,40,2,1,0
46,1,19,1,6034,2,1,40,1,1,1
63,1,16,1,9343,33,1,40,1,1,0
28,1,16,1,4266,43,0,40,1,1,0
36,1,19,5,5644,4,0,40,1,1,1
22,1,21,5,2536,31,2,13,2,1,0
20,1,19,5,4734,30,17,12,2,1,0
42,1,1,5,5926,245,0,40,1,6,1
17,1,19,5,2284,12,2,6,2,1,0
29,1,19,1,6148,29,1,40,2,1,0
31,1,19,5,6076,14,0,40,1,1,0
22,1,19,5,4643,27,2,9,2,1,0
44,1,21,1,27,19,1,50,1,1,1
22,1,16,5,5276,11,0,40,1,1,0
60,1,18,3,4704,39,0,33,2,1,0
32,1,21,5,380,16,0,40,2,1,1
23,1,19,5,4965,23,2,40,1,1,0
20,2,19,5,2508,30,16,4,2,1,0
19,1,19,5,4703,56,2,12,1,1,0
26,1,21,5,2667,8,2,40,1,1,0
28,1,19,5,5859,30,2,40,1,1,0
59,1,19,1,4961,14,1,40,1,1,0
65,1,19,5,3552,25,0,31,2,1,0
36,1,9,5,6253,319,0,40,1,8,0
26,1,21,5,3599,35,13,40,2,1,0
50,1,16,5,5667,10,0,40,1,1,1
28,1,21,1,2032,26,1,40,1,1,1
45,1,22,1,266,43,0,40,1,1,1
44,1,21,5,477,34,0,40,2,1,1
63,1,18,1,5556,34,0,40,1,1,0
29,1,17,5,3900,15,0,40,2,1,0
57,1,17,5,4613,19,13,40,2,1,0
48,1,21,1,2933,218,1,40,1,6,1
47,1,21,1,4512,1,0,40,2,1,0
49,1,16,3,5527,9,0,40,1,1,0
47,1,16,5,137,40,0,40,1,1,1
21,1,21,5,4998,1,2,40,2,1,0
46,1,21,5,205,28,0,40,2,1,1
58,1,16,1,2743,12,0,8,2,1,0
40,1,19,1,6007,6,1,40,1,1,0
47,1,16,3,6508,35,0,40,1,1,1
24,1,16,5,4141,23,17,40,1,1,0
21,1,19,5,4647,5,2,40,1,1,0
33,1,21,1,2229,11,0,6,2,1,0
26,1,21,5,2446,7,0,40,2,1,0
48,1,16,1,6386,219,0,40,1,6,1
46,1,21,1,234,18,0,40,1,1,1
27,1,19,1,3788,41,0,5,2,1,0
44,1,21,1,3514,39,0,40,2,1,1
24,1,21,5,2284,8,12,40,1,1,0
29,1,20,1,2231,30,0,9,2,1,0
29,1,16,5,6536,10,0,40,1,1,0
19,1,18,5,4744,36,2,9,2,1,0
32,6,21,1,2741,6,0,16,2,1,0
19,1,19,5,2494,30,2,8,1,1,0
66,6,19,1,4200,37,10,9,2,1,0
37,1,19,1,5199,16,0,40,1,1,0
29,2,21,1,1948,33,0,40,2,1,0
27,3,22,5,2479,33,0,11,2,1,0
51,1,19,1,564,220,0,40,1,6,1
48,1,16,1,5693,8,0,40,1,1,1
73,2,21,1,1851,26,0,40,1,1,1
20,1,18,5,4684,39,16,31,2,1,0
53,1,19,1,6048,36,1,40,1,1,1
61,1,16,1,5600,6,0,40,2,1,0
49,1,16,5,7213,4,0,40,1,1,1
46,1,21,5,69,20,0,40,1,1,1
25,1,16,3,4079,39,10,40,1,1,0
20,1,16,5,4193,23,2,7,1,1,0
23,1,16,5,3976,295,2,40,1,8,0
50,1,21,1,129,7,0,40,1,1,1
53,1,19,1,5903,22,0,40,1,1,1
28,1,16,5,6272,22,0,40,1,1,0
27,1,16,5,4066,4,2,40,2,1,0
47,3,22,3,2465,3,0,13,2,1,0
48,1,21,1,2331,40,1,40,2,1,0
44,1,21,3,284,39,0,50,1,1,1
34,1,21,1,5876,311,0,40,2,1,0
22,1,19,5,4577,36,0,36,2,1,0
24,1,16,5,4380,231,2,40,2,1,0
56,1,16,1,378,41,0,40,1,1,1
25,1,16,1,5790,40,0,40,1,1,0
30,1,19,1,5559,25,0,40,2,1,0
24,1,16,5,6640,5,0,40,1,1,0
28,1,21,5,2385,18,0,40,1,1,0
38,1,19,1,454,4,0,40,1,1,1
26,1,18,5,6335,3,0,40,1,1,0
26,1,16,5,9274,3,0,40,1,1,0
30,1,21,1,2521,34,1,40,2,1,1
36,1,22,1,1544,1,0,40,1,1,1
21,1,16,5,9682,45,2,40,1,1,0
20,1,16,5,4773,12,16,7,2,1,0
33,1,21,3,4990,28,0,40,1,1,1
33,1,16,5,7383,40,0,40,1,1,0
59,1,16,1,5769,4,0,40,1,1,0
43,1,18,1,6386,1,0,40,1,1,0
51,1,16,1,5803,12,1,40,1,1,0
30,1,19,3,5879,37,0,35,2,1,0
29,1,18,5,4921,317,0,40,1,1,0
22,1,19,5,4656,39,2,17,2,1,0
17,1,10,5,4049,315,2,13,1,6,0
62,1,16,1,6035,21,1,40,1,1,0
31,1,19,3,5788,20,0,40,1,1,1
35,1,22,1,3207,36,1,40,2,1,1
37,1,21,1,3081,43,1,40,2,1,0
27,1,16,5,4706,20,2,40,2,1,0
17,1,19,5,2234,15,2,11,2,1,0
39,1,21,1,3753,225,0,40,2,6,0
65,1,18,1,4834,27,0,40,1,1,0
26,1,16,1,6147,312,0,40,1,1,0
29,1,21,1,2599,38,9,40,1,1,0
40,1,22,1,2294,35,1,40,2,1,1
29,1,19,5,4826,42,0,40,1,1,0
46,1,20,3,36,5,13,40,2,1,1
45,1,20,1,34,7,0,40,1,1,1
48,1,19,1,5464,40,0,40,1,1,0
57,1,17,3,4851,6,13,40,1,1,1
56,1,16,1,5862,21,1,40,2,1,0
21,1,19,5,5342,37,2,40,1,1,0
60,1,16,1,6446,41,0,9,2,1,0
35,1,22,1,2198,4,0,40,1,1,1
25,1,19,1,6506,37,0,40,1,1,0
48,1,16,1,528,40,0,40,1,1,1
49,1,22,1,1232,7,0,50,1,1,1
56,1,16,3,6084,19,0,40,2,1,0
48,1,21,1,3310,234,1,40,2,6,0
47,1,16,1,7234,21,0,50,1,1,1
50,1,21,5,260,39,0,40,1,1,1
18,1,16,5,4042,7,2,8,1,1,0
36,1,11,1,6109,34,10,40,1,1,0
65,1,19,1,5996,16,0,40,2,1,0
28,1,18,1,4190,7,1,13,2,1,0
38,1,21,1,3078,6,1,40,1,1,1
55,1,17,1,9290,24,1,40,1,1,0
39,1,19,1,6194,9,0,40,1,1,0
61,1,16,1,4858,2,0,40,2,1,0
21,1,21,5,2340,6,2,11,2,1,0
19,1,16,5,5201,38,2,40,2,1,0
55,1,16,3,388,35,0,40,1,1,1
54,1,16,5,9149,43,0,40,1,1,1
58,1,16,1,6509,32,0,40,1,1,0
27,3,22,5,2408,38,0,40,2,1,0
50,1,16,1,5789,9,0,40,1,1,1
18,1,13,5,4095,25,2,9,1,1,0
49,1,21,1,117,35,0,50,1,1,1
32,1,21,5,1059,24,0,40,1,1,1
25,1,16,1,4197,47,1,10,2,1,0
20,1,19,5,4442,25,17,40,2,1,0
41,1,21,1,403,223,1,40,1,6,1
62,1,19,1,5178,17,1,11,2,1,0
31,2,22,1,2158,34,0,14,2,1,0
47,1,20,1,53,19,1,50,1,1,1
24,1,9,5,3993,35,2,35,1,1,0
56,1,21,1,542,24,0,40,1,1,1
47,1,19,1,5733,12,0,40,1,1,0
36,1,21,5,852,40,0,40,1,1,1
38,1,21,1,2412,36,1,40,1,1,1
60,1,16,1,5217,30,0,40,2,1,1
43,1,19,3,5618,35,13,40,2,1,1
44,1,21,1,460,38,0,40,1,1,1
22,1,19,5,4982,30,2,40,1,1,0
35,1,21,1,2386,6,0,40,2,1,0
43,1,21,1,2379,39,0,40,2,1,0
59,1,17,1,4151,24,1,40,2,1,0
26,1,19,5,5901,38,2,40,1,1,0
32,1,16,1,4089,318,9,40,1,1,0
30,1,21,5,2025,220,2,40,2,6,0
30,1,16,1,4165,11,1,40,2,1,0
55,1,19,1,5248,9,0,40,2,1,0
53,1,19,5,5452,16,0,40,2,1,1
25,1,21,1,2649,236,0,40,2,6,1
29,1,21,5,3368,39,13,40,2,1,0
25,1,21,5,5826,19,12,40,1,1,0
54,1,16,3,5542,21,0,40,1,1,0
28,1,21,1,1166,228,0,40,1,6,0
35,1,9,5,7584,295,0,40,1,1,1
28,1,19,5,6496,18,0,40,1,1,0
23,1,18,5,9221,35,2,40,1,1,0
48,1,21,1,382,26,0,40,1,1,1
39,3,21,1,2480,3,0,7,2,1,0
17,1,19,5,4668,16,17,12,1,1,0
48,1,21,1,5276,9,0,40,2,1,1
29,1,18,3,6509,17,0,40,1,1,0
35,1,21,5,4361,239,0,40,1,6,1
42,1,19,1,5436,6,1,40,1,1,1
21,1,21,5,2383,10,12,6,2,1,0
29,1,21,5,3550,39,13,40,2,1,1
35,1,21,5,4600,37,0,40,1,1,1
28,1,16,5,6234,39,0,40,1,1,0
55,1,21,5,533,29,0,40,2,1,1
46,1,21,1,351,3,0,40,1,1,1
46,1,21,3,172,40,0,40,2,1,1
21,1,19,5,5843,18,2,35,2,1,0
20,1,19,5,4599,13,17,10,2,1,0
56,1,16,1,4834,17,0,40,1,1,0
26,1,10,5,4093,301,0,40,2,1,0
55,1,17,5,9072,36,13,40,1,1,1
43,1,21,1,10,41,1,40,1,1,1
38,1,21,1,2123,28,1,40,1,1,1
41,1,19,1,5857,36,1,40,1,1,0
44,1,19,1,6286,37,0,40,1,1,0
54,1,19,5,4659,19,0,40,1,1,1
24,1,16,3,5232,37,9,40,2,1,0
40,1,21,1,2969,34,0,40,2,1,0
44,1,21,1,3011,14,1,40,1,1,1
21,1,16,5,9689,25,13,40,1,1,0
26,1,9,1,4113,306,0,40,1,1,0
24,1,21,1,2038,25,0,11,2,1,0
38,1,21,1,3073,36,1,40,2,1,1
29,1,21,1,5041,3,9,40,2,1,0
65,2,21,5,3413,27,0,40,2,1,1
27,1,16,1,4129,310,0,40,1,1,0
38,1,21,5,1707,37,0,40,1,1,1
30,1,16,1,9747,18,0,40,1,1,0
46,3,21,1,2336,9,1,40,1,1,1
53,1,16,3,122,12,0,40,2,1,1
29,1,17,1,3913,38,0,40,2,1,0
46,1,21,1,247,11,1,40,1,1,1
59,1,21,1,2981,17,0,40,2,1,1
42,1,21,5,261,6,0,40,2,1,1
23,1,19,5,4776,29,2,10,2,1,0
45,1,22,1,1562,17,0,50,1,1,1
49,1,20,3,7949,34,0,50,1,1,1
60,1,19,1,5554,39,0,40,2,1,0
44,1,21,1,383,36,0,40,1,1,1
21,1,18,5,4665,4,17,31,2,1,0
80,1,21,1,3673,41,9,40,2,1,0
50,1,21,1,303,18,0,50,1,1,1
38,1,22,1,3333,221,0,40,2,6,1
32,1,18,5,6691,42,0,40,1,1,0
59,1,16,1,6348,32,0,40,2,1,0
27,1,16,5,4162,5,2,40,1,1,0
19,1,16,5,3930,20,2,8,2,1,0
19,1,19,5,4845,32,2,16,1,1,0
30,3,22,1,2522,215,0,11,2,6,0
25,1,16,3,6157,23,16,40,1,1,0
52,1,16,1,7594,10,0,40,1,1,1
41,1,19,1,5193,1,1,40,1,1,1
44,1,22,3,1483,39,0,50,1,1,1
31,1,21,5,6170,36,0,40,1,1,0
32,1,16,1,3918,16,1,40,2,1,0
51,1,20,3,10,43,0,40,1,1,1
27,1,21,1,2146,20,0,40,2,1,0
43,1,21,1,5623,24,0,40,1,1,0
29,1,19,3,5840,36,0,40,1,1,0
44,1,21,3,228,202,0,40,1,6,1
44,1,21,5,378,16,13,40,2,1,1
21,1,19,5,4754,18,2,15,2,1,0
49,1,16,1,5490,10,0,40,1,1,1
47,1,19,1,5104,35,0,40,1,1,0
53,1,19,3,5625,14,0,40,2,1,0
46,1,17,3,7575,7,13,40,1,1,1
34,1,19,5,6095,36,13,40,2,1,0
34,1,19,5,5795,20,13,40,1,1,0
39,1,22,1,22,232,0,40,1,6,1
49,1,21,1,1176,39,1,40,2,1,1
28,1,19,5,5710,47,2,40,1,1,0
28,1,21,5,5677,20,0,40,1,1,1
45,1,19,5,5239,43,13,40,2,1,0
38,1,21,5,983,32,0,40,1,1,1
47,1,11,1,99,219,0,40,1,6,1
29,1,16,5,5468,25,2,40,2,1,0
19,1,16,5,4140,54,2,14,2,1,0
21,1,18,5,4659,27,2,6,2,1,0
45,1,21,1,3176,41,1,40,2,1,1
46,1,16,1,5208,5,1,40,1,1,1
35,1,21,5,297,5,0,40,1,1,1
25,1,16,5,4208,38,0,40,2,1,0
40,1,21,1,764,18,1,50,1,1,1
19,1,16,5,4149,41,2,12,2,1,0
29,1,21,1,5554,20,1,40,2,1,0
48,1,19,5,5617,6,13,40,2,1,0
57,1,16,1,5042,24,0,40,2,1,0
67,2,22,1,3251,41,0,40,2,1,1
62,1,18,3,5773,5,0,40,1,1,1
47,1,19,1,5432,35,1,40,2,1,1
35,1,16,1,6302,38,1,40,2,1,0
41,1,16,5,4315,10,0,40,2,1,0
44,1,16,1,304,8,1,40,1,1,1
56,1,21,1,490,23,0,40,1,1,1
40,1,21,1,807,31,0,40,1,1,1
18,1,16,5,4035,20,2,40,1,1,0
39,1,16,1,7775,39,0,40,1,1,0
18,1,19,5,4669,34,17,9,2,1,0
39,1,21,1,2172,12,0,40,2,1,1
54,1,21,3,133,20,0,50,1,1,1
20,1,16,5,4060,6,2,40,2,1,0
55,1,20,3,607,31,0,40,1,1,1
22,1,14,5,4076,37,2,40,2,1,0
52,1,21,1,593,26,0,40,1,1,1
61,1,16,1,8250,33,1,40,1,1,1
28,1,19,5,4982,2,2,40,1,1,0
37,1,21,1,1091,39,1,40,1,1,1
24,1,14,5,4122,6,2,14,2,1,0
17,1,14,5,4323,52,17,11,1,1,0
33,1,16,3,9250,28,0,40,1,1,0
73,1,19,3,5997,23,0,40,1,1,1
53,1,16,1,9137,37,0,40,1,1,1
27,1,16,1,5526,7,1,40,2,1,0
28,1,21,1,3319,8,0,40,2,1,0
51,1,16,1,7513,7,0,50,1,1,1
20,2,21,5,2393,39,13,40,2,1,0
27,6,21,1,2779,40,0,9,2,1,0
19,1,13,5,4252,25,2,16,1,1,0
36,1,22,5,2350,9,13,40,2,1,1
30,1,16,5,5503,19,0,40,2,1,0
24,1,19,3,2432,25,0,13,2,1,0
53,1,19,1,7228,29,0,40,1,1,1
32,1,21,1,2165,9,1,40,2,1,0
34,1,21,3,6071,23,10,40,1,1,0
23,1,19,5,4171,23,2,12,1,1,0
52,1,19,5,3880,36,0,40,2,1,0
48,1,16,1,8244,22,0,40,1,1,1
31,3,21,1,2470,1,0,7,2,1,0
28,1,19,5,5388,36,17,40,1,1,0
19,1,16,5,4595,35,2,12,2,1,0
57,1,16,1,5264,43,1,40,1,1,1
18,1,14,5,4154,40,2,40,1,1,0
46,1,21,1,108,8,1,40,2,1,1
42,1,22,1,600,21,0,50,1,1,1
23,1,16,5,4000,327,0,40,2,1,0
57,1,16,1,6279,22,1,40,2,1,0
50,1,21,1,10,6,1,40,1,1,1
45,1,21,1,508,241,0,40,1,6,1
49,1,21,1,5330,214,1,40,2,6,0
24,1,19,5,5282,24,13,40,1,1,0
33,1,21,3,5998,40,0,40,1,1,0
20,1,16,5,4281,49,17,6,1,1,0
54,1,16,1,4897,38,0,40,1,1,1
22,1,19,1,6099,239,0,40,2,8,0
38,1,21,5,1188,26,0,40,1,1,1
19,1,16,5,4175,49,2,40,1,1,0
25,3,22,5,2534,37,0,40,2,1,0
61,1,20,1,4940,29,1,40,2,1,0
33,1,21,5,3132,34,0,40,2,1,1
27,1,21,5,1815,22,2,7,2,1,0
62,1,18,3,5731,16,0,40,2,1,0
38,1,19,1,5370,38,0,30,2,1,0
33,1,16,5,6563,25,0,40,1,1,0
45,3,21,1,2441,13,1,40,2,1,0
48,1,21,1,478,35,0,40,1,1,1
25,1,16,5,4151,319,5,40,1,1,0
47,1,21,1,1154,5,0,40,1,1,1
32,1,21,1,2204,34,1,11,2,1,0
22,1,10,5,4159,303,10,40,1,6,0
27,1,20,5,3609,43,0,40,2,1,0
29,2,21,1,1977,17,0,10,2,1,0
47,1,21,3,292,9,0,40,1,1,1
46,1,21,1,394,35,0,50,1,1,1
43,1,16,1,8901,18,0,40,1,1,0
47,1,21,1,1254,19,1,50,1,1,1
27,1,16,1,4125,37,0,5,2,1,0
41,1,16,1,6197,325,1,40,2,1,0
27,1,21,5,3179,9,0,29,2,1,0
46,1,16,1,4201,315,1,13,2,1,0
52,1,19,1,238,16,0,40,1,1,1
29,1,19,1,5575,45,1,40,2,1,0
52,1,16,3,5412,3,0,40,1,1,1
32,1,20,1,5129,9,1,40,2,1,0
59,1,17,1,4220,14,1,40,2,1,0
46,1,13,1,5700,35,1,40,2,1,0
37,1,21,5,1235,5,0,40,1,1,1
26,1,21,5,2078,23,2,40,2,1,0
35,1,16,5,5697,315,0,40,1,8,0
65,1,21,1,3706,35,0,40,2,1,0
28,1,19,3,5967,13,0,32,2,1,0
17,1,16,5,4257,6,2,17,1,1,0
24,1,16,5,5731,241,13,40,2,6,0
24,1,16,5,4816,37,0,40,2,1,0
40,1,19,3,4699,1,0,40,2,1,0
57,1,16,1,5037,9,1,40,2,1,1
66,1,19,3,5428,24,0,40,1,1,1
39,1,19,1,5734,2,0,40,1,1,0
65,1,20,3,252,39,13,40,2,1,1
20,1,18,5,4660,8,2,9,2,1,0
44,1,1,1,4155,299,10,40,2,6,0
49,1,7,3,4289,322,0,40,2,1,0
53,1,21,1,357,4,0,40,1,1,1
35,1,21,1,637,52,0,40,1,1,1
23,1,19,5,2338,5,17,7,2,1,0
40,1,21,1,2117,35,0,40,2,1,1
18,1,19,5,2426,3,2,6,2,1,0
60,1,16,3,5374,35,0,40,2,1,0
55,1,16,1,5488,37,1,40,1,1,1
53,1,19,1,565,5,1,40,1,1,1
66,2,21,1,2237,42,1,9,2,1,0
52,1,19,5,6263,5,13,40,2,1,0
32,1,16,5,5852,36,0,40,1,1,0
45,1,20,5,262,12,0,40,2,1,1
41,1,21,1,3259,222,1,40,2,6,0
19,1,15,5,4096,213,2,8,1,6,0
59,1,16,1,5159,39,1,40,2,1,0
37,3,22,1,2397,35,1,40,2,1,0
57,1,16,1,7668,40,1,40,1,1,1
26,1,21,5,5783,41,2,40,2,1,0
43,1,19,1,7915,36,1,40,1,1,1
24,1,16,5,5665,6,13,40,2,1,0
41,1,19,1,5462,41,0,40,1,1,1
42,1,18,1,5680,7,1,40,2,1,0
61,1,16,1,4230,22,1,40,2,1,0
43,1,10,1,6369,295,0,40,1,1,0
28,1,16,5,4431,14,13,40,1,1,0
22,1,16,3,5923,24,2,40,2,1,0
23,1,16,5,5123,37,2,40,1,1,0
49,1,21,3,312,14,13,40,2,1,1
33,1,21,5,5410,34,0,40,2,1,0
24,1,16,3,4189,52,0,40,2,1,0
42,1,22,3,371,13,0,50,1,1,1
32,1,21,1,2347,25,0,40,2,1,0
54,1,16,1,6340,38,0,40,1,1,0
55,1,16,3,6346,40,0,40,1,1,1
24,1,21,5,2336,6,0,32,2,1,0
21,1,16,1,3999,310,10,28,2,6,0
44,1,17,3,4104,5,0,30,2,1,0
34,1,17,5,6378,44,0,40,1,1,0
21,1,19,5,1981,39,17,7,2,1,0
44,1,21,1,343,240,0,40,1,6,1
21,1,14,5,4671,52,2,11,2,1,0
56,1,16,3,9391,14,0,40,1,1,0
27,1,21,1,6231,20,0,40,2,1,0
56,1,16,1,4288,41,1,40,2,1,0
32,1,21,5,2270,7,0,40,2,1,0
50,1,21,1,3204,38,0,40,1,1,1
20,1,16,5,5321,15,13,40,1,1,0
42,1,21,1,1059,35,1,40,1,1,1
42,1,21,1,755,38,0,40,1,1,1
26,1,21,1,1952,4,0,40,2,1,0
21,1,15,5,4213,6,2,15,2,1,0
47,1,19,1,5660,3,1,40,2,1,0
26,1,19,5,5909,7,13,40,2,1,0
29,1,21,5,3073,39,13,40,2,1,0
30,1,20,1,5419,43,1,40,2,1,0
48,1,22,5,458,10,0,40,2,1,1
37,1,11,1,3966,294,0,31,2,8,0
31,1,16,5,6063,50,0,40,1,1,0
31,1,16,3,4232,41,0,40,1,1,0
28,1,19,5,6660,38,13,40,1,1,0
42,1,21,1,3272,9,1,40,2,1,0
25,1,16,5,4241,1,12,40,2,1,0
47,1,22,1,156,25,0,40,1,1,1
51,1,21,1,3807,3,1,13,2,1,0
34,1,16,5,8011,39,0,40,1,1,1
56,1,21,1,3100,38,1,40,2,1,1
50,1,16,1,7676,14,1,40,1,1,1
50,1,16,1,4315,12,0,40,1,1,0
46,1,21,1,104,36,0,50,1,1,1
26,3,21,3,2448,40,0,10,2,1,0
62,1,18,1,6300,36,0,40,2,1,0
53,1,20,1,3310,17,0,33,2,1,0
36,1,22,1,1238,39,0,40,1,1,1
20,1,19,5,4160,12,2,3,1,1,0
22,1,19,5,5315,44,2,40,1,1,0
53,1,19,1,5623,23,0,40,1,1,1
65,1,20,1,5339,40,1,40,2,1,0
44,1,19,1,5353,35,0,40,1,1,1
55,1,16,1,5828,19,1,40,2,1,0
24,1,21,5,2453,9,2,40,1,1,0
22,1,19,5,5961,35,2,15,2,1,0
46,1,16,3,5604,301,0,40,2,1,0
60,1,21,1,2369,40,0,5,2,1,0
18,1,16,5,4525,49,2,16,2,1,0
52,3,21,1,2436,25,1,9,2,1,0
46,1,21,1,220,18,0,50,1,1,1
18,1,19,5,4695,3,16,5,2,6,0
43,1,21,1,907,5,1,40,2,1,1
54,1,19,1,3698,5,1,15,2,1,0
42,1,21,1,2525,22,0,40,2,1,0
29,1,16,1,6436,36,0,40,1,1,0
50,1,19,3,3772,228,0,40,2,1,0
34,1,21,5,62,6,0,40,1,1,1
27,1,21,5,2228,30,0,40,2,1,0
19,1,19,5,2217,37,2,10,2,1,0
28,1,21,5,5525,4,2,40,1,6,0
43,1,18,5,6317,253,0,40,1,6,1
23,1,19,5,5048,13,2,40,1,1,0
64,1,16,1,6339,41,1,40,2,1,1
54,1,19,1,3318,51,0,15,2,1,0
19,1,19,5,5288,21,13,40,1,1,0
37,1,21,1,5842,7,0,40,1,1,0
41,1,21,1,3122,38,1,40,2,1,0
28,1,19,1,2833,29,0,14,2,1,0
49,1,21,1,279,36,0,40,1,1,1
25,1,21,5,2285,24,0,40,2,1,1
46,1,21,1,612,222,0,40,1,6,1
37,1,19,5,5347,6,0,40,1,1,1
61,1,17,1,4137,41,1,15,2,1,0
28,1,19,5,5794,1,0,40,1,6,0
59,1,16,1,6261,14,0,40,1,1,1
76,2,21,1,2484,10,0,3,2,1,0
36,1,19,5,5282,10,13,40,1,1,0
23,1,16,5,5135,21,16,40,1,1,0
29,1,18,3,9830,23,16,40,1,1,0
25,1,16,3,6340,34,0,40,2,1,0
28,1,21,1,2221,8,1,12,2,1,0
60,1,20,1,4857,26,1,40,2,1,1
23,1,16,5,4075,11,2,40,2,1,0
36,1,16,1,5721,38,1,40,2,1,0
38,1,16,1,5924,312,1,40,2,1,0
20,1,16,5,4256,22,17,11,1,1,0
28,1,21,3,2459,41,0,40,2,1,0
25,1,19,1,4857,46,1,11,2,1,0
31,1,16,3,6266,23,0,40,1,1,0
50,1,22,5,344,28,0,40,2,1,1
26,1,19,5,3662,34,2,40,2,1,0
21,1,19,5,4266,11,2,40,1,1,0
24,1,19,5,6570,41,12,40,1,1,0
41,1,21,5,319,4,0,40,1,1,1
29,3,21,1,2269,38,0,9,2,1,0
56,1,16,3,5995,42,0,40,1,1,0
46,1,21,1,211,209,1,40,1,6,1
26,1,16,3,4199,29,0,40,2,1,0
42,1,21,1,623,40,0,40,1,1,1
56,1,19,1,280,6,1,50,1,1,1
29,2,22,5,2164,43,0,40,2,1,0
28,1,16,1,6272,37,1,40,1,1,0
43,1,19,3,5011,9,0,40,1,1,0
21,1,19,5,6079,41,17,14,2,1,0
34,1,22,5,827,13,13,40,1,1,1
30,1,24,1,2275,221,0,8,2,6,0
20,1,16,5,4171,25,2,40,1,1,0
21,1,21,5,2439,23,13,40,2,1,0
26,3,21,5,2571,34,2,14,2,1,0
52,1,19,3,144,33,0,40,1,1,1
48,1,16,1,4914,7,1,40,1,1,0
19,1,14,5,4657,7,15,3,1,1,0
35,1,21,3,1766,5,0,40,1,1,1
28,1,16,3,5154,37,0,40,2,1,0
62,3,22,1,2655,36,0,40,2,1,0
35,1,16,3,6514,40,13,40,1,1,0
34,1,16,1,5962,19,10,40,2,1,0
32,1,22,1,1905,23,0,40,2,1,0
29,1,21,1,2157,36,0,8,2,1,0
24,1,16,5,4110,311,2,40,1,6,0
54,1,16,1,7992,23,0,40,1,1,1
31,1,11,1,4078,307,1,40,2,1,0
26,1,16,5,4172,5,0,40,2,1,0
19,1,10,5,4091,224,2,12,2,6,0
50,1,21,1,3042,4,0,40,2,1,1
50,1,20,3,549,7,0,40,1,1,1
43,1,21,3,79,3,0,40,1,1,1
26,1,16,5,8943,6,2,40,1,1,0
52,1,16,1,6880,35,1,40,1,1,1
20,1,16,5,4695,35,2,11,2,1,0
49,1,7,1,8949,6,1,40,2,1,0
23,1,16,5,4143,39,2,40,2,1,0
58,1,16,1,8693,36,0,40,1,1,0
40,1,21,1,5872,23,1,40,2,1,0
21,1,19,5,4639,239,2,10,1,6,0
38,1,11,1,5774,309,1,40,1,8,0
46,1,16,3,5710,309,0,40,1,6,1
46,1,22,1,485,20,1,50,1,1,1
48,1,19,1,4589,4,0,40,1,1,1
26,1,19,5,5841,41,0,40,2,1,0
31,1,21,1,2163,234,0,40,2,1,0
48,1,21,1,746,39,1,50,1,1,1
23,1,16,5,4260,7,17,12,1,1,0
19,1,16,5,4617,35,2,36,2,1,0
43,1,16,1,6319,306,0,40,1,1,0
27,1,18,5,9427,326,13,40,1,1,0
35,1,21,1,2993,21,1,40,1,1,1
25,1,21,5,2331,4,13,8,2,1,0
32,1,21,5,1064,35,0,40,2,1,1
29,1,21,5,3784,244,13,40,2,6,0
48,1,10,1,5351,234,0,40,2,6,0
29,1,22,5,3192,34,13,40,2,1,1
20,1,16,5,4172,4,17,34,2,1,0
24,1,19,5,4751,38,2,31,2,1,0
65,1,17,1,5367,28,1,40,2,1,0
55,1,22,1,188,249,0,50,1,6,1
34,1,18,3,5828,36,0,40,1,1,0
46,1,19,1,6219,42,1,40,1,1,1
29,1,19,1,6269,10,1,40,2,1,0
38,1,21,1,5380,7,0,40,2,1,0
51,1,16,1,5535,5,1,40,2,1,0
55,1,16,5,5473,42,13,40,2,1,0
40,1,19,1,7344,6,0,50,1,1,1
62,1,20,3,5533,13,0,40,2,1,0
32,3,21,1,2150,24,1,40,2,1,1
47,1,16,1,5873,9,1,40,1,1,0
61,1,16,1,6174,5,0,40,2,1,0
47,1,21,5,490,38,0,40,2,1,1
34,1,21,1,2280,11,0,40,1,1,1
46,1,21,1,1155,8,0,40,1,1,1
29,1,16,5,4084,40,2,40,2,1,0
62,3,21,1,2288,39,0,9,2,1,0
18,1,19,5,4671,7,2,9,1,1,0
58,1,16,3,5811,41,0,40,2,1,0
51,1,21,1,428,29,0,40,1,1,1
40,1,22,1,1847,40,0,40,1,1,1
33,1,21,1,933,23,0,40,1,1,1
31,1,21,5,1550,36,0,40,1,1,1
70,1,16,3,5808,38,0,40,2,1,0
30,1,19,1,4949,20,0,40,2,1,0
20,1,16,5,4165,37,2,40,2,1,0
25,1,21,5,2299,7,12,40,1,1,0
45,1,21,1,560,23,1,50,1,1,1
62,1,17,1,4093,15,1,13,2,1,0
21,1,21,5,2274,228,2,40,2,6,0
32,1,21,1,1105,35,1,40,1,1,1
20,1,16,5,9200,4,16,40,1,1,0
32,1,21,1,2245,22,0,40,1,1,0
44,1,22,5,967,322,0,40,1,6,1
58,1,19,1,6751,33,0,40,1,1,1
24,1,19,1,5377,2,0,33,2,1,0
26,1,19,5,5619,35,2,40,1,1,0
29,1,19,3,5488,44,0,40,2,1,0
57,1,18,1,6127,20,1,40,1,1,1
59,1,16,1,5216,17,0,40,2,1,0
30,1,16,1,4180,6,1,40,2,1,0
21,1,16,5,9571,29,2,40,1,1,0
25,1,16,5,6559,1,0,40,1,8,0
19,1,16,5,4000,37,17,12,1,1,0
29,1,19,3,3594,43,0,15,2,1,0
43,1,16,5,6017,316,13,40,2,1,0
32,1,21,3,2479,10,0,40,2,1,0
59,1,20,1,5024,34,1,40,2,1,0
25,1,16,5,9388,37,17,40,1,1,0
22,1,19,3,5504,37,0,40,2,1,0
47,1,19,1,5336,5,1,40,2,1,0
17,1,8,5,4243,52,17,17,1,1,0
20,1,19,5,4902,28,2,40,1,1,0
49,1,19,1,5498,4,1,40,2,1,0
19,1,16,5,4003,48,2,7,1,1,0
63,1,16,1,5494,18,0,40,2,1,0
46,2,22,1,3048,40,1,40,2,1,0
54,1,22,1,396,31,1,50,1,1,1
44,1,18,1,4918,218,1,40,2,1,0
50,1,16,1,6004,219,0,40,1,8,0
44,1,21,1,10,23,0,50,1,1,1
30,1,16,1,4134,300,10,40,2,1,0
57,1,16,1,2180,37,1,9,2,1,0
20,1,19,5,4731,19,2,6,2,1,0
24,1,19,1,5644,39,1,40,2,1,0
30,1,21,1,1507,37,0,40,1,1,0
52,1,21,1,719,9,1,50,1,1,1
56,1,16,5,5192,44,0,40,1,1,1
49,1,22,1,561,6,1,40,1,1,1
62,2,20,1,2313,39,1,13,2,1,0
55,1,16,1,6278,36,0,40,1,1,1
58,1,21,1,3286,42,0,40,2,1,0
48,1,19,1,4787,6,1,40,2,1,0
27,1,21,5,2111,21,2,40,2,1,0
24,1,19,5,5724,5,10,40,2,1,0
24,1,19,5,4712,18,2,40,2,1,0
20,1,9,5,3833,37,2,34,1,1,0
36,1,21,1,2316,14,1,40,2,1,0
29,1,19,5,4854,36,2,40,1,1,0
28,1,21,5,839,4,0,40,1,1,1
31,1,19,5,5536,10,13,40,1,1,0
41,1,21,1,1641,30,0,40,1,1,1
57,1,16,1,5542,5,0,40,2,1,0
36,1,10,1,4282,318,1,40,1,8,0
55,1,16,1,5282,37,1,40,2,1,0
25,1,16,5,6867,299,0,40,1,8,0
52,7,22,1,2938,37,0,40,1,1,1
24,1,14,5,3868,18,2,34,2,1,0
50,1,22,1,2799,215,0,40,2,6,1
58,1,18,1,6220,41,0,40,2,1,0
26,1,19,5,5523,10,13,40,2,1,0
21,1,18,5,5964,7,2,40,1,1,0
30,1,21,5,4351,35,0,40,1,1,0
31,1,19,5,5326,2,0,40,1,1,0
20,1,21,5,2187,37,2,7,2,1,0
31,1,22,5,873,5,0,40,1,1,1
21,1,7,5,4320,41,2,8,1,1,0
47,1,10,1,4173,316,10,40,2,8,0
43,1,21,1,189,39,0,50,1,1,1
29,1,21,5,5093,8,13,40,1,1,0
31,1,21,1,6139,42,1,14,2,1,0
57,1,16,3,6750,2,0,40,2,1,0
55,1,16,1,7303,39,1,40,1,1,1
50,2,21,1,2258,34,0,40,1,1,1
54,1,19,1,5444,22,0,40,1,1,0
27,1,21,5,1281,6,0,40,1,1,1
61,1,16,1,5894,21,16,40,2,1,0
25,1,21,5,6582,8,17,40,1,1,0
39,1,21,1,1222,12,0,40,1,1,0
21,1,18,5,4794,8,2,40,1,1,0
58,1,19,3,317,14,0,40,2,1,1
42,1,22,3,73,36,0,50,1,1,1
27,1,19,1,5571,6,0,17,2,1,0
51,1,16,3,430,3,0,40,1,1,1
42,1,20,1,5644,2,1,40,2,1,0
25,2,21,1,1923,15,0,8,2,1,0
44,1,21,1,3044,38,1,40,2,1,1
23,1,12,1,3995,6,0,40,1,1,0
27,1,19,5,6086,8,12,40,1,1,0
65,1,18,1,6175,36,0,40,1,1,1
27,1,16,5,4181,33,2,40,2,1,0
26,1,19,5,5307,34,13,40,1,1,0
24,1,20,5,1160,13,0,40,1,1,0
31,1,21,3,5890,19,0,40,2,1,0
25,1,16,1,3719,35,1,10,2,1,0
51,1,16,1,7662,43,0,50,1,1,1
67,1,21,3,285,38,0,40,2,1,1
30,1,16,5,7003,18,2,40,1,1,0
44,1,21,1,59,23,1,50,1,1,1
61,1,19,1,6002,22,0,40,2,1,1
52,1,21,5,191,22,13,40,1,1,1
27,1,16,5,5571,28,13,40,2,1,0
26,1,19,5,4855,17,13,40,2,1,0
51,1,16,1,109,215,0,40,1,6,1
56,1,16,1,5443,13,1,40,1,1,1
50,1,16,1,5689,4,1,40,1,1,0
57,1,16,1,5239,44,1,40,2,1,0
62,1,21,1,3476,41,15,40,2,1,0
54,1,19,1,10,21,0,50,1,1,1
30,1,19,1,5280,11,9,40,2,1,0
56,1,16,1,5112,34,1,40,2,1,0
62,1,19,1,6708,37,0,40,1,1,1
52,1,16,1,5508,19,1,40,1,1,1
50,1,19,3,5480,23,0,40,2,1,1
46,1,22,1,1395,5,0,40,1,1,1
33,1,21,1,2189,42,1,40,1,1,1
42,1,16,5,5450,2,13,40,1,1,0
33,1,21,5,7116,7,0,40,1,1,0
20,1,19,5,4161,8,17,8,1,1,0
60,1,21,3,530,35,0,40,2,1,1
32,1,21,5,5778,43,13,40,2,1,0
24,1,18,5,5814,34,2,40,1,1,0
21,1,19,5,5439,21,2,40,2,1,0
41,1,21,1,3431,10,1,40,1,1,1
53,1,19,1,6033,7,0,40,1,1,1
38,1,16,1,5989,41,1,40,1,1,0
31,1,16,5,7906,5,13,40,1,1,1
51,1,21,5,431,43,0,40,2,1,1
52,1,21,1,3578,228,0,40,2,6,1
41,1,21,1,2204,41,1,40,2,1,0
41,1,20,1,3073,4,1,40,2,1,0
42,2,21,1,1905,6,1,40,2,1,1
32,1,18,5,5835,16,0,40,1,1,0
59,1,16,1,5556,9,0,40,2,1,0
30,1,16,3,8893,20,2,40,1,1,0
47,1,21,1,454,35,0,40,1,1,1
41,1,16,1,9423,45,0,40,1,1,0
19,1,19,5,4733,24,2,10,2,1,0
22,1,19,5,5831,14,2,40,1,1,0
34,1,19,3,5121,28,0,40,2,1,0
52,1,16,1,425,38,0,61,1,1,1
39,1,17,3,6330,22,0,40,1,1,0
51,1,22,1,332,193,0,40,1,6,1
22,1,14,5,4096,45,2,7,1,1,0
32,1,19,5,5154,8,12,40,1,1,0
31,1,11,5,7926,317,13,40,1,1,0
67,1,22,3,172,13,0,40,1,1,1
33,1,22,1,752,7,0,40,1,1,1
36,1,21,1,2192,3,1,40,1,1,1
61,1,20,1,4755,9,0,40,2,1,0
63,1,16,1,6167,39,1,9,2,1,0
38,1,21,1,1218,37,1,40,1,1,1
44,1,21,1,3263,4,0,40,2,1,1
46,1,21,1,10,25,1,40,1,1,1
45,1,18,1,4842,45,1,40,1,1,0
45,1,19,1,5385,10,1,40,2,1,0
19,1,11,5,4033,19,2,37,2,1,0
54,1,19,1,5618,10,0,40,2,1,0
26,1,16,5,8085,12,2,40,1,1,0
31,3,22,5,2388,12,0,40,2,1,0
41,1,21,1,6012,35,1,40,2,1,0
50,1,21,1,318,8,0,40,1,1,1
33,1,19,3,5660,17,12,40,1,1,0
21,1,16,5,9413,23,2,40,1,1,0
49,1,11,3,9230,326,13,40,1,1,1
50,1,9,3,7917,310,0,40,1,1,1
73,3,22,1,2561,19,0,5,2,1,0
40,1,21,1,2308,211,0,40,1,6,1
22,1,16,5,4348,48,17,17,1,1,0
31,1,22,5,2949,40,0,40,2,1,1
41,1,21,1,934,7,0,40,1,1,1
24,1,21,5,2215,7,2,11,2,1,0
45,1,16,1,7873,293,0,40,1,1,0
48,1,16,1,5439,292,0,40,2,1,0
52,1,18,1,6103,3,1,11,2,1,0
53,1,19,1,5677,38,1,40,2,1,0
46,1,21,1,143,6,1,50,1,1,1
43,1,21,1,6327,40,0,40,1,1,0
44,1,16,1,4111,293,0,40,2,1,0
53,1,16,1,5238,40,1,40,2,1,0
53,1,16,3,206,21,0,40,1,1,1
52,1,16,1,5291,3,1,40,2,1,0
38,3,21,1,2549,45,1,10,2,1,0
56,1,19,1,5790,9,1,40,2,1,0
45,1,19,1,7704,15,0,50,1,1,1
25,1,21,5,2516,8,2,40,2,1,0
28,1,16,1,4245,31,0,40,2,1,0
49,1,21,1,6091,4,0,40,2,1,0
22,1,19,5,3550,35,12,32,2,1,0
65,1,16,1,10,40,1,40,1,1,1
56,1,16,5,5679,6,0,40,1,1,0
49,1,21,5,176,41,0,40,1,1,1
40,1,21,1,1192,31,0,50,1,1,1
18,1,19,5,4691,23,2,13,2,1,0
23,1,19,5,2523,7,2,14,2,1,0
29,1,19,5,5468,9,0,36,2,1,0
19,1,16,5,4275,29,2,40,1,1,0
20,1,16,5,4080,6,7,40,2,1,0
44,1,22,1,351,10,1,40,1,1,1
50,1,21,3,382,6,0,40,1,1,1
50,1,16,1,7967,17,1,50,1,1,1
55,1,16,1,4245,323,0,40,2,1,0
39,1,21,1,2340,24,1,40,2,1,0
46,1,21,1,328,222,0,40,1,6,1
56,1,19,1,5598,40,0,40,1,1,1
25,1,16,5,5171,17,2,40,2,1,0
21,1,16,5,4302,51,2,10,1,1,0
19,1,14,5,4509,16,16,10,1,1,0
24,1,16,5,4193,33,2,40,2,1,0
24,1,19,3,6179,37,0,40,1,1,0
51,1,16,1,5426,41,0,40,1,1,1
32,1,21,3,3112,219,11,40,1,6,1
29,1,19,1,6120,23,0,8,2,1,0
30,1,21,5,2285,12,0,40,1,1,0
33,1,21,5,7784,36,0,40,1,1,1
47,1,22,1,247,9,0,40,1,1,1
21,1,16,5,4207,2,2,40,1,8,0
46,1,21,5,5803,36,0,40,2,1,0
49,3,22,1,2474,9,1,11,2,1,0
25,1,21,5,6263,41,2,40,1,1,0
26,1,19,1,3868,16,0,32,2,1,0
34,2,21,1,2092,13,1,14,2,1,0
64,1,16,1,83,16,0,50,1,1,1
59,1,16,3,6066,19,0,40,1,1,1
31,1,16,1,6281,43,1,40,2,1,0
50,1,16,1,5349,6,1,40,2,1,0
44,1,16,1,6885,37,0,40,1,1,0
58,1,16,1,5502,21,1,40,2,1,0
29,1,19,5,6150,8,2,40,1,1,0
20,1,19,5,4748,40,2,11,2,1,0
28,1,16,5,9107,38,0,40,1,1,0
23,1,16,5,4198,6,2,40,1,1,0
55,1,18,1,7832,20,1,40,1,1,1
22,1,19,5,4834,50,16,10,1,1,0
67,1,18,1,5627,25,0,40,2,1,0
27,1,21,5,5615,20,0,40,1,1,0
27,1,21,5,3122,6,13,40,2,1,0
45,1,20,1,632,36,1,40,1,1,1
35,1,21,1,199,241,0,40,1,6,1
33,1,21,1,4347,38,1,40,1,1,0
19,1,19,3,5367,7,9,40,2,1,0
36,1,21,1,3398,20,1,40,2,1,1
35,1,21,1,3545,36,1,40,2,1,0
38,1,21,1,3315,10,0,40,2,1,0
60,1,16,1,5707,22,1,40,1,1,1
24,1,21,5,666,20,0,40,2,1,1
31,1,19,1,5852,6,0,40,2,1,0
44,1,21,1,948,33,1,40,1,1,1
24,2,22,5,2209,56,0,40,2,1,0
42,1,21,5,240,39,0,40,1,1,1
27,1,19,5,5859,21,0,40,2,1,0
48,1,19,1,5917,308,1,40,2,1,0
43,1,19,1,5143,10,1,40,1,1,0
21,1,19,5,4701,9,2,17,2,1,0
51,1,16,3,437,38,0,40,2,1,1
45,1,21,1,948,218,1,40,1,6,1
77,3,22,1,2491,25,0,40,2,1,0
76,1,21,3,1950,23,0,40,2,1,0
32,1,19,3,5877,12,10,40,2,1,0
17,1,16,5,4892,8,16,10,1,1,0
28,1,21,5,927,39,0,40,1,1,0
66,1,21,1,3053,18,0,40,2,1,1
19,1,16,5,3992,11,2,10,1,1,0
47,1,21,1,60,37,0,40,1,1,1
61,1,16,1,5337,43,1,40,2,1,0
23,1,18,3,4171,32,0,40,2,1,0
48,1,21,1,3389,1,0,40,2,1,1
22,1,19,5,5010,39,2,40,1,1,0
61,1,17,1,3940,27,9,40,2,1,0
50,1,16,1,7904,38,1,40,1,1,0
63,2,21,1,2267,37,1,13,2,1,0
63,2,21,3,3328,20,0,40,2,1,0
30,1,17,1,9322,33,0,40,1,1,0
49,1,20,3,1455,3,0,40,1,1,1
20,1,14,5,4058,27,2,12,2,1,0
51,1,16,5,5874,37,0,40,1,1,0
32,1,21,5,2527,25,0,40,1,1,0
67,1,20,1,5552,28,1,40,2,1,0
42,1,19,1,5952,9,1,40,2,1,0
29,1,21,1,2478,39,0,40,1,1,0
35,1,19,5,5806,11,0,40,1,1,1
48,1,18,1,6385,4,1,40,1,1,1
19,1,16,5,4168,49,17,5,1,1,0
69,1,19,1,2490,41,1,12,2,1,0
34,1,21,1,1940,21,1,40,2,1,0
63,1,16,3,8995,27,0,40,1,1,0
24,1,16,5,9760,27,16,40,1,1,0
27,1,16,3,5821,40,0,34,2,1,0
58,1,7,1,4177,15,1,40,2,1,0
28,1,19,5,5101,36,13,40,1,1,0
18,1,19,5,4627,224,2,6,2,6,0
54,1,16,1,5490,36,1,40,2,1,0
50,1,16,1,5547,39,1,40,1,1,0
39,1,21,1,6010,7,1,40,2,1,0
47,1,21,1,601,251,0,40,1,6,1
48,1,16,1,5493,1,1,40,2,1,0
33,1,19,5,5855,27,0,40,1,1,0
28,1,16,5,5793,34,13,40,2,1,0
54,1,18,1,9061,24,0,40,1,1,1
73,2,22,5,2615,22,0,40,2,1,1
46,1,21,3,5293,2,0,40,2,1,0
30,1,19,5,4709,3,13,40,1,1,0
42,1,1,5,4103,322,0,40,2,6,0
55,1,19,1,3496,12,0,40,2,1,0
21,1,19,5,4701,9,2,18,1,1,0
59,1,16,1,5912,9,1,40,1,1,1
52,1,19,3,571,8,0,40,1,1,1
37,1,21,1,2821,6,1,40,2,1,0
45,1,19,1,6149,40,0,40,1,1,1
30,1,21,1,4691,38,0,40,1,1,0
59,1,19,1,4737,6,0,40,1,1,1
42,1,19,1,5234,11,0,40,1,1,0
39,1,21,1,933,14,1,40,1,1,1
23,1,16,5,3751,39,12,40,2,1,0
32,1,21,1,1326,18,0,40,2,1,1
20,1,16,5,4123,7,2,13,1,1,0
24,1,21,5,5049,36,13,40,2,1,0
35,1,19,3,5140,27,0,40,1,1,0
28,1,21,3,2257,23,0,40,2,1,0
20,1,8,5,4358,24,2,15,1,1,0
43,1,21,5,286,35,0,40,1,1,1
48,1,17,1,4047,10,1,40,2,1,0
24,1,12,5,3992,6,9,40,1,8,0
21,1,19,5,4729,21,17,6,1,1,0
60,1,16,1,4034,40,9,40,2,1,0
20,1,16,5,4113,52,2,12,1,1,0
49,1,21,5,126,35,0,40,2,1,1
33,1,21,5,1360,10,13,40,1,1,1
36,1,21,1,2405,3,1,40,2,1,0
51,1,18,3,111,40,0,40,1,1,1
32,1,21,1,2430,39,0,40,1,1,1
64,1,16,1,6563,6,0,40,2,1,0
29,1,16,1,9224,34,10,40,1,1,0
39,1,16,1,7603,13,1,40,1,1,0
34,1,21,5,386,18,0,40,2,1,1
31,1,16,5,9321,22,16,40,1,1,0
39,1,21,1,808,21,0,50,1,1,1
45,1,21,3,391,3,0,40,2,1,1
44,1,21,1,147,7,1,40,1,1,1
51,1,16,1,8186,9,0,50,1,1,1
50,1,21,1,299,11,1,40,1,1,1
63,1,21,1,365,20,0,50,1,1,1
52,1,22,1,10,18,1,40,1,1,1
36,1,19,5,5973,38,13,40,1,1,1
34,1,21,1,806,36,0,40,2,1,1
49,1,21,1,420,10,1,40,1,1,1
40,1,19,1,5639,5,1,40,1,1,1
56,1,16,3,8118,17,0,50,1,1,1
28,1,19,3,5362,39,0,14,2,1,0
68,2,21,1,2053,13,0,40,2,1,1
57,1,16,3,6176,13,0,40,1,1,1
49,1,19,1,6438,15,1,40,2,1,0
29,1,21,5,6079,7,0,40,2,1,0
17,1,14,5,3883,218,4,10,1,6,0
22,1,21,5,2081,7,2,13,1,1,0
52,1,16,1,3838,23,1,40,2,1,0
34,1,21,5,5799,34,13,40,1,1,0
18,1,16,5,4151,3,2,10,2,1,0
27,1,22,5,2098,214,0,40,2,6,0
55,1,20,3,143,31,0,40,2,1,1
26,1,19,1,2670,7,1,15,2,1,0
45,1,21,1,200,39,1,40,2,1,1
38,1,21,1,225,38,0,40,1,1,1
28,1,21,5,3187,7,13,40,2,6,0
22,1,21,5,915,35,13,40,1,1,0
51,1,21,3,917,39,0,40,1,1,1
51,1,16,1,5227,38,1,40,1,1,1
20,1,18,5,4031,23,17,40,2,1,0
19,1,19,5,5474,37,0,32,2,1,0
38,1,22,1,2038,38,1,40,2,1,0
32,1,21,1,3684,31,0,40,2,1,0
60,1,16,1,6216,17,0,40,2,1,0
45,3,22,1,2367,41,0,40,2,1,1
60,1,19,1,10,35,0,40,1,1,1
36,1,16,5,6308,42,0,40,1,1,0
27,1,16,1,5453,5,0,40,2,1,0
63,1,18,1,3848,24,0,31,2,1,0
28,1,20,1,2468,3,1,14,2,1,0
50,1,21,3,89,24,0,50,1,1,1
18,1,19,5,2297,43,2,4,2,1,0
37,1,19,1,5412,37,0,40,2,1,0
56,1,16,1,4978,27,0,40,1,1,0
48,1,19,1,5261,22,1,40,2,1,0
54,1,19,1,294,35,0,50,1,1,1
52,1,21,3,267,21,0,50,1,1,1
62,1,16,1,4085,26,0,40,2,1,0
49,1,21,1,892,32,1,50,1,1,1
45,1,21,1,1294,18,0,50,1,1,1
55,1,16,1,6682,33,1,40,2,1,0
26,1,16,5,6033,30,2,40,1,1,0
65,1,16,1,5216,26,0,40,2,1,0
43,1,17,1,4217,320,0,40,2,1,0
28,1,22,5,2040,11,0,40,2,1,0
52,1,22,5,291,36,0,40,2,1,1
52,1,19,3,160,40,0,40,1,1,1
52,1,19,1,5756,4,0,40,2,1,0
30,1,21,5,892,17,0,40,1,1,1
62,1,19,1,5198,29,0,40,2,1,0
30,1,21,1,6374,8,1,40,1,1,0
54,1,18,1,6309,5,0,17,2,1,0
47,1,18,1,5561,3,1,40,2,1,0
67,1,22,1,2109,8,0,40,1,1,0
20,1,16,5,4123,317,17,13,2,6,0
24,1,11,5,4222,216,2,40,1,6,0
50,1,21,1,945,235,0,40,1,1,1
54,1,20,3,357,36,0,50,1,1,1
59,1,17,1,4215,39,9,40,2,1,0
23,1,19,5,5961,18,2,40,1,1,0
24,1,19,5,5368,50,2,11,2,1,0
54,1,16,1,420,39,0,40,1,1,1
47,1,1,5,9219,211,0,40,1,8,0
48,1,22,1,177,17,1,40,1,1,1
45,1,16,1,3888,8,1,12,2,1,0
28,1,21,1,3245,37,0,40,2,1,0
61,1,18,5,5879,29,13,40,2,1,1
60,1,16,1,6060,34,1,40,1,1,1
32,1,21,1,2419,7,1,40,1,1,1
46,1,16,1,4160,315,1,40,2,1,0
50,1,18,1,5735,37,1,40,1,1,0
48,1,16,5,7126,14,0,40,1,1,1
43,1,19,1,5514,4,0,40,2,1,0
41,1,22,5,3552,41,0,40,2,1,1
19,1,19,5,4917,25,2,11,2,1,0
47,1,16,1,4260,49,9,40,2,1,0
26,1,21,3,2506,15,2,40,2,1,0
63,1,21,3,3218,14,0,40,2,1,1
43,1,21,3,470,42,0,40,1,1,1
21,1,19,5,2548,42,2,40,2,1,0
18,1,16,5,3779,10,3,8,1,1,0
19,1,19,5,6369,37,17,40,1,1,0
20,1,16,5,4089,6,2,10,2,1,0
47,2,21,1,3224,6,1,40,2,1,0
23,1,19,5,6053,42,2,40,1,1,0
56,1,19,1,5710,26,0,40,1,1,1
24,1,16,5,4021,37,13,40,1,1,0
29,1,18,3,4008,41,16,40,1,1,0
34,1,16,1,3932,7,10,30,2,1,0
26,1,19,3,5028,39,0,31,2,1,0
63,1,16,1,5503,36,0,40,1,1,1
30,1,16,1,5804,48,0,40,1,1,0
56,1,16,1,5944,40,0,40,1,1,1
49,1,19,1,5643,6,1,40,2,1,0
29,1,21,1,6136,46,0,40,2,1,0
21,1,19,5,5307,22,2,40,1,1,0
40,1,21,3,519,37,0,40,1,1,1
26,1,21,5,3835,42,13,40,1,1,0
48,1,21,3,554,11,0,40,1,1,1
31,1,17,3,4120,35,0,40,2,1,0
54,1,16,3,51,37,0,40,1,1,1
60,1,19,1,5426,39,1,40,2,1,0
26,1,16,5,7758,24,0,40,1,1,0
26,1,16,5,9558,52,16,40,1,1,0
53,1,19,1,5939,36,0,40,1,1,0
57,1,19,5,5361,21,0,40,2,1,0
54,1,21,1,583,21,0,40,1,1,1
59,1,20,1,3374,26,1,40,2,1,1
19,1,21,5,2066,7,17,40,2,1,0
40,1,21,1,4976,19,1,40,2,1,1
20,1,19,5,2505,14,17,13,1,1,0
43,3,21,1,2584,36,1,40,2,1,0
44,1,21,1,925,216,0,40,1,1,1
31,1,16,5,9387,54,2,40,1,1,0
23,1,16,5,5558,7,13,40,2,1,0
19,1,16,5,4098,19,16,15,1,1,0
51,1,20,1,4929,15,1,40,2,1,0
59,1,18,1,5767,18,0,40,1,1,0
55,1,16,1,7423,40,0,40,1,1,1
54,1,21,1,3280,36,0,40,2,1,1
33,1,19,1,5791,28,0,40,1,1,0
27,1,16,5,9658,42,0,40,1,1,0
20,1,16,5,4235,8,17,14,1,1,0
40,1,21,1,757,13,1,40,1,1,0
35,1,21,1,2611,7,1,40,2,1,1
33,1,16,1,4199,315,10,40,2,1,0
57,1,19,1,5828,39,0,40,2,1,0
25,1,16,5,4104,2,2,40,1,1,0
48,1,11,1,7625,313,0,60,1,1,1
59,1,16,1,5159,13,0,40,1,1,1
44,1,22,1,385,8,0,50,1,1,1
47,1,16,3,8142,3,0,40,1,1,1
38,1,21,3,4968,34,0,40,1,1,1
60,1,19,1,5663,33,0,40,2,1,0
36,1,22,1,1006,234,1,40,1,6,1
53,1,19,1,8949,1,0,40,1,1,1
52,1,16,1,488,38,0,50,1,1,1
48,1,16,1,4629,50,1,40,1,1,0
53,1,16,5,4685,27,0,40,1,1,1
20,1,19,5,4768,35,2,12,2,1,0
56,1,16,1,5783,15,0,40,1,1,0
57,1,16,1,329,21,0,40,1,1,1
39,1,21,1,4977,39,0,40,1,1,0
42,1,22,1,1186,4,0,40,1,1,1
45,1,16,1,5007,2,0,40,1,1,0
27,1,19,5,5819,4,0,40,1,1,0
35,1,17,5,7118,5,0,40,1,1,1
22,1,19,5,4301,37,2,10,1,1,0
38,3,22,1,2511,32,0,40,2,1,0
51,1,19,1,5570,4,1,40,2,1,0
38,1,21,5,1221,24,0,40,2,1,1
20,1,19,5,4762,220,17,7,1,6,0
23,1,16,5,4168,49,17,6,2,1,0
26,1,16,1,5563,38,0,40,1,1,0
43,3,21,1,2521,205,1,40,2,6,0
35,1,21,5,616,39,0,40,1,1,1
19,1,18,5,4807,26,17,8,1,1,0
59,1,16,1,4167,17,1,40,2,1,0
59,1,20,5,6091,37,0,40,2,1,1
25,1,19,5,5394,14,2,40,2,1,0
32,1,19,5,6324,39,0,40,1,1,0
26,1,21,5,1980,40,13,40,1,1,0
45,1,21,1,3025,317,0,40,2,6,0
34,3,21,1,2614,38,0,40,2,1,0
64,1,18,1,5396,9,1,15,2,1,0
51,1,16,1,7089,16,0,50,1,1,1
25,1,19,5,4823,27,0,40,1,1,0
56,1,21,1,385,41,1,40,1,1,1
48,1,17,3,7767,5,0,40,1,1,1
25,1,16,5,4108,43,2,40,2,1,0
23,1,16,1,4185,24,0,40,2,1,0
61,1,16,1,4917,33,1,40,2,1,1
53,1,19,1,125,10,1,40,1,1,1
41,1,21,1,10,9,1,40,1,1,1
21,1,19,5,2603,27,2,7,2,1,0
45,1,18,3,541,5,0,50,1,1,1
45,1,21,3,234,28,0,40,2,1,1
36,1,21,1,3277,7,1,40,2,1,1
61,1,19,1,5861,31,1,7,2,1,0
50,1,19,1,5069,36,0,40,1,1,1
19,1,14,5,4610,7,16,12,2,1,0
21,1,16,5,4075,24,2,37,2,1,0
48,1,21,1,159,34,0,40,1,1,1
36,1,21,1,5373,17,1,40,1,1,0
35,1,21,1,2117,22,1,40,2,1,0
34,1,21,1,2014,3,0,40,2,1,0
21,1,21,5,2330,35,2,40,1,1,0
41,1,22,1,1335,41,0,40,1,1,1
47,1,21,3,150,6,0,40,1,1,1
18,1,10,5,4220,10,17,9,1,1,0
33,6,21,1,2667,24,0,6,2,1,0
48,3,21,1,2429,37,1,15,2,1,0
41,1,19,1,6032,7,0,40,1,1,0
65,2,21,3,2401,17,0,40,2,1,0
25,1,16,5,5404,42,0,40,2,1,0
24,1,19,5,5350,21,12,40,1,1,0
36,1,20,1,2331,53,1,40,2,1,0
24,1,21,5,5128,4,13,40,1,6,0
59,1,20,1,5455,5,9,40,2,1,0
65,1,16,1,4125,38,10,7,2,1,0
51,1,16,1,9241,43,0,40,1,1,1
37,1,21,1,2390,31,0,40,1,1,1
27,1,19,5,6435,231,0,40,1,6,0
42,1,19,1,5396,4,1,40,2,1,0
20,1,16,5,4243,17,2,12,1,1,0
26,1,16,1,5552,18,0,40,2,1,0
41,1,16,1,5792,44,0,40,1,1,0
29,1,11,1,5860,51,0,40,1,1,0
23,1,19,5,3770,26,0,40,2,1,0
26,1,14,5,4254,42,2,40,1,1,0
49,1,22,5,403,5,0,40,1,1,1
44,1,21,1,920,21,1,40,1,1,1
18,1,9,5,4579,34,2,10,1,1,0
28,1,21,1,1797,5,0,40,2,1,0
52,1,22,1,1380,6,0,40,1,1,1
25,1,19,5,3842,42,12,40,2,1,0
18,1,19,5,2505,49,2,9,1,1,0
20,1,16,5,4083,7,17,11,2,1,0
67,1,19,1,5742,32,0,40,2,1,0
55,1,20,3,329,36,0,40,1,1,1
43,1,21,3,3872,227,0,40,2,1,1
25,1,19,5,5766,5,13,40,1,1,0
31,1,16,1,4992,8,1,40,2,1,0
20,1,21,5,1865,52,2,9,2,1,0
53,1,18,5,6096,39,0,40,1,1,1
25,1,21,1,2300,21,0,40,2,1,0
21,1,16,5,4109,48,2,8,2,1,0
21,1,21,5,2326,6,2,10,2,1,0
45,1,19,3,360,10,0,40,1,1,1
28,1,19,5,6431,4,0,40,1,1,0
22,1,16,3,3944,35,0,32,2,1,0
47,1,16,1,7334,4,1,40,1,1,1
21,1,17,5,5689,32,13,40,2,1,0
48,1,10,1,4056,301,1,40,2,8,0
44,3,22,1,2541,252,0,40,2,6,0
36,1,21,1,878,6,0,40,1,1,1
31,1,21,1,1530,23,0,40,1,1,0
49,7,16,1,852,288,0,40,1,6,1
21,1,16,5,9248,14,2,10,1,1,0
25,1,22,5,2499,40,0,40,2,1,1
68,1,21,1,2266,37,0,40,2,1,0
18,1,16,5,4858,24,2,14,2,1,0
50,1,21,1,286,4,1,50,1,1,1
37,1,21,1,6436,8,0,40,1,1,0
62,1,19,1,307,12,0,40,1,1,1
50,1,16,1,8871,6,0,40,1,1,1
20,1,16,5,4639,49,2,40,1,1,0
51,1,20,3,153,40,13,40,1,1,1
23,1,16,5,5733,54,13,40,2,1,0
46,1,19,1,247,6,0,40,1,1,1
45,1,21,1,961,8,0,50,1,1,1
39,1,21,1,1056,7,0,40,1,1,1
51,1,18,1,5906,37,1,40,2,1,0
17,1,14,5,4639,36,17,17,1,1,0
53,1,16,3,6066,37,0,40,1,1,1
20,1,16,5,4043,5,2,40,1,1,0
53,1,21,1,237,35,0,40,1,1,1
51,3,21,1,2580,3,1,14,2,1,0
27,1,19,5,5396,315,2,40,1,6,0
59,1,18,1,5598,38,1,40,2,1,0
32,1,21,5,2315,16,13,40,2,1,0
49,1,18,1,6575,39,1,40,1,1,1
25,1,19,5,5814,42,0,40,2,1,0
43,1,21,3,318,210,0,40,1,1,1
62,1,16,1,4061,15,1,11,2,1,0
39,1,22,1,203,8,0,40,1,1,1
33,1,21,3,5149,6,0,40,1,1,0
22,1,21,5,2163,38,2,9,2,1,0
54,1,19,1,4892,13,0,40,2,1,1
57,1,16,1,6067,31,0,40,1,1,0
25,1,19,1,6645,36,0,40,1,1,0
59,1,16,1,5958,12,0,40,2,1,0
60,1,21,3,10,21,0,40,1,1,1
46,1,16,1,5960,309,1,40,2,6,0
45,1,21,1,356,41,1,60,1,1,1
55,1,21,5,339,14,0,40,2,1,1
45,1,20,3,7357,24,0,50,1,1,1
45,1,18,1,4882,204,0,40,1,6,0
42,1,16,1,6212,37,0,40,1,1,0
29,3,22,5,2357,34,0,40,2,1,0
20,1,16,5,4162,4,2,40,1,1,0
32,1,19,3,5696,38,0,10,2,1,0
31,1,10,3,4005,302,10,40,1,1,0
40,1,22,1,1736,36,1,40,2,1,0
31,1,16,1,7640,4,0,40,1,1,0
41,1,19,3,194,7,0,40,1,1,1
56,1,19,1,401,4,0,40,2,1,1
50,1,18,3,7943,37,0,50,1,1,1
43,1,19,1,6439,37,0,40,1,1,1
27,1,21,1,1914,40,0,40,2,1,0
31,1,21,5,3868,16,0,40,2,1,0
21,1,19,5,2768,25,2,8,1,1,0
18,1,18,5,4700,16,17,14,2,1,0
18,1,19,5,4573,5,17,14,2,6,0
40,1,19,1,4942,6,1,40,2,1,0
39,1,19,1,4141,309,10,9,2,8,0
21,1,19,5,5790,13,2,40,1,1,0
41,1,19,1,5677,36,0,40,2,1,0
25,1,19,1,5810,9,0,40,2,1,0
21,1,19,5,5338,5,13,40,2,1,0
19,1,19,5,4784,20,17,11,1,1,0
44,1,19,3,156,32,0,40,1,1,1
58,1,16,1,5991,38,1,40,2,1,0
56,1,19,1,157,38,1,50,1,1,1
30,1,21,1,2049,21,1,6,2,1,0
27,1,16,1,5430,26,1,40,2,1,0
17,1,18,5,4566,34,2,13,2,1,0
28,1,19,3,5432,39,0,34,2,1,0
36,1,21,5,1555,8,0,40,1,1,1
42,1,21,1,5466,7,0,40,2,1,0
52,1,19,5,6166,43,0,40,1,1,1
44,1,5,3,7907,38,0,50,1,1,1
41,3,21,1,2324,35,1,30,2,1,0
31,1,21,5,6153,6,13,40,1,1,0
60,1,19,3,6093,37,0,40,2,1,1
26,1,19,3,4622,7,0,40,2,1,0
42,3,21,1,2427,19,0,40,2,1,1
37,3,21,1,2485,43,1,40,2,1,1
59,1,16,1,6552,41,1,40,2,1,0
29,1,19,3,4936,40,10,40,2,1,0
38,1,21,1,938,34,1,40,1,1,1
62,1,21,1,444,22,0,40,1,1,1
32,1,16,3,4225,18,0,40,2,1,0
53,1,22,3,468,10,0,40,1,1,1
39,1,19,1,4123,5,0,40,1,1,0
27,1,19,5,5583,54,2,40,1,1,0
56,1,19,3,5484,16,0,40,1,1,1
46,1,19,1,10,37,0,40,1,1,1
25,1,19,5,5009,54,2,40,1,1,0
29,1,21,1,5724,204,9,40,2,6,0
34,1,18,3,6680,5,0,40,1,1,0
48,1,20,1,10,39,1,40,1,1,1
47,1,20,3,570,23,0,50,1,1,1
54,1,19,1,3380,39,0,40,2,1,0
52,1,19,1,7274,32,0,49,1,1,1
29,1,16,5,5589,37,13,40,2,1,0
44,1,22,1,3116,9,1,40,1,1,1
19,1,9,5,4037,55,2,10,1,1,0
41,1,19,1,5090,14,0,40,1,1,1
52,1,16,5,9017,37,0,40,1,1,1
26,1,8,3,4100,8,0,40,2,1,0
52,1,16,3,5972,18,0,40,1,1,0
36,1,21,5,940,43,0,40,1,1,1
42,1,21,1,3005,20,1,40,1,1,1
49,1,21,1,10,32,1,50,1,1,1
18,1,14,5,4147,50,17,7,1,1,0
40,1,21,1,5969,208,1,40,1,6,0
26,1,19,5,6154,38,2,40,1,1,0
46,1,21,1,45,16,1,40,1,1,1
25,1,19,3,6044,34,16,40,1,1,0
50,1,17,1,207,302,0,40,1,1,1
51,1,19,1,5136,232,1,40,2,6,0
32,3,22,1,2334,40,0,40,2,1,0
50,1,16,1,7252,12,0,50,1,1,1
56,1,16,3,7236,24,0,50,1,1,1
29,1,21,5,1686,44,0,40,1,1,1
20,1,16,5,4705,28,2,40,1,1,0
46,1,22,1,90,2,1,50,1,1,1
56,1,16,1,4008,33,1,40,2,1,0
51,1,16,3,5424,4,0,40,2,1,0
28,1,21,5,3694,28,17,40,1,1,0
47,1,21,1,486,18,0,40,1,1,1
42,1,21,1,1280,35,1,40,1,1,1
34,1,21,1,832,35,0,40,1,1,1
36,3,22,1,2398,6,0,13,2,1,0
54,1,16,1,5763,43,1,40,1,1,1
28,1,16,5,4240,310,13,40,2,8,0
29,1,21,5,5030,8,2,40,1,1,0
41,3,21,1,2449,29,0,40,2,1,1
58,1,20,1,4523,28,1,8,2,1,0
69,1,19,3,5351,20,0,14,2,1,0
58,1,21,1,3397,24,0,40,2,1,0
41,1,21,3,520,39,0,40,1,1,1
28,1,22,3,1896,40,0,40,2,1,0
29,1,22,5,2370,3,2,40,2,1,0
24,1,21,5,2446,29,0,40,2,1,0
44,1,21,3,69,9,0,40,1,1,1
18,1,10,5,4111,25,17,8,1,1,0
60,1,16,1,2785,34,1,9,2,1,0
72,2,21,1,2003,18,1,13,2,1,0
57,1,16,1,4191,25,0,40,2,1,0
42,1,19,1,3332,8,0,28,2,1,0
38,1,21,5,600,6,0,40,1,1,1
38,1,21,1,686,15,0,40,1,1,1
38,1,21,1,2246,37,1,40,2,1,1
31,3,21,5,2403,33,0,40,1,1,1
31,1,20,1,6414,39,1,40,2,1,0
19,1,18,5,4088,51,17,9,1,1,0
28,1,19,5,4594,25,0,40,2,1,0
42,1,21,1,95,36,0,51,1,1,1
35,1,21,1,3238,29,1,40,2,1,0
31,1,21,5,5158,208,13,40,1,6,1
29,1,16,1,4085,54,1,40,2,1,0
57,1,16,3,8292,21,0,50,1,1,1
39,1,21,1,2343,35,1,40,1,1,1
19,1,21,5,2676,7,2,9,2,1,0
37,3,22,1,2445,34,1,40,2,1,0
20,1,16,5,4210,48,2,9,1,1,0
26,1,19,5,4766,36,13,40,2,1,0
60,1,18,1,5119,32,0,40,2,1,0
67,1,19,1,5169,22,0,33,2,1,0
33,3,22,5,2519,41,0,40,2,1,1
30,1,19,1,5007,5,1,40,2,1,0
47,1,21,1,2545,38,1,40,2,1,0
67,1,18,1,6388,35,0,40,2,1,0
44,2,22,1,1978,30,1,40,2,1,0
45,1,21,1,3338,5,1,40,2,1,1
23,1,19,5,4762,6,2,32,2,1,0
30,1,19,1,5286,15,0,30,2,1,0
39,1,21,1,1195,39,1,40,1,1,1
41,1,19,1,284,33,0,40,1,1,1
41,3,21,1,2344,22,1,10,2,1,0
47,1,21,1,110,20,0,50,1,1,1
33,1,21,1,3876,1,1,40,2,1,0
23,1,19,5,5423,37,2,33,1,1,0
28,1,7,5,9586,41,16,40,1,1,0
48,1,21,5,5771,45,0,40,2,1,1
50,1,22,3,296,38,0,40,1,1,1
25,1,21,5,697,5,0,40,1,1,1
21,2,21,5,2234,40,17,11,1,1,0
32,1,21,1,1571,27,1,40,1,1,1
54,1,16,3,323,11,0,40,1,1,1
27,1,16,1,4124,38,1,40,2,1,0
26,1,16,5,9075,29,0,40,1,1,0
27,1,16,5,9163,39,2,40,1,1,0
44,1,19,5,5671,1,0,40,1,1,1
20,1,9,5,3895,17,17,8,1,1,0
61,2,22,1,3314,13,1,34,2,1,0
58,1,16,1,5247,21,1,40,1,1,0
31,1,16,5,5088,19,13,40,2,1,0
27,6,19,1,2731,42,0,9,2,1,0
20,1,16,5,6171,32,2,40,1,1,0
46,1,20,1,338,13,0,40,1,1,1
52,3,21,1,2317,40,1,40,2,1,0
26,1,12,3,4289,220,10,40,1,8,0
24,1,21,5,5005,40,2,40,1,1,0
39,3,21,1,2501,29,0,40,2,1,0
38,1,21,1,129,36,0,40,1,1,1
31,1,16,1,5509,15,1,40,2,1,0
32,1,21,1,466,24,1,40,1,1,1
40,1,22,3,33,40,0,50,1,1,1
20,1,8,5,4660,12,16,14,1,1,0
64,1,18,1,143,22,0,40,1,1,1
25,2,21,5,2303,20,0,40,1,1,1
40,1,19,1,6845,31,0,40,1,1,0
44,1,21,3,3630,22,0,40,2,1,1
45,1,9,1,3956,301,1,40,2,1,0
31,1,18,5,8062,18,0,40,1,1,1
44,1,18,1,3961,43,15,40,2,1,0
53,1,20,3,590,8,0,40,1,1,1
22,1,16,5,9533,41,0,40,1,1,0
40,1,4,1,6156,314,0,40,1,1,0
61,1,18,1,5635,26,0,12,2,1,0
23,1,16,5,6313,14,16,40,1,1,0
47,1,21,1,419,26,0,50,1,1,1
34,1,20,1,2242,46,1,10,2,1,0
19,1,16,5,3962,23,2,7,1,1,0
44,1,21,3,491,40,0,50,1,1,1
34,2,21,1,2215,41,0,9,2,1,0
27,1,21,1,5360,39,10,40,2,1,0
45,1,21,3,170,228,0,40,1,1,1
58,1,16,3,6198,40,0,40,2,1,0
43,3,21,1,2195,8,1,40,2,1,1
63,1,20,1,2538,37,10,14,2,1,0
31,1,21,1,6363,34,9,40,2,1,0
55,1,16,3,182,320,0,40,1,1,1
34,1,22,1,2650,12,0,40,1,1,0
33,1,21,1,1126,23,1,40,1,1,1
32,1,10,1,9159,299,9,40,1,8,0
58,1,16,1,4972,324,1,40,2,1,0
33,1,21,1,5269,41,1,10,2,1,0
26,1,14,5,4088,14,2,40,1,1,0
55,1,20,5,429,36,0,40,1,1,1
34,1,22,1,791,20,1,40,1,1,1
27,1,21,5,5119,43,12,40,1,1,0
33,1,19,1,2383,1,0,7,2,1,0
24,1,21,5,5723,39,13,40,2,1,0
49,1,19,1,6614,1,0,40,1,1,1
39,1,21,3,980,35,0,40,1,1,1
62,1,20,1,4780,20,15,40,2,1,0
24,1,18,5,6307,28,0,40,1,1,0
31,1,21,5,5205,9,0,40,1,1,1
45,1,22,5,127,30,0,40,2,1,1
25,1,21,5,3296,39,13,40,2,1,1
19,1,19,5,4792,46,17,13,1,1,0
28,1,20,1,2502,13,1,12,2,1,0
19,1,19,5,6384,26,17,40,1,1,0
28,1,16,1,9186,304,9,40,1,8,0
49,1,21,1,3847,300,0,40,2,6,1
18,1,14,5,3981,27,17,10,1,1,0
43,1,21,1,1050,42,1,40,1,1,1
27,1,19,5,5602,36,0,40,1,1,0
45,3,21,1,2569,33,1,40,2,1,1
26,1,21,1,5484,23,1,40,2,1,0
49,1,16,1,487,10,0,40,1,1,1
59,1,18,1,5940,34,0,40,1,1,0
55,1,16,5,9353,39,0,40,1,1,1
28,1,21,1,2592,30,1,12,2,1,0
81,2,21,1,2331,26,0,16,2,1,1
28,1,19,5,5763,37,13,40,2,1,0
38,1,21,1,5227,5,1,40,2,1,0
57,1,16,1,4126,41,1,8,2,1,0
60,1,19,1,6691,37,0,40,1,1,1
27,1,19,1,5550,53,0,40,2,1,0
49,1,20,1,336,18,1,40,1,1,1
44,1,21,1,2342,26,1,40,2,1,0
57,1,19,1,10,43,1,40,1,1,1
56,1,16,1,3844,43,1,40,2,1,0
34,3,21,1,2296,39,1,40,2,1,0
27,1,19,5,6220,16,0,40,1,1,1
36,1,22,5,1121,7,13,40,1,1,1
44,1,21,1,4917,38,1,40,1,1,1
52,1,18,3,607,26,0,50,1,1,1
32,1,21,1,467,20,0,40,1,1,1
53,1,16,1,5424,26,1,40,1,1,1
37,3,21,1,2355,16,1,40,2,1,1
54,1,16,1,7006,41,0,50,1,1,1
50,1,21,5,113,40,0,40,1,1,1
27,1,21,5,3315,6,13,40,2,1,0
30,1,21,5,1147,254,13,40,1,6,0
19,1,16,5,4774,39,17,13,2,1,0
41,1,21,1,5101,34,1,40,2,1,1
53,1,22,1,136,40,0,50,1,1,1
57,1,19,3,5446,35,0,40,1,1,1
53,1,16,1,72,25,0,50,1,1,1
33,1,21,1,2285,39,1,11,2,1,0
60,1,19,1,4859,23,0,40,1,1,1
38,1,21,1,2263,40,0,40,2,1,0
66,1,18,1,5898,13,1,12,2,1,0
59,1,21,1,589,23,0,40,1,1,1
49,1,17,1,3977,1,0,40,2,1,0
26,1,16,3,4278,35,0,40,2,1,0
36,1,19,1,5295,221,0,40,2,6,0
56,1,16,1,406,30,1,50,1,1,1
18,1,14,5,4494,51,2,10,1,1,0
21,2,21,5,2340,34,2,12,2,1,0
51,1,22,1,3100,32,1,40,2,1,1
49,1,19,1,211,37,1,40,1,1,1
28,1,23,5,2063,8,0,40,1,6,1
29,1,16,1,9283,7,0,40,1,1,0
43,1,19,5,5435,306,13,40,2,6,0
34,1,21,1,950,36,1,40,1,1,1
47,1,16,1,5476,35,0,40,1,1,1
17,1,18,5,2163,50,2,12,2,1,0
19,1,19,5,4816,23,17,3,2,1,0
29,1,16,5,7778,299,0,40,1,1,0
43,1,16,1,9306,8,0,40,1,1,0
32,1,21,3,1296,21,0,40,1,1,1
63,1,19,1,5568,20,0,14,2,1,0
49,1,21,1,5326,6,1,40,2,1,0
34,1,19,1,5280,37,0,40,1,1,0
55,1,16,3,8246,34,0,40,1,1,1
43,1,16,1,431,193,1,40,1,6,1
20,1,16,5,4142,6,17,40,1,1,0
42,1,16,5,6570,35,13,40,1,1,1
45,1,21,5,3205,35,0,40,2,1,1
46,1,21,1,857,8,1,60,1,1,1
21,1,19,5,5197,7,2,40,1,1,0
61,2,21,1,2104,20,1,40,2,1,0
43,1,22,1,2983,14,0,40,2,1,1
27,1,19,5,6098,8,13,40,2,1,0
35,1,21,1,2485,36,1,40,2,1,0
27,1,16,3,6322,34,0,40,1,1,0
22,1,16,5,4283,303,2,40,1,8,0
20,1,18,5,4157,29,2,5,1,1,0
21,1,11,5,4082,7,17,40,1,1,0
21,1,19,5,5022,9,0,40,2,1,0
63,1,17,3,5839,16,0,40,1,1,1
39,1,19,1,5311,42,0,40,1,1,0
22,1,14,5,4227,22,16,14,1,1,0
38,1,19,1,5735,42,1,40,1,1,0
48,1,21,3,765,6,0,40,1,1,1
41,1,21,1,5471,38,0,40,1,1,1
53,1,16,1,7359,26,0,40,1,1,1
45,1,16,1,3925,306,0,10,2,1,0
31,1,21,1,1240,49,0,40,1,1,0
73,2,21,1,3336,16,0,7,2,1,0
18,1,14,5,9744,22,16,5,1,1,0
41,1,21,1,5268,5,1,40,1,1,1
62,1,19,3,5691,4,0,40,2,1,0
61,2,21,3,3144,38,0,40,2,1,1
46,3,21,1,2460,9,1,40,2,1,1
23,1,19,5,5509,34,2,40,1,1,0
33,3,22,1,2532,7,0,40,2,1,0
64,1,19,1,5136,39,1,16,2,1,0
22,1,19,5,5377,16,2,40,1,1,0
49,1,22,1,194,10,0,40,1,1,1
28,1,21,1,5018,4,9,40,2,1,0
29,1,19,1,3672,32,0,12,2,1,0
38,1,21,1,3299,32,1,40,2,1,0
49,1,18,5,5859,40,0,40,1,1,1
23,1,16,1,4150,17,1,40,2,1,0
19,1,19,5,2199,19,17,9,2,1,0
20,1,16,5,4619,26,2,6,2,1,0
43,1,21,1,3781,20,1,40,2,1,1
52,1,20,1,240,22,1,50,1,1,1
31,2,22,5,2220,40,0,11,2,1,0
34,1,21,1,3311,29,1,40,2,1,0
37,1,21,1,713,13,0,40,1,1,1
49,1,18,1,6013,302,0,40,2,1,0
20,1,14,5,4299,29,2,9,1,1,0
46,1,21,1,555,9,1,40,1,1,1
43,1,18,3,6354,39,0,40,1,1,0
29,1,16,5,6409,42,0,40,1,1,0
59,1,16,1,6468,40,1,40,1,1,1
29,1,16,1,5446,37,1,40,2,1,0
30,1,21,1,6386,17,1,40,2,1,0
40,1,21,1,2241,3,1,40,2,1,1
26,1,16,1,4033,27,9,40,2,1,0
38,1,22,1,1385,214,1,40,2,6,1
50,1,19,5,4871,19,0,40,2,1,1
59,1,21,1,3350,26,0,40,2,1,0
58,1,16,1,6287,18,0,40,1,1,0
28,1,16,5,4081,24,0,40,2,1,0
38,3,21,1,2626,34,0,3,2,1,0
31,1,19,1,6052,35,0,40,2,1,0
33,1,21,1,2153,5,0,40,1,1,1
33,1,16,3,7984,36,0,40,1,1,1
26,1,16,5,5516,10,0,40,2,1,0
25,1,16,1,3247,300,1,15,2,1,0
23,1,19,5,5282,36,13,40,2,1,0
41,1,19,5,7636,3,0,40,1,1,1
40,3,21,1,2403,14,0,40,2,1,0
36,1,16,1,9046,1,1,40,1,1,0
18,1,14,5,4083,8,17,12,1,1,0
28,1,19,3,6368,17,0,40,2,1,0
54,1,21,1,1698,199,0,40,1,1,1
63,1,18,1,4008,12,0,40,2,1,0
36,1,21,1,1098,19,1,40,1,1,1
47,1,19,3,5407,5,0,40,2,1,0
23,1,19,5,4878,40,13,40,2,1,0
23,1,16,5,4291,6,2,40,1,1,0
54,1,16,1,91,36,0,40,1,1,1
58,1,16,3,5970,34,0,40,1,1,1
19,1,19,5,4821,37,2,8,2,1,0
55,1,16,1,6490,39,0,40,1,1,1
28,1,19,5,4692,31,0,9,2,1,0
25,1,16,3,5783,15,0,40,2,1,0
52,1,19,1,5679,40,0,40,1,1,1
25,1,19,5,4596,15,2,40,1,1,0
65,1,16,3,4594,26,0,40,2,1,0
61,1,19,1,5669,25,1,40,1,1,0
37,1,19,1,5433,51,0,40,2,1,0
46,1,22,1,226,35,0,40,1,1,1
18,1,16,5,4810,27,2,11,1,1,0
26,1,16,1,6424,39,10,40,1,1,0
20,1,16,5,4326,39,16,40,1,1,0
29,1,19,1,5841,37,10,40,2,1,0
40,1,19,1,6482,10,1,40,1,1,0
52,1,18,1,7683,13,0,40,1,1,0
49,1,21,1,301,12,0,40,1,1,1
25,1,19,1,4147,52,0,10,2,1,0
46,1,16,1,5104,306,1,40,2,1,0
40,1,21,3,115,5,13,40,1,1,1
27,1,19,5,5921,11,0,35,2,1,0
57,1,21,5,359,36,0,40,2,1,1
28,1,19,1,5435,19,0,40,2,1,0
45,1,21,1,1309,220,0,50,1,1,1
32,1,21,5,4768,25,0,40,1,1,1
47,1,19,1,240,40,0,50,1,1,1
45,1,21,1,170,218,0,40,1,6,1
26,1,17,5,4249,16,2,40,1,1,0
48,1,21,3,5509,2,0,40,1,1,1
58,1,16,3,4782,40,0,40,1,1,1
49,1,21,1,25,35,1,50,1,1,1
38,3,21,1,2211,36,1,7,2,1,0
44,1,20,1,4845,35,1,40,2,1,1
29,1,21,5,768,19,13,40,1,1,1
38,1,21,1,2192,25,0,40,2,1,1
25,1,21,5,2190,21,13,40,2,1,0
41,1,22,5,1305,7,0,40,1,1,1
50,1,19,5,5965,13,0,40,1,1,0
47,1,21,1,181,40,1,40,1,1,1
33,1,16,1,6665,37,1,40,1,1,0
30,1,19,3,5971,42,0,40,1,1,0
23,1,19,5,5198,34,13,40,2,1,0
19,1,19,5,4843,37,2,12,2,1,0
24,1,19,5,6529,41,2,40,1,1,0
19,1,16,5,4180,21,2,40,1,1,0
53,1,16,1,4568,9,0,40,2,1,0
50,1,22,1,579,10,0,40,1,1,1
26,1,21,5,2405,25,0,40,2,1,0
56,1,21,1,2558,38,9,40,2,1,0
24,1,16,3,6628,10,0,40,1,1,0
59,1,18,1,4095,26,1,40,2,1,0
47,1,20,1,5838,7,1,40,2,1,0
61,1,21,1,3162,22,1,40,2,1,0
46,1,21,1,2440,39,1,40,2,1,1
36,1,21,1,1521,13,0,50,1,1,1
28,1,19,5,4777,42,13,40,1,1,0
45,1,21,1,1016,309,13,40,1,1,1
61,1,21,1,3468,16,1,40,2,1,0
47,1,21,1,5271,39,1,40,2,1,0
26,1,21,5,3280,17,13,40,2,1,1
49,1,16,1,7320,38,1,40,1,1,1
34,1,21,3,2470,40,0,18,2,1,0
41,1,21,1,2418,33,0,40,2,1,0
20,1,14,5,4127,36,16,40,1,1,0
65,1,21,1,350,30,0,40,1,1,1
39,1,21,1,1569,6,0,40,1,1,0
62,1,16,1,400,40,1,40,1,1,1
28,1,21,5,3843,38,13,40,2,1,0
31,1,16,5,5403,37,13,40,2,1,0
21,1,19,5,5305,39,13,40,2,1,0
19,1,16,5,4271,50,2,12,2,1,0
48,1,21,3,2737,23,0,40,1,1,1
59,1,21,3,476,38,0,40,1,1,1
56,1,16,1,5384,42,0,40,1,1,1
60,1,21,1,10,15,1,40,2,1,1
23,1,19,1,5748,55,0,40,1,1,0
32,1,17,1,4034,40,16,40,1,1,0
40,1,19,3,5832,37,0,40,2,1,0
36,6,21,1,2574,41,0,9,2,1,0
44,1,21,1,10,44,0,40,1,1,1
46,1,18,1,7751,35,0,40,1,1,1
27,1,16,5,6387,21,0,40,1,1,0
35,1,22,1,609,210,1,40,1,6,1
23,1,18,5,6497,37,16,40,1,1,0
28,1,16,5,5730,38,2,40,2,1,0
26,1,19,3,6444,46,0,40,2,1,0
57,1,16,1,4036,12,1,40,2,1,0
29,1,21,5,4995,42,13,40,2,1,0
24,1,21,5,784,37,13,40,1,1,1
20,1,19,5,4652,56,2,14,1,1,0
26,1,16,5,4143,32,2,40,2,1,0
29,1,10,5,4257,6,2,40,1,1,0
51,1,9,1,6533,290,1,40,2,1,0
23,1,21,5,2358,240,2,10,2,6,0
52,1,19,5,5562,34,0,40,2,1,0
42,1,21,5,1237,3,0,40,1,1,1
24,1,21,5,5397,35,2,40,2,1,0
25,1,19,5,4958,6,17,40,2,1,0
42,1,22,1,10,37,0,50,1,1,1
64,1,18,1,5158,35,0,40,2,1,0
54,1,20,5,262,22,0,40,2,1,1
54,1,19,3,3979,24,0,40,2,1,0
19,1,16,5,4691,52,2,8,2,1,0
26,1,16,1,5708,11,1,40,2,1,0
33,1,16,5,9310,317,13,40,1,8,0
59,1,19,1,5395,4,1,40,2,1,1
20,1,16,5,4702,23,2,6,2,1,0
48,1,16,1,8585,8,1,40,1,1,1
57,1,19,1,3453,24,0,40,2,1,0
38,3,21,1,2309,37,1,40,2,1,0
27,1,19,5,7772,36,0,40,1,1,0
26,1,21,1,5599,1,0,40,1,1,0
48,1,22,5,207,35,13,40,1,1,1
38,1,19,1,5144,38,0,40,2,1,0
42,1,21,1,2394,42,1,40,2,1,0
29,3,21,1,2301,16,1,17,2,1,0
25,1,22,1,1883,219,0,8,2,6,0
26,1,16,1,6227,39,1,40,2,1,0
33,2,21,1,2074,35,1,40,2,1,0
22,1,21,5,5396,6,2,40,2,1,0
71,3,21,1,2611,36,1,40,2,1,1
28,1,21,5,3696,27,0,40,2,1,1
58,1,19,1,3814,27,1,40,2,1,0
45,1,16,1,5796,306,1,40,2,1,0
49,1,21,5,247,35,0,40,1,1,1
29,1,19,1,6512,47,1,7,2,1,0
43,1,21,1,843,8,0,40,1,1,1
49,1,21,3,3193,221,0,40,2,6,0
20,1,16,5,4067,23,2,31,2,1,0
45,1,21,1,3178,7,1,34,2,1,0
26,1,19,5,5449,31,0,40,2,1,0
48,1,22,3,140,37,0,40,1,1,1
43,1,19,1,6004,10,1,40,1,1,1
49,1,21,1,311,8,0,40,1,1,1
22,2,21,5,2283,5,17,8,1,6,0
49,1,21,1,143,38,1,40,1,1,1
23,1,18,5,4132,6,0,40,2,1,0
28,1,21,5,5914,38,0,40,2,1,0
44,1,21,5,931,36,0,40,1,1,1
35,1,21,1,5876,37,1,40,2,1,0
26,1,19,5,6136,42,13,40,1,1,0
50,1,21,5,5428,25,0,40,1,1,1
46,1,16,1,8902,231,0,40,1,6,0
55,1,19,1,4724,34,0,40,2,1,0
22,1,19,5,2433,39,2,16,2,1,0
23,1,18,5,5484,21,13,40,2,1,0
45,1,21,1,1059,13,0,40,1,1,1
26,1,21,5,3109,36,0,40,1,1,1
45,1,16,1,5751,37,1,40,1,1,1
50,1,16,1,7651,6,1,40,1,1,1
21,1,14,5,4103,315,2,32,2,1,0
46,1,16,1,5738,10,1,40,1,1,0
32,1,21,1,2313,49,0,40,2,1,0
40,1,21,1,10,36,0,50,1,1,1
27,1,21,5,1291,23,0,40,1,1,1
74,2,21,1,2075,35,0,8,2,1,0
49,1,16,1,6212,8,1,40,1,1,0
55,1,19,1,5916,19,1,40,1,1,1
45,1,22,3,1301,4,0,40,1,1,1
22,1,21,5,2192,1,2,5,2,1,0
56,1,20,1,5069,39,1,40,2,1,0
29,1,19,3,6509,34,13,40,1,1,0
58,1,16,1,5470,41,0,40,2,1,0
56,1,16,1,6527,36,1,40,1,1,1
35,1,19,3,4913,7,0,40,1,1,0
31,1,19,5,5955,209,0,40,2,6,0
18,1,16,5,4027,31,2,40,1,1,0
50,1,18,1,5215,42,1,40,1,1,0
64,1,19,3,5387,9,0,40,2,1,0
19,1,19,5,4674,45,2,12,1,1,0
42,1,21,1,3078,35,1,40,1,1,1
26,1,19,5,5284,2,2,40,2,6,0
63,1,19,1,6759,33,1,40,1,1,1
20,1,16,5,4122,7,2,40,2,1,0
49,1,16,1,8168,38,0,50,1,1,1
23,1,16,1,3890,15,0,36,2,1,0
57,1,18,1,8927,28,1,40,1,1,0
43,1,21,3,346,19,0,40,1,1,1
43,1,21,5,575,35,0,40,1,1,1
54,1,16,3,5409,38,0,40,1,1,1
22,1,16,5,4158,46,2,9,2,1,0
38,1,16,3,5374,40,0,40,1,1,0
24,1,13,5,4090,36,16,17,2,1,0
59,1,16,1,3989,34,0,40,2,1,0
30,1,19,1,4481,227,10,40,2,6,0
22,1,16,5,5607,12,2,34,2,1,0
48,1,21,1,810,41,1,40,1,1,1
24,1,19,5,5871,24,12,40,1,1,0
59,1,16,1,5695,19,9,40,2,1,0
62,1,16,1,5057,38,1,40,2,1,0
25,1,16,5,4298,34,7,40,1,1,0
60,1,21,1,3088,17,1,40,2,1,1
19,1,10,5,9283,1,13,40,1,1,0
41,1,21,5,5089,237,0,40,2,6,1
51,1,21,5,421,24,0,40,2,1,1
27,1,18,1,4045,30,0,40,2,1,0
18,1,16,5,4076,25,2,10,1,1,0
53,1,21,1,3131,42,0,40,2,1,0
32,1,21,1,2512,25,0,40,1,1,0
36,1,17,1,6045,321,0,40,1,1,0
42,1,16,1,5999,322,1,40,1,1,0
39,1,19,1,6378,6,0,40,1,1,0
56,1,19,5,6203,8,0,40,1,1,1
59,1,18,1,3999,22,0,14,2,1,0
48,1,19,1,5299,2,1,40,2,1,0
26,1,19,5,5006,40,2,40,2,1,0
44,1,21,1,3714,33,1,40,2,1,1
31,1,16,5,4740,25,0,40,1,1,0
29,1,17,1,4246,16,0,40,1,1,0
63,1,16,3,5612,20,0,40,2,1,0
29,1,11,5,6171,299,0,40,1,1,0
27,1,20,1,1983,43,1,14,2,1,0
56,1,16,3,293,37,0,40,1,1,1
34,1,16,5,5336,38,0,40,1,1,0
28,1,21,1,2406,3,1,40,2,1,0
23,1,16,5,9133,50,13,40,1,1,0
22,1,19,5,5471,41,2,40,2,1,0
27,1,16,1,5613,1,0,40,2,1,0
53,1,21,3,24,5,0,40,1,1,1
59,1,16,1,5697,41,1,40,2,1,0
33,1,21,1,1721,6,0,40,1,1,1
48,1,21,3,135,33,0,40,1,1,1
47,1,19,1,6014,31,1,40,2,1,0
28,1,21,5,3657,7,0,40,2,1,1
23,3,22,5,2466,4,2,40,2,6,0
25,2,22,5,2101,7,0,40,2,1,0
64,1,20,1,239,28,0,40,2,1,1
48,1,21,1,1073,8,0,40,1,1,1
53,1,16,1,5947,38,0,40,2,1,1
59,1,23,3,3275,36,0,40,2,1,1
47,1,20,5,935,38,0,40,1,1,1
26,1,21,5,6539,38,0,40,1,1,0
51,1,21,1,145,37,0,40,1,1,1
19,1,16,5,4353,305,17,40,1,8,0
44,1,16,1,5591,319,0,40,2,1,0
48,1,18,3,5734,19,0,40,1,1,0
34,1,17,1,7811,51,0,40,1,1,0
64,2,21,1,2083,4,0,16,2,1,0
50,1,16,1,6219,308,0,40,1,1,1
28,1,21,5,5088,10,2,40,2,6,0
51,1,16,1,5344,4,0,40,1,1,1
29,1,19,3,3785,36,12,34,2,1,0
41,1,21,1,2639,38,1,40,1,1,1
46,2,21,1,2314,25,0,40,2,1,1
36,1,21,1,617,5,1,40,2,1,0
28,1,19,5,5833,38,0,40,2,1,0
37,1,22,1,193,5,0,40,1,1,1
37,1,21,1,4855,37,0,40,1,1,0
21,1,16,5,4253,41,2,40,1,1,0
41,1,21,1,5107,40,0,40,2,1,0
41,1,16,1,4964,43,0,40,1,1,0
27,3,22,1,2548,36,0,40,2,1,0
60,1,19,1,6021,21,1,12,2,1,0
45,1,16,1,8153,32,0,50,1,1,1
44,1,19,3,5177,36,0,40,1,1,1
26,1,21,5,693,23,0,40,2,1,1
26,1,17,5,4129,10,16,40,1,1,0
38,2,21,1,2287,36,0,40,2,1,1
27,1,21,5,3063,37,0,40,2,1,1
54,1,20,1,3537,9,1,40,2,1,0
30,1,19,5,5658,35,13,40,2,1,0
47,1,16,1,5278,311,1,40,2,1,0
32,1,21,1,898,37,0,40,1,1,1
55,1,21,1,3167,38,0,40,2,1,1
44,1,16,5,6589,312,0,40,1,1,1
20,1,16,5,4690,24,2,40,2,1,0
47,1,19,1,4992,37,0,40,1,1,1
25,1,16,1,4092,43,0,40,2,1,0
43,1,19,1,5981,7,1,40,2,1,1
29,1,21,5,6406,36,0,40,2,1,0
58,1,16,1,5293,29,1,40,2,1,1
57,1,16,1,6067,16,0,40,2,1,0
58,1,16,5,5750,33,0,40,1,1,1
50,1,21,1,267,6,1,50,1,1,1
31,1,21,5,2272,22,12,40,2,1,0
37,1,22,1,987,17,1,40,1,1,1
26,1,16,5,5814,37,13,40,1,1,0
42,1,21,5,590,5,0,40,2,1,1
28,1,19,5,5528,2,13,40,1,6,0
26,1,19,3,4681,23,0,40,2,1,0
51,1,19,1,6197,25,0,40,1,1,0
50,1,21,1,898,295,1,40,2,6,0
37,1,18,5,5228,1,0,40,2,1,1
47,1,16,3,7357,35,0,40,1,1,1
44,1,21,1,616,42,1,49,1,1,1
18,1,16,5,4144,6,2,7,1,1,0
26,2,21,3,1971,15,0,40,2,1,0
28,1,13,3,3906,3,10,40,2,1,0
21,1,21,5,2273,12,2,10,2,1,0
59,1,19,1,4048,9,1,9,2,1,0
33,1,21,5,763,34,0,40,1,1,1
20,1,16,5,3976,29,2,40,1,1,0
75,2,22,1,2692,35,1,7,2,1,0
52,1,16,5,7158,309,0,40,1,1,1
51,1,21,1,4541,35,0,40,1,1,1
55,1,21,1,154,35,1,40,1,1,1
26,1,21,1,1932,23,0,40,2,1,0
26,1,19,5,5448,48,2,40,2,1,0
30,1,21,1,3212,13,1,40,2,1,1
20,1,19,5,4580,39,2,11,2,1,0
33,1,16,5,9572,5,0,40,1,1,0
62,1,16,1,4828,31,0,40,2,1,0
60,1,19,3,5716,33,0,40,2,1,0
27,1,16,3,3972,1,10,31,2,1,0
35,1,21,1,5506,21,0,40,1,1,0
27,3,21,5,2351,32,0,40,2,1,1
36,1,21,1,3362,9,1,40,2,1,1
17,2,21,5,1995,4,2,9,2,1,0
27,1,19,3,5401,34,12,40,2,1,0
25,1,19,5,4666,18,0,33,2,1,0
55,1,19,1,218,16,0,40,2,1,1
48,1,19,1,248,37,1,50,1,1,1
45,1,20,1,2439,230,1,7,2,6,0
19,1,19,5,2519,35,2,11,2,1,0
30,1,16,1,7063,15,0,40,1,1,0
49,1,19,1,5383,217,1,40,2,1,0
42,1,16,5,9377,24,13,40,1,1,1
46,1,22,3,364,4,0,40,1,1,1
28,1,21,5,1214,203,13,40,1,6,1
22,1,21,5,2190,4,17,10,2,1,0
19,1,14,5,4745,7,16,9,2,1,0
19,1,19,5,4829,18,2,40,2,1,0
33,1,16,1,3842,242,1,40,2,6,0
31,1,22,5,1677,215,0,40,1,6,1
54,1,16,3,6189,39,0,40,2,1,0
51,1,20,5,5995,20,13,40,2,1,1
28,1,19,5,5126,24,0,40,1,1,0
64,1,19,1,4842,21,0,40,2,1,0
47,1,16,5,6973,22,0,40,1,1,1
47,1,19,1,5246,9,0,40,2,1,0
47,1,21,1,223,21,1,50,1,1,1
47,1,19,1,7191,4,1,40,1,1,1
25,1,16,1,4179,9,0,40,2,1,0
32,1,21,3,1055,36,0,40,2,1,0
32,1,20,5,3829,36,0,32,2,1,0
24,1,19,5,4748,33,2,33,2,1,0
17,1,16,5,4134,6,2,8,2,1,0
42,1,18,1,6189,9,1,40,2,1,0
62,3,21,1,2405,27,1,11,2,1,0
30,1,19,1,4966,5,0,40,1,1,0
51,1,21,1,10,37,0,40,1,1,1
22,1,16,1,4158,25,10,40,2,1,0
56,1,16,1,8065,23,1,50,1,1,1
25,1,19,5,4719,8,0,40,2,1,0
40,1,21,1,1060,40,0,40,1,1,1
45,1,17,1,7799,43,1,40,1,1,0
28,1,16,1,4025,6,1,11,2,1,0
24,1,19,5,6026,7,0,40,1,1,0
69,1,19,1,6401,41,0,40,1,1,0
19,1,19,5,4599,16,2,17,2,1,0
47,1,21,1,3163,1,1,40,2,1,1
30,1,20,1,2443,19,1,17,2,1,0
40,1,21,5,592,8,0,40,2,1,1
46,1,21,1,569,11,1,50,1,1,1
44,1,21,1,1073,16,1,40,1,1,1
47,1,21,1,5967,7,0,40,2,1,0
45,1,16,1,5527,1,1,40,2,1,0
28,1,21,3,5405,39,0,40,1,1,0
23,2,21,5,2253,5,2,40,2,6,0
48,1,22,3,491,37,0,40,1,1,1
47,1,19,1,6162,316,0,40,2,1,0
44,1,21,1,830,35,0,40,1,1,1
48,1,21,1,334,7,1,40,2,1,1
48,1,21,1,313,29,0,40,1,1,1
44,1,21,1,5608,5,0,40,1,1,0
23,1,19,1,3579,22,10,31,2,1,0
47,1,22,1,305,38,0,40,1,1,1
26,1,16,5,4039,36,2,16,2,1,0
40,1,21,1,1437,4,0,40,1,1,1
27,1,21,5,3230,5,0,40,2,6,1
34,1,21,3,5476,38,0,40,2,1,0
56,1,20,1,3525,33,1,40,2,1,0
32,1,21,1,1232,5,0,40,1,1,1
50,1,20,3,86,27,13,40,1,1,1
19,1,14,5,4264,10,16,12,1,1,0
35,1,21,1,5099,28,1,40,2,1,0
36,1,16,5,6498,34,0,40,1,1,1
29,1,21,1,2132,36,1,13,2,1,0
43,1,19,5,5456,35,0,40,2,1,0
21,1,14,5,4617,47,16,14,1,1,0
59,1,19,1,4987,39,0,40,2,1,0
37,1,21,1,2294,22,1,40,2,1,0
65,1,16,1,5606,30,1,40,1,1,0
51,1,16,1,5575,37,0,40,2,1,0
36,1,18,1,9830,38,16,40,1,1,0
54,1,20,1,4828,9,1,40,2,1,0
44,1,21,1,1377,32,1,50,1,1,1
20,1,16,5,4609,14,13,40,2,1,0
48,1,22,1,2980,41,1,40,1,1,1
43,1,19,1,5575,33,0,40,1,1,1
32,1,21,1,3199,21,0,40,2,1,1
55,1,16,1,4004,21,0,11,2,1,0
36,1,21,1,3129,38,1,40,2,1,0
31,1,19,1,5578,22,1,40,1,1,0
52,1,16,1,121,38,0,40,1,1,1
26,1,21,5,2312,38,0,40,1,1,0
46,2,22,1,3245,6,0,40,2,1,1
44,3,22,1,2450,33,1,40,2,1,0
25,1,20,5,3513,17,0,40,2,1,0
27,1,18,1,9400,47,0,40,1,1,0
55,1,19,5,6525,18,0,40,1,1,1
26,1,18,5,9275,21,2,40,1,1,0
26,1,21,5,6563,12,13,40,1,1,0
48,1,21,3,436,5,0,40,2,1,1
19,1,14,5,4271,39,16,40,1,1,0
19,1,16,5,4253,309,2,15,2,8,0
60,1,16,1,8735,19,0,40,1,1,1
42,1,21,1,3252,2,1,40,2,1,0
46,1,19,3,5127,1,0,40,1,1,1
19,1,16,5,4116,36,2,10,2,1,0
54,1,16,1,5734,39,1,40,2,1,0
19,1,18,5,4707,37,2,12,2,1,0
32,1,16,5,5494,6,13,40,1,1,0
20,1,16,5,4347,41,17,9,2,1,0
74,3,22,3,2375,36,0,40,2,1,0
47,1,22,1,184,5,1,40,1,1,1
40,1,21,1,6437,43,0,40,1,1,0
50,1,19,1,88,219,0,40,1,6,1
39,1,21,1,1445,16,1,40,1,1,1
44,1,22,1,666,42,0,40,1,1,1
33,1,16,1,4407,3,10,40,2,1,0
24,1,18,5,6055,43,2,40,1,1,0
25,1,17,5,6324,23,13,40,1,1,0
27,1,21,5,3038,221,0,40,2,6,1
33,1,21,1,5741,1,0,40,1,1,0
34,1,16,5,9830,3,13,40,1,1,0
23,1,16,3,4211,36,0,40,2,1,0
44,1,21,3,617,37,0,50,1,1,1
27,1,16,1,5717,18,1,40,2,1,0
42,1,22,1,1159,5,1,40,1,1,1
33,1,16,1,6113,14,1,40,2,1,0
45,1,9,1,5599,40,16,40,1,1,0
37,1,21,1,774,7,1,40,1,1,1
51,3,22,1,2349,19,0,40,1,1,1
40,1,22,1,1187,221,1,40,1,6,1
27,1,16,5,5663,44,0,40,2,1,0
53,1,16,1,300,34,0,50,1,1,1
52,1,16,1,7672,5,1,50,1,1,1
43,1,1,1,4178,309,9,40,1,8,0
43,1,19,5,3821,2,0,32,2,1,0
22,1,16,5,4139,23,2,40,1,1,0
19,1,16,5,4744,30,16,14,2,1,0
26,1,19,5,5726,42,2,40,1,1,0
30,1,19,5,6142,42,2,40,1,1,0
44,1,21,1,148,23,0,50,1,1,1
21,1,19,5,4612,6,16,12,2,6,0
27,1,16,3,6209,19,0,40,2,1,0
27,1,18,5,5323,7,0,40,2,1,0
44,1,11,1,4252,49,1,40,2,1,0
26,1,17,5,4259,42,2,40,1,1,0
39,1,21,1,918,1,0,40,1,1,1
61,1,16,1,3974,25,0,35,2,1,0
53,1,17,1,7871,19,0,50,1,1,1
20,1,14,5,4048,13,16,6,1,1,0
30,1,16,5,5528,44,13,40,2,1,0
28,1,22,1,2029,34,0,40,2,1,0
50,1,19,5,6244,9,0,40,2,1,0
22,1,18,5,4543,37,2,7,2,1,0
32,1,16,1,5252,54,1,40,2,1,0
30,1,16,1,6056,10,0,40,2,1,0
49,1,21,1,852,20,0,50,1,1,1
23,1,19,5,5303,42,2,40,2,1,0
29,1,21,1,2682,37,1,40,2,1,0
37,1,21,1,861,31,1,40,2,1,0
18,1,16,5,3923,252,2,29,2,6,0
48,1,16,1,7323,32,0,50,1,1,1
41,1,22,1,3331,227,1,40,2,6,1
38,1,16,1,4199,41,1,40,1,1,0
74,3,21,1,2417,34,0,14,2,1,0
54,1,17,5,5815,24,0,40,2,1,0
43,3,22,1,2290,9,1,10,2,1,0
23,1,16,1,4177,38,1,10,2,1,0
29,1,21,5,2536,8,2,15,2,1,0
49,1,16,1,7756,18,0,40,1,1,1
31,1,19,3,4718,25,0,40,1,1,0
44,1,21,1,777,7,1,40,1,1,1
54,1,20,5,216,20,0,40,2,1,1
59,1,21,1,2105,17,1,13,2,1,0
50,1,21,1,1171,6,1,40,1,1,1
49,1,22,1,1282,27,0,40,1,1,1
20,1,19,5,4891,3,17,19,1,6,0
41,1,21,1,675,19,1,40,1,1,1
20,1,18,5,4332,4,17,11,1,1,0
38,2,22,1,2100,38,1,40,2,1,0
22,1,16,5,4753,11,16,14,2,1,0
23,1,21,1,2500,35,0,6,2,1,0
28,1,19,5,4617,4,0,10,2,1,0
44,1,22,1,348,5,0,50,1,1,1
36,1,21,1,308,8,0,50,1,1,1
29,1,19,1,5434,14,0,40,1,1,0
28,1,21,5,408,37,0,40,1,1,1
49,1,18,1,5553,7,0,40,1,1,1
41,1,17,5,9171,36,0,40,1,1,1
47,1,21,3,3010,38,13,40,1,1,1
36,1,21,1,1345,231,1,40,1,6,1
29,3,21,1,2379,5,1,40,2,1,1
39,1,17,5,7769,21,0,40,1,1,1
27,1,16,5,5187,40,13,40,1,1,0
26,1,19,1,4813,23,0,10,2,1,0
50,1,21,3,644,219,0,40,1,6,1
22,1,16,5,6003,13,12,40,1,1,0
22,2,19,5,2327,10,17,11,2,1,0
49,1,19,3,223,11,0,40,1,1,1
59,1,10,1,4199,34,1,31,2,1,0
20,1,16,5,4368,16,17,6,1,1,0
37,1,19,1,5000,35,1,40,2,1,0
20,1,19,5,4682,36,16,10,2,1,0
30,1,22,5,320,239,13,40,1,6,1
27,1,16,1,4049,9,10,40,2,1,0
31,1,16,5,6725,38,0,40,1,1,0
63,1,19,1,166,32,0,40,2,1,1
55,1,16,1,8356,18,1,50,1,1,1
50,1,21,1,3316,5,1,40,2,1,0
21,1,13,3,4270,45,2,40,2,1,0
47,1,19,1,239,9,0,40,1,1,1
30,1,21,5,2188,43,0,40,1,1,1
32,3,22,1,2513,43,0,13,2,1,0
54,1,20,1,3667,28,1,40,2,1,0
63,1,16,1,8964,42,0,40,2,1,0
38,1,19,1,6073,7,0,40,1,1,0
32,1,21,1,2789,35,1,40,1,1,0
22,1,16,5,5686,21,2,40,1,1,0
32,1,21,5,3161,220,0,40,2,6,1
52,1,16,1,6177,37,0,40,1,1,1
58,1,20,1,81,43,1,40,2,1,1
60,1,18,1,4076,40,0,13,2,1,0
45,1,22,1,1048,32,1,40,1,1,1
17,1,16,5,4725,24,2,9,2,1,0
37,1,11,1,4178,231,10,40,2,8,0
53,1,16,1,4143,47,10,40,2,1,0
27,3,21,1,2444,30,0,10,2,1,0
71,1,19,3,3631,38,0,30,2,1,0
44,1,21,1,975,26,0,40,1,1,1
39,1,21,1,799,315,1,40,1,6,1
20,1,13,5,3957,5,17,13,1,1,0
35,1,19,5,5846,40,0,40,1,1,0
28,1,19,5,4531,5,13,40,1,1,0
46,1,19,1,626,7,1,40,1,1,1
20,1,19,5,5765,40,2,40,2,1,0
22,1,17,5,5366,23,0,40,1,1,0
43,1,19,1,2361,318,1,12,2,1,0
19,1,16,5,3923,6,2,8,1,1,0
23,1,16,5,9321,7,2,40,1,1,0
31,2,21,1,2174,35,0,40,2,1,1
47,1,19,1,209,40,0,40,1,1,1
32,1,16,3,8871,23,0,40,1,1,0
51,1,21,1,549,9,0,40,1,1,1
29,3,22,1,2309,20,0,40,2,1,0
33,1,19,1,5474,35,1,40,1,1,0
32,1,16,1,4240,313,10,12,2,1,0
29,1,20,5,1122,28,13,40,2,1,1
26,1,16,5,4206,220,0,40,2,8,0
21,1,16,5,5518,13,0,40,2,1,0
48,1,19,1,112,227,0,40,1,1,1
64,1,19,1,19,40,0,40,1,1,1
49,1,19,1,454,38,1,40,1,1,1
54,1,16,5,6094,41,13,40,2,1,0
55,1,17,3,314,4,0,40,1,1,1
26,1,21,3,3268,15,0,40,2,1,0
37,1,21,1,573,9,0,40,1,1,1
53,1,21,1,2077,43,1,12,2,1,0
47,1,19,3,54,38,0,40,1,1,1
44,1,21,1,257,20,0,40,1,1,1
27,1,17,5,5917,297,13,40,1,8,0
52,1,22,1,3756,7,0,40,2,1,1
53,1,16,1,7559,39,1,40,1,1,1
52,1,16,5,5485,44,0,40,2,1,0
19,1,16,5,4326,11,2,40,1,1,0
46,1,21,3,198,39,0,40,1,1,1
39,1,19,5,9315,34,0,40,1,1,1
61,1,21,1,3110,28,0,40,2,1,1
20,1,14,5,4163,16,16,8,1,1,0
45,1,21,3,207,9,0,40,1,1,1
24,1,22,5,691,3,13,40,1,1,1
37,1,21,1,5474,42,0,40,1,1,0
22,1,14,5,4124,48,2,15,1,1,0
61,1,16,1,5669,15,0,40,2,1,0
31,1,20,5,3748,37,0,40,2,1,0
17,1,19,5,4665,53,2,15,2,1,0
72,1,22,1,2260,36,0,40,2,1,1
30,1,19,5,5570,21,13,40,1,1,0
46,1,19,1,336,6,0,40,1,1,1
48,1,21,1,354,209,1,50,1,6,1
32,2,21,1,1977,6,0,40,2,1,1
29,1,22,5,170,13,0,40,2,1,1
56,1,16,5,9333,8,0,40,1,1,1
62,1,20,1,3313,39,1,34,2,1,0
26,1,16,5,4177,37,0,32,2,1,0
45,1,13,1,6568,290,1,40,1,1,0
49,1,16,1,4030,314,1,40,2,1,0
30,1,19,5,5491,29,0,40,1,1,0
45,1,21,1,10,22,1,40,1,1,1
63,1,16,1,4155,43,1,10,2,1,0
21,1,16,5,4137,52,2,40,1,1,0
41,1,21,1,180,10,1,40,2,1,1
25,1,21,1,2524,308,1,40,2,1,0
21,1,16,5,4177,36,2,7,2,1,0
67,3,22,1,2224,39,1,12,2,1,0
45,1,19,1,5463,1,1,40,2,1,0
17,1,19,5,4714,7,2,13,2,1,0
37,1,21,1,2293,39,1,40,2,1,0
24,1,16,5,4159,36,2,40,1,1,0
29,1,21,1,2402,14,1,12,2,1,0
24,1,19,3,6320,38,0,8,2,1,0
24,1,19,3,5102,18,0,40,2,1,0
58,1,16,1,5627,38,1,40,2,1,0
72,2,21,1,3109,40,0,7,2,1,0
21,1,14,5,4002,312,17,10,1,6,0
45,1,21,1,313,3,1,40,1,1,1
38,3,21,3,2292,19,0,40,2,1,0
49,1,21,1,496,227,1,40,1,6,1
29,1,16,5,9420,22,13,40,1,1,0
19,1,19,5,4658,32,2,7,2,1,0
51,1,22,1,664,7,0,50,1,1,1
20,1,14,5,4246,314,17,16,1,8,0
39,1,21,1,5782,39,1,40,2,1,0
21,1,21,1,2634,37,0,40,2,1,0
25,1,21,5,5426,37,0,40,2,1,0
27,2,21,5,3113,39,0,28,2,1,0
51,1,17,5,5864,34,0,40,1,1,1
58,1,19,1,258,23,1,50,1,1,1
19,1,16,5,4075,17,2,12,2,1,0
22,1,19,5,2765,40,17,8,1,1,0
30,1,21,5,1200,30,0,40,1,1,1
46,1,21,1,915,42,0,40,1,1,1
37,1,22,1,1268,5,0,40,1,1,1
18,1,15,5,4034,15,2,10,1,1,0
60,1,16,1,10,15,0,50,1,1,1
21,1,9,5,4238,11,16,13,1,1,0
26,1,21,1,2442,34,0,15,2,1,0
54,1,21,1,270,7,0,40,1,1,1
28,3,21,5,2389,31,13,40,2,1,0
38,1,21,1,3255,41,1,40,2,1,0
29,1,16,1,4154,9,9,40,2,1,0
36,1,21,1,2419,215,1,40,1,6,1
25,1,21,5,5304,43,12,40,1,1,0
37,1,19,1,2629,7,1,40,2,1,0
32,1,22,1,2310,14,0,40,2,1,0
28,1,21,1,3156,22,1,40,2,1,0
37,1,22,1,3130,10,0,40,2,1,1
18,1,13,5,4185,21,2,11,2,1,0
57,1,20,1,68,40,1,40,2,1,1
62,1,16,1,5134,5,0,40,1,1,1
55,1,19,1,5747,39,1,12,2,1,0
49,1,16,5,5897,5,13,40,2,1,1
29,1,19,1,5535,8,0,40,1,1,0
37,1,22,1,3177,35,0,40,2,1,1
38,1,21,1,2717,24,0,40,1,1,0
30,1,20,1,2130,36,1,13,2,1,0
57,1,18,1,5530,40,1,40,2,1,0
46,1,19,5,4888,13,13,40,2,1,0
27,1,16,5,5621,41,2,40,1,1,0
27,1,21,5,886,8,13,40,1,1,1
28,1,19,5,3578,11,12,40,1,1,0
18,1,14,5,4021,10,2,12,1,1,0
31,1,21,1,2091,20,0,10,2,1,0
20,1,14,5,4186,7,2,9,1,1,0
61,1,19,3,5219,35,0,40,2,1,0
58,1,17,1,9093,27,0,40,1,1,0
56,1,16,3,14,1,0,50,1,1,1
35,1,19,1,5081,18,1,40,1,1,0
61,1,16,1,5745,38,1,40,2,1,0
49,1,16,3,5937,210,0,40,2,6,0
56,1,19,1,6358,30,0,40,1,1,1
20,1,21,5,2078,32,2,16,2,1,0
54,1,21,5,618,26,0,40,2,1,1
24,1,16,5,5883,50,0,40,2,1,0
52,1,21,1,3388,8,1,40,2,1,0
45,1,21,5,332,38,0,40,2,1,1
48,1,22,3,175,31,0,40,1,1,1
21,1,17,5,3754,34,15,40,2,1,0
25,1,19,5,5496,5,2,40,2,1,0
25,1,19,1,6490,26,0,40,1,1,0
61,1,16,3,6573,35,0,40,2,1,1
27,1,16,5,4310,37,16,40,1,1,0
58,1,16,3,164,36,0,40,1,1,1
54,1,18,5,7123,29,0,40,1,1,1
36,1,19,1,5867,38,0,40,1,1,0
26,1,19,1,5346,10,1,11,2,1,0
29,1,19,5,2415,14,12,40,2,1,0
44,1,19,1,5398,39,1,40,1,1,0
63,1,21,1,3800,21,1,40,2,1,1
30,1,22,1,2138,35,0,40,2,1,0
53,1,16,1,7827,8,0,40,1,1,1
62,1,21,1,2991,34,1,40,2,1,1
18,1,16,5,4215,40,2,40,1,1,0
51,1,21,1,193,7,0,40,1,1,1
45,1,19,1,5384,37,0,40,1,1,0
49,1,16,3,7454,314,0,40,1,1,1
27,1,19,5,6014,39,0,40,2,1,0
19,1,21,5,2258,7,17,6,2,6,0
18,1,19,5,2701,50,2,14,1,1,0
42,1,21,3,681,21,0,40,1,1,1
30,1,21,1,1312,231,1,40,1,1,1
57,1,16,1,5461,29,1,40,1,1,1
47,1,19,3,312,22,0,40,1,1,1
46,1,10,1,4206,301,1,40,2,8,0
22,1,17,3,4006,22,0,40,2,1,0
32,1,22,1,857,3,1,40,1,1,1
30,1,19,3,7826,37,13,40,1,1,1
50,1,21,5,413,22,0,40,2,1,1
56,1,20,1,5066,37,1,40,2,1,0
62,1,19,1,5569,37,0,40,2,1,0
57,1,17,1,6446,17,1,40,1,1,0
43,1,16,5,4136,35,0,40,2,1,0
46,1,19,1,6379,36,0,40,1,1,1
37,1,21,1,6150,25,0,40,2,1,0
19,1,16,5,4814,35,2,13,2,1,0
26,1,19,5,5722,27,0,40,2,1,0
54,1,16,1,5160,21,1,40,2,1,0
39,1,19,1,5675,36,0,40,1,1,0
34,1,19,1,5188,21,0,40,1,1,0
36,1,21,1,2414,19,0,40,2,1,1
64,1,21,1,5537,27,0,40,2,1,0
58,2,22,1,2159,43,0,40,2,1,0
43,1,16,5,9311,23,13,40,1,1,1
35,1,21,1,2347,37,0,40,2,1,0
34,1,18,5,5317,28,13,40,1,1,0
54,1,16,1,6627,43,0,40,1,1,0
19,1,16,5,4215,36,2,40,1,1,0
20,1,16,5,4157,25,2,6,2,1,0
24,1,19,5,6471,22,13,40,1,1,0
41,1,21,5,1851,42,0,40,1,1,1
26,1,20,5,5679,38,0,40,2,1,0
54,1,19,1,4838,41,1,40,1,1,1
60,1,16,5,5386,37,0,40,1,1,0
36,3,21,1,2292,35,0,40,2,1,1
51,1,1,1,5819,290,1,40,1,1,0
20,1,19,5,4765,29,2,5,2,1,0
32,2,22,1,2007,38,0,13,2,1,0
50,1,22,1,354,5,0,40,1,1,1
55,1,19,3,5764,19,0,40,1,1,1
40,1,22,1,1186,4,1,40,1,1,1
22,1,16,3,3983,35,0,40,2,1,0
31,1,16,1,4132,44,1,40,2,1,0
47,3,21,5,2291,251,0,40,1,6,1
53,1,16,1,7490,36,1,40,1,1,1
38,1,22,1,921,33,1,40,1,1,1
62,1,21,1,673,16,0,40,1,1,1
67,1,16,3,6134,31,0,40,2,1,0
63,1,18,1,3950,36,1,40,2,1,0
21,1,15,5,4086,39,10,10,2,1,0
18,1,19,5,2348,41,16,12,1,1,0
55,1,16,5,4023,15,0,40,2,1,0
57,1,16,1,5444,10,1,40,2,1,0
20,3,21,5,2398,43,2,3,2,1,0
49,1,22,3,3258,5,0,40,2,1,1
32,1,21,1,2223,8,0,12,2,1,0
29,1,21,5,4859,1,0,40,2,1,0
24,1,16,5,4649,56,2,40,1,1,0
27,1,21,1,2253,27,1,11,2,1,0
25,1,19,1,4172,6,10,40,2,1,0
27,1,16,3,4172,21,0,40,2,1,0
47,1,21,1,412,36,0,40,1,1,1
49,1,16,3,7411,39,13,40,1,1,1
22,1,14,5,4101,40,2,13,2,1,0
61,2,21,1,2085,18,1,9,2,1,0
27,1,19,5,3295,3,0,36,2,1,0
22,1,19,5,4761,7,2,40,2,1,0
47,1,16,1,9123,310,0,40,1,1,0
29,1,21,5,2569,4,2,10,2,1,0
53,1,16,1,5678,38,1,40,2,1,0
23,1,21,1,2161,27,0,40,2,1,0
54,1,16,1,449,34,0,40,1,1,1
27,1,19,5,5432,33,0,40,2,1,0
44,1,8,1,5666,40,1,40,2,1,0
24,1,19,5,5300,19,2,31,2,1,0
32,1,22,1,1217,11,0,40,1,1,1
19,1,19,5,4807,35,2,15,1,1,0
25,1,16,5,6226,12,2,40,2,1,0
60,1,16,1,4211,23,0,12,2,1,0
50,1,16,5,7092,306,0,40,1,1,1
28,1,19,5,5405,18,0,40,1,1,0
39,1,21,5,617,39,0,40,2,1,1
29,3,21,1,2349,6,1,9,2,1,0
71,1,18,3,3619,34,0,34,2,1,0
47,1,19,3,450,37,0,40,1,1,1
27,1,11,5,4212,306,9,40,1,8,0
28,1,21,5,1352,30,0,40,1,1,0
43,1,19,5,1347,42,0,40,1,1,1
54,1,16,3,3671,7,0,40,2,1,0
30,1,21,5,2371,40,2,40,1,1,0
59,1,18,1,9099,29,0,40,1,1,0
51,1,21,1,45,3,0,50,1,1,1
47,1,16,1,5330,7,0,40,2,1,0
40,1,19,1,5821,8,1,40,1,1,0
26,2,22,5,2252,15,0,40,2,1,0
42,1,12,1,4005,321,1,30,2,1,0
24,1,16,5,3928,318,10,40,2,6,0
27,1,19,1,5651,4,9,40,2,1,0
48,1,18,1,8110,9,0,40,1,1,1
43,1,21,3,1332,304,13,40,1,6,1
31,1,21,3,5078,54,0,40,1,1,0
29,1,16,5,6544,30,0,40,2,1,0
58,1,20,3,137,40,13,40,2,1,1
44,1,22,1,60,4,0,50,1,1,1
22,1,20,1,2478,25,1,11,2,1,0
34,2,21,5,2941,15,0,40,1,1,1
57,1,16,1,6039,19,1,40,1,1,1
18,1,18,5,4109,18,2,40,1,1,0
58,1,16,1,5770,19,0,40,2,1,0
29,1,19,5,5361,17,0,40,1,1,0
50,1,21,3,386,40,0,40,1,1,1
28,1,21,5,1334,5,0,40,1,1,0
52,1,16,1,5088,33,1,40,2,1,0
59,1,19,1,4742,33,0,40,1,1,0
22,1,16,5,4145,40,2,13,2,1,0
26,1,19,5,4592,38,0,40,2,1,0
29,1,16,1,4075,7,0,40,2,1,0
27,1,21,5,1237,7,0,40,1,1,0
26,1,19,3,5235,27,0,40,2,1,0
18,1,19,5,4584,4,2,12,2,1,0
64,3,21,1,2315,19,0,13,2,1,0
24,1,19,5,5744,16,0,40,2,1,0
23,1,19,5,4732,30,2,40,1,1,0
60,1,18,1,4198,27,1,9,2,1,0
25,1,16,1,4163,300,10,40,2,8,0
51,1,16,1,275,220,1,40,2,1,1
31,1,21,5,6023,38,0,40,2,1,0
50,1,22,1,258,39,0,50,1,1,1
44,1,21,1,37,236,0,50,1,1,1
39,1,21,1,874,38,1,40,1,1,1
41,1,16,1,69,3,0,40,1,1,1
23,1,16,1,4093,9,1,33,2,1,0
52,1,21,1,193,36,0,40,2,1,1
57,1,20,1,3597,32,1,40,2,1,0
28,1,21,5,4586,25,0,40,2,1,0
19,1,16,5,4802,23,17,13,1,1,0
44,1,19,1,5565,7,1,40,1,1,0
19,1,18,5,4609,19,2,8,2,1,0
32,1,20,1,4840,22,0,40,2,1,0
58,1,16,1,5931,34,0,40,1,1,1
31,1,21,5,2467,7,2,40,2,1,0
22,1,19,5,6160,37,2,40,2,1,0
43,1,22,3,95,23,0,40,1,1,1
59,1,16,3,5086,34,0,40,1,1,1
25,1,16,5,6428,317,13,40,1,8,0
38,1,21,1,1138,6,1,40,2,1,1
48,1,21,1,476,248,1,40,1,6,1
35,1,21,5,679,28,0,40,1,1,1
41,1,16,5,6337,8,13,40,1,1,1
45,1,21,1,306,31,0,40,2,1,1
29,1,21,5,3076,4,0,40,2,1,1
50,1,19,1,5659,7,1,40,1,1,0
61,1,21,1,2980,20,0,40,2,1,0
30,1,21,5,2064,17,0,40,2,1,0
38,1,21,1,2393,19,0,40,1,1,1
55,1,18,1,8855,27,0,40,1,1,0
48,1,16,1,5560,6,1,40,2,1,0
39,1,21,1,5243,38,1,40,2,1,0
34,1,21,5,292,38,13,40,2,1,1
65,1,21,1,602,33,0,40,1,1,1
20,1,19,5,4783,7,2,6,2,1,0
24,1,21,5,2528,7,12,13,2,1,0
40,1,13,1,4532,224,0,40,2,6,0
45,1,19,1,5517,1,1,40,2,1,0
48,1,16,5,5173,6,13,40,2,1,1
43,1,22,1,1013,232,1,40,1,6,1
59,1,16,1,4207,35,9,40,2,1,0
52,1,12,1,4237,320,1,40,2,1,0
24,1,21,3,4943,37,0,31,2,1,0
36,1,19,1,4287,34,0,40,1,1,0
53,1,18,1,4169,37,0,14,2,1,0
56,1,17,1,268,33,1,40,1,1,1
21,1,16,5,3962,48,2,5,1,1,0
31,1,11,1,4120,307,10,40,2,8,0
29,2,21,1,2058,23,1,40,2,1,0
31,1,21,5,5319,36,0,40,1,1,0
31,1,21,5,2208,17,2,7,2,1,0
27,1,16,3,5537,11,0,32,2,1,0
20,1,14,5,4619,42,15,40,1,1,0
72,1,21,3,3036,20,0,40,2,1,0
47,1,21,1,10,222,0,40,1,6,1
53,1,21,5,565,2,0,40,1,1,1
22,1,16,5,5002,38,13,40,1,1,0
28,1,21,5,265,15,0,40,2,1,1
40,3,21,1,2431,37,1,40,1,1,1
24,1,10,1,4161,21,0,33,2,1,0
51,1,19,5,5143,20,0,40,2,1,1
22,1,19,5,5563,26,2,8,1,1,0
20,1,19,5,2610,22,2,9,1,1,0
62,1,19,1,5566,30,0,40,1,1,1
52,1,16,1,202,1,1,40,1,1,1
60,1,19,1,422,37,0,40,1,1,1
62,1,19,1,5216,49,1,6,2,1,0
26,3,21,1,2240,47,0,30,2,1,0
25,1,19,3,5439,4,10,30,2,1,0
48,1,19,1,5016,8,0,40,1,1,0
19,1,16,5,9172,18,2,40,1,1,0
60,1,16,1,4467,36,1,6,2,1,0
32,1,22,1,771,40,0,40,1,1,1
37,1,21,1,543,25,0,40,1,1,1
56,1,18,1,5951,35,0,40,1,1,0
25,1,19,5,4712,8,2,34,2,1,0
25,1,16,5,9285,22,16,40,1,1,0
46,1,19,1,4995,2,1,40,2,1,0
18,1,18,5,4607,22,2,10,2,1,0
18,1,14,5,4141,11,16,12,1,1,0
47,1,19,5,5546,35,0,40,2,1,0
46,1,22,5,1101,228,0,40,1,6,1
32,1,19,5,5578,8,0,34,2,1,0
27,1,16,1,5980,48,0,12,2,1,0
36,1,21,1,2299,36,1,40,2,1,0
57,1,17,1,5303,29,1,40,2,1,0
26,1,21,5,2580,16,2,40,2,1,0
44,1,16,1,4945,303,9,40,2,1,0
29,1,16,1,4071,17,1,40,2,1,0
60,1,16,1,4748,21,0,40,2,1,0
23,1,19,5,4635,12,17,12,2,1,0
28,1,19,5,4925,33,13,40,1,1,0
30,1,21,5,6008,26,0,40,1,1,0
19,1,19,5,4682,22,2,33,2,1,0
44,1,20,1,5137,40,0,40,2,1,0
26,1,21,5,3369,42,0,40,2,1,0
64,1,16,1,6253,42,0,9,2,1,0
41,1,21,1,1063,6,1,40,1,1,1
27,1,16,3,3790,40,0,12,2,1,0
55,1,16,1,284,21,0,50,1,1,1
19,1,16,5,4180,10,13,40,1,1,0
18,1,19,5,4665,41,17,5,2,1,0
71,2,21,1,2492,40,0,9,2,1,0
25,1,21,5,3124,18,2,40,1,1,1
28,1,21,3,2435,6,0,15,2,1,0
26,1,16,5,5858,20,0,40,1,1,0
39,1,18,5,9163,312,0,40,1,6,1
21,1,16,5,3843,44,2,40,1,1,0
39,1,10,5,8134,307,0,40,1,1,1
27,1,16,3,4249,27,0,40,1,1,0
19,1,19,5,6194,8,2,11,1,1,0
45,1,22,1,549,8,0,50,1,1,1
53,1,16,1,5166,39,0,40,2,1,1
54,1,16,1,5559,37,0,40,1,1,1
40,1,21,1,902,14,0,40,1,1,1
55,1,21,3,394,222,0,40,2,1,1
19,1,16,5,4010,51,16,16,2,1,0
32,1,21,5,5036,38,0,40,1,1,1
47,1,19,5,5913,228,0,40,2,6,1
61,1,17,1,4135,25,0,40,2,1,0
49,1,19,3,10,33,0,50,1,1,1
25,1,16,1,7008,26,0,40,1,1,0
47,1,16,3,8185,42,0,40,1,1,1
26,1,21,5,5122,22,0,40,2,1,0
30,1,21,5,335,4,13,40,2,1,1
32,1,21,1,1305,32,1,40,1,1,1
59,1,16,5,6554,37,0,40,1,1,0
56,1,18,1,4503,26,0,40,2,1,0
54,1,19,1,10,26,0,50,1,1,1
47,1,21,1,249,41,1,50,1,1,1
21,1,21,5,1247,6,2,40,2,1,0
26,1,21,5,4917,40,12,40,2,1,0
31,1,21,1,622,3,1,40,1,1,1
56,1,16,1,133,5,0,40,1,1,1
20,1,16,5,4070,7,2,40,2,1,0
20,1,14,5,4148,34,2,10,1,1,0
33,1,19,3,6518,39,0,40,1,1,0
20,1,19,5,4674,34,12,28,2,1,0
22,2,23,5,1961,27,0,11,2,1,0
20,1,21,5,4746,4,12,40,1,6,0
27,1,16,1,4215,22,10,40,2,1,0
20,1,14,5,4187,10,2,1,2,1,0
27,1,19,5,5113,38,12,40,2,1,0
38,1,21,1,3503,8,1,40,2,1,0
33,1,19,5,6015,10,13,40,1,1,0
35,1,22,1,2334,8,0,40,2,1,1
24,1,19,5,5084,3,0,40,2,1,0
63,1,16,1,5399,6,0,33,2,1,0
43,1,19,1,6457,3,0,40,1,1,0
47,1,16,1,5818,2,1,40,1,1,1
43,1,21,3,26,34,0,50,1,1,1
48,1,16,1,8880,1,1,40,1,1,0
25,2,21,5,2209,32,0,5,2,1,0
23,1,19,5,4728,6,16,12,1,6,0
46,3,22,1,2429,39,1,40,2,1,1
49,1,16,3,7405,36,0,40,1,1,1
39,1,21,1,1018,8,0,40,1,1,0
63,1,19,1,360,41,0,40,1,1,1
46,1,17,5,4162,4,0,40,2,1,0
25,1,16,5,4739,15,13,40,2,1,0
61,1,18,1,6509,45,1,3,2,1,0
47,1,16,3,5299,15,13,40,1,1,1
20,1,16,5,4012,8,2,10,2,1,0
53,1,16,1,7354,40,0,40,1,1,1
26,1,21,5,2271,6,0,11,2,1,0
22,1,14,5,8950,40,2,40,1,1,0
61,2,22,5,3241,38,0,40,2,1,1
30,1,19,5,6299,21,12,40,1,1,0
57,1,19,1,455,43,0,40,1,1,1
41,1,10,5,9782,307,0,40,1,8,1
48,1,16,1,6056,311,1,40,1,1,0
65,1,21,3,424,39,0,40,2,1,1
62,1,16,3,9242,39,0,40,1,1,0
45,1,21,1,965,15,1,40,1,1,1
29,1,21,5,509,19,0,40,1,1,1
20,1,14,5,4550,52,2,10,1,1,0
46,1,22,1,3362,17,1,40,2,1,1
37,1,11,1,4035,306,0,40,2,1,0
52,1,21,5,596,32,0,40,1,1,1
29,1,21,5,2085,41,0,6,2,1,0
34,1,19,1,5463,9,0,40,2,1,0
39,1,19,3,5423,33,0,40,2,1,0
39,1,21,1,2198,36,1,40,2,1,0
20,1,19,5,4740,9,2,11,1,1,0
24,1,19,5,4975,9,2,40,2,1,0
19,1,16,5,4054,203,2,35,2,6,0
38,1,19,5,5913,35,0,40,2,1,0
27,1,19,5,5668,36,2,40,2,1,0
25,1,16,5,5732,21,13,40,2,1,0
60,2,21,3,3596,10,0,40,2,1,1
22,1,21,5,4884,9,13,40,2,1,0
26,1,21,3,2405,12,0,40,2,1,0
56,1,18,1,6291,37,0,40,1,1,0
23,2,23,5,2022,40,2,7,2,1,0
30,1,21,1,3085,22,1,40,2,1,0
44,1,17,1,6307,305,0,40,1,1,0
25,1,14,5,3763,25,16,32,2,1,0
57,1,18,1,6318,45,1,40,1,1,1
19,1,10,5,4039,203,10,40,2,6,0
60,2,21,1,2286,18,1,14,2,1,0
42,1,7,3,4151,15,0,40,1,1,0
34,1,21,3,878,36,0,40,1,1,1
51,1,21,3,563,213,0,40,1,6,1
47,1,19,1,6262,9,1,40,1,1,1
22,1,16,5,4224,50,2,14,1,1,0
47,1,16,1,8166,37,0,40,1,1,1
46,1,19,1,10,38,0,40,1,1,1
22,1,16,5,9198,20,2,40,1,1,0
39,3,21,1,2297,37,1,40,2,1,0
21,1,19,5,4845,7,17,5,1,6,0
57,1,16,1,3588,22,1,40,2,1,0
24,1,16,1,4199,4,10,40,2,1,0
62,1,16,1,5417,35,1,40,2,1,0
19,2,21,5,2414,39,17,13,2,1,0
65,1,21,1,3058,32,0,40,2,1,1
26,1,16,1,4140,40,0,13,2,1,0
20,1,16,5,6273,37,2,7,2,1,0
37,1,21,1,2421,41,0,40,2,1,0
19,1,19,5,4717,51,12,40,1,1,0
68,3,22,1,2194,5,0,11,2,1,0
33,3,21,1,2376,39,1,40,2,1,0
27,1,19,5,5267,18,13,40,2,1,0
39,1,22,1,583,38,0,40,1,1,1
42,1,16,1,2173,7,10,9,2,1,0
44,1,21,1,3612,35,1,40,2,1,0
61,1,18,5,5432,4,0,40,2,1,0
61,1,18,1,6031,21,0,40,1,1,0
48,1,21,1,695,18,0,40,1,1,1
33,1,21,1,2288,39,0,40,2,1,0
28,1,16,5,5679,15,2,40,2,1,0
42,1,16,1,5048,38,0,40,1,1,0
53,1,16,1,5635,9,1,40,2,1,0
22,1,19,5,2172,204,17,10,2,6,0
39,1,21,1,1037,38,1,40,2,1,1
36,1,16,5,4870,8,0,40,1,1,0
19,1,19,5,4777,21,2,9,2,1,0
26,1,21,5,2344,229,12,16,2,6,0
48,1,19,1,5676,36,1,40,1,1,0
20,1,14,5,4167,14,17,16,1,1,0
23,1,19,5,3589,38,12,29,2,1,0
19,1,21,5,1892,10,17,16,2,1,0
19,1,16,5,4038,29,2,40,1,1,0
27,1,16,5,9533,45,2,40,1,1,0
26,1,21,5,5589,38,13,40,2,1,0
28,1,21,5,5708,302,0,40,1,6,0
57,1,18,1,4124,6,0,30,2,1,0
26,1,19,1,2590,16,10,40,2,1,0
50,1,16,5,6366,19,0,40,2,1,1
29,1,19,5,6898,38,0,40,1,1,0
17,1,16,5,4334,27,2,5,1,1,0
32,1,21,5,816,28,0,40,1,1,1
46,1,21,3,838,10,0,40,1,1,1
31,1,21,1,2512,25,0,40,2,1,0
40,1,21,1,2306,40,1,40,2,1,1
30,1,21,1,584,38,1,40,2,1,1
23,1,21,5,2524,22,2,40,1,1,0
29,1,16,3,4046,42,0,40,2,1,0
20,1,19,5,4274,55,17,8,1,1,0
51,1,16,1,4507,19,0,40,2,1,0
56,1,17,5,7471,29,0,40,1,1,1
52,1,20,1,6108,40,1,40,2,1,0
46,1,22,1,824,5,1,40,1,1,1
51,1,19,1,511,35,0,40,1,1,1
56,1,21,1,853,8,1,40,1,1,1
47,1,21,5,5976,42,0,40,1,1,1
29,1,19,3,3355,33,0,27,2,1,0
40,1,21,1,4746,6,0,40,1,1,1
24,1,16,5,5214,306,2,40,1,8,0
34,1,21,5,988,39,13,40,1,1,1
44,1,21,1,970,51,0,40,1,1,1
24,1,18,3,4179,15,2,40,1,1,0
43,1,20,1,6559,36,1,40,2,1,0
46,1,22,3,526,217,0,40,1,6,1
67,2,21,1,2187,18,0,40,1,1,1
37,1,21,1,2264,23,0,40,2,1,1
32,1,21,1,2182,207,1,40,2,6,0
28,1,19,1,2615,303,0,11,2,1,0
46,1,16,1,7656,323,1,40,1,6,1
27,1,19,1,6470,33,10,40,2,1,0
56,1,19,1,5341,12,0,40,2,1,0
27,1,21,5,3371,29,13,40,2,1,0
25,3,21,5,2478,35,2,13,2,1,0
40,1,19,1,5905,216,1,40,1,6,1
23,1,16,5,4251,16,2,40,1,1,0
56,1,16,1,5119,17,0,40,1,1,0
58,3,21,1,2380,41,1,28,2,1,0
29,1,21,1,4745,3,0,17,1,1,0
65,2,21,1,2337,37,0,4,2,1,0
48,1,21,5,10,21,0,40,2,1,1
58,2,21,3,2020,15,0,40,2,1,1
22,1,16,5,3960,22,16,4,1,1,0
55,1,16,1,7453,20,0,40,1,1,1
21,1,19,5,2347,26,2,9,2,1,0
40,1,19,1,6123,34,1,40,2,1,0
57,1,16,1,3642,37,1,40,2,1,0
33,1,21,3,838,40,0,40,1,1,1
19,1,16,5,4669,38,2,12,2,1,0
60,1,19,1,5703,34,0,40,2,1,0
41,1,21,1,10,9,1,40,1,1,1
30,1,21,5,3736,35,0,40,2,1,0
64,1,20,1,5484,33,1,40,2,1,0
42,1,21,3,242,38,0,40,2,1,1
52,1,19,1,423,6,1,40,1,1,1
23,1,19,5,6180,37,17,40,1,1,0
57,1,16,1,6341,25,1,40,1,1,1
58,1,19,1,5941,19,1,40,1,1,1
28,3,21,3,2216,40,0,40,2,1,0
49,1,21,1,5181,217,0,32,2,1,0
47,1,16,5,5900,5,0,40,2,1,0
26,1,18,5,4159,36,16,40,1,1,0
48,1,16,1,8962,7,1,40,1,1,0
34,1,10,1,4209,325,0,40,1,1,0
53,1,16,3,5753,23,0,40,1,1,1
20,1,19,5,2439,25,2,5,1,1,0
48,1,21,1,302,39,1,40,2,1,1
44,1,22,1,2444,8,0,40,2,1,1
36,1,21,1,5660,11,1,40,2,1,0
46,1,16,1,657,3,1,50,1,1,1
30,1,18,5,5746,31,13,40,1,1,0
62,1,16,1,5382,32,1,40,2,1,0
56,1,16,1,418,40,1,50,1,1,1
52,1,11,1,4817,2,0,31,2,1,0
49,1,20,1,3347,37,0,40,2,1,0
19,1,16,5,4700,34,17,5,2,1,0
58,1,18,1,5188,42,1,40,2,1,0
29,1,21,5,1908,38,2,40,1,1,0
46,1,21,1,2885,6,1,40,1,1,1
47,1,16,1,8089,321,0,40,1,1,1
28,3,21,5,2253,3,0,40,2,1,1
23,1,16,5,5207,37,0,40,1,1,0
29,1,21,5,2619,33,0,40,1,1,0
53,1,19,1,204,40,1,40,1,1,1
29,1,19,3,6719,43,0,40,1,1,0
46,1,22,1,139,34,0,40,1,1,1
49,1,21,1,2318,36,0,40,2,1,0
27,1,21,5,1598,5,0,40,2,6,0
54,1,16,1,5536,10,0,40,1,1,0
37,1,19,1,5481,36,0,40,1,1,0
57,1,16,3,7903,7,0,40,1,1,1
30,1,21,1,3383,25,1,40,2,1,0
51,1,21,1,727,40,1,40,1,1,1
43,1,13,1,7749,17,0,40,1,1,1
30,1,10,5,9273,25,13,40,1,1,0
49,1,16,3,7929,39,0,50,1,1,1
20,1,14,5,4357,9,17,7,1,1,0
45,1,16,1,4127,305,1,40,2,6,0
55,1,19,1,5775,39,1,40,2,1,0
46,1,21,3,683,42,0,40,1,1,1
25,2,21,3,1882,36,0,40,2,1,0
50,1,20,5,5027,29,0,40,2,1,1
43,1,21,3,10,4,0,40,1,1,1
27,1,21,1,2241,320,10,40,2,1,0
24,1,16,3,5193,20,0,5,2,1,0
31,1,21,1,5591,40,0,40,2,1,0
44,1,21,1,206,14,0,50,1,1,1
19,1,18,5,4754,29,2,9,2,1,0
38,1,16,1,5730,7,0,40,1,1,0
43,1,21,1,3720,16,1,40,2,1,0
42,1,21,1,1160,6,1,40,1,1,1
28,1,16,5,6345,20,13,40,1,1,0
52,1,19,1,4889,37,1,40,2,1,0
40,1,19,1,6601,35,0,40,1,1,0
47,1,16,1,343,4,1,40,1,1,1
32,1,21,1,1069,29,0,40,1,1,1
46,3,22,1,2586,22,1,40,2,1,1
21,1,14,5,4076,5,15,40,1,1,0
57,1,16,3,6093,27,0,40,1,1,1
55,1,16,1,5103,41,1,40,2,1,0
36,1,21,1,3005,35,1,50,1,1,1
41,1,19,1,5932,37,1,40,1,1,0
28,1,19,5,5746,10,2,33,2,1,0
39,1,16,1,7568,304,0,40,1,8,0
18,1,16,5,4054,8,17,12,1,1,0
26,1,21,5,5303,5,0,40,1,1,0
22,1,8,5,4029,23,2,40,1,1,0
50,1,19,1,131,7,0,50,1,1,1
28,1,21,5,691,7,13,40,1,1,0
34,1,19,1,6117,28,1,40,2,1,0
31,1,11,1,4237,7,0,40,1,1,0
39,1,21,1,1377,14,0,40,1,1,0
21,1,16,1,4242,6,10,40,2,1,0
54,1,8,1,4346,31,1,40,1,1,0
62,1,20,1,5328,45,1,40,1,1,0
25,1,21,5,3373,36,0,40,2,1,1
46,1,16,1,6246,8,1,40,2,1,0
22,1,21,5,1974,36,2,40,2,1,0
28,1,16,5,7143,29,0,40,1,1,0
23,1,16,5,9200,56,2,40,1,1,0
38,1,21,1,3309,37,1,40,2,1,0
26,1,16,5,7612,26,2,40,1,1,0
39,3,21,1,2636,21,1,40,2,1,1
30,1,19,5,9197,7,0,40,1,1,0
40,1,21,1,703,42,1,40,1,1,1
30,1,21,1,5564,10,1,40,2,1,0
58,1,16,1,5171,16,0,40,2,1,0
17,1,16,5,4171,44,2,4,1,1,0
59,1,9,1,3972,25,1,40,2,1,0
58,1,16,3,5894,5,0,40,2,1,0
40,1,18,1,4367,28,0,40,1,1,0
24,1,21,1,2400,29,0,40,2,1,0
51,1,19,5,53,41,0,40,1,1,1
51,1,16,1,4205,245,1,11,2,6,0
59,1,17,1,5284,20,1,40,2,1,0
57,1,21,1,105,24,0,40,1,1,1
40,3,21,1,2209,6,0,40,2,1,1
31,1,19,1,5426,48,0,40,1,1,0
42,1,16,1,4092,8,1,40,2,1,0
24,1,19,5,5781,15,13,40,2,1,0
18,1,16,5,4528,4,2,6,2,1,0
20,1,19,5,4626,49,2,8,2,1,0
42,1,10,5,4168,308,0,40,2,8,0
45,1,21,1,4554,9,0,40,1,1,1
25,1,20,1,4634,30,9,40,2,1,0
44,1,18,5,5954,6,0,40,1,1,1
43,1,21,1,2647,203,0,40,2,6,0
20,1,21,5,2555,36,2,13,2,1,0
57,1,16,3,8786,30,0,40,1,1,0
21,1,16,5,7309,18,16,40,1,1,0
44,1,21,3,273,17,0,50,1,1,1
57,1,21,1,3320,38,1,40,2,1,0
35,1,22,1,590,5,1,40,1,1,1
37,1,19,3,5974,39,0,40,1,1,0
41,1,16,1,8006,298,0,40,1,1,0
53,1,19,5,5034,23,0,40,1,1,1
51,1,20,3,212,25,0,40,1,1,1
22,1,14,5,4160,34,2,32,2,1,0
28,1,21,5,5050,39,12,40,2,1,0
20,1,19,5,4791,22,17,12,2,1,0
49,1,19,1,7156,35,1,40,1,1,1
31,1,8,1,4094,49,10,40,2,1,0
62,1,19,1,5104,19,1,40,2,1,0
53,1,22,3,797,7,13,40,1,1,1
35,1,16,1,5227,50,1,32,2,1,0
20,1,16,5,4013,48,10,40,2,1,0
29,1,19,1,2693,302,1,6,2,6,0
56,1,19,1,5706,44,0,40,1,1,0
26,1,16,5,5872,303,0,40,1,8,0
21,1,16,5,4153,10,2,14,1,1,0
47,3,21,1,2343,4,1,15,2,1,0
28,1,21,5,6042,37,13,40,2,1,0
58,1,19,1,5212,8,1,40,2,1,0
33,1,21,5,3667,9,0,40,2,1,0
51,1,17,1,7578,305,0,40,1,1,1
51,1,19,1,5725,26,0,40,1,1,1
43,1,19,1,6002,9,0,40,1,1,1
65,1,18,1,4685,4,0,40,2,1,1
36,1,16,1,5657,7,0,40,1,1,0
19,1,19,5,4727,34,17,11,1,1,0
32,1,21,5,5875,37,13,40,1,1,0
60,1,21,1,2951,33,0,40,2,1,0
40,1,21,1,771,225,1,40,1,6,1
55,1,16,1,8210,39,1,40,1,1,1
47,1,21,1,501,23,1,40,1,1,1
33,1,22,1,1397,40,0,40,1,1,1
55,1,16,5,7677,27,0,40,1,1,1
38,1,21,1,563,25,1,40,1,1,1
48,1,21,1,958,28,0,40,1,1,1
64,1,18,1,5505,36,0,40,1,1,1
32,1,16,5,6216,44,0,40,1,1,0
27,1,21,5,5281,6,0,40,1,1,0
28,1,21,5,1761,37,0,40,1,1,0
51,1,16,1,7801,37,1,50,1,1,1
47,3,21,1,2515,22,0,40,2,1,1
36,1,21,3,5321,26,0,40,1,1,0
26,1,19,5,6027,230,13,40,2,6,0
18,1,16,5,4070,22,2,40,1,1,0
60,1,19,1,5125,29,0,40,2,1,0
48,1,17,1,4175,10,16,40,1,1,0
41,1,21,1,1223,201,1,40,1,6,1
34,1,21,1,765,38,0,40,1,1,1
59,2,20,1,2444,39,1,11,2,1,0
39,1,22,1,1190,19,0,40,1,1,1
63,1,22,5,3570,13,0,40,2,1,1
58,1,19,1,5523,39,0,40,2,1,1
46,1,16,1,8765,8,0,40,1,1,0
24,1,16,5,6454,5,10,40,1,1,0
31,1,19,5,7561,27,0,40,1,1,1
28,1,16,3,4170,301,0,40,2,1,0
23,1,19,5,4630,29,2,8,2,1,0
45,1,21,3,947,27,0,40,2,1,1
60,1,17,1,8665,44,0,40,1,1,1
19,1,19,5,4694,5,12,9,2,1,0
51,1,16,1,7798,41,1,50,1,1,1
46,1,19,1,4730,11,1,40,1,1,1
29,1,18,3,5726,26,0,40,2,1,0
46,1,16,1,4608,203,1,40,1,6,1
36,1,21,1,3330,32,1,40,2,1,0
43,1,20,1,1155,23,1,50,1,1,1
29,1,21,5,2464,222,2,40,2,6,0
45,1,21,1,361,7,0,50,1,1,1
26,1,19,5,4574,9,0,40,1,1,0
67,1,18,1,5518,37,0,40,2,1,0
26,1,19,5,5442,35,2,40,1,1,0
49,1,20,1,5736,42,0,40,2,1,1
21,1,19,5,5578,21,13,40,2,1,0
24,1,21,5,3828,28,0,40,1,1,0
26,1,16,5,4161,39,2,40,2,1,0
17,1,14,5,4213,19,2,13,2,1,0
50,1,20,3,535,17,0,40,1,1,1
19,1,16,5,4308,23,2,40,1,1,0
27,1,19,5,6142,25,0,40,2,1,0
50,1,21,1,151,22,1,50,1,1,1
59,1,16,1,6039,26,1,40,1,1,0
22,1,16,3,4035,24,0,7,2,1,0
25,1,21,1,2250,233,12,40,2,1,0
56,1,16,1,5267,16,1,40,1,1,1
56,1,19,3,326,38,0,40,2,1,1
26,1,21,5,2136,39,17,40,2,1,0
27,1,16,5,5838,20,0,40,2,1,0
26,1,21,5,2390,200,2,15,2,6,0
61,1,21,5,181,21,0,40,1,1,1
49,1,20,1,5519,39,1,40,2,1,0
42,1,20,1,2366,306,1,14,2,1,0
48,1,20,3,10,8,0,40,1,1,1
28,1,18,1,4112,38,0,40,1,1,0
18,1,19,5,4553,39,2,10,2,1,0
58,1,18,1,4253,4,0,7,2,1,0
67,1,21,1,3545,26,0,40,2,1,0
48,1,21,1,437,22,0,50,1,1,1
30,3,21,5,2288,39,0,40,2,1,1
38,1,21,1,475,10,0,40,1,1,1
43,1,21,1,769,8,1,40,1,1,1
40,1,19,1,5678,17,1,40,1,1,0
20,1,16,5,3869,42,2,40,2,1,0
28,1,19,5,4827,33,0,40,1,1,0
62,1,19,1,5661,36,0,35,2,1,0
45,1,21,1,3221,7,1,40,2,1,0
51,1,20,3,176,10,0,40,1,1,1
51,1,20,1,5150,33,1,40,2,1,1
19,1,19,5,4886,27,17,4,1,1,0
22,1,19,5,4713,46,2,7,2,1,0
59,1,16,1,6134,38,1,40,2,1,0
28,1,21,1,3333,19,1,40,2,1,1
54,1,16,3,6025,24,0,40,1,1,1
20,1,18,5,6576,38,17,40,1,1,0
54,1,16,1,5690,18,1,40,2,1,1
42,1,21,1,531,35,0,40,1,1,1
26,1,16,5,5278,30,13,40,2,1,0
19,1,16,5,4208,27,2,5,2,1,0
42,1,21,5,2358,39,0,40,2,1,0
56,1,16,1,9533,43,0,40,1,1,0
43,3,21,1,2276,7,1,40,2,1,1
44,1,21,1,214,30,0,50,1,1,1
50,1,16,1,5937,37,1,40,1,1,1
21,1,19,5,4762,8,17,18,1,1,0
23,1,19,5,4865,17,2,7,2,1,0
27,1,19,5,5582,50,13,40,1,1,0
28,2,23,5,2248,7,13,40,2,1,0
36,1,21,1,2896,39,0,40,1,1,1
40,1,21,1,5124,14,1,40,2,1,0
50,1,22,1,2865,18,1,40,1,1,1
28,1,16,5,5208,4,0,40,2,1,0
23,1,16,3,4130,18,0,40,2,1,0
20,1,16,5,4237,20,2,6,1,1,0
60,1,16,1,4214,35,0,28,2,1,0
53,1,16,1,4981,2,1,40,2,1,1
47,1,21,1,3491,6,0,40,2,1,0
60,1,19,1,5606,38,0,40,2,1,1
19,1,16,5,4234,7,2,5,2,1,0
50,1,22,1,148,25,1,40,1,1,1
41,1,17,1,6015,37,1,40,1,1,0
47,1,16,1,5784,9,1,40,1,1,1
52,1,16,3,5597,4,0,40,1,1,1
55,1,16,1,9087,43,1,40,1,1,0
54,1,16,1,7229,33,0,40,1,1,1
20,1,21,5,3347,2,13,40,2,1,0
37,1,19,1,5636,30,1,40,1,1,0
26,1,19,5,5755,40,0,40,2,1,0
31,1,19,1,5303,47,1,40,2,1,0
47,1,21,1,10,37,1,50,1,1,1
23,1,19,5,4774,6,2,8,2,1,0
21,1,19,5,3816,27,2,12,2,1,0
26,1,16,5,6018,39,2,40,1,1,0
20,4,22,5,2402,37,2,11,1,1,0
43,1,16,1,6580,19,0,40,1,1,0
51,1,19,1,6185,36,1,40,1,1,1
47,1,19,1,6382,41,0,40,1,1,1
42,1,21,1,5604,7,0,40,1,1,0
52,1,18,1,5397,39,0,40,1,1,0
40,1,16,1,5478,5,1,40,1,1,0
18,1,16,5,4178,39,2,17,2,1,0
26,2,21,5,2076,7,0,40,2,6,1
46,1,21,1,674,11,0,40,1,1,1
20,1,18,5,4615,238,16,10,1,6,0
26,2,23,5,2208,22,2,12,2,1,0
35,3,21,1,2461,3,0,40,1,1,1
21,1,19,5,4659,37,16,20,2,1,0
42,1,19,1,5435,306,0,40,1,1,0
73,6,21,3,2745,18,0,2,2,1,0
29,1,17,5,4409,27,17,40,1,1,0
49,1,16,1,7653,25,1,50,1,1,1
51,1,1,3,8285,311,0,50,1,1,1
58,1,20,3,318,15,0,40,2,1,1
39,1,16,5,5690,35,0,40,1,1,1
37,1,19,1,4874,48,0,40,2,1,0
28,1,16,5,5758,309,0,40,1,1,0
26,1,16,1,5765,25,0,9,2,1,0
49,1,16,1,7416,4,0,50,1,1,1
26,1,13,5,8911,41,2,40,1,1,0
57,1,19,1,4880,24,0,40,1,1,1
38,1,19,1,5817,37,1,40,1,1,1
33,1,22,1,3283,36,1,40,2,1,1
23,1,21,5,3296,37,0,40,2,1,0
67,3,22,3,2374,17,0,40,2,1,0
67,2,21,1,2513,7,0,8,2,1,0
40,1,19,3,6281,35,0,40,1,1,1
47,1,18,3,7143,39,0,40,1,1,1
20,1,8,5,4171,13,15,31,1,1,0
39,1,16,3,9084,3,13,40,1,1,0
44,1,21,1,6148,304,0,40,2,6,0
45,1,21,1,1067,6,1,50,1,1,1
24,1,18,5,8651,38,2,40,1,1,0
45,1,19,1,4902,2,0,40,1,1,1
51,1,16,1,372,216,0,40,1,6,1
46,1,9,1,4209,44,1,40,2,1,0
34,1,19,1,5840,51,0,40,1,1,0
18,1,16,5,4048,39,2,6,2,1,0
49,1,21,5,3517,35,0,40,2,1,1
42,1,17,1,9069,54,0,40,1,1,0
44,1,22,1,1250,225,1,40,1,6,1
38,1,21,1,5408,24,1,40,2,1,0
23,1,21,5,2307,38,12,40,2,1,0
67,1,21,3,5365,39,0,40,1,1,1
19,2,19,5,2409,28,17,3,2,1,0
25,1,16,5,4109,36,0,40,2,1,0
56,1,16,1,6561,32,1,40,2,1,0
54,1,14,1,4132,20,0,40,2,1,0
61,1,16,1,5577,38,0,40,1,1,0
22,1,16,1,4192,18,0,40,2,1,0
50,1,22,3,545,30,0,50,1,1,1
55,1,16,1,4152,21,9,40,2,1,0
52,1,21,1,3373,28,1,40,2,1,1
60,1,16,1,4185,17,15,40,2,1,0
47,1,8,1,3929,302,0,40,2,1,0
22,1,19,5,5268,24,2,40,2,1,0
48,1,22,3,3271,21,0,40,2,1,1
61,1,18,1,6243,38,0,40,1,1,0
57,1,16,1,5634,17,1,40,2,1,1
39,1,21,3,4813,2,0,40,2,1,0
29,1,19,5,4434,17,0,9,2,1,0
21,1,16,5,5192,5,2,40,1,8,0
25,1,18,5,5331,40,0,30,2,1,0
19,1,16,5,4730,52,16,7,1,1,0
21,1,19,5,4778,33,16,40,1,1,0
52,1,19,1,485,40,0,40,1,1,1
60,1,17,1,4096,43,1,16,2,1,0
32,1,22,5,2372,39,0,40,1,1,1
27,2,21,5,2001,22,0,40,1,1,1
53,1,22,1,270,43,0,40,1,1,1
52,1,21,1,319,24,1,40,2,1,1
27,1,22,5,3043,19,0,40,2,1,1
20,1,19,5,4751,3,2,11,2,1,0
28,1,16,5,6438,39,2,40,1,1,0
30,1,21,5,2228,38,13,40,2,1,0
31,1,21,1,2702,47,0,40,2,1,0
43,1,12,3,6026,237,13,40,1,6,0
39,1,21,1,857,36,0,40,1,1,1
61,1,19,1,4954,4,0,40,1,1,0
52,1,16,1,6081,21,1,40,1,1,0
48,1,21,5,5911,11,0,40,2,1,1
40,1,21,1,5478,9,0,40,2,1,0
33,2,21,1,2063,43,1,40,2,1,1
61,1,21,1,2754,24,0,40,2,1,1
57,1,16,1,5593,41,0,40,1,1,1
19,1,18,5,4011,7,2,6,1,1,0
53,1,6,1,5832,44,1,40,1,1,1
68,1,21,1,3152,40,1,40,1,1,1
51,1,20,3,365,30,0,40,1,1,1
34,2,21,1,2089,22,1,40,2,1,1
19,1,19,5,6608,22,2,40,1,1,0
27,1,19,5,6663,38,0,40,2,1,0
38,1,19,1,5321,2,1,40,2,1,0
36,1,21,1,991,14,0,40,1,1,1
48,1,19,1,5965,38,0,40,1,1,0
37,1,21,1,96,36,1,40,1,1,1
29,1,21,1,2406,9,0,40,2,1,0
28,1,13,5,9268,52,2,40,1,1,0
59,1,19,1,5991,23,0,40,2,1,0
47,1,19,1,567,10,1,50,1,1,1
28,1,16,1,4044,28,0,40,2,1,0
40,1,19,1,5543,34,1,40,2,1,0
33,1,21,1,2209,19,1,40,2,1,0
39,1,19,3,6500,6,0,40,1,1,0
53,1,20,5,487,30,0,40,1,1,1
31,1,16,1,6289,313,10,40,1,1,0
30,1,19,3,5469,18,0,40,1,1,0
21,1,16,5,9306,28,2,40,1,1,0
46,1,11,1,3944,318,10,31,2,1,0
21,1,16,5,5544,38,13,40,1,1,0
47,1,21,3,274,38,0,40,1,1,1
33,1,21,3,4870,37,0,40,2,1,0
38,1,21,1,3198,127,1,40,1,1,1
46,1,21,1,10,19,0,40,1,1,1
29,1,21,1,2183,38,0,40,2,1,0
50,1,16,1,5389,33,1,40,2,1,0
43,1,21,3,923,233,0,40,1,1,1
51,1,21,1,5665,205,1,40,2,6,0
31,4,21,1,2158,33,0,40,1,1,0
25,1,18,5,4580,22,0,40,2,1,0
36,1,22,5,1340,24,13,40,1,1,1
60,1,20,1,5416,23,1,40,2,1,1
21,1,19,5,2597,7,2,6,2,6,0
25,1,16,5,4213,11,16,40,2,1,0
23,1,21,5,2195,38,2,13,2,1,0
22,1,21,3,5742,13,0,40,2,1,0
57,1,18,1,7740,19,0,50,1,1,1
19,1,18,5,4673,29,17,10,2,1,0
34,1,21,1,1025,41,1,40,1,1,1
53,1,16,3,7733,24,0,40,1,1,1
26,1,20,1,5311,353,1,40,2,1,0
49,1,21,1,6075,4,1,40,2,1,0
43,3,21,1,2607,37,1,6,2,1,0
58,1,16,1,5749,13,1,40,2,1,1
38,2,21,1,1907,22,1,40,2,1,1
20,1,19,5,4575,24,2,10,2,1,0
25,1,16,1,5532,17,0,36,2,1,0
45,1,16,1,5453,2,1,40,2,1,0
29,1,21,1,727,13,1,40,1,1,1
57,1,20,1,3700,20,0,40,2,1,0
22,1,16,5,4066,25,2,40,1,1,0
49,3,21,1,2317,35,0,31,2,1,0
38,1,21,5,907,22,0,40,1,1,1
49,1,21,5,218,30,0,40,2,1,1
53,1,18,1,5363,41,1,40,1,1,0
25,1,21,5,1203,27,2,40,1,1,0
30,1,16,3,6216,26,16,40,1,1,0
22,1,19,5,6193,17,2,35,2,1,0
30,1,16,5,5028,250,0,40,1,6,0
31,1,19,1,6097,26,1,40,2,1,0
57,1,18,1,6017,45,1,40,2,1,0
38,1,21,1,3173,10,1,40,2,1,0
49,1,19,1,5002,227,0,40,1,1,1
22,1,16,3,5559,38,0,40,1,1,0
56,1,16,1,5254,4,0,40,2,1,1
29,1,21,1,3509,44,0,40,2,1,0
23,1,16,5,4595,4,2,9,2,6,0
60,1,16,1,5895,7,0,40,2,1,0
55,1,16,1,5941,36,1,40,1,1,1
32,1,21,3,477,8,0,40,1,1,1
39,1,16,5,6244,4,0,40,1,1,0
65,1,19,1,5691,9,0,40,2,1,0
41,1,19,1,5885,5,1,40,1,1,1
39,1,21,1,527,218,1,40,1,6,1
61,2,21,1,3133,38,1,32,2,1,0
48,1,19,1,413,20,1,40,1,1,1
50,1,16,1,4180,301,0,40,2,6,0
42,1,17,1,9409,321,1,40,1,1,0
39,3,21,1,2335,35,0,40,2,1,1
21,1,19,1,4557,20,0,40,2,1,0
25,1,19,5,5665,31,13,40,1,1,0
41,1,21,1,1079,22,0,40,1,1,1
67,1,20,3,3580,10,0,33,2,1,0
21,1,19,5,4729,41,2,9,2,1,0
56,1,16,1,5487,36,0,40,2,1,0
36,1,22,1,1221,6,0,40,1,1,1
47,1,22,1,287,10,1,61,1,1,1
45,1,21,1,236,10,1,40,1,1,1
31,1,16,5,5694,18,13,40,2,1,0
65,1,16,1,5531,43,0,40,2,1,1
41,1,21,1,1052,19,0,40,1,1,1
20,1,19,5,4765,33,2,9,2,1,0
48,1,19,3,5573,37,0,40,1,1,1
26,1,19,1,4902,44,0,40,2,1,0
20,1,16,5,3845,53,3,7,1,1,0
35,1,21,1,1052,39,0,40,1,1,0
52,1,16,3,466,13,0,40,1,1,1
53,1,16,1,6026,18,1,40,1,1,0
52,1,16,1,5344,39,0,40,1,1,0
69,1,22,3,3237,37,0,40,2,1,1
44,1,20,1,275,38,1,40,2,1,1
23,1,14,5,4161,22,2,10,2,1,0
42,1,17,1,9270,48,0,40,1,1,0
40,1,21,1,2355,6,1,40,1,1,1
31,1,21,1,1335,29,0,40,1,1,0
53,1,21,1,3569,39,0,40,2,1,0
24,1,21,5,5708,37,0,40,2,1,0
61,1,16,1,6124,41,1,40,2,1,0
45,1,16,1,4058,1,1,35,2,1,0
21,1,19,5,5058,6,2,14,1,1,0
42,1,18,1,6513,5,1,40,1,1,0
34,1,16,1,4753,40,1,40,2,1,0
20,1,16,5,4754,6,2,10,2,1,0
31,3,22,1,2577,35,0,10,2,1,0
61,1,18,1,6123,19,1,40,1,1,1
45,1,21,3,502,5,0,40,1,1,1
28,1,16,1,5563,18,0,40,2,1,0
29,1,16,5,5859,21,0,40,1,1,0
49,1,16,1,6075,219,0,40,1,6,1
20,1,16,5,4731,36,2,31,2,1,0
18,1,14,5,3983,9,2,13,1,1,0
46,1,20,3,359,12,0,50,1,1,1
27,1,21,1,2217,38,10,31,2,1,0
42,1,19,1,7041,7,1,40,1,1,1
57,1,18,1,5949,35,0,40,1,1,0
42,1,21,1,226,14,1,40,1,1,1
59,1,16,1,5143,13,0,36,2,1,0
24,1,21,5,1443,7,13,40,2,6,0
28,1,19,1,2199,7,0,5,2,1,0
35,1,21,1,5866,50,0,40,1,1,0
52,1,19,1,5366,38,0,40,1,1,1
53,1,16,1,9330,14,0,40,1,1,1
20,1,19,5,5132,38,17,40,2,1,0
31,1,19,5,5271,19,0,40,2,1,0
23,1,16,1,4137,14,0,40,2,1,0
25,1,16,5,5194,22,0,40,1,1,0
40,1,21,1,6561,25,0,40,1,1,0
26,1,16,1,4202,53,1,40,2,1,0
70,1,19,1,2176,42,0,9,2,1,0
17,1,19,5,4797,38,2,1,1,1,0
31,3,21,5,2522,44,0,40,2,1,0
54,1,18,1,7928,21,1,40,1,1,1
34,1,14,3,3919,41,0,40,2,1,0
21,1,16,5,4060,24,2,7,1,1,0
44,1,16,1,7466,24,0,40,1,1,0
59,1,19,1,4611,10,9,29,2,1,0
44,1,21,3,111,40,0,50,1,1,1
29,2,21,3,2197,39,0,13,2,1,0
26,1,19,5,5407,12,0,40,2,1,0
17,1,14,5,4544,49,16,8,1,1,0
36,1,18,5,5659,6,13,40,1,1,0
52,1,19,1,6996,5,0,40,1,1,1
57,1,16,1,5642,43,1,40,2,1,0
24,1,21,5,2746,37,2,40,1,1,0
37,1,19,1,4913,13,0,40,1,1,0
50,1,16,5,7155,24,0,40,1,1,1
29,1,16,5,6649,38,13,40,1,1,0
43,1,22,1,66,10,1,40,1,1,1
35,1,21,1,4813,21,0,40,2,1,1
47,1,16,5,9107,226,0,40,1,8,1
51,1,19,5,5662,27,0,40,1,1,1
44,1,19,3,5835,5,0,40,1,1,1
44,1,17,1,9377,38,1,40,1,1,1
37,1,21,1,1364,38,0,40,1,1,1
22,1,19,5,4603,27,17,35,2,1,0
57,1,19,1,4652,21,0,40,2,1,0
25,1,16,5,5086,12,0,40,2,1,0
29,1,10,1,4188,311,1,40,2,1,0
26,1,21,1,2232,4,0,13,2,1,0
26,1,18,1,4029,41,0,40,2,1,0
29,1,21,1,1359,1,0,40,1,1,0
28,1,16,1,9232,56,0,40,1,1,0
31,1,21,5,1278,43,0,40,1,1,0
39,1,20,1,5855,26,1,40,2,1,0
17,1,19,5,4568,55,17,7,2,1,0
29,1,16,1,5842,42,1,40,2,1,0
30,1,21,3,3790,7,12,40,1,1,0
44,1,21,1,644,10,0,40,1,1,1
58,1,19,1,5267,34,1,40,2,1,1
52,1,19,5,5888,39,0,40,2,1,0
30,1,8,3,4236,28,0,40,2,1,0
43,1,21,1,14,30,1,40,1,1,1
18,1,16,5,4045,55,2,12,1,1,0
30,1,21,5,1458,13,13,40,1,1,0
23,1,19,5,6084,215,0,40,1,6,0
33,1,21,1,5962,39,1,40,1,1,0
51,1,16,1,7257,22,1,40,1,1,1
57,1,16,1,4039,10,1,29,2,1,0
21,1,19,5,4662,9,16,7,2,6,0
18,1,16,5,4743,21,17,5,1,1,0
48,1,16,1,7851,10,1,40,1,1,0
21,1,21,5,2361,9,13,40,2,1,0
20,1,16,5,4700,35,16,13,2,1,0
43,1,19,1,237,4,0,40,1,1,1
55,1,16,1,5469,30,1,40,2,1,1
47,1,21,1,1119,19,0,40,1,1,1
18,1,7,5,4208,46,16,12,1,1,0
48,1,16,1,5789,9,0,40,1,1,1
48,1,16,1,6405,258,1,40,1,6,0
24,1,16,1,4661,35,1,15,2,1,0
27,1,16,1,4108,310,1,40,2,1,0
44,1,16,1,4757,7,1,40,2,1,0
30,1,21,5,5726,38,2,40,2,1,0
42,1,21,5,10,19,0,40,1,1,1
32,1,21,5,1460,7,13,40,1,1,1
42,1,21,1,3403,34,1,40,2,1,0
24,1,21,5,3324,9,13,40,2,1,0
19,1,12,5,4119,308,2,12,2,6,0
21,1,18,5,4170,25,16,9,1,1,0
45,1,21,1,433,6,1,40,1,1,1
42,1,21,1,2403,30,1,40,2,1,0
55,1,17,1,4284,28,9,40,2,1,0
27,1,21,5,3092,36,0,40,2,1,1
39,1,19,1,7362,9,0,40,1,1,1
50,1,21,1,286,212,0,40,1,6,1
49,1,21,1,31,20,1,50,1,1,1
51,1,16,1,9157,8,0,40,1,1,1
69,1,21,3,5387,21,0,40,2,1,1
42,1,22,1,220,37,0,40,1,1,1
17,1,16,5,3996,33,2,13,2,1,0
26,1,21,5,6218,16,0,40,1,1,0
17,1,14,5,3975,24,17,15,2,1,0
49,1,18,5,5658,9,13,40,1,1,0
29,2,22,1,2070,6,0,40,2,1,1
35,1,21,1,964,23,1,50,1,1,1
21,1,19,5,4656,33,16,10,2,1,0
59,1,16,1,5157,45,1,40,2,1,1
28,1,19,5,5638,8,13,40,2,1,0
27,1,22,5,978,8,0,40,1,1,1
31,3,21,1,2431,23,0,9,2,1,0
51,1,22,3,4030,243,0,40,2,6,1
31,3,21,1,2320,10,1,7,2,1,0
30,1,19,5,3590,13,0,31,2,1,0
46,1,22,1,10,203,0,50,1,6,1
42,1,21,1,1047,26,0,40,1,1,1
20,1,8,5,4057,20,17,7,1,1,0
29,1,19,1,3954,258,10,13,2,6,0
30,1,19,5,5525,10,13,40,1,1,0
37,3,21,1,2387,32,0,40,2,1,0
34,1,21,5,684,38,13,40,2,1,1
18,1,14,5,4238,54,17,8,1,1,0
29,1,6,5,6543,311,2,40,1,1,0
59,1,16,1,5293,40,0,40,1,1,0
21,1,13,5,4088,53,2,6,1,1,0
65,1,16,3,6550,26,0,40,1,1,0
53,1,18,1,7395,13,1,50,1,1,1
34,3,22,1,2257,14,0,40,2,1,0
39,1,21,1,6603,32,0,40,1,1,0
25,1,16,3,5817,21,10,40,2,1,0
51,1,21,1,689,39,0,40,1,1,1
20,1,19,5,4765,45,15,10,2,1,0
27,1,16,1,4094,235,1,40,2,6,0
25,1,21,1,3648,23,1,40,2,1,0
55,1,18,1,5637,37,1,40,2,1,0
23,1,19,5,4671,32,2,8,2,1,0
42,1,16,1,6079,302,1,40,1,1,0
23,1,21,5,1772,22,2,16,2,1,0
51,1,19,1,5312,3,1,40,2,1,0
42,3,22,1,2296,11,1,40,2,1,0
37,1,21,1,1396,34,0,40,1,1,1
32,1,16,1,9329,1,0,40,1,1,0
56,1,16,1,5898,39,1,40,2,1,0
60,1,19,1,5137,37,0,40,1,1,1
26,1,21,5,3710,30,0,40,2,1,1
24,1,16,1,4180,48,1,40,2,1,0
30,1,17,1,8871,41,1,40,2,1,0
40,1,21,1,277,200,1,40,1,6,1
29,1,11,1,3906,298,10,40,1,8,0
45,1,19,1,209,35,1,40,1,1,1
40,3,21,1,2534,35,1,2,2,1,0
57,1,16,1,6229,37,0,40,2,1,0
22,1,16,5,4052,32,2,40,2,1,0
25,1,16,5,9099,43,2,40,1,1,0
33,1,21,5,775,38,0,40,1,1,1
23,1,12,5,4696,208,4,10,2,6,0
46,1,10,1,9166,311,0,40,1,8,0
47,1,16,3,6366,40,0,40,1,1,1
45,1,19,1,7597,39,1,50,1,1,1
27,1,16,5,5312,236,13,40,2,6,0
23,1,16,3,4063,43,2,32,2,1,0
33,1,21,5,1212,38,0,40,1,1,1
68,1,21,1,5207,22,0,40,1,1,0
42,1,19,5,5962,9,0,40,1,1,0
46,1,21,1,670,40,0,40,1,1,1
43,1,21,1,4899,5,1,40,2,1,1
32,1,21,5,1065,6,0,40,1,1,1
58,1,16,1,422,18,1,40,1,1,1
25,1,21,3,2041,11,0,40,2,1,0
27,1,16,3,6197,43,0,40,1,1,0
43,1,18,1,5794,307,0,40,2,1,0
60,1,16,1,6341,27,0,40,1,1,0
37,1,19,1,5687,21,0,40,1,1,0
20,1,19,5,4700,38,2,12,2,1,0
27,1,21,1,5200,23,0,40,2,1,0
54,1,16,1,441,35,0,40,1,1,1
21,1,16,5,4703,26,2,9,2,1,0
52,1,19,1,5628,37,1,32,2,1,0
40,3,21,1,2473,26,0,40,1,1,1
55,1,16,1,3902,24,10,40,2,1,0
47,1,16,1,5837,37,0,40,1,1,1
22,1,16,5,3868,4,2,40,1,1,0
56,1,16,3,47,15,0,50,1,1,1
22,1,14,5,4046,16,2,5,2,1,0
27,1,16,1,4102,6,1,40,2,1,0
57,1,18,1,6061,40,1,40,2,1,0
45,1,21,1,521,37,0,40,2,1,1
55,1,18,1,5086,10,1,40,2,1,0
42,1,16,1,9409,42,1,40,1,1,0
43,1,21,3,1297,15,0,40,1,1,1
54,1,21,3,3643,29,0,40,2,1,0
28,1,19,5,4750,21,0,40,1,1,1
29,1,19,5,2660,20,0,9,2,1,0
51,1,22,3,799,9,0,40,1,1,1
26,1,21,5,1479,36,13,40,1,1,0
44,1,19,5,6488,211,0,40,2,6,1
33,1,19,3,5248,5,0,15,2,1,0
58,1,20,1,5494,25,1,40,2,1,0
20,1,19,5,2695,19,17,11,2,1,0
29,1,16,3,7620,29,0,40,1,1,0
35,1,19,5,5537,41,0,40,1,1,1
53,1,19,1,5913,35,0,40,1,1,1
24,1,16,5,9567,44,12,40,1,1,0
30,1,22,5,3276,24,0,40,2,1,1
61,1,16,1,4115,42,1,40,2,1,0
51,1,10,1,4101,222,1,40,2,8,0
50,1,22,1,423,39,0,50,1,1,1
22,1,19,5,4977,6,13,40,1,1,0
49,1,16,5,4573,8,0,40,1,1,1
43,1,19,1,5500,39,0,40,1,1,0
51,1,18,1,5393,17,0,40,1,1,0
19,1,19,5,4856,48,2,11,1,1,0
43,1,21,1,5869,208,1,40,2,1,0
23,1,16,5,3785,35,2,14,2,1,0
34,1,21,1,1093,18,0,40,1,1,1
18,1,16,5,4228,42,2,40,1,1,0
36,1,21,3,1401,26,0,40,1,1,1
33,1,21,3,3666,42,0,40,2,1,0
77,1,21,1,3159,37,0,40,2,1,0
34,3,21,1,2233,33,0,40,2,1,1
56,1,17,1,4180,39,0,14,2,1,0
41,1,21,1,2496,14,1,40,2,1,1
22,1,18,5,4759,42,13,32,2,1,0
53,1,21,1,305,39,1,50,1,1,1
38,1,21,1,1715,4,1,40,1,1,1
30,1,16,1,5273,3,1,40,2,1,0
52,1,16,3,6944,9,0,40,1,1,1
30,1,21,1,803,5,1,40,2,1,0
50,1,19,1,6128,38,1,40,1,1,1
56,1,19,1,6034,20,0,40,1,1,0
28,1,22,5,2572,23,0,40,1,1,1
21,1,19,5,4373,7,2,40,1,1,0
49,1,21,1,3251,35,1,40,2,1,1
52,1,16,1,5310,42,1,40,1,1,1
49,1,21,3,199,6,0,40,1,1,1
30,1,21,1,3261,30,0,40,2,1,1
29,1,10,5,9830,311,17,40,1,1,0
43,1,19,5,209,319,0,40,1,1,1
52,1,21,1,144,34,0,40,1,1,1
60,1,7,3,3561,16,0,40,2,1,0
22,1,16,5,4152,46,2,12,1,1,0
21,1,14,5,3603,40,16,6,2,1,0
27,3,21,5,2432,7,2,40,2,1,0
59,1,21,1,5264,37,0,40,1,1,0
33,1,19,5,5751,12,13,40,2,1,0
22,1,22,5,2388,307,10,40,2,6,0
22,1,18,5,5194,11,2,40,1,1,0
40,1,16,1,5055,41,1,40,2,1,0
45,1,20,1,3381,7,1,40,2,1,0
59,1,20,1,3425,27,1,14,2,1,0
35,1,21,1,1157,26,1,40,1,1,1
39,1,19,5,5040,7,13,40,1,1,1
33,1,19,5,6042,3,0,40,1,1,0
56,1,18,1,4044,35,0,40,2,1,0
29,1,16,1,6279,16,0,40,2,1,0
31,1,21,5,615,18,0,40,1,1,1
48,1,19,1,5914,247,1,40,2,6,0
49,1,21,1,518,34,0,40,1,1,1
59,1,16,1,6237,36,0,8,2,1,0
52,1,19,1,298,38,0,40,1,1,1
59,1,19,1,5678,38,0,40,1,1,0
48,1,9,3,7890,323,13,40,1,8,1
52,1,16,1,6731,40,0,40,1,1,1
28,1,21,1,3243,34,0,31,2,1,0
20,1,17,5,4044,47,2,40,1,1,0
27,1,7,5,4093,24,2,40,1,1,0
40,1,21,1,5418,39,0,40,2,1,0
41,1,21,1,5811,10,0,40,2,1,0
56,1,19,5,6732,11,0,40,1,1,1
18,1,14,5,4227,36,2,5,1,1,0
25,1,16,3,4049,39,10,40,2,1,0
48,1,16,1,9331,10,1,40,1,1,1
43,1,19,1,5637,38,1,40,1,1,0
35,1,19,3,4470,42,0,40,1,1,0
50,1,13,3,6370,313,0,14,2,1,0
56,1,16,3,617,23,0,40,1,1,1
53,1,20,3,431,39,0,40,1,1,1
37,1,21,5,1028,23,0,40,1,1,1
40,1,20,1,7686,46,1,40,1,1,1
46,1,21,1,5585,210,1,40,1,6,0
46,1,20,1,5234,36,1,40,2,1,1
54,1,16,3,6527,33,0,40,1,1,1
46,1,21,1,664,26,0,40,1,1,1
63,1,16,1,4789,17,0,40,2,1,0
56,1,16,1,6280,11,0,40,1,1,0
22,1,8,5,9177,8,17,40,1,1,0
41,1,21,1,149,40,0,40,1,1,1
35,1,16,5,6914,42,0,40,1,1,0
35,1,16,1,6677,36,0,40,1,1,0
54,1,16,1,400,40,0,40,1,1,1
24,1,14,5,3913,7,2,40,1,1,0
50,1,16,1,296,315,0,40,1,1,1
21,1,16,5,5801,5,17,40,2,1,0
29,1,17,5,8973,43,16,40,1,1,0
38,3,22,1,2430,40,1,40,2,1,0
50,1,21,1,758,44,0,40,1,1,1
23,1,21,1,5146,40,0,40,2,1,0
27,3,21,1,2390,216,9,40,2,6,0
59,1,21,1,2264,39,0,10,2,1,0
28,1,21,1,2292,35,0,16,2,1,0
48,1,21,3,150,14,13,40,2,1,1
24,1,16,5,8856,18,13,40,1,1,0
46,1,22,1,378,210,0,50,1,6,1
29,1,21,1,5986,24,0,40,1,1,0
21,1,16,5,4128,15,2,40,1,1,0
48,1,22,1,2436,4,0,40,2,1,1
48,1,19,1,3528,11,1,40,2,1,0
30,2,21,5,2220,28,0,9,2,1,0
21,1,19,5,4679,39,2,13,2,1,0
27,1,16,5,5908,25,13,40,2,1,0
62,1,19,1,368,7,0,40,1,1,1
54,1,20,1,5413,29,1,40,2,1,0
28,1,21,5,6537,40,13,40,1,1,0
49,3,21,1,2559,25,1,6,2,1,0
67,1,16,3,6230,10,0,40,2,1,0
47,1,21,1,306,216,1,40,1,6,1
67,1,16,3,8886,22,0,40,1,1,0
27,1,16,5,9504,53,2,40,1,1,0
20,1,14,5,4001,31,17,8,1,1,0
43,1,20,1,2175,308,1,9,2,8,0
52,1,16,1,7748,43,1,40,1,1,1
57,1,16,1,8790,42,1,40,1,1,0
20,1,16,5,4137,17,2,13,2,1,0
52,1,16,5,7394,43,0,40,1,1,1
26,1,21,5,3566,239,12,40,2,6,0
50,1,16,1,6138,195,1,40,1,6,1
51,1,16,1,6585,25,0,40,1,1,1
30,1,21,5,3855,35,2,40,2,1,0
57,1,16,1,7466,15,0,40,1,1,0
27,1,19,5,4670,18,0,40,2,1,0
38,1,21,1,7159,37,0,40,1,1,1
50,1,18,1,8745,35,0,40,1,1,0
19,1,19,5,2657,225,17,11,2,6,0
25,1,17,5,6174,19,16,40,1,1,0
44,1,12,1,6380,304,0,40,1,1,0
39,1,16,1,6395,5,1,40,1,1,0
32,1,19,3,5050,43,16,40,1,1,0
23,1,16,5,4016,26,17,7,2,1,0
49,1,16,1,234,4,0,50,1,1,1
39,1,17,1,6430,37,0,40,1,1,0
45,1,21,1,997,37,0,40,1,1,1
48,1,6,1,5718,40,1,40,2,1,0
50,1,19,1,116,7,0,40,1,1,1
27,1,21,5,4948,40,12,40,1,1,0
47,1,19,1,111,7,0,40,1,1,1
62,1,19,3,5568,41,0,40,1,1,0
48,1,18,3,5890,38,0,40,1,1,1
41,1,17,5,9426,38,0,40,1,1,0
53,1,16,5,5710,39,0,40,2,1,0
67,6,21,1,2777,237,1,16,2,6,0
36,1,19,5,4982,10,13,40,1,1,1
19,1,18,1,4086,29,0,40,2,1,0
36,1,21,5,4439,6,0,40,1,1,1
45,1,19,1,5078,7,0,40,2,1,1
24,1,21,5,2383,6,0,40,2,1,0
26,1,19,3,5185,37,0,40,2,1,0
23,1,19,5,4089,52,17,40,1,1,0
25,2,21,1,1668,28,0,5,2,1,0
29,1,16,3,6445,11,0,40,1,1,0
38,1,19,5,5717,10,13,40,1,1,1
51,1,7,5,9077,331,0,40,1,6,0
27,1,19,1,5405,42,0,40,1,1,0
75,2,22,1,1998,40,0,40,2,1,1
25,1,19,5,4693,24,2,40,2,1,0
18,1,19,5,4654,50,2,8,1,1,0
50,1,21,3,289,25,0,40,1,1,1
47,1,8,1,9343,305,1,40,1,8,0
47,1,21,1,995,3,1,40,1,1,1
58,1,16,5,5449,23,0,40,1,1,1
61,1,20,3,3714,31,0,40,2,1,0
51,1,16,1,6067,37,1,40,1,1,0
36,1,16,5,4804,316,0,40,1,1,0
58,1,21,1,275,22,0,50,1,1,1
47,1,21,1,954,13,0,40,2,1,1
28,1,21,5,3448,41,13,40,2,1,0
48,1,21,1,10,31,0,40,1,1,1
47,1,22,5,3252,39,13,40,2,1,1
47,1,22,3,998,203,0,40,1,6,1
55,1,16,1,5337,42,1,40,2,1,0
58,1,16,1,6027,40,0,40,2,1,0
19,1,19,5,4682,21,2,7,2,1,0
28,1,21,5,4926,8,0,40,2,1,0
30,1,16,1,3988,38,1,40,2,1,0
42,1,21,1,639,11,0,40,1,1,1
29,1,21,5,821,22,13,40,1,1,1
49,1,19,1,5214,5,1,40,1,1,1
43,1,21,1,1041,2,0,40,1,1,1
27,1,19,5,5462,3,13,40,1,1,0
37,1,21,1,5642,33,0,40,2,1,0
29,1,21,1,3423,40,1,40,2,1,1
51,1,21,3,842,225,0,40,1,1,1
31,1,21,1,4743,34,0,40,2,1,0
55,1,20,1,3213,36,0,40,2,1,1
45,1,17,1,8778,35,0,40,1,1,0
56,1,16,3,747,41,0,40,1,1,1
42,1,6,1,5994,48,0,40,1,1,0
24,1,17,5,9096,54,13,40,1,1,0
23,1,21,5,4685,34,2,10,2,1,0
29,1,19,5,5869,37,13,40,1,1,0
27,1,16,5,4204,38,2,40,1,1,0
54,1,21,1,469,15,1,40,1,1,1
48,1,21,1,944,36,0,40,1,1,1
42,1,22,1,3448,6,0,40,1,1,1
26,1,21,3,2413,229,10,9,2,6,0
32,1,21,5,1032,22,0,40,1,1,1
39,1,19,5,7721,39,13,40,1,1,1
58,1,16,1,9360,10,0,40,1,1,1
25,1,21,5,2515,16,0,40,2,1,1
52,1,21,1,3313,5,0,40,2,1,1
33,1,21,1,1107,8,1,40,2,1,1
23,1,16,5,4212,9,2,8,2,1,0
24,1,16,5,6289,43,0,40,1,1,0
46,1,17,1,8031,41,0,40,1,1,1
46,1,21,1,1041,24,0,40,1,1,1
55,1,21,3,3501,1,0,40,2,1,1
34,1,21,1,10,20,1,40,1,1,1
31,1,22,1,2622,42,0,40,2,1,0
56,1,16,1,8858,39,0,40,1,1,1
48,1,16,1,7183,11,1,50,1,1,1
24,1,19,3,6012,36,0,40,1,1,0
39,1,21,3,2162,10,0,40,2,1,1
48,1,21,1,3179,5,1,40,2,1,0
39,1,21,1,2467,34,1,40,2,1,1
56,1,16,1,6393,42,1,40,1,1,1
36,1,21,5,10,42,0,40,1,1,1
52,1,16,1,5200,10,0,40,1,1,0
45,1,19,1,549,6,0,40,1,1,1
58,1,16,1,6236,35,1,40,2,1,0
20,1,19,5,2536,30,2,6,2,1,0
27,1,19,1,2876,26,0,10,2,1,0
54,1,16,5,6434,14,0,40,1,1,1
30,1,22,5,2404,8,0,40,1,1,1
26,1,16,5,6720,28,0,40,1,1,0
28,1,16,1,4186,50,10,10,2,1,0
56,1,16,1,580,42,1,40,1,1,1
25,1,19,5,4550,35,2,40,2,1,0
45,1,21,3,269,12,0,40,1,1,1
61,1,19,1,6012,19,1,40,2,1,1
23,1,13,5,9300,5,17,40,1,1,0
56,1,19,1,4583,39,0,40,2,1,0
27,1,21,5,863,36,13,40,1,1,1
46,1,21,1,10,35,1,40,1,1,1
23,1,16,5,4874,9,2,40,2,1,0
29,1,21,1,4857,32,0,40,2,1,0
26,1,17,5,9375,17,2,40,1,1,0
38,1,19,3,462,5,0,40,1,1,1
17,1,16,5,9761,13,17,8,1,1,0
27,1,16,1,4225,9,1,13,2,1,0
51,1,22,1,481,39,0,40,1,1,1
42,3,21,3,2336,1,0,40,2,1,1
31,1,16,1,5380,48,1,40,2,1,0
25,1,16,1,5491,17,1,40,2,1,0
45,1,21,1,2302,21,0,50,1,1,1
22,1,16,5,9628,19,2,40,1,1,0
33,1,16,1,5129,36,1,40,1,1,0
46,1,21,1,38,40,0,50,1,1,1
69,2,21,1,2208,38,1,10,2,1,0
19,1,14,5,4748,27,16,5,2,1,0
22,1,22,5,2311,240,13,40,2,6,0
18,1,16,5,4216,36,2,34,2,1,0
58,1,19,1,5811,27,0,40,1,1,1
47,1,21,3,1286,249,0,40,1,6,1
24,1,16,5,6398,309,0,40,1,1,0
44,1,19,1,5369,5,1,40,2,1,0
33,1,19,5,6681,38,0,40,1,1,0
26,1,19,5,5905,4,0,40,2,1,0
58,1,14,1,3867,19,0,30,2,1,0
53,1,16,3,7155,37,0,40,1,1,1
29,1,22,1,2204,9,0,40,2,1,0
43,1,16,1,6222,308,0,40,2,1,0
41,1,22,1,917,5,0,40,1,1,1
24,1,19,1,4972,17,0,40,1,1,0
54,1,20,1,5549,37,1,40,2,1,0
49,1,22,1,376,37,1,40,2,1,1
23,1,21,5,2552,7,0,40,2,1,0
30,1,16,5,7613,314,13,40,1,1,0
19,1,19,5,4711,24,16,8,1,1,0
37,3,21,1,2162,33,1,40,2,1,0
31,1,21,1,1258,25,1,40,1,1,1
21,1,21,5,2455,27,2,10,2,1,0
26,1,21,3,2463,12,0,40,2,1,0
31,1,19,1,5028,52,1,40,2,1,0
52,1,20,3,10,9,0,40,1,1,1
44,1,18,5,5238,3,0,40,1,1,1
39,3,21,1,2490,38,1,40,2,1,0
57,1,19,1,5135,12,0,40,2,1,1
55,1,19,1,375,41,1,50,1,1,1
18,1,19,5,4852,30,2,15,1,1,0
29,1,19,1,6273,34,0,40,2,1,0
18,1,14,5,4669,14,16,12,1,1,0
51,1,19,3,5536,27,0,40,1,1,1
27,1,14,5,4144,323,2,40,1,1,0
42,1,21,1,116,3,1,40,1,1,1
49,1,21,1,245,42,0,50,1,1,1
28,1,19,1,6171,26,10,40,2,1,0
37,1,16,1,6689,19,1,40,2,1,0
43,1,16,1,6044,309,0,40,1,1,1
47,1,22,1,418,12,0,40,1,1,1
54,1,16,1,5602,23,1,40,1,1,0
44,1,22,1,104,224,0,49,1,6,1
55,1,16,1,5463,41,1,40,2,1,0
29,1,16,5,6025,38,0,40,2,1,0
56,1,21,3,4817,13,0,40,2,1,0
25,1,16,5,8905,35,2,40,1,1,0
52,1,16,3,8086,43,0,40,1,1,1
19,1,16,5,4260,44,17,40,1,1,0
19,1,16,5,4840,18,2,10,2,1,0
28,1,16,1,5897,14,0,40,2,1,0
26,3,21,1,2395,6,1,9,2,1,0
54,1,16,5,5746,43,0,40,1,1,1
72,6,21,1,2010,38,0,14,2,1,0
55,1,19,1,5897,32,0,40,1,1,0
20,1,16,5,4257,21,17,9,1,1,0
49,1,21,1,1217,3,0,50,1,1,1
29,1,16,1,5760,7,0,40,2,1,0
54,1,16,1,6400,11,0,40,1,1,1
34,1,21,5,545,5,0,40,1,6,1
42,1,21,1,1348,20,0,40,1,1,1
33,1,19,1,5979,39,0,40,2,1,0
65,2,21,1,2237,25,1,9,2,1,0
45,1,21,1,3866,44,1,40,2,1,0
65,1,16,1,5720,21,1,40,2,1,0
30,1,12,1,4260,307,1,7,2,1,0
44,1,16,5,9533,46,13,40,1,1,0
43,1,10,5,6484,321,0,40,1,8,0
45,1,16,1,6134,302,1,40,1,1,0
28,1,21,5,2498,43,2,13,2,1,0
41,3,21,1,2424,4,1,40,2,1,0
29,1,21,5,5424,32,0,40,2,1,0
45,1,21,1,592,42,0,40,1,1,1
29,1,19,1,6190,36,1,40,2,1,0
28,1,21,5,2216,34,2,40,2,1,0
62,1,16,1,4278,36,1,40,2,1,0
54,2,21,1,1978,38,1,10,2,1,0
35,1,19,1,5368,38,1,40,1,1,1
21,1,19,5,4794,42,2,7,2,1,0
49,1,19,5,5155,32,0,40,1,1,1
58,1,16,1,7621,23,0,40,1,1,1
19,1,19,5,4647,12,16,7,1,1,0
49,1,21,1,3024,39,1,40,2,1,0
27,1,19,1,2811,3,0,10,2,1,0
28,1,21,5,2413,4,13,40,2,1,0
29,1,19,1,2793,30,1,7,2,1,0
40,1,21,1,3396,44,0,40,2,1,1
25,1,21,1,2029,39,0,40,2,1,0
51,1,16,3,5841,11,0,40,2,1,0
34,1,19,1,5551,30,1,40,2,1,0
32,1,16,1,4071,10,1,40,2,1,0
43,1,16,5,8093,328,0,40,1,1,1
20,1,14,5,4054,12,16,12,1,1,0
42,1,21,1,6009,6,1,40,2,1,0
26,1,16,3,4237,5,0,40,2,1,0
20,1,16,5,4179,20,17,8,1,1,0
26,1,21,1,2220,21,1,7,2,1,0
50,3,22,1,2459,7,1,9,2,1,0
70,1,19,1,5427,37,0,32,2,1,0
40,1,22,3,3144,8,0,40,2,1,1
30,3,21,1,2515,26,0,40,2,1,0
57,1,21,5,3468,25,0,40,2,1,1
43,1,1,1,7340,317,1,40,1,6,1
46,1,21,1,10,22,0,40,1,1,1
27,1,16,5,5693,21,2,40,1,1,0
51,1,21,1,770,17,0,40,1,1,1
40,1,21,1,1350,35,1,40,1,1,1
54,1,20,1,379,25,1,50,1,1,1
24,1,16,5,6013,2,2,40,1,1,0
26,1,21,5,2356,25,0,40,2,1,0
28,1,19,3,5807,1,0,40,2,1,0
48,1,19,1,250,9,1,50,1,1,1
21,1,12,5,9667,312,2,40,1,8,0
32,1,21,1,1594,137,0,40,1,1,1
50,1,16,3,409,37,0,40,1,1,1
48,1,9,3,6317,302,0,40,1,1,1
39,1,22,1,739,41,1,40,1,1,1
32,1,22,1,2261,22,0,40,2,1,1
41,1,19,1,8120,10,1,40,1,1,1
20,1,14,5,4246,53,2,16,1,1,0
23,1,18,5,3896,25,16,40,2,1,0
20,1,16,5,7237,52,17,40,1,1,0
21,1,19,5,2506,17,17,10,2,1,0
43,1,21,3,630,33,0,40,2,1,1
53,1,16,1,5335,21,0,40,1,1,0
37,1,21,1,1186,13,1,40,1,1,1
24,1,16,5,5418,38,0,40,1,1,0
18,1,16,5,4106,6,2,11,1,8,0
37,1,16,1,4173,50,1,40,1,1,0
65,1,21,3,4843,15,0,40,2,1,0
64,1,16,3,5205,40,0,40,2,1,0
48,1,16,5,7637,1,0,40,1,1,1
57,1,16,1,5586,22,1,40,2,1,0
49,1,16,1,7662,38,0,40,1,1,1
35,1,16,1,3884,24,0,40,2,1,0
49,1,16,3,6251,9,13,40,1,1,1
19,1,16,3,5122,17,9,40,2,1,0
52,1,21,3,301,11,0,40,1,1,1
24,1,21,5,5684,23,2,40,1,1,0
19,1,8,5,4279,32,17,16,1,1,0
25,1,19,5,5291,54,13,40,2,1,0
27,1,21,5,2064,34,2,40,1,1,0
24,1,21,3,4914,7,10,40,2,1,0
19,1,7,5,9670,50,2,13,1,1,0
29,1,19,5,5188,35,0,31,2,1,0
55,3,22,5,2480,37,0,40,2,1,1
42,1,21,1,142,36,0,40,1,1,1
48,1,16,1,9085,32,1,40,1,1,0
20,1,19,5,4728,21,2,12,2,1,0
38,1,21,1,5741,21,1,40,1,1,1
38,1,21,1,5605,4,0,40,1,1,1
54,1,18,1,5216,41,0,40,1,1,1
25,1,19,5,6065,36,17,40,2,1,0
33,1,21,5,1202,3,0,40,1,1,1
44,1,18,1,5831,318,0,40,1,1,1
54,1,16,1,5084,18,1,40,1,1,1
36,1,19,1,5059,24,0,40,2,1,0
38,1,22,1,934,5,0,40,1,1,1
54,1,19,1,5948,39,0,40,2,1,0
41,1,12,1,6069,307,0,40,1,8,0
43,1,21,1,607,5,0,40,1,1,1
25,1,16,5,6488,4,12,40,1,1,0
27,1,22,5,1060,35,0,40,1,1,1
26,1,22,5,292,6,13,40,2,1,1
46,1,19,1,6107,5,1,40,1,1,1
51,1,17,3,5915,5,13,40,1,1,0
24,1,18,5,5406,25,13,40,2,1,0
52,1,21,3,126,21,0,40,1,1,1
54,1,17,3,6371,40,0,40,1,1,1
31,1,21,5,3735,16,0,40,2,1,0
25,1,21,5,2204,33,2,40,2,1,0
25,1,19,5,5665,37,0,40,2,1,0
62,1,16,1,6218,25,1,40,1,1,1
48,1,22,1,1302,215,0,40,1,6,1
21,1,16,5,4008,40,2,40,2,1,0
44,1,16,1,5371,238,0,40,2,1,0
27,3,21,3,2648,20,10,40,2,1,0
25,1,21,5,1614,39,2,40,1,1,0
57,1,16,1,5063,34,0,40,2,1,1
51,1,16,1,6274,8,1,40,1,1,1
31,1,16,1,9230,314,9,40,1,1,0
20,1,19,5,4728,37,2,18,2,1,0
47,1,21,5,543,12,0,40,2,1,1
55,1,16,1,5908,43,0,40,1,1,0
21,1,21,1,5749,36,10,40,2,1,0
23,1,21,5,2002,41,13,40,2,1,0
23,1,21,5,2643,3,2,13,1,1,0
60,1,16,3,342,16,0,40,1,1,1
53,1,19,1,5002,44,0,40,2,1,0
65,1,19,3,5045,35,0,40,2,1,0
43,1,21,1,423,208,1,40,1,6,1
37,1,21,1,4281,16,1,40,1,1,1
38,1,21,1,2944,34,1,40,2,1,1
52,1,16,1,5077,6,1,40,1,1,0
18,1,18,5,4163,26,17,40,1,1,0
24,1,16,3,6507,15,0,40,1,1,0
31,1,19,5,5916,38,13,40,2,1,0
30,1,19,5,9154,40,13,40,1,1,1
23,1,16,5,6065,26,17,40,2,1,0
29,1,21,1,1975,34,0,9,2,1,0
22,1,16,3,4186,37,0,34,2,1,0
56,1,16,5,8897,41,0,40,1,1,1
21,1,19,5,4289,8,2,12,1,1,0
40,1,22,1,1263,36,1,40,1,1,1
39,1,19,1,6129,14,1,40,2,1,0
28,1,16,1,5179,18,0,40,1,1,0
32,1,21,5,321,26,0,40,2,1,1
48,1,21,1,313,39,0,40,2,1,1
72,1,21,1,2963,22,0,40,2,1,0
59,1,16,1,4878,42,1,10,2,1,0
61,1,16,1,5275,26,0,40,2,1,0
24,1,19,5,6064,38,13,40,1,1,0
59,1,21,1,4936,29,0,40,2,1,0
21,1,14,5,3940,21,2,8,2,1,0
44,1,21,1,492,21,0,40,1,1,1
28,1,19,5,5721,40,0,40,2,1,0
61,1,21,1,3825,41,1,40,2,1,0
39,1,22,1,3263,8,1,40,2,1,1
51,1,21,5,18,34,0,40,1,1,1
38,1,19,1,4299,4,1,40,2,1,0
50,1,19,1,289,8,0,40,1,1,1
25,1,10,5,9344,10,13,40,1,1,0
45,1,22,1,202,18,0,50,1,1,1
53,1,16,1,4894,40,0,40,1,1,0
49,1,16,1,203,39,0,50,1,1,1
19,1,21,5,2436,9,2,6,1,1,0
46,1,21,1,5195,3,0,40,2,1,0
26,1,21,5,3148,30,0,40,2,1,0
33,1,22,1,2167,8,0,40,2,1,0
38,1,19,1,4770,36,1,40,2,1,0
29,1,18,1,6762,18,0,14,1,1,0
50,1,16,5,7730,5,0,40,1,1,1
22,1,19,5,4790,4,17,35,2,1,0
34,2,21,1,2113,35,1,12,2,1,0
47,1,16,1,6072,20,0,40,1,1,1
57,1,19,1,4324,36,0,34,2,1,0
52,1,20,1,6088,36,1,40,2,1,0
17,1,14,5,4204,51,16,12,1,1,0
53,1,19,1,5029,34,1,35,2,1,0
58,1,18,3,5801,17,0,40,1,1,1
64,1,20,1,5565,5,9,40,2,1,0
19,1,19,5,4898,38,17,9,1,1,0
27,1,19,3,4671,42,16,33,2,1,0
80,1,21,1,2131,27,0,14,2,1,0
27,1,19,3,2372,34,0,32,2,1,0
51,1,18,1,8358,34,0,40,1,1,1
47,1,21,3,6202,9,0,40,1,1,1
38,1,21,5,483,9,13,40,2,1,1
27,1,21,1,2700,20,1,40,2,1,0
57,1,17,1,5809,37,1,40,1,1,1
59,1,18,1,4702,8,0,40,2,1,0
52,1,16,1,7836,7,0,40,1,1,1
58,1,19,1,5820,37,0,40,2,1,0
37,1,22,1,3054,35,0,40,2,1,1
45,1,22,1,436,35,0,40,1,1,1
55,1,17,3,5574,40,0,40,2,1,0
53,1,16,1,9027,37,1,40,1,1,1
52,1,21,3,160,35,0,40,1,1,1
22,1,21,5,2253,5,13,40,2,1,0
27,1,19,1,6649,326,0,40,1,1,0
32,1,20,1,4744,41,1,40,2,1,0
54,1,16,1,5100,46,1,40,2,1,0
27,1,13,5,9549,52,2,40,1,1,0
38,1,19,5,5275,5,0,40,1,1,1
66,3,22,3,2321,225,0,34,2,1,0
32,3,21,1,2286,41,0,40,2,1,0
36,1,21,1,4704,52,1,40,2,1,0
46,1,22,1,1188,43,0,40,1,1,1
19,1,9,5,9652,54,17,7,1,1,0
59,1,18,1,8493,31,1,40,1,1,0
35,1,20,1,5884,52,0,40,2,1,0
47,1,22,1,3409,4,0,40,1,1,1
55,1,20,3,78,39,0,40,1,1,1
53,1,16,1,5344,19,1,40,1,1,0
24,1,19,5,4862,37,2,15,1,1,0
47,1,16,1,551,237,1,40,1,1,1
28,1,19,3,6018,39,0,34,2,1,0
18,1,8,5,4058,24,2,12,1,1,0
49,1,21,1,634,9,0,40,1,1,1
17,1,19,5,4645,12,17,9,2,6,0
58,1,21,1,3884,24,0,40,2,1,1
45,1,20,3,347,6,13,40,2,1,1
55,1,19,1,6269,38,0,40,1,1,1
57,1,16,3,7914,40,0,40,1,1,1
68,1,16,1,5365,23,1,40,2,1,0
22,1,16,5,4183,5,2,40,2,1,0
61,1,16,1,6120,44,0,40,1,1,0
27,1,16,5,5551,20,13,40,2,1,0
30,1,21,5,5141,5,0,40,1,1,0
53,1,21,3,122,206,0,40,1,6,1
27,1,21,3,2346,6,0,40,1,1,0
39,1,22,1,832,217,0,40,1,6,1
39,3,21,1,2691,19,0,40,2,1,1
28,1,16,5,6242,34,0,40,2,1,0
32,1,21,5,2302,9,0,40,2,1,1
46,1,16,1,5016,215,1,40,2,1,1
43,1,18,3,5725,24,0,40,1,1,0
58,1,16,1,4215,21,0,17,2,1,0
62,2,22,1,2284,15,0,40,2,1,1
53,1,16,1,519,3,0,40,1,1,1
45,1,19,1,5165,228,0,40,2,1,1
53,1,16,1,7706,42,0,40,1,1,1
49,3,21,1,2584,35,1,11,2,1,0
49,1,21,1,6055,307,0,40,1,6,1
24,1,19,5,4598,39,12,40,2,1,0
28,1,19,5,5625,12,0,40,2,1,0
47,1,16,1,8833,7,1,40,1,1,0
43,1,21,1,148,3,0,40,1,1,1
27,2,21,1,2242,17,1,10,2,1,0
38,1,21,1,908,34,1,40,1,1,1
62,1,19,1,18,21,0,40,1,1,1
29,1,19,5,5863,10,13,40,2,1,0
22,1,10,1,9313,314,9,40,1,1,0
18,1,19,5,3952,6,17,7,1,1,0
56,1,18,1,5600,35,0,40,2,1,0
44,1,19,1,345,16,0,40,1,1,1
48,1,19,1,6229,32,1,40,1,1,0
50,1,16,3,5975,35,0,40,2,1,0
54,1,18,1,9209,26,1,40,1,1,0
38,1,19,5,4545,20,0,40,1,1,0
47,1,21,5,43,6,0,40,1,1,1
23,1,19,5,3634,24,0,13,2,1,0
25,1,16,5,6201,6,2,40,1,1,0
27,1,16,3,3970,34,0,40,2,1,0
53,1,21,1,342,18,1,40,1,1,1
28,1,16,1,5646,24,9,40,2,1,0
35,1,21,1,2467,10,0,40,2,1,0
25,1,21,5,4797,4,17,40,1,1,0
52,1,21,5,3527,39,0,40,2,1,0
23,1,16,5,5770,22,2,29,2,1,0
59,1,20,1,5585,14,1,40,2,1,0
33,1,21,3,2118,27,0,40,2,1,1
26,1,21,1,2643,38,1,3,2,1,0
57,1,16,1,3967,40,9,32,2,1,0
23,1,16,5,9037,44,2,40,1,1,0
57,1,16,3,458,239,0,40,1,6,1
22,1,19,5,4744,6,2,14,2,1,0
23,1,21,3,5940,40,0,40,1,1,0
55,1,16,1,304,39,0,50,1,1,1
44,1,21,1,355,39,0,40,2,1,1
23,1,16,5,4364,51,2,40,1,1,0
29,1,16,5,9132,5,0,40,1,1,0
19,1,14,5,4672,6,17,10,1,6,0
51,1,19,3,6234,42,0,40,1,1,1
20,1,19,5,4695,10,2,7,2,6,0
25,1,16,5,6384,36,0,40,1,1,1
64,1,16,1,9285,42,0,40,1,1,1
51,1,21,1,319,5,0,50,1,1,1
57,1,18,1,4225,39,0,40,2,1,0
42,1,21,1,4877,3,0,40,1,1,0
39,1,19,1,6716,41,0,40,1,1,0
43,1,21,1,1094,327,0,40,1,1,0
29,1,21,1,2270,47,1,40,1,1,0
25,1,21,1,2398,7,10,40,2,1,0
24,1,21,1,2327,32,12,40,2,1,0
48,1,22,5,358,22,0,40,1,1,1
38,1,16,1,7931,7,1,40,1,1,0
62,1,16,1,4076,38,1,4,2,1,0
30,2,21,5,2316,40,0,12,2,1,0
27,1,23,5,2053,8,13,40,1,6,0
18,1,16,5,4360,7,2,13,1,1,0
28,2,22,1,1900,27,9,7,2,1,0
19,1,19,5,4800,6,16,10,1,1,0
42,1,16,5,9303,9,0,40,1,1,1
50,1,16,1,296,6,1,50,1,1,1
19,1,16,5,4213,54,2,40,1,1,0
47,1,21,1,224,45,1,50,1,1,1
44,1,19,1,7063,43,1,40,1,1,1
24,1,21,3,2259,23,0,40,2,1,0
49,1,21,1,589,31,0,40,1,1,1
29,1,21,1,5252,24,0,40,1,1,0
29,1,21,5,1184,17,0,40,1,1,1
32,1,21,5,1081,44,0,40,2,1,1
20,1,19,5,2257,40,2,10,2,1,0
42,1,21,1,3580,6,1,40,2,1,1
85,3,21,1,2626,23,0,6,2,1,0
43,1,19,1,6015,7,1,40,1,1,0
34,2,21,1,2127,38,1,40,2,1,1
48,1,21,1,10,5,1,50,1,1,1
44,1,19,3,4227,8,0,40,1,1,0
51,1,16,1,6439,20,0,40,1,1,1
33,1,18,5,5655,5,0,40,1,1,0
29,1,16,5,5431,19,0,40,2,1,0
23,1,13,5,4029,39,2,40,1,1,0
30,1,21,5,1216,5,0,40,1,1,1
43,1,22,5,428,38,0,40,1,1,1
25,1,16,5,3968,35,12,35,2,1,0
28,1,19,1,6297,8,0,40,2,1,0
41,1,21,1,6006,43,0,40,2,1,0
29,1,19,3,5744,51,0,40,1,1,0
32,1,19,5,3632,230,0,40,2,6,0
61,1,16,3,5372,20,0,40,1,1,0
29,1,21,1,2046,20,1,40,2,1,0
22,1,21,5,2637,8,2,40,2,1,0
44,1,21,1,1307,17,1,50,1,1,1
35,1,19,1,4929,3,0,40,1,1,0
21,1,21,5,2136,39,17,40,1,1,0
17,1,8,5,4046,34,16,3,1,1,0
56,1,21,1,5380,20,0,40,1,1,1
24,1,21,1,2303,36,0,17,2,1,0
46,1,22,3,262,41,0,50,1,1,1
65,1,19,1,5647,41,0,40,2,1,0
37,1,16,1,8030,49,1,40,1,1,0
31,2,22,5,2094,35,0,40,2,1,0
51,1,19,1,4550,7,0,40,1,1,0
22,1,16,5,4633,19,17,11,2,1,0
35,1,21,1,1269,35,0,40,1,1,1
39,1,21,1,4760,52,0,40,1,1,0
45,1,21,5,1386,230,0,40,1,6,1
51,1,19,3,259,18,0,40,1,1,1
61,1,16,1,5214,38,0,40,1,1,0
37,1,21,1,3020,3,1,40,2,1,0
52,1,16,3,194,10,0,40,1,1,1
17,1,16,5,4145,53,16,14,1,1,0
29,1,17,5,9082,41,0,40,1,1,0
26,1,19,5,3599,26,2,11,2,1,0
18,1,16,5,4814,41,2,12,2,1,0
55,1,19,3,7350,37,0,50,1,1,1
38,1,22,1,3252,38,0,40,2,1,1
56,1,16,1,5801,21,0,40,1,1,1
57,1,18,3,381,42,0,40,1,1,1
59,1,16,1,4887,44,1,40,2,1,0
28,1,16,3,5519,20,0,40,2,1,0
42,1,22,1,247,5,0,50,1,1,1
33,1,21,1,2279,6,1,40,2,1,0
49,1,16,1,7330,34,1,40,1,1,1
26,1,21,5,5189,7,17,40,2,1,0
22,1,19,5,6384,15,2,40,1,1,0
64,1,16,1,145,27,1,40,2,1,1
29,1,19,3,5463,22,0,40,2,1,0
53,1,21,3,317,7,0,40,1,1,1
40,1,21,1,5645,6,1,40,1,1,0
24,1,19,5,5489,215,2,40,1,6,0
32,1,21,5,2242,4,0,40,2,1,0
47,1,16,3,7749,41,0,40,1,1,1
20,1,16,5,4300,37,2,12,2,1,0
21,1,16,5,4147,33,2,40,1,1,0
52,1,16,1,5756,6,0,40,1,1,0
47,1,22,5,394,22,13,40,2,1,1
25,1,21,5,3015,3,2,40,2,1,0
41,3,21,1,2371,17,1,40,2,1,1
18,1,19,5,5541,7,13,40,2,1,0
45,1,21,5,2379,26,0,40,2,1,1
50,1,19,5,6012,226,0,40,2,6,1
32,1,21,5,5157,36,13,40,1,1,0
59,1,16,1,6212,33,0,40,1,1,1
40,1,21,5,1535,7,0,40,1,1,1
59,1,16,1,510,17,0,50,1,1,1
57,1,16,1,4250,19,0,40,2,1,0
63,1,16,1,5988,4,0,32,2,1,0
27,1,21,5,4432,6,2,40,2,1,0
21,1,16,1,4028,21,10,40,2,1,0
40,1,21,3,619,312,13,40,1,1,1
20,1,13,5,4171,34,2,40,1,1,0
57,1,16,1,51,36,1,50,1,1,1
55,1,16,1,5588,39,0,40,1,1,0
21,1,16,5,3886,28,2,32,2,1,0
24,3,22,5,2406,35,13,40,2,1,0
40,1,19,1,5992,6,1,40,1,1,1
58,1,20,1,2526,33,1,7,2,1,0
50,1,19,1,5016,6,1,40,1,1,1
60,1,16,3,5578,7,0,40,2,1,0
21,1,14,5,4232,39,16,40,1,1,0
41,1,20,1,135,10,1,40,1,1,1
39,1,19,1,7967,6,0,40,1,1,1
22,1,21,3,2457,25,2,40,2,1,0
25,1,18,5,5579,24,2,40,2,1,0
54,1,16,1,6425,22,1,40,1,1,1
38,1,21,1,942,41,0,40,1,1,1
30,1,21,1,5788,7,0,40,2,1,0
19,1,19,5,4797,35,2,8,2,1,0
27,1,13,5,9001,39,13,40,1,1,0
32,1,21,5,1283,2,13,40,1,1,1
48,1,19,1,212,16,1,50,1,1,1
38,1,19,3,5397,39,0,40,1,1,0
28,1,19,1,5398,18,1,40,2,1,0
26,1,19,5,5610,39,2,40,2,1,0
23,1,16,5,4176,6,12,29,2,1,0
56,1,19,1,5221,9,1,13,2,1,0
39,1,21,1,957,231,1,40,2,1,0
49,1,21,1,320,35,1,40,1,1,1
23,1,16,5,3991,40,17,40,2,1,0
51,1,17,1,5846,325,0,40,1,1,1
28,1,21,5,2233,27,2,40,1,1,0
24,1,19,3,4609,40,0,11,2,1,0
37,1,16,5,8420,40,0,40,1,1,1
45,1,12,1,4321,302,1,40,2,6,0
38,3,21,1,2416,29,1,40,2,1,0
47,1,19,1,6280,37,1,40,2,1,0
19,1,18,5,4894,16,13,40,1,1,0
24,1,21,5,2564,36,2,17,2,1,0
60,1,16,3,9009,26,0,40,1,1,1
21,1,19,5,4782,3,17,10,1,6,0
24,1,19,5,524,38,13,40,1,1,1
73,2,22,1,1940,44,0,4,2,1,0
45,1,16,1,5422,292,1,40,2,1,0
22,1,19,5,6397,35,2,40,1,1,0
29,1,16,5,4013,310,0,40,2,1,0
29,1,19,5,6282,27,0,40,1,1,0
25,1,16,5,5497,10,13,40,1,1,0
30,1,19,5,5659,23,13,40,1,1,0
27,1,9,5,6274,3,13,40,1,1,0
36,1,21,1,779,8,0,40,1,1,1
20,1,14,5,4082,25,16,11,1,1,0
52,1,20,1,410,40,0,40,2,1,1
28,1,16,1,4216,52,0,40,1,1,0
30,1,19,5,5867,37,0,40,1,1,1
17,1,16,5,2714,34,2,8,2,1,0
29,1,16,3,4664,49,0,40,1,1,0
48,1,21,1,297,37,0,50,1,1,1
26,1,21,5,2369,9,12,40,2,1,1
57,1,16,1,5377,22,1,40,2,1,1
44,1,21,1,639,34,1,40,1,1,1
46,1,22,1,55,21,0,50,1,1,1
29,1,19,3,5003,33,0,40,2,1,0
58,1,21,3,31,40,0,50,1,1,1
50,1,22,1,389,45,1,40,1,1,1
37,3,21,5,2248,2,0,40,2,1,1
32,3,22,1,2270,52,1,40,2,1,0
48,1,21,1,1445,28,0,40,1,1,1
54,1,16,1,5717,32,1,40,1,1,1
40,1,21,5,795,23,0,40,1,1,1
46,1,21,1,3844,42,1,40,2,1,0
28,2,22,1,1912,37,0,15,2,1,0
50,1,19,1,5909,7,0,40,2,1,1
25,1,21,1,2019,31,1,8,2,1,0
44,1,21,1,1072,29,0,40,2,1,0
44,1,22,3,306,37,0,40,2,1,1
38,1,21,3,1504,38,0,40,1,1,1
49,1,16,3,7570,37,0,40,1,1,1
42,1,21,1,3205,5,1,33,2,1,0
50,1,19,1,5064,8,0,40,2,1,0
41,1,16,1,486,5,1,40,1,1,1
47,1,18,3,5928,218,0,40,1,6,1
64,1,17,1,4267,29,0,40,2,1,0
31,1,19,1,4340,5,0,40,2,1,0
30,1,22,5,2929,24,13,40,2,1,1
45,1,19,3,5481,318,13,40,1,1,1
45,1,21,1,575,39,0,40,1,1,1
60,1,19,1,5422,33,0,40,1,1,1
28,1,21,5,5596,25,2,40,1,1,0
31,1,13,5,4158,38,15,40,1,1,0
60,1,19,1,197,28,1,50,1,1,1
49,1,19,1,493,17,0,40,1,1,1
39,1,21,1,996,34,0,40,1,1,1
25,1,16,1,3795,240,10,15,2,6,0
37,1,21,1,3741,5,1,40,2,1,1
19,1,19,5,4724,39,17,14,2,1,0
44,1,21,1,688,10,0,40,1,1,1
30,1,11,5,4324,227,0,40,1,8,0
25,1,21,1,2279,34,0,9,2,1,0
47,1,21,1,10,24,0,50,1,1,1
20,1,21,5,2261,38,2,16,2,1,0
51,1,16,5,9010,37,0,40,1,1,0
46,1,16,1,306,224,0,40,1,1,1
26,1,19,5,5641,37,13,40,2,1,0
55,1,16,1,5174,38,0,40,2,1,1
51,1,16,1,5335,38,1,40,2,1,0
49,1,21,1,515,35,0,50,1,1,1
44,3,22,1,2320,2,1,40,2,1,0
45,1,16,3,8260,38,0,40,1,1,1
57,1,16,1,6306,14,1,40,1,1,0
45,1,19,3,4976,10,0,40,1,1,0
31,1,21,1,864,38,0,40,1,1,1
46,1,21,1,182,37,1,50,1,1,1
50,1,20,1,220,23,1,40,1,1,1
59,2,21,3,2294,39,0,40,2,1,1
53,7,21,3,10,42,0,50,1,1,1
28,1,16,5,5975,44,12,40,1,1,0
46,1,19,1,360,38,1,40,1,1,1
64,1,19,1,5149,9,1,9,2,1,0
44,1,6,3,7836,38,0,40,1,1,1
32,1,19,1,5710,37,1,40,2,1,0
28,1,16,1,4157,49,0,40,2,1,0
48,1,21,1,1154,32,1,40,1,1,1
55,1,16,1,5386,24,0,40,1,1,1
39,1,21,1,1182,38,0,40,1,1,1
53,1,17,1,6734,41,1,40,1,1,0
50,1,19,1,9001,5,0,40,1,1,1
46,1,21,1,719,7,0,40,1,1,1
55,1,16,3,510,39,0,40,1,1,1
26,1,21,5,2446,35,2,40,1,1,0
25,1,17,5,4118,36,17,40,1,1,0
28,1,21,1,6017,16,0,40,2,1,0
48,1,21,1,40,42,1,50,1,1,1
31,1,19,5,5739,17,0,40,1,1,0
47,1,19,1,5495,34,1,40,1,1,1
24,1,19,5,5142,7,2,40,1,1,0
32,1,16,5,5509,7,0,40,1,1,0
58,1,17,1,4057,43,10,33,2,1,0
62,1,16,1,5413,7,0,40,2,1,0
19,1,19,5,4663,28,17,7,2,1,0
23,1,21,3,2474,10,0,8,2,1,0
22,1,19,5,4674,53,2,12,1,1,0
52,1,16,5,7800,22,0,40,1,1,1
41,1,21,1,916,19,1,50,1,1,1
45,1,18,1,5119,37,1,40,1,1,1
48,1,21,1,3399,8,0,40,2,1,1
24,1,16,5,4653,28,2,40,2,1,0
32,1,19,1,5879,24,0,40,1,1,0
27,1,21,1,2773,41,1,40,2,1,0
58,1,20,1,3177,22,1,40,2,1,1
56,1,16,1,4156,9,0,40,2,1,0
30,1,21,5,2215,18,12,40,2,1,0
52,1,16,1,7250,18,1,40,1,1,0
53,1,16,3,411,298,0,40,1,1,1
45,1,19,1,5794,32,0,40,1,1,1
20,1,7,5,4057,300,16,16,2,8,0
42,1,21,1,2531,20,0,40,2,1,0
48,1,21,1,1449,222,0,40,1,6,1
47,1,21,1,151,24,0,50,1,1,1
21,1,19,5,6192,25,2,40,1,1,0
37,1,18,1,9316,38,1,40,1,1,0
40,1,16,1,7381,13,0,40,1,1,0
52,1,21,3,1140,29,0,40,1,1,1
30,1,19,5,4954,18,0,40,2,1,0
30,1,16,5,6103,37,13,40,1,1,0
28,1,21,1,6301,35,1,40,2,1,0
46,1,21,1,2876,37,1,40,1,1,1
54,1,19,1,4743,31,0,40,1,1,0
34,1,21,1,3262,15,1,40,2,1,0
49,1,21,1,3197,20,0,40,1,1,1
53,1,16,1,5605,11,0,40,1,1,0
19,1,16,3,9581,15,15,40,1,1,0
50,1,21,1,334,3,0,40,1,1,1
56,1,16,1,5465,16,1,40,2,1,1
18,1,19,5,4729,35,2,12,2,1,0
30,1,21,1,3328,5,1,40,2,1,0
43,1,18,5,5865,310,0,40,1,1,0
19,1,16,5,4066,23,2,40,1,1,0
48,3,22,1,2280,13,0,40,2,1,0
29,1,21,5,793,37,0,40,1,1,1
25,1,21,5,2247,38,2,40,1,1,0
25,2,21,5,1880,26,0,40,2,1,1
52,1,22,5,2471,36,0,40,2,1,1
39,1,21,1,3251,23,1,40,2,1,1
55,1,20,1,4851,38,1,40,2,1,0
54,1,16,1,4155,7,1,40,2,1,0
43,1,21,1,606,22,0,40,1,1,1
26,1,18,5,4132,32,13,40,2,1,0
50,1,16,1,6127,18,1,40,1,1,1
52,1,19,3,234,40,0,40,1,1,1
62,1,18,1,4135,21,0,40,2,1,0
48,1,22,3,544,201,0,40,1,6,1
27,1,19,5,5379,23,0,31,2,1,0
31,1,22,1,2134,18,0,40,2,1,1
19,1,14,5,4148,54,2,11,1,1,0
25,1,18,5,4730,26,17,40,1,1,0
23,1,16,5,4043,219,2,40,2,6,0
42,1,21,3,872,20,0,50,1,1,1
23,1,16,5,9125,11,2,40,1,1,0
26,1,19,5,5690,14,11,40,1,1,0
44,3,22,1,2462,33,0,40,2,1,1
43,1,21,1,794,37,0,40,1,1,1
19,1,16,5,3980,50,17,9,1,1,0
54,1,16,1,7543,38,0,40,1,1,1
54,1,16,1,6401,30,0,40,1,1,1
28,1,16,5,9087,9,2,40,1,1,0
34,1,21,5,1110,39,0,40,1,1,1
38,1,21,1,2534,37,1,40,1,1,1
44,1,9,1,4072,292,1,34,2,1,0
28,1,19,3,5508,19,0,40,2,1,0
43,1,19,1,6247,3,1,40,1,1,1
43,3,22,1,2277,33,0,40,2,1,0
27,1,21,5,3149,218,0,40,2,6,0
41,3,21,3,2372,2,0,40,2,1,1
58,1,16,1,5162,41,0,40,2,1,0
22,1,10,5,5839,4,2,40,1,1,0
49,1,16,1,63,10,1,50,1,1,1
24,1,7,5,3967,296,17,40,1,8,0
44,1,19,1,5930,8,0,40,1,1,1
46,1,21,1,287,34,0,40,1,1,1
51,1,16,1,6045,329,1,40,2,1,0
48,1,19,1,5372,6,0,40,2,1,0
19,1,10,5,4610,31,17,16,2,1,0
24,1,9,5,4167,319,16,40,1,1,0
41,1,16,1,5025,8,0,40,1,1,1
49,1,21,1,525,7,0,40,1,1,1
61,1,16,1,7572,11,0,40,1,1,1
29,1,21,3,5222,8,0,40,2,1,0
46,1,21,1,643,37,0,40,1,1,1
35,1,19,1,6155,307,1,40,2,1,0
21,1,19,5,5649,8,17,40,1,6,0
47,1,22,1,572,26,0,40,1,1,1
55,1,16,1,6025,11,0,40,2,1,0
46,1,21,1,277,15,0,40,1,1,1
32,1,16,3,5692,7,0,40,2,1,0
34,1,21,1,3180,17,1,40,1,1,1
59,1,9,1,4185,307,1,40,2,1,0
43,1,19,1,4954,1,0,40,1,1,0
55,1,16,1,8333,41,0,50,1,1,1
59,1,21,1,2958,34,0,40,2,1,0
49,1,16,5,6332,38,0,40,1,1,1
23,1,16,3,4094,36,9,40,2,1,0
31,1,21,1,6383,312,1,40,2,1,0
29,1,19,5,5544,27,2,40,1,1,0
28,1,21,1,2056,231,1,9,2,6,0
37,1,21,1,3295,47,0,40,2,1,0
56,1,16,5,5156,23,0,40,2,1,0
53,1,16,1,7493,15,1,40,1,1,1
45,1,21,1,672,36,0,40,1,1,1
59,1,21,1,64,14,0,40,1,1,1
23,1,19,5,6343,11,13,40,1,1,0
60,1,20,1,314,25,1,40,2,1,1
47,1,16,1,6726,320,1,40,1,1,0
25,1,13,5,4164,319,2,40,2,8,0
19,1,14,5,4096,50,2,6,2,1,0
59,1,19,1,5467,15,0,40,1,1,0
55,1,16,1,6045,36,1,40,1,1,1
55,1,16,3,665,36,0,40,1,1,1
23,1,21,5,1783,36,2,40,1,1,0
27,1,19,1,4891,2,9,40,1,1,0
43,1,19,1,6790,26,1,40,1,1,1
59,1,16,1,4578,11,1,40,2,1,0
40,3,22,1,2445,24,1,40,2,1,0
25,1,16,5,4240,323,0,35,2,1,0
46,1,21,1,266,7,1,40,2,1,1
28,1,19,5,5556,35,0,40,2,1,0
38,1,19,1,6059,33,0,40,2,1,0
60,3,21,1,2427,10,1,14,2,1,0
47,1,16,1,7606,1,1,40,1,1,1
26,1,19,5,5741,6,12,40,1,1,0
22,1,16,3,4235,29,2,40,1,1,0
55,1,16,1,10,9,1,40,1,1,1
19,1,16,5,4773,31,17,11,2,1,0
61,1,19,1,3529,20,0,38,2,1,0
40,1,22,1,790,44,1,40,1,1,1
36,1,21,1,781,37,0,40,1,1,1
24,1,19,5,4760,27,2,10,2,1,0
61,1,19,3,5200,19,0,40,1,1,0
35,1,16,5,7899,301,0,40,1,1,1
57,1,16,1,6438,36,1,40,1,1,0
30,1,16,3,4081,308,2,40,1,8,0
57,1,16,1,6291,10,0,40,2,1,0
35,1,19,1,5937,4,0,40,1,1,0
31,1,21,1,781,3,0,40,1,1,0
28,3,21,1,2482,36,1,11,2,1,0
59,1,16,3,5399,21,0,40,1,1,0
29,1,21,5,7507,37,0,40,1,1,1
53,1,22,1,592,220,0,40,1,6,1
22,1,19,5,4773,27,16,10,1,1,0
23,1,16,5,4103,27,16,40,1,1,0
63,1,17,3,5332,26,0,40,1,1,0
33,1,11,5,9440,321,0,40,1,1,0
37,1,19,1,5359,22,1,40,2,1,0
51,1,21,1,677,5,0,40,1,1,1
18,1,19,5,4588,17,17,8,2,1,0
31,1,16,5,4269,8,0,40,2,1,0
53,1,16,1,6803,25,0,50,1,1,1
72,1,21,1,2440,39,0,40,2,1,0
58,1,20,1,3344,6,0,35,2,1,0
53,1,19,1,5943,39,1,40,2,1,0
33,1,19,5,5918,43,0,40,1,1,0
28,1,18,5,4293,36,0,40,2,1,0
38,1,16,1,9488,297,1,40,1,1,0
59,1,16,1,6650,30,0,40,1,1,1
20,1,14,5,3995,296,2,40,1,8,0
21,1,16,5,4241,3,2,40,1,1,0
29,1,16,3,4171,316,0,40,2,1,0
17,1,16,5,4141,27,17,7,2,1,0
42,1,18,1,5014,5,0,40,2,1,0
27,1,21,5,5364,34,13,40,2,1,0
31,1,16,5,5156,15,13,40,2,1,0
21,1,19,5,4242,3,12,40,1,1,0
51,1,21,3,215,25,0,40,1,1,1
23,1,16,3,4623,18,0,13,2,1,0
30,1,21,1,2105,1,0,40,2,1,0
28,1,21,5,2099,37,2,40,2,1,0
20,1,19,5,4784,56,16,6,1,1,0
22,1,16,5,4050,38,2,40,2,1,0
48,1,16,1,370,6,0,40,1,1,1
44,1,22,1,570,35,1,40,1,1,1
21,1,16,5,4141,27,17,16,1,1,0
21,1,18,5,6345,20,16,40,1,1,0
61,1,16,1,2585,7,1,14,2,1,0
54,1,16,1,6093,36,1,40,1,1,1
45,1,20,1,202,33,1,40,1,1,1
56,1,19,1,4713,36,0,40,2,1,0
24,1,21,5,2331,24,2,8,2,1,0
54,1,16,1,5762,41,0,40,1,1,0
25,1,20,1,5513,45,0,35,2,1,0
28,1,19,3,6626,318,0,40,1,1,0
39,3,22,1,2380,11,0,40,2,1,0
18,1,16,5,4258,21,17,14,1,1,0
50,1,19,3,5759,237,0,40,2,1,0
49,1,21,1,4755,17,1,40,2,1,0
60,1,16,3,6389,6,0,40,2,1,0
57,1,20,1,3274,37,1,40,2,1,0
31,1,21,5,6066,40,13,40,1,1,0
53,1,16,1,134,6,0,40,1,1,1
30,1,21,1,6213,21,0,40,2,1,0
37,1,21,3,3557,36,0,40,2,1,0
27,1,21,1,2522,34,0,40,2,1,0
22,1,18,5,5400,35,0,12,2,1,0
24,2,21,1,2167,9,0,8,2,1,0
31,1,20,5,6476,26,0,40,1,1,1
28,1,16,3,4198,6,16,40,2,1,0
51,1,21,3,647,3,0,40,1,1,1
27,1,19,5,5267,40,17,40,1,1,0
61,1,16,1,5849,37,0,40,1,1,1
47,1,22,1,3038,4,0,40,2,1,1
24,1,19,5,4687,8,2,9,2,1,0
63,1,22,1,2703,37,0,40,2,1,1
60,1,18,1,5618,7,0,40,2,1,0
17,1,11,5,4296,48,16,12,1,1,0
17,1,14,5,4042,22,2,14,2,1,0
31,1,21,3,1716,6,13,40,1,1,1
51,1,16,1,306,43,0,40,1,1,1
49,1,19,5,5239,10,0,40,1,1,1
47,1,21,1,153,37,1,50,1,1,1
31,1,16,5,9477,2,0,40,1,1,0
21,1,14,5,4071,34,2,34,2,1,0
25,1,18,5,4652,44,2,15,2,1,0
53,1,19,1,5504,13,1,40,2,1,0
17,1,19,5,4695,7,2,8,2,6,0
27,1,21,5,504,25,12,40,1,1,0
45,1,21,1,326,8,1,40,1,1,1
52,1,16,1,5257,20,1,40,2,1,0
46,1,16,1,7603,11,1,40,1,1,1
19,1,16,5,4265,19,2,8,1,1,0
22,1,19,3,3698,29,0,35,2,1,0
26,1,16,5,8986,39,0,40,1,1,0
31,1,16,5,5526,30,0,40,2,1,0
62,1,17,1,3923,19,1,34,2,1,0
49,1,21,1,1245,7,0,40,1,1,1
26,1,16,1,4064,308,0,40,2,8,0
24,1,19,1,5769,48,1,7,2,1,0
58,1,16,1,389,32,0,40,1,1,1
59,1,16,1,6161,36,1,40,1,1,1
51,1,21,3,80,38,0,50,1,1,1
34,1,21,1,1281,11,0,40,2,1,0
24,1,19,5,5631,38,2,40,2,1,0
72,2,21,5,2048,37,0,40,1,1,1
22,1,16,5,4012,8,13,40,1,1,0
56,1,16,3,244,19,0,40,1,1,1
65,1,19,1,4628,23,0,18,2,1,0
29,1,21,5,3185,6,0,40,2,1,1
24,1,21,5,3472,25,13,40,2,1,0
36,1,21,1,1069,37,1,40,1,1,1
35,1,19,1,6034,34,0,40,1,1,0
41,1,21,1,210,38,0,40,2,1,1
50,1,21,1,406,24,1,40,1,1,1
26,1,16,5,3997,3,12,40,1,8,0
58,1,17,1,4124,38,1,40,2,1,0
60,1,21,1,2328,35,1,40,2,1,0
20,1,19,5,6025,42,2,40,1,1,0
46,1,21,1,699,31,0,40,1,1,1
45,1,21,1,96,36,0,40,1,1,1
49,1,19,1,90,1,0,50,1,1,1
45,1,19,1,5482,6,1,40,2,1,0
67,3,21,1,2388,36,1,15,2,1,0
42,1,19,1,6351,9,0,40,1,1,0
64,1,19,1,5455,41,0,40,2,1,0
40,1,21,3,1103,20,0,40,1,1,1
25,1,16,1,5986,13,8,40,2,1,0
25,1,19,5,4938,6,0,40,1,1,0
27,1,19,5,5881,35,0,40,2,1,0
48,1,18,3,6562,27,13,40,1,1,1
45,1,21,1,1228,16,1,40,1,1,1
19,1,19,5,6590,9,2,40,2,1,0
29,1,17,5,7718,23,2,40,1,1,0
51,1,21,1,705,21,1,50,1,1,1
46,1,21,1,2618,41,0,40,1,1,1
48,1,21,1,183,33,1,40,1,1,1
47,1,21,1,3735,223,1,40,2,1,1
25,1,19,5,5680,22,13,40,2,1,0
54,1,16,1,4899,36,1,40,2,1,0
57,1,18,1,5167,6,0,40,2,1,0
29,1,16,5,6001,34,0,40,2,1,0
32,1,7,1,7987,18,0,40,1,1,0
45,1,16,1,8161,7,1,50,1,1,1
34,1,16,1,7676,20,1,40,1,1,0
49,1,20,5,332,24,0,40,2,1,1
42,1,21,1,291,5,0,50,1,1,1
60,1,16,1,5996,23,0,40,1,1,0
25,1,21,1,3330,21,9,40,2,1,0
50,1,16,3,9579,41,0,40,1,1,0
47,1,21,1,454,25,0,40,1,1,1
28,1,16,5,9190,31,0,40,1,1,0
50,1,21,3,403,36,0,50,1,1,1
54,1,16,3,8257,35,0,50,1,1,1
56,1,21,1,4674,21,16,40,2,1,0
37,1,21,1,5340,10,1,40,2,1,0
52,1,18,5,6109,4,0,40,2,1,1
24,1,16,1,4096,49,0,40,2,1,0
22,1,16,5,4229,14,2,8,2,1,0
23,1,19,5,4755,43,17,40,2,1,0
45,1,16,1,4086,306,1,40,2,1,0
51,1,16,1,4096,214,9,40,2,6,0
39,1,22,1,587,19,0,40,1,1,1
56,1,16,1,5894,39,1,40,1,1,1
48,1,21,1,3347,16,1,40,2,1,1
28,1,21,3,6254,35,0,40,1,1,0
38,1,19,5,5601,5,0,40,2,1,0
42,1,21,1,5552,43,1,40,2,1,0
24,1,16,5,4027,42,16,40,1,1,0
43,1,16,1,8904,2,0,40,1,1,1
60,1,16,1,7821,34,1,40,1,1,1
50,1,19,1,5540,6,1,40,1,1,1
39,1,19,1,5825,38,0,40,1,1,0
28,1,21,5,3586,2,0,40,2,1,0
21,2,21,5,2223,43,12,9,2,1,0
20,1,14,5,4706,9,16,18,2,1,0
47,1,21,1,2462,5,1,40,2,1,0
29,1,16,3,4229,53,10,40,1,1,0
41,1,21,1,5672,5,1,40,2,1,0
62,1,19,1,5241,20,1,40,1,1,0
20,1,18,5,4696,1,16,12,2,1,0
24,1,21,5,6600,5,0,40,1,1,0
47,1,21,1,274,39,1,50,1,1,1
55,1,16,5,7585,36,0,40,1,1,1
59,1,16,1,4504,38,0,40,2,1,0
42,1,19,5,6433,4,0,40,1,1,0
17,1,14,5,4289,5,17,9,1,1,0
43,1,11,1,3998,314,10,40,2,1,0
39,1,19,1,4731,7,1,40,2,1,0
61,1,16,1,6443,36,0,40,2,1,0
36,1,16,5,6468,26,13,40,1,1,0
36,1,19,5,5368,11,0,40,2,1,0
28,1,16,1,5749,38,0,40,2,1,0
47,1,21,1,1100,18,0,40,1,1,1
33,3,21,5,2379,22,0,40,2,1,1
45,1,21,3,1178,14,0,50,1,1,1
34,1,19,5,5432,39,13,40,2,1,0
23,1,16,5,4160,8,2,11,2,1,0
44,1,22,1,2363,31,1,40,2,1,1
42,1,16,1,4046,45,1,33,2,1,0
39,1,21,1,3194,38,0,40,2,1,0
43,1,21,5,4970,37,0,40,2,1,1
43,1,19,3,1022,41,0,40,1,1,1
47,1,16,3,6352,8,13,40,1,1,0
34,1,21,1,2155,42,1,40,2,1,0
22,1,21,5,2362,5,2,10,2,1,0
78,1,21,1,3756,14,0,40,2,1,0
41,3,21,1,2351,8,0,40,2,1,0
49,1,21,1,1240,14,0,50,1,1,1
46,1,16,5,7374,298,0,40,1,1,1
19,1,21,5,2667,27,17,15,1,1,0
49,1,22,1,184,9,0,40,1,1,1
45,1,21,3,468,39,0,50,1,1,1
50,1,19,1,213,43,1,40,1,1,1
33,1,21,5,3554,40,0,40,2,1,1
32,1,21,5,3078,38,13,40,2,1,0
62,1,16,1,5047,38,0,40,2,1,0
46,1,22,3,345,14,0,50,1,1,1
34,1,19,5,5551,327,0,40,1,6,0
31,1,16,5,6663,37,0,40,1,1,0
26,1,16,1,5846,3,1,30,2,1,0
37,1,21,1,2244,21,0,34,2,1,0
47,1,16,1,330,39,1,50,1,1,1
24,1,19,1,5919,6,0,40,2,1,0
39,2,21,1,2239,16,0,40,2,1,1
56,6,21,3,2880,8,0,14,2,1,0
44,1,17,1,9339,18,0,40,1,1,0
24,1,19,5,4838,21,2,40,2,1,0
27,1,21,1,2515,16,9,40,2,1,0
51,1,16,5,5062,41,0,40,1,1,0
28,1,19,5,5988,32,2,40,1,1,0
40,1,22,1,1261,5,0,40,2,1,1
53,1,18,1,6105,36,1,40,1,1,1
47,1,16,1,7350,328,1,40,1,6,1
49,1,19,1,5362,4,1,40,2,1,1
50,1,16,1,7765,1,1,40,1,1,1
30,1,21,5,3502,12,12,40,1,1,0
27,1,19,5,7978,42,0,40,1,1,1
58,1,16,1,6204,18,1,12,2,1,0
39,1,21,3,1361,7,0,40,1,1,0
53,1,16,1,5823,36,0,40,1,1,0
44,1,21,1,5532,210,0,40,2,6,0
59,1,20,1,4802,36,1,40,2,1,1
21,1,19,5,4693,36,17,9,2,1,0
44,1,21,1,3008,1,0,40,1,1,1
44,1,22,3,2378,6,0,40,2,1,1
60,1,9,1,4115,10,1,31,2,1,0
59,1,16,1,6708,34,0,40,1,1,0
18,1,16,5,4267,36,2,10,1,1,0
64,1,19,1,147,29,1,50,1,1,1
30,1,21,1,795,24,1,40,1,1,1
47,1,21,3,10,17,0,50,1,1,1
19,1,16,5,7711,8,13,40,1,1,0
24,1,16,3,5914,2,15,40,1,1,0
65,1,19,1,3683,40,0,10,2,1,0
36,1,21,1,4234,8,0,40,2,1,0
28,1,21,5,379,40,0,40,2,1,1
22,1,16,5,3977,27,2,40,2,1,0
36,1,18,1,5176,39,0,40,1,1,0
46,1,16,1,263,237,0,40,1,1,1
29,1,21,1,2198,219,1,40,2,6,0
47,1,21,3,367,4,0,40,2,1,1
46,1,16,3,7936,304,0,40,1,8,1
43,1,19,1,5579,38,0,40,1,1,0
28,1,16,5,9516,308,2,40,1,8,0
21,1,16,5,4268,7,2,40,2,1,0
29,1,19,5,5641,9,0,40,2,1,0
33,1,16,5,9699,314,0,40,1,1,0
32,1,22,5,2223,187,0,40,2,6,1
27,1,19,5,6324,32,13,40,1,1,0
39,1,21,1,5796,225,1,40,1,6,0
52,1,16,1,7251,33,1,50,1,1,1
34,1,16,1,5774,242,0,40,1,8,0
27,1,19,5,5309,27,0,40,1,1,0
23,1,21,5,5841,11,0,40,1,1,0
49,1,18,3,7992,39,0,40,1,1,1
48,1,19,1,7406,20,0,50,1,1,1
47,1,18,1,375,9,0,40,1,1,1
19,1,16,5,4255,34,2,40,1,1,0
25,1,19,5,5502,13,0,31,2,1,0
26,1,21,5,3274,16,0,40,1,1,1
29,1,19,3,6389,38,16,40,1,1,0
23,1,21,5,4763,26,2,40,1,1,0
30,1,21,1,2242,13,0,40,2,1,0
68,1,21,1,413,36,0,40,2,1,1
45,1,19,1,9012,39,0,40,1,1,1
24,1,16,5,5840,19,2,40,2,1,0
47,1,21,1,175,41,0,40,1,1,1
73,1,21,3,3807,41,0,40,2,1,0
22,2,21,5,2202,38,0,40,2,1,0
20,1,19,5,4711,42,2,7,2,1,0
60,1,18,1,6108,33,1,40,2,1,0
52,1,19,3,6111,41,0,40,1,1,1
25,1,21,5,5589,3,2,40,2,6,0
58,1,19,1,5526,36,1,37,2,1,0
26,1,16,5,5423,25,13,40,1,1,0
18,1,19,5,4684,47,2,8,2,1,0
25,1,21,5,5000,5,2,40,1,6,0
43,1,16,1,6035,310,1,40,2,1,0
48,1,21,1,926,36,1,40,1,1,1
38,1,21,1,2281,38,1,40,2,1,0
54,1,16,1,5974,20,1,40,1,1,1
49,1,21,3,869,5,0,40,1,1,1
50,1,19,1,190,20,0,40,2,1,1
27,1,19,5,4763,36,2,40,1,1,0
34,1,21,1,3561,250,1,40,2,6,0
32,1,21,1,1989,12,0,13,2,1,0
47,1,19,1,5526,33,0,40,2,1,0
41,3,21,1,2401,6,0,40,2,1,0
26,1,10,5,4188,319,13,40,1,1,0
31,1,16,1,6313,19,1,40,1,1,0
18,1,16,5,3956,35,2,9,2,1,0
20,1,16,5,4262,7,16,11,1,1,0
54,1,19,5,6290,40,0,40,1,1,1
19,1,16,5,4147,29,2,16,1,1,0
27,1,21,1,3144,19,1,40,2,1,0
24,1,16,5,3758,34,13,40,2,1,0
45,1,21,1,530,28,1,40,1,1,1
21,1,21,5,2136,225,2,10,2,6,0
29,1,21,1,2534,41,0,40,1,1,0
60,1,16,1,3635,8,1,9,2,1,0
46,1,20,1,151,28,1,40,1,1,1
52,1,21,1,187,7,1,40,1,1,1
20,1,19,5,5293,35,2,6,2,1,0
63,1,20,1,3285,22,1,32,2,1,0
27,1,16,5,4295,36,2,40,1,1,0
61,1,19,1,4762,22,0,40,2,1,1
29,1,19,1,5596,43,0,11,2,1,0
47,1,22,1,687,29,0,50,1,1,1
48,1,21,1,399,29,0,50,1,1,1
59,1,16,1,5630,39,1,10,2,1,0
48,1,16,5,5601,40,0,40,1,1,0
42,1,21,1,2618,4,0,40,2,1,0
43,1,21,1,4027,1,1,40,2,1,1
21,1,18,5,4718,29,17,6,2,1,0
19,1,16,5,3972,5,2,40,1,1,0
40,1,16,1,8974,309,0,40,1,1,0
53,1,20,3,229,31,0,40,1,1,1
30,1,21,3,5089,34,0,40,2,1,0
39,1,16,1,4445,318,1,40,1,1,0
27,1,21,3,1743,16,0,40,1,1,1
46,1,19,3,5083,6,0,30,2,1,0
61,1,20,1,3425,29,0,11,2,1,0
27,1,16,1,4210,300,0,40,2,1,0
19,2,21,5,1943,20,2,40,2,1,0
42,1,21,1,4551,41,1,40,1,1,0
29,1,21,1,2248,9,0,40,2,1,0
42,1,18,5,5884,41,13,40,1,1,0
51,1,16,5,7464,18,0,40,1,1,1
24,1,14,5,4317,47,2,17,1,1,0
22,1,19,5,2512,234,2,5,2,6,0
21,1,13,5,4021,54,2,40,1,1,0
53,1,19,1,7443,37,1,50,1,1,1
18,1,19,5,4753,51,2,10,1,1,0
27,1,19,1,6656,20,1,40,2,1,0
26,1,16,5,4101,34,0,40,2,1,0
22,1,14,5,4123,52,17,6,1,1,0
43,1,22,5,519,236,0,40,2,6,1
53,1,19,1,109,24,0,50,1,1,1
57,1,21,1,4779,33,0,40,2,1,0
35,1,21,3,773,21,0,40,1,1,1
19,1,19,5,2494,215,2,7,2,6,0
47,1,21,1,391,29,0,40,1,1,1
30,1,21,5,743,10,13,40,1,1,1
57,1,19,3,6092,37,0,40,1,1,1
62,1,16,1,5735,37,1,40,2,1,1
27,1,16,5,5777,25,0,40,1,1,0
29,1,21,5,3136,22,13,40,2,1,0
39,1,19,1,5499,38,0,40,1,1,0
45,1,10,1,4123,311,1,40,1,8,0
58,1,16,1,4238,44,10,17,2,1,0
46,1,16,1,4342,1,0,40,2,1,0
43,1,18,1,6703,19,0,40,1,1,0
44,1,22,3,203,33,0,40,1,1,1
42,1,21,1,1335,42,0,40,1,1,1
26,1,19,5,6469,23,2,40,1,1,0
57,1,16,3,211,34,0,40,1,1,1
47,1,21,5,227,39,0,40,1,1,1
28,1,21,5,1124,23,0,40,1,1,1
21,1,14,5,9190,31,16,40,1,1,0
21,2,21,5,2369,40,12,12,2,1,0
50,1,18,1,7449,24,0,40,1,1,1
17,1,14,5,4190,13,16,12,1,1,0
27,1,18,5,5808,34,2,40,1,1,0
32,1,21,1,2951,20,1,40,1,1,1
53,1,16,1,5537,38,0,40,1,1,1
46,1,21,1,172,35,0,50,1,1,1
45,1,19,1,5670,8,0,34,2,1,0
65,1,21,1,5530,7,0,34,2,1,0
17,1,14,5,4113,9,2,8,1,1,0
60,1,21,1,2295,34,0,40,2,1,0
33,1,21,5,2441,27,0,40,1,1,1
48,1,16,1,8005,10,0,40,1,1,1
48,1,19,3,5490,5,0,40,1,1,1
35,1,21,1,3320,3,1,40,2,1,0
54,1,13,1,9005,40,1,40,1,1,0
31,1,19,1,5360,55,0,40,2,1,0
24,1,18,3,4121,37,0,40,1,1,0
40,3,21,1,2310,31,1,40,2,1,1
57,1,21,1,4239,19,0,40,2,1,0
41,1,21,1,3345,37,1,40,2,1,1
62,1,16,1,4016,35,10,40,2,1,0
45,1,22,1,522,40,0,40,1,1,1
50,1,22,1,624,33,1,40,1,1,1
55,1,16,1,7837,20,1,40,1,1,1
49,1,10,3,6392,309,0,40,1,8,0
51,1,21,1,316,42,0,40,1,1,1
25,1,14,5,4257,4,2,40,1,1,0
23,1,16,5,5500,12,0,40,2,1,0
58,1,16,1,6273,41,1,40,2,1,0
39,1,19,1,4611,235,1,40,2,6,0
45,1,16,1,6424,40,1,40,2,1,0
32,1,16,5,5342,33,0,40,1,1,0
23,1,19,5,5929,37,2,7,2,1,0
27,1,21,5,5008,5,2,40,2,1,0
48,1,18,1,5496,325,0,40,1,1,0
46,1,21,3,167,6,0,50,1,1,1
24,1,19,5,5444,4,2,40,1,1,0
52,1,22,1,2537,217,1,40,2,6,1
28,1,12,1,4179,299,0,40,2,1,0
52,1,21,1,272,34,1,40,1,1,1
31,1,16,5,8011,26,0,40,1,1,0
27,2,21,1,2015,20,1,13,2,1,0
51,1,16,1,10,6,1,50,1,1,1
24,1,8,5,4068,49,6,40,1,1,0
33,1,21,1,5822,50,9,40,2,1,0
19,1,19,5,2750,35,16,7,2,1,0
22,1,21,5,5271,216,2,40,2,6,0
43,1,20,1,3517,8,0,40,2,1,0
67,1,21,1,3329,5,0,40,2,1,1
29,1,19,3,5890,42,0,40,2,1,0
26,1,19,5,3650,21,13,40,2,1,0
53,1,18,1,7934,16,1,40,1,1,1
29,1,21,5,506,16,0,40,1,1,1
21,1,19,5,5233,54,2,40,2,1,0
38,1,21,1,3292,6,1,40,2,1,1
49,1,17,3,239,295,0,40,1,1,1
28,1,21,5,1146,38,13,40,1,1,1
36,1,16,1,6728,40,0,40,1,1,0
57,1,16,1,5526,18,1,40,2,1,0
48,1,20,3,271,35,0,40,1,1,1
28,1,16,5,5207,39,2,40,1,1,0
39,1,21,1,598,36,0,40,1,1,0
58,1,19,1,6759,15,1,40,1,1,1
33,1,16,1,5631,10,1,40,2,1,0
29,1,16,5,6115,43,13,40,1,1,0
49,1,22,1,1039,5,0,40,1,1,1
27,1,19,1,3773,35,10,33,2,1,0
25,1,19,5,5708,10,2,40,1,1,0
32,1,16,1,9211,47,9,40,1,1,0
57,1,16,1,5239,19,1,40,1,1,0
43,3,21,1,2402,38,1,40,2,1,0
55,1,16,5,5652,22,0,40,1,1,1
46,1,21,1,3874,8,1,40,1,1,1
18,1,14,5,4109,7,17,14,1,1,0
63,1,18,1,5916,24,0,40,1,1,1
45,2,21,5,3235,38,0,40,2,1,1
27,1,21,5,2108,34,0,4,2,1,0
43,1,21,1,650,6,0,40,1,1,1
59,1,19,1,5482,35,0,40,1,1,1
46,1,16,1,6050,319,1,40,1,1,1
25,1,21,5,3074,15,13,40,2,1,0
64,1,18,3,4940,34,0,40,2,1,0
64,1,16,1,6108,19,0,40,1,1,0
49,1,21,1,403,38,0,40,1,1,1
19,1,18,5,4776,24,2,8,2,1,0
36,1,16,1,7540,26,0,40,1,1,0
55,1,20,1,3460,39,0,40,2,1,1
25,1,21,5,2436,8,2,40,2,1,0
37,3,22,1,2582,40,0,40,2,1,0
28,1,20,1,5592,15,1,40,2,1,0
49,1,17,1,7567,39,1,50,1,1,1
22,1,19,1,6178,22,0,40,2,1,0
63,1,18,3,61,16,0,40,1,1,1
28,1,21,5,2537,7,2,10,1,1,0
47,1,16,1,4174,302,9,40,2,1,0
30,1,21,5,5265,3,0,40,1,1,1
49,1,16,3,5994,43,13,40,1,1,1
49,1,19,1,6441,31,1,40,1,1,0
57,1,21,1,5315,38,1,40,2,1,0
39,1,19,1,7178,225,1,40,1,6,0
20,1,19,5,2650,36,2,8,2,1,0
33,1,21,1,2493,7,1,40,1,1,0
25,1,19,5,5178,38,2,40,1,1,0
43,1,21,3,1276,11,0,50,1,1,1
55,1,19,1,5900,5,0,40,1,1,1
31,1,21,3,2591,1,0,40,1,1,0
39,1,16,1,8640,26,0,40,1,1,0
48,1,21,3,607,27,13,40,1,1,1
52,1,19,1,4866,52,0,40,2,1,0
23,3,21,5,2643,37,2,9,2,1,0
36,1,21,1,4315,40,1,40,1,1,1
33,1,21,1,2085,19,0,40,2,1,0
45,1,19,1,74,38,1,40,1,1,1
29,1,16,1,6471,18,0,40,2,1,0
61,1,18,1,5983,11,0,40,2,1,0
31,1,19,5,8251,8,0,40,1,1,1
28,1,16,3,3986,26,0,40,2,1,0
47,1,16,1,5562,8,0,40,1,1,1
17,1,16,5,4000,50,2,11,1,1,0
32,1,21,5,3329,225,0,40,2,6,0
23,1,17,3,4124,22,2,40,2,1,0
39,1,19,1,6627,24,0,40,1,1,0
31,1,21,1,2355,35,1,40,2,1,0
30,2,21,1,1903,16,1,40,2,1,1
39,1,19,1,5159,36,1,40,1,1,1
61,1,19,1,3647,39,0,40,2,1,1
49,1,21,1,372,22,1,40,1,1,1
45,1,19,1,104,40,0,40,1,1,1
28,1,21,5,2630,215,2,40,2,6,0
57,1,16,3,5703,7,13,40,1,1,1
50,1,17,1,9311,4,0,40,1,1,1
35,1,21,1,5120,5,1,40,2,1,0
69,1,21,1,3218,38,0,40,2,1,0
24,1,22,5,2236,41,13,40,2,1,1
27,1,21,5,5434,39,12,40,2,1,0
22,1,14,5,4262,28,17,40,1,1,0
49,1,16,5,9112,42,0,40,1,1,1
44,1,21,1,3593,8,0,40,2,1,0
29,1,19,5,5822,41,0,40,2,1,0
57,1,16,1,5269,23,1,40,2,1,0
26,1,16,5,4207,9,2,40,2,1,0
37,1,21,1,280,23,1,40,1,1,1
62,1,16,5,4613,26,0,40,2,1,0
34,2,21,3,2098,37,0,18,2,1,0
26,1,21,5,1046,225,0,40,1,6,0
19,1,16,5,4912,35,15,40,1,1,0
46,1,21,1,1160,2,0,40,1,1,1
64,1,16,1,5472,33,1,40,2,1,0
44,1,19,1,4536,40,1,31,2,1,0
29,1,19,3,6936,34,0,40,1,1,0
45,1,19,5,4922,9,0,40,1,1,1
31,1,21,5,1133,8,0,40,1,1,1
21,1,16,5,4272,41,2,40,1,1,0
55,1,21,1,1092,33,0,40,1,1,1
21,1,16,5,4119,50,17,4,2,1,0
35,1,19,5,453,42,0,40,2,1,1
25,1,16,1,4088,8,1,6,2,1,0
46,1,21,1,3120,18,0,40,1,1,1
42,1,19,1,4690,3,1,40,1,1,0
22,1,11,5,4231,323,0,40,1,1,0
39,1,21,1,4486,48,1,40,2,1,0
58,1,16,1,5740,18,1,40,2,1,0
26,1,19,1,5716,44,10,40,2,1,0
32,1,21,5,3702,36,13,40,2,1,1
26,1,19,5,5797,15,2,40,1,1,0
48,1,21,3,613,11,0,40,1,1,1
53,1,16,3,5905,33,0,40,1,1,1
51,1,20,1,3290,5,1,40,2,1,1
23,1,19,5,6307,7,17,40,1,1,0
31,1,19,1,5724,5,10,40,2,1,0
49,1,21,1,260,4,1,50,1,1,1
24,1,8,5,4103,37,2,35,2,1,0
19,1,16,5,9733,39,17,40,1,1,0
47,1,22,5,3384,4,13,40,2,1,1
55,1,16,1,6251,36,0,40,1,1,0
47,1,21,3,234,6,13,40,1,1,1
22,1,19,5,6067,8,17,40,1,1,0
50,1,19,1,506,12,0,50,1,1,1
43,1,19,1,104,10,1,40,1,1,1
69,2,21,1,1928,38,1,14,2,1,0
27,1,19,5,5726,5,13,40,1,1,0
47,1,21,1,3013,3,1,40,2,1,0
43,1,21,1,640,5,0,40,1,1,1
45,1,17,5,8933,38,0,40,1,1,1
21,1,16,5,9438,10,2,40,1,1,0
40,1,21,5,3212,37,0,40,2,1,1
46,1,21,1,754,41,0,50,1,1,1
19,1,8,5,4255,47,2,7,1,1,0
53,1,18,1,5983,38,1,40,2,1,1
30,1,16,1,6275,38,1,40,1,1,0
51,1,21,3,259,40,0,40,1,1,1
45,1,19,1,255,34,1,40,1,1,1
66,1,18,1,5816,36,0,40,2,1,1
41,1,21,1,4826,5,1,40,1,1,1
50,1,19,1,312,10,1,50,1,1,1
24,1,8,5,4209,7,2,40,1,1,0
53,1,19,1,5697,35,1,40,1,1,1
23,1,19,5,4014,18,17,8,1,1,0
28,1,16,5,6246,4,0,40,2,1,0
56,1,16,1,5598,38,1,32,2,1,0
20,1,16,5,4238,50,2,13,1,1,0
19,1,21,5,2238,39,12,40,2,1,0
29,1,16,5,9256,310,0,40,1,1,0
42,1,18,1,4818,4,1,40,1,1,0
31,1,21,5,3126,11,0,40,2,1,1
57,1,16,1,5635,23,0,40,1,1,0
26,1,19,1,5819,48,1,40,2,1,0
28,1,16,5,5178,12,0,40,1,1,0
30,1,16,5,7707,18,2,40,1,1,0
29,1,19,1,5434,39,10,38,2,1,0
44,1,16,1,7917,1,0,50,1,1,1
37,1,21,1,409,216,0,40,1,1,1
59,1,16,1,4020,27,9,40,2,1,0
29,1,21,1,2230,13,1,40,2,1,0
20,1,16,5,4161,40,13,31,2,1,0
23,1,21,5,4918,39,13,40,1,1,0
60,1,16,3,4709,4,0,40,2,1,0
31,1,21,5,1266,38,0,40,1,1,1
47,1,16,1,5616,45,1,40,2,1,0
26,1,19,5,6177,9,17,40,1,1,0
56,1,16,1,5207,18,0,40,2,1,0
20,1,19,5,2439,24,2,12,2,1,0
57,1,19,1,5392,24,0,40,2,1,0
46,1,21,3,573,1,0,40,2,1,1
34,1,22,1,1545,37,1,40,1,1,1
47,1,18,1,316,5,1,40,1,1,1
62,1,16,1,3978,41,1,40,2,1,0
28,1,21,3,3494,11,0,40,2,1,0
49,1,19,1,5424,231,0,40,2,6,0
26,1,19,5,5131,38,13,40,2,1,0
50,3,22,1,2570,9,1,40,2,1,1
32,1,19,5,6188,20,13,40,1,1,0
43,1,21,1,1470,5,0,40,1,1,1
36,1,19,1,5237,223,1,40,1,6,1
28,1,18,5,6004,24,0,40,2,1,0
62,1,16,1,6270,22,1,40,1,1,0
60,1,19,1,54,34,0,40,1,1,1
45,1,16,1,6403,305,1,40,2,1,0
58,1,16,1,5994,15,0,40,1,1,1
65,1,18,3,5522,18,0,40,2,1,0
42,1,21,1,10,17,1,50,1,1,1
50,1,21,1,406,7,1,40,1,1,1
42,1,7,5,6190,6,0,40,1,1,0
35,1,21,1,4646,8,1,40,2,1,0
52,1,21,1,3298,29,1,40,2,1,0
25,1,16,5,5664,37,0,40,1,1,0
20,1,16,5,5633,6,13,40,1,1,0
29,1,19,5,5424,38,0,40,1,1,0
47,1,21,1,192,39,0,40,1,1,1
56,1,19,3,171,37,0,40,1,1,1
23,1,12,5,4050,243,2,40,1,6,0
26,1,19,5,3705,41,2,12,2,1,0
27,1,18,5,6396,14,13,40,1,1,0
50,1,11,1,4044,321,0,40,2,6,0
30,1,21,5,608,44,13,40,1,1,1
31,1,21,5,986,9,0,40,1,1,1
17,2,19,5,2182,30,16,13,2,1,0
51,1,16,1,4711,5,1,40,2,1,0
56,1,16,1,5163,12,0,40,1,1,0
30,1,19,1,5864,34,0,40,1,1,0
38,1,21,1,803,28,0,50,1,1,1
55,1,21,3,10,22,0,50,1,1,1
39,1,22,1,2932,38,0,40,1,1,1
61,1,16,3,5587,20,0,40,1,1,1
36,1,17,1,7456,33,0,40,1,1,0
56,1,16,3,6535,44,0,40,1,1,0
33,1,16,5,4947,12,2,40,2,1,0
59,1,16,1,4251,35,1,13,2,1,0
27,1,21,5,2360,42,0,40,2,1,0
20,1,16,5,4274,37,2,40,1,1,0
29,1,22,1,653,230,0,40,1,1,1
26,1,18,5,5289,5,0,40,1,1,0
45,1,16,3,6188,231,0,40,1,6,1
59,1,19,1,6004,44,0,36,2,1,0
20,1,9,5,4350,9,17,11,1,1,0
44,1,19,3,501,7,0,40,1,1,1
43,3,22,1,2270,12,0,40,2,1,1
26,1,19,5,4983,20,0,7,2,1,0
23,1,19,5,5400,17,0,40,1,1,0
17,1,19,5,4564,52,2,14,2,1,0
48,1,19,1,430,8,1,40,1,1,1
57,1,16,1,5223,40,1,40,2,1,1
22,1,16,5,3980,42,2,40,2,1,0
44,1,21,1,325,43,1,40,1,1,1
47,1,21,1,5576,39,1,40,2,1,0
51,1,16,1,7631,22,1,40,1,1,1
59,1,20,1,3587,23,1,40,2,1,1
22,1,16,1,4033,6,10,32,2,1,0
55,1,19,1,5525,18,0,40,2,1,0
35,1,21,3,935,37,0,40,1,1,1
44,1,21,1,302,37,0,50,1,1,1
45,1,18,3,6502,222,13,40,1,8,0
28,1,19,5,6079,9,0,40,2,1,0
48,1,19,1,5673,252,0,40,2,6,0
36,1,21,1,2223,39,1,40,2,1,0
28,1,19,5,5631,12,0,40,2,1,0
20,1,16,5,4778,230,15,40,1,6,0
44,1,21,1,317,13,1,50,1,1,1
43,1,19,1,6324,20,0,40,1,1,1
34,1,16,1,5121,5,1,11,2,1,0
23,1,19,1,5751,16,10,40,2,1,0
53,1,16,1,6254,24,0,40,1,1,1
17,1,14,5,4256,2,2,18,1,1,0
45,1,19,1,5475,7,0,40,2,1,0
31,1,21,1,3439,9,1,40,2,1,0
27,1,16,5,5705,6,13,36,2,1,0
52,1,16,1,5801,38,1,40,1,1,0
55,1,19,1,6448,39,0,40,1,1,1
38,1,20,1,2292,8,1,14,2,1,0
26,1,18,1,4300,7,10,13,2,1,0
31,1,19,1,5959,4,0,40,2,1,0
27,1,21,5,4892,10,0,40,2,1,0
33,1,21,5,774,5,0,40,1,1,0
26,1,16,5,7694,39,2,40,1,1,0
43,1,19,1,5176,36,0,40,1,1,0
30,1,19,1,5979,4,1,40,1,1,0
29,1,19,5,6031,9,0,40,1,1,0
27,1,8,5,6002,10,0,40,2,1,0
54,1,16,1,6336,17,0,40,1,1,0
33,1,22,5,1159,36,0,40,1,1,1
24,1,21,5,3000,19,0,31,2,1,0
28,1,19,3,5701,39,0,32,2,1,0
53,1,16,3,5959,39,0,40,1,1,1
43,1,21,1,5865,6,1,40,2,1,0
29,1,18,1,9287,38,0,40,1,1,0
46,1,22,1,2623,11,1,40,2,1,1
30,1,21,1,1961,313,1,8,2,1,0
21,1,9,5,4158,323,10,40,1,1,0
39,1,21,1,1019,12,0,40,1,1,1
24,1,21,5,1011,39,0,40,1,1,0
24,1,19,5,4752,10,17,40,1,1,0
50,1,21,1,259,25,0,40,2,1,1
50,1,16,3,10,39,0,50,1,1,1
46,1,22,1,509,6,0,40,1,1,1
38,1,21,1,2242,4,1,16,2,1,0
60,1,16,1,4083,50,1,40,2,1,0
39,1,16,1,9133,23,1,40,1,1,0
31,1,19,5,4495,37,0,40,1,1,0
53,1,21,1,3448,3,1,31,2,1,0
45,1,18,1,136,6,1,40,2,1,1
27,1,16,1,4032,311,10,40,2,1,0
33,1,21,1,333,18,0,40,1,1,1
50,1,19,3,5713,27,0,40,1,1,1
19,1,19,5,4576,10,2,13,2,6,0
23,1,16,1,4086,228,10,40,2,6,0
36,1,21,1,3143,21,1,40,2,1,0
40,1,21,1,4631,36,1,40,1,1,0
42,1,21,1,64,10,1,40,1,1,1
22,1,11,1,9437,315,10,40,1,1,0
20,1,16,5,4107,21,0,32,2,1,0
32,1,19,1,5532,36,0,40,1,1,0
20,1,19,5,4711,15,2,6,1,1,0
40,1,17,5,5839,37,13,40,1,1,0
44,1,19,1,5871,11,0,40,1,1,1
49,1,21,5,197,39,0,40,2,1,1
26,1,8,1,4025,4,10,40,1,1,0
23,1,19,5,5965,5,0,40,2,1,0
45,1,21,1,177,35,1,50,1,1,1
48,1,16,3,9105,1,0,40,1,1,1
46,1,19,1,10,230,1,50,1,6,1
55,1,18,1,5780,20,0,40,1,1,0
28,1,20,1,2350,23,0,9,2,1,0
29,2,21,5,2292,38,0,9,2,1,0
61,1,16,1,9085,43,0,40,1,1,1
49,1,18,5,5307,319,0,40,1,1,1
61,1,19,1,5773,40,0,40,2,1,0
58,1,19,3,3969,44,0,40,2,1,0
51,1,14,5,3315,329,0,37,2,1,0
18,1,19,5,2053,30,2,10,2,1,0
56,1,18,1,5011,38,1,40,2,1,0
54,1,20,3,375,39,0,40,1,1,1
29,1,19,5,4955,4,0,32,2,1,0
19,1,14,5,4136,22,16,6,1,1,0
20,1,21,5,2018,40,2,14,2,1,0
45,1,21,1,422,39,0,40,2,1,1
35,1,21,1,5064,6,0,40,2,1,0
49,1,22,3,3347,1,0,40,2,1,1
25,1,16,5,9328,35,2,40,1,1,0
25,1,21,5,1434,20,2,40,1,1,1
70,1,19,3,6381,37,0,40,2,1,1
63,1,16,1,5756,20,1,40,2,1,0
62,1,16,1,6381,26,1,40,2,1,0
51,1,11,5,4785,217,0,40,1,6,0
21,1,19,5,4901,37,17,10,2,1,0
56,1,16,5,6598,43,0,40,1,1,1
45,1,21,1,325,33,1,40,1,1,1
23,1,21,5,3957,39,0,40,2,1,0
51,1,18,1,7460,45,1,40,1,1,1
22,1,21,5,861,35,2,40,1,1,1
52,1,19,1,5370,1,0,40,1,1,1
53,1,21,1,351,26,1,40,1,1,1
59,1,21,1,3518,38,0,40,2,1,1
53,1,19,1,5847,38,1,40,2,1,1
60,1,16,1,4156,34,1,40,2,1,0
24,1,21,5,1171,202,0,40,2,6,1
27,1,19,3,4646,20,16,40,2,1,0
52,1,16,1,5442,8,0,40,1,1,1
19,1,16,5,4264,24,17,14,1,1,0
26,1,21,5,3352,24,12,40,2,1,0
49,1,16,3,416,19,0,40,1,1,1
44,1,19,1,7423,24,0,40,1,1,1
24,1,16,3,4147,34,10,40,2,1,0
21,1,16,5,4241,10,2,40,1,1,0
20,1,8,5,4663,3,16,11,2,1,0
29,1,19,5,5682,22,2,40,1,1,0
62,1,20,1,5100,14,9,40,2,1,0
43,1,19,1,7656,6,0,40,1,1,1
45,1,12,1,4292,297,0,15,2,1,0
23,1,16,5,4880,5,0,40,2,1,0
50,1,16,1,7663,15,1,40,1,1,0
39,1,21,1,2055,35,0,40,1,1,1
22,1,16,5,4062,16,16,40,2,1,0
44,2,21,1,2167,36,0,40,2,1,0
20,1,16,5,9684,41,2,40,1,1,0
49,1,21,1,220,224,1,40,1,6,1
63,1,16,1,5323,39,1,40,2,1,0
49,1,21,1,312,309,0,40,1,6,1
31,1,21,5,1862,5,2,15,2,1,0
40,1,10,5,7556,303,0,40,1,1,1
29,1,16,3,9618,29,10,40,1,1,0
39,1,21,1,1115,39,0,40,1,1,1
48,1,21,1,267,39,0,40,2,1,1
20,1,16,5,7424,51,2,40,1,1,0
42,1,21,1,5813,244,0,40,2,1,0
47,1,21,3,748,20,0,50,1,1,1
65,1,18,1,5386,39,0,40,2,1,0
21,1,16,5,4045,40,13,40,2,1,0
49,1,18,1,243,11,0,40,1,1,1
54,1,16,3,6556,8,0,40,1,1,1
42,1,21,1,925,19,1,49,1,1,1
47,1,18,3,5153,235,0,30,2,6,0
59,1,16,1,6258,29,0,40,1,1,1
33,1,19,1,5848,1,0,40,1,1,0
21,1,19,5,2752,34,16,12,2,1,0
24,1,19,5,5643,29,2,40,2,1,0
38,1,21,1,3110,10,0,40,2,1,0
56,1,20,3,292,43,0,40,1,1,1
45,1,19,1,6262,5,0,40,2,1,1
24,1,21,5,5311,41,13,40,2,1,0
29,1,16,1,4846,40,1,11,2,1,0
57,1,16,1,3764,17,9,40,2,1,0
62,1,16,3,4014,10,0,10,2,1,0
47,1,21,1,2413,36,1,40,2,1,0
26,1,16,1,4158,3,0,40,2,1,0
26,1,18,3,4133,17,0,40,2,1,0
27,1,19,3,6137,46,0,40,1,1,0
40,1,18,1,4700,25,0,40,2,1,0
23,1,19,5,4570,53,17,5,2,1,0
44,1,16,1,8195,17,0,50,1,1,1
43,1,19,1,5693,36,0,40,1,1,0
20,1,16,5,4620,5,13,40,1,1,0
60,1,17,1,4032,36,1,40,2,1,0
51,1,17,1,8956,36,0,40,1,1,0
54,1,16,1,5688,8,1,40,2,1,1
38,1,21,1,2341,17,0,40,2,1,0
52,1,16,1,5181,12,0,40,1,1,0
54,1,21,1,151,36,0,40,1,1,1
28,1,16,1,6095,5,0,40,1,1,0
38,1,21,1,307,39,1,50,1,1,1
44,1,21,5,3268,38,0,40,2,1,1
46,1,21,1,126,8,1,40,1,1,1
46,1,21,1,167,37,1,40,1,1,1
23,1,16,5,4772,22,16,7,1,1,0
26,1,21,5,2282,9,0,40,2,1,0
24,1,16,3,9278,39,0,40,1,1,0
32,1,21,5,900,21,0,40,1,1,1
60,1,16,1,4052,14,0,33,2,1,0
27,1,21,5,238,38,0,40,2,1,1
59,1,19,3,5544,37,0,40,1,1,1
62,1,21,1,3277,24,0,40,2,1,0
22,1,19,5,5351,21,2,40,1,1,0
36,1,21,1,2318,41,0,40,2,1,0
32,1,19,5,5083,39,0,40,1,1,1
28,1,16,1,5691,50,1,40,2,1,0
57,1,16,1,5807,18,1,40,2,1,0
27,1,21,5,799,38,0,40,1,1,1
39,1,18,1,6102,25,0,40,1,1,0
43,1,21,1,1161,41,0,40,1,1,1
27,1,16,1,3963,315,0,40,2,1,0
50,1,16,5,5949,37,0,40,1,1,1
27,1,21,3,1976,28,0,40,1,1,0
24,1,16,5,4096,35,2,40,1,1,0
32,1,7,5,4233,305,13,40,2,8,0
55,3,21,1,2388,5,9,40,2,1,0
18,1,18,5,4764,35,2,12,2,1,0
36,1,21,1,1309,23,1,40,1,1,1
51,1,16,1,5108,10,0,40,2,1,0
44,1,22,1,3363,36,0,40,2,1,1
45,1,19,3,1135,11,0,40,1,1,1
42,1,19,1,1286,36,0,40,1,1,1
35,1,16,5,7395,37,0,40,1,1,1
21,1,16,5,4231,4,12,40,2,1,0
45,1,20,1,5799,31,1,40,2,1,0
46,1,21,1,273,28,1,50,1,1,1
45,1,21,3,938,13,0,40,2,1,1
60,1,16,1,5925,36,0,40,1,1,0
51,1,21,5,973,15,0,40,1,1,1
25,1,16,5,5915,23,13,40,2,1,0
44,1,16,1,7570,7,1,40,1,1,1
52,1,16,1,5419,39,0,40,1,1,0
24,1,10,5,4033,312,13,40,2,1,0
29,1,16,5,5038,25,0,40,1,1,1
29,1,18,1,5397,22,1,40,1,1,0
49,1,16,3,5880,39,0,40,1,1,0
51,1,16,1,5642,38,1,40,2,1,0
45,1,19,3,5308,40,13,40,2,1,1
39,1,16,5,7649,40,0,40,1,1,0
56,1,19,1,5329,27,1,40,2,1,0
22,1,19,5,5066,3,12,40,2,1,0
55,1,19,3,4973,37,0,32,2,1,0
19,1,16,5,5771,41,17,40,2,1,0
31,1,19,1,4549,3,1,40,2,1,0
58,1,21,1,1286,34,0,40,1,1,1
17,1,10,5,4238,212,17,14,1,6,0
46,1,21,1,299,14,1,50,1,1,1
21,1,16,5,4041,32,2,40,2,1,0
20,1,19,5,4688,18,17,32,2,1,0
55,1,16,1,7419,29,1,50,1,1,1
29,1,19,1,5399,42,0,40,1,1,0
21,1,15,1,4247,312,9,40,1,8,0
45,1,16,5,4023,3,13,40,2,1,0
23,1,16,5,8740,47,2,40,1,1,0
24,1,19,5,4815,29,0,40,1,1,0
54,1,16,1,5494,40,1,40,1,1,1
34,1,21,1,832,22,0,40,1,1,1
30,1,21,5,681,38,0,40,1,1,1
46,1,21,1,331,35,1,50,1,1,1
54,1,19,1,5325,34,0,40,1,1,1
22,1,19,5,3697,53,2,8,2,1,0
48,1,16,3,5648,39,0,40,1,1,1
21,1,19,5,5415,18,13,40,2,1,0
29,1,21,1,6587,35,0,40,1,1,0
24,1,19,5,5759,39,2,40,1,1,0
26,1,21,3,2473,26,0,8,2,1,0
57,1,16,3,350,37,0,40,2,1,1
41,1,21,3,1159,29,0,40,1,1,1
28,1,18,5,5678,9,0,40,2,1,0
22,2,21,5,2315,8,2,12,2,1,0
36,3,21,1,2163,38,1,40,2,1,0
46,1,21,1,358,224,1,40,1,6,1
47,1,19,5,5445,42,0,40,2,1,0
48,1,19,3,6203,28,0,40,1,1,0
25,1,21,5,3180,32,17,27,2,1,0
30,1,19,3,6454,35,0,40,1,1,0
29,1,19,1,5175,21,1,40,2,1,0
39,1,10,1,6283,35,10,40,1,1,0
39,1,21,1,2415,29,1,40,1,1,1
24,1,16,5,5892,319,0,40,2,1,0
48,1,19,1,112,6,1,40,1,1,1
26,1,19,1,5051,2,0,6,2,1,0
21,2,22,5,1927,45,0,40,2,1,0
28,1,16,3,4117,6,0,40,2,1,0
24,1,19,5,5594,38,13,40,2,1,0
24,1,19,1,5740,8,16,40,1,1,0
24,1,16,1,3969,21,0,40,1,1,0
39,1,16,1,5836,39,1,40,1,1,0
25,3,21,1,2212,310,1,7,2,1,0
61,1,19,1,385,28,0,50,1,1,1
28,1,21,5,2068,214,2,13,2,6,0
23,1,21,1,6094,5,0,40,2,1,0
52,1,19,1,4767,209,1,40,2,6,0
42,1,22,1,1621,35,0,40,1,1,1
56,1,16,1,239,13,1,40,1,1,1
54,1,20,1,5241,23,1,40,2,1,1
44,1,21,1,143,31,0,50,1,1,1
53,1,19,3,420,22,0,40,1,1,1
49,1,17,1,7474,38,0,50,1,1,1
23,1,16,3,5012,18,0,40,1,1,0
48,1,21,1,177,20,0,40,1,1,1
27,1,16,3,4978,6,0,11,2,1,0
32,1,22,5,3340,38,13,40,2,1,1
22,1,18,5,4674,44,16,15,2,1,0
24,1,21,5,4666,1,12,40,1,1,0
49,1,20,1,5512,5,1,14,2,1,0
19,1,16,5,5945,20,13,40,1,1,0
50,1,16,1,3991,234,9,40,2,8,0
27,1,19,5,5749,37,13,40,2,1,0
58,1,16,1,6494,20,1,40,2,1,0
48,1,11,1,8751,318,1,40,2,6,0
51,1,20,1,4983,18,1,40,2,1,0
17,1,19,5,4550,34,17,15,2,1,0
41,1,22,1,10,37,0,40,2,1,1
50,2,21,1,2273,41,1,40,2,1,1
23,2,22,5,2182,40,0,10,2,1,0
43,1,22,1,436,2,0,50,1,1,1
56,1,20,1,3198,10,1,40,2,1,1
22,1,18,5,4137,15,2,40,1,1,0
21,1,8,5,9313,6,17,40,1,1,0
28,1,21,1,2294,30,0,8,2,1,0
20,1,19,5,2489,29,2,9,1,1,0
29,1,16,5,6866,36,0,40,1,1,0
29,1,16,1,2343,19,1,9,2,1,0
29,1,21,1,2448,20,1,40,2,1,0
27,1,11,1,9023,304,10,40,1,6,0
22,1,19,5,5957,37,13,40,1,1,0
57,1,19,1,6157,16,0,40,2,1,0
29,1,16,5,5061,8,0,40,2,1,0
43,1,19,1,6415,39,0,40,1,1,0
21,1,16,5,4056,38,2,14,2,1,0
31,1,21,1,3636,29,1,40,2,1,0
23,1,19,5,2306,23,2,10,2,1,0
48,1,18,1,7611,3,0,40,1,1,1
40,1,21,5,2559,10,0,40,2,1,0
29,1,21,1,2309,9,1,40,2,1,0
21,1,19,5,6082,25,13,40,1,1,0
60,1,19,1,5418,20,0,40,2,1,0
54,1,21,1,5306,23,0,40,2,1,0
44,1,19,1,329,3,1,40,1,1,1
28,1,21,5,1494,24,0,40,1,1,0
28,1,19,5,5119,32,0,40,2,1,0
39,1,21,5,1076,24,0,40,1,1,1
65,1,19,1,5625,21,0,40,2,1,0
33,1,21,1,943,23,1,40,1,1,1
30,1,16,1,5642,36,0,40,1,1,0
43,1,16,1,6200,326,0,40,1,1,0
46,1,16,1,5490,8,0,40,2,1,0
37,1,19,3,5492,31,0,40,1,1,0
29,1,16,3,9298,9,16,40,1,1,0
63,1,19,1,2370,14,1,12,2,1,0
58,1,19,1,5647,43,1,12,2,1,0
53,1,11,1,4210,8,0,40,2,1,0
29,1,17,3,9551,26,16,40,1,1,0
34,1,21,1,2294,26,1,40,2,1,0
45,1,19,1,213,39,1,50,1,1,1
20,1,19,5,2610,8,17,14,1,6,0
64,1,21,3,2554,24,0,40,2,1,0
31,1,21,5,2160,18,0,40,2,1,1
24,1,18,3,3990,20,16,40,2,1,0
44,3,21,1,2509,8,1,40,1,1,1
53,1,16,1,5867,34,0,40,1,1,1
36,1,22,1,2243,36,1,40,2,1,0
61,1,20,3,263,15,0,50,1,1,1
19,1,16,5,4612,35,2,13,2,1,0
50,1,16,1,6013,7,0,40,1,1,1
17,1,9,5,4163,39,2,40,1,1,0
37,1,22,3,3008,4,0,40,1,1,1
35,1,21,5,1013,7,0,40,1,1,1
47,1,16,1,6735,42,1,40,1,1,1
28,1,16,3,4230,3,0,40,1,1,0
19,1,19,5,2604,37,17,14,2,1,0
30,1,21,5,5605,33,0,40,2,1,0
38,1,21,1,1039,12,0,40,1,1,1
45,1,22,1,991,189,1,40,1,6,1
25,1,16,5,9709,35,2,40,1,1,0
44,1,21,1,3620,38,0,40,2,1,1
58,2,21,1,1829,37,1,9,2,1,0
21,1,14,5,4232,39,2,14,2,1,0
37,2,21,3,2218,31,0,40,2,1,1
47,1,21,1,104,318,1,40,2,6,1
50,1,16,1,7780,10,0,40,1,1,1
51,1,21,5,339,26,0,40,1,1,1
44,1,17,1,447,10,1,40,1,1,1
41,1,21,1,43,19,1,40,1,1,1
44,1,19,3,8106,8,0,40,1,1,1
27,1,21,3,6161,47,0,33,2,1,0
29,1,21,3,2518,4,0,40,2,1,0
62,1,16,1,4752,17,0,40,2,1,0
26,1,19,5,5421,35,13,40,1,1,0
29,1,16,5,6233,45,0,40,1,1,0
27,1,16,3,5434,21,0,40,2,1,0
29,1,21,1,2234,18,1,40,2,1,0
32,1,22,1,812,9,0,40,1,1,1
24,1,19,5,4871,34,2,40,2,1,0
43,1,19,1,257,33,0,40,1,1,1
55,1,19,1,10,38,0,40,1,1,1
49,1,21,3,292,37,0,40,1,1,1
32,1,21,5,725,27,0,40,1,1,1
42,1,16,1,4683,1,1,40,2,1,0
43,1,21,5,225,15,0,40,2,1,1
49,1,19,1,7609,35,0,40,1,1,1
56,1,16,1,5695,14,0,40,2,1,0
50,1,18,3,6053,40,0,40,1,1,1
45,3,22,1,2663,37,1,40,2,1,1
30,1,19,5,7603,323,0,40,1,1,1
19,1,16,5,4256,42,2,8,2,1,0
29,1,19,5,5753,6,13,40,2,1,0
29,1,19,5,6141,7,13,40,1,1,0
32,1,21,1,3315,35,1,40,2,1,0
41,1,21,3,662,21,0,40,1,1,1
27,1,19,1,5015,39,0,40,2,1,0
38,1,19,1,5390,20,0,40,1,1,0
24,1,19,5,5738,33,0,40,2,1,0
49,1,16,1,5779,2,1,40,2,1,0
40,1,21,1,2237,18,0,40,2,1,0
17,1,19,5,4647,25,2,12,2,1,0
19,1,18,5,4210,9,17,13,2,1,0
41,1,21,1,438,3,1,40,1,1,1
53,1,16,1,5830,34,1,40,1,1,0
24,1,19,5,5553,16,2,33,2,1,0
28,1,20,1,5562,5,1,40,2,1,0
58,1,16,1,5943,14,1,40,2,1,0
27,1,19,1,3297,6,9,31,2,1,0
27,1,21,5,2518,9,0,14,2,1,0
22,1,18,5,4234,41,2,40,1,1,0
44,1,21,1,690,28,0,40,1,1,1
24,1,21,5,2129,43,0,40,2,1,0
24,1,19,5,5409,39,2,30,2,1,0
25,1,21,5,37,34,0,40,1,1,1
20,1,19,5,4599,8,17,12,2,1,0
59,1,21,1,3427,25,1,40,2,1,0
52,1,16,1,5271,36,1,40,2,1,0
57,1,19,1,5409,33,1,40,2,1,0
52,1,16,5,4480,28,0,40,1,1,1
55,1,16,1,5294,26,0,40,2,1,0
38,1,21,5,423,19,13,40,1,1,1
41,1,17,5,7671,35,0,40,1,1,1
22,1,19,5,5887,38,0,40,2,1,0
48,1,22,5,234,3,13,40,1,6,1
24,1,19,5,2080,23,12,12,2,1,0
53,1,16,1,7565,16,0,40,1,1,1
43,1,19,1,6081,8,0,40,1,1,1
47,1,21,1,150,32,1,40,1,1,1
48,1,20,3,459,21,0,40,1,1,1
24,1,16,5,5749,42,0,40,1,1,0
34,1,19,3,5349,38,0,40,2,1,0
52,1,18,1,6453,8,0,40,1,1,1
31,1,19,3,6110,19,10,40,2,1,0
25,1,16,3,4165,31,0,12,2,1,0
39,1,21,1,305,9,0,50,1,1,1
28,1,16,1,3956,17,0,40,2,1,0
31,1,12,3,4214,311,16,40,1,1,0
26,1,19,1,5998,36,1,40,2,1,0
45,1,21,1,10,33,1,40,1,1,1
57,1,16,1,4056,39,1,40,2,1,0
29,2,21,5,1929,16,0,40,2,1,1
49,1,18,1,5522,6,0,40,1,1,1
51,1,19,1,5176,9,1,40,1,1,1
18,1,19,5,4727,20,17,10,1,1,0
22,1,19,5,5823,36,2,40,1,1,0
40,1,21,1,424,38,0,40,1,1,1
37,1,21,1,2331,3,1,40,2,1,0
41,1,21,1,3401,230,1,40,2,6,1
45,1,19,1,6131,21,1,40,1,1,1
59,1,16,3,6024,6,0,40,1,1,0
30,1,21,5,3144,44,0,3,2,1,0
20,1,19,5,5184,17,2,33,1,1,0
51,1,20,3,301,41,0,50,1,1,1
52,1,19,1,5855,39,0,40,1,1,1
41,1,21,1,3268,41,1,40,2,1,0
44,1,21,1,2442,19,0,40,2,1,0
30,3,22,1,2590,1,0,11,2,1,0
29,1,12,3,3933,43,10,40,1,1,0
30,1,16,3,8821,24,0,40,1,1,0
30,1,16,1,6574,25,0,40,1,1,0
51,1,21,1,3424,9,1,40,2,1,0
28,1,21,5,5197,25,0,40,2,1,0
40,1,22,1,1348,212,0,40,1,6,1
52,1,16,3,32,6,0,40,1,1,1
40,1,21,1,1021,36,0,40,2,1,1
58,1,16,1,3876,31,0,17,2,1,0
59,1,18,3,4218,18,0,13,2,1,0
21,1,16,5,4288,6,2,40,1,1,0
42,1,19,1,5663,34,0,40,1,1,1
29,1,19,1,5992,9,0,40,2,1,0
33,1,20,1,5595,21,1,40,2,1,0
24,1,21,5,2132,13,2,10,2,1,0
55,1,16,1,3559,23,1,12,2,1,0
51,1,20,1,5597,26,1,40,1,1,1
27,1,21,5,3868,7,2,40,2,1,0
57,1,18,5,5641,24,0,40,2,1,0
46,1,21,1,301,36,1,50,1,1,1
50,1,16,1,4153,311,9,40,2,8,0
26,2,21,5,2051,2,0,40,2,6,1
64,1,21,1,3405,42,0,40,2,1,1
49,1,21,1,10,19,0,40,1,1,1
22,1,14,5,3990,1,17,11,2,6,0
41,3,21,1,2345,228,0,10,2,6,0
27,1,19,3,5911,38,0,36,2,1,0
18,1,14,5,4598,20,17,9,2,1,0
24,1,21,5,2416,33,2,15,2,1,0
32,3,22,1,2410,36,0,40,2,1,0
66,1,16,5,4944,29,0,40,2,1,1
61,1,16,1,4937,36,1,12,2,1,0
43,1,19,1,6192,303,1,40,1,6,0
31,1,19,1,2497,23,1,13,2,1,0
23,1,16,5,3979,307,13,40,2,1,0
20,1,16,5,4052,16,2,40,1,1,0
21,2,21,5,2027,37,2,10,2,1,0
45,1,21,3,354,2,0,40,1,1,1
63,1,19,1,4025,8,0,40,2,1,0
17,1,16,5,4043,41,2,40,1,1,0
40,1,16,1,5873,4,1,40,1,1,0
51,1,16,1,5379,15,1,40,2,1,1
22,1,16,5,4150,12,2,8,1,1,0
53,1,22,1,306,31,0,40,1,1,1
26,1,19,5,3871,25,2,5,2,1,0
50,1,21,3,356,37,0,40,1,1,1
41,1,19,1,6683,3,0,40,1,1,1
56,1,20,1,2299,38,1,10,2,1,0
28,1,6,5,5728,19,0,40,1,1,0
17,1,8,5,4208,22,16,2,1,1,0
18,1,14,5,4118,7,2,11,2,1,0
45,1,19,1,5697,35,0,40,2,1,0
44,1,21,1,328,9,0,40,1,1,1
48,1,21,1,835,40,0,40,1,1,1
54,1,21,1,3640,12,1,40,2,1,1
59,1,19,1,5420,36,0,37,2,1,0
39,1,19,1,6210,20,0,40,1,1,0
35,1,21,3,137,38,0,40,1,1,1
63,1,21,3,478,39,0,40,2,1,1
29,1,16,5,5824,25,13,40,1,1,0
43,1,21,1,1112,4,0,40,1,1,1
39,1,21,1,2409,38,1,40,2,1,0
28,1,16,5,6519,33,2,40,1,1,0
28,1,21,5,834,227,0,40,2,6,0
55,1,16,1,443,39,0,50,1,1,1
29,3,21,1,2352,26,1,12,2,1,0
59,1,16,1,5797,39,1,40,2,1,0
20,1,21,5,2660,4,2,40,2,1,0
17,1,19,5,4638,5,17,5,1,6,0
19,1,16,5,4190,47,16,11,1,1,0
52,1,21,5,3106,35,0,40,1,1,1
43,1,21,1,450,33,1,50,1,1,1
45,1,22,1,752,39,1,40,1,1,1
55,1,18,1,4611,26,0,40,2,1,0
57,1,20,1,3482,37,1,32,2,1,0
23,1,19,5,4715,25,13,40,2,1,0
41,1,21,1,1492,205,0,60,1,1,1
65,1,19,1,5066,38,1,40,2,1,0
44,1,20,3,1189,29,13,40,1,1,1
66,1,21,3,497,12,0,40,2,1,1
52,1,19,3,261,34,0,40,1,1,1
53,1,16,1,6016,22,0,40,2,1,0
23,1,19,5,4168,215,12,40,1,6,0
42,1,21,1,1370,34,0,40,1,1,0
20,1,19,1,3307,22,10,35,2,1,0
36,1,21,1,2385,35,1,40,2,1,0
47,1,21,1,848,18,0,40,1,1,1
59,1,18,1,10,40,0,40,1,1,1
57,1,16,1,5375,14,0,40,2,1,0
22,1,21,5,2721,37,2,40,2,1,0
22,1,16,5,4137,12,2,40,1,1,0
53,1,19,1,5941,45,0,40,2,1,0
50,1,21,5,300,17,0,40,1,1,1
64,3,21,3,2308,37,0,40,2,1,0
27,1,19,5,5001,22,13,40,1,1,0
20,1,16,5,4649,34,2,6,2,1,0
58,1,16,1,6428,17,1,40,1,1,0
42,1,21,1,2273,38,0,40,2,1,0
27,1,16,1,6286,52,0,40,1,1,0
36,1,19,1,4657,3,0,40,1,1,0
48,1,21,3,1109,220,0,40,1,6,1
29,1,19,5,6638,5,13,40,2,1,0
21,1,19,5,5734,46,2,40,2,1,0
27,1,16,1,4105,29,0,40,2,1,0
55,1,20,3,3283,8,0,40,2,1,1
33,3,22,3,2276,24,0,40,2,1,0
35,1,19,1,5372,38,1,40,1,1,0
32,1,16,1,6000,36,1,40,2,1,0
27,1,21,3,5523,26,0,40,2,1,0
66,1,20,1,2355,291,1,14,2,1,0
21,1,16,5,4133,27,0,40,2,1,0
44,1,20,1,3340,4,1,40,2,1,1
47,7,21,1,3110,20,0,50,1,1,1
38,1,19,1,4850,37,0,40,1,1,1
19,1,16,5,3997,6,12,40,1,1,0
57,1,16,1,3778,18,1,12,2,1,0
17,1,19,5,4841,17,2,4,1,1,0
39,1,21,5,1124,224,0,40,2,6,1
57,1,16,1,4160,35,1,40,2,1,0
36,3,21,1,2477,37,1,11,2,1,0
29,1,16,3,6641,45,10,40,1,1,0
30,1,16,1,6221,20,1,40,1,1,0
57,1,16,3,7692,33,0,40,1,1,1
44,1,19,1,5369,6,1,40,1,1,1
22,1,12,3,4040,307,10,40,1,1,0
63,1,21,1,3065,22,0,40,2,1,0
36,1,21,3,617,7,0,40,1,1,1
40,3,22,1,2480,9,0,40,2,1,1
25,2,22,3,2105,22,0,40,2,1,0
26,2,21,5,2244,38,13,34,2,1,0
36,1,21,5,570,9,0,40,1,1,1
53,1,21,1,518,27,0,50,1,1,1
36,1,21,5,1725,11,0,40,1,1,1
60,1,19,1,4545,42,1,14,2,1,0
57,1,16,1,4167,37,1,40,2,1,0
53,1,19,1,205,37,0,40,1,1,1
51,1,16,1,4986,8,1,40,2,1,0
42,1,21,1,1639,22,1,40,1,1,1
20,1,16,5,8973,45,13,40,1,1,0
21,1,16,5,4179,23,2,40,2,1,0
21,1,21,5,2395,29,17,9,2,1,0
27,1,19,5,5303,21,2,40,2,1,0
51,1,19,1,6096,4,0,40,1,1,0
38,1,21,1,625,28,1,40,1,1,1
23,1,16,5,6151,45,0,40,2,1,0
56,1,16,1,4947,34,1,40,2,1,0
25,1,19,1,5060,46,1,11,2,1,0
56,1,17,3,3976,21,0,40,2,1,0
22,1,16,5,4270,41,2,40,1,1,0
35,3,22,5,2244,39,0,40,2,1,1
53,1,16,1,4207,23,0,40,2,1,0
48,1,21,1,380,41,1,40,2,1,1
34,1,21,5,963,40,0,40,1,1,1
37,1,19,3,3879,24,0,40,2,1,0
21,1,14,5,4146,8,17,8,1,1,0
54,1,16,3,7783,4,0,40,1,1,1
70,1,22,1,3058,36,0,40,2,1,1
24,1,19,1,3587,38,0,14,2,1,0
42,1,16,1,8660,37,0,50,1,1,1
42,1,16,1,4101,231,1,31,2,6,0
60,1,16,1,5245,32,0,40,2,1,0
26,1,19,5,4190,35,12,40,2,1,0
42,1,21,1,4948,36,1,40,2,1,0
21,1,19,5,4270,50,12,40,2,1,0
60,1,18,1,5902,40,0,40,2,1,0
45,1,21,1,3289,34,1,40,2,1,1
25,1,14,5,4105,40,16,40,2,1,0
57,1,16,1,6658,19,1,40,2,1,0
29,1,21,1,1307,26,0,40,1,1,0
57,1,19,3,3475,7,0,27,2,1,0
47,1,21,3,1045,30,0,40,1,1,1
40,1,19,1,86,7,1,40,1,1,1
35,1,20,1,5158,20,0,40,2,1,0
37,1,20,5,1613,22,0,40,1,1,1
30,1,19,5,6331,38,13,40,1,1,0
23,1,21,5,3885,37,2,40,1,1,0
23,1,17,5,4164,40,17,40,1,1,0
66,1,21,1,138,36,0,40,1,1,1
30,1,16,5,9137,11,13,40,1,1,0
21,1,21,5,4747,36,17,40,1,1,0
24,1,16,5,4168,7,2,40,1,1,0
27,1,21,3,2485,40,12,16,2,1,0
42,3,22,1,2320,8,0,13,2,1,0
47,1,21,1,3088,36,1,40,2,1,1
18,1,16,5,9166,23,2,40,1,1,0
63,1,16,1,5617,20,0,40,1,1,1
70,1,22,1,2902,39,0,40,2,1,1
60,1,21,1,175,23,1,40,2,1,1
34,1,16,3,7795,22,0,40,1,1,0
58,1,18,1,3963,26,0,40,2,1,0
55,1,16,1,4190,15,1,34,2,1,0
61,1,19,3,5821,213,0,40,2,1,0
27,1,16,1,5918,9,0,40,2,1,0
44,1,21,3,119,8,0,40,1,1,1
47,1,22,1,381,5,0,50,1,1,1
23,1,16,5,9374,25,2,40,1,1,0
66,2,21,1,2152,20,1,10,2,1,0
20,1,19,5,2128,22,2,12,2,1,0
46,1,16,1,4187,236,0,40,2,6,0
24,1,19,3,6078,33,0,40,1,1,0
20,1,19,5,4630,46,17,17,1,1,0
21,1,19,5,4139,29,2,7,2,1,0
54,1,16,1,9092,24,0,40,1,1,0
58,1,16,1,6238,37,1,40,2,1,0
47,1,16,5,5811,29,0,40,1,1,0
42,3,22,1,2514,4,1,40,2,1,1
50,1,21,1,554,19,0,50,1,1,1
20,1,8,5,9723,22,16,40,1,1,0
28,1,21,1,4939,37,0,40,1,1,0
25,1,16,5,6189,32,2,40,1,1,0
23,1,19,5,4704,10,16,7,1,6,0
29,1,20,1,2326,11,1,11,2,1,0
60,1,21,1,172,44,1,40,1,1,1
35,1,19,5,6294,33,13,40,1,1,1
51,1,16,1,127,5,0,40,1,1,1
24,1,16,5,4188,29,2,40,1,1,0
52,1,16,1,9222,30,0,40,1,1,0
57,1,16,1,6388,21,0,40,1,1,0
58,1,17,1,9276,37,1,40,1,1,0
39,1,21,1,4507,4,1,40,1,1,1
64,1,19,3,5364,20,0,40,2,1,0
39,2,21,1,2152,29,0,40,2,1,0
26,1,18,5,6125,27,0,40,1,1,0
31,1,20,1,2348,38,1,9,2,1,0
24,1,13,5,6294,35,0,40,1,1,0
32,1,21,5,983,37,0,40,1,1,1
28,1,19,5,7103,40,2,40,1,1,0
29,1,17,5,6254,38,13,40,2,1,0
51,1,16,1,7617,6,1,50,1,1,1
54,1,18,1,8953,27,1,40,1,1,1
32,3,21,3,2440,29,0,40,2,1,0
42,1,19,1,164,7,0,40,1,1,1
46,1,22,1,354,6,1,40,1,1,1
59,1,17,3,4179,16,0,40,2,1,0
29,1,16,1,4121,20,1,40,1,1,0
44,2,22,1,2307,34,1,40,2,1,1
21,1,21,5,2043,3,2,40,2,6,0
26,1,21,5,6380,40,0,40,2,1,0
50,1,22,1,191,7,0,40,1,1,1
57,1,16,1,5823,35,0,40,2,1,0
24,1,19,5,4686,28,2,40,2,1,0
27,3,22,5,2316,39,13,40,2,1,1
37,1,21,1,382,39,0,50,1,1,1
56,1,16,1,7509,39,0,40,1,1,1
28,1,21,5,1361,4,0,40,1,1,1
20,1,14,5,3917,31,17,40,1,1,0
26,1,18,5,5270,42,0,40,2,1,0
50,1,17,3,7212,5,0,50,1,1,1
45,1,21,5,249,21,0,40,2,1,1
39,1,19,3,4965,36,0,40,1,1,0
59,1,20,1,3968,34,1,40,2,1,1
19,1,18,5,4539,4,2,11,2,1,0
47,1,22,1,287,9,0,50,1,1,1
32,1,17,5,5967,35,0,40,2,1,0
56,1,7,3,7580,20,0,40,1,1,1
27,1,16,5,3704,19,0,36,2,1,0
38,1,16,5,7099,35,13,40,1,1,1
52,1,22,1,410,235,0,40,1,6,1
42,1,19,1,5847,38,0,40,1,1,1
46,1,21,1,280,4,1,40,1,1,1
18,1,14,5,4202,22,2,11,1,1,0
48,1,18,5,3485,226,13,40,2,6,0
62,1,18,1,4001,41,0,9,2,1,0
54,1,21,1,169,44,0,50,1,1,1
50,1,20,1,3296,36,1,40,2,1,0
34,1,21,1,1961,24,1,40,2,1,0
28,1,16,1,4291,43,0,40,1,1,0
27,2,22,5,2183,19,13,40,2,1,0
29,1,19,5,5592,25,13,40,1,1,0
50,1,16,1,6640,21,1,40,1,1,0
47,1,21,1,493,38,1,50,1,1,1
22,1,16,5,5594,6,13,40,2,1,0
45,1,21,1,1333,36,0,40,1,1,1
45,1,22,3,243,222,0,40,1,1,1
32,1,16,1,4854,24,1,40,2,1,0
38,3,22,5,2321,36,0,40,2,1,1
24,1,16,3,6199,37,0,40,1,1,0
54,1,16,3,6308,39,0,40,1,1,1
28,1,16,3,6817,22,10,40,1,1,0
55,1,16,1,8953,44,1,40,2,1,0
41,1,21,5,1076,42,0,40,1,1,1
42,1,21,3,335,32,0,40,1,1,1
58,1,20,1,3614,43,0,40,2,1,0
43,1,19,1,7607,2,1,40,1,1,1
52,1,16,3,5900,21,0,40,1,1,1
44,1,19,1,5910,1,0,40,2,8,0
24,1,16,3,6041,41,0,40,1,1,0
56,1,16,5,6375,8,0,40,1,1,1
46,1,20,1,2352,7,1,9,2,1,0
21,1,14,5,9374,23,17,8,1,1,0
41,3,22,1,2286,11,1,17,2,1,0
43,1,16,1,6174,304,0,40,1,1,1
24,1,19,5,5272,19,0,40,2,1,0
36,1,16,3,7953,33,0,40,1,1,1
56,1,20,1,3347,40,1,32,2,1,0
56,1,19,1,6286,22,0,40,2,1,0
27,1,16,1,4044,1,0,40,2,1,0
34,1,21,5,902,31,0,40,1,1,1
58,1,19,1,6129,27,0,40,2,1,0
20,1,19,5,4646,14,16,7,1,1,0
49,1,22,1,1365,4,1,50,1,1,1
47,1,21,1,4933,227,1,40,1,1,0
37,1,21,1,2667,35,0,40,2,1,0
54,1,16,1,3615,22,1,35,2,1,0
48,1,21,1,73,37,1,40,1,1,1
19,1,19,5,2474,36,17,8,2,1,0
55,1,19,1,6067,41,0,40,2,1,0
46,1,16,1,5286,206,1,40,2,6,0
19,1,19,5,4759,47,16,13,1,1,0
56,1,16,1,6064,33,0,40,2,1,0
26,1,19,5,5504,246,0,40,1,6,0
22,1,14,5,4211,46,16,11,1,1,0
19,1,19,5,4718,23,2,6,2,1,0
31,2,21,5,3096,37,0,31,2,1,0
31,1,21,5,1263,41,13,40,1,1,1
30,1,21,5,2619,16,0,40,2,1,1
20,1,19,3,4070,11,2,40,2,1,0
61,1,20,1,3456,30,1,40,2,1,1
47,1,22,1,229,35,0,50,1,1,1
20,1,16,5,4603,52,2,5,2,1,0
23,1,16,1,5844,43,0,9,2,1,0
54,1,16,3,8886,34,0,40,1,1,1
22,2,19,5,2430,26,2,7,2,1,0
30,1,21,5,647,20,13,40,1,1,1
49,1,16,5,9330,315,0,40,1,1,1
42,1,21,1,15,37,1,40,1,1,1
41,1,21,1,1021,10,1,40,1,1,1
27,3,21,5,2476,10,2,40,1,1,0
40,1,16,5,6594,38,0,40,1,1,1
56,1,20,3,336,28,0,40,2,1,1
31,1,21,5,2215,16,13,40,2,1,0
42,1,21,1,2475,22,1,40,2,1,0
29,1,21,5,4735,9,0,40,1,1,0
19,1,12,5,4682,29,17,6,1,1,0
58,1,18,1,3851,6,1,40,2,1,1
52,1,21,1,5787,40,1,40,1,1,1
52,1,19,1,4551,21,1,40,2,1,0
43,1,12,5,4162,314,0,40,2,6,0
45,1,21,1,375,316,1,40,1,6,1
24,1,20,1,2475,23,0,32,2,1,0
45,1,21,1,839,217,0,40,1,6,1
26,1,16,1,4086,230,10,40,2,8,0
50,1,16,5,5838,4,0,40,1,1,0
55,2,22,1,2994,18,1,40,2,1,1
44,1,22,1,490,231,1,40,2,6,1
28,1,19,5,3747,8,12,40,2,1,0
51,1,21,1,5594,3,1,40,2,1,1
23,1,8,5,4263,6,2,40,1,1,0
49,1,21,1,989,43,0,40,1,1,1
43,1,21,1,6267,7,0,40,1,1,0
26,1,19,1,5294,15,0,33,2,1,0
30,1,16,1,5709,18,0,40,2,1,0
24,1,16,5,4218,9,2,40,1,1,0
61,1,21,1,3240,34,1,40,2,1,0
45,1,21,5,1236,11,0,40,2,1,1
36,1,21,1,1372,4,1,40,1,1,1
32,1,21,1,3274,38,1,40,1,1,1
23,1,19,5,4903,2,13,40,2,1,0
46,1,21,3,554,8,0,40,1,1,1
20,1,16,5,4166,28,16,11,2,1,0
37,1,21,1,758,25,1,40,1,1,1
49,1,16,1,5038,2,0,40,2,1,0
53,1,21,5,2419,40,0,40,1,1,1
55,1,19,1,6380,25,1,40,1,1,1
56,1,16,1,5813,16,1,40,2,1,0
44,1,21,1,3122,36,1,40,2,1,1
19,1,19,5,4704,9,12,40,1,1,0
44,1,16,1,6420,8,0,40,1,1,0
58,1,16,1,5489,26,1,40,2,1,0
40,1,21,1,3249,35,1,40,2,1,0
51,1,21,1,259,42,1,40,1,1,1
25,1,18,5,4750,11,2,14,2,1,0
40,1,19,1,6011,20,0,40,2,1,0
55,1,16,1,5536,18,0,40,2,1,0
23,1,16,5,5609,23,0,40,2,1,0
52,1,16,3,7960,42,0,50,1,1,1
40,1,21,1,3046,9,0,40,2,1,0
42,1,22,3,491,42,0,40,1,1,1
27,1,21,5,3654,37,13,40,2,1,0
20,1,16,5,4026,49,17,10,1,1,0
27,1,14,5,4149,24,2,40,1,1,0
39,1,19,1,5229,40,1,40,2,1,0
43,1,20,3,811,317,13,40,1,1,1
31,1,21,5,5511,40,0,40,1,1,0
42,1,21,1,2356,23,1,40,1,1,0
44,1,21,1,1346,18,0,50,1,1,1
36,1,21,3,1244,42,0,40,1,1,1
23,1,8,5,4048,39,2,40,1,1,0
57,1,20,1,371,40,1,40,2,1,1
39,1,22,1,1405,202,0,40,1,6,1
57,1,16,1,5802,44,1,40,2,1,1
18,1,18,5,4595,52,17,10,1,1,0
51,1,22,3,166,39,0,40,1,1,1
45,1,22,1,398,13,1,50,1,1,1
46,1,19,1,1364,34,0,50,1,1,1
20,1,16,5,4083,7,5,14,2,1,0
56,1,16,1,5975,37,0,40,2,1,0
56,1,16,1,10,11,1,40,1,1,1
24,1,16,5,9018,5,2,40,1,1,0
33,1,21,1,1235,1,0,40,1,1,1
51,1,21,5,321,32,0,40,2,1,1
63,1,17,3,9027,32,0,40,1,1,0
25,1,16,1,5060,26,0,9,2,1,0
23,1,19,5,5622,20,2,40,2,1,0
42,2,21,1,2107,24,1,40,2,1,1
25,1,19,3,4748,18,0,9,2,1,0
26,1,5,5,6335,22,15,29,1,1,0
29,1,19,5,4894,35,13,40,1,1,0
25,1,16,5,4355,7,2,40,1,1,0
40,1,19,1,5974,24,1,40,1,1,0
20,1,19,5,4548,9,16,6,2,1,0
49,1,19,1,10,21,0,50,1,1,1
64,3,22,1,2399,11,0,40,2,1,1
55,1,18,5,5526,16,0,40,1,1,1
58,1,20,3,407,13,13,40,1,1,1
62,1,16,1,4083,44,1,40,2,1,0
35,1,16,3,5590,12,0,40,1,1,0
37,1,10,3,8082,300,13,40,1,1,1
20,1,9,5,4448,7,2,8,1,1,0
59,1,16,1,3602,23,0,33,2,1,0
24,1,14,5,4290,24,16,40,1,1,0
41,1,21,1,3217,14,0,40,2,1,1
21,1,21,5,5139,39,0,30,2,1,0
43,1,16,1,5701,317,1,40,2,1,0
19,1,16,5,4665,49,17,9,1,1,0
23,1,18,5,5182,39,2,5,2,1,0
42,1,21,3,525,240,0,40,1,1,1
43,1,22,1,607,16,0,40,1,1,1
42,1,18,1,5530,30,1,40,1,1,1
51,1,16,3,6343,6,0,40,1,1,1
45,1,21,1,145,41,0,50,1,1,1
32,1,1,5,9409,287,0,40,1,1,1
45,1,18,5,7785,315,0,40,1,1,1
27,1,21,5,1431,5,0,40,1,1,0
52,1,19,1,5342,34,1,40,2,1,0
29,1,17,5,6863,41,13,40,1,1,0
48,1,22,1,1148,8,0,50,1,1,1
54,1,19,3,599,27,0,40,1,1,1
64,1,19,1,5584,18,0,40,2,1,0
25,1,8,1,4101,319,0,40,1,1,0
50,1,21,3,437,27,0,50,1,1,1
43,1,22,1,523,43,1,40,1,1,1
29,1,21,5,5280,9,12,40,2,1,0
21,1,19,5,4850,35,2,40,2,1,0
44,1,21,5,158,42,0,40,2,1,1
38,1,21,3,518,3,0,40,1,1,1
37,1,22,1,2270,225,1,40,2,6,1
24,1,19,5,4174,34,0,35,2,1,0
50,1,21,1,98,42,0,40,2,1,1
37,1,19,1,5213,16,0,40,2,1,0
24,1,14,5,9830,23,2,40,1,1,0
47,1,19,3,6248,7,0,40,2,1,0
26,1,22,5,1944,9,2,11,2,6,0
21,1,19,5,4612,40,2,12,2,1,0
19,1,19,5,4555,8,17,11,1,1,0
34,1,16,1,8253,13,1,40,1,1,0
68,1,21,3,5376,8,0,36,2,1,0
28,1,19,5,5986,22,12,40,1,1,0
50,1,16,1,5769,11,0,40,1,1,0
27,1,16,5,5091,37,0,40,2,1,0
21,1,19,5,4248,233,2,10,2,6,0
51,1,21,5,201,28,0,40,2,1,1
44,1,16,1,3966,304,0,40,2,1,0
49,1,17,1,6760,37,1,40,1,1,1
35,1,21,1,1485,38,0,40,1,1,1
19,1,19,5,4731,8,2,11,2,1,0
80,1,19,1,2599,37,1,9,2,1,0
23,1,19,5,2551,50,17,7,2,1,0
37,1,21,3,118,40,0,50,1,1,1
41,1,21,1,686,18,0,50,1,1,1
32,1,21,1,891,38,0,40,1,1,1
27,1,21,5,811,33,13,40,1,1,0
27,1,17,5,4208,9,16,40,1,1,0
25,1,19,5,4998,2,2,9,2,1,0
20,1,16,5,5278,14,13,40,1,1,0
38,1,21,1,3298,20,0,40,2,1,1
40,3,21,1,2308,23,1,40,2,1,1
60,1,19,1,3640,12,0,40,2,1,0
53,1,19,1,6104,42,1,40,1,1,0
64,1,16,1,4052,20,1,12,2,1,0
43,1,16,5,4939,209,0,40,2,8,0
27,1,19,3,6220,19,0,40,2,1,0
29,1,16,1,5690,304,1,40,1,1,0
21,1,19,5,4769,9,17,13,2,1,0
53,1,16,3,260,36,0,50,1,1,1
49,1,8,1,7120,314,1,40,1,1,0
28,1,21,5,1078,10,0,40,1,1,0
28,1,16,3,9621,39,0,40,1,1,0
30,1,21,5,974,5,0,40,1,1,1
30,1,21,3,4895,31,0,40,2,1,0
56,1,18,3,6330,9,0,40,2,1,0
32,1,21,1,3298,34,0,40,2,1,0
28,1,21,5,5225,306,0,40,1,6,0
36,1,20,1,5739,11,1,40,2,1,0
36,1,19,1,6726,6,1,40,2,1,0
49,1,16,1,8860,39,0,40,1,1,1
54,1,19,5,5616,42,0,40,1,1,1
30,1,19,5,5311,7,12,40,2,1,0
38,1,19,1,6394,21,0,40,1,1,0
46,1,21,3,992,6,13,40,1,1,1
42,1,20,5,393,8,13,40,1,1,1
41,1,19,1,4778,5,0,40,2,1,0
40,1,21,1,5518,39,1,40,2,1,0
66,1,21,1,2450,36,9,40,2,1,0
49,1,19,5,5691,4,0,40,1,1,1
61,1,16,1,4239,29,1,11,2,1,0
63,1,19,1,2314,35,9,32,2,1,0
37,1,21,5,3233,3,0,40,2,1,0
45,1,19,1,4971,36,0,40,1,1,0
26,1,21,5,2834,37,0,40,1,1,1
40,1,19,1,5768,27,1,40,2,1,0
22,1,16,5,4156,51,17,10,1,1,0
25,1,21,3,2040,41,0,40,1,1,0
18,1,19,5,4660,39,2,11,2,1,0
31,1,21,1,1984,213,1,40,2,6,0
36,2,22,1,1979,4,1,40,2,6,0
65,1,16,3,111,16,0,40,1,1,1
46,1,16,5,7331,42,0,40,1,1,1
49,1,21,1,242,11,0,40,1,1,1
26,1,19,5,5691,42,13,40,2,1,0
40,1,21,1,6434,52,1,40,1,1,0
22,1,16,5,9455,18,0,40,1,1,0
22,1,16,5,6384,36,2,40,1,1,0
27,1,19,5,4757,28,2,29,2,1,0
60,1,16,1,2379,39,1,8,2,1,0
18,1,16,5,3982,14,2,11,2,1,0
30,1,19,5,6119,4,0,40,1,1,0
41,1,21,1,2869,34,0,40,1,1,1
49,1,21,1,2867,4,0,40,2,1,0
24,1,16,5,3848,41,12,40,2,1,0
51,1,21,1,5232,40,0,40,2,1,0
32,1,21,3,840,27,13,40,1,1,1
27,1,21,5,1392,5,0,40,1,1,0
30,3,21,5,2468,9,0,40,2,1,0
58,1,16,1,5983,31,1,40,2,1,0
20,1,14,5,9830,13,10,40,1,1,0
24,1,16,5,9629,34,2,40,1,1,0
22,1,14,5,4040,39,17,40,2,1,0
21,1,18,5,6109,33,2,30,2,1,0
29,1,16,3,4227,51,0,40,1,1,0
40,1,16,1,3975,4,10,40,2,1,0
51,1,19,5,6289,26,13,40,1,1,1
27,1,16,5,9342,35,13,40,1,1,0
23,1,21,5,5004,25,0,40,2,1,0
27,3,22,3,2522,38,0,40,2,1,0
26,1,13,5,4155,31,2,40,1,1,0
22,1,17,5,9519,40,2,40,1,1,0
49,1,16,3,5745,20,0,40,1,1,1
30,1,21,1,5333,11,0,40,1,1,0
23,1,19,5,4753,41,2,30,2,1,0
23,1,21,5,1263,34,13,40,1,1,0
32,1,22,5,2383,7,13,40,2,1,1
58,1,16,1,5381,18,0,40,2,1,0
59,2,21,1,2924,40,1,40,2,1,1
19,1,18,5,4062,7,17,13,1,1,0
45,1,21,1,4772,9,1,40,1,1,0
56,1,16,1,5128,38,0,32,2,1,0
49,1,21,1,370,38,1,40,2,1,1
49,1,16,3,222,42,0,50,1,1,1
50,1,21,1,183,38,1,50,1,1,1
35,1,16,5,4731,6,0,40,2,1,0
30,1,19,1,5245,38,1,14,2,1,0
53,1,18,1,7242,13,1,40,1,1,1
28,1,22,5,2514,23,0,40,1,1,1
47,1,19,1,446,22,1,40,1,1,1
54,1,21,5,5390,26,0,40,2,1,1
43,1,21,3,4537,6,0,40,2,1,0
30,1,19,5,6292,35,13,40,1,1,0
33,1,19,5,5947,21,0,40,1,1,0
20,1,18,5,4697,51,17,11,1,1,0
44,1,19,1,7227,20,1,50,1,1,1
21,1,14,5,4156,7,2,40,1,1,0
25,1,19,5,5982,5,0,40,1,1,0
31,1,21,1,5521,2,1,40,2,6,0
23,1,14,5,4224,25,2,9,1,1,0
46,1,20,1,458,2,1,40,1,1,1
51,1,16,3,5909,5,0,40,1,1,0
49,1,16,5,5730,10,0,40,1,1,0
50,1,21,1,329,40,1,40,2,1,1
43,2,21,1,2229,37,0,40,2,1,1
22,1,19,5,4688,40,17,33,2,1,0
54,1,21,1,516,19,1,40,1,1,1
19,1,16,5,5189,18,2,40,1,1,0
30,1,19,5,5941,37,13,40,2,1,0
54,1,16,1,6085,32,1,40,2,1,0
35,1,21,1,931,37,0,40,1,1,1
30,1,16,5,6061,7,13,40,1,1,0
52,1,19,1,4906,33,1,40,1,1,0
40,1,16,1,5697,10,1,40,1,1,1
20,1,16,5,4767,22,17,9,2,1,0
54,1,16,1,6140,39,1,40,1,1,1
31,6,21,3,1849,8,0,10,2,1,0
52,1,19,3,5653,21,0,40,1,1,0
54,1,19,1,6048,41,0,40,1,1,0
47,1,21,1,372,4,0,40,1,1,1
26,1,19,5,3762,7,17,32,2,1,0
49,1,20,3,160,18,13,50,1,1,1
54,1,21,1,301,18,1,50,1,1,1
28,1,16,1,6246,19,0,40,2,1,0
48,1,16,5,5153,6,0,40,1,1,1
45,1,10,1,4000,313,1,40,2,1,0
49,1,16,3,6055,36,0,40,1,1,1
26,1,21,5,4480,2,12,40,2,1,0
23,1,21,5,4927,4,17,40,2,1,0
30,1,19,1,5242,36,1,40,1,1,0
32,1,22,5,1174,213,0,40,1,6,1
19,1,14,5,4223,20,2,12,1,1,0
55,1,13,1,6019,25,1,40,2,1,0
27,1,20,1,2285,306,1,10,2,1,0
41,1,16,1,7008,320,0,40,1,1,1
47,1,22,3,314,8,0,40,2,1,1
45,1,22,1,1246,1,0,40,1,1,1
31,1,16,3,5028,35,10,31,2,1,0
30,1,16,1,7733,36,0,40,1,1,0
21,1,16,5,9073,3,17,40,1,1,0
25,1,21,5,3115,35,13,40,2,1,0
58,1,19,1,5651,16,0,40,2,1,0
65,1,19,3,5352,40,0,40,2,1,0
40,1,21,1,3170,20,0,40,1,1,1
26,1,21,1,3732,234,1,40,2,1,0
27,2,21,5,2267,34,13,40,2,1,0
60,1,22,1,108,29,0,40,1,1,1
54,1,17,1,4669,322,0,40,2,1,1
27,3,21,1,2475,33,0,40,2,1,0
58,1,16,3,5510,6,0,40,2,1,0
25,1,16,5,4145,40,2,40,1,1,0
19,1,19,5,4746,53,17,10,2,1,0
38,1,16,5,5770,38,0,40,1,1,1
37,1,16,5,5317,42,0,40,1,1,0
25,1,21,5,2161,21,0,40,2,1,0
48,1,16,1,4053,308,9,40,2,1,0
56,1,18,1,6085,11,1,40,2,1,1
54,1,21,1,645,42,0,40,1,1,1
61,1,16,1,3885,33,0,10,2,1,0
52,1,16,1,790,15,1,50,1,1,1
61,1,16,1,6192,37,0,40,2,1,0
32,1,21,1,2632,24,9,40,2,1,0
20,1,16,5,4169,13,2,13,2,1,0
21,1,19,5,6612,28,2,40,1,1,0
49,1,19,1,5481,55,1,40,2,1,0
37,1,21,1,3399,210,1,40,1,6,1
56,1,16,1,5088,36,1,40,2,1,1
59,1,21,1,3394,8,0,40,2,1,0
62,3,22,1,2394,22,0,15,2,1,0
60,1,20,1,3419,39,0,35,2,1,0
40,1,16,1,4982,53,0,40,2,1,0
20,1,14,5,4262,8,2,12,2,1,0
39,1,19,1,5945,2,0,40,2,1,0
22,2,19,5,2426,40,13,11,2,1,0
26,1,19,3,6098,40,0,40,1,1,0
27,1,19,1,5338,36,0,40,1,1,0
24,1,16,5,5225,30,13,40,1,1,0
22,1,19,5,6093,25,2,40,1,1,0
29,1,17,5,9305,37,0,40,1,1,0
46,1,16,1,158,217,0,40,1,1,1
60,1,20,1,4683,20,0,32,2,1,0
43,1,19,1,5613,14,0,40,2,1,0
29,1,16,1,2996,11,0,13,2,1,0
57,1,21,1,3866,39,0,40,2,1,0
39,1,21,1,6040,35,1,40,1,1,1
37,1,22,1,994,7,0,40,1,1,1
31,1,21,5,324,39,0,40,2,1,1
47,1,16,1,8046,6,0,40,1,1,1
49,1,21,1,6284,42,1,40,2,1,0
29,1,21,5,2318,32,12,40,2,1,0
42,1,18,5,4211,8,0,40,2,1,0
25,1,16,1,5334,36,0,40,2,1,0
62,1,16,1,5119,27,1,40,2,1,0
18,1,19,5,4724,37,2,16,2,1,0
67,2,21,1,2228,9,0,40,2,1,0
22,1,13,5,4086,29,2,32,2,1,0
20,1,16,5,4130,55,2,7,2,1,0
21,1,16,5,4376,52,2,40,1,1,0
22,1,16,5,5169,23,13,40,2,1,0
23,1,21,5,2325,36,0,40,2,1,0
21,1,8,5,4271,50,2,11,1,1,0
37,3,21,1,2267,30,0,40,1,1,1
30,1,22,5,923,221,0,40,1,6,1
36,1,19,1,5776,8,1,40,2,1,0
57,1,18,3,5945,19,0,40,1,1,1
60,1,19,1,134,4,1,40,2,1,1
29,1,21,1,5884,32,10,40,1,1,0
47,1,21,1,230,9,1,40,1,1,1
23,1,11,5,6685,8,2,40,1,1,0
39,1,12,1,3997,8,1,40,2,1,0
43,1,16,1,5496,5,0,40,1,1,1
50,1,22,3,294,21,0,40,1,1,1
62,2,21,5,3074,6,13,40,2,1,0
24,1,8,3,9351,23,16,40,1,1,0
38,3,21,1,2663,40,0,40,1,1,1
20,1,18,5,4043,35,17,18,2,1,0
28,1,19,5,3770,36,0,11,2,1,0
24,1,19,3,5577,8,0,40,2,1,0
28,1,19,5,5667,41,2,40,2,1,0
27,1,21,5,5491,35,0,31,2,1,0
24,1,16,5,3993,23,0,40,2,1,0
23,1,21,5,2192,27,0,33,2,1,0
60,1,16,1,6011,21,1,40,1,1,1
61,1,21,3,3446,39,0,40,2,1,0
25,1,19,1,4863,9,10,40,2,1,0
74,1,21,1,5831,39,0,40,2,1,1
37,1,22,5,3153,18,0,40,1,1,1
55,1,20,1,396,13,0,50,1,1,1
59,1,17,1,7188,7,0,40,1,1,1
33,1,19,5,5068,34,0,40,2,1,0
40,1,21,1,1315,39,0,40,1,1,1
39,1,21,1,2395,38,1,40,2,1,0
58,1,20,1,5873,21,1,40,2,1,0
27,1,19,3,5114,33,0,40,2,1,0
50,1,21,1,867,39,0,40,1,1,1
55,1,16,1,7045,20,0,40,1,1,1
58,1,16,1,5663,39,0,40,2,1,0
26,1,16,5,6682,327,0,40,1,1,0
30,1,21,1,2354,1,1,10,2,1,0
23,1,19,5,4896,38,13,40,1,1,0
58,1,20,3,5778,37,0,40,2,1,1
48,1,19,1,822,32,0,40,1,1,1
47,1,22,1,3326,34,1,40,2,1,1
64,2,22,1,2169,38,0,13,2,1,0
61,1,19,1,5939,35,0,40,2,1,0
52,1,21,1,355,21,1,50,1,1,1
42,1,21,1,1818,40,0,40,1,1,1
47,1,17,1,5586,19,1,40,1,1,1
51,1,22,1,328,31,0,50,1,1,1
60,1,22,3,2850,32,0,40,2,1,1
18,1,18,5,4221,51,2,13,1,1,0
43,1,22,1,69,34,1,50,1,1,1
48,1,16,5,6641,40,0,40,1,1,1
43,1,21,1,1083,17,0,40,1,1,1
21,1,18,1,6098,17,0,13,2,1,0
53,1,19,1,302,7,1,40,1,1,1
63,1,21,1,10,36,0,50,1,1,1
24,1,19,5,6004,8,17,40,1,1,0
27,1,16,1,4028,24,1,40,2,1,0
58,1,16,1,5829,39,1,40,2,1,0
26,1,18,5,9463,51,2,40,1,1,0
52,1,19,5,5329,39,0,40,1,1,1
26,1,16,5,3978,306,13,40,1,8,0
56,1,19,1,5798,38,0,40,1,1,0
21,1,19,5,5739,24,17,40,1,1,0
29,1,19,5,6121,21,0,40,1,1,1
53,1,19,3,105,37,0,40,1,1,1
36,1,19,1,4621,8,0,40,1,1,1
23,1,19,5,4816,35,2,40,1,1,0
28,1,18,5,6299,35,13,40,1,1,0
22,2,21,1,1775,34,0,10,2,1,0
32,1,21,5,2894,39,0,40,2,1,0
40,1,21,1,392,32,1,40,1,1,1
24,1,16,5,5271,37,13,40,1,1,0
33,1,21,1,5552,34,1,40,1,1,0
24,1,16,5,9118,37,2,40,1,1,0
33,1,21,5,3180,10,0,40,1,1,1
42,1,21,3,6141,39,0,40,1,1,1
40,1,19,1,1180,19,1,40,1,1,1
24,1,19,1,2384,9,0,9,2,1,0
36,1,21,5,5873,26,0,40,2,1,0
44,1,21,5,6201,216,13,40,1,6,0
25,1,16,5,4073,37,16,40,2,1,0
19,1,16,5,4004,21,2,11,2,1,0
42,1,21,1,722,3,1,40,1,1,1
45,1,19,1,1029,7,0,40,1,1,1
63,1,16,1,6457,39,1,40,1,1,0
46,1,21,1,2333,7,1,40,1,1,1
29,3,22,5,2548,32,0,40,2,1,1
28,4,21,5,2351,17,12,40,2,1,0
27,1,21,5,5051,213,17,40,1,6,0
30,1,21,5,3386,40,13,40,2,1,1
54,1,16,1,5529,19,1,40,1,1,0
19,1,21,5,2101,11,16,6,1,1,0
43,1,18,3,7582,43,0,40,1,1,1
56,1,20,1,3384,38,1,40,2,1,0
53,1,19,1,439,28,1,50,1,1,1
19,1,21,5,2589,20,2,40,1,1,0
50,1,21,5,227,15,13,40,2,1,1
48,1,20,3,10,236,0,40,1,1,1
31,1,21,5,979,7,13,40,1,1,1
53,1,16,1,5319,27,0,40,2,1,1
65,1,19,1,5414,15,0,40,2,1,0
26,1,16,5,9276,19,2,40,1,1,0
46,1,22,3,10,36,13,40,1,1,1
34,1,20,1,2203,23,1,11,2,1,0
42,1,21,1,5732,12,1,40,2,1,0
57,1,16,1,5878,19,0,40,2,1,1
19,1,19,5,2583,18,2,18,2,1,0
31,3,22,1,2480,39,0,40,2,1,0
62,1,18,1,4041,18,0,40,2,1,0
26,1,21,3,2242,42,0,40,2,1,0
29,1,21,5,1007,19,0,40,1,1,1
46,1,19,1,5108,6,1,40,2,1,0
63,1,16,1,4013,36,0,40,2,1,0
25,1,16,5,5985,40,0,40,2,1,0
32,1,21,5,509,25,13,40,2,1,1
20,1,19,5,2690,32,2,16,2,1,0
31,1,16,1,5673,29,1,40,1,1,0
50,1,12,1,6691,294,1,40,1,1,0
25,1,16,5,5594,22,2,40,1,1,0
45,1,22,1,3274,12,1,40,1,1,1
33,1,22,3,1232,40,0,40,1,1,1
42,1,16,3,6095,308,13,40,1,1,1
63,1,16,1,4146,42,1,8,2,1,0
43,3,21,1,2467,208,0,40,2,1,1
32,1,17,5,7334,38,0,40,1,1,0
21,1,19,5,3898,36,2,10,2,1,0
49,1,16,1,6019,17,1,40,2,1,0
31,1,21,1,2212,2,0,40,1,1,1
48,1,16,1,5986,4,0,40,1,1,0
59,1,20,3,5614,20,0,40,2,1,0
46,1,16,1,7522,21,1,50,1,1,1
52,1,19,1,5742,13,1,40,2,1,0
26,1,21,5,5693,16,12,40,2,1,0
45,1,19,1,7479,39,1,40,1,1,1
40,1,21,1,5221,39,1,40,1,1,1
26,1,21,5,2350,3,2,40,2,1,0
32,4,21,1,2141,36,0,40,2,1,0
34,1,19,1,5240,49,1,6,2,1,0
56,1,16,1,6050,39,0,40,2,1,0
41,1,16,1,6236,2,1,40,1,1,1
64,1,18,3,5227,38,0,40,2,1,0
24,1,19,5,3574,41,2,11,2,1,0
57,1,16,1,5315,36,1,40,2,1,0
48,1,19,1,385,7,1,40,1,1,1
34,3,21,1,2538,5,1,40,1,1,1
31,1,9,5,4032,301,16,40,1,8,0
51,1,16,3,7585,22,0,50,1,1,1
44,1,21,1,2170,39,0,36,2,1,0
48,1,19,3,5401,37,0,40,1,1,1
29,1,16,1,6531,19,0,40,2,1,0
53,1,16,1,5254,28,1,33,2,1,0
39,1,21,1,1246,41,1,50,1,1,1
40,2,21,1,1990,5,1,40,2,1,1
41,1,16,1,7105,6,1,40,1,1,1
51,1,17,5,5695,308,0,40,2,1,0
58,1,17,3,7091,38,0,50,1,1,1
61,1,21,3,3541,30,0,40,2,1,0
28,1,18,5,5719,12,13,40,2,1,0
45,1,21,3,3257,33,0,40,2,1,1
30,1,16,1,5617,6,0,40,1,1,0
52,1,16,5,5598,15,0,40,1,1,1
35,1,21,1,3105,31,1,40,2,1,1
30,1,21,1,5741,23,1,40,1,1,0
48,1,21,1,331,40,1,40,1,1,1
42,1,21,1,6287,7,1,40,2,1,0
32,1,21,5,670,14,0,40,1,1,1
27,1,18,5,9381,37,0,40,1,1,0
33,2,21,1,2095,16,0,40,2,1,0
52,1,14,1,4156,55,1,40,2,1,0
36,1,16,5,6356,29,0,40,1,1,1
44,1,19,1,5432,7,1,40,1,1,1
28,1,19,5,4834,34,16,33,2,1,0
50,1,19,3,4750,41,0,40,2,1,0
68,2,21,5,3243,9,0,40,2,1,1
64,1,18,1,4828,44,0,40,2,1,0
48,1,20,1,314,11,1,40,1,1,1
59,1,18,1,6399,36,0,40,2,1,0
38,1,21,5,3437,213,0,40,2,6,0
39,2,21,1,1943,20,1,11,2,1,0
31,1,19,5,3811,14,0,40,2,1,0
50,1,16,5,7914,21,0,50,1,1,1
29,1,16,5,4000,5,13,40,1,1,0
55,1,16,1,7408,18,0,40,1,1,1
39,1,21,1,5294,39,1,40,2,1,0
27,1,16,3,6068,4,0,40,2,1,0
29,1,21,1,1352,36,1,40,1,1,0
50,1,16,1,10,4,1,50,1,1,1
47,1,19,1,6122,310,1,40,2,1,0
22,1,16,5,4194,49,2,15,1,1,0
51,1,19,1,6545,8,1,40,1,1,1
26,1,16,5,5649,194,0,40,2,6,0
64,1,18,3,539,3,0,40,2,1,1
43,1,21,1,1558,7,1,40,1,1,1
34,1,19,5,4177,43,0,40,1,1,1
62,1,16,1,5342,24,0,40,2,1,0
68,1,19,1,6405,7,0,40,2,1,0
59,1,18,3,5935,37,0,40,1,1,0
35,1,16,1,7327,38,0,40,1,1,0
27,1,16,3,9463,51,16,40,1,1,0
40,1,21,1,913,9,0,40,1,1,1
43,1,16,3,5147,221,13,40,1,6,1
18,1,16,5,4037,37,2,9,2,1,0
25,1,19,3,3591,20,9,31,2,1,0
22,1,16,5,4295,42,2,11,1,1,0
58,1,19,1,5369,40,0,40,1,1,0
59,1,16,1,219,40,1,40,2,1,1
53,1,17,1,9224,4,0,40,1,1,0
30,1,21,1,5200,37,0,40,1,1,0
20,1,21,5,2307,40,2,11,1,1,0
28,1,19,5,3157,28,16,10,2,1,0
47,1,21,1,121,40,0,40,1,1,1
52,1,21,3,278,16,0,40,1,1,1
28,1,21,5,2299,41,0,40,2,1,0
48,1,16,3,6196,312,13,40,1,1,0
46,1,21,1,1466,36,1,40,1,1,1
25,1,19,1,6415,20,0,40,2,1,0
19,1,7,5,4392,1,17,8,1,1,0
64,1,21,1,5654,42,0,40,1,1,0
25,1,19,3,4144,27,0,40,2,1,0
35,1,22,1,949,32,1,40,1,1,1
48,1,21,1,3284,40,0,40,2,1,1
62,1,16,3,5478,32,0,40,1,1,0
34,1,21,5,913,39,0,40,1,1,1
18,1,14,5,4603,21,2,10,2,1,0
49,1,19,1,6658,11,1,40,1,1,1
53,1,16,5,5426,28,0,40,1,1,1
47,1,22,1,2351,44,0,40,2,1,1
35,1,21,1,1044,11,1,40,1,1,1
43,1,19,1,6011,38,1,40,1,1,1
41,1,21,1,5205,5,1,40,1,1,1
47,1,19,1,293,2,0,60,1,1,1
20,1,19,5,2371,32,2,40,1,1,0
27,1,19,3,3662,40,0,5,2,1,0
29,1,21,5,1139,21,13,40,1,1,1
51,1,20,3,232,23,0,40,1,1,1
41,1,19,1,5810,17,0,40,2,1,0
30,1,19,3,5260,30,0,40,2,1,0
42,1,22,3,173,35,0,40,2,1,1
22,1,16,5,4267,21,2,40,2,1,0
32,1,20,3,5255,15,0,40,2,1,0
46,1,20,1,3629,8,1,40,2,1,0
48,1,21,1,5722,219,1,40,2,6,0
49,1,22,5,755,237,0,40,1,1,1
47,1,16,1,5850,296,0,40,2,8,0
23,1,9,3,4069,22,16,40,2,1,0
54,1,21,1,255,38,0,50,1,1,1
60,1,16,3,7423,19,0,40,1,1,1
37,1,21,1,5609,38,1,40,2,1,0
50,1,19,1,4693,18,0,40,1,1,1
22,1,19,5,4720,23,17,33,2,1,0
37,1,21,5,470,11,13,40,1,1,1
50,1,21,1,5750,3,1,40,2,1,0
44,1,21,5,175,29,0,40,2,1,1
38,1,16,5,5216,36,0,40,1,1,1
40,1,21,1,2355,8,0,40,2,1,0
53,1,19,1,5665,35,1,40,1,1,0
45,1,21,1,1525,8,0,50,1,1,1
28,1,16,1,9166,304,10,40,1,1,0
46,1,21,1,352,11,0,50,1,1,1
24,1,21,1,2210,40,10,40,2,1,0
35,1,21,1,430,17,0,50,1,1,1
22,1,21,5,2013,37,12,14,2,1,0
30,1,21,1,2208,34,1,40,2,1,0
48,1,16,5,5508,38,0,40,2,1,1
52,1,19,3,161,3,0,40,1,1,1
35,1,21,1,867,15,1,40,1,1,1
62,2,21,3,3674,39,0,40,2,1,1
33,1,19,5,4933,38,13,40,1,1,1
45,1,20,3,23,306,13,40,1,1,1
57,1,16,1,5896,21,0,40,1,1,0
28,1,21,3,2502,30,0,40,2,1,0
34,1,13,1,5348,18,16,40,1,1,0
35,1,21,5,100,34,0,40,1,1,1
35,1,21,3,2084,18,0,40,1,1,0
45,1,16,1,10,322,0,50,1,6,1
27,1,18,1,5876,24,0,40,2,1,0
55,1,19,5,5813,38,0,40,2,1,1
45,1,19,1,139,8,0,50,1,1,1
27,1,16,3,3908,35,0,6,2,1,0
59,1,16,1,4330,319,1,40,2,8,0
26,1,17,5,9419,45,13,40,1,1,0
18,1,19,5,4774,38,2,12,2,1,0
49,1,18,1,201,40,0,40,1,1,1
35,1,21,5,357,7,0,40,1,1,1
60,1,16,3,146,37,0,40,1,1,1
24,1,16,5,4005,26,16,40,2,1,0
21,1,19,5,2588,27,17,6,1,1,0
22,3,21,5,2479,21,2,40,2,1,0
28,1,21,1,5171,6,1,40,2,1,0
23,1,21,5,2099,9,2,10,1,1,0
29,1,21,5,4568,35,0,40,1,1,1
57,1,16,1,3466,28,0,40,2,1,0
31,1,19,1,6228,7,1,15,2,1,0
19,1,13,5,4130,21,2,40,1,1,0
49,1,22,1,139,2,0,40,1,1,1
26,1,21,5,1961,8,12,40,2,1,0
50,1,17,1,193,5,0,40,1,1,1
34,3,21,1,2210,37,0,13,2,1,0
31,1,16,5,5710,1,0,40,1,1,0
19,1,8,5,4030,32,2,9,1,1,0
44,1,18,1,574,11,1,40,1,1,1
45,1,22,1,2869,6,1,40,1,1,1
52,2,21,1,3494,10,1,40,2,1,1
26,1,19,5,4381,5,2,9,1,1,0
45,1,21,1,179,20,0,50,1,1,1
32,1,19,1,5437,16,9,40,1,1,0
56,1,20,5,397,24,0,40,1,1,1
42,1,21,3,201,209,13,40,1,1,1
23,1,12,3,4098,296,9,40,2,8,0
24,1,16,1,4148,23,1,40,2,1,0
23,1,19,5,5882,14,13,40,1,1,0
59,1,21,3,192,35,0,40,2,1,1
23,1,14,5,4107,41,2,40,1,1,0
27,1,19,5,4720,215,0,40,1,6,0
39,1,22,1,1068,35,0,40,1,1,1
22,1,19,5,4722,25,17,35,2,1,0
41,1,16,1,5120,9,1,40,2,1,0
32,1,21,1,5029,8,0,40,1,1,0
19,1,16,5,4115,21,2,40,1,1,0
52,1,16,1,58,36,0,40,1,1,1
45,1,21,5,4960,7,0,40,2,1,1
49,1,16,1,7285,35,1,40,1,1,1
47,1,21,3,681,39,0,50,1,1,1
48,1,22,1,1132,44,1,50,1,1,1
33,1,21,1,3165,41,1,40,2,1,0
24,1,19,5,5791,2,2,9,1,6,0
41,1,21,1,2860,34,1,40,1,1,0
61,1,18,1,4534,38,0,40,1,1,0
39,1,14,3,4127,38,10,32,2,1,0
67,2,21,1,3210,40,0,40,2,1,0
63,2,21,3,2527,38,0,11,2,1,0
32,1,16,1,5357,22,0,40,1,1,0
23,1,19,5,5498,10,17,14,2,1,0
26,1,21,5,5878,6,17,40,1,1,0
63,1,16,1,6553,38,0,40,2,1,0
52,1,17,1,132,1,1,40,1,1,1
36,1,21,1,1230,21,1,40,1,1,1
45,1,16,3,5940,35,13,40,1,1,1
27,1,16,5,6532,36,0,40,1,1,0
32,1,21,5,684,41,0,40,1,1,1
33,1,21,1,2363,296,9,40,2,1,0
22,1,16,5,4973,35,2,40,1,1,0
45,1,19,3,6210,8,0,40,1,1,1
64,1,20,1,4618,30,10,40,2,1,0
59,1,17,1,7295,13,1,40,1,1,0
46,1,12,1,4040,313,10,40,2,1,0
25,1,16,5,6284,7,17,40,1,1,0
21,1,21,5,2306,35,12,40,2,1,0
39,1,19,1,4946,43,0,40,1,1,0
22,1,16,5,9743,23,2,40,1,1,0
29,1,21,1,2099,51,0,40,2,1,0
45,1,21,1,559,35,1,50,1,1,1
20,1,21,5,1923,17,2,11,2,1,0
27,1,19,5,5701,44,17,40,2,1,0
57,1,16,1,5800,38,1,40,1,1,1
29,1,16,5,6325,11,16,40,2,1,0
46,1,21,1,18,26,0,50,1,1,1
35,1,16,1,8846,45,0,40,1,1,0
50,1,16,1,7963,302,1,40,1,1,1
19,1,14,5,4368,36,2,13,1,1,0
24,1,21,5,1503,35,13,40,1,1,0
30,1,21,5,1189,39,0,40,1,1,0
62,1,17,1,4226,37,1,9,2,1,0
19,1,16,5,4753,47,16,7,1,1,0
55,1,18,1,419,8,1,40,2,1,1
38,1,21,1,2496,42,0,40,2,1,0
49,1,21,1,353,18,1,50,1,1,1
40,1,22,3,180,8,13,40,1,1,1
47,1,21,1,3740,212,0,40,2,6,1
25,1,10,5,4113,305,2,40,2,8,0
58,2,21,1,2842,15,1,40,2,1,0
42,1,22,1,985,186,1,40,1,6,1
40,1,21,1,279,35,0,50,1,1,1
26,1,16,5,4149,8,2,40,1,1,0
45,1,21,1,3180,39,1,40,2,1,0
17,1,19,5,2221,51,2,12,2,1,0
58,1,16,1,7458,24,0,50,1,1,1
28,1,16,5,5156,29,13,40,1,1,0
36,1,21,1,3038,13,1,40,2,1,1
54,1,16,1,256,3,0,50,1,1,1
57,1,16,1,6200,36,1,40,2,1,0
18,1,16,5,9635,8,2,40,1,1,0
53,1,18,1,7448,41,0,40,1,1,1
69,1,22,3,2610,27,0,40,2,1,1
55,1,16,1,5178,1,0,40,1,1,1
72,2,22,1,3321,16,0,40,2,1,1
55,1,19,1,5769,16,0,40,1,1,1
54,1,18,1,9235,43,0,40,1,1,0
43,1,22,1,2240,21,0,40,2,1,1
22,1,19,1,5389,200,10,40,2,6,0
48,1,16,1,6247,3,1,40,2,1,0
26,1,16,1,9230,27,9,40,1,1,0
43,1,19,1,370,34,1,40,1,1,1
67,1,22,1,2938,37,1,40,2,1,1
40,3,22,1,2586,34,0,40,2,1,0
28,1,19,5,5012,37,0,40,1,1,0
20,1,13,5,4107,4,2,10,1,1,0
26,1,16,5,9024,19,2,40,1,1,0
28,1,21,5,944,35,0,40,1,1,1
21,1,14,5,4059,13,2,40,1,1,0
41,1,21,1,210,39,0,50,1,1,1
55,1,16,3,7623,42,0,40,1,1,1
21,1,21,5,2598,211,2,40,2,6,0
22,1,14,5,4252,5,16,10,2,1,0
19,1,16,5,4148,6,2,40,1,1,0
52,1,16,1,8573,25,0,40,1,1,0
26,1,21,5,5672,21,0,40,1,1,0
50,1,19,1,5967,38,0,40,1,1,1
30,1,19,1,6397,39,1,40,2,1,0
25,1,21,5,2125,36,12,40,2,1,0
64,1,19,1,5218,33,0,40,2,1,0
46,1,18,1,6580,41,0,40,1,1,0
35,1,21,1,2384,4,1,40,2,1,0
52,1,21,1,3214,39,0,40,2,1,1
33,1,19,5,5282,36,0,40,1,1,0
34,1,21,3,2418,27,0,40,2,1,1
29,3,21,5,2596,6,2,11,2,1,0
19,1,18,5,4669,24,17,8,2,1,0
37,1,21,1,4648,4,1,40,2,1,0
21,1,16,5,5216,4,13,40,1,1,0
23,1,16,5,9349,23,2,40,1,1,0
52,1,20,1,4857,18,1,40,2,1,0
35,1,22,5,1044,6,0,40,1,1,1
28,1,19,5,3353,26,0,12,2,1,0
60,1,19,3,404,38,0,40,2,1,1
29,1,8,1,4127,39,0,40,1,1,0
33,1,18,3,5297,6,0,40,1,1,0
24,1,16,1,4098,23,10,40,2,1,0
38,1,19,1,5455,16,1,40,2,1,0
20,1,16,5,4176,39,17,40,1,1,0
61,1,16,1,6626,35,0,40,2,1,0
64,1,16,1,7795,14,1,40,1,1,1
19,1,16,5,4153,50,2,40,1,1,0
51,1,19,5,5098,9,0,40,2,1,0
51,1,16,1,7753,36,0,40,1,1,1
63,1,16,3,143,38,0,50,1,1,1
49,1,19,1,571,24,1,40,1,1,1
38,1,19,3,5924,37,13,40,1,1,1
31,1,19,1,2753,8,0,14,2,1,0
69,6,21,1,2643,41,1,10,2,1,0
77,1,21,3,3558,7,0,11,2,1,0
18,1,16,5,4720,18,2,13,1,1,0
43,1,19,1,19,33,0,40,1,1,1
21,1,14,5,4669,7,16,10,2,1,0
61,1,19,1,254,15,0,40,1,1,1
23,1,19,5,4760,6,2,9,2,1,0
40,2,22,1,2299,21,0,40,1,1,1
43,1,6,1,9283,311,0,40,1,1,0
57,1,20,1,4879,16,1,40,1,1,1
50,1,19,1,10,38,1,40,1,1,1
57,1,20,1,280,24,1,50,1,1,1
28,1,7,5,6872,40,2,40,1,1,0
36,1,19,1,6842,9,1,40,1,1,0
47,1,17,1,4201,38,0,13,2,1,0
33,1,19,1,6538,56,0,13,2,1,0
19,1,16,5,4684,2,16,12,2,1,0
55,1,16,1,6114,39,1,40,2,1,0
31,1,21,1,1227,17,0,40,1,1,1
42,1,19,1,5565,10,0,40,1,1,1
56,1,16,1,7799,14,1,50,1,1,1
78,2,22,1,2230,38,0,11,2,1,1
62,1,21,1,3397,9,0,40,2,1,0
39,1,21,1,1551,6,0,40,1,1,0
24,1,16,1,5628,26,1,40,2,1,0
52,1,16,1,7242,36,1,40,1,1,1
57,1,16,1,4244,19,1,40,2,1,0
61,1,18,3,10,32,0,40,1,1,1
63,3,22,1,2305,20,0,40,2,1,1
44,1,21,1,3536,43,1,40,2,1,1
42,1,16,1,5586,6,0,40,1,1,0
67,1,16,1,5470,34,1,40,2,1,0
44,2,21,1,2230,36,1,40,2,1,1
68,1,21,1,3182,33,0,40,1,1,1
23,1,18,5,5722,52,16,40,1,1,0
58,1,16,1,450,21,1,50,1,1,1
30,1,19,5,5919,20,2,40,2,1,0
65,1,19,1,4732,21,1,40,2,1,0
21,1,19,5,4776,14,2,10,1,1,0
34,3,22,1,2269,21,0,40,2,1,0
36,1,21,1,3328,28,1,40,1,1,1
23,1,19,5,4682,34,2,40,1,1,0
23,1,21,5,1884,38,0,16,2,1,0
24,1,16,5,4173,5,2,40,2,1,0
64,1,16,1,233,38,0,40,1,1,1
27,1,19,5,5560,26,0,40,2,1,0
38,1,22,3,2657,35,0,40,2,1,0
36,1,21,5,3169,39,13,40,1,1,1
27,1,16,3,4108,12,10,40,2,1,0
19,1,16,5,5068,5,13,40,2,1,0
49,1,1,3,467,325,0,40,1,1,1
61,1,16,3,6118,18,0,40,2,1,0
17,1,16,5,4086,40,2,40,1,1,0
46,1,21,5,3178,28,0,50,1,1,1
24,2,21,3,2176,20,0,10,2,1,0
23,1,16,5,4101,37,17,40,1,1,0
21,1,19,5,4601,1,2,14,2,1,0
23,1,16,3,7590,21,15,40,1,1,0
49,1,21,1,5451,46,0,40,1,1,0
22,1,19,5,4722,28,2,11,2,1,0
26,1,19,5,8277,25,0,40,1,1,1
27,1,16,5,4254,30,2,40,1,1,0
51,1,21,1,343,37,0,50,1,1,1
46,1,9,5,6179,11,0,40,1,1,0
53,1,22,3,727,6,0,40,1,1,1
40,1,22,1,2714,14,0,40,2,1,1
32,1,21,1,1130,215,0,40,1,6,0
31,1,16,1,4212,37,1,9,2,1,0
35,1,21,1,1603,31,0,40,2,1,1
28,1,18,5,3647,12,5,31,2,1,0
34,1,21,5,1594,36,0,40,1,1,1
30,1,16,1,5024,40,0,40,2,1,0
61,3,22,1,2293,36,1,40,2,1,0
55,1,16,1,4999,36,1,40,1,1,0
24,1,16,5,3438,218,2,8,2,6,0
29,1,16,5,8199,319,0,40,1,6,0
25,1,24,5,2385,6,2,40,1,6,0
44,1,20,1,3196,6,1,14,2,1,0
20,1,16,5,4158,22,16,15,1,1,0
22,1,18,5,4634,23,2,40,1,1,0
65,1,21,1,429,18,1,40,1,1,1
28,1,21,3,2377,16,0,40,2,1,0
44,1,19,3,3706,2,0,40,2,1,0
24,1,19,1,5136,49,1,10,2,1,0
30,1,13,5,5833,309,13,40,1,8,0
30,1,21,5,5366,6,2,40,1,1,0
25,1,21,5,4671,19,2,12,2,1,0
41,1,19,1,4705,5,0,40,1,1,0
26,1,21,5,2570,37,0,13,2,1,0
33,1,19,1,5664,4,9,40,2,1,0
23,2,22,5,2256,35,0,13,2,1,0
62,1,19,1,5006,27,0,40,1,1,1
51,1,16,1,7528,18,1,40,1,1,0
62,1,16,1,3796,7,0,40,2,1,0
55,1,21,1,3130,19,1,40,2,1,0
26,1,16,5,6206,8,2,40,2,1,0
27,1,21,5,819,34,0,40,1,1,1
30,1,19,5,5489,6,0,40,1,1,0
28,1,21,5,2480,34,0,40,2,1,0
48,1,22,1,510,26,1,50,1,1,1
58,1,16,1,5455,13,1,8,2,1,0
57,1,16,1,5198,13,1,40,2,1,0
24,1,16,5,4735,27,0,29,2,1,0
39,1,8,5,6418,4,13,40,1,1,0
40,1,21,5,157,38,0,40,1,1,1
19,1,16,5,4101,9,2,40,1,1,0
48,1,16,5,5942,40,0,40,2,1,0
46,1,21,1,2629,9,1,40,2,1,0
39,1,22,5,1774,23,0,40,1,1,1
52,1,19,1,5639,42,0,40,1,1,1
17,1,16,5,3982,239,2,14,2,6,0
48,1,19,3,5103,24,0,40,1,1,0
56,1,21,1,10,40,0,40,1,1,1
26,1,20,1,5254,36,1,40,2,1,0
60,1,16,1,3997,37,9,40,2,1,0
35,1,21,5,1383,7,0,40,1,1,1
31,3,21,1,2196,5,1,17,2,1,0
50,1,16,1,7914,32,1,40,1,1,1
42,1,12,1,4227,224,0,40,1,8,0
25,1,19,3,5075,35,0,40,2,1,0
20,1,19,5,4785,49,16,12,1,1,0
59,1,16,1,5978,39,0,40,1,1,0
41,1,19,1,445,38,1,60,1,1,1
45,1,19,1,5718,40,0,40,1,1,0
54,1,16,3,6448,42,0,40,1,1,0
40,1,22,1,1022,15,1,40,1,1,1
25,1,16,5,4203,37,7,40,2,1,0
34,1,21,3,1325,17,0,40,1,1,1
55,1,16,3,6555,35,0,40,1,1,1
27,1,21,5,3293,41,13,40,2,1,0
25,1,20,5,1661,18,13,40,1,1,0
44,1,19,1,4435,33,0,40,2,1,0
56,1,16,1,7708,20,1,50,1,1,1
27,1,16,3,4176,22,16,40,1,1,0
57,1,18,1,5383,19,1,40,2,1,0
59,1,20,1,3167,4,1,32,2,1,0
33,1,21,1,3271,17,1,40,2,1,0
26,1,19,5,5373,36,0,40,2,1,0
51,1,16,1,5425,33,1,40,1,1,0
30,1,21,5,2117,27,2,40,2,1,0
78,1,21,1,86,22,0,40,1,1,1
50,1,21,3,962,37,0,40,1,1,1
50,1,19,1,174,35,0,50,1,1,1
17,1,19,5,4719,52,17,14,2,1,0
44,1,21,1,5047,36,1,40,2,1,0
41,1,21,1,3017,227,1,40,2,6,1
27,1,19,1,2599,38,1,9,2,1,0
18,1,8,5,4122,36,17,9,2,1,0
69,1,21,3,3820,11,0,40,2,1,1
32,3,21,5,2360,34,0,40,2,1,0
24,1,19,5,4594,40,12,40,1,1,0
59,1,21,1,83,21,0,40,1,1,1
51,1,21,3,251,6,0,40,2,1,1
46,1,21,1,1269,22,1,50,1,1,1
29,1,19,3,4881,38,0,13,2,1,0
54,1,16,3,7886,24,0,40,1,1,1
42,1,21,1,3356,226,1,40,2,1,0
23,1,16,5,4669,48,2,11,1,1,0
34,1,20,5,765,21,13,40,1,1,1
44,1,19,1,5672,53,0,40,1,1,0
55,1,20,1,5556,17,1,40,2,1,0
48,1,22,3,3044,7,0,40,1,1,1
29,1,17,5,9811,23,13,40,1,1,0
21,1,21,5,5433,17,12,40,2,1,0
26,1,16,5,4219,36,2,40,2,1,0
47,1,16,5,5715,5,0,40,2,1,0
44,1,17,1,49,299,1,40,1,1,1
64,1,18,1,5520,35,0,40,1,1,0
28,1,21,5,3284,24,0,40,2,1,0
34,1,21,5,2578,40,0,40,1,1,1
60,1,16,1,5245,38,1,40,2,1,0
48,1,19,1,469,37,1,50,1,1,1
37,1,21,1,4960,37,0,40,1,1,0
35,3,21,1,2519,16,0,40,1,1,1
42,1,21,1,3158,5,1,40,2,1,1
19,1,19,5,4538,10,17,9,1,1,0
26,1,18,5,4130,40,2,40,2,1,0
37,1,22,1,65,35,0,40,1,1,1
25,1,19,5,5436,43,2,40,1,1,0
54,1,20,3,7576,29,0,50,1,1,1
63,1,16,1,5742,35,0,40,2,1,0
37,1,21,1,2490,34,0,40,2,1,1
29,1,9,3,9671,30,16,40,1,1,0
64,1,22,1,3183,9,0,40,2,1,1
40,1,22,1,310,38,0,40,1,1,1
37,1,19,5,5211,5,13,40,1,1,1
27,1,16,5,5781,34,0,40,1,1,0
21,1,21,5,2258,39,0,40,2,1,0
20,1,8,5,4646,21,17,9,2,1,0
41,1,21,1,2701,3,1,40,2,1,0
42,1,21,1,1150,16,1,40,1,1,1
32,1,21,3,2025,28,0,40,2,1,1
79,2,21,1,2110,27,0,14,2,1,0
22,1,13,5,4107,49,17,33,2,1,0
42,1,21,1,565,37,0,40,1,1,1
53,1,20,3,104,41,0,50,1,1,1
22,1,19,5,4787,14,2,6,1,1,0
49,1,21,1,126,10,0,50,1,1,1
46,1,9,1,6150,34,1,40,1,1,0
37,1,16,5,6325,218,0,40,1,8,0
29,1,21,5,2324,37,2,40,1,1,0
51,1,16,1,6047,38,0,40,1,1,1
56,1,18,1,6454,21,1,40,2,1,0
18,1,19,5,4242,18,2,14,1,1,0
54,1,20,3,403,38,0,40,1,1,1
45,1,21,1,478,22,0,40,2,1,1
49,1,21,1,3258,1,1,40,2,1,0
43,1,21,3,71,3,0,50,1,1,1
24,1,19,5,4775,36,0,11,2,1,0
53,1,20,1,3404,33,0,40,2,1,1
61,1,16,1,4737,36,0,40,1,1,1
23,2,21,5,2449,42,2,9,2,1,0
39,1,22,1,3139,38,1,40,2,1,1
21,1,19,5,4772,13,17,40,2,1,0
21,1,14,5,4108,14,2,14,1,1,0
31,1,16,5,5334,310,0,40,1,1,0
47,1,21,5,383,8,0,40,1,1,1
28,1,21,5,1462,31,13,40,1,1,0
32,1,21,1,2210,24,0,40,1,1,0
19,1,19,5,4735,26,2,40,1,1,0
50,1,21,1,3256,40,0,40,1,1,1
37,3,21,1,2365,24,1,8,2,1,0
41,3,22,1,2212,8,1,40,2,1,0
50,1,18,1,5240,34,1,40,1,1,1
28,1,19,1,5034,6,1,5,2,1,0
30,1,21,1,4702,15,0,40,2,1,0
41,1,22,1,3042,3,0,40,1,1,1
21,1,19,5,4638,229,2,6,1,6,0
39,1,21,3,1281,39,0,40,1,1,1
56,1,16,1,5417,41,0,40,1,1,1
19,1,16,5,4247,49,17,17,1,1,0
62,2,22,3,3267,35,0,40,2,1,1
47,1,19,1,547,240,0,40,1,6,1
50,1,19,3,5119,11,0,40,2,1,0
27,1,19,5,5580,39,0,40,1,1,0
20,1,14,5,4045,20,2,11,2,1,0
54,1,19,1,4770,23,0,40,1,1,0
31,2,21,1,2108,19,1,5,2,1,0
22,1,16,5,5831,12,13,40,2,1,0
46,1,19,1,6459,2,1,40,1,1,1
52,1,16,1,6093,11,1,40,1,1,1
44,1,21,1,1247,40,1,40,1,1,1
22,1,16,5,4140,40,0,17,2,1,0
20,1,19,5,4730,52,2,11,1,1,0
36,1,21,1,5914,41,0,40,1,1,0
25,1,19,5,5047,16,0,14,2,1,0
49,1,16,1,7684,8,0,40,1,1,1
46,1,16,1,4196,4,9,40,2,1,0
22,1,21,5,2121,21,17,40,1,1,0
47,1,21,3,356,38,0,40,2,1,1
35,1,21,5,434,34,0,40,1,1,1
41,3,21,1,2353,18,1,40,2,1,0
27,1,19,1,5771,38,0,40,2,1,0
41,1,21,1,730,216,1,40,1,6,1
62,1,24,1,3098,7,0,40,2,1,1
39,1,16,5,9360,311,13,40,1,1,0
28,1,16,3,5165,50,0,40,1,1,0
36,1,16,1,4320,41,10,40,1,1,0
40,3,21,1,2582,14,1,40,2,1,1
62,1,17,1,5341,20,0,40,2,1,0
52,1,16,1,7697,17,1,50,1,1,1
35,3,22,1,2565,3,0,40,2,1,0
53,1,16,1,9341,40,0,40,1,1,1
70,1,19,3,4831,32,0,40,2,1,1
31,1,16,1,6013,21,1,10,2,1,0
50,1,16,1,7075,35,1,40,1,1,1
44,1,21,1,4981,38,1,40,1,1,1
40,1,22,1,2356,33,0,40,2,1,1
57,1,16,5,4284,29,13,40,1,1,1
26,1,21,1,5048,22,0,15,2,1,0
22,1,19,5,5627,219,13,40,1,6,0
24,1,16,3,4048,16,0,12,2,1,0
25,1,16,5,4097,321,13,40,2,1,0
46,1,20,1,3194,7,1,10,2,1,0
25,1,21,5,816,16,0,40,1,1,1
20,1,16,5,9483,9,2,40,1,1,0
28,1,16,3,7590,296,0,40,1,1,0
39,1,19,1,4340,7,0,40,2,1,0
47,1,19,1,6863,8,1,40,1,1,1
53,1,19,3,5668,10,0,40,1,1,1
45,1,21,5,99,40,0,40,1,1,1
43,1,21,1,2889,36,1,40,2,1,1
57,1,20,1,4558,18,1,40,2,1,0
41,3,21,1,2505,38,1,40,2,1,1
68,1,20,3,4979,20,0,40,2,1,1
51,1,16,3,7934,34,0,50,1,1,1
36,1,21,1,2502,39,0,40,2,1,0
76,2,22,1,2428,11,0,11,2,1,0
51,1,19,1,5966,6,1,40,2,1,0
19,1,19,5,4747,47,17,7,1,1,0
26,1,19,5,5789,22,2,40,2,1,0
34,1,21,5,320,22,0,40,1,1,1
22,1,21,5,1995,5,13,31,2,1,0
51,1,18,1,6179,26,0,40,1,1,1
44,1,20,1,4758,8,0,40,2,1,0
56,1,16,5,6329,45,0,40,1,1,0
28,1,16,1,4234,41,1,15,2,1,0
49,7,21,1,2738,4,1,40,1,1,1
34,3,21,5,2373,38,0,40,1,1,1
53,1,16,1,5126,7,1,40,2,1,0
45,1,16,1,8016,7,1,40,1,1,1
44,1,12,1,4088,318,9,40,2,1,0
50,1,21,1,356,42,0,50,1,1,1
49,1,16,3,6995,23,0,50,1,1,1
21,1,19,5,5245,36,17,40,1,1,0
22,1,9,5,4207,25,2,10,2,1,0
34,1,21,5,10,9,0,40,1,1,1
27,1,19,5,6122,39,13,40,1,1,1
24,1,21,5,881,42,0,40,1,1,1
59,1,16,1,4940,328,0,40,2,1,0
29,1,20,1,2041,45,1,11,2,1,0
56,1,19,1,331,33,0,50,1,1,1
24,1,18,5,4178,8,17,32,2,6,0
28,1,16,5,5470,33,13,40,2,1,0
37,1,21,1,1977,215,1,40,2,6,0
39,1,21,1,667,4,0,40,2,1,1
32,1,21,1,1622,36,0,40,1,1,1
41,1,22,1,2436,31,1,40,2,1,0
22,1,19,5,4742,231,12,8,2,6,0
29,1,21,1,4944,45,0,40,2,1,0
27,1,16,5,6123,38,13,40,1,1,0
26,1,16,5,4985,26,13,40,1,1,0
39,1,21,1,5757,6,1,40,1,1,0
45,1,12,1,4003,316,1,10,2,6,0
20,1,14,5,4326,52,17,16,1,1,0
22,1,16,5,3830,7,0,40,2,1,0
48,7,21,1,10,4,0,60,1,1,1
23,1,19,3,5353,26,0,11,2,1,0
49,1,18,5,5519,39,0,40,2,1,0
49,1,16,3,214,18,0,40,1,1,1
25,1,19,5,5388,24,12,40,1,1,0
32,1,21,3,1019,18,0,40,1,1,0
26,1,19,1,2130,26,1,11,2,1,0
46,1,19,1,6415,227,0,40,2,6,0
59,1,16,1,518,39,1,40,1,1,1
49,1,16,1,5780,36,0,40,1,1,0
24,3,22,5,2507,36,13,11,2,1,0
31,1,16,1,6541,37,1,40,2,1,0
29,2,21,1,1741,25,0,40,2,1,0
43,1,22,1,161,34,1,40,1,1,1
20,2,21,5,2341,9,2,12,2,6,0
55,1,20,1,3532,40,1,40,2,1,0
29,1,16,5,6151,14,0,40,2,1,0
33,2,21,1,2143,13,1,40,2,1,0
26,1,21,3,2118,44,0,33,2,1,0
44,1,21,1,2294,38,0,40,2,1,0
52,1,22,3,501,16,0,50,1,1,1
79,1,19,3,3554,39,0,12,2,1,0
21,2,19,5,2303,38,17,12,2,1,0
55,1,18,3,3648,37,0,10,2,1,0
21,1,7,5,4136,25,2,10,1,1,0
21,1,19,5,5712,38,2,33,2,1,0
45,1,21,1,249,12,1,40,1,1,1
45,1,22,1,2382,215,0,40,1,6,1
40,1,19,1,4740,8,0,40,2,1,0
56,1,16,3,5856,40,0,40,1,1,0
45,1,21,1,3282,9,0,40,2,1,1
50,1,20,1,3695,20,1,40,2,1,1
27,1,19,1,4268,27,1,10,2,1,0
26,1,16,5,5486,39,0,40,2,1,0
44,1,21,1,590,15,0,40,1,1,1
53,1,16,5,7770,30,0,40,1,1,1
47,1,19,1,229,38,1,40,1,1,1
42,1,22,1,2248,38,1,40,2,1,1
33,1,21,5,333,7,0,40,1,1,1
59,1,20,1,340,13,0,40,2,1,1
36,1,16,3,9069,36,13,40,1,1,0
48,1,21,3,104,24,0,40,1,1,1
52,1,16,3,293,40,0,50,1,1,1
26,1,21,5,3099,32,0,40,2,1,0
42,3,22,1,2446,36,1,40,2,1,1
38,1,16,5,9332,29,13,40,1,1,0
50,1,21,3,1644,23,0,50,1,1,1
45,1,21,1,276,7,0,40,1,1,1
40,1,16,1,9198,40,1,40,1,1,0
32,1,22,1,914,25,0,40,1,1,1
48,1,18,1,8773,40,1,40,1,1,0
46,1,19,1,5262,11,1,40,2,1,0
54,1,20,1,5934,30,1,40,2,1,0
54,1,16,1,7817,26,0,50,1,1,1
22,1,16,5,4151,33,2,40,2,1,0
20,1,19,5,4892,24,2,8,1,1,0
50,1,19,5,425,1,0,40,1,1,1
30,1,16,3,5179,19,0,40,2,1,0
25,2,21,5,2500,10,2,10,2,1,0
50,1,16,1,7391,7,0,40,1,1,1
27,2,22,1,2091,40,1,7,2,1,0
45,1,20,5,1021,34,0,40,1,1,1
18,1,19,5,2674,39,17,40,1,1,0
38,1,21,1,1046,5,1,40,1,1,1
29,1,18,5,5552,15,12,40,2,1,0
52,1,16,1,5263,18,1,40,1,1,1
37,1,21,5,1271,7,0,40,1,1,1
50,1,17,5,9238,42,0,40,1,1,1
51,1,16,3,7401,313,0,40,1,1,1
25,1,16,5,5914,305,13,40,1,8,0
47,1,21,1,1763,21,1,50,1,1,1
23,1,16,5,4261,1,2,40,1,8,0
30,1,16,5,9228,15,2,40,1,1,0
38,3,21,1,2365,38,1,40,2,1,1
27,1,21,1,2303,238,1,40,2,6,0
76,1,21,1,3073,36,0,40,2,1,1
26,1,16,1,6284,27,1,40,1,1,0
30,1,21,5,6192,40,0,40,1,1,0
22,1,19,5,5220,19,2,35,2,1,0
49,1,16,5,4792,29,0,40,2,1,0
57,1,19,1,5402,29,0,40,2,1,0
18,1,14,5,4089,7,17,16,2,1,0
61,1,18,1,6259,37,1,40,1,1,1
35,3,21,1,2321,23,0,40,2,1,1
44,1,19,3,5442,41,13,40,1,1,1
23,1,19,5,3998,14,0,7,2,1,0
21,1,16,5,4780,24,13,40,2,1,0
53,2,21,1,3128,41,1,34,2,1,0
43,1,21,1,2366,230,0,40,2,1,0
21,1,16,5,4171,26,16,12,2,1,0
40,1,21,3,1412,41,0,40,1,1,1
46,1,19,1,6960,39,1,40,1,1,1
40,3,22,1,2393,4,1,40,2,1,0
39,1,21,1,1216,14,1,40,1,1,1
20,1,16,5,4230,54,16,10,1,1,0
20,1,19,5,4509,6,17,11,2,1,0
60,1,16,1,5853,35,0,40,2,1,0
60,1,16,1,5692,41,0,40,2,1,0
28,1,21,5,2007,35,0,40,2,1,0
30,3,21,1,2461,11,0,40,2,1,0
19,3,21,1,2546,12,10,40,2,1,0
25,1,19,5,5436,39,0,40,2,1,0
31,1,19,1,5595,47,0,40,2,1,0
51,1,21,1,10,25,0,50,1,1,1
19,1,16,5,4569,17,2,6,2,1,0
19,1,19,5,4730,39,17,18,2,1,0
33,1,16,1,9521,42,9,40,1,1,0
19,1,18,5,4641,11,17,7,1,6,0
25,1,19,5,5398,16,0,40,2,1,0
22,1,16,5,4271,9,2,16,1,1,0
61,1,21,1,5401,17,0,40,2,1,0
23,1,16,5,4015,38,16,40,2,1,0
62,1,16,1,6594,39,0,40,1,1,0
41,1,21,1,3214,25,1,40,2,1,1
31,1,21,5,1220,35,0,50,1,1,1
35,1,21,1,2771,38,1,40,2,1,0
27,1,19,5,5480,28,0,40,2,1,0
53,1,16,1,5817,8,1,40,1,1,0
30,1,21,5,2252,35,0,12,2,1,0
23,1,19,5,6299,13,2,8,1,1,0
47,1,21,1,948,35,0,50,1,1,1
21,1,14,5,4170,47,17,9,1,1,0
61,1,16,1,5560,5,1,40,2,1,0
40,1,16,1,8914,10,0,40,1,1,0
54,1,19,1,5140,8,0,40,2,1,0
29,1,21,5,1604,29,0,40,1,1,0
20,1,14,5,4091,25,2,10,2,1,0
17,1,19,5,2402,50,2,11,2,1,0
44,1,19,5,5499,37,13,40,2,1,0
67,1,18,1,4133,40,0,12,2,1,0
51,1,21,1,4942,4,1,40,2,1,0
57,1,19,1,6116,36,1,40,2,1,1
19,1,16,5,4078,19,17,15,1,1,0
37,1,21,1,2610,15,0,40,2,1,0
52,1,19,5,5317,43,0,40,2,1,0
63,3,21,1,2464,10,0,40,2,1,0
35,3,21,1,2167,39,1,40,2,1,1
27,1,19,1,5819,16,0,32,2,1,0
54,1,16,5,7200,9,0,40,1,1,1
27,1,21,5,2295,218,12,40,2,6,0
52,1,19,3,5187,39,0,40,1,1,1
22,1,16,5,5937,34,2,40,1,1,0
19,1,16,5,4098,40,2,15,2,1,0
56,1,16,1,6401,31,0,40,2,1,0
27,2,21,5,2189,25,0,40,2,1,1
26,1,16,5,6110,7,13,40,1,1,0
34,1,11,1,9541,312,1,40,1,1,0
28,1,19,3,9218,52,0,40,1,1,0
45,1,16,1,4344,308,1,40,2,1,0
36,1,16,5,6231,25,0,40,1,1,1
47,1,21,1,10,19,0,40,1,1,1
57,1,17,1,9157,21,0,40,1,1,0
30,1,16,5,7675,312,13,40,1,1,0
27,1,21,1,1059,49,0,40,1,1,0
28,1,21,5,5342,32,0,40,2,1,0
30,1,21,5,2314,35,0,40,2,1,0
26,1,16,5,8829,27,0,40,1,1,0
33,1,16,1,4260,14,1,12,2,1,0
48,1,22,1,557,16,0,40,1,1,1
36,3,21,1,2126,32,0,40,2,1,0
53,1,17,1,6035,38,0,40,1,1,0
21,1,16,5,5089,3,2,40,2,1,0
35,1,21,5,3060,38,0,40,2,1,0
49,1,19,5,4771,43,0,40,2,1,1
54,1,16,1,5009,38,0,40,2,1,0
54,1,18,1,7826,18,0,40,1,1,0
27,1,16,5,9301,40,13,40,1,1,0
25,2,21,3,2145,22,12,40,2,1,0
61,1,21,1,5038,15,0,40,2,1,1
26,1,21,5,5951,227,12,40,1,6,0
39,1,19,1,4196,308,9,40,2,1,0
31,1,21,5,253,19,0,40,2,1,1
62,1,21,3,3655,18,0,40,2,1,0
53,1,20,5,501,42,0,40,2,1,1
55,1,16,1,612,26,0,50,1,1,1
55,1,17,1,6365,24,0,40,1,1,1
30,1,21,5,1182,8,0,40,1,1,1
26,1,19,1,5485,8,1,40,2,1,0
55,1,21,3,426,18,0,50,1,1,1
35,1,19,3,6310,5,0,40,1,1,0
63,1,22,1,157,19,0,40,1,1,1
17,1,16,5,4810,4,17,13,2,1,0
32,3,21,1,2222,215,0,10,2,6,0
41,1,21,1,285,226,1,40,1,6,1
48,1,20,1,2884,41,1,40,2,1,1
47,1,19,1,131,39,0,40,1,1,1
31,1,19,5,5375,3,12,40,1,1,0
45,1,21,1,462,241,1,40,1,6,1
51,1,16,3,7831,28,0,40,1,1,1
43,1,9,1,8199,302,0,40,1,1,1
58,1,19,1,6804,42,0,40,1,1,1
29,1,19,3,5975,30,0,40,2,1,0
60,1,16,3,3650,10,0,32,2,1,0
28,1,11,3,4199,50,10,40,1,1,0
43,1,21,1,5279,38,0,40,1,1,0
58,1,20,1,3225,5,1,40,2,1,0
19,1,19,3,4524,53,10,40,2,1,0
39,1,16,5,7510,37,13,40,1,1,1
26,1,21,1,1961,44,10,40,2,1,0
34,1,16,5,7511,26,0,40,1,1,1
35,1,22,1,815,13,0,40,1,1,1
58,1,9,1,4161,43,1,35,2,1,0
21,1,16,5,3994,37,0,33,2,1,0
45,1,21,1,398,4,0,40,2,1,1
24,1,19,5,3752,10,0,13,2,1,0
26,1,16,3,3782,26,0,10,2,1,0
51,1,16,1,5648,38,0,40,1,1,1
25,1,19,5,4691,22,13,40,2,1,0
60,1,16,1,6541,10,0,40,2,1,0
44,1,21,1,3071,12,1,40,2,1,1
28,1,19,5,6056,20,0,40,1,1,0
46,1,16,5,5415,44,0,40,1,1,1
27,1,16,1,4033,6,1,35,2,1,0
21,1,16,5,9275,22,17,40,1,1,0
49,1,20,3,445,7,0,40,1,1,1
28,2,21,1,2139,2,0,40,2,1,1
26,1,18,5,9490,16,2,40,1,1,0
54,1,16,1,9372,10,1,40,1,1,0
67,2,21,3,3086,35,0,40,2,1,0
66,1,21,1,717,37,0,40,1,1,1
44,1,19,1,19,1,1,40,1,1,1
42,1,19,5,399,7,0,40,1,1,1
58,1,16,1,5950,35,0,40,1,1,0
34,1,21,1,2474,14,0,40,1,1,0
17,1,14,5,4232,6,17,9,2,1,0
24,1,16,5,5932,4,0,40,1,1,0
31,1,17,5,6288,8,0,40,1,1,0
26,1,16,5,4128,223,9,9,2,6,0
63,1,21,1,10,26,0,40,1,1,1
53,1,20,1,5614,31,1,40,2,1,1
48,1,19,1,6240,35,0,40,1,1,0
40,1,19,1,4892,36,0,40,2,1,0
42,1,16,1,9410,46,1,40,1,1,0
21,1,21,5,2381,12,2,40,1,1,0
56,1,21,1,3429,40,1,40,2,1,0
36,3,21,1,2296,30,1,40,2,1,0
51,1,16,1,5315,37,1,40,1,1,1
26,1,19,5,4683,23,2,33,2,1,0
52,1,18,1,7798,26,0,40,1,1,1
47,1,21,3,18,36,0,50,1,1,1
25,1,19,5,5829,38,2,40,1,1,0
48,1,22,1,722,37,0,40,1,1,1
43,1,16,1,4647,222,0,40,2,6,0
35,1,21,1,1099,303,1,40,1,6,1
22,1,16,5,4183,12,17,8,2,1,0
50,1,21,1,953,21,0,50,1,1,1
27,1,19,5,4700,8,12,12,2,1,0
21,1,19,5,2349,7,2,3,2,1,0
40,1,19,1,5857,200,1,40,1,6,0
30,1,16,1,5373,2,0,40,2,1,0
49,1,19,1,5471,219,1,40,1,6,0
31,1,21,1,2312,12,0,40,2,1,0
38,1,21,1,2177,35,1,40,1,1,1
25,2,22,5,3454,11,0,40,2,1,1
48,1,19,1,6111,7,1,40,1,1,0
55,1,16,1,7346,20,1,40,1,1,1
58,1,19,5,5812,37,0,40,2,1,1
23,1,16,5,4717,28,2,15,2,1,0
58,1,16,1,48,8,0,50,1,1,1
56,1,18,3,153,5,0,50,1,1,1
60,1,19,1,4750,15,0,40,1,1,1
46,1,21,1,10,38,0,40,1,1,1
40,1,21,1,720,38,1,40,1,1,1
44,1,19,5,7563,311,0,40,1,1,1
52,1,20,1,1398,36,1,40,1,1,1
61,1,19,1,5920,39,0,40,2,1,0
30,1,21,5,1877,224,12,7,2,6,0
43,1,16,1,3996,2,1,10,2,1,0
24,1,18,5,5781,22,13,40,2,1,0
55,1,19,1,6049,40,0,40,1,1,1
52,1,19,1,6902,35,0,50,1,1,1
58,1,21,1,3112,25,1,40,2,1,1
20,1,19,5,5176,20,2,40,1,1,0
83,2,22,3,2219,26,0,13,2,1,0
20,1,21,5,2600,39,17,13,1,1,0
27,1,17,5,9397,35,16,40,1,1,0
19,1,16,5,4166,37,2,13,2,1,0
32,1,16,3,9199,40,0,40,1,1,0
47,1,22,1,67,12,0,40,1,1,1
36,1,16,5,5993,41,0,40,1,1,0
21,1,16,5,4694,37,13,34,2,1,0
34,1,9,1,8819,295,1,40,2,1,0
47,3,21,1,2348,298,1,4,2,1,0
42,1,21,1,5879,40,0,40,1,1,0
34,1,19,5,5704,7,0,40,1,1,0
44,1,16,1,4990,7,0,40,2,1,0
20,1,16,5,4188,50,17,40,1,1,0
27,1,21,1,1823,34,0,8,2,1,0
45,1,20,1,3185,4,1,40,2,1,1
32,1,21,5,3639,40,0,35,2,1,0
29,1,19,3,6110,4,0,29,2,1,0
40,1,22,1,2349,35,0,40,1,1,1
28,1,16,5,9356,47,16,40,1,1,0
57,1,16,1,5583,25,1,40,1,1,1
38,1,21,3,5439,4,0,40,2,1,0
54,1,16,1,5872,16,0,40,1,1,1
47,1,19,1,171,41,1,40,1,1,1
27,1,22,5,2268,5,0,40,2,1,1
17,1,19,5,2448,33,2,15,2,1,0
27,1,21,5,2178,21,2,40,1,1,0
44,1,21,1,426,38,0,40,1,1,1
25,1,19,5,7324,1,0,40,1,1,0
26,1,21,5,6215,6,0,40,1,1,0
59,1,16,1,5949,38,1,40,2,1,0
58,1,21,3,3778,27,0,40,2,1,1
27,1,21,5,568,17,0,40,1,1,1
42,1,20,5,401,6,13,40,2,1,1
42,1,21,1,201,17,0,40,1,1,1
22,1,14,5,9588,4,2,40,1,1,0
23,1,19,5,3466,36,12,36,2,1,0
46,1,21,5,341,26,0,40,2,1,1
61,1,16,1,3681,40,9,40,2,1,0
50,1,16,1,5638,49,1,40,2,1,0
39,3,21,1,2356,9,0,40,2,1,1
41,1,21,1,3054,13,1,40,2,1,0
53,1,16,5,4966,4,0,40,1,1,1
45,1,21,1,222,5,0,40,1,1,1
43,1,21,5,1227,25,0,50,1,1,1
52,1,19,1,7725,19,0,40,1,1,1
50,1,16,1,7357,28,0,40,1,1,1
50,1,21,1,1331,40,0,50,1,1,1
37,1,21,5,1374,17,13,40,1,1,1
42,1,21,3,5915,3,0,40,2,1,1
31,1,18,5,5414,22,13,40,1,1,0
36,1,22,5,2585,11,0,40,1,6,1
30,1,19,3,5629,11,0,37,2,1,0
52,1,18,1,5615,31,0,40,1,1,1
47,1,10,1,4045,1,1,33,2,1,0
50,1,16,1,7003,35,1,40,1,1,1
44,1,21,1,3167,17,1,40,2,1,1
27,1,18,5,5620,14,0,40,2,1,0
41,1,16,3,7195,9,0,40,1,1,1
60,1,17,1,4047,43,1,14,2,1,0
64,1,16,1,6028,33,1,29,2,1,0
36,1,21,1,985,34,1,40,1,1,1
21,1,19,5,4664,5,2,4,2,1,0
28,2,21,1,2121,2,0,40,2,1,0
22,1,16,3,4013,5,9,14,2,1,0
22,1,19,5,5354,6,17,40,1,6,0
40,1,19,3,6634,5,0,40,1,1,0
39,1,21,5,7373,41,0,40,1,1,1
43,1,22,3,2994,209,0,40,2,6,1
26,1,17,5,9110,52,13,40,1,1,0
23,1,19,1,5913,2,0,32,2,1,0
54,1,19,1,280,23,0,40,1,1,1
37,1,19,1,5159,15,0,40,2,1,0
23,2,21,5,2154,21,2,5,2,1,0
29,1,18,3,6138,19,0,40,1,1,0
48,1,19,1,8915,8,0,40,1,1,1
41,1,10,5,4487,296,0,40,2,8,0
18,1,19,5,4671,40,2,14,2,1,0
28,1,17,5,8239,39,13,40,1,1,0
57,1,17,1,5666,36,0,40,2,1,0
35,1,16,5,6208,3,0,40,1,1,0
53,1,17,1,4006,307,0,40,2,1,0
27,1,17,1,4115,25,0,40,2,1,0
60,1,19,1,5486,43,0,40,2,1,0
57,1,16,1,5384,19,0,40,2,1,0
50,1,21,1,427,38,0,40,2,1,1
54,1,16,5,6878,35,0,40,1,1,1
47,1,16,5,5484,9,0,40,2,1,0
26,1,21,5,5955,5,0,40,2,1,0
40,2,21,1,2070,36,1,13,2,1,0
25,1,21,5,5845,20,0,40,1,1,0
32,3,21,3,2547,39,0,40,2,1,0
26,1,21,5,1175,4,0,40,2,1,0
40,1,21,1,485,22,1,40,1,1,1
21,1,16,5,4054,52,16,10,1,1,0
20,1,16,5,4138,36,2,40,1,1,0
56,1,21,1,391,36,1,50,1,1,1
20,1,18,5,3908,16,2,40,2,1,0
62,1,16,1,5538,26,9,40,2,1,0
56,1,16,1,4845,42,1,40,2,1,0
35,1,16,1,6752,34,1,40,1,1,0
54,1,20,3,613,26,13,40,1,1,1
25,2,24,5,2103,44,13,40,2,1,0
50,1,21,1,10,40,0,40,1,1,1
50,1,19,1,238,30,0,40,1,1,1
21,1,7,5,3500,12,2,17,2,1,0
39,1,16,1,7114,33,0,40,1,1,1
20,1,21,5,1992,25,2,8,1,1,0
54,1,16,1,7386,39,0,40,1,1,1
31,1,19,5,5335,23,0,40,2,1,0
54,1,16,1,5647,21,1,40,2,1,0
56,7,16,3,552,33,0,50,1,1,1
63,1,16,1,3716,22,1,17,2,1,0
25,1,16,5,5851,12,2,40,1,1,0
35,1,21,1,2327,23,0,40,2,1,0
31,1,19,3,5368,34,0,40,1,1,0
40,1,21,1,2265,32,1,40,1,1,1
22,1,16,5,3909,33,2,40,2,1,0
48,1,19,3,41,2,0,40,1,1,1
46,1,21,1,812,20,0,40,1,1,1
31,1,16,3,5426,23,0,40,2,1,0
63,1,19,1,5761,9,0,40,1,1,1
46,3,21,5,2535,9,0,40,1,1,1
46,1,22,3,1238,1,0,40,1,6,1
39,1,21,1,3036,29,1,40,1,1,1
25,1,19,5,5222,25,2,40,1,1,0
27,1,21,1,2664,11,0,10,2,1,0
59,1,16,1,7447,43,1,40,1,1,0
42,1,21,3,1340,4,0,40,2,1,1
43,1,19,1,411,38,0,50,1,1,1
23,1,19,3,4939,17,0,40,2,1,0
50,1,21,1,704,26,0,40,1,1,1
45,1,1,1,8993,318,0,40,1,6,0
48,1,22,1,532,211,0,40,1,1,1
18,1,19,5,4819,8,2,13,1,1,0
61,1,19,1,5397,19,0,6,2,1,0
27,1,21,3,5760,28,0,40,2,1,0
18,1,19,5,2730,11,2,4,2,6,0
52,1,16,1,6302,38,1,40,1,1,1
43,1,21,1,758,26,1,50,1,1,1
38,1,21,1,800,17,0,40,2,1,0
50,1,21,1,4973,37,1,40,2,1,0
45,1,21,1,341,43,0,50,1,1,1
49,1,21,3,315,16,0,40,1,1,1
60,1,18,1,4002,33,1,40,2,1,0
65,1,16,1,8892,35,0,40,1,1,1
58,1,19,1,5834,22,1,40,2,1,0
32,3,21,1,2191,34,0,40,2,1,0
43,1,21,3,305,6,0,40,2,1,1
31,1,21,5,3163,34,0,40,2,1,0
49,1,16,1,4756,5,8,40,2,1,0
23,1,16,5,4312,16,17,16,1,1,0
51,1,16,5,6057,41,13,40,1,1,0
60,1,19,1,5327,18,0,32,2,1,0
42,1,20,1,4520,17,1,40,1,1,1
43,1,16,1,4991,246,0,34,2,6,0
27,1,21,5,3790,27,2,11,2,1,0
41,3,21,1,2241,38,1,40,1,1,1
42,3,21,1,2273,23,1,40,2,1,1
57,1,18,1,6035,19,0,40,1,1,1
48,1,21,3,113,9,0,40,1,1,1
24,1,21,5,4945,40,17,40,1,1,0
27,1,19,3,5109,25,0,33,2,1,0
50,1,19,1,5520,24,1,40,2,1,1
23,1,21,1,2035,37,9,40,2,1,0
25,1,19,3,3478,30,0,31,2,1,0
50,1,20,1,5645,44,1,40,2,1,1
50,1,22,1,655,38,1,50,1,1,1
56,1,21,1,3287,17,0,40,2,1,1
30,3,22,1,2713,37,0,40,2,1,0
33,1,16,1,5892,42,1,40,2,1,0
58,1,17,1,5544,17,0,40,1,1,0
39,1,21,1,899,213,1,40,2,6,1
31,1,21,5,2276,16,0,40,2,1,1
58,1,16,1,5484,24,1,40,1,1,0
36,1,21,1,2313,40,1,40,1,1,1
45,1,21,1,57,35,1,40,1,1,1
36,1,19,1,4907,39,1,40,1,1,0
24,1,19,1,2526,21,0,9,2,1,0
29,1,21,1,4969,18,0,40,2,1,0
49,1,16,1,7334,225,0,40,1,1,1
50,1,20,1,478,13,0,40,1,1,1
53,1,19,3,5644,40,0,40,1,1,1
47,1,21,1,3368,228,1,40,2,6,1
28,1,16,1,9289,314,10,40,1,1,0
22,2,21,5,2186,38,0,40,2,1,0
27,1,16,5,6169,2,13,40,1,1,0
34,1,21,1,1437,36,0,40,2,1,0
35,1,21,1,855,39,1,40,1,1,1
29,1,21,5,780,230,13,40,1,6,0
30,1,21,5,1885,16,13,40,1,1,0
45,1,12,1,4213,39,1,40,2,1,0
20,1,16,5,4657,52,16,40,1,1,0
43,1,21,5,573,31,0,40,1,1,1
33,1,22,1,2856,37,1,40,1,1,0
24,1,21,5,3179,34,2,40,2,1,0
20,1,14,5,4168,22,17,9,1,1,0
22,1,16,5,5404,39,2,40,2,1,0
24,1,16,5,4138,21,2,33,2,1,0
27,1,19,5,5206,44,13,40,2,1,0
19,1,16,5,4187,39,2,9,2,1,0
29,1,16,5,6669,3,0,40,2,1,0
30,1,21,1,2680,8,1,40,2,1,0
24,1,19,5,4784,36,0,40,2,1,0
48,1,21,1,2940,36,0,40,2,1,1
36,1,19,3,4964,38,0,40,1,1,0
31,1,16,1,5748,20,9,40,2,1,0
27,1,21,5,1903,35,0,8,2,1,0
45,1,21,1,3090,40,0,50,1,1,1
26,1,16,5,5258,55,13,40,1,1,0
45,1,21,3,2942,24,0,50,1,1,1
43,1,22,3,708,222,0,40,1,6,1
49,1,19,5,10,34,0,40,1,1,1
33,1,21,3,5023,22,16,40,2,1,0
29,1,18,3,7527,14,0,40,1,1,0
41,1,16,1,6361,26,0,40,1,1,0
48,1,22,3,577,40,0,50,1,1,1
25,1,21,1,2115,35,1,40,2,1,0
47,1,21,1,122,17,0,50,1,1,1
20,1,16,5,9830,14,2,40,1,1,0
26,1,21,5,2331,5,12,8,2,1,0
46,1,21,1,5944,39,0,40,1,1,1
29,1,9,1,3998,50,0,40,1,1,0
44,1,16,1,10,7,0,40,1,1,1
52,1,18,1,5828,223,1,40,2,1,1
20,1,14,5,4068,21,16,40,1,1,0
28,1,21,1,5335,6,0,40,2,1,0
25,1,21,1,2386,42,0,40,2,1,0
33,1,21,1,1735,38,0,40,1,1,1
63,1,19,1,3555,39,0,40,2,1,0
52,1,21,3,219,19,0,40,1,1,1
22,1,16,3,5971,18,0,40,1,1,0
59,1,19,1,5461,31,0,40,1,1,1
56,1,16,1,3708,43,0,40,2,1,0
49,1,19,3,198,11,0,40,1,1,1
52,1,19,3,225,38,0,40,1,1,1
30,1,1,5,9095,202,0,40,1,6,0
33,1,19,1,5496,39,0,40,1,1,0
27,1,16,5,5241,35,13,40,2,1,0
49,2,21,1,2244,40,0,40,2,1,1
17,1,14,5,4038,54,17,9,2,1,0
30,1,21,5,5538,220,0,40,2,6,0
35,1,21,1,2158,21,0,40,1,1,0
17,1,9,5,4175,5,2,6,1,8,0
54,1,16,1,207,245,0,40,1,1,1
22,1,11,3,4214,308,0,40,2,1,0
31,1,19,1,4838,21,1,40,1,1,1
25,1,20,1,2494,26,0,7,2,1,0
63,1,19,1,5806,41,0,40,1,1,0
44,1,18,1,7360,8,1,40,1,1,1
46,1,16,1,6174,1,0,40,2,1,0
51,1,19,1,5546,34,0,40,1,1,1
46,1,21,1,497,8,1,40,1,1,1
26,1,19,5,5184,36,2,40,1,1,0
34,1,21,1,5930,37,1,40,1,1,1
25,1,16,5,4030,9,13,40,2,1,0
51,1,20,5,7565,43,0,40,1,1,1
33,1,20,1,6853,19,1,40,1,1,0
46,1,16,1,4082,308,1,17,2,1,0
44,1,21,1,10,24,1,50,1,1,1
24,1,19,3,4983,33,12,40,2,1,0
64,1,19,1,3740,40,0,17,2,1,0
37,1,21,1,842,37,0,40,1,1,1
47,1,19,1,235,38,0,40,1,1,1
29,1,16,5,4616,42,0,40,2,1,0
33,1,19,1,7681,25,0,40,1,1,0
37,1,22,5,2340,9,0,40,2,1,1
30,1,17,1,6109,36,1,40,2,1,0
42,3,21,5,2599,24,0,40,2,1,1
23,1,19,5,4596,17,16,10,1,1,0
60,1,16,1,4617,18,1,40,1,1,1
51,1,16,1,7738,23,0,40,1,1,1
73,1,21,1,2580,37,0,13,2,1,0
27,2,21,1,1908,6,1,10,2,1,0
51,1,22,1,2930,39,0,40,1,1,1
41,1,16,5,5723,6,0,40,2,1,0
40,1,19,1,4848,34,1,40,2,1,0
21,1,16,5,4819,13,17,40,1,1,0
42,1,21,1,3086,13,1,40,1,1,1
40,1,21,1,1585,38,1,40,1,1,1
47,1,21,3,382,36,0,40,2,1,1
21,1,19,5,4837,9,16,5,1,1,0
58,1,21,1,3334,23,0,40,2,1,1
36,1,22,1,751,37,1,40,1,1,1
36,1,21,1,4736,3,0,40,1,1,1
30,1,21,5,425,45,0,40,1,1,0
46,1,16,1,7954,306,0,40,1,1,1
18,1,19,5,3765,40,15,10,1,1,0
44,1,21,1,3357,31,1,40,2,1,1
26,1,21,5,3355,16,13,40,2,1,0
29,2,22,1,2236,9,0,9,2,1,0
53,1,21,3,853,28,0,50,1,1,1
27,1,17,3,3990,15,16,40,2,1,0
31,1,21,1,1128,12,0,40,1,1,1
50,1,21,1,10,4,0,40,1,1,1
38,1,16,1,9399,13,0,40,1,1,0
34,1,21,5,1333,37,0,40,1,1,1
27,1,19,5,5927,22,0,40,1,1,1
38,1,21,1,315,30,0,40,2,1,1
41,1,21,1,1701,22,1,40,1,1,1
18,1,16,5,4224,9,2,10,2,1,0
27,1,21,5,3506,19,13,40,2,1,0
28,1,16,1,5918,43,1,40,2,1,0
23,1,14,5,4060,39,2,7,1,1,0
25,1,19,5,4790,10,0,40,2,1,0
47,1,21,1,216,19,1,50,1,1,1
50,1,21,1,498,4,1,50,1,1,1
33,1,19,5,5424,13,0,40,1,1,0
43,1,22,1,728,4,0,40,1,1,1
19,1,18,5,6049,4,2,10,2,1,0
56,1,19,1,4807,24,0,40,1,1,1
27,1,12,5,6510,8,0,40,1,1,0
33,1,16,1,5500,1,0,40,1,1,0
26,1,19,5,6114,42,2,40,1,1,0
25,1,22,3,2140,8,0,40,2,1,0
25,1,16,5,9349,37,2,40,1,1,0
26,1,21,5,1444,4,2,40,1,1,1
22,1,16,5,4152,11,2,40,2,1,0
21,1,19,5,4430,49,17,40,1,1,0
18,1,14,5,4657,5,16,3,2,1,0
46,1,19,5,6047,27,0,40,1,1,1
24,1,16,1,6115,23,9,40,2,1,0
60,1,16,1,5968,25,1,40,2,1,0
59,2,21,1,3391,29,1,40,2,1,0
46,1,21,1,3229,39,1,40,2,1,0
50,1,20,3,362,35,0,40,1,1,1
46,1,21,1,883,35,1,40,1,1,1
23,1,16,5,3850,22,0,5,2,1,0
37,1,21,1,2201,37,1,40,2,1,0
24,1,19,5,4755,27,13,40,2,1,0
41,1,21,1,2449,9,1,40,2,1,1
55,1,18,3,4790,5,0,40,1,1,1
32,3,22,1,2466,40,1,40,2,1,0
54,1,16,1,8838,5,0,40,1,1,1
50,1,22,5,10,36,0,40,1,1,1
28,1,13,3,4189,25,0,40,2,1,0
21,1,16,5,5013,35,13,40,2,1,0
62,1,16,1,3953,41,10,5,2,1,0
40,1,21,1,1164,220,0,40,2,1,1
45,1,21,1,437,3,1,60,1,1,1
47,1,22,1,759,40,0,50,1,1,1
49,1,11,1,8783,320,9,40,1,1,0
65,1,18,1,4027,29,1,14,2,1,0
54,1,21,3,1055,14,0,40,1,1,1
46,1,19,1,5503,10,1,40,2,1,0
28,1,16,1,4134,43,10,40,2,1,0
34,2,21,1,2100,26,1,40,2,1,1
20,1,19,5,4576,38,2,7,1,1,0
48,1,21,3,175,9,0,40,1,1,1
44,1,21,1,278,35,0,40,1,1,1
60,1,21,1,3203,32,0,40,2,1,1
43,1,21,1,5305,224,1,40,1,6,1
27,3,21,1,2258,33,0,11,2,1,0
58,1,16,1,6635,24,0,40,1,1,1
57,1,18,1,6092,41,1,40,1,1,1
66,2,20,1,2367,16,1,8,2,1,0
52,1,19,1,102,41,0,50,1,1,1
48,1,20,3,586,31,0,40,1,1,1
46,1,16,1,7365,35,0,40,1,1,1
19,1,14,5,4574,51,2,7,2,1,0
39,1,21,1,2701,39,0,40,2,1,0
38,1,21,1,6468,12,1,40,1,1,0
58,1,19,1,288,40,1,40,1,1,1
32,1,19,5,7737,34,0,40,1,1,1
49,1,21,1,46,11,1,40,1,1,1
59,1,17,1,5863,38,0,40,1,1,1
57,1,16,3,324,42,0,40,1,1,1
61,1,20,1,4886,18,1,40,2,1,1
27,1,21,5,1411,37,13,40,1,1,1
47,3,21,1,2547,35,1,40,1,1,1
50,1,21,1,3653,36,1,40,2,1,1
46,1,21,1,294,227,0,40,1,1,1
48,1,20,3,307,1,0,50,1,1,1
31,1,19,1,5237,18,0,40,1,1,0
19,1,19,5,4817,58,16,40,1,1,0
44,1,21,1,260,38,0,50,1,1,1
65,1,19,5,5157,7,13,40,2,1,0
23,1,16,5,4196,39,2,40,2,1,0
63,1,19,1,5329,16,0,40,2,1,0
49,1,21,1,1288,14,1,40,1,1,1
57,1,16,1,6269,15,1,40,1,1,0
49,1,21,5,170,7,0,40,1,1,1
62,1,19,1,454,14,0,40,1,1,1
62,1,14,1,4001,320,1,7,2,1,0
42,1,22,3,626,35,0,40,2,1,1
19,1,19,5,4638,47,16,15,1,1,0
47,1,22,1,294,13,1,40,1,1,1
52,1,19,1,7701,25,0,40,1,1,1
48,1,21,1,154,6,0,40,1,1,1
38,1,16,1,9699,303,1,40,1,8,0
38,3,22,1,2598,233,0,40,2,6,0
19,1,8,5,4169,4,2,8,1,1,0
22,1,18,5,4116,35,2,11,2,1,0
23,1,16,5,4186,5,2,6,2,1,0
26,1,18,5,5741,24,0,40,1,1,0
52,1,16,5,5991,36,0,40,2,1,0
19,1,19,5,6009,5,17,40,1,1,0
19,1,19,5,4649,21,2,13,2,1,0
49,1,18,3,5856,307,0,40,1,1,1
44,1,16,3,297,218,0,40,1,1,1
21,1,14,5,9450,15,2,40,1,1,0
26,1,21,5,2349,6,2,33,2,1,0
48,1,21,1,3215,6,0,40,2,1,0
40,1,21,1,3273,6,1,40,2,1,0
27,1,16,5,5815,19,13,40,1,1,0
52,1,21,1,262,3,1,40,1,1,1
52,3,22,1,2389,7,1,40,2,1,0
60,1,18,3,4649,13,0,40,2,1,0
41,1,21,1,3113,37,1,40,2,1,0
54,1,19,3,5358,36,0,40,2,1,0
29,1,21,1,2594,8,1,40,2,1,0
26,1,19,1,5206,40,1,40,2,1,0
45,1,21,1,1481,37,0,40,1,1,1
52,1,16,1,5514,41,0,40,1,1,0
23,1,19,5,4211,28,2,40,2,1,0
20,1,16,5,4155,8,2,9,2,1,0
50,1,16,1,8053,36,0,40,1,1,1
69,1,19,1,5559,40,0,40,2,1,0
52,1,21,1,355,40,0,40,1,1,1
28,1,21,5,2058,23,2,40,2,1,0
57,1,22,3,621,32,0,40,1,1,1
55,1,16,1,7598,42,1,40,1,1,1
27,1,19,5,5588,8,2,40,2,1,0
31,2,22,1,2118,21,1,40,2,1,0
45,1,16,5,6167,4,0,40,2,1,0
28,1,18,5,4164,10,13,40,2,1,0
18,1,19,5,4726,11,17,7,1,1,0
23,2,22,5,2368,10,17,11,2,1,0
63,1,19,1,5919,27,1,40,2,1,1
23,1,16,5,4098,40,0,40,1,1,0
58,1,16,1,183,17,0,50,1,1,1
64,1,16,3,5506,41,0,40,2,1,0
59,1,16,1,4974,40,1,40,2,1,0
30,1,21,5,2361,22,13,40,2,1,0
30,1,19,1,6001,27,0,40,1,1,0
43,1,21,1,170,6,0,40,2,1,1
28,1,19,1,4121,54,10,40,2,1,0
64,1,16,1,5945,34,9,40,2,1,0
52,1,20,5,385,43,0,40,1,1,1
52,1,20,3,348,19,0,50,1,1,1
29,1,16,1,7450,3,0,40,1,1,0
45,1,17,1,4143,4,1,31,2,1,0
52,1,16,5,5460,41,0,40,2,1,1
25,1,21,5,2258,23,0,40,1,1,0
64,1,21,3,228,16,0,40,1,1,1
50,1,21,3,285,25,0,40,1,1,1
28,1,21,3,2448,10,0,13,2,1,0
47,1,21,1,923,9,0,40,1,1,1
43,1,21,1,3458,6,0,40,2,1,1
59,1,16,5,5566,35,0,40,2,1,0
30,1,21,1,2227,7,1,40,2,1,0
42,1,22,1,801,197,1,40,1,6,1
28,3,21,5,2513,36,2,40,1,1,0
47,1,19,5,293,13,0,40,1,1,1
49,1,20,3,10,8,0,40,1,1,1
58,1,16,1,4035,9,0,11,2,1,0
50,1,16,3,8262,36,0,50,1,1,1
74,2,21,3,2499,12,0,16,2,1,0
29,1,21,5,2188,36,13,40,2,1,0
63,3,20,1,2441,33,0,10,2,1,0
44,1,21,1,1064,34,1,40,1,1,1
44,1,20,1,1364,23,1,40,1,1,1
28,1,21,5,5446,11,0,40,2,1,0
60,2,22,3,2110,35,0,40,2,1,0
38,1,21,1,626,19,1,50,1,1,1
70,2,22,3,2084,39,0,13,2,1,0
31,1,19,1,5498,36,10,40,1,1,0
20,1,18,5,4588,20,2,31,2,1,0
20,1,21,5,1208,10,2,40,1,1,0
24,1,19,1,4111,32,0,40,2,1,0
59,1,19,1,5284,18,0,40,2,1,0
29,1,21,1,2671,4,1,40,1,1,1
23,1,16,5,4013,38,2,32,2,1,0
52,1,21,1,229,15,0,50,1,1,1
24,1,21,5,626,19,0,40,1,1,1
46,1,20,1,10,37,1,50,1,1,1
32,1,21,1,5934,48,1,40,2,1,0
57,1,16,3,7221,21,0,40,1,1,1
27,1,21,1,2362,5,1,40,2,1,0
34,1,21,1,1177,27,1,40,1,1,1
37,1,18,1,4043,12,0,40,1,1,0
23,1,10,5,6662,1,0,40,1,1,0
27,1,21,3,2387,41,0,40,2,1,0
30,1,21,5,3316,195,0,40,2,6,1
23,1,19,5,5595,18,2,40,1,1,0
43,1,16,1,7892,16,0,40,1,1,0
40,3,22,1,2332,21,0,40,2,1,0
31,2,22,1,2054,40,0,40,2,1,0
46,1,21,1,797,38,0,50,1,1,1
31,1,21,1,2540,234,1,15,2,6,0
44,1,21,1,649,14,0,40,1,1,1
51,1,16,5,7747,37,0,40,1,1,1
55,1,16,1,5617,40,1,40,1,1,0
29,1,21,1,2289,42,1,40,2,1,0
48,1,22,5,3251,229,0,40,2,6,1
20,1,19,5,4252,9,17,15,1,6,0
30,1,16,1,9743,8,10,40,1,1,0
23,1,16,5,5844,37,13,40,1,1,0
43,1,16,3,5102,36,13,40,1,1,1
52,1,21,5,3714,41,0,40,2,1,1
62,1,19,1,419,25,1,50,1,1,1
51,1,16,3,67,2,0,50,1,1,1
22,1,19,5,5656,7,2,40,2,1,0
23,1,19,5,6115,35,12,40,2,1,0
46,1,21,1,52,8,0,40,1,1,1
38,1,21,1,1116,16,0,40,1,1,1
21,1,19,5,4738,46,17,14,2,1,0
51,1,21,3,126,15,0,50,1,1,1
63,1,21,1,2759,33,1,40,2,1,1
23,1,21,5,2079,38,17,40,1,1,0
20,1,16,5,4684,9,2,35,2,1,0
21,2,19,5,2321,37,17,10,2,1,0
53,1,19,1,5782,36,1,40,1,1,0
22,3,21,5,2281,38,2,6,2,1,0
30,1,21,1,2249,3,0,40,2,6,0
54,1,16,1,7172,38,1,40,1,1,1
49,1,21,1,173,41,0,40,1,1,1
25,1,16,5,9646,3,2,40,1,1,0
48,1,16,3,6775,39,0,40,1,1,1
19,1,19,5,4670,20,2,8,1,1,0
62,1,19,3,3621,39,0,40,2,1,0
51,1,16,3,7179,6,0,40,1,1,1
33,1,21,5,1195,43,0,40,1,1,1
58,1,16,1,5685,32,1,40,1,1,0
37,1,16,1,5237,4,0,40,2,1,0
22,1,21,5,2488,4,0,40,2,1,0
57,1,16,1,4117,2,0,40,2,1,0
40,1,11,1,6220,219,1,40,1,6,0
26,1,19,5,5689,36,0,40,1,1,0
24,1,22,5,2718,10,0,40,1,1,1
34,1,19,1,5663,45,0,40,1,1,0
46,1,21,1,6234,36,1,40,1,1,1
49,1,16,1,5846,35,1,40,2,1,0
21,1,14,5,4198,38,2,7,2,1,0
53,1,18,5,5370,12,0,40,2,1,0
28,1,16,5,6474,27,2,40,1,1,0
45,1,22,1,10,3,0,40,1,1,1
28,1,21,5,2492,3,13,4,2,1,0
49,1,16,3,6031,316,0,40,1,1,1
28,1,21,1,3105,35,0,40,2,1,0
65,3,21,1,2466,40,0,18,2,1,0
44,1,21,1,3447,16,0,40,1,1,1
23,1,16,1,4832,37,0,40,2,1,0
62,1,16,1,4972,21,1,40,1,1,1
42,1,21,1,92,34,0,40,1,1,1
26,1,19,5,4654,8,2,10,2,6,0
41,1,22,1,3299,32,1,40,2,1,1
30,1,21,1,2135,7,9,40,2,1,0
39,1,18,1,5889,16,1,40,1,1,0
44,1,16,1,6098,308,0,40,2,1,0
50,1,21,1,359,35,0,50,1,1,1
43,1,16,1,4390,1,1,40,2,1,0
25,1,21,1,2191,40,0,7,2,1,0
20,1,19,5,4685,17,17,8,1,1,0
52,1,16,1,302,38,0,50,1,1,1
23,1,21,3,5338,3,10,33,2,1,0
51,1,16,3,7678,15,0,50,1,1,1
52,1,21,5,128,15,0,40,1,1,1
65,1,21,1,3194,6,1,40,2,1,1
23,1,16,5,4049,47,2,17,2,1,0
46,1,19,1,5742,12,1,40,1,1,1
27,1,21,5,5488,23,0,40,2,1,0
30,1,21,1,5771,40,1,9,2,1,0
29,1,20,5,894,18,0,40,1,1,1
30,1,16,1,7785,22,1,40,1,1,0
54,1,18,5,5988,12,0,40,2,1,0
34,1,21,5,931,220,13,40,1,6,1
19,1,19,5,4561,47,16,3,1,1,0
59,1,17,1,6103,24,1,40,1,1,0
25,1,21,5,2890,41,0,40,1,1,0
51,1,21,1,1134,11,0,40,1,1,1
41,1,21,1,10,34,0,50,1,1,1
63,1,16,1,4792,46,0,40,2,1,0
42,1,19,1,5384,39,0,40,1,1,0
40,1,21,1,2134,3,1,40,2,1,1
24,1,16,5,3903,8,17,40,2,1,0
49,1,16,5,7042,8,0,40,1,1,1
55,1,7,1,4096,41,1,36,2,1,0
47,1,19,1,5235,6,1,40,2,1,0
18,1,14,5,4229,228,2,9,2,6,0
30,1,16,5,4867,21,0,40,1,1,0
50,1,19,3,5308,9,0,40,2,1,0
57,1,21,1,3553,13,0,40,2,1,0
57,1,21,1,123,21,1,40,2,1,1
57,1,18,1,9051,21,0,40,1,1,0
36,1,16,1,4703,41,0,40,1,1,0
17,1,16,5,4133,12,2,14,2,1,0
50,1,22,5,752,7,0,40,1,1,1
65,1,16,1,6071,3,0,40,2,1,0
44,1,21,1,189,33,1,50,1,1,1
22,1,16,1,4038,22,0,40,2,1,0
28,1,19,5,5315,37,13,40,2,1,0
61,1,16,1,5854,35,1,33,2,1,0
49,1,21,3,10,21,0,50,1,1,1
51,1,20,3,364,38,0,40,1,1,1
21,1,19,5,4732,4,17,40,1,6,0
30,1,21,1,6184,37,0,40,1,1,0
20,1,16,5,3967,21,2,40,1,1,0
24,1,16,1,3486,39,9,40,2,1,0
53,1,18,1,6510,35,1,40,1,1,1
24,1,21,5,2097,12,0,40,2,1,0
26,1,21,5,1912,30,0,40,1,1,0
40,1,21,5,151,7,0,40,1,1,1
46,7,22,1,136,36,0,50,1,1,1
47,1,16,1,8069,233,0,50,1,1,1
56,1,19,1,5172,22,0,11,2,1,0
47,1,22,1,235,6,0,40,1,1,1
49,1,19,3,5281,10,0,40,2,1,0
37,1,19,1,5347,3,1,40,1,1,0
65,1,19,1,5202,22,0,40,2,1,0
49,1,21,1,3228,8,1,40,2,1,1
28,1,16,1,4070,321,0,40,2,1,0
30,1,21,1,2383,35,1,40,2,1,0
45,1,17,1,4012,10,1,40,2,1,0
62,1,16,3,5586,34,0,31,2,1,0
26,1,19,1,6423,38,9,40,1,1,0
39,1,19,1,6074,45,0,40,1,1,0
41,1,9,1,4283,49,1,40,1,1,0
50,1,16,5,6686,11,0,40,1,1,1
19,1,8,5,9207,328,17,40,1,1,0
52,1,20,1,5825,26,1,40,2,1,1
53,1,17,1,5394,38,1,40,2,1,0
47,1,22,1,216,219,0,50,1,1,1
60,1,7,1,4059,38,16,32,2,1,0
26,1,19,5,3640,5,12,40,2,1,0
28,1,16,5,5351,6,0,40,2,1,0
38,1,16,3,7956,40,13,40,1,1,1
48,1,16,1,7841,40,1,50,1,1,1
47,1,21,1,264,36,0,40,1,1,1
26,1,19,5,6608,325,0,40,1,1,0
23,1,19,5,4715,27,2,5,1,1,0
45,1,21,5,307,35,0,40,2,1,1
34,1,21,1,824,40,0,40,1,1,1
47,1,21,1,10,212,1,40,1,6,1
38,1,17,1,4217,42,0,40,1,1,0
31,1,21,5,2517,238,2,8,2,6,0
39,1,19,1,5874,7,0,40,1,1,0
34,1,19,5,4311,23,13,40,1,1,1
47,1,21,1,318,28,1,50,1,1,1
36,1,21,5,905,36,13,40,1,1,1
52,1,19,3,4963,47,0,40,1,1,0
60,1,10,1,4222,3,0,32,2,1,0
29,1,21,1,5398,21,0,40,2,1,0
26,1,16,3,4160,40,15,40,2,1,0
39,1,19,3,5214,38,0,40,1,1,1
30,1,21,1,773,17,0,40,1,1,1
25,1,16,5,4143,39,2,40,2,1,0
41,1,19,1,5176,28,0,40,1,1,0
54,1,19,1,6030,23,0,40,1,1,1
21,1,16,5,4040,33,2,12,1,1,0
43,1,16,1,8409,309,0,40,1,1,0
50,1,16,1,4357,16,1,40,2,1,0
44,1,22,1,997,1,0,40,1,1,1
60,1,19,1,5380,43,0,32,2,1,0
21,1,16,1,5460,19,1,9,2,1,0
45,1,20,5,5126,40,13,40,2,1,0
58,1,19,1,3850,17,1,40,2,1,0
27,1,18,3,5785,8,0,34,2,1,0
26,2,21,1,2038,18,1,10,2,1,0
28,1,18,3,4099,46,16,40,1,1,0
24,1,16,5,5103,25,13,40,1,1,0
33,1,21,5,1545,43,0,40,1,1,1
21,1,16,3,3949,23,0,40,2,1,0
56,1,17,1,4685,33,0,40,2,1,0
41,1,19,5,5610,38,13,40,2,1,0
55,1,19,1,5647,6,0,40,2,1,0
26,1,19,1,2515,52,9,40,2,1,0
27,1,19,5,5337,44,0,40,1,1,0
56,1,20,3,575,37,0,40,1,1,1
63,1,12,1,4991,309,1,40,2,1,0
44,1,19,1,379,8,0,40,1,1,1
36,1,21,1,1466,34,1,40,1,1,1
36,1,21,1,1151,10,0,40,2,1,1
48,1,16,3,6134,5,0,40,1,1,1
20,1,10,5,4280,35,17,40,1,1,0
40,1,21,1,510,32,0,40,1,1,1
41,1,22,5,140,4,0,40,1,1,1
51,1,16,1,352,14,0,40,1,1,1
43,1,21,1,2397,37,1,40,2,1,0
21,1,21,5,2621,37,2,13,2,1,0
30,1,21,1,5126,18,0,40,1,1,0
24,1,16,1,9089,31,0,40,1,1,0
28,1,19,3,3371,20,0,12,2,1,0
24,1,16,5,4176,21,2,40,2,1,0
65,1,19,1,5748,24,10,40,2,1,0
42,1,18,5,5101,3,0,40,2,1,1
51,1,19,1,4620,22,0,40,1,1,1
58,1,16,1,3517,21,1,32,2,1,0
30,1,19,5,6440,4,2,40,1,1,0
37,1,21,5,1592,11,0,40,1,1,1
45,1,21,5,282,232,0,40,1,1,1
27,1,16,1,9098,21,0,40,1,1,0
54,1,20,5,5045,38,0,40,1,1,1
24,1,18,5,9465,13,2,40,1,1,0
25,1,16,5,5956,12,0,40,2,1,0
59,1,18,1,9115,20,0,40,1,1,0
56,1,16,1,5870,18,1,40,2,1,1
22,1,19,5,4317,232,16,11,1,6,0
30,1,16,5,4122,5,2,40,2,1,0
40,1,21,1,3307,20,1,40,2,1,1
38,1,19,1,5727,36,1,40,2,1,0
28,1,17,5,9235,6,13,40,1,1,0
21,1,19,5,4677,38,16,6,2,1,0
44,1,21,1,5398,7,0,40,2,1,0
45,1,19,1,5108,11,0,40,1,1,0
26,1,19,5,6108,42,13,40,2,1,0
45,1,21,1,284,26,0,40,1,1,1
43,1,21,1,3241,36,1,40,2,1,1
59,1,18,1,5559,14,1,40,1,1,0
19,1,19,5,2535,19,2,4,2,1,0
46,1,21,3,5222,39,0,40,1,1,1
46,1,12,1,9308,307,0,40,1,1,0
22,1,15,5,4123,19,2,40,2,1,0
25,1,21,5,5316,33,2,40,1,1,0
46,1,8,3,4216,303,10,34,2,1,0
25,1,19,5,3819,25,2,10,2,1,0
49,1,16,1,7581,8,0,40,1,1,1
53,1,16,1,5179,13,1,40,1,1,1
39,1,19,1,4632,24,0,32,2,1,0
30,3,21,3,2309,35,0,40,2,1,0
28,3,21,1,2421,34,0,40,2,1,0
27,1,16,1,6146,44,1,40,2,1,0
17,1,19,5,1883,23,2,15,2,1,0
50,1,16,1,8893,7,1,40,1,1,1
24,1,16,3,6210,36,0,40,1,1,0
50,1,19,1,6377,43,0,40,1,1,0
46,1,16,1,5758,290,1,40,1,1,0
22,1,16,5,9095,24,13,40,1,1,0
33,1,19,1,5894,36,0,40,1,1,1
18,1,14,5,4145,27,2,9,1,1,0
26,1,16,5,4163,305,13,40,1,1,0
51,1,21,3,695,6,0,40,1,1,1
25,1,19,1,6105,46,0,40,2,1,0
27,1,16,3,6399,19,0,40,1,1,0
44,1,21,3,1019,37,0,40,1,1,1
35,1,16,5,7853,42,0,40,1,1,1
28,1,21,5,5564,39,0,40,2,1,0
26,1,16,5,9321,24,0,40,1,1,0
23,1,17,5,4044,22,2,40,2,1,0
20,1,14,5,4290,51,17,11,1,1,0
44,1,21,1,2448,8,0,40,2,1,0
22,1,16,1,3595,25,0,34,2,1,0
51,1,21,5,136,11,0,40,2,1,1
44,1,22,1,2645,5,1,40,2,1,1
24,1,21,5,2579,6,2,40,2,6,0
49,3,21,1,2317,10,0,40,1,1,1
50,1,22,1,2984,36,0,40,1,1,1
24,1,19,5,5853,7,2,40,1,1,0
49,1,16,1,9331,13,0,40,1,1,0
62,1,16,1,5691,29,1,40,1,1,0
27,1,21,5,2041,34,13,40,2,1,0
49,1,22,5,10,37,0,40,1,1,1
44,1,19,3,6484,7,0,40,1,1,0
46,1,16,5,6840,13,0,40,1,1,0
27,1,16,5,9697,50,2,40,1,1,0
18,1,14,5,4653,314,2,11,2,6,0
44,1,19,1,6410,34,1,40,2,1,0
42,1,17,1,6084,47,0,40,1,1,0
52,1,21,1,3502,239,0,40,2,6,1
28,1,16,3,4076,8,5,40,2,1,0
29,1,21,5,651,34,0,40,1,1,1
35,1,19,1,5438,33,1,40,2,1,0
22,1,19,5,5177,40,2,9,2,1,0
49,1,16,5,5386,6,0,40,2,1,0
61,1,18,3,6075,24,0,40,1,1,1
53,1,16,3,405,11,0,40,1,1,1
26,1,16,5,5101,27,0,40,2,1,0
54,1,19,1,7051,32,0,40,1,1,1
46,1,17,1,7990,18,0,50,1,1,1
19,1,16,5,4162,12,17,40,1,1,0
46,1,1,1,4189,297,9,40,2,1,0
29,1,19,1,2503,36,0,16,2,1,0
19,1,16,5,5680,55,13,40,1,1,0
40,1,19,1,5590,5,0,40,1,1,1
53,1,18,1,203,18,0,50,1,1,1
67,2,22,1,2166,32,10,13,2,1,0
17,1,16,5,4207,21,17,15,1,1,0
75,1,21,1,491,21,0,40,1,1,1
56,1,22,3,3045,10,0,40,2,1,1
35,1,19,1,5165,44,0,40,1,1,0
23,1,17,5,9325,23,13,40,1,1,0
40,1,19,1,4847,36,0,40,1,1,0
63,1,16,1,4750,21,0,40,1,1,1
32,1,16,1,4069,316,0,40,1,1,0
43,1,16,1,6045,8,0,40,1,1,1
35,1,21,1,2190,14,1,40,2,1,1
38,1,22,1,2641,36,1,40,2,1,1
50,1,21,3,649,7,0,40,1,1,1
37,1,9,1,7304,19,1,40,1,1,0
22,1,16,5,4730,8,2,16,2,1,0
38,1,21,1,1035,33,0,40,2,1,0
37,1,19,1,5527,40,0,40,2,1,0
22,1,21,5,5342,2,2,40,2,1,0
26,1,19,1,6300,318,0,40,1,1,0
46,1,21,1,10,21,0,50,1,1,1
29,1,16,5,9003,28,13,40,1,1,0
32,1,17,3,6015,37,16,40,1,1,0
30,1,16,5,7579,6,13,40,1,1,0
22,1,21,5,2995,42,13,40,2,1,0
65,1,21,1,2872,27,0,40,1,1,1
61,1,19,1,5719,35,1,40,2,1,0
68,2,21,1,2172,40,0,7,2,1,0
24,1,16,5,4914,23,0,40,1,1,0
25,1,21,5,3288,40,0,40,2,1,0
28,3,21,5,2525,33,0,40,2,1,1
47,1,16,1,9238,11,0,40,1,1,0
26,1,16,1,4109,324,9,40,2,1,0
52,1,21,1,1257,8,0,50,1,1,1
29,1,22,1,2071,12,1,40,2,1,0
50,1,16,1,5850,36,1,40,1,1,1
38,3,21,1,2276,18,1,40,2,1,0
18,1,16,5,4819,20,16,9,2,1,0
19,1,19,5,4799,6,17,11,2,6,0
45,1,21,1,3276,5,1,40,2,1,1
51,1,21,1,339,26,0,40,1,1,1
29,1,19,5,5601,7,0,40,2,1,0
29,1,19,3,5937,20,0,16,2,1,0
45,1,16,1,6382,5,0,40,1,1,1
20,1,19,5,4661,37,17,12,2,1,0
56,1,16,3,7871,13,0,40,1,1,1
47,1,19,1,6078,220,0,40,2,1,0
56,1,16,1,7796,38,1,40,1,1,1
26,1,21,5,2434,21,0,40,2,1,0
28,1,16,5,9259,3,17,40,1,1,0
19,1,19,5,4574,9,12,10,1,1,0
20,1,21,5,5577,11,2,40,1,1,0
38,1,21,1,2527,23,1,40,2,1,1
52,7,21,1,420,40,0,40,1,1,1
47,1,21,3,226,37,0,40,1,1,1
45,1,19,1,5233,36,0,40,1,1,0
18,1,9,5,4576,40,16,8,2,1,0
18,1,19,5,4640,39,2,10,2,1,0
42,1,22,1,299,11,0,50,1,1,1
23,1,18,5,6005,37,16,40,1,1,0
78,1,21,1,5997,35,0,40,2,1,0
19,1,14,5,4338,7,17,10,1,1,0
60,1,16,1,4411,41,0,40,2,1,0
59,1,20,3,400,33,0,40,2,1,1
28,1,19,5,3668,21,12,40,2,1,0
56,1,16,1,3513,14,9,40,2,1,0
28,1,19,3,5360,30,16,40,1,1,0
23,1,16,3,3957,38,0,40,2,1,0
31,1,21,5,1073,40,0,40,1,1,1
49,1,19,1,7258,40,0,40,1,1,1
40,1,21,1,2345,11,1,40,2,1,0
37,1,21,1,5910,36,0,40,2,1,0
67,1,21,3,2885,21,0,40,2,1,1
43,1,9,1,6035,305,0,40,1,8,0
56,1,16,1,628,35,1,40,1,1,1
50,1,16,1,6019,9,1,40,1,1,0
49,1,22,1,213,215,0,40,1,6,1
34,1,19,5,7742,20,0,40,1,1,1
60,1,16,3,5306,12,13,40,2,1,0
50,1,22,3,648,3,0,40,2,1,1
50,1,21,1,278,8,0,40,1,1,1
55,2,21,1,3315,37,1,40,2,1,0
60,1,16,3,5555,20,0,40,2,1,0
18,1,16,5,4273,43,2,40,1,1,0
28,1,19,5,5734,19,13,40,2,1,0
17,1,14,5,3995,50,2,12,1,1,0
30,1,16,1,6251,299,1,7,2,8,0
42,1,19,1,5340,38,0,40,1,1,1
40,1,16,1,6075,305,1,40,1,1,0
18,1,14,5,4083,21,17,11,1,1,0
52,1,16,3,7639,27,0,40,1,1,1
57,1,21,1,3861,27,1,40,2,1,0
44,1,21,5,10,42,0,40,1,1,1
59,1,21,1,2894,39,1,8,2,1,0
26,1,19,1,3475,8,0,9,2,1,0
32,2,21,3,2142,27,0,40,2,1,1
41,3,21,1,2407,26,0,40,2,1,1
43,1,1,1,4148,302,1,40,2,8,0
25,1,21,5,4863,19,0,40,2,1,0
58,1,16,1,3987,13,9,40,2,1,0
46,1,17,3,5841,5,0,40,1,1,0
59,1,16,1,5255,42,0,40,2,1,0
29,1,16,5,5534,5,0,40,2,1,0
44,1,16,1,4181,311,1,40,2,1,0
20,1,19,5,5570,7,17,40,1,1,0
31,1,21,5,2207,221,0,40,1,6,1
60,1,19,1,5408,36,1,40,1,1,1
26,1,16,5,6438,42,0,40,1,1,0
19,1,16,5,4278,37,2,9,1,1,0
57,1,19,1,446,37,1,40,2,1,1
29,1,21,5,5837,39,2,40,1,1,0
41,1,18,1,5998,201,0,40,1,6,1
58,1,17,1,7593,41,1,40,1,1,1
30,1,19,1,6060,20,1,40,1,1,0
25,1,18,5,6373,229,13,40,2,8,0
58,1,20,1,5288,20,1,40,2,1,0
62,1,18,1,6227,26,1,13,2,1,0
39,1,22,1,1001,5,0,40,1,1,1
55,1,19,1,19,18,1,40,2,1,1
46,1,21,3,310,38,0,50,1,1,1
21,1,19,5,2406,38,17,6,2,1,0
56,1,16,1,6559,16,1,40,1,1,1
61,1,19,1,5092,34,0,40,2,1,0
37,1,7,1,4259,42,0,40,1,1,0
41,1,19,1,5305,37,1,40,1,1,0
60,1,19,1,158,36,0,40,1,1,1
45,1,16,3,8232,17,0,40,1,1,1
38,1,16,5,5279,42,0,40,1,1,0
22,1,21,5,2267,3,2,5,2,1,0
22,2,21,1,1836,4,1,9,2,1,0
28,1,21,5,2192,7,0,40,2,1,0
37,1,10,5,7982,320,13,40,1,8,1
52,1,16,3,6080,18,0,40,1,1,0
27,1,16,3,4232,7,0,40,2,1,0
20,1,18,5,4670,39,2,14,1,1,0
53,1,16,1,277,10,0,50,1,1,1
21,1,19,5,5366,10,13,40,1,1,0
42,3,21,1,2517,22,1,40,2,1,0
36,1,19,1,5726,39,0,40,1,1,0
46,1,21,5,1187,40,0,40,1,1,1
42,1,21,5,3500,10,0,40,1,1,0
52,1,16,1,249,45,0,50,1,1,1
19,1,19,5,5398,6,2,40,1,1,0
47,1,21,1,537,15,0,40,1,1,1
29,1,19,5,3902,37,0,9,2,1,0
43,1,19,5,6366,34,0,40,1,1,1
34,1,21,1,1345,19,0,40,1,1,1
26,1,16,1,5116,47,0,10,2,1,0
27,1,21,5,5909,10,2,40,1,1,0
58,1,16,3,7325,36,0,40,1,1,1
32,1,19,5,6283,1,13,40,1,1,0
60,1,16,3,4620,9,0,40,2,1,0
52,1,16,1,6400,40,0,40,1,1,1
41,1,16,1,5430,7,0,40,1,1,0
31,1,21,1,2555,40,0,40,2,1,0
56,1,16,1,5104,41,1,40,1,1,0
18,1,19,5,4668,25,17,11,2,1,0
52,1,21,1,209,23,1,50,1,1,1
66,1,19,1,5849,39,0,40,2,1,0
37,3,21,1,2282,39,1,10,2,1,0
25,1,19,5,6156,36,0,40,1,1,0
49,1,19,1,5171,50,1,40,2,1,0
48,1,10,1,4041,36,1,5,2,1,0
25,1,21,1,5044,29,0,40,1,1,0
19,1,18,5,4682,7,2,9,2,1,0
29,1,20,1,5187,14,1,40,2,1,0
46,1,8,1,4088,6,1,40,2,1,0
23,1,21,3,3421,19,16,33,2,1,0
27,1,21,5,2358,28,2,40,2,1,0
74,1,22,3,3267,36,0,40,2,1,1
47,1,21,1,4441,243,0,40,2,6,0
30,1,19,3,5516,4,0,40,2,1,0
29,1,21,3,5497,19,0,40,2,1,0
41,1,16,1,8807,307,0,40,1,1,0
64,1,22,3,3206,21,0,40,2,1,1
19,1,16,5,4101,50,17,10,1,1,0
39,1,19,1,5798,33,0,40,2,1,0
45,1,22,1,1100,35,0,50,1,1,1
44,1,22,1,3145,39,0,40,2,1,1
19,1,14,5,4169,34,2,36,1,1,0
44,1,19,1,5923,11,1,40,2,1,0
67,6,21,1,2781,4,1,7,2,1,0
56,1,16,1,2345,36,1,9,2,1,0
18,1,16,5,4177,52,2,7,1,1,0
62,2,21,1,2034,41,0,40,2,1,0
40,1,8,1,5802,37,10,40,1,1,0
43,1,21,1,5911,38,0,40,1,1,1
54,1,19,1,4785,34,1,34,2,1,0
47,1,21,1,3630,3,1,40,2,1,1
32,1,21,1,1514,31,1,40,1,1,1
55,1,16,1,28,5,1,40,1,1,1
33,1,22,3,2272,37,0,40,1,1,1
43,1,22,1,1686,234,1,40,1,6,1
23,1,16,5,4137,21,2,40,2,1,0
36,1,16,1,3859,37,9,40,2,1,0
22,1,21,5,958,13,0,40,1,1,0
47,1,16,1,6090,321,1,40,1,1,1
56,1,16,1,4590,41,1,40,1,1,0
50,1,21,1,2744,240,0,40,1,1,1
49,1,19,5,5365,8,0,40,1,1,1
45,1,9,1,4260,311,10,18,2,1,0
60,1,21,3,2423,34,0,40,2,1,0
62,1,21,5,3133,11,0,40,2,1,0
27,1,19,5,4716,2,2,32,2,1,0
49,1,16,3,5301,31,0,40,1,1,0
25,1,21,5,2594,36,0,40,2,1,0
29,1,21,5,852,20,0,40,1,1,0
37,1,19,1,1722,5,0,40,1,1,1
27,1,19,3,6164,35,12,40,1,1,0
28,1,21,5,5059,40,2,40,2,1,0
44,1,19,5,6427,8,0,40,1,1,1
47,1,21,3,201,36,0,40,1,1,1
35,1,22,5,716,7,0,40,1,1,1
49,1,21,1,535,6,1,40,2,1,1
27,1,21,5,2516,3,2,40,2,1,0
22,1,19,5,4735,42,2,17,2,1,0
39,1,21,5,968,10,0,40,1,1,1
47,1,21,1,407,7,1,40,1,1,1
25,1,19,1,6083,51,1,40,2,1,0
55,1,21,1,118,8,0,40,1,1,1
55,1,16,1,294,26,0,40,1,1,1
51,1,19,1,363,15,1,50,1,1,1
51,1,21,1,405,31,0,40,2,1,1
36,1,20,5,973,28,0,40,1,1,1
30,1,20,1,2261,15,1,10,2,1,0
53,1,22,1,96,22,0,40,1,1,1
19,1,16,5,4029,31,2,10,1,1,0
23,1,19,5,6679,7,0,40,1,1,0
43,1,21,1,18,38,0,40,1,1,1
37,1,18,1,6657,38,1,40,1,1,0
48,1,19,1,297,11,0,40,1,1,1
21,1,14,5,4046,16,2,10,2,1,0
35,1,21,1,828,15,0,40,2,1,1
45,1,19,3,6034,5,13,40,2,1,1
42,1,21,1,3383,2,1,40,2,1,1
46,1,21,1,47,25,0,40,1,1,1
50,1,16,1,4090,29,0,40,2,1,0
21,1,18,5,4639,10,17,12,1,1,0
52,1,21,5,300,5,0,40,1,1,1
59,1,19,1,6185,21,0,40,1,1,1
36,1,21,1,606,37,0,40,1,1,1
35,3,21,1,2296,20,0,40,2,1,0
43,1,19,5,5804,4,13,40,2,1,0
26,1,16,1,6306,19,1,40,2,1,0
23,1,16,5,9560,41,12,40,1,1,0
20,1,9,5,4239,310,16,40,1,8,0
21,1,19,5,2327,6,17,13,2,6,0
25,1,16,5,9271,37,0,40,1,1,0
45,1,19,3,197,2,0,40,1,1,1
62,1,16,1,5891,18,1,40,2,1,0
29,1,14,5,3987,41,13,40,2,1,0
50,1,18,1,5175,7,0,9,2,1,0
45,1,21,1,220,25,1,40,1,1,1
49,1,21,3,263,36,13,40,1,1,1
22,1,9,5,9805,300,2,40,1,8,0
19,1,16,5,6542,37,17,40,1,1,0
44,1,17,1,7523,37,1,40,1,1,1
28,1,19,3,5108,12,10,35,2,1,0
42,1,18,5,5255,31,13,40,1,1,1
36,1,21,5,822,226,0,40,1,6,1
48,1,21,1,356,10,1,40,1,1,1
27,1,19,5,3699,37,0,40,2,1,0
22,1,16,5,4266,20,2,40,1,1,0
52,1,21,1,105,26,1,40,1,1,1
62,1,18,1,5108,36,1,40,2,1,0
50,1,21,5,501,43,0,40,1,1,1
43,1,21,1,2435,38,1,40,2,1,0
54,1,16,1,7357,25,0,40,1,1,1
49,1,16,1,5846,3,1,40,1,1,1
36,1,16,1,8781,312,0,40,1,1,0
28,1,21,5,2634,36,2,40,2,1,0
52,1,16,5,5683,41,0,40,2,1,0
22,2,19,5,2152,18,2,9,2,1,0
30,1,19,5,5660,44,0,40,1,1,0
38,3,21,1,2492,18,1,40,2,1,1
68,1,21,1,5240,19,0,40,2,1,0
28,1,21,5,2150,210,12,40,2,6,0
63,1,21,1,3646,26,0,40,2,1,0
50,1,21,1,494,12,0,40,1,1,1
26,1,19,5,5674,6,2,40,2,1,0
19,1,19,5,2472,43,2,9,2,1,0
44,1,21,3,708,1,0,40,1,1,1
48,1,21,1,4997,198,1,40,2,6,0
47,1,9,1,9284,304,0,40,1,8,1
32,1,21,3,2272,8,0,40,2,1,0
28,1,19,1,3814,40,0,40,2,1,0
52,1,21,1,127,38,0,40,1,1,1
27,1,21,1,2312,305,10,40,2,6,0
20,1,19,5,3299,36,2,32,2,1,0
22,1,16,5,9114,6,2,40,1,1,0
55,1,16,1,6154,5,0,40,1,1,1
53,1,22,1,3139,36,0,40,2,1,1
19,1,19,5,4656,26,17,13,2,1,0
51,1,19,1,5253,21,1,40,1,1,0
20,1,19,5,4695,52,16,9,2,1,0
64,1,18,1,4118,19,1,10,2,1,0
57,1,21,1,3271,38,0,40,2,1,0
49,1,21,1,1152,18,0,50,1,1,1
33,1,21,1,545,6,1,40,1,1,1
31,1,18,5,9103,34,13,40,1,1,0
52,1,16,5,9568,316,0,40,1,1,1
57,1,16,1,5443,17,0,40,2,1,1
44,1,19,1,5791,9,0,40,1,1,0
40,1,17,3,8968,16,0,40,1,1,0
52,1,16,3,5322,39,0,40,1,1,1
32,1,21,1,3117,24,0,40,2,1,0
44,1,19,3,5145,3,13,40,2,1,0
21,1,19,5,4801,5,12,8,1,1,0
49,1,16,1,7332,20,1,40,1,1,1
59,1,18,1,6158,40,1,40,2,1,0
43,1,18,1,4788,15,1,40,1,1,0
43,1,22,1,851,42,0,40,1,1,1
26,1,21,5,3902,44,0,40,2,1,0
22,1,19,5,4818,37,2,9,2,1,0
44,1,21,1,2462,6,0,40,2,1,0
32,1,19,5,6103,33,0,40,2,1,0
22,1,19,5,5879,8,2,40,1,1,0
50,1,21,3,10,37,0,40,1,1,1
31,1,19,1,5567,36,0,16,2,1,0
40,1,18,5,5700,36,13,40,1,1,0
38,1,21,1,3210,33,1,40,1,1,1
51,1,21,1,10,16,1,50,1,1,1
31,1,19,3,5031,5,9,40,2,1,0
42,1,16,5,5872,302,13,40,1,8,0
20,1,19,5,5253,28,2,40,2,1,0
61,1,16,1,5838,32,1,40,1,1,0
44,1,21,1,3786,10,1,40,2,1,1
47,1,16,1,5929,6,1,40,2,1,0
21,1,19,5,4807,21,17,13,2,1,0
31,1,16,5,5910,25,2,40,2,1,0
39,1,21,1,443,9,1,40,1,1,1
25,1,21,5,3264,9,13,40,2,1,0
46,1,21,1,1048,12,0,40,1,1,1
33,1,19,5,5560,7,0,40,1,1,1
48,1,19,1,5444,38,0,40,2,1,0
54,1,16,3,399,39,0,50,1,1,1
23,1,16,5,5944,14,5,40,2,1,0
50,1,19,1,5051,37,0,40,2,1,1
18,1,14,5,4532,48,16,10,1,1,0
33,1,21,5,1457,10,13,40,1,1,1
49,1,1,1,4165,303,1,40,2,6,0
29,2,21,1,1993,18,1,40,2,1,0
61,1,16,1,5871,10,0,40,1,1,0
46,1,21,1,299,25,1,40,1,1,1
49,1,19,1,366,38,0,50,1,1,1
46,1,16,1,8890,10,0,40,1,1,1
18,1,19,5,2607,13,17,15,2,1,0
51,1,16,3,5668,9,0,40,2,1,1
61,1,14,1,3854,17,1,40,2,1,0
61,1,21,1,4799,6,0,40,2,1,1
45,1,13,1,5940,307,1,40,2,1,0
34,1,6,5,5289,14,13,40,1,1,0
27,1,16,1,5136,6,0,40,2,1,0
51,1,16,1,4161,11,0,40,2,1,0
26,1,19,5,5403,46,12,40,1,1,0
49,1,19,1,2137,196,0,12,2,6,0
26,1,19,5,4737,19,2,40,2,1,0
32,1,21,1,2414,20,0,40,2,1,1
55,1,21,1,2086,10,1,10,2,1,0
25,1,19,5,9559,7,2,40,1,1,0
34,1,20,1,5621,41,1,40,2,1,0
33,1,19,5,6104,39,13,40,1,1,0
31,1,21,5,5687,3,0,40,1,1,0
25,1,21,5,2352,27,0,12,2,1,0
27,1,16,5,6148,32,0,40,1,1,0
51,1,16,3,6010,26,0,40,1,1,0
60,1,18,1,5076,14,0,40,1,1,1
50,1,16,5,7944,10,0,40,1,1,1
39,1,21,1,1110,37,0,40,2,1,1
28,1,21,5,3289,8,2,40,2,1,0
62,1,22,1,2613,37,0,40,2,1,1
20,1,16,5,4145,25,17,8,1,1,0
45,1,16,1,5408,5,1,40,1,1,1
47,1,21,3,364,17,13,40,1,1,1
51,1,21,1,5057,8,1,40,2,1,0
42,1,16,1,8869,9,0,40,1,1,0
20,1,19,5,6502,18,2,40,1,1,0
49,1,16,1,5505,24,1,40,2,1,0
19,1,16,5,4517,49,2,12,2,1,0
21,1,16,5,4130,24,2,40,2,1,0
57,1,16,1,5409,15,1,40,2,1,0
30,3,21,3,2533,22,0,40,2,1,0
53,1,22,3,3020,208,0,40,2,6,1
27,1,21,1,2253,41,0,40,2,1,0
22,1,16,3,3977,17,16,40,1,1,0
46,1,16,3,305,2,0,40,1,1,1
46,1,18,1,5191,5,0,40,1,1,1
63,1,19,1,120,33,1,40,1,1,1
50,1,19,1,5699,33,0,40,1,1,1
27,1,21,5,1425,37,0,40,1,1,0
63,1,16,1,6014,21,0,40,1,1,0
54,1,16,1,5636,6,0,40,1,1,0
65,1,16,1,5503,25,1,40,2,1,0
29,1,20,1,5590,14,1,40,2,1,0
21,1,21,1,2283,13,10,40,2,1,0
21,1,16,5,4024,33,2,40,2,1,0
30,1,16,1,4981,8,1,4,2,1,0
51,1,20,1,511,16,0,50,1,1,1
27,1,19,5,5979,19,13,40,1,1,0
32,1,19,5,7033,34,0,40,1,1,1
28,1,21,1,2700,40,1,40,2,1,0
49,2,22,5,2274,22,0,40,2,1,1
52,1,18,1,4783,9,1,12,2,1,0
23,1,19,5,4224,21,17,15,2,1,0
69,3,21,1,2214,25,1,40,2,1,1
48,1,16,1,406,213,0,40,1,6,1
37,1,16,1,6134,37,1,40,1,1,0
23,1,19,5,4854,26,13,40,2,1,0
34,1,21,1,5208,24,1,40,1,1,0
42,1,19,1,140,36,0,40,1,1,1
34,2,21,1,2062,26,1,40,1,1,1
41,1,21,1,2283,36,0,40,2,1,0
40,1,19,1,6747,9,1,40,2,1,0
42,1,19,1,334,2,0,40,1,1,1
26,1,16,5,5732,22,13,40,2,1,0
49,1,16,1,5442,3,1,40,2,1,0
28,1,16,5,9304,40,13,40,1,1,0
45,1,22,1,1073,227,0,40,1,6,1
32,1,22,5,1486,230,0,40,1,6,1
65,1,16,1,9043,18,1,40,1,1,1
52,1,21,1,2961,26,0,40,2,1,0
29,1,17,5,4260,1,0,40,2,1,0
62,1,16,1,6085,22,0,40,1,1,1
19,1,14,5,3956,4,16,40,1,1,0
25,1,16,3,4028,33,10,40,2,1,0
44,1,16,5,5782,309,0,40,1,6,1
31,1,19,1,5345,38,0,7,2,1,0
24,1,19,3,6725,43,0,40,1,1,0
67,1,19,1,5085,25,0,40,2,1,0
25,1,21,5,4540,16,0,31,2,1,0
32,1,22,1,2062,19,0,40,2,1,1
60,1,18,1,5537,23,1,31,2,1,0
22,1,19,5,3780,23,2,9,2,1,0
29,1,16,5,7139,26,12,40,1,1,0
27,1,21,1,1907,235,0,40,2,1,0
59,1,19,3,5639,11,0,40,2,1,1
23,1,21,5,2648,6,2,7,2,1,0
28,1,19,3,6324,6,0,40,2,1,0
49,1,16,1,5018,4,0,40,1,1,1
40,1,7,3,6195,22,0,40,1,1,0
54,1,22,1,278,228,1,40,1,6,1
20,1,16,5,4168,11,2,9,1,6,0
58,1,16,1,6077,13,1,34,2,1,0
47,1,16,1,4591,8,0,40,1,1,0
27,1,16,5,5203,40,0,40,2,1,0
49,1,16,1,5651,314,0,40,1,1,0
51,1,16,5,4852,26,0,40,2,1,1
28,1,21,1,2266,28,1,40,2,1,0
42,1,21,1,1308,2,1,40,1,1,1
28,1,21,5,2484,43,2,40,1,1,0
41,1,22,1,1284,5,1,40,1,1,1
30,1,19,5,5974,51,0,40,1,1,0
53,1,16,1,151,41,1,40,1,1,1
53,1,18,1,6478,4,1,40,1,1,1
30,1,16,5,7742,307,13,40,1,1,0
46,1,16,5,7724,310,0,40,1,1,1
20,1,16,5,4228,26,2,15,2,1,0
36,1,19,5,6200,9,0,40,1,1,0
19,1,19,5,4697,11,17,15,1,6,0
41,1,21,1,1211,39,0,40,1,1,1
26,1,16,5,9373,10,2,40,1,1,0
41,1,19,3,6005,37,0,40,1,1,0
48,1,17,1,6611,36,1,40,1,1,0
28,1,19,1,5987,35,1,40,1,1,0
18,1,19,5,4272,42,17,9,1,1,0
19,1,16,5,4390,10,2,9,1,1,0
22,1,19,5,5776,34,2,5,2,1,0
69,1,19,1,5034,34,0,15,2,1,0
48,1,16,1,5832,35,1,40,2,1,0
53,1,21,1,3413,15,1,40,2,1,1
54,1,16,1,5754,42,1,40,1,1,1
29,1,21,1,2283,40,0,7,2,1,0
41,1,21,1,3057,40,1,40,1,1,1
57,1,16,1,377,14,1,40,1,1,1
43,1,18,5,5450,316,13,40,2,1,0
46,1,21,1,409,212,0,40,1,6,1
56,1,21,1,5560,40,1,40,2,1,1
21,1,16,5,4318,5,17,4,2,6,0
42,1,16,1,4953,4,1,40,1,1,0
58,1,16,5,5404,19,0,40,2,1,0
31,1,16,5,9264,314,9,40,1,6,0
21,1,17,5,9570,51,16,40,1,1,0
38,1,21,1,5114,35,1,40,1,1,0
65,1,14,1,3919,14,0,31,2,1,0
52,1,21,1,10,20,1,50,1,1,1
27,1,21,1,2106,26,1,9,2,1,0
46,1,21,3,289,27,0,50,1,1,1
39,1,21,1,1499,5,0,40,1,1,1
31,1,18,5,5292,27,12,40,1,1,0
34,1,16,1,7538,8,1,40,1,1,0
28,1,21,5,2236,35,0,40,2,1,1
44,1,19,1,6328,1,1,40,1,1,1
45,1,21,1,311,19,0,40,1,1,1
55,1,18,5,4773,6,0,40,2,1,0
18,1,18,5,4111,26,2,11,1,1,0
52,1,16,3,163,9,0,50,1,1,1
63,1,19,1,4997,11,0,40,2,1,0
18,1,16,5,4121,6,10,40,2,1,0
24,1,14,5,4195,37,2,40,1,1,0
30,1,21,1,1086,37,1,40,2,1,1
27,1,21,1,5432,38,0,40,2,1,0
34,1,21,1,4839,229,1,10,2,6,0
58,1,16,1,5320,28,1,40,2,1,0
28,1,21,5,1453,11,0,40,1,1,1
29,1,21,5,3632,33,13,40,2,1,0
27,1,21,5,2323,19,0,40,2,1,0
40,1,8,1,9237,308,0,40,1,1,0
25,1,19,5,6066,9,13,40,2,1,0
60,1,16,1,5120,15,1,34,2,1,0
29,1,16,3,4853,34,0,40,2,1,0
45,1,19,1,5584,42,0,16,2,1,0
40,3,21,1,2460,7,1,40,1,1,1
46,1,17,5,5865,7,13,40,2,1,0
28,1,19,5,5532,10,2,40,1,1,0
60,1,20,1,3001,14,1,40,2,1,1
41,1,18,3,5858,308,0,40,1,1,0
29,1,20,1,4759,31,0,40,2,1,0
43,1,19,1,6558,6,0,40,2,1,0
53,1,21,1,2901,12,0,40,1,1,1
32,1,9,5,4037,308,0,40,1,8,0
25,1,19,5,3641,9,0,40,2,1,0
29,2,21,5,1799,15,0,40,2,1,1
36,1,21,5,870,10,13,40,2,1,1
28,1,21,5,3238,40,13,40,2,1,0
46,1,21,3,357,9,0,40,1,1,1
47,1,22,1,1059,36,0,50,1,1,1
55,1,19,1,5177,38,0,40,1,1,1
50,1,16,1,456,37,0,40,1,1,1
43,1,16,1,4689,37,0,40,2,1,0
59,1,8,1,4224,41,1,16,2,1,0
43,1,19,1,4647,7,0,40,2,1,0
28,1,16,5,5206,38,13,40,1,1,0
29,1,21,5,1517,35,0,40,1,1,1
27,1,16,3,5324,38,0,40,1,1,0
22,1,19,5,5026,9,2,32,2,1,0
41,1,21,5,1220,32,0,40,1,1,1
25,1,21,5,5084,214,0,40,2,6,0
48,1,21,5,1344,23,0,40,1,1,1
38,1,22,1,493,39,0,50,1,1,1
51,1,22,3,594,37,0,40,1,1,1
56,1,21,5,419,35,0,40,2,1,1
41,1,21,1,328,10,1,40,2,1,1
19,1,19,5,4645,39,12,10,2,1,0
68,1,21,1,2107,42,10,40,2,1,0
49,1,19,1,5677,36,0,40,1,1,1
34,1,21,1,2203,7,0,40,2,1,0
47,1,19,1,6440,295,0,40,1,6,1
55,1,16,1,6323,18,0,40,1,1,0
46,1,19,1,5616,185,0,40,2,6,0
28,1,16,5,9296,25,2,40,1,1,0
48,1,16,5,4738,37,0,40,1,1,1
18,1,19,5,2487,18,2,4,2,1,0
52,1,18,1,7105,42,0,40,1,1,1
41,1,18,5,4985,204,13,40,1,6,0
43,1,21,3,741,41,0,50,1,1,1
50,2,20,1,3151,39,0,34,2,1,0
21,1,19,5,6183,25,2,40,1,1,0
19,1,13,5,4185,22,16,40,1,1,0
19,1,14,5,7664,34,2,40,1,1,0
48,1,21,1,363,37,1,40,2,1,1
34,1,19,3,4925,56,0,40,1,1,0
18,1,18,5,4760,37,2,6,2,1,0
41,1,21,1,2202,4,1,40,1,1,1
23,1,21,5,2467,13,2,40,2,1,0
51,1,17,3,7599,37,13,40,1,1,1
66,1,16,1,4002,43,1,40,2,1,0
68,2,21,1,2211,24,0,40,2,1,0
35,3,22,1,2460,7,0,40,1,1,1
60,1,16,1,6161,39,0,40,1,1,0
19,1,16,5,4294,5,2,12,1,1,0
40,1,22,3,287,215,0,40,2,1,1
44,1,21,3,53,6,0,40,1,1,1
20,1,19,5,4669,35,17,13,1,1,0
28,1,10,5,4052,305,0,40,1,1,0
44,1,19,1,1140,28,0,40,1,1,1
42,1,21,1,2889,16,0,40,2,1,1
29,1,16,1,6670,43,9,40,1,1,0
53,1,19,5,5600,25,0,40,2,1,1
49,1,17,1,5767,38,1,40,2,1,0
44,1,19,5,5802,308,0,40,1,1,1
37,1,19,1,6573,6,1,40,1,1,0
50,1,16,1,7327,14,1,40,1,1,0
22,1,21,1,1938,232,0,40,2,6,0
20,1,14,5,4214,10,2,40,1,1,0
21,1,8,5,4074,17,16,32,2,1,0
62,1,21,1,3655,43,1,40,2,1,1
21,1,19,5,5756,36,17,35,2,1,0
61,1,19,1,5631,28,1,12,2,1,0
27,1,19,3,6309,33,0,40,1,1,0
21,1,16,5,5501,37,2,40,1,1,0
46,1,21,1,3871,3,1,40,2,1,0
21,1,19,5,6029,9,2,40,2,1,0
32,3,22,1,2535,19,0,11,2,1,0
62,1,16,1,5233,39,0,40,1,1,0
31,1,16,1,5771,28,1,40,1,1,0
57,1,17,1,6775,13,1,40,1,1,0
53,1,16,1,4066,41,1,40,2,1,0
33,1,19,1,5095,30,0,40,2,1,0
46,1,22,3,10,218,0,40,1,6,1
41,1,19,1,5940,43,1,40,1,1,0
26,1,21,5,4936,34,0,40,2,1,0
48,1,22,3,1153,258,0,40,1,6,1
57,1,16,1,7656,25,0,40,1,1,0
37,1,21,1,2528,36,1,40,2,1,1
26,1,16,5,4674,22,13,32,2,1,0
26,1,19,5,5600,38,0,40,1,1,1
41,1,16,1,9053,303,1,40,1,1,0
25,1,21,5,2511,40,12,40,1,1,1
43,1,19,3,6522,37,0,40,1,1,1
47,1,21,1,1774,36,1,50,1,1,1
51,3,21,1,2518,35,1,6,2,1,0
26,1,21,5,5465,237,2,40,1,6,0
48,1,21,1,130,19,1,50,1,1,1
46,1,21,1,1088,28,0,40,1,1,1
27,1,21,5,2109,7,12,13,2,1,0
56,1,19,1,2809,41,0,40,2,1,0
25,1,21,5,2734,36,2,40,1,1,0
50,1,16,1,85,11,0,50,1,1,1
21,1,21,5,2238,6,13,40,2,1,0
67,2,22,3,2229,31,0,40,2,1,0
19,1,16,5,4186,54,2,14,2,1,0
54,1,19,1,6216,21,1,40,1,1,1
18,1,14,5,4078,8,16,11,1,1,0
27,1,16,5,4255,325,13,40,1,1,0
50,1,16,1,7162,39,1,40,1,1,1
40,1,16,1,8977,326,0,40,1,1,0
20,1,16,5,4086,5,2,17,1,1,0
34,1,21,1,6157,6,0,40,1,1,0
35,1,20,1,5841,16,1,40,1,1,1
44,1,19,1,10,7,1,50,1,1,1
17,1,18,5,4109,7,17,7,1,1,0
60,1,16,3,6774,6,13,40,1,1,1
37,1,21,1,955,11,1,40,1,1,1
55,1,16,3,7550,21,0,40,1,1,1
37,1,21,1,3341,15,1,40,2,1,0
52,1,22,1,926,37,0,50,1,1,1
35,1,21,1,1049,16,0,40,1,1,1
44,1,19,1,5121,35,0,40,2,1,0
22,1,14,5,4320,27,2,10,1,1,0
41,1,22,5,206,38,0,40,2,1,1
42,1,16,5,6160,5,0,40,1,1,0
66,2,19,5,3504,35,13,35,2,1,0
42,1,19,1,5684,26,1,40,1,1,1
40,1,16,5,5102,215,0,40,2,6,0
54,1,21,3,3655,40,0,40,2,1,1
47,1,21,1,175,20,1,50,1,1,1
55,1,16,1,6439,41,0,40,1,1,0
22,1,12,5,4094,313,2,40,1,8,0
22,1,16,5,5856,51,13,40,1,1,0
30,1,21,5,5736,36,0,40,1,1,1
39,1,21,1,197,35,0,40,1,1,1
55,1,16,1,5938,41,0,40,2,1,0
21,1,21,5,3376,31,0,40,2,1,0
18,1,18,1,4167,22,10,15,2,1,0
49,1,12,1,5215,313,1,40,2,6,0
40,1,17,1,7115,32,0,40,1,1,0
49,1,19,1,5611,24,0,40,2,1,0
23,1,16,5,4783,23,13,40,2,1,0
29,1,19,1,4205,229,10,40,2,6,0
62,1,16,3,5366,14,0,40,2,1,0
30,1,19,5,5937,40,0,40,1,1,0
38,1,22,1,1102,5,1,40,1,1,1
24,1,9,5,6278,25,17,40,1,1,0
26,1,16,1,4922,12,1,40,2,1,0
65,1,19,1,4674,13,0,40,1,1,0
25,1,16,5,3812,40,2,40,2,1,0
58,1,16,1,6487,26,0,40,1,1,0
31,1,21,1,2258,19,0,40,2,1,0
25,1,21,5,1044,38,17,40,1,1,0
43,1,21,3,421,19,0,50,1,1,1
29,2,22,5,1825,21,2,7,2,1,0
40,1,21,1,627,39,1,40,1,1,1
25,1,19,5,3755,40,2,11,2,1,0
46,1,18,1,4623,310,0,40,1,1,0
24,4,21,5,2466,25,17,40,1,1,0
20,1,19,5,4767,30,2,15,1,1,0
61,1,19,1,4521,30,0,40,2,1,0
24,1,16,5,7389,13,0,40,1,1,0
44,1,19,1,5355,4,0,40,1,1,1
47,1,21,1,447,9,1,40,2,1,1
18,1,19,5,4670,37,17,40,1,1,0
59,1,19,1,3635,9,1,40,2,1,1
49,1,16,5,5708,39,0,40,2,1,0
51,1,21,1,109,4,0,40,1,1,1
30,1,21,5,3267,34,0,40,2,1,0
60,1,16,5,5183,42,0,40,2,1,0
38,1,21,1,2290,10,0,40,1,1,1
31,1,21,1,1470,27,1,40,1,1,1
34,1,21,1,903,225,0,40,1,6,1
26,1,19,3,3277,19,0,10,2,1,0
44,1,22,3,10,38,0,40,1,1,1
39,1,19,1,5469,35,1,40,2,1,0
49,1,16,5,7178,40,0,40,1,1,1
59,1,19,1,4922,37,0,33,2,1,0
21,1,16,5,4294,30,16,17,1,1,0
40,1,21,5,1047,12,0,40,1,1,1
30,1,16,1,3993,16,1,40,2,1,0
34,1,19,1,5841,51,1,40,1,1,0
52,1,21,3,1059,8,0,40,1,1,1
44,1,22,1,484,5,1,60,1,1,1
34,1,19,1,8068,5,1,40,1,1,0
31,1,21,5,3258,42,13,40,2,1,1
49,1,19,1,5955,38,1,40,2,1,0
56,1,20,1,3555,22,1,33,2,1,0
24,1,21,5,2197,9,2,7,1,1,0
51,1,17,1,4108,42,1,40,2,1,0
27,1,16,1,5085,40,1,40,2,1,0
24,1,19,5,4654,248,2,11,2,6,0
63,1,16,3,6269,26,0,40,1,1,0
50,1,16,1,7191,24,1,40,1,1,1
36,1,11,5,9711,41,13,40,1,1,0
60,1,16,3,5324,37,0,40,2,1,0
17,1,16,5,3832,29,2,2,1,1,0
28,3,21,3,2166,25,0,40,2,1,0
59,1,16,1,462,42,0,40,1,1,1
47,1,16,3,4536,39,13,40,1,1,1
40,1,21,1,3108,2,0,31,2,1,0
58,1,16,1,8055,24,1,40,1,1,1
28,1,21,1,5859,20,1,40,2,1,0
46,1,19,1,6431,9,1,40,1,1,0
17,1,14,5,4635,50,16,13,1,1,0
23,1,17,5,7541,57,13,40,1,1,0
20,1,16,5,4175,49,17,11,1,1,0
52,1,19,5,5458,38,0,40,2,1,0
41,1,16,5,5336,40,0,40,1,1,0
30,1,18,5,7451,17,0,40,1,1,0
41,1,21,5,1160,220,0,40,1,6,1
42,1,21,1,1338,1,0,40,1,1,1
43,1,21,1,456,207,0,50,1,6,1
60,1,19,1,5507,10,10,40,2,1,0
27,1,21,5,4902,40,0,40,2,1,0
19,1,16,5,4406,10,2,40,1,1,0
51,1,22,1,134,17,0,50,1,1,1
24,1,16,1,9115,23,1,40,1,1,0
27,1,16,3,6747,35,16,40,1,1,0
49,1,19,1,5905,211,1,40,1,1,0
49,1,20,3,27,40,0,40,1,1,1
31,1,11,1,6289,307,1,40,1,1,0
52,1,16,1,6475,7,0,40,1,1,0
31,1,21,1,2632,50,1,5,1,1,0
47,1,18,1,273,246,0,40,2,1,1
39,1,19,1,5079,6,0,40,1,1,0
49,1,19,1,5550,231,0,40,2,6,0
19,1,18,5,2833,17,2,15,1,1,0
22,1,21,5,6087,17,2,40,1,1,0
21,1,16,5,4183,52,2,17,1,1,0
27,1,16,1,4173,4,0,40,2,1,0
53,1,19,1,4797,39,1,40,2,1,0
25,1,19,5,3631,9,0,40,2,1,0
51,1,19,1,5693,4,0,40,1,1,1
44,1,19,3,6399,35,0,40,1,1,0
47,1,22,3,15,197,0,40,1,6,1
28,1,16,1,4839,9,0,40,2,1,0
58,1,16,1,5810,31,0,40,1,1,1
43,1,21,3,435,19,0,50,1,1,1
56,1,19,1,5521,37,0,40,1,1,1
21,1,19,5,5361,8,13,40,1,6,0
60,1,18,3,5971,35,0,37,2,1,0
46,1,21,1,39,3,0,50,1,1,1
52,1,21,1,1041,20,0,40,1,1,1
44,1,21,1,316,22,1,50,1,1,1
46,1,19,1,221,39,0,40,1,1,1
53,1,18,3,5904,320,0,40,2,1,0
19,1,16,5,4108,306,2,40,1,8,0
25,1,21,5,2160,5,2,7,2,1,0
46,1,19,5,4999,8,0,40,2,1,1
45,1,19,1,5533,2,0,40,1,1,0
40,1,16,5,7434,40,0,40,1,1,1
51,1,22,1,3262,14,1,40,2,1,1
38,1,16,3,5276,19,0,40,1,1,0
18,1,16,5,4042,20,16,10,2,1,0
21,1,16,5,4223,31,17,14,1,1,0
41,1,22,1,1291,3,0,40,1,1,1
46,1,22,1,3190,40,1,40,2,1,1
45,1,21,1,433,43,1,40,2,1,1
24,1,19,5,5600,8,13,40,2,1,0
48,1,21,1,271,32,1,40,2,1,1
28,1,16,3,6143,16,16,40,1,1,0
33,1,17,5,4244,11,0,40,1,1,0
58,1,16,1,7249,30,1,40,1,1,1
25,1,21,5,2382,43,2,4,2,1,0
23,1,16,3,5420,36,0,33,2,1,0
24,1,18,5,9003,24,2,40,1,1,0
37,1,19,5,4487,39,0,40,1,1,1
69,2,22,1,3214,39,1,40,2,1,1
20,1,19,5,4644,41,12,40,1,1,0
57,1,19,1,3441,30,0,40,2,1,0
41,3,22,1,2449,28,0,40,2,1,0
35,1,21,1,3266,33,0,40,2,1,0
39,1,21,1,1111,1,1,40,1,6,1
28,1,16,5,4104,37,2,40,2,1,0
19,1,14,5,4144,211,4,40,1,6,0
33,1,16,5,7391,29,0,40,1,1,1
54,1,16,3,399,11,0,40,1,1,1
44,1,20,1,5753,7,1,40,2,1,0
23,1,17,5,4232,40,17,40,1,1,0
47,1,21,1,3132,28,0,40,2,1,1
52,1,18,5,4788,29,0,40,1,1,1
45,1,21,1,302,40,0,50,1,1,1
21,1,19,5,2164,13,17,6,2,1,0
21,1,7,5,4132,48,2,40,1,1,0
38,1,16,1,8833,37,1,40,1,1,0
36,1,19,1,8780,218,0,40,1,1,0
47,1,21,1,3112,219,1,40,2,6,0
49,1,22,1,317,37,0,50,1,1,1
52,1,16,5,5656,4,0,40,1,1,1
35,1,19,1,6759,295,0,40,1,1,0
64,1,16,1,4118,46,10,40,2,1,0
18,1,16,5,4197,22,17,40,1,1,0
49,1,22,3,1021,202,0,40,1,6,1
63,1,19,1,5482,2,0,40,2,1,0
24,1,19,5,5240,12,2,12,1,1,0
47,1,21,1,328,7,0,50,1,1,1
47,1,21,1,1575,201,0,40,1,1,1
30,1,19,1,5940,27,0,40,2,1,0
47,1,12,1,4031,302,10,40,2,8,0
54,1,19,1,6092,6,0,40,1,1,1
23,1,16,5,4207,38,16,40,1,1,0
26,1,19,5,5157,40,12,40,2,1,0
29,1,21,5,3694,22,13,40,2,1,1
50,1,12,1,6285,38,16,40,1,1,0
20,1,16,5,4355,30,2,12,1,1,0
30,1,21,1,3904,37,1,40,2,1,0
35,1,19,1,4362,47,0,40,2,1,0
42,1,21,1,879,8,1,40,1,1,1
21,1,14,5,4574,232,16,11,1,6,0
53,1,16,1,5583,36,0,40,1,1,1
25,1,19,5,3786,40,13,40,2,1,0
45,1,16,5,6054,320,0,40,1,1,0
38,1,16,1,6432,326,1,40,1,1,0
31,1,21,5,2815,37,0,40,1,1,1
35,1,21,1,5063,39,1,40,1,1,0
25,1,21,5,2607,12,0,40,2,1,0
43,1,22,1,522,43,0,40,1,1,1
29,1,18,3,9246,35,0,40,1,1,0
42,3,22,1,2521,38,0,40,2,1,0
20,1,19,5,2495,25,17,12,1,1,0
24,1,16,3,4171,42,0,40,2,1,0
19,1,19,5,4222,233,17,40,2,6,0
36,3,21,1,2393,24,1,40,2,1,0
62,1,16,1,5241,17,0,40,2,1,0
58,1,20,1,3526,44,0,40,2,1,0
23,1,18,5,4818,11,2,9,2,1,0
52,1,19,1,750,5,0,50,1,1,1
55,1,16,1,9081,40,0,40,1,1,1
32,1,21,5,3195,7,13,40,1,1,1
27,1,18,5,4213,40,0,40,2,1,0
58,1,21,1,2987,36,0,40,2,1,0
53,1,17,1,4087,12,1,33,2,1,0
22,1,20,1,2526,24,0,4,2,1,0
48,2,22,1,2095,7,1,18,2,1,0
22,1,19,5,4744,23,17,40,1,1,0
29,1,22,5,2236,4,0,40,1,1,0
28,1,19,5,5548,40,13,40,1,1,0
65,1,21,1,5584,40,0,40,1,1,0
56,1,16,1,5141,38,1,40,2,1,0
20,1,19,5,2214,32,17,7,1,1,0
42,1,21,1,437,37,0,40,1,1,1
28,1,21,5,902,2,0,40,1,1,0
29,1,19,1,6272,22,0,40,2,1,0
21,1,16,5,3992,41,2,40,2,1,0
57,1,16,1,5756,5,1,40,2,1,0
27,1,19,1,5366,37,9,40,2,1,0
20,1,16,5,4187,6,2,13,2,1,0
27,1,19,5,4998,28,2,40,2,1,0
58,1,20,3,394,30,0,40,1,1,1
28,1,19,5,5055,6,0,40,2,1,0
27,1,16,3,4031,4,10,31,2,1,0
23,1,19,5,3785,18,0,32,2,1,0
57,1,20,3,576,33,0,50,1,1,1
27,1,19,5,4794,22,13,40,2,1,0
20,1,18,5,4641,46,17,17,2,1,0
35,1,21,1,2493,45,0,40,1,1,0
28,1,21,5,2033,7,0,14,2,1,0
48,1,16,1,268,5,1,40,1,1,1
33,1,21,5,5766,10,0,40,2,1,0
20,1,19,5,4652,39,17,5,2,1,0
53,1,11,5,5456,237,13,40,2,1,0
28,1,16,5,6355,36,13,40,1,1,0
40,1,21,3,1052,5,0,40,2,1,1
28,1,16,5,5345,203,0,40,1,6,0
39,1,21,1,7140,5,1,40,1,1,1
65,1,16,1,6265,11,1,40,1,1,0
56,1,16,1,268,20,0,40,1,1,1
44,1,19,1,5159,6,1,40,2,1,0
25,1,19,3,3678,8,10,40,2,1,0
35,3,22,1,2379,41,0,40,2,1,0
25,1,14,5,3734,302,5,13,2,8,0
25,1,19,5,5869,19,2,40,2,1,0
17,1,16,5,4221,10,2,7,2,1,0
44,1,21,3,268,225,0,40,1,6,1
53,1,16,1,5330,34,1,40,2,1,0
49,1,19,1,5094,37,0,40,1,1,1
44,1,16,1,6163,301,1,14,2,1,0
23,1,22,5,3120,8,13,40,1,1,1
43,1,20,1,178,41,1,50,1,1,1
28,1,21,5,886,31,2,40,1,1,0
58,1,16,1,5198,44,1,40,2,1,0
30,1,16,1,8991,14,0,40,1,1,0
55,1,19,1,5184,9,0,40,2,1,1
58,1,19,1,6094,40,0,40,2,1,0
29,1,21,1,1970,6,0,11,2,1,0
23,1,14,5,4160,47,17,8,2,1,0
43,1,21,1,6030,36,0,40,1,1,1
49,1,22,1,1359,33,0,40,1,1,1
56,1,16,3,5610,312,13,40,1,1,1
36,1,22,5,504,15,0,40,1,6,1
57,1,16,1,6545,38,0,40,1,1,0
32,1,21,1,2995,36,1,40,2,1,0
75,1,16,3,5702,19,0,40,2,1,0
28,1,16,1,5819,21,0,40,1,1,0
41,1,21,3,5263,37,0,40,1,1,1
26,1,16,5,5793,38,0,40,2,1,0
44,7,22,1,560,6,0,60,1,1,1
38,1,20,1,4525,36,1,40,2,1,0
36,1,21,1,2531,4,1,40,1,1,1
62,1,19,1,5738,20,0,40,2,1,0
37,1,19,1,6013,5,1,40,1,1,0
20,1,19,5,4675,42,17,13,2,1,0
35,1,17,1,9485,37,1,40,1,1,0
20,2,23,5,2172,9,2,9,2,6,0
50,1,17,1,5828,35,1,40,1,1,1
45,1,19,1,5795,225,0,40,1,6,1
29,1,16,5,6099,38,0,40,1,1,0
31,1,16,1,5834,38,0,40,2,1,0
29,1,19,1,2461,43,0,7,2,1,0
29,1,21,1,2668,9,1,40,2,1,0
55,1,17,1,6336,38,1,40,2,1,0
48,1,16,1,5006,6,1,40,2,1,1
21,1,19,5,4721,18,2,14,2,1,0
29,1,19,5,5982,24,0,40,1,1,0
56,1,21,1,200,24,1,40,1,1,1
26,1,16,3,5563,25,2,40,1,1,0
20,1,16,5,4265,6,2,8,1,1,0
29,1,16,1,5535,24,0,40,2,1,0
51,1,21,1,168,40,0,50,1,1,1
38,1,19,1,5531,9,1,40,2,1,0
26,1,21,5,2305,10,0,40,2,1,0
64,1,16,1,5315,28,0,40,1,1,0
51,1,16,1,6634,39,1,40,1,1,0
38,1,16,5,5643,8,13,40,1,1,0
21,1,16,5,4224,37,16,40,1,1,0
27,1,10,5,5837,302,2,40,1,8,0
37,1,21,1,2824,41,0,40,1,1,1
34,1,21,1,1208,16,1,40,1,1,0
42,3,21,1,2273,10,1,40,2,1,1
57,1,16,1,9019,29,0,40,1,1,1
23,1,16,3,5402,18,2,40,2,1,0
36,1,21,3,807,37,0,40,1,1,1
34,1,21,5,330,37,0,40,1,1,1
40,1,20,1,1027,28,1,40,1,1,1
38,1,21,1,3128,36,1,40,2,1,1
46,1,21,1,463,20,0,50,1,1,1
28,1,7,5,4098,49,2,40,1,1,0
32,1,21,1,2241,37,0,40,2,1,0
43,1,19,1,5389,7,0,40,2,1,1
22,1,19,1,4176,316,10,40,1,1,0
29,1,19,1,5962,38,1,9,2,1,0
67,3,22,1,2254,23,0,40,2,1,0
47,1,12,1,3956,310,1,15,2,1,0
30,1,21,5,1099,37,13,40,1,1,1
23,1,16,5,4744,33,2,11,2,1,0
70,2,22,1,2205,29,0,40,2,1,1
24,1,21,5,2356,42,2,40,2,1,0
46,1,21,1,451,20,0,40,1,1,1
26,1,21,5,2205,9,2,12,2,1,0
44,1,16,3,3809,213,0,8,2,8,0
37,1,22,1,1148,211,1,40,2,6,1
36,1,21,3,4812,2,0,40,2,1,0
21,1,14,5,4129,6,17,40,1,1,0
62,1,16,3,3966,19,0,35,2,1,0
41,3,21,1,2353,16,0,40,2,1,0
31,1,19,5,6469,4,13,40,1,1,1
24,1,19,5,5507,36,13,40,2,1,0
35,1,21,1,1269,36,1,40,1,1,1
19,2,19,5,2305,9,17,9,2,1,0
48,1,16,1,7519,214,0,50,1,1,1
28,1,21,1,5006,37,10,40,2,1,0
32,1,18,1,4158,43,1,40,2,1,0
30,1,19,1,6838,300,10,40,1,1,0
34,1,19,3,7526,16,0,40,1,1,1
23,1,16,5,9830,28,2,40,1,1,0
60,1,18,1,4226,21,1,40,2,1,0
21,1,16,5,3949,25,2,40,2,1,0
19,1,14,5,4164,309,2,15,2,1,0
50,1,21,1,182,21,0,50,1,1,1
43,1,21,1,1197,39,1,40,1,1,1
35,1,21,1,3135,41,1,40,1,1,1
39,1,22,1,68,37,0,40,1,1,1
33,1,21,5,960,28,0,40,1,1,1
56,1,16,3,7331,42,0,50,1,1,1
35,1,19,5,5816,34,0,40,2,1,0
28,1,19,5,6543,15,0,40,1,1,0
45,1,20,1,2504,6,1,9,2,1,0
50,1,16,1,4947,4,0,40,1,1,1
31,1,22,5,1938,42,0,40,2,1,1
29,1,21,5,2808,4,13,40,1,1,1
40,1,21,1,2941,214,1,40,2,6,0
46,1,21,1,333,39,0,40,2,1,1
49,1,21,1,209,20,1,40,2,1,1
28,1,19,5,5528,7,0,40,1,1,0
28,1,16,1,4057,12,10,40,2,1,0
55,1,16,1,5275,42,1,40,2,1,0
19,1,18,5,4716,17,17,15,2,1,0
23,1,19,3,5650,19,0,40,2,1,0
29,1,21,1,5596,36,0,40,2,1,0
52,1,18,1,10,38,0,40,1,1,1
31,1,20,1,3736,19,1,10,2,1,0
49,1,16,1,179,35,1,50,1,1,1
43,1,21,1,5774,4,0,40,1,1,1
27,1,19,1,5754,35,0,40,2,1,0
41,1,21,1,1102,19,0,40,1,1,1
53,1,21,3,978,16,0,40,1,1,1
45,1,21,5,3248,19,0,40,1,1,1
25,1,19,1,5149,8,10,40,2,1,0
45,1,16,1,7407,316,1,40,1,1,1
66,1,19,1,5318,36,0,40,2,1,0
19,1,16,5,4120,53,17,14,1,1,0
46,1,21,1,2302,23,1,40,1,1,1
26,1,21,3,1085,26,0,40,2,1,0
53,1,16,5,9128,36,13,40,1,1,1
59,1,16,1,6217,39,0,40,2,1,0
41,1,21,1,1256,34,0,40,1,1,1
59,1,16,3,4944,13,0,40,1,1,1
28,1,21,5,991,38,0,40,1,1,1
51,1,21,1,62,11,1,50,1,1,1
40,1,16,1,6572,11,1,40,1,1,0
37,1,21,5,1100,24,0,40,1,1,1
44,1,21,1,1008,36,1,50,1,1,1
55,2,21,1,2046,19,0,40,2,1,1
58,1,20,3,423,38,0,50,1,1,1
46,1,19,1,5431,6,1,40,1,1,1
63,1,21,1,3545,34,0,40,2,1,0
40,1,16,1,4054,311,1,40,2,1,0
25,1,21,5,3739,241,0,40,2,6,0
43,1,21,1,269,7,0,50,1,1,1
52,1,20,1,3119,27,0,33,2,1,0
72,1,18,1,3805,9,1,5,2,1,0
23,1,21,5,3308,226,0,40,2,6,0
52,1,17,1,6980,35,0,40,1,1,1
17,1,18,5,4651,55,2,12,1,1,0
32,3,21,5,2388,13,0,40,2,1,1
29,1,21,5,4814,33,0,40,1,1,0
59,1,18,1,5526,42,0,40,2,1,0
58,1,18,1,4683,36,0,40,2,1,0
26,1,16,1,4294,302,1,40,2,1,0
24,2,21,5,2661,37,2,13,2,1,0
44,1,22,5,239,10,0,40,2,1,1
22,1,14,5,4237,6,16,40,1,1,0
65,6,21,1,2638,23,1,40,2,1,0
27,1,21,5,2065,5,17,40,2,1,0
29,1,16,3,5772,304,0,40,1,1,0
46,1,21,1,262,6,1,40,1,1,1
52,1,16,3,6112,5,0,40,1,1,1
19,1,19,5,3804,41,2,9,2,1,0
54,1,16,1,5824,40,1,40,1,1,1
40,1,19,1,5826,36,0,40,1,1,1
55,1,16,3,160,305,0,40,1,1,1
60,1,18,1,6260,13,1,40,1,1,0
28,1,16,5,9578,314,2,40,1,8,0
54,1,21,5,525,37,0,40,2,1,1
46,1,19,1,9022,10,0,40,1,1,1
42,1,16,1,7734,315,1,40,1,1,0
26,1,21,1,2086,2,0,40,2,1,0
50,1,21,3,81,39,0,50,1,1,1
36,1,19,1,5112,2,9,40,1,1,0
31,1,21,3,2499,27,0,10,2,1,0
58,1,17,1,5516,39,1,40,2,1,0
54,1,19,5,5520,39,13,40,2,1,0
31,1,19,5,5465,21,0,40,2,1,0
48,1,21,3,2962,36,0,40,2,1,0
59,1,19,1,255,41,0,40,1,1,1
48,1,21,3,10,38,0,50,1,1,1
51,1,20,1,4994,18,1,40,2,1,1
52,1,16,5,5882,38,0,40,1,1,1
17,1,14,5,4244,7,2,10,1,1,0
33,1,21,1,1361,15,1,40,1,1,0
54,1,16,5,5128,4,0,40,1,1,1
64,1,21,1,3433,32,0,40,2,1,1
27,1,16,1,9702,19,0,40,1,1,0
42,1,21,1,1128,40,0,40,1,1,1
42,1,21,1,1551,32,0,40,1,1,1
40,1,21,1,4834,19,0,40,1,1,0
31,1,21,5,2235,10,17,40,2,1,0
42,1,21,1,3258,37,0,40,2,1,1
24,1,21,5,2322,237,13,40,2,6,0
55,1,16,3,146,24,0,40,1,1,1
44,1,21,1,2545,217,1,40,2,6,0
31,1,19,1,6001,31,0,40,2,1,0
32,1,21,1,421,15,0,40,1,1,1
52,1,18,1,6187,8,0,40,1,1,0
47,1,16,1,607,7,1,50,1,1,1
18,1,19,5,2062,11,16,8,2,1,0
24,1,21,5,2363,20,0,10,2,1,0
24,1,21,5,2215,21,17,35,2,1,0
25,1,21,1,2311,31,1,8,2,1,0
22,1,21,5,2326,201,12,16,2,6,0
19,1,19,5,4720,21,2,14,1,1,0
22,1,14,5,4118,9,16,12,1,1,0
41,1,16,1,4688,8,0,40,1,1,0
29,1,19,3,5190,14,0,8,2,1,0
44,1,21,1,7382,15,1,50,1,1,1
36,1,18,5,4923,35,0,40,1,1,0
27,3,22,1,2515,9,10,16,2,1,0
30,1,21,1,1572,31,1,40,2,1,1
27,3,22,5,2533,24,0,40,2,1,0
38,1,21,1,757,36,1,40,1,1,1
24,1,19,1,3727,41,0,40,2,1,0
31,1,21,1,3195,37,0,40,2,1,1
38,1,16,1,6441,16,0,40,1,1,0
46,1,21,3,1218,31,0,40,1,1,1
57,1,21,3,269,24,0,40,2,1,1
37,1,6,5,7506,43,13,40,1,1,0
35,1,19,1,6042,40,1,40,1,1,0
31,1,21,5,5489,33,12,40,1,1,0
34,1,22,1,2110,204,0,40,1,6,0
29,1,19,5,5938,36,0,40,1,1,0
31,1,16,5,6227,4,13,40,2,1,0
42,1,21,3,1366,8,0,40,1,1,1
45,1,16,1,4021,314,1,40,2,1,0
24,1,16,5,4006,9,2,11,2,1,0
46,1,20,5,724,219,0,40,2,1,1
34,2,21,1,2069,38,1,11,2,1,0
24,1,16,5,9681,20,2,40,1,1,0
49,1,21,1,920,41,0,40,1,1,1
46,1,19,1,6252,9,1,40,2,1,0
23,1,19,3,5898,4,0,7,2,1,0
19,1,19,5,4333,52,2,5,1,1,0
21,1,14,5,4278,13,2,15,1,1,0
49,1,19,1,7434,18,0,50,1,1,1
53,1,16,3,9432,19,0,40,1,1,1
55,1,16,3,7313,28,0,50,1,1,1
49,1,21,1,1112,31,0,50,1,1,1
58,1,20,1,5457,42,1,40,2,1,0
36,1,19,1,5537,2,0,40,1,1,0
46,1,21,5,323,38,0,40,1,1,1
39,1,21,1,797,34,0,40,1,1,0
58,1,19,1,5585,42,0,40,2,1,0
39,3,21,1,2383,37,0,40,2,1,0
57,1,20,1,3756,23,1,11,2,1,0
45,1,21,1,1300,1,1,61,1,1,1
31,1,21,1,912,40,0,40,1,1,1
37,1,22,3,883,20,0,40,1,1,1
28,1,21,3,5742,206,0,40,1,6,0
26,1,21,5,5240,11,0,40,1,1,0
58,1,16,1,6419,37,1,40,2,1,0
21,1,19,5,4817,24,2,5,1,1,0
48,1,21,3,1330,4,0,50,1,1,1
22,1,16,5,4085,39,12,40,1,1,0
36,1,21,1,1031,3,1,40,1,1,1
23,1,19,1,3604,9,9,36,2,1,0
49,1,21,1,3115,225,1,9,2,6,0
21,1,14,5,4107,9,17,13,2,1,0
50,1,21,1,810,205,1,40,2,6,1
29,1,19,5,5690,313,0,40,1,1,1
30,1,16,5,5289,41,2,40,1,1,0
57,1,16,1,5741,13,1,40,2,1,1
28,1,22,5,2379,4,0,40,2,1,1
55,1,9,1,4105,25,1,40,2,1,0
25,1,16,3,4256,32,16,40,1,1,0
47,1,16,1,7614,36,1,40,1,1,1
60,1,17,1,6242,31,0,40,1,1,0
50,1,19,1,7838,34,0,40,1,1,1
20,1,16,5,4709,9,2,11,2,1,0
32,1,20,1,5023,9,1,40,2,1,0
59,1,16,3,5468,10,0,40,2,1,0
37,1,21,1,597,231,0,40,1,6,1
40,1,22,1,3198,6,1,40,1,1,1
39,1,21,1,747,20,0,40,1,1,1
30,1,16,5,9112,35,13,40,1,1,0
20,1,16,5,4657,216,2,7,2,6,0
51,1,16,1,5491,33,1,40,2,1,0
25,2,21,1,2157,18,1,15,2,1,0
25,1,19,5,3737,24,13,31,2,1,0
45,1,19,1,122,38,1,40,1,1,1
33,1,18,1,5542,46,1,40,2,1,0
24,1,19,5,5402,44,13,40,1,1,0
26,1,19,5,4787,16,0,33,2,1,0
62,1,19,1,10,37,0,50,1,1,1
28,1,12,1,4156,194,10,40,2,6,0
50,1,21,5,847,10,0,40,1,1,1
51,1,19,1,5725,4,0,40,2,1,0
49,1,21,5,223,4,0,40,1,1,1
30,1,8,5,4104,7,0,40,2,1,0
55,1,16,1,7279,34,1,40,1,1,1
58,1,19,1,5588,37,0,40,1,1,1
33,3,21,1,2426,28,0,40,2,1,0
54,1,16,1,7646,27,0,40,1,1,0
25,1,21,5,3485,315,0,40,2,6,0
52,1,16,3,5533,4,0,40,1,1,1
24,1,16,5,5354,34,0,40,2,1,0
27,1,19,5,2442,4,12,11,2,1,0
46,1,21,1,1180,5,0,40,1,1,1
37,1,21,1,1042,30,1,40,1,1,1
30,1,19,5,5576,36,0,40,1,1,0
51,1,21,1,456,29,0,40,2,1,1
45,1,16,3,4839,292,0,40,1,1,0
54,1,18,1,6052,42,0,40,1,1,0
18,1,9,5,4305,43,16,12,1,1,0
51,1,19,1,4569,8,0,40,1,1,1
62,1,19,1,779,31,0,40,1,1,1
23,1,16,5,6102,6,2,40,1,1,0
41,1,21,1,1705,6,0,40,1,1,1
40,1,21,1,320,37,1,40,2,1,1
31,1,18,5,5868,30,0,40,1,1,0
35,1,21,1,1290,12,1,40,2,1,1
47,1,20,1,7554,39,0,50,1,1,1
45,1,16,5,6256,36,13,40,2,1,1
48,1,21,1,54,22,0,40,1,1,1
59,1,20,1,5609,39,1,31,2,1,0
27,1,16,5,5566,38,13,40,2,1,0
53,1,20,1,3080,31,1,40,2,1,0
21,1,16,5,3995,37,2,40,2,1,0
54,1,19,1,5117,38,1,40,1,1,1
28,1,19,1,5594,10,1,40,2,1,0
47,1,21,1,618,7,1,40,1,1,1
44,1,21,1,299,4,1,40,2,1,1
49,1,19,1,5545,36,0,40,1,1,1
46,1,19,3,8002,6,0,40,1,1,1
31,3,22,1,2353,28,0,40,2,1,0
52,1,12,1,3850,48,10,35,2,1,0
68,2,20,1,3321,19,1,6,2,1,0
48,1,21,5,394,41,0,40,2,1,1
29,3,21,1,2299,35,1,40,2,1,0
20,1,16,5,3818,37,2,33,2,1,0
18,1,14,5,4113,7,17,12,2,1,0
56,1,19,1,240,8,0,40,1,1,1
22,1,19,3,5865,15,0,40,2,1,0
24,1,12,5,9746,321,13,40,1,1,0
50,1,21,1,222,36,1,40,1,1,1
57,1,16,1,9265,37,0,40,1,1,0
25,1,19,5,5132,7,2,9,2,1,0
25,1,21,5,3541,31,0,40,2,1,1
17,1,16,5,4666,23,2,11,1,1,0
32,1,21,5,727,26,0,40,1,1,1
43,1,21,3,173,37,13,40,2,1,1
51,1,17,1,10,1,0,40,1,1,1
51,1,16,5,9224,38,0,40,1,1,1
66,1,16,1,5270,34,1,10,2,1,0
38,1,19,1,5441,36,0,40,2,1,0
23,1,19,5,6047,36,0,40,2,1,0
28,1,19,5,5345,22,0,40,2,1,0
25,1,16,5,4631,29,2,40,1,1,0
33,1,12,1,9181,7,0,40,1,1,0
23,1,16,3,4608,39,12,12,2,1,0
35,1,19,5,5692,9,13,40,1,1,1
62,2,22,1,3251,9,0,40,2,1,1
54,1,19,1,5950,15,0,40,1,1,1
29,1,19,5,5019,3,13,40,2,1,0
65,3,21,1,2396,22,0,40,2,1,0
50,1,19,1,6882,33,1,40,1,1,1
27,1,19,5,5002,36,2,40,1,1,0
24,1,21,3,2633,34,0,40,2,1,0
21,1,19,5,5571,5,2,40,2,6,0
29,1,21,5,2255,35,2,40,2,1,0
53,1,19,1,5184,2,0,40,1,1,1
51,1,19,1,5411,39,1,40,2,1,0
27,1,16,3,9203,31,0,40,1,1,0
54,1,16,1,7818,18,0,40,1,1,1
34,1,21,5,1426,38,0,40,1,1,1
27,1,14,5,3973,41,2,13,2,1,0
57,1,16,1,6046,25,0,40,2,1,0
51,1,19,1,136,35,1,49,1,1,1
55,1,22,3,870,26,0,40,1,1,1
60,1,21,1,3193,40,0,40,2,1,0
63,2,22,3,1928,5,0,40,2,1,0
29,1,17,5,7524,29,0,40,1,1,0
44,1,19,1,7780,34,0,50,1,1,1
47,1,19,3,4937,39,0,40,1,1,1
46,1,21,3,1797,4,0,40,1,1,1
52,1,16,1,5394,7,0,40,2,1,0
42,1,19,1,7550,41,1,40,1,1,1
50,1,18,1,6482,2,1,40,1,1,1
21,1,16,5,5870,32,13,40,2,1,0
25,1,18,5,4044,7,2,40,2,1,0
45,1,20,5,194,41,0,40,1,1,1
37,1,21,1,3085,18,0,40,2,1,0
30,1,21,3,2369,32,0,40,2,1,0
47,1,19,1,5312,211,1,40,2,6,0
55,1,20,5,191,23,0,40,1,1,1
55,1,16,1,8899,40,0,40,1,1,1
59,1,19,1,5207,34,0,40,1,1,1
58,1,16,1,7057,40,1,40,1,1,0
21,1,19,5,4775,28,2,40,1,1,0
27,1,21,5,4687,12,2,40,2,1,0
43,1,19,1,3842,9,0,40,2,1,0
31,1,21,1,2289,32,0,12,2,1,0
27,1,21,5,1026,7,0,40,1,6,0
18,1,19,5,4898,16,16,35,1,1,0
23,1,21,3,1824,1,0,12,2,1,0
38,1,21,5,853,11,0,40,1,1,1
50,1,21,3,57,30,0,40,1,1,1
66,1,19,3,5828,16,0,40,2,1,1
31,1,16,5,7948,9,13,40,1,1,1
43,1,21,1,143,39,0,40,1,1,1
52,1,19,3,478,10,0,40,1,1,1
48,1,21,3,144,37,0,40,1,1,1
63,1,21,1,3742,31,0,40,2,1,1
39,1,22,3,944,15,0,50,1,6,1
49,1,22,3,2455,217,0,40,2,1,1
50,1,19,1,5449,234,1,40,2,1,0
62,1,18,1,5795,24,1,40,2,1,0
30,1,21,1,2381,33,10,40,2,1,0
49,2,21,1,2341,10,0,14,2,1,0
21,1,17,5,4139,48,17,40,1,1,0
66,2,21,1,2092,25,0,7,2,1,0
33,1,21,5,917,23,0,40,1,1,1
19,1,16,5,4707,14,2,14,2,1,0
50,1,22,3,409,42,0,50,1,1,1
26,1,16,3,9543,13,0,40,1,1,0
31,1,19,5,515,18,0,40,1,1,1
64,1,22,1,3110,37,0,40,2,1,1
26,1,21,5,4969,199,2,40,1,6,0
37,1,21,3,5734,4,0,40,2,1,0
21,1,16,5,4238,40,2,9,2,1,0
37,1,19,1,5739,37,0,40,1,1,0
38,3,21,1,2558,34,1,40,2,1,1
46,1,16,1,6191,9,1,40,2,1,0
64,1,16,1,6023,29,0,40,2,1,0
51,1,21,3,1300,40,0,40,1,1,1
27,1,19,1,3647,40,0,40,2,1,0
59,1,16,1,5695,24,0,40,1,1,1
50,1,21,1,3305,6,1,40,2,1,0
20,1,16,5,6039,22,2,30,2,1,0
60,1,21,1,2606,12,9,40,2,1,0
47,1,19,5,6284,320,0,40,1,6,1
39,1,17,1,6071,37,0,40,1,1,0
59,1,19,1,4862,22,0,40,1,1,1
53,1,16,1,7579,6,0,50,1,1,1
22,1,10,5,4231,44,2,14,2,1,0
48,1,21,5,2845,30,0,40,2,1,1
59,2,21,1,3281,25,1,9,2,1,0
36,1,21,1,2197,40,1,40,2,1,0
54,1,19,1,4364,4,0,40,1,1,0
21,1,8,5,4235,9,16,9,1,1,0
21,1,16,5,4169,25,2,40,2,1,0
40,3,21,1,2523,15,1,40,2,1,1
23,1,10,5,4036,32,2,12,2,1,0
19,1,16,5,4657,22,17,13,1,1,0
37,1,21,1,315,5,0,40,1,1,1
25,1,21,5,5777,17,0,40,2,1,0
22,1,19,5,5878,57,2,40,1,1,0
63,1,20,1,3566,6,0,31,2,1,0
39,3,21,1,2732,6,1,40,2,1,0
27,1,16,5,9155,31,2,40,1,1,0
30,1,16,1,3926,18,1,40,2,1,0
46,1,20,1,960,38,0,40,1,1,1
24,1,19,5,3640,22,12,40,1,1,0
57,1,21,1,3324,37,1,40,2,1,1
24,1,21,3,2741,23,12,40,2,1,0
53,1,21,1,674,232,0,40,1,1,1
23,1,19,5,5155,35,17,40,1,1,0
29,1,21,3,2225,26,0,40,2,1,0
26,1,19,1,5380,15,10,40,2,1,0
60,1,16,1,4265,35,1,40,2,1,0
27,2,22,1,2079,24,1,9,2,1,0
61,1,19,1,2699,31,1,10,2,1,0
23,2,22,5,2363,30,2,10,2,1,0
25,1,21,1,2548,22,10,14,2,1,0
25,1,19,5,4717,12,12,40,1,1,0
25,1,16,3,4058,28,0,12,2,1,0
52,1,16,1,3247,37,1,32,2,1,0
45,1,21,1,951,39,0,40,1,1,1
68,1,19,1,5227,15,10,32,2,1,0
28,1,21,5,4471,23,0,40,1,1,0
50,1,21,1,465,6,0,40,1,1,1
45,1,21,3,1077,227,0,40,1,1,1
28,1,19,5,5516,7,0,40,2,1,0
41,2,21,1,2142,3,0,40,2,1,1
40,1,19,1,4250,211,0,40,1,6,1
61,1,16,5,5023,20,0,40,2,1,1
35,1,19,5,4428,26,0,40,1,1,1
46,1,21,1,653,11,1,50,1,1,1
53,1,19,1,6811,21,1,50,1,1,1
64,1,19,1,3652,38,1,32,2,1,0
63,1,16,1,4953,18,0,40,1,1,1
17,1,14,5,4561,24,2,12,2,1,0
55,1,19,1,5343,18,1,40,1,1,1
41,1,22,1,2242,36,1,40,2,1,1
42,1,19,1,5247,8,0,40,2,1,0
42,1,19,1,5475,7,0,40,2,1,0
29,3,22,3,2516,32,12,40,2,1,0
31,1,19,1,5930,42,1,40,2,1,0
48,1,10,1,4202,327,9,40,2,8,0
20,1,19,5,4786,36,2,12,2,1,0
46,1,21,1,2330,225,0,30,2,6,0
22,1,16,5,4162,26,2,16,1,1,0
59,1,16,1,6046,25,0,40,1,1,0
40,1,21,1,965,36,1,40,2,1,1
35,1,20,5,551,9,0,40,1,1,1
30,1,19,5,5899,35,0,40,1,1,0
28,1,19,1,5457,5,0,40,2,1,0
21,1,18,5,5904,32,13,40,2,1,0
42,1,21,1,2449,42,0,40,2,1,0
49,1,18,1,5406,320,1,40,2,1,0
28,1,21,3,5013,36,0,40,1,1,0
53,1,16,1,4193,26,1,40,2,1,0
36,1,21,1,1097,221,1,40,1,6,1
58,1,16,1,5062,21,1,40,1,1,1
63,1,19,1,234,5,1,40,1,1,1
23,1,19,5,4609,47,16,12,1,1,0
35,1,21,1,1218,37,1,40,2,1,0
31,1,21,5,2195,15,0,40,1,1,1
50,1,16,1,7191,43,1,50,1,1,1
57,1,19,1,4133,22,0,10,2,1,0
18,1,16,5,4014,55,2,40,1,1,0
56,1,16,1,5425,20,0,40,1,1,0
48,1,21,1,575,8,0,40,1,1,1
42,1,21,3,947,41,0,40,2,1,1
41,1,22,1,370,219,1,61,1,6,1
53,1,16,1,9318,24,0,40,1,1,1
21,1,16,5,4000,29,2,9,2,1,0
61,1,16,1,6125,23,1,40,1,1,0
19,1,14,5,4125,11,2,8,1,1,0
20,1,16,5,4811,14,2,11,1,1,0
43,1,21,1,732,5,0,40,1,1,1
50,3,21,1,2381,3,1,7,2,1,0
23,1,16,1,4049,39,0,40,2,1,0
55,1,21,3,862,28,0,50,1,1,1
21,1,17,3,4112,40,2,40,2,1,0
57,1,16,1,4794,30,1,33,2,1,0
61,1,16,1,6407,39,1,40,1,1,1
51,1,19,3,5063,36,0,40,1,1,1
39,1,21,1,2418,13,1,40,2,1,0
32,2,21,1,2021,10,0,40,2,1,0
68,1,16,1,5285,38,0,2,2,1,0
28,1,16,1,5272,5,10,40,2,1,0
45,1,21,1,315,35,1,40,2,1,1
30,1,19,3,4923,36,0,40,2,1,0
24,1,21,5,2143,9,17,40,2,1,0
68,1,21,3,319,40,0,40,2,1,1
28,1,21,5,3523,36,13,40,2,1,0
31,1,19,1,5466,42,0,40,1,1,0
35,1,19,1,6269,30,0,40,1,1,0
26,1,16,3,5649,42,0,40,2,1,0
40,1,19,3,5582,3,0,40,1,1,1
52,1,16,1,9449,41,0,40,1,1,1
42,1,16,3,5701,6,13,40,1,1,1
23,1,16,1,4099,1,10,40,2,1,0
52,1,16,3,5084,7,0,40,1,1,0
67,1,19,1,104,25,0,40,1,1,1
47,1,16,1,213,4,0,40,1,1,1
42,1,21,1,265,227,0,40,1,1,1
30,1,21,5,821,13,0,40,1,1,1
53,1,19,1,5740,26,1,40,2,1,0
49,1,21,1,78,6,1,40,1,1,1
22,1,16,5,3807,42,6,12,2,1,0
44,1,22,1,512,9,0,40,1,1,1
36,1,19,1,5786,16,0,40,1,1,0
25,1,21,1,2342,28,1,40,2,1,0
19,1,19,5,2092,57,17,10,2,1,0
17,1,19,5,4208,9,17,14,1,1,0
27,1,21,5,2640,4,17,40,1,1,0
30,1,20,1,2511,47,1,10,2,1,0
24,1,19,5,5074,33,2,40,2,1,0
25,1,19,3,5179,39,16,31,2,1,0
35,1,21,1,2179,42,0,40,2,1,1
57,1,19,1,4945,21,0,40,1,1,0
54,1,19,1,195,36,0,40,2,1,1
29,1,21,3,2877,11,0,40,2,1,0
26,1,21,1,5034,229,0,40,2,6,0
51,1,21,1,458,44,1,40,1,1,1
22,1,18,3,4175,20,0,40,2,1,0
42,1,19,1,5864,35,0,40,1,1,0
24,1,11,1,9795,296,2,40,1,1,0
26,1,21,5,3098,9,13,40,2,1,1
17,1,16,5,4341,22,2,16,1,1,0
23,1,21,5,3176,2,2,40,2,6,0
26,1,21,5,2024,7,17,40,1,1,0
48,1,21,3,269,2,0,40,1,1,1
35,1,18,1,9174,54,1,40,1,1,0
33,1,16,5,5904,9,0,40,2,1,0
57,1,16,1,5745,38,1,40,1,1,0
26,1,16,5,4201,4,12,40,2,1,0
23,1,19,5,4153,7,17,20,1,1,0
41,1,16,5,5496,37,13,40,2,1,0
64,2,19,3,3403,8,0,13,2,1,0
23,1,19,5,4888,34,2,40,2,1,0
23,1,21,5,5814,38,13,40,1,1,0
47,1,21,1,143,7,0,40,1,1,1
48,1,21,1,391,17,0,40,1,1,1
19,1,19,5,4789,22,2,10,2,1,0
24,1,19,5,6441,2,2,40,1,1,0
22,1,16,5,5966,38,2,40,1,1,0
32,1,21,1,6452,42,1,40,1,1,0
23,1,21,5,1808,28,2,40,2,1,0
19,1,18,5,4845,15,2,7,1,1,0
20,1,16,5,4635,23,2,10,1,1,0
41,1,19,1,996,37,1,40,1,1,1
31,1,19,5,5625,38,0,40,1,1,0
28,1,22,5,1058,2,13,40,1,6,1
47,1,16,1,5464,7,0,40,1,1,0
23,1,17,3,9405,33,0,40,1,1,0
40,1,16,1,8038,305,1,40,1,1,0
61,1,19,1,6137,40,0,40,2,1,0
56,1,16,1,6064,22,0,40,1,1,1
57,1,16,1,5907,27,0,40,1,1,1
44,1,16,3,7074,45,13,40,1,1,1
48,1,12,1,4080,222,1,40,2,6,0
23,1,19,5,6232,8,2,40,2,1,0
40,1,18,1,7643,16,1,40,1,1,0
26,1,16,5,9296,320,2,40,1,1,0
41,2,21,1,1977,38,1,40,2,1,0
36,1,21,1,783,20,1,40,1,1,1
31,1,19,5,3589,14,0,29,2,1,0
59,1,19,3,5393,39,0,40,2,1,1
31,1,21,1,2170,38,1,40,1,1,1
49,1,22,1,254,12,0,50,1,1,1
22,1,16,5,5818,8,17,13,2,1,0
35,1,21,1,1512,18,1,40,1,1,1
44,1,24,5,481,12,0,40,1,1,1
20,1,18,5,3714,12,2,6,2,1,0
37,1,21,1,1432,37,0,40,1,1,1
27,1,16,5,5686,40,0,40,1,1,0
34,2,22,1,2231,7,1,8,2,1,0
25,1,19,5,4774,23,2,40,1,1,0
59,1,18,1,5765,42,0,40,2,1,0
42,1,19,1,167,7,0,40,1,1,1
56,1,20,1,380,29,0,40,2,1,1
31,1,21,5,2257,16,13,40,2,1,1
27,1,19,3,6388,10,0,40,1,1,0
21,1,18,5,5017,42,0,40,2,1,0
48,1,16,1,9180,14,0,40,1,1,1
60,1,21,1,3228,24,1,40,2,1,0
31,1,21,3,2499,21,0,9,2,1,0
49,1,21,3,240,14,0,40,1,1,1
41,1,21,1,926,17,1,40,1,1,1
59,1,18,1,5748,18,1,40,1,1,1
29,1,18,5,5329,40,13,40,1,1,0
22,1,21,5,2152,9,0,40,2,1,1
43,1,21,3,479,4,0,40,2,1,1
60,1,16,1,8936,32,0,40,1,1,1
55,1,16,1,10,40,1,40,1,1,1
57,1,19,1,5202,6,1,40,2,1,0
27,1,16,1,5521,5,0,40,2,1,0
34,1,22,1,862,39,0,40,1,1,1
20,1,21,5,1475,10,2,40,1,1,0
24,1,16,5,5146,39,2,40,2,1,0
59,1,16,1,7330,43,1,40,1,1,1
55,1,14,3,5755,22,0,40,2,1,0
24,1,21,5,5835,44,17,40,1,1,0
77,1,19,1,2335,19,0,13,2,1,0
24,3,21,5,2480,20,2,40,2,1,0
43,1,21,1,2344,294,1,40,2,6,0
51,1,16,1,4591,13,1,40,1,1,1
51,1,21,3,57,22,13,40,2,1,1
43,1,21,1,6480,8,1,40,2,1,0
56,1,16,5,5558,19,0,40,2,1,1
44,1,21,1,155,222,0,40,1,1,1
43,1,16,5,7802,306,0,40,1,1,1
27,1,19,5,5223,25,13,40,2,1,0
18,1,16,5,4057,26,2,8,2,1,0
25,1,16,5,4060,10,17,40,2,1,0
30,1,16,5,9459,32,0,40,1,1,0
49,1,16,1,7942,32,1,40,1,1,1
48,1,21,1,431,18,0,40,1,1,1
26,1,19,5,4861,40,2,40,1,1,0
36,1,22,3,1580,9,0,40,1,1,1
44,1,21,1,587,224,0,61,1,6,1
24,1,19,5,5882,41,2,40,1,1,0
73,1,19,1,3128,8,0,40,2,1,1
55,1,17,1,4161,39,0,40,2,1,0
26,1,19,5,5079,7,0,40,2,1,0
61,1,21,1,139,38,0,40,1,1,1
59,1,19,1,5570,21,0,40,1,1,0
55,1,20,1,144,32,1,50,1,1,1
44,1,19,1,5050,6,1,40,1,1,1
47,1,21,1,170,27,0,50,1,1,1
45,1,11,1,4010,302,1,40,2,8,0
27,1,19,5,5040,5,2,40,2,1,0
32,1,16,1,5932,57,0,40,1,1,0
45,1,19,1,5805,14,0,40,1,1,0
19,1,16,5,4788,26,2,7,1,1,0
19,1,19,5,4682,22,2,10,1,1,0
48,1,16,3,7805,36,0,40,1,1,1
31,1,16,1,4604,312,10,40,1,1,0
53,1,19,1,5891,8,1,40,2,1,0
58,1,16,1,5405,31,1,40,2,1,0
58,1,20,1,164,19,1,40,2,1,1
38,1,21,1,929,214,1,40,1,6,1
21,1,19,5,4800,52,12,7,2,1,0
21,1,19,3,5204,15,0,40,2,1,0
52,1,16,1,242,11,0,40,1,1,1
19,1,18,5,4643,36,2,11,1,1,0
30,1,21,5,612,4,0,40,1,1,1
29,1,21,3,2617,9,12,40,2,1,0
33,1,19,1,5495,37,0,5,2,1,0
57,1,20,1,10,41,1,40,1,1,1
65,1,16,1,5945,27,1,40,2,1,0
50,1,18,3,10,4,0,40,1,1,1
35,1,19,1,5118,37,0,40,1,1,0
41,1,22,3,545,22,0,50,1,1,1
44,1,22,1,3149,34,0,40,1,1,1
61,3,21,1,2435,40,1,12,2,1,0
61,1,18,1,6371,34,1,11,2,1,0
51,1,16,1,238,38,0,50,1,1,1
42,3,21,1,2584,13,1,40,2,1,0
45,1,22,1,408,21,1,50,1,1,1
27,1,19,1,6211,39,1,40,1,1,0
30,1,21,5,4608,233,0,40,1,1,0
17,1,16,5,4054,6,17,11,1,1,0
38,1,21,1,3254,14,0,40,2,1,0
41,1,21,1,5210,6,0,40,2,1,0
47,1,18,3,4246,40,15,40,1,1,0
25,1,19,5,5281,34,2,40,1,1,0
28,1,16,1,5519,21,1,40,2,1,0
52,1,21,5,184,40,0,40,1,1,1
33,1,21,5,581,232,0,40,1,1,1
30,1,18,5,9635,32,2,40,1,1,0
53,1,19,3,264,38,0,50,1,1,1
47,1,21,1,45,246,0,40,1,6,1
53,1,16,1,6466,18,0,40,1,1,0
24,1,21,5,4363,34,0,40,2,1,0
33,1,21,3,2231,10,0,40,2,1,0
27,1,18,5,6424,37,0,40,2,1,0
27,1,19,5,8368,7,0,40,1,1,0
46,1,19,1,5897,312,1,40,1,1,1
25,1,16,1,4186,317,10,40,2,1,0
23,1,19,5,5495,45,13,40,2,1,0
23,1,16,5,3769,38,2,32,2,1,0
30,1,16,5,5108,22,13,40,1,1,0
39,1,21,1,1531,37,1,40,1,1,1
45,1,21,1,249,39,0,50,1,1,1
31,1,16,5,6117,40,0,40,1,1,0
23,1,16,5,5676,7,2,40,1,1,0
47,1,16,3,9575,4,13,40,1,1,1
20,1,19,5,4625,11,2,13,2,1,0
45,1,16,1,4902,325,1,40,2,1,0
51,1,19,1,119,1,0,40,1,1,1
62,1,16,1,666,36,1,50,1,1,1
23,1,19,5,3565,247,2,3,2,6,0
36,1,21,1,2393,211,1,40,2,6,0
47,1,19,1,5880,31,1,40,2,1,0
20,1,19,5,4758,43,2,13,1,1,0
33,1,21,1,1961,217,1,8,2,6,0
43,3,21,1,2347,32,0,40,1,1,1
58,1,19,1,6062,34,1,40,1,1,1
20,1,16,5,4222,15,2,40,2,1,0
23,1,19,5,5817,55,2,40,1,1,0
22,1,19,5,5954,209,17,40,1,6,0
27,1,21,3,2201,12,10,40,2,1,0
19,1,6,5,4244,3,16,11,1,1,0
28,1,19,5,3927,30,12,40,2,1,0
54,1,18,1,232,9,1,40,1,1,1
77,7,21,1,10,18,0,50,1,1,1
65,1,21,1,3299,38,1,40,2,1,0
43,1,21,1,295,37,0,40,1,1,1
42,1,21,1,369,39,1,50,1,1,1
23,1,16,5,5067,24,12,40,2,1,0
36,3,21,1,2403,40,1,40,2,1,0
31,1,21,3,2308,15,0,40,1,1,1
45,1,21,1,557,30,0,40,1,1,1
68,3,21,1,2366,38,0,40,2,1,0
31,1,22,5,3246,10,0,40,2,1,0
38,1,21,5,1299,40,0,40,1,1,1
25,1,16,5,5740,15,13,40,2,1,0
61,1,16,1,5181,10,0,40,2,1,1
51,1,16,5,5691,18,0,40,1,1,1
50,1,21,3,6201,9,0,40,1,1,1
28,3,22,1,2496,25,1,15,2,1,0
19,1,16,5,4089,52,12,32,2,1,0
51,1,12,1,5813,218,0,40,1,6,0
20,1,16,5,9624,22,2,40,1,1,0
57,1,20,5,6956,21,13,40,1,1,1
17,1,15,5,4659,11,16,40,1,1,0
30,1,22,5,2995,36,0,40,1,1,1
21,2,21,5,2084,24,2,8,2,1,0
26,2,21,3,1819,37,0,13,2,1,0
29,1,21,1,2099,36,1,40,2,1,0
56,1,16,5,5273,41,0,40,1,1,1
29,1,19,1,5312,233,1,7,2,6,0
35,1,22,5,3229,223,13,40,1,6,1
46,1,16,1,6247,294,0,40,1,1,0
50,1,19,1,198,41,1,50,1,1,1
43,1,21,1,3691,40,0,40,2,1,0
30,1,21,5,987,208,0,40,2,6,0
34,1,21,1,1067,25,1,40,1,1,1
35,1,21,5,808,39,0,40,1,1,1
29,1,19,5,5836,24,2,40,1,1,0
29,1,16,1,4657,18,0,40,2,1,0
20,1,21,5,2304,13,2,8,2,1,0
32,1,20,5,1347,30,0,40,1,1,1
27,1,19,5,5371,36,0,32,2,1,0
30,1,21,5,2633,34,0,40,1,1,1
44,1,16,1,4080,12,9,40,2,1,0
64,1,16,1,5540,38,1,40,2,1,0
44,1,19,5,1171,307,0,40,1,1,1
24,1,21,5,3622,16,0,40,2,1,0
56,1,19,1,5161,19,9,40,2,1,0
19,1,10,5,4234,32,17,14,1,1,0
29,1,16,5,5775,33,0,40,1,1,0
51,1,16,1,6305,247,0,40,1,6,0
23,1,16,5,7000,30,0,40,1,1,1
23,1,16,5,4048,12,2,40,1,1,0
60,1,16,1,6260,7,1,6,2,1,0
51,1,20,3,431,40,13,40,1,1,1
49,1,21,1,239,32,1,40,1,1,1
41,1,21,1,1578,8,1,50,1,1,1
26,1,19,5,5017,5,2,40,2,1,0
57,1,20,1,3133,3,1,40,2,1,1
50,1,16,1,8304,42,0,40,1,1,1
33,1,21,1,697,1,1,40,1,1,1
24,1,14,5,4594,21,2,31,2,1,0
41,1,22,1,1387,35,0,40,1,1,1
44,1,21,1,10,1,1,50,1,1,1
18,1,14,5,4132,12,2,7,1,1,0
64,1,16,1,187,33,1,40,1,1,1
51,1,21,1,3070,217,1,40,2,6,1
46,1,21,1,10,37,1,50,1,1,1
33,3,21,1,2276,4,1,7,2,1,0
36,1,19,3,5877,7,0,40,2,1,0
24,2,21,5,2339,22,0,12,2,1,0
18,1,19,5,4770,16,16,13,1,1,0
18,1,14,5,4138,48,2,8,1,1,0
38,1,12,1,4014,300,1,40,1,1,0
26,1,19,5,5592,12,13,40,2,1,0
49,1,18,3,9122,9,0,40,1,1,1
71,2,22,1,1782,37,0,40,2,1,1
42,1,21,3,1152,37,0,40,2,1,1
44,1,21,3,415,41,0,40,1,1,1
40,1,21,1,5340,37,1,40,2,1,0
35,1,21,3,2232,36,0,40,2,1,1
62,1,16,1,4109,18,1,10,2,1,0
56,1,13,1,4083,31,1,15,2,1,0
26,1,16,5,4160,26,2,40,1,1,0
53,3,21,1,2414,34,1,8,2,1,0
30,1,19,3,5696,22,0,40,1,1,0
38,1,21,1,1348,25,1,40,1,1,1
31,1,19,3,5239,40,12,40,2,1,0
23,1,19,1,6249,37,16,40,2,1,0
23,1,16,3,4298,48,0,40,2,1,0
56,1,16,1,5630,26,0,40,1,1,0
61,1,16,1,4677,8,0,40,2,1,1
51,1,16,1,6540,8,1,40,2,1,0
60,1,20,3,184,30,0,40,2,1,1
37,1,21,1,2065,235,1,40,1,6,1
20,1,16,1,4063,315,2,40,2,1,0
31,1,21,1,2321,8,0,40,2,1,1
25,1,16,5,5687,37,0,40,1,1,0
27,1,19,5,4991,20,2,40,1,1,0
29,1,16,1,4117,310,9,40,2,1,0
25,1,21,5,2380,3,2,40,2,1,0
36,1,21,1,2646,9,1,9,2,1,0
27,1,19,5,4791,20,2,40,2,1,0
62,2,21,1,2053,11,0,8,2,1,0
31,1,21,5,491,38,13,40,1,1,1
27,1,19,1,6136,4,0,40,2,1,0
54,1,19,5,5310,39,0,40,2,1,0
21,1,16,5,4561,7,0,14,2,1,0
17,1,18,5,4265,58,17,9,1,1,0
54,1,16,5,7499,7,0,40,1,1,1
26,1,16,5,6753,17,2,40,1,1,0
41,1,16,3,5358,4,0,40,1,1,0
47,1,16,1,642,34,0,40,1,1,1
17,1,16,5,4522,8,16,3,2,1,0
48,1,18,1,6271,3,0,40,1,1,1
33,1,21,5,1211,306,13,40,1,6,0
27,1,21,3,2320,15,0,12,2,1,0
56,1,21,1,10,41,0,40,1,1,1
59,1,16,1,5084,32,1,40,2,1,0
20,1,21,5,2406,44,2,8,2,1,0
32,1,21,1,1238,12,0,40,1,1,1
25,1,16,5,9666,1,0,40,1,8,0
30,1,16,1,6139,7,0,40,2,1,0
21,1,16,5,3367,12,2,9,2,1,0
27,1,21,5,1289,37,13,40,1,1,0
48,1,21,1,91,4,0,40,1,1,1
63,1,16,1,4508,322,9,40,2,1,0
24,1,19,5,6049,42,0,40,1,1,0
32,1,19,5,5760,11,13,40,2,1,0
62,1,21,1,3334,24,0,40,2,1,0
28,1,21,3,964,3,0,40,1,1,0
19,1,19,5,4691,6,2,16,2,1,0
21,1,19,5,4621,39,2,6,2,1,0
51,1,16,1,4138,46,0,30,2,1,0
59,1,21,1,177,43,0,40,1,1,1
47,1,16,1,301,39,0,50,1,1,1
25,1,21,5,2251,29,2,40,2,1,0
48,1,21,3,3246,34,0,40,2,1,1
56,1,16,1,5704,28,1,40,1,1,1
59,1,19,1,155,10,1,40,1,1,1
28,1,18,1,4178,35,0,8,2,1,0
20,1,14,5,4036,53,17,18,1,1,0
50,1,16,5,5968,6,13,40,1,1,0
22,1,19,5,3264,42,2,31,2,1,0
36,1,21,5,1742,26,0,40,1,1,1
48,1,22,1,3427,240,0,40,2,6,1
29,1,16,1,5925,7,0,40,1,1,0
25,1,16,5,5200,40,15,40,1,1,0
29,1,18,3,5890,39,0,40,1,1,0
67,3,21,3,2400,8,0,35,2,1,0
20,1,16,5,4145,38,2,40,1,1,0
29,1,16,3,4060,42,0,40,2,1,0
32,1,16,1,6748,37,0,40,1,1,0
60,1,19,1,5679,25,1,40,1,1,0
37,1,21,1,3049,29,1,40,2,1,0
50,1,19,5,6467,5,0,40,2,1,0
23,1,21,5,1968,11,17,40,1,6,0
63,1,16,3,3635,28,0,32,2,1,0
33,1,16,5,7993,12,0,40,1,1,1
47,1,20,1,310,42,0,50,1,1,1
49,1,19,5,5275,13,0,40,1,1,1
26,1,16,3,9711,41,0,40,1,1,0
38,1,19,1,5938,3,0,40,1,1,0
27,1,21,1,2062,5,10,31,2,1,0
27,1,16,5,5676,4,2,40,2,1,0
36,1,21,1,2353,4,0,40,1,1,1
30,1,21,1,5422,7,0,40,2,1,0
36,1,16,1,4739,7,1,40,1,1,0
63,1,16,1,5168,41,0,40,2,1,0
29,1,16,5,9124,18,2,40,1,1,0
49,1,16,1,8225,40,0,50,1,1,1
42,1,21,1,403,221,1,40,1,6,1
57,1,16,1,5805,39,1,40,2,1,0
44,1,21,1,3465,40,1,40,2,1,1
27,1,21,5,5767,39,0,40,2,1,0
26,1,16,3,4190,17,0,31,2,1,0
26,1,21,1,2012,5,0,14,2,1,0
50,1,20,5,6250,16,0,40,1,1,1
52,1,16,1,5605,17,1,40,2,1,0
34,1,21,1,1331,7,0,40,1,1,1
25,1,17,5,4281,34,16,40,1,1,0
48,1,19,1,276,43,1,40,1,1,1
59,1,16,1,305,17,0,40,1,1,1
27,1,21,5,4720,7,13,40,2,1,0
19,1,18,5,4667,3,16,5,2,6,0
51,1,19,1,69,36,0,40,1,1,1
23,1,16,1,4267,6,0,40,2,1,0
19,1,19,5,4693,36,16,12,2,1,0
30,1,19,1,6071,27,1,40,1,1,0
21,1,19,5,4671,18,2,40,2,1,0
55,1,19,1,8969,42,0,40,1,1,1
40,1,16,1,9401,232,0,40,1,1,1
55,1,16,5,7512,5,0,40,1,1,1
65,1,16,1,4044,37,1,40,2,1,0
40,1,21,1,188,41,1,50,1,1,1
30,1,7,5,9355,307,0,40,1,8,0
22,1,19,5,6000,2,2,40,1,1,0
44,1,18,5,5253,10,0,40,1,1,0
34,1,21,5,540,26,0,40,1,1,1
28,1,19,5,4066,33,2,40,1,1,0
31,1,21,5,341,27,0,40,2,1,1
19,1,16,5,4121,10,17,40,1,1,0
38,1,20,1,5146,36,1,40,2,1,0
35,1,21,5,1211,14,0,40,1,1,1
50,1,21,1,5907,10,0,40,1,1,1
19,1,16,5,4239,35,2,11,2,1,0
18,1,14,5,4167,25,16,40,1,1,0
52,1,16,1,9246,40,0,40,1,1,0
44,1,22,1,320,38,0,40,1,1,1
29,1,21,1,1966,26,0,40,2,1,0
26,1,19,5,4685,18,13,40,2,1,0
59,1,11,1,4195,39,1,17,2,1,0
34,1,21,1,5041,35,1,40,2,1,0
58,1,19,1,5974,36,0,40,2,1,1
25,1,19,1,4133,40,1,30,2,1,0
28,1,21,5,5095,10,0,40,1,1,0
42,1,19,1,373,35,0,40,1,1,1
28,1,19,5,5477,22,0,40,1,1,0
22,1,21,5,3523,14,0,35,2,1,0
40,3,21,1,2281,34,1,11,2,1,0
50,1,16,5,5531,37,0,40,1,1,0
43,1,16,1,5226,10,1,40,2,1,0
32,2,22,3,2414,32,12,14,2,1,0
39,1,21,1,7569,37,1,40,1,1,1
36,1,19,1,7207,20,0,40,1,1,1
45,1,21,3,442,38,0,40,1,1,1
36,3,21,1,2593,2,0,40,2,1,0
28,1,16,5,4134,38,2,40,1,1,0
49,1,21,1,493,32,1,50,1,1,1
37,1,21,1,209,227,0,40,1,1,1
60,1,21,5,995,17,0,40,1,1,1
59,1,21,3,226,35,0,50,1,1,1
68,1,21,1,3033,39,0,7,2,1,0
44,3,21,1,2294,35,1,40,1,1,1
31,1,21,1,1041,42,1,40,1,1,0
33,1,16,1,8075,6,0,40,1,1,0
48,1,16,1,4805,316,0,40,2,1,0
20,1,19,1,4128,316,0,40,2,1,0
46,1,19,1,5908,10,0,40,2,1,0
26,1,22,5,2609,6,2,40,1,1,0
40,1,19,1,5792,39,0,40,1,1,0
36,3,21,1,2380,24,0,40,2,1,1
50,1,21,3,164,5,0,40,1,1,1
59,1,16,1,5903,38,0,40,1,1,0
43,1,21,1,3000,34,0,40,2,1,1
51,1,16,3,157,40,0,40,1,1,1
65,1,19,1,2448,41,0,12,2,1,0
61,1,16,3,5185,32,0,40,2,1,0
58,1,20,3,212,31,0,40,1,1,1
41,1,21,3,2768,40,0,40,1,1,1
32,2,21,1,2114,44,1,40,2,1,0
28,1,16,5,4103,37,0,40,2,1,0
17,1,16,5,4069,37,17,10,2,1,0
35,1,21,5,5511,9,0,40,2,1,0
29,1,19,1,5459,9,0,34,2,1,0
40,1,19,1,1311,5,0,40,1,1,1
31,1,19,5,5302,19,0,40,1,1,1
22,1,19,5,5079,27,2,40,1,1,0
66,1,21,1,3348,28,0,40,2,1,0
24,1,16,5,5527,8,2,40,2,1,0
30,1,21,5,3279,23,13,40,2,1,0
24,1,18,5,4230,36,17,40,1,1,0
63,1,19,5,5382,39,0,40,2,1,0
30,1,16,1,5943,4,1,30,2,1,0
19,1,8,5,4131,53,17,11,1,1,0
46,1,10,1,4174,45,0,40,2,1,0
56,1,19,3,5159,39,0,40,1,1,1
45,1,21,1,6021,5,0,40,2,1,0
29,1,21,5,3583,5,13,40,2,1,0
36,1,21,5,1113,29,0,50,1,1,1
52,1,16,1,6103,38,1,40,1,1,1
29,1,21,5,4898,24,13,40,1,1,1
27,1,21,5,4707,7,0,40,1,1,0
39,1,21,1,2668,16,1,40,2,1,0
53,1,18,3,7599,19,0,50,1,1,1
58,1,21,1,3024,25,1,40,2,1,1
31,1,20,1,2457,6,1,7,2,1,0
37,1,22,5,299,20,0,40,1,1,1
45,1,19,1,593,6,0,40,1,1,1
27,2,21,3,1970,27,0,40,2,1,0
38,1,21,3,10,6,0,50,1,1,1
20,1,16,5,4197,46,17,11,1,1,0
59,1,16,1,5595,17,0,40,2,1,0
24,1,16,5,4065,4,2,35,2,1,0
21,1,19,5,4873,8,2,40,1,1,0
22,1,16,5,4242,26,12,40,1,1,0
19,1,16,5,4300,26,16,10,1,1,0
34,1,21,5,1741,43,0,40,1,1,1
51,3,21,1,2405,31,1,40,2,1,1
51,1,21,3,2457,36,0,40,1,1,1
37,1,19,1,7645,39,0,40,1,1,1
27,1,19,5,6346,310,13,40,1,1,0
19,1,19,5,4708,17,17,9,1,1,0
49,1,22,3,421,9,0,40,1,1,1
41,1,19,1,5637,35,1,40,2,1,0
21,1,19,3,3842,37,0,17,2,1,0
52,1,19,5,431,7,13,40,2,1,1
45,1,22,1,930,34,1,40,1,1,1
37,1,16,5,7647,25,0,40,1,1,1
47,1,21,3,301,21,0,40,2,1,1
24,1,21,5,3182,5,13,40,2,1,0
44,1,13,5,3885,201,0,40,1,6,0
52,1,16,3,5379,5,0,40,1,1,0
50,1,16,1,5004,301,0,40,2,1,0
23,1,19,5,2597,23,17,8,2,1,0
41,1,20,1,5684,40,1,40,2,1,0
43,1,19,3,4847,31,0,40,2,1,0
22,1,19,5,4031,10,17,8,1,1,0
27,2,21,5,2591,26,2,40,2,1,0
50,3,21,1,2345,19,1,40,2,1,1
30,1,20,1,5626,6,1,4,2,1,0
42,1,21,1,3034,37,1,40,2,1,1
41,1,10,1,8007,319,0,40,1,1,0
21,1,19,5,5858,9,12,40,1,1,0
21,1,14,5,4336,31,17,4,1,1,0
20,1,18,5,9574,29,17,40,1,1,0
42,1,21,1,5791,19,0,40,1,1,0
43,1,21,3,442,7,0,40,2,1,1
32,1,20,1,2337,24,1,40,2,1,0
42,1,21,1,1192,24,1,40,1,1,1
54,3,22,1,2533,34,0,40,2,1,1
26,1,19,5,5094,36,2,40,2,1,0
34,1,17,5,7617,38,0,40,1,1,0
47,3,22,1,2559,10,1,40,2,1,0
33,1,19,5,6227,10,13,40,1,1,0
45,1,21,3,1335,12,0,40,1,1,1
43,1,21,1,3270,40,1,40,2,1,1
40,1,16,1,592,22,1,50,1,1,1
56,1,16,3,121,1,13,40,1,1,1
41,1,19,1,5993,17,1,40,2,1,0
45,1,22,1,531,42,0,40,1,1,1
32,1,19,1,3799,10,9,40,2,1,0
46,1,21,3,1073,36,0,50,1,1,1
42,1,21,1,1021,44,0,50,1,1,1
49,3,22,1,2583,12,0,40,2,1,1
44,1,19,1,267,6,1,40,1,1,1
53,1,10,3,7900,308,0,40,1,1,1
23,1,16,5,6124,29,2,40,1,1,0
70,1,22,1,3122,36,0,40,1,1,1
57,2,21,1,3084,43,1,40,2,1,0
49,1,20,3,487,7,0,40,1,1,1
47,1,19,1,369,7,0,40,1,1,1
21,1,21,3,5366,21,12,40,2,1,0
40,1,21,1,5679,8,1,40,2,1,0
25,1,16,5,5036,8,13,40,1,1,0
36,1,21,1,2436,3,1,40,2,1,0
27,1,19,1,5740,4,0,35,2,1,0
17,1,16,5,4267,48,2,10,1,1,0
25,1,16,3,5285,21,16,40,1,1,0
51,1,16,1,9136,21,0,40,1,1,0
28,1,22,5,2049,234,2,11,2,6,0
28,2,22,5,1910,24,0,40,2,1,0
49,1,21,1,425,16,0,50,1,1,1
24,2,22,5,2002,10,13,40,2,1,0
31,1,21,3,2689,5,0,40,2,1,0
20,1,16,5,4290,1,2,14,1,1,0
46,1,21,3,349,38,13,40,1,1,1
46,1,21,1,559,14,0,40,1,1,1
51,1,16,1,8886,6,0,40,1,1,0
51,1,19,3,8787,43,0,40,1,1,1
61,1,21,1,3264,35,0,40,2,1,0
42,1,19,1,5356,16,0,40,2,1,0
17,1,16,5,4169,50,2,9,1,1,0
60,1,13,1,6111,4,1,12,2,1,0
60,1,19,1,5174,36,0,40,2,1,0
22,1,19,5,5183,44,2,40,2,1,0
31,1,19,1,4590,13,0,13,2,1,0
21,1,16,5,3864,50,2,40,1,1,0
28,1,19,5,4973,42,0,40,2,1,0
26,1,17,5,4183,32,2,40,1,1,0
21,1,21,5,5648,38,13,40,1,1,0
46,1,21,5,5652,10,0,40,2,1,1
17,1,19,5,2583,42,17,11,2,1,0
19,1,19,5,2210,14,2,14,2,1,0
31,1,19,5,4889,19,2,40,1,1,0
50,1,19,3,4171,3,0,40,1,1,1
19,1,19,5,4633,5,17,6,2,1,0
25,1,22,5,3370,203,13,40,1,6,1
44,2,21,1,2345,37,0,40,1,1,1
61,2,22,5,1992,43,0,40,2,1,0
30,1,21,1,2621,41,0,40,2,1,0
37,1,6,5,6403,28,0,40,1,1,0
53,1,20,1,2243,29,1,9,2,1,0
47,1,22,1,10,18,1,50,1,1,1
40,2,21,1,2108,24,1,40,2,1,1
73,2,21,1,3237,39,0,40,2,1,1
62,1,19,1,5382,17,0,40,1,1,1
24,1,19,3,5275,23,0,40,2,1,0
18,1,16,5,4101,17,2,11,1,1,0
48,1,16,1,3952,302,1,40,2,8,0
36,1,21,1,2374,38,1,40,2,1,0
21,1,19,5,4116,17,2,15,1,1,0
60,1,21,1,45,14,0,40,1,1,1
38,1,21,1,3040,20,0,40,1,1,1
57,1,17,1,4218,6,0,40,2,1,0
62,1,20,1,160,43,1,40,2,1,1
49,1,7,1,4221,37,1,33,2,1,0
46,1,21,3,835,2,0,40,1,1,1
41,1,19,1,6963,8,0,40,1,1,0
57,1,20,1,5027,24,1,40,2,1,0
63,1,17,1,6351,20,1,40,1,1,0
31,1,21,5,5051,4,0,40,2,6,0
51,1,20,1,396,33,1,40,2,1,1
31,1,16,1,4547,34,0,40,2,1,0
22,1,19,5,4717,35,2,34,2,1,0
49,1,19,1,1042,2,1,40,1,1,1
27,1,16,5,5778,19,13,40,1,1,0
67,1,16,1,6726,41,0,40,2,1,0
23,1,19,5,4818,40,0,40,1,1,0
23,1,16,3,5313,17,0,40,2,1,0
51,1,19,1,5716,308,1,40,2,1,0
49,1,22,1,472,7,0,40,1,1,1
62,1,22,1,3200,12,0,40,2,1,1
26,1,21,5,2319,37,0,40,2,1,0
64,1,18,3,5322,41,0,40,2,1,0
31,1,21,5,666,2,0,40,1,1,1
56,1,16,1,5371,28,1,40,2,1,0
21,1,18,5,4315,21,17,40,1,1,0
22,1,18,1,6317,40,10,40,1,1,0
18,1,19,5,4624,21,2,10,2,1,0
55,1,16,3,6654,36,0,40,1,1,0
44,1,19,1,255,6,0,40,1,1,1
27,1,19,5,4835,3,13,32,2,6,0
30,1,20,1,5433,46,1,40,2,1,0
28,1,18,5,5792,2,0,40,2,1,0
25,1,16,5,4678,22,2,40,2,1,0
30,1,21,5,532,237,0,40,1,6,1
18,1,21,5,2335,39,2,6,1,1,0
26,1,16,3,3908,37,0,28,2,1,0
21,1,16,5,5961,17,0,40,2,1,0
60,1,19,1,5338,30,10,31,2,1,0
20,1,16,5,4075,36,17,33,2,1,0
27,1,19,1,5682,38,0,40,2,1,0
49,1,19,1,241,8,1,40,2,1,1
28,3,22,5,2369,38,0,40,2,1,0
24,1,16,5,4341,30,2,40,1,1,0
21,1,16,5,3990,22,2,40,2,1,0
69,1,18,1,3408,317,0,14,2,1,0
21,1,21,3,5283,54,2,40,2,1,0
55,1,18,1,5459,42,1,40,1,1,0
23,1,16,5,9294,3,2,40,1,1,0
58,1,21,3,463,42,0,40,2,1,1
42,1,22,1,10,7,0,40,1,1,1
28,1,21,5,2281,40,0,40,2,1,0
67,1,19,1,4614,41,0,40,2,1,1
45,1,20,3,478,41,0,40,1,1,1
46,1,20,1,276,40,0,40,2,1,1
29,1,19,5,5925,7,2,31,2,1,0
51,1,16,1,7308,5,1,40,1,1,1
45,1,7,3,8768,35,0,40,1,1,1
54,1,21,1,5613,8,0,40,2,1,0
47,1,21,1,324,12,1,50,1,1,1
37,3,21,1,2332,39,0,40,2,1,0
61,3,22,1,2314,21,0,40,2,1,1
55,2,22,1,1934,22,0,40,2,1,0
35,3,21,1,2296,39,1,40,2,1,0
57,1,19,1,115,36,0,40,1,1,1
64,1,16,1,4070,43,0,31,2,1,0
45,1,16,1,5428,7,1,40,1,1,1
47,1,21,1,323,9,0,40,1,1,1
37,1,19,5,5807,32,0,40,1,1,1
67,1,21,1,3364,17,1,40,2,1,0
41,1,19,1,5597,7,0,40,1,1,0
29,1,19,1,4156,8,0,16,2,1,0
35,1,22,1,1031,12,0,40,1,1,1
45,1,21,1,1706,4,0,40,1,1,1
61,2,21,3,2319,30,0,40,2,1,1
40,1,19,1,4107,306,1,13,2,8,0
61,1,16,1,8870,24,0,40,2,1,0
21,1,16,5,4248,25,2,16,1,1,0
51,1,22,1,3252,42,1,40,2,1,1
53,1,19,1,5137,19,1,40,2,1,0
49,1,21,1,53,4,0,40,1,1,1
51,1,21,1,5856,19,1,40,2,1,0
27,1,19,5,4683,37,17,32,2,1,0
31,1,21,1,1947,52,1,14,2,1,0
29,1,12,1,4624,228,0,12,2,6,0
45,1,16,1,8940,9,0,40,1,1,0
32,1,21,5,1262,240,0,40,1,6,1
24,1,16,5,4276,39,12,40,2,1,0
33,1,21,5,701,40,0,40,1,1,1
45,1,21,1,1190,19,0,40,1,1,1
47,1,22,1,3238,9,0,40,2,1,1
52,1,19,1,5600,22,0,40,1,1,1
56,1,16,3,7978,12,13,50,1,1,1
24,1,21,1,2167,5,0,12,2,1,0
29,1,21,5,5007,37,0,40,2,1,0
55,1,21,3,887,15,0,40,1,1,1
43,1,21,5,3157,38,0,40,2,1,1
47,1,21,1,903,23,0,50,1,1,1
50,1,19,1,5934,40,0,40,2,1,0
18,1,19,5,4754,25,17,9,2,1,0
21,1,11,5,4276,231,2,11,2,6,0
52,1,19,1,7237,21,1,40,1,1,1
29,6,22,5,1647,7,12,9,2,1,0
28,1,16,5,4839,9,0,40,2,1,0
59,1,16,3,4941,24,0,40,2,1,0
28,1,16,5,3998,30,2,40,2,1,0
18,1,19,5,4596,7,16,10,1,1,0
28,1,19,5,5452,35,0,40,2,1,0
60,1,16,1,6062,17,0,40,2,1,0
45,1,11,1,5917,315,0,40,1,1,0
18,1,19,5,4612,26,2,12,2,1,0
23,1,16,5,4035,18,17,13,1,1,0
21,1,14,5,4080,43,2,14,1,1,0
41,1,21,3,1098,2,0,40,1,1,1
38,1,21,1,842,233,1,40,1,6,1
51,1,21,3,348,312,0,40,1,6,1
43,1,16,1,6263,19,1,40,1,1,1
25,1,21,5,2457,38,2,12,2,1,0
62,1,16,1,5753,23,1,40,1,1,1
69,1,21,3,2039,8,0,8,2,1,0
52,1,18,3,7940,7,0,40,1,1,1
23,1,16,3,5395,37,0,26,2,1,0
55,1,20,1,6056,22,1,40,2,1,0
40,1,20,1,5773,18,1,40,2,1,0
21,1,8,5,4071,10,16,40,2,1,0
19,1,16,5,4189,20,17,11,1,1,0
35,1,21,1,1064,24,0,40,1,1,1
26,1,7,5,5800,22,17,40,1,1,0
48,1,8,1,4066,7,1,8,2,1,0
23,1,21,1,2326,39,9,40,2,1,0
41,3,22,1,2200,1,0,40,2,1,0
33,1,16,1,7958,17,0,40,1,1,0
26,1,16,1,4138,41,10,11,2,1,0
29,1,21,5,813,34,0,40,1,1,1
20,1,19,5,4738,9,2,14,1,6,0
29,1,16,1,4194,26,0,40,2,1,0
44,1,21,3,855,7,0,40,1,1,1
49,1,21,1,111,25,0,50,1,1,1
49,1,16,1,4507,209,9,40,2,6,0
42,1,22,1,957,8,1,40,1,1,1
31,1,16,1,6111,7,1,40,2,1,0
22,1,19,5,5292,12,2,6,1,1,0
53,1,16,1,5495,38,0,40,1,1,0
66,1,16,1,5030,36,1,40,2,1,0
22,1,16,5,4007,233,2,40,1,6,0
71,3,21,1,2472,41,0,9,2,1,0
17,1,19,5,4563,36,2,8,1,1,0
27,1,16,1,9481,37,0,40,1,1,0
27,1,21,5,5548,15,2,40,2,1,0
46,1,22,1,196,39,0,40,1,1,1
28,1,16,5,5124,40,0,40,1,1,0
18,1,19,5,4711,25,2,15,1,1,0
57,1,16,1,4058,33,0,14,2,1,0
22,1,21,5,2504,10,2,14,2,1,0
51,1,21,1,10,23,1,40,1,1,1
47,1,16,1,7179,305,1,40,1,6,1
51,1,19,3,469,35,0,40,1,1,1
47,1,20,3,615,26,0,40,1,1,1
46,1,21,1,3308,22,1,40,2,1,1
41,1,21,1,1633,27,1,40,1,1,1
42,1,21,1,4723,11,0,40,1,1,0
62,1,19,1,10,39,0,40,1,1,1
29,1,20,1,2500,6,1,40,2,1,0
57,1,16,1,3700,27,0,40,2,1,0
61,1,16,1,3102,4,1,31,2,1,0
62,1,16,1,5448,8,0,40,2,1,0
44,1,16,1,8089,40,1,60,1,1,1
21,1,19,5,4725,18,2,40,2,1,0
34,1,21,1,1297,25,1,40,1,1,1
51,1,21,1,611,23,0,40,1,1,1
35,3,22,3,2505,34,0,40,2,1,1
20,1,19,5,5222,22,2,40,1,1,0
51,1,21,1,1572,6,0,40,1,1,1
44,3,22,1,2531,9,0,40,2,1,1
46,1,22,1,2557,43,1,40,2,1,1
49,1,16,5,5450,8,0,40,2,1,1
63,1,19,1,136,41,0,40,1,1,1
23,1,21,5,1804,40,2,40,2,1,0
37,1,18,1,9210,20,0,40,1,1,0
51,1,19,3,5631,5,0,40,2,1,0
45,1,16,1,6465,310,0,40,1,6,0
46,1,12,1,4090,317,1,40,2,8,0
35,1,21,1,1140,6,1,40,1,1,0
50,1,21,1,255,19,1,50,1,1,1
21,1,21,5,2503,24,17,14,2,1,0
29,1,11,3,6350,302,0,40,1,8,0
22,1,9,5,4601,26,16,9,1,1,0
59,1,19,1,5176,19,0,40,2,1,0
43,1,22,1,350,6,0,40,2,1,1
43,1,19,1,5302,12,1,40,1,1,1
45,1,20,3,340,7,13,40,1,1,1
20,1,19,5,4710,28,2,8,1,1,0
24,1,16,3,3941,7,2,32,2,1,0
54,1,17,1,6264,26,1,40,1,1,0
56,1,16,1,5775,39,1,40,1,1,1
26,1,18,5,5322,8,0,40,2,1,0
18,1,19,5,4649,20,2,7,2,1,0
49,1,21,1,2993,11,1,40,2,1,1
19,1,16,5,4057,47,2,34,2,1,0
27,1,16,1,6746,7,2,8,1,1,0
50,1,21,3,569,26,0,40,1,1,1
24,1,19,5,5341,33,12,40,2,1,0
20,1,16,5,4053,40,2,10,2,1,0
21,1,19,5,2337,12,2,11,2,6,0
60,1,16,1,6927,24,1,50,1,1,1
23,1,16,5,4208,8,16,3,1,1,0
60,2,21,1,2499,36,0,40,2,1,0
56,1,16,1,6521,9,0,40,1,1,1
17,1,14,5,4127,53,2,11,2,1,0
54,1,16,5,5019,213,0,40,2,6,1
21,1,21,5,2162,13,2,40,1,1,0
29,1,16,1,5402,3,0,40,2,1,0
28,1,16,5,9072,8,13,40,1,1,0
24,1,16,1,4161,9,10,40,2,1,0
38,3,21,1,2156,3,1,40,2,1,0
67,1,21,3,1890,39,0,40,2,1,0
46,1,19,1,6022,6,1,40,2,1,0
30,1,16,5,7898,40,0,40,1,1,0
44,1,19,1,5725,235,1,40,2,1,0
40,1,19,1,5867,36,0,40,2,1,0
18,1,19,5,5841,32,2,40,2,1,0
31,1,16,1,3912,303,1,40,2,1,0
38,1,22,1,3370,8,1,40,2,1,1
51,1,19,1,5969,36,0,40,2,1,0
26,1,21,5,5030,27,0,40,1,1,0
22,1,19,5,2370,7,2,10,1,1,0
52,1,18,1,6418,42,1,40,1,1,1
28,1,17,5,4185,316,13,40,1,1,0
40,1,18,1,7475,36,1,40,1,1,0
33,1,19,5,5422,30,0,40,1,1,0
21,1,18,5,4021,20,17,4,1,1,0
38,1,21,1,2269,213,1,15,2,6,0
24,1,16,5,6149,6,2,40,2,1,0
26,1,16,1,4149,323,0,40,1,1,0
38,1,19,3,4729,9,0,40,1,1,1
39,1,19,1,6575,35,1,40,2,1,0
59,1,21,5,3750,22,0,40,2,1,0
49,1,16,1,6706,38,1,40,1,1,1
19,1,14,5,4096,47,17,40,1,1,0
29,2,21,1,1887,32,0,40,2,1,1
34,1,21,1,799,39,1,40,1,1,0
43,3,21,1,2640,36,1,12,2,1,0
43,3,21,1,2423,40,0,40,2,1,1
18,1,16,5,3953,34,16,17,1,1,0
40,1,16,5,6292,332,13,40,1,1,1
38,1,16,1,6295,5,0,40,1,1,0
40,1,22,1,827,37,0,40,1,1,1
22,1,16,5,4173,9,2,40,1,1,0
55,1,19,3,7014,41,0,50,1,1,1
31,1,19,5,5001,4,0,40,2,1,0
38,1,22,5,505,5,0,40,1,1,1
61,1,21,1,2133,37,0,11,2,1,0
59,1,16,1,4217,39,1,40,2,1,0
22,1,19,1,4119,28,10,40,2,1,0
50,1,22,1,3051,40,1,40,2,1,1
20,1,13,5,4159,7,16,12,2,1,0
21,1,16,5,9254,22,2,40,1,1,0
21,1,16,5,4054,49,17,40,1,1,0
50,1,16,5,5637,43,13,40,2,1,0
60,1,16,1,5554,20,1,40,2,1,0
20,1,19,5,4649,51,17,5,2,1,0
26,1,21,3,5127,6,0,40,2,1,0
36,1,21,1,3287,26,1,40,2,1,1
55,1,16,1,7286,42,1,40,1,1,1
17,1,16,5,4138,12,2,12,1,6,0
47,1,22,1,3172,25,0,40,2,1,1
19,1,21,5,4647,4,12,8,2,1,0
50,1,21,3,364,8,0,40,2,1,1
29,1,21,5,3106,39,2,40,1,1,1
29,1,16,1,5627,17,10,40,2,1,0
55,1,22,1,165,11,1,40,2,1,1
20,1,16,5,4137,50,2,11,2,1,0
22,1,19,5,4880,37,17,37,2,1,0
31,1,21,1,3394,20,1,40,2,1,0
47,1,19,1,228,34,0,50,1,1,1
24,1,19,5,5462,34,13,40,2,1,0
63,1,16,1,7649,32,1,40,1,1,1
57,1,16,1,4079,27,1,30,2,1,0
56,1,16,1,7464,19,1,40,1,1,1
45,1,21,1,5477,215,1,40,2,6,0
31,1,21,1,2660,36,0,40,2,1,0
37,3,21,1,2340,34,1,40,2,1,0
58,1,19,1,3756,40,1,11,2,1,0
69,1,19,1,4844,23,0,40,2,1,1
29,1,16,5,9429,48,0,40,1,1,0
47,1,16,1,6326,307,0,40,1,1,0
46,1,19,1,309,8,1,40,1,1,1
33,1,21,3,1198,28,13,40,1,1,1
61,1,19,3,5647,25,0,40,2,1,0
20,1,16,1,4117,7,10,40,1,1,0
31,1,21,1,1108,50,1,40,1,1,0
59,1,20,1,5391,20,1,33,2,1,0
48,1,19,1,5333,2,1,40,1,1,1
28,1,21,1,1763,37,0,7,2,1,0
39,1,19,1,6021,32,0,40,2,1,0
58,1,19,1,5161,15,0,40,1,1,1
50,1,16,1,7284,8,1,40,1,1,1
54,1,21,1,10,8,1,40,1,1,1
25,3,21,5,2543,23,0,14,2,1,0
38,1,21,1,2611,37,1,40,2,1,0
61,1,19,1,6309,25,1,40,2,1,0
24,1,21,5,852,2,0,40,2,6,0
19,1,14,5,4260,9,16,9,1,1,0
50,1,16,1,239,7,1,40,1,1,1
28,1,19,1,5965,5,1,40,1,1,0
39,1,12,1,4195,318,10,40,2,6,0
51,1,16,3,5181,5,0,40,2,1,1
30,1,16,1,5396,3,1,40,2,1,0
31,3,22,1,2335,5,0,40,2,1,0
55,1,16,1,2357,12,1,16,2,1,0
29,1,19,5,6619,19,0,40,1,1,0
24,1,19,5,5448,20,2,34,2,1,0
56,1,16,5,5537,4,0,40,2,1,0
45,1,16,1,3957,307,1,40,2,8,0
31,1,21,5,1395,37,0,40,1,1,1
33,1,19,5,5727,4,0,40,1,1,0
63,1,16,1,5869,23,1,12,2,1,0
50,1,19,1,5694,22,0,40,1,1,1
55,1,22,1,633,39,1,40,1,1,1
43,1,22,1,3300,21,0,40,1,1,1
22,1,19,5,5618,42,2,40,1,1,0
24,1,18,5,5639,2,13,40,1,1,0
46,1,19,1,296,3,0,50,1,1,1
38,1,21,1,2357,50,1,40,2,1,0
35,1,21,5,3031,11,0,40,2,1,1
71,1,22,1,360,38,0,40,1,1,1
30,1,21,5,199,37,0,40,2,1,1
30,1,16,5,6032,38,13,40,1,1,0
21,1,16,5,6105,39,13,40,1,1,0
31,3,21,5,2500,5,0,40,2,1,1
46,1,21,1,921,21,1,40,1,1,1
52,1,16,5,4802,22,0,40,1,1,1
55,1,16,1,7713,32,1,50,1,1,1
49,1,18,5,5740,37,0,40,2,1,0
31,1,17,3,9080,40,0,40,1,1,0
47,1,22,1,3146,3,0,40,1,1,1
23,1,14,5,6003,32,13,40,2,1,0
37,1,19,5,6517,6,13,40,1,1,0
40,3,21,1,2432,8,1,40,2,1,0
26,1,16,1,4507,6,0,40,1,1,0
55,1,16,1,4331,13,1,40,2,1,0
39,1,21,1,3251,21,1,40,2,1,1
33,1,22,5,2305,42,0,40,2,1,1
21,1,16,5,9830,5,17,40,1,1,0
36,3,21,1,2273,16,1,40,2,1,0
24,1,22,5,2616,8,0,40,1,1,1
48,1,16,5,5980,21,0,40,1,1,1
46,1,18,5,5499,306,0,40,2,1,0
43,1,21,1,2989,23,1,40,1,1,1
39,1,16,1,3955,3,1,32,2,1,0
29,1,19,5,6497,27,2,40,1,1,0
40,1,21,1,19,7,1,50,1,1,1
22,1,21,5,5924,11,13,40,1,1,0
61,1,19,1,5678,7,0,40,2,1,0
23,1,19,5,5663,40,2,40,2,1,0
20,1,16,5,4188,12,16,18,1,1,0
49,1,16,3,7830,39,0,40,1,1,1
19,1,16,5,4134,7,17,12,2,1,0
57,1,21,1,2547,43,1,16,2,1,0
27,1,16,5,4055,10,2,40,2,1,0
47,1,19,3,425,10,0,40,1,1,1
22,1,14,5,4071,224,17,12,1,6,0
19,1,19,5,2285,26,17,12,2,1,0
46,1,19,5,3735,35,13,40,2,1,0
17,1,18,5,4102,54,2,16,1,1,0
46,1,19,3,7336,37,0,40,1,1,1
44,1,21,5,117,39,0,40,1,1,1
37,1,21,1,1058,4,0,40,1,1,1
17,1,11,5,4090,49,2,14,1,1,0
27,1,18,5,3892,21,2,40,1,1,0
42,1,21,1,608,52,1,40,1,1,1
33,1,21,5,6480,25,0,40,1,1,1
33,1,19,1,6507,46,0,40,1,1,0
43,1,19,1,4716,317,0,40,2,6,0
64,1,21,3,570,25,0,40,1,1,1
22,1,21,5,2464,7,12,7,1,1,0
39,1,21,1,1015,38,0,40,2,1,0
28,2,21,1,2282,36,1,11,2,1,0
24,1,19,1,5962,12,1,40,2,1,0
32,1,21,5,1545,43,0,40,1,1,1
19,1,14,5,4162,35,2,40,1,1,0
18,1,14,5,4003,5,17,13,1,1,0
56,1,16,1,6633,35,0,40,1,1,0
22,1,16,5,4062,7,17,6,1,1,0
58,1,16,1,5291,22,0,40,1,1,0
19,1,16,5,4647,31,16,11,1,1,0
28,1,19,3,5041,38,0,40,1,1,0
42,1,22,1,2255,219,1,40,2,6,0
57,1,16,1,4231,45,0,13,2,1,0
31,1,16,1,6168,51,0,40,1,1,0
32,1,16,1,8838,56,0,40,1,1,0
29,1,19,5,5891,16,13,40,1,1,0
25,1,19,5,5111,225,17,40,2,6,0
25,1,23,5,2692,7,13,40,1,1,0
56,1,20,3,65,44,0,50,1,1,1
43,1,22,1,588,33,1,40,1,1,1
23,1,16,3,4128,33,0,9,2,1,0
46,1,21,1,395,28,0,40,1,1,1
34,1,21,5,1011,20,0,40,1,1,1
44,1,16,1,7928,312,1,40,1,1,1
59,1,16,1,283,39,0,50,1,1,1
45,1,21,3,1352,35,0,40,1,1,1
60,1,16,1,5677,28,0,40,2,1,1
47,1,22,1,88,18,0,40,1,1,1
45,1,16,5,7847,308,0,40,1,8,1
57,1,16,1,3732,16,1,8,2,1,0
43,1,21,1,5019,6,0,40,1,1,1
48,1,21,1,235,22,0,40,1,1,1
29,1,16,1,4177,5,1,11,2,1,0
52,1,19,1,7753,21,1,40,1,1,1
44,1,16,1,5195,301,1,10,2,1,0
21,1,10,5,4058,35,2,40,1,1,0
24,1,19,5,5939,34,0,40,2,1,0
46,1,20,1,1190,23,0,40,1,1,1
36,1,21,5,853,40,0,50,1,1,1
45,1,21,3,772,41,0,50,1,1,1
45,1,21,3,235,6,0,40,1,1,1
26,1,16,5,9136,9,13,40,1,1,0
30,1,21,5,5692,6,0,40,1,1,0
29,1,19,3,5622,38,0,32,2,1,0
43,1,21,1,3825,9,1,40,2,1,0
50,1,16,3,7947,43,0,50,1,1,1
19,1,19,5,4768,32,2,11,2,1,0
63,1,12,1,3959,36,1,40,2,1,0
22,1,19,1,5684,35,0,40,2,1,0
26,1,19,5,4762,15,2,40,2,1,0
26,3,21,5,2226,27,2,15,2,1,0
45,1,21,1,680,5,0,59,1,1,1
23,1,16,3,4183,21,0,40,2,1,0
29,1,21,1,3802,25,0,40,2,1,0
35,1,21,1,2081,213,1,13,2,6,0
34,1,21,5,957,26,0,40,1,1,1
47,1,21,1,486,4,1,60,1,1,1
36,1,21,1,2532,207,0,12,2,6,0
53,1,16,3,5175,36,0,40,1,1,0
53,1,21,3,259,37,0,40,2,1,1
30,1,21,5,5361,10,0,33,2,1,0
46,1,19,1,5319,38,1,40,2,1,0
28,1,16,1,4168,22,1,40,2,1,0
59,1,17,1,7397,30,0,40,1,1,1
43,1,21,5,297,24,0,40,2,1,1
25,1,16,5,6060,35,0,40,2,1,0
55,1,16,1,4937,36,1,40,2,1,0
29,1,16,5,5377,3,13,40,1,6,0
29,1,16,1,5928,25,1,40,1,1,0
21,2,23,5,1742,36,17,20,1,1,0
60,1,16,1,4097,15,1,33,2,1,0
51,1,19,3,5887,8,0,40,2,1,0
48,1,9,1,5922,306,1,40,1,1,0
28,1,19,1,5804,21,0,40,2,1,0
40,1,20,1,2374,6,1,29,2,1,0
54,1,17,1,8902,33,0,40,1,1,1
27,3,22,3,2389,6,0,40,2,1,0
39,1,21,1,2237,36,0,40,2,1,0
38,1,10,1,4267,47,0,40,1,1,0
38,1,16,1,7541,40,0,40,1,1,1
22,1,16,5,4300,53,16,40,1,1,0
45,1,16,1,5996,8,0,40,1,1,0
55,1,16,1,7355,22,0,40,1,1,1
31,1,19,5,5481,37,0,40,1,1,0
46,1,21,1,5349,1,1,40,2,1,0
59,1,16,1,5081,37,1,40,2,1,0
59,1,11,1,3969,37,1,15,2,1,0
25,1,16,5,5796,29,0,40,2,1,0
29,1,21,5,5341,7,13,40,1,1,0
50,1,16,3,5303,34,13,40,1,1,1
58,1,16,1,4585,36,1,40,2,1,0
56,1,16,1,3597,40,0,40,2,1,0
43,1,19,1,6158,11,0,40,1,1,0
27,3,21,1,2203,20,0,10,2,1,0
23,1,21,5,2390,6,13,40,2,1,0
32,1,21,1,5244,38,0,40,1,1,0
35,1,21,1,2931,25,0,40,1,1,1
27,1,19,1,5681,13,0,40,2,1,0
19,1,16,5,5954,38,2,40,2,1,0
50,1,21,1,397,38,0,40,1,1,1
37,1,21,1,1938,38,0,40,2,1,0
31,1,21,1,6307,35,0,40,2,1,0
50,1,21,1,5071,43,1,40,1,1,1
57,1,18,3,6080,30,0,40,1,1,0
22,1,16,5,9617,27,17,40,1,1,0
44,1,21,1,10,35,1,40,1,1,1
29,1,21,5,8029,10,0,40,1,1,1
73,2,21,3,2155,39,0,40,1,1,1
29,1,11,5,4263,311,0,40,1,6,0
57,1,20,5,528,18,0,40,2,1,1
32,1,21,3,2189,45,0,40,2,1,0
50,1,17,3,5990,28,0,40,1,1,0
52,1,21,5,852,43,0,40,1,1,1
49,1,22,3,216,6,0,40,1,1,1
23,1,15,5,4132,4,2,14,2,1,0
24,1,21,3,700,22,0,40,1,1,0
59,1,16,1,5070,27,1,40,2,1,0
61,1,19,3,5204,18,16,40,2,1,0
50,1,19,1,5644,1,1,40,2,1,0
28,1,16,1,5114,23,0,40,1,1,0
53,1,16,3,5480,41,0,40,1,1,1
59,3,22,1,2238,36,1,14,2,1,0
39,1,19,1,5345,45,0,40,2,1,0
29,1,16,1,6620,21,1,11,2,1,0
33,1,21,1,2415,23,1,40,1,1,1
30,1,21,1,3110,8,1,40,2,1,0
30,3,21,1,2390,40,1,40,2,1,0
47,1,21,1,171,1,0,60,1,1,1
42,1,21,1,3702,26,1,40,2,1,0
55,1,20,1,2325,42,9,40,2,1,0
34,1,21,1,2142,33,0,40,2,1,0
50,1,21,1,107,8,1,40,1,1,1
19,1,16,5,3994,49,2,16,1,1,0
45,1,22,1,246,36,0,50,1,1,1
22,1,16,5,4239,228,2,9,2,6,0
36,1,16,1,3905,24,1,40,2,1,0
17,1,14,5,4330,39,17,11,1,1,0
24,1,16,5,7850,48,2,40,1,1,0
37,1,21,1,1316,40,1,40,1,1,1
26,1,19,5,5160,27,0,33,2,1,0
24,1,19,5,6447,21,2,40,1,1,0
45,1,21,1,2238,17,0,40,2,1,0
49,1,21,5,285,1,13,40,2,1,1
20,1,14,5,8756,24,2,40,1,1,0
29,1,21,1,3035,15,1,40,2,1,0
61,1,19,1,263,26,0,40,1,1,1
48,1,19,5,488,3,0,40,1,1,1
50,1,21,1,692,39,0,50,1,1,1
58,1,19,1,5403,35,0,40,1,1,1
26,1,21,5,1463,19,2,40,1,1,1
51,1,16,1,168,4,1,50,1,1,1
22,1,16,5,4689,42,13,40,2,1,0
29,1,18,5,6458,38,13,40,1,1,0
26,1,19,5,6408,27,0,40,2,1,0
44,1,21,1,3164,3,1,33,2,1,0
57,1,22,1,280,33,0,40,2,1,1
34,1,21,5,920,237,0,40,2,1,1
38,1,19,1,6508,7,0,40,1,1,0
29,1,19,5,6135,18,0,40,2,1,0
23,1,16,5,4948,9,13,40,1,1,0
36,2,22,1,2230,9,0,8,2,1,0
25,1,21,5,2235,22,2,40,2,1,0
29,1,16,3,9475,16,0,40,1,1,0
38,1,19,1,5543,37,0,40,1,1,1
27,1,19,5,4714,4,2,34,2,1,0
52,1,20,1,119,31,1,40,1,1,1
60,1,21,1,3236,38,0,40,2,1,0
27,1,14,5,9761,28,2,40,1,1,0
30,1,19,5,5990,21,13,40,2,1,0
24,1,16,5,6515,7,13,40,1,1,0
36,1,21,3,3226,41,0,40,2,1,0
45,1,21,1,956,5,1,40,1,1,1
21,1,16,5,4336,51,2,40,1,1,0
31,1,21,1,1149,19,0,40,1,1,0
35,1,21,3,391,4,0,40,1,1,1
36,1,21,1,1326,7,0,40,1,1,0
39,1,21,1,2441,41,0,40,2,1,0
57,1,16,1,5239,42,0,40,2,1,0
22,1,16,5,4696,24,17,8,1,1,0
20,1,16,5,4291,9,2,40,1,1,0
56,1,21,1,4962,16,0,40,2,1,0
41,1,19,1,5069,4,1,40,2,1,0
54,1,16,1,7655,28,1,50,1,1,1
35,1,21,5,236,8,13,40,2,1,1
47,1,21,1,1138,13,0,40,1,1,1
44,1,21,1,248,207,1,40,1,1,1
24,1,16,5,7212,16,0,40,1,1,1
18,1,18,5,4172,18,2,40,2,1,0
48,1,16,5,7724,41,0,40,1,1,1
29,1,18,5,5517,34,2,40,2,1,0
32,1,21,1,2194,18,1,40,2,1,0
60,1,17,1,4198,34,1,23,2,1,0
55,1,21,3,1171,17,0,40,1,1,1
41,1,21,1,672,6,0,40,1,1,1
55,1,16,1,4806,23,1,40,2,1,0
32,1,21,5,1192,8,0,40,1,1,1
39,1,16,5,6182,33,13,40,1,1,0
46,1,22,1,1251,220,0,40,1,6,1
56,1,16,1,7682,33,0,40,1,1,1
35,1,19,1,5167,314,9,40,2,1,0
62,1,16,1,5135,17,0,40,2,1,0
55,1,16,3,5667,35,0,40,1,1,1
46,1,16,1,4076,1,1,40,2,1,0
56,1,17,1,5989,23,0,40,1,1,1
35,1,21,1,3347,36,1,40,2,1,0
53,1,16,3,7702,34,0,40,1,1,1
43,1,16,5,5900,38,0,40,1,1,0
27,1,21,5,5797,19,13,40,2,1,0
42,1,18,1,5168,3,1,40,2,1,1
60,1,16,1,5049,29,1,40,2,1,0
17,1,14,5,3926,33,2,8,1,1,0
51,1,19,3,237,37,0,50,1,1,1
47,1,21,1,484,37,1,40,1,1,1
28,1,21,5,710,37,2,40,1,1,0
21,1,16,5,4239,24,2,8,1,1,0
58,1,18,1,6358,10,1,11,2,1,0
22,1,16,5,4227,40,2,16,2,1,0
36,1,21,1,40,23,1,40,1,1,1
30,1,19,5,6270,7,0,40,1,1,0
22,1,19,5,2517,25,17,6,2,1,0
35,1,20,1,2206,25,1,40,2,1,0
62,1,20,5,3769,39,0,40,2,1,0
44,1,16,1,338,316,0,40,1,6,1
26,1,16,5,6075,25,2,40,2,1,0
50,1,21,1,363,38,0,40,1,1,1
47,7,22,1,2716,7,0,40,1,1,1
45,1,19,1,5818,40,1,40,2,1,0
35,1,21,1,1173,27,0,40,1,1,1
29,1,21,3,5578,36,0,40,1,1,0
24,1,21,5,3052,35,2,40,2,1,0
45,1,20,1,548,215,1,40,2,6,1
43,1,19,1,5413,3,1,40,1,1,1
18,1,19,5,4748,6,17,7,1,6,0
43,1,16,3,7564,240,0,40,1,1,1
30,1,21,5,2196,13,0,40,2,1,0
34,1,10,1,6240,304,16,40,1,1,0
26,1,16,5,6639,12,0,40,1,1,0
43,1,21,1,5344,19,0,40,1,1,1
46,1,19,1,5288,5,0,40,1,1,1
56,1,18,1,4323,41,1,40,2,1,0
29,3,21,5,2621,6,0,40,2,1,0
59,3,22,1,2359,23,0,12,2,1,0
41,1,19,1,7626,38,0,40,1,1,1
56,1,19,1,5675,19,1,40,2,1,0
57,1,16,3,435,5,0,40,2,1,1
26,1,16,5,4176,6,12,40,1,1,0
61,1,18,3,6237,38,0,40,2,1,0
27,1,16,5,6090,32,0,40,2,1,0
44,1,21,1,2430,7,0,40,2,1,0
48,1,22,5,1076,231,0,40,1,6,1
51,1,19,3,6288,41,0,40,1,1,1
26,1,21,5,1982,5,2,40,2,1,0
52,1,19,3,513,19,0,40,1,1,1
40,1,19,1,178,5,1,50,1,1,1
50,1,22,1,3045,25,0,40,1,1,1
58,1,16,1,6148,43,1,40,1,1,1
48,1,19,1,6168,39,0,40,1,1,1
49,1,18,1,5107,15,1,40,1,1,0
53,1,16,1,5203,26,0,40,2,1,0
19,1,13,5,4108,5,17,12,1,1,0
23,1,18,5,3907,19,2,40,2,1,0
28,1,19,5,2486,31,0,34,2,1,0
23,1,16,3,4026,40,0,7,2,1,0
48,1,20,1,356,29,1,40,2,1,1
48,3,21,1,2450,34,1,9,2,1,0
45,1,22,5,16,19,0,40,1,1,1
51,1,16,1,7512,19,1,40,1,1,0
42,1,21,3,2464,5,0,40,2,1,0
40,1,19,1,6244,45,1,40,1,1,1
21,1,8,5,3900,50,17,40,1,1,0
29,2,21,1,1985,34,0,40,2,1,0
56,1,16,1,7644,16,0,50,1,1,1
37,1,21,1,4847,36,1,40,1,1,1
29,3,22,5,2418,37,13,6,2,1,0
32,1,21,1,1015,22,0,40,1,1,1
46,1,18,1,5751,8,0,40,1,1,1
22,1,16,5,6422,6,2,40,1,1,0
45,1,19,1,7476,11,0,40,1,1,1
25,1,16,1,4077,10,10,40,2,1,0
47,1,21,1,261,22,1,40,1,1,1
56,1,21,1,445,40,1,40,2,1,1
55,1,16,5,6176,39,0,40,1,1,1
28,1,17,5,4063,9,2,40,1,1,0
56,1,19,1,6079,37,1,40,2,1,0
21,1,14,5,4209,8,17,40,1,1,0
21,1,19,5,5851,36,2,32,2,1,0
65,1,16,1,6469,38,1,40,1,1,1
30,1,19,1,5748,51,10,40,2,1,0
45,1,21,1,10,210,0,40,1,6,1
52,1,8,1,4236,49,1,10,2,1,0
59,1,21,1,3991,28,1,40,2,1,1
22,1,19,5,6021,19,13,40,1,1,0
26,1,18,5,4250,41,2,40,1,1,0
40,1,21,1,5488,13,1,40,2,1,0
18,1,14,5,4792,17,16,15,2,1,0
21,1,14,5,4610,36,2,12,2,1,0
27,1,21,1,4574,212,10,40,2,6,0
50,1,19,1,7948,20,0,50,1,1,1
21,1,18,5,4015,36,16,40,2,1,0
27,1,16,5,5569,41,2,40,1,1,0
51,1,19,1,251,18,1,50,1,1,1
22,1,16,5,4074,51,2,8,1,1,0
22,1,16,3,4065,37,16,40,2,1,0
37,1,19,1,491,34,1,50,1,1,1
24,1,19,5,4801,37,17,32,2,1,0
65,1,19,3,6460,32,0,40,1,1,1
47,1,21,3,323,20,0,40,1,1,1
60,2,22,1,2255,41,0,40,2,1,1
54,1,16,1,5953,16,0,40,1,1,0
30,2,21,1,1935,11,1,40,2,6,0
51,1,17,1,4087,9,0,40,1,1,0
38,1,21,1,2970,23,1,40,2,1,0
40,1,19,3,5416,32,0,40,1,1,0
34,1,19,1,6034,15,1,40,1,1,0
50,1,16,1,5783,5,1,40,2,1,1
63,1,19,1,4820,12,1,40,2,1,0
22,1,16,3,8728,41,0,40,1,1,0
48,1,16,1,5632,316,0,40,2,1,1
43,1,16,1,535,202,0,40,1,6,1
26,1,21,5,2862,14,17,40,2,1,0
25,1,19,5,5173,226,2,40,1,8,0
27,1,19,5,1314,8,13,40,1,1,1
53,1,16,1,5195,5,0,35,2,1,0
40,1,19,1,5519,41,0,40,1,1,0
38,3,22,1,2694,9,0,40,2,1,0
44,1,22,1,208,34,0,40,1,1,1
53,1,19,3,5502,36,0,40,1,1,1
26,1,21,5,1140,7,0,40,1,1,1
37,1,17,5,5694,39,0,40,1,1,0
31,1,22,5,442,22,13,40,1,1,1
26,1,16,5,8079,21,0,40,1,1,1
56,1,19,1,5390,47,1,40,2,1,0
47,1,21,1,43,3,1,40,1,1,1
20,1,16,5,4149,19,16,15,1,1,0
62,3,21,1,2507,6,1,17,2,1,0
33,1,16,1,5125,23,0,40,2,1,0
27,1,16,1,5257,38,1,40,2,1,0
58,1,21,1,426,4,0,40,1,1,1
21,2,21,5,2340,38,2,5,2,1,0
56,1,16,1,9218,31,1,40,1,1,0
53,1,19,1,3523,29,0,40,2,1,0
48,1,16,1,8926,224,0,40,1,6,0
44,1,22,3,873,35,0,40,1,1,1
26,1,21,5,1886,31,0,29,2,1,0
21,1,19,5,2111,45,17,3,2,1,0
22,1,21,5,5624,4,0,40,2,1,0
19,1,14,5,4331,39,2,40,1,1,0
45,1,21,1,3085,7,1,40,2,1,0
53,1,16,1,4137,21,1,40,2,1,0
43,1,16,3,6060,8,13,40,1,1,1
42,1,21,1,3020,38,1,40,2,1,0
29,1,20,1,5446,35,1,16,2,1,0
55,1,16,1,5040,23,1,40,1,1,0
23,1,16,5,4599,13,2,40,1,1,0
19,1,16,5,4864,46,15,11,1,1,0
34,1,21,1,2810,35,1,40,1,1,1
34,1,21,1,3391,21,1,40,2,1,0
69,2,22,1,1967,25,0,4,2,1,0
61,1,18,1,3910,22,0,40,2,1,0
49,1,16,1,5754,35,1,40,2,1,1
25,1,13,5,4222,39,2,40,1,1,0
25,1,21,5,3296,214,13,40,2,6,0
19,1,19,5,4603,5,2,8,2,1,0
18,1,16,5,4401,36,17,10,1,1,0
40,1,10,5,6638,3,0,40,1,1,0
56,1,16,1,5755,36,1,40,1,1,0
36,1,22,1,1440,8,0,40,2,1,1
18,1,13,5,4593,8,2,11,2,1,0
48,3,22,1,2413,41,0,40,2,1,0
67,7,22,1,130,29,0,50,2,1,1
20,1,19,5,4704,33,17,8,1,1,0
17,1,16,5,3943,14,17,6,2,1,0
38,1,21,1,512,7,0,40,1,1,1
27,1,16,1,5981,52,0,40,1,1,0
18,1,16,5,3692,38,2,6,2,1,0
45,1,16,5,7671,43,0,40,1,1,1
28,1,16,5,4045,35,2,40,2,1,0
29,1,19,5,6101,22,12,40,1,1,0
59,3,21,3,2331,22,0,40,2,1,0
50,1,16,1,8846,38,1,40,1,1,1
45,1,21,1,527,3,0,40,1,1,1
45,1,21,1,399,38,1,50,1,1,1
38,1,19,1,5650,38,1,40,1,1,1
49,1,21,5,3234,6,0,40,2,1,0
37,3,21,1,2422,5,1,40,2,1,1
45,1,19,1,5869,200,1,40,2,6,0
28,1,18,5,3900,10,13,40,2,1,0
42,2,21,5,2389,21,0,50,2,1,1
42,1,22,1,1027,35,1,40,1,1,1
27,1,19,5,5669,54,0,40,2,1,0
28,1,19,5,5915,45,0,40,1,1,0
38,1,22,5,1022,28,13,40,1,1,1
52,1,16,3,746,295,0,40,1,6,1
55,1,16,5,5142,28,0,40,1,1,1
17,1,16,5,3964,52,2,13,2,1,0
40,1,12,1,5963,307,1,40,1,1,0
25,1,16,5,4037,4,13,40,1,1,0
56,1,16,1,4506,22,1,40,2,1,0
51,1,21,1,96,6,1,40,1,1,1
21,1,9,5,4143,23,2,40,2,1,0
35,1,21,1,2792,23,0,40,2,1,0
24,1,21,5,2406,38,2,40,1,1,0
29,1,21,1,1100,36,0,40,1,1,1
28,1,19,5,5981,23,0,40,1,1,0
36,1,21,5,2279,8,0,40,1,1,1
51,1,16,3,6106,34,0,40,1,1,0
39,1,19,5,4684,33,0,40,1,1,0
56,1,16,5,5747,42,0,40,1,1,1
48,1,16,5,5151,39,0,40,1,1,1
48,1,20,1,203,29,1,40,1,1,1
57,1,19,3,6389,25,0,40,1,1,1
29,1,21,5,2320,37,13,40,2,1,0
55,1,16,1,5608,24,0,40,1,1,1
32,2,21,1,2152,27,0,40,2,1,0
48,1,21,1,258,4,1,40,1,1,1
21,1,14,5,4059,10,17,13,2,1,0
46,1,21,1,2327,40,0,40,1,1,1
51,1,21,3,653,21,0,50,1,1,1
48,1,16,1,7415,42,1,40,1,1,0
50,3,22,1,2393,39,1,40,2,1,1
23,1,21,5,830,11,13,40,1,6,0
42,1,19,1,4148,53,0,40,1,1,0
29,1,19,1,4583,44,0,40,1,1,0
58,1,21,1,296,11,0,40,2,1,1
42,1,21,1,2425,1,0,40,2,1,0
56,1,16,1,6194,35,0,40,1,1,1
46,1,21,1,1034,13,0,40,1,1,1
27,1,16,3,6489,23,0,40,1,1,0
28,1,8,5,9346,37,2,40,1,1,0
17,1,14,5,9711,53,17,40,1,1,0
28,1,17,5,4056,38,0,40,2,1,0
44,1,21,5,867,44,0,40,1,1,1
40,1,21,1,5534,6,0,40,1,1,0
32,1,21,5,3603,12,0,40,2,1,0
59,1,19,1,304,38,0,40,1,1,1
56,1,21,1,3432,34,0,40,2,1,1
49,1,19,1,7211,19,1,50,1,1,1
56,1,16,1,5963,42,0,40,1,1,1
28,1,21,5,453,38,13,40,1,1,1
29,1,19,5,5477,24,13,40,2,1,0
47,1,21,1,3341,39,1,40,2,1,0
27,1,19,5,5847,25,0,40,2,1,0
41,1,21,1,2178,20,1,40,2,1,0
28,1,16,5,5938,42,13,40,1,1,0
27,1,21,1,2746,40,0,40,2,1,0
21,1,19,5,3585,42,2,16,2,1,0
30,3,21,1,2467,51,1,40,2,1,0
40,3,21,1,2457,29,0,40,2,1,1
36,1,21,5,1164,7,0,40,1,1,1
50,1,21,1,196,36,0,40,1,1,1
41,1,21,1,5386,20,0,40,2,1,0
32,2,21,1,2124,6,1,40,2,1,0
62,1,16,3,6242,43,0,40,1,1,0
63,1,16,1,4686,38,1,20,2,1,0
17,1,14,5,4087,21,16,8,1,1,0
28,1,19,1,6300,24,1,40,2,1,0
20,1,13,5,4230,21,2,40,1,1,0
58,1,16,1,4063,35,1,40,2,1,0
49,1,19,1,7194,17,0,40,1,1,1
41,1,21,1,842,10,1,50,1,1,1
58,1,16,1,5438,20,0,40,1,1,0
28,1,16,3,5110,28,0,40,1,1,0
21,1,19,5,2222,3,2,6,2,1,0
36,1,10,5,8271,9,0,40,1,1,1
19,1,18,5,4724,23,16,4,1,1,0
61,1,18,3,5455,19,0,40,2,1,1
24,1,19,5,2484,27,2,7,2,1,0
57,1,20,1,3098,15,0,34,2,1,0
51,1,19,1,5408,206,0,40,1,6,1
54,1,17,5,6185,6,0,40,1,1,1
31,1,19,3,5024,35,0,33,2,1,0
27,1,21,5,2040,3,2,40,2,1,0
43,1,22,1,1257,37,0,40,1,1,1
30,1,19,5,5621,11,13,40,2,1,0
49,1,22,1,240,6,0,40,2,1,1
18,1,16,5,4012,45,2,11,1,1,0
65,1,21,1,10,26,1,40,1,1,1
27,1,19,5,5294,39,2,40,2,1,0
60,1,16,1,4954,37,1,34,2,1,0
23,1,9,5,4006,6,2,33,2,1,0
49,1,19,1,4848,5,1,33,2,1,0
25,1,14,5,7147,39,16,40,1,1,0
30,1,17,1,6228,20,0,40,1,1,0
21,1,14,5,4077,298,2,40,1,8,0
40,1,21,1,4679,36,0,40,2,1,0
45,1,20,3,455,35,0,40,1,1,1
33,1,21,1,879,29,0,40,1,1,0
26,1,21,5,2666,6,0,40,1,1,0
55,1,21,3,206,14,0,50,1,1,1
20,1,16,1,9568,320,2,40,1,1,0
21,1,16,5,4049,6,17,40,1,1,0
35,3,21,1,2375,4,0,40,2,1,0
26,1,18,5,4569,12,13,40,2,1,0
19,1,19,5,3907,5,17,11,1,6,0
29,1,16,1,4351,29,0,40,1,1,0
58,1,16,1,5729,6,0,40,2,1,0
50,1,21,3,138,8,0,50,1,1,1
23,1,16,1,4129,17,0,5,2,1,0
59,1,17,1,4149,41,0,5,2,1,0
42,1,22,1,1389,19,0,40,2,1,1
21,1,19,5,2158,25,2,10,2,1,0
19,1,8,5,4272,7,17,10,1,1,0
24,1,16,5,5386,39,13,40,1,1,0
42,1,21,3,309,4,0,40,2,1,1
45,1,19,1,123,227,1,40,1,1,1
29,1,16,1,3898,52,1,40,2,1,0
26,2,23,5,2271,230,17,7,2,6,0
19,1,19,5,4683,47,2,10,1,1,0
22,1,16,3,3361,35,5,14,2,1,0
46,1,22,1,472,7,1,40,1,1,1
67,1,18,1,5072,40,0,40,2,1,0
45,1,21,5,3107,30,13,40,2,1,1
22,1,19,5,4625,6,17,8,2,1,0
53,1,16,1,9041,39,0,40,1,1,0
34,1,21,1,563,28,1,40,2,1,0
47,1,21,1,3149,9,1,40,2,1,0
58,1,16,5,9075,39,0,40,1,1,1
59,1,19,1,5233,20,0,40,2,1,0
20,1,16,5,9535,57,2,40,1,1,0
23,1,19,5,3807,42,2,6,2,1,0
55,1,18,3,5103,34,0,40,1,1,1
55,1,20,3,7018,19,13,40,1,1,1
42,1,16,1,4152,299,1,40,2,1,0
54,1,18,3,7805,17,0,40,1,1,1
63,1,16,1,6366,17,0,40,2,1,0
52,1,16,3,439,28,0,50,1,1,1
46,3,21,1,2437,35,1,40,2,1,0
27,1,16,1,4059,27,0,40,2,1,0
29,1,11,5,6698,216,13,40,1,6,0
28,1,20,1,4616,35,0,40,2,1,0
18,1,19,5,2483,41,2,11,2,1,0
51,1,22,3,184,6,0,40,1,1,1
34,1,21,5,993,42,13,40,1,1,1
63,1,19,1,6133,42,0,16,2,1,0
21,1,19,5,1994,15,2,9,2,1,0
21,1,19,5,5774,6,2,40,2,6,0
66,1,21,1,4617,10,0,40,2,1,0
61,1,19,1,4827,33,0,40,2,1,0
39,1,16,1,6073,4,0,40,1,1,0
50,1,20,1,5408,38,1,40,2,1,0
46,1,22,3,624,38,0,40,2,1,1
20,1,10,5,4335,4,17,40,1,1,0
29,1,19,5,4495,43,13,40,1,1,0
54,1,16,1,7808,24,1,40,1,1,0
27,1,19,5,5486,24,2,40,2,1,0
40,1,16,1,6035,38,0,40,1,1,0
64,1,16,1,5781,28,1,40,1,1,1
41,1,21,1,206,5,1,40,1,1,1
45,1,21,1,10,38,1,50,1,1,1
25,1,16,5,9292,6,0,40,1,1,0
42,1,21,1,1142,40,0,40,2,1,1
48,1,11,1,5603,305,1,40,1,8,0
20,1,19,5,4583,19,2,12,1,1,0
45,1,21,1,771,1,0,50,1,1,1
35,3,21,1,2636,37,1,40,2,1,0
45,1,20,1,2243,223,9,33,2,6,0
34,1,21,3,2161,13,0,40,2,1,1
26,1,21,5,6243,33,0,40,1,1,0
64,1,21,1,3595,37,0,40,2,1,0
45,1,18,5,5219,308,0,40,2,1,0
32,1,19,5,5786,20,0,40,2,1,0
41,1,21,5,1271,39,0,40,1,1,1
63,1,18,3,4565,17,0,40,2,1,0
53,1,16,3,233,304,0,40,1,1,1
19,1,19,5,4622,21,2,12,2,1,0
43,2,21,1,3056,35,0,40,1,1,1
57,1,22,1,372,242,0,40,1,6,1
51,1,16,5,7496,20,0,40,1,1,1
30,1,19,3,4068,6,0,1,2,1,0
33,1,21,1,1048,16,1,40,1,1,1
21,1,16,5,4235,11,17,9,1,1,0
26,1,21,5,2012,4,0,40,1,6,1
63,1,21,1,5816,20,0,40,2,1,0
19,1,16,5,4155,41,2,40,2,1,0
48,1,21,1,304,27,0,50,1,1,1
20,1,16,5,4176,34,17,40,1,1,0
29,1,16,5,6162,44,2,40,1,1,0
19,1,19,5,2860,35,16,14,1,1,0
40,1,20,3,975,305,13,40,1,1,1
45,1,16,1,7751,42,1,50,1,1,1
28,1,16,5,9248,39,0,40,1,1,0
46,1,19,1,6227,4,1,40,1,1,1
63,1,18,1,5245,5,0,40,2,1,0
26,1,21,5,1283,9,0,40,2,1,1
39,1,21,3,5905,38,0,40,1,1,0
56,1,18,1,6337,21,0,40,1,1,1
52,1,16,3,7902,31,0,40,1,1,1
19,1,18,5,4621,51,17,15,1,1,0
53,1,16,1,71,7,1,50,1,1,1
40,1,21,3,372,4,0,40,1,1,1
30,1,21,5,5972,37,2,40,1,1,0
20,1,21,5,2354,18,2,14,2,1,0
41,1,19,1,6100,36,1,40,2,1,0
26,3,22,1,2204,6,0,16,2,1,0
45,1,19,1,4928,7,0,40,1,1,1
64,1,21,1,5433,38,0,40,2,1,0
19,1,19,5,5495,35,2,9,1,1,0
20,1,16,5,4189,20,2,10,1,1,0
49,1,16,1,6475,10,1,40,2,1,0
32,1,19,1,5322,7,0,40,2,1,0
62,1,22,5,2192,37,0,40,2,1,1
30,1,21,5,6051,15,0,40,2,1,0
47,1,21,1,497,36,0,40,2,1,1
64,2,21,3,3770,38,0,35,2,1,1
22,1,18,5,4285,15,17,13,1,1,0
45,1,19,3,4721,4,0,40,2,1,0
27,1,19,5,5871,38,13,40,1,1,0
59,1,16,1,5129,41,1,32,2,1,0
28,1,16,3,5985,36,0,40,2,1,0
48,1,16,1,4176,307,9,40,2,1,0
55,1,16,1,293,37,1,40,1,1,1
42,1,16,3,6240,314,13,40,1,1,1
19,1,21,5,4737,309,12,10,1,6,0
28,1,21,1,5373,8,9,40,2,1,0
24,1,19,5,5828,37,0,40,1,1,0
30,1,19,3,6044,6,0,40,1,1,0
49,1,16,1,5410,10,1,40,2,1,0
46,1,16,1,5751,2,0,40,1,1,1
21,1,9,5,4317,52,2,10,1,1,0
33,1,21,1,6775,15,0,40,1,1,0
53,1,19,1,10,37,1,50,1,1,1
20,1,21,5,2419,11,2,11,2,1,0
41,1,21,1,2278,16,0,40,2,1,1
34,1,21,1,787,40,1,40,1,1,1
26,1,16,1,4211,46,1,6,2,1,0
25,1,16,5,3958,317,2,40,2,8,0
50,1,17,5,8161,30,0,40,1,1,1
31,1,21,3,2071,40,12,9,2,1,0
56,1,16,1,4261,41,0,13,2,1,0
45,1,21,5,3438,39,13,40,2,1,1
19,1,19,5,4237,41,2,7,2,1,0
17,1,14,5,4003,55,2,10,1,1,0
53,1,16,1,5248,23,1,40,2,1,0
42,1,19,1,5512,35,1,40,1,1,1
41,1,16,1,6070,8,1,40,1,1,0
56,1,16,1,6356,38,1,40,1,1,0
26,1,19,3,5000,10,0,31,2,1,0
66,1,19,1,7066,21,0,40,1,1,1
26,1,19,3,5472,38,12,40,2,1,0
38,1,19,5,5997,35,0,40,1,1,1
65,2,20,1,3026,41,1,10,2,1,0
33,1,19,1,4918,21,1,40,2,1,0
27,1,21,5,2129,39,2,40,2,1,0
58,1,20,1,4802,15,1,40,2,1,0
29,1,19,3,5879,38,0,40,1,1,0
56,1,8,3,4157,22,0,34,2,1,0
66,1,21,1,2627,36,1,16,2,1,0
31,1,21,1,2232,9,0,40,1,1,1
30,1,22,5,2457,40,13,40,2,1,1
62,1,21,1,3222,18,0,40,2,1,1
33,3,21,1,2325,37,1,40,2,1,0
40,1,19,1,5326,2,1,40,2,1,0
56,1,19,3,5361,37,0,40,1,1,1
21,1,19,5,4668,15,2,10,1,1,0
42,2,21,1,2237,1,1,40,2,1,1
56,1,16,1,4248,22,1,40,2,1,0
26,1,18,3,4353,41,0,40,1,1,0
35,1,16,5,9227,21,0,40,1,1,0
51,1,21,1,1055,201,1,40,1,6,1
38,1,19,1,658,30,0,40,1,1,1
40,1,19,5,6215,36,0,40,1,1,1
46,1,21,1,565,38,1,40,1,1,1
46,1,16,1,9145,8,0,40,1,1,1
56,1,21,1,3170,15,1,40,2,1,0
26,1,16,5,5952,21,13,40,2,1,0
49,1,16,1,263,234,1,40,1,1,1
61,1,16,1,4146,36,1,12,2,1,0
53,1,16,1,6560,12,0,40,1,1,0
26,1,16,3,4163,37,16,40,1,1,0
32,1,19,5,5500,6,13,40,1,1,0
21,1,14,5,4145,24,17,10,2,1,0
29,1,21,1,1134,44,1,40,1,1,0
42,1,22,1,927,222,0,40,1,6,1
42,1,21,1,5416,39,1,40,2,1,1
25,1,21,3,5388,5,0,16,2,1,0
45,1,16,5,7851,30,0,40,1,1,1
54,1,16,1,451,10,0,50,1,1,1
49,1,21,1,75,6,0,40,1,1,1
24,1,16,3,9254,16,0,40,1,1,0
43,3,21,1,2448,35,1,40,2,1,1
25,1,21,5,5412,36,13,40,1,1,0
40,1,16,5,5625,42,0,40,1,1,1
54,1,21,1,448,35,1,50,1,1,1
26,1,19,5,4828,9,13,40,2,1,0
37,1,21,1,5388,4,1,40,2,1,0
26,1,16,5,5755,18,2,40,2,1,0
60,7,21,1,12,39,0,50,1,1,1
50,1,22,3,173,25,0,50,1,1,1
18,1,15,5,8962,50,2,40,1,1,0
47,1,21,5,1149,42,0,40,1,1,1
47,1,21,1,340,238,1,40,1,1,1
30,1,8,3,9271,20,16,40,1,1,0
24,1,19,1,5460,5,10,40,1,1,0
21,1,18,5,5833,6,2,40,2,1,0
45,1,22,1,472,38,0,40,1,1,1
37,1,19,1,4629,17,0,40,1,1,0
23,1,16,5,4086,33,2,33,2,1,0
59,1,19,1,5618,39,0,40,2,1,0
55,1,16,1,5961,18,1,40,2,1,0
26,1,21,5,3611,40,0,33,2,1,0
60,1,16,1,4168,18,1,40,2,1,0
28,1,16,5,5880,25,0,33,2,1,0
37,1,21,1,757,32,0,40,1,1,1
20,1,16,5,4270,2,2,12,1,1,0
45,1,21,1,2847,308,1,40,2,6,1
50,1,22,1,301,25,0,40,1,1,1
26,1,19,5,5470,40,0,40,2,1,0
31,1,16,1,4184,317,1,40,2,1,0
26,1,19,5,5602,7,13,40,1,1,0
23,1,12,5,4250,224,10,40,2,8,0
31,1,21,5,211,9,0,40,1,1,1
49,1,19,1,5097,38,1,40,1,1,1
50,1,22,5,646,11,0,40,1,1,1
34,1,21,1,1108,25,0,40,1,1,0
52,1,16,3,287,9,0,40,1,1,1
28,1,17,3,3965,6,0,40,2,1,0
47,1,19,1,838,32,0,40,1,1,1
51,1,19,5,3552,24,0,40,2,1,0
31,1,19,5,6204,10,0,40,1,1,0
71,6,21,1,2607,30,0,11,2,1,0
48,1,19,1,533,39,1,40,1,1,1
48,1,16,5,6039,21,0,40,2,1,0
50,1,16,1,6456,307,1,40,1,1,1
51,1,18,1,479,224,1,40,1,6,1
48,1,20,3,717,23,0,40,1,1,1
24,1,19,5,5260,41,0,40,2,1,0
33,1,19,1,5024,24,1,40,1,1,0
28,1,21,1,976,5,1,40,2,1,0
34,1,21,1,1674,23,1,40,1,1,1
44,1,19,1,4495,39,1,40,2,1,0
31,1,19,1,5067,49,0,11,2,1,0
20,1,21,5,2063,26,2,8,2,1,0
47,1,16,1,9074,8,1,40,1,1,1
28,1,19,5,5109,20,0,40,2,1,0
46,1,10,1,4126,323,9,40,2,8,0
28,1,21,1,539,43,0,40,1,1,1
54,1,16,1,574,17,1,50,1,1,1
43,1,19,1,8998,10,0,40,1,1,1
40,1,21,1,3601,20,0,40,2,1,0
35,1,21,1,745,21,1,40,1,1,1
54,1,18,1,5781,37,0,40,1,1,0
55,1,16,1,6024,38,0,40,1,1,1
26,1,21,5,5560,12,2,40,2,1,0
20,1,19,5,2292,29,2,12,2,1,0
19,1,14,5,4276,38,2,6,1,1,0
27,1,20,1,3405,25,1,40,2,1,0
49,1,19,1,248,13,1,50,1,1,1
44,1,18,1,5940,49,0,40,1,1,0
46,1,12,1,3972,301,1,40,2,1,0
37,1,18,1,6386,8,0,40,1,1,0
48,1,21,1,2941,8,1,40,2,1,0
44,1,17,1,4207,18,16,40,2,1,0
37,1,21,1,863,50,1,40,1,1,1
53,1,21,1,182,24,0,50,1,1,1
58,1,18,1,5176,2,0,40,1,1,0
43,1,21,1,1180,11,0,40,1,1,1
30,1,19,1,5848,2,0,11,2,1,0
35,1,21,1,3192,40,1,40,1,1,0
25,1,16,3,4150,8,0,40,1,1,0
48,1,19,3,5518,6,0,40,1,1,1
33,1,21,5,1355,38,0,40,1,1,1
57,1,16,1,4284,42,0,40,2,1,0
32,1,22,5,100,7,0,40,2,1,1
33,1,21,3,2268,12,0,40,2,1,0
44,1,22,1,10,39,0,50,1,1,1
64,1,21,3,3837,11,0,30,2,1,0
45,1,16,1,6170,1,1,40,1,1,1
25,1,16,5,5825,20,0,40,1,1,0
45,1,21,1,234,8,0,50,1,1,1
48,1,19,1,6150,17,1,40,1,1,1
22,1,14,5,4176,7,17,3,2,1,0
22,1,18,5,4128,25,2,40,1,1,0
28,1,19,5,6007,23,13,40,1,1,0
25,2,21,5,2187,39,0,40,2,1,0
24,1,17,5,4105,6,0,40,2,1,0
31,1,22,5,2075,230,13,40,1,6,0
53,1,16,1,5544,9,0,40,1,1,0
29,1,19,1,5688,36,1,40,2,1,0
45,1,19,1,699,221,0,40,1,6,1
55,1,19,1,5193,21,0,40,1,1,0
21,1,16,1,4015,217,9,40,2,8,0
37,1,16,1,5073,36,1,40,1,1,0
54,1,16,1,5012,20,0,40,1,1,1
30,1,21,3,2016,15,0,40,2,1,0
22,1,19,5,4732,39,2,15,2,1,0
21,1,16,5,4631,44,2,16,2,1,0
19,1,16,5,4147,43,2,10,2,1,0
43,1,21,1,5141,11,0,40,2,1,0
21,1,21,5,5542,42,12,40,1,1,0
20,1,19,5,4666,11,2,11,2,1,0
46,1,19,1,5637,5,1,40,2,1,0
49,1,21,3,447,215,0,40,1,1,1
24,1,19,3,6196,3,0,32,2,1,0
51,1,21,1,408,8,0,40,1,1,1
67,2,22,1,2291,31,1,12,2,1,0
29,1,21,1,2053,233,0,40,1,6,0
43,1,19,3,5209,7,0,40,1,1,1
63,1,16,1,3432,23,1,31,2,1,0
20,1,19,5,2430,42,17,5,1,1,0
68,1,18,1,8978,18,0,40,1,1,1
38,1,21,1,3093,42,1,40,2,1,0
23,1,19,5,4708,29,2,13,1,1,0
29,1,16,1,5564,10,1,6,2,1,0
19,1,8,5,4278,296,4,40,1,8,0
66,1,21,3,3546,5,0,40,2,1,1
33,1,21,1,1395,217,0,40,1,6,1
48,1,21,1,141,10,0,40,1,1,1
24,1,21,5,3251,14,0,40,2,1,0
52,1,16,1,7244,7,0,40,1,1,1
49,1,18,5,6081,314,0,40,2,1,0
37,1,23,1,2076,4,0,40,1,1,1
73,2,22,1,2107,33,0,12,2,1,0
31,1,22,5,116,36,13,40,1,1,1
52,1,20,3,543,40,0,40,2,1,1
26,1,21,5,2463,35,2,12,2,1,0
52,1,19,1,544,28,0,50,1,1,1
50,1,16,3,9350,26,0,40,1,1,0
43,1,21,1,4905,8,0,40,1,1,0
31,1,19,3,5572,54,0,40,2,1,0
28,1,21,5,1943,23,17,40,1,1,0
41,1,21,1,2383,18,1,40,2,1,1
22,1,19,5,5826,18,0,40,2,1,0
31,1,17,5,6023,6,0,40,1,1,0
61,1,16,1,6507,40,1,40,2,1,0
54,1,20,3,177,23,0,40,1,1,1
53,1,21,1,1399,233,0,40,1,1,1
74,6,21,1,2830,37,0,40,2,1,1
43,1,16,1,8324,37,1,50,1,1,1
37,3,21,1,2457,21,1,40,2,1,0
18,1,16,5,4184,39,2,40,1,1,0
33,1,21,1,823,2,1,40,2,1,1
45,1,20,3,146,4,0,40,2,1,1
54,1,16,1,6980,25,1,50,1,1,1
44,1,22,3,109,210,0,40,1,6,1
20,1,16,5,8967,323,2,40,1,6,0
34,1,21,1,5959,5,0,40,1,1,0
62,1,18,1,4113,22,1,9,2,1,0
26,1,16,1,6703,3,0,40,1,1,0
37,1,21,1,148,20,1,40,1,1,1
20,1,16,5,4569,54,12,40,2,1,0
39,1,21,1,1645,5,0,40,1,1,1
44,1,21,1,793,43,0,40,1,1,1
37,1,16,1,8053,37,1,40,1,1,0
50,1,17,3,4505,39,0,11,2,1,0
41,1,21,1,1176,14,0,40,1,1,1
50,1,16,1,80,40,1,40,1,1,1
28,1,21,5,760,19,13,40,1,1,1
30,1,21,1,2552,5,1,40,2,1,0
45,1,21,1,87,17,1,50,1,1,1
35,1,21,1,1454,39,1,40,1,1,1
47,1,19,1,5118,13,0,40,1,1,0
48,1,18,1,7204,1,1,60,1,1,1
47,1,18,1,5208,8,1,40,1,1,0
20,1,14,5,4096,313,16,15,1,6,0
37,1,21,1,701,13,0,40,1,1,1
25,1,16,3,4023,33,0,38,2,1,0
47,1,10,1,7673,310,0,40,1,6,1
62,1,19,3,440,34,0,40,2,1,1
50,1,21,1,186,26,1,50,1,1,1
34,1,21,5,161,36,13,40,2,1,1
17,1,16,5,4663,8,2,7,2,1,0
43,1,21,1,1060,32,0,40,1,1,1
26,1,21,5,1934,37,0,40,2,1,0
51,1,19,3,328,40,0,40,1,1,1
57,1,19,1,6243,39,0,40,1,1,1
48,1,22,1,329,18,0,50,1,1,1
52,1,18,1,4171,40,1,40,2,1,0
53,1,17,1,4082,5,0,35,2,1,0
19,1,14,5,4288,26,2,8,1,1,0
51,1,21,1,557,5,1,40,1,1,1
27,1,21,1,2255,17,1,40,2,1,0
20,1,19,5,4742,27,2,10,2,1,0
52,1,21,5,706,11,0,40,1,1,1
55,1,20,3,554,21,13,50,1,1,1
43,1,21,1,412,20,0,50,1,1,1
37,3,21,1,2458,36,0,40,2,1,0
20,1,16,5,4552,11,2,14,1,1,0
50,1,19,3,5706,19,0,40,1,1,1
54,1,19,1,124,36,0,40,1,1,1
52,1,16,1,5300,38,0,40,2,1,0
60,1,22,1,3266,40,0,40,2,1,1
60,1,19,1,5744,26,1,40,1,1,1
37,3,21,1,2378,36,1,8,2,1,0
42,1,21,1,5302,38,0,40,1,1,0
55,1,21,1,4485,42,1,40,2,1,1
26,3,22,1,2319,44,0,9,2,1,0
45,1,22,1,10,39,0,50,1,1,1
37,1,19,3,5328,38,0,40,2,1,0
52,1,16,1,5956,40,1,40,1,1,0
33,1,20,5,1283,17,0,40,1,1,1
34,1,21,1,926,5,0,40,1,1,1
20,1,21,5,4990,37,2,40,1,1,0
48,1,16,1,8270,5,1,40,1,1,1
59,2,21,1,2144,28,0,40,2,1,0
21,1,19,5,4655,49,2,12,1,1,0
20,1,19,5,4736,11,12,18,2,1,0
39,1,19,1,4512,4,1,10,2,1,0
68,3,21,1,2258,40,0,40,2,1,1
35,1,10,1,9148,310,0,40,1,1,0
21,1,16,5,4292,40,2,40,1,1,0
52,1,16,5,9441,42,0,40,1,1,1
60,1,19,1,5205,22,0,33,2,1,0
44,1,11,1,6195,328,1,40,1,1,0
25,1,10,5,4048,217,13,40,1,8,0
38,1,16,1,7120,24,10,40,1,1,0
31,1,16,1,4367,38,1,40,2,1,0
19,1,19,5,4830,51,2,6,1,1,0
28,1,21,5,1550,9,0,40,1,1,1
28,1,21,1,1961,214,0,40,1,6,0
18,1,16,5,4332,35,17,40,1,1,0
56,1,10,1,4029,328,1,40,2,1,0
22,1,19,5,5296,8,2,38,2,1,0
23,1,21,5,5340,16,17,40,1,1,0
32,1,19,5,5748,35,13,40,1,1,0
20,1,19,5,4699,10,2,11,2,1,0
53,1,16,5,4678,18,0,40,1,1,0
20,1,19,5,4827,19,2,7,1,1,0
40,1,16,1,9690,39,0,40,1,1,0
21,1,19,5,5900,8,2,40,2,1,0
57,1,19,1,3758,30,0,33,2,1,0
36,1,19,1,6102,34,1,40,1,1,0
29,1,21,5,3932,6,13,40,1,1,1
41,1,21,1,2937,34,1,35,2,1,0
19,1,18,5,4765,47,16,16,2,1,0
18,1,19,5,4840,8,16,13,1,6,0
35,1,21,1,2455,305,9,40,2,6,0
58,1,16,3,5474,36,0,40,2,1,1
27,1,21,5,1600,5,0,40,1,1,1
34,1,18,1,8893,33,0,40,1,1,0
63,1,16,1,5982,18,1,40,2,1,0
47,1,19,1,205,8,0,40,1,1,1
54,1,16,1,250,24,1,50,1,1,1
64,7,21,1,2861,41,0,50,1,1,1
27,1,16,5,9830,4,12,40,1,1,0
41,1,21,1,2288,8,0,40,2,1,0
20,1,19,5,4709,53,2,15,2,1,0
18,1,16,5,4283,28,16,6,1,1,0
26,1,16,5,5925,36,13,40,1,1,0
50,1,16,1,109,4,1,40,1,1,1
37,1,19,1,4892,23,0,40,2,1,0
60,1,16,1,5087,22,1,40,1,1,0
33,1,20,1,5436,16,1,40,2,1,0
31,1,19,5,6095,37,13,40,1,1,0
64,1,16,1,4841,24,1,40,2,1,0
51,1,16,3,5116,39,0,40,1,1,1
56,1,17,1,7956,13,1,40,1,1,0
28,1,16,1,4095,9,0,14,2,1,0
47,1,21,3,317,18,0,40,1,1,1
30,1,19,1,4158,320,10,34,2,6,0
22,1,19,5,6063,10,12,40,1,1,0
22,1,16,5,4388,239,17,13,1,6,0
55,1,16,1,594,20,1,40,1,1,1
29,1,21,3,2192,16,0,40,2,1,0
18,1,19,5,4710,26,17,12,2,1,0
27,1,16,3,4196,10,9,40,2,1,0
54,1,21,5,68,35,0,40,1,1,1
47,1,16,1,6533,216,1,40,2,6,0
33,1,21,1,1743,21,1,40,1,1,1
58,1,20,1,5611,10,1,40,2,1,1
29,2,21,5,2137,6,13,40,2,1,1
30,1,20,1,5138,27,1,40,1,1,0
28,1,11,5,9631,308,13,40,1,8,0
22,1,16,5,4154,17,0,35,2,1,0
17,1,16,5,4710,14,2,12,1,6,0
30,1,21,1,5467,215,10,40,2,6,0
43,1,22,1,751,3,0,40,1,1,1
26,1,21,1,2079,253,0,34,2,6,0
40,1,18,5,4904,2,0,40,1,1,0
42,1,16,5,5098,331,0,40,1,6,0
24,1,21,1,5832,9,0,40,2,1,0
61,1,13,1,6211,24,1,40,1,1,0
48,1,20,3,371,23,0,40,1,1,1
40,1,21,1,2973,218,1,40,2,6,0
46,3,22,1,2411,22,0,40,2,1,1
45,1,7,1,4183,319,1,35,2,1,0
44,1,21,3,572,38,0,40,1,1,1
67,2,22,1,3090,20,0,40,2,1,1
34,1,16,1,5438,19,0,40,2,1,0
24,1,21,1,3260,8,0,40,2,1,0
29,1,19,5,4716,8,12,40,2,1,0
21,1,16,5,4235,37,2,40,1,1,0
27,1,19,1,5327,23,0,40,1,1,0
22,1,19,5,5213,9,2,40,1,1,0
60,1,21,1,5605,40,1,40,2,1,0
29,1,19,1,4816,37,0,12,2,1,0
27,1,20,1,2379,41,1,12,2,1,0
49,1,19,3,382,6,0,40,1,1,1
55,1,21,3,1479,48,0,50,1,1,1
26,1,19,5,5673,4,0,33,2,1,0
23,1,16,5,6526,26,0,40,1,1,0
26,1,14,5,4036,314,2,40,2,1,0
38,1,21,1,1235,28,0,40,1,1,1
32,1,16,1,9382,36,9,40,1,1,0
60,1,18,5,5467,36,0,40,2,1,1
25,1,21,5,6215,38,0,40,2,1,0
37,1,21,1,1006,33,1,40,1,1,1
20,1,21,5,1974,4,17,8,1,1,0
31,1,21,1,881,40,0,40,1,1,0
27,1,21,3,2566,36,0,40,2,1,0
50,1,21,1,274,39,1,40,2,1,1
28,1,16,1,6323,52,0,40,1,1,0
44,1,22,1,632,207,1,40,1,6,1
25,1,16,1,9612,1,2,40,1,1,0
47,1,16,1,317,321,0,40,1,1,1
53,1,18,1,5961,316,1,40,2,1,0
21,1,22,5,2000,9,17,40,1,1,0
55,1,16,1,6558,20,0,40,1,1,1
53,1,21,3,3294,38,0,40,2,1,1
41,3,21,1,2389,18,0,40,1,1,1
59,1,20,1,4846,25,1,40,2,1,1
48,1,19,3,132,34,13,40,1,1,1
45,1,21,1,4966,37,1,40,1,1,1
28,1,19,3,5896,42,12,40,2,1,0
45,1,19,1,6496,6,0,40,1,1,1
59,2,21,1,2129,37,0,40,2,1,0
19,1,19,5,2666,32,2,14,1,1,0
46,1,21,1,3257,22,1,40,2,1,1
37,1,16,5,4979,5,13,40,1,1,0
60,1,19,3,5062,7,0,37,2,1,0
56,1,21,1,10,21,0,40,1,1,1
29,2,21,1,1965,230,1,9,2,6,0
19,1,16,5,4684,11,2,5,2,6,0
41,1,19,1,6411,4,0,40,1,1,1
19,1,6,5,4274,9,17,12,1,1,0
26,1,21,5,4352,38,2,40,1,1,0
54,1,16,1,7503,25,1,50,1,1,1
27,1,16,1,8999,47,0,40,1,1,0
27,1,16,5,9830,34,13,40,1,1,0
51,1,21,1,614,43,0,40,1,1,1
23,1,16,5,5784,42,2,12,2,1,0
21,1,16,5,4220,2,2,40,1,1,0
30,1,16,1,4096,317,0,40,2,8,0
48,1,22,1,671,38,0,40,1,1,1
46,1,21,3,334,10,0,40,1,1,1
49,1,19,1,485,5,0,40,1,1,1
23,1,16,5,4294,41,2,4,2,1,0
41,1,19,1,5489,234,0,40,2,1,0
53,1,20,5,4690,21,0,40,2,1,0
22,1,19,5,5743,19,13,40,2,1,0
47,1,21,1,258,26,0,40,1,1,1
23,1,19,5,6118,29,2,40,2,1,0
41,1,21,1,1254,4,0,40,1,1,1
45,1,21,3,1153,7,0,40,1,1,1
19,1,19,5,2675,6,17,7,1,1,0
26,1,16,1,4183,5,9,40,2,1,0
32,1,19,5,5367,35,0,40,1,1,0
24,3,21,5,2538,11,0,40,2,1,0
56,1,16,1,7464,13,0,40,1,1,1
60,1,16,1,8725,15,1,40,1,1,0
40,1,19,1,6327,40,1,40,1,1,0
27,1,21,5,3755,40,13,40,2,1,1
23,1,21,5,2232,39,0,40,2,1,0
30,1,16,5,5822,11,0,40,1,1,0
32,1,16,5,5697,203,13,40,1,6,0
54,1,16,5,5299,40,0,40,2,1,1
44,1,22,1,2877,3,0,40,2,1,1
62,1,21,1,348,29,0,40,1,1,1
56,1,16,1,5783,39,1,40,2,1,0
27,1,21,5,1201,8,12,40,1,1,0
34,1,21,1,2572,13,1,40,2,1,0
27,2,21,1,2182,36,1,40,2,1,0
20,1,19,5,4828,36,17,40,2,1,0
57,1,21,1,633,35,0,40,1,1,1
27,1,16,5,4172,31,2,40,2,1,0
47,1,19,1,6216,197,1,40,2,6,0
28,1,19,3,5136,11,16,40,2,1,0
51,1,16,5,5309,42,0,40,1,1,1
17,1,18,5,4678,6,17,9,2,6,0
20,1,21,5,4738,238,15,9,1,6,0
47,1,22,1,717,6,0,40,1,1,1
50,1,21,1,1404,28,1,40,1,1,1
25,1,21,5,4612,3,0,40,2,1,0
44,1,19,3,6024,12,0,40,1,1,1
42,1,21,5,59,18,0,40,1,1,1
52,1,20,1,10,37,0,50,1,1,1
58,1,19,1,201,36,0,40,1,1,1
63,1,21,1,5000,44,0,29,2,1,0
44,1,19,1,6010,15,0,40,1,1,0
36,1,18,5,9129,37,0,40,1,1,0
49,1,19,1,5978,9,0,40,2,1,0
45,1,16,1,8983,304,0,40,1,1,0
25,1,19,1,5502,9,0,17,2,1,0
26,1,21,5,5061,18,0,40,1,1,1
41,1,21,1,5663,17,1,40,2,1,0
36,1,16,1,6716,24,0,40,1,1,0
42,1,16,1,3999,37,9,40,2,1,0
30,1,21,5,1884,24,0,40,1,1,1
23,1,14,3,3916,37,0,33,2,1,0
48,1,16,3,6660,18,0,40,1,1,1
48,1,19,1,853,8,0,40,1,1,1
29,1,18,3,6375,40,0,40,1,1,0
61,1,19,3,5635,36,0,40,2,1,0
30,1,16,1,9513,44,0,40,1,1,0
29,2,22,5,1968,27,0,13,2,1,0
21,1,21,5,2551,46,2,10,2,1,0
58,1,19,1,4611,21,1,40,1,1,1
48,1,16,1,5321,39,1,40,2,1,0
40,1,21,1,3448,208,0,40,2,6,0
45,1,21,1,1628,33,1,40,1,1,1
19,1,14,5,4308,37,2,18,2,1,0
23,1,15,5,4307,53,2,9,1,1,0
47,1,16,1,7300,39,0,40,1,1,0
21,1,19,5,4155,29,16,5,1,1,0
50,1,16,1,4382,10,1,40,2,1,1
44,1,19,1,5436,10,1,40,2,1,0
43,1,18,1,5226,315,0,40,1,1,0
51,1,16,1,4939,5,1,40,2,1,0
45,1,19,3,5866,19,0,40,1,1,1
24,1,12,5,9518,325,2,40,1,1,0
27,1,21,5,5854,18,12,40,2,1,0
47,1,21,1,659,252,0,40,1,6,1
19,1,18,5,4728,21,17,14,1,1,0
45,1,16,3,5458,1,0,40,1,1,0
31,3,22,5,2365,28,0,40,2,1,1
48,1,16,1,4243,41,1,40,2,1,0
31,1,21,3,1344,20,0,40,1,1,1
45,1,11,1,3945,307,1,40,2,6,0
41,1,21,1,3014,3,1,32,2,1,0
49,1,16,1,7868,40,1,40,1,1,1
56,1,16,1,5271,20,1,30,2,1,0
44,1,17,3,6224,317,0,40,2,1,0
24,1,16,3,5020,38,0,40,2,1,0
27,1,19,5,5191,38,2,40,2,1,0
35,1,21,5,457,4,0,40,1,1,1
21,1,16,5,5112,6,2,40,1,1,0
20,1,16,5,4560,50,12,40,1,1,0
31,1,20,1,2760,15,1,7,2,1,0
48,1,19,5,6112,35,0,40,1,1,1
60,1,19,1,5734,31,1,40,1,1,1
50,1,16,1,6165,37,1,40,1,1,1
26,1,19,1,5282,37,0,16,2,1,0
30,1,19,1,5626,51,0,40,1,1,0
50,1,18,1,6174,7,1,40,1,1,0
57,1,17,3,5911,38,0,40,1,1,1
25,1,18,5,4987,21,0,40,1,1,0
46,1,21,1,3681,206,1,40,2,6,0
34,1,21,3,1177,17,0,40,2,1,0
21,1,14,1,4082,324,9,40,2,1,0
59,1,16,1,5897,27,1,40,1,1,1
44,1,19,1,4999,3,1,40,2,1,0
44,1,21,1,1643,35,0,40,1,1,1
57,1,16,1,5858,17,1,40,2,1,0
57,1,18,1,4642,5,0,40,2,1,0
34,3,22,1,2365,36,1,40,2,1,0
53,1,16,1,6790,37,0,40,1,1,0
44,1,19,1,6407,8,0,40,2,1,0
55,1,17,1,5284,36,1,40,1,1,0
45,1,21,1,261,39,0,50,1,1,1
25,1,19,5,6149,40,13,40,2,1,0
66,1,18,1,5835,22,1,40,1,1,0
46,1,16,1,9414,1,0,40,1,1,0
31,1,19,1,5805,30,0,40,1,1,0
44,1,22,1,1211,10,0,40,1,1,1
21,1,19,5,4724,2,2,10,2,1,0
46,1,22,1,681,41,1,40,1,1,1
17,1,16,5,4651,12,2,7,2,1,0
25,1,19,5,5261,5,13,40,1,1,0
43,1,16,1,4765,7,1,40,2,1,0
60,1,16,3,8693,40,13,40,1,1,1
30,1,16,1,6285,37,0,11,2,1,0
73,2,22,3,2355,40,0,40,2,1,0
53,1,19,1,143,229,0,40,1,6,1
30,1,21,3,5995,34,0,40,2,1,0
42,1,21,1,394,34,1,50,1,1,1
24,1,19,5,4760,6,10,40,1,1,0
20,1,19,5,4624,38,2,13,2,1,0
50,1,18,1,5007,9,0,40,1,1,0
31,1,16,5,4878,4,0,40,1,1,1
35,1,19,1,7833,18,1,40,1,1,1
51,1,21,1,749,26,0,40,1,1,1
62,1,18,1,5858,16,0,40,2,1,0
23,1,16,5,7517,4,2,40,1,1,0
31,1,21,1,1441,19,0,40,1,1,1
44,1,22,1,1079,39,1,50,1,1,1
22,1,16,5,4007,51,2,40,2,1,0
37,1,21,1,4807,5,1,40,2,1,0
38,1,21,1,1712,44,0,40,1,1,0
23,3,22,1,2457,5,0,11,2,1,0
55,1,16,3,6033,39,0,40,1,1,0
19,1,19,5,4804,4,16,10,1,1,0
46,1,21,1,1203,37,0,40,1,1,1
60,1,20,1,5728,23,1,40,2,1,0
29,1,21,5,2732,25,2,40,1,1,0
44,1,20,1,5123,39,1,40,2,1,1
24,1,21,5,831,34,0,40,2,1,1
55,1,16,3,6143,8,0,40,1,1,1
49,1,16,1,6089,38,1,40,2,1,0
52,1,24,1,2498,213,0,40,1,6,1
25,1,11,3,4083,308,15,40,2,8,0
40,1,22,1,272,222,0,40,1,1,1
41,3,21,1,2474,37,1,40,1,1,1
42,1,19,1,9045,41,0,40,1,1,0
50,1,19,3,7157,14,0,50,1,1,1
29,1,16,5,5615,41,0,33,2,1,0
60,1,16,1,5301,43,1,40,2,1,0
46,1,16,1,8769,228,0,40,1,1,1
20,1,19,5,6463,16,2,6,1,1,0
44,1,21,5,1203,25,0,40,1,1,1
44,1,21,1,744,8,1,40,1,1,1
45,1,21,1,328,21,0,40,1,1,1
54,1,16,1,3620,41,1,40,2,1,0
25,1,21,5,5361,10,2,40,2,1,0
30,1,19,5,3733,6,12,40,2,1,0
27,1,16,3,3562,38,6,7,2,1,0
18,1,19,5,2502,16,16,7,1,1,0
20,1,14,5,4199,41,2,9,1,1,0
26,1,16,1,4161,13,10,40,1,1,0
57,1,16,1,4955,48,1,40,2,1,0
42,1,19,1,1213,4,1,40,1,1,1
40,1,19,3,5489,12,0,40,1,1,0
25,1,21,5,1987,36,2,6,1,1,0
31,1,16,1,5794,36,1,40,1,1,0
35,1,21,1,1337,37,1,40,1,1,1
26,1,21,1,2522,6,10,40,2,1,0
58,1,19,3,2404,4,12,10,2,1,0
20,1,14,5,4157,7,17,14,2,1,0
24,1,21,1,5881,14,0,40,2,1,0
58,1,21,1,3704,38,1,40,2,1,1
49,1,21,3,1242,33,0,40,1,1,1
19,1,14,5,4607,5,2,7,2,1,0
39,1,21,1,1247,34,1,40,1,1,1
26,1,21,1,2334,37,1,40,2,1,0
30,1,21,5,602,13,0,40,1,1,1
41,1,22,1,1425,32,0,40,1,1,1
30,1,21,5,2966,37,0,40,1,1,1
28,1,16,5,5560,42,13,40,2,1,0
61,1,20,1,5210,19,0,31,2,1,0
49,7,21,1,23,35,0,50,1,1,1
62,1,16,1,5955,35,0,32,2,1,0
21,1,14,5,4085,26,2,7,2,1,0
52,1,21,5,3535,242,13,40,2,6,1
29,1,21,1,1458,32,1,40,1,1,0
39,1,21,1,688,4,0,40,1,1,1
52,1,19,1,229,9,1,40,1,1,1
19,1,19,5,4780,50,16,8,1,1,0
53,1,16,1,5519,8,0,40,2,1,0
62,1,19,1,5428,10,0,40,2,1,0
53,1,16,1,5888,24,0,40,2,1,1
45,1,21,3,289,4,0,40,1,1,1
62,1,20,1,3770,5,0,11,2,1,0
46,1,16,1,7579,10,1,40,1,1,1
28,1,21,3,5633,17,16,40,1,1,0
27,1,21,5,2448,22,2,40,2,1,0
48,1,22,1,366,42,0,40,1,1,1
60,1,16,5,5881,25,0,40,2,1,0
49,1,16,3,8244,37,0,40,1,1,0
24,1,19,1,5053,225,2,40,2,6,0
57,1,16,1,5083,14,1,40,2,1,0
49,1,21,1,60,38,1,50,1,1,1
62,1,18,1,5424,22,0,34,2,1,0
21,1,16,5,4290,21,2,12,2,1,0
26,1,19,5,5048,10,2,40,2,1,0
47,1,16,3,6156,328,13,40,1,1,0
17,1,9,5,4235,53,16,8,1,1,0
20,1,21,5,2240,36,2,40,2,1,0
24,1,19,5,5719,3,0,40,1,1,0
18,1,18,5,4713,13,17,13,1,1,0
47,1,19,1,10,12,0,50,1,1,1
35,3,21,1,2390,219,1,40,2,6,0
19,1,19,5,5704,6,2,40,1,1,0
56,1,16,1,520,41,0,40,1,1,1
80,2,21,1,2253,39,0,9,2,1,0
64,2,21,1,2175,39,0,37,2,1,0
41,1,21,1,1235,36,0,40,1,1,1
56,1,19,3,462,16,0,40,1,1,1
52,1,16,5,6107,40,13,40,1,1,0
20,1,16,5,4683,5,2,13,2,1,0
48,1,19,1,5907,40,1,40,1,1,1
30,1,21,1,963,39,0,40,1,1,1
32,1,13,5,4159,8,0,40,2,1,0
30,1,16,3,4194,35,0,40,1,1,0
63,1,17,1,4232,37,0,40,2,1,0
31,1,19,1,5535,295,0,40,2,1,0
29,1,19,5,4968,8,0,40,1,1,0
37,1,20,1,2406,36,1,8,2,1,0
40,1,22,1,3295,32,0,40,2,1,1
30,3,21,5,2433,1,12,40,2,1,0
56,1,17,1,3672,26,9,9,2,1,0
27,1,17,5,4039,2,13,40,1,1,0
17,1,14,5,4743,22,2,10,2,1,0
22,1,16,5,4155,315,2,40,1,8,0
48,1,22,5,2877,40,13,40,2,1,1
29,1,16,3,4164,32,0,40,2,1,0
62,1,21,1,3152,24,0,40,2,1,0
28,1,19,5,5076,10,13,40,1,1,0
36,1,21,1,6079,18,0,40,1,1,0
26,1,16,1,4005,12,0,40,2,1,0
47,1,21,3,1039,38,0,40,1,1,1
46,3,21,1,2334,22,0,40,2,1,1
41,1,22,1,2528,4,1,40,1,1,1
46,3,21,1,2390,33,0,40,1,1,1
44,1,21,3,124,19,0,40,1,1,1
28,1,21,1,2398,4,10,40,2,1,0
36,1,16,5,9005,30,13,40,1,1,0
19,1,16,5,4116,1,2,10,2,1,0
17,1,16,5,4713,30,2,14,2,1,0
29,1,16,1,4152,39,1,8,2,1,0
34,1,21,3,1086,17,0,40,1,1,1
42,1,21,3,6061,34,0,40,1,1,0
38,1,16,1,6717,22,0,40,1,1,0
22,1,16,5,5282,234,0,40,2,8,0
59,1,19,1,5361,43,0,40,2,1,0
33,1,21,1,962,26,0,40,2,1,0
28,1,21,1,3136,26,0,40,2,1,0
45,1,21,1,436,8,0,50,1,1,1
20,1,16,5,4118,29,2,9,1,1,0
58,1,19,3,379,38,0,40,1,1,1
46,3,21,1,2398,14,0,40,2,1,1
48,1,17,3,4153,38,16,40,2,1,0
41,1,21,1,2203,7,1,11,2,1,0
52,1,20,3,607,33,0,40,1,1,1
47,1,22,5,1316,40,0,40,1,1,1
41,1,16,1,4825,198,1,40,1,6,0
32,1,19,5,6571,26,0,40,1,1,1
49,1,17,1,8149,11,1,40,1,1,0
47,1,21,1,427,9,0,60,1,1,1
59,2,22,1,2176,8,1,6,2,1,0
23,1,19,5,5077,11,0,9,2,1,0
53,1,19,1,5125,35,1,40,1,1,1
23,1,21,1,2091,38,1,9,2,1,0
30,1,19,5,6173,41,13,40,2,1,0
33,1,19,1,5197,312,0,40,1,1,0
26,1,16,5,4684,41,0,33,2,1,0
35,1,23,5,2210,229,0,40,2,6,1
46,1,10,1,6165,305,0,40,1,1,0
22,1,19,5,4662,36,2,16,2,1,0
43,1,19,1,6633,8,0,40,1,1,1
32,1,19,5,5097,20,13,40,1,1,0
36,1,21,1,1488,1,0,40,1,1,0
44,1,16,1,5952,314,1,40,1,1,0
33,1,7,3,4210,25,0,40,1,1,0
63,1,16,1,4761,2,1,32,2,1,0
25,1,21,5,5773,41,2,40,2,1,0
50,1,16,1,5436,36,1,40,1,1,0
31,1,19,1,5501,47,1,40,1,1,0
49,1,19,3,233,38,0,40,1,1,1
17,1,18,5,2659,28,17,1,2,1,0
50,1,21,5,231,7,0,40,1,1,1
24,2,21,5,2081,5,2,10,2,1,0
51,1,19,1,6105,39,0,40,1,1,1
51,1,16,5,5750,38,0,40,1,1,1
54,1,16,1,7271,34,0,40,1,1,1
33,1,21,1,6296,36,0,40,2,1,0
36,1,21,1,498,27,0,40,1,1,1
54,1,16,1,111,237,0,40,1,6,1
41,1,21,1,616,26,0,40,1,1,1
36,1,21,1,3258,42,1,40,2,1,1
43,1,21,3,312,38,0,40,1,1,1
22,1,19,5,5496,23,2,40,1,1,0
54,1,21,1,3348,30,1,40,2,1,1
32,1,21,5,1198,10,13,40,1,1,1
38,1,19,5,265,39,0,40,1,1,1
32,1,21,5,878,25,0,40,1,1,1
42,1,22,1,482,17,0,40,1,1,1
38,1,20,1,3161,19,0,40,2,1,0
20,1,16,5,4593,7,16,12,2,1,0
24,1,19,5,5636,38,0,40,2,1,0
39,1,21,1,3337,34,0,40,2,1,1
45,1,20,1,3722,206,1,40,2,6,0
58,1,18,1,6277,34,1,40,1,1,0
48,1,16,3,606,5,0,40,1,1,1
25,1,16,5,5675,42,13,40,1,1,0
55,1,16,1,5630,42,0,40,2,1,0
22,3,21,5,2401,26,2,13,2,1,0
57,1,18,1,5622,32,1,40,1,1,0
26,1,21,1,2273,28,10,40,2,1,0
34,1,21,1,5124,16,0,40,1,1,0
41,1,22,1,2397,2,0,40,2,1,0
48,3,22,3,2386,30,0,40,2,1,1
47,1,16,3,5902,322,0,40,1,6,1
22,1,19,5,4694,39,12,8,2,1,0
46,1,21,1,404,40,0,40,1,1,1
17,1,11,5,4137,23,2,9,1,1,0
54,1,16,1,4996,40,0,40,2,1,0
54,1,20,3,370,33,0,40,1,1,1
30,1,16,1,4033,23,10,40,2,1,0
59,1,19,1,4479,39,0,40,2,1,0
58,1,16,1,5201,3,0,40,2,1,0
52,1,21,5,5833,328,13,40,1,6,1
43,1,21,1,3079,38,0,40,1,1,1
30,1,21,1,2130,37,0,40,2,1,1
39,1,21,1,836,4,1,40,2,6,1
59,1,16,1,4025,21,1,40,2,1,0
45,1,21,1,67,5,0,40,2,1,1
50,1,16,3,7218,17,13,40,1,1,1
21,1,19,5,1889,9,17,9,2,6,0
60,1,21,1,5098,14,0,40,2,1,0
49,1,21,1,1051,29,0,50,1,1,1
45,1,16,1,8066,49,0,40,1,1,0
28,1,19,1,5137,224,10,40,2,6,0
23,1,16,3,3695,38,0,33,2,1,0
41,1,20,1,170,6,0,40,1,1,1
36,1,21,1,971,36,1,40,1,1,1
45,1,21,1,1394,31,0,50,1,1,1
45,1,21,1,539,12,0,50,1,1,1
63,3,21,1,2504,21,1,9,2,1,0
47,1,21,1,428,5,0,50,1,1,1
26,1,21,5,2000,22,0,40,2,1,0
27,1,21,5,4624,3,0,40,1,1,0
38,1,22,1,761,212,0,40,1,6,1
51,1,21,1,4863,21,1,40,1,1,1
17,1,16,5,4569,34,2,12,2,1,0
32,1,21,5,1119,35,0,40,1,1,1
54,1,20,1,3532,17,1,40,2,1,1
49,1,16,1,5960,312,1,40,2,1,0
25,1,19,5,6588,35,17,40,1,1,0
54,1,20,3,383,6,0,40,1,1,1
36,1,19,1,4574,9,1,40,2,1,0
44,1,19,5,5248,210,0,40,2,6,1
40,1,21,1,3949,39,1,40,2,1,0
20,1,16,5,3991,6,2,8,1,1,0
36,1,21,1,1193,23,1,40,1,1,1
45,1,19,1,6053,34,1,30,2,1,0
54,1,16,1,3675,37,1,40,2,1,0
39,1,19,1,7345,41,1,40,1,1,1
22,1,16,5,4440,10,2,40,1,1,0
26,1,21,5,2466,4,0,40,2,1,0
48,1,19,1,5385,6,0,40,1,1,1
48,1,22,3,276,228,0,40,1,6,1
49,1,16,1,7646,25,1,40,1,1,1
24,1,16,1,9182,311,0,40,1,1,0
29,1,16,1,4013,8,0,11,2,1,0
39,1,21,1,1076,24,0,40,1,1,1
27,1,20,1,4599,16,1,14,2,1,0
57,1,16,1,5541,39,1,40,2,1,0
30,1,21,5,1046,224,0,40,2,6,1
57,1,19,1,6199,31,0,40,2,1,0
56,1,16,1,8798,14,1,40,1,1,1
45,1,19,1,1017,301,0,40,1,6,1
35,3,22,1,2401,35,1,13,2,1,0
40,1,21,1,5311,38,1,40,2,1,0
44,1,21,1,4923,39,0,40,1,1,1
40,1,16,1,6017,9,1,40,2,1,0
45,1,19,1,8537,3,1,40,1,1,1
20,1,16,5,4163,53,2,10,1,1,0
60,1,19,1,5578,21,0,40,2,1,1
23,1,19,5,4173,28,17,6,1,1,0
19,1,16,5,4080,34,12,31,2,1,0
61,1,19,1,5426,42,0,40,1,1,0
26,1,16,5,9804,7,10,40,1,1,0
32,3,22,5,2356,8,10,40,2,1,0
34,1,19,1,5963,35,0,40,2,1,0
75,1,21,1,418,27,0,40,1,1,1
19,1,19,5,4660,38,17,32,2,1,0
18,1,16,5,4699,30,17,7,2,1,0
45,1,21,1,3383,246,1,40,2,6,0
28,1,19,1,5602,43,0,40,2,1,0
25,1,8,5,4145,45,2,40,1,1,0
51,1,21,1,204,6,0,40,1,1,1
51,1,19,1,180,238,0,50,1,1,1
20,1,21,5,4664,2,16,14,1,6,0
21,1,16,5,5660,30,2,40,1,1,0
31,1,21,3,2250,23,0,40,2,1,0
53,1,17,1,5309,48,1,32,2,1,0
19,1,8,5,4089,24,17,16,2,1,0
39,1,21,1,2369,6,1,40,2,1,0
25,1,19,5,4799,15,13,40,2,1,0
19,1,21,5,2176,17,2,11,2,1,0
20,1,21,5,2072,39,12,40,1,1,0
66,1,18,2,6234,37,0,11,2,1,0
34,1,21,1,1242,16,0,40,1,1,0
21,1,19,5,5607,25,2,40,1,1,0
23,1,16,5,4114,212,4,14,1,6,0
60,1,21,1,2312,39,9,40,2,1,0
50,1,16,1,175,4,1,40,1,1,1
19,1,16,5,4109,1,17,40,1,1,0
52,1,16,1,440,32,1,40,1,1,1
30,2,21,5,2053,20,13,40,2,1,0
20,1,16,5,4691,10,2,12,2,1,0
30,1,19,1,6093,17,10,40,2,1,0
17,1,19,5,4663,47,2,11,2,1,0
41,1,21,1,3863,36,1,40,2,1,0
46,1,21,5,939,19,0,40,1,1,1
56,1,16,3,127,18,0,40,1,1,1
27,1,19,3,5802,40,6,34,2,1,0
54,1,20,3,5978,23,0,40,2,1,1
66,1,21,1,3382,29,0,40,2,1,0
45,1,21,1,3288,23,1,40,2,1,1
28,1,16,5,4162,33,0,31,2,1,0
54,1,22,1,439,41,1,40,1,1,1
52,3,21,1,2465,32,10,40,2,1,0
30,1,19,1,5227,42,0,10,2,1,0
59,1,19,1,3517,23,0,9,2,1,0
33,1,17,5,7460,15,0,40,1,1,0
55,1,20,1,2575,24,1,10,2,1,0
51,1,19,1,5437,20,1,40,1,1,0
32,1,21,1,1110,37,1,40,1,1,1
26,1,21,5,5488,40,0,40,1,1,0
32,1,21,5,5627,6,2,40,1,1,0
47,1,16,5,6292,10,0,40,1,1,0
23,1,16,1,4625,42,0,40,2,1,0
40,1,21,1,1528,38,0,40,1,1,1
33,1,19,1,6233,3,1,40,1,1,0
47,1,21,1,658,38,0,40,1,1,1
54,1,17,1,4262,37,9,40,2,1,0
21,1,16,5,4143,18,17,10,1,1,0
31,1,16,5,6187,40,0,40,1,1,0
43,1,21,3,3374,38,0,40,2,1,0
40,1,21,1,6381,25,1,40,2,1,0
28,1,9,5,9229,31,0,40,1,1,0
30,1,19,1,5685,55,0,40,2,1,0
59,1,16,1,2585,39,1,8,2,1,0
37,1,21,1,2952,39,1,40,2,1,0
32,1,21,1,1262,16,0,40,1,1,1
58,1,17,1,5471,40,1,40,1,1,0
28,1,19,5,6062,33,0,40,2,1,0
51,1,16,1,4318,27,1,40,2,1,0
46,1,22,1,169,35,0,40,1,1,1
30,1,16,3,4744,23,0,40,1,1,0
52,1,16,1,7882,40,1,40,1,1,1
31,1,16,1,3958,302,1,40,2,8,0
20,1,19,5,4800,34,16,7,2,1,0
31,1,19,1,4963,10,0,40,2,1,0
37,1,16,1,5250,53,1,40,1,1,0
28,1,16,1,8876,19,0,40,1,1,0
58,1,19,1,5552,35,0,40,2,1,1
61,3,21,1,2434,14,0,18,2,1,0
58,1,19,1,55,42,0,50,1,1,1
58,1,19,1,267,29,0,40,2,1,1
51,1,21,1,440,6,1,40,1,1,1
62,1,19,1,5843,38,0,40,2,1,0
31,2,21,1,1918,40,1,40,2,1,0
59,1,19,1,10,23,1,40,1,1,1
45,1,21,1,3412,39,1,40,2,1,1
36,1,21,3,1346,4,0,40,1,1,1
60,1,16,1,5345,38,0,40,2,1,0
36,1,16,5,5336,28,0,40,1,1,0
22,1,16,5,9632,23,2,40,1,1,0
34,1,22,1,1387,41,1,40,1,1,1
44,1,19,1,1105,192,1,40,1,1,1
20,1,19,5,4631,29,17,9,2,1,0
25,1,16,1,4061,310,10,40,1,1,0
33,1,19,1,7109,19,0,40,1,1,1
29,1,21,1,5134,37,0,40,2,1,0
55,1,19,1,2590,43,1,10,2,1,0
34,1,21,5,1031,7,13,40,1,1,1
50,1,16,1,9113,37,0,40,1,1,0
43,1,12,1,7085,317,1,40,1,1,0
41,1,21,1,2252,18,0,40,2,1,0
63,1,16,1,5872,6,1,15,2,1,0
49,1,16,5,6084,38,0,40,1,1,0
28,1,19,1,6167,11,0,40,1,1,0
35,1,21,1,2163,18,0,40,2,1,0
31,1,16,1,5181,38,0,9,2,1,0
36,1,21,5,1360,5,13,40,1,1,1
39,1,18,5,6085,34,0,40,1,1,1
29,1,16,3,6014,23,0,40,1,1,0
40,1,21,1,2718,34,0,40,2,1,0
37,1,22,3,1775,46,0,40,1,1,1
32,1,21,5,730,242,0,40,1,6,1
48,1,19,1,137,37,0,40,1,1,1
20,1,19,5,2360,11,16,13,2,6,0
48,1,16,1,6434,2,0,40,1,1,1
24,3,21,5,2421,39,0,40,2,1,1
43,1,21,1,352,7,0,40,1,1,1
51,1,22,3,310,8,0,40,1,1,1
50,1,21,3,3097,26,0,40,1,1,1
27,1,21,5,3563,24,13,40,2,1,0
25,1,19,5,3895,8,12,40,2,1,0
51,1,16,1,7631,38,1,40,1,1,0
39,1,18,1,8120,36,1,40,1,1,0
29,1,16,1,5820,27,1,15,2,1,0
31,1,21,5,924,37,0,40,1,1,1
19,1,17,5,4797,25,17,10,1,1,0
23,1,19,3,5229,26,0,40,2,1,0
53,1,16,1,5277,5,1,40,1,1,1
52,2,21,5,2158,4,0,40,2,6,1
29,1,19,1,5466,17,1,40,1,1,0
25,1,16,5,9442,50,2,40,1,1,0
34,1,16,5,7988,38,0,40,1,1,1
35,1,16,5,9358,4,0,40,1,1,1
23,2,21,5,2235,27,13,40,2,1,0
19,1,9,5,9271,8,2,40,1,1,0
46,1,22,5,433,26,0,40,1,1,1
49,1,16,5,7968,41,0,40,1,1,1
33,1,21,5,1234,25,0,40,1,1,1
52,1,19,1,498,40,1,50,1,1,1
32,1,19,1,2455,7,1,5,2,1,0
23,1,19,5,6000,6,2,40,1,1,0
25,1,21,1,2133,22,0,40,2,1,0
41,1,16,1,6269,39,1,40,1,1,0
28,1,21,5,2220,22,0,40,2,1,0
46,1,16,1,4267,297,1,40,2,1,0
41,1,21,5,6256,7,0,40,1,1,0
58,1,16,1,5653,18,1,40,2,1,0
35,1,9,5,7605,51,13,40,1,1,0
61,1,16,1,4660,28,0,40,2,1,0
57,1,19,3,4981,9,0,40,2,1,0
59,1,19,1,5881,14,0,40,2,1,0
37,1,22,1,3208,37,0,40,2,1,1
46,1,21,1,69,9,1,40,1,1,1
51,1,16,1,5530,33,1,40,1,1,0
19,1,14,5,3961,53,17,12,2,1,0
25,1,16,1,5759,16,1,40,2,1,0
58,1,17,1,3980,39,1,40,2,1,0
53,1,22,1,487,38,1,40,1,1,1
29,1,19,5,5569,7,0,40,2,1,0
46,1,17,5,6935,20,0,40,1,1,1
53,1,16,3,5925,11,0,40,1,1,1
22,1,14,5,4625,223,16,11,1,6,0
26,1,19,5,4983,36,17,40,1,1,0
17,1,14,5,4277,35,16,14,1,1,0
27,1,21,1,2392,21,0,40,2,1,0
28,1,16,1,3959,312,10,40,2,6,0
27,1,16,5,5136,43,0,40,2,1,0
30,1,16,5,5405,19,0,40,2,1,0
75,1,22,3,1952,14,0,40,2,1,0
43,1,21,1,2461,39,1,40,1,1,1
43,1,21,1,2425,38,1,40,2,1,1
31,1,21,5,2533,45,0,40,2,1,0
51,1,19,1,5901,16,0,40,1,1,1
52,1,16,1,7651,39,1,40,1,1,1
57,1,19,3,5837,7,0,40,2,1,0
38,1,19,1,6541,27,0,40,1,1,0
25,1,19,5,5397,33,0,40,2,1,0
42,1,21,1,1193,32,1,40,1,1,1
48,1,20,1,5581,33,1,40,2,1,0
49,1,16,3,7937,8,0,40,1,1,1
50,1,21,1,3134,2,1,40,2,1,0
28,1,16,1,5187,46,0,13,2,1,0
41,1,19,1,5311,36,1,40,1,1,0
24,1,19,5,4772,26,12,40,2,1,0
28,2,22,5,2336,14,0,40,2,1,0
50,1,16,1,6594,35,0,40,1,1,1
27,1,18,3,8843,24,0,40,1,1,0
40,1,21,3,4621,37,0,40,2,1,0
23,1,19,5,5662,10,17,12,2,1,0
53,1,18,5,5846,19,0,40,1,1,0
69,3,22,1,2375,17,0,40,2,1,1
48,1,22,1,219,40,0,40,1,1,1
19,1,11,5,4224,1,17,10,1,1,0
46,3,22,1,2514,221,1,7,2,6,0
37,1,21,1,2170,24,1,40,1,1,1
26,1,16,1,5752,19,1,7,2,1,0
47,1,19,1,5504,6,0,40,1,1,1
44,1,22,1,187,19,0,50,1,1,1
56,1,16,3,577,36,0,40,1,1,1
37,1,22,5,239,39,0,40,1,1,1
32,1,21,3,3201,36,0,40,2,1,0
23,1,19,5,5502,21,2,40,1,1,0
38,1,19,3,5152,52,0,40,1,1,0
33,1,16,1,5979,5,0,40,1,1,0
18,1,16,5,4142,39,2,11,1,1,0
39,1,19,1,7666,21,1,50,1,1,1
19,1,14,5,4163,48,2,15,1,1,0
59,1,16,1,5433,25,1,12,2,1,0
28,1,21,1,5554,6,0,40,2,1,0
39,1,16,1,9071,312,0,40,1,1,0
17,1,16,5,3970,25,2,40,1,1,0
56,1,16,1,4052,36,0,40,2,1,0
38,1,22,1,1363,8,1,40,1,1,1
35,2,21,1,1999,15,0,40,2,1,1
22,1,16,5,4331,20,13,40,1,1,0
61,1,18,1,4601,37,0,12,2,1,0
20,1,14,5,9529,19,15,40,1,1,0
31,1,19,1,4566,35,0,6,2,1,0
25,1,19,5,5838,28,17,40,1,1,0
17,1,7,5,4200,8,2,11,1,1,0
53,1,16,1,5868,18,0,40,1,1,1
32,1,21,3,1930,7,0,40,2,1,0
60,1,19,3,157,22,0,40,2,1,1
45,1,16,1,7701,38,0,40,1,1,1
27,1,16,5,6641,4,0,40,1,1,0
41,1,21,5,626,32,0,40,1,1,1
23,1,16,5,4056,50,2,40,1,1,0
61,1,16,3,5916,20,0,40,1,1,1
38,1,22,1,58,38,1,50,1,1,1
29,1,21,5,2181,23,0,40,1,1,1
37,1,21,1,1541,20,0,40,1,1,1
49,3,22,1,2472,21,0,40,2,1,1
57,1,16,3,6914,34,0,40,1,1,1
49,1,1,1,791,301,0,40,1,6,1
28,1,21,5,2648,23,0,40,2,1,0
25,1,19,5,3205,42,13,40,2,1,0
62,1,20,1,3501,29,1,40,2,1,1
33,1,18,5,5058,31,0,40,1,1,0
36,1,22,1,3248,41,0,40,1,1,1
23,1,16,3,3956,20,0,40,2,1,0
44,1,21,5,536,1,13,40,2,1,1
45,1,21,1,566,38,0,50,1,1,1
43,1,19,1,6106,34,1,40,1,1,1
31,1,20,1,2422,35,1,13,2,1,0
26,1,16,5,4109,38,16,35,2,1,0
39,1,21,1,2410,14,1,40,2,1,1
64,3,22,3,2478,7,0,40,2,1,1
20,1,16,5,3931,49,16,40,1,1,0
36,1,21,1,5156,39,1,40,2,1,0
19,1,18,5,4627,33,2,7,2,1,0
39,1,21,3,1089,37,0,40,1,1,1
29,1,21,5,1011,35,0,40,2,1,1
28,1,19,5,5704,5,0,40,2,1,0
24,1,19,5,5738,4,2,40,1,1,0
49,1,21,1,5758,38,1,40,2,1,0
25,1,19,5,6143,32,2,40,2,1,0
60,1,16,1,5069,6,0,40,2,1,1
28,1,8,5,4263,308,2,40,1,8,0
57,2,21,5,2358,36,0,40,2,1,0
42,1,19,1,5996,2,0,40,1,1,0
55,1,21,1,5739,42,0,40,2,1,0
39,1,10,1,4131,309,0,40,2,8,0
56,1,21,1,3632,23,1,40,2,1,0
31,1,21,1,2656,42,0,12,2,1,0
60,1,20,1,3767,26,0,40,2,1,1
55,1,19,1,6984,35,1,40,1,1,1
19,1,14,5,4254,7,2,9,2,1,0
77,1,21,5,3399,43,0,11,2,1,0
25,1,19,5,5472,6,2,40,2,1,0
24,1,14,5,4183,7,2,30,2,1,0
25,1,19,5,5840,12,0,40,2,1,0
42,1,21,5,1315,4,0,40,1,1,1
33,1,21,1,2511,19,1,40,1,1,0
55,1,16,1,5697,23,1,40,1,1,0
54,1,16,1,4240,323,0,40,2,6,0
22,1,14,5,4190,13,2,40,1,1,0
61,1,17,1,4166,19,0,40,2,1,0
33,2,21,1,2169,43,1,12,2,1,0
54,1,16,1,4245,27,1,9,2,1,0
18,1,16,5,4015,308,2,10,1,6,0
42,1,20,3,570,34,13,40,1,1,1
19,1,19,5,2162,3,12,11,2,1,0
41,1,21,1,3386,2,1,40,2,1,0
28,1,19,5,5937,36,0,40,1,1,0
55,1,19,1,6150,38,1,40,2,1,0
59,1,17,1,5875,28,0,40,2,1,0
22,1,21,3,2503,12,0,40,2,1,0
31,1,19,5,5363,7,0,40,1,1,0
48,1,16,5,6400,24,0,40,1,1,1
66,1,16,1,4163,35,1,9,2,1,0
75,1,19,1,3302,4,0,31,2,1,1
46,1,21,1,451,6,1,40,1,1,1
32,1,19,5,5940,38,0,40,2,1,0
31,1,16,3,4160,52,0,40,2,1,0
27,1,21,5,5048,25,0,40,1,1,0
48,1,16,1,8821,312,0,40,1,1,0
18,1,19,5,4681,1,2,11,1,6,0
20,1,16,5,4936,23,13,40,1,1,0
28,1,18,1,3995,11,1,40,2,1,0
27,1,16,5,5923,4,13,40,1,1,0
29,1,21,1,5243,8,0,40,2,1,0
33,1,21,5,1277,9,0,40,1,1,1
48,1,22,3,19,8,0,50,1,1,1
17,1,19,5,4681,54,2,10,2,1,0
30,1,16,5,5360,41,0,40,1,1,0
53,1,19,3,214,39,0,40,1,1,1
19,1,16,5,4220,30,17,9,1,1,0
31,1,19,5,5159,212,0,9,2,6,0
28,1,21,1,2799,22,1,40,2,1,0
20,1,19,5,2182,55,17,12,2,1,0
28,1,21,5,3250,37,2,12,2,1,0
28,1,16,5,4667,25,0,40,2,1,0
29,1,21,5,2092,7,0,13,2,1,0
29,1,19,5,5823,44,0,40,1,1,0
48,1,16,3,4912,310,0,40,1,1,1
32,1,21,5,6462,248,13,40,1,6,0
17,1,9,5,4303,22,2,16,1,1,0
33,1,21,5,1159,43,0,40,1,1,1
44,1,21,1,3004,7,1,40,1,6,1
56,1,16,1,2514,14,9,35,2,1,0
52,1,21,3,1102,5,0,40,1,1,1
27,1,21,5,361,21,0,40,1,1,1
29,1,21,3,2645,38,0,15,2,1,0
22,1,21,1,2163,50,0,11,2,1,0
26,3,21,5,2232,21,0,40,2,1,0
17,1,19,5,4649,10,2,11,2,1,0
47,1,21,1,5598,6,0,40,2,1,0
44,1,21,1,247,34,0,50,1,1,1
60,1,21,5,4470,7,0,40,2,1,0
23,1,19,1,5317,42,0,16,2,1,0
19,1,19,5,4684,26,2,11,2,1,0
47,1,21,1,946,44,1,40,1,1,1
47,1,16,3,5641,1,0,40,1,1,0
28,3,21,1,2282,230,0,40,2,6,1
49,3,22,1,2456,5,9,40,2,1,0
49,1,21,1,10,38,1,40,1,1,1
50,1,19,1,368,3,0,40,1,1,1
22,1,16,5,4084,208,13,40,2,6,0
42,1,16,1,5993,300,1,40,2,1,0
34,1,21,1,2945,5,0,40,2,1,1
64,1,16,3,5739,23,0,40,1,1,1
27,1,16,1,5556,37,0,40,2,1,0
28,1,16,1,6471,32,0,40,2,1,0
32,1,21,5,738,24,0,50,1,1,1
45,1,22,1,748,9,1,40,1,1,1
50,7,21,1,55,21,0,50,1,1,1
34,1,21,5,1310,40,0,40,1,1,1
40,1,21,1,1171,36,1,40,1,1,1
23,1,14,3,4092,45,2,40,1,1,0
55,1,16,1,3532,40,1,32,2,1,0
53,7,22,1,210,40,0,40,1,1,1
56,1,9,1,6002,33,1,31,2,1,0
47,1,20,1,5834,8,1,40,2,1,0
31,1,22,5,2419,7,0,40,2,6,0
46,1,16,5,4771,241,0,40,2,6,1
30,1,19,5,6012,34,13,40,2,1,0
53,1,21,1,10,8,0,40,1,1,1
52,1,16,3,9189,34,13,40,1,1,1
45,1,22,1,3316,8,1,40,2,1,1
51,1,18,5,4770,4,13,40,1,1,1
17,1,16,5,4630,31,17,9,1,1,0
18,1,14,5,4678,35,17,11,2,1,0
27,1,21,5,3049,37,13,40,2,1,0
47,1,21,3,570,4,0,40,1,1,1
34,1,21,1,3926,38,1,40,2,1,0
30,1,16,1,5805,309,0,40,1,1,0
44,1,18,5,5836,329,0,40,1,1,0
55,1,16,1,4152,28,1,40,2,1,0
45,1,22,1,533,7,0,50,1,1,1
25,1,19,5,4693,30,12,40,1,1,0
22,1,19,5,9330,4,13,40,1,1,0
41,1,21,5,757,220,0,40,1,6,1
54,1,16,1,5934,25,1,40,1,1,0
44,1,21,1,89,8,0,40,1,1,1
27,1,21,5,558,18,0,40,1,1,1
21,1,14,5,4644,27,2,6,2,1,0
19,1,8,5,3975,2,17,40,1,8,0
33,1,20,1,5919,23,0,40,1,1,1
31,1,16,1,5887,21,1,8,2,1,0
20,1,14,5,4072,9,2,13,1,1,0
38,3,22,1,2373,37,1,40,2,1,0
41,1,21,3,1093,34,0,40,1,1,1
67,1,19,1,4585,22,1,40,2,1,1
27,1,16,3,9073,18,0,40,1,1,0
51,1,16,1,4365,8,0,40,1,1,0
20,1,16,5,3900,7,2,8,1,1,0
36,1,21,1,5002,29,1,40,2,1,0
46,1,21,1,295,35,1,50,1,1,1
41,1,16,3,6850,39,0,40,1,1,0
31,1,21,3,1312,7,0,40,1,1,0
43,1,21,1,5617,41,0,40,2,1,0
58,3,21,1,2387,17,1,7,2,1,0
71,1,21,1,3334,11,0,40,2,1,1
19,1,21,5,4746,6,2,13,1,6,0
31,1,20,1,2471,35,1,15,2,1,0
22,1,19,5,4113,5,12,40,1,1,0
36,1,21,1,1256,6,0,40,1,1,1
18,1,16,5,4629,40,2,13,2,1,0
23,1,14,5,4001,7,2,40,1,1,0
53,1,16,1,5206,16,1,40,1,1,0
36,1,21,1,2240,34,1,40,1,1,1
46,1,12,1,4187,314,1,40,2,8,0
41,1,21,1,261,2,1,50,1,1,1
49,1,22,3,801,3,0,50,1,1,1
40,1,18,1,5456,45,1,40,1,1,0
57,1,16,1,6670,40,1,40,2,1,0
50,1,16,3,7683,40,0,50,1,1,1
24,1,16,1,4055,43,9,40,2,1,0
30,1,19,5,6353,51,2,40,1,1,0
26,1,19,1,5892,49,0,29,2,1,0
21,1,19,5,4743,50,2,8,2,1,0
22,1,18,5,5739,12,0,34,2,1,0
24,1,19,3,5261,37,0,40,2,1,0
55,1,22,1,367,40,0,40,1,1,1
23,1,21,5,3334,40,13,40,2,1,0
42,1,16,1,9400,53,0,40,1,1,0
21,1,14,5,4105,40,2,11,2,1,0
46,1,21,3,6106,38,0,40,1,1,1
43,1,21,3,318,34,0,40,1,1,1
52,3,22,1,2292,31,1,40,2,1,1
24,2,19,5,4684,40,17,9,2,1,0
47,1,21,1,444,7,1,40,2,1,1
32,1,21,5,1189,3,0,40,1,1,1
37,1,21,1,1016,41,1,40,1,1,0
66,1,19,1,5504,16,0,40,2,1,0
38,1,21,1,927,36,0,40,1,1,1
48,1,21,1,381,229,0,40,1,6,1
52,1,16,1,5888,26,1,40,2,1,0
46,3,21,1,2385,38,0,40,2,1,0
44,1,16,1,5480,302,1,40,1,1,0
43,1,21,1,612,10,0,40,1,1,1
32,1,21,1,3024,25,1,40,2,1,1
33,1,21,1,5630,212,1,40,1,6,0
60,1,17,1,4048,37,1,33,2,1,0
27,1,18,3,4110,40,0,40,2,1,0
42,1,21,3,5324,5,0,40,1,1,0
26,1,16,5,5623,38,13,40,2,1,0
38,1,19,3,1004,39,0,40,1,1,1
31,1,19,5,5899,37,13,40,1,1,0
29,1,8,1,9342,10,9,40,1,1,0
49,1,21,1,5357,3,0,40,2,1,0
44,1,21,1,530,35,0,40,2,1,1
49,1,16,1,7426,36,0,50,1,1,1
53,1,17,1,8162,37,0,50,1,1,1
37,1,19,1,7990,297,0,40,1,1,1
25,1,21,5,5402,43,2,40,2,1,0
49,3,21,1,2247,7,1,40,2,1,1
59,1,18,1,2512,23,1,15,2,1,0
54,1,16,1,5214,29,1,40,2,1,0
26,1,16,5,4641,41,2,3,2,1,0
29,1,22,5,1962,7,13,40,2,1,1
19,1,16,5,4655,12,2,13,2,6,0
31,1,20,1,5410,55,1,40,2,1,0
44,1,21,1,113,38,0,40,1,1,1
27,1,16,3,4017,20,0,40,2,1,0
32,1,21,1,1110,37,0,40,1,1,1
67,1,22,1,3079,8,0,40,1,1,1
25,1,19,5,3928,17,12,40,1,1,0
27,1,21,1,2693,22,1,40,2,1,0
20,1,16,5,4214,38,17,40,1,1,0
58,2,21,1,1994,17,0,40,2,1,0
22,1,10,5,4090,27,16,9,1,1,0
54,1,16,1,7896,18,1,40,1,1,0
35,1,21,1,1614,35,0,40,1,1,0
52,1,19,1,7614,191,0,40,1,6,1
28,1,19,5,5531,23,2,40,1,1,0
61,1,16,1,4180,10,1,36,2,1,0
34,1,22,3,2595,19,0,40,1,1,1
25,1,16,5,9417,7,13,40,1,1,0
24,1,19,3,6084,35,0,40,2,1,0
28,1,20,1,5309,21,1,40,2,1,0
26,1,19,5,5581,15,0,40,1,1,0
32,1,21,5,5060,17,0,40,2,1,0
25,1,19,5,4705,19,2,33,2,1,0
55,1,20,1,3409,5,1,40,2,1,0
21,1,19,5,4684,58,2,4,1,1,0
50,1,21,3,10,8,0,40,1,1,1
21,1,16,5,4988,7,2,40,1,1,0
43,1,18,1,8885,38,1,40,1,1,0
25,1,16,3,5328,37,15,40,2,1,0
46,1,21,1,3089,5,1,40,2,1,0
25,1,19,1,5921,50,10,40,1,1,0
63,1,18,1,5508,25,1,40,2,1,0
25,1,21,1,2496,41,10,40,2,1,0
49,1,21,1,3072,5,0,40,1,1,1
38,1,10,1,7602,53,0,40,1,1,0
56,1,19,1,166,22,1,40,1,1,1
56,1,16,1,585,34,0,50,1,1,1
18,1,18,5,4086,5,17,9,2,1,0
28,1,21,5,3351,35,13,40,2,1,0
19,1,19,5,4575,37,17,10,1,1,0
21,1,10,5,4320,17,17,13,1,1,0
69,1,20,1,5289,26,0,32,2,1,0
56,1,20,1,4791,16,1,40,2,1,1
68,1,18,1,5364,35,0,14,2,1,0
23,1,16,5,5708,39,2,40,1,1,0
20,2,19,5,2567,36,17,9,2,1,0
48,1,19,5,6340,12,0,40,2,1,0
28,1,19,3,5469,26,0,34,2,1,0
19,1,16,5,8945,23,2,40,1,1,0
52,1,21,3,476,30,0,40,1,1,1
47,1,22,5,3188,20,0,40,2,1,1
44,1,21,5,3067,8,0,40,2,1,1
47,1,19,3,197,218,0,40,1,1,1
55,1,19,1,254,38,0,50,1,1,1
20,1,19,3,5314,36,9,35,2,1,0
44,1,19,1,635,206,0,40,1,1,1
44,1,21,1,30,7,1,40,1,1,1
41,1,18,3,117,215,0,40,1,6,1
21,1,18,3,4082,26,10,40,2,1,0
50,1,21,1,1112,9,0,40,1,1,1
21,1,16,5,3946,15,2,30,2,1,0
38,1,17,1,6972,38,9,40,1,1,0
34,1,21,3,5249,11,0,40,1,1,0
29,2,21,5,1824,2,2,40,2,6,0
34,1,21,1,2239,38,1,13,2,1,0
39,1,21,5,579,35,0,40,1,1,1
48,1,21,1,332,201,0,40,2,1,1
50,1,21,1,181,37,1,40,1,1,1
45,1,21,1,386,47,0,40,1,1,1
57,2,21,1,2417,35,1,16,2,1,0
57,1,19,1,3642,12,0,40,2,1,0
24,1,21,5,2614,3,2,12,2,1,0
53,1,16,1,10,36,1,50,1,1,1
17,1,16,5,4041,22,2,12,1,1,0
53,1,19,5,5589,10,0,40,2,1,0
56,1,16,1,5134,1,0,40,1,1,1
31,1,22,1,2402,20,0,40,2,1,0
33,1,22,1,2575,41,0,40,1,1,0
64,1,10,1,4226,302,1,40,2,1,0
60,1,17,3,6514,37,0,40,1,1,0
50,1,19,1,334,36,0,40,1,1,1
52,1,21,1,2944,41,1,40,2,1,1
25,1,16,3,4103,9,10,32,2,1,0
21,1,19,5,5145,36,2,40,2,1,0
28,2,22,5,2103,34,2,40,2,1,0
55,1,21,1,4665,38,0,40,2,1,0
31,1,21,1,560,29,0,40,1,1,1
50,1,21,1,143,20,0,40,1,1,1
24,1,21,5,3281,42,13,40,2,1,0
35,1,21,5,1479,218,0,40,1,6,1
52,1,16,1,6711,15,0,40,1,1,1
45,1,21,1,2454,35,1,40,1,1,1
46,1,19,1,5208,37,0,40,2,1,1
41,1,19,5,6180,6,0,40,1,1,0
27,1,16,1,9218,299,10,40,1,8,0
50,1,11,5,5616,332,0,40,1,1,0
46,1,21,3,2370,13,0,40,2,1,0
58,1,17,1,4281,40,9,40,2,1,0
27,1,16,5,9452,7,0,40,1,1,0
50,1,16,1,309,9,0,40,1,1,1
26,1,19,3,5759,28,0,40,2,1,0
48,1,21,1,4874,297,1,40,1,6,1
39,1,21,1,1274,22,0,40,1,1,0
59,1,16,1,2290,17,1,11,2,1,0
42,1,22,1,354,35,0,40,2,1,1
25,1,16,5,5109,37,13,40,1,1,0
24,1,8,5,9012,7,13,40,1,1,0
29,1,22,1,2018,32,1,40,2,1,0
17,1,14,5,4126,28,2,10,1,1,0
63,1,16,1,6183,37,0,40,1,1,0
38,3,21,1,2535,38,1,40,2,1,0
19,1,19,5,4684,39,2,16,2,1,0
46,1,19,1,8294,7,0,40,1,1,1
26,1,16,5,9780,34,2,40,1,1,0
25,1,16,5,7195,47,2,40,1,1,0
59,1,16,1,8749,29,0,40,1,1,0
29,1,16,5,5536,2,0,40,1,8,0
30,1,16,5,5688,17,2,40,1,1,0
53,1,17,1,5877,42,1,40,2,1,0
22,1,12,5,4012,299,2,9,2,8,0
53,1,19,1,5713,12,0,40,1,1,0
22,1,16,5,9290,39,2,40,1,1,0
27,1,16,1,4119,300,1,11,2,1,0
51,1,21,1,556,40,1,40,1,1,1
70,1,19,1,3782,38,0,17,2,1,0
28,1,22,5,2012,39,13,40,1,1,1
59,1,19,1,6067,20,1,40,1,1,1
49,1,22,1,599,19,0,40,1,1,1
23,1,19,1,6171,16,9,40,2,1,0
52,1,21,3,10,36,13,40,1,1,1
27,1,16,1,5870,43,0,40,2,1,0
31,1,21,1,2056,33,0,40,1,1,1
28,3,22,5,2427,6,13,40,2,6,0
40,1,19,1,6169,226,1,40,1,1,1
55,1,16,1,5884,35,1,28,2,1,0
18,1,13,5,4324,7,16,12,1,1,0
35,1,21,5,1858,40,0,40,1,1,1
26,3,22,3,2280,11,0,9,2,1,0
59,1,16,1,5770,17,1,40,1,1,0
34,1,19,1,4446,6,0,40,1,1,0
49,1,16,5,5997,38,0,40,1,1,1
21,1,19,5,2439,10,16,10,1,1,0
47,1,21,1,1299,39,0,50,1,1,1
24,1,10,5,4184,313,10,40,1,8,0
41,1,21,1,6233,51,0,40,1,1,0
21,1,16,5,4122,34,17,40,2,1,0
41,1,21,1,2443,38,9,40,2,1,0
28,1,21,1,1942,17,0,40,2,1,0
42,1,21,3,1074,41,0,40,1,1,1
35,1,21,1,4190,38,0,40,2,1,0
42,1,22,1,284,40,0,40,1,1,1
32,1,21,3,4722,17,0,40,2,1,0
56,1,20,1,2465,39,1,7,2,1,0
21,1,17,5,4100,38,16,40,1,1,0
17,1,16,5,4847,49,2,8,2,1,0
32,1,21,1,5333,36,0,40,1,1,0
17,1,19,5,4601,39,17,13,2,1,0
28,1,16,3,5420,21,0,40,1,1,0
53,1,18,1,5484,44,0,40,2,1,0
48,1,21,1,2492,6,0,40,2,1,0
21,1,14,5,4181,10,2,8,2,1,0
44,1,16,1,4113,5,10,40,2,1,0
29,1,21,3,2287,42,0,11,2,1,0
28,1,18,3,4244,37,16,40,1,1,0
31,1,16,1,7862,23,0,40,1,1,0
21,1,18,5,4637,37,16,10,1,1,0
52,1,20,1,286,5,1,40,2,1,1
42,1,21,3,648,10,0,50,1,1,1
36,1,20,1,5378,40,1,40,2,1,0
60,1,16,1,7170,21,0,40,1,1,1
57,1,16,1,6093,39,1,40,2,1,0
62,1,16,3,5316,22,0,40,2,1,0
20,1,19,5,4700,7,15,7,1,1,0
49,1,21,1,279,297,0,40,1,6,1
48,1,21,1,3097,252,1,40,2,6,0
50,1,19,1,7684,23,0,40,1,1,1
19,1,21,5,2357,36,2,10,2,1,0
65,2,22,3,2161,37,0,40,2,1,0
48,1,19,1,3166,8,1,40,2,1,0
26,1,16,3,5921,13,0,33,2,1,0
26,1,19,5,6328,33,0,40,1,1,0
50,1,21,1,658,222,0,40,1,6,1
39,3,21,3,2385,18,0,40,2,1,1
30,2,21,1,2050,38,0,40,2,1,1
40,1,19,5,6049,319,0,40,1,1,0
32,1,8,3,4259,299,9,40,1,1,0
52,1,16,3,5604,26,0,40,1,1,1
43,1,16,1,7580,1,0,40,1,1,1
44,1,19,1,5750,19,0,40,1,1,0
28,1,16,1,5837,6,1,40,1,1,0
25,1,21,3,2160,35,0,40,2,1,0
22,1,19,5,4338,26,17,7,1,1,0
27,1,16,1,5427,22,0,40,2,1,0
23,1,21,5,4718,17,2,40,2,1,0
34,1,21,1,689,4,0,40,1,1,1
30,1,16,5,6890,4,0,40,1,1,0
18,1,14,5,4161,21,2,11,1,1,0
62,1,17,1,6302,31,0,40,1,1,1
19,1,14,5,4571,30,16,15,1,1,0
56,1,19,1,4800,21,0,40,2,1,0
26,1,19,1,2377,9,1,6,2,1,0
44,1,21,1,433,34,0,40,2,1,1
18,1,16,5,4693,36,5,10,2,1,0
28,1,19,5,5158,22,13,40,1,1,0
46,1,16,1,4720,217,0,40,2,1,0
46,1,16,1,5784,10,1,40,2,1,0
21,1,21,5,2151,3,2,16,2,1,0
36,1,21,1,3144,42,0,40,1,1,1
27,1,16,5,6752,309,0,40,1,8,0
32,1,17,5,9272,23,0,40,1,1,0
38,1,21,1,672,37,1,40,1,1,1
61,1,16,1,5899,24,0,40,1,1,1
19,1,16,5,4714,36,2,13,2,1,0
30,1,21,5,5090,8,13,40,1,1,1
20,1,19,5,4678,52,17,14,2,1,0
41,1,19,3,5747,9,0,40,1,1,0
21,1,16,5,9144,17,2,40,1,1,0
44,1,16,1,7738,36,0,50,1,1,1
38,1,21,1,930,36,1,50,1,1,1
62,1,21,1,1841,20,0,9,2,1,0
51,1,21,1,3147,1,1,40,2,1,1
24,1,21,5,3498,21,0,15,2,1,0
64,1,16,1,232,14,1,40,1,1,1
48,1,16,1,5147,4,1,40,2,1,0
26,1,16,5,5163,37,0,40,1,1,0
21,1,20,1,2604,44,0,11,2,1,0
56,1,16,1,53,42,1,50,1,1,1
49,1,16,1,5190,52,0,40,2,1,0
35,1,19,1,5578,8,0,40,1,1,0
18,1,16,5,4838,54,16,10,1,1,0
46,1,22,1,332,5,0,50,1,1,1
54,1,17,3,8920,37,13,40,1,1,0
28,1,16,5,9423,8,0,40,1,1,0
21,1,19,5,4720,8,2,14,2,1,0
40,1,21,3,701,10,0,40,1,1,1
30,1,21,5,5498,10,13,40,1,1,0
19,1,14,5,9364,12,2,40,1,1,0
27,1,11,1,4115,312,10,40,1,6,0
40,1,21,1,970,33,1,40,1,1,1
19,1,14,5,4286,11,16,8,1,1,0
41,1,19,1,5676,8,0,40,1,1,0
62,1,11,1,4049,36,1,9,2,1,0
29,1,21,5,2126,7,13,40,2,1,0
61,1,12,1,4321,39,1,12,2,1,0
45,1,20,3,5126,43,13,40,1,1,1
20,1,19,5,4605,44,2,12,2,1,0
26,1,21,1,2206,43,1,11,2,1,0
28,1,21,1,2548,11,10,40,2,1,0
28,1,21,1,2501,24,1,40,2,1,0
28,1,16,5,7504,9,13,40,1,1,0
52,1,17,5,8321,13,0,40,1,1,1
36,1,19,5,5340,7,0,40,2,1,1
45,1,21,1,81,41,1,49,1,1,1
49,1,21,1,6019,40,0,40,1,1,1
23,1,18,5,4151,4,17,17,2,1,0
32,1,16,3,5944,54,0,40,1,1,0
50,1,21,1,3414,46,1,40,2,1,0
30,1,19,5,3389,9,13,40,2,1,0
27,1,16,5,5398,32,16,40,1,1,0
28,1,19,5,4636,213,13,40,1,6,0
46,1,21,1,216,26,0,40,1,1,1
43,1,21,1,4765,9,0,40,2,1,0
57,1,18,5,6221,18,0,40,1,1,1
54,1,16,3,400,36,0,40,2,1,1
44,1,21,1,615,25,1,40,2,1,1
32,1,21,5,3302,21,0,40,2,1,0
28,1,13,5,3955,55,2,40,2,1,0
25,1,19,3,5806,10,0,40,2,1,0
62,1,16,1,5772,9,0,40,2,1,0
49,1,19,1,5686,7,1,40,2,1,0
56,1,16,3,7279,40,0,40,1,1,1
22,1,14,5,4323,39,15,14,1,1,0
25,1,21,1,4989,8,10,40,2,1,0
51,1,21,1,5173,35,1,40,2,1,1
20,1,18,5,4172,13,17,33,2,1,0
35,1,19,5,9348,36,0,40,1,1,0
59,1,19,3,5272,20,0,40,2,1,0
43,1,22,3,200,38,0,50,1,1,1
24,1,19,3,5706,11,10,40,1,1,0
57,1,19,1,6406,45,1,40,2,1,1
41,1,18,1,5953,5,0,40,1,1,0
20,1,19,5,4692,44,2,31,2,1,0
50,1,19,1,5436,8,1,8,2,1,0
48,1,19,1,7253,26,0,50,1,1,1
18,1,16,5,3941,4,2,9,2,1,0
65,1,16,1,6062,52,1,40,2,1,0
20,1,19,5,4592,23,2,9,1,1,0
18,1,14,5,4123,56,2,7,1,1,0
23,1,21,5,5436,5,2,40,2,1,0
56,1,19,3,5641,36,0,40,1,1,1
27,1,21,1,2053,11,0,40,2,1,0
20,1,17,5,9587,36,2,40,1,1,0
45,1,19,1,5880,311,0,40,2,1,0
25,1,19,5,6387,36,0,40,1,1,0
24,1,16,5,4133,322,13,40,2,1,0
21,2,21,5,2188,37,2,9,2,1,0
23,1,10,5,8972,311,10,40,1,6,0
53,1,16,1,5573,28,1,40,2,1,0
49,7,21,1,225,37,0,50,1,1,1
49,1,18,3,6173,11,0,40,1,1,1
27,1,19,1,5657,6,1,40,2,1,0
19,1,16,5,4599,29,16,9,1,1,0
40,1,21,1,1070,25,1,50,1,1,1
31,1,21,3,3148,37,0,40,2,1,0
56,1,20,3,181,19,0,40,1,1,1
27,1,19,5,5284,38,12,40,2,1,0
27,1,19,1,5171,310,9,40,2,1,0
50,1,19,1,5836,36,0,40,1,1,1
42,1,21,3,5759,39,0,40,2,1,0
48,1,21,3,432,34,0,40,1,1,1
33,1,16,1,6153,12,1,40,1,1,0
51,1,21,1,1298,8,0,40,1,1,1
45,1,21,1,1099,15,1,50,1,1,1
40,1,22,1,2856,38,1,40,1,1,1
53,1,16,1,576,25,0,50,1,1,1
38,1,21,1,5242,38,1,40,1,1,1
54,1,16,1,7886,37,1,40,1,1,1
53,1,16,1,6251,23,0,40,2,1,1
24,2,21,5,2259,28,2,40,2,1,0
20,1,16,5,7739,35,13,40,1,1,0
49,1,18,1,155,37,1,40,1,1,1
41,1,22,1,937,241,1,40,1,6,1
18,1,16,5,4030,20,2,40,1,1,0
45,1,21,1,216,6,0,40,1,1,1
19,1,16,5,4271,41,2,40,1,1,0
64,1,19,1,5683,37,0,40,2,1,1
21,1,16,5,4259,47,2,13,2,1,0
45,1,22,1,85,18,0,50,1,1,1
26,1,19,5,5728,7,0,40,2,1,0
66,1,19,1,2467,28,0,12,2,1,0
31,1,19,1,6095,315,10,40,1,8,0
25,1,19,5,3467,17,2,17,2,1,0
26,1,16,1,9481,25,0,40,1,1,0
25,1,19,5,5879,17,12,40,2,1,0
51,1,16,1,7782,43,0,40,1,1,1
29,1,19,5,5733,35,13,40,2,1,0
25,3,21,5,2411,6,0,40,2,1,1
54,1,16,3,6019,42,0,40,2,1,0
55,1,20,3,420,27,0,40,1,1,1
34,1,19,1,5451,18,0,40,2,1,0
20,1,14,5,4229,28,2,13,1,1,0
48,1,16,1,7969,12,1,40,1,1,1
56,1,21,1,81,19,1,50,1,1,1
28,1,9,3,9193,306,0,40,1,8,0
34,1,22,5,2460,10,0,40,2,1,1
50,1,21,3,382,6,0,40,1,1,1
25,1,19,1,4242,56,0,40,2,1,0
30,1,22,1,2610,223,1,40,2,1,0
39,1,16,1,5822,40,9,40,2,1,0
19,1,11,5,4026,51,17,4,1,1,0
21,1,21,5,3121,37,2,35,2,1,0
17,1,16,5,4132,29,2,14,1,1,0
20,1,16,5,4814,22,2,40,1,1,0
19,1,21,5,2102,27,17,40,2,1,0
23,1,21,5,2283,40,2,40,2,1,0
44,1,21,1,5677,32,1,40,1,1,1
47,1,19,1,164,9,1,40,1,1,1
26,1,16,5,9508,27,13,40,1,1,0
28,2,21,3,2193,38,0,13,2,1,0
31,1,16,1,4718,313,1,11,2,1,0
31,1,21,5,1655,228,0,40,1,6,1
29,1,19,1,5334,32,0,12,2,1,0
50,1,16,1,7376,44,1,40,1,1,1
40,1,19,1,5216,28,0,40,2,1,0
63,1,20,1,2267,35,0,35,2,1,0
22,1,21,5,5924,13,2,40,2,1,0
28,1,19,5,6134,6,13,40,2,1,0
22,1,16,3,4098,21,0,40,2,1,0
37,1,19,1,5900,40,1,40,1,1,0
60,1,19,1,4587,42,0,40,1,1,0
34,1,21,1,6121,14,0,40,1,1,0
24,1,21,5,1002,27,0,40,2,1,0
57,1,20,3,62,37,0,40,1,1,1
18,1,19,5,2426,206,16,9,2,6,0
48,1,9,1,5408,34,0,40,1,1,0
21,1,14,5,3868,36,2,8,2,1,0
39,1,19,1,6307,9,1,40,2,1,0
53,1,19,1,3711,223,0,10,2,1,0
39,1,20,5,5946,31,0,40,2,1,0
49,1,19,1,6465,32,0,40,1,1,1
48,1,21,1,1587,36,0,50,1,1,1
28,1,21,5,6659,23,0,40,1,1,0
20,1,16,5,4233,23,2,9,1,1,0
25,1,16,1,5540,5,1,32,2,1,0
41,1,22,1,3076,31,1,40,2,1,1
36,1,21,1,1028,36,0,40,1,1,1
20,1,16,5,4090,48,2,40,1,1,0
48,1,21,5,710,25,0,40,2,1,1
29,1,16,1,5746,4,1,40,2,1,0
22,1,19,5,5371,8,2,40,2,1,0
38,1,21,1,2210,5,10,40,2,1,0
48,1,12,5,6096,307,0,40,1,1,1
25,1,21,5,2600,41,0,40,2,1,0
46,1,21,1,2497,5,1,40,2,1,0
30,1,16,1,4891,48,0,16,2,1,0
31,1,21,5,3363,37,0,40,2,1,1
61,1,19,1,6168,57,0,40,1,1,0
47,1,19,5,5130,5,0,40,1,1,1
32,1,21,5,144,23,0,50,1,1,1
50,1,16,3,5606,37,0,40,1,1,1
40,1,21,1,2435,33,1,40,2,1,0
50,1,18,1,94,30,0,50,1,1,1
23,1,16,5,4275,37,2,40,2,1,0
45,1,20,1,152,29,0,50,1,1,1
41,1,21,1,2440,7,0,40,2,1,0
54,1,19,1,5571,25,0,40,2,1,0
75,2,22,1,2147,35,0,5,2,1,0
51,1,20,5,7488,28,0,40,1,1,1
48,1,19,1,4382,316,1,40,1,6,1
23,1,19,5,4644,19,17,11,2,1,0
44,1,16,3,5076,5,0,40,1,1,0
26,2,21,5,2075,39,2,40,2,1,1
31,1,16,1,9284,307,10,40,1,8,0
55,1,16,1,5145,37,0,40,2,1,0
24,1,17,5,4210,14,17,40,1,1,0
45,1,17,1,4223,39,1,40,2,1,0
54,1,16,1,7759,11,0,40,1,1,1
25,1,16,5,9147,35,2,40,1,1,0
20,1,19,5,4793,40,2,36,2,1,0
42,1,21,1,1094,40,0,40,1,1,1
60,1,16,1,5509,39,1,40,2,1,0
26,1,19,5,4783,33,0,40,1,1,0
36,1,16,1,8687,33,0,40,1,1,0
43,1,21,3,908,39,0,40,1,1,1
50,1,16,1,6251,4,0,40,1,1,1
28,1,22,5,858,6,0,40,1,6,1
59,1,16,1,3832,33,1,10,2,1,0
45,1,21,3,304,35,0,40,1,1,1
20,1,19,5,4698,3,2,10,2,1,0
22,1,19,5,6013,23,2,40,2,1,0
52,1,21,1,29,20,1,40,2,1,1
46,1,21,3,1547,9,0,50,1,1,1
47,1,16,1,6225,5,0,40,2,1,0
47,1,16,1,8216,302,1,40,1,1,1
49,1,16,1,5032,42,1,40,2,1,0
20,1,14,5,8897,22,17,40,1,1,0
28,1,21,5,5419,3,12,31,2,1,0
42,1,16,5,9233,316,0,40,1,8,0
20,1,16,5,7884,42,2,40,1,1,0
21,1,16,5,3952,13,13,40,1,1,0
38,3,21,1,2255,7,0,40,1,1,1
31,1,21,5,890,40,13,40,1,1,1
26,1,19,1,2566,49,1,12,2,1,0
59,1,16,1,8492,41,1,40,1,1,1
43,1,16,5,6519,18,13,40,2,1,0
19,1,14,5,4189,1,16,13,1,1,0
27,1,16,5,4206,324,2,40,1,1,0
20,1,16,5,6572,43,2,40,1,1,0
47,1,19,1,5477,8,0,40,2,1,0
42,1,17,1,6451,9,1,40,1,1,0
23,1,16,5,6651,21,2,40,1,1,0
50,1,21,1,322,225,0,40,1,6,1
45,1,16,1,6313,213,1,40,2,6,0
55,1,16,1,5260,37,0,36,2,1,0
27,1,21,5,949,23,0,40,1,1,1
28,1,21,3,2221,35,0,40,2,1,0
50,1,16,3,176,21,0,40,1,1,1
27,1,16,5,4915,25,0,40,2,1,0
29,1,21,5,5176,38,0,40,1,1,0
47,1,20,1,167,9,0,40,2,1,1
43,3,21,1,2327,220,0,40,2,6,1
53,1,21,3,1070,26,0,40,1,1,1
36,1,19,1,5706,31,1,40,1,1,0
51,1,19,1,5865,23,0,40,1,1,1
48,1,21,1,1449,21,0,40,1,1,1
30,1,19,3,5081,33,0,7,2,1,0
64,1,16,1,4609,42,1,14,2,1,0
24,1,19,5,4732,43,2,35,2,1,0
25,1,19,5,5629,8,0,40,1,1,0
21,1,19,5,3569,28,2,16,2,1,0
28,1,21,3,2416,5,13,29,2,1,0
21,1,19,5,4865,4,12,40,2,6,0
21,1,16,5,4065,34,2,40,1,1,0
42,1,16,1,5807,40,1,40,2,1,0
20,1,21,5,2023,5,2,40,2,1,0
25,1,16,5,4066,37,2,40,1,1,0
34,1,19,1,5943,53,10,40,2,1,0
59,1,19,1,5371,37,1,40,2,1,1
28,1,19,3,5991,39,0,40,1,1,0
26,1,19,5,5970,6,12,40,1,1,0
27,1,19,3,5695,45,0,40,1,1,0
49,1,19,1,289,6,1,40,1,1,1
58,1,16,1,624,33,1,50,1,1,1
35,1,16,1,4296,39,9,40,2,1,0
47,1,22,3,170,13,0,40,2,1,1
33,1,21,3,502,38,0,40,1,1,1
26,1,16,5,5885,38,13,40,1,1,0
58,1,20,1,2006,38,1,40,2,1,0
56,1,16,1,4221,23,1,40,2,1,0
24,1,19,5,4779,40,2,30,2,1,0
20,1,19,5,5285,11,2,40,2,1,0
21,1,16,5,9684,16,2,40,1,1,0
57,1,16,5,7378,23,0,40,1,1,1
30,1,13,1,5732,304,10,40,1,1,0
27,1,16,5,5430,35,2,40,2,1,0
51,1,19,1,4997,38,1,40,1,1,1
21,1,21,5,2519,8,2,40,1,1,0
52,1,19,1,5965,9,1,40,2,1,1
41,1,22,3,1555,37,0,40,1,1,1
63,1,21,3,356,40,0,40,2,1,1
19,1,19,5,4728,37,2,9,2,1,0
21,1,19,5,4721,51,2,6,2,1,0
47,1,16,3,7469,35,0,40,1,1,0
43,1,16,1,109,7,1,40,1,1,1
41,1,21,1,5561,5,1,40,2,1,0
19,1,19,5,2668,8,2,9,2,1,0
31,1,16,1,4174,332,1,40,2,1,0
41,1,21,1,3155,6,1,40,2,6,1
46,1,19,5,5820,23,13,40,2,1,1
43,1,21,1,83,16,1,40,1,1,1
58,1,16,1,546,44,1,50,1,1,1
58,1,16,1,3478,22,0,33,2,1,0
22,1,18,5,4742,33,17,10,2,1,0
41,1,21,1,3241,31,1,40,2,1,0
49,1,19,1,270,12,1,40,1,1,1
17,1,19,5,2606,30,2,15,2,1,0
30,1,19,1,5464,46,1,40,2,1,0
45,1,16,5,6556,209,0,40,1,6,1
30,1,19,5,5178,16,0,40,2,1,0
55,1,19,1,4507,41,0,40,1,1,0
23,1,19,5,4604,6,2,13,2,1,0
26,1,19,1,2601,54,0,40,2,1,0
43,1,21,1,932,41,0,40,1,1,1
29,1,21,5,4952,39,0,40,1,1,0
27,1,21,5,952,4,0,40,1,1,0
43,1,16,1,6297,9,1,40,1,1,1
27,1,21,5,5009,11,2,40,1,1,0
37,1,21,5,1771,38,0,40,1,1,1
63,1,19,1,5892,24,1,40,2,1,0
22,1,16,5,6257,6,2,40,1,1,0
61,1,16,1,5099,43,1,40,2,1,0
50,1,21,1,615,37,1,40,1,1,1
26,1,19,5,5394,36,0,33,2,1,0
28,1,19,5,5748,25,2,40,1,1,0
52,1,20,1,3413,7,1,11,2,1,0
49,1,21,1,3820,42,1,40,2,1,0
57,1,18,1,8924,29,0,40,1,1,0
47,1,22,1,349,38,1,40,1,1,1
46,1,21,1,1105,11,0,40,1,1,1
30,3,21,3,2317,33,0,40,2,1,0
22,1,16,5,4223,25,17,40,2,1,0
48,1,21,3,493,8,0,40,1,1,1
46,1,16,1,10,6,1,40,1,1,1
30,1,21,5,1065,37,0,40,1,1,1
37,1,17,5,9665,11,0,40,1,1,0
52,1,21,3,1010,27,13,40,1,1,1
65,1,17,5,9082,26,13,40,1,1,1
56,1,16,1,6120,35,1,40,1,1,0
67,1,21,3,257,35,0,40,2,1,1
26,1,21,5,4677,4,12,40,2,1,0
23,1,19,5,5549,15,13,40,1,1,0
53,1,18,5,7585,24,0,40,1,1,1
57,1,19,1,3350,1,0,32,2,1,0
36,1,21,1,1228,6,1,40,1,1,1
46,1,21,1,10,6,0,50,1,1,1
21,1,16,5,4250,308,2,40,1,8,0
41,1,21,1,793,232,1,61,1,6,1
30,3,22,1,2268,9,1,2,2,1,0
47,1,20,1,3206,31,1,33,2,1,0
37,1,8,1,4125,316,0,40,1,8,0
59,1,19,3,4580,25,0,40,1,1,1
23,1,8,5,4200,28,17,40,1,1,0
32,1,16,5,8179,29,13,40,1,1,0
23,1,19,3,3663,38,0,4,2,1,0
28,3,21,1,2370,38,1,40,2,1,0
27,1,21,5,3324,2,13,40,2,1,0
52,1,21,1,366,39,1,40,1,1,1
41,3,22,1,2267,6,0,40,2,1,1
24,1,21,5,2361,12,17,40,2,1,0
33,1,21,1,1306,3,0,40,1,1,0
29,1,20,1,2250,45,1,9,2,1,0
48,1,21,1,3265,209,0,40,1,6,1
66,1,16,1,4927,31,1,40,1,1,1
46,1,21,1,369,4,0,40,2,1,1
41,1,20,1,5534,37,1,40,1,1,1
25,1,18,3,4182,20,0,40,2,1,0
22,1,21,5,4362,37,13,40,2,1,0
22,1,19,5,6024,3,12,40,1,1,0
41,1,19,1,6752,18,0,40,1,1,0
55,1,20,1,3227,28,1,40,2,1,0
25,1,19,5,4933,22,2,40,2,1,0
46,1,16,1,5929,311,0,40,1,1,1
41,1,16,1,9202,305,0,40,1,1,0
29,3,21,1,2412,37,1,16,2,1,0
54,1,21,1,3451,26,1,40,2,1,1
26,1,16,5,4003,20,16,40,2,1,0
21,1,16,5,4303,8,2,15,1,1,0
21,1,19,5,4812,7,17,11,1,1,0
61,1,16,1,6101,37,0,40,2,1,0
55,1,17,1,6861,43,0,40,1,1,0
27,1,21,5,2395,35,0,40,2,1,0
54,1,19,1,5873,38,1,40,1,1,1
39,1,16,1,7207,7,1,40,1,1,1
41,1,21,1,378,4,0,40,1,1,1
19,1,14,5,4166,10,2,40,1,1,0
19,1,16,5,4182,46,2,8,1,1,0
20,1,13,5,4176,20,17,12,2,1,0
27,1,21,1,1890,42,0,12,2,1,0
18,1,19,5,4624,35,16,10,2,1,0
49,1,16,1,7733,304,0,40,1,1,1
69,2,21,1,2227,40,0,12,2,1,0
42,1,21,1,703,31,1,40,1,1,1
50,1,16,1,39,34,0,40,1,1,1
57,1,19,3,6403,40,0,40,1,1,1
31,1,21,1,2331,11,1,40,2,1,0
20,1,16,5,9373,39,15,40,1,1,0
24,1,16,5,9128,305,13,40,1,8,0
27,1,17,3,4265,39,0,40,1,1,0
40,1,19,1,5999,35,0,40,1,1,0
42,1,19,1,5962,8,1,40,1,1,1
40,1,21,1,2950,41,1,40,2,1,0
52,1,19,1,321,6,0,40,1,1,1
51,1,21,3,352,5,0,40,1,1,1
64,1,22,1,575,35,0,40,2,1,1
32,1,20,5,962,29,0,50,1,1,1
36,1,21,1,986,27,1,40,2,1,0
36,1,21,1,2142,12,0,40,1,1,1
17,1,16,5,4801,50,2,8,1,1,0
60,1,18,1,5977,4,0,40,1,1,1
20,1,21,5,1911,10,12,40,2,1,0
56,1,16,1,7714,33,0,40,1,1,1
32,1,21,1,5510,46,10,40,2,1,0
32,1,21,5,2272,39,0,40,2,1,1
24,1,16,5,4126,40,16,40,1,1,0
45,1,21,1,5040,35,0,40,2,1,0
39,1,19,1,5868,8,0,40,1,1,0
44,1,21,1,3361,212,1,40,2,1,0
51,1,17,1,7553,19,1,40,1,1,1
73,3,22,1,2503,20,0,14,2,1,0
45,1,21,1,130,24,0,50,1,1,1
36,1,19,1,449,11,1,50,1,1,1
19,1,11,5,4030,7,2,9,1,1,0
42,1,21,1,2375,24,1,40,1,1,1
41,1,21,1,3043,2,1,40,1,1,1
29,2,22,1,2120,201,0,40,2,6,0
23,1,19,5,5012,1,17,40,1,1,0
51,1,16,5,6747,38,0,40,1,1,1
22,1,16,5,4069,12,2,31,2,1,0
26,3,22,3,2325,19,0,40,2,1,0
45,1,22,3,425,224,0,40,1,6,1
59,1,16,1,6291,17,0,40,1,1,0
19,1,16,5,4249,39,2,9,1,1,0
30,1,19,1,6336,14,0,40,2,1,0
40,3,22,1,2451,38,1,40,2,1,1
23,1,19,5,4787,46,2,12,1,1,0
34,1,21,3,2224,8,10,8,2,1,0
31,1,20,1,5670,25,1,40,2,1,0
28,1,16,5,3863,7,2,40,2,1,0
47,1,21,1,312,220,1,40,2,1,1
37,1,21,3,2469,8,0,40,2,1,0
42,3,22,1,2541,211,0,40,2,6,0
39,1,19,1,7002,12,0,40,1,1,1
48,1,20,1,5553,34,1,40,2,1,1
44,3,22,1,2350,9,0,40,2,1,0
23,1,18,5,4033,8,2,40,2,1,0
29,1,21,1,2334,40,1,40,2,1,0
58,1,19,1,10,37,1,40,1,1,1
50,1,19,1,237,229,0,40,1,6,1
21,1,14,5,4061,309,17,32,2,1,0
18,1,14,5,4163,14,2,9,1,1,0
56,1,16,1,4354,29,1,40,2,1,0
43,1,21,3,3184,19,0,40,2,1,1
20,1,16,5,4320,5,2,11,1,1,0
63,1,19,3,5557,6,0,40,2,1,0
43,1,21,1,644,39,0,50,1,1,1
41,1,21,1,5105,324,1,40,1,6,0
55,1,17,5,9193,19,0,40,1,1,1
27,1,21,5,5220,34,2,40,2,1,0
57,1,16,1,7587,19,0,40,1,1,1
53,1,16,1,7289,19,0,40,1,1,0
18,1,16,5,4290,29,2,10,2,1,0
52,1,18,3,72,5,0,40,1,1,1
44,1,21,1,116,40,0,40,1,1,1
32,1,16,1,4128,309,0,40,2,1,0
43,1,21,1,550,24,0,40,1,1,1
18,1,16,5,4091,49,2,9,1,1,0
36,1,21,1,2379,12,0,40,2,1,0
52,1,21,3,438,6,0,40,1,1,1
47,1,18,1,134,37,0,40,1,1,1
57,1,16,1,6503,20,1,40,1,1,1
45,1,19,3,5106,7,0,40,2,1,1
22,1,16,5,9266,47,2,40,1,1,0
57,1,19,1,5259,42,0,40,1,1,1
27,1,19,5,5988,6,13,40,1,1,0
20,1,19,5,4767,43,17,33,2,1,0
53,1,21,1,5085,25,1,40,1,1,1
38,1,21,1,1175,34,1,40,2,1,1
68,1,21,3,3401,17,0,40,2,1,0
52,1,20,3,314,23,0,40,1,1,1
46,1,19,1,4450,39,0,40,1,1,1
20,1,21,5,2067,7,2,6,2,1,0
35,2,21,1,1910,25,1,40,2,1,0
59,1,16,1,3980,39,1,40,2,1,0
59,1,16,1,4479,40,1,40,2,1,0
58,1,19,1,6831,18,0,40,1,1,1
28,1,19,1,4989,7,9,40,2,1,0
54,1,16,1,9298,12,0,40,1,1,1
44,1,21,1,2255,35,1,40,2,1,1
48,1,22,1,380,35,1,50,1,1,1
59,1,16,1,5123,35,0,40,2,1,0
63,1,17,1,5900,22,0,40,2,1,0
48,1,16,1,7659,35,0,40,1,1,1
30,1,20,5,3627,30,13,40,2,1,1
18,1,16,5,4686,6,2,12,2,1,0
31,1,19,5,5488,15,2,40,1,1,0
62,1,18,1,5884,16,9,40,2,1,0
33,1,21,5,1024,4,0,40,1,6,1
44,1,16,1,4136,301,10,31,2,8,0
54,1,21,3,282,28,0,40,1,1,1
66,1,19,1,6047,34,0,40,2,1,0
24,1,19,5,6021,5,0,33,2,1,0
58,1,21,1,2523,37,9,18,2,1,0
78,2,22,1,2006,19,0,9,2,1,0
52,1,21,3,10,4,13,40,1,1,1
49,1,19,1,4555,8,1,40,1,1,0
48,1,22,5,241,35,0,40,1,1,1
20,1,16,5,4828,23,16,9,1,1,0
45,1,22,1,3122,212,1,40,2,6,1
30,1,19,1,5980,26,0,40,2,1,0
63,1,16,1,8982,40,0,40,1,1,1
22,1,21,5,676,2,2,40,2,6,0
46,1,22,1,538,222,0,40,2,6,1
54,1,16,1,379,19,0,40,1,1,1
62,6,18,1,3974,308,0,7,2,1,0
21,1,16,5,4668,49,2,11,2,1,0
41,1,12,1,6168,305,0,40,2,8,0
53,1,21,1,544,39,0,40,1,1,1
72,1,21,1,3295,27,1,40,2,1,0
61,2,21,1,2215,13,0,31,2,1,0
35,1,19,1,5596,26,1,40,2,1,0
49,1,21,1,475,10,1,40,1,1,1
28,1,21,5,4923,6,0,40,2,1,0
23,1,18,5,4765,37,0,40,2,1,0
54,1,16,1,6135,37,1,40,2,1,1
54,1,18,1,457,43,0,60,1,1,1
26,1,19,5,4453,242,0,40,2,6,0
22,1,21,5,6437,36,13,40,2,1,0
32,1,21,5,6181,35,0,40,2,1,0
23,1,19,5,5709,41,0,40,1,1,0
28,1,16,5,3997,40,12,40,2,1,0
23,1,16,5,6878,34,13,40,1,1,0
29,1,16,1,5744,1,1,40,2,1,0
23,1,21,5,3478,28,0,12,2,1,0
47,1,20,1,537,40,1,40,1,1,1
65,1,16,1,6138,17,0,40,1,1,1
52,1,16,1,3709,304,10,8,2,1,0
54,1,21,1,3119,42,1,40,2,1,0
46,1,21,1,832,7,0,40,1,1,1
28,1,16,1,4062,2,10,40,2,1,0
49,1,19,1,5271,213,1,40,2,6,0
61,1,16,1,5917,41,0,40,1,1,1
61,1,21,3,148,40,0,40,2,1,1
30,1,21,1,5729,24,0,40,1,1,0
23,1,19,5,4750,22,2,11,2,1,0
44,1,19,1,5060,39,0,40,1,1,1
59,1,16,3,5583,30,0,40,1,1,0
67,2,21,5,2815,21,0,40,2,1,1
37,1,21,5,1482,40,13,40,1,1,1
54,1,16,3,5595,37,0,40,1,1,1
55,1,17,3,5848,42,0,40,1,1,0
40,1,7,5,8793,309,13,40,1,1,0
53,1,16,5,4739,25,0,40,1,1,1
31,1,16,5,6049,22,0,40,2,1,0
49,1,21,5,454,6,0,40,2,1,1
20,1,16,5,4060,54,17,9,1,1,0
28,1,16,5,9437,5,0,40,1,1,0
50,1,21,1,422,28,1,40,1,1,1
32,1,21,1,1939,38,0,40,2,1,0
56,1,19,1,5554,37,1,40,2,1,0
42,1,19,1,4670,3,1,40,2,1,0
36,1,21,1,2086,231,0,40,1,1,0
39,1,20,1,5748,37,1,40,2,1,1
36,1,21,1,1157,4,1,40,1,1,1
26,1,21,5,2346,37,2,40,2,1,0
36,1,19,1,5231,13,0,40,1,1,0
41,1,19,3,5508,14,0,40,1,1,1
30,1,19,5,3730,25,12,40,2,1,0
50,1,16,1,5249,4,1,40,2,1,0
20,1,19,5,2496,33,2,7,2,1,0
52,1,20,3,493,39,0,40,1,1,1
24,1,16,3,4551,22,10,40,2,1,0
27,1,20,1,4570,13,1,40,2,1,0
30,1,22,5,988,10,0,40,1,1,1
34,1,19,5,5321,8,0,40,1,1,1
53,1,16,1,6073,33,1,40,1,1,0
48,1,21,1,145,40,1,40,1,1,1
38,1,19,3,4439,13,0,40,1,1,0
23,1,21,1,5469,5,10,40,1,1,0
44,1,21,3,861,41,0,40,1,1,1
59,1,19,1,5378,40,1,40,2,1,0
21,1,14,5,4614,46,2,10,2,1,0
43,1,21,3,399,11,13,40,1,1,1
19,1,16,5,4617,6,2,7,2,1,0
25,1,21,5,2221,41,2,14,2,1,0
50,1,21,1,192,21,0,50,1,1,1
30,1,21,1,2202,23,1,40,2,1,0
53,1,16,1,6264,25,1,40,1,1,0
39,1,21,1,1078,35,0,40,1,1,1
57,1,19,1,5001,40,1,40,2,1,1
56,1,16,1,5959,27,1,40,1,1,0
28,1,21,1,1962,22,0,40,1,1,0
25,1,19,5,5494,42,2,40,1,1,0
33,1,21,5,1071,8,13,40,1,1,1
21,1,19,5,4653,3,2,14,1,1,0
62,1,18,3,6471,17,0,40,1,1,1
42,1,19,1,5437,33,1,40,1,1,0
27,1,16,5,4259,28,2,40,2,1,0
17,1,19,5,2683,28,2,14,1,1,0
44,1,17,3,7988,14,0,40,1,1,0
66,1,21,1,525,16,0,40,2,1,1
30,1,14,1,4008,39,0,40,2,1,0
44,1,19,3,7817,326,0,40,1,1,1
25,1,17,5,4104,36,0,34,2,1,0
22,1,16,5,4111,53,12,40,1,1,0
35,1,16,1,7182,5,0,40,1,1,0
39,1,21,1,6004,28,0,40,1,1,0
52,1,16,1,178,8,1,40,1,1,1
58,1,12,1,3957,294,1,8,2,1,0
26,1,19,5,4453,9,0,33,2,1,0
50,1,16,1,5822,34,0,40,1,1,0
45,1,16,1,5646,7,1,40,2,1,0
57,6,21,5,4261,39,0,40,2,1,0
43,1,21,1,309,26,1,40,1,1,1
42,1,21,3,997,34,0,40,1,1,1
63,1,16,1,9247,45,0,40,1,1,1
66,2,20,1,2147,25,9,29,2,1,0
19,1,19,5,4764,25,2,14,2,1,0
32,1,22,1,2116,15,0,40,1,1,1
28,1,16,3,4018,27,10,40,2,1,0
51,1,21,1,606,10,1,40,1,1,1
21,1,19,5,4765,5,17,8,1,6,0
22,1,16,5,4063,44,2,40,2,1,0
63,1,18,3,4742,21,0,40,2,1,0
27,1,22,5,923,45,0,40,2,1,1
43,1,21,1,370,211,0,40,2,6,1
24,1,16,5,5972,37,13,40,1,1,0
39,1,21,1,5511,40,1,40,2,1,0
50,1,16,1,5894,309,0,31,2,1,0
39,2,21,1,2300,6,1,40,2,1,0
18,1,14,5,4299,32,2,13,1,1,0
40,1,19,1,105,229,0,40,1,6,1
21,1,16,5,4117,8,2,40,2,1,0
56,1,19,1,6534,43,0,40,1,1,0
20,1,6,5,4067,8,16,16,1,1,0
56,1,16,1,5776,23,1,40,1,1,0
48,1,19,1,6408,6,0,40,1,1,1
30,1,21,1,904,33,0,40,2,1,0
28,1,21,5,5073,233,11,40,2,6,0
18,1,14,5,4228,23,2,7,1,1,0
69,6,19,1,1861,41,0,9,2,1,0
41,1,19,1,6019,38,1,40,2,1,0
50,2,21,1,1741,55,0,18,2,1,0
59,1,16,1,4032,38,9,40,2,1,0
55,1,19,1,334,15,1,40,1,1,1
30,1,21,1,2634,18,1,40,2,1,0
63,1,16,1,4764,33,0,35,2,1,0
38,1,19,1,8264,39,1,50,1,1,1
35,1,21,1,2592,37,10,14,2,1,0
30,1,19,1,6234,48,0,40,1,1,0
31,1,21,1,2157,221,1,40,2,6,0
35,1,22,1,803,39,0,40,1,1,1
58,1,21,1,268,19,0,40,1,1,1
29,1,21,5,1124,37,0,40,1,1,0
27,1,16,5,9705,41,12,40,1,1,0
54,1,19,1,4783,44,0,40,1,1,1
33,1,21,1,2169,34,1,9,2,1,0
52,1,19,1,6154,39,0,40,1,1,0
26,1,16,1,6288,308,1,40,1,1,0
36,1,21,1,825,39,1,40,1,1,1
27,1,16,5,5791,22,0,34,2,1,0
29,1,21,5,3323,15,0,40,2,1,1
49,1,22,1,10,5,0,40,1,1,1
51,1,19,1,5944,23,1,40,1,1,1
45,1,22,1,1070,5,0,50,1,1,1
62,3,22,1,2551,41,0,40,2,1,0
22,1,16,1,4250,32,10,40,2,1,0
54,1,16,1,3954,22,0,40,2,1,0
33,1,21,1,2341,9,0,40,2,1,0
57,1,21,1,2539,42,1,40,2,1,0
43,1,19,1,5293,6,0,40,2,1,0
35,1,22,1,2679,16,1,40,2,1,0
35,1,16,3,7944,9,13,40,1,1,1
48,1,16,3,9389,6,0,40,1,1,1
40,1,22,1,2276,2,0,40,2,1,1
30,1,21,1,2505,39,1,40,2,1,0
50,1,18,1,5513,8,0,40,2,1,0
52,1,21,1,3759,38,1,40,2,1,1
51,1,21,1,10,33,1,50,1,1,1
33,1,19,1,5367,23,0,40,1,1,0
46,1,16,1,6517,307,1,40,1,1,0
62,1,17,1,6451,38,1,40,1,1,0
21,1,8,5,9264,12,2,40,1,1,0
17,1,14,5,4150,5,2,13,1,1,0
52,1,16,1,7700,40,1,40,1,1,1
26,1,16,5,6427,5,13,40,1,1,0
50,1,21,1,99,11,1,40,1,1,1
24,1,21,1,2285,38,1,10,2,1,0
30,1,21,3,1891,44,0,40,2,1,0
80,2,23,3,2009,37,0,15,2,1,0
59,1,16,1,6082,11,1,40,2,1,0
44,1,21,1,1443,12,0,50,1,1,1
29,1,21,5,368,39,13,40,2,1,1
35,1,17,5,9487,27,0,40,1,1,0
52,1,20,3,670,36,0,50,1,1,1
27,1,21,1,3211,38,1,40,2,1,0
29,1,16,3,9608,321,0,40,1,1,0
48,1,1,1,4134,289,10,29,2,1,0
38,1,21,1,876,37,1,40,1,1,1
28,1,16,5,6285,22,0,40,2,1,0
28,1,16,3,4069,35,0,40,2,1,0
35,3,21,1,2528,23,1,40,1,1,1
52,1,19,1,6037,6,0,40,1,1,0
48,1,22,1,3014,8,0,40,1,1,1
56,1,16,1,9217,25,0,40,1,1,1
28,1,17,5,9246,38,0,40,1,1,0
20,1,16,5,4218,37,2,40,2,1,0
30,1,21,5,5347,11,13,40,2,1,0
65,1,16,1,480,24,0,40,1,1,1
41,1,19,1,5378,35,1,6,2,1,0
44,3,21,1,2521,35,1,11,2,1,0
44,1,21,1,323,40,1,40,1,1,1
54,1,19,1,5352,26,0,40,1,1,1
54,1,16,1,8843,26,1,40,1,1,1
27,1,19,1,5624,49,0,40,2,1,0
59,1,16,5,4678,19,13,40,2,1,0
32,1,21,5,3156,17,0,40,2,1,1
36,1,21,5,1142,37,13,40,1,1,1
66,3,21,1,2483,39,0,16,2,1,0
61,1,19,3,5215,35,0,40,2,1,1
25,1,10,5,9731,301,13,40,1,8,0
60,1,18,1,5322,19,1,40,2,1,0
44,1,21,5,120,5,0,40,2,1,1
47,1,19,1,33,5,0,40,1,1,1
49,1,22,1,1366,42,0,50,1,1,1
25,1,19,3,3743,35,0,40,2,1,0
39,1,21,3,10,222,0,40,1,1,1
17,1,16,5,4183,40,17,10,1,1,0
57,1,16,1,554,11,1,50,1,1,1
46,1,22,1,489,212,0,40,1,6,1
44,1,21,1,3164,237,1,40,2,1,0
27,1,21,5,912,15,0,40,1,1,1
53,1,16,1,5554,40,0,40,1,1,1
35,1,21,1,2549,22,0,40,1,1,0
27,1,21,5,5219,24,12,40,2,1,0
38,1,21,1,815,1,1,40,1,1,1
17,1,19,5,4826,38,2,9,2,1,0
22,1,16,5,4634,12,2,11,2,6,0
20,1,9,5,4182,215,2,8,1,6,0
53,1,18,1,5479,36,0,40,2,1,0
52,1,16,1,7079,37,1,40,1,1,1
44,1,22,1,1182,32,1,40,1,1,1
29,1,21,1,3306,37,0,40,2,1,0
19,1,19,5,4685,28,17,6,1,1,0
19,1,14,5,4147,8,2,9,2,6,0
57,1,17,3,5692,39,13,40,2,1,1
64,1,16,1,4494,39,1,40,1,1,0
49,1,16,1,4096,317,1,9,2,1,0
31,1,19,5,5377,21,13,40,1,1,1
26,1,20,1,5333,34,1,40,2,1,0
42,1,22,1,1022,32,1,40,1,1,1
26,1,19,5,5307,17,17,40,1,1,0
31,1,16,3,5288,18,0,40,2,1,0
46,1,21,1,197,36,0,40,2,1,1
45,1,21,1,1107,35,1,50,1,1,1
59,1,17,1,4126,17,1,30,2,1,0
49,1,20,3,7992,43,0,50,1,1,1
39,1,16,1,4855,38,0,40,1,1,0
48,1,22,1,276,14,0,50,1,1,1
40,1,21,1,208,36,0,40,1,1,1
63,1,17,1,8943,44,0,40,1,1,1
18,1,19,5,4590,6,16,12,1,1,0
28,1,16,1,4009,38,9,40,2,1,0
27,1,16,3,4009,7,2,40,1,1,0
54,1,16,1,4116,35,9,40,2,1,0
20,1,11,5,4129,312,2,40,1,6,0
30,1,18,5,5832,35,0,40,1,1,0
48,1,21,3,2943,41,0,50,1,1,1
37,3,21,1,2316,216,1,40,2,6,0
29,1,16,5,4244,8,13,40,1,1,0
26,1,19,3,3858,27,0,3,2,1,0
31,1,16,1,5809,49,0,40,2,1,0
29,1,21,1,2995,10,0,40,2,1,0
29,1,20,1,2100,13,1,10,2,1,0
59,1,16,5,6197,28,0,40,1,1,1
20,1,16,5,4797,13,17,11,2,1,0
30,1,21,1,5211,12,0,40,2,1,0
55,1,16,1,126,31,1,40,1,1,1
30,1,19,1,6186,9,1,40,2,1,0
60,1,16,1,5119,41,0,40,2,1,0
24,1,16,5,5522,8,2,40,1,1,0
47,1,16,3,5782,318,13,40,1,1,0
26,1,18,5,5521,8,13,40,2,1,0
35,1,21,5,3544,39,13,40,2,1,1
62,1,16,3,5765,35,0,40,1,1,1
26,1,19,5,5236,17,13,40,1,1,0
20,1,19,5,4681,11,2,8,2,1,0
55,1,18,1,6095,41,0,40,1,1,1
39,1,18,1,4904,8,1,40,2,1,0
30,1,21,1,2637,36,1,40,2,1,1
38,1,21,1,3035,19,1,40,1,1,1
55,1,16,1,167,26,1,40,1,1,1
32,1,21,1,999,219,1,40,1,6,0
22,1,16,5,4016,10,2,40,1,1,0
24,1,19,3,3809,44,0,11,2,1,0
23,1,19,5,4683,5,2,9,2,1,0
21,1,16,5,3912,6,17,14,2,1,0
22,1,19,1,4087,230,0,40,2,8,0
21,1,19,5,4797,38,2,13,2,1,0
22,1,21,5,2303,11,2,30,2,1,0
38,1,19,1,6829,39,0,40,1,1,0
21,1,19,5,4178,52,17,40,1,1,0
56,1,16,1,5423,27,1,40,2,1,0
23,1,19,5,3121,23,2,29,2,1,0
50,1,22,1,439,15,0,40,1,1,1
40,6,21,1,4260,7,0,40,1,1,0
31,1,19,1,5139,46,1,40,2,1,0
19,1,19,5,4698,4,17,10,1,1,0
23,1,19,3,5011,27,16,40,1,1,0
46,1,21,1,5513,1,1,40,1,1,0
52,1,10,1,4054,290,9,40,2,8,0
46,1,21,5,3548,8,0,40,2,1,0
29,1,21,5,937,4,0,40,1,6,1
21,1,19,5,4572,34,2,10,2,1,0
55,1,16,1,6474,16,0,40,1,1,0
20,1,16,5,4337,6,2,9,1,1,0
56,1,16,1,5685,27,0,40,2,1,0
60,1,16,1,4558,37,1,40,2,1,0
58,1,16,1,148,27,0,40,1,1,1
45,1,21,3,4693,37,0,40,1,1,1
19,1,19,5,4809,20,2,14,1,1,0
42,1,16,5,7751,308,0,40,1,8,1
42,1,21,1,532,5,0,40,1,1,1
24,1,21,3,2020,25,0,7,2,1,0
60,1,16,1,5127,47,1,40,2,1,0
24,1,19,5,6083,5,2,40,2,1,0
28,1,19,5,3935,8,0,11,2,1,0
41,1,21,1,1352,38,0,40,2,1,1
52,1,16,1,7419,20,0,50,1,1,1
17,1,16,5,4184,318,2,11,2,6,0
19,1,21,5,2038,9,2,11,1,6,0
31,1,19,1,5229,21,1,40,1,1,0
42,1,16,1,8080,15,0,40,1,1,0
27,1,19,5,4778,35,13,40,2,1,0
21,1,19,5,6216,36,0,40,2,1,0
50,1,22,1,3317,36,1,40,2,1,1
19,1,19,5,4147,49,17,9,1,1,0
41,1,21,1,619,18,0,40,1,1,1
22,1,10,3,4149,15,0,40,2,1,0
28,1,16,1,6260,300,0,40,1,1,0
32,1,21,5,1144,20,0,40,1,1,1
59,1,18,1,4253,39,1,10,2,1,0
31,1,21,1,1153,21,0,40,2,1,0
53,1,19,1,552,41,1,40,1,1,1
22,1,16,5,3972,39,12,40,1,1,0
27,1,19,3,5467,26,0,33,2,1,0
50,1,19,1,183,3,1,40,1,1,1
31,1,21,5,1543,31,0,40,1,1,1
56,1,18,1,6035,36,1,40,1,1,0
45,1,19,1,249,38,0,40,2,1,1
51,1,19,3,5620,41,0,40,1,1,1
27,1,21,5,2214,15,2,40,2,1,0
56,1,16,3,5734,23,0,40,2,1,0
19,1,16,5,4131,23,2,36,2,1,0
49,1,21,1,516,44,0,40,1,1,1
26,1,19,5,5575,22,2,40,1,1,0
28,1,21,1,3192,41,1,40,2,1,0
55,1,19,1,5124,28,0,40,2,1,0
49,1,21,3,233,39,0,40,1,1,1
20,1,19,5,4759,3,17,17,2,1,0
42,1,22,1,675,7,0,50,1,1,1
50,1,21,1,212,19,0,50,1,1,1
26,1,19,5,4230,52,2,40,2,1,0
40,1,19,1,5348,15,0,40,1,1,0
58,1,18,1,5120,22,0,40,1,1,1
17,1,14,5,2643,9,17,12,2,6,0
27,1,16,5,6255,37,0,40,2,1,0
33,1,21,5,354,23,0,40,2,1,1
39,1,19,5,5951,39,0,40,1,1,1
46,1,21,1,283,25,1,50,1,1,1
41,1,21,5,1478,7,0,40,1,1,1
19,1,16,5,4144,24,17,14,2,1,0
45,1,17,1,4163,35,1,14,2,1,0
62,1,16,1,5485,20,1,40,2,1,0
29,1,16,3,8856,40,16,40,1,1,0
30,3,21,1,2298,23,0,40,2,1,0
26,1,19,1,5493,30,0,9,2,1,0
22,1,19,5,5664,9,2,7,2,1,0
19,1,19,5,2277,20,17,7,2,1,0
40,1,22,1,553,40,1,40,1,1,1
51,1,19,1,6213,25,0,40,1,1,1
36,1,21,1,1299,26,0,40,1,1,1
64,1,16,1,5396,34,0,31,2,1,0
22,1,19,5,4695,21,17,33,2,1,0
53,1,16,1,4132,45,0,11,2,1,0
31,1,21,5,1682,7,0,40,1,1,1
34,1,19,1,5173,5,0,33,2,1,0
31,1,21,1,5035,7,1,40,2,1,0
49,1,21,1,303,37,1,40,2,1,1
52,1,20,3,711,27,0,50,1,1,1
38,1,21,1,3250,211,1,40,2,6,0
40,1,18,1,4600,40,0,40,1,1,0
30,1,17,3,4051,38,0,40,2,1,0
37,1,21,1,896,27,1,50,1,1,1
20,1,21,5,2168,38,2,9,1,1,0
56,1,19,3,5664,43,0,40,1,1,1
27,1,16,3,5302,9,0,40,2,1,0
47,1,21,1,3264,33,0,40,2,1,1
34,1,21,1,2219,12,0,40,2,1,1
58,1,19,1,5570,18,1,40,2,1,0
38,1,16,1,9654,11,0,40,1,1,0
27,1,20,1,2513,36,1,12,2,1,0
26,1,16,5,9711,12,2,40,1,1,0
43,1,16,3,7872,5,0,40,1,1,1
30,1,21,5,2243,40,0,40,2,1,0
24,1,16,5,4160,7,2,40,2,1,0
37,1,22,5,1626,224,0,40,1,6,1
60,1,21,1,3252,15,1,40,2,1,1
39,1,17,5,6358,36,0,40,1,1,0
22,1,16,5,3956,9,5,40,1,1,0
19,1,19,5,2265,11,2,17,2,1,0
52,1,16,3,6159,18,0,40,1,1,1
30,1,19,5,6360,37,13,40,1,1,0
31,1,21,5,1071,43,0,40,2,1,1
39,3,22,1,2437,42,1,11,2,1,0
34,1,21,3,2326,45,0,35,2,1,0
21,1,19,5,4712,50,17,10,1,1,0
21,1,16,5,4086,7,17,8,2,1,0
26,1,19,5,5143,36,0,40,2,1,0
42,1,22,1,3074,36,1,40,2,1,1
41,1,19,1,4517,39,0,40,1,1,0
53,1,19,1,5655,16,0,40,1,1,1
20,1,19,5,4689,7,16,7,1,6,0
20,1,16,5,9726,47,17,40,1,1,0
28,1,21,5,4687,29,0,40,1,1,1
40,3,21,1,2248,39,0,40,2,1,1
49,1,19,1,6318,242,1,40,1,6,0
19,1,19,5,1893,7,2,10,2,1,0
44,1,21,1,1460,22,0,40,1,1,1
35,1,21,5,1409,34,0,40,1,1,1
42,3,21,1,2646,22,1,40,1,1,1
60,1,21,1,2420,28,0,40,2,1,1
51,1,22,1,115,40,0,50,1,1,1
19,1,19,5,2645,11,2,8,1,1,0
42,1,19,1,6112,8,0,40,2,1,0
23,1,16,5,5567,330,0,40,1,6,0
49,1,19,1,5652,9,0,14,2,1,0
43,1,16,1,7971,297,1,40,1,1,1
30,1,19,1,5121,10,0,11,2,1,0
22,1,19,5,4706,27,2,10,2,1,0
25,1,21,5,5619,35,0,40,2,1,0
30,1,19,1,5693,36,0,12,2,1,0
32,1,16,1,5656,40,1,40,2,1,0
35,1,21,5,652,9,0,40,1,1,1
44,1,20,1,3300,38,1,31,2,1,0
41,1,20,3,166,24,13,40,1,1,1
30,1,16,1,9067,28,1,40,1,1,0
48,1,16,1,5298,4,0,40,2,1,0
57,1,16,1,6230,36,1,40,1,1,1
49,1,19,3,4870,42,0,40,1,1,1
24,1,18,5,5898,10,2,40,2,1,0
54,1,18,5,5628,19,0,40,1,1,1
45,1,16,5,5058,9,0,40,1,1,1
25,1,19,5,4884,7,2,40,2,1,0
30,1,21,5,5308,39,2,6,2,1,0
46,1,21,1,10,19,1,50,1,1,1
34,4,21,1,2185,209,1,40,2,6,0
21,1,19,5,4767,49,2,10,1,1,0
36,1,21,1,2428,7,1,40,2,1,0
49,1,22,3,332,40,0,40,1,1,1
31,1,19,1,5848,14,0,40,1,1,0
52,1,9,1,6505,308,0,40,2,8,0
47,1,19,3,5558,7,0,40,1,1,1
39,1,21,1,3069,16,0,40,2,1,0
51,1,16,1,4020,6,0,40,2,1,0
59,1,16,1,5162,7,0,40,2,1,1
64,2,22,1,2117,29,0,40,2,1,0
48,1,22,5,1029,16,0,40,1,1,1
45,1,21,3,938,23,0,50,1,1,1
49,1,16,1,241,41,1,40,1,1,1
18,1,16,5,4602,39,16,15,2,1,0
29,1,21,1,3676,22,0,40,2,1,0
61,1,22,1,3298,35,0,40,2,1,1
23,1,19,1,5214,3,0,40,2,1,0
43,1,16,1,6225,304,0,40,1,8,0
48,1,19,1,8634,12,1,40,1,1,1
84,6,22,1,2604,11,0,12,2,1,0
29,1,16,5,5549,8,0,40,2,1,0
44,1,20,1,3079,2,1,40,2,1,1
25,1,14,5,4079,22,17,40,1,1,0
20,1,19,5,4758,3,2,12,2,1,0
50,1,22,3,3204,28,0,40,2,1,1
26,1,16,5,5678,29,2,40,2,1,0
31,1,16,1,3965,302,0,40,2,1,0
49,1,20,1,3320,25,1,40,2,1,0
29,1,21,1,2001,238,9,40,2,6,0
19,1,16,5,4135,12,2,14,1,1,0
27,1,19,5,5076,21,2,40,1,1,0
23,1,21,5,2566,9,12,40,1,1,0
55,1,16,5,5020,38,0,40,1,1,1
62,1,16,1,134,36,0,40,1,1,1
23,1,17,5,4095,7,13,40,1,1,0
45,1,19,1,2521,226,1,14,2,6,0
25,1,19,5,4883,7,13,31,2,1,0
52,1,20,1,4909,27,1,40,1,1,1
19,1,21,5,2025,39,17,5,2,1,0
46,1,21,1,704,11,0,40,1,1,1
29,1,19,5,7260,26,2,40,1,1,0
65,1,21,3,219,23,0,40,1,1,1
20,1,16,5,4620,34,2,11,2,1,0
27,1,19,5,5062,22,0,40,1,1,0
31,1,16,1,4125,37,1,12,2,1,0
57,1,16,1,267,26,1,40,2,1,1
46,1,16,1,7282,19,1,40,1,1,1
52,1,16,1,7964,37,0,50,1,1,1
27,1,16,1,5218,14,0,32,2,1,0
47,1,21,5,729,8,0,40,1,1,1
50,1,18,5,9357,39,0,40,1,1,0
60,1,16,1,7583,12,0,50,1,1,1
46,1,19,5,6477,41,0,40,1,1,1
30,1,21,5,1158,14,0,40,1,1,1
39,1,21,1,3145,7,1,40,1,1,1
43,1,21,1,818,4,0,40,1,1,1
62,1,21,1,3204,43,0,40,2,1,0
28,1,18,5,5334,9,13,40,1,1,0
52,1,16,1,192,9,0,40,1,1,1
42,1,21,3,1367,41,0,40,1,1,1
23,1,21,5,2275,11,13,15,2,1,0
27,1,19,5,5851,42,13,40,2,1,0
20,1,16,5,4644,39,2,12,2,1,0
56,1,16,1,5275,17,1,40,2,1,0
36,1,21,1,3142,22,0,40,2,1,0
30,1,21,1,2149,8,1,11,2,1,0
49,1,21,1,349,23,1,50,1,1,1
23,1,13,5,9464,28,17,40,1,1,0
36,1,21,1,2160,36,0,40,1,1,1
37,1,21,1,960,215,1,40,1,6,1
32,1,21,5,1036,14,0,40,1,1,1
60,1,20,5,433,28,0,40,1,1,1
47,1,19,1,5738,7,1,40,1,1,1
25,1,16,5,5461,27,13,40,2,1,0
52,1,21,1,3415,228,0,40,2,1,0
43,1,19,1,4989,11,0,40,1,1,0
37,1,22,1,897,225,0,40,1,6,1
20,1,19,5,1796,7,2,8,2,6,0
48,1,19,1,7623,15,0,50,1,1,1
52,1,22,5,2778,38,0,40,1,1,1
42,1,21,1,2619,33,0,9,2,1,0
28,1,16,1,4026,23,0,10,2,1,0
58,1,16,1,5439,18,1,40,2,1,0
28,1,16,5,4040,306,2,40,1,8,0
44,1,21,1,303,37,1,40,1,1,1
28,1,16,5,4576,38,0,40,1,1,0
40,1,19,1,4209,6,1,4,2,1,0
56,1,20,1,4910,37,1,40,2,1,1
64,1,19,1,5692,31,1,11,2,1,0
61,1,16,1,5959,42,1,40,2,1,0
43,1,16,1,5968,35,1,40,1,1,0
44,1,16,3,7790,300,0,40,1,6,1
61,1,20,1,5262,22,1,15,2,1,0
34,1,21,1,6058,37,0,40,2,1,0
43,1,22,5,989,39,0,40,1,1,1
26,3,21,1,2380,41,1,15,2,1,0
25,1,16,5,6689,20,0,40,1,1,0
66,1,16,1,5534,26,0,40,2,1,1
44,1,19,1,607,40,0,50,1,1,1
45,1,11,1,6132,304,0,40,1,6,1
34,1,19,1,5571,9,1,40,1,1,0
27,1,16,5,5572,13,13,40,2,1,0
48,1,20,1,3411,6,0,33,2,1,0
46,1,21,1,2281,9,1,40,2,1,0
21,1,16,5,4126,231,2,29,2,6,0
50,1,16,3,7067,38,0,40,1,1,1
19,1,16,5,4063,23,2,34,2,1,0
37,3,21,1,2373,37,1,40,1,1,1
54,1,16,3,5593,37,0,40,1,1,1
30,1,21,1,3173,17,1,40,2,1,0
38,1,21,1,3171,38,0,40,2,1,0
18,1,16,5,4072,34,2,6,2,1,0
28,1,13,1,4057,8,10,40,2,1,0
18,1,19,5,4611,221,2,11,2,6,0
23,1,16,5,5031,40,2,40,1,1,0
60,1,16,5,6298,31,0,40,2,1,1
54,1,16,3,7177,36,0,40,1,1,1
46,1,21,1,2397,37,1,40,2,1,0
25,1,19,5,5625,1,2,40,1,8,0
51,1,21,1,1803,318,1,13,2,6,0
36,3,22,1,2313,32,0,16,2,1,0
28,1,21,5,2275,40,13,40,2,1,0
19,1,16,5,4299,27,17,4,1,1,0
48,1,16,1,4692,9,0,40,1,1,0
22,1,19,5,2589,39,16,14,2,1,0
46,1,21,1,1122,4,1,50,1,1,1
35,1,16,5,6348,23,0,40,1,1,0
53,1,16,1,6190,15,0,40,1,1,1
65,1,16,1,6246,30,1,9,2,1,0
39,1,19,1,5639,26,0,40,2,1,0
43,1,10,1,3953,305,0,40,2,8,0
28,1,21,5,2386,34,12,40,2,1,0
55,1,16,1,9296,23,1,40,1,1,0
31,1,21,5,3218,9,0,40,2,6,0
45,1,21,5,882,7,0,50,1,1,1
46,1,19,1,5725,8,0,40,1,1,1
56,1,21,5,613,225,0,40,1,6,1
18,1,16,5,4254,20,2,8,1,1,0
41,1,19,1,5009,6,0,40,1,1,0
49,1,16,3,5781,40,0,40,1,1,1
19,1,14,5,9137,49,16,40,1,1,0
56,1,16,5,5685,35,0,40,2,1,0
44,1,22,3,55,37,0,40,1,1,1
59,1,16,1,5335,21,1,40,2,1,0
55,1,16,1,4028,39,0,40,2,1,0
60,2,22,3,1960,35,0,40,2,1,0
39,1,21,1,719,206,1,40,1,6,1
48,1,19,1,5537,2,1,40,2,1,1
23,1,21,5,3245,23,0,40,2,1,0
44,1,16,1,7833,299,1,40,1,1,1
45,1,16,1,5922,321,1,40,2,6,0
55,2,22,1,2161,4,0,31,2,1,0
23,1,16,5,6505,31,0,40,1,1,0
55,1,16,3,452,6,0,40,1,1,1
42,1,19,1,666,6,1,40,1,1,1
24,1,19,1,6098,36,10,40,2,1,0
40,3,21,1,2267,41,1,40,2,1,0
55,1,18,3,7301,13,0,40,1,1,1
23,2,21,1,2023,38,0,11,2,1,0
30,1,19,3,4539,10,0,40,1,1,0
48,1,21,3,300,24,0,40,1,1,1
21,1,19,5,4781,39,2,3,1,1,0
26,1,16,3,5228,43,0,40,2,1,0
26,1,18,1,8955,20,0,40,1,1,0
69,1,21,1,3311,19,0,40,2,1,1
55,1,16,1,9092,34,1,40,1,1,1
51,1,16,1,7453,5,1,40,1,1,1
19,1,18,5,4239,41,16,9,1,1,0
18,1,16,5,4142,54,17,11,1,1,0
22,1,19,5,5551,11,0,40,2,1,0
31,1,19,5,5516,20,13,40,2,1,0
58,1,16,3,5805,39,0,40,1,1,0
53,1,16,1,6188,6,0,40,1,1,1
30,2,22,5,2065,39,13,40,2,1,1
36,1,21,1,5551,21,1,40,2,1,0
29,1,21,1,2076,52,1,7,2,1,0
26,1,21,5,1928,2,0,40,1,6,1
44,1,21,1,240,11,0,40,1,1,1
29,1,16,1,4510,5,0,40,2,1,0
28,1,21,5,989,208,13,40,1,6,0
28,1,21,5,5188,8,2,40,1,1,0
26,2,23,5,2130,5,0,19,2,1,0
43,1,16,1,5447,303,0,40,1,1,0
36,3,21,1,2527,39,0,7,2,1,0
34,1,21,1,1213,22,0,40,1,1,0
57,1,16,3,205,22,0,40,1,1,1
48,1,21,1,402,207,0,40,1,1,1
24,1,19,5,5548,16,13,40,2,1,0
55,1,16,5,5631,40,0,40,2,1,1
59,1,19,1,5807,37,1,40,1,1,1
22,2,21,5,1869,5,2,9,2,1,0
50,1,22,3,1120,7,0,40,1,1,1
25,1,11,3,4095,5,10,40,1,1,0
28,1,19,1,4112,53,1,8,2,1,0
28,1,19,5,6530,39,13,40,1,1,0
64,1,19,1,3367,41,0,33,2,1,0
49,1,19,5,4732,6,0,40,1,1,1
46,1,22,1,1261,11,0,40,1,1,1
34,1,21,1,557,14,0,40,1,1,1
45,1,21,5,931,42,0,40,1,1,1
21,1,16,5,4107,22,17,11,2,1,0
63,1,16,1,3191,15,1,36,2,1,0
60,1,18,1,4201,27,1,40,2,1,0
35,1,21,1,5803,9,10,40,2,1,0
54,1,16,1,6007,18,0,40,1,1,1
26,1,19,3,4920,21,0,8,2,1,0
33,1,21,5,401,38,13,40,1,1,1
23,1,19,5,5020,312,2,40,1,1,0
56,1,20,1,5522,26,1,40,2,1,0
28,1,16,1,4173,49,1,12,2,1,0
46,1,22,1,3144,3,1,40,2,1,1
27,1,12,1,5701,320,0,40,1,1,0
21,1,16,5,9311,26,2,40,1,1,0
24,2,21,5,3246,25,13,40,2,1,0
27,1,19,5,5990,34,13,40,2,1,0
21,1,19,5,4801,9,17,11,2,1,0
61,1,19,1,5738,36,0,35,2,1,0
65,1,19,3,5287,40,0,40,2,1,0
33,1,21,1,5585,41,0,40,1,1,0
26,1,21,5,3407,39,0,40,2,1,0
20,1,14,5,4265,24,2,13,1,1,0
45,1,22,1,42,11,1,40,1,1,1
32,1,21,1,1223,27,0,40,1,1,1
27,1,16,5,5776,40,2,40,1,1,0
31,1,21,3,892,20,0,40,1,1,0
21,1,19,5,2551,39,2,10,2,1,0
41,1,19,1,8320,4,1,50,1,1,1
48,1,21,3,491,4,0,40,2,1,1
61,1,16,3,5249,17,0,40,2,1,0
49,1,20,1,3203,52,1,40,2,1,0
47,1,21,1,10,3,1,40,1,1,1
47,1,18,1,5337,306,1,40,1,6,0
60,1,16,1,5387,40,1,40,2,1,0
57,1,20,1,2732,40,9,40,2,1,0
52,1,17,3,8150,21,0,50,1,1,1
44,1,21,1,3735,252,1,40,2,6,0
46,1,19,1,5724,219,0,40,2,6,0
41,1,21,1,1035,17,1,50,1,1,1
48,1,16,1,6522,11,1,40,1,1,0
26,1,19,3,5213,22,0,40,2,1,0
31,1,21,1,3256,9,0,40,2,1,1
28,1,16,1,4193,45,0,40,1,1,0
45,1,21,1,927,31,0,40,1,1,1
51,1,16,1,5996,39,0,40,1,1,1
46,1,21,1,997,14,0,40,1,1,1
42,1,21,1,6205,35,0,40,1,1,1
30,1,18,1,6233,49,0,40,1,1,0
19,1,16,5,4114,13,17,10,1,1,0
57,1,16,3,34,33,0,40,1,1,1
38,1,21,3,3813,9,0,40,2,1,0
43,1,22,1,254,32,0,50,1,1,1
53,1,21,3,286,36,0,40,1,1,1
27,1,21,5,5593,36,2,40,1,1,0
54,1,19,1,3660,1,0,36,2,1,0
37,1,18,5,9295,39,0,40,1,1,0
47,1,19,1,5209,6,0,40,2,1,0
33,1,19,5,5987,17,13,40,2,1,0
61,1,16,3,4160,29,9,40,2,1,0
50,1,21,1,666,36,0,40,1,1,1
21,1,16,5,9582,24,2,40,1,1,0
21,1,16,5,3940,3,2,11,2,1,0
61,1,16,1,5885,39,0,40,1,1,1
28,1,21,5,718,25,0,40,2,1,1
20,1,19,5,4660,14,2,10,1,1,0
40,1,21,1,236,6,0,40,1,1,1
50,1,16,1,5006,7,1,40,2,1,0
44,1,21,3,519,232,0,40,1,1,1
22,1,19,3,3810,41,0,10,2,1,0
38,1,21,1,282,23,1,40,2,1,1
59,3,21,1,2382,36,0,40,2,1,0
32,1,19,1,5521,229,1,11,2,6,0
54,1,21,1,1465,40,0,40,1,1,1
46,1,16,5,5888,7,0,40,1,1,0
32,1,19,5,1140,17,0,40,1,1,1
50,1,19,1,335,38,1,50,1,1,1
67,1,20,1,5479,39,1,40,2,1,1
57,1,16,1,5855,42,1,40,2,1,0
30,1,19,1,6076,5,1,40,2,1,0
51,1,19,1,7613,21,1,40,1,1,1
39,1,18,5,4765,10,0,40,1,1,0
26,1,17,5,5908,37,0,40,1,1,0
34,1,16,5,7235,311,0,40,1,1,1
26,1,10,5,3978,226,0,40,2,8,0
22,1,19,5,5514,7,12,40,1,1,0
50,1,10,1,4138,316,1,40,2,1,0
46,1,16,1,4197,316,0,40,1,1,0
28,1,19,1,5287,25,0,40,2,1,0
35,1,19,1,4732,37,0,40,1,1,0
43,4,22,1,2378,38,0,40,1,1,1
60,1,20,1,5154,41,0,40,2,1,1
39,1,9,1,9435,310,0,40,1,1,0
25,1,21,1,2160,39,0,12,2,1,0
48,1,16,1,7849,38,1,50,1,1,1
48,1,21,1,253,8,0,40,1,1,1
25,1,19,1,3853,41,0,40,2,1,0
51,1,16,1,8140,211,0,40,1,6,1
51,1,21,1,909,39,0,40,2,1,1
55,1,16,1,5617,4,0,40,1,1,0
44,1,18,1,5188,7,1,40,1,1,0
54,1,16,3,4983,10,0,40,1,1,1
46,1,17,5,7857,16,0,40,1,1,1
51,1,16,1,84,38,1,50,1,1,1
26,1,21,1,2219,5,1,40,2,1,0
20,1,16,5,4650,24,2,40,2,1,0
30,1,21,5,280,23,0,40,1,1,1
30,1,21,1,1297,38,0,40,1,1,0
24,1,16,5,4713,21,2,32,2,1,0
64,2,21,1,3101,20,0,10,2,1,0
41,1,21,1,366,41,0,50,1,1,1
27,1,21,5,5044,206,13,40,1,6,0
37,1,21,1,788,24,0,40,1,1,1
42,1,18,1,4425,6,0,40,1,1,0
43,1,16,1,8083,10,0,40,1,1,1
26,1,21,5,5417,28,0,40,2,1,0
45,1,19,1,5581,2,0,40,1,1,0
59,1,20,1,4840,21,1,40,2,1,1
67,1,21,1,3300,18,0,40,2,1,0
42,1,19,1,4662,36,1,40,2,1,0
34,1,21,1,574,39,1,40,1,1,1
52,1,16,1,8120,40,0,40,1,1,1
72,2,21,3,1944,23,0,40,1,1,1
28,1,20,5,7826,39,0,40,1,1,1
46,1,21,3,546,36,0,50,1,1,1
36,1,19,1,5359,41,0,40,1,1,0
64,1,16,1,7376,14,1,50,1,1,1
22,1,16,5,4001,35,2,40,1,1,0
40,1,16,5,6157,314,13,40,1,1,0
18,1,21,5,2620,24,2,6,2,1,0
25,1,21,5,5418,37,13,40,1,1,0
30,1,21,5,2627,24,0,40,1,1,0
27,1,16,5,4043,28,13,40,2,1,0
21,1,19,5,4808,35,17,40,1,1,0
44,1,22,1,2487,40,0,40,1,1,1
44,3,22,1,2610,20,1,40,2,1,0
29,1,16,5,7703,36,0,40,1,1,1
25,1,19,5,5573,38,0,40,2,1,0
25,1,19,1,4207,53,0,40,2,1,0
50,1,16,5,6058,35,0,40,1,1,0
45,1,22,1,336,38,0,50,1,1,1
21,1,16,5,4260,12,2,6,1,6,0
58,1,16,3,66,6,13,40,1,1,1
22,3,21,3,2435,40,0,14,2,1,0
55,3,22,5,2481,36,0,40,2,1,1
52,1,17,1,7244,38,0,50,1,1,1
18,1,14,5,4181,16,17,11,1,1,0
59,1,16,1,4711,42,1,40,2,1,0
27,1,19,5,5870,37,13,40,1,1,0
24,1,21,5,2412,32,2,10,2,1,0
20,1,16,5,4083,37,2,6,2,1,0
60,1,19,1,400,24,0,40,1,1,1
32,1,21,1,2977,22,1,40,1,1,1
27,1,19,5,5387,40,2,40,2,1,0
52,1,16,1,326,4,1,40,1,1,1
44,1,19,1,7252,43,1,40,1,1,1
34,1,21,1,2365,34,0,40,2,1,0
33,1,21,5,960,12,0,40,1,1,1
29,1,16,1,6622,9,0,40,1,1,0
57,1,16,1,358,28,0,51,1,1,1
17,1,18,5,4833,27,17,8,2,1,0
39,1,21,1,3060,27,1,40,1,1,1
33,1,16,1,4042,301,1,40,2,8,0
27,1,16,5,5805,6,13,40,1,1,0
54,1,16,1,4069,37,0,13,2,1,0
29,1,19,5,4612,1,0,40,1,1,1
21,1,19,5,5534,4,13,40,2,1,0
24,1,16,5,3961,10,17,40,2,1,0
26,1,21,3,1399,19,0,40,1,1,0
24,1,19,5,5393,25,2,40,2,1,0
25,1,16,5,4346,36,2,40,1,1,0
23,1,19,5,5601,36,12,40,2,1,0
55,1,18,1,3651,4,1,40,2,1,1
37,1,18,1,6817,43,1,40,1,1,0
52,1,20,1,6003,44,1,40,2,1,0
21,1,19,5,4751,15,17,8,1,1,0
27,1,19,1,4220,10,0,40,2,1,0
33,1,16,5,7384,37,0,40,1,1,1
79,2,21,3,3307,25,0,9,2,1,0
19,2,21,5,2411,31,2,9,2,1,0
24,1,16,5,6116,37,13,40,2,1,0
44,1,19,1,9115,51,0,40,1,1,0
28,1,20,1,5206,5,1,40,2,1,0
54,1,18,1,6135,15,0,40,1,1,0
24,1,16,3,4209,7,10,40,2,1,0
33,1,21,1,332,2,1,40,1,1,1
42,1,21,1,577,32,0,40,1,1,1
53,3,22,1,2376,216,0,40,2,6,1
28,1,16,5,5633,7,0,40,2,1,0
53,1,22,5,692,313,0,40,1,6,1
44,1,21,1,153,194,0,40,1,6,1
51,1,18,1,6134,41,1,40,1,1,1
38,1,21,1,3022,14,1,40,2,1,1
35,1,21,1,2306,8,1,40,1,1,1
20,1,16,5,4599,17,16,17,1,1,0
19,1,19,5,1990,7,17,5,2,1,0
28,1,16,5,5853,22,12,40,1,1,0
24,2,21,5,2254,41,0,40,2,1,0
23,1,21,3,2653,37,9,40,2,1,0
44,1,16,1,6566,1,1,40,2,1,0
56,1,17,1,5608,36,0,40,1,1,0
24,1,16,5,4129,7,0,40,1,1,0
61,1,19,1,5297,17,0,30,2,1,0
28,3,21,5,2522,36,0,40,2,1,1
32,1,19,1,5194,46,0,40,2,1,0
45,1,21,1,382,2,1,40,1,1,1
38,1,21,1,808,21,0,40,1,1,1
28,1,16,1,4039,303,1,40,1,6,0
43,1,12,1,6223,298,0,40,1,8,0
27,1,19,5,6032,24,13,40,1,1,0
60,1,20,1,3387,10,1,7,2,1,0
53,1,16,1,5667,39,1,40,2,1,0
35,1,21,1,601,207,1,40,1,6,1
41,1,21,1,3047,233,1,40,2,1,0
29,1,21,5,2215,25,0,40,1,1,1
29,3,21,1,2426,35,1,40,2,1,0
28,1,19,1,5261,9,1,8,2,1,0
43,1,22,1,370,204,0,40,1,6,1
63,1,21,1,3265,36,0,40,2,1,1
28,1,19,5,4639,6,13,40,1,1,0
28,1,19,5,5712,35,13,40,2,1,0
48,1,20,1,5311,35,1,40,2,1,0
30,1,16,1,5247,4,1,14,2,1,0
67,3,21,1,2549,38,0,17,2,1,0
47,1,22,1,1059,12,0,40,1,1,1
32,1,19,5,5622,25,0,40,1,1,0
49,1,19,1,24,38,0,50,1,1,1
44,1,19,1,5003,8,0,40,1,1,0
39,1,16,1,4038,311,0,40,2,6,0
24,1,19,5,5557,15,2,40,1,1,0
52,1,16,1,4993,31,0,40,1,1,0
41,1,21,1,317,3,1,40,2,1,1
51,1,19,1,128,39,1,40,1,1,1
40,1,21,1,788,9,0,40,1,1,1
29,1,19,1,5652,49,0,14,2,1,0
28,1,21,5,5563,7,0,40,1,1,0
44,1,9,1,6194,318,1,40,1,8,0
52,1,19,1,71,7,0,50,1,1,1
42,1,21,1,1329,221,0,40,1,6,1
48,1,16,1,5463,5,1,40,2,1,0
43,1,21,3,5786,6,13,40,1,1,1
28,2,22,1,2178,37,0,8,2,1,0
29,1,16,5,4213,298,10,40,2,8,0
46,1,20,1,2400,34,1,7,2,1,0
29,1,16,1,3982,302,0,40,2,1,0
21,1,16,5,9517,9,10,40,1,1,0
57,1,16,1,5132,24,1,40,1,1,0
18,1,14,5,4265,16,2,13,1,1,0
61,1,16,3,380,22,0,40,2,1,1
18,1,16,5,4286,11,17,6,1,6,0
22,1,19,5,2498,4,17,40,2,1,0
24,1,22,5,2000,39,17,40,1,1,0
46,1,22,5,10,34,0,40,1,1,1
34,1,22,1,2232,233,1,40,2,6,1
57,1,16,1,5308,29,1,40,2,1,0
53,1,19,5,5209,233,0,40,2,6,0
58,1,19,1,5223,27,0,40,2,1,0
20,1,19,5,4729,27,17,12,2,1,0
37,1,16,1,6628,5,0,40,1,1,0
55,1,21,1,5618,26,0,40,2,1,0
39,1,21,5,3304,9,0,40,2,1,1
30,1,19,1,5132,38,1,40,2,1,0
28,1,16,5,8742,35,13,40,1,1,0
47,1,21,1,230,39,0,50,1,1,1
53,1,16,3,5068,5,0,40,1,1,1
24,1,16,3,5865,25,0,40,2,1,0
32,1,21,1,5766,7,1,40,2,1,0
29,1,19,1,5872,41,15,40,1,1,0
44,3,21,1,2475,21,1,40,1,1,1
32,1,19,1,5835,36,1,40,2,1,0
23,1,19,1,6118,27,0,40,2,1,0
43,1,16,5,5917,8,0,40,2,1,0
58,1,16,1,5268,35,1,40,2,1,1
22,1,13,5,9545,40,16,40,1,1,0
48,1,16,3,5919,8,0,40,1,1,1
36,1,21,1,3282,221,0,40,2,6,0
24,1,16,3,4080,19,9,40,2,1,0
39,1,21,1,690,35,0,40,1,1,1
39,1,19,1,6101,38,1,40,2,1,0
19,1,19,5,4727,8,17,8,2,1,0
30,3,21,1,2312,32,1,40,2,1,0
39,1,21,1,5603,8,0,40,2,1,1
28,2,21,1,2174,27,0,40,2,1,0
32,1,19,1,5290,52,0,40,1,1,0
26,1,21,5,2613,6,2,40,1,1,0
47,1,22,1,3271,11,0,40,2,1,1
24,1,16,5,3995,37,2,40,1,1,0
34,1,21,1,2076,15,1,40,2,1,1
47,1,19,1,463,25,1,50,1,1,1
46,1,21,1,248,35,0,40,1,1,1
54,1,21,1,3274,40,1,40,2,1,1
48,1,21,1,2531,33,0,40,2,1,1
24,1,19,1,2489,312,1,40,2,1,0
37,1,21,1,1048,6,1,40,1,1,1
47,1,19,1,172,35,1,40,1,1,1
48,1,16,3,4955,11,0,40,2,1,0
43,1,19,1,5880,8,1,40,1,1,0
52,1,16,1,341,6,1,40,1,1,1
19,1,16,5,4736,39,2,8,2,1,0
50,1,19,5,5223,39,0,40,1,1,1
32,2,21,1,1973,22,1,40,2,1,0
50,1,22,5,1343,13,0,40,1,1,1
49,1,19,1,5532,40,0,40,2,1,1
19,1,19,5,4631,38,2,11,2,1,0
53,1,16,3,7287,39,0,50,1,1,1
51,1,19,3,5362,36,0,40,1,1,1
25,1,18,5,9038,9,17,40,1,1,0
38,1,21,1,6000,3,0,40,2,1,0
65,2,22,5,2039,38,13,32,2,1,0
52,1,22,1,525,14,1,40,1,1,1
26,1,17,5,4358,40,16,40,1,1,0
43,1,21,1,3395,37,0,40,2,1,1
63,1,19,3,4833,14,0,40,2,1,0
25,1,21,5,2477,19,0,40,2,1,0
17,1,14,5,4613,48,17,11,2,1,0
46,1,21,1,193,35,0,50,1,1,1
19,1,16,5,4090,50,17,33,1,1,0
28,1,16,1,6192,12,0,11,2,1,0
25,1,21,5,2845,24,0,40,2,1,0
41,1,16,1,8524,34,1,40,1,1,0
47,1,19,1,5003,10,1,40,1,1,0
29,1,10,5,3996,302,2,40,2,1,0
53,1,16,1,323,26,1,50,1,1,1
45,1,19,1,6164,200,0,40,2,6,0
45,1,18,1,5545,315,1,40,2,1,0
24,1,16,5,4149,27,2,40,1,1,0
27,1,21,5,1224,41,13,40,1,1,0
39,1,21,1,838,7,1,40,1,1,1
41,1,21,1,2531,14,1,40,2,1,0
33,1,19,5,4564,1,13,40,1,1,1
32,1,21,1,1351,38,1,40,1,1,1
59,1,17,3,5828,26,0,40,2,1,0
18,2,21,5,2383,29,2,8,2,1,0
51,1,16,5,4944,29,0,40,1,1,1
52,1,19,1,3723,19,1,40,2,1,0
28,1,18,1,4064,38,0,40,2,1,0
65,1,18,1,6227,24,0,32,2,1,0
26,1,16,5,4168,9,7,32,2,1,0
49,1,19,1,6477,14,0,40,1,1,1
28,1,19,5,4364,19,0,40,1,1,0
56,1,16,1,5693,34,1,40,1,1,0
38,1,21,1,5013,20,0,40,1,1,1
24,1,22,5,2597,2,0,40,1,1,0
56,1,16,1,6408,38,1,40,1,1,1
35,1,16,5,9612,317,0,40,1,8,0
30,1,21,5,2467,18,2,40,2,1,0
49,1,21,5,529,10,0,40,1,1,1
45,3,21,1,2465,35,0,40,1,1,1
56,1,16,1,7803,17,0,40,1,1,1
28,1,21,5,727,19,0,40,1,1,1
35,1,21,5,827,7,0,40,1,1,1
21,1,16,5,5915,5,2,40,1,1,0
36,1,21,1,5881,34,0,40,2,1,0
45,1,21,3,299,35,0,40,1,1,1
49,1,10,1,8528,308,1,40,2,1,0
26,1,11,3,4148,2,0,40,2,1,0
22,1,9,5,4110,24,16,9,1,1,0
54,1,16,1,3933,48,1,33,2,1,0
25,1,16,1,9414,29,0,40,1,1,0
21,1,19,5,5997,16,13,40,1,1,0
23,1,16,5,4166,32,17,11,1,1,0
27,1,19,5,3552,41,2,11,2,1,0
23,1,21,5,2301,45,2,4,2,1,0
48,1,16,1,7819,18,0,50,1,1,1
69,2,21,1,2578,42,1,14,2,1,0
26,1,16,5,6026,32,13,40,2,1,0
44,1,21,1,1406,197,0,40,1,6,1
26,1,19,5,5046,38,0,40,1,1,0
36,1,21,5,961,28,0,40,1,1,1
42,1,16,1,4078,302,1,40,2,8,0
48,1,10,1,4076,303,1,13,2,1,0
22,1,14,5,3875,304,2,40,1,6,0
31,1,21,5,2832,8,0,40,2,1,1
20,1,16,5,4723,28,17,9,1,1,0
60,1,19,3,4967,13,0,40,2,1,0
38,1,19,5,6892,9,0,40,1,1,1
20,1,19,5,2410,28,2,8,2,1,0
41,1,16,1,7722,30,0,40,1,1,0
20,1,17,5,4231,17,17,40,1,1,0
28,1,19,5,3730,28,2,40,2,1,0
33,1,19,1,5587,14,1,40,1,1,0
21,1,16,5,4656,12,17,8,2,1,0
63,1,16,1,4362,13,0,11,2,1,0
35,1,21,1,2101,26,1,40,2,1,0
27,1,19,5,3459,40,2,12,2,1,0
29,1,16,5,8709,36,2,40,1,1,0
26,2,19,5,3573,4,13,12,2,1,0
45,1,21,3,78,8,0,40,1,1,1
61,1,16,3,6109,34,0,40,2,1,0
50,1,16,1,7222,14,0,50,1,1,1
41,1,21,1,6672,33,0,40,1,1,1
20,1,16,5,4597,33,2,40,1,1,0
40,1,22,1,2216,39,0,40,2,1,1
27,2,22,3,2210,12,0,12,2,1,0
59,1,19,3,4862,39,0,40,2,1,1
31,1,21,1,2658,37,0,40,2,1,0
18,1,19,5,4473,6,2,8,2,1,0
26,1,21,1,2124,23,1,40,2,1,0
41,1,21,1,948,23,0,40,1,1,1
50,1,19,5,6417,10,0,40,2,1,0
51,1,20,5,366,36,0,40,1,1,1
37,1,19,1,4613,39,1,40,1,1,0
27,3,21,3,2534,1,10,8,2,1,0
58,1,19,1,5320,41,0,40,2,1,1
55,1,17,1,10,37,0,50,1,1,1
37,1,21,1,5497,31,0,40,2,1,0
26,1,21,5,2432,39,12,40,2,1,0
31,1,16,1,6071,5,10,40,2,1,0
43,1,22,1,1363,24,0,40,1,1,1
58,1,20,1,2963,4,0,10,2,1,0
41,1,22,1,1557,38,0,40,1,1,1
66,1,16,1,4211,19,10,31,2,1,0
23,1,21,5,2412,7,2,40,2,1,0
48,1,19,1,7865,38,1,40,1,1,1
32,1,21,5,1893,218,10,40,1,6,1
63,1,18,1,3596,14,0,11,2,1,0
45,1,17,3,7367,37,0,40,1,1,1
22,1,21,5,2365,8,13,40,2,1,0
49,1,16,1,485,14,0,50,1,1,1
25,1,21,5,2279,41,2,40,1,1,0
31,1,21,1,6090,24,0,40,1,1,0
25,1,16,5,9273,40,13,40,1,1,0
26,1,16,3,4246,36,0,13,2,1,0
23,1,16,5,9660,300,13,40,1,8,0
23,2,23,5,1915,27,17,16,2,1,0
62,1,19,1,3547,41,0,32,2,1,0
44,1,21,1,1004,210,0,40,1,6,1
41,1,19,1,5823,37,0,40,1,1,1
63,3,21,1,2232,16,0,40,2,1,0
43,1,21,1,580,6,0,40,1,1,1
25,1,16,1,9558,38,10,40,1,1,0
46,1,21,1,393,38,0,40,1,1,1
24,1,16,1,4180,302,9,40,2,1,0
40,1,21,1,5099,2,0,40,2,1,0
60,1,19,3,172,39,0,40,1,1,1
51,1,9,1,4141,303,0,40,2,1,0
23,1,19,5,6544,40,2,40,1,1,0
24,1,16,5,4149,10,2,40,2,1,0
38,1,19,1,984,41,0,40,1,1,1
41,1,21,1,1084,10,0,40,1,1,1
29,1,16,3,5928,21,0,40,1,1,0
31,3,21,1,2292,23,1,15,2,1,0
32,1,22,5,3106,9,0,40,2,1,1
22,1,21,5,3514,27,13,40,2,1,0
28,1,16,5,5968,38,2,40,2,1,0
45,1,21,1,21,7,1,40,1,1,1
36,1,21,1,3747,21,0,40,2,1,0
31,1,16,5,9720,311,0,40,1,8,0
43,1,20,1,2373,3,0,12,2,1,0
25,1,12,1,4117,305,10,40,2,6,0
57,1,17,5,6404,13,0,40,1,1,1
70,2,21,1,2295,37,1,17,2,1,0
63,3,22,1,2328,38,1,5,2,1,0
47,1,16,1,5513,2,1,40,2,1,0
19,1,16,5,4113,35,2,16,2,1,0
57,1,16,1,5674,35,1,40,1,1,0
54,1,16,1,6346,1,0,40,1,1,1
53,1,16,1,7586,25,0,40,1,1,1
57,1,16,1,443,35,0,50,1,1,1
34,1,21,1,2257,23,1,40,2,1,1
19,1,9,5,4006,7,17,1,1,1,0
26,1,21,5,6266,4,0,40,1,1,0
67,1,16,3,5879,38,0,40,2,1,0
51,1,16,1,5265,8,0,40,1,1,1
42,3,21,3,2137,36,0,40,2,1,1
28,1,19,5,5806,39,2,40,1,1,0
50,1,20,1,103,15,0,40,1,1,1
63,1,16,1,4805,39,1,40,2,1,0
24,1,18,1,9062,24,9,40,1,1,0
35,1,21,1,1338,41,1,40,2,1,0
26,1,21,5,3424,38,0,40,2,1,1
36,1,20,1,3403,36,1,40,2,1,0
41,1,21,1,2364,6,1,40,2,1,0
47,1,19,1,371,10,1,40,1,1,1
27,1,19,5,5580,37,0,40,1,1,0
39,1,16,1,7089,42,0,40,1,1,0
20,1,19,5,2655,12,17,12,1,1,0
17,1,19,5,2245,50,15,11,1,1,0
52,1,16,1,6164,3,1,40,1,1,1
51,1,21,3,345,26,0,50,1,1,1
38,1,19,3,5679,10,0,40,1,1,0
54,1,16,1,6187,30,0,40,1,1,0
53,1,20,1,10,15,1,50,1,1,1
35,1,21,1,2686,7,1,7,2,1,0
39,1,9,1,6282,301,0,40,1,1,0
51,1,16,3,6271,38,0,40,1,1,0
24,1,19,5,4696,9,2,9,2,1,0
31,1,21,1,5035,24,0,7,2,1,0
52,1,21,1,1144,27,0,40,1,1,1
58,1,22,1,3131,9,0,40,2,1,1
50,1,16,1,171,13,0,40,1,1,1
35,1,21,5,71,38,0,40,1,1,1
23,1,19,5,6049,38,13,40,1,1,0
34,1,17,3,4094,51,10,40,1,1,0
30,1,21,5,1639,7,0,40,2,1,0
30,1,19,5,4953,10,0,40,1,1,0
31,1,19,1,5118,11,0,9,2,1,0
43,1,16,1,5861,6,1,40,1,1,0
26,1,19,5,3691,41,0,15,2,1,0
20,1,18,5,4663,38,2,13,1,1,0
52,1,18,1,6140,7,0,40,1,1,1
29,1,21,5,2846,27,13,40,2,1,0
44,1,19,5,5859,38,13,40,2,1,0
33,1,19,5,5540,38,0,40,1,1,1
55,1,19,5,8819,27,13,40,1,1,1
26,1,16,1,6251,26,0,40,1,1,0
31,1,19,3,5265,40,0,40,2,1,0
22,1,16,5,9830,17,13,40,1,1,0
26,1,19,5,3590,30,0,40,2,1,0
73,3,21,1,2154,19,1,11,2,1,0
61,1,21,1,2865,20,1,40,1,1,1
40,1,21,1,2301,7,1,40,2,1,1
23,1,19,5,5553,4,0,40,2,1,0
39,3,21,1,2551,28,0,40,1,1,0
18,1,14,5,4029,318,2,11,1,6,0
40,3,21,3,2310,29,0,40,2,1,0
58,1,18,3,5608,39,0,40,2,1,1
45,1,22,1,127,11,1,40,1,1,1
22,1,18,5,4004,32,2,11,2,1,0
40,1,19,3,5232,3,0,40,1,1,1
57,1,21,3,474,25,0,40,2,1,1
48,1,21,1,50,10,1,40,1,1,1
47,1,21,1,383,2,0,40,1,1,1
31,1,19,5,4609,12,13,40,1,1,0
18,1,19,5,2054,6,2,11,2,1,0
27,1,16,1,4130,6,10,40,1,1,0
21,1,16,5,4138,12,2,40,1,1,0
30,1,16,5,5690,16,0,40,2,1,0
42,1,21,3,310,36,0,40,1,1,1
54,1,19,1,5762,13,1,40,2,1,0
29,1,21,1,1461,32,0,40,1,1,1
28,1,16,1,5898,4,1,40,2,1,0
61,1,16,1,163,39,0,40,1,1,1
25,1,17,5,5842,15,0,40,2,1,0
21,1,16,1,4198,38,0,40,1,1,0
51,1,19,1,5205,8,0,40,2,1,1
46,1,21,1,129,18,0,50,1,1,1
44,1,16,1,3963,1,9,40,2,1,0
18,1,16,5,4014,28,17,8,1,1,0
21,1,14,5,4189,8,17,14,2,1,0
31,1,21,1,2077,30,0,5,2,1,0
50,1,16,1,5875,36,1,40,1,1,0
59,1,16,1,4870,7,0,40,1,1,1
28,1,19,3,5176,7,0,40,2,1,0
55,1,21,5,210,20,0,40,2,1,1
22,1,21,5,2269,32,2,12,2,1,0
25,1,21,5,2496,41,0,40,2,1,0
70,1,19,3,3684,39,0,14,2,1,0
22,1,19,5,4843,12,2,13,1,1,0
47,1,14,1,4156,7,0,11,2,1,0
60,1,16,1,5100,38,1,40,1,1,1
53,1,16,1,296,39,0,40,1,1,1
29,1,18,3,5320,27,16,40,1,1,0
65,1,20,1,3401,39,1,9,2,1,0
26,1,16,1,5308,304,1,40,2,1,0
47,1,21,1,7187,55,1,40,1,1,1
54,1,19,3,5434,36,0,40,1,1,0
28,2,21,5,2273,40,0,11,2,1,0
57,1,16,1,4234,48,1,40,2,1,0
38,1,21,1,2864,21,1,40,1,1,1
17,1,16,5,4622,16,2,9,2,1,0
71,1,16,1,3884,23,0,11,2,1,0
44,1,21,1,366,39,1,40,1,1,1
55,1,16,3,9165,40,13,40,1,1,1
34,1,21,1,4379,34,0,40,1,1,0
48,1,21,5,979,40,0,50,1,1,1
59,1,19,1,10,39,1,40,1,1,1
37,1,21,1,3028,5,1,40,2,1,1
45,1,21,1,4865,38,1,40,2,1,1
44,1,21,1,61,19,1,50,1,1,1
29,2,22,1,2062,13,1,13,2,1,0
46,1,17,1,4132,13,1,40,2,1,0
27,1,16,1,9380,315,0,40,1,1,0
48,1,19,3,7172,45,0,40,1,1,1
50,1,16,5,114,20,0,40,1,1,1
52,1,16,1,4173,40,9,40,2,1,0
19,1,19,5,4771,32,17,15,2,1,0
20,1,16,5,8702,43,2,40,1,1,0
43,1,18,1,6537,38,9,40,1,1,0
54,1,16,1,4092,45,1,40,2,1,0
46,1,21,1,431,45,0,50,1,1,1
41,1,21,1,1160,6,0,40,1,1,1
50,1,16,1,5877,10,1,40,2,1,0
58,1,17,1,6138,26,0,40,1,1,0
47,1,19,1,3943,230,0,40,2,6,0
67,1,16,1,5289,41,0,14,2,1,0
29,1,21,5,1593,6,0,40,1,1,0
66,3,22,1,2582,40,0,13,2,1,0
55,1,16,3,6341,34,0,40,1,1,1
20,1,21,5,2420,33,0,40,2,1,0
37,1,19,5,5656,36,0,40,1,1,0
19,1,19,5,4676,29,16,12,1,1,0
30,1,19,3,5067,14,10,29,2,1,0
46,1,21,1,465,29,0,50,1,1,1
53,1,9,5,4104,313,0,40,2,6,0
17,1,16,5,4194,316,2,40,1,8,0
43,1,19,1,5028,192,0,40,2,6,0
28,1,20,5,3079,34,0,33,2,1,0
25,1,9,3,4006,15,16,40,1,1,0
27,1,18,1,4160,28,0,40,1,1,0
37,1,19,5,5584,7,0,40,1,1,1
17,1,14,5,4043,6,2,7,2,1,0
30,1,19,5,5296,38,0,40,1,1,0
54,1,18,5,7484,31,0,40,1,1,1
38,1,21,1,2553,42,1,40,2,1,0
34,1,21,3,987,38,0,40,1,1,1
58,1,19,1,5763,42,0,40,1,1,1
24,1,19,3,3724,23,0,5,2,1,0
22,1,18,5,4040,40,2,40,2,1,0
56,1,21,1,4869,25,1,40,1,1,1
61,1,19,1,6504,36,0,40,1,1,0
61,1,19,1,5954,18,1,32,2,1,0
42,1,19,1,6415,2,0,40,1,1,1
28,1,8,5,6261,23,2,40,1,1,0
32,1,21,5,1429,35,13,40,1,1,1
62,1,20,1,64,12,1,40,2,1,1
56,1,16,1,6089,18,1,40,1,1,1
26,1,21,5,626,7,0,40,2,1,1
40,1,21,1,5935,39,1,40,1,1,1
64,1,17,1,5443,24,0,40,1,1,0
25,1,19,5,5424,39,13,40,2,1,0
27,1,18,5,5369,10,13,40,2,1,0
28,1,16,5,3547,37,0,12,2,1,0
19,1,16,5,4692,16,16,12,2,1,0
63,1,19,1,5600,38,1,40,2,1,0
39,1,8,1,3940,301,9,40,2,8,0
40,3,22,1,2539,39,1,40,2,1,0
19,1,18,5,4052,23,17,40,2,1,0
44,1,16,1,5516,219,1,40,2,6,0
26,1,19,5,3611,41,13,40,2,1,0
55,1,16,1,6152,8,1,40,2,1,0
51,1,19,3,5582,41,0,40,2,1,1
27,2,21,5,3140,24,13,40,2,1,1
30,1,21,1,3184,17,0,40,2,1,0
46,1,21,1,366,39,0,40,1,1,1
57,1,19,1,4379,44,9,35,2,1,0
53,1,16,1,7910,23,1,40,1,1,1
40,3,21,1,2382,18,0,40,2,1,1
34,1,16,1,5965,31,9,40,2,1,0
34,1,16,1,4125,307,9,40,2,1,0
42,1,19,3,6306,36,0,40,1,1,0
18,1,14,5,4159,38,2,9,1,1,0
20,1,16,5,4642,17,2,10,2,1,0
45,1,16,1,7897,2,1,40,1,1,1
18,1,14,5,4580,10,16,14,2,1,0
42,1,16,1,5380,6,1,40,2,1,0
27,2,22,5,2307,16,13,40,2,1,0
65,1,19,3,3490,39,0,37,2,1,0
54,1,16,1,5443,2,0,40,1,1,1
30,1,21,5,5586,34,2,40,1,1,0
47,1,16,1,9242,303,0,40,1,1,1
40,1,19,5,5543,3,0,40,1,1,0
49,1,16,1,10,38,0,50,1,1,1
56,1,18,3,124,12,0,40,1,1,1
47,1,19,5,5848,25,0,40,1,1,1
19,1,16,5,4259,35,17,40,1,1,0
19,1,14,5,4188,5,17,10,2,1,0
54,1,19,3,5628,40,0,40,1,1,1
44,1,19,1,6072,6,0,40,1,1,0
56,1,16,1,5452,39,1,40,2,1,0
48,1,19,1,281,37,0,40,1,1,1
44,1,21,5,213,37,0,40,1,1,1
56,1,16,1,5435,20,0,40,1,1,1
58,1,17,1,6101,25,1,40,1,1,0
18,1,15,5,4695,43,16,14,2,1,0
30,1,19,1,5900,8,0,40,1,1,0
45,1,22,1,812,234,1,40,1,6,1
22,1,16,5,4509,41,16,8,2,1,0
65,1,19,1,2351,41,1,14,2,1,0
49,1,21,1,5238,8,0,40,1,1,1
48,1,22,1,256,11,0,50,1,1,1
53,1,16,1,6432,24,1,40,1,1,0
41,1,16,1,5640,6,0,40,2,1,0
45,1,21,1,322,227,0,50,1,1,1
19,1,16,5,4188,11,2,6,1,1,0
58,1,16,1,6010,42,9,40,2,1,0
29,1,21,5,5525,16,0,40,2,1,0
51,1,22,1,2233,39,1,40,2,1,1
38,1,21,1,2219,229,1,11,2,1,0
30,1,16,5,5520,39,0,40,1,1,0
44,1,21,5,458,12,13,40,1,1,1
47,1,19,1,290,227,0,40,1,6,1
29,2,22,5,2242,38,12,40,2,1,0
47,1,19,5,5746,4,0,40,2,1,1
37,1,19,1,7347,13,1,40,1,1,0
29,1,21,5,737,26,13,40,2,1,1
37,1,21,1,4070,26,1,40,2,1,1
50,1,20,1,426,38,1,40,2,1,1
19,1,14,5,4170,8,16,12,1,1,0
61,1,16,1,3850,37,10,40,2,1,0
37,3,22,1,2422,10,1,40,2,1,0
58,1,16,3,4639,10,0,40,2,1,0
58,1,21,1,273,14,1,40,2,1,1
43,1,22,1,662,5,0,40,1,1,1
27,1,19,5,5959,12,0,40,1,1,0
53,1,20,5,5961,21,0,40,2,1,1
22,1,12,5,4169,7,17,17,1,8,0
25,1,16,5,4017,3,0,29,2,1,0
41,2,22,1,2067,4,1,40,2,1,1
39,1,10,5,5454,298,0,40,1,8,0
45,1,21,5,998,42,0,50,1,1,1
56,1,20,1,3387,24,1,40,2,1,0
50,1,19,1,8996,309,0,40,1,6,1
38,1,16,1,5754,308,1,40,1,1,0
53,1,16,1,6142,39,1,40,2,1,1
55,1,16,1,5196,39,0,40,1,1,1
34,1,21,1,528,21,0,40,1,1,1
39,3,21,1,2258,26,1,40,2,1,1
49,1,19,1,5640,228,0,40,2,6,0
19,1,16,5,3946,9,2,40,1,1,0
60,3,21,1,2408,18,1,40,2,1,0
38,1,21,1,2310,18,0,40,1,1,1
25,1,16,1,4168,305,10,40,2,8,0
52,1,16,3,5228,7,0,40,1,1,1
41,1,16,5,5734,321,0,40,2,8,0
46,1,22,5,145,3,0,40,1,1,1
25,1,16,3,4108,27,9,40,1,1,0
21,1,16,5,9480,52,2,40,1,1,0
49,1,16,1,6170,37,0,40,1,1,1
30,1,18,1,6050,36,1,40,1,1,0
26,1,16,5,5789,27,0,40,2,1,0
53,1,17,1,6229,15,1,40,1,1,1
30,1,19,5,7317,30,0,40,1,1,1
20,1,19,5,5970,37,2,40,1,1,0
51,1,21,1,313,37,0,40,1,1,1
79,1,19,1,5702,37,0,7,2,1,0
51,1,16,1,4095,53,10,40,2,1,0
27,1,18,3,5535,37,2,40,1,1,0
50,1,16,1,5710,42,1,40,1,1,0
30,1,21,5,3612,218,13,40,1,6,0
38,1,21,1,3240,37,0,40,1,1,1
19,1,16,5,4251,28,2,10,2,1,0
19,1,19,5,4659,21,2,14,2,1,0
24,1,19,5,6023,37,0,40,1,1,0
52,1,18,1,423,10,0,40,1,1,1
57,1,18,1,5379,8,1,36,2,1,0
58,1,16,3,6719,32,0,40,1,1,0
28,1,21,1,2404,13,9,40,2,1,0
54,1,18,1,359,38,0,40,1,1,1
26,1,16,3,4983,11,0,40,1,1,0
20,1,19,5,2371,20,2,17,2,1,0
33,1,19,1,5796,6,1,40,1,1,0
39,1,22,1,345,36,0,40,1,1,1
22,1,19,3,3395,3,6,6,2,1,0
19,1,16,5,4319,51,2,10,1,1,0
61,1,16,1,4930,33,0,40,2,1,1
43,1,21,1,1720,7,0,40,1,1,1
27,1,16,5,9357,305,2,40,1,1,0
43,1,22,1,23,38,1,50,1,1,1
31,1,19,1,5969,6,1,40,2,1,0
49,1,22,3,1054,208,0,40,1,6,1
43,1,11,1,6647,329,1,40,1,6,0
45,1,16,1,8496,22,1,40,1,1,1
32,1,21,3,565,7,0,40,1,1,1
23,1,19,5,4757,5,2,9,1,6,0
18,1,16,5,4053,3,2,40,2,1,0
19,1,19,5,4679,36,2,12,2,1,0
77,1,21,3,3017,28,0,40,2,1,1
45,1,20,1,6104,36,1,40,2,1,0
17,1,19,5,4577,22,17,12,1,1,0
22,1,19,5,4556,38,13,31,2,1,0
45,1,21,1,2514,218,1,40,2,6,0
59,1,19,1,4852,42,1,40,2,1,0
23,1,16,3,4022,43,0,33,2,1,0
22,1,21,3,2130,16,0,40,2,1,0
34,1,19,5,4055,37,13,40,1,1,1
24,1,19,5,6779,3,13,40,2,1,0
19,1,19,5,4597,18,2,4,1,1,0
56,1,16,3,6055,8,0,40,2,1,1
37,1,21,1,2356,16,0,40,2,1,0
32,1,21,5,1139,8,13,40,1,1,1
51,1,21,1,115,35,1,40,1,1,1
35,1,21,1,5587,26,0,40,1,1,0
45,1,16,1,4026,307,9,40,2,1,0
23,1,21,5,2240,8,12,40,1,1,0
53,1,17,3,7263,42,0,40,1,1,1
45,1,16,5,7454,39,13,40,1,1,1
51,1,17,1,8787,39,0,40,1,1,0
51,1,8,1,223,323,1,40,1,1,1
56,1,18,1,5319,35,0,40,1,1,0
25,1,21,5,4827,4,17,40,1,1,0
50,1,16,3,5946,321,0,40,1,6,1
49,1,21,1,1006,40,0,40,1,1,1
48,1,21,3,487,1,13,40,1,1,1
28,1,16,1,5534,24,1,40,2,1,0
50,1,21,1,69,213,1,40,1,6,1
51,1,16,1,324,40,0,40,1,1,1
22,1,19,5,4788,34,2,40,1,1,0
31,1,21,1,1787,4,1,40,2,1,0
49,1,21,1,3394,5,1,40,2,1,0
43,1,21,1,1656,34,0,40,1,1,1
47,1,21,3,3210,36,0,40,1,1,1
32,1,16,5,5339,40,0,40,1,1,0
47,1,22,3,1569,24,0,50,1,1,1
58,1,19,1,4942,37,1,40,2,1,0
35,1,21,1,6046,34,1,40,2,1,0
48,1,22,1,10,35,1,50,1,1,1
60,1,16,1,352,28,1,50,1,1,1
49,1,16,1,6288,315,1,40,1,1,0
49,1,21,3,10,207,0,40,1,1,1
22,1,19,5,5536,42,2,40,2,1,0
38,1,19,1,5093,20,0,40,1,1,0
47,1,16,1,3912,4,1,40,2,1,0
50,1,16,1,173,29,0,50,1,1,1
45,1,21,3,1212,8,0,40,1,1,1
26,1,19,5,4743,22,2,35,2,1,0
64,1,19,3,3378,3,0,32,2,1,0
46,1,21,1,514,10,0,40,1,1,1
59,1,21,3,5483,4,0,40,2,1,0
50,1,21,1,5894,6,0,40,2,1,1
28,1,21,5,2272,35,0,40,2,1,0
39,3,21,1,2339,18,0,40,1,1,0
27,1,21,1,2182,12,1,40,2,1,0
21,1,21,5,2177,223,17,9,1,6,0
29,1,21,5,3085,6,13,40,2,1,1
26,1,18,5,5510,45,13,40,1,1,0
31,1,21,5,2030,10,2,10,2,1,0
44,1,19,1,353,31,0,40,1,1,1
66,1,19,3,4693,37,0,40,2,1,0
29,1,19,1,5717,14,0,40,2,1,0
20,1,18,5,9392,27,2,40,1,1,0
20,1,16,5,5570,49,2,34,2,1,0
51,1,16,1,4841,5,0,40,1,1,1
29,1,21,1,2036,5,0,40,1,1,1
28,1,21,5,277,4,0,40,1,1,1
30,1,16,3,7705,29,0,40,1,1,0
39,1,19,1,4987,7,1,40,1,1,0
47,1,16,5,4394,313,13,40,1,1,0
61,2,21,1,3194,14,1,40,2,1,0
22,1,21,5,5946,17,2,40,2,1,0
53,1,16,3,6379,23,0,40,1,1,1
22,1,16,1,4079,20,0,40,2,1,0
35,1,21,1,731,38,1,40,1,1,1
24,1,21,5,2141,5,2,40,2,6,0
44,1,22,1,2260,217,0,40,2,6,1
36,1,20,1,2272,37,1,15,2,1,0
36,1,20,1,3308,25,1,40,2,1,0
30,1,21,5,3302,35,0,35,2,1,0
46,1,21,1,339,35,0,50,1,1,1
38,1,21,1,2942,38,1,40,2,1,1
48,1,20,1,3498,49,1,40,2,1,0
64,1,16,1,6331,21,0,40,1,1,1
23,1,19,5,5805,33,13,40,1,1,0
48,1,16,1,82,210,1,50,1,1,1
43,1,16,1,6969,36,0,40,1,1,0
31,1,21,1,1914,37,1,40,2,1,0
22,1,21,1,2307,12,0,40,2,1,0
39,3,21,1,2397,21,1,40,1,1,1
27,2,21,5,1881,36,10,7,2,1,0
19,1,16,5,4177,37,17,6,2,1,0
66,1,21,1,2691,18,1,40,2,1,1
61,3,21,3,2228,18,0,40,2,1,1
30,1,16,5,5989,35,13,40,1,1,0
40,1,21,1,1448,210,1,40,1,6,0
59,1,16,3,5347,18,0,40,1,1,0
19,1,19,5,4755,7,17,5,1,1,0
43,1,19,1,7773,229,0,40,1,1,1
45,1,16,1,437,3,1,40,1,1,1
35,1,22,1,2208,39,0,40,1,1,1
19,1,19,5,4684,26,2,15,1,1,0
45,1,21,1,62,9,1,60,1,1,1
36,1,22,5,2879,5,0,40,2,1,1
70,1,19,1,236,37,0,40,2,1,1
53,1,18,3,5460,9,0,33,2,1,0
32,1,20,1,5359,22,0,40,2,1,0
23,1,18,5,4608,15,0,40,2,1,0
50,1,22,5,2352,30,0,40,2,1,1
41,1,21,1,5321,3,0,29,2,1,0
65,1,18,1,4782,15,1,16,2,1,0
47,1,21,1,3542,3,1,40,2,1,0
51,1,20,1,3253,41,1,40,2,1,1
42,1,16,1,6227,308,0,40,1,8,0
54,1,16,1,4946,25,1,40,1,1,0
29,1,21,1,3328,21,1,40,2,1,0
26,1,21,5,2293,23,2,40,1,1,0
32,1,16,1,6201,40,1,40,2,1,0
20,1,14,5,4654,44,16,14,1,1,0
33,1,21,1,1818,23,1,40,2,1,0
49,1,21,5,276,37,0,40,2,1,1
50,1,16,1,6839,8,1,40,1,1,1
41,1,16,1,5648,4,0,40,2,1,0
55,1,18,3,4177,34,9,31,2,1,0
64,1,16,1,5736,28,0,40,1,1,0
27,1,19,1,5327,18,1,40,2,1,0
40,1,22,3,3430,16,0,40,2,1,1
48,1,19,1,371,3,0,40,1,1,1
23,1,19,5,4765,6,2,10,2,1,0
30,3,21,3,2179,35,10,17,2,1,0
26,1,16,5,5295,22,0,40,2,1,0
31,1,21,5,1080,225,0,40,1,6,1
39,3,21,1,2181,37,1,40,2,1,0
52,1,19,3,5822,221,0,40,1,6,0
17,1,16,5,4108,51,2,5,1,1,0
26,1,19,3,6934,28,0,40,1,1,0
57,1,16,1,7717,40,0,40,1,1,1
56,1,16,1,6407,19,0,40,1,1,1
22,1,16,5,4263,35,2,40,1,1,0
22,1,19,5,4567,20,2,4,1,1,0
31,1,19,3,5875,5,9,40,2,1,0
53,1,16,3,79,34,0,40,1,1,1
56,1,16,1,7999,22,0,40,1,1,1
60,1,16,1,5868,26,0,40,2,1,1
56,1,16,1,4152,30,10,40,2,1,0
41,1,21,5,783,31,0,40,1,1,1
46,1,21,1,598,26,0,40,1,1,1
48,1,16,1,4894,245,0,40,2,6,0
28,1,19,5,6096,18,0,40,2,1,0
27,1,19,1,5266,28,0,40,2,1,0
28,1,16,3,4028,23,0,40,2,1,0
47,1,21,1,886,35,0,40,1,1,1
30,1,19,1,5670,44,1,13,2,1,0
38,3,22,1,2223,39,1,12,2,1,0
47,1,19,3,5280,8,0,40,1,1,0
51,1,19,1,2781,13,1,40,1,1,0
54,1,18,3,5508,42,0,40,2,1,0
51,1,19,3,403,38,0,40,1,1,1
23,1,19,5,5485,12,13,40,1,1,0
24,1,16,5,5305,7,0,36,2,1,0
46,1,21,1,10,1,1,40,2,1,1
36,1,22,1,976,4,0,40,1,1,1
33,1,21,1,2068,18,0,40,2,1,0
46,1,21,3,494,218,0,40,1,1,1
28,1,21,1,2223,37,1,14,2,1,0
22,1,19,5,5572,21,2,40,1,1,0
27,1,19,3,5672,9,0,40,2,1,0
50,1,21,1,297,23,1,50,1,1,1
30,1,18,1,5377,24,0,40,1,1,0
48,1,21,3,403,37,0,40,1,1,1
29,1,8,5,4140,16,0,40,1,1,0
20,1,21,5,4947,3,17,40,1,1,0
45,1,12,1,4103,295,10,40,2,8,0
74,2,22,1,2244,7,0,11,2,1,0
18,1,19,5,2486,39,2,15,2,1,0
49,1,16,3,121,22,0,40,1,1,1
47,1,21,1,1064,5,0,40,1,1,1
27,1,19,1,5494,40,0,12,2,1,0
35,1,22,1,1485,6,0,40,1,1,1
60,1,18,3,5206,21,0,31,2,1,0
19,1,18,5,4767,16,17,1,1,1,0
65,1,16,1,5508,32,9,40,2,1,0
58,1,16,1,5543,36,0,40,2,1,0
25,2,21,1,1937,20,0,7,2,1,0
23,1,19,5,5594,40,0,40,2,1,0
25,1,22,5,3169,8,13,40,2,1,1
22,1,14,5,4293,5,17,13,1,1,0
50,3,21,1,2287,25,0,40,2,1,1
17,1,16,5,3986,36,2,11,1,1,0
32,1,21,5,5413,5,13,40,2,1,0
19,1,13,5,9251,309,2,40,1,8,0
56,1,17,3,444,35,0,40,1,1,1
45,3,21,5,2344,9,0,40,2,1,1
48,1,21,1,3219,33,1,40,2,1,1
17,1,14,5,4201,26,16,9,2,1,0
21,1,19,5,4875,21,17,40,1,1,0
31,1,16,5,6102,27,0,40,1,1,0
43,1,19,1,5760,238,0,40,1,6,0
37,1,19,3,5446,38,0,40,2,1,0
46,1,1,1,5673,301,1,40,2,6,0
40,1,21,5,1565,218,0,40,1,1,1
23,1,21,5,2397,23,17,40,1,1,0
18,1,19,5,2348,29,17,17,2,1,0
65,1,16,1,4920,24,1,12,2,1,0
35,1,21,1,1094,34,0,40,1,1,1
25,1,19,5,4128,37,2,40,1,1,0
17,1,21,5,1773,22,16,11,2,1,0
47,1,21,1,641,34,1,50,1,1,1
63,1,21,1,544,17,0,40,2,1,1
61,3,22,1,2338,41,1,40,2,1,1
22,1,19,5,2436,7,2,7,2,1,0
23,1,19,1,5234,37,0,10,2,1,0
41,1,9,1,8763,305,1,40,1,8,0
53,1,19,1,366,10,0,40,1,1,1
43,1,19,1,5982,35,0,40,1,1,0
17,1,16,5,4619,54,2,15,2,1,0
31,1,19,5,5788,35,0,40,2,1,0
50,1,16,5,5143,46,13,40,1,1,0
26,1,21,5,2417,23,0,40,2,1,1
45,1,21,3,201,36,0,40,1,1,1
37,1,21,1,2392,9,1,40,2,1,0
24,1,16,1,5069,41,9,40,2,1,0
37,1,20,3,617,46,13,40,1,1,1
27,1,19,1,2555,299,1,11,2,1,0
30,1,21,5,3394,20,13,40,2,1,0
55,1,16,3,6524,22,0,40,1,1,1
20,1,21,5,2375,6,2,12,2,1,0
47,1,19,1,466,7,0,40,1,1,1
61,1,16,1,2521,19,1,40,2,1,0
26,1,21,1,5006,38,0,4,2,1,0
48,1,16,1,3960,316,0,40,2,1,0
22,1,16,5,4169,15,12,40,2,1,0
18,1,19,5,4687,26,2,7,2,1,0
43,1,21,1,3263,22,1,40,2,1,1
23,1,16,5,9238,30,13,40,1,1,0
43,1,21,1,3172,12,0,40,2,1,1
37,1,21,1,693,9,0,40,1,1,0
27,1,21,5,2347,42,2,40,2,1,0
58,1,16,1,4207,42,1,9,2,1,0
49,1,21,1,199,36,1,40,1,1,1
46,1,21,1,38,7,0,40,1,1,1
23,2,22,5,2497,35,13,40,2,1,0
26,1,21,5,4717,10,0,40,1,1,0
61,1,19,1,5836,8,0,40,2,1,0
41,1,21,1,258,45,0,40,1,1,1
50,1,22,1,360,215,0,40,2,6,1
41,1,22,1,3156,4,0,40,2,1,1
34,1,19,1,3761,9,0,40,2,1,0
32,1,16,3,6420,39,0,40,1,1,0
36,1,21,3,1323,8,0,40,1,1,1
18,1,19,3,2589,47,2,10,2,1,0
27,1,19,5,5619,20,0,40,1,1,0
31,1,18,1,5336,18,1,40,2,1,0
48,1,16,1,7623,39,0,50,1,1,1
54,1,16,1,315,34,1,50,1,1,1
43,1,21,1,5660,36,0,40,1,1,0
49,1,18,1,5894,2,0,40,1,1,1
41,1,21,1,5658,38,1,40,2,1,0
48,1,17,5,8922,41,0,40,1,1,1
44,1,22,1,2987,24,1,40,2,1,1
25,1,19,5,4626,2,2,40,1,1,0
41,1,19,1,7172,12,1,40,1,1,1
46,1,21,1,1165,45,0,40,1,1,1
52,1,16,1,7421,35,0,50,1,1,1
29,1,19,5,5409,35,0,40,2,1,0
27,1,18,3,6530,20,0,40,1,1,0
54,1,16,1,9309,40,1,40,1,1,0
22,1,21,5,2456,38,2,10,2,1,0
27,2,21,5,2072,14,16,32,2,1,0
18,1,18,5,4074,17,2,18,1,1,0
19,1,16,5,4569,38,16,13,2,1,0
52,1,22,1,329,227,0,40,1,1,1
27,1,21,5,6126,10,2,40,2,1,0
56,1,20,1,3312,22,0,40,2,1,1
59,7,16,1,215,36,0,50,1,1,1
26,2,21,5,2193,11,0,40,2,6,1
48,1,22,1,1330,2,0,40,1,1,1
25,1,21,1,2043,9,0,13,2,1,0
28,1,21,3,4975,6,0,40,2,1,0
25,1,16,5,5976,21,13,40,2,1,0
20,1,16,5,4037,36,2,31,2,1,0
69,1,21,1,3250,6,0,8,2,1,0
50,1,16,1,5574,326,0,40,2,1,0
46,1,21,1,268,20,1,50,1,1,1
25,1,16,3,5261,24,2,40,1,1,0
50,1,16,1,6154,6,0,40,1,1,1
20,1,9,5,4264,24,2,14,1,1,0
36,1,21,1,2358,222,1,40,1,6,1
26,1,21,5,1189,20,2,40,1,1,0
57,1,14,1,3904,23,1,31,2,1,0
27,1,16,5,3821,7,13,40,1,1,0
58,1,21,1,49,32,1,40,1,1,1
61,1,19,1,5405,39,0,40,2,1,0
57,1,16,1,9157,28,0,40,1,1,0
43,1,22,3,287,38,0,40,1,1,1
30,1,16,5,6060,4,0,40,1,1,0
55,1,16,1,467,13,1,40,1,1,1
25,1,19,5,5277,22,16,40,1,1,0
57,1,21,1,5734,18,1,40,2,1,1
29,1,16,5,4241,22,13,40,1,1,0
49,1,16,3,7614,38,0,40,1,1,1
59,1,16,1,7808,40,1,50,1,1,1
43,1,21,1,2979,20,1,40,1,1,1
57,1,16,1,8927,22,0,40,1,1,0
19,1,21,5,2065,20,16,40,1,1,0
58,1,19,1,4875,5,0,40,2,1,1
28,1,21,5,4903,40,13,40,2,1,0
28,1,21,1,2394,11,1,40,2,1,0
27,1,18,3,4125,15,0,40,1,1,0
43,1,21,1,564,304,0,40,1,6,1
27,1,19,1,5740,316,0,40,2,1,0
65,1,18,1,3818,33,0,40,2,1,1
28,1,21,5,5610,2,0,40,1,1,0
73,2,23,3,2102,26,0,40,2,1,0
27,1,18,5,5247,39,2,40,1,1,0
17,1,7,5,4129,19,17,13,1,1,0
36,1,16,1,7115,5,0,40,1,1,1
38,3,21,5,2403,27,0,50,1,1,1
22,1,19,5,2566,39,2,13,2,1,0
60,1,21,3,36,36,0,40,1,1,1
20,1,16,5,4691,21,17,9,1,1,0
65,1,18,1,5649,37,1,12,2,1,0
55,1,20,1,164,34,1,40,2,1,1
55,1,21,1,418,20,1,40,2,1,1
22,1,21,5,2338,14,2,35,2,1,0
21,1,16,5,4180,18,2,40,1,1,0
46,1,19,5,6078,326,13,40,1,1,1
40,1,21,1,5880,23,0,40,2,1,0
46,1,21,1,4879,3,1,40,2,1,0
53,1,16,3,7621,39,0,40,1,1,1
62,1,19,1,5417,41,0,37,2,1,0
32,1,21,5,3254,6,0,40,2,1,0
53,1,21,5,373,47,0,40,1,1,1
24,1,16,5,5499,37,2,40,1,1,0
18,1,16,5,4269,38,17,40,1,1,0
25,1,19,5,5198,18,2,40,2,1,0
23,1,21,5,4784,7,2,40,1,1,0
46,1,16,3,5861,9,13,40,1,1,1
30,1,11,3,4242,324,9,40,2,6,0
25,1,20,1,3487,38,9,40,2,1,0
22,1,19,5,4671,24,16,13,2,1,0
20,1,18,5,4571,14,12,40,2,1,0
49,1,18,1,5693,5,1,40,1,1,0
31,1,21,5,3768,38,2,40,2,1,0
27,1,16,5,6104,8,0,40,1,1,0
61,1,18,1,6323,15,0,40,1,1,1
48,1,21,1,91,5,0,50,1,1,1
31,1,18,1,5830,19,1,15,2,1,0
60,1,16,1,4267,19,1,40,1,1,0
23,1,19,5,2559,19,2,11,2,1,0
40,1,21,1,1604,14,0,40,1,1,1
40,1,21,1,747,34,1,40,1,1,1
33,1,19,5,6003,28,13,40,2,1,0
26,3,22,5,2244,12,0,18,2,1,0
27,1,21,5,2194,11,2,40,2,6,0
45,1,21,1,4839,7,0,40,1,1,0
19,1,19,5,4669,10,2,34,2,1,0
21,1,16,5,4792,13,2,32,2,1,0
58,1,18,1,4103,33,1,17,2,1,0
44,1,21,1,2555,37,0,40,2,1,0
20,1,19,5,4233,5,12,40,1,1,0
32,1,19,3,5207,26,0,40,1,1,0
50,1,16,1,7440,35,1,40,1,1,1
66,1,18,1,4295,18,0,8,2,1,0
54,1,14,1,3951,24,1,40,2,1,0
17,1,14,5,4663,49,2,9,2,1,0
51,1,18,1,2683,29,1,12,2,1,0
25,1,21,5,2197,213,2,13,2,6,0
30,1,21,1,2373,36,1,40,2,1,0
71,2,21,3,2555,21,0,9,2,1,0
26,1,19,5,5269,2,13,40,2,1,0
54,1,13,1,5313,11,1,40,2,1,0
19,1,14,5,4106,13,2,8,1,1,0
30,1,21,1,2528,39,1,40,2,1,0
36,1,21,1,952,5,1,40,1,1,1
28,1,21,5,3246,205,0,40,1,6,1
20,1,16,5,4379,26,2,8,1,1,0
18,1,16,5,4154,10,17,40,1,1,0
27,1,16,5,9418,30,0,40,1,1,0
19,1,14,5,4093,35,2,8,1,1,0
31,1,19,3,5065,24,0,12,2,1,0
59,1,20,1,4774,24,1,40,2,1,0
36,1,19,1,5828,19,1,31,2,1,0
32,1,19,5,5379,4,13,40,2,1,0
63,1,19,1,6011,18,0,40,1,1,0
23,1,16,5,4671,23,2,40,1,1,0
49,1,16,3,7661,23,0,40,1,1,1
21,1,16,5,4146,31,12,40,2,1,0
45,1,19,3,4762,7,0,40,1,1,0
24,2,19,5,2218,23,2,6,2,1,0
33,1,21,1,5057,5,0,40,2,1,0
31,1,19,5,5122,24,13,40,1,1,1
20,1,16,5,7005,31,2,40,1,1,0
28,1,16,5,7585,18,0,40,1,1,1
32,1,19,3,5692,56,0,40,2,1,0
73,3,21,1,2368,19,0,8,2,1,0
60,1,16,1,4208,15,1,9,2,1,0
57,1,16,3,9023,12,0,40,1,1,1
49,1,21,1,4916,12,0,40,1,1,1
20,1,16,5,9476,22,2,40,1,1,0
18,1,7,5,4107,17,2,9,1,1,0
53,1,19,1,418,37,1,40,1,1,1
25,1,19,5,4241,229,2,40,1,6,0
46,1,21,1,4918,18,0,40,1,1,1
26,1,21,5,2633,9,0,40,2,1,0
45,1,16,1,5908,311,1,40,2,1,0
51,1,16,1,5793,4,1,40,1,1,1
49,1,16,5,7487,42,0,40,1,1,1
31,1,21,5,2313,38,2,40,2,1,0
50,1,16,1,6961,38,0,50,1,1,1
45,1,22,3,3265,38,0,40,2,1,1
60,1,16,1,5808,39,0,40,1,1,0
50,1,21,3,338,42,0,40,1,1,1
28,1,19,5,5455,17,0,40,2,1,0
46,1,16,1,7528,22,1,40,1,1,1
26,1,16,5,6813,22,0,40,1,1,0
20,1,14,5,4227,21,2,14,1,1,0
64,1,18,1,4636,37,0,30,2,1,0
49,1,21,1,5289,4,0,40,2,1,0
45,1,21,1,871,24,0,50,1,1,1
41,1,21,1,300,37,0,40,1,1,1
37,1,21,1,1504,13,0,40,1,1,1
42,1,20,5,719,15,0,40,1,1,1
27,3,22,5,2513,4,0,40,2,1,1
26,1,16,5,5278,28,13,40,2,1,0
38,1,16,1,7117,41,0,40,1,1,0
25,1,16,3,6204,37,0,40,2,1,0
40,1,19,1,3835,42,10,40,2,1,0
49,1,21,1,193,20,1,50,1,1,1
46,1,22,1,3403,39,0,40,2,1,1
53,1,16,1,8906,28,0,40,1,1,0
26,1,16,5,5835,37,13,40,2,1,0
38,1,21,3,1555,11,0,40,1,1,1
47,1,19,1,148,25,1,50,1,1,1
22,1,16,5,5115,25,2,40,2,1,0
50,1,19,3,6130,9,0,40,1,1,1
23,1,16,5,5831,40,0,40,2,1,0
58,1,16,1,4046,19,1,40,2,1,0
61,1,18,1,5726,4,0,40,2,1,0
60,1,16,1,4254,35,0,13,2,1,0
29,1,17,5,4102,39,2,40,1,1,0
55,1,16,1,192,7,0,40,1,1,1
27,1,21,5,3422,36,0,40,2,1,0
46,1,21,1,10,3,0,50,1,1,1
52,1,16,3,7574,40,0,40,1,1,1
50,1,21,1,2174,197,0,32,2,6,0
28,2,21,1,2098,36,1,11,2,1,0
45,1,16,1,5407,8,1,40,2,1,0
44,1,21,1,10,20,1,50,1,1,1
55,1,21,1,10,20,1,40,1,1,1
34,1,21,5,701,5,0,40,1,1,1
60,1,17,1,4183,21,0,11,2,1,0
35,1,22,1,2172,10,0,40,2,1,0
30,1,19,5,5581,38,13,40,1,1,0
30,1,21,1,2071,38,0,16,2,1,0
23,1,16,5,4221,17,12,40,2,1,0
35,1,16,1,4055,46,1,40,2,1,0
57,1,16,1,5695,43,1,40,1,1,1
58,1,16,1,5504,24,0,40,2,1,0
44,1,21,1,2957,228,1,40,2,1,1
26,1,18,1,4136,43,0,16,2,1,0
30,1,16,5,9181,26,0,40,1,1,0
76,2,21,1,2345,20,1,8,2,1,0
30,1,19,1,5652,5,1,40,1,1,0
33,1,21,1,2452,48,0,14,2,1,0
30,1,16,5,8201,39,0,40,1,1,1
52,1,16,1,6216,37,0,40,1,1,1
44,3,22,1,2528,8,0,40,1,1,1
19,1,19,5,4677,7,17,11,2,6,0
37,1,21,1,5507,11,1,40,1,1,0
67,2,22,1,2081,20,0,16,2,1,0
52,1,16,3,6448,313,0,40,2,1,0
34,1,21,1,3123,8,1,40,2,1,0
32,1,21,5,899,38,0,40,1,1,1
27,1,19,5,5683,6,0,40,2,1,0
32,1,21,3,3334,29,0,40,2,1,0
49,1,16,1,7946,40,1,40,1,1,1
38,3,22,1,2561,6,0,40,2,1,0
47,1,21,1,923,25,0,40,1,1,1
29,1,16,5,5507,2,0,40,2,1,0
50,1,21,1,905,8,0,40,1,1,1
53,1,16,5,7905,43,0,40,1,1,1
54,1,20,1,4848,26,0,40,2,1,1
26,1,19,5,5186,35,0,40,2,1,0
48,1,21,1,5565,30,1,40,1,1,0
26,1,16,5,9521,39,0,40,1,1,0
34,1,21,1,1233,207,0,40,1,6,1
53,1,13,5,5766,15,0,40,1,1,1
27,1,21,5,4872,8,13,40,1,1,0
52,1,21,1,84,37,1,40,1,1,1
38,1,16,5,5999,8,0,40,1,1,0
42,1,21,1,1317,41,1,40,2,1,1
27,1,19,1,6633,36,1,40,1,1,0
45,1,19,1,4995,4,10,3,2,1,0
37,1,21,1,2186,30,1,13,2,1,0
30,1,19,1,5472,35,0,40,2,1,0
62,1,18,3,5493,10,0,40,2,1,0
28,1,21,5,3029,5,0,40,2,1,1
33,1,21,1,2241,5,0,40,1,1,1
53,1,21,1,1071,26,0,40,1,1,1
31,2,22,1,2056,39,0,40,2,1,0
23,1,16,5,4262,309,13,40,2,8,0
25,1,21,5,2370,18,2,9,2,1,0
44,1,19,1,5743,8,1,40,1,1,0
49,1,16,3,9301,17,0,40,1,1,0
54,1,16,1,7246,21,0,40,1,1,1
37,1,21,1,5671,41,0,40,1,1,0
62,2,21,1,2250,26,1,11,2,1,0
38,1,21,1,2091,26,1,40,1,1,1
23,1,19,5,5038,9,0,40,2,1,0
26,1,16,5,5708,301,13,40,1,8,0
52,1,21,5,1131,11,0,40,1,1,1
55,1,19,1,205,36,0,40,2,1,1
61,1,16,1,4657,17,1,40,2,1,0
30,1,22,1,2056,15,1,40,2,1,0
26,2,22,5,2448,39,13,40,2,1,0
65,1,21,1,4254,36,0,40,1,1,0
21,2,24,5,2181,5,17,8,2,1,0
52,1,19,3,6175,36,0,40,2,1,0
41,1,10,1,4028,301,1,40,2,1,0
19,1,19,5,4749,52,2,9,1,1,0
44,3,21,1,2464,7,1,40,1,1,1
62,1,16,5,5210,34,0,40,2,1,0
49,1,16,1,7570,34,1,40,1,1,1
39,1,21,1,1423,33,0,40,1,1,1
62,1,20,1,3479,19,1,40,2,1,1
18,1,16,5,3942,45,17,7,1,1,0
37,1,21,1,809,227,1,40,1,6,0
33,1,21,1,2078,9,1,11,2,1,0
67,1,16,1,5131,35,1,40,2,1,0
29,1,16,1,4196,11,1,40,2,1,0
56,1,16,1,5773,35,1,40,2,1,1
28,1,21,5,3713,4,13,40,2,1,0
58,1,19,1,6140,36,1,40,2,1,0
25,1,19,5,3582,40,0,40,2,1,0
18,1,8,5,4084,38,15,40,1,1,0
49,1,21,1,212,20,1,40,1,1,1
22,1,8,5,4076,7,17,11,1,1,0
20,1,19,5,4707,39,17,14,2,1,0
52,1,16,3,5781,7,0,40,1,1,0
45,1,16,1,8206,9,1,40,1,1,1
26,1,14,5,4296,6,16,40,1,1,0
53,1,21,3,120,9,13,40,1,1,1
43,1,21,1,243,39,1,50,1,1,1
44,1,11,1,6092,312,0,40,1,1,0
18,1,14,5,4200,42,2,7,1,1,0
17,1,14,5,3931,2,2,12,1,1,0
45,1,19,3,7853,298,0,40,1,1,1
20,1,19,5,2273,22,2,8,2,1,0
44,1,18,1,5855,39,0,40,1,1,1
22,1,19,5,5331,37,17,34,1,1,0
57,1,16,1,5359,39,1,40,2,1,0
55,1,16,1,7570,36,1,50,1,1,1
55,1,16,1,5619,37,1,40,2,1,0
72,3,21,3,2621,35,0,10,2,1,0
44,1,19,5,5282,42,0,40,2,1,1
47,1,21,5,1179,9,0,40,1,1,1
50,1,19,1,5947,10,0,40,1,1,1
29,1,19,1,5354,46,10,40,2,1,0
21,1,19,5,3777,40,2,15,2,1,0
27,1,22,5,2977,38,13,40,2,1,1
57,1,21,1,2275,30,1,11,2,1,0
29,1,19,5,6009,33,13,40,2,1,0
30,1,19,5,5506,29,0,40,2,1,0
30,1,18,1,4052,19,1,10,2,1,0
41,1,19,3,7760,302,0,40,1,1,1
38,1,21,1,549,38,0,40,1,1,1
25,1,21,5,2062,32,13,40,1,1,0
28,1,16,1,5550,49,0,40,1,1,0
27,1,16,5,5488,31,2,40,2,1,0
22,1,16,5,4114,14,10,7,2,6,0
20,1,16,5,4164,15,2,40,1,1,0
45,1,21,1,337,32,1,50,1,1,1
18,1,14,5,4065,220,4,16,1,6,0
25,2,23,5,1969,35,13,40,2,1,0
70,1,18,1,2790,7,0,40,1,1,0
45,1,16,5,5915,34,0,40,2,1,0
28,1,19,5,5611,4,12,40,1,1,0
60,1,16,1,4986,24,0,40,1,1,0
42,1,22,1,566,2,1,50,1,1,1
46,1,21,1,1334,38,0,50,1,1,1
54,1,16,1,6482,41,0,40,1,1,1
33,1,19,1,5254,15,0,10,2,1,0
24,1,16,5,9409,301,2,40,1,1,0
28,1,21,3,4598,23,0,40,2,1,0
18,1,16,5,9440,18,16,40,1,1,0
38,3,22,1,2539,12,1,40,2,1,1
19,1,16,5,4200,24,2,17,2,1,0
28,1,21,5,3186,43,2,31,2,1,0
41,1,19,1,349,40,0,40,1,1,1
24,1,16,5,9118,27,0,40,1,1,0
30,1,21,5,1137,37,13,40,1,1,1
47,1,21,1,201,23,1,50,1,1,1
31,1,17,5,4125,27,0,40,2,1,0
45,1,21,1,3468,3,1,40,2,1,0
33,1,21,5,3500,39,0,40,2,1,0
55,1,20,1,3443,40,1,40,2,1,1
30,1,21,1,797,27,0,40,1,1,1
59,1,16,1,4109,25,1,14,2,1,0
29,2,22,1,2056,39,0,11,2,1,0
47,1,21,3,748,41,13,40,1,1,1
53,1,16,1,4737,7,0,40,1,1,1
21,1,19,5,4522,54,2,9,1,1,0
20,1,9,5,4103,5,16,7,1,1,0
18,1,18,5,4593,10,17,7,1,1,0
50,1,16,1,6742,36,1,40,1,1,0
56,1,20,1,10,35,1,40,2,1,1
26,1,18,5,4630,42,0,40,1,1,0
18,1,16,5,4124,52,2,40,1,1,0
41,1,17,1,4296,40,1,40,1,1,0
28,1,21,5,3362,16,0,40,2,1,0
43,1,19,1,6317,11,1,40,1,1,1
53,1,19,1,4704,5,0,40,1,1,0
22,1,16,5,6211,39,13,40,2,1,0
34,1,16,1,9010,20,0,40,1,1,0
46,1,18,5,6236,13,0,40,1,1,0
49,1,21,1,360,35,1,50,1,1,1
22,1,21,5,1902,19,2,14,2,1,0
44,1,22,1,276,4,1,40,1,1,1
34,1,21,1,3383,12,1,40,2,1,1
49,1,16,1,5955,1,1,40,1,1,1
39,1,22,1,757,3,1,40,1,1,1
28,1,21,5,2284,15,2,40,2,1,0
48,1,21,1,345,14,1,40,1,1,1
26,1,16,5,4259,43,2,40,2,1,0
18,1,19,5,3942,18,17,14,2,1,0
52,1,22,1,299,219,0,40,2,6,1
50,1,22,1,435,9,0,40,1,1,1
47,1,17,1,8334,39,1,50,1,1,1
28,1,21,1,4991,52,0,40,2,1,0
27,1,19,3,5057,6,0,10,2,1,0
23,1,19,5,6557,14,0,40,1,1,0
41,1,19,1,6049,13,0,40,1,1,0
47,1,19,1,6044,39,1,40,1,1,1
47,1,16,1,7571,8,0,40,1,1,1
42,1,20,3,301,5,0,40,1,1,1
21,1,16,3,9635,17,16,40,1,1,0
28,1,19,5,6202,37,0,40,2,1,0
18,1,14,5,3915,48,2,8,2,1,0
27,1,21,1,4917,25,0,40,2,1,0
33,1,19,1,2265,53,0,8,2,1,0
22,1,19,5,4670,8,2,14,2,1,0
43,3,21,5,2368,21,0,40,2,1,1
20,1,19,5,4687,10,2,13,1,1,0
21,1,16,5,5300,47,2,40,1,1,0
27,1,16,1,4948,39,1,8,2,1,0
40,1,19,5,5955,36,0,40,2,1,0
44,1,11,3,5477,317,0,40,1,1,0
42,1,19,1,5918,23,0,40,1,1,0
30,1,21,1,1235,34,1,40,1,1,0
25,1,21,5,2207,19,2,40,2,1,0
40,3,21,1,2377,32,1,40,2,1,1
30,1,20,1,5463,13,9,40,2,1,0
39,1,19,1,5520,34,0,40,1,1,0
49,1,22,5,319,4,0,40,2,1,1
50,1,19,1,416,43,0,50,1,1,1
56,1,20,1,3624,26,1,40,2,1,0
59,1,12,1,2174,288,1,10,2,1,0
23,1,16,5,5452,6,0,40,2,1,0
44,1,21,3,89,4,0,40,1,1,1
18,1,19,5,2620,25,17,10,2,1,0
53,1,16,1,7489,20,1,50,1,1,1
57,1,19,1,4846,37,1,40,2,1,1
39,1,22,1,1303,19,1,50,1,1,1
50,1,16,1,5815,36,0,40,1,1,1
57,1,19,1,5763,23,0,40,1,1,1
24,1,19,1,5495,8,0,40,2,1,0
28,1,19,5,5836,6,13,40,1,1,0
61,1,16,1,4646,21,1,40,2,1,0
28,1,21,5,2412,16,2,40,1,1,0
39,3,22,1,2473,38,1,40,2,1,0
49,1,19,3,997,27,0,40,1,1,1
45,1,6,1,4175,5,0,40,2,1,0
45,1,16,1,6058,9,1,40,2,1,0
28,1,16,3,4113,29,5,40,2,1,0
26,3,21,5,2383,5,2,12,2,1,0
46,1,19,5,372,36,0,40,1,1,1
26,1,16,5,5053,15,2,40,1,1,0
56,1,20,1,3327,43,1,40,2,1,0
38,1,21,1,864,36,1,50,1,1,1
20,1,19,5,2549,34,2,10,1,1,0
23,1,17,5,4077,40,2,40,1,1,0
29,2,21,5,1972,3,0,40,2,1,1
37,1,21,3,2018,7,0,40,1,1,1
40,1,21,5,150,40,0,40,2,1,1
53,1,16,1,5576,21,0,40,1,1,1
56,1,16,1,4276,34,1,33,2,1,0
40,1,21,1,3691,6,0,40,2,1,0
49,1,16,1,6123,6,0,40,1,1,1
63,1,18,3,569,32,0,40,1,1,1
53,1,19,1,298,215,1,40,1,1,1
20,1,10,5,4134,326,17,9,1,6,0
66,1,20,1,4955,27,1,12,2,1,0
34,1,21,1,2247,39,1,40,2,1,0
29,1,19,1,5501,37,1,15,2,1,0
21,1,16,5,5936,4,13,40,1,1,0
22,1,19,3,3674,8,0,33,2,1,0
60,1,21,1,3180,7,1,40,2,1,0
36,1,16,5,7591,7,13,40,1,1,1
28,1,21,1,5933,36,1,40,1,1,0
45,1,21,1,1303,258,0,50,1,6,1
27,3,21,1,2285,36,9,40,2,1,0
20,1,14,5,4090,8,17,14,1,1,0
29,1,21,5,1942,32,2,40,2,1,0
27,1,21,5,5364,40,0,40,1,1,0
27,1,21,5,5759,36,13,40,2,1,0
31,1,21,5,3593,36,13,40,2,1,0
48,1,16,1,5286,307,1,40,2,1,0
21,1,16,5,4191,7,17,40,1,1,0
19,1,14,5,4607,27,17,7,2,1,0
35,1,21,5,1130,35,13,40,1,1,1
34,3,22,1,2328,9,0,40,2,1,0
32,1,19,5,5437,228,0,40,1,6,1
40,1,21,1,2401,11,1,12,2,1,0
38,1,21,3,2513,32,0,40,2,1,0
54,1,16,1,6207,39,0,40,1,1,1
57,1,16,1,5915,40,1,40,2,1,0
49,1,19,1,10,40,1,40,1,1,1
44,1,22,1,3175,7,1,40,2,1,1
26,1,16,5,5013,39,13,40,1,1,0
47,1,21,1,3265,2,0,40,2,1,1
27,1,19,3,3174,36,0,12,2,1,0
27,1,21,5,2025,42,0,14,2,1,0
25,1,19,5,5482,25,2,40,1,1,0
23,1,19,3,5714,33,9,40,2,1,0
60,1,16,1,5758,35,0,40,1,1,0
19,1,19,5,4769,6,2,6,1,1,0
47,1,21,1,3736,238,0,40,2,6,0
32,1,21,1,2343,33,0,40,2,1,0
36,1,21,1,145,37,1,50,1,1,1
45,1,16,1,4188,306,9,40,2,1,0
47,1,22,1,3246,35,1,40,2,1,1
45,1,21,1,136,16,1,50,1,1,1
60,1,16,3,5561,34,0,33,2,1,0
34,1,21,1,5591,6,0,40,2,1,0
46,1,21,1,10,24,0,50,1,1,1
30,1,21,1,5564,9,0,40,1,1,0
29,1,19,5,5787,7,13,40,2,1,0
33,1,21,1,602,14,0,40,1,1,1
36,1,18,5,5776,12,0,40,2,1,0
66,1,19,3,5285,39,0,8,2,1,0
56,1,17,5,9196,41,0,40,1,1,1
43,1,16,3,8004,318,13,40,1,1,1
20,1,21,5,1874,36,2,14,1,1,0
45,1,18,1,5324,195,0,40,2,6,0
17,1,14,5,4077,54,17,10,2,1,0
19,1,19,5,4664,23,2,10,2,1,0
24,1,17,3,4110,21,0,33,2,1,0
21,1,21,5,2195,15,2,8,2,1,0
47,1,21,1,5852,7,1,40,2,1,0
48,1,19,1,5053,8,1,11,2,1,0
22,1,14,5,4146,34,15,40,1,1,0
60,1,16,1,5754,5,0,40,1,1,1
44,1,21,1,363,36,0,60,1,1,1
43,1,18,1,7635,11,0,40,1,1,1
56,1,16,1,5905,13,1,40,2,1,0
44,3,22,1,2386,220,0,11,2,6,0
43,1,21,1,1191,9,0,40,1,1,1
20,1,19,5,4727,57,16,8,2,1,0
41,1,21,3,5669,13,0,40,2,1,0
18,1,11,5,4023,307,2,14,1,8,0
62,3,22,1,2687,34,1,9,2,1,0
52,1,16,5,6969,6,0,40,1,1,1
37,1,20,1,4587,39,1,40,2,1,0
45,1,21,1,1514,10,0,40,1,1,1
26,1,14,5,3911,322,2,31,2,1,0
25,1,19,1,6386,7,0,40,2,1,0
36,1,22,1,3359,217,0,40,2,6,1
46,1,21,1,5801,5,1,40,2,1,0
53,2,22,3,2139,23,0,40,2,1,1
22,1,21,5,1388,20,0,40,1,1,1
56,1,16,1,8204,20,0,40,1,1,1
50,1,19,1,405,8,0,40,1,1,1
75,2,21,1,2168,24,1,11,2,1,0
42,1,21,1,1005,23,0,50,1,1,1
37,1,19,1,5763,40,0,4,2,1,0
51,1,22,5,2321,7,0,40,2,1,1
20,1,19,5,4793,19,2,10,2,1,0
60,7,22,2,201,27,0,50,2,1,1
26,1,21,5,3571,7,0,40,2,1,0
29,1,16,5,6124,39,0,40,1,1,0
35,1,21,1,3170,18,1,40,2,1,0
48,1,21,3,189,38,0,40,1,1,1
43,1,16,1,5361,319,1,31,2,1,0
41,1,21,1,2944,29,1,40,2,1,0
20,1,16,5,4313,55,2,12,1,1,0
23,1,19,5,2221,5,17,15,2,1,0
32,1,19,5,7416,42,0,40,1,1,1
30,1,16,1,6077,38,0,13,2,1,0
21,1,16,5,5509,27,2,40,1,1,0
37,2,21,5,2966,41,0,40,2,1,1
24,1,16,5,4811,32,0,40,2,1,0
45,1,19,1,4756,1,0,40,2,1,0
50,1,19,1,7402,29,0,50,1,1,1
30,1,16,5,5182,41,0,40,2,1,0
29,1,16,5,5534,8,2,40,2,1,0
46,1,21,1,257,41,1,40,2,1,1
53,1,22,1,3000,39,0,40,2,1,1
28,3,21,1,2168,38,0,40,2,1,0
29,1,18,3,4117,1,0,35,2,1,0
51,3,21,3,2505,31,0,12,2,1,0
18,1,21,5,2341,8,2,12,2,1,0
59,1,16,1,6079,43,1,36,2,1,0
62,1,19,1,5375,20,1,40,2,1,0
28,1,21,5,935,5,0,40,1,1,1
30,1,21,1,295,12,1,40,1,1,0
37,1,21,1,6098,4,0,40,1,1,0
56,1,19,3,5754,38,0,40,1,1,1
35,1,21,1,5702,15,1,40,2,1,0
46,1,19,1,5610,39,0,40,1,1,1
57,1,16,1,2674,4,1,10,2,1,0
50,1,16,3,219,19,0,50,1,1,1
47,1,21,1,2499,7,1,40,2,1,0
46,1,21,1,3602,41,1,40,2,1,1
54,1,16,1,4841,22,1,40,2,1,0
46,1,19,3,6426,6,13,40,1,1,0
54,1,16,1,5112,16,1,10,2,1,0
28,1,19,1,6515,20,1,40,1,1,0
26,1,16,1,6046,44,0,40,1,1,0
52,1,19,1,238,19,0,50,1,1,1
38,1,17,1,9541,41,1,40,1,1,0
32,1,16,1,4141,324,1,6,2,1,0
43,1,10,1,4056,1,9,40,2,1,0
58,1,18,1,2369,4,1,34,2,1,0
24,1,16,5,5936,9,0,40,2,1,0
28,1,22,3,2295,37,0,40,2,1,1
62,2,21,1,2226,35,0,15,2,1,0
48,1,21,1,490,24,0,50,1,1,1
23,1,16,5,9824,36,2,40,1,1,0
21,1,19,5,5493,3,13,40,2,1,0
28,1,8,3,4181,37,16,40,1,1,0
33,1,21,5,1083,206,0,40,1,6,1
24,1,16,5,5157,44,0,40,2,1,0
46,1,20,1,590,33,1,40,1,1,1
31,1,21,1,2003,317,1,40,2,1,0
33,1,17,5,7408,5,0,40,1,1,0
47,1,16,1,5582,236,1,40,2,6,0
19,1,19,5,4171,26,2,10,1,1,0
47,1,21,3,995,3,0,40,1,1,1
24,1,21,5,2484,11,2,40,2,1,0
24,1,16,1,5895,5,0,40,1,1,0
24,1,19,5,4922,38,13,40,2,1,0
25,1,19,5,4763,35,17,33,2,1,0
61,1,21,1,3294,17,0,40,2,1,1
39,1,16,1,5982,37,0,40,1,1,0
29,1,17,5,9552,41,2,40,1,1,0
23,1,16,5,4208,44,2,7,1,1,0
22,1,16,1,6020,21,1,40,2,1,0
58,1,19,1,5530,14,0,40,2,1,0
51,1,20,3,193,8,0,40,1,1,1
18,1,16,5,4198,4,17,7,2,1,0
54,1,16,1,9232,22,0,40,1,1,0
31,1,16,1,5481,38,1,5,2,1,0
27,1,16,5,5979,37,13,40,2,1,0
34,3,21,1,2412,25,0,40,2,1,1
55,1,17,1,4078,41,0,40,2,1,0
20,1,16,5,3970,39,2,40,1,1,0
28,1,16,5,5575,16,2,40,2,1,0
63,1,19,1,5408,32,1,40,2,1,0
54,1,19,1,5929,36,1,40,1,1,1
21,1,8,5,9026,31,15,40,1,1,0
44,1,20,1,3246,7,1,9,2,1,0
18,1,19,5,4767,7,17,9,1,6,0
48,1,19,1,4980,36,0,40,2,1,0
42,1,21,1,1202,226,1,40,1,6,1
24,1,21,5,3450,37,0,40,2,1,0
27,1,19,5,4850,6,13,40,2,1,0
20,1,16,5,4137,40,2,7,2,1,0
28,1,21,3,2217,40,0,30,2,1,0
39,1,22,1,1361,212,0,50,1,6,1
51,1,19,1,5411,33,1,40,2,1,1
37,1,21,1,1516,221,0,40,1,6,1
27,1,19,5,5662,40,0,40,2,1,0
28,1,19,5,6162,16,2,40,1,1,0
41,1,22,5,456,14,0,40,1,1,1
23,1,19,3,5019,33,0,40,2,1,0
27,1,16,5,5483,29,0,40,1,1,0
50,1,19,1,313,37,0,40,1,1,1
45,1,19,1,4723,4,0,40,1,1,1
46,1,14,5,3805,17,2,33,2,1,0
45,1,22,1,1805,15,1,40,1,1,1
26,1,16,5,4059,36,2,40,2,1,0
24,1,21,5,2196,20,2,40,2,1,0
22,1,21,5,2377,55,2,14,1,1,0
54,1,22,1,3221,42,1,40,2,1,1
26,1,19,5,2232,189,2,14,2,6,0
48,1,18,1,5994,29,1,40,1,1,0
31,2,22,1,2136,4,0,16,2,1,0
47,1,21,3,173,4,0,50,1,1,1
29,1,21,5,3365,31,0,13,2,1,0
73,1,19,1,2656,37,1,15,2,1,0
26,1,21,5,5617,36,0,40,2,1,1
52,1,21,1,5903,9,0,40,1,1,0
43,3,21,1,2384,33,0,40,2,1,0
24,1,21,1,5020,6,0,8,2,1,0
18,1,18,5,4234,7,2,10,1,1,0
46,1,16,1,5478,4,0,40,2,1,0
38,3,21,1,2439,12,0,40,2,1,1
55,1,19,1,5979,36,0,40,1,1,1
19,1,16,5,4065,7,2,40,1,1,0
24,1,19,1,4875,24,0,15,2,1,0
52,1,16,1,7396,22,0,50,1,1,1
28,1,21,5,3133,36,0,40,2,1,1
25,1,16,5,9255,10,13,40,1,1,0
45,1,22,3,490,209,0,40,1,6,1
43,1,22,1,556,42,0,40,1,1,1
57,1,16,1,259,13,1,50,1,1,1
63,3,21,1,2248,33,0,35,2,1,0
29,1,21,5,4922,3,0,40,1,6,0
29,1,16,1,6211,50,0,40,1,1,0
20,1,16,5,4615,21,17,9,2,1,0
26,1,22,5,2090,7,2,40,2,6,0
24,1,16,5,5677,23,0,40,2,1,0
63,3,21,1,2350,35,10,8,2,1,0
18,1,14,5,4146,50,16,16,1,1,0
59,1,20,1,6004,25,1,40,2,1,1
34,1,21,5,3434,26,13,40,2,1,0
22,1,19,5,2103,37,17,33,2,1,0
29,1,19,1,5905,40,1,40,2,1,0
54,1,19,1,5674,33,0,40,2,1,0
56,1,16,1,6025,38,0,40,2,1,0
57,1,16,3,5781,3,0,40,2,1,1
45,1,16,1,4157,208,1,40,2,8,0
36,1,21,3,819,39,0,40,1,1,1
20,1,16,5,4084,38,2,40,1,1,0
57,1,16,5,5740,12,0,40,1,1,1
41,2,21,1,3114,34,1,28,2,1,0
34,1,22,1,1212,26,0,40,1,1,1
48,1,19,1,5829,8,0,40,1,1,1
23,1,21,5,2333,5,2,13,1,1,0
17,1,16,5,9660,28,2,8,1,1,0
27,1,17,5,4020,37,0,40,2,1,0
21,1,21,5,2342,12,12,10,2,1,0
53,1,16,5,4714,36,0,40,1,1,1
31,1,21,5,979,26,0,40,1,1,1
30,1,19,1,5505,49,0,40,1,1,0
20,1,16,5,4308,47,2,7,1,1,0
47,1,21,1,761,5,0,40,1,1,1
60,1,21,1,3837,23,0,40,2,1,0
49,1,21,1,288,41,1,40,1,1,1
23,1,19,5,6865,41,2,40,1,1,0
25,1,19,5,4651,25,13,36,2,1,0
19,1,16,5,9094,312,2,40,1,8,0
49,1,22,1,436,207,0,40,1,6,1
49,1,21,1,4735,317,1,40,2,6,0
23,1,18,5,5863,35,2,40,1,1,0
46,1,12,1,6284,34,9,40,2,1,0
21,1,18,5,2736,8,17,11,2,6,0
40,1,19,5,5400,9,0,40,1,1,1
45,1,21,1,1051,37,0,40,1,1,1
58,1,14,5,5134,15,13,40,1,1,0
18,1,19,5,4899,6,2,1,2,1,0
49,1,18,5,5016,9,0,40,2,1,1
48,1,22,1,1516,5,0,40,1,1,1
47,1,19,1,4954,9,1,40,1,1,1
21,1,19,5,1869,20,2,14,2,1,0
24,3,22,5,2630,24,2,40,2,1,0
41,1,22,1,2362,9,0,40,2,1,0
43,1,16,1,4161,312,0,40,2,6,0
23,1,21,5,2431,21,2,40,1,1,0
27,1,16,1,4000,298,10,40,2,8,0
26,1,18,5,5816,10,0,40,1,1,0
32,1,19,1,6054,20,1,40,1,1,0
51,1,22,3,10,22,0,40,1,1,1
32,1,16,1,5943,48,1,40,1,1,0
44,1,19,1,249,4,0,40,1,1,1
44,3,21,1,2423,37,1,40,2,1,1
56,1,21,1,10,29,1,50,1,1,1
42,1,16,1,9214,6,1,40,1,1,0
21,1,16,5,4201,22,17,5,1,1,0
22,1,19,5,9511,4,2,40,1,1,0
23,1,21,5,4632,246,13,40,2,6,0
28,1,19,5,5829,22,13,40,2,1,0
20,1,16,5,9830,22,2,40,1,1,0
47,1,16,1,6430,308,1,40,2,1,0
46,1,16,1,330,20,1,40,1,1,1
31,1,22,1,3249,6,0,40,2,1,1
26,1,16,3,4255,51,2,40,1,1,0
40,1,19,5,5816,40,0,40,1,1,0
29,1,21,5,2296,28,2,40,1,1,0
43,1,22,1,3383,232,0,40,2,6,1
44,1,21,1,2955,10,0,40,2,1,0
21,1,8,5,4060,7,17,40,1,1,0
21,1,19,5,3477,34,17,40,2,1,0
28,1,21,1,2634,23,1,40,2,1,0
56,1,18,1,4143,18,9,40,2,1,0
32,1,21,5,1145,7,0,40,1,1,1
61,3,21,1,2246,10,0,33,2,1,0
50,1,21,1,144,25,1,50,1,1,1
36,1,21,1,607,21,0,40,1,1,1
28,1,16,3,5670,20,0,40,2,1,0
26,1,18,5,5197,33,0,40,2,1,0
54,1,21,3,524,21,0,50,1,1,1
18,1,19,5,2442,51,2,14,2,1,0
28,1,18,5,4218,40,2,7,2,1,0
24,1,19,1,6283,5,0,13,2,1,0
25,1,19,5,5994,37,13,40,1,1,0
28,1,16,1,4072,47,1,40,2,1,0
52,1,21,1,125,15,1,50,1,1,1
48,1,21,5,103,38,0,40,1,1,1
30,1,21,5,1319,5,0,40,1,1,1
18,1,14,5,4581,10,2,14,2,1,0
49,1,9,1,3855,18,1,40,2,1,0
29,1,21,5,701,23,13,40,1,1,1
24,1,16,3,4248,43,16,40,1,1,0
27,1,21,1,2103,38,0,40,2,1,0
25,1,15,5,4215,38,2,33,2,1,0
45,1,16,1,6213,38,1,40,1,1,0
48,1,16,5,6358,14,0,40,1,1,1
45,1,21,1,472,208,1,50,1,6,1
50,1,19,1,6068,24,0,40,2,1,1
63,1,16,1,5323,27,0,40,1,1,1
29,1,16,1,6623,26,0,40,2,1,0
73,1,19,1,2457,39,0,7,2,1,0
64,1,19,1,5555,37,0,40,2,1,1
62,1,16,1,4323,26,0,40,2,1,0
20,1,16,5,4304,23,2,11,1,1,0
41,1,21,1,3108,24,0,40,1,1,1
22,1,16,5,5852,35,13,40,2,1,0
44,1,21,1,5069,36,0,40,2,1,0
18,1,14,5,4005,9,2,8,1,1,0
56,1,17,1,8813,27,0,40,1,1,1
26,1,16,1,4184,26,9,40,2,1,0
48,1,21,1,3174,7,1,40,2,1,1
44,1,21,3,105,7,0,50,1,1,1
24,1,19,5,4688,48,2,13,2,1,0
51,1,16,5,5917,40,0,40,1,1,1
20,1,8,5,4231,34,16,12,2,1,0
21,1,21,5,4619,4,2,14,2,6,0
38,1,21,1,2183,34,1,8,2,1,0
45,1,18,1,5784,210,1,40,2,6,0
31,1,21,1,5790,46,1,40,2,1,0
26,1,19,5,6285,5,2,40,2,1,0
47,1,21,1,208,30,0,50,1,1,1
48,1,16,3,7477,43,0,40,1,1,1
57,1,16,1,5592,40,1,40,2,1,0
48,1,18,1,121,8,0,50,1,1,1
24,1,9,5,4145,15,16,36,2,1,0
28,1,19,5,5784,24,0,40,1,1,0
49,1,21,3,404,34,0,40,1,1,1
43,1,21,1,6331,40,0,40,1,1,1
30,1,21,3,649,28,0,40,1,1,1
46,1,21,1,144,313,0,40,1,6,1
20,1,16,5,4716,42,2,31,2,1,0
30,1,19,3,5079,25,0,40,2,1,0
54,1,19,1,5751,21,0,40,1,1,1
42,1,16,1,3934,231,0,40,2,8,0
57,1,16,1,4241,28,0,40,2,1,0
63,1,18,3,6372,33,0,40,2,1,1
61,1,21,1,3044,22,0,40,2,1,0
46,1,21,1,292,11,0,50,1,1,1
23,1,19,5,5916,34,2,40,1,1,0
61,1,19,1,376,28,0,40,1,1,1
38,1,16,5,7999,15,13,40,1,1,1
49,1,16,1,4010,322,1,35,2,1,0
51,1,16,1,4076,329,1,40,2,1,0
24,1,16,3,6064,18,0,40,2,1,0
58,1,19,1,2448,10,1,11,2,1,0
31,1,20,5,5099,26,13,40,2,1,1
35,1,21,1,1411,23,0,40,1,1,0
27,1,19,3,5739,7,0,40,2,1,0
24,1,17,1,4181,322,9,40,1,1,0
19,1,16,5,5350,29,0,40,2,1,0
30,1,21,5,1181,5,13,40,1,1,0
26,1,16,1,5872,38,0,32,2,1,0
48,1,21,1,540,11,1,40,1,1,1
23,1,18,5,4085,40,17,40,1,1,0
31,1,21,5,288,16,0,40,2,1,1
21,1,14,5,4065,49,2,5,1,1,0
30,3,21,5,2721,36,13,40,2,1,1
46,1,21,3,1590,24,0,40,1,1,1
29,1,21,5,2266,8,2,40,1,1,0
44,1,17,5,9498,299,0,40,1,1,0
72,2,19,3,3794,27,0,15,2,1,0
28,1,19,5,6612,35,0,40,1,1,0
20,1,14,5,4265,3,17,6,1,6,0
57,1,20,1,3456,22,1,40,2,1,0
25,1,19,5,6526,13,2,40,1,1,0
26,1,19,1,4652,51,0,14,2,1,0
54,1,18,3,5949,43,0,40,2,1,0
48,1,17,1,3970,312,1,40,2,1,0
62,1,7,3,5765,16,0,40,1,1,0
55,1,16,5,7709,32,0,40,1,1,1
30,1,21,1,1802,27,10,40,2,1,0
17,1,16,5,4278,216,17,9,1,6,0
51,1,21,3,149,17,0,40,1,1,1
27,1,21,1,5520,11,0,40,1,1,0
26,3,21,3,2426,46,10,40,2,1,0
59,1,19,1,3338,33,1,11,2,1,0
67,1,21,3,3251,40,0,40,2,1,1
41,1,21,1,477,3,0,50,1,1,1
49,1,18,1,7258,15,0,40,1,1,1
54,1,16,5,6366,29,0,40,1,1,1
52,1,16,5,4672,40,0,40,1,1,1
42,1,21,3,101,7,0,40,2,1,1
25,1,21,3,4977,6,0,40,1,1,0
25,1,19,5,4696,30,17,40,2,1,0
28,1,19,1,5652,15,1,40,2,1,0
56,1,16,3,5893,23,0,40,2,1,1
29,1,21,5,5972,2,0,40,1,1,0
38,1,16,1,4078,1,0,40,1,1,0
74,1,21,1,3246,18,0,40,2,1,0
40,1,19,5,6412,41,0,40,2,1,0
45,1,21,3,6021,4,0,40,1,1,1
27,1,19,5,6330,227,17,40,1,6,0
46,1,21,1,10,20,1,50,1,1,1
34,1,21,5,360,39,0,40,1,1,1
24,1,16,5,9135,15,0,40,2,1,0
23,1,19,5,4943,13,2,10,2,1,0
30,1,21,3,2356,4,12,40,2,1,0
31,1,21,1,1565,36,0,40,1,1,1
37,1,19,5,5307,42,0,40,1,1,1
57,1,18,1,245,36,0,60,1,1,1
71,1,21,3,3146,38,0,40,2,1,0
43,1,16,5,5421,299,0,40,1,1,1
31,1,19,1,4838,219,0,40,1,6,0
23,1,16,1,4038,7,9,40,2,1,0
50,1,16,1,8821,4,0,40,1,1,0
39,1,21,1,2265,42,1,40,2,1,0
23,1,14,5,4045,31,16,32,2,1,0
39,1,22,3,353,45,0,50,1,1,1
40,1,19,1,7944,10,0,40,1,1,1
20,1,16,5,4731,7,2,14,2,1,0
46,1,16,1,4267,321,1,40,2,1,0
50,1,16,1,5149,34,1,40,1,1,1
39,1,21,1,2412,5,1,40,2,1,0
58,1,16,3,3730,36,0,40,2,1,0
26,1,16,5,3893,22,0,40,2,1,0
26,1,16,5,4194,30,2,40,1,1,0
29,1,16,1,9040,40,1,40,1,1,0
32,1,21,5,1017,14,0,40,2,1,1
21,1,16,5,3912,52,2,40,1,1,0
30,1,16,3,4183,21,0,40,2,1,0
54,1,16,5,5473,28,0,40,1,1,1
65,1,21,1,3094,14,1,40,1,1,1
35,1,21,1,2242,5,1,40,2,1,0
38,1,21,1,514,5,0,40,1,1,1
27,1,21,1,1836,26,1,40,2,1,0
30,1,21,5,3642,20,0,40,2,1,1
43,1,21,1,965,9,1,40,1,1,1
42,1,21,1,3259,35,1,40,1,1,1
63,1,20,3,3647,35,0,34,2,1,0
29,2,23,5,2142,26,2,14,2,1,0
46,1,21,1,356,21,0,40,1,1,1
58,1,16,1,5169,22,0,40,1,1,1
27,1,16,1,4115,321,0,40,2,1,0
47,1,22,5,764,37,0,40,1,1,1
36,1,21,1,866,9,1,40,1,1,1
45,1,1,1,4173,292,9,40,2,1,0
42,2,24,5,2387,4,13,40,2,1,1
60,1,16,1,7004,42,1,40,1,1,1
42,1,19,1,5811,38,0,40,1,1,0
41,1,21,1,807,16,0,40,1,1,1
57,1,18,1,8740,38,1,40,1,1,1
24,1,19,3,4979,39,0,40,2,1,0
34,1,21,5,480,36,0,40,1,1,1
57,1,19,3,5410,25,0,40,2,1,0
21,1,16,5,4827,46,17,10,1,1,0
42,3,21,3,2498,2,0,40,2,1,0
25,1,19,5,4731,10,12,34,2,1,0
55,1,21,1,1084,22,0,40,2,1,0
22,1,19,5,6071,5,17,40,1,1,0
49,1,21,1,540,5,0,40,1,1,1
39,1,19,5,7229,23,0,40,1,1,1
59,1,16,1,5787,42,0,40,1,1,0
20,1,16,5,4033,34,2,40,2,1,0
26,1,19,1,5109,302,10,40,2,6,0
46,1,19,1,5632,5,0,40,1,1,1
33,1,21,1,2559,51,1,40,2,1,0
62,2,22,3,2052,38,0,11,2,1,0
18,1,18,5,4643,52,17,13,2,1,0
32,1,21,1,1293,36,0,40,1,1,0
19,1,19,5,4805,36,17,13,2,1,0
48,1,19,1,260,33,0,40,1,1,1
31,1,16,1,4942,23,1,40,2,1,0
47,1,19,3,5902,36,0,40,1,1,1
67,2,23,3,2096,5,0,10,2,1,0
51,1,16,1,7352,36,0,50,1,1,1
43,1,21,1,5278,207,1,40,1,6,0
62,1,20,1,374,31,0,50,1,1,1
44,1,21,1,216,17,1,50,1,1,1
41,1,18,1,6285,7,1,40,1,1,1
55,1,16,5,6193,38,13,40,1,1,1
30,1,21,5,2290,34,0,40,2,1,1
21,1,19,5,9518,2,17,40,1,1,0
38,1,16,5,7190,36,13,40,1,1,1
27,1,19,1,5724,19,0,12,2,1,0
46,1,21,5,1260,12,0,40,1,1,1
59,1,16,1,9397,31,0,40,1,1,0
22,1,19,5,4711,9,17,12,1,6,0
45,1,21,5,417,11,0,40,1,1,1
43,1,21,5,3151,32,13,40,2,1,1
57,1,16,1,9456,14,0,40,1,1,0
47,2,21,1,2144,6,1,15,2,1,0
52,1,16,3,7924,1,0,40,1,1,1
20,1,21,5,4687,8,12,10,2,1,0
57,1,16,3,6829,6,0,40,1,1,1
37,1,21,1,2267,6,1,40,1,1,1
35,1,19,1,5288,46,0,40,2,1,0
50,1,21,1,2323,55,1,9,2,1,0
33,1,20,1,979,25,1,40,1,1,1
45,1,21,1,5057,4,0,40,1,1,1
45,1,21,1,3114,11,1,40,2,1,0
26,2,21,5,2367,10,2,4,2,1,0
18,1,16,5,4064,35,2,11,2,1,0
53,1,19,1,5267,34,0,40,1,1,1
33,1,21,1,2881,31,0,40,2,1,1
26,1,21,1,5734,36,1,40,2,1,0
56,1,19,3,3394,31,0,40,2,1,0
23,1,20,3,3128,21,0,32,2,1,0
24,1,19,5,4736,8,2,33,2,1,0
48,1,17,5,6255,322,0,40,1,8,1
32,1,21,1,2453,50,1,40,2,1,0
53,1,18,1,6912,33,0,40,1,1,1
18,1,19,5,3797,24,16,12,1,1,0
62,1,16,1,50,38,0,40,2,1,1
23,1,19,5,5379,3,2,40,2,6,0
58,1,16,1,6130,20,0,40,1,1,1
23,1,16,1,4126,19,0,13,2,1,0
42,1,21,1,844,14,0,50,1,1,1
28,1,21,1,2339,37,0,40,2,1,0
21,1,19,5,6218,52,2,40,1,1,0
22,1,19,5,4690,8,16,9,2,1,0
42,1,21,1,96,4,0,40,2,1,1
40,1,21,5,1006,41,0,40,1,1,1
32,1,21,1,2580,48,0,40,2,1,0
38,1,21,5,258,29,0,40,2,1,1
21,1,19,5,4564,32,16,10,2,1,0
28,1,16,1,5525,18,1,40,2,1,0
32,1,21,1,846,37,0,40,1,1,0
33,1,21,5,3659,36,0,40,2,1,0
39,1,21,1,1246,14,0,40,1,1,1
31,1,18,5,9099,32,13,40,1,1,0
48,1,1,1,5742,312,0,40,1,6,0
38,1,21,1,759,10,1,40,1,1,1
50,1,22,1,344,34,1,40,1,1,1
33,1,19,5,5200,40,0,40,2,1,1
20,1,21,5,2205,9,17,9,2,6,0
56,1,16,3,5483,11,0,40,1,1,0
45,1,19,1,5613,35,0,40,1,1,1
43,1,21,1,1300,2,0,40,2,1,0
28,1,21,5,3136,37,0,40,2,1,1
59,1,16,5,4570,36,0,40,2,1,0
61,1,19,1,3329,41,1,16,2,1,0
45,1,19,1,1675,6,1,40,1,1,1
34,3,22,1,2251,6,1,11,2,1,0
24,1,18,3,3996,35,0,40,2,1,0
50,1,17,5,5693,36,0,40,1,1,0
65,1,21,5,3240,37,0,40,2,1,1
21,1,19,5,4664,23,17,12,2,1,0
30,1,19,5,5914,9,0,40,1,1,0
29,1,19,5,6071,27,13,40,1,1,0
26,1,16,1,4031,1,1,13,2,1,0
27,1,19,3,4661,12,0,10,2,1,0
65,1,16,1,5968,20,0,40,2,1,0
18,1,16,5,4167,3,2,9,1,1,0
23,1,21,5,552,36,0,40,1,1,0
20,1,19,5,4759,38,2,13,1,1,0
19,1,19,5,4889,33,17,10,1,1,0
20,1,19,5,5848,40,2,9,1,1,0
23,1,16,5,4036,25,2,40,1,1,0
32,1,21,5,2475,36,0,40,2,1,1
30,1,21,5,1459,6,0,40,1,1,1
50,1,21,1,336,36,0,50,1,1,1
34,1,21,1,4994,17,1,40,1,1,0
54,1,16,1,4935,39,0,40,2,1,0
47,1,21,1,1267,34,0,50,1,1,1
26,1,9,1,4163,296,0,40,1,8,0
48,1,19,1,5330,6,0,40,2,1,0
54,1,18,1,5572,18,1,40,1,1,0
44,1,16,1,5463,4,0,40,2,1,0
22,1,18,5,4393,50,2,14,1,1,0
47,1,21,1,430,40,0,40,1,1,1
43,1,16,3,5428,9,13,40,2,1,0
28,1,23,5,2176,17,13,40,2,1,1
30,1,16,5,3945,11,10,40,2,1,0
62,1,18,1,6024,40,0,40,1,1,0
25,1,21,5,3525,36,0,40,2,1,0
39,3,21,1,2366,37,0,40,2,1,1
60,1,16,1,7601,13,0,40,1,1,1
28,1,16,3,6176,39,0,40,2,1,0
18,1,18,5,4289,49,2,10,1,1,0
45,1,21,1,3118,21,1,50,1,1,1
21,1,19,5,4762,40,2,15,2,1,0
28,3,22,5,2310,40,0,40,2,1,1
27,1,21,5,5214,39,12,40,1,1,0
59,1,19,3,5621,21,0,40,1,1,0
21,1,16,5,4628,42,12,12,2,1,0
27,1,21,5,3382,39,13,40,2,1,0
48,1,21,3,330,40,0,40,1,1,1
44,1,19,5,4888,304,13,40,1,6,1
24,1,21,5,915,6,0,40,1,1,1
41,1,22,1,3137,34,0,40,1,1,1
26,1,16,1,5710,46,1,40,2,1,0
29,1,16,5,5153,26,0,40,2,1,0
45,1,22,3,1075,21,0,50,1,1,1
60,2,22,1,2140,8,0,40,2,1,0
31,1,19,1,4421,9,1,40,2,1,0
49,1,19,1,6165,36,1,40,2,1,1
49,1,19,3,6656,20,0,40,1,1,1
50,1,19,5,208,14,0,40,1,1,1
50,1,21,1,1121,27,0,40,1,1,1
45,1,21,3,4457,20,0,40,1,1,1
26,1,19,5,6132,5,0,40,2,1,0
21,1,10,5,4345,52,17,14,1,1,0
52,1,19,5,3870,6,0,40,2,1,0
53,1,19,3,4896,41,0,40,2,1,1
67,1,19,1,6126,38,0,40,2,1,0
50,1,16,1,6309,10,0,40,1,1,1
55,1,16,3,7976,39,0,40,1,1,1
44,1,21,1,244,15,1,60,1,1,1
42,1,22,1,227,42,1,61,1,1,1
34,1,21,1,1181,1,1,40,1,1,1
19,1,21,5,2531,40,17,13,2,1,0
24,1,16,1,5540,51,0,40,2,1,0
48,1,19,1,533,38,0,40,1,1,1
46,3,21,3,2335,34,0,15,2,1,0
29,3,21,3,2513,40,0,4,2,1,0
40,1,21,1,3162,29,1,40,2,1,0
41,1,19,5,5830,11,0,40,1,1,1
25,1,19,5,4363,29,2,40,2,1,0
19,1,10,5,4274,17,2,16,2,1,0
51,1,22,1,157,40,0,50,1,1,1
27,1,22,5,2453,6,13,40,2,1,0
37,1,21,1,1318,12,0,40,2,1,1
55,1,16,5,5704,35,0,40,2,1,1
27,1,21,1,2414,28,12,40,2,1,0
25,1,16,5,6663,5,13,40,1,1,0
21,1,16,5,6351,21,17,40,1,1,0
47,1,18,3,7841,311,0,40,1,1,1
25,1,16,5,5563,45,2,40,1,1,0
22,1,19,5,2472,6,12,40,2,1,0
32,3,21,5,2494,32,13,40,2,1,1
66,1,18,1,4055,6,0,9,2,1,0
26,1,21,5,1873,40,0,15,2,1,0
59,1,19,1,269,24,1,40,1,1,1
61,1,18,3,7174,20,0,40,1,1,1
38,1,21,1,3593,315,0,40,2,1,0
28,1,22,5,2011,206,2,40,2,6,0
22,1,19,5,4765,37,2,9,2,1,0
57,1,21,3,3122,34,0,40,2,1,0
17,1,19,5,5507,9,2,40,1,1,0
49,1,21,3,382,220,0,40,1,1,1
18,1,16,5,9715,41,2,40,1,1,0
53,1,16,1,5853,33,1,40,1,1,1
42,1,16,1,6102,309,1,40,2,1,0
46,1,21,1,45,12,0,50,1,1,1
50,1,16,1,5225,37,0,40,1,1,0
51,1,16,1,4271,25,1,40,2,1,0
43,1,21,3,366,219,0,40,1,6,1
26,1,16,5,5147,8,0,40,2,1,0
23,1,18,5,5501,37,0,40,1,1,0
27,1,21,5,156,21,0,40,1,1,1
31,1,19,1,5219,8,1,40,1,1,0
44,1,21,1,171,41,1,40,2,1,1
41,1,21,5,1272,36,0,40,2,1,1
50,1,16,3,7522,42,0,40,1,1,1
25,1,16,1,5273,5,0,7,2,1,0
44,1,21,1,276,39,1,40,1,1,1
32,1,21,5,6209,40,13,40,1,1,0
21,1,19,1,5888,36,9,40,2,1,0
29,2,21,1,1913,21,0,13,2,1,0
28,1,16,1,5278,41,0,40,2,1,0
59,1,16,1,5414,4,0,40,2,1,0
54,1,19,5,5629,41,0,40,2,1,1
43,1,21,1,3467,7,1,40,2,1,1
41,1,19,3,6278,11,0,40,1,1,0
58,1,16,3,5056,35,13,40,2,1,1
39,1,21,1,1226,216,1,40,1,6,1
63,1,19,3,2258,5,0,9,2,1,0
43,1,22,1,229,225,0,40,1,6,1
37,2,21,1,1901,7,0,40,1,1,1
23,1,16,1,4155,7,0,40,2,1,0
19,1,19,5,4596,4,2,12,1,1,0
45,1,7,1,9077,36,1,40,1,1,0
45,1,16,1,6059,38,1,40,1,1,1
40,2,22,1,2064,1,1,10,2,1,0
73,1,19,1,3329,10,0,13,2,1,0
50,1,16,1,6376,6,1,40,2,1,1
57,1,16,1,7317,22,1,40,1,1,1
22,1,19,5,2300,10,2,12,2,1,0
42,1,19,1,1379,11,0,40,1,1,1
47,1,20,3,308,39,0,50,1,1,1
50,1,21,1,3142,6,0,40,2,1,1
35,1,19,5,6446,6,0,40,1,1,1
29,1,16,1,4281,20,0,40,2,1,0
43,1,21,1,2587,20,1,40,2,1,0
34,1,19,5,4579,29,13,40,1,1,0
56,1,16,1,4290,41,1,40,2,1,0
36,1,21,1,1378,18,1,40,1,1,1
52,1,16,5,7889,36,0,40,1,1,1
32,2,21,5,2279,22,0,40,1,1,1
32,1,17,5,9323,52,13,40,1,1,0
65,1,17,3,3999,26,0,14,2,1,0
29,1,21,1,5760,20,1,40,2,1,0
52,1,16,1,7301,39,1,40,1,1,1
28,1,16,1,5525,38,1,40,2,1,0
59,3,21,1,2356,36,9,40,2,1,0
40,1,17,5,6746,35,13,40,1,1,0
26,1,16,5,9821,8,4,40,1,1,0
27,1,18,3,6671,13,0,15,2,1,0
46,1,22,1,383,6,1,50,1,1,1
54,1,19,1,4654,38,0,40,1,1,1
43,1,16,1,6033,1,1,40,2,1,0
46,1,16,1,4827,4,1,40,2,1,0
31,1,19,5,5383,3,13,40,2,1,0
25,1,16,5,9093,35,0,40,1,1,0
41,1,21,1,774,26,1,40,1,1,1
29,1,19,5,4711,22,13,33,2,1,0
70,1,22,1,2894,38,0,40,2,1,1
49,1,16,1,6048,4,1,40,2,1,0
25,1,19,3,5438,20,2,40,1,1,0
30,1,19,5,5650,38,13,40,2,1,0
55,1,19,5,5660,27,13,40,2,1,0
27,1,19,1,5686,7,0,40,2,1,0
66,7,22,1,2906,19,0,40,1,1,1
53,1,19,3,132,35,0,40,1,1,1
19,1,16,5,4247,39,17,6,2,1,0
30,2,21,5,2272,37,0,32,2,1,0
46,1,21,1,3470,21,1,40,2,1,1
42,1,21,3,1168,15,0,40,1,1,1
51,1,16,1,6155,20,0,40,1,1,0
56,1,19,1,95,11,0,40,2,1,1
45,1,19,1,5437,6,1,40,2,1,1
49,1,19,3,6580,34,0,40,1,1,0
59,1,16,3,5752,35,0,40,1,1,0
27,1,16,1,5635,39,1,40,2,1,0
48,1,16,3,9104,323,0,40,1,1,1
48,1,19,1,5415,7,0,40,1,1,1
66,1,18,1,5697,35,0,13,2,1,0
17,1,14,5,4026,8,17,9,1,1,0
20,1,14,5,3975,5,17,9,2,1,0
22,1,16,3,4036,3,2,40,1,1,0
60,1,19,1,220,38,0,40,1,1,1
67,2,20,1,2309,22,0,16,2,1,0
27,1,16,5,4144,42,0,40,2,1,0
18,1,9,5,4085,9,2,10,2,1,0
26,1,16,3,3631,34,15,40,2,1,0
58,1,16,3,6479,17,0,40,1,1,1
19,1,19,5,4183,5,16,12,1,1,0
42,1,21,1,214,12,0,40,1,1,1
37,1,22,3,201,39,0,40,2,1,1
59,1,19,1,6167,33,0,40,2,1,0
43,1,21,1,2523,9,1,9,2,1,0
55,1,16,1,6047,11,0,40,2,1,0
58,7,21,1,10,41,0,50,1,1,1
26,2,21,1,2005,7,1,40,2,1,0
40,1,21,1,6122,13,1,40,2,1,0
24,1,19,5,3615,10,0,40,2,1,0
58,1,18,1,3764,16,1,11,2,1,0
41,1,21,1,2883,39,1,40,2,1,1
38,1,21,3,1013,9,0,40,1,1,1
40,1,16,1,9223,45,0,40,1,1,0
29,1,18,5,8830,34,13,40,1,1,0
64,1,19,1,6371,39,1,40,2,1,0
47,1,19,1,5865,32,0,40,1,1,1
42,3,21,1,2515,4,1,40,2,1,1
34,1,21,1,5358,43,0,40,1,1,0
77,2,22,1,3163,40,1,40,2,1,1
29,1,20,1,2296,6,1,15,2,1,0
46,1,21,5,220,39,0,40,2,1,1
33,1,21,5,3546,243,0,40,2,6,0
56,1,19,1,5108,13,0,40,1,1,0
27,1,16,5,3991,14,9,40,1,1,0
44,1,21,1,1522,248,1,40,2,6,1
19,1,14,5,4192,5,17,10,1,1,0
32,1,21,5,1443,42,0,40,1,1,1
43,1,21,1,832,38,1,40,1,1,1
32,1,19,1,5441,3,0,40,2,1,0
27,1,19,5,6374,38,0,40,2,1,0
51,1,18,1,6456,9,0,40,1,1,0
40,3,21,1,2448,37,1,40,2,1,1
44,1,19,3,6406,5,13,40,1,1,0
47,1,22,5,3341,7,0,40,2,1,1
28,1,16,3,5750,6,0,26,2,1,0
50,1,19,1,197,3,0,40,1,1,1
27,1,21,5,3130,40,0,40,2,1,0
41,1,22,3,287,36,0,40,1,1,1
53,1,16,3,7631,44,0,50,1,1,1
59,1,16,1,5405,24,0,40,2,1,0
48,1,21,1,853,285,0,40,1,6,1
50,1,8,1,4065,316,1,15,2,1,0
38,1,21,1,3737,5,1,40,2,1,1
39,1,21,1,3377,32,1,40,2,1,0
64,1,16,1,9050,11,1,40,1,1,1
57,1,19,5,5641,38,0,40,1,1,1
62,1,19,1,5945,18,1,40,2,1,1
49,1,19,1,5805,34,1,40,2,1,0
63,1,16,1,5023,27,1,40,2,1,1
28,1,16,5,4169,39,0,40,2,1,0
25,1,21,5,4979,9,0,40,2,1,0
45,1,19,1,8005,42,1,40,1,1,1
29,1,21,1,5673,4,0,40,2,1,0
43,1,16,1,444,227,0,40,1,1,1
35,1,21,1,1051,21,1,40,1,1,1
17,1,16,5,4666,2,17,11,2,1,0
17,1,16,5,4484,17,2,10,2,1,0
48,1,22,3,1109,211,0,40,1,6,1
20,1,19,5,4699,9,17,13,1,6,0
41,1,17,5,9384,22,0,40,1,1,0
51,1,18,1,7959,2,0,40,1,1,1
60,2,22,3,2144,32,0,40,2,1,0
28,1,18,5,5804,40,0,40,2,1,0
33,2,21,5,1769,24,0,40,2,1,1
32,1,18,5,7030,20,0,40,1,1,0
42,1,12,1,4125,299,1,10,2,1,0
21,1,19,5,3702,11,2,12,2,1,0
27,1,16,1,9139,298,0,40,1,8,0
48,1,22,1,381,12,0,40,1,1,1
24,1,19,5,6899,5,2,40,1,1,0
39,1,21,1,5678,8,1,40,2,1,0
30,1,19,1,5654,9,0,40,2,1,0
30,1,19,5,5863,38,2,40,2,1,0
27,3,21,1,2383,13,0,40,2,1,0
69,6,19,3,3879,39,0,9,2,1,0
26,1,16,5,4661,7,2,40,2,1,0
55,1,16,3,265,2,0,40,1,1,1
43,1,19,1,5720,37,1,40,2,1,0
38,1,21,3,5378,38,0,40,2,1,0
19,1,16,5,4713,9,2,7,1,1,0
33,1,21,5,1248,34,0,40,1,1,1
30,1,21,5,2213,39,0,40,2,1,0
25,1,21,5,1336,17,2,40,1,1,0
51,1,21,3,10,35,0,40,1,1,1
57,1,16,1,6851,35,0,40,1,1,0
66,1,19,1,5951,5,0,14,2,1,0
52,1,16,1,6582,11,0,40,1,1,1
32,1,19,3,4819,9,0,40,1,1,0
21,1,16,5,5384,36,2,40,2,1,0
31,2,21,5,3124,38,0,13,2,1,0
50,1,16,1,5965,37,0,40,1,1,1
48,1,16,1,6205,39,0,40,1,1,0
47,1,22,1,2269,35,0,40,2,1,1
51,1,16,1,6039,37,0,40,1,1,1
47,1,22,3,2979,22,0,40,1,1,1
20,1,10,5,4197,299,2,40,1,8,0
36,1,19,1,6465,28,0,40,1,1,0
28,1,19,3,6059,17,0,40,2,1,0
41,1,18,5,5899,39,0,40,1,1,1
17,1,16,5,9229,49,2,40,1,1,0
33,1,22,5,683,31,0,40,1,1,1
63,1,19,1,5385,35,0,40,2,1,0
25,1,19,5,5396,37,2,40,2,1,0
30,1,19,3,5074,38,0,36,2,1,0
23,1,21,5,2377,39,2,40,1,1,0
49,1,21,3,203,34,0,50,1,1,1
18,1,18,5,4538,16,2,13,2,1,0
26,1,19,5,5549,3,0,40,2,1,0
56,1,16,1,8022,26,0,50,1,1,1
24,1,19,5,5175,4,13,40,1,1,0
31,1,21,1,2047,22,0,40,2,1,0
61,1,16,1,5310,35,0,40,2,1,0
19,1,19,5,2312,9,17,12,2,1,0
31,1,16,5,7673,45,13,40,1,1,0
48,1,16,1,4453,11,0,40,1,1,0
17,1,19,5,4731,5,2,12,2,1,0
54,1,16,1,9005,42,0,40,1,1,1
39,1,19,3,1504,36,0,40,1,1,1
26,1,16,1,4125,40,10,40,2,1,0
61,1,19,1,5180,35,1,40,2,1,0
33,1,21,1,2214,220,1,40,2,6,0
37,1,19,5,4972,37,0,40,1,1,1
28,1,19,5,6132,4,0,40,2,1,0
47,1,21,1,455,29,1,40,1,1,1
55,1,19,1,4650,24,1,40,2,1,1
25,1,21,5,976,30,0,40,2,1,1
51,1,21,1,297,223,0,40,2,6,1
64,1,19,1,6035,38,0,40,2,1,0
43,1,20,1,5086,41,0,40,1,1,1
19,1,18,5,4883,8,0,34,2,1,0
26,1,21,5,2454,20,2,13,2,1,0
18,1,19,5,1864,17,16,5,1,1,0
46,1,16,5,5307,321,13,40,1,1,1
36,1,21,1,5932,23,1,40,2,1,0
21,1,16,5,4216,6,16,12,2,1,0
35,1,21,5,2393,2,0,40,1,1,1
56,1,16,1,5548,32,1,40,1,1,0
29,1,16,5,5744,21,0,40,1,1,0
29,1,16,5,5591,15,13,40,2,1,0
47,1,21,1,208,41,1,40,1,1,1
44,1,21,1,901,32,0,40,2,1,1
50,1,18,5,5562,25,0,40,2,1,1
52,1,19,1,335,22,0,50,1,1,1
50,1,16,3,8966,17,0,40,1,1,0
47,1,21,1,2343,41,0,40,1,1,1
52,1,19,1,5895,24,1,40,1,1,0
57,1,18,5,4926,14,0,40,2,1,0
55,1,16,1,6310,37,0,40,1,1,1
30,1,21,5,818,15,0,40,1,1,1
25,1,21,5,5239,11,17,40,2,1,0
19,1,16,5,4838,16,16,8,1,1,0
37,1,21,1,1220,17,1,40,1,1,1
28,1,17,5,9134,6,0,40,1,1,0
52,1,16,3,7986,8,0,40,1,1,1
46,1,21,1,1095,25,0,40,1,1,1
23,1,8,5,4269,15,2,40,1,1,0
45,1,21,1,4872,5,0,40,2,1,0
42,1,21,1,566,2,1,40,1,1,1
24,1,21,5,3315,21,13,40,2,1,0
40,1,21,1,1059,3,1,40,1,1,1
24,1,16,5,3965,37,2,40,2,1,0
21,1,14,5,4627,29,17,10,2,1,0
28,1,16,1,6315,36,0,40,1,1,0
24,1,21,3,1524,20,0,40,1,1,0
21,1,14,3,4109,320,9,40,2,1,0
28,1,21,5,4688,36,13,40,2,1,0
64,1,21,1,5515,36,0,40,2,1,0
28,1,19,5,5107,34,0,40,1,1,0
76,7,21,1,2719,38,1,40,2,1,1
27,1,19,1,4057,218,1,16,2,6,0
54,1,17,1,10,40,0,40,1,1,1
41,1,21,1,230,7,1,40,2,1,1
21,1,16,5,4060,21,2,12,2,1,0
22,1,21,5,2285,37,13,40,2,1,0
55,1,19,1,5333,29,1,40,2,1,0
31,1,19,1,5245,20,0,40,2,1,0
26,1,17,5,4023,39,2,8,2,1,0
20,1,19,5,4723,16,17,9,1,1,0
55,1,16,1,7537,37,0,40,1,1,1
60,1,19,1,5838,25,1,40,2,1,0
20,1,19,5,4758,22,17,8,1,1,0
27,1,10,5,4268,313,2,40,2,8,0
25,1,16,1,4125,23,1,8,2,1,0
50,1,16,3,5666,7,0,40,2,1,0
28,1,19,1,5588,22,0,40,1,1,0
22,1,19,5,6130,40,2,40,1,1,0
54,1,16,1,93,5,0,40,2,1,1
17,1,9,5,4291,14,17,12,1,1,0
26,1,18,5,5761,318,13,40,1,1,0
34,1,11,1,9289,315,0,40,1,1,0
40,1,16,5,8963,315,0,40,1,1,1
46,1,20,1,4631,37,1,40,2,1,0
25,1,16,5,6247,38,13,40,2,1,0
20,1,14,5,4187,46,17,7,1,1,0
24,1,19,5,4809,37,0,40,2,1,0
39,1,17,5,6374,36,0,40,1,1,0
41,1,19,1,5734,36,0,40,1,1,0
64,1,21,1,3341,38,0,34,2,1,0
45,1,21,3,10,3,0,40,1,1,1
31,1,21,1,2553,36,1,40,2,1,0
23,1,21,1,5391,24,16,40,2,1,0
50,1,16,5,6357,25,13,40,1,1,0
43,1,19,1,4824,35,0,40,1,1,0
76,1,21,1,2534,38,0,7,2,1,0
57,1,17,1,4220,20,0,40,2,1,0
50,1,19,5,737,5,0,40,1,1,1
31,1,19,5,5734,20,0,40,1,1,1
45,1,21,1,2322,8,1,40,2,1,1
23,1,21,5,3322,9,2,40,2,1,0
32,1,21,1,1707,201,0,40,1,6,1
46,3,22,5,2474,41,0,40,2,1,1
20,1,16,5,3933,37,17,40,2,1,0
26,1,21,3,2922,7,0,40,2,1,0
32,1,21,1,2207,20,1,40,2,1,0
26,1,16,5,9546,330,13,40,1,8,0
26,1,19,1,5903,23,1,40,2,1,0
39,1,19,1,5691,40,0,40,1,1,0
39,1,21,1,4868,19,0,40,2,1,0
26,1,17,5,6011,12,2,40,1,1,0
54,1,16,5,7795,21,0,40,1,1,1
26,1,21,3,2658,13,0,40,2,1,0
67,3,21,3,2283,39,0,40,2,1,0
49,1,21,3,1012,36,0,40,1,1,1
42,1,19,1,428,33,1,40,1,1,1
28,1,17,1,9688,45,0,40,1,1,0
48,1,21,1,144,24,0,40,1,1,1
52,1,19,1,5414,5,0,40,2,1,0
29,1,19,5,6179,38,0,40,1,1,0
18,1,18,5,4076,45,17,10,1,1,0
49,7,21,1,527,35,0,50,1,1,1
56,1,16,1,7877,38,0,40,1,1,1
28,1,17,3,4320,3,16,40,1,1,0
41,1,21,1,5054,9,0,40,2,1,0
26,1,19,1,5369,5,0,4,2,1,0
42,1,18,3,6227,37,0,40,1,1,0
34,1,18,3,4212,31,0,40,2,1,0
42,1,21,5,159,40,0,40,2,1,1
22,1,16,3,6666,7,2,40,1,1,0
18,1,16,5,4181,6,2,6,1,6,0
58,1,16,1,4096,37,10,34,2,1,0
47,1,21,5,307,8,0,40,2,1,1
48,1,16,3,7646,24,0,40,1,1,1
37,1,21,1,3098,17,1,40,1,1,1
25,1,19,5,5165,39,12,40,2,1,0
51,1,20,1,3496,17,1,40,2,1,0
39,1,22,3,864,11,0,40,1,1,1
28,1,16,1,5298,306,0,40,2,1,0
44,1,19,1,52,6,0,40,1,1,1
48,1,16,1,5013,10,1,40,2,1,0
60,1,19,1,3762,23,1,13,2,1,0
63,1,16,1,4131,8,1,5,2,1,0
52,1,19,1,6567,20,1,40,1,1,1
26,1,16,1,4082,43,0,40,2,1,0
51,1,20,1,10,11,0,50,1,1,1
59,1,18,1,5689,27,0,40,2,1,0
24,1,21,5,5527,36,13,40,1,1,0
25,1,16,5,4142,23,2,40,1,1,0
20,1,16,5,4163,23,2,40,1,1,0
28,1,21,1,2049,6,10,40,2,1,0
50,1,20,1,4920,37,1,40,2,1,1
29,1,16,5,9332,37,0,40,1,1,0
56,1,16,1,5045,32,1,40,1,1,1
50,1,19,1,487,39,1,40,1,1,1
32,1,19,3,5045,37,0,40,1,1,0
41,1,22,1,1371,13,0,40,1,1,1
25,1,20,1,5429,14,0,40,2,1,0
46,1,21,3,1126,6,13,40,1,1,1
31,1,21,5,851,221,0,40,2,6,1
41,1,21,1,697,38,0,40,1,1,1
20,1,18,5,4665,12,2,3,2,1,0
27,1,19,5,5263,39,0,40,2,1,0
19,1,19,5,2443,15,16,14,1,1,0
41,1,21,1,2893,8,0,40,2,1,0
27,1,19,1,5671,36,0,40,2,1,0
52,1,21,5,43,31,0,40,2,1,1
41,1,19,3,6871,23,0,40,1,1,0
44,1,21,1,5153,5,0,40,2,1,0
29,1,21,1,2235,5,1,40,2,1,0
26,1,19,1,3566,40,0,10,2,1,0
56,1,16,1,5964,19,0,40,1,1,1
45,1,18,5,5371,213,0,40,1,6,1
32,3,21,1,2544,36,0,40,2,1,0
27,1,19,5,5118,241,0,40,1,6,0
31,1,19,5,6424,37,0,40,1,1,0
30,1,21,1,1923,1,1,40,2,1,0
50,1,21,5,403,216,13,40,2,6,1
69,2,21,1,2985,35,1,40,2,1,1
34,1,21,5,308,29,0,40,2,1,1
18,1,19,5,4623,38,17,11,2,1,0
52,1,16,1,5618,22,1,40,1,1,1
26,1,22,5,949,10,0,40,2,1,1
45,1,21,1,474,35,0,40,1,1,1
36,1,21,1,4845,37,0,40,1,1,1
28,1,16,5,5435,42,2,40,1,1,0
55,1,18,5,4798,34,0,40,2,1,0
49,1,21,3,2198,26,0,40,1,1,1
31,1,16,5,4766,1,2,40,2,1,0
21,1,16,5,3653,39,12,11,2,1,0
45,1,21,1,137,6,1,40,1,1,1
20,1,14,5,4552,10,16,15,1,1,0
31,1,22,3,1898,226,0,40,1,6,0
45,2,21,1,2255,4,1,40,2,1,0
41,1,19,1,6519,20,0,40,1,1,1
55,1,20,1,5886,28,0,40,2,1,1
63,1,19,1,5616,12,0,32,2,1,0
30,1,21,1,2292,217,9,40,2,6,0
51,1,19,1,6624,39,0,40,1,1,1
37,1,22,1,1031,205,0,40,1,6,1
57,1,17,1,8951,15,1,40,1,1,1
44,1,21,1,1012,8,0,50,1,1,1
24,1,16,5,3921,33,2,40,2,1,0
41,1,21,1,2828,24,1,40,1,1,1
24,1,16,5,4869,17,0,40,2,1,0
30,1,21,1,4949,18,0,40,1,1,0
58,1,19,1,230,28,0,40,1,1,1
20,1,16,5,4151,2,2,10,1,1,0
29,1,16,1,4107,48,0,40,2,1,0
37,1,21,3,6314,5,0,40,1,1,0
23,1,19,5,4677,9,16,10,1,1,0
57,1,18,3,5633,39,0,40,1,1,0
22,1,19,5,6005,4,2,10,2,1,0
22,1,16,5,4182,22,2,33,2,1,0
50,1,17,1,202,4,0,50,1,1,1
47,1,21,1,2275,28,0,50,1,1,1
58,1,18,1,6073,34,1,40,2,1,0
38,1,21,1,1007,35,0,40,1,1,1
53,1,16,1,9099,21,0,40,1,1,0
74,1,21,1,2227,10,1,14,2,1,0
27,1,21,5,2081,22,0,40,2,1,0
40,1,19,1,5782,36,1,40,1,1,1
44,1,1,1,8919,299,1,40,1,6,0
59,1,21,1,495,39,1,40,2,1,1
53,1,19,1,7173,24,0,50,1,1,1
27,1,21,3,5074,5,16,40,2,1,0
19,1,16,5,4258,18,17,9,1,1,0
26,1,16,1,4134,181,10,40,2,6,0
55,1,16,1,3682,19,1,33,2,1,0
27,1,16,3,9038,7,13,40,1,1,0
39,1,16,1,5925,10,1,40,1,1,0
62,1,7,1,2319,36,15,28,2,1,0
35,1,21,5,768,23,0,40,1,1,1
27,1,21,1,2311,42,0,40,2,1,0
22,1,19,5,5891,23,17,40,2,1,0
34,1,21,5,2409,7,2,10,2,1,0
64,1,19,5,3660,38,0,40,2,1,0
30,1,20,1,5226,42,1,40,2,1,0
44,1,19,3,4847,4,13,40,1,1,1
53,1,21,1,135,18,1,40,1,1,1
28,1,16,1,4058,49,1,19,2,1,0
42,1,22,1,1349,39,1,40,1,1,1
65,1,19,3,5709,27,13,40,2,1,1
41,1,21,1,1222,36,0,40,1,1,1
35,1,21,1,1057,16,1,40,2,1,1
26,1,16,5,5460,39,0,40,2,1,0
27,1,19,5,5474,35,2,40,2,1,0
50,1,19,3,6656,247,0,40,1,1,0
59,1,20,1,2164,11,8,40,2,1,0
19,1,16,5,3989,47,2,13,2,1,0
25,1,19,5,5558,17,13,40,1,1,0
43,1,21,1,645,2,0,40,1,1,1
64,1,19,1,5900,6,0,40,2,1,1
28,2,21,1,2080,22,0,9,2,1,0
46,1,21,3,352,16,0,40,1,1,1
61,1,18,1,4183,11,1,35,2,1,0
48,3,21,1,2445,26,0,40,1,1,1
66,1,19,1,308,28,0,40,1,1,1
32,1,16,5,4006,308,0,40,2,6,0
54,1,21,3,551,36,0,40,2,1,1
26,1,18,5,5977,4,13,40,2,1,0
60,1,16,3,4826,32,0,40,1,1,0
18,1,14,5,4622,17,16,7,1,1,0
40,1,22,1,1060,197,1,40,1,6,1
42,1,19,1,5822,39,1,40,1,1,0
56,1,16,1,2060,37,1,16,2,1,0
20,1,21,5,2252,23,2,8,2,1,0
39,1,19,5,5206,8,0,40,1,1,1
59,1,19,1,4735,37,0,34,2,1,0
26,1,21,5,843,26,13,40,1,1,0
23,1,19,5,6388,26,0,40,1,1,0
29,1,21,5,1253,28,0,40,1,1,1
51,1,19,1,509,16,1,40,1,1,1
26,1,16,3,9549,21,0,40,1,1,0
20,1,14,5,4206,40,16,15,1,1,0
18,1,19,5,4649,4,17,16,1,6,0
37,1,21,1,797,2,0,40,1,1,1
46,1,20,5,5813,32,0,40,1,1,1
38,1,21,1,873,20,0,40,1,1,1
18,1,10,5,4548,51,16,12,1,1,0
39,1,19,1,7402,39,1,40,1,1,1
45,1,19,1,5426,8,1,40,2,1,0
23,1,16,5,4035,19,2,40,2,1,0
27,1,16,1,4103,20,0,40,2,1,0
48,1,21,3,125,35,13,40,1,1,1
40,1,21,1,236,6,0,40,2,1,1
25,3,21,1,2407,5,0,40,2,1,0
49,1,21,1,437,41,0,40,1,1,1
48,1,21,1,384,18,0,50,1,1,1
30,1,16,5,4737,4,0,40,1,1,0
45,1,21,1,5315,31,0,40,2,1,0
25,1,21,1,4211,22,0,40,2,1,0
43,1,18,1,5574,23,0,40,1,1,0
21,1,21,5,2040,10,2,11,2,1,0
59,1,16,3,4119,10,10,40,2,1,0
34,1,19,5,5088,19,0,40,1,1,0
50,1,16,3,7766,39,0,40,1,1,1
56,1,16,1,6787,34,0,40,1,1,0
41,3,22,1,2390,20,1,14,2,1,0
59,1,19,1,5863,37,0,40,2,1,1
50,1,16,3,6138,11,0,40,1,1,1
24,1,16,5,5392,25,2,40,2,1,0
19,1,16,5,4214,52,2,8,1,1,0
47,1,16,1,5482,7,1,40,1,1,0
49,1,22,1,2542,41,1,40,2,1,1
51,1,21,1,188,37,1,40,2,1,1
53,1,19,1,6139,22,1,40,1,1,1
26,1,18,5,5999,7,2,40,2,1,0
52,1,21,1,3216,40,1,40,2,1,1
43,1,1,1,4256,313,9,40,1,1,0
63,1,21,1,10,37,0,40,1,1,1
56,1,16,1,3900,40,0,40,2,1,0
51,1,16,3,5929,36,13,40,1,1,1
27,1,19,5,2499,38,2,34,2,1,0
57,1,21,1,329,36,1,40,2,1,1
22,1,18,5,4863,37,2,40,1,1,0
21,1,16,5,4262,39,15,40,1,1,0
20,1,16,5,9434,49,2,40,1,1,0
21,1,19,5,4613,41,17,40,2,1,0
50,1,21,3,706,6,0,40,1,1,1
27,1,21,5,5464,36,0,40,2,1,0
59,1,20,1,3335,17,0,34,2,1,0
57,1,16,1,4882,22,1,40,2,1,1
29,1,10,5,5757,322,16,40,1,1,0
30,1,21,5,2350,224,0,40,2,6,1
21,1,14,5,4041,9,2,40,1,1,0
33,1,22,3,779,6,0,40,1,1,1
61,1,16,1,3577,30,1,5,2,1,0
62,1,16,1,5553,27,1,8,2,1,0
37,1,16,5,5729,10,0,40,1,1,0
49,1,21,1,2723,20,0,40,1,1,1
45,1,16,5,6725,309,0,40,1,8,0
24,1,16,5,9315,35,2,40,1,1,0
27,1,19,5,5920,14,2,40,1,1,0
22,1,16,5,4361,6,2,40,1,1,0
30,1,19,5,5062,25,13,40,2,1,0
22,1,21,5,2132,25,2,40,2,1,0
19,1,19,5,2693,6,17,12,1,1,0
18,1,19,5,4800,4,2,7,2,1,0
30,1,21,5,5294,1,2,40,2,6,0
60,1,18,1,6413,13,0,40,1,1,1
49,1,16,1,5627,8,0,40,2,1,0
37,1,21,1,5853,6,0,40,1,1,0
50,1,21,1,243,38,1,40,1,1,1
18,1,14,5,4183,9,2,11,1,6,0
23,1,21,5,2493,231,2,9,2,6,0
43,1,17,1,6474,328,0,40,1,1,0
26,1,19,1,5549,15,0,9,2,1,0
53,1,16,1,6227,43,0,40,1,1,1
38,1,17,5,6605,41,13,40,1,1,0
40,1,22,1,1325,235,1,40,1,6,1
17,1,14,5,4153,15,2,3,2,1,0
40,1,16,1,5656,300,1,40,2,8,0
25,1,19,5,6052,3,0,40,2,1,0
34,1,16,1,5893,27,1,40,1,1,0
23,1,16,5,6012,7,13,40,1,1,0
47,1,21,1,1470,37,1,40,1,1,1
55,1,20,1,209,23,0,40,2,1,1
60,1,19,3,5981,40,0,40,1,1,1
41,1,19,1,5151,40,0,40,2,1,0
29,1,21,1,2370,43,0,40,2,1,0
52,1,19,5,6344,38,0,40,1,1,1
29,1,21,3,2301,23,0,40,2,1,0
20,1,8,5,4151,45,2,40,1,1,0
17,1,19,5,4695,34,17,9,2,1,0
39,1,21,1,3136,37,0,40,2,1,0
51,1,21,3,424,43,0,40,1,1,1
46,1,20,1,477,36,0,50,1,1,1
50,1,21,3,5633,231,0,40,2,6,0
38,1,21,1,1305,38,0,40,2,1,0
39,1,22,1,2557,19,0,40,2,1,1
46,1,16,1,7512,2,0,40,1,1,1
47,1,21,1,582,10,0,50,1,1,1
64,7,21,1,3234,10,0,40,2,1,1
42,1,16,1,200,2,1,40,1,1,1
42,1,21,1,2742,5,1,40,2,1,0
52,1,18,3,5893,38,0,40,1,1,0
55,1,18,1,5656,34,0,40,2,1,0
24,1,22,5,1945,9,2,40,2,1,0
36,1,22,1,2100,42,0,40,2,1,1
22,1,16,5,4244,8,2,40,1,1,0
26,1,16,5,9562,28,16,40,1,1,0
45,1,21,1,3133,38,1,40,2,1,1
54,1,16,1,5501,19,1,40,1,1,1
30,3,21,5,2544,224,0,40,1,6,1
53,1,16,1,7741,39,1,40,1,1,1
23,1,19,5,5367,8,0,40,1,1,0
29,1,16,5,9589,7,12,40,1,1,0
39,1,16,1,6748,35,0,40,1,1,0
60,1,20,1,3230,39,1,40,2,1,0
24,1,19,5,4167,40,0,40,2,1,0
26,1,18,5,5695,32,13,40,1,1,0
60,1,19,1,4991,19,0,40,2,1,1
60,1,19,1,130,35,1,40,1,1,1
49,1,19,1,5239,1,1,40,2,1,1
20,1,18,5,4623,37,16,11,2,1,0
26,1,16,5,8949,29,0,40,1,1,0
40,1,16,1,8701,4,1,40,1,1,0
24,1,10,3,4162,39,16,40,2,1,0
30,1,16,1,5572,45,10,40,1,1,0
43,1,19,1,6236,216,1,40,1,6,0
46,1,21,5,513,7,0,40,2,1,1
18,1,19,5,2101,5,17,10,2,6,0
28,1,19,5,5486,15,13,40,2,1,0
51,1,18,1,5419,56,0,13,2,1,0
31,1,19,5,5934,4,13,40,2,1,0
20,1,18,5,4791,26,17,10,1,1,0
38,1,20,1,5271,36,1,40,2,1,0
20,1,16,5,3985,10,2,40,1,1,0
61,1,19,1,5801,37,1,40,2,1,0
31,1,8,1,4233,315,1,40,1,1,0
63,1,16,1,5440,40,0,40,1,1,0
64,1,18,3,5309,17,0,40,1,1,1
64,1,16,1,8888,24,1,40,2,1,0
69,6,21,3,2574,40,0,13,2,1,0
19,1,16,5,4092,52,2,15,2,1,0
34,1,21,1,1203,21,0,40,1,1,1
33,1,21,5,588,25,0,40,1,1,1
33,1,21,1,2213,18,1,40,2,1,0
46,1,16,1,8022,33,0,50,1,1,1
44,1,16,1,6201,10,1,40,1,1,1
46,1,22,1,211,26,1,40,2,1,1
25,1,19,5,5601,36,0,40,2,1,0
54,1,22,1,3218,37,0,40,2,1,1
41,3,21,1,2277,15,0,40,2,1,0
17,1,14,5,4069,54,2,8,2,1,0
64,1,19,1,5338,36,0,40,2,1,0
40,1,21,1,3123,8,1,40,2,1,0
68,1,21,3,3226,15,0,40,1,1,1
45,1,21,1,1159,8,0,50,1,1,1
70,2,22,1,2222,38,0,40,2,1,0
35,1,21,1,2530,35,0,40,1,1,1
54,1,20,3,60,43,0,40,1,1,1
49,1,16,1,9247,332,0,40,1,6,1
46,1,22,1,409,16,1,40,1,1,1
20,1,19,5,4602,39,17,12,2,1,0
35,1,21,5,876,209,13,40,2,6,0
53,1,16,1,6011,6,0,40,2,1,0
54,1,20,1,10,43,1,40,1,1,1
48,1,19,1,5690,33,1,40,2,1,1
42,1,21,1,443,24,1,40,1,1,1
58,1,16,1,7983,39,1,40,1,1,0
56,1,16,1,3778,22,1,8,2,1,0
26,1,8,3,4153,308,0,40,1,1,0
23,1,21,5,2376,5,2,11,2,1,0
57,1,16,1,5234,41,1,14,2,1,0
52,1,16,1,4190,32,0,40,1,1,0
64,1,19,1,5931,19,0,40,1,1,0
18,1,19,5,4636,10,16,13,2,1,0
37,1,21,1,2323,9,1,40,2,1,0
17,1,16,5,4067,29,2,9,1,1,0
19,1,21,5,5542,19,16,40,1,1,0
52,1,16,1,5820,40,0,40,2,1,0
80,6,21,1,2751,39,0,10,2,1,0
42,1,21,1,3259,7,0,40,2,1,1
28,1,19,5,6219,28,2,40,1,1,0
47,1,19,3,6790,3,0,40,1,1,1
54,1,16,1,111,2,1,40,1,1,1
21,1,19,5,1844,10,17,8,2,1,0
20,1,14,5,4550,8,16,6,2,1,0
44,1,21,3,418,35,0,40,1,1,1
21,1,14,5,4210,6,17,12,1,1,0
26,1,19,5,4799,226,2,33,2,6,0
54,1,16,1,391,34,0,50,1,1,1
23,1,21,5,2292,5,0,40,2,1,0
18,1,14,5,3894,50,2,10,1,1,0
49,1,22,1,1049,240,1,40,2,6,1
24,1,16,1,5563,36,1,40,2,1,0
53,1,16,1,5426,21,1,9,2,1,0
46,1,21,1,3802,34,1,40,2,1,1
28,1,16,1,9279,51,0,40,1,1,0
29,1,16,5,5922,303,0,40,2,8,0
23,1,16,5,7530,21,0,40,1,1,0
41,3,21,1,2495,14,1,40,2,1,1
18,1,16,5,4103,37,2,16,2,1,0
31,1,21,1,1056,5,0,40,1,1,0
20,1,16,5,4113,36,2,11,1,1,0
56,1,16,1,317,27,0,40,1,1,1
28,1,21,5,3748,43,2,40,2,1,0
31,1,16,5,4241,57,2,40,1,1,0
45,1,9,1,4197,306,0,40,2,8,0
49,1,20,3,1372,10,13,40,1,1,1
29,1,20,1,5158,42,9,40,2,1,0
21,1,19,5,4808,46,2,14,2,1,0
21,1,16,5,4280,7,2,4,1,1,0
21,1,19,5,4745,39,16,8,2,1,0
26,1,21,5,2118,39,2,40,1,1,0
20,1,16,5,3950,32,2,15,2,1,0
18,1,16,5,4721,4,2,11,2,1,0
28,1,16,5,9514,315,13,40,1,1,0
17,1,18,5,4116,55,17,2,1,1,0
32,1,21,5,1200,3,0,40,1,1,1
22,1,16,5,4263,53,2,40,1,1,0
22,1,16,1,4137,23,1,40,2,1,0
39,1,19,1,5139,4,1,40,1,1,1
42,1,21,1,1154,15,1,40,2,1,1
21,1,9,5,4059,7,17,11,1,1,0
28,1,21,1,2148,3,0,6,2,1,0
20,1,16,5,4688,203,17,6,2,6,0
61,1,10,1,4138,27,1,10,2,1,0
37,1,21,5,2505,9,0,40,2,1,0
20,1,7,5,9488,16,17,40,1,1,0
62,3,22,1,2599,35,0,40,2,1,0
20,1,16,5,4383,39,2,10,1,1,0
55,1,19,3,6908,36,0,40,1,1,1
43,1,16,1,9200,297,1,40,1,6,0
47,1,19,1,7596,7,0,40,1,1,1
44,1,21,3,970,37,0,40,1,1,1
56,1,19,1,4018,29,1,40,2,1,0
30,1,19,5,5929,7,0,40,2,1,0
44,1,22,1,3326,2,1,40,2,1,1
25,1,16,5,5329,37,0,31,2,1,0
50,1,20,3,3482,44,0,40,2,1,0
68,3,21,1,2340,37,0,40,2,1,1
28,1,19,5,4574,23,0,40,2,1,0
41,1,22,1,2349,8,0,40,2,1,1
24,1,16,5,5650,40,2,40,1,1,0
53,1,16,3,5663,38,0,40,1,1,1
29,3,21,1,2203,5,1,4,2,1,0
47,1,19,5,5346,5,0,40,1,1,1
50,1,16,1,5598,37,0,40,2,1,0
59,3,21,1,2368,45,1,40,2,1,0
31,1,21,1,2354,12,1,40,2,1,0
43,1,20,1,3275,1,1,34,2,1,0
47,1,19,1,1289,40,0,40,1,1,1
50,1,21,1,3433,38,1,40,2,1,0
26,1,16,5,5213,10,2,40,2,1,0
30,2,21,1,2051,2,1,40,2,1,1
25,1,16,5,4213,5,2,40,2,1,0
19,1,19,5,4642,22,2,15,2,1,0
27,1,19,5,5709,10,12,40,1,1,0
21,1,16,1,4176,314,10,40,2,8,0
60,1,16,1,4044,35,1,40,2,1,0
31,1,16,1,5481,21,1,40,2,1,0
50,1,19,1,5086,41,0,40,2,1,0
26,3,21,3,2526,1,10,6,2,1,0
23,1,16,5,9479,38,2,40,1,1,0
47,1,22,1,3307,41,0,40,2,1,1
53,1,16,5,4819,10,0,40,2,1,0
53,1,16,3,8963,42,0,40,1,1,0
48,1,21,3,306,4,13,40,1,1,1
30,1,16,1,5005,9,9,40,2,1,0
61,1,18,1,5288,11,0,40,1,1,0
51,3,21,1,2374,3,0,10,2,1,0
31,1,19,3,5693,25,0,40,2,1,0
38,1,21,1,3636,6,1,40,2,1,0
52,1,19,5,5914,28,0,40,1,1,1
24,1,21,3,6072,36,12,40,1,1,0
26,1,21,1,5143,27,0,40,2,1,0
19,1,19,5,2397,23,17,10,2,1,0
25,1,16,5,8900,45,16,40,1,1,0
62,1,21,3,2420,27,0,40,2,1,0
25,1,19,5,4814,5,17,32,2,1,0
45,1,21,1,526,31,0,40,1,1,1
20,1,21,5,2562,38,12,40,2,1,0
43,1,19,1,7368,35,1,60,1,1,1
47,1,21,1,740,11,0,50,1,1,1
48,1,21,1,4879,9,0,40,1,1,1
23,1,16,5,4354,41,2,40,1,1,0
48,1,18,1,5261,4,1,40,2,1,0
21,1,19,5,4607,18,12,16,2,1,0
35,1,22,1,547,6,0,40,1,1,1
20,1,16,1,4078,52,2,40,1,1,0
26,1,19,1,4142,211,10,40,2,6,0
50,1,19,1,5501,7,1,40,2,1,0
33,1,21,5,976,26,0,40,2,1,1
38,1,21,5,859,10,0,40,1,1,1
26,3,21,3,2313,20,0,10,2,1,0
58,1,18,1,4130,24,0,40,2,1,0
30,1,19,3,6330,37,0,40,1,1,0
45,1,10,5,8325,314,0,40,1,1,1
47,1,21,1,207,7,1,40,1,1,1
33,1,8,3,5922,29,15,40,1,1,0
19,1,19,5,4700,4,2,4,1,1,0
49,1,16,1,4106,1,0,40,2,1,0
24,2,21,1,2326,38,0,7,2,1,0
28,1,19,5,6200,12,0,40,2,1,0
29,1,16,1,5822,305,1,40,2,1,0
53,1,19,1,6306,32,0,40,1,1,1
45,1,16,1,5572,34,1,33,2,1,0
49,1,16,1,559,9,0,50,1,1,1
43,1,22,1,1539,41,0,50,1,1,1
21,1,21,5,5653,14,2,40,2,1,0
41,1,22,1,3006,10,1,40,2,1,1
17,1,14,5,4716,9,16,12,2,1,0
64,1,16,3,5200,38,0,40,2,1,0
34,1,21,3,4898,8,0,40,1,1,0
19,1,14,5,4242,30,2,10,2,1,0
27,1,16,3,4126,34,5,34,2,1,0
28,1,16,5,9250,314,2,40,1,1,0
43,1,22,1,1129,36,0,50,1,1,1
33,1,21,1,5459,50,0,40,1,1,0
46,1,21,1,3145,46,1,40,2,1,1
21,1,8,5,4333,24,17,13,1,1,0
45,1,21,1,277,305,0,40,1,6,1
36,1,21,5,499,10,0,40,1,1,1
47,1,19,1,158,36,1,40,1,1,1
32,1,21,1,1185,229,0,40,1,6,1
34,3,21,5,2324,34,0,40,2,1,0
61,1,18,1,5741,36,1,13,2,1,0
23,1,19,5,5241,9,0,40,1,1,0
36,1,21,1,5777,43,0,40,1,1,0
62,1,19,3,5549,37,0,40,2,1,0
62,1,19,1,27,37,0,40,1,1,1
67,2,21,1,2084,42,1,10,2,1,0
29,1,22,5,3082,223,0,40,1,6,1
32,1,19,1,5991,49,0,40,2,1,0
30,1,21,5,2580,39,13,40,2,1,0
52,1,20,1,242,20,0,40,2,1,1
47,1,22,1,1208,41,0,40,1,1,1
49,1,16,1,7985,8,1,40,1,1,1
20,1,19,5,3919,4,17,5,1,1,0
49,1,21,1,3365,34,1,40,2,1,1
43,3,21,1,2192,31,1,40,2,1,1
31,1,21,1,906,8,0,40,1,1,0
46,1,19,1,5578,37,1,40,2,1,0
22,3,21,1,2318,44,2,40,2,1,0
24,1,19,5,5388,9,13,40,2,1,0
32,1,20,1,5205,17,1,40,2,1,0
28,1,21,1,2515,38,1,12,2,1,0
19,1,16,5,4088,9,2,40,2,1,0
25,1,21,5,3529,201,2,40,2,6,0
19,1,19,5,2556,241,16,8,2,6,0
21,1,14,5,4148,16,2,10,1,1,0
59,1,16,1,5634,25,0,40,1,1,1
20,1,16,5,4629,10,16,18,2,1,0
49,1,16,5,5829,29,0,40,1,1,1
64,1,19,1,3634,40,9,40,2,1,0
46,1,19,3,8153,316,0,40,1,1,1
54,1,19,1,396,41,0,40,1,1,1
42,1,19,1,4910,5,0,36,2,1,0
34,1,21,1,979,31,1,40,1,1,1
60,1,19,1,3656,229,0,31,2,1,0
24,1,19,3,5205,8,0,40,1,1,0
51,1,18,5,5619,25,0,40,1,1,0
24,1,19,3,5649,5,12,40,2,1,0
43,1,19,1,5311,3,1,40,2,1,0
23,1,21,5,5960,10,2,40,1,6,0
27,1,17,3,4044,42,0,29,2,1,0
26,1,19,5,4731,35,13,40,2,1,0
40,1,19,1,379,7,0,40,1,1,1
40,3,21,1,2225,27,1,40,2,1,0
21,1,19,5,4812,33,2,33,2,1,0
55,1,16,1,6441,17,1,40,2,1,1
63,1,18,1,4119,14,1,7,2,1,0
44,1,18,1,6454,314,1,40,1,1,0
58,1,16,1,5920,30,1,40,1,1,1
64,1,16,5,6010,11,0,40,1,1,1
19,1,16,5,4099,19,2,12,2,1,0
49,1,18,1,6124,8,0,40,1,1,1
43,1,21,1,1146,35,0,40,1,1,1
24,1,21,3,2351,39,0,40,2,1,0
23,1,19,5,4673,38,2,31,2,1,0
69,2,21,3,2000,24,0,40,2,1,1
44,1,21,3,979,43,0,40,1,1,1
39,1,21,3,5239,42,0,40,2,1,0
66,1,18,1,5251,20,1,9,2,1,0
61,1,16,1,5311,28,1,40,2,1,0
29,1,16,5,4604,24,2,40,2,1,0
27,1,16,1,9230,36,0,40,1,1,0
47,1,21,3,10,7,0,40,1,1,1
23,1,19,5,4744,8,2,12,2,1,0
25,3,21,5,2471,8,0,8,2,1,0
29,1,19,1,5404,21,10,31,2,1,0
33,1,19,5,8051,17,0,40,1,1,1
19,1,19,5,4492,51,16,16,1,1,0
39,1,21,1,2637,221,0,40,2,6,0
30,1,21,1,1456,26,0,40,1,1,1
24,1,21,5,2458,5,2,40,2,1,0
25,1,22,1,2144,7,0,8,2,1,0
47,1,21,1,2454,5,0,16,2,1,0
34,1,21,1,936,35,1,40,1,1,1
47,1,21,1,226,24,1,50,1,1,1
44,1,21,1,3019,23,0,50,1,1,1
45,1,21,1,162,11,0,40,1,1,1
48,1,21,5,3095,34,0,40,2,1,1
42,1,17,5,8283,30,0,40,1,1,1
30,1,19,1,5901,16,1,40,2,1,0
23,1,16,3,4078,9,0,40,2,1,0
42,1,21,1,922,6,1,40,1,1,1
30,1,21,5,4057,36,0,40,2,1,0
31,1,16,5,4027,28,13,40,1,1,0
72,2,21,1,2468,22,0,11,2,1,0
43,1,16,1,4005,324,1,40,2,6,0
27,1,18,3,5280,36,0,40,1,1,0
43,1,19,1,5869,28,1,40,2,1,0
52,1,20,1,3152,20,1,40,2,1,0
19,1,16,5,4198,26,2,12,1,1,0
49,1,19,1,4556,37,1,40,2,1,0
39,1,21,1,3545,5,0,40,2,1,1
54,1,16,1,5308,35,1,40,2,1,0
44,1,21,1,133,35,0,50,1,1,1
29,1,19,5,5590,54,0,40,1,1,0
64,2,21,1,3021,7,1,5,2,1,0
54,1,16,1,6383,37,1,40,2,1,0
51,1,18,1,7247,41,0,40,1,1,1
45,1,19,1,6547,14,1,40,1,1,1
44,1,19,1,6710,7,1,40,1,1,0
47,1,21,1,448,15,0,50,1,1,1
21,1,16,5,4149,29,2,10,1,1,0
26,1,16,5,5259,15,0,40,2,1,0
55,1,21,1,292,40,1,40,1,1,1
23,1,16,3,4106,7,0,40,2,1,0
26,1,19,5,3966,32,0,40,2,1,0
60,1,19,1,5894,21,0,40,1,1,1
57,1,18,5,6244,23,0,40,1,1,1
28,1,19,1,5313,218,1,40,2,6,0
22,1,16,5,4239,24,2,40,2,1,0
47,1,22,3,89,6,13,40,2,1,1
52,1,19,3,64,16,0,50,1,1,1
65,1,18,3,3710,7,10,14,2,1,0
29,1,22,5,3403,2,0,40,2,1,1
49,1,20,1,5152,42,1,40,2,1,1
61,1,16,1,4981,38,1,40,2,1,0
28,1,21,1,2241,47,0,40,2,1,0
28,1,21,5,401,33,13,40,2,1,1
48,1,21,1,2938,7,0,40,2,1,1
23,1,21,5,4837,38,2,40,2,1,0
24,1,16,3,5342,24,0,40,2,1,0
26,1,19,5,5173,21,2,32,2,1,0
37,1,21,1,772,6,0,40,1,1,1
34,1,21,1,395,9,0,40,1,1,1
34,1,19,5,5077,7,0,40,2,1,0
29,1,21,5,1033,14,0,40,1,1,1
30,1,19,5,7143,37,13,40,1,1,0
57,1,16,1,4129,40,1,12,2,1,0
47,1,12,3,9394,309,13,40,1,1,1
56,1,19,3,7512,23,0,40,1,1,1
47,1,19,5,5535,7,0,40,1,1,1
48,1,22,1,3216,10,0,40,1,1,1
37,1,19,1,5625,40,0,40,1,1,0
29,1,16,1,4150,46,10,40,2,1,0
28,1,19,5,5438,10,13,40,2,1,0
33,1,19,1,4897,20,1,40,2,1,0
43,1,21,5,3288,39,0,40,2,1,1
61,3,21,1,2405,25,0,6,2,1,0
29,1,19,5,7004,10,13,40,1,1,0
58,1,16,1,4251,39,1,9,2,1,0
46,1,21,1,3678,15,1,40,2,1,0
58,1,16,1,6377,35,0,40,2,1,0
46,1,21,1,326,28,0,50,1,1,1
54,1,16,1,6211,28,0,40,1,1,0
20,1,16,5,4131,42,2,6,2,1,0
30,1,16,1,4118,309,1,40,2,1,0
28,1,19,1,5406,14,1,40,1,1,0
22,1,19,5,4729,12,2,9,1,1,0
23,1,18,5,4970,46,2,40,1,1,0
51,1,16,5,5000,42,0,40,2,1,1
26,1,18,5,5979,200,13,40,1,6,0
25,1,16,1,3970,311,1,8,2,1,0
50,1,16,1,5172,12,0,40,2,1,1
31,1,21,5,831,14,0,40,1,1,0
45,1,20,1,3554,15,1,40,2,1,0
54,1,20,3,7376,13,0,50,1,1,1
30,2,22,1,2117,37,0,9,2,1,0
26,1,21,5,2492,8,0,40,2,1,0
25,1,19,5,4698,27,2,40,1,1,0
36,1,21,1,769,18,0,40,1,1,1
52,1,19,5,6126,24,0,40,1,1,0
24,1,16,5,9264,39,13,40,1,1,0
62,1,16,1,5091,39,1,40,2,1,0
27,1,18,3,5621,35,0,40,1,1,0
28,1,21,5,4762,14,13,40,2,1,0
34,1,21,5,786,27,0,40,1,1,1
82,6,21,1,2307,9,10,14,2,1,0
30,1,16,5,5380,38,0,40,1,1,0
29,1,21,1,2466,6,0,40,2,1,0
62,1,16,3,5655,17,0,40,2,1,0
26,1,18,1,8972,30,16,40,1,1,0
50,1,19,5,6161,7,0,40,1,1,0
41,1,19,1,5020,47,1,6,2,1,0
35,1,19,1,5587,40,0,40,1,1,0
52,1,18,3,194,5,0,40,1,1,1
47,1,19,1,5761,13,0,40,1,1,0
25,1,17,5,5904,40,0,40,2,1,0
63,1,19,1,5743,24,0,40,1,1,1
47,1,21,1,1063,34,0,40,1,1,1
41,1,21,1,1059,16,1,50,1,1,1
42,1,16,1,6086,34,0,40,1,1,0
56,1,16,1,3972,20,9,40,2,1,0
55,1,18,1,6158,28,1,40,2,1,0
47,1,21,1,331,19,1,40,1,1,1
37,3,22,1,2468,35,0,40,2,1,0
25,1,16,5,8846,36,13,40,1,1,0
30,1,21,1,2134,3,0,40,2,1,0
62,1,19,1,6060,17,0,40,1,1,0
33,1,21,5,683,4,0,40,1,1,1
52,1,16,3,6759,39,0,40,1,1,1
23,1,10,1,3944,7,0,40,2,1,0
45,1,16,1,9083,2,1,40,1,1,0
50,1,22,1,309,225,0,50,1,6,1
52,1,21,3,5718,40,0,40,2,1,1
44,1,21,1,143,11,1,50,1,1,1
54,1,17,1,7508,20,0,40,1,1,1
25,1,16,5,4741,313,2,5,2,6,0
36,1,21,1,1468,22,0,40,1,1,1
37,1,16,1,6154,2,0,40,1,1,0
37,1,22,1,2309,7,1,40,2,1,0
50,1,21,1,10,22,0,40,1,1,1
63,1,18,3,4630,41,13,31,2,1,0
54,1,16,1,5379,12,1,40,2,1,0
60,1,16,1,6221,20,1,40,1,1,0
24,1,21,5,3254,39,13,40,2,1,0
63,1,21,3,506,11,0,40,2,1,1
55,1,21,1,2884,25,1,40,2,1,1
49,1,22,1,618,23,1,40,1,1,1
53,1,20,3,262,42,13,40,1,1,1
48,1,20,3,398,3,0,40,1,1,1
28,1,21,3,2255,35,0,12,2,1,0
45,1,22,3,10,19,0,40,1,1,1
41,1,21,1,1556,12,1,40,1,1,1
49,1,19,5,5503,6,0,40,2,1,0
56,1,19,1,3959,38,0,40,2,1,0
70,6,22,1,2733,25,0,40,2,1,1
38,1,19,5,4800,5,0,40,1,1,1
27,1,16,1,9559,19,10,40,1,1,0
20,1,19,5,2492,31,17,15,2,1,0
30,3,21,1,2399,36,0,40,2,1,0
32,1,21,5,1539,40,13,40,1,1,1
50,1,17,3,7078,36,0,50,1,1,1
78,3,22,1,2438,40,0,9,2,1,0
31,1,21,3,1024,34,13,40,1,1,1
28,1,21,5,3152,22,0,40,2,1,1
45,1,18,1,5600,3,0,40,1,1,1
50,1,21,3,271,7,0,40,1,1,1
30,1,21,5,3224,4,0,40,2,1,1
37,1,21,1,2596,9,1,40,2,1,0
35,1,19,5,5600,230,13,40,1,6,0
42,1,22,1,2402,6,1,40,2,1,1
47,1,16,1,360,20,1,50,1,1,1
28,1,16,1,9190,6,10,40,1,1,0
36,1,19,1,4510,54,0,40,1,1,0
48,1,21,1,1011,13,1,40,2,1,1
26,1,19,5,5576,25,0,40,1,1,0
20,1,14,5,4581,31,2,28,2,1,0
20,1,16,5,4290,52,2,9,1,1,0
38,1,21,1,5441,308,1,40,2,6,0
26,1,21,1,2382,16,1,40,2,1,0
19,1,19,5,4773,38,2,14,2,1,0
51,1,16,5,5103,4,0,40,1,1,1
45,1,20,1,528,38,0,50,1,1,1
61,1,16,1,4717,39,0,30,2,1,0
32,1,19,3,5119,23,13,40,1,1,1
35,1,21,5,2307,11,0,40,1,1,1
29,1,21,5,1825,8,13,40,1,1,0
55,1,16,3,7705,3,0,40,1,1,1
29,1,21,1,5993,40,0,6,2,1,0
29,1,20,1,2113,33,1,11,2,1,0
36,1,21,1,4883,21,0,40,1,1,1
38,3,22,1,2511,10,0,40,2,1,0
29,2,21,1,2011,39,0,13,2,1,0
32,3,21,1,2661,29,0,40,2,1,0
19,1,10,5,4193,33,17,9,1,1,0
25,1,21,5,5702,39,2,40,2,1,0
21,1,19,5,6445,40,2,9,1,1,0
29,1,21,5,1990,26,0,40,2,1,0
61,1,21,1,54,23,0,40,1,1,1
22,1,17,5,9076,18,17,40,1,1,0
47,1,16,1,6030,302,1,40,1,1,0
46,1,21,5,273,38,0,40,1,1,1
45,1,16,1,4753,7,0,40,2,1,0
27,1,16,1,4078,308,2,40,1,8,0
49,1,19,1,338,22,0,50,1,1,1
53,1,19,1,5857,28,0,40,1,1,0
61,1,16,3,5532,30,0,11,2,1,0
47,1,21,1,3674,42,0,40,2,1,1
44,1,21,5,125,28,0,40,1,1,1
25,1,18,1,4177,40,0,40,2,1,0
32,1,21,3,2190,29,0,40,1,1,0
26,1,21,1,2058,2,1,17,2,1,0
59,1,16,3,485,34,0,40,1,1,1
44,1,21,1,1305,9,1,40,1,1,1
52,1,19,1,5899,35,0,40,2,1,0
21,1,14,5,4017,52,17,6,1,1,0
46,1,21,1,2334,1,1,40,2,6,0
41,1,21,5,2204,6,0,40,2,1,1
29,1,21,3,4995,43,0,9,2,1,0
63,1,14,1,3899,21,1,40,2,1,0
36,1,21,1,5174,24,0,40,1,1,0
39,3,21,5,2318,39,0,40,1,1,1
28,1,16,5,7238,38,0,40,1,1,0
56,1,20,5,432,24,0,40,1,1,1
62,1,21,1,3529,25,0,40,2,1,1
30,1,16,5,5033,21,0,40,1,1,0
39,1,9,5,6348,5,0,40,1,1,1
51,1,19,5,5513,37,0,40,2,1,1
36,1,18,1,4257,41,1,40,1,1,0
28,1,16,1,6447,7,1,40,2,1,0
40,1,19,1,5747,250,0,40,2,6,1
22,1,16,5,7009,20,2,40,1,1,0
60,1,16,1,353,18,0,40,1,1,1
20,1,9,5,4136,316,17,14,1,8,0
68,1,21,3,3785,8,0,40,2,1,1
26,1,16,5,4229,27,2,40,2,1,0
22,1,21,5,2629,38,2,40,1,1,1
55,1,20,3,378,42,0,40,2,1,1
46,1,19,1,322,38,1,50,1,1,1
37,1,20,1,5658,37,1,40,2,1,0
34,1,21,5,1408,9,0,40,1,1,1
48,1,21,1,299,11,1,40,2,1,1
27,1,16,5,4357,37,16,40,1,1,0
40,1,21,1,2265,34,1,40,2,1,0
51,1,22,3,239,33,0,50,1,1,1
24,1,19,5,4711,10,12,40,2,1,0
48,1,21,1,10,4,1,50,1,1,1
44,1,21,1,996,17,0,40,1,1,1
54,1,16,1,10,5,0,40,1,1,1
57,1,16,1,5660,23,1,40,1,1,0
47,1,19,1,313,3,1,40,1,1,1
51,1,16,3,5656,7,0,40,1,1,1
49,1,16,1,5237,14,0,40,1,1,0
42,3,21,1,2451,8,10,40,2,1,0
22,1,19,5,4774,27,2,11,2,1,0
21,1,19,1,3156,232,0,8,2,1,0
27,1,19,1,5729,2,10,40,2,1,0
58,1,18,5,5461,36,13,40,2,1,0
57,1,7,1,4152,43,1,40,2,1,0
68,1,21,1,3287,40,1,40,2,1,0
37,1,18,3,5487,10,0,40,1,1,0
19,1,16,5,4707,38,2,10,2,1,0
49,1,19,1,222,6,1,40,1,1,1
21,1,16,5,4144,7,2,40,1,1,0
47,1,16,1,8972,297,0,40,1,1,0
49,1,21,1,241,11,0,40,1,1,1
30,1,19,5,5248,39,0,33,2,1,0
44,1,22,1,2354,34,1,40,2,1,1
58,1,16,1,7332,29,1,40,1,1,1
60,1,19,1,400,31,0,40,1,1,1
42,1,16,5,5785,302,13,40,1,1,0
34,1,19,3,6584,29,0,40,1,1,0
19,1,16,5,4092,3,2,13,1,1,0
37,1,21,1,2410,9,0,40,2,1,0
41,1,11,1,4195,309,0,40,2,8,0
56,1,21,1,2938,20,1,40,2,1,1
21,1,18,5,4144,7,2,14,1,1,0
22,1,16,5,4161,41,2,40,2,1,0
24,1,21,1,2503,13,0,40,2,1,0
30,1,16,5,5677,39,0,40,2,1,0
46,1,21,1,243,5,0,50,1,1,1
54,1,22,1,482,32,1,50,1,1,1
39,1,21,3,3029,37,0,40,1,1,1
32,1,21,1,4818,58,0,40,1,1,0
48,1,21,1,250,39,1,50,1,1,1
49,1,21,1,1274,35,0,40,1,1,1
36,1,16,5,5471,7,13,40,1,1,0
28,1,21,5,2346,13,0,33,2,1,0
24,1,16,5,5991,5,13,40,2,1,0
23,1,16,1,4183,300,9,40,2,8,0
62,1,19,1,6179,20,0,40,2,1,0
62,1,16,5,3790,40,0,33,2,1,0
29,1,16,3,4823,12,0,40,1,1,0
29,2,22,3,2241,40,0,40,2,1,0
42,1,21,1,3199,9,1,40,2,1,0
50,1,19,3,360,15,0,40,1,1,1
41,1,17,1,9211,326,1,40,1,1,0
33,1,21,1,1090,20,1,40,2,1,0
44,1,16,5,8199,331,0,40,1,1,1
47,1,16,5,5817,42,13,40,1,1,1
19,1,16,5,4176,24,2,17,2,1,0
41,1,21,1,3359,35,1,40,2,1,1
23,1,16,5,6481,9,13,40,1,1,0
41,1,21,1,1473,9,1,40,1,1,1
37,1,19,1,6908,14,0,40,1,1,1
26,1,21,3,4505,35,0,40,2,1,0
27,1,16,5,9385,324,13,40,1,1,0
47,1,21,5,3088,22,0,40,2,1,1
64,1,16,1,5231,40,0,32,2,1,0
64,1,21,3,553,13,0,40,2,1,1
53,1,16,1,6027,11,0,40,1,1,1
35,1,20,1,3347,40,1,30,2,1,0
32,1,21,1,935,216,1,40,2,6,1
27,1,19,3,5786,38,12,40,2,1,0
26,1,18,3,5109,38,0,40,1,1,0
49,1,21,1,806,39,0,40,1,1,1
25,1,19,1,5217,10,10,40,2,1,0
43,1,21,1,3386,37,1,40,2,1,0
27,1,19,1,5207,17,1,40,2,1,0
29,1,20,1,2136,9,1,9,2,1,0
39,1,21,1,592,20,0,40,1,1,1
27,1,16,5,5786,41,15,40,1,1,0
39,3,21,3,2447,32,0,40,2,1,0
23,1,16,5,9264,31,16,40,1,1,0
46,1,21,1,1073,31,1,40,1,1,1
38,1,16,5,7836,41,0,40,1,1,1
58,1,16,1,10,7,0,40,1,1,1
65,1,19,1,5008,33,0,40,2,1,0
31,1,21,5,5685,7,0,40,1,1,1
55,1,16,3,661,5,0,40,1,1,1
20,1,16,5,9464,22,16,40,1,1,0
26,1,16,5,5325,18,0,40,1,1,0
56,1,16,3,7592,33,0,50,1,1,1
34,1,19,1,6257,2,0,40,2,1,0
40,1,19,5,6164,7,13,40,1,1,1
25,1,21,5,2501,228,12,40,1,6,0
29,1,19,1,6466,7,0,40,1,1,0
58,1,12,1,4042,38,1,34,2,1,0
61,1,19,1,5780,43,1,40,2,1,0
26,1,16,3,7547,17,0,40,1,1,0
25,1,16,1,4231,52,10,40,1,1,0
21,1,19,5,5998,39,2,40,1,1,0
45,1,16,5,8303,309,0,40,1,1,1
46,3,22,1,2397,41,1,40,2,1,0
21,1,19,5,4898,24,17,10,1,1,0
47,1,19,1,429,38,1,50,1,1,1
40,3,22,1,2542,43,0,40,2,1,0
35,1,21,1,5648,35,0,40,1,1,0
40,1,19,5,7649,314,0,40,1,1,1
17,1,9,5,4214,47,16,11,1,1,0
48,1,22,5,411,12,0,40,2,1,1
47,1,22,1,10,7,0,50,1,1,1
27,1,21,1,2286,25,10,40,2,1,0
48,1,19,1,5656,36,0,40,1,1,0
22,1,14,5,4134,53,17,11,1,1,0
58,1,18,1,6028,30,0,40,1,1,0
56,1,18,1,361,36,1,40,1,1,1
35,1,21,1,1260,37,0,40,1,1,1
77,7,23,3,10,22,0,40,1,1,1
64,1,19,1,5886,36,1,40,2,1,0
46,1,21,1,3362,37,1,40,2,1,1
37,1,21,1,1017,23,1,40,1,1,1
32,1,21,1,5407,38,1,40,2,1,0
32,1,21,1,1815,34,1,40,2,1,0
22,1,14,5,4094,4,2,32,2,1,0
41,1,19,1,5294,215,0,40,1,6,1
58,1,16,1,6190,28,0,40,1,1,1
21,1,16,5,3985,37,2,40,1,1,0
20,1,19,5,4674,34,2,33,2,1,0
53,1,8,1,4214,8,1,40,2,1,0
27,3,22,3,2271,34,0,14,2,1,0
63,1,21,1,457,14,0,40,1,1,1
29,2,21,5,2173,42,0,40,2,1,1
36,1,21,1,4935,38,0,40,2,1,0
52,1,16,1,7661,29,0,40,1,1,0
22,1,16,5,4020,30,2,15,2,1,0
28,1,19,3,2621,33,0,11,2,1,0
32,1,21,1,2130,40,1,40,2,1,0
48,1,18,1,6823,40,0,40,1,1,0
21,1,14,5,4183,37,16,5,1,1,0
46,1,21,1,3553,9,1,40,2,1,0
34,1,21,1,2167,24,1,40,2,1,1
74,2,21,1,3173,38,0,12,2,1,0
27,1,21,3,5456,22,0,40,1,1,0
38,1,21,1,809,38,0,40,1,1,1
39,1,18,1,6081,38,1,40,2,1,0
18,1,19,5,4521,36,2,15,1,1,0
42,1,22,1,1427,36,0,40,2,1,1
58,1,19,1,4744,35,1,40,1,1,1
30,1,16,1,4138,4,0,31,2,1,0
22,1,16,5,5409,16,0,40,2,1,0
46,1,19,1,7115,40,0,50,1,1,1
57,1,19,1,5580,37,1,40,2,1,0
73,2,21,1,2548,41,0,14,2,1,0
43,1,21,1,10,9,0,40,1,1,1
41,1,21,1,5050,34,1,40,1,1,1
29,1,19,1,5841,9,0,40,2,1,0
22,1,16,1,4126,28,1,9,2,1,0
61,1,16,1,3758,30,0,7,2,1,0
50,1,20,5,59,39,0,40,1,1,1
38,1,19,1,5239,36,0,40,2,1,0
36,1,20,1,2388,36,1,16,2,1,0
38,1,21,1,6225,10,1,40,1,1,0
52,1,19,3,5211,32,0,40,1,1,1
34,1,21,1,1098,21,0,40,1,1,1
33,1,21,5,438,25,0,40,1,1,1
33,1,16,3,7836,27,0,40,1,1,1
63,1,16,3,5333,19,0,40,2,1,0
25,1,19,5,5831,22,13,40,2,1,0
44,1,18,1,6224,6,1,40,1,1,1
22,1,19,5,5842,37,2,11,2,1,0
58,1,17,1,7250,18,1,40,1,1,1
55,1,20,1,5080,39,1,35,2,1,0
53,1,16,1,7327,5,0,50,1,1,1
25,1,16,5,9739,35,13,40,1,1,0
31,1,21,1,920,3,1,40,2,1,1
47,1,21,1,277,35,0,40,1,1,1
27,1,21,5,2374,24,0,40,2,1,0
60,1,22,1,489,26,0,40,2,1,1
25,1,21,5,5244,9,0,31,2,1,0
31,1,19,3,3632,8,12,40,2,1,0
52,1,21,3,305,17,0,40,1,1,1
57,1,21,1,529,10,0,40,2,1,1
41,1,21,1,5948,231,0,40,2,1,0
34,1,18,3,9154,15,0,40,1,1,0
47,1,21,1,2452,21,0,40,2,1,1
57,1,19,1,5274,29,0,40,1,1,1
62,1,16,3,6210,1,0,40,2,1,0
47,1,16,1,4766,325,0,35,2,1,0
25,1,21,5,1198,34,2,40,1,1,0
47,1,21,1,271,41,0,40,2,1,1
65,1,19,1,5889,39,0,40,2,1,0
20,1,16,5,4154,4,17,40,1,1,0
51,1,19,1,5593,39,1,40,1,1,1
37,1,21,1,5627,9,0,40,2,1,0
33,1,11,1,9279,2,1,40,1,1,0
26,1,19,5,6502,39,2,40,2,1,0
48,1,16,1,414,7,1,50,1,1,1
26,1,19,3,5981,5,0,40,1,1,0
46,1,20,5,3556,31,13,40,2,1,0
60,1,16,1,5633,17,1,33,2,1,0
22,3,22,5,2260,38,2,40,2,1,0
51,1,16,1,7452,38,0,40,1,1,1
67,1,21,1,5628,25,1,40,2,1,1
57,1,20,1,3521,17,0,33,2,1,0
44,3,21,1,2417,34,1,15,2,1,0
28,1,21,5,3286,17,2,40,2,1,0
45,1,21,1,295,213,0,40,1,1,1
42,1,22,1,3560,31,1,40,2,1,1
67,1,18,1,5061,34,0,40,2,1,0
60,1,21,1,3280,4,0,35,2,1,0
38,1,21,1,3167,6,0,40,2,1,1
50,1,16,1,7599,35,0,40,1,1,1
48,1,19,1,6321,4,0,40,2,1,0
30,1,21,1,2691,7,1,14,2,1,0
49,1,16,1,6485,34,1,40,2,1,0
53,1,16,1,7790,34,1,50,1,1,1
57,1,16,1,6312,13,9,40,2,1,0
46,1,21,1,836,27,0,40,1,1,1
48,1,21,3,1467,9,0,40,1,1,1
29,1,19,5,5793,13,2,31,2,1,0
67,1,19,1,5925,28,0,40,1,1,1
47,1,21,3,396,5,0,40,1,1,1
23,1,19,5,5981,6,10,40,1,1,0
52,1,16,5,5463,27,13,40,1,1,0
28,1,21,5,1814,218,12,11,2,6,0
34,1,20,1,5341,51,1,10,2,1,0
25,1,16,5,5789,29,13,40,2,1,0
61,1,16,3,85,38,0,50,1,1,1
44,1,19,1,9063,320,1,40,1,1,1
22,1,9,5,3919,34,2,40,1,1,0
59,1,16,3,5863,45,0,40,1,1,0
60,3,21,1,2283,36,1,4,2,1,0
28,1,21,5,2180,38,0,40,1,1,1
50,1,21,3,3579,11,13,40,2,1,1
52,1,16,1,4653,4,0,40,1,1,0
54,1,16,1,405,20,0,50,1,1,1
23,1,19,5,5672,42,0,40,1,1,0
66,1,16,1,6052,34,0,40,1,1,0
24,1,21,5,5851,10,2,40,1,1,0
28,1,16,1,9132,17,0,40,2,1,0
53,1,19,1,72,25,1,50,1,1,1
51,1,16,1,5483,10,0,40,1,1,0
27,1,16,5,5934,35,13,40,1,1,0
25,1,16,1,4162,37,0,7,2,1,0
32,3,21,1,2652,35,1,11,2,1,0
56,1,16,1,6404,38,0,40,1,1,1
72,1,18,1,2667,40,1,16,2,1,0
29,1,16,1,2663,23,1,7,2,1,0
23,1,19,5,2387,1,12,40,2,1,0
24,1,16,5,9279,32,2,40,1,1,0
30,1,19,5,5690,35,0,40,1,1,1
41,1,21,1,2362,9,1,40,2,1,0
24,1,21,3,3917,39,12,40,2,1,0
27,1,16,5,6758,56,0,40,1,1,0
51,1,16,1,619,10,1,40,1,1,1
56,1,16,1,639,18,0,50,1,1,1
24,1,16,5,4694,28,0,40,1,1,0
27,1,19,5,4600,36,12,40,2,1,0
28,1,21,5,4703,37,0,40,1,1,0
35,3,22,1,2322,39,1,40,2,1,0
61,1,16,3,4938,37,0,40,2,1,0
58,1,18,1,4030,34,1,34,2,1,0
19,1,19,5,3497,39,16,12,2,1,0
23,1,16,5,9516,17,13,40,1,1,0
46,1,19,1,5622,327,0,40,2,1,0
31,1,21,1,2687,24,1,40,2,1,0
28,1,16,5,6443,5,0,40,1,1,0
27,1,16,1,5326,36,0,40,1,1,0
21,1,16,5,4025,37,2,8,1,1,0
51,1,21,3,201,32,0,50,1,1,1
34,1,19,3,5666,38,0,33,2,1,0
45,1,21,1,921,31,1,51,1,1,1
33,3,21,1,2452,21,0,40,2,1,0
51,1,16,1,5415,34,0,40,1,1,1
62,1,20,1,5237,28,1,40,2,1,1
58,1,16,3,5950,17,15,40,1,1,0
54,1,21,1,3494,45,1,40,2,1,1
44,1,21,1,1204,211,0,40,2,6,0
20,1,19,5,4799,28,17,12,1,1,0
44,1,19,1,4965,41,0,40,2,1,0
45,1,19,1,5874,34,0,40,2,1,0
62,1,11,1,4091,310,1,9,2,1,0
25,2,21,1,2047,39,0,8,2,1,0
27,1,19,3,5193,14,10,40,2,1,0
59,1,21,1,2336,39,0,40,2,1,0
61,1,16,3,449,34,0,40,1,1,1
54,1,16,3,6993,1,0,50,1,1,1
46,1,21,1,1638,5,1,40,2,1,1
20,1,14,5,4739,6,17,10,2,1,0
44,1,22,1,351,7,1,40,1,1,1
39,1,21,1,746,24,0,40,2,1,1
27,1,21,5,2343,10,0,40,2,1,0
35,1,19,1,1394,4,0,40,1,1,1
53,1,16,1,313,40,1,50,1,1,1
20,1,19,5,4826,52,15,7,1,1,0
31,1,21,1,2107,23,1,40,1,1,1
31,1,21,1,2415,5,1,40,2,1,0
28,1,19,5,7600,26,0,50,1,1,1
49,1,12,1,5268,326,1,40,2,1,0
59,1,21,3,2790,38,13,40,2,1,1
46,1,16,1,7541,37,1,40,1,1,1
26,1,21,5,4989,35,0,40,2,1,0
53,1,16,1,5978,38,1,40,2,1,0
47,1,21,1,5792,41,1,40,2,1,0
25,1,21,3,2224,19,0,10,2,1,0
43,1,21,1,5638,22,0,40,2,1,0
50,1,16,5,5835,35,0,40,2,1,0
21,1,21,5,5914,13,2,40,2,1,0
57,1,21,1,3037,18,0,40,2,1,1
25,1,21,5,2015,27,0,40,2,1,0
57,1,16,1,6017,14,1,40,2,1,0
50,1,21,1,606,36,0,50,1,1,1
41,1,22,1,357,26,0,40,1,1,1
39,3,22,1,2581,41,0,40,2,1,0
24,1,16,5,3832,211,2,40,2,6,0
48,1,19,3,5356,40,0,40,1,1,1
28,1,21,5,5382,37,2,40,2,1,0
46,1,21,1,10,36,1,40,1,1,1
20,1,16,5,4192,5,2,6,1,1,0
29,1,16,5,9146,236,13,40,1,6,0
61,1,16,1,4065,19,0,7,2,1,0
29,1,22,1,942,35,0,40,1,1,1
26,1,16,5,9800,35,2,40,1,1,0
37,1,16,1,5667,37,0,40,1,1,0
18,1,19,5,2300,27,2,12,2,1,0
49,1,22,1,3232,7,0,40,1,1,1
26,1,21,5,1944,6,0,40,1,1,0
60,1,16,1,6026,19,1,40,2,1,0
28,1,20,1,2700,33,1,8,2,1,0
51,1,16,1,6378,41,0,40,1,1,1
30,1,16,1,4103,6,1,13,2,1,0
18,1,16,5,4263,26,17,40,1,1,0
48,1,16,3,9028,6,13,40,1,1,1
46,1,21,3,156,5,0,40,1,1,1
23,1,21,5,2354,5,2,15,2,1,0
53,1,16,1,6389,41,0,40,2,1,0
22,1,14,5,4239,55,17,7,1,1,0
25,1,16,5,3869,38,9,40,2,1,0
50,1,8,5,9424,318,0,40,1,8,0
59,1,19,3,5305,38,0,40,2,1,0
29,1,21,3,2445,40,0,40,2,1,0
46,1,21,1,6307,42,1,40,1,1,1
47,1,10,5,9136,233,0,40,1,8,0
25,1,16,5,4124,320,13,40,2,8,0
48,1,16,1,5742,306,0,40,1,1,0
28,1,21,5,2613,16,0,11,2,1,0
33,1,21,5,6263,38,0,40,1,1,0
60,1,16,1,4005,21,1,31,2,1,0
27,1,12,1,4237,315,10,40,1,8,0
42,3,21,1,2213,36,1,40,2,1,0
27,1,19,3,5792,4,0,40,2,1,0
60,1,16,3,5736,15,0,40,1,1,1
31,1,19,1,4741,39,0,40,2,1,0
48,1,16,1,71,3,1,50,1,1,1
17,1,19,5,4892,39,17,9,2,1,0
51,1,20,1,5598,27,1,40,2,1,1
19,1,19,5,4733,43,2,9,2,1,0
63,1,19,1,4914,40,0,40,1,1,0
33,1,19,1,6300,21,1,40,1,1,0
25,1,16,5,4689,56,0,40,1,1,0
52,1,16,1,7604,8,1,40,1,1,1
51,1,21,3,561,37,0,40,1,1,1
51,1,19,1,5965,31,1,40,1,1,1
53,1,18,1,6927,40,1,40,1,1,0
62,1,19,1,5435,22,0,40,1,1,0
34,1,19,1,6813,36,0,40,1,1,0
22,1,16,3,3990,23,0,40,2,1,0
49,1,21,3,1340,40,0,50,1,1,1
42,1,21,5,3613,211,13,40,2,6,0
54,1,21,1,3220,28,0,40,2,1,1
52,1,16,1,2726,319,1,9,2,1,0
48,1,20,1,5293,5,1,40,2,1,0
33,1,21,1,2215,29,0,40,2,1,0
49,1,19,1,2529,206,0,8,2,6,0
48,1,20,1,5674,42,0,40,2,1,0
21,1,19,5,5814,37,17,40,1,1,0
51,1,18,1,5520,38,1,40,1,1,0
32,1,21,5,5654,5,13,40,1,1,0
30,1,17,1,4003,5,0,40,1,1,0
63,1,19,1,5529,5,0,40,2,1,0
40,1,22,5,807,44,0,40,1,1,1
38,1,18,5,6487,6,13,40,1,1,0
45,1,7,1,4009,314,1,30,2,1,0
30,1,21,1,2127,8,1,40,2,1,0
49,1,17,1,3974,42,1,40,2,1,0
29,1,16,5,5246,309,13,40,2,6,0
19,1,16,5,4752,38,2,5,2,1,0
43,1,21,1,1335,21,0,40,1,1,1
36,1,16,3,5535,3,0,40,1,1,0
42,1,22,1,382,40,1,50,1,1,1
65,1,19,1,5562,31,0,40,1,1,1
35,1,21,5,1298,43,0,40,1,1,1
31,1,21,1,2159,312,9,40,2,1,0
21,1,21,5,2112,16,2,9,1,1,0
30,1,21,5,1281,35,13,40,1,1,1
58,1,19,3,4959,40,0,40,1,1,0
44,1,22,1,1289,226,1,40,1,6,1
53,1,16,3,5243,6,0,40,1,1,1
49,1,18,5,5458,36,0,40,1,1,1
64,1,18,1,5047,11,0,16,2,1,0
27,1,16,1,5673,40,0,40,2,1,0
52,1,19,3,212,8,0,40,1,1,1
37,1,21,1,2912,42,1,40,2,1,0
39,1,21,1,914,40,0,40,1,1,1
28,1,19,5,5698,37,13,40,2,1,0
27,1,21,5,3723,5,12,40,2,1,0
49,1,11,1,6540,324,0,40,1,1,0
33,1,21,5,102,7,0,40,1,1,1
72,6,22,1,1880,41,0,40,2,1,0
28,1,21,5,5578,29,2,40,1,1,0
27,1,22,5,1141,29,0,40,1,1,1
61,1,17,1,3896,13,1,10,2,1,0
33,3,21,1,2344,37,1,8,2,1,0
28,1,21,5,1967,35,2,40,2,1,0
42,1,10,1,4225,312,1,40,2,1,0
23,1,16,3,3894,27,0,40,2,1,0
29,1,19,1,5760,10,0,40,1,1,0
39,1,21,1,2640,5,1,40,1,1,1
21,1,15,5,4215,48,2,14,1,1,0
19,1,16,5,3904,7,2,40,1,8,0
25,1,16,5,4213,222,9,40,1,6,0
61,1,19,3,4991,23,0,40,2,1,0
44,1,16,1,6182,6,1,40,1,1,1
26,1,19,5,4298,4,9,40,1,6,0
43,1,21,1,399,2,0,40,1,1,1
38,3,21,1,2382,37,1,40,2,1,1
57,1,17,1,4314,38,1,8,2,1,0
50,1,18,3,5515,216,0,40,2,6,1
48,1,21,1,1052,195,0,40,1,6,1
44,1,19,5,5830,8,0,40,2,1,0
48,1,18,1,5686,40,0,40,1,1,0
58,1,19,1,5943,39,1,40,2,1,0
64,1,19,1,612,23,1,40,1,1,1
31,1,22,1,2256,54,0,40,2,1,0
42,1,22,1,3233,1,1,40,1,1,1
45,1,22,5,2368,40,0,40,2,1,1
26,3,22,5,2403,11,0,40,2,1,0
22,1,16,5,4703,51,17,14,2,1,0
45,1,8,1,4038,316,1,32,2,1,0
47,1,16,1,168,312,0,40,1,6,1
28,1,21,1,1923,8,1,40,2,1,0
44,1,16,1,7675,306,1,40,1,1,1
39,3,21,1,2474,18,1,40,2,1,0
20,1,16,5,4136,8,2,40,2,1,0
49,1,19,3,5702,27,0,40,2,1,1
31,1,19,1,3662,39,0,11,2,1,0
38,1,20,3,3639,6,0,40,2,1,1
56,1,16,3,412,39,0,40,1,1,1
42,1,16,1,6107,8,1,40,1,1,0
63,1,19,1,5002,23,0,40,2,1,0
51,1,21,1,525,23,0,50,1,1,1
43,1,21,1,2837,33,0,40,2,1,0
81,2,22,1,2220,14,0,10,2,1,0
32,1,21,1,1212,36,0,40,1,1,1
20,1,16,5,4279,7,2,12,1,1,0
31,1,19,5,5146,40,0,40,2,1,0
30,1,21,1,2403,18,0,40,2,1,0
29,1,21,1,6117,9,1,40,2,1,0
59,1,19,5,7171,25,0,40,1,1,1
31,1,21,5,2489,33,0,40,2,1,1
41,1,11,1,6071,316,1,40,1,1,1
22,1,21,5,5658,13,17,40,1,1,0
42,1,19,1,4941,4,0,40,1,1,1
74,7,22,1,3022,40,0,40,1,1,1
46,1,16,1,6185,7,0,40,1,1,1
39,1,21,1,703,14,0,40,1,1,1
49,1,16,1,3999,52,9,31,2,1,0
58,1,16,1,6490,38,1,40,2,1,0
44,1,19,1,5909,3,1,40,1,1,1
23,1,16,5,4246,8,2,13,2,1,0
77,1,21,1,3760,28,0,40,1,1,1
23,3,21,3,2317,26,0,40,2,1,0
49,1,16,1,6835,233,0,50,1,6,1
26,1,16,1,4091,308,0,40,2,1,0
54,1,19,3,5000,37,0,40,1,1,1
24,1,16,1,3952,305,0,40,2,1,0
32,2,21,1,2154,40,0,40,2,1,0
23,1,21,1,2508,22,0,40,2,1,0
27,1,16,1,6472,23,1,9,2,1,0
24,1,21,3,3247,42,12,40,2,1,0
39,1,19,1,6373,41,0,40,2,1,0
31,1,21,5,761,8,0,40,1,1,1
62,1,22,3,1880,7,0,40,1,1,1
22,1,16,3,4269,14,0,40,2,1,0
27,1,19,5,5041,29,2,40,2,1,0
41,1,21,1,3236,232,0,40,1,6,1
42,1,21,1,3088,243,1,40,2,6,1
47,1,22,1,1480,16,0,40,1,1,1
24,1,18,3,4212,19,16,40,1,1,0
35,1,19,1,4748,17,1,40,2,1,0
48,1,9,3,4330,4,0,40,2,1,0
53,1,20,1,5498,22,1,40,2,1,0
26,1,21,5,4254,38,13,40,1,1,0
55,1,21,1,822,6,1,40,1,1,1
37,1,21,1,4814,6,1,40,2,1,0
30,3,21,1,2302,19,1,40,2,1,0
22,1,16,5,6024,28,2,40,2,1,0
45,1,21,5,5695,42,0,40,2,1,1
53,1,16,1,8293,28,1,50,1,1,1
26,1,19,1,5121,14,9,40,2,1,0
31,1,19,1,6186,49,0,40,1,1,0
23,1,16,3,5435,15,0,40,2,1,0
28,1,20,1,2126,13,1,14,2,1,0
46,1,17,1,4016,47,0,40,2,1,0
50,1,21,1,16,38,1,40,1,1,1
46,1,18,1,5762,7,0,40,1,1,1
42,1,21,3,1438,3,0,40,1,1,1
32,1,22,1,1962,4,1,40,2,1,0
27,1,16,3,9612,36,13,40,1,1,0
52,1,16,3,5727,39,0,40,1,1,0
26,1,19,5,5489,51,2,33,2,1,0
42,1,21,1,602,21,1,40,1,1,1
53,1,19,3,6424,19,0,40,1,1,0
54,1,16,1,5301,27,1,40,2,1,0
21,1,16,5,4198,25,2,40,1,1,0
60,1,19,1,5248,36,1,40,2,1,0
53,1,16,1,5472,5,0,40,1,1,1
60,1,19,1,3830,19,0,40,2,1,0
33,1,19,5,5559,28,0,40,1,1,1
29,2,22,5,2290,37,13,40,2,1,0
31,1,20,1,3437,25,1,10,2,1,0
35,1,21,1,997,231,1,40,1,6,1
28,1,19,1,4986,40,0,40,2,1,0
56,1,16,3,6242,41,0,40,1,1,0
46,1,21,1,191,26,1,50,1,1,1
48,1,21,1,10,34,0,40,1,1,1
46,1,16,1,7238,21,0,40,1,1,0
44,1,16,1,5736,309,0,40,1,6,0
50,1,19,1,325,40,0,40,1,1,1
29,1,21,1,2359,223,1,40,2,6,0
56,1,16,1,5768,35,0,40,2,1,0
46,1,22,1,699,237,0,40,1,6,1
22,1,19,5,4713,22,12,12,2,1,0
22,1,16,5,4139,32,16,40,2,1,0
29,1,17,1,3995,37,1,40,2,1,0
54,1,19,1,5051,29,0,40,1,1,0
31,1,21,1,2300,28,0,40,2,1,0
44,1,18,1,272,39,1,40,1,1,1
46,1,20,1,6279,13,1,40,2,1,0
47,1,16,3,5430,11,0,40,2,1,0
47,3,21,1,2521,6,1,40,2,1,0
38,1,22,1,2989,8,0,40,1,1,1
50,1,18,3,5835,41,13,40,1,1,1
61,2,21,1,1846,17,0,40,2,1,0
19,1,14,5,4153,19,2,8,1,1,0
26,1,19,5,4939,38,0,40,2,1,0
43,1,20,3,411,232,0,40,1,1,1
61,1,16,1,5349,38,0,40,2,1,0
24,1,19,5,6107,43,13,40,2,1,0
50,1,21,1,472,1,0,40,1,1,1
77,2,22,1,2090,38,0,15,2,1,0
51,1,16,1,5749,1,0,40,1,1,0
36,1,21,1,559,16,1,40,1,1,1
25,1,16,5,9189,20,2,40,1,1,0
28,1,18,5,4063,14,16,40,2,1,0
45,1,21,5,3344,44,0,40,2,1,0
57,1,16,1,3871,15,1,12,2,1,0
28,1,16,1,6156,36,0,5,2,1,0
54,1,21,1,351,24,1,40,2,1,1
22,1,19,5,5570,24,2,40,1,1,0
36,1,22,1,3208,21,0,40,2,1,1
22,1,16,5,5018,34,16,40,1,1,0
28,1,21,1,2215,32,0,40,2,1,0
30,1,16,1,6140,39,0,40,2,1,0
41,1,21,1,3264,17,1,40,2,1,1
31,1,21,5,3663,26,13,40,2,1,0
31,2,21,1,1976,38,0,40,2,1,0
21,1,19,5,4130,232,17,7,1,6,0
36,1,22,1,2086,5,1,40,2,1,0
54,1,16,1,5510,18,1,40,1,1,0
55,1,19,1,5511,40,0,40,2,1,0
42,1,22,1,21,39,1,50,1,1,1
74,1,19,3,5880,23,0,40,2,1,0
54,1,16,3,6055,8,0,40,1,1,1
27,1,16,1,9116,323,2,40,1,1,0
69,1,22,1,1989,9,0,40,2,1,0
45,1,21,1,485,18,0,50,1,1,1
27,1,16,5,6508,21,0,40,2,1,0
19,1,15,5,4207,22,2,12,1,1,0
48,1,16,5,4231,323,13,40,2,1,0
19,1,16,5,4042,3,2,8,2,1,0
45,1,17,1,5893,41,1,40,1,1,0
50,1,16,1,6265,39,1,40,2,1,1
22,1,19,5,6247,21,16,13,1,1,0
41,1,16,1,5518,231,1,40,2,6,0
45,1,16,1,5732,302,0,40,1,1,0
26,1,19,5,5984,29,2,40,1,1,0
52,1,19,1,5482,26,0,40,2,1,0
59,1,19,1,4549,40,0,40,2,1,1
51,1,16,1,504,7,1,50,1,1,1
17,1,16,5,4272,49,2,11,1,1,0
39,1,19,1,7547,38,1,40,1,1,1
18,1,14,5,4766,11,17,7,2,1,0
62,1,19,1,3538,4,0,30,2,1,0
49,1,17,5,3723,2,0,40,2,1,0
62,2,21,3,2207,20,0,40,2,1,1
33,1,21,5,873,36,0,40,1,1,1
25,1,18,5,5994,11,13,40,1,1,0
27,1,21,5,2023,41,0,40,1,1,1
25,1,19,1,5324,21,16,40,2,1,0
34,3,22,1,2394,41,0,40,2,1,0
21,2,21,5,2105,9,12,13,2,1,0
54,1,19,1,10,35,0,50,1,1,1
29,1,20,1,5950,36,1,40,2,1,0
49,1,22,1,10,8,0,50,1,1,1
32,1,21,1,5032,48,0,40,2,1,0
62,1,16,1,8545,20,0,40,1,1,0
30,1,19,5,5853,37,13,40,1,1,0
20,1,16,5,4577,41,2,11,2,1,0
52,1,19,5,6345,37,0,40,1,1,1
45,1,21,1,3128,36,1,40,2,1,1
45,1,21,3,230,11,0,50,1,1,1
31,1,22,1,1951,6,1,40,2,1,0
44,1,19,1,5812,237,0,40,2,1,0
20,1,19,5,5091,6,0,36,2,1,0
46,1,16,1,321,5,1,40,1,1,1
24,1,19,1,5894,18,0,33,2,1,0
48,1,21,1,1605,201,1,40,1,1,1
60,1,16,1,3907,8,0,40,2,1,0
22,1,19,5,5415,7,12,40,2,1,0
35,1,20,1,4629,27,1,12,2,1,0
43,1,21,1,1064,21,1,40,1,1,1
47,1,21,1,4835,18,0,40,2,1,1
43,1,21,1,3477,37,0,40,2,1,0
55,3,21,1,2510,29,1,13,2,1,0
43,1,20,5,100,19,0,40,2,1,1
30,1,21,5,5349,37,0,40,2,1,0
62,1,19,1,2785,13,1,4,2,1,0
46,1,21,5,5407,4,0,40,2,1,0
56,1,16,1,5701,15,1,40,1,1,1
25,1,19,1,5683,38,9,40,2,1,0
43,1,21,5,380,42,0,40,2,1,1
49,1,20,1,5394,12,1,40,1,1,1
33,1,22,1,2175,40,0,40,2,1,0
26,1,10,5,4218,317,2,40,1,1,0
27,1,21,5,4739,16,12,40,2,1,0
76,2,19,1,2258,38,0,7,2,1,0
46,1,21,3,353,19,13,40,1,1,1
19,1,19,5,2579,47,17,10,1,1,0
47,1,19,1,5056,221,1,40,2,1,0
41,1,19,1,1217,242,1,40,1,6,1
28,1,21,5,3239,41,0,40,2,1,0
49,1,21,1,122,4,1,40,1,1,1
48,1,16,1,5733,316,1,40,2,1,0
29,1,21,5,2708,23,0,40,2,1,0
50,3,21,1,2505,10,0,40,1,1,1
24,1,19,5,6234,11,0,40,2,1,0
60,1,16,1,5141,34,0,40,2,1,0
22,1,16,5,4155,8,0,40,2,1,0
49,1,16,1,6296,303,1,40,2,1,0
24,1,20,1,2490,22,1,16,2,1,0
33,1,16,1,4919,25,0,40,2,1,0
48,1,20,3,211,40,0,50,1,1,1
48,1,18,1,235,9,0,40,1,1,1
53,1,16,3,7858,4,0,40,1,1,1
29,1,16,5,5575,10,13,40,1,1,0
19,1,19,5,4655,53,2,13,1,1,0
44,1,21,1,2463,14,1,40,2,1,0
29,1,21,1,631,42,0,40,1,1,1
22,1,19,5,5898,7,17,40,1,6,0
53,1,19,1,490,36,0,40,1,1,1
39,3,21,1,2286,38,0,50,1,1,1
27,3,22,3,2495,13,0,40,2,1,0
57,1,20,1,5778,43,1,40,2,1,0
33,1,16,1,6009,12,0,40,2,1,0
41,1,21,1,350,204,0,40,1,1,1
42,1,21,5,10,38,0,40,1,1,1
33,1,19,5,5332,31,13,40,1,1,0
25,1,16,5,6031,24,13,40,1,1,0
39,1,19,1,4469,21,1,40,1,1,0
47,1,19,3,5687,7,0,40,1,1,1
49,1,22,1,533,234,0,40,1,6,1
64,1,19,3,5727,38,0,40,2,1,0
60,1,16,1,7897,18,0,40,1,1,1
47,3,21,5,2358,40,0,40,1,1,1
27,1,19,1,5451,43,0,40,2,1,0
64,1,19,1,118,2,0,40,2,1,1
28,1,16,5,4220,5,10,40,1,1,0
24,1,21,5,2294,39,2,6,2,1,0
53,1,19,1,4833,41,1,40,1,1,1
42,1,22,1,859,212,1,40,1,6,1
24,1,16,5,4694,11,2,40,2,1,0
33,1,21,1,2309,16,0,40,2,1,0
42,1,22,1,2849,20,1,40,1,1,1
51,1,22,3,621,38,0,40,2,1,1
32,1,21,1,2282,3,0,40,2,1,1
51,1,20,1,111,23,1,40,1,1,1
37,1,19,1,5284,8,0,40,1,1,0
51,1,21,1,121,13,0,50,1,1,1
43,1,21,1,525,39,1,40,1,1,1
25,1,21,1,4397,5,0,40,1,1,0
42,1,21,1,10,4,0,40,1,1,1
20,1,19,5,2455,10,17,10,2,1,0
27,1,21,1,2685,8,1,40,2,1,0
27,1,21,5,4850,8,0,40,2,1,0
27,1,21,1,2609,22,1,40,2,1,0
27,1,21,5,3117,40,0,40,2,1,0
45,1,11,1,4427,304,9,40,1,1,0
51,1,9,1,4022,308,1,29,2,6,0
23,1,14,3,4066,44,2,40,2,1,0
28,1,19,5,5857,22,0,40,1,1,0
58,1,19,1,5756,42,1,40,2,1,0
50,1,16,1,5565,17,0,40,1,1,1
60,1,16,1,4825,14,1,7,2,1,0
35,1,21,5,1446,40,0,40,1,1,1
31,1,21,1,1146,15,0,40,1,1,1
60,1,16,1,4253,18,1,40,2,1,0
19,1,8,5,4142,18,2,10,2,1,0
41,1,19,3,558,37,0,40,1,1,1
50,1,21,1,217,13,0,40,1,1,1
64,1,16,1,9194,35,0,40,1,1,1
45,1,22,3,184,42,0,50,1,1,1
43,1,19,1,237,36,1,50,1,1,1
71,3,22,1,2708,19,1,11,2,1,0
56,1,16,1,7718,28,1,40,1,1,1
43,1,21,3,157,226,0,40,1,1,1
21,3,21,3,2288,37,0,8,2,1,0
55,1,19,1,5445,26,0,40,1,1,1
67,2,21,1,2100,41,0,40,2,1,1
59,1,17,1,4110,20,1,35,2,1,0
56,1,16,1,5763,43,0,40,1,1,0
53,1,20,1,3470,27,1,13,2,1,0
22,1,19,1,6269,10,10,40,1,1,0
40,1,17,1,9251,46,1,40,1,1,0
25,1,21,5,3212,218,0,40,1,6,1
63,1,18,1,5474,16,0,40,1,1,0
36,1,21,1,1192,44,1,40,1,1,0
37,1,21,1,4789,4,0,40,2,1,0
55,1,20,3,216,22,13,50,1,1,1
62,1,16,1,4105,31,1,40,2,1,0
34,1,17,5,5955,29,13,40,1,1,0
59,1,21,3,3142,18,0,40,2,1,1
53,1,16,3,10,29,0,40,1,1,1
30,1,21,1,863,22,1,40,1,1,1
47,1,21,5,361,235,0,40,2,6,1
29,1,19,5,6057,4,0,40,2,1,0
27,1,20,1,2349,5,1,28,2,1,0
51,1,16,3,7723,34,0,40,1,1,0
56,1,16,1,5893,8,1,40,2,1,0
29,1,21,5,5516,10,13,40,2,1,0
23,1,14,5,4054,8,2,40,2,1,0
29,1,20,1,5876,12,1,30,2,1,0
44,3,22,1,2548,38,1,3,2,1,0
58,1,16,1,6010,37,1,40,2,1,0
36,1,16,5,7250,28,0,40,1,1,0
21,1,19,5,5915,14,2,40,1,1,0
28,1,21,1,2656,34,1,40,2,1,0
49,1,17,3,58,8,0,40,1,1,1
29,1,16,1,6408,7,9,40,1,1,0
59,1,16,1,6201,24,0,40,2,1,0
33,1,22,1,1054,37,0,40,1,1,1
30,1,21,1,2217,14,0,40,1,1,1
54,1,16,5,6383,30,0,40,2,1,0
38,1,21,1,6185,200,0,40,2,1,0
32,1,19,5,5909,13,13,40,2,1,0
57,1,22,1,88,21,1,40,1,1,1
20,1,19,5,2647,37,17,7,2,1,0
31,1,19,5,4789,23,0,40,2,1,0
28,1,16,5,8937,7,0,40,1,1,0
38,1,21,1,1170,5,0,40,1,1,1
27,1,21,5,2244,7,2,40,1,1,0
44,1,16,1,7766,50,0,40,1,1,1
40,1,19,3,1327,2,0,40,1,1,1
36,1,19,1,5855,8,1,40,1,1,1
30,1,13,5,4218,42,2,40,1,1,0
20,1,19,5,4764,5,17,7,2,1,0
40,1,21,1,5984,14,0,40,2,1,0
55,1,16,1,6366,40,0,40,1,1,1
20,1,19,5,5905,31,2,40,1,1,0
29,1,21,1,5869,22,0,40,1,1,0
53,1,16,1,438,4,0,40,1,1,1
22,2,19,5,4632,25,17,18,2,1,0
42,1,22,3,162,5,0,40,2,1,1
27,1,19,5,5353,38,13,40,1,1,0
56,1,20,1,3483,9,1,40,2,1,0
27,1,21,1,2274,41,1,40,2,1,0
53,1,16,1,591,27,1,50,1,1,1
40,3,21,1,2445,37,1,40,2,1,0
39,1,21,1,753,13,1,40,1,1,1
35,1,21,1,5034,39,0,40,1,1,0
26,1,21,5,910,15,13,40,1,1,0
46,1,16,1,6084,309,1,40,2,1,0
22,1,16,5,4185,27,12,40,2,1,0
17,1,16,5,4053,4,2,8,2,1,0
33,1,19,5,5812,15,0,40,1,1,1
48,1,19,1,5300,229,0,40,2,1,0
38,1,21,1,3156,24,1,40,1,1,1
27,1,19,1,4598,46,0,40,1,1,0
47,1,19,1,5368,325,1,40,1,1,0
45,1,16,1,4134,301,1,40,2,6,0
55,1,16,3,552,35,13,40,1,1,1
23,1,16,5,9493,36,16,40,1,1,0
64,1,16,1,5601,43,1,40,2,1,0
42,1,21,1,1009,37,0,50,1,1,1
19,1,19,5,5825,8,2,40,1,1,0
31,1,19,5,5154,13,13,40,2,1,0
33,1,16,5,4144,321,13,40,2,8,0
39,1,19,1,5866,10,0,40,1,1,0
41,1,21,1,1188,8,0,40,2,1,0
29,2,22,5,2134,37,13,40,2,1,0
54,1,20,5,6368,23,0,40,1,1,1
32,1,21,5,913,14,0,40,1,1,0
26,1,19,1,6054,1,0,40,2,1,0
47,1,20,1,118,34,1,40,2,1,1
32,1,22,3,2909,41,0,40,2,1,1
49,1,16,1,5496,7,0,40,2,1,0
34,1,20,1,3771,15,1,13,2,1,0
32,1,19,1,6280,7,1,40,1,1,1
19,1,13,5,4197,22,16,16,1,1,0
23,1,16,5,4622,21,2,40,1,1,0
33,1,21,1,2302,8,0,40,1,1,1
25,1,21,5,4734,4,12,32,2,1,0
28,1,16,3,5576,23,0,6,2,1,0
41,1,21,1,2467,36,1,40,1,1,1
64,1,18,1,5026,37,0,40,1,1,1
21,1,16,5,4503,9,17,11,1,1,0
19,1,19,5,4441,26,2,5,1,1,0
53,1,16,3,411,14,0,40,1,1,1
41,1,21,1,4846,24,0,40,1,1,1
51,1,16,1,7618,34,1,40,1,1,1
49,1,10,1,4028,314,0,40,2,6,0
46,1,22,1,502,39,0,50,1,1,1
25,1,16,3,4194,7,10,40,2,1,0
52,1,16,3,169,8,0,40,2,1,1
33,1,16,1,7623,17,0,40,1,1,0
49,1,22,1,126,18,1,40,1,1,1
24,1,21,5,3119,8,13,40,2,1,1
53,1,16,3,6205,34,0,40,1,1,0
70,1,24,5,3269,27,0,40,1,1,1
25,3,22,5,2448,33,0,40,2,1,0
41,1,21,1,3094,17,0,40,1,1,1
49,1,19,1,6229,6,0,40,1,1,0
38,1,22,1,2708,3,1,40,2,6,1
31,1,19,5,9096,10,13,40,1,1,0
38,1,21,1,2304,36,1,40,2,1,0
21,1,14,5,4170,8,2,40,1,1,0
40,1,22,1,965,4,0,40,1,1,1
27,1,9,5,9598,308,0,40,1,1,0
19,1,16,5,9133,18,2,40,1,1,0
44,1,16,1,3936,248,1,40,2,1,0
21,1,18,5,4831,22,17,14,2,1,0
44,1,18,1,5268,9,0,40,1,1,0
43,1,16,5,6270,327,0,40,1,1,0
47,1,21,1,740,35,1,40,1,1,1
56,1,19,1,5162,17,0,40,1,1,0
20,1,19,5,4571,35,2,12,1,1,0
32,1,21,5,1535,22,13,40,1,1,1
48,1,22,1,352,11,1,50,1,1,1
44,1,19,1,99,217,1,40,1,6,1
34,2,21,1,2118,10,0,40,2,1,1
40,1,19,1,7541,10,0,50,1,1,1
63,1,21,1,2375,29,0,9,2,1,0
47,1,19,1,5586,5,1,40,2,1,0
20,1,19,5,5193,15,2,40,1,1,0
56,1,16,3,4529,19,0,40,1,1,1
37,1,21,1,4965,15,0,40,1,1,1
51,1,16,1,7204,22,1,40,1,1,0
58,1,16,1,4080,18,1,31,2,1,0
30,1,16,1,5409,296,10,40,2,1,0
19,1,16,5,4602,28,17,12,1,1,0
44,1,21,1,804,39,0,40,1,1,1
32,1,16,5,6994,38,0,40,1,1,0
21,1,16,5,9151,38,2,40,1,1,0
47,1,19,1,298,38,1,40,1,1,1
49,1,21,3,1330,8,0,40,1,1,1
41,1,19,1,5785,40,0,40,1,1,0
34,1,16,1,6704,49,1,40,2,1,0
53,1,19,1,349,22,1,50,1,1,1
63,7,21,1,104,16,0,50,1,1,1
29,1,21,3,3216,8,0,40,2,1,0
27,1,16,5,5890,25,0,40,2,1,0
59,1,20,3,5291,40,0,40,2,1,1
50,1,20,1,5518,42,0,40,2,1,1
40,1,21,1,1026,9,1,40,1,1,1
33,1,16,5,5105,9,0,40,2,1,0
30,1,21,5,1266,10,0,40,1,1,1
24,1,21,5,1504,38,0,40,1,1,0
27,1,21,5,1136,7,0,40,1,1,0
25,1,19,5,5610,8,13,40,2,1,0
35,1,19,1,5539,35,0,31,2,1,0
26,1,19,5,5380,16,2,40,2,1,0
50,1,16,1,4889,6,0,40,2,1,1
32,1,19,1,4861,11,10,40,2,1,0
24,1,21,5,1212,42,0,40,1,1,0
24,1,19,5,4732,38,2,40,2,1,0
23,1,18,5,3971,16,2,40,1,1,0
57,1,16,1,4178,38,1,36,2,1,0
31,2,21,1,1847,20,1,40,2,1,0
24,1,19,5,4964,10,0,40,1,1,0
25,1,19,5,3827,36,2,40,2,1,0
59,1,18,3,452,9,0,40,1,1,1
31,1,21,1,2215,26,1,12,2,1,0
43,1,16,1,5318,4,1,40,1,1,1
28,3,22,3,2366,24,0,40,2,1,0
41,1,21,1,2560,7,1,40,2,1,0
46,1,21,1,366,4,0,40,2,1,1
19,1,16,5,4324,8,2,12,1,1,0
63,1,20,1,3252,29,0,40,2,1,1
66,1,16,3,9004,36,0,40,1,1,0
51,1,21,1,2179,5,1,40,2,1,0
30,1,19,5,5180,4,0,40,1,1,0
50,1,19,1,5951,29,0,40,1,1,0
55,1,18,1,4738,39,1,40,2,1,1
32,1,19,5,6286,8,0,40,1,1,0
55,1,21,1,3568,24,1,40,2,1,1
35,1,21,3,1176,5,0,40,1,1,1
53,1,16,1,344,11,0,40,2,1,1
42,1,22,1,1026,12,0,50,1,1,1
41,3,21,3,2488,21,0,40,2,1,1
48,1,7,1,4197,306,10,40,2,1,0
32,1,22,1,2246,36,0,40,2,1,0
61,3,21,1,2299,35,1,14,2,1,0
64,1,19,1,4855,26,0,40,1,1,1
31,1,19,5,4997,6,13,33,2,1,0
31,1,18,5,4189,41,13,40,1,1,0
62,1,21,1,5193,42,0,40,2,1,0
30,1,19,3,5297,27,12,40,2,1,0
47,1,16,5,9251,297,0,40,1,1,1
46,1,12,1,4214,309,0,13,2,1,0
37,3,22,1,2552,209,1,40,2,6,1
19,1,14,5,4246,311,16,18,1,8,0
25,1,14,3,4136,311,9,40,2,1,0
43,1,21,1,336,11,1,40,1,1,1
28,1,21,1,2525,36,0,40,2,1,0
33,1,19,1,5043,49,1,11,2,1,0
47,1,21,1,232,26,0,50,1,1,1
34,1,22,1,844,1,0,40,1,1,1
41,1,20,1,3238,35,1,35,2,1,0
62,1,19,3,6251,17,0,40,1,1,1
42,1,17,1,5972,40,0,40,1,1,0
30,1,21,5,1462,25,13,40,1,1,0
46,1,21,1,3152,9,1,40,2,1,1
55,1,20,5,275,23,0,40,2,1,1
22,1,16,5,4243,234,2,16,2,6,0
24,1,19,5,4171,38,2,31,2,1,0
38,1,22,1,1567,39,0,40,1,1,1
35,1,21,5,1563,38,0,40,1,1,1
54,1,19,1,543,23,0,40,1,1,1
41,1,19,1,5428,22,0,40,1,1,0
46,1,19,1,6501,44,1,40,1,1,1
55,1,16,1,7398,37,0,40,1,1,1
42,1,21,1,1196,34,1,40,1,1,1
27,1,19,5,5678,40,0,40,2,1,0
26,1,19,5,5313,36,0,40,1,1,0
55,1,20,1,3097,11,1,40,2,1,0
44,1,20,1,3003,5,1,40,2,1,1
23,1,14,5,3921,24,2,40,2,1,0
50,1,20,3,10,41,0,40,1,1,1
60,1,20,1,2413,19,1,8,2,1,0
25,1,21,5,1184,36,2,40,2,1,0
26,1,17,3,4117,20,16,40,1,1,0
27,1,20,1,5343,24,1,40,2,1,0
25,1,21,5,6481,37,13,40,1,1,0
26,1,20,1,2285,23,1,13,2,1,0
21,1,19,5,2280,37,2,7,2,1,0
20,1,8,5,4623,11,16,11,2,1,0
32,1,19,1,5597,39,1,15,2,1,0
53,1,16,3,6571,39,0,40,1,1,1
46,1,21,3,211,3,0,50,1,1,1
27,1,19,5,5384,9,0,34,2,1,0
33,1,21,3,6398,5,0,40,1,1,0
32,1,19,1,2793,36,0,7,2,1,0
34,1,21,1,5921,19,1,40,1,1,0
26,1,21,1,2182,234,1,40,2,6,0
58,1,16,1,5560,19,15,40,2,1,0
32,1,19,5,5270,22,0,40,2,1,0
50,1,21,1,284,27,0,50,1,1,1
40,1,21,1,5452,5,0,40,2,1,0
19,1,21,5,2508,12,2,10,1,1,0
50,1,18,5,221,24,0,40,1,1,1
31,1,21,1,2466,11,1,40,2,1,0
53,1,21,1,154,4,0,40,1,1,1
52,1,19,1,5236,39,0,40,1,1,0
48,1,19,3,5795,34,0,40,1,1,1
49,1,21,3,10,29,0,40,1,1,1
41,1,22,1,3180,4,0,40,2,1,1
43,1,21,1,201,40,0,40,2,1,1
28,1,19,5,6174,50,2,40,2,1,0
39,1,19,5,5131,3,0,40,1,1,1
46,1,21,1,630,17,1,40,1,1,1
18,1,11,5,4160,15,2,13,1,1,0
21,1,16,5,5401,8,2,40,1,1,0
43,1,21,5,522,229,0,40,1,6,1
56,1,19,1,7005,24,0,40,1,1,1
19,1,19,5,2284,8,17,8,2,1,0
17,1,19,5,1950,30,17,11,1,1,0
28,2,21,1,2159,43,0,12,2,1,0
22,1,14,5,4673,47,16,13,1,1,0
59,1,16,1,4864,17,1,40,1,1,1
47,1,21,1,83,20,0,50,1,1,1
49,1,21,3,279,17,0,40,1,1,1
24,1,21,5,3525,32,13,40,2,1,0
22,2,21,5,2424,33,2,12,2,1,0
44,1,16,1,186,2,0,40,1,1,1
40,1,21,1,3483,11,1,40,2,1,0
34,1,21,1,5077,29,0,40,2,1,0
35,1,22,1,966,41,0,40,1,1,1
39,1,21,1,1012,4,1,40,1,1,1
57,1,21,1,5114,25,1,40,2,1,0
21,1,16,1,4094,48,0,40,1,1,0
33,1,21,5,495,12,0,40,1,1,1
72,1,22,1,3246,36,0,40,2,1,1
59,2,21,1,3365,23,0,40,2,1,0
43,1,21,1,6010,10,1,40,2,1,0
34,1,22,1,2063,213,0,40,2,6,0
37,1,21,1,3252,221,1,40,2,6,1
50,1,16,1,298,32,0,40,1,1,1
25,1,19,5,4730,7,13,40,2,1,0
32,1,22,1,3042,32,1,40,2,1,1
64,1,22,1,3266,36,0,40,2,1,1
22,1,16,5,4118,186,2,40,2,6,0
63,1,18,1,4060,15,1,32,2,1,0
50,1,16,1,5763,40,1,40,2,1,0
20,1,18,5,4625,20,17,7,2,1,0
24,1,21,1,2152,34,0,40,2,1,0
28,1,21,5,3123,8,0,40,2,1,0
46,1,21,1,409,14,0,40,1,1,1
43,1,21,1,5958,36,0,40,1,1,1
41,1,21,1,166,23,0,40,1,1,1
40,1,21,1,3260,5,1,40,2,1,0
53,1,19,1,312,25,0,40,1,1,1
22,1,19,5,2252,11,16,6,2,1,0
45,1,21,1,100,9,1,40,1,1,1
44,1,21,1,4931,39,1,40,2,1,0
26,1,19,1,5360,35,0,32,2,1,0
59,1,19,1,6193,39,0,40,1,1,1
27,1,19,5,4702,23,2,40,2,1,0
33,1,21,1,2457,48,0,12,2,1,0
25,1,10,5,4165,310,2,40,2,8,0
27,1,19,5,5721,39,0,40,2,1,0
20,1,16,5,4283,38,16,40,1,1,0
63,1,16,1,4122,30,1,40,2,1,0
59,1,21,3,3766,23,0,40,2,1,0
29,1,16,5,5661,318,0,40,1,1,0
27,1,18,1,5782,19,1,8,2,1,0
37,1,21,1,58,37,1,40,1,1,1
24,1,16,5,9779,35,2,40,1,1,0
48,1,19,1,7547,27,0,40,1,1,1
58,1,16,1,4218,40,0,40,1,1,0
43,1,19,1,7587,40,1,50,1,1,1
46,1,21,3,1197,226,13,40,1,6,1
35,1,19,1,6284,42,1,40,2,1,0
28,1,19,5,6043,5,0,40,1,1,0
60,1,16,1,5228,11,0,27,2,1,0
26,1,13,5,9465,14,2,40,1,1,0
45,1,21,3,463,11,0,40,1,1,1
29,3,22,1,2454,8,0,40,2,1,0
48,1,21,1,246,39,1,40,1,1,1
60,1,18,1,5253,9,0,40,1,1,1
59,1,19,1,191,9,1,40,1,1,1
44,1,21,3,132,22,0,50,1,1,1
26,1,21,5,4535,22,2,40,1,1,0
50,1,16,1,6210,7,1,40,1,1,0
59,1,16,5,6463,23,0,40,1,1,1
60,1,20,1,3703,11,1,40,2,1,0
26,1,17,5,6265,24,0,40,1,1,0
60,1,20,1,5354,16,0,40,2,1,0
22,1,21,5,4769,40,2,40,1,1,0
25,1,18,5,6379,13,2,40,1,1,0
50,1,20,1,3257,8,1,32,2,1,0
25,1,21,3,4831,23,2,40,2,1,0
31,1,21,5,880,25,2,40,1,1,0
44,1,19,1,3778,321,1,40,2,6,0
55,1,21,1,555,5,0,40,2,1,1
29,1,19,5,9660,25,2,40,1,1,0
54,1,16,1,8592,28,1,40,1,1,0
20,1,21,5,2334,52,2,40,2,1,0
49,3,21,1,2666,35,1,40,2,1,1
50,1,19,1,7437,28,1,50,1,1,1
37,1,19,1,5184,22,0,4,2,1,0
30,1,21,5,5013,9,2,40,1,1,0
47,1,21,3,946,5,0,50,1,1,1
17,1,16,5,3995,53,2,13,1,1,0
51,1,16,1,5726,316,1,40,1,1,0
26,1,16,1,5967,37,10,40,2,1,0
24,1,19,1,5302,26,0,16,2,1,0
62,3,21,3,2459,39,0,40,2,1,0
35,1,8,3,3988,34,0,40,1,1,0
23,1,19,3,6447,39,0,40,1,1,0
41,1,21,1,5696,38,0,40,1,1,1
26,1,21,5,1865,20,2,40,2,1,0
51,1,16,5,5944,27,13,40,1,1,1
46,1,19,5,5952,306,13,40,1,1,1
50,1,16,3,7484,40,0,40,1,1,1
41,1,18,5,5547,307,0,40,2,1,0
46,1,21,1,3439,33,0,40,2,1,1
17,1,16,5,4786,9,16,14,2,1,0
51,1,17,5,141,4,0,40,1,1,1
34,1,21,5,904,218,0,40,1,6,1
26,1,19,5,4940,39,2,40,1,1,0
24,2,22,5,2285,17,13,40,2,1,0
30,1,19,5,5240,7,13,40,1,1,0
27,1,16,5,4207,4,17,40,1,1,0
34,1,21,1,1814,5,0,40,1,1,1
26,1,19,5,4738,21,13,40,1,1,0
48,1,19,1,233,37,1,40,1,1,1
32,1,18,3,6127,11,0,40,1,1,0
18,1,16,5,4647,37,2,14,2,1,0
42,1,21,1,2441,216,0,40,2,6,0
27,1,16,3,6208,34,0,40,1,1,0
36,1,21,3,5343,40,0,40,2,1,0
46,1,21,1,10,202,1,50,1,6,1
42,1,21,1,3161,37,0,40,2,1,0
27,1,21,5,3310,23,0,40,2,1,1
39,1,21,1,723,26,1,40,1,1,1
46,1,22,3,221,21,0,40,2,1,1
22,1,14,5,4015,49,16,40,1,1,0
30,1,21,5,5030,7,13,40,1,1,0
28,1,19,5,4833,24,0,40,2,1,0
42,1,21,1,3281,37,0,40,2,1,1
56,1,19,1,4097,39,1,16,2,1,0
49,1,17,3,9003,41,0,40,1,1,1
55,1,16,1,9217,11,0,40,1,1,1
79,7,22,3,10,37,0,40,1,1,1
27,1,16,1,4063,34,9,40,2,1,0
59,1,18,3,5245,32,0,40,1,1,1
46,1,21,5,2780,31,0,40,1,1,1
30,1,19,1,3495,239,1,14,2,6,0
32,1,21,1,2525,35,0,40,2,1,0
24,1,16,1,4268,27,1,14,2,1,0
46,1,17,1,5999,37,15,40,1,1,0
41,1,21,1,3607,212,0,40,2,6,0
30,1,16,5,9371,28,13,40,1,1,0
44,1,19,1,5168,6,0,40,2,1,0
59,2,22,1,2085,32,0,40,2,1,1
57,1,20,1,5376,43,1,40,2,1,0
45,1,19,1,288,34,0,40,1,1,1
17,1,16,5,4305,46,2,10,1,1,0
65,1,19,1,3514,36,0,10,2,1,0
53,1,21,1,1200,7,0,50,1,1,1
29,1,21,3,2299,10,0,40,2,1,0
28,1,18,5,9723,303,10,40,1,6,0
47,1,21,5,147,8,0,40,1,1,1
31,1,21,5,5807,35,13,40,2,1,0
19,1,14,5,4294,19,2,40,1,1,0
55,1,18,1,9187,35,0,40,1,1,1
46,1,21,3,1303,3,0,50,1,1,1
26,3,20,1,2512,38,1,10,2,1,0
52,1,21,3,553,35,0,50,1,1,1
28,1,19,1,5925,309,1,40,2,1,0
22,1,18,5,8860,30,2,40,1,1,0
60,1,19,1,339,33,0,40,1,1,1
20,1,16,5,4073,38,12,40,1,1,0
27,1,16,3,5141,19,12,40,2,1,0
18,1,14,5,4221,15,17,12,1,1,0
52,1,16,3,8290,24,0,50,1,1,1
40,1,19,1,5219,5,1,40,2,1,0
47,1,16,1,6203,35,1,40,1,1,1
49,1,9,1,3967,305,0,40,1,1,0
53,1,16,1,7845,27,1,50,1,1,1
44,1,21,3,317,34,0,40,1,1,1
36,1,21,1,3096,17,1,40,1,1,1
29,1,16,1,5432,27,1,40,2,1,0
22,1,16,5,4018,41,17,40,2,1,0
42,1,16,1,7451,5,1,50,1,1,1
62,1,16,1,5605,21,0,40,1,1,1
68,2,21,1,2253,38,0,40,2,1,1
37,1,12,1,7783,1,0,40,1,1,0
23,1,21,5,5122,3,2,34,2,1,0
21,1,16,5,4235,5,2,15,1,1,0
35,1,19,5,6220,4,0,40,1,1,0
46,1,17,1,4094,39,1,9,2,1,0
28,1,13,5,7517,29,17,40,1,1,0
32,1,21,5,3012,6,0,40,1,1,1
30,1,21,1,3082,22,1,40,2,1,1
30,1,16,1,5895,13,9,40,1,1,0
48,1,12,1,4202,312,10,40,2,1,0
37,1,19,3,7054,20,0,40,1,1,0
64,1,19,1,5178,13,0,40,1,1,1
37,1,22,5,79,10,0,40,1,1,1
27,1,21,3,5459,47,0,40,2,1,0
25,1,19,5,6388,1,2,40,2,1,0
38,1,21,1,815,14,0,40,1,1,1
49,1,18,1,7721,40,1,40,1,1,1
25,2,21,5,2068,39,0,14,2,1,0
17,1,14,5,4701,20,16,5,2,1,0
27,2,21,1,2157,30,0,9,2,1,0
27,1,16,5,8592,34,0,40,1,1,0
42,1,21,1,2606,38,1,40,2,1,1
46,1,21,1,994,11,1,40,1,1,1
45,1,21,1,384,36,1,50,1,1,1
34,1,18,1,5222,18,1,15,2,1,0
63,1,19,3,5518,42,0,40,2,1,0
52,1,16,5,5923,5,0,40,1,1,1
29,1,21,1,3114,6,0,40,1,1,0
18,1,8,5,4187,49,2,11,1,1,0
32,1,21,1,919,22,0,40,1,1,0
50,1,21,1,144,34,0,40,1,1,1
57,1,19,1,4809,37,0,40,1,1,0
60,1,18,1,5223,13,1,40,2,1,0
25,1,19,5,5834,4,0,40,2,1,0
48,1,16,1,403,8,0,50,1,1,1
59,1,16,1,5113,28,1,40,1,1,0
35,1,19,1,5494,22,1,40,2,1,0
30,1,16,3,6238,7,0,40,1,1,0
19,1,19,5,4589,10,17,15,2,1,0
32,1,21,1,1008,6,1,40,1,1,1
65,1,16,1,5694,16,1,40,2,1,0
25,1,16,5,6211,40,13,40,1,1,0
49,1,21,5,2931,4,0,40,1,1,1
28,1,21,5,2212,26,0,40,1,1,1
30,1,16,5,8881,2,13,40,1,1,0
57,1,16,1,5167,36,1,40,2,1,0
57,1,18,1,6041,43,1,40,1,1,0
36,1,21,3,1122,21,0,40,1,1,1
27,1,21,1,2390,45,1,40,2,1,0
23,1,16,5,4157,18,16,40,2,1,0
49,1,22,1,2956,41,1,40,1,1,1
27,1,21,3,4797,9,0,40,2,1,0
33,1,19,1,5745,2,0,9,2,1,0
22,1,18,5,4120,15,2,40,2,1,0
24,1,16,5,6357,20,2,40,1,1,0
17,1,14,5,4047,22,2,10,1,1,0
53,1,22,5,827,6,0,40,1,1,1
22,1,18,5,5302,8,13,40,1,1,0
49,1,20,3,121,10,0,40,1,1,1
43,1,8,1,4265,305,9,40,2,1,0
51,1,21,3,10,22,0,50,1,1,1
57,1,16,1,6383,38,1,40,1,1,1
46,1,22,3,602,5,0,40,1,1,1
22,1,16,5,4033,23,17,34,2,1,0
40,1,21,1,2212,1,1,40,1,1,0
51,1,19,3,5927,36,0,40,1,1,1
24,1,21,3,3472,16,12,40,2,1,0
19,1,19,5,4590,18,16,12,2,1,0
27,1,18,5,5341,41,13,40,1,1,0
58,1,20,1,3548,18,0,40,2,1,0
36,1,20,1,5157,46,1,30,2,1,0
24,1,16,5,9434,39,2,40,1,1,0
45,1,21,5,525,12,0,40,1,1,1
49,1,21,1,4554,8,0,40,1,1,1
57,1,16,1,69,22,1,40,1,1,1
22,1,16,3,7148,23,0,40,1,1,0
37,1,21,1,2217,16,1,40,2,1,1
57,1,19,1,3758,24,0,40,2,1,0
49,1,16,1,480,6,0,40,1,1,1
39,1,18,1,9199,40,1,40,1,1,0
31,1,21,1,2246,34,1,40,1,1,1
25,1,16,5,9173,33,2,40,1,1,0
49,1,22,3,961,221,0,40,1,6,1
50,1,19,3,5314,8,13,40,1,1,1
60,1,19,1,5159,17,0,40,2,1,1
30,1,19,1,5097,10,10,14,2,1,0
31,1,19,5,5381,9,0,40,2,1,0
29,1,21,5,2016,225,13,40,2,6,0
48,1,19,1,5459,11,0,40,1,1,0
53,1,16,1,6012,38,1,40,1,1,0
41,1,8,3,8778,317,0,40,1,8,0
21,1,19,5,2280,20,16,10,2,1,0
30,1,19,5,6433,8,0,40,1,1,0
46,1,21,1,520,5,0,40,1,1,1
23,1,16,5,9724,38,2,40,1,1,0
43,1,8,1,6577,298,0,40,1,1,1
33,1,21,1,2646,40,1,15,2,1,0
27,1,21,5,1248,9,0,40,1,1,0
41,1,21,1,592,41,1,40,1,1,1
42,1,21,5,1389,33,0,40,1,1,1
33,1,22,1,2225,25,0,40,2,1,1
29,1,16,5,9522,27,0,40,1,1,0
25,1,16,1,9543,21,10,40,1,1,0
51,1,19,1,464,38,0,40,1,1,1
46,1,19,1,6409,4,0,40,1,1,0
21,1,19,5,2337,27,2,11,2,1,0
21,1,14,5,4815,9,16,5,2,1,0
44,3,22,1,2529,36,1,17,2,1,0
20,1,16,5,4018,24,2,7,1,1,0
30,1,21,5,2641,17,13,40,2,1,0
63,1,21,1,3646,26,9,40,2,1,0
42,1,19,5,5907,4,0,40,1,1,1
45,1,20,5,261,9,0,40,1,1,1
23,1,21,1,2318,8,0,40,2,1,0
30,1,21,5,3142,36,0,40,2,1,1
31,1,21,1,1911,24,1,40,1,1,0
29,1,16,1,4070,300,1,40,2,8,0
22,1,21,5,2159,7,2,13,2,1,0
61,1,21,1,4790,34,1,40,2,1,0
50,1,21,1,479,27,0,50,1,1,1
40,1,19,5,6137,34,0,40,1,1,1
51,1,19,1,7829,36,0,50,1,1,1
28,1,19,1,5630,39,1,13,2,1,0
58,1,17,3,8917,22,0,40,1,1,1
40,1,8,5,7758,301,0,40,1,1,1
55,1,21,1,138,38,1,40,1,1,1
28,1,19,5,5226,22,12,40,2,1,0
45,1,16,1,5886,6,0,40,1,1,0
53,1,16,1,7429,36,0,50,1,1,1
44,1,11,1,6314,307,0,40,1,8,0
56,1,21,1,176,19,1,50,1,1,1
19,1,19,5,4662,24,17,13,1,1,0
47,1,21,1,1304,24,1,40,1,1,1
36,1,21,1,1536,14,0,40,1,1,1
61,1,16,1,10,2,0,40,1,1,1
60,1,16,3,493,32,0,40,1,1,1
39,3,21,1,2471,36,1,40,2,1,1
50,1,21,5,418,197,0,40,1,6,1
32,1,19,1,6216,6,1,40,1,1,0
49,1,21,5,696,42,0,40,1,1,1
24,1,16,5,5622,3,13,40,1,1,0
25,1,16,1,4908,38,0,40,2,1,0
39,1,16,1,5921,36,0,40,2,1,0
19,1,21,5,2301,10,17,40,1,1,0
26,1,19,3,4669,191,0,14,2,6,0
50,1,16,1,282,5,1,40,1,1,1
48,1,21,1,181,34,1,40,1,1,1
26,1,16,5,4067,216,2,30,2,6,0
21,1,16,5,5023,18,2,40,1,1,0
30,1,16,1,4163,13,0,40,2,1,0
57,1,16,1,3810,37,1,40,2,1,0
58,1,19,1,5039,36,0,40,2,1,0
32,3,21,5,2396,32,0,40,2,1,1
34,1,21,5,2938,7,13,40,1,1,1
25,1,19,5,6059,5,2,40,1,1,0
23,1,16,5,4360,42,16,40,1,1,0
54,1,20,3,730,37,0,40,1,1,1
53,1,18,1,76,44,0,40,1,1,1
48,1,21,5,171,10,0,40,1,1,1
59,2,21,1,3174,29,0,36,2,1,0
25,1,21,5,2453,40,2,15,2,1,0
50,1,21,1,3857,42,1,40,1,1,1
51,1,21,1,2245,19,0,40,1,1,1
33,1,21,1,617,23,1,40,1,1,1
48,1,16,5,6875,5,0,40,1,1,1
19,1,19,5,4642,29,17,40,1,1,0
23,1,21,5,2464,3,2,40,2,1,0
20,1,19,5,3802,40,12,40,1,1,0
76,2,21,1,2096,36,0,40,2,1,1
60,1,16,1,6084,20,1,40,1,1,1
39,1,19,1,5234,48,1,40,2,1,0
26,1,19,5,5416,40,0,40,2,1,0
55,1,19,1,2408,39,1,8,2,1,0
57,1,20,1,3254,17,1,40,2,1,1
20,1,19,5,4727,51,2,10,2,1,0
21,1,16,5,4575,211,2,8,2,6,0
26,1,16,5,3927,20,2,40,2,1,0
17,1,9,5,3970,32,2,11,1,1,0
49,1,19,1,8902,4,0,40,1,1,1
56,1,16,1,5825,8,1,40,2,1,0
48,1,21,1,81,32,1,50,1,1,1
17,1,10,5,4648,33,16,11,1,1,0
28,1,16,1,3912,3,0,9,2,1,0
35,1,21,3,1700,12,0,40,1,1,1
69,1,19,3,3510,30,0,32,2,1,0
20,1,16,5,4163,13,2,12,1,1,0
47,1,9,5,6735,301,13,40,1,8,0
53,1,22,1,373,234,1,51,1,6,1
24,1,19,5,5591,34,0,11,2,1,0
19,1,19,5,5573,20,17,40,1,1,0
61,1,16,1,5619,21,1,40,2,1,0
67,3,21,1,2359,20,0,40,2,1,0
70,1,21,1,3293,37,0,40,1,1,1
52,1,19,1,5974,20,0,40,1,1,1
61,1,16,1,5687,7,0,40,2,1,0
41,1,19,1,5105,307,0,40,1,1,0
20,1,16,5,5667,30,2,40,2,1,0
59,1,16,1,6620,28,1,40,2,1,0
54,1,20,5,443,38,0,40,1,1,1
20,1,19,5,4642,26,17,15,2,1,0
24,2,22,5,1969,5,2,40,2,6,0
30,1,19,1,4963,22,0,40,2,1,0
53,1,16,3,7938,27,0,40,1,1,1
27,1,16,5,7503,25,0,40,1,1,0
34,1,21,1,2174,224,1,40,2,6,0
18,1,19,5,2460,216,2,7,2,6,0
30,1,21,5,486,5,13,40,1,1,1
35,1,10,1,8946,311,9,40,1,8,0
61,1,20,1,10,42,1,40,2,1,1
47,1,22,1,532,8,1,40,1,1,1
48,1,21,1,1456,11,0,40,1,1,1
49,1,21,1,494,37,0,40,1,1,1
44,1,21,3,1621,11,0,40,1,1,1
39,2,21,1,2152,4,0,40,2,1,0
49,1,19,1,791,305,0,40,1,6,1
53,1,20,3,265,40,0,40,1,1,1
50,1,21,1,1244,34,0,40,1,1,1
44,1,21,3,183,29,0,40,1,1,1
19,1,16,5,4673,240,4,7,2,6,0
34,1,21,1,173,15,0,40,1,1,1
24,1,16,5,4106,22,2,40,1,1,0
48,1,17,1,8029,42,0,50,1,1,1
37,1,21,3,2917,32,0,40,1,1,0
41,1,21,1,963,39,1,40,2,1,1
31,1,16,3,5697,8,0,40,1,1,0
21,1,16,5,9733,7,17,40,1,1,0
27,1,19,5,5024,16,12,40,1,1,0
36,1,16,3,7759,37,13,40,1,1,1
28,1,11,1,4073,309,10,40,1,1,0
53,1,21,3,3147,41,0,40,2,1,1
45,1,21,1,3224,11,1,40,2,1,1
64,1,18,1,4013,20,1,10,2,1,0
32,1,21,5,5055,39,13,40,1,1,0
28,1,19,5,5884,41,0,33,2,1,0
28,1,21,3,3718,20,0,34,2,1,0
48,1,9,1,4039,310,1,40,2,1,0
21,1,21,5,4763,14,13,40,2,1,0
61,1,16,1,5812,39,1,35,2,1,0
31,1,16,5,6295,20,0,32,2,1,0
39,1,19,1,6067,39,0,40,2,1,0
36,1,14,3,3887,40,0,32,2,1,0
45,1,16,1,3889,299,1,11,2,1,0
35,1,19,1,5915,6,0,40,1,1,0
44,1,21,1,6139,40,1,40,2,1,0
51,1,21,3,334,34,0,40,1,1,1
47,1,16,1,342,8,1,40,1,1,1
30,1,19,1,6079,18,0,7,2,1,0
57,1,16,1,5253,33,0,32,2,1,0
52,1,16,1,5890,36,1,40,1,1,0
20,1,16,5,4549,52,16,7,1,1,0
28,1,19,5,4775,41,2,40,2,1,0
28,1,19,5,5128,5,2,40,2,1,0
52,1,16,1,5487,39,1,40,1,1,0
33,3,21,1,2382,20,0,10,2,1,0
40,1,21,1,1546,39,0,40,1,1,1
46,1,21,1,543,221,1,40,1,6,1
49,1,19,1,5285,232,0,40,2,6,0
56,1,16,1,6842,13,0,40,1,1,1
39,1,16,5,6211,42,0,40,1,1,0
47,1,22,3,229,40,0,49,1,1,1
63,1,21,3,321,20,0,40,2,1,1
55,1,19,1,4946,38,0,40,2,1,0
60,1,21,1,5518,9,0,40,2,1,0
35,1,16,1,7260,6,0,40,1,1,1
56,1,16,1,5822,41,0,40,2,1,0
47,1,19,1,1433,23,0,50,1,1,1
62,1,22,1,2146,37,0,40,2,1,0
50,1,21,1,447,6,1,40,1,1,1
46,1,22,3,3304,4,0,40,2,1,1
49,1,21,5,259,39,0,40,1,1,1
46,1,21,3,593,6,0,40,1,1,1
43,1,21,1,3282,2,1,40,2,1,1
31,1,21,5,173,36,13,40,2,1,1
27,1,19,5,5348,12,2,40,1,1,0
29,1,16,5,5116,20,0,40,1,1,1
27,1,16,5,9220,11,2,40,1,1,0
28,1,19,5,5402,18,0,40,1,1,0
21,1,17,5,3987,22,2,40,1,1,0
39,1,21,3,1640,5,0,50,1,1,1
41,1,21,1,2595,47,0,13,2,1,0
58,1,19,1,163,11,0,40,1,1,1
53,1,21,3,638,16,0,40,1,1,1
49,1,16,5,5985,321,0,40,1,1,0
44,1,21,1,126,22,0,50,1,1,1
31,1,21,5,4334,33,0,40,1,1,1
24,1,19,1,5627,251,1,40,2,6,0
46,1,19,3,3329,3,0,40,2,1,0
48,1,21,5,635,1,0,40,1,1,1
66,1,16,1,5960,1,0,40,1,1,0
26,1,19,5,5216,19,12,40,2,1,0
22,1,16,5,5248,6,12,40,2,1,0
55,1,20,3,26,28,0,50,1,1,1
59,1,16,1,4760,25,0,40,2,1,0
47,1,18,5,5679,311,0,40,1,1,1
41,1,18,1,5053,6,0,40,1,1,0
18,1,14,5,4054,24,2,5,2,1,0
32,1,16,1,5648,32,1,40,2,1,0
29,1,21,1,2088,22,0,10,2,1,0
37,1,21,3,630,3,0,40,1,1,1
28,1,19,1,5589,20,9,40,2,1,0
52,1,16,1,9134,7,0,40,1,1,1
22,1,16,5,4126,9,16,12,1,1,0
26,1,19,1,6104,20,1,40,2,1,0
49,1,19,3,329,18,0,40,1,1,1
32,1,21,1,1313,43,1,40,1,1,1
25,1,19,5,3669,38,13,40,2,1,0
40,1,16,3,5842,11,13,40,1,1,0
61,1,16,3,254,8,13,40,1,1,1
19,1,14,5,3993,52,17,10,1,1,0
38,1,19,1,7473,42,0,40,1,1,1
18,1,18,5,4058,54,2,16,1,1,0
25,1,16,1,4222,6,1,34,2,1,0
22,1,16,5,4155,312,0,40,1,1,0
23,1,16,5,5933,36,2,40,1,1,0
58,1,16,1,5399,18,1,40,1,1,1
30,1,19,5,5385,28,0,40,1,1,0
35,1,16,1,8737,6,1,40,1,1,0
46,1,22,5,275,9,0,40,2,1,1
43,1,21,5,857,30,0,50,1,1,1
25,1,19,5,5664,39,0,40,1,1,0
46,1,16,1,7270,38,0,40,1,1,1
38,1,18,1,9425,46,0,40,1,1,0
36,1,21,1,5150,21,0,40,2,1,0
40,1,21,3,5781,8,13,40,1,1,1
35,1,21,1,2930,20,1,40,2,1,0
39,1,21,1,1670,39,1,40,1,1,1
22,1,19,5,2250,6,16,5,2,1,0
26,1,19,5,5413,29,13,40,2,1,0
54,1,21,1,2894,26,0,40,2,1,0
25,1,19,5,5308,40,12,34,2,1,0
57,1,16,1,5993,39,0,40,1,1,0
33,1,21,1,1290,24,0,40,1,1,0
46,1,19,1,5524,322,1,40,2,1,0
46,1,21,1,311,39,0,40,1,1,1
34,1,16,5,6371,41,0,40,1,1,0
20,1,19,5,6310,14,2,9,1,1,0
51,1,19,1,291,39,1,40,1,1,1
47,1,21,5,4669,28,0,40,1,1,1
47,1,20,3,16,11,0,40,1,1,1
22,1,19,5,5758,8,0,40,2,1,0
19,1,10,5,4288,7,2,13,1,1,0
50,1,19,3,195,33,0,40,1,1,1
41,1,16,1,7059,319,0,40,1,1,0
24,1,21,5,2462,19,0,40,2,1,0
40,3,22,1,2258,40,0,40,2,1,0
30,3,22,1,2244,36,1,12,2,1,0
37,1,21,1,4823,28,0,40,2,1,0
40,1,13,1,9300,302,0,40,1,1,0
50,1,21,3,189,36,13,40,1,1,1
47,1,22,1,964,36,0,50,1,1,1
45,1,21,1,407,202,0,60,1,1,1
29,1,11,3,3998,310,9,40,2,8,0
51,1,16,5,5940,6,0,40,1,1,1
31,1,21,5,919,41,0,40,1,1,0
40,1,19,1,463,35,1,40,1,1,1
19,1,18,5,4265,24,2,40,1,1,0
47,1,16,3,7762,36,0,40,1,1,1
33,1,19,5,5487,23,13,40,2,1,0
25,3,22,1,2293,6,0,12,2,1,0
58,1,20,1,2636,15,1,10,2,1,0
43,1,22,1,2527,7,0,40,2,1,1
41,1,7,1,3957,301,10,40,2,1,0
57,1,16,1,10,8,0,40,1,1,1
28,1,21,5,3837,37,2,40,2,1,0
19,1,16,5,4865,14,2,14,1,1,0
21,1,8,5,4320,50,17,12,1,1,0
45,1,16,5,6356,312,0,40,1,1,1
58,1,20,1,168,24,0,40,1,1,1
71,2,21,1,2036,41,0,10,2,1,0
61,1,18,1,4222,14,1,10,2,1,0
62,1,21,3,369,19,0,40,2,1,1
20,1,19,5,4127,36,2,5,1,1,0
25,1,19,1,5283,327,2,40,2,1,0
44,1,19,3,1057,33,0,40,1,1,1
39,1,21,1,307,4,0,50,1,1,1
58,1,21,1,3204,38,0,34,2,1,0
37,1,9,5,7794,309,0,40,1,8,0
26,1,21,1,3275,35,15,40,2,1,0
31,1,21,5,1285,7,0,40,1,1,1
58,1,16,1,6127,11,1,40,2,1,0
50,1,20,1,379,42,1,40,1,1,1
55,1,16,1,8785,36,1,40,1,1,1
32,1,21,5,652,43,0,40,1,1,1
25,3,21,5,2309,28,0,14,2,1,0
25,1,21,1,2769,10,10,6,2,1,0
24,3,22,1,2378,5,0,40,2,1,0
59,1,16,1,5918,37,1,40,1,1,1
38,3,21,1,2445,39,1,40,2,1,0
46,1,22,1,246,25,1,40,1,1,1
53,1,16,1,5207,39,0,40,1,1,1
46,1,16,1,4356,20,1,40,1,1,0
34,1,21,1,2079,40,0,40,1,1,1
31,1,19,1,5980,5,1,40,1,1,0
48,1,21,1,330,39,0,40,1,1,1
21,1,21,5,2313,7,2,40,2,1,0
46,1,16,5,5459,21,0,40,2,1,0
62,1,21,1,3836,33,0,40,2,1,0
25,1,16,5,6311,20,13,40,1,1,0
25,1,21,5,5303,31,12,40,2,1,0
23,1,21,5,1296,8,13,40,1,1,0
39,1,19,1,7621,34,0,60,1,1,1
57,1,21,1,2498,13,1,31,2,1,0
29,1,12,1,4054,296,10,40,1,8,0
62,1,21,1,144,24,0,40,2,1,1
50,1,16,1,5735,5,0,40,1,1,0
72,1,21,1,371,11,0,40,2,1,1
51,1,17,1,5320,38,1,40,2,1,0
49,1,21,1,10,36,0,40,1,1,1
40,1,21,1,1468,4,1,61,1,1,1
21,1,16,5,9251,20,2,40,1,1,0
30,1,16,5,5576,22,0,40,2,1,0
57,1,19,3,5685,36,0,40,2,1,1
59,1,16,3,9294,24,0,40,1,1,0
50,1,22,1,344,27,1,40,2,1,1
49,1,19,1,169,34,0,40,1,1,1
58,1,20,1,323,40,0,40,2,1,1
30,1,21,1,2481,1,1,40,2,1,0
29,1,21,5,6486,9,0,40,1,1,0
28,1,16,1,4270,25,0,40,1,1,0
20,1,21,5,2342,35,2,12,1,1,0
57,1,19,1,344,19,1,40,2,1,1
30,1,21,1,1976,30,1,40,2,1,0
29,1,17,3,6021,38,13,40,1,1,0
64,1,22,3,2330,24,0,40,2,1,1
25,1,21,5,3487,36,0,40,2,1,0
46,1,16,1,5478,9,1,40,1,1,1
49,1,16,1,5407,35,0,40,1,1,1
32,3,22,3,2271,10,0,12,2,1,0
47,1,19,1,8871,8,0,40,1,1,1
48,1,21,3,895,23,0,40,1,1,1
50,1,19,1,4970,35,0,40,2,1,0
38,3,21,1,2356,18,0,40,2,1,1
31,1,21,1,2331,16,1,40,2,1,0
24,1,21,1,5348,214,0,40,1,6,0
22,1,21,5,2505,9,2,40,1,6,0
54,1,16,1,5819,42,0,40,1,1,1
25,1,21,5,2003,12,2,11,2,1,0
25,1,8,5,8765,30,16,40,1,1,0
24,1,19,1,5650,35,0,40,1,1,0
31,1,19,5,5163,31,0,40,2,1,0
32,1,21,5,3414,9,0,40,2,1,0
48,1,19,3,5229,40,0,40,1,1,1
40,1,21,1,1027,39,0,40,1,1,1
58,1,16,1,270,21,0,50,1,1,1
17,1,10,5,4322,18,2,12,1,1,0
53,1,16,1,6113,4,0,40,1,1,1
44,1,21,1,3753,27,1,40,2,1,1
50,1,19,1,4719,3,0,40,1,1,1
41,1,21,1,1102,14,0,40,1,1,1
45,1,21,1,643,9,1,40,1,1,1
53,1,19,3,5457,38,0,40,2,1,0
52,1,16,5,7459,16,0,50,1,1,1
45,1,18,1,5924,2,1,10,2,1,0
34,1,22,1,2586,17,0,40,1,1,0
50,3,21,1,2372,21,0,40,2,1,1
47,1,22,1,2265,8,1,40,1,1,1
50,1,16,5,6662,26,0,40,1,1,1
64,1,19,3,6255,40,0,40,2,1,0
41,1,16,1,5785,39,0,40,1,1,0
20,1,19,5,2450,36,2,12,2,1,0
49,1,16,1,6286,40,1,40,2,1,1
50,1,19,1,5911,36,1,40,1,1,1
45,1,22,1,489,208,0,40,1,1,1
48,1,16,1,5831,299,0,32,2,1,0
27,1,21,1,2402,6,1,7,2,1,0
24,1,19,5,6053,5,2,35,2,1,0
51,1,16,5,6281,7,0,40,1,1,1
45,1,21,1,3756,43,1,40,2,1,0
31,1,21,3,1940,40,0,4,2,1,0
36,3,21,1,2176,29,0,40,2,1,0
19,1,16,5,4026,9,17,40,2,1,0
35,1,21,3,1264,18,0,50,1,1,1
26,1,19,1,2389,37,0,12,2,1,0
42,1,22,1,2888,36,0,40,2,1,1
21,1,18,5,3984,34,2,40,2,1,0
26,1,16,5,3880,14,12,40,1,1,0
33,1,21,5,3355,21,13,40,2,1,1
66,2,21,1,2369,38,0,40,2,1,0
29,1,21,5,915,9,0,40,2,1,0
53,1,19,1,5714,40,1,40,1,1,0
55,1,16,5,7579,5,0,40,1,1,1
21,1,18,5,4568,28,17,19,2,1,0
26,1,16,1,5235,49,9,40,1,1,0
24,1,16,1,4159,324,1,40,2,1,0
20,1,19,5,2519,6,17,14,2,1,0
25,1,21,5,2405,6,2,40,1,1,0
46,1,22,1,60,237,1,40,1,1,1
30,1,19,3,5723,11,0,30,2,1,0
26,1,16,5,6181,5,0,40,1,1,0
42,1,16,3,6125,214,0,40,1,8,1
28,1,21,3,5714,26,0,40,1,1,0
32,1,21,1,2385,19,1,14,2,1,0
52,1,19,1,10,24,0,40,1,1,1
30,1,21,1,940,6,0,40,1,1,0
28,1,16,1,4256,12,0,40,2,1,0
38,1,19,1,5870,6,1,40,1,1,0
27,1,19,3,3427,9,0,11,2,1,0
45,1,22,1,112,18,0,50,1,1,1
74,2,22,1,2269,28,0,40,2,1,1
49,1,22,1,507,251,0,40,1,6,1
44,1,21,1,1155,29,0,50,1,1,1
49,1,16,1,5438,306,0,40,1,1,0
30,3,21,1,2406,5,1,13,2,1,0
41,1,21,1,2835,40,0,40,2,1,1
62,1,21,1,5216,36,0,40,2,1,0
21,1,9,5,4180,50,16,4,2,1,0
38,1,16,1,6197,36,0,40,1,1,0
61,1,21,3,2352,41,0,40,2,1,0
51,1,21,3,3599,8,0,40,2,1,1
18,1,16,5,4742,19,17,10,2,1,0
28,1,16,5,5648,41,2,40,1,1,0
33,1,21,5,347,3,13,40,2,6,0
31,1,19,5,7413,26,0,40,1,1,0
28,1,20,1,2556,41,1,7,2,1,0
48,1,19,1,934,11,0,40,1,1,1
30,1,19,1,2701,17,0,6,2,1,0
41,1,21,1,2193,33,0,40,2,1,1
54,1,18,1,337,2,1,40,1,1,1
33,1,22,5,2327,3,0,40,2,1,1
37,1,21,3,647,40,0,40,1,1,1
48,1,16,3,9200,7,0,40,1,1,1
53,1,18,1,5962,41,0,40,1,1,1
44,1,19,1,6635,6,1,40,1,1,1
27,1,19,5,5628,7,2,40,1,1,0
24,1,15,5,5020,46,2,40,1,1,0
62,3,21,1,2406,23,0,9,2,1,0
46,1,22,1,154,39,0,50,1,1,1
58,1,18,1,5259,34,1,40,2,1,0
22,1,19,5,4184,35,17,12,2,1,0
45,1,21,1,864,38,0,50,1,1,1
47,1,21,1,271,11,1,40,2,1,1
37,1,19,1,5472,17,0,40,1,1,0
46,3,22,1,2394,11,0,13,2,1,0
20,1,19,5,2709,7,17,8,1,6,0
48,1,16,1,5170,5,1,40,1,1,0
57,1,16,1,5825,38,1,40,2,1,1
24,1,17,5,4118,22,16,32,2,1,0
28,1,21,5,3455,36,2,40,2,1,0
53,1,19,1,10,39,1,40,1,1,1
29,1,19,1,5550,37,0,40,2,1,0
64,1,19,1,5004,29,1,40,1,1,0
25,1,8,1,6245,2,1,14,2,1,0
49,1,19,1,7369,40,0,50,1,1,1
33,1,19,1,5604,7,1,15,2,1,0
47,1,19,1,4800,5,0,40,2,1,0
20,1,19,5,2535,6,2,15,2,1,0
26,1,21,5,330,38,13,40,2,1,1
40,1,19,1,7478,37,0,40,1,1,0
20,1,6,5,4015,315,17,9,1,1,0
36,1,19,1,5844,38,1,40,2,1,0
26,1,19,5,5575,36,13,40,2,1,0
24,1,21,1,2579,16,0,40,2,1,0
35,1,21,5,1150,34,0,40,1,1,1
20,1,16,5,4072,18,16,11,1,1,0
46,1,18,1,6165,7,1,40,1,1,0
20,1,19,5,4622,7,2,13,2,1,0
25,1,21,3,5461,38,12,40,2,1,0
30,1,19,5,5251,6,2,40,1,1,0
51,1,21,1,3331,6,1,40,2,1,1
25,1,19,5,6077,15,0,40,1,1,0
25,2,21,5,3054,36,0,40,2,1,0
32,1,19,1,5466,49,1,11,2,1,0
27,1,19,5,6846,34,13,40,1,1,0
51,1,19,1,328,2,0,40,1,1,1
61,1,21,1,170,39,0,50,1,1,1
66,1,21,1,3205,10,0,40,2,1,0
21,1,18,5,4162,51,2,40,1,1,0
65,1,18,1,5303,34,0,13,2,1,0
45,1,21,5,5953,17,0,40,1,1,1
42,1,21,1,154,26,1,50,1,1,1
28,1,16,1,5865,12,1,40,2,1,0
46,1,21,1,3586,34,1,40,2,1,0
44,3,21,1,2542,7,1,40,1,1,1
51,1,18,5,3616,40,0,40,2,1,0
71,2,22,3,2090,7,0,12,2,1,0
46,1,21,3,164,3,0,40,1,1,1
32,1,21,1,2133,36,1,40,2,1,0
32,1,21,5,519,37,0,40,2,1,1
57,1,19,1,6075,33,1,40,2,1,1
26,1,21,1,5830,244,0,40,2,6,0
59,1,19,1,210,26,0,40,2,1,1
58,1,16,1,10,36,0,40,1,1,1
46,1,22,5,2886,10,0,40,1,1,1
27,1,21,5,2492,10,2,12,2,1,0
43,1,21,1,1331,33,1,40,1,1,1
20,1,19,5,2419,37,17,13,1,1,0
48,1,21,1,303,42,1,40,2,1,1
20,1,14,5,4079,39,17,32,2,1,0
27,1,21,3,2299,15,0,34,2,1,0
19,1,15,5,4265,19,16,7,1,1,0
24,1,19,1,2484,27,1,2,2,1,0
43,1,16,1,4998,219,1,40,1,6,1
52,1,21,1,240,3,1,40,2,1,1
33,1,22,5,1306,11,0,40,2,1,1
36,1,10,5,8033,317,0,40,1,1,0
24,1,21,5,2716,8,2,40,2,1,0
62,1,19,3,6273,19,0,40,1,1,0
28,1,19,1,5372,28,0,40,2,1,0
45,1,22,1,238,35,1,40,1,1,1
44,1,21,1,4875,5,0,40,2,1,1
19,1,16,5,4615,35,2,32,2,1,0
36,1,16,1,8625,7,1,40,1,1,0
24,1,7,5,4001,16,0,40,1,1,0
33,1,21,1,652,51,1,40,1,1,1
52,1,18,1,6208,34,0,40,1,1,0
32,1,21,1,2030,5,1,40,2,6,0
53,1,20,1,2529,16,1,34,2,1,0
18,1,19,5,6429,36,17,40,1,1,0
74,1,16,1,6006,42,0,40,2,1,0
50,1,20,1,1943,21,1,10,2,1,0
19,1,21,5,905,4,17,40,1,6,0
42,1,21,1,10,7,0,40,1,1,1
49,1,21,1,313,234,0,40,1,6,1
62,1,20,3,6044,27,0,40,2,1,1
56,1,17,1,4083,18,9,40,2,1,0
47,1,22,1,298,41,0,40,1,1,1
21,1,16,5,4247,39,2,1,2,1,0
59,1,16,3,9017,44,13,40,1,1,1
27,1,21,5,2325,28,2,40,1,1,0
50,1,16,5,5465,41,0,40,1,1,1
45,1,10,1,4050,41,0,40,2,1,0
46,1,21,3,3572,26,0,40,2,1,1
47,1,16,1,6484,32,1,40,1,1,1
29,1,16,5,9311,15,0,40,1,1,0
34,1,10,5,8586,308,13,40,1,1,0
62,1,18,1,4127,37,1,9,2,1,0
53,1,18,1,3748,319,1,12,2,1,0
40,3,21,1,2536,38,1,40,2,1,1
57,2,21,1,3011,9,1,32,2,1,0
53,1,21,1,2458,40,1,40,2,1,1
20,1,19,5,4283,11,17,16,2,1,0
58,1,16,1,706,40,1,50,1,1,1
51,1,16,3,5765,315,0,40,1,1,1
47,1,20,1,3821,9,0,12,2,1,0
67,1,19,1,4925,34,1,40,2,1,0
52,1,18,5,6600,27,13,40,1,1,0
42,1,19,1,5799,10,1,40,1,1,0
61,1,21,3,87,38,0,40,2,1,1
52,1,16,1,4573,23,0,40,2,1,0
61,1,19,1,5283,11,0,31,2,1,0
57,1,16,5,4486,34,0,40,1,1,1
25,1,21,5,2103,38,0,7,2,1,0
48,1,21,1,307,37,0,40,1,1,1
43,1,21,1,3297,8,0,40,2,1,0
48,1,22,3,611,40,0,40,1,1,1
34,1,21,1,1317,23,1,40,1,1,1
61,1,17,1,5187,34,0,40,1,1,0
28,1,17,1,4137,31,0,40,1,1,0
55,1,16,1,353,37,1,50,1,1,1
25,1,16,5,4162,11,2,35,2,1,0
48,1,21,1,479,14,1,40,2,1,1
29,1,21,5,3101,38,13,40,2,1,0
27,1,21,1,2424,55,0,40,2,1,0
59,1,21,1,3271,39,1,40,2,1,1
25,1,16,5,9442,30,2,40,1,1,0
56,1,16,1,3418,41,0,31,2,1,0
48,1,21,3,327,40,0,40,1,1,1
36,1,21,1,2490,38,0,10,2,1,0
31,1,21,5,815,10,13,40,1,1,1
60,1,16,1,4118,39,0,40,2,1,0
48,1,19,1,5297,5,1,40,2,1,0
37,1,19,5,7478,306,0,40,1,1,1
28,1,19,5,6228,49,13,40,1,1,0
44,1,21,1,181,5,0,40,1,1,1
52,1,20,1,3572,22,1,40,2,1,0
46,1,21,1,1167,34,0,40,1,1,1
29,1,19,1,5465,28,0,10,2,1,0
54,1,18,1,4230,44,1,40,1,1,0
37,1,21,1,220,36,0,40,1,1,1
43,1,22,1,1180,20,0,50,1,1,1
48,1,19,1,5960,2,1,40,2,1,0
33,1,19,1,4653,9,1,40,2,1,0
51,1,21,3,207,8,0,40,1,1,1
53,1,16,5,5113,20,0,40,2,1,1
57,1,22,1,3349,37,1,40,2,1,1
24,1,16,5,4775,36,0,40,1,1,0
58,2,22,1,2056,1,0,14,2,1,0
40,1,22,1,1223,244,0,40,1,6,1
44,2,22,1,2265,38,1,40,2,1,1
20,1,14,5,4288,8,2,17,1,1,0
54,1,16,1,5505,40,0,40,1,1,1
21,1,19,5,4621,27,2,3,2,1,0
48,1,19,1,5807,10,1,40,2,1,0
23,1,19,1,1870,31,1,12,2,1,0
29,1,16,1,5892,14,0,40,2,1,0
31,2,21,5,2203,3,0,40,2,1,0
31,1,21,3,2213,9,0,17,2,1,0
43,3,21,1,2395,41,1,40,2,1,0
59,1,16,1,6059,25,1,40,1,1,1
77,2,22,3,2340,30,0,40,2,1,1
40,1,21,1,3512,206,0,40,2,6,0
46,1,16,1,3582,308,1,33,2,1,0
32,1,16,1,7678,41,1,40,1,1,0
47,1,16,1,5268,297,1,40,2,1,0
49,1,16,5,8121,17,0,40,1,1,1
20,1,19,5,4547,8,2,18,2,1,0
22,1,21,5,1963,39,2,40,2,1,0
20,1,19,5,4863,14,17,40,1,1,0
36,1,21,1,3130,22,1,40,2,1,0
37,1,19,1,7461,8,0,40,1,1,1
42,1,22,5,503,40,13,40,2,1,1
23,1,21,5,2156,28,12,40,2,1,0
34,1,21,3,2354,26,0,40,2,1,1
28,1,16,3,4125,39,0,40,2,1,0
23,1,19,5,5382,36,13,40,2,1,0
19,1,14,5,4107,4,2,40,1,1,0
31,1,16,5,7496,25,13,40,1,1,0
56,1,16,1,251,37,1,40,1,1,1
77,1,20,1,3644,40,0,33,2,1,1
22,1,21,5,2273,15,16,9,1,1,0
21,1,16,5,3907,29,0,40,2,1,0
32,1,22,1,2031,8,0,40,2,1,1
44,1,16,1,5288,305,0,40,1,6,0
27,1,18,1,4234,51,0,40,2,1,0
26,1,16,1,6656,45,1,40,2,1,0
29,1,21,5,2379,22,2,40,1,1,0
40,3,21,1,2417,36,1,40,2,1,0
50,1,16,1,6289,42,1,40,1,1,1
25,1,16,5,4080,40,15,40,2,1,0
56,1,16,1,4157,41,1,12,2,1,0
53,1,16,3,5495,231,0,40,1,1,1
39,1,19,5,7228,9,0,40,1,1,1
64,1,16,1,9180,13,1,40,1,1,0
30,1,21,5,1053,233,0,40,2,6,1
36,1,19,1,5664,231,0,40,1,6,0
50,1,19,5,4867,20,13,40,1,1,1
62,1,19,1,6215,36,0,40,1,1,0
24,1,16,3,5448,5,0,40,1,1,0
64,3,22,1,2535,20,0,40,2,1,0
58,1,20,1,3527,15,0,31,2,1,0
27,1,21,5,3450,37,0,40,2,1,0
49,1,20,3,1037,45,0,40,1,1,1
43,1,21,1,1161,5,1,40,1,1,1
63,1,18,1,5543,19,1,40,2,1,0
22,1,21,5,2436,19,2,8,2,1,0
21,1,19,5,4593,38,2,14,2,1,0
60,1,16,1,6234,26,0,40,1,1,0
25,1,16,1,6471,19,0,40,2,1,0
47,1,16,5,5601,248,0,40,1,6,0
32,1,13,1,5740,42,16,40,1,1,0
44,1,19,5,7855,41,0,40,1,1,1
36,1,19,1,5864,13,1,40,2,1,0
41,1,21,1,994,36,0,40,1,1,1
26,1,16,5,5057,51,2,40,1,1,0
51,1,19,5,7498,31,0,40,1,1,1
24,1,21,5,422,36,0,40,1,1,1
42,3,21,1,2442,33,0,40,2,1,0
44,1,22,1,1203,220,1,50,1,6,1
26,1,17,5,6237,36,2,40,1,1,0
23,1,18,5,4010,31,2,16,1,1,0
45,1,11,1,9423,295,1,40,1,1,0
50,1,16,1,7684,38,1,40,1,1,1
29,1,19,1,5469,38,0,40,2,1,0
27,1,21,5,5540,37,0,40,1,1,0
30,1,16,5,5145,15,13,40,1,1,0
30,1,19,5,5999,37,0,40,2,1,0
29,1,19,1,4167,3,10,40,2,1,0
41,1,22,1,3011,35,1,40,1,1,1
59,1,16,1,6556,31,1,40,1,1,1
45,1,16,1,4138,41,1,40,2,1,0
53,1,20,3,265,10,0,40,1,1,1
57,1,16,3,8455,24,0,40,1,1,1
23,1,21,3,2231,34,0,10,2,1,0
30,1,19,1,5961,39,0,7,2,1,0
46,1,21,1,6069,20,1,40,1,1,1
24,1,16,5,4627,34,0,40,1,1,0
31,1,17,3,4366,49,0,40,1,1,0
28,1,21,5,180,16,0,40,2,1,1
64,2,22,1,2287,34,1,40,2,1,1
27,1,19,5,4960,17,0,32,2,1,0
44,1,21,1,2527,10,0,40,1,1,1
64,1,18,1,5152,21,1,40,2,1,0
57,1,12,1,4194,308,1,16,2,1,0
53,1,16,1,5568,38,0,40,1,1,1
54,1,18,5,4856,32,0,40,1,1,1
46,1,21,1,203,21,1,50,1,1,1
41,1,21,1,2149,10,1,40,1,1,1
49,1,16,5,4803,299,13,40,1,1,1
46,1,21,3,828,38,0,50,1,1,1
42,1,22,1,545,35,0,50,1,1,1
36,1,21,1,2318,36,1,40,2,1,0
59,2,21,1,2406,41,1,32,2,1,0
23,1,18,5,3410,26,2,11,2,1,0
49,1,16,1,5861,6,1,40,1,1,1
34,1,21,1,596,36,1,40,1,1,1
39,1,16,1,6168,26,1,40,1,1,0
50,1,16,1,4902,38,1,40,1,1,1
31,3,22,1,2355,7,1,13,2,1,0
18,1,16,5,4133,7,2,8,2,6,0
29,1,16,1,5899,51,1,40,1,1,0
18,1,16,5,4056,46,2,11,1,1,0
21,1,18,5,4765,34,17,35,2,1,0
40,1,21,1,2399,7,0,40,2,1,0
47,1,21,3,485,8,0,40,1,1,1
27,2,21,1,2182,7,0,12,2,1,0
39,1,21,3,5710,9,0,40,1,1,0
35,1,21,1,850,38,1,40,1,1,1
20,1,16,5,4163,28,17,15,2,1,0
50,1,19,3,6475,7,0,40,1,1,1
47,1,21,1,2917,7,1,40,1,1,1
25,1,19,3,3349,27,0,36,2,1,0
59,1,16,3,5370,30,0,40,1,1,1
44,1,16,1,6650,37,0,40,1,1,0
57,1,18,1,4079,25,1,17,2,1,0
26,1,16,1,4135,23,1,40,2,1,0
51,1,19,1,5743,28,0,40,1,1,1
24,1,14,5,4056,11,16,40,2,1,0
52,3,22,3,2365,17,0,40,2,1,1
58,1,16,1,228,16,1,40,1,1,1
48,1,16,3,4928,325,0,40,1,1,0
49,1,21,3,4680,39,0,40,2,1,1
41,3,22,1,2388,36,1,40,2,1,1
51,1,21,1,75,3,1,40,1,1,1
21,1,8,5,4237,17,17,17,1,1,0
23,1,21,3,5098,39,16,40,1,1,0
35,1,21,1,2498,234,0,40,2,6,0
18,1,16,5,4119,8,2,3,2,1,0
31,1,21,5,4643,41,13,40,1,1,0
25,1,16,5,6145,3,2,40,1,1,0
48,1,19,1,5767,36,0,40,2,1,0
26,2,21,5,1979,37,0,11,2,1,0
45,1,22,1,1092,7,0,40,1,1,1
52,1,19,1,5379,6,0,40,2,1,0
19,1,14,5,4155,50,2,11,1,1,0
59,1,21,1,320,17,0,40,2,1,1
40,1,21,1,6894,5,0,40,1,1,1
37,1,19,1,5647,37,1,40,1,1,0
51,1,16,3,9733,7,0,40,1,1,0
39,1,20,1,3078,8,1,30,2,1,0
26,1,16,1,6352,19,0,40,2,1,0
65,1,18,3,5716,29,0,12,2,1,0
42,1,19,5,5423,216,0,40,2,6,0
43,1,16,5,9200,298,0,40,1,8,1
22,1,19,5,3648,34,2,32,2,1,0
26,1,8,3,4005,4,0,40,2,1,0
49,1,21,1,1238,40,1,40,1,1,1
20,1,16,5,4130,41,2,40,1,1,0
38,1,21,1,3246,40,1,40,2,1,0
24,1,9,5,4310,312,10,40,1,8,0
27,1,16,5,4118,306,5,40,2,1,0
45,3,21,1,2407,7,1,40,2,1,0
37,1,22,1,1484,6,1,40,1,1,1
21,1,16,5,4544,5,2,16,2,1,0
54,1,16,5,3700,13,0,40,2,1,1
26,1,16,5,4268,11,2,40,1,1,0
43,1,21,1,400,12,1,50,1,1,1
27,1,21,5,1205,23,0,40,1,1,1
18,1,18,5,2526,47,17,11,1,1,0
27,1,21,5,641,39,0,40,1,1,1
25,1,21,1,4374,29,15,40,2,1,0
50,1,21,1,619,17,0,50,1,1,1
55,1,18,3,5191,39,13,40,1,1,1
21,1,18,1,4155,20,0,40,2,1,0
45,1,16,5,6198,13,13,40,2,1,0
48,1,21,1,10,5,1,40,1,1,1
64,1,16,1,3879,37,0,40,2,1,0
39,1,21,1,1406,17,0,40,1,1,1
47,1,21,3,47,40,0,40,1,1,1
21,1,16,5,9256,26,2,40,1,1,0
17,1,16,5,4178,49,17,12,1,1,0
34,1,21,1,931,23,0,40,1,1,1
33,2,21,1,2003,32,1,40,2,1,0
24,1,19,5,2683,24,2,7,1,1,0
44,1,21,1,1225,7,0,40,1,1,1
46,1,21,1,333,19,0,40,2,1,1
45,1,17,3,7592,4,0,40,1,1,1
44,1,21,1,3277,8,0,40,1,1,1
51,1,21,3,752,18,0,40,1,1,1
58,1,16,3,5592,43,0,40,2,1,0
28,3,21,1,2234,39,1,13,2,1,0
47,1,18,1,6110,5,0,40,1,1,1
22,1,16,5,9224,39,2,40,1,1,0
41,1,19,5,6431,42,0,40,1,1,1
48,1,16,3,6964,34,0,40,1,1,1
27,1,19,5,5503,6,12,34,2,1,0
24,1,21,5,1914,35,0,40,2,1,0
48,3,21,1,2428,18,0,40,2,1,1
65,1,21,1,2288,27,0,40,2,1,0
44,1,2,3,9207,187,0,40,1,6,1
28,3,21,1,2436,40,1,11,2,1,0
65,1,18,1,6892,17,0,40,1,1,1
36,1,12,1,8655,319,0,40,1,1,0
54,1,16,1,5825,38,1,40,1,1,0
39,1,21,5,851,226,0,40,1,6,1
52,1,16,1,6311,40,1,40,2,1,1
26,1,10,5,6750,323,0,40,1,1,0
31,1,21,5,880,6,0,40,2,6,0
26,1,21,1,2259,7,0,40,2,1,0
26,1,19,5,5402,5,0,40,1,1,0
42,1,21,5,1103,19,0,40,1,1,1
54,1,16,3,6069,18,0,40,1,1,1
36,1,16,1,4809,20,1,40,2,1,0
63,1,16,3,4650,10,0,40,2,1,0
33,1,19,5,5673,34,0,40,1,1,0
61,1,16,1,4108,10,0,40,2,1,0
25,1,16,5,4325,316,2,40,1,1,0
55,1,21,1,2424,26,1,40,2,1,1
24,1,16,5,4255,38,2,40,2,1,0
61,1,12,1,4112,295,10,13,2,1,0
32,1,21,5,816,27,0,40,2,1,1
25,1,21,1,2583,7,1,14,2,1,0
45,1,17,1,9435,39,0,40,1,1,1
30,1,16,5,7344,23,13,40,1,1,0
38,1,21,1,5711,201,0,40,2,6,0
19,1,21,5,6188,5,13,40,2,1,0
47,1,14,1,3905,5,9,9,2,1,0
60,1,19,1,6111,31,1,40,2,1,0
37,1,21,1,2134,40,1,40,2,1,0
59,1,21,1,3154,17,0,40,2,1,1
47,1,22,1,3011,38,1,40,2,1,1
65,1,21,3,10,25,0,40,2,1,1
18,2,21,5,2089,30,17,12,2,1,0
28,1,12,1,8922,310,10,40,1,6,0
53,1,16,3,8351,39,0,40,1,1,1
19,1,16,5,4621,8,2,8,2,6,0
27,2,21,5,2144,4,0,40,2,6,0
25,1,21,5,3204,20,13,40,2,1,1
18,1,19,5,4571,33,2,7,2,1,0
27,1,11,1,4140,298,1,40,2,1,0
64,1,16,1,5394,21,1,40,2,1,0
25,1,21,5,1921,26,2,40,2,1,0
52,1,16,1,6537,5,0,40,1,1,0
28,1,21,5,4685,8,12,40,1,1,0
20,1,16,5,4158,38,2,40,1,1,0
60,1,20,1,205,11,0,40,2,1,1
50,1,22,1,552,38,0,50,1,1,1
24,1,21,1,2197,5,0,11,2,1,0
34,1,16,5,7149,38,0,40,1,1,1
51,1,21,1,668,5,1,40,1,1,1
62,1,16,1,6130,3,0,40,2,1,0
62,1,20,1,5579,20,0,40,2,1,1
56,1,19,1,3340,35,1,31,2,1,0
33,1,19,1,5518,39,1,40,2,1,0
41,1,16,1,6233,313,0,40,1,1,0
27,1,16,5,6076,27,2,40,2,1,0
55,1,20,1,10,39,1,40,1,1,1
35,1,21,1,6224,28,0,40,1,1,0
19,1,19,5,1997,54,17,7,2,1,0
39,1,19,1,782,2,0,40,1,1,1
53,1,16,1,4244,327,1,40,2,1,0
54,1,16,1,5400,3,1,40,2,1,1
23,1,16,5,9096,14,0,40,1,1,0
55,1,21,5,131,38,0,40,1,1,1
47,1,19,5,5910,40,0,40,1,1,1
44,1,16,1,7726,4,1,40,1,1,0
60,1,20,1,2168,24,1,14,2,1,0
23,1,13,5,4106,26,0,40,2,1,0
32,1,21,5,3677,42,0,40,2,1,0
23,1,19,5,5236,19,0,40,2,1,0
35,1,17,5,5978,312,13,40,1,1,0
26,1,16,5,6052,20,2,40,1,1,0
26,1,16,5,3564,40,0,40,2,1,0
37,1,22,1,2304,211,1,40,2,6,0
23,1,16,5,4166,11,2,40,1,1,0
55,1,16,1,4032,313,9,40,2,1,0
66,1,21,3,5611,39,0,40,2,1,0
21,1,14,5,4191,48,2,13,1,1,0
19,1,19,5,4601,39,2,8,2,1,0
25,1,16,5,9232,28,2,40,1,1,0
43,1,20,5,424,33,0,40,1,1,1
42,1,21,1,806,40,1,40,1,1,1
42,1,21,3,272,41,0,40,1,1,1
59,1,16,1,5850,31,1,40,1,1,1
46,7,21,1,2628,43,0,50,1,1,1
34,1,19,5,4244,8,0,40,1,1,1
43,1,21,1,2068,16,1,40,2,1,0
44,1,22,1,12,230,0,40,1,6,1
45,1,21,5,362,35,0,40,1,1,1
29,1,9,5,4154,21,2,40,1,1,0
44,1,21,1,1107,35,0,40,1,1,1
52,1,18,1,9146,305,0,40,1,1,1
49,1,19,1,6157,11,1,40,1,1,1
46,1,21,1,589,38,0,40,1,1,1
26,1,16,5,5640,3,13,40,2,1,0
22,1,16,5,4024,49,17,10,2,1,0
64,1,19,3,5288,37,0,10,2,1,0
22,1,21,5,4756,39,2,40,2,1,0
55,1,16,3,428,3,0,40,1,1,1
29,1,21,3,1032,25,0,40,1,1,1
48,1,17,1,4974,30,1,40,2,1,0
29,1,21,1,1904,40,1,40,2,1,0
44,1,21,3,995,22,0,40,1,1,1
21,1,16,5,4257,5,2,21,2,1,0
28,1,19,5,5687,4,13,40,2,1,0
49,1,16,5,5846,7,0,40,1,1,0
32,1,16,1,5708,10,0,5,2,1,0
39,1,19,1,7403,5,1,50,1,1,1
77,1,21,1,1617,17,0,40,1,1,1
38,1,21,1,1284,17,0,40,1,1,1
68,1,19,1,5343,30,0,10,2,1,0
20,1,11,5,5839,320,13,40,1,1,0
24,1,19,5,6263,31,2,40,2,1,0
21,1,16,5,4679,221,12,40,1,6,0
27,1,21,5,5436,4,2,40,2,1,0
22,1,19,5,5413,38,0,40,1,1,0
33,1,21,1,5917,211,0,6,2,6,0
29,1,20,1,2778,25,0,10,2,1,0
39,1,21,1,4645,15,0,40,1,1,1
27,1,19,5,5457,39,2,40,1,1,0
21,1,14,5,4716,47,2,13,1,1,0
23,1,19,1,5729,37,0,40,2,1,0
32,1,21,3,2307,34,0,40,2,1,0
31,1,16,5,5653,37,0,40,2,1,0
60,1,21,5,3151,33,0,40,2,1,0
27,1,19,5,6196,31,0,40,1,1,0
22,1,19,5,6421,37,13,40,1,1,0
21,1,19,5,4666,35,2,15,2,1,0
23,1,16,1,5983,50,0,40,1,1,0
22,1,8,5,4235,3,17,40,1,1,0
33,1,16,1,5619,50,0,13,2,1,0
34,1,19,1,5584,37,0,40,2,1,0
20,1,19,5,2245,11,2,10,2,1,0
35,1,19,5,7317,11,0,40,1,1,1
49,1,22,1,304,44,0,40,2,1,1
53,1,19,1,5451,20,0,40,2,1,1
27,1,21,1,5258,13,0,40,2,1,0
45,1,21,5,1393,40,0,40,1,1,1
19,1,16,5,4729,12,2,9,1,6,0
56,1,16,1,4163,32,1,40,2,1,0
49,1,20,3,151,18,0,50,1,1,1
28,1,21,5,2243,35,12,40,2,1,0
20,1,19,5,4729,5,2,9,2,6,0
65,1,21,1,3125,35,1,40,2,1,0
47,1,16,5,5470,8,0,40,2,1,1
30,1,19,3,6016,23,16,40,2,1,0
45,3,21,1,2298,6,1,15,2,1,0
57,1,18,1,4949,21,1,40,1,1,1
27,1,21,5,2335,26,13,40,2,1,0
25,1,16,5,4128,38,0,40,2,1,0
41,1,21,1,5835,50,1,40,1,1,0
35,1,21,5,6329,38,13,40,1,1,1
32,1,19,1,3904,2,0,40,2,1,0
36,1,21,3,3720,6,0,40,2,1,0
46,1,22,5,82,214,0,40,1,6,1
38,1,21,1,2294,41,1,40,1,1,1
58,1,18,3,5231,33,0,40,2,1,0
18,1,19,5,4182,3,16,40,1,1,0
32,1,21,3,1673,19,0,40,1,1,1
24,1,16,1,6235,52,0,40,1,1,0
61,1,18,1,5298,42,1,34,2,1,0
50,1,21,1,735,38,1,40,1,1,1
62,1,18,1,8861,34,1,40,1,1,0
53,1,19,1,229,22,1,40,1,1,1
27,1,19,1,3877,45,10,14,2,1,0
51,1,21,1,4985,305,1,40,1,6,1
30,1,19,1,5716,1,1,40,2,1,0
41,1,21,5,1307,41,0,40,2,1,1
47,1,21,1,2833,40,1,40,1,1,1
30,1,19,1,5752,25,0,40,1,1,0
58,1,21,1,4609,42,1,40,1,1,1
37,1,19,5,1109,37,0,40,1,1,1
20,1,16,5,4008,16,2,40,1,1,0
37,1,21,5,3306,26,0,40,2,1,1
40,1,21,1,2848,14,0,40,1,1,1
36,3,21,1,2538,24,0,40,1,1,1
29,1,21,3,2224,38,0,40,2,1,0
39,1,21,1,6877,7,0,40,1,1,0
51,1,20,3,242,20,0,50,1,1,1
20,1,19,5,2619,18,17,12,1,1,0
32,1,21,3,6370,30,0,40,1,1,0
46,1,21,1,1339,18,1,50,1,1,1
53,1,16,1,6422,215,0,40,1,6,0
45,1,19,1,3763,40,1,40,2,1,0
18,1,19,5,2399,3,16,12,1,1,0
49,1,20,3,618,23,13,40,1,1,1
38,1,21,1,6145,15,0,40,1,1,1
50,3,22,1,2488,37,1,40,2,1,1
21,3,22,3,2261,38,0,10,2,1,0
36,1,19,1,5841,299,1,40,2,8,0
50,1,21,1,650,32,1,50,1,1,1
59,1,16,1,7035,25,1,40,1,1,1
42,1,16,1,5938,304,0,40,1,8,0
47,1,16,1,9127,315,1,40,1,1,1
19,1,14,5,4189,323,4,14,2,1,0
57,1,17,3,461,42,0,40,1,1,1
44,1,21,1,563,25,1,50,1,1,1
39,1,19,1,6561,34,0,40,1,1,0
28,1,21,5,507,8,13,40,1,1,1
29,1,21,3,1333,1,0,40,1,1,1
48,1,19,1,5632,6,1,40,2,1,0
42,1,11,1,6285,308,0,40,2,6,0
24,1,21,5,3323,34,13,40,2,1,0
47,1,22,1,79,17,0,40,1,1,1
19,1,19,5,4716,4,12,40,1,1,0
19,1,16,5,3970,7,2,8,2,6,0
44,1,21,1,1840,8,0,40,1,1,1
19,1,14,5,4706,6,16,12,2,1,0
28,1,21,1,2042,25,9,40,2,1,0
40,1,16,3,7528,304,0,40,1,1,1
61,1,19,1,2274,43,9,32,2,1,0
18,1,16,5,4055,22,17,5,1,1,0
47,1,10,1,4283,317,0,40,1,8,0
25,1,16,5,4132,26,16,40,1,1,0
27,1,21,1,2090,37,1,40,2,1,0
25,1,19,1,5684,7,0,40,1,1,0
44,1,20,1,3224,220,1,33,2,6,0
55,1,17,1,5879,12,0,40,1,1,0
49,1,21,3,497,37,13,40,1,1,1
46,1,21,1,468,41,0,40,1,1,1
24,1,21,5,2052,5,2,40,2,1,0
44,1,16,1,7460,1,0,40,1,1,1
20,1,19,5,4865,16,2,40,2,1,0
54,1,16,1,5497,18,1,40,2,1,0
26,1,19,5,5260,22,13,40,1,1,0
49,1,21,1,106,24,1,50,1,1,1
29,1,18,5,5584,7,13,40,1,1,0
29,1,21,3,2470,16,0,15,2,1,0
52,1,18,3,5952,35,0,40,1,1,0
46,1,22,5,3413,5,0,40,2,1,1
18,1,19,5,5171,21,2,40,1,1,0
41,1,21,1,2149,36,1,4,2,1,0
29,1,16,5,7394,21,0,40,1,1,1
29,1,21,3,318,15,0,40,1,1,1
55,1,16,1,5612,35,1,40,2,1,0
30,1,21,5,3311,41,12,40,2,1,0
37,1,21,5,682,229,0,40,1,6,1
50,3,22,1,2373,227,0,40,2,6,0
32,1,19,5,5271,34,0,40,2,1,0
39,1,16,5,4509,7,13,40,1,1,1
22,1,19,5,4521,5,12,40,2,1,0
21,1,16,5,6134,35,0,40,1,1,0
26,1,21,5,2065,22,17,40,2,1,0
27,1,21,1,2028,27,0,8,2,1,0
38,1,22,1,1280,37,0,40,1,1,1
40,1,21,1,6831,36,1,40,1,1,1
44,3,22,1,2389,39,0,40,2,1,1
47,1,22,5,185,220,0,40,2,1,1
51,1,21,5,2906,35,0,40,1,1,1
50,1,21,1,4836,25,0,40,1,1,1
36,3,21,1,2406,39,1,40,2,1,0
53,1,19,5,5879,43,0,40,2,1,1
27,1,19,5,5609,16,0,40,2,1,0
27,1,21,1,2527,222,12,40,2,6,0
29,3,21,1,2242,2,1,40,2,1,0
24,1,16,5,4154,49,16,40,1,1,0
25,3,21,5,2238,16,2,3,2,1,0
22,1,16,5,4191,21,2,40,1,1,0
30,1,18,5,5529,6,13,40,1,1,0
47,1,20,1,4699,3,1,40,2,1,0
42,1,19,1,7626,42,0,40,1,1,0
50,1,21,1,3646,30,0,40,2,1,0
35,1,21,1,880,8,0,40,1,1,1
23,1,19,1,5955,9,10,40,1,1,0
46,1,19,5,5162,5,0,40,1,1,1
36,1,21,1,236,9,0,40,1,1,1
56,1,16,1,5846,19,0,40,2,1,0
52,1,19,1,5393,37,1,40,1,1,0
54,1,21,3,5339,38,0,40,1,1,1
24,1,19,5,5845,19,0,40,2,1,0
69,1,21,3,3533,14,0,40,2,1,1
52,1,16,5,6115,10,0,40,1,1,0
42,1,21,1,1311,218,0,60,1,6,1
52,1,16,1,9086,35,0,40,1,1,1
31,1,19,1,5210,9,9,40,1,1,0
51,1,22,1,10,5,0,50,1,1,1
56,1,19,3,7824,23,0,40,1,1,1
21,2,21,5,2254,35,2,13,2,1,0
18,1,9,5,9830,37,17,40,1,1,0
45,1,16,1,6455,10,1,40,1,1,0
51,1,17,1,197,37,1,40,1,1,1
19,1,16,5,9108,41,17,40,1,1,0
47,1,21,1,368,26,1,40,1,1,1
29,1,16,3,6060,36,0,40,1,1,0
28,1,21,5,2102,34,2,25,2,1,0
43,1,19,1,4879,5,0,40,1,1,1
52,1,21,1,221,24,1,50,1,1,1
21,1,19,5,4218,55,2,8,1,1,0
54,1,16,1,5694,38,0,40,1,1,0
43,1,21,1,3291,21,0,40,2,1,1
51,1,18,3,257,10,0,40,1,1,1
36,1,21,1,5891,45,1,40,2,1,0
58,1,20,1,2537,7,0,17,2,1,0
47,1,16,1,465,11,0,40,1,1,1
48,1,21,3,1294,11,0,40,1,1,1
55,1,16,1,4054,21,1,32,2,1,0
35,1,21,5,5356,37,0,40,2,1,0
39,1,19,5,5287,8,0,40,2,1,0
28,1,16,3,5131,35,0,40,2,1,0
65,1,19,3,5837,30,0,40,1,1,1
23,1,16,5,4035,48,2,40,1,1,0
50,1,16,1,4867,36,1,40,2,1,0
60,1,16,1,5592,33,1,40,2,1,0
34,1,16,1,5708,52,0,40,2,1,0
42,1,21,1,679,23,0,50,1,1,1
34,1,21,1,3141,37,1,40,2,1,1
35,1,21,3,1197,7,0,40,1,1,1
33,1,19,1,5380,7,0,32,2,1,0
31,1,16,1,4080,8,1,10,2,1,0
45,2,22,5,2359,40,13,40,2,1,1
38,1,21,1,2375,33,1,40,1,1,1
39,1,21,1,752,22,0,40,1,1,1
46,1,20,5,5363,34,0,40,2,1,0
51,1,16,1,4629,22,0,14,2,1,0
27,1,20,1,4675,45,1,9,2,1,0
59,1,19,1,5611,38,0,30,2,1,0
50,1,21,1,1536,42,0,50,1,1,1
49,1,17,1,5942,7,0,40,1,1,1
23,1,19,5,5561,23,13,40,2,1,0
69,3,22,1,2299,14,0,40,2,1,1
31,3,21,1,2327,35,0,40,2,1,0
30,1,22,5,3290,38,13,40,2,1,1
57,1,21,1,3358,21,0,40,2,1,1
45,1,21,1,360,3,1,40,1,1,1
20,1,9,5,4654,32,17,11,1,1,0
65,1,19,1,5374,9,0,40,2,1,0
50,1,19,3,69,10,13,40,1,1,1
30,1,19,3,6653,36,0,40,2,1,0
49,1,17,1,4847,312,0,40,1,1,0
40,1,20,1,3509,39,1,40,2,1,0
22,1,16,5,9821,6,17,40,1,1,0
28,3,21,1,2352,34,1,40,2,1,0
27,1,19,3,5489,25,0,33,2,1,0
27,1,19,5,4566,37,13,40,2,1,0
34,1,21,1,1500,39,1,40,1,1,1
26,1,21,1,2640,5,1,40,2,1,0
37,1,21,1,5517,42,1,40,2,1,0
39,1,18,1,5166,6,0,40,1,1,0
41,1,21,1,4835,4,1,40,2,1,0
31,1,19,5,7452,13,0,40,1,1,1
33,1,22,1,671,220,0,40,1,6,1
26,1,21,1,2140,46,1,13,2,1,0
52,1,20,1,629,30,0,40,1,1,1
30,1,19,5,6262,41,0,40,1,1,0
48,1,22,3,462,226,0,40,1,6,1
49,1,9,1,4181,38,1,11,2,1,0
48,1,16,1,7314,40,0,40,1,1,1
26,1,17,5,3982,39,2,40,1,1,0
51,1,21,5,193,21,0,50,1,1,1
51,1,20,3,280,38,0,40,1,1,1
34,1,19,5,7294,25,0,40,1,1,1
44,1,21,3,6557,44,0,40,1,1,0
28,1,22,5,2289,1,0,40,1,1,0
27,1,19,1,5064,47,1,9,2,1,0
37,1,19,1,5740,3,1,40,1,1,0
45,1,21,1,1109,34,1,40,1,1,1
52,1,16,1,5510,10,1,40,2,1,0
64,1,16,1,5902,17,1,40,1,1,1
22,1,19,5,4904,21,2,6,1,1,0
56,1,19,1,139,43,0,50,1,1,1
38,1,21,1,3348,22,1,40,2,1,0
31,1,16,5,4131,324,13,40,1,1,0
40,1,21,1,1411,212,1,40,1,6,1
45,1,19,1,5716,48,0,40,1,1,0
56,2,22,1,3147,42,0,40,2,1,0
22,1,19,1,4230,8,0,8,2,1,0
50,1,21,3,1148,37,0,50,1,1,1
18,1,14,5,4300,54,17,40,1,1,0
53,1,20,1,5196,7,1,40,2,1,1
57,1,19,3,3238,38,0,8,2,1,0
52,1,19,1,7503,16,1,40,1,1,1
19,1,15,5,4207,20,2,16,1,1,0
49,1,21,1,3421,39,0,40,1,1,1
40,1,21,1,1133,16,1,40,1,1,1
17,1,19,5,4630,23,2,5,2,1,0
48,1,16,1,8507,3,0,40,1,1,1
32,2,22,1,2233,221,1,10,2,1,0
47,1,21,1,555,37,0,40,1,1,1
46,1,20,3,6025,331,0,40,1,1,1
29,1,19,1,4590,35,0,40,1,1,0
18,1,14,5,3970,329,2,14,1,6,0
55,1,18,5,4118,10,0,40,2,1,0
24,1,16,5,4215,13,2,40,1,1,0
50,1,16,1,8123,11,0,40,1,1,1
27,1,19,3,5062,8,0,10,2,1,0
33,1,22,1,1453,37,0,40,1,1,1
20,1,14,5,4251,3,17,9,1,1,0
19,1,19,5,4759,41,2,10,2,1,0
51,1,22,5,3273,5,0,40,2,1,1
31,2,21,1,2113,6,0,12,2,1,0
64,1,20,1,3393,43,0,35,2,1,0
42,1,21,1,5104,36,1,40,1,1,0
45,1,18,5,6054,9,13,40,2,1,0
28,1,21,5,4729,220,13,40,1,6,0
51,1,24,1,435,37,1,40,1,1,1
24,1,16,5,5185,30,0,40,2,1,0
30,1,21,1,683,4,0,40,1,1,0
43,1,16,1,4168,311,1,40,2,8,0
41,3,21,1,2425,22,0,40,2,1,1
61,1,19,3,5493,22,0,40,1,1,1
32,3,22,1,2451,10,1,40,2,1,0
48,1,22,1,1588,6,0,50,1,1,1
56,1,19,1,5567,38,0,40,2,1,0
57,1,16,1,3925,31,1,11,2,1,0
30,1,19,5,5762,29,2,40,1,1,0
53,1,21,1,230,38,0,40,1,1,1
23,1,21,5,2394,35,2,8,2,1,0
55,1,16,1,4256,39,1,40,2,1,0
41,1,11,1,4093,307,0,40,2,1,0
17,1,19,5,4804,28,15,9,1,1,0
45,1,21,3,1100,40,0,50,1,1,1
31,1,19,3,4748,38,0,40,1,1,0
45,1,16,1,8214,8,1,40,1,1,1
17,1,14,5,4162,53,16,10,1,1,0
30,1,21,3,769,23,0,40,1,1,1
26,1,14,5,4161,39,2,40,1,1,0
19,1,14,5,9336,28,2,6,1,1,0
26,1,19,1,5464,25,0,40,1,1,0
46,1,22,1,1175,237,0,50,1,6,1
58,1,19,3,5166,16,0,40,2,1,0
56,1,16,1,6246,13,1,40,1,1,1
34,1,21,5,5920,34,0,40,1,1,0
21,1,16,5,4144,8,17,11,2,1,0
22,3,21,1,2374,37,2,9,2,1,0
48,1,21,1,3251,38,1,40,2,1,1
28,1,19,5,4950,218,2,40,1,6,0
20,1,16,5,9206,8,2,40,1,1,0
18,1,18,5,4730,18,2,12,2,1,0
58,1,21,1,3444,34,0,40,2,1,1
54,1,16,1,5563,10,0,40,1,1,0
55,1,16,1,5994,4,1,40,1,1,1
29,1,21,5,4639,34,0,40,1,1,0
42,1,21,1,757,23,0,40,1,1,1
29,1,19,3,4757,41,0,15,2,1,0
51,1,19,1,11,39,0,40,1,1,1
52,1,17,3,316,10,0,40,1,1,1
24,1,21,5,2345,4,2,40,2,1,0
41,1,16,1,7512,20,0,40,1,1,1
60,1,16,1,412,39,1,40,1,1,1
20,1,16,5,4248,19,17,40,1,1,0
23,1,21,3,2636,24,0,40,2,1,0
39,1,21,1,4279,37,0,40,1,1,1
54,1,16,5,7371,18,0,40,1,1,1
46,1,22,1,1658,37,1,50,1,1,1
24,1,21,5,1996,26,2,9,2,1,0
19,1,14,5,4171,54,17,9,1,1,0
21,1,21,5,1843,7,17,10,1,1,0
29,1,21,5,5794,13,0,30,2,1,0
62,1,18,1,4129,31,1,8,2,1,0
26,1,19,5,5330,17,0,40,2,1,0
51,1,19,3,6236,20,0,40,2,1,0
48,1,21,1,3683,27,0,40,2,1,1
52,1,21,1,4913,38,1,40,1,1,1
19,1,19,5,9364,50,2,40,1,1,0
42,1,16,1,4253,309,1,40,2,8,0
33,1,21,5,5100,40,0,40,1,1,0
59,1,21,3,307,30,0,40,2,1,1
36,3,22,3,2356,12,0,40,2,1,0
61,1,16,3,5894,40,0,40,2,1,0
28,1,16,1,5902,5,1,40,2,1,0
19,1,19,5,4756,51,2,11,2,1,0
52,1,16,1,7228,38,1,40,1,1,1
30,1,19,3,4980,52,0,40,1,1,0
63,2,22,1,3337,38,0,40,2,1,1
22,1,16,1,4100,43,1,13,2,1,0
29,1,20,1,2358,22,1,12,2,1,0
37,1,21,1,2612,35,1,40,1,1,1
44,1,16,1,7858,34,0,40,1,1,1
21,1,19,5,5125,10,13,40,1,1,0
48,1,22,1,390,5,1,40,2,1,1
27,1,21,3,1163,22,0,40,2,1,1
59,1,16,3,5138,23,13,40,2,1,1
20,1,19,5,4767,19,17,6,1,1,0
59,1,16,1,7431,27,1,40,1,1,1
35,1,22,1,2474,15,1,40,2,1,1
30,1,16,5,8840,34,2,40,1,1,0
31,1,19,1,6098,13,0,40,1,1,0
49,1,21,1,4860,6,1,40,2,1,1
24,1,19,5,6328,32,2,40,1,1,0
31,1,21,5,1262,19,0,40,2,1,1
26,1,18,1,6973,20,0,40,1,1,0
39,2,21,1,2100,38,1,40,2,1,1
29,1,21,5,1139,37,0,40,2,1,0
44,1,10,1,6347,6,0,40,1,1,1
37,1,21,1,2211,38,0,40,2,1,0
27,1,16,3,5191,37,15,40,2,1,0
44,1,22,1,1351,8,1,40,1,1,1
21,1,18,5,4198,5,17,40,1,1,0
47,1,16,1,368,38,1,40,1,1,1
26,1,21,1,2763,36,1,40,2,1,0
40,1,21,5,3091,33,0,40,2,1,0
62,1,20,1,2999,29,0,40,2,1,0
82,3,22,1,2748,43,1,15,2,1,0
38,1,21,1,1148,34,0,40,1,1,1
41,1,21,3,5149,5,0,40,2,1,0
38,1,19,1,5577,51,1,40,2,1,0
18,1,14,5,4184,19,16,40,1,1,0
48,1,8,1,3992,52,1,40,2,1,0
39,1,21,1,1187,3,0,40,1,1,0
54,1,16,1,3034,34,1,13,2,1,0
40,1,21,1,5702,25,0,40,2,1,0
25,1,19,5,5872,3,13,40,1,1,0
67,1,21,1,3468,40,0,8,2,1,0
40,1,19,1,5878,6,0,40,1,1,0
57,1,16,1,323,37,0,40,1,1,1
28,1,20,1,2269,19,1,8,2,1,0
48,1,16,1,4957,4,1,40,1,1,1
49,1,16,1,5958,17,1,40,1,1,0
53,1,19,3,5714,39,0,40,2,1,1
21,1,16,5,4166,46,17,9,1,1,0
47,1,18,1,5407,40,1,40,1,1,0
55,1,16,3,284,13,0,40,1,1,1
27,1,21,1,5376,8,0,40,2,1,0
46,1,22,1,66,215,0,50,1,1,1
20,1,16,5,3722,14,2,11,2,1,0
52,1,19,5,5329,217,0,40,1,6,1
26,2,22,5,2135,9,0,9,2,1,0
28,1,16,5,9537,18,0,40,1,1,0
46,1,16,3,8298,8,0,50,1,1,1
28,1,19,1,2486,51,1,13,2,1,0
26,1,17,5,4057,32,2,40,2,1,0
33,1,21,1,1498,44,0,40,1,1,1
41,3,21,1,2544,7,1,40,2,1,1
63,1,19,3,5154,8,0,33,2,1,0
30,1,16,1,8032,28,0,40,1,1,0
81,2,22,3,2716,37,0,40,2,1,1
53,1,19,3,5568,41,0,40,2,1,0
38,1,19,5,7689,224,13,40,1,8,1
37,1,19,5,5777,36,0,40,1,1,1
58,1,18,1,6740,41,0,40,1,1,0
50,1,16,5,9557,15,0,40,1,1,0
54,1,16,1,6267,11,1,40,1,1,0
54,2,21,1,3014,28,1,40,2,1,0
19,1,16,1,4080,22,9,40,1,1,0
20,1,16,5,3878,25,17,40,2,1,0
31,1,21,1,4982,21,0,40,1,1,0
34,1,21,3,2272,27,0,40,2,1,0
39,1,12,1,4150,310,1,40,2,8,0
55,1,19,3,5997,15,0,40,1,1,0
55,1,21,1,2425,23,0,40,2,1,0
47,1,21,1,149,37,0,40,1,1,1
20,1,19,5,4676,35,2,11,2,1,0
24,1,9,5,9555,326,2,40,1,1,0
49,1,16,1,642,4,1,50,1,1,1
37,1,22,1,1397,6,0,40,1,1,1
23,1,19,5,4647,24,16,10,2,1,0
49,1,19,1,5738,8,0,40,1,1,0
31,1,16,3,5306,50,0,40,1,1,0
56,1,16,1,6451,20,0,40,1,1,0
35,1,21,1,5404,6,1,40,2,1,0
29,1,21,5,5492,42,13,40,1,1,0
30,1,16,1,9192,37,15,40,1,1,0
43,1,21,1,5218,198,0,40,1,6,1
48,1,16,5,7672,235,0,40,1,6,1
22,1,21,5,5548,35,2,31,2,1,0
18,1,14,5,3806,22,16,11,2,1,0
19,1,16,5,6070,6,2,35,2,8,0
54,1,19,1,5462,27,0,40,1,1,1
42,1,21,1,2557,43,0,40,1,1,1
23,1,16,5,9314,306,13,40,1,8,0
49,1,16,5,5728,16,0,40,1,1,1
31,1,20,5,5892,38,13,40,2,1,0
61,1,17,1,4152,39,1,10,2,1,0
59,1,16,1,602,22,1,50,1,1,1
18,1,19,5,4682,35,16,12,2,1,0
19,1,14,5,4180,9,2,15,2,1,0
23,1,19,5,5833,24,13,40,2,1,0
22,1,19,5,9125,5,2,40,1,1,0
50,1,21,1,1029,30,0,40,1,1,1
52,1,19,3,5626,6,0,40,1,1,1
29,1,21,1,2523,21,0,40,2,1,0
37,3,22,5,2376,310,0,40,2,6,0
30,1,21,1,3449,18,1,40,2,1,0
49,1,21,5,427,24,0,40,1,1,1
21,1,19,5,2379,39,12,40,2,1,0
66,1,19,1,5635,29,0,40,2,1,0
21,1,10,5,4016,309,2,40,1,8,0
62,1,19,1,5436,27,0,40,2,1,0
31,1,21,5,10,6,0,40,1,1,1
18,1,16,5,4003,37,2,14,2,1,0
50,1,17,3,8897,41,0,40,1,1,1
58,1,19,1,4746,43,0,40,2,1,0
18,1,14,5,4236,51,16,13,1,1,0
44,1,21,1,5153,196,1,40,2,6,0
27,1,16,1,5643,22,1,40,2,1,0
49,1,21,5,364,200,0,40,1,6,1
59,1,19,1,10,11,1,40,1,1,1
30,1,18,5,5434,41,13,40,2,1,0
25,1,21,5,4939,36,2,40,1,1,0
44,1,19,5,10,35,0,40,1,1,1
51,1,22,3,611,203,0,40,1,6,1
58,1,16,1,6093,37,1,40,1,1,1
26,2,21,5,1950,25,0,40,2,1,0
29,1,21,1,2302,39,1,40,2,1,0
55,1,21,1,3283,27,1,40,2,1,0
30,1,21,1,1052,38,1,40,1,1,1
25,1,21,5,1131,218,13,40,1,6,0
45,1,16,3,8005,42,0,40,1,1,1
50,1,16,1,5037,7,1,40,2,1,0
61,1,19,1,4960,28,0,40,2,1,0
27,1,17,5,4190,53,2,40,1,1,0
56,1,19,3,5317,31,0,40,2,1,0
52,1,16,5,264,21,0,40,1,1,1
29,1,19,1,5976,8,0,8,2,1,0
48,1,22,3,848,7,0,50,1,1,1
54,1,16,5,5694,37,0,40,1,1,1
56,1,17,5,9169,42,0,40,1,1,1
42,1,19,5,255,36,0,40,1,1,1
43,1,19,1,5652,1,1,40,2,1,0
42,1,21,1,3753,36,0,40,2,1,0
27,1,21,3,3570,8,12,40,2,1,0
35,2,21,1,2010,26,0,40,1,1,1
41,1,21,1,6031,8,1,40,2,1,0
53,1,16,1,7268,40,0,40,1,1,1
28,1,19,1,4975,20,9,40,2,1,0
69,2,21,1,3251,39,0,40,2,1,0
53,1,20,5,84,4,0,40,2,1,1
54,1,19,3,5749,38,0,40,1,1,1
42,1,21,1,3625,8,1,40,2,1,1
24,1,16,5,4191,7,4,40,1,1,0
43,1,16,1,7150,39,1,40,1,1,0
20,1,19,5,4737,5,2,8,2,1,0
50,1,10,1,4156,300,0,40,2,1,0
53,1,16,1,7794,18,1,50,1,1,1
53,1,17,5,10,222,0,40,1,1,1
22,1,21,5,2195,26,17,11,2,1,0
65,1,18,1,3232,42,1,7,2,1,0
39,1,21,1,1498,42,1,40,1,1,1
28,1,19,3,5250,15,0,40,2,1,0
41,1,19,5,6075,7,0,40,1,1,1
47,1,22,1,207,210,0,40,1,1,1
44,1,20,1,2349,244,1,10,2,6,0
29,1,21,5,2179,39,0,9,2,1,0
28,1,19,1,6223,19,1,40,2,1,0
44,1,19,1,7247,40,0,40,1,1,1
50,1,22,1,365,1,0,40,1,1,1
38,1,21,1,5718,36,1,40,2,1,0
48,1,20,1,5631,10,1,40,2,1,0
43,1,16,1,9572,291,1,40,1,1,0
27,1,21,1,2273,42,0,40,2,1,0
50,1,16,1,5796,7,1,40,2,1,0
40,1,17,5,9023,7,0,40,1,1,0
21,1,18,1,2720,38,0,11,2,1,0
25,1,21,5,1036,232,0,40,1,6,0
57,1,11,1,4016,318,1,32,2,1,0
48,1,21,1,267,15,0,40,1,1,1
29,1,16,5,4840,19,0,40,1,1,0
42,1,21,1,2402,35,0,40,2,1,0
57,1,20,1,4922,32,1,31,2,1,0
28,1,16,3,5753,41,16,40,2,1,0
49,1,21,3,5134,43,0,40,2,1,1
56,1,16,5,8878,11,0,40,1,1,1
25,1,10,3,4171,306,0,31,2,1,0
26,1,21,5,5029,43,0,40,1,1,0
64,1,19,3,5238,5,0,40,2,1,0
43,1,21,1,897,9,0,40,1,1,1
48,1,21,1,478,10,1,40,1,1,1
32,1,21,5,3936,8,13,40,2,1,1
47,1,19,1,629,40,1,40,1,1,1
20,1,14,5,4064,50,2,10,1,1,0
52,1,16,1,7557,39,0,50,1,1,1
25,1,16,5,4761,35,0,40,2,1,0
56,1,16,1,6086,40,1,40,1,1,0
44,1,21,1,720,42,1,40,1,1,1
21,1,16,5,5618,26,2,40,2,1,0
43,1,8,5,5821,313,0,40,1,1,0
28,1,21,5,1543,12,13,40,1,1,0
36,1,21,1,1267,36,1,40,1,1,1
35,1,21,1,1919,36,1,11,2,1,0
55,1,16,3,5428,30,0,40,2,1,0
46,1,21,1,427,199,1,40,1,6,1
60,1,18,1,5577,11,0,40,1,1,0
33,1,21,1,2206,3,1,40,2,1,0
29,1,21,5,2454,16,2,40,2,1,0
27,1,21,5,2526,10,0,40,1,1,0
53,1,19,3,5900,26,0,40,2,1,0
19,1,19,5,4697,17,17,3,1,1,0
23,1,19,3,4537,314,0,40,1,1,0
26,1,21,5,3834,37,0,40,2,1,0
20,1,19,5,4681,36,2,11,2,1,0
29,1,16,1,9407,26,0,40,1,1,0
61,1,16,1,3935,47,1,40,2,1,0
48,1,17,5,6444,36,0,40,1,1,1
40,1,16,5,8984,2,0,40,1,1,1
19,1,16,5,5416,27,2,40,2,1,0
61,1,19,1,5177,23,0,30,2,1,0
31,1,18,5,8964,299,13,40,1,1,0
26,1,19,5,3778,28,0,10,2,1,0
55,1,16,1,5381,29,1,40,1,1,0
38,1,19,5,4489,36,13,40,1,1,1
22,2,21,5,2078,8,0,40,2,1,0
28,1,18,3,5377,34,16,40,1,1,0
48,1,22,1,361,35,1,40,2,1,1
63,1,21,5,3448,7,0,40,2,1,1
39,1,11,3,8235,8,0,40,1,1,1
34,1,8,1,3984,50,1,40,2,1,0
30,1,18,3,5239,12,0,13,2,1,0
30,1,21,1,5531,7,9,40,2,1,0
34,1,21,5,6183,41,0,40,1,1,1
57,1,20,3,240,22,0,40,2,1,1
18,1,10,5,4165,313,4,40,1,6,0
60,1,19,1,4509,25,0,40,1,1,0
32,1,21,5,710,17,0,50,1,1,1
54,1,16,1,4738,42,1,34,2,1,0
22,1,19,5,5310,7,12,40,1,1,0
31,1,21,1,1392,37,0,40,1,1,0
29,1,19,3,5320,12,0,40,2,1,0
22,1,16,5,9588,36,17,40,1,1,0
56,1,16,1,7214,38,1,40,1,1,1
47,1,7,1,4582,310,0,40,2,1,0
47,1,19,1,5086,40,1,40,2,1,0
22,1,21,5,2378,38,13,40,2,1,0
24,1,18,1,5588,12,1,9,2,1,0
19,3,21,5,2531,26,2,8,2,1,0
24,1,19,5,5531,10,0,40,1,1,0
24,1,8,5,9238,39,2,40,1,1,0
54,1,16,3,5534,10,0,40,1,1,0
57,1,16,1,8788,42,0,40,1,1,1
24,1,16,5,7904,7,13,40,1,1,0
69,1,21,3,3122,34,0,40,2,1,0
33,1,16,1,8779,318,0,40,1,1,0
24,1,19,5,5936,41,13,40,1,1,0
56,1,16,1,6177,21,1,40,2,1,0
42,1,19,1,4703,31,0,40,1,1,0
44,1,21,1,317,5,1,40,1,1,1
40,2,21,3,2200,21,0,40,2,1,1
25,1,19,5,5098,38,2,40,2,1,0
26,1,16,5,9046,39,2,40,1,1,0
31,1,21,5,813,10,0,40,1,1,1
29,1,19,3,3508,30,0,40,2,1,0
48,1,19,5,5496,11,13,40,1,1,0
45,1,21,1,409,9,0,50,1,1,1
21,1,19,5,4649,37,12,11,2,1,0
20,1,19,5,4778,16,2,15,2,1,0
45,1,7,1,4205,308,10,40,2,1,0
33,1,21,5,908,26,13,40,2,1,1
52,1,16,1,3696,52,0,11,2,1,0
41,1,19,1,5198,32,0,40,1,1,1
38,1,21,1,3462,40,1,40,2,1,1
45,1,21,1,695,34,0,40,1,1,1
41,1,21,3,10,6,0,40,1,1,1
30,1,16,1,4841,15,1,17,2,1,0
44,1,19,3,5212,3,0,40,2,1,1
59,1,18,1,5917,41,1,40,1,1,0
22,1,5,5,4066,5,15,9,2,1,0
32,1,18,5,5191,36,0,40,2,1,0
30,1,19,1,6182,9,0,40,1,1,0
28,1,21,3,1032,18,0,40,1,1,1
39,1,21,3,5359,19,0,40,2,1,0
26,1,16,5,9500,42,2,40,1,1,0
30,1,16,3,4111,42,0,33,2,1,0
49,1,21,1,19,3,1,40,1,1,1
59,1,17,3,5708,18,0,40,1,1,1
37,1,16,5,7791,42,0,40,1,1,1
22,1,19,5,4566,32,17,10,2,1,0
19,1,16,5,4698,8,15,11,2,1,0
32,1,21,3,1474,29,0,40,1,1,0
52,1,16,3,6487,5,0,40,1,1,1
35,1,21,1,654,20,0,40,1,1,1
27,3,21,5,2400,38,2,40,2,1,0
17,1,19,5,4708,50,16,13,1,1,0
39,1,21,5,3335,2,0,40,2,1,0
35,1,22,1,2481,209,0,40,2,6,0
60,3,21,1,2481,22,1,10,2,1,0
33,1,21,1,5779,37,1,40,1,1,1
19,1,16,5,4235,5,2,40,1,1,0
21,1,16,5,4275,7,2,9,1,1,0
43,1,21,1,3224,35,1,40,2,1,0
50,1,16,1,5525,25,1,40,1,1,1
19,1,19,5,4776,14,17,15,2,1,0
56,1,19,1,6021,38,1,40,2,1,0
53,1,19,1,5729,6,1,40,2,1,0
52,1,21,1,381,14,0,40,1,1,1
29,1,16,1,7186,21,1,40,1,1,0
57,1,16,3,7854,2,0,40,1,1,1
40,1,21,1,1455,40,1,40,1,1,1
42,1,21,1,262,38,0,40,1,1,1
49,1,19,1,9120,7,1,40,1,1,1
25,1,21,5,3048,41,0,40,2,1,0
54,1,21,3,775,4,0,40,1,1,1
52,1,19,3,269,5,13,40,1,1,1
20,1,19,5,4719,26,2,19,2,1,0
22,1,19,5,4591,7,2,12,2,1,0
57,1,16,1,6354,44,0,40,2,1,0
50,1,21,1,704,10,0,40,1,1,1
23,1,19,5,5696,9,13,40,2,1,0
57,2,21,1,2854,6,0,32,2,1,0
44,1,19,1,1018,3,0,40,1,1,1
57,1,19,3,517,33,0,40,1,1,1
49,1,20,1,3562,40,1,40,2,1,0
34,1,19,1,4151,50,1,9,2,1,0
51,1,21,1,5672,39,0,40,1,1,1
36,2,21,1,1850,14,1,40,2,1,0
18,1,8,5,4116,5,17,14,1,1,0
44,3,22,5,2304,5,0,40,2,1,0
42,1,21,3,1079,7,0,40,1,1,1
53,1,16,1,7481,4,1,40,1,1,1
18,1,19,5,4648,216,2,12,2,6,0
61,1,18,3,5521,18,0,40,1,1,0
56,1,16,5,5770,11,13,40,1,1,0
44,1,21,1,5081,3,0,40,2,1,1
18,1,14,5,4386,12,2,9,1,1,0
26,1,19,3,5802,37,0,32,2,1,0
39,1,16,5,9210,309,0,40,1,8,0
56,1,16,5,4875,27,0,40,1,1,1
54,1,20,1,5304,16,1,40,2,1,0
49,1,19,1,4875,38,1,40,1,1,0
71,1,21,1,194,38,0,40,1,1,1
59,1,21,1,223,38,1,40,2,1,1
31,1,21,5,3041,23,0,40,2,1,0
25,3,21,1,2427,11,1,40,2,1,0
27,1,16,5,5910,5,2,40,1,1,0
28,1,16,3,4185,20,0,40,2,1,0
44,1,21,1,1258,305,1,40,1,6,1
20,1,19,1,5987,13,2,40,2,1,0
65,3,22,1,2575,37,0,40,2,1,1
45,1,19,1,9017,34,0,40,1,1,1
43,1,22,1,505,2,1,40,1,1,1
45,1,22,3,237,4,0,40,1,1,1
57,1,16,1,6149,39,1,40,2,1,0
24,1,19,5,6310,39,2,40,2,1,0
40,1,19,1,4511,32,0,40,1,1,0
40,1,22,1,2958,5,0,40,1,1,1
31,1,16,1,5692,1,1,40,1,1,0
45,1,9,1,5700,4,1,40,1,1,0
34,1,21,1,2028,8,1,40,2,1,0
53,1,16,1,9100,33,0,40,1,1,1
31,1,16,1,4212,41,1,40,2,1,0
23,1,19,5,4772,26,17,40,1,1,0
40,1,21,1,6129,11,0,40,2,1,0
24,3,21,5,2469,38,2,40,2,1,0
49,1,16,5,7340,5,0,40,1,1,1
51,1,21,1,278,41,1,40,1,1,1
55,1,16,3,480,46,0,40,2,1,1
30,2,21,1,2137,22,1,7,2,1,0
38,1,18,5,9247,7,0,40,1,1,0
47,1,19,1,566,3,0,40,2,1,1
34,1,17,1,6441,39,0,40,1,1,0
49,1,21,1,98,224,0,40,1,6,1
25,1,19,5,9305,5,13,40,1,1,0
31,1,21,1,709,22,0,40,1,1,0
31,1,16,1,5910,6,10,40,2,1,0
38,1,21,1,2296,22,1,7,2,1,0
39,1,19,1,5178,220,0,40,2,6,0
43,1,21,1,3268,6,0,40,2,1,0
60,2,21,1,3020,26,1,34,2,1,0
52,1,19,1,3817,1,1,40,2,1,0
59,3,21,1,2495,2,0,8,2,1,0
49,1,16,1,4202,50,1,40,2,1,0
22,1,21,5,2482,13,2,9,1,1,0
52,1,16,1,5326,4,0,40,2,1,0
26,1,19,1,5223,28,0,40,1,1,0
36,1,21,1,2042,39,0,40,1,1,0
32,1,19,5,5000,8,0,40,1,1,0
48,1,21,1,3191,43,1,40,2,1,1
28,1,21,5,886,26,0,40,2,1,1
61,1,16,1,5490,10,1,40,2,1,0
30,1,21,5,475,42,0,40,1,1,1
48,1,19,1,5042,7,1,40,2,1,0
31,2,22,1,1987,11,1,13,2,1,0
49,1,22,1,81,39,0,40,1,1,1
56,1,16,3,153,36,0,40,1,1,1
21,1,19,5,4635,15,17,40,2,1,0
42,1,21,1,1014,33,1,40,1,1,1
58,1,16,3,434,23,0,40,1,1,1
49,1,19,1,332,37,1,40,1,1,1
23,1,14,5,4111,318,2,40,2,1,0
21,1,16,5,4276,16,17,12,1,1,0
35,1,22,1,1131,1,1,40,1,1,1
22,1,16,5,4616,22,2,8,2,1,0
44,1,17,1,6373,4,1,40,1,1,1
24,1,18,5,4123,40,17,33,2,1,0
21,1,21,5,1957,27,2,8,2,1,0
30,1,16,1,6275,44,1,40,2,1,0
24,1,17,5,4233,38,17,40,2,1,0
37,3,21,1,2288,14,0,40,2,1,1
34,1,19,5,5588,29,0,40,2,1,0
29,2,21,1,1777,42,1,40,2,1,1
28,1,21,1,2533,39,0,13,2,1,0
27,1,19,5,4671,6,2,32,2,1,0
35,1,21,1,1053,36,0,40,1,1,1
64,1,19,1,4603,17,0,40,2,1,0
26,1,21,5,3354,10,13,40,2,1,0
46,1,22,1,3257,225,0,40,2,6,1
49,1,19,1,5234,7,0,40,1,1,0
24,1,21,3,2027,43,0,40,2,1,0
60,1,18,3,6617,9,0,40,1,1,0
63,1,16,1,3986,35,10,40,2,1,0
42,1,22,1,3065,37,0,40,2,1,1
46,1,16,3,6405,226,0,40,2,6,1
26,1,16,1,5646,22,0,40,2,1,0
49,1,21,1,5291,20,1,40,2,1,1
52,1,16,1,7257,1,0,40,1,1,1
43,1,16,1,6330,309,0,40,2,1,0
53,1,21,3,321,6,0,40,2,1,1
50,1,21,1,290,24,1,40,1,1,1
44,1,19,1,411,36,1,40,2,1,1
30,1,21,1,2655,8,1,12,2,1,0
48,1,19,5,884,8,0,40,1,1,1
39,1,21,1,1022,14,1,40,1,1,1
32,1,21,1,2151,41,1,40,2,1,1
33,1,21,5,5899,35,0,40,1,1,1
30,1,16,5,6005,33,13,40,1,1,0
47,1,20,3,191,35,0,40,1,1,1
23,1,19,5,5436,15,13,40,1,1,0
32,1,21,5,1656,29,0,40,1,1,1
31,1,19,1,5034,38,10,40,2,1,0
64,1,21,1,3533,38,0,40,2,1,1
29,1,21,5,3561,40,0,40,2,1,0
60,1,16,1,5955,27,0,40,2,1,0
23,1,19,5,4679,26,2,40,2,1,0
56,1,16,3,7013,11,0,40,1,1,0
50,1,16,3,264,41,0,40,1,1,1
61,1,16,1,4138,21,1,11,2,1,0
30,1,19,5,5337,13,13,40,1,1,0
25,1,21,3,2382,5,0,40,2,1,0
19,1,19,5,4712,14,2,11,2,1,0
26,1,19,5,4221,24,2,40,1,1,0
29,1,16,5,5075,43,13,40,2,1,0
26,1,21,5,2288,12,0,40,2,1,0
26,1,20,1,5377,40,0,32,2,1,0
30,1,16,1,4045,29,1,40,2,1,0
49,3,22,1,383,19,1,40,2,1,1
59,1,16,1,5894,32,1,40,1,1,0
27,1,16,1,5641,5,10,40,1,1,0
26,1,21,1,2254,7,1,6,2,1,0
45,1,21,1,449,206,0,40,1,6,1
42,1,21,3,958,6,0,40,1,1,1
44,1,19,1,6471,4,1,40,1,1,1
58,2,21,1,2055,40,0,40,2,1,1
40,1,19,1,5659,8,1,40,1,1,1
34,1,21,1,3817,42,1,40,2,1,0
31,1,16,1,3631,28,1,10,2,1,0
54,1,7,5,6195,34,0,40,1,1,1
39,1,22,1,1231,34,0,40,1,1,1
65,1,21,3,10,36,0,40,2,1,1
59,1,19,1,5135,16,1,40,2,1,1
63,7,22,3,10,30,0,50,1,1,1
50,1,21,1,1221,32,0,50,1,1,1
35,1,16,1,4099,40,1,40,2,1,0
28,1,16,5,6416,36,0,40,1,1,0
18,1,21,5,5383,50,16,40,1,1,0
27,1,16,5,9557,38,13,40,1,1,0
29,1,19,5,4955,32,12,40,1,1,0
48,1,16,1,7616,39,0,50,1,1,1
30,1,16,1,4063,27,0,9,2,1,0
21,1,16,5,4116,23,17,12,2,1,0
38,1,20,5,706,38,0,40,1,1,1
21,1,21,5,2199,36,17,10,1,1,0
41,2,21,1,2089,8,1,40,2,1,0
35,1,21,1,3052,7,1,40,2,1,1
51,1,22,1,3356,214,1,40,2,6,1
38,1,19,1,8261,38,1,40,1,1,1
49,1,7,1,3853,23,0,40,2,1,0
49,1,16,1,6011,1,1,40,2,1,0
47,1,16,1,5301,6,0,40,1,1,0
59,1,19,1,4949,11,0,40,2,1,0
60,1,17,3,4135,23,0,31,2,1,0
20,1,16,5,4056,54,17,13,1,1,0
20,1,18,5,4583,54,16,14,2,1,0
29,1,21,5,1458,9,13,40,1,1,1
45,2,21,1,2323,38,1,9,2,1,0
34,1,21,1,1926,28,0,9,2,1,0
31,1,16,3,9224,221,0,40,1,6,0
41,1,19,1,313,22,1,40,1,1,1
40,1,19,1,6420,311,1,40,1,1,0
30,1,16,5,9628,33,16,40,1,1,0
20,1,19,5,4065,54,17,40,1,1,0
37,3,22,1,2799,36,1,13,2,1,0
19,1,14,5,4523,4,2,13,1,6,0
36,1,21,1,2245,35,0,40,2,1,0
27,1,21,5,5708,40,0,40,2,1,0
21,1,19,5,3384,21,0,34,2,1,0
24,1,16,5,9235,34,0,40,1,1,0
63,1,21,1,300,14,0,50,1,1,1
27,1,21,5,2177,23,2,40,2,1,0
43,1,21,3,5580,37,0,40,1,1,1
28,1,19,3,5583,26,0,40,1,1,0
20,1,16,5,4214,21,17,40,1,1,0
24,1,19,5,5872,22,13,40,2,1,0
19,1,19,5,4716,18,16,8,1,1,0
56,1,19,1,6290,13,1,40,1,1,1
25,1,19,5,4613,9,2,40,2,1,0
21,1,19,1,5742,37,0,40,2,1,0
29,1,21,1,3155,38,1,40,2,1,0
43,1,19,1,1435,9,0,40,1,1,1
29,3,22,1,2643,3,1,40,2,1,0
42,3,21,1,2675,37,0,40,2,1,1
22,1,21,5,3407,34,13,40,2,1,0
45,1,22,1,217,23,0,50,1,1,1
42,3,21,1,2189,34,0,40,2,1,1
25,1,16,1,6312,28,0,40,1,1,0
58,1,16,1,5234,22,1,40,2,1,0
42,1,21,1,5199,37,1,3,2,1,0
24,1,19,5,3994,1,2,40,2,1,0
41,1,21,1,76,27,1,50,1,1,1
22,1,19,3,3866,36,0,9,2,1,0
50,1,20,3,7980,7,13,40,1,1,1
21,1,19,5,2225,22,2,13,2,1,0
19,1,16,5,4106,26,17,6,2,1,0
61,1,21,3,4999,35,0,40,2,1,0
30,1,20,5,5755,21,0,40,2,1,0
50,1,16,3,7264,5,0,40,1,1,1
24,1,16,5,9234,222,13,40,1,8,0
50,1,22,1,2478,44,1,40,2,1,1
46,1,19,5,5845,301,0,40,2,6,1
17,1,16,5,4152,7,2,5,1,1,0
49,1,16,1,3972,7,0,40,2,1,0
38,1,21,1,2522,25,1,40,1,1,1
21,1,16,5,9174,15,15,40,1,1,0
48,1,21,3,264,32,0,40,1,1,1
60,1,16,3,5425,30,0,40,1,1,1
48,1,16,1,6263,34,1,40,1,1,0
31,1,19,1,5942,37,1,40,2,1,0
33,1,16,1,5336,34,0,40,2,1,0
47,1,18,1,5402,5,1,40,1,1,1
37,1,21,1,2383,31,1,40,2,1,0
49,1,16,3,5137,6,0,40,1,1,1
28,1,21,1,1998,52,1,40,2,1,0
27,2,21,1,1975,38,0,6,2,1,0
47,1,21,1,1317,203,0,60,1,6,1
26,1,19,5,5519,35,13,40,2,1,0
46,1,22,1,2298,29,0,40,2,1,1
40,1,21,1,870,19,0,40,1,1,1
43,1,21,1,3099,3,1,40,2,1,1
26,1,21,5,754,35,2,40,1,1,0
18,1,19,5,2278,15,2,15,1,1,0
42,1,21,5,10,34,0,40,2,1,1
27,1,21,3,1933,30,0,13,2,1,0
30,1,19,3,5543,21,0,40,2,1,0
51,1,21,1,122,8,0,50,1,1,1
48,1,16,1,5090,19,1,40,2,1,0
50,1,16,1,6100,6,1,40,2,1,0
26,1,19,3,4913,33,0,40,2,1,0
44,1,19,5,7226,322,0,40,1,1,1
53,1,19,1,10,3,0,40,1,1,1
26,2,21,1,2165,8,0,40,2,1,0
21,1,8,5,4754,9,16,6,2,1,0
61,1,21,1,2124,33,10,40,2,1,0
29,1,19,1,6090,35,1,40,2,1,0
24,1,19,5,3791,40,13,40,2,1,0
29,1,16,1,4034,20,1,40,2,1,0
32,1,20,1,5303,23,0,40,2,1,0
24,1,19,5,5347,37,2,40,1,1,0
42,1,18,1,8652,19,1,40,1,1,0
26,1,19,5,4360,15,2,40,2,1,0
51,1,16,3,177,38,0,50,1,1,1
58,1,16,3,7885,6,0,40,1,1,1
39,1,21,1,5655,18,0,40,1,1,0
54,1,18,3,7446,38,0,40,1,1,1
48,1,20,3,187,40,0,40,1,1,1
64,1,16,3,6077,22,0,40,2,1,0
36,1,19,1,5252,31,0,40,1,1,0
58,1,8,1,8752,27,1,40,1,1,0
32,1,21,5,2129,30,2,40,1,1,0
55,1,20,1,4824,24,1,40,2,1,0
55,1,16,1,5621,42,1,40,2,1,0
45,1,21,1,2656,8,1,40,2,1,1
52,1,16,5,6308,13,0,40,1,1,1
47,1,22,1,144,11,0,40,1,1,1
21,1,21,5,1813,8,2,8,2,6,0
19,1,8,5,4127,4,17,12,1,1,0
35,1,21,1,5344,40,0,40,2,1,0
21,1,19,5,4623,25,2,8,2,1,0
22,1,19,5,4742,35,17,40,1,1,0
30,1,19,1,6236,43,0,40,2,1,0
75,1,21,1,2223,39,0,8,2,1,0
33,3,21,1,2490,15,0,17,2,1,0
47,1,22,1,314,33,0,40,2,1,1
47,1,21,3,251,36,0,40,1,1,1
32,1,19,5,3230,34,13,40,2,1,0
19,1,21,5,2201,8,2,16,1,6,0
28,1,16,1,5395,21,0,40,2,1,0
51,1,19,1,574,35,1,40,1,1,1
47,1,16,1,6293,306,0,40,1,1,0
58,1,16,1,2613,38,1,6,2,1,0
40,1,19,1,10,6,1,40,1,1,1
25,1,21,5,3354,39,13,40,2,1,0
46,1,19,3,271,36,13,40,2,1,1
26,1,21,5,2092,38,17,40,1,1,0
42,1,21,1,3129,17,0,40,2,1,1
45,3,22,1,2355,6,1,14,2,1,0
20,1,16,5,4026,329,17,32,2,6,0
19,1,9,5,4110,9,16,12,1,1,0
20,1,19,5,4642,32,17,7,2,1,0
29,1,19,5,5232,16,0,40,2,1,0
27,1,19,5,8212,24,0,40,1,1,1
29,1,21,1,5538,217,0,10,2,6,0
47,1,22,1,183,4,0,40,1,1,1
39,3,21,1,2193,13,1,40,2,1,0
26,1,21,5,1280,5,13,40,2,1,0
46,1,16,1,825,9,0,40,1,1,1
18,1,16,5,4085,25,2,13,1,1,0
40,1,21,1,824,15,0,40,2,1,0
19,1,19,5,3694,22,2,14,2,1,0
63,1,18,1,5256,16,1,40,2,1,0
48,1,21,1,209,4,0,40,1,1,1
53,1,16,5,7875,17,0,40,1,1,1
58,1,19,1,4696,18,0,40,1,1,1
60,1,17,3,5490,21,0,40,2,1,0
51,1,16,1,4949,6,0,40,2,1,0
20,1,14,5,4602,12,2,13,2,1,0
27,1,21,5,5967,40,0,40,2,1,0
51,1,11,1,6272,294,0,40,1,1,0
30,1,21,5,3615,43,13,40,2,1,0
23,1,19,5,4759,9,17,8,1,1,0
45,1,21,1,266,13,1,50,1,1,1
63,1,21,1,2316,18,1,9,2,1,0
19,1,19,5,4710,15,16,12,2,1,0
61,1,20,1,2431,37,1,12,2,1,0
32,1,21,1,2459,9,1,40,2,1,0
42,1,19,1,5798,21,0,40,2,1,0
38,1,19,5,6247,6,13,40,1,1,1
27,1,17,3,4188,33,15,40,2,1,0
23,1,19,1,6366,38,0,40,2,1,0
20,1,14,5,4648,36,2,13,2,1,0
34,1,21,5,150,197,13,40,1,6,1
19,1,19,5,2208,38,17,13,1,1,0
39,1,19,1,5541,3,0,40,1,1,0
30,1,21,1,6034,18,1,40,1,1,0
33,1,19,3,5540,39,0,14,2,1,0
38,1,21,1,1456,36,0,40,1,1,1
33,1,21,5,63,38,0,40,2,1,1
43,1,7,5,7806,3,0,40,1,1,1
21,1,16,5,5021,7,2,40,2,1,0
32,1,18,1,6234,38,1,40,2,1,0
23,1,17,5,4164,40,2,40,1,1,0
45,1,21,3,4941,5,0,40,1,1,1
21,1,16,5,4293,23,15,10,1,1,0
50,1,16,1,7645,229,0,60,1,6,1
49,1,21,1,373,4,0,40,1,1,1
49,1,19,1,212,20,0,40,1,1,1
40,1,17,5,7947,37,0,40,1,1,1
40,1,21,1,2559,39,1,40,2,1,0
32,1,21,1,1449,39,0,40,1,1,1
49,1,21,1,73,34,1,40,1,1,1
31,1,21,5,5275,5,0,40,2,1,0
24,1,16,1,5054,23,0,40,2,1,0
48,1,21,1,162,6,0,50,1,1,1
32,1,21,3,1061,43,0,40,1,1,0
30,1,21,1,5131,38,10,40,2,1,0
27,1,21,1,2384,7,10,40,1,1,0
67,1,19,3,5746,29,0,40,1,1,1
52,1,16,1,6263,38,1,40,1,1,1
37,1,22,1,2866,39,1,40,1,1,1
51,1,19,1,395,212,1,40,1,6,1
53,1,19,3,5963,37,0,40,1,1,1
53,1,16,1,7828,34,0,40,1,1,1
32,3,22,1,2542,41,0,40,2,1,0
18,2,21,5,2070,42,16,10,2,1,0
53,1,19,1,402,34,1,40,1,1,1
29,1,21,5,2462,31,0,40,2,1,1
36,1,21,1,1330,41,0,40,1,1,1
19,2,19,5,2110,40,17,12,2,1,0
25,1,21,5,1500,5,13,40,1,1,0
57,1,21,1,3121,23,0,40,2,1,0
57,1,20,1,5188,37,0,40,2,1,0
51,1,16,1,556,33,1,40,1,1,1
50,1,16,1,5038,2,1,40,1,1,1
50,1,19,1,5788,11,1,6,2,1,0
22,1,16,5,4255,6,2,40,2,6,0
31,1,16,5,5455,5,0,40,1,1,0
25,1,22,5,2494,5,13,40,1,6,1
48,1,21,1,1158,35,0,40,1,1,1
40,1,19,1,6214,16,1,40,1,1,0
52,1,16,1,5614,37,1,40,1,1,0
44,1,16,1,7843,9,0,40,1,1,1
37,1,16,1,9273,31,1,40,1,1,0
23,1,19,5,2471,39,2,13,2,1,0
33,1,19,5,7292,36,0,40,1,1,1
26,1,19,1,5501,12,16,40,1,1,0
62,1,18,1,5407,25,0,40,1,1,0
48,1,16,5,7042,19,0,40,1,1,1
27,1,18,1,5818,16,0,12,2,1,0
32,1,21,1,3233,6,0,40,2,1,0
29,1,19,3,6287,51,0,40,1,1,0
45,1,21,1,3168,27,1,40,2,1,1
19,1,16,5,4083,8,2,40,1,1,0
35,1,21,1,1439,207,0,40,2,6,0
28,1,21,5,3458,11,13,40,2,1,1
55,1,18,1,9014,26,0,40,1,1,1
39,1,16,1,9488,40,0,40,1,1,0
25,1,16,5,4108,41,13,40,1,1,0
53,1,19,3,319,34,0,40,1,1,1
55,1,19,5,4242,42,0,40,2,1,0
46,1,17,5,5423,5,0,40,2,1,0
74,1,19,3,4927,42,0,11,2,1,0
30,1,21,1,2091,3,0,40,2,1,0
29,1,16,3,9475,48,0,40,1,1,0
60,1,21,3,2416,28,0,40,2,1,0
29,1,21,1,2538,4,1,40,2,1,0
47,1,21,1,186,41,0,50,1,1,1
49,1,19,5,5950,314,13,40,1,1,1
34,1,21,1,1109,4,0,40,1,1,1
29,1,16,5,5934,45,16,40,1,1,0
28,1,16,1,5747,47,1,40,2,1,0
26,1,16,5,4164,5,0,40,2,1,0
64,1,16,1,4043,44,1,30,2,1,0
53,7,21,1,82,37,0,50,1,1,1
43,1,21,1,1807,18,1,40,1,1,1
26,1,22,5,1741,37,17,40,1,1,0
42,1,22,1,138,39,1,50,1,1,1
63,1,21,5,2998,23,0,40,2,1,0
48,1,19,1,6276,4,1,40,2,1,0
60,1,16,1,5393,18,0,40,2,1,0
25,1,21,5,2383,41,0,12,2,1,0
29,1,16,1,5979,17,0,40,1,1,0
26,1,19,1,2797,39,1,12,2,1,0
29,1,21,5,5305,6,0,40,2,1,0
31,1,21,1,6488,312,9,40,2,1,0
29,1,21,5,810,29,0,40,2,1,1
47,1,21,1,548,38,0,40,1,1,1
42,1,21,5,3187,19,0,40,2,1,1
31,1,10,5,4275,307,2,40,1,8,0
23,1,17,3,4169,17,9,40,2,1,0
51,1,21,3,181,10,0,40,1,1,1
28,1,16,5,8959,28,13,40,1,1,0
56,1,16,1,4199,23,1,9,2,1,0
21,1,13,5,4003,330,2,40,2,6,0
27,1,21,1,2437,39,0,8,2,1,0
31,1,21,5,2721,34,13,40,1,1,0
19,1,16,5,4606,34,2,18,2,1,0
57,1,20,1,3396,40,0,34,2,1,0
30,1,16,5,5919,21,0,40,1,1,0
26,1,19,3,5550,20,15,40,1,1,0
21,1,19,5,5835,37,2,40,1,1,0
46,1,21,5,1126,41,0,40,1,1,1
57,1,16,1,492,37,1,50,1,1,1
58,1,8,1,4905,15,1,40,2,1,0
43,1,21,1,835,35,0,40,1,1,1
40,1,21,3,5706,40,0,40,2,1,1
28,1,19,3,859,26,13,40,1,1,1
59,1,16,1,5636,28,1,13,2,1,0
25,1,21,5,5002,39,0,40,1,1,0
47,1,16,5,8940,9,0,40,1,1,0
60,1,16,1,5347,21,1,40,2,1,0
49,1,21,1,675,6,0,50,1,1,1
26,1,21,5,2199,40,2,12,2,1,0
52,1,16,1,7720,28,0,40,1,1,1
47,1,21,1,577,9,0,40,1,1,1
45,1,19,3,144,5,0,40,1,1,1
19,1,19,5,2660,55,16,11,1,1,0
66,1,21,1,3283,22,0,40,2,1,1
54,1,20,3,233,30,0,40,2,1,1
47,1,19,1,6284,9,1,40,2,1,0
44,1,21,1,332,218,0,40,1,6,1
44,1,16,1,5891,290,1,40,2,8,0
73,1,18,1,3895,16,1,8,2,1,0
49,1,22,3,632,9,13,40,2,1,1
22,1,21,5,2561,12,17,40,2,1,0
54,1,19,1,5422,14,1,40,2,1,0
30,1,19,1,5935,10,0,40,1,1,0
51,1,18,1,5942,40,1,40,1,1,0
56,1,21,1,3857,38,1,40,2,1,0
32,1,21,1,4865,6,0,40,1,1,0
37,3,21,1,2251,11,1,40,2,1,0
27,1,22,5,2354,39,2,40,2,1,0
53,1,19,1,5168,41,1,40,1,1,0
38,2,21,1,2110,40,1,11,2,1,0
57,1,16,3,7482,41,0,40,1,1,1
47,1,21,3,1042,37,0,40,2,1,1
28,1,16,5,6588,45,0,40,2,1,0
24,1,16,5,6023,24,13,40,1,1,0
22,1,14,5,4034,1,2,37,2,1,0
54,1,16,1,6426,33,1,40,1,1,1
51,1,16,1,5221,310,1,40,2,1,0
63,1,16,1,6958,27,0,40,1,1,1
27,1,16,5,4165,41,0,30,2,1,0
44,1,21,1,2823,11,1,40,1,1,1
42,1,21,3,1124,21,0,40,1,1,1
60,1,19,1,195,18,0,40,1,1,1
46,1,21,3,650,32,0,50,1,1,1
42,1,17,1,9023,11,0,40,1,1,0
57,1,20,1,5316,27,1,40,1,1,1
43,1,19,5,4922,5,13,40,1,1,1
21,1,19,5,4734,22,2,13,2,1,0
19,1,19,5,4598,32,2,12,2,1,0
56,1,16,3,161,39,0,50,1,1,1
21,1,14,5,4288,317,16,40,1,8,0
23,1,19,3,2335,39,9,34,2,1,0
52,1,16,1,5977,5,1,40,2,1,0
17,1,18,5,4188,6,17,9,1,1,0
48,1,16,5,6128,42,0,40,2,1,0
57,1,21,1,3100,17,0,40,2,1,1
33,1,21,1,3122,5,1,40,2,1,0
39,1,21,1,860,10,1,40,1,1,1
33,1,21,1,676,38,0,40,1,1,1
52,1,18,3,5273,23,0,33,2,1,0
27,1,20,1,1981,38,1,8,2,1,0
52,1,17,5,6467,23,0,40,1,1,1
29,1,16,1,4740,27,10,40,2,1,0
58,1,16,1,317,20,0,40,1,1,1
59,1,21,1,3300,20,0,31,2,1,0
33,1,21,5,3265,45,0,40,2,1,0
45,1,16,1,7993,35,0,40,1,1,1
57,1,21,1,541,21,1,40,2,1,1
51,1,19,1,4977,223,0,40,2,1,0
27,1,16,1,4116,7,1,9,2,1,0
58,1,19,1,5351,40,0,40,2,1,0
39,1,21,1,1365,215,0,40,1,6,0
60,1,16,1,5942,41,0,40,1,1,0
25,1,16,3,4114,38,0,12,2,1,0
47,1,22,1,2584,38,1,40,2,1,1
30,1,16,1,4206,37,10,40,1,1,0
42,1,21,1,799,38,0,40,1,1,1
18,1,19,5,4525,7,17,8,1,1,0
56,1,16,3,22,40,0,50,1,1,1
44,1,10,1,7689,297,0,50,1,1,1
39,1,21,1,4736,226,0,40,2,6,0
51,1,22,1,3312,7,1,40,2,1,1
23,1,21,5,2112,34,0,40,2,1,1
48,1,16,3,7393,209,0,40,1,8,1
23,1,19,5,5910,9,0,40,2,1,0
36,1,16,5,7974,6,0,40,1,1,1
29,1,19,3,6095,1,0,40,1,1,0
45,1,21,1,3396,24,1,40,2,1,1
38,1,21,1,5065,36,1,40,2,1,0
31,1,19,1,5455,39,1,40,2,1,0
34,1,20,5,5574,42,0,40,2,1,1
21,1,13,5,3954,18,2,40,1,1,0
41,1,21,1,325,37,0,40,2,1,1
35,1,21,1,1231,35,1,40,1,1,1
43,1,19,5,5918,34,0,40,1,1,0
49,1,18,3,5039,39,0,40,1,1,1
18,1,19,5,4610,29,2,12,1,1,0
24,1,14,5,4306,304,16,40,1,8,0
63,1,16,3,4793,13,0,40,2,1,0
53,1,16,1,342,12,0,50,1,1,1
28,1,21,5,2203,29,2,40,1,1,1
27,1,17,3,4098,32,16,40,1,1,0
43,1,19,1,5062,233,0,40,2,6,0
43,1,21,1,912,6,1,40,1,1,1
22,1,10,5,3946,22,17,12,1,1,0
48,1,19,5,5296,38,0,40,1,1,1
48,1,21,1,1156,1,1,50,1,1,1
64,2,21,1,2386,28,0,11,2,1,0
47,1,17,1,7881,39,0,40,1,1,1
55,1,16,1,7353,31,1,40,1,1,1
31,1,19,1,5210,321,0,40,2,1,0
32,1,21,1,2242,7,10,14,2,6,0
20,1,16,5,4144,50,17,9,2,1,0
46,1,19,1,5925,221,1,40,1,1,1
55,1,16,1,5720,20,0,40,1,1,1
20,1,19,5,4682,29,2,10,2,1,0
45,1,22,5,10,2,0,40,1,6,1
25,1,8,5,4142,40,17,40,1,1,0
27,1,16,5,7350,21,0,40,1,1,0
26,1,21,5,5005,5,0,40,1,1,0
49,1,19,1,5950,310,0,16,2,1,0
19,1,19,5,4747,7,2,7,2,1,0
25,1,16,5,4127,214,2,17,2,6,0
61,1,19,1,5803,26,0,40,1,1,1
30,1,19,5,5419,35,13,40,1,1,0
30,1,18,1,5208,306,1,40,1,1,0
23,1,19,5,5150,21,13,40,2,1,0
40,1,21,5,777,5,0,40,1,1,1
25,1,16,3,4040,27,0,40,2,1,0
56,1,19,3,7542,20,0,50,1,1,1
19,1,19,5,2564,24,17,15,2,1,0
44,1,21,1,712,30,0,50,1,1,1
58,1,19,1,4441,25,0,40,1,1,1
41,1,21,1,1115,33,0,40,1,1,1
59,1,20,3,222,23,0,40,2,1,1
28,1,16,5,4240,7,16,40,1,1,0
32,1,19,1,5437,6,1,40,2,1,0
63,2,21,1,1999,38,0,40,2,1,0
59,1,16,3,3988,13,0,40,2,1,0
27,1,19,5,7522,17,13,40,1,1,0
26,1,22,5,3066,9,13,40,2,1,1
48,1,21,1,260,27,1,40,1,1,1
45,1,21,1,64,39,0,40,1,1,1
47,1,20,1,3484,9,1,15,2,1,0
31,1,16,1,5883,307,0,40,1,1,0
38,2,21,1,2212,7,1,40,2,1,1
57,1,16,1,5185,13,0,40,2,1,0
21,1,18,5,4142,20,17,7,1,1,0
52,1,21,1,806,35,1,50,1,1,1
43,1,11,1,4087,312,10,40,2,1,0
48,1,19,1,7084,29,1,40,1,1,1
60,1,19,1,5148,26,1,40,1,1,0
47,1,19,1,190,19,1,40,1,1,1
29,1,21,1,1347,43,0,40,1,1,1
20,1,16,5,6129,22,2,40,1,1,0
24,1,16,5,4102,317,0,40,2,1,0
43,1,16,1,3935,48,1,14,2,1,0
18,1,8,5,6700,45,15,6,1,1,0
56,1,16,1,6309,20,0,40,1,1,0
30,1,19,1,5564,23,0,40,2,1,0
36,1,19,3,4790,34,0,40,2,1,0
51,1,19,1,157,17,0,50,1,1,1
26,1,20,1,5078,35,1,9,2,1,0
43,1,16,1,7884,35,0,40,1,1,0
41,1,21,1,2308,22,1,40,2,1,1
32,1,21,1,2527,6,1,40,2,1,1
30,1,14,5,4202,42,0,12,2,1,0
47,1,21,3,10,23,0,50,1,1,1
35,1,21,5,594,209,0,50,1,6,1
26,1,19,5,4692,42,0,30,2,1,0
52,1,21,1,4534,27,1,40,1,1,1
43,1,16,1,5365,216,1,40,1,6,0
28,1,11,1,4288,303,10,40,1,6,0
35,1,21,1,5566,7,0,40,2,1,0
46,1,21,3,204,36,0,50,1,1,1
25,1,14,5,3889,307,0,40,2,1,0
55,1,16,1,4011,40,1,40,2,1,0
60,1,21,1,412,38,0,40,2,1,1
33,1,21,1,948,6,1,40,1,1,1
26,1,16,3,3916,40,0,31,2,1,0
57,1,16,1,4193,31,0,40,2,1,0
42,1,21,1,10,5,1,40,1,1,1
20,1,16,5,4706,18,2,14,2,1,0
42,1,21,1,3806,30,1,40,2,1,1
23,1,16,1,5236,41,0,40,2,1,0
40,1,21,1,863,225,0,40,1,6,1
33,1,21,5,5500,11,13,40,2,1,0
49,1,16,1,5525,42,0,40,1,1,0
26,1,21,1,2646,1,0,40,2,1,0
40,3,22,1,2435,39,1,40,2,1,1
20,1,19,5,4799,7,2,11,2,1,0
25,3,21,5,2142,10,2,14,2,1,0
32,1,20,1,4986,37,1,40,2,1,0
59,1,20,1,419,18,1,40,1,1,1
28,1,21,1,1105,43,0,40,2,1,0
25,1,14,5,4155,6,2,40,1,1,0
37,1,21,1,5655,39,1,40,1,1,1
56,1,16,1,6163,7,0,40,2,1,0
41,1,21,1,4696,16,0,40,1,1,1
51,1,18,1,148,232,0,40,1,1,1
47,1,9,1,4150,314,1,40,2,8,0
43,1,19,1,4867,237,0,40,1,6,1
48,1,19,1,6210,37,0,40,2,1,1
61,1,16,3,3739,42,0,15,2,1,0
46,1,21,1,1682,4,1,40,1,1,1
35,2,21,1,2027,17,1,40,2,1,0
43,1,21,1,5986,34,0,40,1,1,0
17,1,9,5,4274,37,16,5,1,1,0
56,1,21,1,2433,23,1,9,2,1,0
39,2,21,1,2007,19,1,40,2,1,1
25,1,19,5,5014,36,13,40,2,1,0
30,3,22,1,2442,39,0,9,2,1,0
49,1,21,1,119,12,1,40,1,1,1
23,1,21,5,2426,40,17,14,2,1,0
45,1,20,3,5831,38,13,40,1,1,1
45,1,19,1,6274,1,0,40,1,1,1
40,3,21,1,2493,39,0,40,2,1,0
23,1,19,5,4610,10,17,13,1,1,0
19,1,19,5,4841,42,2,7,1,1,0
53,1,16,1,6190,31,1,40,2,1,1
56,1,21,1,201,6,0,40,1,1,1
20,1,16,5,4626,32,2,12,2,1,0
24,1,21,5,3335,26,12,40,2,1,0
22,1,21,5,2373,4,2,13,2,1,0
29,1,16,3,5478,48,0,40,2,1,0
29,1,18,3,3955,30,0,40,2,1,0
23,1,16,5,4024,27,0,40,2,1,0
29,1,21,5,2205,228,0,40,2,6,0
70,2,21,3,3084,28,0,35,2,1,0
48,1,19,1,129,7,1,40,1,1,1
30,1,19,5,5299,37,0,40,2,1,0
38,1,20,1,5793,36,1,40,2,1,1
56,1,18,3,6360,37,0,40,1,1,1
24,1,16,5,5613,12,13,40,1,1,0
24,1,18,5,3921,4,13,30,2,1,0
36,1,21,1,2175,13,1,40,1,1,1
51,1,19,3,359,32,0,40,1,1,1
40,1,19,1,6407,18,1,40,1,1,1
42,3,21,1,2356,37,0,40,2,1,1
54,1,21,1,190,36,0,40,1,1,1
40,1,21,1,1533,34,0,40,1,1,1
29,1,19,5,6132,38,0,40,1,1,0
58,1,20,1,3025,30,0,40,2,1,0
17,1,14,5,4226,6,2,11,1,1,0
31,1,16,5,5741,9,0,40,2,1,0
59,1,16,1,7505,25,0,40,1,1,1
55,1,19,3,5876,26,0,40,2,1,1
26,1,21,5,2252,36,0,40,2,1,0
41,1,16,1,6110,314,1,40,1,1,0
51,1,19,1,6869,41,0,50,1,1,1
47,1,21,1,10,35,1,50,1,1,1
54,1,18,1,8685,37,1,40,1,1,1
54,1,21,1,10,24,1,50,1,1,1
60,1,19,1,159,11,1,40,1,1,1
45,1,18,5,5666,44,13,40,1,1,1
27,1,16,5,6194,32,0,40,1,1,0
54,1,16,3,8501,33,0,50,1,1,1
18,1,14,5,9220,30,2,8,1,1,0
54,1,16,1,5810,22,1,40,1,1,0
53,1,19,1,4750,39,1,40,2,1,1
39,1,21,1,533,37,1,40,1,1,1
47,1,22,1,116,38,0,40,1,1,1
47,1,21,1,176,4,1,40,1,1,1
39,1,19,1,6398,36,0,40,1,1,1
36,1,16,1,5270,3,0,40,2,1,0
75,2,21,1,2969,37,1,40,1,1,1
50,1,10,5,7992,298,0,40,1,1,1
45,1,21,5,103,39,0,40,1,1,1
47,1,19,3,221,8,0,40,1,1,1
45,1,19,5,6038,9,0,40,2,1,0
65,2,21,1,3338,3,0,33,2,1,0
34,1,21,1,4913,1,1,40,2,1,0
54,1,19,1,5170,22,1,40,2,1,0
52,1,10,3,9467,326,13,40,1,1,1
20,1,14,5,4134,6,16,10,1,8,0
58,1,16,1,4150,27,0,12,2,1,0
39,2,21,3,2508,35,0,13,2,1,0
30,1,19,1,5614,4,0,14,2,1,0
19,1,19,5,2367,35,2,14,2,1,0
33,3,21,1,2680,21,0,40,1,1,1
24,1,16,1,5998,17,1,40,2,1,0
42,1,16,1,4397,7,0,40,2,1,0
17,1,14,5,4673,20,2,5,2,1,0
44,1,19,1,7735,21,0,40,1,1,1
26,1,21,5,2248,38,0,40,2,1,0
50,1,16,1,7347,38,0,50,1,1,1
18,1,19,5,4778,50,2,6,2,1,0
22,1,19,5,5804,10,2,40,1,1,0
57,1,18,1,5842,33,1,40,2,1,0
37,1,21,1,6123,22,0,40,1,1,0
41,1,22,1,2260,201,0,40,2,6,1
45,1,16,1,413,13,1,50,1,1,1
72,1,19,3,5206,24,0,5,2,1,0
30,3,21,1,2359,32,10,11,2,1,0
23,1,19,5,4660,28,2,40,1,1,0
23,1,16,5,3899,3,2,40,2,1,0
55,1,16,1,5746,37,1,40,1,1,0
46,1,16,5,6227,6,13,40,2,1,0
61,1,19,3,5691,22,0,40,2,1,0
56,1,16,3,6278,25,0,40,1,1,0
48,1,21,3,3676,40,0,40,2,1,1
23,1,19,1,5130,40,0,40,2,1,0
53,1,16,3,326,7,0,40,1,1,1
23,1,19,1,2354,7,0,14,2,1,0
32,1,21,1,3264,40,1,40,1,1,1
23,1,16,5,5522,37,2,40,2,1,0
28,1,19,5,6332,5,13,40,1,1,0
25,1,21,5,924,9,2,40,1,1,0
25,1,19,5,5813,14,13,40,1,1,0
25,1,19,1,5883,36,0,9,2,1,0
62,1,18,1,5061,37,1,40,1,1,0
53,1,19,1,153,33,0,40,1,1,1
60,1,20,1,3437,24,0,40,2,1,1
36,1,21,1,5400,46,0,40,2,1,0
36,1,17,5,5897,40,13,40,2,1,0
40,1,12,1,6459,316,1,40,1,1,0
31,3,22,1,2373,8,0,40,2,1,0
27,1,21,3,2000,8,0,40,2,1,0
49,1,18,1,6124,1,1,40,1,1,0
21,1,16,5,4303,19,17,11,1,1,0
21,1,16,5,4701,20,2,40,1,1,0
28,1,19,3,4354,41,16,40,1,1,0
41,1,21,1,628,244,1,40,1,6,1
59,1,20,1,3701,21,0,40,2,1,0
35,1,20,1,5148,49,9,40,2,1,0
31,1,16,3,9347,10,2,40,1,1,0
17,1,14,5,3970,49,2,9,1,1,0
38,1,22,1,937,35,1,50,1,1,1
57,1,16,1,3895,21,9,40,2,1,0
39,1,21,1,3187,4,1,40,2,1,0
59,1,16,1,4202,37,1,40,2,1,0
19,1,19,5,2165,49,2,14,2,1,0
23,1,16,5,4556,26,17,33,2,1,0
54,1,16,5,9352,331,0,40,1,1,1
62,1,19,1,6112,26,1,40,2,1,0
48,1,11,1,4078,305,1,40,2,1,0
57,1,19,1,5575,34,0,40,2,1,1
17,1,19,5,2690,57,2,11,1,1,0
28,1,19,5,5623,7,0,40,2,1,0
18,1,16,5,4227,12,2,10,1,1,0
54,1,16,1,4062,27,1,12,2,1,0
59,1,19,1,218,43,0,40,1,1,1
27,1,19,5,5821,5,2,40,2,6,0
28,1,19,3,3627,36,0,35,2,1,0
19,1,19,5,5168,5,2,40,1,1,0
45,1,22,1,159,38,0,40,1,1,1
26,1,21,5,1176,21,13,40,1,1,0
41,1,21,1,4990,21,0,40,1,1,1
31,1,21,5,601,43,0,40,1,1,1
29,1,21,1,3204,7,1,40,2,1,0
34,1,16,5,7801,4,0,40,1,1,1
51,3,22,1,2440,39,1,7,2,1,0
19,1,16,5,4163,5,2,40,1,1,0
33,1,21,1,1015,26,1,40,1,1,1
39,1,21,1,4541,13,1,40,1,1,0
49,1,19,3,5674,23,0,40,1,1,1
58,1,20,1,223,35,1,40,2,1,1
51,1,22,1,169,22,1,50,1,1,1
48,1,22,1,3062,36,0,40,1,1,1
60,1,16,1,2413,18,1,14,2,1,0
62,1,19,1,4878,38,0,40,2,1,0
61,1,19,3,5394,30,0,40,2,1,0
52,1,16,3,188,34,0,40,1,1,1
59,1,19,1,521,15,0,40,1,1,1
23,1,16,5,3941,56,17,17,1,1,0
25,1,21,5,3144,39,0,40,2,1,0
41,1,16,1,5881,301,1,40,2,1,0
52,1,16,1,7863,35,1,40,1,1,1
35,1,19,1,7621,3,1,40,1,1,1
35,1,19,5,5054,7,0,40,1,1,1
44,3,21,3,2299,36,0,40,2,1,1
57,1,16,1,5761,38,1,40,2,1,0
43,1,22,1,2679,5,0,40,1,1,1
28,1,21,5,3279,34,13,40,2,1,0
72,2,22,1,2247,6,0,40,2,1,1
17,1,19,5,4627,36,17,10,2,1,0
20,1,16,1,4140,306,10,40,2,8,0
23,1,19,5,5005,35,13,40,1,1,0
19,1,18,5,4564,13,16,40,1,1,0
65,1,16,1,4040,37,0,11,2,1,0
37,1,21,1,1011,37,1,40,1,1,1
21,1,21,5,2458,22,16,9,1,1,0
58,1,19,1,6322,24,0,40,1,1,1
61,1,17,1,6103,26,1,40,1,1,0
30,1,21,5,5978,39,13,40,1,1,0
53,1,21,5,541,330,0,40,1,6,1
28,1,21,1,2260,39,0,40,2,1,0
18,1,14,5,4130,4,2,14,1,1,0
23,2,21,5,2128,34,0,40,2,1,0
31,1,21,1,6661,36,0,40,1,1,0
53,1,20,5,281,18,0,40,2,1,1
30,1,21,1,2380,26,10,40,1,1,0
33,3,21,1,2213,15,1,40,2,1,0
35,1,21,1,3097,20,1,40,1,1,1
39,1,22,1,1085,36,0,40,1,1,1
47,1,2,1,5186,288,0,40,1,1,0
47,1,21,1,105,37,1,50,1,1,1
27,1,19,5,5491,32,0,40,2,1,0
28,1,21,5,1762,27,0,40,1,1,1
58,1,21,1,3102,28,1,40,2,1,1
21,1,17,5,4133,5,13,40,2,1,0
46,1,16,3,571,45,0,40,1,1,1
28,1,19,1,4356,10,0,40,1,1,0
46,1,16,1,3995,36,1,14,2,1,0
33,1,21,5,2191,31,0,7,2,1,0
49,1,18,1,10,37,0,40,1,1,1
33,1,21,1,391,41,0,40,1,1,1
56,1,16,1,5967,42,0,40,1,1,0
37,1,21,5,839,35,0,40,1,1,1
26,1,16,5,9275,51,16,40,1,1,0
24,1,19,5,4907,37,2,40,2,1,0
43,1,16,1,5182,233,0,40,1,6,0
28,1,17,5,4161,43,2,40,2,1,0
39,1,21,1,2350,20,0,40,2,1,0
57,1,18,1,4994,39,0,40,2,1,0
50,1,21,5,5272,6,0,40,2,1,1
47,1,16,5,5769,34,0,40,1,1,0
41,1,21,1,5705,21,0,40,2,1,0
56,1,19,1,5805,15,0,40,1,1,1
18,1,19,5,4670,52,16,9,2,1,0
54,1,19,1,5982,41,0,40,1,1,1
33,1,19,3,5369,23,0,7,2,1,0
29,1,16,1,3902,24,0,40,2,1,0
44,1,16,1,4036,298,0,40,2,6,0
42,1,21,1,945,28,0,40,1,1,1
30,1,20,1,5668,7,1,40,2,1,0
26,1,19,5,5415,219,13,40,2,6,0
57,1,16,1,7557,13,0,40,1,1,1
48,1,19,1,148,34,0,40,1,1,1
29,1,16,1,4092,312,1,40,2,1,0
29,1,19,5,5735,37,13,40,1,1,0
48,1,19,5,6604,34,0,40,1,1,1
24,1,21,5,2415,34,13,40,2,1,0
58,1,21,1,3544,24,1,40,2,1,0
55,1,16,1,6460,34,1,40,1,1,1
43,1,21,1,391,41,1,40,1,1,1
19,1,19,5,4791,3,17,34,2,1,0
19,1,19,5,4765,21,2,10,2,1,0
54,1,19,1,5522,14,1,40,2,1,0
57,1,16,1,6607,19,0,40,1,1,0
26,1,16,1,4070,28,9,40,2,1,0
31,1,21,5,1380,8,13,40,2,1,1
50,1,16,1,4221,319,1,40,2,1,0
29,1,21,1,5565,5,1,40,2,1,0
35,1,21,1,784,6,1,40,1,1,1
57,1,16,1,9326,39,0,40,1,1,1
30,1,19,1,4309,12,0,40,1,1,0
40,1,21,1,10,39,0,50,1,1,1
24,1,19,5,4897,12,2,40,1,1,0
34,1,21,1,1832,33,1,40,1,1,1
47,1,22,1,2228,37,1,40,2,1,1
22,1,19,5,4648,4,12,6,1,1,0
26,1,16,5,4002,307,2,40,1,6,0
31,1,19,1,6633,40,1,40,2,1,0
49,1,19,1,5852,38,1,40,1,1,1
19,1,14,5,6917,40,2,40,1,1,0
52,1,16,1,5734,34,0,40,1,1,1
33,1,21,1,2201,18,1,40,2,1,0
34,1,19,5,5378,6,0,40,1,1,1
33,1,19,5,5381,38,0,40,2,1,0
32,1,21,3,1345,20,0,40,1,1,0
27,1,19,3,5233,20,0,11,2,1,0
60,1,19,3,5101,43,0,40,1,1,0
61,1,17,1,4093,18,1,40,2,1,0
21,1,19,5,4763,50,2,11,2,1,0
59,1,18,5,5942,10,0,40,1,1,1
30,1,17,3,4212,32,0,40,1,1,0
30,1,21,1,4678,5,0,40,2,1,0
20,1,19,5,2109,7,16,14,2,1,0
53,1,19,1,5210,9,0,40,1,1,1
28,3,21,5,2276,35,2,9,2,1,0
60,1,19,1,5812,35,1,40,2,1,0
45,1,18,3,299,222,0,40,1,6,1
59,1,16,1,8876,12,0,40,2,1,0
32,1,16,3,8934,40,0,40,1,1,0
31,1,21,5,1471,39,0,40,1,1,1
21,1,14,5,4468,34,16,10,1,1,0
26,1,21,5,2358,6,2,11,2,1,0
48,1,22,3,276,6,0,40,1,1,1
49,1,17,1,5073,35,1,40,1,1,0
47,1,19,1,4920,213,0,40,1,6,0
24,1,19,5,6166,21,13,40,1,1,0
31,1,21,5,739,38,0,40,2,1,1
34,1,22,1,1167,22,0,40,1,1,1
61,1,18,5,5677,44,0,40,2,1,0
26,3,21,1,2398,28,0,5,2,1,0
20,1,16,5,4272,4,2,40,1,8,0
41,1,16,5,6464,37,13,40,1,1,0
62,1,19,1,65,44,1,40,1,1,1
52,1,19,3,5483,3,0,40,1,1,1
39,1,21,1,1053,38,1,40,1,1,1
32,1,16,1,4036,5,1,13,2,1,0
45,1,19,3,6036,11,0,40,1,1,1
30,1,21,1,1948,6,1,7,2,1,0
32,1,19,1,5639,38,1,40,2,1,0
23,1,19,5,2382,24,2,8,2,1,0
70,2,21,1,3305,21,1,33,2,1,0
24,1,21,5,5697,210,17,40,1,6,0
51,1,21,1,424,248,1,40,2,6,1
37,1,21,1,3262,19,1,40,1,1,1
40,3,21,1,2362,26,0,40,1,1,1
47,1,21,1,2779,9,1,40,2,1,0
59,1,16,1,4649,20,0,34,2,1,0
34,2,22,1,2184,31,0,40,2,1,0
46,1,21,1,379,18,1,40,1,1,1
27,2,21,5,2125,17,0,15,2,1,0
55,1,16,3,6474,39,0,40,1,1,1
18,1,19,5,2621,26,2,9,1,1,0
25,1,21,5,5553,38,2,40,2,1,0
28,1,19,5,5584,22,0,40,2,1,0
30,1,21,5,1254,21,0,40,1,1,1
17,1,12,5,4024,216,16,9,1,6,0
26,1,16,1,4144,25,1,9,2,1,0
64,1,16,1,5963,44,0,40,1,1,1
31,2,21,5,1847,6,0,40,2,1,1
28,1,11,1,4147,47,1,40,2,1,0
26,1,21,5,2300,36,0,40,2,1,1
24,1,16,5,5118,11,0,40,2,1,0
71,3,22,1,2386,44,0,7,2,1,0
44,1,22,1,271,13,0,50,1,1,1
46,1,21,1,586,44,0,40,1,1,1
42,1,16,1,5464,208,1,40,1,6,1
43,1,16,1,6793,5,1,40,1,1,1
49,1,16,3,532,298,0,40,1,1,1
60,1,21,1,3257,40,0,40,2,1,0
70,2,21,1,2959,33,0,40,1,1,1
47,1,12,1,6062,323,0,40,1,1,0
49,1,8,1,8732,36,1,40,2,1,0
24,1,19,5,5758,51,12,40,1,1,0
49,1,16,1,326,4,0,40,1,1,1
39,1,21,1,5191,7,0,40,1,1,0
44,1,19,1,5294,33,0,40,2,1,0
45,1,21,1,468,39,1,50,1,1,1
49,1,19,1,5544,17,0,40,1,1,0
56,3,21,1,2431,25,1,40,2,1,1
31,1,21,5,478,45,13,40,2,1,1
64,1,16,1,5942,38,0,40,2,1,0
40,1,21,3,4251,13,0,40,2,1,0
25,1,21,5,3242,14,0,40,2,1,0
37,1,21,1,5793,26,0,40,1,1,0
27,1,21,5,5359,21,0,40,2,1,0
62,1,16,1,5367,21,0,40,2,1,0
23,2,21,3,3281,32,12,36,2,1,0
27,1,16,3,3892,25,0,40,2,1,0
24,1,21,5,1886,7,17,40,2,1,0
30,1,19,5,6396,18,0,40,1,1,1
28,1,19,5,5346,42,0,28,2,1,0
32,1,21,1,665,46,1,40,1,1,1
31,1,21,1,5895,50,1,40,2,1,0
51,1,21,3,993,40,0,50,1,1,1
73,2,21,1,3232,40,0,40,2,1,0
51,1,16,1,4076,309,1,40,2,6,0
49,1,21,1,649,19,1,40,1,1,1
25,1,21,5,905,8,0,40,2,1,0
54,1,19,1,137,41,0,40,1,1,1
40,1,8,1,4049,305,1,40,1,1,0
41,1,21,1,1399,24,1,40,1,1,0
27,1,19,5,4223,206,12,32,2,6,0
26,1,19,5,4768,37,13,34,2,1,0
48,1,21,3,338,34,0,40,1,1,1
39,3,21,1,2501,10,1,12,2,1,0
18,1,16,5,4268,318,4,40,1,8,0
28,1,16,5,4976,20,13,40,1,1,0
20,1,16,5,5713,38,17,40,2,1,0
44,1,19,5,5352,6,0,40,2,1,0
30,1,20,1,5888,38,1,40,2,1,0
57,1,16,1,3623,25,1,40,2,1,0
46,1,21,1,4940,7,1,40,2,1,1
37,1,18,5,6017,316,0,40,1,1,0
19,1,16,5,4115,6,2,14,2,1,0
25,1,21,5,2218,37,2,40,2,1,0
26,1,20,1,3175,21,0,11,2,1,0
53,1,16,1,5520,25,1,40,2,1,0
18,1,18,5,4723,54,2,14,2,1,0
44,1,22,1,371,9,1,40,1,1,1
67,3,21,1,2314,20,0,40,2,1,1
28,1,16,5,8808,34,0,40,1,1,0
62,1,18,1,6552,24,1,40,1,1,1
41,1,16,5,7917,2,0,40,1,1,1
49,1,22,3,57,24,0,40,1,1,1
56,1,19,1,5811,44,1,40,1,1,0
23,1,19,5,5178,10,13,40,2,1,0
59,1,9,1,4083,22,1,13,2,1,0
53,1,16,1,5942,41,0,40,1,1,1
25,1,21,5,5148,238,0,40,2,6,0
20,2,21,5,2589,28,17,12,1,1,0
25,1,19,5,4448,9,13,40,1,1,0
66,2,22,1,1954,27,0,10,2,1,0
27,1,14,3,5812,16,16,40,1,1,0
57,1,19,1,5649,39,0,40,1,1,1
29,1,21,1,2028,35,0,40,2,1,1
23,1,16,5,5801,38,2,40,1,1,0
23,1,16,5,4054,53,2,40,1,1,0
27,1,21,5,1025,213,0,40,1,6,1
48,1,20,1,5038,8,1,40,2,1,0
35,1,21,1,2108,7,1,10,2,1,0
33,1,21,5,571,18,0,40,1,1,1
24,1,16,3,4067,20,0,40,2,1,0
19,1,19,5,6470,17,17,40,1,1,0
27,1,12,5,5560,229,0,40,1,8,0
25,1,16,5,6800,36,0,40,1,1,0
51,1,16,1,238,6,0,40,1,1,1
47,1,21,1,19,31,0,50,1,1,1
21,1,18,5,5582,18,2,40,2,1,0
47,1,21,5,418,40,0,40,2,1,1
42,1,22,1,3083,8,1,40,2,1,1
21,1,18,5,4248,4,16,12,2,1,0
56,1,16,1,7986,28,0,40,1,1,1
32,1,21,5,335,30,0,40,1,1,1
48,3,21,1,2537,35,9,40,2,1,0
36,1,19,5,5479,38,13,40,1,1,1
30,1,19,3,6083,33,0,33,2,1,0
21,1,16,5,4200,23,16,40,2,1,0
43,1,16,1,5251,3,0,40,1,1,1
45,1,21,5,561,26,0,40,1,1,1
49,1,21,1,1224,4,0,50,1,1,1
46,1,19,1,5632,6,1,40,2,1,0
39,1,22,3,414,36,0,50,1,1,1
54,1,18,1,5484,21,1,40,2,1,0
37,1,16,1,7230,5,1,40,1,1,1
60,1,16,1,5398,43,1,40,2,1,0
21,1,16,5,4589,11,16,15,1,1,0
26,1,21,5,2363,7,12,40,2,1,0
54,1,19,1,289,12,1,40,1,1,1
45,1,22,5,43,9,0,40,2,1,1
52,1,16,1,6035,18,0,40,1,1,0
40,1,21,1,994,220,1,40,1,6,1
25,1,21,5,964,5,0,40,2,6,1
20,1,19,5,4728,19,17,4,1,1,0
35,1,21,5,4856,37,13,40,1,1,1
17,1,14,5,3945,312,2,10,1,6,0
40,1,16,1,6498,303,1,40,1,1,0
41,1,21,1,1313,231,1,40,1,6,1
56,1,19,1,5836,40,1,40,1,1,1
18,1,19,5,2520,39,2,11,2,1,0
33,1,21,1,5941,6,10,40,1,1,0
48,1,18,3,6973,10,0,40,1,1,1
54,1,20,5,399,14,0,40,1,1,1
41,1,21,1,640,24,1,40,1,1,1
48,1,21,1,4832,39,0,40,2,1,0
66,2,21,1,2375,42,0,11,2,1,0
60,1,16,1,5527,23,1,40,2,1,0
57,1,20,1,2079,31,1,11,2,1,0
28,1,21,1,2240,41,0,40,1,1,0
30,1,21,1,2152,43,0,40,2,1,0
61,1,16,1,320,20,0,40,1,1,1
23,1,19,5,5836,39,17,40,2,1,0
26,1,16,3,4109,5,10,40,2,1,0
26,1,21,5,3119,9,0,40,2,1,0
54,1,19,1,5473,40,0,40,1,1,1
41,1,21,1,2371,38,0,40,2,1,0
49,1,21,1,992,35,1,50,1,1,1
25,1,19,5,2540,35,2,13,2,1,0
65,1,16,1,6651,34,0,40,1,1,1
18,1,14,5,9830,20,17,17,1,1,0
55,1,19,1,4788,13,1,40,2,1,0
47,1,19,1,7640,33,1,50,1,1,1
36,1,19,1,7249,21,1,40,1,1,0
49,1,16,1,7946,11,1,50,1,1,1
44,1,19,5,5310,316,0,40,2,6,1
45,7,21,1,285,41,0,50,1,1,1
56,1,20,1,3205,39,1,40,2,1,1
21,1,16,5,4094,21,17,40,1,1,0
51,1,17,1,6115,5,0,40,1,1,1
25,1,21,5,5800,37,0,40,2,1,0
34,1,16,1,7831,296,1,40,1,1,0
41,1,21,5,568,21,0,40,1,1,1
52,1,16,1,5920,41,1,40,1,1,0
29,1,19,1,5711,22,0,30,2,1,0
27,3,22,3,2445,35,0,40,2,1,0
26,1,16,1,4023,30,0,40,2,1,0
28,1,19,5,6040,5,13,40,1,1,0
54,1,21,1,3367,9,0,40,2,1,1
17,1,16,5,4525,18,15,9,1,1,0
29,1,16,1,4097,302,1,40,2,8,0
29,3,21,3,2496,39,0,2,2,1,0
84,6,21,1,2513,36,0,12,2,1,0
44,3,21,1,2348,37,0,40,1,1,1
23,1,19,1,5677,3,0,40,2,1,0
67,1,21,1,2638,7,1,11,2,1,0
26,1,21,5,5547,15,2,40,1,1,0
44,1,19,1,6467,39,0,40,1,1,1
39,1,19,3,4565,24,0,40,1,1,1
50,1,19,1,6467,40,0,40,1,1,1
41,1,19,1,7692,238,0,40,1,6,1
61,2,22,1,1973,13,0,8,2,1,0
44,1,16,1,4139,33,9,40,2,1,0
29,1,21,1,5039,37,1,40,1,1,0
41,1,21,3,1477,19,0,40,2,1,1
33,3,21,1,2462,20,0,40,2,1,1
20,1,16,5,4689,47,17,14,2,1,0
27,1,19,3,4994,36,0,40,1,1,0
32,1,19,3,5611,218,12,40,2,6,0
54,1,12,1,4009,302,0,33,2,1,0
63,1,16,3,5628,32,0,40,2,1,0
43,1,20,1,2468,213,9,40,2,8,0
56,1,16,1,6486,6,1,40,2,1,0
42,1,19,1,7448,5,0,40,1,1,1
51,1,20,1,3558,2,1,40,2,1,0
37,1,21,1,4820,41,1,40,2,1,0
27,1,19,1,4938,5,16,40,2,1,0
37,1,19,1,4977,15,0,40,1,1,0
31,1,19,3,4825,39,9,40,2,1,0
41,1,19,1,5240,225,1,40,1,6,1
55,1,16,1,4085,36,1,40,2,1,0
50,1,21,1,3307,228,0,40,2,6,1
24,1,7,5,9132,14,2,40,1,1,0
19,2,19,5,2362,41,2,9,2,1,0
54,1,21,1,2356,33,1,40,2,1,0
40,1,17,1,9532,40,0,40,1,1,0
37,1,21,1,2393,33,0,40,2,1,0
49,1,21,1,1365,41,0,50,1,1,1
60,2,21,5,2430,6,13,32,2,1,0
46,3,21,1,2209,40,1,40,2,1,1
32,1,21,3,1923,13,0,8,2,1,0
52,1,19,3,5636,13,0,40,2,1,1
39,1,21,1,1232,12,1,40,1,1,1
60,1,16,1,348,3,0,40,1,1,1
35,1,21,1,1448,42,1,40,1,1,1
38,1,17,1,9073,5,0,40,1,1,0
22,1,16,5,4327,42,16,11,1,1,0
59,1,18,1,5306,7,1,13,2,1,0
49,1,21,5,5213,7,0,40,2,1,0
45,1,19,1,6869,12,0,40,1,1,1
60,1,18,1,3936,10,0,40,2,1,0
28,1,21,5,5005,39,0,40,2,1,0
61,6,22,1,1783,40,0,10,2,1,0
33,1,16,5,5876,39,0,40,1,1,0
49,1,18,3,6326,35,0,40,1,1,0
31,3,21,1,2425,2,1,40,2,1,0
56,1,19,3,5665,14,0,40,2,1,1
32,1,21,5,2504,34,0,10,2,1,0
36,1,21,1,5329,39,1,40,2,1,0
69,2,22,1,2106,5,0,32,2,1,0
46,1,21,1,10,321,1,40,1,6,1
26,1,21,5,5981,4,13,40,2,1,0
19,1,14,5,4195,50,17,16,1,1,0
57,1,20,1,3779,28,0,40,2,1,1
23,1,19,5,5259,12,13,40,1,1,0
40,1,21,1,5818,40,0,40,1,1,0
36,1,19,1,5658,34,0,40,1,1,0
52,1,16,3,7879,21,0,40,1,1,1
29,1,21,1,3279,8,0,40,2,1,0
47,1,17,1,5693,18,1,40,2,1,0
40,1,16,3,7900,31,13,50,1,1,1
57,1,18,1,3851,35,1,40,2,1,0
25,1,17,5,4091,40,0,40,2,1,0
54,1,16,1,5739,222,1,40,2,6,0
29,1,16,1,4027,316,10,40,2,1,0
51,1,21,1,3931,3,0,12,2,1,0
22,2,21,5,2238,25,13,40,2,1,0
34,1,21,1,842,28,1,40,1,1,1
53,1,19,3,204,7,0,40,1,1,1
19,1,16,5,4546,6,17,8,1,1,0
29,1,18,5,5918,34,13,40,2,1,0
28,1,20,1,2185,37,1,13,2,1,0
22,1,16,5,4108,309,11,40,2,6,0
42,1,19,3,5536,28,0,40,1,1,0
20,1,16,5,4196,23,17,7,2,1,0
30,1,21,5,3086,37,0,40,2,1,1
47,1,21,1,407,28,0,50,1,1,1
25,1,16,5,4679,6,2,15,2,1,0
47,1,21,1,99,8,0,40,1,1,1
31,1,22,1,2164,12,1,40,2,1,0
50,1,20,3,10,26,0,40,1,1,1
57,1,16,1,6372,25,0,40,1,1,0
27,1,19,5,5823,17,2,40,1,1,0
26,1,19,5,5086,35,2,40,2,1,0
20,3,21,5,2553,7,2,8,2,1,0
35,1,21,1,952,36,0,40,1,1,1
47,1,16,1,316,31,1,40,1,1,1
27,1,16,5,5128,41,13,40,2,1,0
58,1,20,1,5484,24,1,33,2,1,0
55,1,16,1,5727,18,1,40,1,1,0
55,1,19,1,5766,43,1,32,2,1,0
19,1,16,5,4230,9,2,8,1,1,0
57,1,13,1,5573,14,0,40,1,1,1
25,1,17,3,9337,34,2,40,1,1,0
41,1,21,1,64,37,1,50,1,1,1
30,1,21,1,707,29,0,40,1,1,1
32,1,16,1,9179,16,0,40,1,1,0
34,1,16,3,8442,39,13,40,1,1,1
46,1,21,1,703,9,0,50,1,1,1
41,1,21,1,510,44,0,40,1,1,1
55,1,16,1,5254,30,0,40,2,1,1
24,1,16,1,6184,10,0,40,1,1,0
35,1,16,1,4111,7,1,40,2,1,0
66,1,17,5,5107,26,0,40,2,1,0
52,1,16,1,7412,6,0,50,1,1,1
52,1,22,1,56,220,1,40,1,6,1
23,1,19,5,6000,38,2,40,1,1,0
32,1,21,5,3476,16,0,40,2,1,1
54,1,16,1,5604,27,1,40,2,1,0
28,3,21,5,2500,33,0,40,2,1,0
20,1,14,5,4159,8,2,15,1,1,0
26,1,19,5,6364,38,0,40,1,1,0
21,1,14,5,4026,7,17,40,1,1,0
34,1,21,1,3206,39,1,40,2,1,0
35,1,12,1,6496,38,0,40,1,1,0
18,1,19,5,4728,19,2,13,2,1,0
49,1,16,1,7257,38,1,40,1,1,1
35,1,21,1,5439,38,0,40,2,1,0
45,1,16,1,5087,313,0,40,1,1,0
49,1,16,1,5683,40,1,40,1,1,1
48,1,19,3,5498,40,0,40,1,1,1
64,2,22,1,1969,24,1,13,2,1,0
59,1,16,1,7491,29,0,40,1,1,1
29,1,16,1,6761,13,0,40,2,1,0
56,1,21,1,533,25,0,40,1,1,1
25,1,19,5,5585,37,0,40,1,1,0
32,1,16,5,9365,309,13,40,1,1,0
52,1,16,3,5516,7,0,40,1,1,1
56,1,16,3,5922,11,0,40,2,1,0
20,1,14,5,4087,44,17,14,1,1,0
45,3,21,1,2549,7,1,40,2,1,1
57,1,18,5,6416,13,0,40,1,1,1
60,1,20,1,3672,16,0,40,2,1,0
46,1,21,1,1470,21,0,50,1,1,1
19,1,16,5,4848,6,2,13,2,1,0
53,1,21,3,17,37,0,50,1,1,1
49,1,22,1,935,36,0,40,1,1,1
25,1,21,5,4967,17,0,40,2,1,0
28,1,22,5,2217,36,0,40,2,1,1
33,1,21,5,3419,37,13,40,2,1,0
29,1,19,1,5395,12,10,40,2,1,0
55,1,16,1,6251,38,1,40,2,1,0
23,1,21,5,2684,24,13,40,2,1,0
39,1,13,1,7643,12,1,40,1,1,0
58,1,16,1,5485,19,0,40,2,1,0
66,1,19,1,5514,12,9,40,2,1,0
33,3,22,5,2582,8,13,40,2,1,1
19,1,19,5,4702,36,16,10,2,1,0
21,1,19,5,4828,41,2,14,2,1,0
54,1,20,5,418,37,0,40,2,1,1
43,1,21,1,438,39,0,40,1,1,1
61,1,16,3,5993,38,0,40,1,1,1
25,1,19,1,3399,222,9,40,2,6,0
40,1,21,1,5730,38,1,40,1,1,0
49,1,21,1,445,7,1,50,1,1,1
59,1,19,1,5189,34,1,7,2,1,0
47,1,20,5,377,29,0,40,1,1,1
46,1,21,1,558,23,1,40,1,1,1
25,1,9,5,4155,19,16,40,1,1,0
31,1,19,3,5952,37,0,17,2,1,0
61,1,18,1,5250,36,1,40,2,1,0
24,1,21,5,5416,9,0,40,2,1,0
46,1,16,1,444,1,1,40,1,1,1
34,1,21,5,564,34,0,40,1,1,1
20,1,19,5,4221,10,2,12,1,1,0
51,1,21,3,313,11,0,40,1,1,1
31,1,21,5,1193,227,0,40,1,6,1
19,1,16,5,4309,6,2,40,1,1,0
23,1,17,5,6532,31,0,40,1,1,0
52,1,17,1,7731,12,1,40,1,1,1
49,1,21,1,7726,38,0,50,1,1,1
49,1,22,1,2362,8,0,40,2,1,1
37,1,21,1,5811,7,0,40,1,1,0
27,1,18,5,9422,22,2,40,1,1,0
55,1,16,1,2499,5,1,9,2,1,0
31,1,22,5,821,5,11,40,1,6,0
27,1,19,1,6306,46,0,12,2,1,0
40,1,19,3,5435,39,0,40,1,1,1
51,1,21,1,3378,16,0,40,2,1,1
44,1,16,3,8060,10,0,50,1,1,1
62,2,21,3,2183,41,0,40,2,1,1
42,1,22,1,1381,33,0,50,1,1,1
22,1,18,5,4244,24,2,40,1,1,0
60,1,20,1,3821,17,1,40,2,1,1
39,1,16,1,4719,44,1,29,2,1,0
59,1,19,3,313,42,0,40,2,1,1
48,1,16,1,7086,35,0,40,1,1,1
25,1,21,1,6337,40,10,40,1,1,0
44,1,21,1,198,211,0,40,2,6,1
47,3,21,1,2461,15,1,40,2,1,1
44,1,22,1,2509,26,0,40,1,1,1
30,1,19,1,5035,319,0,40,2,6,0
27,1,21,5,2460,11,12,40,2,1,0
29,1,16,5,6667,9,2,40,1,1,0
23,1,16,5,4052,4,9,40,2,1,0
61,1,16,1,5825,37,0,40,2,1,0
49,1,19,1,6014,33,0,40,1,1,1
59,1,19,1,6015,35,0,40,1,1,0
46,1,21,1,672,24,0,50,1,1,1
27,1,19,5,5661,36,2,40,2,1,0
48,1,22,3,1043,39,0,40,1,1,1
28,1,19,3,4884,38,0,40,2,1,0
44,1,19,1,5437,215,1,40,2,6,0
52,1,16,5,6005,22,0,40,1,1,1
27,1,21,5,2125,36,0,7,2,1,0
46,1,16,1,5777,5,1,40,2,1,0
42,1,21,1,4815,34,1,40,2,1,1
19,1,14,5,3948,48,16,12,1,1,0
38,1,21,3,2948,10,0,40,2,1,0
38,1,21,1,2268,35,0,40,2,1,0
32,1,21,1,1482,18,1,40,1,1,0
46,1,21,3,1271,36,0,40,1,1,1
57,1,19,1,503,20,0,40,1,1,1
24,3,22,5,2414,7,2,10,2,1,0
59,1,21,1,3848,35,1,40,2,1,0
56,1,20,1,235,41,1,40,1,1,1
20,1,16,5,4178,52,17,10,1,1,0
19,1,16,5,4046,308,10,4,1,6,0
18,1,16,5,4316,32,2,11,1,1,0
29,3,22,3,2480,8,0,1,2,1,0
19,1,14,5,4166,7,17,13,1,1,0
58,1,20,1,3619,21,1,34,2,1,0
18,1,14,5,4634,50,16,3,1,1,0
64,1,20,1,2498,32,1,6,2,1,0
21,1,18,5,4670,7,2,10,2,1,0
31,1,22,1,2271,207,0,40,2,6,1
23,1,16,5,6351,41,0,40,1,1,0
20,1,14,5,4576,48,2,9,2,1,0
20,1,14,5,4547,9,2,40,2,1,0
20,2,21,5,2563,32,2,8,2,1,0
31,1,21,5,5683,21,0,40,2,1,0
22,1,16,5,5300,23,2,40,2,1,0
49,1,21,1,340,39,1,40,1,1,1
36,1,21,1,5761,38,1,40,1,1,1
41,1,20,1,3605,2,1,40,2,1,0
58,1,18,1,8630,25,1,40,1,1,1
23,1,18,5,3868,41,0,40,2,1,0
52,1,21,1,3158,226,1,40,2,6,0
22,1,19,5,2514,18,2,13,2,1,0
45,1,21,1,344,38,1,40,1,1,1
48,1,21,1,424,42,1,40,1,1,1
21,1,14,5,3905,52,16,40,1,1,0
52,1,17,3,4427,31,13,40,1,1,1
19,1,8,5,4117,52,17,13,1,1,0
22,1,19,5,2205,36,2,12,2,1,0
55,1,20,1,204,28,0,40,2,1,1
27,1,19,5,6614,310,2,40,1,8,0
29,1,16,5,4095,36,2,40,2,1,0
59,1,16,3,5967,38,0,40,1,1,1
29,1,19,1,5355,14,10,7,2,1,0
48,1,21,3,1084,7,0,40,1,1,1
26,1,19,5,5799,8,2,40,1,1,0
24,1,19,5,5361,23,2,40,1,1,0
20,1,17,3,4057,38,16,40,1,1,0
54,1,16,1,5309,7,1,40,2,1,0
62,1,16,1,6127,37,0,40,2,1,0
40,1,21,1,5181,7,1,40,2,1,1
28,1,21,5,3078,26,13,40,2,1,0
25,1,21,5,5381,18,0,40,2,1,0
54,1,19,5,3516,37,0,40,2,1,0
40,1,19,1,4718,29,0,40,2,1,0
29,1,19,5,3543,17,12,40,2,1,0
52,1,19,3,5769,7,0,40,1,1,1
45,1,18,1,49,245,0,40,1,1,1
40,1,18,1,5591,36,1,40,1,1,0
39,1,21,1,5076,15,0,40,1,1,1
21,1,19,5,4122,24,2,13,1,1,0
21,1,19,5,4270,9,2,10,1,1,0
24,1,16,3,4060,30,0,40,2,1,0
23,1,21,5,2038,237,10,13,2,6,0
47,1,21,3,936,22,0,50,1,1,1
42,1,21,1,1090,14,0,40,1,1,1
47,1,19,1,5779,8,0,40,1,1,0
25,1,21,5,5434,28,16,40,1,1,0
42,1,10,1,8329,286,1,40,1,1,0
42,1,16,1,8646,35,1,40,1,1,0
47,1,21,1,384,35,1,40,1,1,1
22,1,16,5,4139,5,2,40,1,1,0
68,2,21,1,2195,22,0,40,2,1,1
42,1,19,3,4426,206,13,40,1,6,1
28,1,16,1,6133,35,1,31,2,1,0
49,1,19,1,6063,40,1,40,2,1,0
28,1,21,5,2470,36,0,40,2,1,0
27,1,21,1,2406,17,0,40,2,1,0
62,1,16,5,5616,39,0,40,2,1,0
24,1,14,5,4001,224,2,14,2,6,0
77,1,21,3,3081,6,0,40,2,1,0
22,1,16,5,8834,37,13,40,1,1,0
48,1,20,1,4829,21,1,40,2,1,1
59,6,21,1,2617,39,0,40,2,1,0
40,1,21,3,1519,5,0,40,1,1,1
55,1,19,1,4050,39,1,40,2,1,0
43,1,16,1,6049,297,0,40,1,6,0
40,1,21,1,4925,37,0,40,1,1,1
34,1,19,5,5095,5,13,40,1,1,0
57,1,16,1,6509,20,1,40,2,1,0
36,1,21,1,2244,9,1,40,2,1,0
32,1,21,1,4868,13,1,40,1,1,0
32,3,22,1,2395,35,1,11,2,1,0
26,1,16,1,6014,5,16,40,1,1,0
50,1,22,3,1214,304,0,40,1,6,1
26,1,19,1,5187,5,0,40,1,1,0
30,1,17,3,4318,15,0,40,2,1,0
57,1,19,1,5951,21,1,40,1,1,1
40,1,21,1,3175,3,0,40,2,1,0
24,1,19,5,4934,20,2,40,2,1,0
17,1,14,5,4608,53,2,6,2,1,0
21,1,9,5,4110,301,2,40,1,6,0
41,3,22,1,2548,37,1,40,2,1,1
46,1,21,1,531,33,0,40,1,1,1
25,1,14,5,4040,17,16,40,1,1,0
38,1,21,1,1481,20,1,40,1,1,1
59,1,18,3,6520,37,0,40,2,1,1
17,1,19,5,4782,35,17,20,1,1,0
42,1,22,1,3311,8,0,40,2,1,1
21,1,19,5,4696,51,2,14,1,1,0
42,1,21,1,782,23,1,40,1,1,1
49,1,21,1,173,36,1,40,2,1,1
36,3,22,1,2388,9,1,40,2,1,0
65,1,16,1,5287,10,0,35,2,1,0
26,1,21,5,2144,39,2,9,2,1,0
24,1,18,5,4265,46,17,40,2,1,0
52,1,16,1,5265,41,1,40,2,1,0
21,1,16,5,5525,8,2,40,1,1,0
43,1,21,1,50,40,1,50,1,1,1
19,1,19,5,4832,25,2,10,1,1,0
23,1,16,5,6079,8,13,40,2,1,0
30,1,21,3,1195,19,0,40,2,1,0
29,1,16,1,5599,43,0,40,1,1,0
29,2,21,5,1975,26,0,40,2,1,0
25,1,19,1,6037,19,0,40,1,1,0
73,2,21,1,1929,18,1,13,2,1,1
37,1,21,1,621,7,0,40,1,1,1
43,1,20,1,6213,36,1,40,2,1,1
26,3,21,5,2470,23,0,40,2,1,0
28,1,19,5,5701,230,13,40,1,6,0
51,1,21,3,639,4,0,40,1,1,1
47,1,16,1,7069,326,0,40,1,1,1
58,1,18,3,9414,25,0,40,1,1,1
42,1,19,1,6244,9,0,40,1,1,1
28,1,21,5,772,41,0,40,1,1,1
48,1,21,3,1245,9,0,40,1,1,1
41,1,21,1,1029,38,0,40,1,1,1
25,1,9,3,4920,321,16,40,1,1,0
31,1,19,3,4533,9,0,9,2,1,0
52,1,20,1,6377,26,1,40,2,1,0
51,1,19,5,5882,37,0,40,1,1,1
28,1,21,5,2867,27,13,40,2,1,1
26,1,21,5,5077,18,13,40,2,1,0
33,1,21,1,2312,12,1,40,1,1,1
37,1,16,5,5528,40,0,40,1,1,0
28,1,18,5,5041,229,5,40,2,6,0
35,1,21,5,3054,17,0,40,2,1,0
47,1,19,5,6414,10,0,40,1,1,1
23,1,16,5,5509,38,2,40,1,1,0
42,1,21,1,5906,37,1,40,1,1,0
38,1,19,1,5797,12,0,40,1,1,0
56,1,16,1,3722,40,1,10,2,1,0
26,1,20,1,1959,29,1,4,2,1,0
20,1,16,5,4536,50,2,14,2,1,0
41,1,21,1,1154,36,1,40,2,1,1
57,1,16,1,6183,32,1,40,1,1,0
52,1,20,1,6366,39,1,40,1,1,0
52,1,22,1,3333,235,0,40,2,6,1
19,1,19,5,4849,34,2,40,1,1,0
27,3,21,1,2180,7,1,40,2,1,0
57,1,21,1,4987,4,1,40,2,1,0
21,1,14,5,4215,40,16,9,1,1,0
46,1,16,3,7496,35,13,40,1,1,1
47,1,19,1,5098,39,1,40,2,1,0
22,1,19,5,5625,6,2,40,1,1,0
25,1,16,1,5780,22,1,40,2,1,0
21,1,14,5,3948,308,2,40,1,6,0
45,1,16,1,7959,5,0,40,1,1,1
43,1,21,1,74,36,0,50,1,1,1
44,1,21,1,2334,7,1,40,2,1,0
53,1,18,1,5374,13,0,40,2,1,1
29,1,21,5,949,12,0,40,1,1,1
30,1,21,5,2303,38,2,40,2,1,0
23,1,19,5,5303,25,2,40,2,1,0
43,1,19,1,4035,12,0,40,2,1,0
63,1,18,1,4087,14,1,40,1,1,0
46,1,21,1,312,12,1,40,1,1,1
56,1,16,1,4150,40,10,6,2,1,0
57,1,20,3,3740,26,0,40,2,1,0
40,3,21,1,2213,9,1,40,2,1,1
32,1,21,5,1026,8,13,40,2,6,0
37,1,21,1,2234,37,1,40,2,1,1
38,1,21,1,5333,225,1,40,2,6,0
39,1,21,1,2496,35,1,40,1,1,1
28,1,19,5,5089,313,0,40,2,6,0
30,3,22,5,2395,11,0,40,2,1,1
18,2,19,5,2270,28,17,10,2,1,0
47,1,21,5,4004,11,0,40,2,1,0
40,1,12,1,4218,318,0,40,1,1,0
30,3,21,1,2492,7,1,40,2,1,0
59,1,19,1,5789,43,0,40,1,1,0
46,1,19,5,5495,7,0,40,2,1,0
50,1,18,1,5457,200,0,40,1,6,1
25,1,19,5,4700,39,12,32,2,1,0
30,1,21,1,2223,33,10,40,2,1,0
30,1,16,1,4121,16,1,40,2,1,0
49,1,19,3,6117,41,0,40,1,1,1
46,1,21,1,474,37,1,50,1,1,1
45,1,21,1,19,38,0,40,1,1,1
55,1,16,3,6093,39,0,40,1,1,1
43,1,22,3,228,31,0,50,1,1,1
45,1,16,1,8087,9,1,40,1,1,1
38,1,22,1,3100,37,1,40,2,1,0
25,1,19,5,6291,25,0,40,1,1,0
84,1,19,3,3423,40,0,9,2,1,0
39,1,19,3,4901,3,0,40,2,1,0
27,1,16,5,6540,28,0,40,1,1,0
23,1,21,5,2266,38,17,40,1,1,0
50,1,21,1,3342,18,1,40,2,1,1
26,1,16,5,4206,323,2,40,1,1,0
35,1,21,5,146,39,0,40,1,1,1
29,1,21,5,5306,42,13,40,2,1,0
57,1,16,1,6182,6,0,40,2,1,1
25,1,21,3,4595,35,10,40,2,1,0
46,1,21,1,891,26,0,40,1,1,1
46,1,21,5,519,5,0,40,2,1,1
23,1,16,3,3978,37,9,40,2,1,0
21,1,16,5,9598,19,12,40,1,1,0
46,1,22,5,2615,6,0,40,2,1,1
39,1,21,1,901,41,0,40,1,1,1
29,1,16,5,6111,40,13,40,1,1,0
36,1,20,1,1195,9,1,40,1,1,1
63,1,19,1,5651,5,0,10,2,1,0
33,1,21,1,528,36,1,40,1,1,1
50,1,9,1,6057,322,0,40,2,6,0
54,1,19,5,5840,34,0,40,1,1,1
31,2,21,1,2030,36,0,11,2,1,0
59,1,16,1,9292,21,1,40,1,1,1
46,1,19,1,263,24,1,40,1,1,1
47,1,16,3,5557,36,13,40,1,1,1
26,1,19,5,6139,54,12,40,1,1,0
24,1,19,5,5849,7,2,7,2,1,0
68,1,19,1,5557,38,0,40,2,1,0
52,1,16,1,5912,36,1,40,1,1,0
37,1,21,1,881,35,1,40,1,1,1
41,1,21,1,5752,43,1,40,2,1,0
51,1,19,3,4726,40,0,40,1,1,1
27,1,16,5,5349,29,13,40,2,1,0
30,1,21,1,730,16,0,40,2,1,0
72,1,22,1,3157,7,0,40,1,1,1
51,1,20,1,3776,30,1,40,2,1,0
38,1,22,3,839,14,0,40,1,1,1
23,2,21,5,2070,8,0,40,2,1,0
32,1,21,1,1177,42,0,40,1,1,0
48,1,19,3,219,2,0,40,1,1,1
62,1,19,1,590,35,1,40,1,1,1
41,1,22,1,2225,7,1,40,2,1,0
39,1,21,1,3287,11,0,50,1,1,1
36,1,21,1,1028,24,1,40,2,1,1
24,1,19,1,5263,37,10,40,2,1,0
27,1,21,5,3076,39,0,40,2,1,0
21,1,19,5,5678,39,0,32,2,1,0
51,1,16,1,7725,32,0,40,1,1,1
17,1,19,5,4869,14,17,4,2,1,0
56,1,19,1,5136,8,1,40,1,1,1
23,1,16,5,4167,9,2,15,2,1,0
39,1,10,1,6779,303,0,40,1,1,0
50,1,17,1,7209,6,1,60,1,1,1
50,1,21,1,10,4,1,50,1,1,1
34,1,21,1,2322,13,1,40,2,1,0
46,1,21,1,298,21,0,40,1,1,1
43,1,21,1,3264,40,1,40,2,1,1
44,1,21,5,717,40,0,50,1,1,1
24,1,21,5,5145,37,0,40,1,1,0
24,1,19,5,5763,3,13,40,1,1,0
62,3,22,3,2477,35,0,12,2,1,0
20,1,14,5,4264,51,16,9,1,1,0
29,1,21,5,6618,231,0,40,1,6,0
45,1,21,1,3350,38,1,40,2,1,1
56,1,19,5,6348,37,0,40,1,1,1
37,1,21,5,392,16,13,40,1,1,1
28,1,21,5,2681,18,13,40,2,1,0
44,1,21,1,3134,6,1,40,2,1,0
28,1,19,5,4995,39,12,40,2,1,0
23,1,19,5,6288,8,2,40,1,1,0
49,1,16,5,5579,44,13,40,1,1,0
22,1,14,5,4058,8,5,14,2,1,0
33,1,21,5,237,21,0,40,1,1,1
23,1,16,1,4067,39,10,40,2,1,0
58,1,16,1,10,17,1,50,1,1,1
50,1,16,1,5794,34,0,40,1,1,1
31,1,19,1,5836,47,1,40,1,1,0
49,1,22,3,372,39,0,40,1,1,1
42,3,21,1,2307,211,0,10,2,6,0
58,1,16,1,5507,38,1,34,2,1,0
30,1,21,3,5071,27,0,40,2,1,0
46,1,19,3,2439,213,0,13,2,6,0
21,1,11,5,8765,305,13,40,1,8,0
17,1,14,5,4156,8,16,9,1,1,0
42,1,19,1,5346,40,1,40,2,1,0
24,1,19,5,5210,21,2,40,2,1,0
29,1,21,1,2405,38,1,40,2,1,0
32,1,21,1,5179,5,0,40,1,1,0
65,1,19,3,5932,31,0,40,2,1,0
63,1,21,1,2188,25,1,40,2,1,0
62,1,16,1,6138,37,1,40,2,1,0
66,1,19,1,6142,15,0,40,2,1,0
63,1,18,1,4870,38,1,40,1,1,1
55,1,16,1,7295,39,1,40,1,1,1
48,1,19,5,5896,301,0,40,2,1,0
44,1,21,1,3186,11,1,40,2,1,1
38,1,11,1,4176,316,0,40,1,1,0
43,1,16,1,6097,6,1,40,1,1,1
27,1,21,5,1614,17,0,40,1,1,1
49,1,13,1,4080,7,1,9,2,1,0
23,1,19,5,5032,37,2,40,1,1,0
47,1,21,1,1119,41,1,40,1,1,1
45,7,21,1,2982,12,1,40,1,1,1
36,1,21,1,2293,4,1,40,1,1,1
57,3,22,3,2421,40,0,40,2,1,0
34,2,21,1,2492,6,0,10,2,1,0
48,1,21,1,5398,5,0,40,2,1,0
26,1,17,5,9173,310,16,40,1,1,0
53,1,16,1,7689,38,0,40,1,1,1
48,1,20,3,202,42,0,40,1,1,1
50,1,16,1,7535,41,1,50,1,1,1
53,1,16,5,6311,42,0,40,1,1,1
24,1,19,5,4254,9,2,40,1,1,0
49,1,16,3,4458,6,0,40,2,1,0
20,1,14,5,4567,28,16,8,1,1,0
44,1,22,3,442,39,0,40,1,1,1
41,1,21,1,3203,20,0,40,2,1,1
23,1,19,5,4973,10,0,40,2,1,0
67,1,18,5,3601,19,0,33,2,1,0
58,1,16,3,6340,11,0,40,1,1,1
26,1,6,5,9240,20,0,40,1,1,0
43,1,21,1,612,35,1,40,1,1,1
26,1,16,3,4042,19,10,40,2,1,0
35,1,21,5,1301,37,0,40,1,1,1
54,1,20,1,193,21,0,50,1,1,1
54,1,16,3,5467,40,0,40,1,1,1
24,1,19,1,5688,25,0,40,2,1,0
24,1,16,5,5109,7,2,40,1,1,0
49,1,21,1,307,8,1,40,1,1,1
36,2,22,3,2228,13,0,40,2,1,0
46,1,21,1,350,22,0,40,1,1,1
50,1,19,1,5660,38,0,40,1,1,1
27,1,16,3,5006,30,12,40,1,1,0
62,1,18,1,5470,27,1,7,2,1,0
49,1,16,5,5082,41,13,40,2,1,0
25,1,21,5,3846,232,0,40,2,6,0
58,1,16,1,6045,27,1,40,1,1,1
48,1,21,1,2319,9,1,40,2,1,0
30,1,21,5,3734,30,2,40,1,1,0
52,1,16,1,7588,11,1,40,1,1,1
50,1,22,1,334,218,0,40,1,6,1
22,1,19,5,2572,47,2,11,2,1,0
41,3,21,1,2317,39,1,40,2,1,0
38,1,19,5,6476,10,0,40,1,1,0
47,1,16,3,7614,6,0,40,1,1,1
20,1,16,5,4188,51,17,10,1,1,0
42,1,21,1,6548,36,1,40,1,1,0
32,1,19,5,3916,21,0,40,2,1,0
60,1,21,1,3053,18,0,40,2,1,1
25,1,19,5,5191,35,13,40,1,1,0
27,1,21,1,3418,222,1,40,2,6,0
25,1,19,5,5731,35,2,40,2,1,0
42,1,16,1,6557,4,0,40,1,1,0
45,1,19,1,67,3,1,40,2,1,1
27,1,16,5,7494,335,13,40,1,1,0
24,1,17,5,4054,40,13,40,1,1,0
29,1,19,1,5298,21,1,40,2,1,0
55,1,18,1,5518,29,1,40,2,1,0
38,1,21,1,5162,32,0,40,1,1,1
43,1,21,1,464,20,0,40,2,1,1
46,1,20,1,5367,37,1,40,2,1,0
46,1,16,1,5922,4,1,40,2,1,0
40,3,22,1,2357,26,1,10,2,1,0
30,1,16,5,6232,4,0,40,1,1,0
36,1,21,1,1735,39,1,40,1,1,1
23,1,16,5,9351,310,12,40,1,6,0
33,3,21,1,2263,11,0,40,1,1,1
45,1,21,1,2268,37,1,6,2,1,0
19,1,8,5,4204,23,2,14,1,1,0
38,1,19,1,6272,39,1,40,1,1,0
31,1,16,5,5605,12,13,40,2,1,0
27,1,11,5,6245,4,13,40,1,1,0
70,1,21,1,5171,35,0,40,2,1,0
55,1,20,3,450,4,0,40,1,1,1
50,1,17,3,6328,32,15,40,1,1,0
44,1,21,1,286,39,0,50,1,1,1
39,1,22,3,799,20,0,40,1,1,1
57,1,16,1,5638,15,1,35,2,1,0
19,1,19,5,4682,44,17,13,1,1,0
28,1,16,1,4171,15,1,40,2,1,0
29,1,19,1,5165,6,1,40,2,1,0
18,1,18,5,4684,16,2,10,2,1,0
52,1,19,1,6456,17,1,40,2,1,0
34,1,21,1,1296,36,1,40,1,1,1
36,1,16,5,4833,313,13,40,2,1,0
26,1,21,5,5227,218,10,40,2,6,0
38,1,21,1,2354,3,1,40,1,1,1
63,1,16,1,5472,37,1,40,2,1,0
24,1,16,5,4165,324,10,40,2,6,0
54,1,19,1,386,36,1,50,1,1,1
46,1,21,3,4903,28,0,40,2,1,1
32,1,18,5,4690,7,13,40,1,1,0
39,1,19,1,5691,35,1,40,1,1,0
47,1,17,5,4159,7,0,40,2,1,0
56,1,19,1,4962,37,1,40,2,1,0
73,1,21,3,1949,27,0,12,2,1,0
21,1,18,5,4741,10,2,9,2,1,0
32,1,22,5,352,35,0,40,2,1,1
36,1,19,5,4735,37,13,40,1,1,1
45,1,19,1,7577,38,1,50,1,1,1
41,3,22,3,2507,41,0,40,2,1,1
24,1,16,1,4109,36,9,40,2,1,0
38,1,21,1,5342,7,0,40,1,1,0
19,1,14,5,3922,28,17,10,1,1,0
44,1,21,1,3260,4,1,40,2,1,1
37,1,24,3,2129,7,0,40,2,1,1
57,1,16,1,9062,38,1,40,1,1,1
40,1,19,1,4912,6,1,40,2,1,0
28,1,21,5,5919,41,0,40,2,1,0
31,1,13,5,8804,48,2,40,1,1,0
59,1,16,1,5103,13,1,40,2,1,0
59,1,18,1,4892,16,1,40,2,1,0
42,1,19,1,6073,13,0,40,1,1,0
46,1,22,1,129,40,1,40,1,1,1
47,1,19,5,5452,42,0,40,2,1,1
62,1,18,3,191,33,0,40,2,1,1
29,1,19,3,5910,7,0,11,2,1,0
39,1,16,1,6507,43,1,40,1,1,0
18,1,19,5,2256,39,2,12,2,1,0
27,1,21,5,1331,26,13,40,1,1,0
46,1,22,1,74,8,0,40,1,1,1
46,1,16,5,6140,218,0,40,1,8,1
47,1,16,3,7848,19,0,40,1,1,0
36,1,16,5,8286,4,13,40,1,1,1
26,1,18,3,4223,37,16,40,2,1,0
58,1,19,1,5702,35,0,40,2,1,0
25,1,16,5,4047,53,12,40,2,1,0
25,1,16,3,5700,38,0,40,2,1,0
63,1,19,3,5478,34,0,40,2,1,0
23,1,19,3,3733,36,10,34,2,1,0
41,1,21,1,865,8,1,40,1,1,1
58,1,20,1,5747,36,1,40,2,1,1
29,1,16,1,6760,36,1,40,2,1,0
49,1,21,3,3470,37,0,40,2,1,1
36,2,21,1,1896,13,1,40,2,1,1
52,1,16,1,8928,41,1,40,1,1,1
27,1,21,1,5872,3,10,40,2,1,0
55,1,16,5,4808,18,0,40,1,1,1
21,1,19,5,5035,30,17,40,1,1,0
45,1,21,1,4439,35,0,40,1,1,1
26,1,16,1,6637,47,0,40,1,1,0
35,1,21,3,5569,41,0,40,1,1,0
45,1,21,3,1187,216,0,40,1,6,1
24,1,16,5,6238,39,13,40,1,1,0
27,1,21,5,2557,30,0,40,2,1,1
30,1,18,1,2491,8,1,7,2,1,0
54,1,21,3,617,17,0,40,2,1,1
19,1,18,5,4084,28,2,33,2,1,0
23,1,16,5,4953,7,0,40,2,1,0
46,1,18,1,4157,7,10,9,2,1,0
39,1,21,1,494,42,0,50,1,1,1
17,1,10,5,4287,4,16,14,1,1,0
53,1,16,1,664,224,0,40,1,6,1
21,1,16,5,4153,38,0,40,2,1,0
20,1,16,5,4663,27,2,11,2,1,0
25,1,16,5,9818,38,13,40,1,1,0
46,1,21,1,874,16,1,50,1,1,1
48,1,21,1,419,225,0,40,2,6,1
27,1,16,5,4249,10,0,40,2,1,0
27,1,7,5,9357,307,17,40,1,8,0
31,3,21,1,2581,40,1,9,2,1,0
26,1,21,5,2276,21,0,32,2,1,0
27,1,19,5,5082,11,0,40,2,1,0
42,1,21,1,6175,40,1,40,1,1,0
23,1,16,5,6041,8,2,40,1,1,0
55,1,16,3,7890,39,0,40,1,1,1
30,1,21,1,2142,12,0,11,2,1,0
23,1,13,1,4071,5,10,40,1,1,0
45,1,20,1,2219,9,1,11,2,1,0
39,1,22,5,371,2,0,40,2,6,1
43,1,21,1,1563,6,1,50,1,1,1
42,1,21,1,10,11,0,40,1,1,1
54,1,19,1,3584,45,0,36,2,1,0
57,1,16,1,5084,33,1,40,2,1,0
38,1,21,1,738,31,0,40,1,1,1
61,1,8,1,4128,13,1,40,2,1,0
27,1,19,5,5307,25,2,9,2,1,0
56,1,16,1,3501,33,1,27,2,1,0
61,1,19,1,6092,7,0,40,1,1,1
52,1,16,5,8031,35,0,40,1,1,1
58,3,21,3,2664,9,0,8,2,1,0
22,1,21,5,1259,7,2,40,1,1,0
40,1,21,1,5674,39,1,40,2,1,1
27,1,19,1,6209,30,0,40,2,1,0
62,1,19,1,5462,37,0,40,1,1,1
61,2,21,1,2168,26,0,40,2,1,0
50,1,21,1,28,40,1,40,1,1,1
45,1,12,1,5869,329,0,40,1,6,0
39,1,21,1,5241,40,1,40,2,1,0
41,1,21,1,414,17,0,40,2,1,1
51,1,16,3,7217,6,0,40,1,1,1
32,3,22,1,2511,14,0,40,2,1,1
38,1,16,5,8386,310,0,40,1,1,1
45,1,16,1,4106,299,10,40,2,8,0
31,1,19,5,7763,19,13,40,1,1,1
40,1,21,1,58,24,0,50,1,1,1
49,1,21,1,128,37,0,40,1,1,1
51,1,16,1,9452,294,0,40,1,8,0
55,1,18,5,8710,30,0,40,1,1,1
58,1,16,1,5373,37,0,40,2,1,1
23,1,19,5,5968,40,2,40,1,1,0
43,1,21,1,5268,39,0,40,1,1,0
25,1,21,5,2762,8,0,40,2,1,0
28,1,21,1,2317,2,10,40,2,1,0
54,1,16,1,5532,38,1,40,2,1,0
33,1,19,5,5096,13,0,40,1,1,1
29,1,21,1,3011,39,1,40,2,1,0
20,1,19,5,4196,30,2,6,1,1,0
28,1,21,3,2192,23,0,40,2,1,0
31,1,17,1,7206,50,10,40,1,1,0
29,1,21,1,2286,33,0,40,2,1,1
43,1,17,1,3968,34,10,40,2,1,0
49,1,19,1,6018,36,0,40,1,1,1
24,1,21,1,2369,240,0,40,2,1,0
28,1,16,3,5612,29,0,40,1,1,0
43,1,20,1,458,34,0,50,1,1,1
24,1,19,3,5131,35,0,40,1,1,0
21,3,22,5,2533,42,2,40,2,1,0
24,2,22,5,2481,38,13,40,2,1,0
19,1,18,5,4661,245,2,17,1,6,0
36,1,21,1,676,16,1,40,1,1,1
53,1,14,1,8718,27,1,40,1,1,0
26,1,19,3,2493,12,0,31,2,1,0
42,1,20,1,462,23,1,50,1,1,1
53,1,20,3,7381,15,0,50,1,1,1
55,3,22,1,2410,26,0,40,2,1,0
46,1,21,1,685,38,1,40,1,1,1
55,1,19,3,117,36,0,40,1,1,1
49,3,21,1,2301,33,0,40,2,1,0
47,1,20,3,10,6,0,40,1,1,1
29,1,21,1,2690,5,1,40,2,1,0
32,1,16,1,4241,19,1,40,2,1,0
46,1,22,3,1082,25,0,50,1,1,1
22,1,16,5,4294,325,10,40,1,8,0
41,1,22,1,2250,35,0,40,2,1,0
55,1,19,1,4987,23,1,40,2,1,0
55,1,19,1,5747,37,1,40,2,1,0
23,1,21,5,546,221,2,40,1,6,0
28,1,18,1,5624,36,0,11,2,1,0
31,1,21,1,2344,13,1,7,2,1,0
21,1,18,5,4148,30,17,13,1,1,0
31,1,16,1,5863,5,0,30,2,1,0
41,1,21,3,2172,22,0,40,2,1,1
29,1,18,5,9136,41,13,40,1,1,0
24,1,14,5,3990,8,15,40,2,1,0
49,1,16,1,9089,5,0,40,1,1,0
56,1,16,1,4056,318,1,34,2,1,0
31,1,22,5,1122,14,0,40,1,1,1
24,1,19,5,5820,36,17,40,1,1,0
50,1,22,3,401,6,0,40,1,1,1
49,1,21,1,4876,4,0,40,1,1,1
42,1,11,1,6267,7,0,40,1,1,0
26,1,21,1,5345,28,0,6,2,1,0
52,1,9,1,5968,8,1,40,2,1,0
51,1,16,1,5228,39,1,40,2,1,0
22,1,14,5,4282,21,17,8,1,1,0
55,1,16,1,7504,20,0,40,1,1,0
26,1,16,5,5200,7,0,40,1,1,0
23,1,21,5,574,35,0,40,2,1,1
25,1,19,3,3584,41,0,9,2,1,0
28,1,19,5,4924,9,0,40,1,1,0
55,1,16,1,120,30,1,50,1,1,1
43,1,19,3,268,2,0,40,1,1,1
35,1,21,5,995,32,0,40,1,1,1
38,1,18,1,4318,40,10,40,1,1,0
56,1,16,1,2282,20,1,4,2,1,0
61,1,16,1,5070,29,0,40,2,1,0
31,3,22,5,2339,5,0,40,1,1,1
50,1,16,3,9136,219,0,40,1,6,0
65,1,19,1,3362,42,0,11,2,1,0
39,1,21,1,1048,36,1,40,2,1,1
52,1,20,3,558,4,0,50,1,1,1
40,2,21,1,2227,11,1,40,2,1,0
43,1,21,1,1632,11,0,40,1,1,1
37,1,9,3,4216,28,0,40,1,1,0
57,1,16,5,5484,37,0,40,1,1,1
18,1,16,5,4040,39,2,40,1,1,0
45,1,16,5,3565,319,13,40,2,1,0
57,1,16,1,4979,35,1,40,2,1,1
57,1,16,1,4019,10,0,40,2,1,0
37,1,21,5,1197,12,0,40,1,1,1
51,1,19,1,5189,39,1,40,1,1,1
54,1,16,5,5469,39,13,40,2,1,0
36,1,21,1,2357,15,1,40,2,1,1
24,1,21,5,4892,41,0,40,2,1,0
25,1,21,5,2146,8,0,40,2,1,0
32,1,21,1,2014,5,10,40,2,1,0
23,1,19,5,4896,14,2,15,2,1,0
44,1,21,1,392,40,0,40,1,1,1
43,1,19,3,6294,9,0,40,1,1,0
41,1,19,1,5429,36,1,40,2,1,0
29,1,17,5,9479,324,13,40,1,1,0
34,3,21,1,2555,38,1,40,2,1,0
26,1,8,5,4089,292,2,40,1,8,0
24,1,16,1,4136,53,1,40,2,1,0
50,1,21,1,454,35,1,40,1,1,1
29,1,16,5,8984,36,0,40,1,1,0
70,2,21,1,2229,37,1,14,2,1,0
59,1,20,1,3477,36,1,30,2,1,0
23,1,21,5,5223,4,0,40,1,1,0
27,1,20,1,3792,10,1,40,2,1,0
25,1,19,3,2555,19,0,9,2,1,0
30,1,16,5,5925,23,0,40,2,1,0
33,1,19,1,5879,30,10,40,2,1,0
18,1,19,5,4740,28,2,16,2,1,0
43,1,19,1,5452,37,1,40,2,1,0
49,1,21,1,76,30,0,40,1,1,1
21,1,19,5,2561,42,16,10,2,1,0
39,1,21,1,1287,7,0,40,1,1,1
52,1,16,1,6955,321,1,40,1,1,1
51,1,21,1,310,42,0,40,2,1,1
47,1,16,5,5807,3,0,40,1,1,1
32,1,22,1,650,39,0,40,1,1,1
44,3,22,1,2596,12,1,40,2,1,0
48,1,22,1,258,34,0,50,1,1,1
48,1,11,1,9070,323,0,40,1,6,0
51,3,22,1,2383,201,1,40,2,6,0
44,1,18,1,5274,7,1,40,1,1,1
37,1,22,3,959,11,0,40,1,1,1
45,1,16,1,5067,6,1,40,1,1,1
53,1,21,5,713,30,0,40,1,1,1
46,3,22,1,2326,5,1,12,2,1,0
37,1,16,5,5626,11,0,40,1,1,0
57,1,16,1,5471,18,0,40,2,1,0
40,1,16,1,7869,39,1,40,1,1,0
60,1,16,1,6125,14,0,40,1,1,0
47,1,18,1,4496,9,0,40,1,1,1
58,1,20,1,5090,42,0,40,2,1,0
45,1,18,1,6247,32,1,40,1,1,0
47,1,19,1,5434,36,0,40,2,1,0
49,1,21,1,106,38,1,51,1,1,1
44,1,21,3,421,3,0,40,2,1,1
23,1,14,5,7532,47,2,40,1,1,0
40,1,21,3,104,36,0,40,1,1,1
36,1,19,5,7209,8,0,40,1,1,1
32,1,16,5,6364,22,0,40,1,1,0
63,1,17,3,3450,36,0,40,2,1,0
33,1,21,1,867,18,0,40,1,1,1
20,1,18,5,3979,9,2,13,2,1,0
30,1,21,5,2035,36,0,40,1,1,1
49,1,22,1,220,37,1,40,1,1,1
41,1,17,1,4302,23,9,40,1,1,0
44,1,19,3,6235,10,0,40,2,1,0
39,3,21,1,2303,35,1,40,2,1,0
21,1,14,5,9290,21,2,40,1,1,0
27,2,21,1,2334,19,0,4,2,1,0
46,1,19,1,521,4,1,50,1,1,1
21,1,16,5,9482,40,2,40,1,1,0
52,1,16,1,6740,5,1,40,1,1,1
59,1,16,1,4118,41,0,10,2,1,0
31,1,20,1,5214,12,1,10,2,1,0
45,1,16,1,5568,2,1,40,2,1,0
48,1,21,3,345,27,0,40,1,1,1
47,1,19,1,6421,11,0,40,1,1,1
23,1,18,5,4650,7,2,11,2,1,0
41,1,18,1,5381,6,0,40,1,1,0
48,1,12,3,5993,297,0,40,2,1,0
44,1,16,3,5924,5,0,40,2,1,1
56,2,21,1,2941,30,1,40,2,1,1
21,1,16,5,4151,31,2,40,1,1,0
54,1,20,1,3428,37,1,40,2,1,0
48,1,21,1,224,39,1,40,1,1,1
31,1,21,5,1001,38,0,40,1,1,1
66,1,19,3,5835,22,0,40,2,1,0
44,1,21,1,511,44,0,40,1,1,1
17,1,19,5,2707,40,2,16,1,1,0
40,1,21,1,1192,20,0,40,1,1,1
28,1,16,5,9103,33,13,40,1,1,0
59,1,21,1,4854,20,1,40,2,1,1
39,1,21,1,1416,37,1,40,1,1,1
24,1,21,5,3379,39,13,40,2,1,0
40,1,21,1,10,4,1,50,1,1,1
39,1,19,1,5918,313,1,40,1,1,0
47,1,20,3,807,16,0,50,1,1,1
37,1,21,1,1189,16,1,40,1,1,1
47,1,10,1,6240,6,1,40,2,1,0
17,1,18,5,4153,33,2,8,2,1,0
28,2,22,5,2266,5,2,12,2,1,0
34,1,21,1,3168,35,1,40,2,1,0
41,1,21,1,2245,4,0,40,2,1,0
33,1,21,3,1204,22,0,40,1,1,1
56,1,16,1,5486,24,0,40,2,1,0
50,1,19,1,5642,4,1,40,1,1,0
31,1,21,3,625,37,0,40,1,1,0
22,1,19,5,4683,21,2,32,2,1,0
50,1,21,3,11,10,0,40,1,1,1
55,1,21,1,3350,24,0,40,2,1,0
29,1,21,3,1067,32,0,40,2,1,0
23,1,16,5,6121,33,13,40,1,1,0
20,1,16,5,4197,7,2,9,1,1,0
41,1,10,3,5954,16,0,40,2,1,0
44,1,21,1,3266,24,0,40,2,1,1
29,1,21,1,1432,4,1,40,1,1,1
18,1,15,5,4105,39,17,40,1,1,0
62,1,16,1,5796,6,1,40,2,1,0
46,1,16,5,5843,232,0,40,1,1,1
38,1,11,5,9436,301,13,40,1,8,0
18,1,19,5,4676,7,12,40,1,1,0
61,1,16,1,5766,37,1,40,2,1,0
30,1,17,5,8967,39,13,40,1,1,0
24,1,19,3,3640,42,12,40,2,1,0
22,1,16,1,4219,39,9,40,2,1,0
33,1,16,1,4151,16,1,40,2,1,0
19,1,16,5,4178,39,2,40,1,1,0
26,1,16,5,5613,37,13,40,1,1,0
22,1,16,5,4183,39,2,10,2,1,0
60,2,21,5,2949,19,0,40,2,1,1
47,1,16,1,7667,16,0,50,1,1,1
28,1,19,1,6011,19,0,40,2,1,0
29,1,21,5,2245,18,2,40,2,1,0
46,1,22,1,327,13,0,40,1,1,1
63,1,9,1,4125,39,1,11,2,1,0
22,1,19,5,5856,25,13,40,2,1,0
60,1,20,1,3356,19,0,31,2,1,0
52,1,21,1,584,40,1,40,1,1,1
20,1,19,5,3739,26,12,40,1,1,0
47,1,20,1,6095,33,1,40,2,1,1
25,1,16,5,3897,40,16,40,1,1,0
25,1,16,1,4240,22,1,40,2,1,0
25,1,16,5,5530,4,13,40,1,1,0
22,1,19,5,6120,27,17,40,1,1,0
52,1,16,1,5195,39,0,40,1,1,1
28,1,16,5,5424,38,0,40,2,1,0
22,1,16,5,4091,49,2,40,1,1,0
32,1,16,5,5776,7,13,40,2,1,0
55,1,17,1,3897,35,1,40,2,1,0
47,1,18,5,5593,8,0,40,2,1,0
31,1,19,3,5544,5,0,11,2,1,0
49,1,17,3,6945,36,0,40,1,1,1
61,1,21,3,3543,21,0,40,2,1,0
52,1,19,1,5551,29,1,40,2,1,0
30,1,16,1,4736,36,1,14,2,1,0
22,1,19,5,4623,31,13,10,2,1,0
58,1,16,5,5727,39,0,40,1,1,1
31,1,19,1,5471,32,1,40,2,1,0
28,1,16,1,9619,311,10,40,1,1,0
62,1,16,1,6372,39,1,40,2,1,0
52,1,19,1,10,27,0,50,1,1,1
26,1,16,5,9719,35,2,40,1,1,0
51,1,16,3,9183,6,0,40,1,1,1
26,1,16,5,3908,23,2,40,1,1,0
25,1,16,1,4129,301,1,15,2,1,0
47,1,19,5,5725,6,0,40,2,1,0
61,1,17,1,9184,9,0,40,1,1,0
26,1,22,1,2201,218,10,6,2,6,0
26,1,16,5,4217,14,12,33,2,1,0
38,1,21,1,2730,35,1,40,2,1,0
30,1,18,5,9529,23,13,40,1,1,0
45,1,16,1,515,8,1,50,1,1,1
28,1,18,3,4120,37,0,40,2,1,0
62,1,20,1,5720,27,1,40,2,1,0
35,1,21,1,2169,7,1,40,2,1,1
49,1,21,5,3519,5,13,40,2,1,1
49,1,21,1,3492,40,1,40,2,1,0
42,3,21,1,2578,16,1,40,2,1,1
32,1,21,1,3619,34,1,40,2,1,0
45,1,18,1,9513,2,0,40,1,1,1
32,1,21,3,3572,29,0,40,2,1,0
20,1,19,5,9796,37,16,40,1,1,0
24,1,19,3,6418,6,0,40,1,1,0
34,1,21,5,709,40,13,40,1,1,0
48,1,19,1,5374,8,0,40,2,1,1
25,1,20,3,2437,21,0,9,2,1,0
27,1,16,5,4010,204,2,40,2,6,0
51,1,22,1,1566,204,0,40,1,6,1
58,1,19,1,6117,35,1,40,2,1,0
21,1,16,5,5643,40,13,40,1,1,0
22,1,16,5,4239,9,17,40,1,1,0
55,1,19,1,5131,18,0,40,2,1,0
55,1,16,1,3745,26,1,40,2,1,0
45,1,21,3,278,39,0,50,1,1,1
20,1,19,5,4741,52,2,7,1,1,0
19,1,16,5,4152,2,10,40,1,8,0
39,3,21,1,2396,28,0,40,2,1,0
29,1,19,5,4824,39,0,40,2,1,0
41,1,21,1,3195,27,1,40,2,1,0
48,1,19,3,412,12,0,40,1,1,1
59,1,21,1,370,19,0,40,1,1,1
20,1,16,5,4786,20,2,8,2,1,0
24,1,18,5,4135,26,2,16,2,1,0
19,1,19,5,4610,16,2,7,1,1,0
20,1,18,3,4180,6,2,40,2,1,0
24,1,19,3,5292,35,0,40,2,1,0
52,1,16,1,6487,9,0,40,2,1,0
22,1,16,5,4140,19,2,15,2,1,0
60,1,19,1,5713,37,0,40,1,1,0
49,1,12,1,4379,241,1,40,1,6,0
27,1,21,1,2451,47,1,9,2,1,0
44,1,21,1,5091,3,0,40,1,1,0
30,1,21,5,1142,7,0,40,1,1,1
50,1,21,5,1146,28,0,40,1,1,1
29,1,16,1,6182,23,0,40,1,1,0
48,1,21,1,181,39,1,40,2,1,1
63,1,17,1,9337,21,1,40,1,1,0
59,1,16,1,4539,33,0,40,1,1,0
31,1,19,5,5570,37,0,40,1,1,0
56,1,19,1,5187,35,0,40,1,1,1
40,1,19,1,6026,40,1,40,1,1,0
52,1,16,1,5399,22,1,40,1,1,0
50,1,16,5,5223,10,13,40,2,1,0
48,1,19,1,7022,24,0,40,1,1,1
18,1,6,5,4214,24,17,5,1,1,0
27,1,10,5,4118,300,0,40,1,1,0
42,1,19,1,6234,218,0,40,1,6,1
51,1,16,1,7177,36,1,40,1,1,1
29,1,21,5,1088,7,0,40,1,1,1
27,1,19,5,5758,37,2,40,2,1,0
26,1,16,1,5084,222,0,32,2,6,0
26,1,19,1,4781,10,0,9,2,1,0
62,1,16,3,3973,38,0,15,2,1,0
26,1,16,5,5385,41,13,40,1,1,0
25,1,19,5,6310,36,0,40,1,1,0
51,1,16,3,8004,16,0,50,1,1,1
49,1,20,1,188,40,0,50,1,1,1
27,1,19,5,5830,6,13,40,1,1,0
29,1,17,5,9643,43,2,40,1,1,0
37,1,21,1,1033,6,1,40,1,1,1
32,1,21,1,2046,3,0,40,1,1,0
48,1,22,1,210,40,0,40,1,1,1
61,1,16,1,8960,40,1,40,1,1,0
53,1,16,1,7366,20,1,40,1,1,1
62,1,16,3,6043,39,0,40,2,1,1
58,1,19,3,3966,41,0,40,2,1,0
42,1,19,3,5554,3,0,40,1,1,0
33,1,21,5,4721,44,0,40,1,1,0
28,1,21,5,1598,17,0,40,1,1,1
19,1,19,5,4763,48,16,10,1,1,0
45,1,21,1,3150,23,0,40,1,1,1
57,1,19,3,4387,47,0,40,1,1,1
55,1,20,1,136,38,1,40,2,1,1
48,1,21,3,3227,234,0,40,2,6,0
43,1,19,1,6100,10,0,40,1,1,1
33,3,21,1,2509,27,0,40,2,1,1
26,1,21,5,2541,35,0,40,2,1,0
33,1,21,5,2937,37,0,40,1,1,1
18,1,19,5,4731,19,17,9,2,1,0
52,1,16,1,387,25,0,50,1,1,1
27,1,16,5,5212,9,0,40,1,1,0
37,1,21,1,5971,38,0,40,1,1,0
51,1,16,3,262,307,0,40,1,1,1
34,1,21,5,763,34,0,40,1,1,1
46,1,21,3,735,8,0,40,1,1,1
24,1,16,5,4162,10,2,40,2,1,0
44,1,16,1,5296,308,0,30,2,1,0
61,1,19,1,6039,24,0,40,2,1,0
28,1,16,5,4145,36,13,40,1,1,0
29,1,21,5,4309,38,0,40,1,1,0
27,1,21,1,2319,41,1,6,2,1,0
43,1,19,5,4831,321,13,40,2,1,1
66,1,16,3,5720,29,0,40,1,1,0
48,1,18,1,6131,31,0,40,1,1,1
31,1,22,5,858,38,0,40,1,1,1
30,1,16,1,4838,39,0,14,2,1,0
21,1,19,5,4776,38,13,40,2,1,0
28,3,22,1,2247,6,1,11,2,1,0
31,1,21,5,1098,29,0,40,1,1,1
30,1,16,5,6229,22,0,40,1,1,1
28,1,21,1,5817,40,1,40,2,1,0
26,1,16,5,9264,28,13,40,1,1,0
28,3,21,1,2220,1,1,11,2,1,0
65,2,21,1,2133,38,1,9,2,1,0
58,1,16,1,6025,36,0,40,1,1,0
27,1,16,1,4232,48,0,40,1,1,0
51,1,21,1,150,16,0,40,1,1,1
18,1,16,5,4656,27,2,11,2,1,0
30,1,19,5,5265,30,2,40,2,1,0
45,1,16,1,266,226,0,40,1,6,1
19,1,9,5,4123,3,2,17,1,8,0
19,1,16,5,4051,10,17,4,1,1,0
29,1,18,3,6639,24,0,40,1,1,0
55,1,16,5,5744,307,0,40,1,1,1
70,1,21,1,3368,37,0,33,2,1,0
35,1,17,3,4036,319,0,40,1,1,0
29,1,16,1,4102,8,1,32,2,1,0
28,1,21,5,4688,23,2,40,2,1,0
51,1,16,5,6335,8,0,40,1,1,0
22,1,19,5,5762,20,2,40,2,1,0
31,1,17,3,3987,9,0,40,2,1,0
51,1,21,1,3425,29,0,40,2,1,0
58,2,21,1,2455,26,0,40,2,1,1
60,1,16,3,5403,36,0,40,1,1,0
33,1,21,5,347,37,0,40,2,1,1
28,1,21,5,4837,20,2,40,1,1,0
49,1,16,1,8083,33,1,50,1,1,1
23,1,21,5,2381,39,17,40,2,1,0
49,1,16,1,8632,38,1,40,1,1,0
35,1,19,1,6448,36,0,40,1,1,0
26,1,17,5,4082,42,13,40,1,1,0
20,1,18,5,5896,6,13,40,2,1,0
22,1,19,5,5631,5,2,40,1,1,0
46,1,19,1,532,39,0,40,1,1,1
19,1,14,5,4165,18,17,13,1,1,0
37,1,21,3,1377,37,0,40,1,1,1
33,1,19,1,5744,53,1,40,2,1,0
63,1,16,1,4997,41,0,40,2,1,0
50,3,21,1,2418,6,0,40,2,1,0
45,1,18,1,7582,312,1,40,1,1,1
35,1,21,1,1017,3,0,40,1,1,1
19,1,10,5,4202,329,2,32,1,6,0
53,1,18,1,5321,15,1,40,2,1,0
47,1,19,1,412,226,1,40,2,6,1
59,1,16,1,6315,22,0,40,2,1,0
18,1,19,5,4733,51,2,8,1,1,0
24,1,16,5,3683,1,12,40,2,1,0
28,1,19,3,4687,3,0,40,2,1,0
35,1,21,5,3695,8,13,40,2,1,1
55,1,16,1,9091,39,1,40,1,1,0
52,1,21,1,371,42,0,40,1,1,1
38,1,21,1,1143,5,0,40,1,1,1
23,1,21,1,2356,14,0,14,2,1,0
17,1,19,5,4588,46,17,8,1,1,0
46,1,21,3,1287,228,0,40,1,6,1
50,1,16,1,5298,39,1,40,2,1,0
37,1,20,1,2791,38,1,40,2,1,0
41,1,21,1,1019,6,1,40,2,1,1
29,1,19,3,5346,7,0,40,1,1,0
31,1,21,5,5291,38,13,40,1,1,0
29,1,16,5,5741,233,0,40,2,8,0
19,1,16,5,4133,26,2,40,1,1,0
44,1,21,3,5536,39,0,40,1,1,0
33,1,20,5,177,13,0,40,1,1,1
25,1,21,1,1990,46,1,12,2,1,0
18,1,14,5,3936,316,2,12,1,8,0
36,1,16,3,5461,36,0,40,1,1,0
19,1,14,5,4675,11,17,9,1,6,0
26,1,16,5,4049,7,0,40,2,1,0
45,1,18,1,6203,212,0,40,1,6,0
31,3,22,1,2290,5,1,10,2,1,0
78,1,22,1,3326,16,1,40,2,1,1
34,1,16,5,9175,22,0,40,1,1,1
47,1,21,5,10,1,13,40,1,1,1
51,1,19,1,3428,10,1,40,2,1,0
52,1,22,1,17,41,0,40,1,1,1
20,1,21,5,2650,39,17,14,2,1,0
20,1,19,1,5656,31,10,40,1,1,0
60,1,17,5,6069,20,0,40,1,1,1
27,1,19,3,5109,38,0,11,2,1,0
44,1,19,1,5022,9,0,40,2,1,0
23,1,18,5,4678,23,16,7,1,1,0
55,1,18,1,5943,17,1,40,2,1,0
20,1,19,5,4738,33,2,11,1,1,0
40,1,21,1,1323,35,0,40,1,1,1
26,1,21,5,1086,39,0,40,1,1,0
50,1,21,1,445,19,0,40,2,1,1
25,1,19,1,5261,7,0,11,2,1,0
32,1,19,3,5098,34,0,40,1,1,0
51,1,20,1,268,40,0,50,1,1,1
27,1,16,5,6259,16,13,40,2,1,0
61,1,19,3,5790,9,0,40,1,1,1
27,1,16,5,5041,36,13,40,1,1,0
51,1,20,1,3346,39,0,40,2,1,1
60,1,17,1,4181,17,1,10,2,1,0
23,1,21,5,3673,39,0,40,2,1,0
34,1,21,1,798,22,0,40,1,1,1
32,1,16,1,7533,10,1,40,1,1,0
47,1,19,5,412,12,0,40,1,1,1
21,1,16,5,4285,20,2,8,2,1,0
18,1,14,5,4068,23,17,8,1,1,0
28,1,19,5,5280,53,13,40,1,1,0
56,1,16,5,3694,40,0,40,2,1,0
51,1,18,3,133,34,0,40,1,1,1
51,1,17,5,9386,327,0,40,1,1,0
46,1,7,1,5934,37,0,40,1,1,0
31,1,16,1,4056,320,0,40,2,1,0
47,1,21,1,286,7,0,40,1,1,1
24,1,19,5,4988,14,2,16,2,1,0
34,1,19,1,4794,52,0,40,2,1,0
30,1,23,1,2578,247,0,19,2,6,0
19,1,19,5,4615,51,17,9,1,1,0
24,1,16,1,4103,20,10,40,2,1,0
42,3,21,1,2397,44,1,40,2,1,1
53,1,18,3,4950,40,0,40,1,1,1
28,1,21,5,699,7,0,40,1,1,1
45,1,21,3,517,5,0,40,1,1,1
25,2,22,5,1987,23,0,40,2,1,1
51,1,21,1,10,40,1,40,2,1,1
45,1,21,1,1399,18,0,40,1,1,1
47,1,19,1,186,38,1,40,1,1,1
22,1,14,5,4220,9,2,6,1,1,0
28,1,16,5,9130,19,13,40,1,1,0
41,1,19,1,7598,32,0,40,1,1,1
24,1,21,5,6186,4,0,40,2,1,0
57,1,16,1,5822,38,1,40,2,1,0
57,1,16,1,3784,38,1,40,2,1,0
36,1,21,1,2316,40,1,40,2,1,1
21,1,18,5,4699,41,12,34,2,1,0
51,1,21,3,98,18,0,50,1,1,1
55,1,19,1,5140,37,0,40,2,1,0
25,1,16,5,5835,16,2,40,1,1,0
35,1,21,5,1338,22,0,40,1,1,1
56,1,20,1,1899,10,1,10,2,1,0
54,1,19,1,34,23,0,50,1,1,1
22,1,6,5,9119,13,16,40,1,1,0
54,1,16,3,7149,21,0,40,1,1,1
57,1,19,1,5320,36,0,40,2,1,0
30,1,16,5,9057,317,0,40,1,1,0
31,1,21,5,1149,32,0,40,1,1,1
42,1,22,3,201,37,0,40,1,1,1
60,1,16,1,5985,35,1,9,2,1,0
51,1,1,1,4129,301,10,40,2,1,0
19,1,21,5,2113,5,17,7,2,1,0
48,1,21,1,10,35,1,50,1,1,1
47,1,16,1,6290,320,0,40,1,6,0
18,1,16,5,4659,24,2,7,2,1,0
43,1,19,3,6028,9,0,40,2,1,0
35,1,22,1,2432,10,1,40,2,1,0
25,1,16,5,9199,9,0,40,1,1,0
30,1,21,5,777,28,0,40,1,1,1
39,1,21,1,747,10,0,40,1,1,1
24,1,19,5,4749,36,17,5,2,1,0
20,1,14,5,9006,24,16,40,1,1,0
30,1,22,1,1879,6,0,40,1,1,0
31,1,21,5,901,20,0,40,1,1,1
52,1,16,1,5801,6,1,40,1,1,1
19,1,16,5,4114,51,17,9,2,1,0
60,1,20,1,5572,26,0,40,2,1,0
54,1,19,3,320,16,0,40,1,1,1
46,1,16,3,5494,8,0,40,2,1,0
32,1,19,1,5062,6,10,40,2,1,0
50,1,20,3,5158,10,0,40,2,1,0
47,1,18,5,6212,4,13,40,2,1,0
22,1,19,5,4640,40,17,11,1,1,0
47,1,16,1,5198,303,0,40,1,1,0
32,1,21,1,5283,37,0,40,1,1,0
64,1,21,3,238,23,0,40,2,1,1
44,1,12,1,4127,4,10,34,2,1,0
45,1,16,1,5177,4,0,40,2,1,1
29,1,21,1,2150,35,0,40,2,1,0
24,1,16,5,4586,13,2,33,2,1,0
21,1,19,5,2499,34,2,20,2,1,0
29,2,21,5,2246,8,2,12,2,1,0
47,1,21,1,10,8,1,60,1,1,1
41,1,11,1,8983,310,1,40,1,6,1
31,1,21,5,295,6,13,40,1,1,1
58,1,19,1,5955,21,1,40,2,1,0
37,1,21,1,1089,31,0,40,1,1,1
31,1,21,5,6234,44,0,40,1,1,0
38,1,22,1,1486,4,0,40,1,1,1
42,3,21,1,2238,230,1,9,2,6,0
26,1,21,5,2450,8,0,40,2,1,0
41,1,16,5,5432,7,0,40,2,1,0
19,1,19,5,4761,8,17,14,2,1,0
33,1,21,1,4981,36,0,40,2,1,0
62,1,20,1,5396,5,9,40,2,1,0
26,1,16,3,4006,27,0,5,2,1,0
54,1,16,1,7974,24,1,40,1,1,1
31,1,21,1,2189,4,1,40,1,1,1
46,1,20,5,472,35,0,40,1,1,1
46,1,21,1,3179,11,1,40,2,1,0
48,1,22,1,1646,3,0,40,1,1,1
51,1,22,1,3223,34,0,40,2,1,1
25,1,21,5,4798,37,13,40,2,1,0
20,1,16,5,4237,34,2,40,1,1,0
19,1,14,5,4123,55,2,14,1,1,0
52,1,21,1,217,41,0,40,1,1,1
59,1,21,1,2691,311,1,12,2,1,0
19,1,7,5,3967,20,2,19,1,1,0
38,1,16,1,4426,317,1,40,1,1,0
24,1,21,1,2237,40,0,11,2,1,0
22,1,19,5,5207,12,2,12,2,1,0
22,1,21,5,993,35,0,40,1,1,1
71,3,21,1,2538,14,0,8,2,1,0
45,1,21,1,38,4,0,40,1,1,1
30,1,16,5,6052,12,13,40,1,1,0
30,1,21,5,1469,1,0,40,1,1,1
25,1,21,3,2579,25,0,40,2,1,0
47,1,21,5,3189,5,0,40,2,1,1
45,1,16,1,5257,11,1,40,2,1,0
59,1,16,1,4310,37,1,40,2,1,0
27,1,19,5,5420,12,0,40,2,1,0
23,1,19,5,4671,28,17,11,2,1,0
50,1,19,1,7494,20,1,50,1,1,1
19,1,15,5,4142,35,2,13,2,1,0
41,1,21,1,480,41,0,50,1,1,1
22,1,19,3,3890,42,0,15,2,1,0
20,1,14,5,9083,24,16,6,1,1,0
52,1,16,1,4076,305,1,40,2,1,0
37,1,21,1,2284,39,0,40,2,1,1
60,1,16,3,3700,15,0,31,2,1,0
47,1,21,1,483,6,0,40,2,1,1
26,1,21,3,2273,40,12,40,2,1,0
20,1,19,5,5049,18,12,33,2,1,0
25,1,16,1,4040,13,1,40,2,1,0
24,1,21,5,4831,37,0,40,2,1,0
25,1,17,5,4006,51,17,40,2,1,0
34,1,21,1,2371,6,1,40,2,1,0
29,1,16,5,6016,1,0,40,1,1,0
25,1,19,1,5581,24,0,40,2,1,0
27,1,19,5,3600,39,13,31,2,1,0
27,1,19,1,5015,309,0,40,2,6,0
72,2,21,3,3031,6,0,40,2,1,1
47,1,21,1,326,39,0,40,1,1,1
51,1,21,1,3042,41,1,40,2,1,1
62,1,19,1,6056,32,0,40,2,1,0
48,1,9,5,4262,314,0,40,2,1,0
38,3,21,1,2665,19,1,40,2,1,1
26,1,21,1,2337,18,1,40,2,1,0
58,1,19,1,6200,34,0,40,2,1,0
40,1,19,1,4503,39,1,40,1,1,0
60,1,19,1,6496,12,0,40,1,1,0
28,1,22,5,2153,8,0,40,1,6,0
51,1,21,5,346,42,0,40,1,1,1
33,1,21,1,2221,15,1,40,2,1,1
40,1,21,1,80,34,0,50,1,1,1
57,1,16,1,3624,22,1,11,2,1,0
39,3,21,1,2516,8,1,40,2,1,1
32,1,16,1,5567,50,0,40,1,1,0
39,1,21,1,947,27,1,40,1,1,1
35,2,21,1,2056,18,1,40,2,1,1
50,1,19,1,4899,21,1,40,1,1,0
34,1,21,5,357,34,0,40,1,1,1
26,1,19,1,5533,303,10,40,2,8,0
49,1,21,1,287,38,1,50,1,1,1
20,1,19,5,4167,7,2,13,1,1,0
56,1,18,1,5814,39,1,40,1,1,1
50,1,21,1,324,14,0,50,1,1,1
34,1,19,1,5490,38,0,40,2,1,0
46,1,19,1,6359,3,0,40,1,1,1
54,1,20,5,3411,11,0,40,2,1,1
21,1,16,5,4182,20,17,40,1,1,0
25,1,16,5,5857,33,0,40,1,1,0
31,1,16,5,4325,6,13,40,1,1,0
19,1,19,5,4782,20,2,10,2,1,0
48,1,21,1,178,10,1,50,1,1,1
40,2,22,1,2064,4,0,40,2,1,0
32,1,19,1,5787,5,0,40,1,1,0
21,1,19,5,4658,7,2,14,1,1,0
28,1,16,1,5690,16,0,6,2,1,0
49,1,16,1,120,4,1,50,1,1,1
24,1,20,5,3440,40,0,40,2,1,0
46,1,22,3,1026,224,0,40,1,6,1
45,1,16,1,9382,40,1,40,1,1,0
41,1,19,5,6513,38,0,40,1,1,1
50,1,21,1,180,38,1,50,1,1,1
56,1,16,1,4258,43,1,40,2,1,0
28,1,16,3,4047,35,0,32,2,1,0
24,3,21,5,2637,17,0,40,2,1,1
40,1,21,1,1003,213,1,40,1,6,1
46,1,16,1,4120,310,0,40,2,1,0
31,1,16,1,4320,47,1,40,2,1,0
25,1,16,1,4169,51,1,40,2,1,0
21,1,16,5,4166,37,2,40,1,1,0
33,1,16,1,4508,6,1,17,2,1,0
25,1,19,5,5345,6,2,40,1,1,0
22,1,19,5,4717,20,17,40,2,1,0
74,2,21,1,2031,21,1,11,2,1,0
57,1,16,1,5038,13,0,40,1,1,0
39,1,22,1,1447,10,0,40,1,1,1
22,1,19,5,4727,39,17,8,2,1,0
57,1,19,1,213,40,1,40,1,1,1
24,1,18,5,6127,31,2,40,1,1,0
46,1,19,1,4935,39,1,40,1,1,1
54,1,19,1,158,18,1,40,1,1,1
45,1,20,1,4847,6,0,40,2,1,1
51,1,21,3,67,16,0,40,1,1,1
52,1,21,1,1044,32,0,40,1,1,1
45,1,21,1,173,5,1,40,1,1,1
36,1,20,1,4033,238,1,11,2,6,0
54,1,16,1,5814,33,1,40,1,1,1
51,1,19,1,5639,7,0,40,2,1,0
48,3,21,1,2372,38,1,40,2,1,0
26,1,19,5,5217,4,2,32,2,1,0
70,1,21,1,5264,11,0,6,2,1,0
20,1,16,5,9821,24,2,40,1,1,0
41,1,21,1,5728,41,1,40,2,1,1
37,1,21,1,6055,7,1,40,2,1,0
40,1,21,1,8820,12,0,40,1,1,1
36,1,21,1,2290,10,0,16,2,1,0
31,1,16,1,5640,49,0,40,2,1,0
31,3,21,1,2493,206,1,10,2,1,0
25,1,19,1,5737,19,10,40,2,1,0
45,1,21,1,3324,18,1,40,2,1,1
29,1,21,5,3664,23,0,40,2,1,0
32,1,21,1,3292,1,1,40,2,1,0
68,1,16,1,5459,35,0,40,2,1,1
52,1,16,1,6033,29,1,40,2,1,0
54,1,16,1,5541,40,0,40,1,1,1
51,1,19,3,269,17,0,40,1,1,1
38,1,21,1,1186,25,1,40,2,1,1
39,1,21,1,2235,25,1,40,2,1,0
24,1,21,5,5322,40,0,40,2,1,0
31,1,16,1,5812,38,1,40,1,1,0
39,1,19,1,4928,39,0,40,1,1,0
48,1,16,1,241,7,0,40,1,1,1
26,1,20,1,5150,39,1,10,2,1,0
58,1,20,1,4949,11,9,40,2,1,0
23,1,16,5,4084,4,2,40,1,8,0
47,1,16,1,5655,306,1,40,2,1,0
32,1,19,1,6180,21,1,40,2,1,0
71,3,22,3,2259,37,0,14,2,1,0
23,1,16,5,5281,15,2,40,1,1,0
32,1,16,1,4169,35,9,40,1,1,0
28,1,21,1,5085,23,0,9,2,1,0
28,2,21,5,2449,34,17,30,2,1,0
27,1,10,5,4611,8,16,40,1,1,0
19,1,18,5,4526,3,17,9,2,1,0
61,1,16,1,5101,33,1,40,2,1,1
29,1,22,5,2476,36,0,40,1,1,1
25,1,19,5,5634,9,2,40,1,1,0
42,1,16,1,5864,254,0,40,1,6,1
36,1,21,5,1125,28,0,40,1,1,1
30,1,21,5,5371,1,0,40,1,1,0
41,1,21,1,300,32,1,50,1,1,1
38,1,19,1,6282,43,0,40,1,1,0
47,1,21,1,3474,4,1,40,2,1,1
28,1,19,5,5680,229,12,40,1,6,0
19,1,19,5,2315,18,2,10,2,1,0
61,1,16,1,5620,17,1,40,2,1,0
43,1,19,1,7904,4,0,40,1,1,1
33,1,19,5,3569,38,0,34,2,1,0
42,1,21,5,4008,2,0,40,1,1,1
49,1,21,3,421,37,0,40,2,1,1
31,1,21,1,5513,20,1,40,2,1,0
52,1,19,1,176,33,0,40,1,1,1
27,1,19,1,5678,4,0,40,2,1,0
39,1,16,1,6008,7,1,40,1,1,0
53,1,21,3,93,40,0,40,1,1,1
63,1,18,1,5265,17,1,40,2,1,0
26,1,8,1,4057,307,10,40,1,8,0
31,1,21,5,3417,28,13,40,2,1,0
51,1,19,1,449,31,0,40,1,1,1
25,1,21,5,1259,20,0,40,2,1,0
71,1,19,1,5564,17,0,40,1,1,0
17,1,18,5,4780,19,2,12,2,1,0
19,1,14,5,4191,30,2,40,2,1,0
51,1,16,1,7658,7,1,50,1,1,1
38,1,21,1,6142,36,0,40,1,1,1
22,1,19,5,5275,214,17,40,1,6,0
29,1,21,1,2574,22,1,40,2,1,0
22,1,21,5,1986,8,2,40,2,6,0
19,1,19,5,4757,37,16,9,1,1,0
54,1,18,1,6637,20,0,40,1,1,1
21,1,21,5,4690,35,15,40,1,1,0
55,1,20,5,481,16,0,40,1,1,1
27,1,19,5,6181,34,0,40,2,1,0
30,1,19,5,5893,227,0,40,1,6,0
55,1,16,3,7523,41,0,50,1,1,1
50,1,21,1,4964,37,0,40,2,1,0
54,1,16,1,5416,27,1,40,2,1,0
43,1,21,1,1177,28,0,40,1,1,1
23,1,19,5,5979,37,13,40,2,1,0
44,1,16,1,5403,218,0,40,1,6,1
50,1,21,1,306,19,0,40,1,1,1
43,1,12,1,8901,304,1,40,1,1,0
21,1,19,5,4714,4,2,30,2,1,0
54,1,16,5,6539,9,0,40,1,1,1
41,1,19,5,6358,12,0,40,1,1,0
19,1,14,5,4190,8,2,10,2,1,0
45,1,17,1,8853,37,1,40,2,1,0
28,1,16,1,4025,317,1,40,2,1,0
45,3,22,1,2362,41,1,40,2,1,1
38,1,21,1,1845,17,0,40,1,1,1
54,1,18,5,5259,8,0,40,1,1,1
24,1,16,5,4321,38,2,40,1,1,0
34,1,21,1,1015,19,1,40,1,1,1
42,3,22,1,2482,47,0,40,1,1,1
52,1,21,3,3647,26,0,40,2,1,1
28,1,21,5,1075,33,0,40,1,1,1
20,2,21,5,2236,31,12,12,2,1,0
31,1,8,1,7349,55,0,40,1,1,0
39,1,18,1,41,33,0,40,1,1,1
44,1,21,1,3060,6,1,40,1,1,1
50,1,21,1,386,6,1,50,1,1,1
59,1,16,1,30,35,0,40,1,1,1
51,1,16,1,6547,52,1,40,2,1,0
33,1,21,1,2099,47,1,40,2,1,0
61,1,21,1,2090,11,0,40,2,1,0
20,1,16,5,4226,38,2,32,2,1,0
73,2,21,3,2425,39,0,8,2,1,0
23,1,19,5,4817,23,2,8,2,1,0
55,1,16,1,4803,8,1,40,2,1,0
57,2,21,1,2180,39,1,8,2,1,0
17,1,19,5,4159,44,2,40,1,1,0
37,1,19,5,4895,8,0,40,1,1,1
19,1,19,5,9519,20,2,9,1,1,0
47,1,21,1,819,15,0,50,1,1,1
47,1,18,1,5126,200,0,40,1,6,0
41,3,21,1,2273,17,0,40,2,1,1
51,1,16,1,5396,27,0,40,1,1,1
34,1,21,1,1046,27,0,40,1,1,1
42,1,21,3,4659,2,0,40,1,1,1
21,1,19,5,5727,30,2,40,2,1,0
51,1,19,1,6076,7,1,40,2,1,0
45,1,16,3,6227,13,0,40,1,1,1
50,1,21,1,310,38,1,40,2,1,1
33,1,22,1,2979,6,1,40,1,1,1
30,1,18,1,5911,38,1,40,2,1,0
20,1,16,5,4613,40,16,8,1,1,0
28,1,16,1,4039,17,1,40,2,1,0
43,1,21,1,1059,37,0,40,1,1,1
47,1,22,3,1427,223,0,40,1,6,1
54,1,17,3,4189,314,0,40,2,1,0
66,1,21,1,3432,42,0,40,2,1,0
20,1,21,5,5109,33,2,32,2,1,0
30,1,21,5,5827,12,2,40,2,1,0
55,1,16,1,5222,24,1,40,2,1,0
60,1,19,1,281,40,1,40,2,1,1
42,1,9,1,6596,39,10,40,1,1,0
48,1,21,3,423,9,0,40,1,1,1
57,1,19,1,3735,7,0,40,2,1,0
22,1,19,5,4089,5,0,16,2,1,0
37,1,21,1,2365,31,0,40,1,1,1
29,1,21,1,5165,2,0,40,1,6,0
37,1,21,1,1331,21,1,40,1,1,1
37,1,16,1,7135,22,1,40,1,1,1
49,1,19,1,10,44,0,50,1,1,1
29,1,21,1,2426,16,1,40,2,1,0
42,1,19,3,5466,44,13,40,1,1,0
44,1,21,3,336,2,0,40,1,1,1
53,1,16,3,488,7,0,40,1,1,1
50,1,16,5,5921,42,0,40,1,1,1
25,1,16,3,4187,22,0,40,2,1,0
46,1,21,1,766,12,0,40,1,1,1
53,1,21,5,487,33,0,40,2,1,1
61,2,21,1,2171,30,1,40,2,1,0
53,1,19,1,5930,12,0,40,2,1,0
19,1,16,5,4019,25,2,10,1,1,0
46,1,21,1,633,18,0,50,1,1,1
34,1,22,5,2424,17,0,40,2,1,1
49,1,16,5,5632,13,0,40,1,1,0
46,1,16,1,5675,39,0,40,1,1,0
60,1,19,1,5036,35,0,40,2,1,0
23,1,9,5,4309,45,10,40,1,1,0
30,1,16,1,4132,310,0,33,2,1,0
48,1,21,1,2927,34,0,40,1,1,1
38,1,16,5,5824,35,13,40,1,1,0
54,1,19,1,4508,43,0,40,1,1,1
57,1,16,5,7255,32,0,40,1,1,1
46,1,21,5,2941,237,13,40,2,1,1
40,1,19,5,6259,40,13,40,1,1,0
58,1,20,1,2686,19,0,40,2,1,0
30,1,17,5,4296,6,0,40,2,1,0
59,1,20,1,3341,20,1,40,2,1,1
49,1,20,1,5031,12,1,40,2,1,0
28,1,19,5,5112,4,2,40,1,8,0
19,1,19,5,4055,10,17,40,1,1,0
59,1,19,1,443,37,0,40,1,1,1
50,1,20,5,5038,37,0,40,1,1,1
53,1,19,5,329,36,0,40,1,1,1
59,1,21,1,3387,38,1,40,2,1,1
64,1,20,1,2247,38,1,9,2,1,0
29,1,19,5,4841,37,0,40,1,1,0
46,1,19,3,5622,28,0,40,1,1,0
20,1,16,5,4167,18,2,40,1,1,0
24,1,16,5,4044,5,5,40,2,1,0
31,1,22,5,3244,31,13,40,2,1,1
47,1,16,1,4080,302,0,40,2,1,0
26,1,19,1,5716,5,10,40,2,1,0
44,1,19,1,5566,4,0,40,1,1,1
57,1,16,1,6025,16,1,31,2,1,0
32,1,21,5,1470,14,13,40,1,1,1
51,1,21,1,519,12,1,40,1,1,1
23,1,18,5,4026,19,2,11,1,1,0
52,1,16,1,6029,27,1,40,2,1,0
21,1,19,5,4754,41,17,10,1,1,0
38,1,18,3,5200,37,0,40,1,1,0
61,1,21,1,3103,36,1,40,2,1,1
27,1,19,1,5739,57,10,40,2,1,0
43,1,19,1,467,6,0,40,1,1,1
47,1,10,1,4028,302,1,38,2,1,0
45,1,19,1,5798,316,0,40,1,6,1
19,1,15,5,4071,6,2,40,2,1,0
55,1,18,1,7347,34,0,50,1,1,1
43,1,10,1,6849,303,1,40,1,1,1
50,1,21,3,500,2,0,40,1,1,1
42,3,22,1,2297,6,1,40,2,1,0
49,1,19,1,449,39,0,50,1,1,1
43,1,21,1,379,22,1,50,1,1,1
54,1,16,1,7395,35,0,40,1,1,1
21,1,14,5,4151,7,17,8,2,1,0
51,1,16,3,331,36,0,50,1,1,1
23,1,16,5,4085,36,16,40,2,1,0
35,1,21,1,6015,41,0,40,1,1,0
45,1,21,1,3073,9,0,40,2,1,1
25,1,21,5,3570,26,0,40,2,1,0
21,1,14,5,4217,7,17,11,1,1,0
28,1,16,5,4671,25,13,40,2,1,0
27,1,19,1,5745,34,0,40,2,1,0
28,1,19,5,5610,22,13,40,1,1,0
26,1,16,3,3955,35,0,31,2,1,0
41,1,21,1,1149,310,0,40,2,6,1
61,1,21,3,3593,18,0,40,2,1,1
27,1,7,5,4057,307,0,40,1,8,0
23,1,19,5,5127,35,2,40,2,1,0
44,1,16,1,7937,43,1,40,1,1,0
47,1,19,1,5843,230,0,40,2,6,1
51,1,22,1,744,38,0,50,1,1,1
31,1,19,1,3672,39,1,5,2,1,0
52,1,16,1,5492,42,1,40,1,1,1
17,1,19,5,4691,9,17,10,2,1,0
30,1,21,5,1475,30,0,40,1,1,0
23,1,21,5,3078,31,0,40,2,1,0
43,1,21,3,10,5,13,40,1,1,1
33,1,21,5,4615,34,0,40,1,1,0
54,1,16,1,5593,43,1,40,2,1,0
32,1,21,5,2501,22,13,40,2,1,0
30,2,21,5,2260,37,0,12,2,1,0
41,1,21,1,292,5,0,40,1,1,1
51,1,21,1,115,41,0,50,1,1,1
55,1,16,1,2649,39,1,9,2,1,0
43,1,21,1,1013,37,1,40,1,1,1
41,1,21,1,601,38,0,40,1,1,1
19,1,16,5,4333,16,2,40,1,1,0
65,1,19,1,5177,36,0,36,2,1,0
44,1,21,1,526,42,0,50,1,1,1
36,1,21,1,1022,287,1,40,2,6,1
18,1,19,5,4729,7,17,11,2,1,0
57,1,18,1,4632,32,0,40,2,1,0
54,1,20,1,3494,6,1,40,2,1,0
31,1,20,1,5898,26,1,40,2,1,0
37,1,21,1,2498,29,0,40,1,1,0
65,1,19,3,4806,36,0,40,2,1,0
30,1,19,5,5207,10,12,40,1,1,0
19,1,19,5,4777,30,16,14,2,1,0
50,1,16,1,5686,39,0,40,1,1,1
45,1,16,3,6477,37,13,40,1,1,1
48,1,21,1,3740,251,0,40,2,1,1
32,1,19,1,5351,19,0,40,2,1,0
63,1,18,1,4052,36,10,30,2,1,0
54,1,19,1,4770,38,1,40,1,1,1
39,1,21,1,2403,28,1,40,2,1,0
32,4,21,1,2127,11,0,40,2,1,0
56,1,16,1,405,40,1,40,1,1,1
28,1,16,5,5897,40,13,40,1,1,0
22,1,18,5,2622,31,2,6,2,1,0
45,1,22,1,3430,219,0,40,2,6,1
17,1,16,5,4715,20,2,12,2,1,0
53,1,21,1,6453,210,0,40,1,6,1
60,1,19,1,5338,9,0,31,2,1,0
47,1,21,1,3218,227,1,40,2,6,0
24,1,19,3,5850,39,0,30,2,1,0
49,1,16,1,7680,7,0,40,1,1,1
50,1,19,1,5512,317,1,40,1,1,0
54,1,16,1,535,33,1,50,1,1,1
51,1,21,1,1311,40,0,50,1,1,1
43,1,22,1,105,13,0,40,1,1,1
29,1,19,3,5252,5,13,40,1,1,0
63,1,17,3,226,39,0,40,1,1,1
26,1,16,5,6003,40,12,40,1,1,0
19,1,16,5,4717,28,2,40,1,1,0
21,1,16,5,4656,14,2,7,2,1,0
27,1,18,5,4714,193,10,33,1,6,0
51,1,16,1,279,4,0,50,1,1,1
68,1,19,3,5257,37,0,40,2,1,0
31,1,21,1,2257,38,0,40,2,1,0
62,2,22,5,3374,37,0,40,2,1,1
44,1,16,3,5356,298,0,40,2,8,0
37,1,19,5,5353,35,0,40,1,1,0
48,1,16,1,9231,247,0,40,1,6,1
48,1,19,1,955,3,1,40,1,1,1
41,1,21,5,408,41,0,40,2,1,1
25,1,11,5,4174,325,10,40,2,6,0
41,1,16,1,4136,45,1,35,2,1,0
61,3,21,1,2380,19,1,10,2,1,0
44,1,19,1,461,7,1,40,1,1,1
34,1,21,1,5729,6,1,40,2,1,0
42,1,21,1,5617,9,0,40,1,1,0
57,1,19,1,596,16,0,40,1,1,1
26,1,21,5,5996,39,13,40,2,1,0
20,1,19,5,4575,225,2,7,1,6,0
54,1,22,3,546,16,0,40,2,1,1
60,1,21,1,2302,25,1,11,2,1,0
43,1,11,1,4195,294,10,40,1,6,0
26,2,21,1,2177,36,1,8,2,1,0
20,1,14,5,4188,48,2,10,1,1,0
51,1,16,3,7559,37,0,50,1,1,1
57,1,16,1,5435,16,1,40,2,1,0
20,1,19,5,2410,17,16,5,2,1,0
29,1,16,1,5013,39,9,40,2,1,0
43,1,22,1,10,35,0,50,1,1,1
27,1,19,5,6180,28,13,40,1,1,0
48,1,21,1,367,26,0,50,1,1,1
56,1,20,1,5598,11,0,40,2,1,0
51,1,21,1,325,25,1,50,1,1,1
49,1,21,3,1153,34,0,40,1,1,1
21,1,19,5,4723,6,2,28,2,1,0
37,1,21,1,2231,5,0,40,1,1,1
21,1,16,5,4116,14,2,40,1,1,0
30,1,19,3,6556,36,0,40,1,1,0
42,3,21,1,2468,8,1,40,2,1,1
29,1,19,3,5572,41,0,40,1,1,0
52,1,19,5,5270,21,0,40,2,1,1
27,1,21,1,2249,41,1,3,2,1,0
51,1,18,3,4311,5,0,40,1,1,0
55,1,16,3,5361,3,0,40,2,1,1
58,1,19,3,5752,28,0,40,2,1,0
24,1,21,1,1983,3,0,40,1,6,0
56,1,20,3,176,16,0,40,1,1,1
29,1,21,5,1511,3,13,40,1,1,1
21,1,16,5,4209,32,2,40,1,1,0
48,1,16,1,7780,38,1,40,1,1,0
35,1,21,1,1101,8,0,40,1,1,1
60,1,17,3,5470,31,0,40,1,1,1
53,1,20,1,5019,32,1,40,2,1,1
27,1,21,5,5392,3,0,40,1,1,1
65,1,16,1,6312,35,0,40,2,1,0
23,1,22,5,3340,38,13,40,2,1,1
40,1,11,5,6130,313,13,40,1,1,0
41,1,19,1,5342,52,0,40,1,1,0
53,1,16,1,6224,39,0,40,2,1,0
57,1,18,3,5859,19,15,40,2,1,0
33,1,21,5,580,27,0,40,1,1,1
45,1,19,1,7823,1,0,50,1,1,1
36,1,22,1,1625,208,0,40,1,1,1
43,1,21,1,602,6,1,40,2,1,1
43,1,21,1,3049,3,0,40,1,1,1
24,1,10,5,5771,19,2,40,1,1,0
51,1,19,1,7446,23,1,50,1,1,1
43,1,16,1,491,223,0,40,1,6,1
20,1,19,5,5437,2,17,40,1,1,0
20,1,16,5,4135,4,16,13,2,1,0
17,1,19,5,4699,52,16,10,2,1,0
18,1,14,5,4002,6,17,8,2,1,0
55,1,16,1,6255,16,1,40,1,1,0
29,1,19,5,5628,42,13,40,2,1,0
49,1,19,1,14,11,0,40,1,1,1
35,1,19,1,5822,34,0,40,1,1,0
63,1,21,1,357,17,1,40,2,1,1
42,1,19,1,7389,4,0,40,1,1,1
53,1,22,1,426,47,0,40,1,1,1
62,1,16,1,6010,22,1,13,2,1,0
45,1,21,1,290,19,0,50,1,1,1
66,1,17,1,4960,19,0,40,2,1,0
53,3,21,5,2589,24,0,50,1,1,1
37,1,17,1,5888,20,1,40,1,1,0
21,1,19,5,5950,9,2,36,1,1,0
22,1,18,5,4170,20,17,7,1,1,0
65,1,19,1,441,36,0,40,2,1,1
17,1,19,5,4779,51,17,6,1,1,0
50,1,16,1,6834,5,1,40,1,1,1
39,1,21,1,2488,24,0,40,2,1,0
40,1,21,1,1221,38,0,40,1,1,1
22,1,19,5,5302,35,2,40,2,1,0
28,1,17,5,9009,24,0,40,1,1,0
52,1,19,1,5906,39,1,40,2,1,0
25,1,16,5,4335,297,10,40,1,8,0
49,1,16,3,7485,28,0,50,1,1,1
58,1,18,1,5216,12,0,40,1,1,0
39,1,20,1,5530,37,1,40,2,1,0
43,1,21,1,2462,5,1,40,2,1,0
32,1,21,5,3661,33,0,40,2,1,1
43,1,19,1,7356,5,0,40,1,1,1
64,3,22,1,2483,38,1,6,2,1,0
24,1,19,5,4562,33,0,40,1,1,0
42,3,21,1,2445,42,9,30,2,1,0
65,1,22,3,3243,40,0,40,2,1,1
26,1,19,1,5459,49,1,12,2,1,0
28,3,21,1,2485,4,0,8,2,1,0
24,1,19,5,4838,5,2,40,2,1,0
53,1,16,3,7369,40,0,40,1,1,1
54,1,17,1,7390,24,0,40,1,1,1
61,2,22,3,2332,16,0,40,2,1,1
28,1,19,1,5097,50,1,40,2,1,0
46,3,22,1,2427,43,0,40,2,1,1
60,1,13,1,5937,25,1,40,1,1,0
38,1,21,5,10,22,0,40,2,1,1
51,1,16,1,5696,15,0,40,1,1,0
47,1,17,1,5649,7,0,40,2,1,0
44,1,20,1,5848,5,1,40,2,1,1
41,1,19,3,5129,1,0,40,1,1,1
42,1,16,5,7401,3,0,40,1,1,1
27,1,19,1,5700,305,0,40,2,6,0
31,1,17,5,4121,14,13,40,2,1,0
25,1,20,1,2283,45,1,8,2,1,0
60,1,20,3,3476,44,0,33,2,1,0
58,1,16,3,4659,48,0,40,2,1,0
42,1,21,1,429,12,1,40,1,1,1
55,1,22,1,579,241,0,40,1,6,1
49,1,19,1,7600,27,0,50,1,1,1
26,1,19,5,4476,7,12,40,1,1,0
21,1,16,5,5521,49,2,40,2,1,0
64,1,19,1,4670,15,0,40,1,1,1
26,1,19,5,6649,34,0,40,1,1,0
24,1,11,5,9298,298,0,40,1,8,0
26,1,16,5,5787,23,0,40,1,1,0
37,1,19,1,6291,33,0,40,1,1,1
25,1,22,5,2586,1,0,40,2,6,0
26,1,14,5,4221,5,16,40,1,1,0
59,1,17,1,5923,14,1,40,1,1,0
40,3,21,1,2487,5,1,40,2,1,0
26,2,21,1,2221,21,0,12,2,1,0
25,1,21,1,2186,4,10,40,2,1,0
29,1,19,1,5671,21,0,40,1,1,0
51,1,16,1,7470,40,0,50,1,1,1
61,1,21,3,6324,34,0,40,2,1,0
57,1,19,1,4607,39,0,40,1,1,1
36,1,21,1,1177,14,0,40,1,1,1
59,1,18,1,4087,15,1,33,2,1,0
21,1,16,5,5545,37,2,40,2,1,0
51,1,21,1,3256,30,1,40,2,1,1
32,1,19,1,5543,12,10,40,2,1,0
25,1,17,3,4036,35,0,40,2,1,0
25,1,19,5,5425,52,0,40,2,1,0
19,1,19,5,2445,58,17,5,1,1,0
20,1,18,5,4632,19,2,11,2,1,0
41,1,21,1,114,38,1,49,1,1,1
37,1,21,1,3063,20,1,40,2,1,0
59,1,16,1,3967,20,1,32,2,1,0
28,1,21,5,2521,35,2,40,1,1,0
30,1,19,1,5845,29,1,40,2,1,0
38,1,16,1,6037,294,0,40,1,1,0
24,1,21,3,2386,39,12,40,2,1,0
44,1,21,1,164,6,0,51,1,1,1
43,1,21,1,1344,4,0,40,1,1,1
37,1,21,3,764,37,0,40,1,1,1
48,1,16,1,7260,34,0,50,1,1,1
52,1,16,1,5502,9,0,40,1,1,0
80,3,22,1,2260,19,0,13,2,1,0
23,1,16,5,7732,23,2,40,1,1,1
55,1,16,1,5426,26,0,40,2,1,0
38,1,16,1,9070,37,0,40,1,1,0
38,1,21,1,2157,11,1,40,2,1,0
52,1,16,3,5679,44,0,40,2,1,0
20,1,13,5,4172,237,5,40,2,6,0
20,1,16,5,4319,28,2,40,1,1,0
61,2,22,1,2169,32,0,40,2,1,0
61,1,19,1,5664,13,0,40,2,1,0
62,1,19,3,5300,21,0,40,2,1,0
44,3,22,1,2587,38,1,15,2,1,0
50,1,16,5,9061,41,0,40,1,1,1
50,1,16,1,8819,6,1,40,1,1,0
32,1,16,3,9368,39,13,40,1,1,0
26,1,21,5,5407,35,2,40,2,1,0
26,1,21,5,2339,7,2,8,2,1,0
19,1,18,5,4488,29,17,9,1,1,0
17,1,14,5,4839,23,2,9,1,1,0
35,1,21,1,771,16,0,40,1,1,1
26,1,16,5,6142,12,0,40,1,1,0
55,1,19,3,5099,39,0,40,1,1,1
49,1,19,1,6315,43,1,40,1,1,1
35,1,21,5,4702,21,0,40,1,1,1
49,1,16,1,4068,328,1,40,2,1,0
29,3,21,1,2282,38,1,9,2,1,0
27,1,19,5,2163,33,17,35,2,1,0
45,1,21,1,1130,35,1,40,1,1,1
46,1,12,1,9267,206,0,40,1,6,0
66,1,16,5,4615,22,0,40,2,1,1
48,1,21,1,315,35,0,40,1,1,1
58,1,16,1,704,14,1,50,1,1,1
51,1,17,5,7070,25,0,40,1,1,1
25,1,21,5,1211,11,0,40,1,1,0
21,1,21,5,2373,5,2,11,2,6,0
62,1,19,1,2648,38,0,13,2,1,0
31,1,19,5,5938,37,0,40,1,1,0
18,1,19,5,4763,2,2,14,2,1,0
50,1,18,1,7694,35,1,40,1,1,1
49,2,21,1,2298,39,1,40,1,1,1
44,1,19,1,6399,40,1,40,1,1,0
28,1,19,1,5630,290,1,40,2,6,0
60,1,16,1,6294,18,0,40,1,1,0
68,1,21,3,3384,38,0,40,2,1,0
20,1,16,5,3986,41,2,40,1,1,0
60,1,16,1,4928,23,0,40,2,1,0
29,1,19,5,5929,23,0,40,1,1,1
41,1,19,1,9132,37,0,40,1,1,1
45,1,21,1,2349,308,1,14,2,6,0
20,1,16,5,9461,5,17,13,1,1,0
40,1,19,1,5431,39,0,40,1,1,0
59,1,19,1,4967,39,0,40,2,1,0
23,1,19,5,5404,37,0,40,2,1,0
43,1,16,1,4263,10,1,40,1,1,0
20,1,14,5,4107,38,2,12,2,1,0
62,1,16,1,5350,18,0,40,1,1,0
46,1,21,3,629,9,0,40,1,1,1
18,1,14,5,4122,50,2,13,2,1,0
23,1,21,5,2320,36,2,31,2,1,0
53,1,16,1,5231,11,0,40,1,1,1
31,1,22,5,2827,209,0,40,1,6,1
24,1,19,5,4614,40,13,40,1,1,0
28,1,16,1,5980,296,0,40,1,1,0
45,1,22,1,35,226,0,50,1,1,1
26,2,21,1,2118,21,0,40,2,1,0
52,1,16,1,6168,17,0,40,1,1,1
57,1,16,3,7634,36,0,40,1,1,1
25,1,9,5,4395,26,16,40,1,1,0
43,1,19,3,569,7,0,40,1,1,1
45,1,19,1,6399,9,0,40,2,1,0
30,1,21,1,1442,10,0,40,1,1,0
32,1,21,5,2144,213,0,40,1,6,1
41,1,21,1,533,2,1,40,1,1,1
50,1,19,1,46,40,1,40,1,1,1
56,1,16,1,6161,34,0,40,1,1,1
59,1,16,1,8677,18,1,40,1,1,0
41,1,21,5,1050,25,0,50,1,1,1
50,3,21,1,2372,25,1,40,2,1,1
25,1,21,3,2578,18,0,16,2,1,0
45,1,18,1,5854,7,1,40,1,1,1
61,1,16,1,9088,45,1,40,1,1,0
57,1,18,1,5426,14,0,40,1,1,1
32,1,21,5,4846,43,13,40,1,1,0
46,3,21,5,2590,8,0,40,2,1,1
40,1,16,1,5905,7,0,40,1,1,0
32,1,16,1,5454,43,1,40,2,1,0
72,2,21,1,3273,27,0,8,2,1,0
45,1,20,5,483,1,0,40,2,1,1
30,1,21,1,3934,232,0,40,2,6,0
63,2,21,1,2074,26,0,40,2,1,1
24,1,21,5,5971,3,0,40,2,1,0
37,1,10,1,6773,303,10,40,1,1,0
46,1,22,1,994,7,1,40,1,1,1
22,1,16,5,4108,5,2,40,2,1,0
40,1,19,1,5960,17,0,40,1,1,1
51,1,20,1,10,25,1,50,1,1,1
49,1,19,3,376,37,0,40,1,1,1
50,1,16,1,6068,39,1,40,1,1,0
63,3,21,1,2489,41,9,40,2,1,0
19,1,19,5,4731,43,2,8,1,1,0
41,1,21,1,5775,5,0,40,2,1,0
44,1,21,5,1400,12,0,40,1,1,1
41,1,16,1,5410,7,1,40,1,1,0
24,1,21,1,5172,3,9,40,2,1,0
45,1,22,1,2883,40,1,40,1,1,1
32,1,19,5,5405,33,13,40,1,1,0
54,1,19,5,5097,16,0,40,2,1,1
20,1,16,5,4051,2,17,40,1,1,0
39,3,21,1,2288,11,0,40,1,1,1
22,1,21,5,2217,6,2,10,1,6,0
59,1,16,1,5249,19,0,40,1,1,1
48,1,21,3,998,1,0,40,1,1,1
30,1,19,5,6121,10,0,40,2,1,0
64,2,21,3,2284,15,0,40,2,1,0
59,1,16,1,5994,36,1,40,2,1,0
42,1,21,1,1047,228,0,40,1,1,1
50,1,16,3,8365,25,0,40,1,1,1
51,1,21,1,476,8,1,50,1,1,1
20,1,19,5,4728,23,17,12,2,1,0
64,1,21,1,5595,18,0,40,2,1,0
19,1,16,5,4032,13,2,5,2,1,0
24,1,16,1,4945,299,1,10,2,1,0
26,1,19,1,6253,218,0,40,2,6,0
47,1,21,1,3159,4,1,40,2,1,1
17,1,16,5,4189,15,2,9,1,1,0
45,1,16,1,6207,3,0,40,1,1,1
63,1,21,1,5436,41,0,40,2,1,0
31,1,21,1,833,39,0,40,1,1,1
17,1,16,5,4746,22,2,13,1,1,0
53,1,16,3,6092,44,0,40,1,1,0
30,1,16,5,7872,311,0,40,1,1,1
41,1,16,1,9063,7,0,40,1,1,0
63,1,18,1,3488,39,1,18,2,1,0
58,1,21,1,3233,11,0,40,2,1,1
54,1,16,3,7695,37,0,50,1,1,1
53,1,16,1,6208,36,1,40,1,1,0
18,1,21,5,2461,8,17,11,1,1,0
46,1,21,1,4946,200,1,40,2,6,1
19,1,19,5,2427,16,2,4,2,1,0
63,1,16,1,5183,20,1,40,2,1,0
47,1,20,3,274,5,0,50,1,1,1
47,1,19,5,5430,40,0,40,2,1,0
22,1,19,5,3842,27,12,40,1,1,0
38,3,21,1,2466,41,1,40,2,1,1
57,1,16,1,5438,6,1,33,2,1,0
26,1,21,1,2024,5,0,5,2,1,0
48,1,19,1,503,34,1,50,1,1,1
42,1,22,1,3423,39,0,40,2,1,1
56,1,16,1,5412,22,1,40,1,1,1
49,1,16,1,3902,37,1,10,2,1,0
18,1,14,5,4039,52,17,16,2,1,0
29,1,16,1,5158,42,1,11,2,1,0
58,1,16,1,5823,35,0,40,1,1,1
24,1,19,3,5294,35,0,31,2,1,0
30,1,16,5,7725,24,0,40,1,1,1
40,1,21,5,1113,38,0,40,1,1,1
33,1,21,1,5498,39,1,40,2,1,0
30,1,16,3,6105,34,15,40,1,1,0
46,1,16,1,10,9,0,50,1,1,1
44,1,22,1,3804,10,1,40,2,1,1
54,1,18,5,7087,37,0,40,1,1,1
44,1,21,1,458,30,0,40,1,1,1
48,1,19,1,434,5,1,40,1,1,1
21,1,18,5,4114,12,17,40,1,1,0
26,1,18,5,5835,14,13,40,1,1,0
53,1,21,1,10,19,1,40,1,1,1
21,1,16,5,4195,45,17,40,1,1,0
29,1,19,1,2206,9,0,13,2,1,0
18,1,16,5,4234,36,2,16,1,1,0
51,1,16,1,6251,38,1,40,2,1,0
34,1,21,5,221,16,0,40,1,1,1
54,1,16,3,6056,38,0,40,2,1,1
47,1,20,1,3516,223,0,40,2,6,0
36,1,19,1,5635,19,1,40,2,1,0
59,1,19,1,6179,38,0,40,1,1,1
25,1,19,3,3652,21,0,40,2,1,0
49,1,20,5,426,30,0,40,1,1,1
38,1,19,5,6030,311,13,40,1,6,1
53,1,16,1,4354,7,0,40,1,1,1
17,1,19,5,4616,8,2,9,2,1,0
49,1,19,3,5721,19,0,40,2,1,0
58,1,16,1,5406,37,0,40,2,1,0
41,1,19,1,6167,23,1,40,1,1,1
28,1,16,5,6800,37,0,40,1,1,0
60,2,21,1,2151,25,1,13,2,1,0
54,1,16,1,9002,29,0,40,1,1,0
48,1,19,1,5587,10,1,40,2,1,1
20,1,19,1,6255,36,0,8,2,1,0
48,3,21,1,2324,20,1,40,2,1,1
44,1,22,1,1204,32,0,50,1,1,1
35,1,22,1,2697,16,1,40,2,1,1
53,1,16,5,5984,24,0,40,1,1,1
56,1,16,5,5478,38,0,40,1,1,1
48,1,12,1,3914,44,1,33,2,1,0
54,1,21,5,10,15,0,40,2,1,1
27,1,19,5,6616,36,2,40,1,1,0
40,3,21,1,2516,21,1,40,2,1,1
38,1,21,5,395,39,0,40,1,1,1
31,1,19,3,5237,7,0,40,2,1,0
29,1,16,5,9541,36,0,40,1,1,0
45,1,21,3,76,7,0,40,1,1,1
37,1,21,1,3680,14,0,40,2,1,1
20,1,15,5,4067,18,2,17,2,1,0
56,1,16,1,6217,32,1,40,1,1,1
56,1,21,1,31,40,1,40,1,1,1
46,1,21,1,10,36,0,50,1,1,1
59,1,16,1,5832,44,1,15,2,1,0
61,1,16,3,6073,37,0,40,1,1,1
60,1,18,1,5968,37,1,40,1,1,0
40,1,21,1,5935,31,0,40,2,1,0
19,1,18,5,4330,55,17,40,1,1,0
64,1,16,1,6037,40,1,40,1,1,1
20,1,21,5,2308,8,12,15,2,1,0
49,1,21,5,5319,38,13,40,2,1,1
45,1,18,1,8655,34,1,40,1,1,0
49,1,16,1,4975,6,1,40,1,1,1
52,1,21,1,82,8,1,40,1,1,1
20,1,16,5,4848,54,17,10,2,1,0
49,1,21,1,3300,217,1,40,2,6,1
62,1,16,5,5415,40,0,31,2,1,0
55,1,16,1,2487,20,1,6,2,1,0
48,1,16,3,122,21,0,50,1,1,1
25,1,21,5,3172,209,0,40,1,6,1
26,1,22,1,2225,216,10,13,2,6,0
49,1,21,1,192,6,1,40,1,1,1
38,1,16,1,9354,4,1,40,1,1,0
25,1,19,5,3730,12,0,8,2,1,0
20,1,19,5,2325,39,2,11,2,1,0
42,1,21,1,2323,4,1,40,2,1,0
17,1,14,5,4390,11,2,14,1,1,0
26,1,19,5,3841,6,12,40,2,1,0
63,1,16,1,6501,35,0,40,1,1,0
26,1,19,5,5906,35,0,40,2,1,0
59,2,22,3,2180,26,0,40,2,1,1
46,1,21,1,403,25,0,40,2,1,1
37,1,22,1,2437,40,0,40,1,1,1
26,1,21,5,984,13,0,40,2,1,1
57,1,19,1,3978,33,1,40,2,1,0
40,1,21,1,4828,33,1,40,2,1,0
61,1,20,1,2048,35,0,3,2,1,0
38,1,12,1,8418,35,1,40,1,1,0
45,1,22,3,3466,21,0,40,2,1,1
30,1,19,5,5146,36,0,40,1,1,0
48,1,21,1,165,37,1,50,1,1,1
64,1,19,1,4737,14,0,40,1,1,1
67,1,22,1,3200,21,1,40,1,1,1
30,1,22,5,2383,225,13,40,2,6,0
32,1,21,5,4963,229,13,40,2,6,0
28,1,19,5,5602,9,2,40,1,1,0
60,1,18,1,4760,7,0,40,2,1,0
42,1,21,1,583,2,0,40,1,1,1
46,1,16,1,9409,44,0,40,1,1,0
26,1,16,5,4181,20,2,40,2,1,0
44,1,21,1,275,20,0,50,1,1,1
29,1,16,1,4269,9,9,40,2,1,0
50,1,16,1,218,5,1,50,1,1,1
46,1,22,1,80,38,0,50,1,1,1
56,1,9,3,4204,42,0,35,2,1,0
33,1,22,1,2572,35,0,40,1,1,1
32,1,21,5,1119,26,0,40,1,1,1
54,1,16,1,5976,26,0,40,2,1,0
58,1,16,3,624,32,0,40,1,1,1
44,1,16,1,5382,318,1,40,2,1,0
50,1,19,5,5993,11,0,40,1,1,1
31,1,21,5,302,10,0,40,1,1,0
24,1,19,5,5857,28,2,40,2,1,0
39,1,17,5,9387,19,0,40,1,1,0
24,1,19,5,5162,6,0,40,2,1,0
61,1,21,3,299,38,0,40,2,1,1
33,1,19,1,5347,210,0,40,2,6,0
45,1,21,1,630,17,0,50,1,1,1
22,1,19,5,4776,21,16,3,2,1,0
41,1,19,1,5721,42,1,40,2,1,0
30,1,22,5,3014,41,0,40,1,1,1
49,1,16,1,7424,43,0,50,1,1,1
49,1,22,5,474,11,0,40,2,1,1
25,1,19,3,5829,6,10,40,2,1,0
24,1,21,5,5105,42,13,40,2,1,0
51,1,16,3,9189,6,0,40,1,1,1
17,1,14,5,4245,49,17,12,1,1,0
55,1,17,1,9157,39,1,40,1,1,1
59,1,18,1,5793,38,0,40,1,1,1
26,1,19,5,4918,34,0,40,2,1,0
48,1,19,1,6160,8,1,40,2,1,1
19,1,16,5,4178,17,2,16,1,1,0
17,1,16,5,4190,19,2,14,1,1,0
46,1,20,5,5384,41,13,40,1,1,1
61,1,16,1,6287,10,1,40,2,1,0
43,1,18,1,4777,5,1,40,1,1,1
32,1,21,1,3191,40,1,40,2,1,0
28,1,16,1,6402,38,1,40,1,1,0
34,1,21,1,1726,1,0,40,1,1,1
63,1,16,1,5482,41,0,40,1,1,1
57,2,22,1,2044,38,1,40,2,1,0
22,1,21,1,2478,31,0,40,2,1,0
21,1,16,5,4162,36,2,6,2,1,0
38,1,19,3,5830,40,0,40,1,1,0
22,1,17,5,9693,14,2,40,1,1,0
36,1,18,1,5965,19,0,40,1,1,0
17,2,21,5,2429,40,2,14,2,1,0
34,1,19,5,5841,9,0,40,1,1,0
19,1,19,5,4692,12,2,11,2,1,0
47,1,21,1,180,8,1,40,1,1,1
22,1,18,5,7112,37,2,40,1,1,0
59,1,18,1,5757,7,0,34,2,1,0
59,1,16,1,4821,41,1,40,1,1,1
28,1,21,5,2233,14,0,40,1,1,1
48,1,20,5,5887,41,13,40,2,1,1
62,1,19,1,5247,12,0,40,2,1,0
49,1,21,1,934,7,0,40,1,1,1
45,1,21,1,1246,39,0,40,1,1,1
52,1,22,1,387,227,1,40,1,1,1
30,1,19,5,6424,5,0,40,1,1,0
29,1,19,1,5205,8,0,40,2,1,0
50,1,21,1,101,10,0,40,1,1,1
27,1,11,5,4166,303,10,40,1,6,0
60,1,19,1,3397,4,0,33,2,1,0
28,3,21,5,2355,39,0,40,2,1,0
29,1,19,5,6494,21,13,40,1,1,0
22,1,16,3,4220,23,2,40,2,1,0
21,1,19,5,5581,24,2,40,1,1,0
40,1,22,1,2487,36,1,40,1,1,1
33,1,21,1,2279,40,1,40,2,1,0
42,1,21,1,3195,38,1,40,2,1,0
27,1,16,5,5278,6,13,40,2,1,0
61,1,19,1,7039,33,1,40,1,1,1
18,1,16,5,4293,7,2,40,1,1,0
19,1,16,5,4633,11,2,10,2,6,0
53,1,19,1,5544,29,0,40,1,1,0
37,1,21,1,769,4,1,40,1,1,1
58,1,16,1,6313,20,0,40,1,1,0
26,1,21,5,4973,21,0,40,2,1,0
25,1,16,1,4421,3,0,40,1,1,0
45,1,22,1,322,38,0,50,1,1,1
28,1,19,1,4641,23,0,15,2,1,0
54,1,21,3,262,36,0,51,1,1,1
58,1,16,1,5092,38,1,40,2,1,0
53,1,21,3,863,37,0,40,1,1,1
27,1,19,3,3509,2,0,8,2,1,0
40,1,21,3,6071,10,0,40,1,1,0
56,1,19,1,6088,24,0,40,1,1,0
40,1,19,1,6765,41,0,40,1,1,0
62,1,21,1,3152,13,0,40,2,1,0
26,1,17,3,4127,30,0,40,1,1,0
27,1,18,3,5454,37,0,40,2,1,0
28,1,19,1,4828,15,0,40,2,1,0
53,1,19,1,5422,32,0,40,1,1,1
35,1,22,1,1137,39,0,40,1,1,1
50,1,19,1,4429,6,0,40,1,1,1
24,3,21,3,2435,40,0,14,2,1,0
57,1,20,3,119,26,0,40,1,1,1
59,1,16,1,4251,34,0,40,2,1,0
44,1,16,1,3968,315,1,40,2,8,0
20,1,19,5,4742,24,17,2,1,1,0
27,1,17,5,5836,4,0,40,1,1,0
48,1,16,1,5469,215,1,40,2,6,0
20,1,19,5,4565,38,2,14,1,1,0
31,1,16,1,6272,3,1,40,2,1,0
61,1,16,1,7297,36,0,40,1,1,1
24,1,14,5,9096,38,2,40,1,1,0
38,1,17,1,6702,25,0,40,1,1,0
43,1,19,1,6031,32,1,40,2,1,0
18,1,19,5,4243,30,2,14,1,1,0
37,1,21,1,3368,18,1,40,2,1,1
27,1,16,5,5688,41,0,40,1,1,0
45,1,21,1,2832,39,1,40,2,1,1
28,1,21,5,3264,41,13,40,2,1,0
65,1,16,1,3505,40,8,40,2,1,0
64,1,22,3,317,26,0,40,2,1,1
50,1,19,1,404,9,1,40,1,1,1
48,1,21,1,1152,37,0,40,1,1,1
64,6,21,3,2871,19,0,40,2,1,0
27,1,21,3,5750,35,0,40,2,1,0
61,1,19,1,5008,42,1,40,2,1,0
27,1,19,5,5922,12,0,40,2,1,0
31,2,21,5,2243,39,0,40,2,1,0
36,1,21,1,2228,33,1,40,1,1,1
49,1,22,1,10,4,0,40,1,1,1
44,1,22,1,1438,221,1,40,1,6,1
26,1,21,3,2394,21,0,40,1,1,0
41,1,21,3,627,5,0,50,1,1,1
49,1,16,1,5764,36,1,40,2,1,0
45,1,7,5,4163,1,0,40,1,1,0
41,1,19,1,5856,39,0,40,1,1,1
28,1,16,5,4213,7,16,40,1,1,0
39,1,21,1,2770,14,1,40,1,1,1
42,1,21,1,722,3,0,40,2,1,1
58,1,20,3,368,41,0,50,1,1,1
43,1,21,3,3394,1,0,40,2,1,1
38,1,21,1,2336,14,1,40,2,1,0
53,1,19,1,5346,36,0,40,1,1,1
20,1,9,5,4266,26,2,40,1,1,0
27,1,19,1,5875,46,1,40,2,1,0
39,1,21,3,3289,21,0,40,2,1,0
50,1,16,1,4509,37,1,40,1,1,0
30,1,19,1,5675,44,0,16,2,1,0
24,1,16,1,3897,318,0,31,2,1,0
18,1,18,5,4250,25,17,10,1,1,0
26,1,19,5,3871,11,2,40,2,1,0
22,2,21,1,2176,6,0,12,2,1,0
46,1,19,1,5838,7,0,40,2,1,0
63,1,19,1,5120,28,0,40,2,1,0
59,1,19,1,6521,38,1,40,2,1,1
48,1,16,1,5934,3,0,40,2,1,0
34,1,18,1,9658,26,16,40,1,1,0
40,1,21,5,1207,7,0,40,1,1,1
37,1,21,1,285,219,0,40,1,6,1
24,1,16,3,4785,42,10,40,1,1,0
25,1,16,5,6051,5,2,40,1,1,0
28,1,21,1,2264,18,0,6,2,1,0
46,1,21,1,1008,222,1,40,1,6,1
20,1,19,5,5611,49,2,40,2,1,0
44,1,21,1,114,225,1,50,1,1,1
45,1,22,3,414,3,0,40,1,1,1
29,3,21,3,2505,22,0,40,2,1,0
26,1,20,1,5772,38,1,40,2,1,0
43,1,16,1,4181,303,1,40,2,8,0
55,1,21,1,555,41,1,40,2,1,1
24,1,16,5,4216,229,2,40,2,8,0
25,1,16,1,4076,4,0,40,1,1,0
25,1,19,5,5390,17,13,40,1,1,0
62,1,21,1,3448,19,1,40,2,1,1
51,1,13,1,6087,319,1,40,2,1,0
27,1,19,5,5051,18,13,40,1,1,0
60,1,18,1,4186,42,0,8,2,1,0
39,1,21,1,2090,29,1,9,2,1,0
22,1,16,5,6224,25,0,40,1,1,0
30,1,19,3,4969,39,0,35,2,1,0
48,1,22,1,1433,23,0,50,1,1,1
47,1,16,1,5517,301,0,40,1,8,0
44,1,21,1,436,30,1,50,1,1,1
60,1,21,1,435,27,1,40,2,1,1
45,1,20,1,5761,43,0,40,1,1,0
65,1,19,1,5559,36,10,40,2,1,0
49,1,21,3,340,12,0,40,1,1,1
19,1,16,5,4218,13,2,13,1,6,0
58,1,21,3,1370,13,0,50,1,1,1
55,1,16,5,7827,29,0,40,1,1,1
26,1,19,1,5756,8,1,40,2,1,0
26,1,19,3,5765,7,0,40,2,1,0
69,1,22,3,36,20,0,40,1,1,1
49,1,20,1,3241,26,1,10,2,1,0
29,1,19,1,6806,6,0,40,2,1,0
27,1,21,5,2248,8,2,8,2,1,0
49,1,22,5,3455,36,0,40,2,1,1
22,1,19,5,2740,38,17,40,1,1,0
41,1,16,1,5644,318,1,40,2,6,0
48,1,16,3,6120,37,0,40,1,1,0
59,1,12,1,4244,302,1,6,2,1,0
38,1,16,1,5889,6,0,40,1,1,0
31,1,19,3,6522,22,0,40,1,1,0
30,1,22,5,1101,4,13,40,1,6,1
21,1,22,5,2079,9,17,40,1,6,0
62,1,16,1,5465,43,0,40,1,1,0
34,1,21,1,1535,4,1,40,1,1,1
38,1,16,1,6485,53,0,40,1,1,0
62,1,19,1,6022,25,0,40,1,1,1
56,1,16,1,5636,44,1,40,1,1,1
53,1,22,1,1190,8,0,40,1,1,1
56,1,17,5,6423,42,13,40,1,1,1
21,1,15,5,8834,28,2,40,1,1,0
24,1,16,1,4079,45,0,40,1,1,0
40,1,21,1,5066,32,1,40,2,1,1
40,1,21,1,5415,206,1,40,1,6,0
54,1,16,3,6019,41,0,40,1,1,1
62,1,21,3,3148,13,0,40,2,1,0
46,1,16,1,4765,198,1,40,2,6,0
56,1,16,3,6421,10,0,40,1,1,1
22,1,14,5,4280,3,16,13,1,1,0
28,1,19,3,5005,34,0,40,2,1,0
30,1,16,1,6412,25,1,40,2,1,0
31,1,16,1,5562,25,10,40,1,1,0
19,1,21,5,2537,28,2,40,2,1,0
26,1,19,5,5038,42,13,40,1,1,0
58,1,16,3,167,20,0,50,1,1,1
66,1,16,1,5350,25,1,40,2,1,0
55,1,19,1,10,20,1,50,1,1,1
25,1,19,5,6223,44,0,40,1,1,0
50,1,20,5,560,23,0,40,1,1,1
42,1,19,1,5923,227,1,40,1,6,0
19,1,18,5,4082,20,2,40,1,1,0
64,1,16,1,5010,15,1,40,1,1,0
54,1,16,1,5419,34,0,40,1,1,1
50,1,21,3,620,34,0,40,1,1,1
20,1,21,5,5408,8,12,40,1,1,0
50,1,16,5,6125,41,0,40,2,1,0
20,1,19,5,4598,50,2,9,2,1,0
32,1,21,5,1324,40,0,40,1,1,1
64,1,19,1,5799,37,0,10,2,1,0
49,1,22,1,2311,9,0,40,2,1,0
66,3,21,1,2364,26,0,13,2,1,0
55,1,20,1,10,28,1,50,1,1,1
46,1,21,3,238,9,0,40,1,1,1
54,1,19,1,5878,20,0,40,1,1,0
58,1,16,1,6360,23,1,40,2,1,0
24,1,19,5,4340,30,12,40,1,1,0
35,1,22,3,655,2,0,40,1,6,1
51,1,16,1,5070,25,1,40,2,1,0
24,1,16,3,5097,14,10,40,2,1,0
30,1,18,5,5508,21,0,40,2,1,0
20,1,19,5,4691,13,17,37,2,1,0
27,1,15,1,4007,11,0,13,2,1,0
56,1,16,1,5655,36,1,40,1,1,1
28,3,21,5,2391,35,13,40,2,1,0
31,2,22,5,2351,13,2,17,2,1,0
21,1,18,5,4635,42,2,11,2,1,0
44,1,21,1,1585,13,0,40,1,1,1
48,1,19,1,253,39,1,40,1,1,1
46,1,21,1,1061,42,0,40,1,1,1
64,1,21,1,4867,36,0,40,2,1,1
35,1,21,1,5968,6,0,40,1,1,0
24,1,16,5,4265,13,2,40,2,1,0
47,1,16,1,6965,7,1,40,1,1,1
28,1,18,5,5607,9,13,40,2,1,0
47,1,21,1,6163,2,0,40,2,1,0
48,3,21,1,2364,37,1,40,2,1,1
36,1,19,1,5227,222,1,40,2,6,0
32,1,20,1,4825,14,1,40,1,1,1
47,1,21,1,1026,22,0,50,1,1,1
58,1,19,1,6255,33,0,40,1,1,1
35,1,18,5,5924,316,0,40,1,8,0
48,1,21,5,3099,7,13,40,2,1,1
18,1,16,5,4173,17,17,13,1,1,0
26,1,19,5,5322,12,0,40,1,1,0
43,1,21,1,1124,6,0,60,1,1,1
23,1,14,5,4273,37,2,10,2,1,0
49,1,21,1,753,212,1,40,1,6,1
26,2,21,5,1766,35,0,40,1,1,1
28,1,21,1,1082,24,0,40,2,1,0
36,1,16,1,6341,42,0,40,1,1,0
49,1,19,1,5359,20,0,40,2,1,0
19,1,19,5,4718,10,2,40,2,1,0
45,1,22,1,239,21,0,40,1,1,1
39,1,21,1,2359,16,0,40,2,1,1
34,1,21,1,1101,39,0,40,1,1,0
24,1,19,5,3559,25,13,40,2,1,0
55,1,5,1,4102,41,1,31,2,1,0
17,1,18,5,4657,46,2,9,2,1,0
23,1,19,5,5429,39,13,40,2,1,0
47,1,20,1,5933,31,1,40,2,1,0
17,1,16,5,4619,51,2,10,2,1,0
43,1,21,5,455,31,0,40,2,1,1
47,1,21,1,3298,40,0,40,2,1,1
30,1,21,1,2315,24,1,40,2,1,0
26,1,19,5,2499,29,12,40,2,1,0
26,1,17,5,9408,41,2,40,1,1,0
19,1,16,5,4727,39,2,12,2,1,0
47,1,19,1,6317,8,1,40,1,1,1
43,1,18,3,7462,36,13,40,1,1,1
35,1,21,1,6176,23,0,40,1,1,0
42,1,21,1,3307,223,1,40,2,1,1
29,1,19,1,6318,6,0,40,1,1,0
31,1,19,5,3770,21,0,10,2,1,0
34,1,22,1,2460,38,1,40,1,1,0
25,1,16,1,4090,310,1,8,2,6,0
58,1,19,3,5538,16,0,40,1,1,1
53,1,16,1,9493,42,0,40,1,1,0
50,1,21,1,3076,12,1,40,2,1,1
43,1,16,1,4450,7,1,40,2,1,0
27,1,19,5,5339,12,2,35,2,1,0
19,1,16,5,4085,48,17,16,1,1,0
47,1,16,1,7478,43,0,40,1,1,1
60,1,19,1,3325,8,0,34,2,1,0
28,1,19,5,6055,42,0,40,2,1,0
60,1,16,1,5138,33,0,40,2,1,0
41,1,17,1,8832,316,0,40,1,1,0
23,1,21,3,2501,16,0,15,2,1,0
28,1,21,5,1133,44,0,40,1,1,1
19,1,19,5,2223,17,16,4,2,1,0
29,1,16,5,4011,7,13,40,2,1,0
54,1,16,3,5942,38,13,40,1,1,1
25,1,19,3,5333,13,0,30,2,1,0
58,1,19,1,6236,13,1,40,1,1,1
28,1,21,5,2360,8,2,40,2,1,0
28,1,21,5,2427,18,0,40,2,1,0
27,1,16,3,6044,16,0,40,1,1,0
41,1,21,1,271,38,1,50,1,1,1
31,1,22,1,2554,14,0,40,2,1,1
45,1,22,5,356,16,0,40,2,1,1
29,1,19,5,5521,37,0,40,1,1,1
20,1,19,5,4789,10,2,12,1,6,0
20,1,19,5,5360,51,2,40,1,1,0
47,1,22,1,454,38,0,40,2,1,1
63,1,20,1,429,30,0,40,1,1,1
67,1,22,3,345,31,0,40,1,1,1
65,1,16,1,6360,38,1,40,2,1,0
32,1,21,1,4800,3,1,40,2,1,1
31,1,19,1,5770,40,0,40,1,1,0
37,3,21,1,2499,42,0,40,2,1,0
25,1,16,5,4014,37,13,40,1,1,0
48,1,21,3,157,30,0,40,1,1,1
27,1,21,5,1976,28,2,40,2,1,0
32,1,19,5,6011,310,0,40,1,8,0
29,1,19,5,5966,43,12,40,1,1,0
28,2,22,3,2228,7,0,14,2,1,0
19,1,16,5,8949,30,2,40,1,1,0
19,1,19,5,4719,49,2,13,1,1,0
63,2,22,1,2015,42,0,13,2,1,0
37,1,19,5,5428,40,0,40,2,1,0
25,1,21,5,1679,41,0,40,1,1,1
44,1,21,1,74,9,0,50,1,1,1
19,1,16,5,4611,28,16,14,2,1,0
48,1,19,3,350,20,0,40,1,1,1
46,1,20,3,262,5,0,40,1,1,1
42,1,22,1,2780,8,0,40,1,1,1
24,1,16,3,5038,17,0,40,2,1,0
48,1,17,1,6289,4,1,40,1,1,0
41,1,21,1,4947,215,0,40,1,1,1
57,1,16,1,9275,21,1,40,1,1,0
27,1,21,1,2035,42,0,15,2,1,0
32,1,21,3,633,41,0,40,1,1,1
26,3,21,1,2253,29,0,40,2,1,0
53,1,19,1,5453,32,0,40,1,1,1
27,1,21,5,2433,36,2,40,2,1,0
48,1,16,5,9433,29,13,40,1,1,1
44,1,21,3,408,15,0,40,1,1,1
53,1,17,1,6148,40,0,40,1,1,1
36,1,21,1,2349,37,0,40,2,1,0
27,3,21,3,2707,21,0,40,2,1,1
37,1,19,3,4952,36,0,40,2,1,0
22,1,21,5,2226,5,2,12,2,1,0
37,1,21,1,251,5,0,40,2,1,1
29,1,19,5,6468,21,13,40,1,1,0
33,1,21,1,3076,19,0,40,2,1,0
61,1,16,1,5875,32,0,40,1,1,0
43,1,21,1,288,37,1,40,1,1,1
31,1,19,5,7633,218,13,40,1,8,1
57,1,16,3,426,7,0,50,1,1,1
36,1,21,1,2425,27,0,40,2,1,0
20,1,16,5,4299,40,2,8,1,1,0
62,1,16,1,5917,28,1,40,1,1,1
25,1,19,5,6142,6,2,12,1,6,0
38,1,21,1,3213,21,0,40,2,1,1
44,1,19,1,6059,33,0,40,1,1,1
29,1,19,3,5074,7,0,40,1,1,0
34,1,21,5,731,232,13,40,1,6,1
28,1,22,5,3165,6,13,40,1,1,1
20,1,16,5,9598,47,16,40,1,1,0
64,1,16,3,5384,37,0,35,2,1,0
36,3,21,1,2523,21,1,40,2,1,0
67,1,18,1,2542,37,1,11,2,1,0
50,1,21,3,10,20,0,50,1,1,1
39,1,21,5,1154,23,0,50,1,1,1
35,1,16,1,7924,318,0,40,1,6,0
35,1,21,1,3323,38,0,40,2,1,1
26,1,18,5,5723,20,13,40,1,1,0
29,1,20,1,2586,43,1,10,2,1,0
67,1,19,1,5746,6,0,40,2,1,0
28,3,21,1,2381,3,0,11,2,1,0
34,1,21,5,400,31,0,40,1,1,1
58,1,16,1,5565,41,0,40,1,1,0
18,1,19,5,4591,21,2,16,2,1,0
32,1,21,1,2818,20,1,8,2,1,0
25,1,15,5,4264,8,2,40,2,1,0
36,1,21,5,1953,234,0,40,1,1,1
55,1,16,3,6865,313,0,40,1,1,1
61,1,19,1,5341,10,0,40,2,1,0
23,1,21,5,1045,18,2,40,1,1,1
44,1,22,1,139,3,0,50,1,1,1
57,1,17,3,5567,34,0,40,1,1,1
59,1,21,1,122,43,1,40,2,1,1
29,1,16,5,9827,40,2,40,1,1,0
33,1,19,3,5669,21,16,40,2,1,0
27,1,21,1,3327,5,0,40,2,1,0
58,1,19,1,2117,12,10,8,2,1,0
51,1,21,3,588,37,0,40,1,1,1
61,1,19,1,486,26,0,40,1,1,1
49,3,21,5,2407,28,0,50,1,1,1
47,2,22,1,3110,6,1,40,2,1,1
18,1,14,5,4175,53,17,16,1,1,0
45,1,19,5,189,3,0,40,1,1,1
23,1,21,5,6194,9,2,40,1,1,0
22,1,16,5,5258,20,13,40,2,1,0
39,1,19,1,5173,37,1,40,2,1,0
47,1,21,1,424,10,0,40,1,1,1
34,1,21,1,1720,23,0,40,1,1,1
55,1,19,1,6203,44,0,40,1,1,1
42,1,21,1,911,34,0,40,1,1,1
53,1,18,1,5211,11,1,40,1,1,0
27,1,21,1,1925,41,10,8,2,1,0
22,1,19,3,5690,18,0,35,2,1,0
66,1,18,1,5488,39,0,40,2,1,0
23,1,21,5,2559,29,12,40,2,1,0
29,1,21,5,2152,9,0,12,1,1,0
19,1,16,5,4095,250,2,9,2,6,0
55,1,16,3,5121,26,0,40,1,1,1
19,1,16,5,4254,43,2,40,1,1,0
55,1,19,1,417,44,0,50,1,1,1
26,1,16,5,8920,3,2,40,1,1,0
19,1,19,5,2473,8,16,11,2,1,0
27,1,18,5,4075,34,2,36,2,1,0
27,1,19,5,5758,6,2,33,2,1,0
25,1,21,5,3757,25,13,40,2,1,0
23,1,16,1,4243,6,10,40,1,1,0
40,1,21,1,5391,6,0,40,2,1,0
26,1,19,5,4463,25,0,40,1,1,0
31,1,19,1,5284,19,9,40,1,1,0
57,1,16,1,6183,35,1,40,1,1,1
44,1,21,1,211,32,0,40,1,1,1
50,1,17,1,8020,39,0,40,1,1,1
47,1,22,1,1237,217,0,40,2,6,1
56,1,16,3,7135,37,0,40,1,1,1
26,1,18,3,4015,21,0,40,2,1,0
47,1,21,1,455,204,1,40,1,6,1
29,1,19,3,3359,15,16,40,2,1,0
51,1,21,3,333,43,0,50,1,1,1
37,1,21,1,5105,7,0,40,2,1,0
23,1,16,5,4205,38,2,40,2,1,0
31,1,16,1,6711,217,0,40,1,8,0
63,1,16,1,6391,35,1,40,1,1,1
38,1,21,1,3202,213,1,40,2,6,0
60,1,16,1,5696,25,0,40,2,1,0
28,1,21,5,2143,2,12,34,2,1,0
24,1,16,5,4202,6,0,30,2,1,0
32,1,16,1,5462,38,1,40,1,1,0
29,1,19,5,4963,12,12,40,1,1,0
29,1,14,3,4062,6,0,10,2,1,0
41,1,16,5,5938,302,0,40,1,8,1
26,1,16,5,4267,40,16,40,1,1,0
21,1,14,5,4268,38,2,14,1,1,0
54,1,16,1,7375,33,1,40,1,1,1
51,1,21,1,320,13,0,40,1,1,1
26,1,19,1,5649,13,0,12,2,1,0
45,1,21,5,151,29,0,40,1,1,1
23,1,19,5,4839,38,2,40,2,1,0
45,1,18,1,429,6,0,40,1,1,1
17,1,19,5,5097,3,2,14,2,6,0
44,3,22,1,2411,5,0,40,2,1,1
45,1,20,3,279,41,13,40,1,1,1
43,1,21,1,265,12,1,40,1,1,1
24,1,21,5,5873,41,0,40,1,1,0
53,1,18,3,6551,42,0,40,1,1,1
34,1,18,5,5794,26,0,40,1,1,1
45,1,21,1,63,5,1,40,1,1,1
60,1,21,1,3180,26,0,40,2,1,0
59,1,19,3,5292,6,0,40,2,1,0
69,2,21,1,2094,23,1,10,2,1,0
60,1,16,1,5128,37,0,40,2,1,1
45,1,21,3,281,5,13,40,2,1,1
53,1,20,5,339,25,0,40,2,1,1
25,1,21,5,4627,9,12,13,2,1,0
29,1,16,5,6457,4,0,40,2,1,0
27,1,19,5,5946,222,2,40,1,6,0
49,1,22,1,498,33,1,40,1,1,1
59,1,19,1,446,16,0,40,1,1,1
58,1,16,1,6303,34,1,40,2,1,0
54,1,16,1,5551,7,1,40,2,1,0
21,1,19,5,5326,36,17,40,1,1,0
50,1,19,1,5711,4,1,40,1,1,1
53,1,19,1,5950,18,0,40,1,1,1
43,1,22,1,3247,21,0,40,2,1,1
38,1,21,1,606,42,0,40,1,1,1
23,1,21,5,5117,8,13,40,1,1,0
40,1,20,3,241,313,13,40,1,1,1
19,1,16,5,4304,9,17,6,2,1,0
47,1,16,1,4115,10,1,8,2,1,0
28,1,21,1,3350,12,1,40,2,1,0
59,1,16,1,237,19,1,50,1,1,1
50,1,21,1,531,5,0,40,1,1,1
30,1,19,1,3942,39,0,15,2,1,0
19,1,14,5,4213,11,2,15,1,1,0
42,1,16,1,5812,197,1,40,2,8,0
53,1,21,1,3134,31,1,40,2,1,1
57,1,16,1,6681,30,1,40,1,1,1
32,1,21,1,997,24,0,40,1,1,1
20,1,19,5,4671,42,2,7,2,1,0
29,1,16,3,3661,39,0,40,2,1,0
31,1,16,5,8033,41,0,40,1,1,0
53,1,19,1,410,22,0,40,1,1,1
31,1,19,3,5379,27,0,40,1,1,0
26,1,16,5,4316,41,2,40,1,1,0
23,1,21,5,3330,5,13,40,2,1,0
26,1,21,5,976,38,0,40,1,1,0
17,1,16,5,4693,33,2,10,2,1,0
29,1,19,5,4940,8,0,40,2,1,0
48,1,21,1,2343,13,1,40,2,1,0
54,1,19,3,376,40,0,40,1,1,1
40,1,21,3,730,18,13,50,1,1,1
57,1,16,1,5762,36,0,40,1,1,0
23,1,21,1,2662,37,0,13,1,1,0
25,1,16,5,5507,39,13,40,2,1,0
31,1,21,1,2224,15,1,40,2,1,0
40,1,21,1,808,6,1,50,1,1,1
21,1,14,5,4196,9,2,40,1,1,0
44,1,19,3,423,34,13,40,1,1,1
49,1,21,1,1103,192,0,50,1,6,1
33,3,21,5,2429,39,0,40,1,1,1
56,1,16,1,6045,12,1,40,2,1,0
30,1,19,5,5415,37,13,40,1,1,0
45,1,21,1,299,36,0,50,1,1,1
24,1,12,3,4194,8,12,7,2,1,0
54,1,19,1,5123,35,0,40,1,1,1
24,1,19,5,5268,12,2,40,1,1,0
54,1,16,1,5132,39,1,40,2,1,1
31,1,21,3,6348,37,0,40,1,1,0
35,1,21,5,1492,40,0,40,1,1,1
23,1,16,5,6187,11,13,40,2,1,0
31,1,21,5,2399,42,0,40,1,1,1
43,1,21,1,1306,7,1,40,1,1,1
26,1,20,1,2662,8,0,10,2,1,0
47,1,21,1,3470,2,1,40,2,1,1
63,1,16,1,5532,39,1,40,2,1,0
18,1,14,5,4014,7,17,40,1,1,0
36,1,19,1,5643,37,0,40,1,1,0
54,1,16,1,5283,40,1,40,1,1,1
50,1,16,1,5961,2,1,40,2,1,0
24,1,16,1,5189,6,9,40,1,1,0
58,1,20,1,3415,17,1,13,2,1,0
25,1,21,1,2211,214,0,40,2,6,0
51,1,18,5,5974,35,0,40,2,1,0
26,2,24,5,2005,36,17,7,2,1,0
21,1,19,5,4693,29,2,15,2,1,0
40,1,21,1,199,38,1,50,1,1,1
34,1,21,1,1046,40,0,40,1,1,1
42,1,21,1,271,9,0,40,1,1,1
65,1,19,3,4958,6,0,40,2,1,0
44,1,13,1,4117,234,9,40,1,8,0
31,1,21,5,5696,40,0,40,1,1,0
46,1,18,1,5500,310,0,40,2,1,0
34,1,21,5,854,16,0,40,1,1,1
57,1,16,1,5853,21,0,40,1,1,1
48,1,16,5,3795,333,0,40,2,1,0
59,1,16,1,5510,42,1,40,2,1,0
46,1,19,1,7418,19,0,50,1,1,1
54,1,21,1,568,12,1,40,1,1,1
45,3,21,1,2393,34,1,40,2,1,1
61,1,19,1,5552,5,0,40,2,1,0
24,1,19,5,4667,37,2,8,2,1,0
47,1,21,3,1174,33,0,40,2,1,1
54,1,16,1,5751,310,0,40,1,1,1
48,1,24,1,3103,242,0,40,2,6,1
30,2,24,3,2016,6,0,12,2,1,0
39,3,21,1,2380,36,1,40,2,1,1
48,1,22,1,10,35,0,50,1,1,1
20,1,16,5,4150,14,16,40,2,1,0
49,1,20,3,218,32,0,50,1,1,1
37,1,21,1,5545,24,1,40,2,1,0
63,1,19,3,3400,13,0,9,2,1,0
54,1,9,1,4211,41,1,40,2,1,0
25,1,19,1,4986,6,10,40,2,1,0
44,1,16,1,5846,3,1,40,2,1,0
56,1,16,3,382,38,0,40,1,1,1
27,1,16,5,4929,4,2,40,1,1,0
20,1,8,5,4119,47,2,11,1,1,0
57,1,16,1,153,9,0,40,1,1,1
30,1,19,1,2617,35,1,12,2,1,0
25,1,19,5,5829,12,13,40,1,1,0
48,1,22,1,1135,38,0,40,1,1,1
42,1,21,1,4839,15,1,40,2,1,0
55,1,16,3,6995,20,0,40,1,1,1
57,1,16,3,6399,23,0,40,1,1,1
17,1,19,5,4614,46,2,3,2,1,0
44,1,21,1,4845,42,1,40,2,1,1
21,1,21,5,4964,39,13,40,2,1,0
49,1,21,3,1194,35,0,40,1,1,1
20,1,16,5,9352,53,2,40,1,1,0
24,1,21,5,1891,39,0,40,2,1,0
28,1,19,5,6053,39,0,40,1,1,0
18,1,16,5,4113,20,2,12,1,1,0
24,1,19,5,5511,29,0,40,1,1,0
36,1,21,1,1653,10,1,40,1,1,0
34,1,19,5,509,22,0,40,1,1,1
20,1,16,5,5469,22,17,40,1,1,0
35,1,16,5,7750,27,0,40,1,1,0
52,1,16,5,5767,37,0,40,1,1,0
59,1,16,3,5391,32,0,40,1,1,1
65,1,21,1,3239,33,1,9,2,1,0
29,1,16,1,3958,20,1,40,2,1,0
33,1,21,1,1980,8,1,12,2,1,0
45,1,21,1,293,8,0,40,1,1,1
46,1,17,1,3997,1,1,40,2,1,0
59,1,16,1,7279,35,1,40,1,1,1
47,1,19,1,6257,10,0,40,1,1,0
39,1,16,1,7259,288,1,40,1,1,0
44,1,21,1,1332,38,1,40,1,1,1
34,1,21,1,923,6,1,40,2,1,1
29,1,21,1,756,30,0,40,1,1,1
59,1,19,3,4684,18,0,40,2,1,0
32,1,21,3,2180,10,0,8,2,1,0
23,1,16,1,4226,320,10,40,2,8,0
55,1,16,1,7999,20,0,40,1,1,1
30,1,16,5,9508,24,13,40,1,1,0
56,1,16,3,5565,16,13,40,1,1,1
24,1,16,3,4233,18,9,40,1,1,0
27,1,21,5,884,2,0,40,1,6,1
60,1,16,1,4621,30,1,40,2,1,0
40,1,17,1,8798,5,0,40,1,1,0
48,1,21,1,456,6,0,50,1,1,1
25,1,21,5,2004,38,2,40,2,1,0
25,1,19,5,5351,5,17,40,1,1,0
30,1,17,1,8806,12,1,40,2,1,0
22,1,16,5,4303,5,2,15,1,1,0
42,1,22,1,781,35,0,40,1,1,1
43,1,16,5,6401,13,0,40,1,1,0
55,1,21,1,122,23,0,40,2,1,1
60,1,20,1,4783,11,1,40,2,1,0
43,3,22,1,2585,212,1,40,2,6,0
36,3,21,1,2121,34,1,40,2,1,1
23,1,19,5,5896,43,2,32,2,1,0
27,1,21,5,5236,39,0,29,2,1,0
40,1,16,1,5231,6,1,40,1,1,1
27,1,19,5,9433,47,2,40,1,1,0
31,1,21,1,5357,23,0,40,2,1,0
55,1,16,1,5311,42,0,40,1,1,0
43,1,21,1,432,21,0,40,2,1,1
44,1,21,5,10,14,0,50,1,1,1
29,2,22,1,2173,38,0,8,2,1,0
59,1,16,1,6376,41,1,40,2,1,0
18,1,19,5,4700,25,17,13,1,1,0
21,1,16,5,4042,23,0,20,2,1,0
29,1,18,5,5382,37,13,40,2,1,0
27,1,21,5,2138,23,2,40,2,1,0
46,1,20,1,5429,55,0,40,2,1,0
40,1,16,1,5278,48,0,40,2,1,0
50,1,22,1,421,38,0,40,1,1,1
27,1,16,1,4128,11,10,40,2,1,0
24,1,16,1,4045,313,1,40,2,8,0
26,1,16,1,9416,26,0,40,1,1,0
19,1,18,5,3808,18,17,40,1,1,0
26,1,10,5,9138,305,16,40,1,8,0
55,1,16,1,6125,21,0,40,2,1,0
49,1,21,1,215,39,0,40,1,1,1
28,1,19,5,5190,33,13,40,1,1,1
23,1,16,3,4049,10,0,40,1,1,0
39,1,21,1,10,37,1,40,1,1,1
17,1,19,5,2388,51,16,6,1,1,0
40,1,16,1,8002,5,1,40,1,1,1
30,1,19,5,5481,6,0,40,2,1,0
64,1,21,1,704,24,0,40,1,1,1
42,1,21,1,838,42,1,50,1,1,1
57,1,21,1,3186,44,1,40,2,1,0
43,1,10,1,4212,310,1,40,2,8,0
34,1,16,5,9590,37,13,40,1,1,0
18,1,16,5,4183,8,17,8,1,1,0
19,1,16,5,4677,40,2,13,2,1,0
54,1,16,3,5970,9,0,40,1,1,1
42,1,21,1,6214,41,0,40,1,1,0
54,1,17,5,7330,29,0,40,1,1,1
31,1,19,1,6253,36,1,13,2,1,0
26,1,19,3,5647,7,12,35,2,1,0
45,1,21,1,428,6,0,40,1,1,1
47,1,21,3,235,38,0,40,2,1,1
52,1,17,5,6306,36,13,40,1,1,0
24,1,19,5,6131,3,0,40,2,1,0
34,1,21,5,1223,41,0,40,1,1,1
70,2,21,1,1959,41,0,14,2,1,0
54,1,16,1,6472,4,1,16,2,1,0
46,1,21,1,1035,17,0,40,1,1,1
29,1,21,5,1158,28,0,40,1,1,1
28,1,20,1,5363,48,1,15,2,1,0
17,1,9,5,4233,49,2,11,1,1,0
63,1,16,5,4915,36,13,40,2,1,0
65,1,21,1,3080,16,1,40,2,1,1
26,1,13,3,9096,13,16,40,1,1,0
57,1,16,1,5992,14,0,40,1,1,0
21,1,17,5,4242,307,7,40,2,1,0
52,1,19,1,5190,40,0,40,1,1,1
60,1,18,1,5845,14,0,40,2,1,0
30,1,21,3,1005,27,0,40,1,1,1
28,1,19,5,5065,39,13,40,1,1,0
21,1,19,5,4740,3,2,5,2,1,0
55,1,17,1,252,40,1,50,1,1,1
52,1,19,1,5765,25,0,40,1,1,0
49,1,21,1,108,11,1,40,1,1,1
51,1,21,1,140,34,0,40,1,1,1
38,1,22,1,707,5,0,40,1,1,1
47,1,21,3,303,14,0,50,1,1,1
49,1,21,1,103,9,0,40,1,1,1
31,2,21,1,2053,4,1,7,2,1,0
48,1,16,1,7429,5,0,40,1,1,1
34,2,22,1,2157,40,0,40,2,1,0
32,1,19,5,4986,39,0,40,1,1,1
36,2,21,1,2129,39,1,40,2,1,1
56,1,18,1,6038,36,0,40,1,1,0
54,1,16,1,6027,41,1,13,2,1,0
45,1,21,1,3301,38,1,40,2,1,0
58,1,19,1,5558,24,0,40,2,1,0
29,1,16,1,5695,30,9,40,2,1,0
55,1,16,1,151,10,0,40,1,1,1
29,1,19,5,6150,27,0,40,1,1,0
40,1,21,5,251,9,0,40,2,1,1
46,1,22,1,546,6,1,40,1,1,1
30,1,21,1,2369,29,0,40,2,1,0
37,3,21,1,2313,39,1,40,2,1,1
40,3,21,1,2361,33,1,40,2,1,0
53,1,16,1,8727,36,1,40,1,1,0
27,2,21,5,2018,18,0,40,2,1,1
23,1,21,5,2227,13,2,12,2,1,0
48,1,19,1,459,13,0,40,1,1,1
42,1,21,1,2707,38,1,40,1,1,1
28,1,19,1,4614,4,0,11,2,1,0
30,1,21,1,2337,16,0,40,2,1,1
46,1,16,1,114,5,0,50,1,1,1
31,1,21,1,6274,223,0,40,1,6,0
20,1,19,5,4605,51,17,7,2,1,0
52,1,19,3,169,34,0,40,1,1,1
44,1,16,1,6274,40,1,40,2,1,0
26,1,16,5,5087,5,0,40,2,1,0
59,1,17,5,5957,37,13,40,1,1,1
44,1,19,5,4916,9,0,40,2,1,0
37,1,20,1,6043,37,0,40,2,1,0
51,1,20,1,5706,35,1,40,2,1,0
22,1,19,5,4702,21,2,13,2,1,0
22,1,19,5,4128,52,2,13,1,1,0
31,1,21,5,661,219,0,40,1,6,1
48,1,22,5,2942,39,0,40,1,1,1
46,1,20,1,3668,6,1,40,2,1,0
60,1,18,1,3994,31,1,32,2,1,0
51,1,16,1,5222,21,1,40,2,1,0
20,1,19,5,6080,38,2,40,1,1,0
24,1,19,5,4064,10,17,40,2,1,0
21,1,19,5,4856,38,17,10,2,1,0
47,1,18,1,6160,36,15,40,1,1,0
24,1,18,1,9077,31,0,40,1,1,0
47,1,21,1,2349,214,0,40,2,1,1
32,1,19,1,4952,36,0,12,2,1,0
30,6,22,1,1899,42,10,10,2,1,0
24,1,19,3,5341,15,0,40,2,1,0
23,1,16,5,6517,41,2,40,1,1,0
63,1,16,1,5505,52,0,40,2,1,0
42,1,21,3,135,2,0,40,2,1,1
31,1,21,5,2036,7,13,40,2,1,0
53,1,19,3,185,23,0,50,1,1,1
41,1,16,5,6595,305,0,40,2,8,0
35,1,21,1,2397,6,1,40,2,1,0
53,1,16,3,9316,31,0,40,1,1,0
55,1,16,3,148,23,13,40,1,1,1
67,1,19,1,3422,35,0,30,2,1,0
26,1,21,5,3553,18,13,40,2,1,1
35,1,22,1,362,238,0,40,1,6,1
35,1,21,1,608,30,0,40,1,1,1
46,1,21,1,280,16,1,40,2,1,1
56,1,17,1,8909,40,1,40,2,1,0
51,1,16,1,7833,7,1,50,1,1,1
31,1,19,1,6003,6,0,40,2,1,0
47,1,21,3,908,41,0,40,1,1,1
39,1,19,1,4694,8,1,40,2,1,0
27,1,19,5,5443,20,2,40,1,1,0
31,1,21,3,2271,3,0,40,2,1,0
37,1,21,1,852,37,0,40,1,1,1
29,1,19,3,6039,31,0,40,1,1,0
30,1,16,5,5877,237,13,40,2,6,0
32,3,21,5,2246,38,0,40,1,1,1
60,1,17,1,4294,14,1,40,2,1,0
32,1,21,1,5050,38,0,40,2,1,0
55,1,21,1,10,25,0,40,1,1,1
56,1,15,1,6221,21,1,40,1,1,0
65,1,16,1,6348,35,1,40,2,1,0
44,1,22,1,442,20,0,50,1,1,1
21,1,19,5,6012,4,2,40,1,6,0
51,1,19,5,4967,27,0,40,1,1,1
27,1,1,1,4000,295,9,40,2,6,0
26,1,16,3,4069,18,10,40,2,1,0
41,3,21,1,2269,40,1,40,2,1,0
25,1,19,5,5898,6,13,40,2,1,0
51,1,16,1,6430,6,0,40,1,1,0
21,1,21,5,1871,21,17,40,2,1,0
28,1,21,5,3542,35,0,40,2,1,0
28,1,19,1,5916,315,0,40,1,1,0
30,1,16,5,7353,37,0,40,1,1,1
28,1,19,1,5542,21,0,40,1,1,0
19,1,16,5,4017,26,17,11,1,1,0
39,1,21,1,3014,36,0,40,1,1,1
42,1,21,1,3049,1,0,40,2,1,1
41,3,22,1,2361,40,0,40,2,1,1
48,1,19,1,6255,7,0,40,1,1,1
51,1,16,1,639,36,1,50,1,1,1
60,1,18,1,4805,18,1,40,2,1,0
34,1,21,5,482,9,13,40,1,1,1
24,1,19,5,5617,26,12,40,2,1,0
40,1,21,1,2597,34,0,40,2,1,0
27,1,19,5,5128,5,0,40,2,1,0
56,1,16,1,6562,24,0,40,1,1,0
48,1,16,1,417,5,0,40,1,1,1
63,1,20,5,3438,17,0,40,2,1,0
45,1,21,3,1106,39,0,40,1,1,1
51,1,16,3,5256,14,0,40,1,1,1
27,1,16,5,7462,33,0,40,1,1,0
34,1,21,1,1365,25,1,40,1,1,1
22,1,19,5,5545,50,12,40,1,1,0
49,1,21,1,275,9,1,50,1,1,1
21,1,16,5,4268,40,2,4,2,1,0
32,1,21,1,2214,38,1,40,2,1,0
36,1,21,1,2729,22,1,40,1,1,1
48,1,16,1,5668,13,1,40,1,1,0
46,1,21,1,726,34,1,50,1,1,1
44,1,21,5,10,24,0,40,1,1,1
27,1,19,5,3683,33,2,40,2,1,0
25,1,21,3,3245,19,0,40,2,1,0
43,1,21,1,5421,36,0,40,1,1,0
47,1,21,1,2233,6,0,40,2,1,0
39,1,19,1,5237,42,0,40,1,1,0
21,1,16,5,4248,17,17,13,2,1,0
22,1,19,5,4691,27,2,40,1,1,0
58,1,20,3,3495,27,0,40,2,1,0
67,1,21,1,4765,11,0,40,1,1,0
38,1,19,1,6380,15,1,40,1,1,1
64,2,21,3,3087,21,0,40,1,1,1
17,1,14,5,4018,7,16,14,1,1,0
63,1,16,1,5517,18,1,40,1,1,0
52,1,16,1,7531,35,1,40,1,1,1
43,1,16,1,3994,44,1,34,2,1,0
37,1,16,1,6680,42,1,40,1,1,0
44,1,21,5,214,37,0,40,2,1,1
21,1,19,5,2307,2,16,9,2,1,0
45,1,19,1,6062,6,1,40,2,1,0
61,1,21,3,2576,40,0,40,2,1,0
66,1,18,1,5270,42,0,40,1,1,0
22,1,21,5,5134,41,2,40,1,1,0
45,1,19,5,7315,39,0,40,1,1,1
44,1,20,1,5996,5,1,40,2,1,0
57,1,16,1,5571,37,0,40,1,1,0
70,1,21,1,5602,14,0,40,2,1,1
49,1,16,1,7096,7,1,40,1,1,1
38,2,22,1,2008,5,1,40,2,1,0
32,1,16,1,3475,22,1,12,2,1,0
32,1,16,5,5424,16,0,40,2,1,0
17,1,16,5,4077,5,16,19,1,1,0
27,1,21,1,2426,2,0,40,2,1,0
57,1,16,1,4964,39,1,40,2,1,1
29,1,16,1,5936,34,1,6,2,1,0
47,1,21,1,638,37,1,40,1,1,1
29,1,16,5,6471,41,2,40,1,1,0
30,1,19,5,5336,35,13,40,2,1,0
42,1,16,1,7320,314,0,40,1,6,1
29,1,21,1,1933,37,0,40,1,1,0
27,1,21,5,2468,26,13,40,2,1,0
21,1,19,5,5168,57,2,29,2,1,0
21,1,19,5,2412,10,17,14,2,1,0
59,1,16,1,2544,17,1,12,2,1,0
46,1,16,3,533,8,0,40,1,1,1
31,1,21,5,1455,25,0,40,1,1,1
37,1,21,1,901,6,0,40,2,1,1
51,1,16,1,5757,13,0,40,1,1,0
28,1,16,5,5241,23,13,40,1,1,0
25,1,16,5,4045,51,2,40,1,1,0
22,1,16,5,3878,38,2,40,1,1,0
48,1,16,5,4728,4,0,40,1,1,1
22,1,19,5,4605,50,2,10,1,1,0
40,1,6,1,6174,20,1,40,1,1,0
36,1,21,1,1190,224,1,40,1,1,1
44,1,19,1,7040,3,1,40,1,1,1
29,1,16,1,9491,13,1,40,1,1,0
50,1,16,1,6329,308,0,40,1,6,1
63,1,19,3,6215,40,0,40,1,1,1
20,1,14,5,4149,6,16,12,1,1,0
28,1,19,1,6233,14,0,40,2,1,0
65,1,16,1,10,14,1,50,1,1,1
60,1,17,3,5311,37,0,40,1,1,1
25,1,19,5,6106,21,0,40,1,1,0
24,1,21,5,4776,36,2,40,2,1,0
54,1,20,1,7315,19,0,50,1,1,1
22,1,21,5,2309,40,13,40,1,1,0
24,3,21,3,2296,35,0,14,2,1,0
45,1,22,1,984,9,0,50,1,1,1
29,1,19,1,5566,53,1,40,1,1,0
46,1,16,1,3746,225,1,40,2,6,0
19,1,21,5,4690,3,2,16,1,1,0
44,1,21,5,3450,35,0,40,2,1,1
48,1,21,5,226,41,0,40,2,1,1
21,1,14,5,9426,40,15,40,1,1,0
45,1,13,1,6537,309,1,40,1,1,0
32,3,21,1,2363,39,1,40,1,1,1
64,1,19,1,5746,19,0,40,2,1,0
57,1,18,1,6114,39,1,40,2,1,0
24,1,16,5,4111,40,2,40,1,1,0
30,1,16,3,7487,38,0,40,1,1,0
51,1,21,5,251,40,0,40,1,1,1
17,1,16,5,2769,241,2,9,1,6,0
49,1,21,1,431,13,0,50,1,1,1
27,1,21,5,2157,32,0,40,2,1,0
46,1,20,1,5078,37,1,40,2,1,1
54,1,21,1,374,36,1,40,2,1,1
26,1,19,5,6600,8,0,40,1,1,0
22,1,19,5,5241,6,2,40,1,1,0
28,1,21,5,3075,36,0,40,2,1,0
48,1,21,3,391,7,0,40,2,1,1
41,1,21,1,5874,18,1,40,1,1,1
65,7,22,1,3153,11,0,40,2,1,1
58,1,16,1,5630,41,0,40,2,1,0
67,1,19,1,5223,10,0,32,2,1,0
42,3,21,1,2447,43,0,40,2,1,1
44,3,21,5,2452,35,0,40,2,1,1
40,1,19,1,5707,10,1,40,2,1,0
36,1,21,1,522,17,1,40,1,1,1
31,1,21,5,1991,30,12,33,2,1,0
48,1,10,5,3949,315,0,40,2,6,0
41,1,21,1,275,36,1,50,1,1,1
23,1,17,5,4263,11,0,40,1,1,0
38,1,21,1,2853,16,0,40,1,1,1
34,2,21,1,1733,3,0,40,2,1,1
28,1,21,5,4601,36,2,40,1,1,0
39,1,17,1,4097,18,0,40,1,1,0
26,1,22,5,3128,11,0,40,2,1,1
25,1,19,5,6257,40,2,40,1,1,0
26,1,19,3,6529,7,0,40,1,1,0
48,1,21,5,6077,240,0,40,2,6,0
44,1,16,5,6017,6,0,40,1,1,0
25,1,16,5,5591,6,2,40,1,1,0
19,1,16,5,5614,50,2,40,1,1,0
60,1,16,1,6114,9,0,40,2,1,0
47,1,18,1,5652,5,1,40,2,1,0
42,1,21,3,767,36,0,40,1,1,1
45,1,21,1,3610,13,1,40,1,1,1
58,1,19,1,2683,25,0,40,2,1,0
34,1,21,5,661,13,0,40,1,1,1
46,1,19,1,5908,20,0,10,1,1,0
19,1,16,5,4051,13,2,36,2,1,0
66,2,21,1,3141,44,0,30,2,1,0
24,1,16,5,3784,5,2,32,2,1,0
23,1,18,5,9583,26,16,40,1,1,0
54,1,9,3,7816,39,13,40,1,1,1
51,1,9,1,4001,301,1,40,2,8,0
42,1,16,1,5066,34,9,40,2,1,0
31,1,11,1,6096,301,1,40,2,1,0
66,1,16,1,6137,39,1,40,1,1,1
56,1,16,1,5803,37,1,40,1,1,1
25,1,19,5,5715,12,13,40,2,1,0
63,1,19,1,191,9,0,40,1,1,1
49,1,18,1,5817,34,1,40,1,1,0
54,1,16,1,4157,39,9,40,2,1,0
22,1,16,5,4676,7,2,10,2,1,0
44,1,22,5,304,5,13,40,1,1,1
43,1,21,1,474,232,0,40,1,6,1
49,1,22,3,56,226,0,40,1,6,1
28,1,21,1,3105,44,1,40,2,1,0
27,1,11,5,9679,319,13,40,1,1,0
55,1,19,3,351,40,0,40,1,1,1
52,1,16,1,5761,41,0,40,1,1,0
31,1,21,1,1254,14,1,40,1,1,1
39,1,16,1,9376,11,0,40,1,1,0
52,1,20,3,308,27,0,40,1,1,1
55,1,21,1,113,16,1,40,2,1,1
40,1,21,1,150,7,0,50,1,1,1
29,1,16,1,2312,1,1,6,2,1,0
52,1,21,1,1268,34,0,50,1,1,1
55,1,16,3,259,40,0,40,1,1,1
24,1,19,3,5007,19,0,40,2,1,0
52,1,21,5,757,227,0,40,1,6,1
30,1,19,5,9220,41,13,40,1,1,1
49,1,16,5,5913,39,0,40,1,1,1
60,2,21,1,2017,19,0,40,2,1,1
58,1,19,3,5803,37,0,40,2,1,0
45,1,16,5,8297,40,13,40,1,1,1
18,1,19,5,4542,40,2,10,2,1,0
63,1,16,1,4142,40,0,12,2,1,0
19,1,8,5,4052,46,16,7,1,1,0
20,1,14,5,4083,27,17,10,1,1,0
58,1,16,1,4299,20,0,9,2,1,0
28,1,21,5,2080,11,2,18,2,1,0
21,1,16,5,5447,22,13,40,1,1,0
40,1,21,1,1338,27,0,40,1,1,1
47,1,21,1,194,38,0,40,2,1,1
46,1,18,1,6049,5,1,40,1,1,0
49,1,16,3,7185,9,0,40,1,1,1
31,1,19,5,5814,39,13,40,1,1,0
64,1,16,1,4204,19,1,40,2,1,0
21,1,16,5,4128,229,2,12,2,6,0
34,1,19,5,5522,214,0,40,2,6,0
47,1,16,5,6515,24,0,40,1,1,1
60,1,16,1,5630,32,1,40,2,1,0
57,1,19,1,4772,38,1,40,1,1,1
47,1,21,1,3345,228,0,40,2,1,1
32,1,22,1,1761,37,0,40,2,1,0
47,1,21,1,249,40,0,40,2,1,1
71,2,21,1,1871,23,0,40,2,1,0
42,1,21,1,356,32,1,50,1,1,1
42,1,21,1,3258,224,1,33,2,6,0
26,1,21,5,2250,3,0,40,2,1,0
53,1,16,1,4017,47,0,40,2,1,0
29,1,19,5,5964,22,13,40,1,1,0
44,1,21,1,1442,20,1,40,1,1,1
46,1,16,1,8498,43,0,50,1,1,1
39,1,21,1,5253,5,1,40,2,1,0
57,1,16,1,4910,28,1,40,2,1,0
49,1,21,1,172,22,1,50,1,1,1
41,1,21,1,2642,16,1,15,2,1,0
28,1,19,5,5745,7,2,40,2,1,0
32,1,21,1,1273,7,1,40,1,1,1
38,1,21,1,3132,41,0,40,1,1,1
29,1,21,1,2104,37,1,40,2,1,1
46,1,21,3,632,43,0,40,1,1,1
72,2,22,1,2174,20,1,13,2,1,0
47,1,20,1,10,24,1,40,1,1,1
21,1,19,5,5096,21,2,14,1,1,0
51,1,16,1,5073,7,1,40,1,1,0
43,1,20,1,2433,313,1,13,2,1,0
45,1,21,1,356,2,0,50,1,1,1
49,1,21,1,324,42,1,50,1,1,1
53,1,16,1,4660,41,1,40,2,1,0
43,1,18,1,132,8,0,40,1,1,1
28,1,16,1,6200,5,1,40,2,1,0
62,1,16,3,5192,26,0,40,1,1,1
36,3,21,1,2193,14,0,40,2,1,0
28,1,21,5,1036,24,0,40,1,1,1
45,1,21,1,309,3,1,40,1,1,1
32,1,21,3,1189,16,0,40,1,1,0
31,1,19,5,5713,38,0,40,2,1,0
43,1,22,1,1696,41,0,50,1,1,1
26,1,19,5,4823,33,2,40,2,1,0
47,1,22,1,3191,35,1,40,1,1,1
23,1,19,5,5311,7,2,40,2,1,0
23,1,21,5,2053,38,17,9,2,1,0
25,1,21,5,4635,7,0,40,1,1,0
19,1,16,5,4087,17,2,31,2,1,0
43,1,6,1,4036,18,1,40,2,1,0
57,1,16,1,4693,36,1,40,2,1,0
47,1,21,1,412,221,0,40,2,6,1
36,3,21,3,2575,6,0,40,2,1,0
46,1,17,1,6202,36,0,40,1,1,1
30,1,18,1,6115,40,1,40,2,1,0
48,1,19,5,6019,5,0,40,1,1,1
43,1,21,1,1333,37,0,40,1,1,1
44,1,19,1,6336,39,1,40,1,1,0
65,1,19,1,5532,5,0,11,2,1,0
24,1,16,5,9621,26,13,40,1,1,0
36,1,21,1,2171,6,0,40,2,1,0
46,1,21,1,4536,239,0,40,1,1,0
17,1,16,5,4686,15,16,13,2,1,0
20,1,18,5,4283,5,16,13,1,1,0
22,1,16,5,4237,16,13,40,1,1,0
43,1,22,1,3040,36,1,40,2,1,1
26,1,19,5,4698,36,0,40,1,1,0
32,1,21,1,1049,19,1,40,2,1,0
27,1,19,5,4697,1,2,31,2,1,0
45,1,10,1,4248,48,1,40,2,1,0
60,1,18,1,5935,22,1,40,1,1,1
53,1,16,1,7675,37,1,40,1,1,1
54,1,16,3,195,37,0,40,1,1,1
48,1,21,1,174,39,0,40,1,1,1
32,1,19,3,5723,48,0,40,2,1,0
28,1,17,5,6541,30,13,40,1,1,0
59,1,18,1,6162,41,0,40,1,1,1
26,1,21,5,2345,11,17,40,1,1,0
69,1,21,3,174,27,0,40,2,1,1
27,2,21,3,2009,22,16,18,2,1,0
46,1,21,1,2261,3,1,12,2,1,0
29,1,16,5,5997,26,2,40,1,1,0
55,1,16,1,3489,25,0,40,2,1,0
48,1,16,1,250,5,0,50,1,1,1
27,3,21,1,2329,3,0,11,2,1,0
26,1,21,1,2047,36,1,11,2,1,0
40,1,19,1,5948,7,0,40,1,1,0
22,1,16,5,3919,38,2,40,2,1,0
60,1,21,1,3222,27,0,33,2,1,0
26,1,16,1,4059,7,0,40,1,1,0
37,1,21,1,1140,47,0,40,1,1,1
72,3,21,1,2306,40,0,7,2,1,0
31,1,21,1,3207,41,1,40,2,1,0
37,1,21,5,1282,19,13,40,1,1,1
31,1,21,1,6032,37,1,40,2,1,0
24,1,19,5,4992,42,0,39,2,1,0
45,2,21,1,3000,26,0,50,2,1,1
59,1,21,1,1152,19,0,40,2,1,1
58,1,16,1,5206,35,1,40,2,1,1
26,1,16,5,5251,28,0,40,2,1,0
46,1,16,1,4912,34,1,40,2,1,0
50,1,19,1,5746,38,0,40,2,1,1
29,1,21,5,4171,3,0,40,1,1,0
41,1,21,1,832,222,0,40,2,6,1
32,1,21,1,379,1,0,40,1,6,1
25,1,21,1,2502,37,0,40,2,1,0
64,1,19,1,6090,36,0,6,2,1,0
45,1,16,5,5151,220,0,40,2,6,0
33,1,21,5,1473,3,0,40,1,1,1
30,1,21,5,2455,35,2,40,1,1,1
24,1,18,5,5547,46,13,40,1,1,0
24,1,16,5,9564,1,13,40,1,1,0
52,1,17,1,5710,38,1,40,1,1,1
45,1,21,1,1024,9,0,40,1,1,1
60,1,16,3,4886,25,0,40,2,1,0
22,1,19,5,4720,30,17,9,2,1,0
43,1,21,3,1502,27,0,40,1,1,1
26,1,21,1,2486,38,9,40,2,1,0
50,1,19,1,7578,15,0,50,1,1,1
18,1,21,5,5986,13,2,40,1,1,0
26,1,19,1,5739,7,0,40,2,1,0
26,1,19,5,6223,19,0,40,1,1,0
29,1,16,5,9306,33,0,40,1,1,0
19,1,19,5,4789,39,17,15,2,1,0
24,1,24,5,2707,7,10,9,2,1,0
46,1,19,1,5693,37,0,40,1,1,0
45,1,22,1,314,240,0,40,2,1,1
60,1,21,1,3141,26,0,40,2,1,0
55,1,7,1,5280,12,1,40,2,1,0
27,1,19,3,5506,38,0,33,2,1,0
46,1,11,1,4307,329,1,40,1,1,0
55,1,16,3,7425,25,0,40,1,1,1
59,1,16,3,124,12,0,40,1,1,1
22,1,19,1,6043,18,10,40,2,1,0
33,1,19,5,5376,37,13,40,2,1,0
21,1,18,5,4222,11,16,40,1,1,0
24,1,19,3,5783,7,0,40,2,1,0
21,1,16,5,4146,58,2,10,1,1,0
50,1,21,3,278,42,13,40,2,1,1
65,1,18,3,4692,18,0,40,1,1,0
17,1,18,5,4141,53,16,6,1,1,0
26,1,21,5,1238,21,13,40,1,1,0
62,1,16,1,6214,8,0,40,1,1,1
50,1,16,5,6664,42,0,40,1,1,1
59,1,19,1,6036,38,0,40,1,1,0
37,1,21,1,3220,38,1,40,1,1,1
37,1,8,1,4102,36,0,40,1,1,0
28,1,16,1,4204,12,1,11,2,1,0
20,1,14,5,4141,6,2,9,1,1,0
60,1,17,1,4008,41,1,18,2,1,0
31,1,16,5,4251,38,0,40,2,1,0
41,1,21,1,4896,2,1,40,2,1,1
27,1,11,5,9413,315,17,40,1,8,0
27,1,21,5,731,29,0,40,1,1,0
66,1,16,1,6971,14,0,40,1,1,1
26,1,19,5,5867,11,13,40,1,1,0
48,1,21,1,345,14,0,50,1,1,1
55,1,16,1,4129,32,1,31,2,1,0
25,1,21,5,5138,5,0,40,1,1,0
25,1,21,5,6298,2,2,40,1,1,0
25,1,16,1,4103,38,0,33,2,1,0
49,1,22,1,492,29,0,40,1,1,1
42,1,18,3,6054,35,0,40,1,1,1
30,1,16,3,9039,27,10,40,1,1,0
47,1,21,1,653,30,1,40,1,1,1
52,1,19,1,384,20,1,40,1,1,1
32,1,7,5,5453,36,13,40,1,1,0
33,1,22,1,1352,33,1,40,1,1,1
39,1,21,1,21,38,1,40,1,1,1
43,1,21,1,6931,37,1,40,1,1,0
55,1,18,1,5969,26,0,40,2,1,0
21,1,16,5,5438,4,2,40,1,1,0
58,1,19,1,5124,35,0,40,2,1,0
25,1,21,5,2225,226,0,40,2,6,0
26,1,21,5,2409,8,13,40,2,6,0
20,1,19,5,4680,40,17,12,2,1,0
24,1,21,5,4766,36,2,40,1,1,0
31,1,16,1,9118,52,0,40,1,1,0
23,1,16,5,4255,8,2,40,1,1,0
42,1,19,1,6015,317,0,40,1,1,1
48,1,16,1,6565,24,0,40,2,1,0
58,1,18,1,6099,23,1,40,2,1,0
45,3,22,1,2387,7,1,40,2,1,1
60,1,18,1,6204,36,1,40,2,1,0
20,1,19,5,4765,12,16,40,1,1,0
22,1,19,5,4847,8,17,32,2,1,0
53,1,17,5,5713,313,0,40,1,1,0
57,1,20,1,4580,17,1,40,1,1,1
48,1,21,1,99,16,0,40,1,1,1
50,1,16,1,4675,45,1,40,1,1,0
30,1,19,5,4970,13,0,40,1,1,0
26,1,21,5,5553,10,2,40,2,1,0
25,1,18,5,6097,38,2,40,1,1,0
36,1,21,1,5788,16,0,40,2,1,0
32,1,20,1,4851,40,1,40,2,1,0
23,1,19,5,5651,38,0,40,2,1,0
19,1,16,5,4220,34,7,34,2,1,0
26,1,19,5,4528,36,12,40,2,1,0
32,1,21,1,4784,216,0,40,1,6,0
27,1,21,1,2284,20,1,40,2,1,0
52,1,17,1,6026,37,0,40,1,1,0
32,1,21,1,865,2,1,40,1,1,1
29,1,19,5,5720,23,0,40,2,1,0
33,1,18,5,5527,8,13,40,2,1,0
44,1,10,1,3937,314,0,40,2,6,0
27,1,16,5,4059,10,2,40,2,1,0
22,1,16,5,5783,16,13,40,2,1,0
25,1,20,1,2220,16,0,9,2,1,0
29,1,21,1,2155,5,0,40,1,1,1
60,1,19,3,4718,18,0,35,2,1,0
45,1,22,1,845,2,1,40,1,1,1
21,1,16,3,4221,38,0,40,2,1,0
20,1,14,5,4643,48,16,10,1,1,0
34,1,21,1,3138,25,1,40,2,1,0
52,1,22,5,69,39,0,40,1,1,1
29,1,21,5,344,14,0,40,2,1,1
47,1,21,1,561,37,0,40,1,1,1
30,1,19,5,2419,4,0,33,2,1,0
30,2,21,3,2133,25,0,40,2,1,1
23,1,19,5,9551,52,12,40,1,1,0
44,1,21,1,995,6,0,40,1,1,1
55,1,16,1,6019,40,1,40,2,1,0
50,1,1,1,4110,315,1,12,2,6,0
57,1,19,1,4236,46,0,40,2,1,0
58,1,16,3,6049,9,0,40,1,1,1
22,1,12,5,4749,216,16,17,1,6,0
47,1,21,1,3343,4,1,40,2,1,1
49,1,16,1,6566,6,1,40,1,1,0
43,1,21,1,1730,19,0,50,1,1,1
26,1,19,5,5807,37,0,40,1,1,0
61,1,18,1,5005,7,0,40,2,1,0
19,1,19,5,4747,21,2,10,2,1,0
46,1,19,5,5970,39,0,40,1,1,1
35,1,21,1,5734,14,0,40,1,1,0
57,1,16,1,5748,21,1,40,1,1,0
49,1,16,5,4887,38,13,40,1,1,0
50,1,10,1,4135,291,0,40,1,6,0
33,2,21,1,1976,34,1,13,2,1,0
45,1,18,1,7500,9,0,40,1,1,1
42,1,21,3,4778,241,0,40,2,6,0
42,1,22,1,153,213,1,40,1,6,1
39,1,21,1,2398,38,1,40,2,1,0
38,1,19,1,2772,18,0,40,2,1,0
46,1,11,1,4242,312,0,40,2,6,0
43,1,19,1,4777,5,0,40,1,1,1
21,1,16,5,4100,38,2,16,2,1,0
42,1,21,1,393,5,1,40,2,1,1
42,1,21,1,5147,5,0,40,2,1,0
30,1,19,5,5834,30,2,40,1,1,0
50,1,19,3,5786,38,0,40,1,1,1
24,1,14,5,8954,31,2,40,1,1,0
53,1,16,1,5844,5,1,40,2,1,0
62,1,16,1,6389,12,1,40,2,1,0
19,1,19,5,2352,7,17,9,2,1,0
20,1,19,5,4951,19,2,6,1,1,0
38,1,19,1,8254,6,1,40,1,1,1
22,1,19,5,5875,36,0,40,2,1,0
54,1,19,1,5808,21,1,40,1,1,1
50,1,22,3,836,24,0,40,1,1,1
23,1,18,5,6649,20,13,40,1,1,0
36,1,20,1,2610,36,1,16,2,1,0
42,1,11,1,289,300,1,40,1,6,1
57,1,16,1,5859,38,1,40,1,1,0
39,3,22,1,2506,9,1,40,2,1,0
32,1,21,1,5425,32,0,40,1,1,0
30,1,19,3,5305,30,0,40,2,1,0
29,1,19,5,5648,36,0,29,2,1,0
39,1,21,1,2286,22,1,40,2,1,0
24,1,16,5,4132,39,2,17,2,1,0
41,1,19,1,5766,35,1,40,1,1,0
46,1,19,1,5743,35,1,40,1,1,0
63,1,19,3,5826,38,0,40,2,1,0
29,1,16,1,4157,39,0,40,2,1,0
48,3,21,1,2293,8,1,40,2,1,1
38,1,21,1,1484,39,1,40,1,1,1
63,1,22,5,3308,26,0,40,2,1,1
56,1,19,3,4652,45,0,40,2,1,0
56,1,16,1,3434,20,1,40,2,1,0
50,1,16,1,4621,28,1,40,2,1,0
21,1,19,5,4739,10,2,10,2,1,0
21,1,19,5,4745,36,2,11,2,1,0
23,1,21,5,5669,8,12,40,1,1,0
44,1,19,1,6110,31,1,40,1,1,1
60,1,9,1,4232,37,1,40,2,1,0
19,1,16,5,4017,4,16,17,1,1,0
37,1,16,1,4322,324,1,12,2,1,0
55,1,19,1,6312,35,1,40,2,1,0
49,1,21,1,4990,5,0,40,2,1,0
35,1,18,5,5890,22,0,40,1,1,1
17,1,16,5,4182,54,2,40,1,1,0
41,1,20,3,4955,33,0,40,2,1,1
24,1,19,1,5704,50,0,33,2,1,0
58,1,16,1,5679,12,0,40,2,1,0
51,1,21,1,256,28,1,50,1,1,1
48,1,19,1,4735,4,1,40,2,1,0
21,1,19,5,4799,6,12,11,2,1,0
20,1,13,5,4586,16,2,8,2,1,0
30,1,16,5,5322,6,0,40,1,1,0
61,1,16,1,4896,39,1,40,1,1,0
19,1,16,5,4108,18,2,33,2,1,0
61,1,19,1,5394,28,0,40,2,1,0
50,1,21,1,22,40,0,40,1,1,1
25,1,16,5,6967,24,13,40,1,1,0
21,1,16,5,4123,51,2,11,1,1,0
51,1,16,5,7807,18,0,40,1,1,1
23,1,19,5,4902,16,2,40,1,1,0
42,1,21,1,1522,23,1,40,1,1,1
42,1,16,1,7649,6,1,40,1,1,1
45,1,21,1,5312,4,0,40,2,1,0
27,2,21,5,2462,25,13,40,2,1,0
42,1,21,1,2265,29,1,40,1,1,1
44,1,21,1,927,36,1,40,1,1,1
60,1,9,3,4055,34,0,9,2,1,0
40,1,19,1,4875,223,1,40,2,1,0
25,1,21,5,2316,43,2,40,2,1,0
22,1,16,3,3189,36,0,31,2,1,0
63,1,17,1,4058,41,1,12,2,1,0
31,1,19,1,5828,22,0,40,2,1,0
42,1,21,1,409,40,0,40,2,1,1
24,1,21,1,1868,22,0,40,2,1,0
26,1,21,3,5288,19,16,40,1,1,0
51,1,19,1,3777,15,1,40,2,1,0
20,1,14,5,4057,46,2,10,2,1,0
30,1,21,5,3725,36,0,40,2,1,1
56,1,17,1,6018,41,1,40,1,1,0
22,1,21,5,2091,4,2,40,1,1,0
32,1,19,1,5831,24,0,40,2,1,0
25,1,21,5,1330,18,0,40,1,1,0
40,1,21,1,5057,17,0,40,2,1,0
53,1,19,1,5445,20,1,40,2,1,0
22,1,16,5,4037,3,12,40,1,1,0
24,1,18,5,6576,7,13,40,1,1,0
39,1,19,1,6364,23,0,40,1,1,0
21,1,19,5,4721,3,2,10,1,1,0
44,1,21,1,1064,18,1,50,1,1,1
41,1,21,1,456,8,0,40,1,1,1
51,1,21,5,3573,230,0,40,2,6,1
23,1,16,5,5110,6,0,40,2,1,0
48,1,21,1,3138,35,1,40,1,1,1
53,1,21,1,75,8,0,50,1,1,1
40,1,21,1,5166,36,0,40,2,1,0
42,1,21,1,891,8,1,40,1,1,1
38,1,21,1,2729,36,1,40,2,1,0
24,1,19,1,5477,57,0,40,2,1,0
24,1,16,5,4825,31,13,40,1,1,0
53,1,16,1,5126,42,1,40,2,1,0
56,1,16,1,121,38,1,40,1,1,1
25,1,16,1,4127,317,10,40,2,1,0
32,1,21,1,2148,39,0,40,2,1,1
27,1,21,1,2285,12,0,14,2,1,0
45,1,21,1,5731,218,1,40,2,6,1
46,1,21,3,116,40,0,40,2,1,1
67,1,21,1,268,37,0,40,2,1,1
44,1,22,1,3339,12,1,40,2,1,1
20,1,19,5,4667,4,17,9,2,6,0
26,1,19,5,4826,30,2,40,1,1,0
42,1,22,5,1443,40,0,40,1,1,1
39,1,19,5,6164,26,0,40,1,1,1
64,1,18,1,239,13,0,40,1,1,1
28,1,19,1,6355,36,0,11,2,1,0
34,1,16,1,5779,52,0,40,2,1,0
30,1,19,1,2758,39,10,10,2,1,0
20,1,14,5,4316,37,16,6,1,1,0
37,1,21,1,2007,9,1,40,2,1,0
29,1,16,5,5867,9,0,40,1,1,0
20,1,18,5,4529,37,2,9,2,1,0
48,1,16,1,6057,219,0,40,1,8,0
29,1,17,3,8913,35,0,40,2,1,0
18,1,19,5,2634,9,2,12,2,1,0
59,1,21,1,2392,29,1,11,2,1,0
55,1,16,1,5634,23,1,40,1,1,0
48,3,22,1,2358,36,1,40,2,1,1
63,1,16,1,5021,9,1,40,2,1,0
28,1,21,1,2449,39,0,40,1,1,0
45,1,21,1,419,29,0,40,1,1,1
49,1,16,1,6212,36,0,40,1,1,0
30,1,16,5,6302,211,0,40,1,6,0
29,1,16,5,6092,36,0,40,1,1,0
26,1,21,5,1102,8,0,40,2,1,1
48,2,21,1,2288,22,0,40,2,1,1
17,1,16,5,4812,32,2,11,1,1,0
65,1,16,1,6664,39,0,40,2,1,0
43,1,19,1,4548,6,0,40,1,1,1
57,1,17,1,8947,16,1,40,1,1,1
21,1,19,5,3511,38,13,40,2,1,0
50,1,22,1,353,37,1,40,1,1,1
24,1,16,1,4248,314,0,40,1,1,0
44,1,19,1,616,35,0,40,1,1,1
63,1,16,1,5223,21,1,40,2,1,0
44,1,21,1,288,35,1,40,2,1,1
26,1,21,1,2135,24,1,14,2,1,0
44,1,21,1,278,5,0,50,1,1,1
22,1,16,5,6033,18,2,40,2,1,0
26,1,19,3,5563,21,0,10,2,1,0
38,1,20,1,5062,37,1,40,2,1,0
24,1,21,5,3310,17,2,40,2,1,0
27,1,16,1,4212,328,1,40,1,1,0
37,1,21,1,5345,14,1,40,1,1,0
33,1,21,5,2882,6,0,40,1,1,1
25,3,21,5,2347,34,0,40,1,1,1
27,1,16,1,4029,8,1,13,2,1,0
49,1,20,1,4831,24,1,40,1,1,1
24,1,16,3,5187,40,0,14,2,1,0
45,1,19,1,5871,5,1,40,2,1,0
31,1,21,5,1135,35,0,40,2,1,0
77,1,22,3,2564,18,0,40,2,1,1
19,1,19,5,2501,4,2,6,2,1,0
48,1,21,1,715,38,1,50,1,1,1
26,1,19,1,5905,19,0,3,2,1,0
22,1,16,5,4737,40,0,40,2,1,0
59,1,16,1,6029,14,1,35,2,1,0
38,1,21,1,5062,39,0,40,1,1,0
50,1,20,3,209,34,0,40,1,1,1
77,6,19,1,2045,9,0,15,2,1,0
36,1,21,1,1188,32,1,40,1,1,1
28,1,21,5,837,22,0,40,1,1,1
21,1,7,5,4192,23,16,7,1,1,0
61,1,16,1,4631,20,1,40,2,1,0
43,1,16,1,5637,7,1,40,2,1,1
43,1,21,5,838,36,0,40,1,1,1
50,1,18,1,5279,41,1,40,2,1,0
62,1,16,1,5148,25,1,40,2,1,0
26,1,16,1,4176,25,0,40,2,1,0
40,1,21,1,308,25,0,50,1,1,1
46,1,19,3,223,4,0,40,1,1,1
46,1,19,1,43,8,0,40,1,1,1
22,1,19,5,5661,38,2,40,1,1,0
21,1,19,5,4816,26,2,12,1,1,0
18,1,14,5,4112,49,15,11,1,1,0
36,1,21,1,4802,37,0,40,1,1,0
19,1,16,5,4781,15,2,9,2,1,0
50,1,16,3,286,6,0,40,1,1,1
29,1,16,3,3653,8,10,40,2,1,0
45,1,21,1,6547,7,0,40,1,1,1
41,1,21,1,714,39,1,40,1,1,1
46,1,16,1,7544,10,0,40,1,1,1
48,1,19,1,10,7,1,40,1,1,1
51,1,16,1,3899,299,1,10,2,1,0
30,1,21,5,266,39,0,40,1,1,1
47,1,21,1,335,8,1,40,1,1,1
29,1,16,1,5440,15,0,40,2,1,0
25,1,16,5,3359,34,0,34,2,1,0
53,1,16,1,5480,25,1,40,2,1,0
63,1,21,1,5489,8,0,12,2,1,0
40,1,21,1,2438,33,1,40,2,1,0
40,1,19,1,6283,219,0,40,1,6,1
54,1,16,1,4121,316,1,40,2,1,0
58,1,16,1,3466,36,1,32,2,1,0
51,1,22,1,185,7,0,50,1,1,1
31,1,21,3,4915,14,10,40,1,1,0
57,1,16,1,9072,37,1,40,1,1,0
19,1,19,5,4566,33,17,9,1,1,0
41,1,21,1,1027,39,1,50,1,1,1
52,1,18,5,8289,18,0,40,1,1,1
41,1,19,1,959,26,0,50,1,1,1
56,1,16,1,5389,39,0,40,1,1,1
29,1,21,3,5754,6,0,40,2,1,0
51,3,22,1,2370,9,0,40,2,1,1
25,1,16,3,4270,24,10,40,2,1,0
17,1,16,5,4142,40,2,13,2,1,0
50,1,21,5,3150,26,0,40,2,1,1
66,1,21,1,4884,20,0,40,2,1,1
33,1,21,1,5089,6,0,40,1,1,0
23,1,19,5,5694,19,17,40,2,1,0
47,1,21,1,268,6,0,40,1,1,1
24,1,16,1,4020,42,0,40,2,1,0
17,1,18,5,4601,17,2,8,2,1,0
23,1,21,5,5383,4,13,40,2,1,0
30,1,19,1,5421,36,0,40,2,1,0
25,1,16,5,6161,18,13,40,2,1,0
36,1,20,1,2219,21,1,12,2,1,0
31,1,21,5,3221,37,0,40,2,1,0
23,1,18,5,4212,34,17,40,1,1,0
58,1,19,1,4628,26,0,40,1,1,1
33,1,22,5,1010,34,0,40,1,1,1
42,1,22,1,3060,4,1,40,2,1,1
47,1,21,1,1199,26,1,40,2,1,1
25,1,16,1,3951,25,1,40,2,1,0
29,1,21,5,2249,40,13,40,2,1,0
28,3,21,1,2166,18,1,11,2,1,0
30,1,16,5,9073,18,2,40,1,1,0
40,1,21,1,385,33,0,40,1,1,1
40,2,21,1,2155,6,1,40,2,1,1
25,1,21,5,4933,5,0,40,1,1,0
52,1,21,1,69,35,0,50,1,1,1
43,1,18,1,6225,4,0,40,1,1,1
20,1,14,5,4221,7,2,6,1,1,0
32,1,22,1,1826,36,0,40,1,1,0
42,1,22,1,10,208,0,40,1,6,1
29,1,16,1,4361,29,0,40,2,1,0
56,1,16,1,8886,40,1,40,1,1,0
42,1,21,1,5191,37,1,40,2,1,1
18,1,19,5,4578,7,16,9,1,6,0
28,1,19,5,5472,20,0,5,2,1,0
26,1,19,1,6346,29,0,40,1,1,0
38,1,19,1,432,210,0,40,1,6,1
25,1,21,5,3108,4,0,40,2,1,0
57,1,16,1,4003,27,1,40,2,1,0
43,1,21,1,495,229,0,40,1,1,1
52,1,16,1,5749,37,0,40,1,1,0
61,1,19,1,5781,36,0,40,2,1,0
46,1,18,3,8049,316,0,40,1,1,1
18,1,14,5,4060,208,2,8,1,6,0
43,1,21,1,2429,4,0,40,2,1,0
47,1,16,3,7120,38,0,50,1,1,1
39,1,21,3,3040,33,0,40,1,1,1
23,1,16,5,4243,24,17,40,1,1,0
59,1,19,1,3492,6,1,29,2,1,0
26,1,16,1,3893,309,10,40,2,1,0
62,1,19,1,5511,16,1,40,2,1,1
18,1,16,5,3994,37,2,7,1,1,0
60,1,19,1,5897,38,0,40,1,1,0
52,1,16,1,9028,41,1,40,1,1,0
38,1,21,1,1251,234,0,40,1,1,1
51,1,19,1,390,35,1,50,1,1,1
44,1,20,5,1073,27,0,40,1,1,1
31,1,9,5,4078,310,2,40,1,8,0
44,1,11,1,4162,316,1,40,2,1,0
30,1,16,3,6192,10,0,40,2,1,0
21,1,19,5,4612,34,17,14,2,1,0
21,1,13,5,4065,35,2,40,1,1,0
19,1,21,5,2007,1,2,11,1,6,0
27,1,16,5,4039,309,13,40,2,6,0
61,1,21,1,3833,11,1,40,2,1,1
64,1,19,1,5135,35,1,32,2,1,0
43,1,21,1,2271,15,1,40,2,1,0
20,1,16,5,4225,11,2,12,1,1,0
37,1,16,3,3972,38,0,40,1,1,0
34,1,21,5,1092,40,0,40,1,1,1
40,1,16,1,8547,48,0,40,1,1,0
63,1,16,1,5206,39,1,40,2,1,0
18,1,16,5,4541,56,2,10,1,1,0
54,1,8,1,5882,46,9,40,2,1,0
42,1,21,3,417,331,13,40,1,1,1
26,1,22,5,2369,2,0,40,2,1,0
30,1,19,1,2326,45,1,11,2,1,0
53,1,16,5,5743,20,0,40,1,1,1
37,1,21,5,7002,8,0,40,1,1,1
56,1,16,1,4981,12,1,40,2,1,0
25,1,19,5,5240,23,13,40,2,1,0
27,1,16,5,9830,16,12,40,1,1,0
25,1,19,3,5028,28,9,40,2,1,0
42,1,16,1,4071,302,1,40,2,8,0
21,1,21,5,4985,38,12,40,2,1,0
29,1,21,1,1715,32,1,40,2,1,0
28,1,19,1,6314,35,10,40,1,1,0
56,1,20,3,672,20,0,40,1,1,1
47,1,19,1,10,3,0,50,1,1,1
28,1,19,1,5399,44,10,40,2,1,0
21,1,14,5,4634,8,2,12,2,1,0
55,1,20,1,4618,12,1,10,2,1,0
43,1,21,1,770,40,0,50,1,1,1
58,1,19,1,5361,40,1,40,1,1,1
53,1,16,1,6399,31,0,40,1,1,0
57,1,16,1,5715,28,1,40,1,1,1
26,2,21,5,2303,9,2,13,2,1,0
47,1,22,1,10,220,1,61,1,6,1
29,1,19,5,6025,13,13,40,1,1,0
19,1,16,5,4690,5,16,7,2,1,0
42,1,21,3,1098,204,13,40,1,6,1
24,1,16,1,4601,29,0,40,2,1,0
31,1,19,5,3618,18,13,32,2,1,0
49,1,16,5,5913,43,13,40,1,1,0
63,1,16,1,5785,2,0,40,2,1,0
43,1,16,3,5946,2,0,40,1,1,0
46,1,21,1,3639,35,1,40,2,1,0
28,1,19,5,6037,6,13,32,2,6,0
31,1,21,1,2041,49,0,40,2,1,0
21,1,19,5,4840,27,2,40,1,1,0
20,1,19,5,2130,13,16,13,1,1,0
26,2,23,5,2604,32,13,40,2,1,0
54,1,16,1,5796,38,1,40,1,1,0
43,1,16,3,5336,36,0,40,1,1,0
46,1,21,1,356,7,0,40,2,1,1
49,1,21,1,152,24,0,50,1,1,1
47,1,11,1,4472,323,0,40,2,1,0
63,1,20,1,2357,7,0,10,2,1,0
18,1,16,5,4213,9,17,17,1,1,0
33,1,21,5,1261,38,0,40,1,1,1
24,1,19,5,4739,242,2,34,1,6,0
44,1,21,1,1118,35,1,40,2,1,1
39,1,16,3,6533,9,13,40,1,1,1
45,1,21,3,748,5,13,40,1,1,1
29,1,16,5,5193,4,13,40,2,1,0
62,1,16,1,5006,37,0,40,1,1,0
37,1,22,3,2376,40,0,40,2,1,1
44,1,19,1,10,8,0,40,1,1,1
23,1,19,5,9334,1,17,40,1,1,0
40,1,19,1,5056,8,0,40,1,1,0
24,1,19,3,5253,31,0,40,2,1,0
37,1,21,1,1374,20,1,40,1,1,1
21,1,21,5,5067,22,2,7,2,1,0
18,1,16,5,4118,8,2,40,1,1,0
25,1,19,5,4820,5,13,40,2,1,0
49,1,21,1,748,10,0,50,1,1,1
27,1,16,5,5743,30,0,40,1,1,0
83,2,22,3,2094,36,0,40,2,1,0
19,1,19,5,4858,54,2,12,1,1,0
64,2,21,1,2015,7,0,40,2,1,1
65,1,20,3,577,16,13,40,1,1,1
19,1,9,5,3994,30,2,40,1,1,0
42,1,21,5,5808,14,0,40,2,1,0
52,1,20,3,195,34,0,50,1,1,1
24,1,19,5,4742,9,2,32,2,1,0
33,1,16,3,9446,22,0,40,1,1,0
41,1,21,1,2812,42,1,40,1,1,1
51,1,16,1,4273,44,1,40,1,1,1
44,1,19,1,4782,10,0,40,1,1,1
49,1,22,1,109,5,0,40,2,1,1
29,1,19,5,3883,15,13,40,2,1,0
18,1,14,5,4058,17,17,10,1,1,0
51,1,16,1,6257,35,1,40,1,1,1
33,1,16,1,4702,6,1,40,2,1,0
50,1,16,1,5471,31,1,40,1,1,0
31,1,21,1,3249,40,0,40,2,1,0
28,1,14,5,6426,22,16,40,1,1,0
61,1,20,1,3484,17,1,34,2,1,0
61,1,16,1,4053,39,10,8,2,1,0
30,1,19,1,5874,21,0,40,2,1,0
61,1,20,1,5628,32,1,40,2,1,1
32,2,21,5,2137,38,0,40,2,1,1
54,1,16,1,4772,34,0,40,2,1,0
26,1,11,3,9830,35,2,40,1,1,0
53,1,19,1,3889,34,1,40,2,1,0
46,1,16,1,6277,6,1,40,2,1,0
38,1,21,1,2612,26,1,40,2,1,1
28,1,21,5,940,222,0,40,2,6,0
51,1,22,1,344,222,0,40,1,6,1
26,1,21,5,3239,12,0,31,2,1,0
48,1,20,1,337,28,0,40,1,1,1
25,1,18,3,5466,35,0,40,1,1,0
25,1,16,5,7187,33,2,40,1,1,0
42,1,22,1,232,219,1,60,1,6,1
47,1,19,1,332,219,0,50,1,6,1
34,1,21,1,2173,11,1,40,2,1,0
22,1,19,3,3472,16,0,31,2,1,0
23,1,19,5,5245,10,2,40,2,1,0
49,1,1,5,6676,32,0,40,1,1,1
24,1,19,5,5682,5,12,9,2,1,0
53,1,19,1,5246,20,0,40,1,1,1
26,1,21,1,2178,20,1,40,2,1,0
22,1,14,5,4696,31,17,12,1,1,0
28,1,21,1,2308,33,1,10,2,1,0
42,1,17,3,6221,40,0,40,1,1,1
60,1,16,1,419,24,1,50,1,1,1
55,1,16,1,5692,17,1,40,1,1,0
52,1,21,3,572,2,0,50,1,1,1
33,1,21,3,690,28,0,40,1,1,1
33,1,21,1,3069,37,0,40,1,1,1
46,3,22,1,2289,36,1,40,2,1,0
40,1,21,1,3972,12,1,40,2,1,0
49,1,1,1,5599,313,1,40,1,6,0
38,1,21,1,5127,22,1,40,2,1,0
36,1,20,1,4826,50,0,40,2,1,0
24,1,16,1,4145,11,0,40,2,1,0
31,1,21,5,5047,6,0,40,2,1,0
53,1,16,1,278,31,1,50,1,1,1
39,1,21,5,1785,327,0,40,1,6,0
25,1,16,5,9109,22,2,40,1,1,0
30,6,21,1,1820,39,0,7,2,1,0
62,1,18,1,5221,21,0,40,1,1,1
26,1,21,5,2511,1,2,40,1,1,1
55,1,16,1,6028,37,1,40,1,1,0
25,1,16,5,4234,39,12,40,2,1,0
31,3,22,5,2319,29,0,6,2,1,0
63,1,19,1,169,35,0,40,2,1,1
63,1,16,1,5743,36,0,40,1,1,0
21,1,19,5,4819,14,16,9,1,1,0
61,1,21,3,3267,36,0,40,2,1,0
29,1,19,5,5629,28,2,40,1,1,0
29,1,21,5,6147,40,0,40,1,1,1
53,1,18,3,6523,7,0,40,1,1,1
51,1,21,3,396,31,0,40,1,1,1
34,1,22,1,2598,35,0,40,1,1,0
45,1,21,5,1025,12,0,40,1,1,1
62,1,19,3,6117,43,0,7,2,1,0
44,1,20,1,3423,35,1,40,2,1,0
30,1,21,5,1688,5,13,40,1,1,0
46,1,21,1,5469,1,0,40,2,1,0
61,3,21,5,2488,19,0,40,2,1,1
48,1,21,1,275,41,1,50,1,1,1
33,1,16,1,6467,304,1,40,2,6,0
44,1,19,1,5796,42,0,40,2,1,0
45,1,19,1,4984,36,1,40,1,1,1
28,1,19,5,6188,34,13,40,2,1,0
42,1,21,1,3237,39,1,40,2,1,1
24,1,19,5,3522,8,2,8,2,1,0
43,1,16,1,7185,228,1,40,1,6,1
45,1,21,1,157,8,0,40,1,1,1
47,1,19,3,9048,321,13,40,1,1,1
38,1,16,1,5380,50,1,40,1,1,0
40,1,20,1,5098,36,1,40,2,1,0
45,3,22,1,2522,34,1,40,2,1,1
28,1,21,1,2307,16,0,40,2,1,0
60,1,22,5,3444,18,0,40,2,1,1
30,1,21,1,5952,36,1,40,2,1,0
49,1,16,5,4884,32,0,40,1,1,1
25,1,16,5,6042,225,13,40,2,6,0
25,2,21,5,2165,32,0,40,2,1,1
53,1,16,5,6012,32,13,40,2,1,1
65,1,21,1,5539,36,0,40,2,1,1
45,1,21,1,298,36,0,40,1,1,1
43,1,22,5,425,37,0,40,2,1,1
42,1,21,3,5740,8,0,40,2,1,0
47,1,21,1,3151,35,0,40,2,1,1
45,1,22,3,332,40,0,50,1,1,1
26,1,16,5,4142,21,2,31,2,1,0
43,3,22,1,2336,26,1,40,2,1,0
21,1,14,5,4507,251,17,8,2,6,0
36,1,21,1,421,22,0,40,1,1,1
45,1,21,1,3347,3,0,40,2,1,1
19,1,19,5,4814,48,16,5,1,1,0
56,1,16,1,5893,40,0,40,1,1,0
31,1,21,1,5432,15,0,40,2,1,0
27,1,16,1,7504,24,0,40,1,1,0
44,1,21,1,1145,28,0,50,1,1,1
46,1,17,1,5628,39,1,40,1,1,0
56,1,16,1,7916,21,1,40,1,1,1
48,1,20,1,10,34,1,50,1,1,1
23,1,21,5,3996,37,13,40,2,1,0
27,1,19,5,5852,31,2,40,1,1,0
26,1,14,5,4345,10,2,40,1,1,0
38,1,21,1,1014,37,1,40,1,1,1
45,1,21,1,1006,27,1,40,1,1,1
55,1,22,1,757,4,1,40,1,1,1
28,1,19,1,4647,5,0,9,2,1,0
52,1,22,5,2928,13,0,40,1,6,1
31,3,21,1,2137,34,1,10,2,1,0
56,1,21,1,2437,34,1,40,2,1,0
47,1,21,1,437,5,0,40,1,1,1
29,1,16,3,5638,25,16,40,1,1,0
46,1,21,3,3009,7,0,40,1,1,1
25,1,19,5,5287,10,13,40,2,1,0
53,1,19,1,2106,24,0,10,2,1,0
20,1,19,5,2570,38,2,7,2,1,0
44,1,19,5,4570,43,0,40,1,1,1
26,1,21,5,755,37,0,40,1,1,1
57,2,22,1,2184,7,0,40,2,1,0
28,1,16,3,9052,40,0,40,1,1,0
72,1,20,3,4799,25,0,36,2,1,0
54,1,16,1,3843,37,1,33,2,1,0
38,3,21,1,2459,201,0,40,2,6,1
50,1,21,1,177,38,1,40,1,1,1
42,1,19,1,413,216,0,40,1,6,1
41,1,21,1,5499,7,1,40,1,1,1
19,2,21,5,2622,39,13,40,2,1,0
52,1,16,1,9004,40,0,40,1,1,1
49,1,21,1,4860,303,1,40,2,6,1
22,1,18,5,5185,43,2,40,1,1,0
48,1,19,1,218,8,1,40,1,1,1
34,1,21,1,2138,25,0,40,1,1,1
57,1,19,1,5412,18,0,40,2,1,0
25,1,16,5,5209,8,0,40,1,1,0
62,1,19,1,5857,27,0,40,2,1,0
61,1,16,1,2347,16,1,15,2,1,0
43,1,16,1,9385,289,1,40,1,1,1
50,1,21,5,240,11,0,40,2,1,1
28,1,16,1,9293,323,9,40,1,1,0
27,1,16,1,5507,51,1,40,2,1,0
24,1,19,1,2782,11,1,12,2,1,0
27,1,21,5,879,7,2,40,2,1,0
19,1,16,5,4041,6,16,15,1,1,0
52,1,21,3,1468,6,0,50,1,1,1
26,1,16,5,4653,39,2,40,1,1,0
64,1,21,3,3387,24,0,33,2,1,0
33,1,21,1,3239,29,1,40,1,1,1
61,1,19,1,5936,26,1,40,2,1,0
44,1,21,5,98,37,0,40,2,1,1
51,1,19,1,173,39,1,40,1,1,1
19,1,19,5,2333,20,2,7,2,1,0
48,1,21,1,199,9,0,50,1,1,1
46,1,19,1,6454,10,0,40,1,1,1
22,1,21,5,2193,12,2,40,1,6,0
41,1,22,3,1274,3,0,40,1,1,1
20,1,19,5,4694,34,17,13,1,1,0
25,1,16,1,4906,307,10,32,2,1,0
57,1,16,1,4215,20,1,9,2,1,0
18,1,16,5,4116,20,2,40,1,1,0
41,1,21,1,5820,3,0,40,1,1,0
25,1,14,5,3966,39,2,40,1,1,0
22,1,16,5,3678,8,0,31,2,1,0
58,1,20,1,2509,39,1,12,2,1,0
20,1,19,5,2340,9,2,12,2,1,0
40,1,21,1,5025,16,0,40,1,1,1
60,1,16,1,5711,22,0,40,2,1,0
51,1,21,1,4810,31,0,40,2,1,0
38,2,21,1,2188,17,0,40,1,1,1
59,1,21,1,5026,57,0,40,2,1,0
19,1,18,5,4117,31,2,40,1,1,0
31,1,21,1,3126,2,0,40,2,1,0
35,1,21,1,918,40,1,40,1,1,1
54,1,19,1,370,35,0,50,1,1,1
65,1,20,1,3565,19,0,40,2,1,0
43,1,16,1,4164,320,1,40,2,1,0
22,1,19,5,4910,6,2,40,1,1,0
61,1,19,1,4764,5,0,40,2,1,0
59,1,16,1,7608,29,1,40,1,1,1
45,1,16,1,162,7,1,50,1,1,1
27,1,19,5,4811,14,13,40,2,1,0
56,1,16,1,100,1,1,40,1,1,1
34,1,21,5,1435,43,0,40,1,1,1
45,1,16,5,4599,5,13,40,1,1,1
28,1,21,1,2173,36,0,9,2,1,0
31,1,19,5,5577,3,13,40,1,1,1
19,1,21,5,2215,27,17,11,2,1,0
46,1,21,1,277,212,1,40,1,1,1
40,1,19,3,4778,7,0,40,2,1,0
18,1,16,5,9013,48,17,40,1,1,0
58,1,20,3,90,15,0,40,1,1,1
54,1,20,1,6278,9,1,40,1,1,1
29,1,23,5,726,3,0,40,1,6,1
44,1,16,1,5489,224,0,40,2,1,1
46,1,21,1,5226,16,0,40,2,1,1
61,1,16,1,3873,40,1,15,2,1,0
29,1,16,5,6410,35,12,40,1,1,0
44,1,21,3,995,16,0,40,1,1,1
57,1,16,1,159,39,0,50,1,1,1
32,1,17,1,4120,20,0,40,1,1,0
60,3,22,1,2494,34,0,40,2,1,0
47,1,19,1,5836,5,0,40,1,1,1
26,1,16,3,3747,37,0,12,2,1,0
61,1,19,3,5713,39,0,40,2,1,0
55,1,16,5,7880,15,0,40,1,1,1
18,1,16,5,4585,31,2,9,2,1,0
29,1,16,1,3696,39,1,18,2,1,0
21,1,19,5,2319,40,17,11,2,1,0
60,1,19,1,5902,40,0,40,2,1,0
26,1,21,5,1291,16,17,40,1,1,0
21,2,19,5,2521,23,17,11,2,1,0
61,1,20,1,3432,35,0,36,2,1,0
30,3,21,1,2346,20,1,9,2,1,0
24,1,16,3,5074,6,9,40,2,1,0
48,1,20,1,2332,12,1,12,2,1,0
21,1,19,5,5585,44,2,40,1,1,0
48,1,16,3,1133,320,13,40,1,1,1
63,1,20,1,2311,38,1,11,2,1,0
27,1,21,5,1167,9,0,40,1,1,1
25,4,21,5,2260,39,2,40,2,1,0
47,2,21,1,2152,34,0,40,1,1,1
46,1,17,3,9272,316,13,40,1,1,1
25,1,19,5,5494,7,0,40,1,1,0
85,6,21,1,2605,10,0,14,2,1,0
42,1,9,1,7340,317,0,40,1,8,0
32,1,21,1,789,28,0,40,1,1,0
43,1,21,1,321,32,0,50,1,1,1
25,1,21,5,2078,40,2,40,2,1,0
46,1,19,1,5176,5,1,40,1,1,1
48,1,16,3,7179,19,13,40,1,1,1
27,1,19,5,9493,27,17,40,1,1,0
54,1,20,3,437,28,0,50,1,1,1
36,1,21,1,1016,36,0,40,1,1,1
17,1,16,5,9524,26,2,40,1,1,0
61,1,8,1,4078,18,16,40,2,1,0
43,2,20,1,2043,3,0,13,2,1,0
17,1,19,5,4625,40,2,12,2,1,0
36,1,19,5,4874,36,13,40,1,1,1
57,1,16,1,3961,34,1,35,2,1,0
33,1,19,1,5615,29,0,40,2,1,0
25,1,16,5,9522,4,2,40,1,1,0
20,1,14,5,4646,3,15,31,2,1,0
48,1,16,1,5838,9,1,40,1,1,1
30,1,16,3,6023,3,10,40,2,1,0
32,1,16,1,4214,222,10,40,1,8,0
19,1,19,5,4629,16,16,14,2,1,0
60,1,20,1,3088,39,0,34,2,1,0
19,1,19,5,4657,26,2,6,2,1,0
54,1,16,1,5260,40,0,40,1,1,1
49,1,21,1,3170,7,1,40,2,1,1
38,1,16,3,9063,8,0,40,1,1,0
21,1,16,5,4005,39,17,32,2,1,0
47,1,16,1,6026,299,1,40,2,8,0
33,1,21,3,2480,12,0,11,2,1,0
45,1,20,1,137,8,1,50,1,1,1
58,1,16,1,5675,39,0,40,2,1,0
24,1,21,5,3314,9,0,32,2,1,0
49,1,16,1,388,38,0,50,1,1,1
50,1,19,1,5045,36,1,40,1,1,1
53,1,19,1,5989,21,1,40,1,1,1
29,1,16,5,5692,17,0,40,1,1,0
39,1,21,1,1254,30,0,50,1,1,1
49,1,21,1,743,43,1,40,1,1,1
59,1,16,1,158,313,13,40,1,1,1
27,1,16,3,9086,13,2,40,1,1,0
23,1,19,5,5011,37,12,40,1,1,0
41,1,16,1,6224,26,1,40,1,1,0
58,1,19,3,273,9,0,50,1,1,1
27,1,19,5,6144,6,0,40,1,1,0
28,1,19,5,5615,4,0,40,2,1,0
29,1,19,3,5872,32,0,40,1,1,0
22,1,17,5,4101,29,2,35,2,1,0
23,1,19,5,5322,23,0,13,2,1,0
27,1,16,5,6278,305,0,40,1,8,0
41,1,21,3,899,35,0,40,1,1,1
58,1,16,1,5003,31,0,40,2,1,0
44,1,21,1,910,23,1,40,1,1,1
39,1,16,1,5712,2,0,40,1,1,0
57,1,16,1,6093,36,0,40,1,1,0
20,1,18,5,4684,38,2,10,2,1,0
69,1,21,1,3291,13,0,40,2,1,1
39,1,12,5,3997,211,9,40,2,6,0
19,1,14,5,4141,29,16,15,2,1,0
25,2,21,1,2078,19,1,40,2,1,0
31,1,20,1,2221,22,1,9,2,1,0
23,1,19,3,4134,27,0,40,2,1,0
30,1,16,1,5875,10,1,40,2,1,0
47,1,21,5,105,39,0,40,1,1,1
34,3,21,1,2541,39,1,8,2,1,0
24,1,19,1,5526,23,0,33,2,1,0
34,1,19,5,5871,41,0,40,1,1,0
54,1,21,1,375,33,1,40,1,1,1
66,1,20,1,3815,24,1,40,2,1,0
44,1,22,1,1110,42,0,40,1,1,1
47,1,21,1,429,15,1,50,1,1,1
23,1,19,5,4746,22,2,32,2,1,0
41,1,17,1,7423,36,0,40,1,1,1
34,1,19,1,6364,25,1,40,2,1,0
64,1,16,3,5444,16,0,40,2,1,0
59,1,18,1,4719,15,1,40,1,1,0
51,1,16,1,6079,10,0,40,2,1,1
37,1,21,1,707,238,1,40,1,6,1
28,1,16,5,4606,14,9,40,2,1,0
56,1,16,1,10,13,0,50,1,1,1
57,1,16,1,271,39,0,40,1,1,1
24,1,21,5,2547,26,2,40,2,1,0
26,1,21,5,597,24,13,40,1,1,1
26,1,16,5,9542,21,0,40,1,1,0
41,1,16,1,9182,297,1,40,1,1,0
19,1,17,5,6260,19,2,40,1,1,0
60,1,16,1,5481,37,0,40,1,1,1
30,1,21,1,2292,18,0,40,2,1,0
51,1,21,1,381,34,0,40,2,1,1
39,1,20,1,6105,42,1,40,2,1,0
40,1,16,1,5818,1,1,40,2,1,1
21,1,18,5,4670,15,2,31,2,1,0
58,1,13,1,4015,306,1,30,2,1,0
43,1,19,1,251,4,0,40,1,1,1
22,1,19,5,5250,40,17,40,1,1,0
21,1,21,5,5439,12,13,40,2,1,0
41,1,17,5,6329,9,13,40,1,1,0
57,1,16,1,8727,42,0,40,1,1,1
19,1,19,5,4779,238,2,15,2,6,0
34,1,21,5,1274,39,0,40,1,1,1
26,1,16,5,4213,5,0,40,1,1,0
30,1,21,5,5163,5,2,40,2,1,0
30,1,19,1,3664,38,0,16,2,1,0
28,3,21,1,2557,36,0,40,2,1,0
56,1,20,3,21,32,0,50,1,1,1
21,2,21,5,2351,7,2,13,2,1,0
27,1,19,5,7209,39,16,40,1,1,0
41,1,21,1,315,42,1,40,1,1,1
66,2,21,1,2094,38,1,8,2,1,0
55,1,16,1,8204,35,1,40,1,1,1
42,1,21,1,963,28,0,40,1,1,1
29,1,16,1,6015,47,1,40,1,1,0
30,1,21,5,1144,7,0,40,1,6,1
49,1,16,5,7168,316,0,40,1,1,1
54,1,19,1,5113,10,1,40,2,1,0
25,1,16,5,5951,13,0,40,1,1,0
55,1,19,3,5628,37,0,40,2,1,1
20,1,16,5,4053,9,17,40,1,1,0
22,1,9,5,4104,28,2,13,1,1,0
50,1,20,3,135,40,0,50,1,1,1
21,1,15,5,4059,3,17,11,2,1,0
70,1,21,1,3183,43,0,8,2,1,0
29,3,22,1,2390,15,0,40,2,1,0
62,1,21,1,2053,14,0,13,2,1,0
37,1,21,1,641,5,1,40,1,1,1
19,1,14,5,4076,49,17,15,1,1,0
40,1,19,3,5404,56,0,40,1,1,0
39,3,21,1,2518,44,0,40,2,1,0
22,1,16,5,6637,35,13,40,2,1,0
62,1,18,1,5670,38,1,40,2,1,0
18,1,16,5,4273,30,2,11,2,1,0
22,1,19,5,5473,41,13,40,2,1,0
21,1,8,5,4153,309,10,40,1,8,0
27,1,16,1,4092,42,0,35,2,1,0
30,1,16,1,6719,43,1,40,1,1,0
25,1,16,5,9561,32,15,40,1,1,0
51,1,19,1,5932,42,0,40,2,1,0
19,1,16,5,4077,55,2,14,2,1,0
60,1,16,3,5281,19,0,40,1,1,0
69,1,21,3,3066,37,0,40,2,1,1
55,1,16,1,5763,18,0,40,1,1,1
31,1,16,5,9387,23,2,40,1,1,0
20,1,19,5,4769,35,17,40,1,1,0
48,1,21,1,429,27,1,40,1,1,1
47,1,19,3,5025,4,0,40,1,1,1
26,1,19,5,4229,43,0,35,2,1,0
30,1,16,1,6483,320,0,40,1,1,0
56,1,16,1,213,18,1,50,1,1,1
48,3,21,1,2457,224,1,40,2,6,1
45,1,16,1,5554,6,1,40,2,1,0
56,1,16,3,6205,34,0,40,1,1,1
47,1,21,1,3550,39,1,40,2,1,0
26,1,16,5,4622,25,2,33,2,1,0
26,3,22,1,2238,44,1,13,2,1,0
59,1,19,1,5835,23,0,40,2,1,0
21,1,16,5,6096,26,2,40,1,1,0
42,1,16,1,7546,299,1,40,1,6,0
24,3,21,3,2420,22,0,11,2,1,0
47,1,22,1,208,21,1,50,1,1,1
33,1,21,5,982,31,0,50,1,1,1
69,2,21,3,2084,19,0,33,2,1,0
47,1,22,5,592,41,0,40,2,1,1
31,1,19,3,5236,6,2,40,2,1,0
46,1,10,1,7509,295,1,40,1,8,0
18,1,9,5,4498,55,2,32,1,1,0
59,1,16,1,5196,35,0,40,2,1,1
22,1,21,3,2547,36,10,40,2,1,0
57,3,21,1,2432,34,1,14,2,1,0
41,1,18,5,6191,332,0,40,1,1,0
48,1,21,5,3032,11,0,40,1,1,1
45,1,21,1,10,35,0,40,1,1,1
21,1,16,1,4211,55,0,18,2,1,0
34,1,21,1,2322,14,1,11,2,1,0
24,1,19,5,4811,39,2,40,2,1,0
19,1,19,5,4865,36,17,8,2,1,0
28,1,21,5,4689,305,0,40,2,6,0
36,1,21,1,2858,23,0,40,2,1,0
60,1,16,1,6095,23,1,40,2,1,0
20,1,19,5,4663,21,16,11,2,1,0
33,1,16,1,5275,15,0,40,2,1,0
30,1,19,5,3790,222,0,40,2,6,0
49,1,16,1,5104,313,0,40,2,1,0
19,1,19,5,6740,16,2,12,1,1,0
22,1,16,5,4248,29,2,40,2,1,0
30,1,16,5,6409,8,0,40,2,1,0
38,1,19,1,6036,22,0,40,2,1,0
57,1,16,1,4281,37,9,40,1,1,0
58,1,16,1,3973,27,1,15,2,1,0
58,1,21,1,3544,13,0,40,2,1,1
39,1,19,1,6443,35,1,40,1,1,0
73,1,18,1,5206,25,0,8,2,1,0
44,1,21,3,2519,3,0,40,2,1,0
41,3,21,1,2223,3,1,40,2,1,1
31,1,19,5,4825,32,0,40,1,1,0
41,1,21,1,2550,5,0,40,2,1,0
61,1,16,1,5263,32,1,40,2,1,1
33,1,21,3,588,16,0,40,2,1,1
29,1,16,5,4814,4,0,40,2,1,0
32,1,19,5,5350,25,0,40,1,1,0
49,1,22,1,3245,25,1,40,2,1,1
36,1,19,1,5435,244,0,40,2,6,0
63,1,16,1,4106,38,0,40,2,1,0
20,1,14,5,4106,12,2,14,1,1,0
57,1,16,1,3491,4,0,32,2,1,0
59,1,16,1,6151,29,1,40,1,1,1
28,1,21,5,5754,221,13,40,2,6,0
55,1,19,5,6506,17,0,40,2,1,1
57,1,19,1,5511,48,1,40,1,1,1
28,1,16,5,5402,3,2,40,1,8,0
28,1,21,1,2598,13,0,11,2,1,0
50,1,20,1,5717,7,1,40,2,1,0
20,1,19,5,3473,27,2,10,2,1,0
17,1,19,5,4685,16,16,7,1,1,0
60,1,16,1,4143,3,1,14,2,1,0
38,1,21,5,1266,5,0,40,1,1,1
27,1,19,5,5719,23,13,40,1,1,0
31,1,16,5,9533,21,0,40,1,1,0
25,1,19,5,5024,22,0,40,1,1,0
42,1,19,1,5008,8,1,40,2,1,0
48,1,19,1,7606,36,0,40,1,1,1
19,1,19,5,4172,29,2,40,2,1,0
38,1,21,1,1435,15,1,40,1,1,1
35,1,21,1,1884,37,1,40,1,1,1
19,1,19,5,4637,227,16,11,2,6,0
22,1,14,5,4640,23,16,11,1,1,0
24,1,21,5,3048,37,0,40,2,1,1
61,1,16,3,436,14,13,40,1,1,1
28,1,21,5,6490,6,0,40,1,1,0
56,1,16,1,6213,21,1,40,2,1,0
26,3,21,5,2372,1,0,40,2,1,0
27,1,21,5,6001,9,2,40,1,1,0
23,1,20,5,3819,39,0,40,2,1,0
27,1,18,3,6509,34,0,40,1,1,0
38,1,21,5,1073,37,0,40,1,1,1
70,1,21,3,2419,21,0,40,2,1,0
61,1,16,1,6319,15,1,40,1,1,0
62,1,16,1,105,42,1,50,1,1,1
35,1,18,1,8110,36,0,40,1,1,0
56,1,16,3,133,39,0,40,1,1,1
22,1,18,5,4146,9,17,7,1,6,0
51,1,12,1,4091,310,1,40,2,6,0
57,1,18,1,5059,41,0,3,2,1,0
27,1,21,5,809,37,0,40,1,1,1
24,1,18,5,5767,11,13,40,2,1,0
34,1,21,1,2208,2,1,40,2,1,0
27,1,16,5,6409,38,0,40,1,1,0
56,1,21,1,569,39,0,50,1,1,1
40,1,21,1,2246,33,0,40,2,1,0
38,1,21,1,2528,16,0,40,2,1,0
56,1,16,1,4070,40,1,12,2,1,0
19,1,16,5,4129,6,17,11,2,1,0
41,1,21,1,88,5,1,40,1,1,1
30,1,19,1,2739,7,0,15,2,1,0
18,1,14,5,4686,11,17,11,1,1,0
27,1,7,1,4130,324,9,40,1,1,0
48,1,19,1,470,3,1,50,1,1,1
51,1,19,5,5247,39,0,40,2,1,1
63,1,21,1,3416,34,0,40,2,1,0
30,1,19,5,5924,31,13,40,1,1,0
47,1,21,1,5994,37,0,40,2,1,0
62,1,16,3,6054,34,0,34,2,1,0
39,1,21,1,3502,207,0,40,2,6,0
45,1,17,5,6024,37,0,40,1,1,0
20,1,16,5,4185,51,17,10,1,1,0
25,1,19,5,5403,40,2,40,2,1,0
37,1,21,1,6323,37,1,40,2,1,0
42,1,21,1,5129,8,0,40,2,1,0
17,1,19,5,2688,26,2,8,2,1,0
23,1,16,5,5643,4,12,40,1,1,0
37,1,21,1,980,44,0,40,1,1,1
25,1,21,5,1144,37,13,40,1,1,1
20,1,16,5,4189,44,2,34,2,1,0
18,1,14,5,4249,13,16,8,1,1,0
37,1,21,1,995,37,0,40,1,1,1
60,1,16,1,5295,13,1,40,1,1,1
17,1,16,5,4675,38,2,4,2,1,0
50,1,19,5,3559,11,0,30,2,1,0
46,1,19,1,165,8,0,50,1,1,1
39,3,21,1,2347,37,1,40,2,1,0
35,1,19,1,5351,37,1,40,2,1,0
20,1,16,5,4202,19,2,11,2,1,0
39,3,21,1,2587,6,1,9,2,1,0
35,1,21,1,2170,34,1,11,2,1,0
42,1,21,1,553,34,0,40,1,1,1
63,1,19,1,3415,3,0,35,2,1,0
24,1,19,5,6051,36,13,40,1,1,0
58,1,21,1,3631,27,0,40,2,1,0
28,1,21,5,5671,35,0,29,2,1,0
49,1,21,1,1088,11,1,40,1,1,1
21,1,13,5,4049,24,2,40,1,1,0
57,1,19,1,5183,16,0,40,2,1,0
64,1,17,3,5263,33,0,40,1,1,1
24,1,19,5,5169,40,13,40,1,1,0
51,1,16,1,9270,14,1,40,1,1,0
31,1,16,5,6278,329,13,40,1,1,0
30,1,19,1,2502,3,1,12,2,1,0
24,1,19,5,4747,36,2,40,2,1,0
47,1,20,1,5610,38,1,40,2,1,0
49,1,16,1,699,34,0,50,1,1,1
26,1,16,1,6429,42,0,40,1,1,0
26,1,16,5,7303,26,2,40,1,1,0
31,1,19,3,4038,25,0,12,2,1,0
41,1,19,1,5852,321,1,40,1,1,0
23,1,19,5,5383,19,2,40,2,1,0
64,1,16,1,5726,36,1,5,2,1,0
51,1,17,1,7745,16,1,50,1,1,1
24,1,16,5,9163,37,2,40,1,1,0
29,1,21,5,3512,35,13,40,2,1,0
33,1,20,1,5555,32,1,40,2,1,0
25,1,16,5,9441,326,13,40,1,1,0
29,1,21,5,5589,2,2,40,1,1,0
57,1,16,3,7095,18,0,50,1,1,1
35,1,21,1,2260,7,0,40,1,1,1
62,1,16,1,6514,18,0,40,1,1,0
27,1,16,1,2540,39,1,10,2,1,0
40,1,22,1,454,1,0,40,1,1,1
36,1,16,3,9170,40,0,40,1,1,0
50,1,19,1,5288,39,1,40,1,1,1
59,1,18,1,5439,17,1,40,1,1,0
50,1,16,5,5651,38,0,40,1,1,0
27,1,19,5,5399,41,2,40,2,1,0
36,1,19,1,5577,42,0,40,2,1,0
35,1,16,1,4123,312,1,40,2,8,0
56,1,20,3,3459,29,0,40,2,1,0
56,1,16,1,6331,22,1,40,2,1,1
40,1,16,1,8246,29,0,40,1,1,1
25,1,19,5,6202,56,17,40,1,1,0
53,1,19,1,5301,25,0,40,2,1,0
43,1,21,3,615,213,0,50,1,6,1
59,1,16,1,4204,14,1,9,2,1,0
44,1,19,1,6205,38,1,40,1,1,1
58,1,19,1,5717,37,1,40,2,1,1
27,1,17,5,3920,7,13,40,2,1,0
40,1,19,1,5281,41,1,40,2,1,0
26,1,16,3,5716,16,0,40,2,1,0
43,1,22,1,1143,244,1,40,1,6,1
57,1,21,1,3060,25,1,40,2,1,1
29,1,21,3,1076,35,0,40,2,1,0
27,1,21,5,5138,22,0,40,2,1,0
51,1,16,1,6121,4,0,40,1,1,0
35,1,21,5,1498,232,0,40,1,6,1
30,1,20,1,5057,30,1,16,2,1,0
26,1,13,1,6119,307,1,40,1,1,0
20,1,19,5,4794,23,17,10,2,1,0
24,1,21,5,2370,7,2,40,1,1,0
52,1,19,1,265,26,1,50,1,1,1
27,1,19,5,5741,39,0,40,1,1,0
43,1,21,1,715,36,0,40,1,1,1
47,1,21,1,63,35,0,50,1,1,1
21,1,19,5,5731,18,2,40,2,1,0
42,1,21,5,3294,9,13,40,2,1,0
62,1,18,1,5622,28,1,40,2,1,0
54,1,19,1,383,27,0,50,1,1,1
34,1,21,1,1234,38,0,40,1,1,1
21,1,16,5,4248,9,2,40,1,1,0
43,1,21,1,1577,17,0,50,1,1,1
24,1,21,5,2402,40,13,40,2,1,0
31,1,22,5,2797,37,0,40,2,1,1
58,2,22,1,2316,23,1,40,2,1,1
27,1,16,1,5631,6,1,40,2,1,0
54,1,16,1,5975,4,0,40,1,1,1
28,1,21,1,5740,45,1,40,1,1,0
47,1,21,1,781,8,1,40,1,1,1
25,1,16,5,4847,7,13,40,2,1,0
28,1,20,1,6080,24,1,40,2,1,0
28,1,16,5,5511,33,2,40,2,1,0
27,1,9,5,4034,321,2,40,1,8,0
29,1,18,5,5183,23,0,40,1,1,0
41,1,17,5,9688,43,13,40,1,1,0
58,1,21,5,365,13,13,40,2,1,1
59,1,19,3,4931,39,0,34,2,1,0
24,1,21,5,2011,7,17,40,2,1,0
37,1,16,1,6232,50,0,40,1,1,0
50,1,19,1,6995,44,0,40,1,1,1
42,1,21,1,5838,38,0,40,2,1,0
58,1,22,5,293,17,0,40,2,1,1
71,1,18,1,4886,9,0,40,2,1,1
50,1,16,5,5526,6,0,40,1,1,0
21,1,19,5,5447,6,17,34,2,1,0
54,1,22,1,547,7,0,40,1,1,1
56,1,16,1,4095,50,0,40,2,1,0
22,1,16,5,5057,204,12,40,2,6,0
29,1,19,1,6253,46,1,40,2,1,0
27,1,16,5,6040,7,13,40,2,1,0
40,1,10,5,4024,312,0,40,2,8,0
51,1,21,3,771,20,0,40,1,1,1
23,1,19,5,5402,6,2,40,1,1,0
57,1,16,1,5896,37,0,40,1,1,1
41,1,22,1,2241,12,0,40,1,1,1
45,1,20,3,6052,5,13,40,1,1,1
26,1,9,5,7475,26,2,40,1,1,0
44,1,21,1,1423,45,1,40,1,1,1
21,1,13,5,9291,29,17,40,1,1,0
48,1,9,1,6683,314,1,40,1,8,0
53,1,17,1,278,33,0,40,1,1,1
38,1,21,1,3090,15,1,40,2,1,0
35,1,16,1,6462,51,1,40,1,1,0
58,1,19,1,5827,34,0,40,2,1,0
39,1,16,1,9009,47,0,40,1,1,0
47,1,19,1,5857,43,0,40,1,1,1
51,1,21,1,602,26,0,40,1,1,1
38,1,20,1,4951,9,1,9,2,1,0
43,1,16,1,5810,318,0,40,2,6,0
24,1,19,3,5879,37,0,34,2,1,0
22,1,16,5,3985,6,16,40,2,1,0
47,1,16,5,5592,323,0,40,1,6,1
31,1,21,1,4837,17,9,40,2,1,0
45,1,21,1,169,36,1,40,1,1,1
33,1,21,1,676,18,0,40,1,1,1
28,1,21,5,2505,11,13,40,2,1,0
30,1,21,1,1885,211,1,8,2,6,0
27,1,19,1,5764,24,0,33,2,1,0
27,1,21,3,2187,27,0,12,2,1,0
30,1,21,5,3299,22,0,40,2,1,0
42,1,21,1,1001,5,1,40,1,1,1
42,1,20,1,5536,5,0,40,2,1,0
53,1,16,3,5870,3,0,40,1,1,1
21,1,19,5,4641,53,17,12,1,1,0
23,1,21,5,2477,233,0,40,2,6,0
27,1,16,5,9208,20,2,40,1,1,0
21,1,16,5,3707,6,2,33,2,1,0
58,1,19,1,5612,41,0,40,2,1,0
44,1,21,1,3016,5,1,40,2,1,1
33,1,19,5,5259,25,13,31,2,1,0
38,1,21,1,851,40,0,40,1,1,1
27,1,19,1,5637,304,1,40,2,1,0
43,3,22,3,2375,9,0,40,2,1,0
30,1,21,5,3838,19,0,40,2,1,0
18,1,9,5,4198,41,16,3,1,1,0
42,1,21,1,1478,41,0,40,1,1,1
60,1,19,1,3983,15,1,40,1,1,0
21,1,19,5,3587,7,12,13,2,1,0
61,1,16,1,4517,41,1,10,2,1,0
58,1,19,3,3633,9,0,40,2,1,0
46,3,21,1,2258,14,0,40,2,1,1
28,1,1,1,4124,318,0,40,2,6,0
27,3,21,1,2441,13,1,15,2,1,0
51,1,16,3,7602,26,0,50,1,1,1
52,1,19,1,5334,6,0,40,1,1,1
35,1,21,1,1023,22,0,40,1,1,1
43,1,21,5,854,8,0,40,1,1,1
25,1,21,5,3045,37,13,40,2,1,0
56,1,16,1,3837,40,1,10,2,1,0
52,1,21,1,342,16,1,40,1,1,1
21,1,14,5,4026,39,2,40,1,1,0
29,1,21,1,2097,28,1,40,2,1,0
18,1,15,5,4635,51,16,15,2,1,0
21,1,19,5,2529,36,16,11,2,1,0
29,1,16,5,9312,3,13,40,1,1,0
56,1,16,1,75,33,1,50,1,1,1
17,1,16,5,4172,7,2,12,1,1,0
62,1,16,1,4466,38,1,40,2,1,1
24,1,16,5,4923,39,2,40,2,1,0
37,1,19,5,7316,36,0,40,1,1,1
30,1,22,5,2260,210,0,40,2,6,1
30,1,19,1,4798,5,1,9,2,1,0
32,1,17,5,4085,39,0,37,2,1,0
55,1,16,1,6003,25,1,40,2,1,0
75,6,18,1,3054,38,1,9,2,1,0
58,1,16,3,5339,32,0,40,2,1,0
46,1,19,1,5761,3,0,40,2,1,0
59,1,16,1,6118,39,1,40,2,1,0
37,1,21,1,3091,4,1,40,2,1,0
48,1,18,1,6108,1,1,40,2,1,0
23,1,21,5,5619,19,2,40,2,1,0
48,1,22,1,1304,213,1,40,1,1,1
34,1,20,5,1242,32,13,40,1,1,1
28,1,19,1,6038,34,0,40,2,1,0
56,1,16,1,5569,44,1,40,1,1,0
26,1,16,5,5739,8,0,40,1,1,0
22,1,19,5,4827,35,2,40,1,1,0
47,3,22,1,2548,7,1,40,2,1,0
23,1,16,5,4197,37,12,40,1,1,0
49,1,21,1,1265,41,1,40,1,1,1
28,1,21,1,2308,238,1,40,2,6,0
59,1,16,1,4152,26,0,40,2,1,0
29,1,21,5,2370,8,0,40,1,1,1
26,1,16,5,3891,234,2,40,1,6,0
51,1,21,1,543,29,0,40,1,1,1
26,1,16,1,4083,36,1,40,2,1,0
63,1,16,3,6294,8,0,40,1,1,1
62,1,20,1,2913,37,1,40,2,1,1
49,1,21,1,295,22,1,40,2,1,1
26,1,16,5,4874,37,0,40,1,1,0
44,1,21,1,1210,6,0,40,1,1,1
22,1,19,5,2601,38,2,7,1,1,0
53,1,16,5,6159,34,0,40,1,1,1
42,1,21,1,6560,5,0,40,2,1,0
27,1,21,1,2144,38,0,40,2,1,0
22,1,19,5,9192,40,2,40,1,1,0
22,1,19,5,4678,16,2,5,2,1,0
41,1,22,1,261,35,0,40,1,1,1
26,1,19,1,5938,32,0,9,2,1,0
45,1,21,1,176,37,0,40,1,1,1
23,1,19,5,4670,39,12,35,2,1,0
43,1,21,1,3113,35,0,40,2,1,0
58,1,16,1,5828,31,1,40,2,1,0
44,1,22,3,2358,40,0,40,2,1,1
31,1,21,1,776,320,0,40,2,6,0
24,1,19,3,5728,38,12,40,2,1,0
29,1,16,1,4053,210,1,40,1,8,0
49,1,19,5,4858,33,0,40,1,1,0
49,1,16,5,6994,4,0,40,1,1,1
31,1,21,3,1205,212,13,40,1,6,1
34,1,21,1,2047,6,1,40,2,1,1
36,2,21,1,1992,15,1,40,2,1,0
61,1,16,3,174,11,0,40,2,1,1
44,1,19,3,5403,3,0,40,1,1,0
43,1,21,3,1352,39,0,40,1,1,1
26,1,16,5,5338,25,2,40,2,1,0
44,1,19,1,5511,8,0,40,2,1,0
52,1,18,3,6424,53,0,40,1,1,0
21,1,14,5,4008,42,16,10,1,1,0
44,1,21,1,1415,37,0,40,1,1,1
20,1,19,5,4740,27,2,40,1,1,0
41,1,21,1,2438,37,0,40,2,1,0
66,1,21,1,2092,25,10,8,2,1,0
58,1,20,1,2333,27,1,9,2,1,0
44,1,16,1,248,10,0,40,1,1,1
28,1,19,3,5935,34,0,40,2,1,0
60,1,20,1,5035,32,1,40,2,1,0
67,1,18,3,4692,29,0,35,2,1,0
20,1,16,5,4179,25,2,30,2,1,0
45,1,22,1,714,9,0,40,1,1,1
52,1,19,1,5574,16,0,40,2,1,0
19,1,10,5,4107,225,17,40,1,6,0
20,1,19,5,4159,47,2,11,1,1,0
45,1,16,1,3897,306,9,40,2,1,0
47,1,1,1,9482,321,0,40,1,6,1
50,1,21,5,80,34,0,40,2,1,1
53,1,16,1,4306,28,1,6,2,1,0
31,1,21,1,1197,319,0,40,1,1,1
42,1,16,3,6543,311,0,40,1,8,1
43,1,21,1,190,6,1,40,1,1,1
41,3,22,1,2485,41,1,40,2,1,0
24,1,19,1,6120,5,0,40,2,1,0
36,1,16,1,5648,31,0,40,1,1,0
40,3,22,1,2301,20,0,40,2,1,0
34,1,19,3,5622,37,13,40,1,1,0
25,2,21,5,2176,41,2,14,2,1,0
49,1,16,1,4889,54,0,40,2,1,0
51,1,18,1,9017,28,1,40,1,1,0
23,1,19,5,2318,28,17,14,2,1,0
50,1,16,5,6074,330,0,40,1,1,1
25,1,16,5,6077,39,0,40,1,1,0
23,1,16,5,4846,24,0,40,2,1,0
44,1,21,1,2494,38,1,40,2,1,0
48,1,21,5,97,39,0,40,1,1,1
47,1,22,1,2284,25,1,40,2,1,1
60,1,16,1,4030,43,9,40,2,1,0
56,1,16,1,6031,34,1,40,2,1,0
20,1,14,5,4108,10,17,9,1,1,0
21,1,14,5,4528,49,2,12,1,1,0
51,1,19,3,6552,4,0,40,1,1,0
28,1,21,3,2433,12,0,14,2,1,0
19,1,16,5,9424,38,17,33,1,1,0
50,1,20,1,4793,6,1,40,2,1,0
58,1,16,1,6081,42,0,40,2,1,0
25,1,16,5,9223,33,2,40,1,1,0
26,1,16,5,4171,240,2,40,2,6,0
19,1,16,5,4739,22,2,12,1,1,0
26,1,19,5,5592,41,2,40,2,1,0
41,1,21,1,3042,39,1,40,2,1,0
51,1,17,1,6596,24,0,40,1,1,0
19,1,19,5,4704,37,2,40,1,1,0
22,1,16,1,4072,310,10,40,2,1,0
41,1,22,1,1493,4,0,40,1,1,1
19,1,19,5,5963,23,13,40,1,1,0
44,1,22,1,1384,235,0,40,1,6,1
28,1,21,5,2351,4,0,40,2,1,0
24,1,21,5,2422,9,0,40,2,1,0
28,1,18,5,9234,23,2,40,1,1,0
24,1,19,1,4748,238,0,14,2,6,0
55,1,21,1,4733,22,1,40,1,1,1
46,1,16,1,6269,307,1,40,1,1,0
72,3,22,3,2238,40,0,40,2,1,0
44,1,16,5,4912,306,0,40,2,1,0
31,1,21,1,2596,210,0,40,2,6,0
24,1,21,5,5410,29,2,40,2,1,0
48,1,22,3,239,231,0,40,2,6,1
32,1,21,1,5425,21,1,10,2,1,0
20,1,16,5,9792,7,2,40,1,1,0
39,1,21,1,507,6,1,40,1,1,1
52,1,21,5,139,33,0,40,1,1,1
51,1,21,5,5067,8,0,40,1,1,1
33,1,21,1,3126,29,0,40,2,1,1
24,1,19,1,5778,36,10,9,2,1,0
76,1,21,3,3421,8,0,6,2,1,0
54,1,16,1,5680,34,1,40,2,1,0
25,1,16,1,2457,47,1,15,2,1,0
25,1,19,5,4743,38,2,40,2,1,0
35,1,21,1,1081,37,0,40,1,1,1
46,1,21,1,542,39,0,40,1,1,1
27,1,16,5,4653,14,0,40,2,1,0
44,1,22,1,328,43,1,50,1,1,1
20,1,19,3,5426,38,0,33,2,1,0
23,1,19,5,5388,16,2,40,2,1,0
55,1,19,1,5709,35,1,40,2,1,1
49,1,19,3,5258,34,0,40,1,1,0
38,1,19,1,5156,308,0,40,1,1,1
56,1,16,1,5963,36,0,40,1,1,1
48,1,16,3,77,224,0,40,1,6,1
66,2,21,1,1938,27,0,40,2,1,1
33,1,21,5,1575,39,0,40,1,1,1
42,1,21,1,1189,3,0,40,1,1,0
47,1,16,5,6014,205,0,40,2,8,0
52,1,16,3,6977,34,0,40,1,1,0
44,1,21,5,2956,222,0,40,2,6,1
18,1,19,5,4637,4,16,13,1,1,0
28,1,19,5,5991,30,17,40,1,1,0
28,3,22,1,2311,38,1,40,2,1,0
27,1,16,1,9265,55,0,40,1,1,0
48,1,16,1,8888,312,1,40,1,1,0
55,1,20,3,198,8,0,50,1,1,1
52,1,16,1,299,37,1,40,1,1,1
46,1,11,1,9130,310,0,40,1,1,1
45,1,19,1,6257,36,0,40,1,1,1
22,1,22,5,2170,33,0,40,2,1,1
19,1,14,5,4034,13,2,8,1,1,0
36,1,21,1,3194,40,0,40,2,1,1
52,1,21,1,292,7,0,40,1,1,1
25,1,16,5,5554,6,13,40,1,1,0
54,1,16,1,6016,13,0,40,1,1,0
45,1,19,1,3730,207,9,40,2,6,0
25,1,16,3,5937,7,0,40,1,1,0
35,1,21,1,1969,51,1,40,1,1,0
73,6,22,1,2162,42,10,15,2,1,0
21,1,19,5,4624,8,2,14,2,1,0
28,1,19,1,5839,36,0,40,1,1,0
22,1,16,5,9687,19,2,40,1,1,0
18,1,14,5,4673,45,16,5,1,1,0
32,3,21,5,2266,16,0,40,2,1,1
56,1,16,1,5673,21,1,40,1,1,0
29,1,19,1,3959,36,0,40,2,1,0
20,1,19,5,2499,19,16,10,1,1,0
31,1,21,3,6206,37,0,40,1,1,0
68,2,21,1,2179,7,0,12,2,1,0
29,1,21,1,2185,21,0,40,1,1,1
35,3,21,1,2235,241,1,40,2,6,0
21,1,19,5,4759,26,16,4,2,1,0
38,2,22,1,2245,25,0,40,2,1,0
59,1,18,1,4864,34,0,40,1,1,1
27,2,21,1,2228,27,0,11,2,1,0
29,1,21,5,2386,1,2,9,2,1,0
25,1,16,5,4004,45,2,40,1,1,0
41,1,19,1,5468,26,0,40,1,1,0
26,1,19,5,1899,21,17,13,2,1,0
56,1,19,1,5087,10,0,40,1,1,0
55,1,12,3,4306,307,10,40,2,1,0
42,1,21,1,540,239,1,40,1,6,1
22,1,16,5,4160,38,2,40,1,1,0
54,1,17,3,4173,11,0,40,2,1,0
48,1,21,5,570,7,0,40,1,1,1
23,1,19,5,5322,196,2,40,1,6,0
58,1,16,1,5946,19,1,40,2,1,0
22,1,14,3,4183,9,0,40,2,1,0
48,1,21,1,2302,3,0,40,2,1,0
54,1,19,5,4756,17,0,40,1,1,1
30,1,20,1,5916,24,1,40,2,1,0
27,1,21,5,5354,44,17,40,2,1,0
53,1,19,1,5380,41,1,40,1,1,0
61,1,19,3,5664,3,0,40,2,1,1
48,1,21,1,306,31,1,50,1,1,1
22,1,14,5,4615,232,16,8,1,6,0
25,1,19,5,5893,39,13,40,1,1,0
31,1,21,1,824,21,0,40,1,1,0
37,1,21,1,2372,39,0,40,2,1,0
59,1,16,1,3891,16,0,40,2,1,0
21,1,19,5,2640,20,2,9,2,1,0
20,1,18,5,4812,40,15,40,1,1,0
17,1,19,5,4724,34,2,7,2,1,0
23,1,16,5,9229,48,12,40,1,1,0
38,1,21,1,1104,8,0,40,1,1,1
40,1,19,1,5011,18,0,40,1,1,0
26,1,21,5,1194,6,13,40,1,1,0
19,1,19,5,4765,4,17,13,1,1,0
32,1,21,5,1252,41,13,40,1,1,1
44,1,20,1,5573,1,1,30,2,1,0
28,1,21,5,2290,38,0,40,2,1,0
23,2,21,5,2063,19,2,40,2,1,0
67,2,21,3,2176,36,0,13,2,1,0
34,3,21,1,2285,12,0,40,2,1,1
28,1,21,1,5224,226,10,40,2,1,0
44,1,19,3,548,220,0,40,1,1,1
59,1,16,1,3957,15,10,40,2,1,0
23,2,22,5,2363,39,2,9,2,1,0
54,1,19,1,631,23,1,40,1,1,1
51,1,21,1,812,40,0,40,1,1,1
62,1,21,3,5681,7,0,40,2,1,0
34,1,19,1,5378,35,0,40,1,1,0
18,1,14,5,4088,8,16,14,1,8,0
26,1,16,5,5609,15,13,40,2,1,0
27,1,16,3,4849,27,0,40,2,1,0
63,3,22,1,2372,20,0,40,2,1,1
50,1,16,1,5750,37,1,40,1,1,0
37,3,21,1,2347,32,1,40,2,1,1
47,1,22,1,227,39,0,50,1,1,1
17,1,16,5,4156,48,2,16,1,1,0
46,1,21,1,325,6,0,40,1,1,1
51,1,16,1,7869,21,0,40,1,1,1
40,1,21,3,3182,34,0,40,2,1,1
55,1,18,1,5728,27,1,40,2,1,0
25,1,16,5,4077,21,12,40,2,1,0
32,1,21,1,5588,223,0,40,2,6,0
36,1,19,3,5673,35,0,40,1,1,0
53,1,16,1,6018,38,1,40,2,1,0
56,1,16,3,249,41,0,50,1,1,1
31,1,16,1,6368,37,9,40,1,1,0
42,1,21,1,771,3,1,60,1,1,1
45,1,16,1,7925,1,0,50,1,1,1
49,1,12,1,5873,317,1,40,1,1,0
31,1,21,1,1524,38,1,40,1,1,1
53,1,19,1,5635,14,0,40,2,1,0
37,1,21,1,4919,4,0,40,2,1,0
47,1,16,1,4169,310,9,40,2,8,0
47,1,21,5,351,31,0,40,2,1,1
55,1,16,3,6050,302,0,40,1,1,1
50,1,21,1,269,7,0,40,1,1,1
47,1,21,1,673,215,1,40,2,6,1
25,1,21,5,971,33,0,40,2,1,0
21,1,19,5,4153,36,2,40,1,1,0
57,1,21,1,2372,37,0,34,2,1,0
48,1,17,1,6060,12,0,40,1,1,0
20,1,19,5,4298,54,17,40,1,1,0
44,1,21,1,475,43,0,40,1,1,1
21,1,19,5,5599,37,2,35,2,1,0
50,1,19,1,6108,9,1,40,1,1,1
23,1,16,5,5773,12,13,40,1,1,0
49,1,16,1,4974,6,1,40,2,1,0
50,1,16,1,5561,36,0,40,1,1,0
17,1,18,5,4248,57,2,7,1,1,0
59,1,19,1,3848,17,10,40,2,1,0
33,1,21,1,6417,244,1,40,2,1,0
50,1,21,1,1175,16,0,50,1,1,1
46,1,21,5,2871,11,0,40,2,1,1
52,1,19,3,5180,10,0,40,2,1,1
33,1,16,5,7152,18,0,40,1,1,1
55,1,16,1,5661,25,0,40,1,1,1
38,1,21,1,2094,4,1,40,2,1,0
63,1,19,1,4867,17,0,40,2,1,1
51,1,17,5,9359,43,0,40,1,1,1
62,1,19,1,4733,37,1,10,2,1,0
44,1,21,1,401,38,1,40,2,1,1
31,1,19,1,3250,235,10,3,2,6,0
31,1,11,3,4031,316,0,40,2,1,0
35,1,19,1,5019,11,0,12,2,1,0
44,1,21,1,482,28,1,40,1,1,1
18,1,14,5,4282,27,16,7,1,1,0
19,1,18,5,3994,23,17,15,2,1,0
20,1,16,5,4290,51,2,13,1,1,0
47,1,21,1,6086,15,0,40,1,1,1
26,1,19,1,2726,24,0,9,2,1,0
44,1,21,1,3121,38,1,40,2,1,0
61,1,19,1,4701,20,0,40,2,1,0
31,1,19,5,5552,13,0,40,2,1,0
34,1,21,3,5499,39,0,40,1,1,0
24,1,18,5,6157,6,13,40,2,1,0
21,1,14,5,8927,28,17,40,1,1,0
17,1,18,5,4774,38,2,13,2,1,0
18,1,16,5,4828,18,16,19,1,1,0
51,1,19,1,294,36,0,50,1,1,1
59,1,19,1,4767,19,0,40,2,1,0
23,1,21,5,2530,40,2,40,2,1,0
22,1,16,5,4211,9,17,7,1,1,0
59,1,20,1,5699,20,1,34,2,1,0
28,3,21,3,2460,40,10,5,2,1,0
25,1,16,5,9159,310,0,40,1,6,0
43,1,20,5,358,17,13,40,2,1,1
70,2,21,1,2220,6,0,9,2,1,0
27,1,21,5,4786,21,12,40,2,1,0
34,1,21,1,1287,31,0,40,1,1,0
19,1,16,5,4767,19,2,32,2,1,0
28,1,19,3,5746,6,12,40,2,1,0
58,1,16,1,8961,28,1,40,1,1,0
41,1,21,1,5924,32,0,40,2,1,0
23,1,18,5,5346,10,16,40,2,1,0
69,6,21,1,3030,9,0,9,2,1,0
64,2,21,1,1962,20,1,40,2,1,1
56,1,16,5,7820,28,0,40,1,1,1
47,2,22,1,2323,35,1,40,2,1,1
32,2,21,5,1900,35,0,40,2,1,1
68,3,21,1,2319,40,0,40,2,1,1
23,1,21,5,5612,208,2,40,2,6,0
26,1,18,3,6860,19,10,40,1,1,0
63,1,21,1,3676,43,0,40,2,1,0
55,1,20,3,206,39,0,40,2,1,1
30,1,20,1,5388,37,1,11,2,1,0
26,3,21,3,2400,40,0,14,2,1,0
19,1,19,5,4594,36,2,6,1,1,0
34,1,20,5,1032,26,0,40,1,1,1
66,2,22,1,3041,4,1,40,2,1,1
58,1,16,1,5556,24,1,40,2,1,1
24,1,17,5,4126,18,17,40,1,1,0
64,1,20,1,5502,37,1,40,2,1,0
22,1,16,1,4222,26,10,40,2,1,0
55,1,19,1,5601,19,1,40,2,1,0
51,1,16,1,5085,304,0,40,1,1,1
53,1,21,3,265,34,0,50,1,1,1
29,1,21,5,737,1,0,40,1,1,1
61,1,20,1,2027,28,1,10,2,1,0
38,1,18,5,5472,26,0,40,1,1,1
48,1,17,1,5740,296,0,40,2,1,0
46,1,21,3,1497,316,0,40,1,6,1
24,1,19,5,4845,36,2,40,1,1,0
28,3,21,5,2266,28,0,40,2,1,0
35,1,19,3,6104,41,0,40,1,1,0
23,3,21,1,2336,36,0,10,2,1,0
24,1,21,5,3178,35,0,40,2,1,0
46,1,21,1,10,4,0,40,1,1,1
42,1,9,5,4146,290,0,40,2,8,0
43,1,21,1,219,4,1,50,1,1,1
47,1,21,1,239,231,0,40,1,1,1
25,1,19,5,5667,25,0,40,1,1,0
27,1,16,5,6302,41,0,40,1,1,0
50,1,17,1,6201,36,1,40,1,1,0
21,1,19,5,4697,26,16,9,1,1,0
50,1,22,5,342,39,0,40,1,1,1
18,1,14,5,4180,22,2,10,1,1,0
42,1,18,1,4195,297,1,40,2,1,0
45,1,19,1,64,4,0,50,1,1,1
49,1,16,1,6468,36,1,40,2,1,0
22,1,21,5,2271,23,2,4,2,1,0
50,1,20,3,440,7,0,40,1,1,1
29,1,19,1,5650,21,0,40,2,1,0
29,1,22,5,2513,6,13,40,1,1,1
49,1,16,1,4864,38,1,40,2,1,0
42,1,21,3,1631,5,0,40,1,1,1
47,1,20,1,10,41,1,50,1,1,1
46,7,19,1,10,225,1,50,1,1,1
38,3,21,1,2311,39,0,40,1,1,1
58,1,21,1,3507,17,1,40,2,1,1
20,1,19,5,4695,23,2,14,2,1,0
47,1,20,1,615,28,1,40,1,1,1
20,1,16,5,4206,22,17,15,2,1,0
36,1,21,1,2781,6,1,14,2,1,0
42,1,19,5,5689,24,0,40,2,1,0
18,1,16,5,4743,6,2,10,2,1,0
23,1,21,5,2358,39,2,40,2,1,0
40,1,21,1,711,14,0,40,1,1,1
59,1,16,1,4269,24,1,40,2,1,0
22,1,19,5,4501,19,17,40,1,1,0
24,1,19,5,4760,29,2,40,1,1,0
25,1,19,5,5731,3,13,40,1,1,0
26,1,17,3,4027,9,13,40,1,1,0
24,1,16,5,6637,5,13,40,1,1,0
47,1,16,1,5720,3,0,40,2,1,0
44,1,19,1,5918,7,0,40,1,1,1
27,1,16,1,4107,51,0,40,1,1,0
52,1,16,1,6021,40,1,40,1,1,0
47,1,22,3,1618,212,0,40,1,6,1
30,1,21,1,2200,5,0,40,1,1,0
27,1,18,5,5783,8,13,40,2,1,0
30,1,16,5,8244,13,0,40,1,1,1
21,1,21,5,2159,10,13,40,1,1,0
33,1,22,1,278,38,0,40,1,1,1
56,1,21,1,224,38,0,40,2,1,1
63,1,18,1,4783,37,0,10,2,1,0
20,1,18,5,4150,36,2,10,1,1,0
39,1,1,3,7191,310,13,40,1,6,1
45,1,21,1,64,24,0,50,1,1,1
37,1,21,1,2385,1,1,40,2,1,0
26,1,18,1,4100,42,10,40,2,1,0
40,1,16,1,9320,5,0,40,1,1,0
21,1,21,5,2350,40,2,13,2,1,0
47,1,21,5,496,40,0,40,1,1,1
26,1,16,5,5953,308,2,40,1,8,0
58,1,16,3,5145,33,0,40,2,1,0
70,2,22,1,2168,21,1,40,2,1,1
42,1,21,3,347,312,0,40,1,1,1
58,1,19,1,6144,40,1,40,2,1,0
25,1,16,3,4127,312,0,40,2,1,0
43,1,19,1,5803,315,0,40,2,1,0
49,3,21,1,2389,1,1,8,2,1,0
50,1,19,1,5258,38,1,40,2,1,0
28,1,21,1,2002,6,0,40,2,1,0
29,1,21,5,772,8,0,40,1,1,1
20,1,16,5,4124,36,2,33,2,1,0
47,1,22,1,297,20,1,40,1,1,1
49,1,21,1,456,41,1,40,2,1,1
51,1,21,5,3220,16,0,40,2,1,1
27,1,21,5,2236,34,2,12,2,1,0
44,1,21,1,3210,13,0,40,1,1,1
30,1,19,3,5790,6,0,29,2,1,0
21,1,14,5,3883,10,2,40,2,1,0
26,3,22,5,2459,3,2,8,2,1,0
24,1,16,5,4137,8,0,40,2,1,0
75,2,22,1,2078,9,0,40,2,1,1
22,1,16,5,4146,227,10,40,2,6,0
18,1,9,5,4052,5,17,11,1,1,0
22,1,19,5,4841,46,16,10,1,1,0
20,1,19,5,4718,22,2,40,2,1,0
17,1,19,5,4730,4,2,4,1,6,0
22,1,19,5,4723,35,2,8,2,1,0
30,3,21,1,2436,33,0,10,2,1,0
56,1,20,1,3002,11,1,40,2,1,0
56,1,20,3,162,30,0,40,1,1,1
62,1,19,1,5394,20,0,40,2,1,0
47,3,21,1,2390,32,0,32,2,1,0
47,1,21,1,500,40,0,40,1,1,1
54,1,19,1,35,10,1,40,1,1,1
62,1,16,1,359,19,0,50,1,1,1
20,1,21,5,2630,11,17,15,1,1,0
41,1,17,5,6238,38,0,40,1,1,0
44,3,22,1,2336,6,1,40,2,1,0
42,1,19,1,5888,236,1,40,2,1,0
45,1,22,3,3335,13,0,40,2,1,1
47,1,22,1,635,5,0,40,1,1,1
27,1,21,5,4820,41,0,40,2,1,1
26,1,21,5,1765,19,0,40,2,1,0
40,1,21,3,1344,24,0,40,1,1,1
45,1,21,1,278,6,1,40,1,1,1
33,1,21,5,3035,15,0,40,2,1,1
45,1,21,1,648,25,0,50,1,1,1
53,1,17,1,8981,37,1,40,1,1,1
41,1,22,1,3275,37,0,40,1,1,1
38,3,21,1,2466,37,1,40,2,1,1
44,1,21,1,1266,38,0,40,1,1,1
46,1,21,1,1042,31,0,40,1,1,1
27,1,19,1,5666,308,0,40,1,1,0
44,1,19,1,183,25,1,50,1,1,1
19,1,16,5,4640,28,2,9,2,1,0
24,1,21,5,2118,21,2,13,2,1,0
42,1,21,1,1103,7,1,40,1,1,1
49,1,19,1,5049,6,1,40,2,1,0
46,1,19,1,5808,10,1,40,1,1,0
31,1,11,1,4262,4,0,40,2,1,0
45,1,16,1,360,4,1,50,1,1,1
50,1,19,1,175,8,0,40,1,1,1
20,1,21,5,2256,39,2,40,2,1,0
41,1,20,1,4836,16,1,40,2,1,0
40,1,21,1,1394,3,0,40,1,1,1
55,1,16,1,6640,35,0,40,1,1,0
66,3,21,1,2516,24,0,40,2,1,0
27,1,19,5,5525,17,0,40,2,1,0
41,1,17,5,7573,306,0,40,1,1,1
43,1,21,1,1068,35,0,40,1,1,1
43,1,21,1,3149,194,1,40,2,6,1
21,1,16,5,4299,41,2,40,1,1,0
45,1,21,1,10,13,1,40,1,1,1
35,1,21,3,2427,16,0,40,2,1,0
45,1,21,1,574,36,0,40,1,1,1
23,1,21,5,977,37,0,40,2,1,1
34,3,21,1,2543,41,1,40,2,1,1
20,1,19,5,2524,24,17,3,2,1,0
19,1,10,5,4218,6,17,9,1,1,0
48,1,21,1,107,36,0,40,1,1,1
42,1,21,3,510,3,0,40,2,1,1
38,1,9,1,4080,309,0,40,1,1,0
43,1,18,1,6183,52,1,40,1,1,1
29,1,16,5,3922,36,2,40,2,1,0
20,1,16,5,4122,5,2,40,1,1,0
56,3,21,1,2254,38,1,8,2,1,0
46,1,21,1,2440,231,1,40,2,6,0
24,1,19,5,5659,36,2,40,1,1,0
49,1,21,1,10,235,0,50,1,1,1
45,1,19,1,5428,32,0,40,2,1,0
50,1,21,3,780,223,0,40,1,6,1
45,1,16,1,9094,301,1,40,1,1,0
29,1,17,5,4224,42,2,40,1,1,0
49,3,21,1,2484,5,1,40,2,1,0
33,1,21,5,297,20,0,40,2,1,1
44,1,21,1,3321,8,0,50,1,1,1
27,1,21,5,1959,37,0,40,2,1,0
56,1,21,1,5305,27,0,40,2,1,0
48,1,21,3,3341,234,0,40,2,1,0
22,1,8,5,4244,41,2,40,2,1,0
48,1,19,1,9028,57,1,40,1,1,0
59,1,16,1,5580,42,0,40,1,1,0
29,1,21,5,926,41,0,40,1,1,0
40,1,21,3,1514,204,0,40,1,6,1
51,1,16,1,7344,21,1,40,1,1,1
21,1,21,5,2317,25,2,40,2,1,0
44,2,21,1,2186,7,0,40,2,1,1
32,1,16,5,5465,22,0,40,2,1,0
47,1,19,1,4880,5,1,40,2,1,0
31,3,21,3,2268,20,9,40,2,1,0
35,1,21,1,3140,39,0,40,1,1,1
19,1,14,5,4335,37,17,15,1,1,0
26,1,16,1,8033,46,2,40,1,1,0
30,1,21,1,2223,5,1,40,2,1,0
37,1,21,1,2251,227,1,40,1,6,1
53,1,19,1,6147,39,0,40,1,1,1
43,1,21,1,193,37,0,50,1,1,1
36,1,21,1,4314,36,1,40,1,1,1
49,1,16,1,5745,6,0,40,1,1,0
26,1,21,5,5685,10,2,40,1,1,0
39,1,21,1,3230,52,1,40,2,1,1
34,3,22,1,2302,32,1,40,2,1,0
58,1,16,1,3908,11,1,40,2,1,0
43,1,22,3,1419,3,0,40,1,1,1
23,1,19,3,5597,17,0,33,2,1,0
28,1,19,1,6064,8,0,40,2,1,0
27,1,18,5,5052,35,0,40,2,1,0
46,1,21,1,454,19,1,50,1,1,1
33,1,11,5,9588,317,0,40,1,1,0
42,1,21,5,111,32,0,40,1,1,1
29,1,21,5,5475,6,12,40,2,1,0
27,1,16,1,4145,42,0,40,2,1,0
39,1,16,1,5823,44,1,40,1,1,0
26,1,16,3,4318,44,0,40,1,1,0
47,1,9,1,4167,320,1,40,1,1,0
49,1,19,1,5801,40,0,40,1,1,1
29,1,16,1,3993,39,1,13,2,1,0
57,1,16,3,6001,39,0,40,2,1,0
27,1,21,5,2257,37,0,40,2,1,0
24,1,21,5,3458,27,2,40,2,1,0
47,1,8,1,4156,293,1,31,2,8,0
23,1,21,3,3962,27,15,40,2,1,0
33,1,16,5,6020,21,0,40,1,1,0
64,1,21,3,5341,44,0,40,2,1,0
45,1,22,1,3336,220,0,40,1,6,1
45,1,19,1,5705,10,0,40,1,1,0
54,1,16,1,5815,39,0,40,2,1,1
48,1,16,3,5781,321,0,40,2,6,0
23,1,21,5,2692,42,0,40,2,1,0
25,1,21,5,1126,21,2,40,1,1,0
30,1,21,5,2080,19,0,40,2,1,0
27,1,21,3,497,25,0,40,1,1,0
41,1,16,5,5340,3,0,40,2,1,0
30,4,21,1,2242,4,0,40,2,1,1
41,1,16,1,5209,43,9,40,2,1,0
36,1,21,1,551,40,1,50,1,1,1
28,1,19,5,6004,25,13,40,1,1,0
41,1,21,1,247,19,1,40,1,1,1
40,1,21,1,1143,210,1,40,1,6,1
50,1,21,1,3332,37,1,40,2,1,0
60,1,16,1,5964,21,0,40,1,1,0
20,1,16,5,4144,10,16,40,1,1,0
52,1,16,3,67,4,0,50,1,1,1
32,2,21,3,2315,20,0,40,2,1,1
31,1,21,1,3261,218,1,40,2,6,0
23,1,19,3,3915,38,0,16,2,1,0
67,1,19,1,5564,41,0,40,2,1,0
50,1,18,5,5017,3,0,40,2,1,0
45,1,21,5,5136,8,0,40,1,1,1
47,1,22,1,10,8,1,50,1,1,1
27,1,21,1,2655,2,1,11,2,1,0
47,1,21,1,491,41,1,40,1,1,1
35,1,19,3,7710,40,0,40,1,1,0
67,1,21,3,3392,25,0,40,2,1,1
29,1,19,1,6138,6,0,40,2,1,0
25,1,18,3,6356,33,0,40,1,1,0
46,1,19,3,1096,1,0,40,1,1,1
62,1,16,1,5668,35,1,40,1,1,1
28,2,21,1,2099,20,1,8,2,1,0
43,1,21,1,1055,40,0,50,1,1,1
52,1,19,1,6356,38,0,40,1,1,1
27,1,16,1,4015,10,10,40,2,1,0
37,1,19,1,5311,29,0,40,2,1,0
19,1,21,5,2290,11,2,11,1,1,0
58,1,16,1,4003,18,1,40,2,1,0
59,1,16,3,6399,21,0,40,2,1,0
19,1,7,5,4181,36,16,11,2,1,0
45,1,17,1,7830,33,1,40,1,1,1
66,1,18,1,5503,18,1,15,2,1,0
26,1,19,5,4216,53,2,40,2,1,0
46,1,22,3,489,10,0,50,1,1,1
45,1,21,1,1258,235,0,40,1,6,1
20,1,16,5,4241,35,2,6,2,1,0
77,2,22,1,2325,18,0,40,2,1,1
17,1,19,5,4637,46,17,13,1,1,0
26,2,21,1,2126,22,0,40,2,1,0
39,1,21,5,962,28,0,50,1,1,1
23,1,16,5,4321,55,2,6,2,1,0
20,2,21,5,2270,35,2,7,2,1,0
48,1,16,1,5319,4,1,40,1,1,0
17,1,16,5,4204,44,17,40,1,1,0
45,1,21,1,429,37,0,40,1,1,1
27,1,17,3,9637,22,2,40,1,1,0
37,3,22,1,2547,16,1,40,2,1,0
42,1,21,5,658,38,0,40,1,1,1
46,1,18,3,5677,38,13,40,1,1,1
29,1,19,5,5764,6,0,40,2,1,0
61,1,16,5,3754,30,0,40,2,1,1
56,1,21,3,3582,27,0,40,2,1,1
31,1,17,1,4199,46,0,40,1,1,0
75,1,21,3,3518,20,0,35,2,1,0
47,1,19,1,10,37,0,40,1,1,1
27,1,19,1,4408,43,0,40,2,1,0
51,1,19,1,6305,23,0,40,1,1,1
58,1,16,1,7804,42,0,40,1,1,1
43,1,22,1,172,11,1,40,1,1,1
24,1,19,5,5549,18,0,40,1,1,0
25,1,19,3,6036,19,2,40,2,1,0
64,1,18,3,5491,20,0,40,2,1,0
17,1,18,5,4768,8,2,6,2,1,0
57,1,16,1,5243,18,0,40,2,1,0
60,1,18,1,4092,37,0,40,2,1,0
64,1,19,1,441,22,0,40,1,1,1
46,1,19,1,6012,222,0,40,2,6,0
56,1,19,3,272,3,0,40,1,1,1
22,1,19,5,5415,21,13,40,2,1,0
20,1,16,5,7379,26,2,40,1,1,0
34,1,20,1,4951,17,1,40,2,1,0
24,1,21,5,2560,31,0,40,2,1,1
44,1,21,1,3004,35,1,50,1,1,1
36,1,21,1,2913,20,1,40,2,1,0
53,1,21,3,232,33,0,40,1,1,1
53,3,21,1,2288,35,1,3,2,1,0
48,1,19,1,7971,37,1,51,1,1,1
52,1,21,1,3296,18,0,40,1,1,1
45,1,21,1,1001,21,0,40,1,1,1
48,1,11,1,4079,302,1,40,2,1,0
41,1,20,1,2481,6,1,11,2,1,0
25,1,21,5,3636,23,0,40,2,1,0
60,1,16,1,5324,24,0,30,2,1,0
49,1,21,1,314,19,0,50,1,1,1
63,1,20,3,3298,7,0,36,2,1,0
26,1,14,5,3991,12,16,32,2,1,0
37,1,22,1,1993,9,1,40,2,1,0
42,1,22,1,2318,199,0,40,2,6,0
50,1,22,1,237,10,1,40,1,1,1
59,1,19,3,5642,18,0,40,2,1,0
22,1,16,5,4080,15,0,40,2,1,0
40,1,21,1,1079,201,0,40,1,6,1
46,2,22,5,2229,41,0,40,2,1,1
53,1,16,1,5792,14,0,40,1,1,1
37,1,21,5,1368,41,0,40,1,1,1
46,2,21,3,2316,37,0,40,1,1,1
24,1,16,5,5795,36,2,40,2,1,0
21,1,19,5,5413,54,2,40,1,1,0
25,1,16,5,4664,4,12,33,2,1,0
31,1,21,1,2019,5,0,40,2,1,0
31,1,21,5,3715,15,0,40,2,1,0
26,1,21,1,2278,37,0,11,2,1,0
62,3,22,1,2221,11,0,31,2,1,0
37,1,21,1,1024,3,0,40,1,1,1
64,1,21,3,2368,35,0,32,2,1,0
26,1,16,3,3851,39,0,40,2,1,0
55,1,16,1,6081,41,0,40,1,1,0
25,1,19,5,4910,37,0,40,1,1,0
58,1,16,1,6595,16,1,9,2,1,0
25,1,16,5,5379,38,0,40,1,1,0
21,1,16,5,4267,39,17,9,1,1,0
31,4,21,1,2201,5,0,40,1,1,1
51,1,21,3,347,36,0,40,2,1,1
62,1,19,1,10,37,0,40,1,1,1
26,1,21,5,650,15,13,40,1,1,0
52,1,16,1,4515,4,0,40,1,1,0
23,1,18,5,3938,39,13,40,2,1,0
52,1,19,1,5734,37,1,40,2,1,0
19,1,14,5,4668,21,16,18,1,1,0
40,1,21,1,820,40,1,40,1,1,1
39,1,21,1,4700,42,1,16,2,1,0
33,1,21,5,877,7,0,40,1,1,1
47,1,16,5,6202,47,0,40,1,1,0
66,1,19,1,612,14,0,40,1,1,1
57,1,18,3,332,40,0,40,1,1,1
24,1,21,5,5533,6,2,40,1,6,0
54,3,22,1,2516,35,0,40,2,1,1
55,1,16,1,6213,22,1,40,1,1,1
60,1,16,1,5232,35,0,40,1,1,0
46,1,22,3,3437,7,0,40,2,1,1
22,1,17,5,4195,17,2,32,1,1,0
30,3,21,1,2281,35,1,12,2,1,0
57,1,19,1,5485,26,1,40,1,1,0
68,1,21,1,2325,37,0,40,2,1,0
58,1,16,1,5120,28,1,40,2,1,0
20,1,19,5,4739,20,2,15,1,1,0
44,1,22,1,184,22,0,50,1,1,1
63,1,16,1,4184,48,0,40,2,1,0
22,1,16,5,4619,34,5,12,2,1,0
64,1,19,1,5758,25,0,40,2,1,0
63,1,16,1,5039,38,0,40,2,1,0
37,1,19,1,4580,21,0,4,2,1,0
61,1,16,1,4146,36,0,11,2,1,0
20,1,14,5,3960,2,2,16,1,1,0
37,1,19,5,4716,11,0,40,1,1,1
64,1,18,1,6008,16,1,40,2,1,0
53,1,21,3,227,32,0,50,1,1,1
25,1,21,5,5235,36,2,40,2,1,0
27,1,19,5,5852,39,2,30,2,1,0
39,1,21,1,2380,28,1,40,2,1,0
60,1,19,1,6129,23,0,40,2,1,1
28,1,16,3,5936,20,0,40,1,1,0
49,1,21,3,144,19,0,50,1,1,1
36,1,21,1,2196,35,1,32,2,1,0
35,1,21,1,1970,220,0,40,1,6,1
28,1,21,5,2569,33,0,40,2,1,0
58,1,18,1,54,33,0,40,1,1,1
46,1,21,1,3276,38,1,40,2,1,1
52,1,19,1,267,22,1,40,1,1,1
52,1,21,3,367,42,0,40,2,1,1
60,1,16,5,7584,36,0,40,1,1,1
60,1,16,3,5381,39,0,40,1,1,0
41,1,21,1,3136,11,1,40,2,1,1
63,1,21,1,3820,35,0,40,2,1,0
43,1,11,1,4009,5,1,15,2,1,0
37,1,21,3,5829,14,0,40,2,1,0
28,1,19,1,5027,4,1,5,2,1,0
41,1,21,1,3057,2,1,40,2,1,1
30,1,9,5,4242,298,10,40,1,8,0
49,1,16,1,7395,35,0,40,1,1,1
28,1,19,5,5512,230,13,40,2,6,0
57,2,21,1,1770,20,0,11,2,1,0
62,1,18,3,5462,43,0,40,2,1,0
44,3,22,1,2612,8,1,40,2,1,1
21,1,19,5,4752,35,2,14,2,1,0
32,1,16,3,8860,41,0,40,1,1,0
31,1,16,5,4141,37,0,40,2,1,0
59,1,16,1,5904,22,0,40,2,1,0
52,1,20,1,2298,318,1,13,2,1,0
47,1,22,1,449,204,0,40,1,6,1
57,1,16,1,5597,43,1,40,2,1,0
24,1,21,5,2233,35,2,40,2,1,0
71,2,22,1,2251,32,0,40,2,1,1
40,1,16,1,5903,36,1,40,1,1,0
56,1,21,1,588,39,0,50,1,1,1
22,1,18,5,9459,45,16,40,1,1,0
60,1,19,3,3319,38,0,40,2,1,0
18,1,19,5,4680,29,17,32,2,1,0
28,1,21,5,2392,23,2,40,1,1,0
25,1,16,3,4145,6,0,31,2,1,0
19,1,19,5,4758,27,16,40,1,1,0
43,1,19,1,5118,3,1,40,1,1,0
27,1,21,1,2391,230,0,10,2,6,0
62,1,17,5,5258,44,0,40,2,1,1
30,1,21,1,2020,36,0,40,2,1,0
51,1,18,3,8212,36,13,40,1,1,1
37,1,19,1,5059,3,0,40,1,1,0
24,1,16,1,4791,15,0,31,2,1,0
61,1,19,1,6074,21,0,40,2,1,0
25,1,17,5,3904,34,2,40,2,1,0
22,1,19,5,4638,37,12,40,2,1,0
19,1,16,5,4084,7,16,14,1,1,0
50,1,16,1,121,33,0,60,1,1,1
28,1,21,1,1863,38,0,40,1,1,0
26,1,16,5,5812,37,2,40,2,1,0
26,1,21,1,2089,4,1,11,2,1,0
63,1,16,3,8950,25,0,40,1,1,1
50,1,19,1,43,203,0,40,1,6,1
37,1,19,5,7855,315,0,40,1,1,1
25,1,18,5,5927,25,13,40,1,1,0
33,1,16,1,5994,49,1,9,2,1,0
42,1,21,1,942,21,1,50,1,1,1
64,1,19,1,5625,38,0,40,2,1,0
51,1,16,1,6201,15,1,40,1,1,0
27,1,21,5,2504,228,12,40,1,6,0
62,1,16,1,10,42,0,40,1,1,1
35,1,21,1,5788,38,1,40,1,1,0
27,1,16,1,6045,16,10,40,2,1,0
62,1,21,1,3146,36,0,40,2,1,1
25,1,21,5,2220,244,0,40,2,6,0
62,1,18,1,4624,36,1,40,2,1,0
67,1,19,3,4889,35,0,40,2,1,0
21,1,19,5,4723,19,17,40,1,1,0
42,1,22,1,343,9,0,60,1,1,1
66,1,16,3,5533,32,0,40,2,1,1
37,1,22,1,2332,236,1,40,2,6,1
55,1,16,1,5126,35,0,40,1,1,0
59,1,16,1,5657,23,0,40,2,1,0
57,1,16,1,5252,41,1,40,2,1,0
28,1,21,5,1970,29,0,40,1,1,1
55,1,16,1,6311,37,1,40,2,1,0
21,1,16,3,4097,5,0,35,2,1,0
42,1,19,1,6253,5,0,40,1,1,0
22,1,19,5,4811,216,2,12,1,6,0
22,1,19,5,3721,26,12,40,2,1,0
29,1,8,5,4228,28,2,32,1,1,0
71,2,21,1,2376,40,0,12,2,1,0
51,1,16,5,6940,18,0,40,1,1,1
51,1,21,1,208,24,1,40,1,1,1
41,1,21,1,5996,4,1,40,2,1,0
48,1,21,5,240,11,0,40,1,1,1
20,1,21,3,5467,23,16,40,2,1,0
20,1,19,5,2369,225,16,5,1,6,0
25,1,19,5,6230,7,2,40,1,1,0
44,1,16,1,6117,317,1,40,2,1,0
38,1,21,1,3334,40,1,40,2,1,1
35,1,19,1,5906,28,0,40,1,1,0
17,1,9,5,4282,11,17,9,1,1,0
42,1,22,1,1145,34,0,40,1,1,1
34,1,21,5,401,7,0,40,1,1,1
20,1,14,5,4201,4,2,10,1,1,0
50,1,21,1,766,27,0,40,1,1,1
43,1,22,1,204,7,0,50,1,1,1
55,1,17,1,4616,7,1,40,2,1,0
22,1,19,5,4767,20,13,40,2,1,0
74,2,22,3,2080,22,0,10,2,1,0
54,1,18,1,9099,46,1,40,1,1,0
46,1,19,1,5021,34,0,40,1,1,1
55,1,19,1,3393,6,0,34,2,1,0
33,1,21,1,6167,53,1,40,2,1,0
31,1,19,1,5014,42,0,40,2,1,0
20,1,16,5,4670,39,12,7,2,1,0
44,1,18,1,331,5,0,40,1,1,1
24,1,16,5,4261,11,2,40,1,1,0
19,1,19,5,4693,36,2,8,1,1,0
20,1,16,5,4124,4,17,12,1,1,0
45,1,21,1,398,26,0,50,1,1,1
29,1,21,5,825,34,13,40,1,1,1
45,1,20,1,5439,209,1,40,2,1,0
29,1,21,1,2580,35,0,11,2,1,0
26,1,18,5,4730,18,0,40,2,1,0
48,1,22,1,1185,201,0,40,1,6,1
46,1,19,1,457,6,0,40,1,1,1
28,1,16,5,7317,16,0,40,1,1,0
34,1,21,1,2384,3,0,40,1,1,1
54,1,20,3,109,35,0,50,1,1,1
55,1,16,1,5569,38,0,40,1,1,1
50,1,19,1,80,9,1,50,1,1,1
60,1,21,3,125,36,0,40,1,1,1
50,1,19,1,507,37,0,50,1,1,1
41,1,21,1,1554,11,1,40,1,1,1
36,1,21,1,790,42,0,40,1,1,1
57,1,16,1,5914,39,1,40,1,1,0
54,1,19,1,4890,24,0,40,1,1,1
42,1,20,1,5092,37,0,40,2,1,0
38,1,21,5,1410,39,0,40,1,1,1
35,1,20,1,4772,23,1,40,2,1,0
23,1,19,5,5530,43,2,40,2,1,0
38,1,21,1,845,13,0,40,1,1,1
52,1,16,3,8000,30,0,40,1,1,1
55,1,19,3,5674,25,0,40,2,1,0
53,1,18,1,4212,3,0,2,2,1,0
34,1,19,1,5652,40,1,40,2,1,0
44,1,21,1,1369,18,0,40,1,1,1
35,2,21,1,2069,9,1,40,2,1,1
25,1,19,3,4984,36,0,40,2,1,0
20,1,19,5,4842,11,2,11,2,1,0
18,1,10,5,4047,56,17,13,1,1,0
21,2,19,5,2107,24,17,9,2,1,0
47,1,21,1,73,40,1,50,1,1,1
44,1,16,1,5467,5,1,40,1,1,1
67,1,19,3,5869,38,0,40,2,1,0
23,1,19,5,4888,39,13,40,1,1,0
57,1,20,1,239,24,1,40,1,1,1
43,1,21,3,231,40,0,40,1,1,1
40,1,22,1,3176,218,1,40,2,6,1
17,1,16,5,4228,53,2,10,2,1,0
23,1,21,5,2315,211,0,36,2,6,0
48,1,16,1,7203,16,1,50,1,1,1
43,2,21,1,2305,37,0,40,2,1,1
21,3,22,5,2451,37,2,40,2,1,0
35,1,21,5,598,20,0,40,1,1,1
45,1,21,1,932,29,1,40,1,1,1
19,1,19,5,2380,19,2,11,2,1,0
53,1,19,1,173,36,1,40,1,1,1
20,1,19,5,4691,35,12,33,2,1,0
23,1,19,5,4684,37,13,40,2,1,0
28,1,19,5,5283,39,2,40,2,1,0
49,1,19,3,1407,7,0,40,1,1,1
53,1,16,1,5690,24,1,40,1,1,0
49,1,16,1,6311,9,0,40,1,1,0
42,3,22,1,2482,34,0,40,2,1,1
59,1,16,5,5181,29,13,40,2,1,0
57,1,16,5,6109,39,0,40,1,1,0
60,1,18,1,4237,39,0,40,2,1,0
52,1,18,5,5664,38,0,40,2,1,0
63,1,16,1,5134,41,1,40,2,1,0
27,1,16,3,4917,41,15,40,1,1,0
41,1,16,1,9047,40,1,40,1,1,0
45,1,19,1,5291,39,1,40,1,1,0
42,1,21,1,3432,39,1,40,2,1,1
23,1,16,5,4044,9,2,40,2,1,0
38,1,21,1,2454,22,1,40,1,1,1
29,1,19,5,5331,41,13,40,1,1,0
46,1,16,1,463,214,0,40,1,1,1
59,1,17,3,8874,43,0,40,1,1,0
39,1,16,5,7320,39,0,40,1,1,1
45,1,20,1,5136,39,1,40,1,1,1
29,1,19,1,5884,40,1,40,2,1,0
27,1,19,5,3492,41,0,16,2,1,0
55,1,16,1,5268,40,1,40,1,1,1
61,1,16,1,4018,44,0,40,2,1,0
25,1,16,5,5821,8,0,40,1,1,0
21,1,16,5,4082,29,16,40,1,1,0
48,1,22,5,3384,9,13,40,2,1,1
22,1,20,5,5815,24,0,40,2,1,0
18,1,16,5,4239,40,2,7,2,1,0
52,1,20,1,5877,12,0,40,2,1,1
17,1,16,5,4154,55,2,7,1,1,0
32,1,21,5,4683,39,0,40,1,1,1
61,1,16,1,405,24,0,40,1,1,1
55,1,19,1,609,203,0,40,1,6,1
21,1,19,5,4281,24,2,16,1,1,0
19,1,16,3,4256,13,10,34,2,1,0
38,1,20,1,5530,36,0,40,2,1,0
54,1,20,1,3769,30,0,40,2,1,1
32,1,21,5,1180,29,13,40,1,1,1
64,1,21,3,411,21,0,40,2,1,1
59,1,19,1,5728,18,0,40,2,1,0
28,1,21,1,2758,39,1,10,2,1,0
41,1,20,1,4919,7,1,40,2,1,0
41,1,21,1,1247,10,0,50,1,1,1
27,1,21,1,2125,28,1,40,2,1,0
28,1,21,1,2530,50,0,40,2,1,0
32,1,19,5,5878,8,13,40,1,1,0
30,1,16,5,3665,32,0,15,2,1,0
43,1,21,1,835,38,1,40,1,1,1
53,1,16,1,4272,38,1,40,1,1,1
27,1,21,5,368,23,13,40,2,1,1
59,1,16,1,6206,43,9,40,2,1,0
36,1,21,1,3246,21,1,40,2,1,1
46,1,16,1,8068,11,0,40,1,1,1
53,1,16,5,4813,32,0,40,2,1,0
25,1,16,5,6283,17,0,40,2,1,0
44,1,21,1,1446,9,0,40,1,1,1
20,1,14,5,4207,18,2,40,1,1,0
43,1,16,1,8799,53,1,40,1,1,0
48,1,21,1,382,41,1,40,1,1,1
42,1,22,1,3417,42,1,40,2,1,1
47,1,21,3,249,7,0,40,1,1,1
63,1,16,1,6269,24,1,40,2,1,0
52,1,19,3,5063,43,0,40,2,1,0
26,1,21,1,2263,40,1,12,2,1,0
23,1,16,3,4122,20,0,40,2,1,0
64,1,21,1,2416,17,0,12,2,1,0
47,1,7,1,4278,294,1,40,1,1,0
48,1,17,1,4130,35,1,40,2,1,0
46,1,21,1,3413,3,1,40,2,1,1
20,1,16,5,5990,4,2,40,2,8,0
43,1,16,1,5580,8,1,40,2,1,0
21,1,21,5,2521,37,17,13,2,1,0
47,1,21,5,462,14,0,40,2,1,1
28,1,21,5,881,10,13,40,1,1,1
23,1,18,5,6082,33,13,40,1,1,0
63,1,17,1,4056,25,1,4,2,1,0
39,1,21,1,4841,3,0,40,1,1,0
18,1,18,5,5389,19,2,40,1,1,0
21,1,19,5,5004,37,2,40,1,1,0
20,1,19,5,5476,51,2,11,2,1,0
30,1,21,5,1313,25,13,40,2,1,1
48,1,16,1,5313,312,0,40,1,1,0
21,1,16,5,5603,33,0,40,1,1,0
31,1,21,5,2345,37,0,40,2,1,0
32,1,21,1,2460,21,1,40,2,1,0
42,1,19,5,394,34,0,40,1,1,1
29,1,19,1,6134,46,0,8,2,1,0
54,1,18,1,10,37,0,49,1,1,1
67,1,18,3,4866,31,0,40,2,1,0
51,1,21,1,373,9,0,40,1,1,1
38,1,16,1,4219,48,1,40,2,1,0
65,2,21,1,3053,37,1,8,2,1,0
47,1,20,1,2380,6,1,10,2,1,0
56,1,16,1,5679,10,0,40,1,1,1
53,1,19,3,6275,21,0,40,1,1,1
29,1,19,5,4843,219,2,40,1,6,0
34,3,21,3,2328,41,0,40,1,1,1
19,1,19,5,4709,54,2,12,2,1,0
27,1,16,5,8190,16,13,40,1,1,0
26,1,16,1,4166,36,0,11,2,1,0
36,1,21,1,2549,17,1,10,2,1,0
37,1,19,1,6054,38,1,40,2,1,0
41,1,21,1,2459,299,1,40,2,1,0
46,1,19,1,302,21,1,50,1,1,1
37,1,21,1,2567,7,1,40,2,1,0
22,1,16,5,4329,45,16,8,1,1,0
32,1,24,5,763,5,0,40,1,1,1
22,1,18,5,5653,3,2,40,1,1,0
40,3,21,1,2312,20,0,40,2,1,0
42,1,19,3,105,204,0,40,1,6,1
21,1,16,5,4383,5,16,40,1,1,0
46,1,21,3,1212,9,0,40,1,1,1
27,1,21,5,2152,4,17,40,2,1,0
50,1,16,1,6100,309,0,40,1,1,1
22,1,18,5,4559,4,2,40,1,1,0
27,1,19,5,7826,299,0,40,1,8,0
42,1,9,1,4212,310,0,31,2,8,0
46,1,21,1,154,19,0,40,1,1,1
60,1,16,1,3655,42,1,16,2,1,0
28,1,16,1,4163,302,0,40,2,1,0
63,1,18,3,5089,8,0,40,2,1,0
43,1,21,1,6207,6,0,40,1,1,1
24,1,21,1,5392,40,15,40,2,1,0
28,1,18,5,6516,12,0,40,1,1,0
48,1,1,3,298,305,0,40,1,6,1
20,1,19,5,5987,14,2,11,1,1,0
33,1,19,5,6066,41,13,40,1,1,0
50,1,21,5,3551,29,0,40,2,1,1
22,1,19,3,3894,23,0,40,2,1,0
31,1,10,1,4108,313,1,40,2,6,0
59,1,16,3,380,5,0,50,1,1,1
50,1,21,1,321,8,1,40,1,1,1
26,1,16,3,9354,51,2,40,1,1,0
43,1,21,1,2380,2,0,40,2,1,0
61,1,18,1,4109,27,1,40,2,1,0
48,1,21,1,3243,39,1,40,1,1,1
51,1,19,1,8840,4,1,40,1,1,1
47,1,21,1,220,39,0,50,1,1,1
27,1,16,3,5060,27,12,40,2,1,0
34,1,22,5,1278,36,13,40,1,1,1
30,1,21,1,523,41,0,40,1,1,0
61,1,19,1,4352,1,0,40,2,1,0
28,1,16,5,6265,34,0,40,1,1,0
37,1,21,1,3150,37,1,40,1,1,1
75,1,18,1,5061,40,1,40,2,1,1
24,2,21,5,2290,21,13,40,2,1,0
46,1,19,1,7987,36,1,50,1,1,1
27,1,19,5,5574,16,0,30,2,1,0
45,3,22,1,2384,1,0,40,2,6,0
24,2,21,5,2173,38,13,40,2,1,0
20,1,18,5,6301,6,2,11,1,1,0
43,1,22,1,1028,5,1,40,2,1,1
49,1,21,1,933,41,1,40,1,1,1
34,1,21,1,1455,8,0,40,1,1,0
27,1,16,5,4188,27,0,40,2,1,0
61,1,19,1,6072,26,0,40,1,1,0
57,1,19,5,4963,17,0,40,1,1,1
60,1,18,1,6390,25,1,40,1,1,0
18,1,19,5,4715,4,2,5,1,1,0
43,1,21,1,577,24,1,61,1,1,1
28,1,21,1,5082,8,10,40,2,1,0
32,1,21,5,1410,23,0,40,1,1,1
60,1,7,1,4620,34,0,35,2,1,0
43,1,21,3,551,5,0,40,1,1,1
39,1,16,1,6716,35,0,40,1,1,0
22,1,16,5,9353,22,2,40,1,1,0
19,1,11,5,4083,11,17,4,1,1,0
18,1,16,5,4019,205,2,10,2,6,0
57,1,17,1,6244,22,1,40,1,1,0
59,1,17,3,3938,42,0,40,2,1,0
31,1,19,1,2476,46,1,12,2,1,0
44,1,21,1,5203,14,0,40,1,1,0
21,1,16,5,4046,14,2,40,1,1,0
77,1,21,1,53,42,1,40,1,1,1
25,1,16,1,4311,1,10,40,2,1,0
56,1,16,1,5874,34,0,40,1,1,0
70,1,21,1,216,27,0,40,1,1,1
58,1,16,1,7401,34,1,40,1,1,1
46,1,16,1,4311,313,1,40,2,6,0
47,1,22,1,576,7,1,40,1,1,1
27,1,18,3,6029,25,0,40,1,1,0
55,1,19,1,6409,33,0,40,1,1,1
43,1,21,1,5421,55,0,40,1,1,0
48,1,20,1,5229,35,1,40,1,1,1
19,1,9,5,9781,52,2,40,1,1,0
27,1,16,5,9203,47,2,40,1,1,0
29,1,22,5,2554,7,13,40,2,6,0
30,1,20,5,8099,39,0,40,1,1,1
46,1,21,1,3603,9,0,40,2,1,0
38,1,16,1,6126,300,1,40,1,8,0
40,1,19,1,5894,33,1,40,2,1,0
38,1,21,1,2323,13,1,4,2,1,0
55,1,16,1,5964,16,0,40,1,1,1
29,1,16,1,3762,16,1,10,2,1,0
74,1,21,3,3200,37,0,40,2,1,1
47,1,8,1,6678,49,0,40,1,1,0
44,1,21,1,1310,36,1,40,1,1,1
26,1,16,5,9264,18,0,40,1,1,0
41,3,21,1,2377,4,0,40,2,1,0
29,1,16,5,4100,6,13,40,2,1,0
26,1,16,5,9384,26,2,40,1,1,0
43,1,19,3,5917,3,0,40,2,1,0
20,1,19,1,5454,50,10,40,2,1,0
28,1,20,1,2420,39,1,8,2,1,0
58,1,16,1,5567,37,1,40,2,1,0
21,1,16,5,4678,4,16,9,1,1,0
59,1,18,1,4869,23,1,40,1,1,0
40,1,21,1,4929,24,1,40,2,1,0
52,1,20,1,6078,39,1,40,2,1,0
45,1,21,3,222,5,0,40,1,1,1
37,1,21,1,2362,8,0,40,2,1,0
22,1,19,5,2264,40,17,34,2,1,0
40,1,22,1,778,8,0,40,1,1,1
44,1,16,1,6097,320,1,40,1,1,1
26,1,19,5,5668,6,0,40,2,1,0
49,1,16,1,419,36,0,50,1,1,1
48,1,19,5,5502,7,0,40,1,1,1
55,1,16,5,5300,47,0,40,1,1,1
19,1,9,5,4174,49,16,9,1,1,0
22,1,19,1,6465,17,0,40,2,1,0
45,1,16,1,3749,224,0,6,2,6,0
25,1,19,3,3773,43,0,10,2,1,0
69,2,21,1,2102,15,0,40,2,1,1
18,1,14,5,4202,43,2,40,1,1,0
39,1,21,1,922,5,1,40,1,1,1
43,1,21,3,74,39,0,50,1,1,1
19,1,19,5,5326,39,13,40,1,1,0
29,1,21,1,2119,8,0,8,2,1,0
42,1,17,3,7886,15,13,40,1,1,1
21,1,16,5,9355,22,2,40,1,1,0
42,1,19,3,6188,10,0,40,2,1,0
39,3,21,1,2325,8,1,40,2,1,1
54,1,20,1,3334,13,1,5,2,1,0
36,1,21,1,4805,40,1,40,2,1,0
33,1,21,1,1103,5,0,40,1,1,0
56,1,16,1,202,34,1,40,1,1,1
66,1,20,1,5201,41,0,40,2,1,0
23,1,19,5,5710,2,13,40,2,1,0
25,1,21,5,2279,2,0,40,2,6,0
23,1,16,5,4030,243,17,11,1,6,0
55,1,16,1,5537,30,1,40,2,1,0
23,1,16,5,5685,35,13,40,1,1,0
31,1,16,5,5286,10,0,40,1,1,0
50,1,19,3,11,35,0,50,1,1,1
75,1,19,3,5029,42,0,40,2,1,0
47,1,21,3,118,36,0,40,1,1,1
29,1,16,5,6609,33,0,40,1,1,0
47,1,19,1,6008,36,1,40,1,1,1
30,1,16,1,9120,4,0,40,1,1,0
62,1,19,1,5136,37,0,40,1,1,1
35,1,21,1,2310,36,1,40,2,1,0
23,1,21,1,2415,20,0,40,2,1,0
46,1,19,1,7886,25,0,40,1,1,1
29,1,16,5,4249,320,16,40,1,6,0
25,1,21,5,2452,38,17,40,1,1,0
50,1,16,1,4056,20,1,40,2,1,0
64,1,16,1,4254,42,1,13,2,1,0
56,1,20,1,4614,20,1,40,2,1,1
20,1,16,5,4100,3,2,40,2,1,0
31,1,19,5,5131,36,0,40,1,1,0
22,1,19,5,6247,228,16,40,1,8,0
33,1,10,5,6359,303,0,40,1,1,1
25,1,16,5,6773,37,13,40,1,1,0
43,1,21,1,194,35,0,40,1,1,1
31,1,21,5,4809,35,13,40,2,1,1
22,1,21,5,5172,6,0,40,2,1,0
34,1,20,3,7411,20,0,40,1,1,1
18,1,8,5,4201,50,16,11,1,1,0
29,1,21,1,2498,19,1,40,2,1,0
28,3,22,5,2542,38,13,13,2,1,0
19,1,19,5,4732,14,16,6,2,1,0
26,1,16,5,4145,311,2,40,1,8,0
32,1,22,5,1532,41,0,40,1,1,1
64,1,21,1,112,25,0,40,1,1,1
22,1,19,5,4671,210,2,9,2,6,0
25,1,21,5,5689,43,0,40,2,1,0
40,1,19,1,5216,10,0,40,1,1,0
21,1,19,5,4702,25,2,8,1,1,0
31,1,12,1,5679,224,10,40,1,8,0
29,1,16,5,5528,22,2,40,2,1,0
61,1,19,1,5462,302,9,40,2,1,0
22,1,16,5,4769,50,2,40,1,1,0
26,1,20,1,5793,19,1,5,2,1,0
51,1,19,5,6435,39,0,40,1,1,1
49,1,21,3,804,8,0,40,1,1,1
32,3,22,1,2596,226,1,40,2,6,0
58,1,19,3,6524,21,0,40,2,1,0
29,1,21,1,2251,47,1,40,2,1,0
27,1,21,5,5671,39,2,40,1,1,0
53,1,16,1,374,38,0,40,1,1,1
54,1,16,1,5355,8,0,40,1,1,0
30,1,16,1,5931,5,1,40,1,1,0
62,1,18,1,5846,36,0,40,2,1,0
22,1,16,5,4250,22,2,14,1,1,0
60,1,16,1,4164,39,16,40,2,1,0
62,1,18,1,4746,3,0,40,2,1,0
43,1,18,1,5993,35,0,40,1,1,1
47,1,20,3,387,39,0,40,1,1,1
18,1,14,5,4264,28,16,10,1,1,0
63,1,18,1,5028,36,10,15,2,1,0
29,1,21,1,2210,37,1,15,2,1,0
57,1,16,1,51,33,0,40,1,1,1
51,1,19,1,5220,37,0,40,1,1,1
69,2,21,1,1992,36,0,40,1,1,1
70,6,21,1,2715,23,1,22,2,1,0
44,1,21,1,135,39,0,50,1,1,1
30,1,16,5,4919,30,0,40,2,1,0
33,1,21,1,1956,3,1,40,2,1,0
20,1,18,5,4692,35,2,12,2,1,0
40,1,21,3,5993,38,0,40,1,1,0
45,1,9,1,6378,308,1,40,1,1,0
25,1,16,1,4116,10,2,40,1,1,0
17,1,16,5,4112,21,2,7,1,1,0
41,1,16,5,6461,13,13,40,1,1,0
51,1,16,3,5526,37,0,40,1,1,1
22,1,18,5,4114,40,17,40,1,1,0
39,1,21,1,6145,34,0,40,1,1,0
56,1,21,3,1338,21,0,50,1,1,1
38,1,21,3,3872,10,0,40,2,1,0
25,1,16,3,3947,39,0,40,1,1,0
49,1,9,1,4151,302,1,40,2,8,0
47,1,19,3,297,3,0,40,1,1,1
47,1,20,1,6042,30,1,40,2,1,0
23,1,21,5,2098,27,13,40,2,1,1
57,1,16,1,6035,37,1,40,2,1,0
31,1,21,1,727,17,0,40,1,1,0
28,1,21,3,2408,18,12,40,2,1,0
20,1,14,5,9302,19,2,40,1,1,0
55,1,16,1,5562,36,0,40,1,1,1
45,1,20,5,6170,43,0,40,1,1,1
41,1,19,3,5584,36,0,40,2,1,0
51,1,16,1,5313,23,1,40,2,1,0
35,1,16,3,6710,4,0,40,1,1,0
17,1,16,5,4702,49,2,13,2,1,0
43,1,22,1,429,40,0,40,1,1,1
66,1,16,1,5813,24,1,10,2,1,0
57,1,21,1,322,36,0,40,1,1,1
20,1,16,5,4193,36,2,31,2,1,0
26,1,19,5,5252,21,13,40,1,1,0
41,1,21,1,5860,4,1,40,2,1,0
46,1,21,1,1106,12,0,40,1,1,1
56,1,21,1,514,3,0,40,1,1,1
63,1,20,1,10,44,1,40,2,1,1
26,1,19,1,6038,214,0,40,2,8,0
62,1,16,1,6620,6,1,40,2,1,0
61,1,16,1,5161,23,0,40,2,1,0
41,1,19,1,6485,306,0,40,1,1,0
52,1,20,3,332,10,0,40,1,1,1
54,1,19,1,5828,22,0,40,1,1,1
33,1,22,5,1178,6,13,40,1,1,1
17,1,19,5,2605,36,2,7,2,1,0
57,1,16,1,5997,28,1,40,2,1,0
31,1,19,5,5987,15,0,40,1,1,0
21,1,19,5,6065,40,13,40,1,1,0
42,1,19,5,5518,38,0,40,2,1,1
28,2,22,5,2445,5,13,40,2,1,0
40,1,19,1,4961,6,1,40,1,1,1
43,1,19,1,5271,39,0,40,2,1,0
52,1,21,1,3468,16,1,34,2,1,0
24,1,16,3,4247,30,0,40,2,1,0
56,1,21,1,3368,34,0,40,2,1,1
48,1,21,3,10,28,0,50,1,1,1
20,1,19,5,4922,18,2,10,1,1,0
21,1,14,5,4690,27,15,10,1,1,0
57,1,19,1,5004,22,0,40,1,1,1
27,1,19,5,5813,36,2,40,2,1,0
55,1,18,1,4935,36,1,40,2,1,0
34,1,19,1,5417,12,0,40,1,1,0
47,1,21,3,210,38,0,40,1,1,1
48,1,21,3,271,34,0,50,1,1,1
20,1,19,5,5926,40,13,40,1,1,0
52,1,21,3,608,30,0,40,1,1,1
27,1,16,5,5851,18,13,40,2,1,0
31,1,16,3,5144,10,0,40,1,1,0
37,1,16,1,7717,26,0,40,1,1,0
47,1,20,1,5518,37,1,32,2,1,0
43,1,16,1,6650,36,1,40,2,1,0
25,1,19,1,4654,54,0,1,2,1,0
45,1,21,1,527,38,0,40,1,1,1
51,1,16,3,5497,31,0,40,1,1,0
45,1,21,1,10,24,0,40,1,1,1
53,1,19,3,6469,12,0,40,1,1,1
23,1,21,3,5015,26,12,40,2,1,0
50,1,20,1,3532,11,1,40,2,1,0
29,1,16,5,5500,5,2,40,1,1,0
54,1,16,1,7326,32,1,50,1,1,1
29,1,16,3,5127,6,10,40,1,1,0
44,1,21,1,508,6,1,40,1,1,1
24,1,21,5,6067,3,2,40,2,1,0
24,1,21,5,2349,33,2,40,2,1,0
53,1,16,1,5543,5,1,40,2,1,1
62,1,16,1,4015,26,1,13,2,1,0
25,1,16,5,4102,37,2,40,2,1,0
28,1,16,1,4062,315,9,40,1,1,0
28,1,21,1,2211,12,0,7,2,1,0
51,1,16,5,8302,37,0,40,1,1,1
22,1,16,5,6629,36,13,40,2,1,0
20,1,19,5,5787,3,2,32,2,1,0
26,1,21,5,1107,26,0,40,1,1,1
47,1,21,3,828,36,0,50,1,1,1
56,1,16,1,5886,35,0,40,1,1,0
41,1,18,1,6420,37,0,40,1,1,0
53,1,16,1,7617,21,0,50,1,1,1
46,1,21,1,3056,35,0,40,2,1,0
27,1,21,5,1853,7,0,40,2,1,0
25,1,19,5,3599,37,0,40,2,1,0
58,1,16,1,5106,37,1,34,2,1,0
20,1,16,5,4161,6,2,7,2,1,0
19,1,15,5,4136,5,2,8,1,1,0
54,1,20,1,365,42,0,50,1,1,1
57,1,18,1,5468,38,0,40,2,1,1
24,1,16,1,4003,217,1,40,2,8,0
57,1,16,1,7616,37,1,50,1,1,1
20,1,19,5,4799,24,2,10,2,1,0
41,1,19,1,1726,17,0,40,1,1,1
32,1,16,1,5701,35,1,40,2,1,0
25,1,20,3,3412,21,9,37,2,1,0
59,1,16,1,6101,37,1,40,2,1,0
40,1,19,5,6437,22,0,40,1,1,0
26,1,19,1,5047,50,1,40,2,1,0
26,1,19,5,5229,35,13,40,2,1,0
33,1,21,1,5412,12,0,40,1,1,0
20,1,19,5,2792,36,16,6,1,1,0
35,1,21,1,2306,5,1,40,1,1,1
24,1,19,5,5292,18,13,40,1,1,0
41,1,22,1,177,36,1,59,1,1,1
38,1,12,1,4517,1,1,40,1,1,0
39,1,19,1,5203,47,1,40,2,1,0
54,1,18,1,8262,38,0,50,1,1,1
50,1,22,3,394,37,0,50,1,1,1
44,1,11,1,4003,304,1,40,2,8,0
28,1,21,5,1373,39,0,40,1,1,1
34,1,16,5,6606,12,0,40,1,1,0
24,1,19,5,5619,49,2,40,2,1,0
20,1,16,5,9791,20,2,40,1,1,0
55,1,21,1,3346,22,1,40,2,1,1
77,1,21,1,3604,39,1,40,2,1,1
27,1,18,5,9156,21,2,40,1,1,0
27,1,19,3,5414,31,10,40,2,1,0
41,1,11,1,6329,304,1,40,1,1,0
25,1,16,3,4269,38,0,40,1,1,0
30,1,13,3,4298,37,0,13,2,1,0
20,1,14,5,4078,7,17,9,1,6,0
28,1,16,1,4276,40,1,12,2,1,0
53,1,21,1,551,36,1,40,1,1,1
26,1,19,5,4760,9,2,40,1,1,0
62,1,19,1,5160,6,1,33,2,1,0
56,1,16,1,5711,39,1,40,1,1,0
70,1,21,1,3185,17,0,40,2,1,1
26,1,19,3,5752,21,13,40,1,1,0
21,1,15,5,4699,28,2,12,1,1,0
37,1,21,1,3509,2,1,40,2,1,1
34,1,22,5,358,211,0,40,1,6,1
47,1,22,1,1152,201,0,50,1,6,1
38,1,21,1,2188,22,1,40,1,1,1
22,1,18,5,4560,27,2,7,2,1,0
58,1,19,1,342,40,0,40,1,1,1
60,1,19,1,2696,25,0,10,2,1,0
49,1,16,1,7381,15,0,50,1,1,1
28,1,21,5,5384,38,2,40,1,1,0
30,1,21,5,790,36,0,40,1,1,1
41,1,21,3,3176,20,0,40,2,1,1
36,1,21,1,987,32,0,40,1,1,1
20,1,19,5,4586,19,12,40,2,1,0
55,1,19,3,5416,38,0,40,2,1,0
27,1,16,3,5713,28,0,40,1,1,0
29,1,19,5,6272,26,2,40,1,1,0
37,1,21,1,4758,7,1,40,2,1,0
50,1,22,1,962,36,0,40,1,1,1
25,1,16,5,4157,4,13,40,2,1,0
32,1,21,1,1270,25,0,40,1,1,1
55,1,19,1,5850,27,0,40,1,1,1
47,1,21,1,936,37,1,50,1,1,1
27,1,17,5,9532,40,2,40,1,1,0
44,1,16,1,3960,310,1,40,2,8,0
30,1,16,3,4281,308,10,40,2,8,0
21,1,21,5,5326,29,2,40,1,1,0
26,1,19,1,5337,4,1,40,2,1,0
23,1,19,5,4012,36,0,40,2,1,0
30,2,22,1,2165,37,0,9,2,1,0
53,1,16,3,5772,23,0,40,1,1,0
46,1,21,5,162,38,0,40,1,1,1
47,1,16,5,5492,34,0,40,1,1,1
54,1,16,1,7574,30,0,40,1,1,1
55,1,22,1,680,23,1,40,1,1,1
29,1,21,1,2332,14,0,40,2,1,0
60,1,16,1,3977,23,1,12,2,1,0
42,1,22,5,189,1,0,40,1,1,1
39,1,19,1,5008,33,0,40,2,1,0
28,1,21,5,1863,31,0,40,2,1,0
42,1,17,5,7401,27,0,40,1,1,1
23,1,19,5,6458,11,2,40,2,1,0
26,1,19,5,3557,36,0,13,2,1,0
44,1,19,5,5617,4,13,40,2,1,1
43,1,21,1,3192,17,1,40,2,1,1
34,1,21,1,1085,39,1,40,1,1,1
25,1,21,5,4917,39,2,40,1,1,0
44,1,22,5,2419,10,0,40,2,1,1
29,1,19,1,4883,8,0,14,2,1,0
45,1,19,1,4739,7,0,40,1,1,1
56,1,19,5,5195,40,0,40,1,1,1
31,1,19,5,8091,14,0,40,1,1,1
39,1,19,5,7123,6,0,40,1,1,1
20,1,11,5,9570,7,2,40,1,1,0
27,1,21,5,2367,5,2,40,2,1,0
39,3,21,1,2311,16,1,9,2,1,0
20,1,21,5,2194,6,17,7,2,6,0
44,1,20,3,1044,13,0,40,1,1,1
47,1,16,1,5379,7,1,40,2,1,0
18,1,14,5,4259,37,2,8,1,1,0
22,1,16,5,4041,58,17,40,1,1,0
27,1,21,5,1450,38,0,40,1,1,0
19,1,14,5,4342,23,2,40,1,1,0
75,1,19,1,4985,39,0,40,2,1,1
32,1,21,1,4793,3,0,40,1,1,0
27,1,18,5,4197,29,2,40,1,1,0
28,1,19,1,6089,15,1,40,2,1,0
30,1,19,5,3839,36,13,40,2,1,0
62,1,17,1,4038,26,1,40,2,1,0
52,1,16,1,7725,45,0,40,1,1,1
48,1,16,1,5286,7,1,40,1,1,1
29,1,20,1,2064,41,1,15,2,1,0
28,1,19,5,4888,26,0,40,1,1,1
56,1,17,1,6641,15,0,40,1,1,1
19,1,19,5,4766,8,2,15,2,1,0
44,1,21,3,1459,39,0,50,1,1,1
19,1,19,5,4770,7,17,8,1,1,0
59,1,16,1,5279,40,1,40,2,1,0
27,1,19,5,4628,37,13,32,2,1,0
45,1,19,1,4722,1,1,40,2,1,0
60,1,21,1,2555,27,10,40,2,1,0
30,2,21,1,2116,45,1,16,2,1,0
57,1,17,1,5983,18,0,40,1,1,0
31,1,22,5,1837,7,0,40,1,1,1
30,1,21,5,344,22,0,40,2,1,0
51,1,16,1,147,26,1,50,1,1,1
44,1,19,1,528,5,0,40,1,1,1
34,1,21,1,2131,12,0,40,2,1,1
23,1,16,1,6335,24,10,40,1,1,0
22,1,16,5,9432,2,2,40,1,1,0
32,1,22,1,2031,12,0,40,1,1,0
19,1,16,5,4075,38,2,40,1,1,0
27,1,21,5,2231,13,2,40,2,1,0
29,1,21,5,5479,25,2,40,1,1,0
49,1,21,1,443,1,0,40,1,1,1
41,1,21,1,3293,29,0,40,2,1,1
64,3,21,1,2458,39,1,13,2,1,0
50,1,16,5,6641,40,0,40,1,1,1
25,1,21,5,3282,3,0,40,2,1,0
30,1,16,5,5254,5,13,40,2,1,0
53,1,19,1,5193,14,0,40,2,1,0
34,1,19,5,6407,23,0,40,1,1,1
19,1,14,5,4240,306,17,11,2,8,0
45,1,20,1,5679,9,1,40,2,1,1
20,1,19,5,6270,37,2,40,1,1,0
35,1,21,1,2332,39,1,40,2,1,0
26,1,21,5,1073,9,17,40,1,1,0
25,1,18,3,5120,36,16,40,1,1,0
50,2,21,5,2292,8,13,40,2,1,1
27,1,18,1,4167,39,0,17,2,1,0
52,1,21,5,6679,7,0,40,1,1,1
56,1,19,1,5183,10,0,40,1,1,0
25,2,22,1,1993,7,0,11,2,1,0
71,1,21,3,179,41,0,40,2,1,1
20,1,19,5,5172,27,2,40,2,1,0
52,1,20,5,5071,32,0,40,2,1,1
64,1,19,1,351,33,0,40,1,1,1
65,1,21,3,3138,17,0,40,2,1,0
40,1,19,1,6012,21,0,40,2,1,0
33,1,16,5,5826,39,13,40,1,1,0
65,1,19,3,4805,37,0,40,2,1,0
37,1,16,1,6649,307,0,40,1,6,0
51,1,16,3,6937,5,0,40,1,1,1
43,1,21,1,998,40,0,40,1,1,1
23,1,19,5,5055,50,0,40,2,1,0
19,1,19,5,4700,31,2,5,2,1,0
22,1,16,3,4172,1,0,40,2,1,0
24,1,19,1,4561,2,0,40,2,1,0
49,1,21,1,315,31,0,50,1,1,1
25,1,19,5,5348,3,2,10,2,1,0
36,1,22,5,3939,10,0,40,1,1,1
24,1,20,1,4208,40,1,7,2,1,0
25,1,21,5,5255,220,13,40,2,6,0
37,1,19,1,8936,2,0,40,1,1,0
47,1,21,3,1696,40,0,40,1,1,1
35,1,21,1,1762,38,0,40,1,1,1
40,1,21,1,3478,18,1,40,2,1,1
46,1,16,1,4727,1,0,40,2,1,0
65,1,17,1,3824,27,0,8,2,1,0
31,1,19,1,5548,37,0,40,2,1,0
47,1,19,1,5793,6,1,40,1,1,1
48,1,21,1,311,27,1,40,2,1,1
50,1,19,1,6951,34,0,50,1,1,1
26,1,21,1,1888,3,0,40,2,1,0
59,1,18,5,7185,27,0,40,1,1,1
28,1,16,1,3950,310,1,40,2,1,0
45,1,21,1,459,4,1,40,2,1,1
56,1,16,1,5002,23,1,40,2,1,0
28,1,21,5,1478,38,0,40,1,1,0
45,1,21,1,168,8,0,50,1,1,1
47,1,18,3,5610,10,0,40,1,1,0
30,1,20,3,5309,20,0,40,2,1,0
20,1,16,5,9579,15,16,40,1,1,0
27,1,21,5,6447,41,2,40,1,1,0
27,1,21,5,2021,34,13,40,2,1,0
18,1,16,5,4057,8,2,40,1,1,0
27,1,16,1,9298,22,0,40,1,1,0
49,1,16,3,412,36,0,40,1,1,1
33,1,21,1,946,24,0,40,1,1,1
29,1,21,5,5476,41,2,40,1,1,0
51,1,20,3,41,18,0,40,1,1,1
51,2,21,1,2205,5,1,9,2,1,0
36,1,22,5,1054,224,0,40,1,6,1
60,1,16,1,4952,28,1,40,2,1,0
26,1,21,5,1565,4,2,40,1,1,0
59,1,21,1,66,31,0,40,2,1,1
25,1,19,5,5179,21,2,40,1,1,0
31,1,19,1,4909,36,0,40,2,1,0
52,1,16,1,214,4,0,50,1,1,1
51,1,16,3,4957,36,0,40,2,1,0
52,1,19,1,5895,18,0,40,2,1,0
42,1,17,1,9249,17,0,40,1,1,0
43,1,19,1,8303,25,0,40,1,1,1
28,1,21,3,3316,39,0,6,2,1,0
22,1,19,5,4539,37,2,34,2,1,0
44,1,22,1,164,212,1,40,2,6,1
40,1,21,1,1128,23,0,40,1,1,1
24,1,21,5,2251,14,13,40,2,1,0
46,1,12,1,8215,322,0,40,1,1,1
19,1,16,5,4067,55,2,33,2,1,0
58,1,16,1,4167,39,0,40,2,1,0
58,1,16,1,4995,38,1,40,2,1,0
44,1,21,1,2951,3,0,40,2,1,0
28,1,21,1,3277,33,1,40,2,1,0
27,1,17,5,4059,315,0,40,1,1,0
30,1,20,1,2357,37,1,11,2,1,0
31,1,19,5,5318,6,0,40,2,1,0
50,1,16,1,133,7,0,40,1,1,1
27,1,19,5,9364,4,13,40,1,1,0
32,1,16,1,9378,300,0,40,1,1,0
48,1,22,1,729,36,0,40,1,1,1
29,1,21,1,1338,7,0,40,1,1,0
54,1,16,1,5814,10,0,40,1,1,1
47,1,21,1,818,17,1,40,1,1,1
26,1,19,1,5630,37,1,40,2,1,0
29,2,21,1,2140,39,0,12,2,1,0
61,1,16,1,5231,23,1,40,1,1,1
51,1,20,3,312,23,13,40,1,1,1
47,1,22,3,1075,33,0,40,1,1,1
27,2,21,5,2511,43,2,40,2,1,0
26,1,7,5,3847,18,2,40,2,1,0
48,1,21,1,248,238,1,40,1,6,1
61,1,16,1,5541,39,1,40,2,1,0
56,1,19,1,5407,12,0,40,1,1,0
49,1,16,3,8177,39,0,40,1,1,1
38,1,16,1,5680,37,1,40,2,1,0
27,1,19,5,5873,41,0,40,1,1,0
61,1,16,3,132,17,0,40,1,1,1
29,2,21,1,2078,22,10,40,2,1,0
53,1,22,1,3043,235,1,40,2,6,1
25,1,16,1,4174,7,0,12,2,1,0
34,3,21,5,2573,14,0,50,1,1,1
76,1,19,1,6268,26,0,14,2,1,0
41,1,21,1,2980,6,0,50,1,6,1
44,1,17,1,7791,322,1,40,1,1,1
26,1,19,5,5397,40,0,34,2,1,0
20,1,11,5,4255,306,17,40,1,8,0
60,1,21,5,5441,38,0,33,2,1,0
33,1,21,1,921,39,1,40,1,1,0
32,1,17,5,4118,13,0,40,2,1,0
55,1,19,5,6997,4,0,40,1,1,1
37,1,19,3,5713,324,0,40,2,1,0
33,1,21,1,4410,24,1,40,1,1,0
28,1,21,1,5999,26,0,40,2,1,0
52,1,21,1,1096,30,0,50,1,1,1
30,1,21,5,5088,43,0,40,1,1,0
63,1,19,1,5248,26,0,40,1,1,1
49,1,19,1,119,22,1,40,1,1,1
29,1,20,1,5111,38,1,12,2,1,0
26,1,16,3,4074,53,0,40,1,1,0
26,1,19,3,5633,12,2,35,2,1,0
28,1,19,5,5925,19,0,40,2,1,0
47,3,21,1,2460,13,1,40,2,1,0
29,1,21,5,4925,6,0,40,1,1,0
34,1,21,1,1000,37,0,40,1,1,1
28,1,21,5,3238,20,0,40,2,1,1
46,1,19,3,3379,10,0,40,2,1,0
42,1,21,1,2398,30,0,40,2,1,1
46,1,22,1,10,25,0,50,1,1,1
43,1,22,3,3318,36,0,40,2,1,1
51,1,21,1,3379,27,1,40,2,1,0
53,1,16,5,6467,5,0,40,1,1,1
19,1,19,5,2216,4,2,9,1,6,0
22,1,16,5,4227,42,0,10,1,1,0
39,1,21,1,1557,19,0,40,1,1,1
46,1,21,1,1041,16,0,40,1,1,1
46,1,21,1,602,26,0,50,1,1,1
28,1,19,5,5447,13,2,40,1,1,0
62,1,16,3,492,26,0,40,1,1,1
50,1,21,1,2974,35,1,40,1,1,1
22,1,16,3,5273,4,0,40,2,1,0
28,1,16,5,9389,8,13,40,1,1,0
40,1,22,3,236,18,0,50,1,1,1
28,1,16,3,4237,31,0,40,2,1,0
58,1,20,3,85,28,0,40,1,1,1
41,1,21,1,770,18,1,40,1,1,1
42,1,21,3,331,35,0,40,1,1,1
43,1,19,1,5111,322,1,40,2,1,0
37,1,16,5,6734,6,0,40,1,1,0
21,1,16,5,4646,8,2,33,2,1,0
21,1,14,5,4117,49,2,12,1,1,0
60,1,20,1,5006,16,1,40,2,1,0
42,1,21,1,3522,8,1,40,2,1,1
50,1,21,1,313,39,1,50,1,1,1
50,1,16,1,7259,40,1,40,1,1,1
25,1,18,5,5793,39,2,40,1,1,0
51,1,20,5,573,22,0,40,2,1,1
65,1,19,1,5120,37,0,40,2,1,0
50,1,21,1,10,22,0,40,2,1,1
62,1,19,1,5466,36,1,40,2,1,1
31,1,21,1,4959,41,0,40,1,1,0
59,1,16,3,3454,2,0,31,2,1,0
24,1,17,3,4172,20,0,40,2,1,0
46,1,19,1,319,31,0,40,1,1,1
27,1,19,1,6220,12,1,40,2,1,0
42,1,21,1,4756,33,0,40,2,1,0
32,1,21,1,2447,29,0,40,2,1,0
38,1,19,1,6432,21,1,40,2,1,0
25,1,21,3,2002,5,0,40,2,1,0
55,1,16,1,4182,308,9,40,2,1,0
61,1,16,1,5416,21,0,40,2,1,0
45,1,20,1,7460,23,1,50,1,1,1
28,1,19,1,5922,50,0,40,2,1,0
57,1,16,1,469,26,1,40,1,1,1
26,1,18,5,5428,327,13,40,2,1,0
41,1,21,1,1530,232,0,40,1,6,1
43,1,21,1,733,35,1,50,1,1,1
35,1,21,1,2248,40,0,40,2,1,0
19,1,16,5,4636,13,2,5,1,1,0
19,1,14,5,4717,19,15,17,1,1,0
45,1,16,1,6233,4,1,40,1,1,0
34,1,21,5,1028,40,0,40,1,1,1
57,1,17,1,265,31,1,40,1,1,1
44,1,21,5,535,6,0,40,1,1,1
45,1,21,1,10,35,1,50,1,1,1
57,1,16,1,5745,34,0,40,1,1,0
40,1,19,5,4944,12,13,40,1,1,0
50,2,21,1,3150,22,0,50,1,1,1
47,1,19,1,6017,40,1,40,1,1,1
31,1,21,1,839,12,1,40,1,1,1
24,1,19,5,5986,8,2,40,1,1,0
18,1,14,5,9623,6,17,40,1,1,0
34,1,21,1,4494,26,0,6,2,1,0
38,1,19,1,7379,53,0,51,1,1,1
38,1,19,1,4963,16,0,40,1,1,0
35,3,22,1,2458,21,1,40,2,1,0
32,3,22,1,2423,11,1,40,2,1,0
49,1,19,1,5899,39,1,40,2,1,0
55,1,18,1,4142,28,1,7,2,1,0
62,1,16,1,5564,33,9,40,2,1,0
26,1,21,5,3833,5,13,40,2,1,0
30,1,21,1,2227,51,0,40,2,1,0
33,1,21,1,2359,214,1,40,2,6,0
49,1,16,3,7625,305,0,40,1,1,1
58,1,10,1,4182,314,1,40,2,1,0
60,1,22,1,391,25,1,40,2,1,1
40,2,21,1,2892,37,1,40,1,1,1
44,1,21,5,1041,11,0,40,1,1,1
55,1,19,1,5952,28,0,40,2,1,0
21,1,16,5,4104,45,2,8,2,1,0
40,1,19,1,5418,8,0,40,1,1,0
47,1,19,1,378,5,0,40,1,1,1
56,1,16,1,5480,38,0,35,2,1,0
62,1,19,1,2151,43,0,7,2,1,0
36,1,20,1,5072,32,1,36,2,1,0
41,1,16,1,9235,8,0,40,1,1,0
54,1,16,1,5450,14,0,40,2,1,0
35,1,19,1,6054,7,1,40,1,1,0
26,1,19,3,4885,17,0,40,2,1,0
40,1,21,1,2508,21,1,40,2,1,0
40,1,18,1,6144,10,0,40,1,1,0
45,1,10,5,6129,315,0,40,1,8,0
43,1,21,1,2439,38,1,40,2,1,0
40,1,16,1,6813,311,1,40,1,1,0
65,1,19,1,5461,39,0,40,2,1,0
