age,class_of_worker,education,marital_status,occupation,place_of_birth,relationship,hours_per_week,sex,race,income_above_50k
28,1,18,5,4700,37,13,50,2,1,0
56,5,18,3,4230,36,0,40,1,2,0
23,1,21,5,1430,36,0,40,1,1,1
33,1,21,1,4710,17,0,50,2,1,1
38,1,24,1,3250,34,0,40,2,1,1
56,6,23,4,5100,6,0,45,1,1,0
83,1,17,1,9610,26,1,16,1,9,0
22,1,22,5,9620,12,15,50,2,1,0
46,1,17,3,6442,6,0,40,1,1,0
56,2,16,5,4251,26,0,40,1,1,0
20,1,19,5,3930,25,17,16,2,2,0
49,6,16,1,2752,37,1,40,1,1,0
38,2,23,5,2040,25,17,50,1,1,0
53,6,16,1,4220,18,0,40,2,1,0
40,1,9,1,4220,314,0,40,1,1,0
54,1,21,3,1021,13,0,40,1,1,1
57,4,24,1,1010,247,0,99,1,6,1
59,1,16,1,8140,364,0,40,1,8,0
30,1,16,5,7700,6,0,48,1,1,1
61,2,21,1,2320,36,0,16,2,1,0
38,1,22,1,440,110,1,40,1,1,1
69,6,21,1,4251,6,0,30,1,1,0
53,5,21,3,440,18,0,40,2,1,0
62,2,21,3,3255,15,0,24,2,1,1
38,2,20,1,3160,36,1,37,2,1,0
22,1,19,5,4760,48,2,28,1,2,0
67,3,21,3,630,53,0,40,2,1,1
71,1,15,1,9130,17,0,40,1,1,0
60,1,21,1,2805,36,0,25,1,1,1
19,1,18,5,5240,25,17,10,2,1,0
26,6,19,5,1050,47,0,5,1,1,0
52,1,16,1,9620,23,0,41,1,1,1
24,1,16,5,4720,24,3,30,1,1,0
35,1,14,1,4020,48,1,40,1,1,0
63,1,21,1,710,45,0,36,2,1,1
26,1,18,1,8365,13,0,36,2,2,0
63,6,19,5,4920,21,0,20,2,8,0
43,1,19,1,1555,4,0,55,1,1,1
33,1,18,5,310,6,13,55,2,1,0
62,1,23,1,4760,138,0,44,1,1,0
70,1,21,1,140,13,0,60,1,1,1
27,6,16,1,4600,362,0,30,2,1,0
24,1,16,5,4600,29,13,40,2,1,0
30,1,21,1,3645,42,1,8,2,1,0
19,1,19,5,4110,6,17,40,1,1,0
18,1,14,5,9620,55,15,25,1,1,0
72,7,11,1,3602,333,1,40,1,2,0
37,1,21,5,4040,33,12,40,1,1,0
30,1,24,5,2830,36,0,40,2,1,0
26,1,20,5,7340,36,0,40,1,1,0
74,1,16,3,9130,17,13,25,1,1,0
73,1,1,1,4220,329,0,40,1,9,0
31,3,19,5,3802,27,0,40,1,1,1
69,1,21,1,440,42,0,60,1,1,1
71,1,21,1,9130,54,0,25,1,1,1
57,1,13,1,7700,48,0,40,1,1,1
18,1,16,5,3655,17,12,40,1,1,0
37,1,21,1,4600,39,1,15,2,1,0
26,1,16,5,4720,37,0,39,2,1,0
20,2,17,5,2350,229,0,14,1,6,0
23,1,16,5,6230,36,2,5,1,9,0
22,6,6,5,6220,22,10,40,1,2,0
58,7,21,1,800,53,0,50,1,1,1
60,6,19,3,4700,12,0,30,2,1,0
34,3,19,5,6305,36,2,45,1,1,0
53,1,18,1,1006,25,0,40,2,1,1
49,2,22,1,2040,48,0,42,2,1,1
55,3,21,1,2310,39,0,35,2,1,1
49,1,21,1,705,210,0,40,1,6,1
67,6,18,1,205,18,1,50,1,1,0
48,6,22,3,4655,25,0,50,2,1,1
22,1,15,5,4030,6,10,40,1,9,0
35,1,21,1,5820,17,1,40,2,1,1
28,1,20,1,8650,72,0,50,1,1,0
66,1,20,3,3500,9,0,24,2,1,1
24,1,19,5,9645,41,2,25,1,1,0
41,1,16,3,9130,6,2,40,1,1,0
64,1,21,1,1460,12,0,40,1,1,1
43,2,18,1,3645,55,1,70,2,1,0
32,1,21,5,4850,55,0,43,2,1,1
40,1,20,3,4510,209,12,40,2,6,0
30,1,16,5,7560,12,13,40,1,8,0
63,1,16,1,9640,210,0,30,1,6,0
35,1,19,1,4710,19,1,55,1,1,1
28,1,23,1,2100,17,0,60,1,1,1
29,1,19,5,650,37,13,44,1,1,1
49,2,19,1,4710,10,0,60,2,1,1
65,1,16,3,4850,53,0,40,1,1,0
35,1,16,5,9365,1,2,40,1,1,0
62,1,16,1,7000,42,0,38,1,1,0
45,1,16,1,8130,39,1,50,1,1,0
61,7,21,1,1010,36,1,40,1,1,1
50,1,16,1,6240,303,0,40,1,8,0
18,1,14,5,4760,13,2,20,2,1,0
40,6,21,5,2905,34,0,40,1,1,0
44,2,23,1,2016,42,0,24,2,1,0
29,1,19,1,160,13,1,40,1,1,1
34,1,19,1,4055,17,1,5,2,1,0
73,6,24,1,205,47,1,2,2,1,0
72,1,8,1,7700,48,1,32,1,1,0
43,1,19,1,2710,6,0,37,2,1,1
70,2,16,1,4230,51,1,12,2,2,0
31,5,19,1,9620,41,0,40,1,1,0
41,3,22,1,2310,39,0,40,1,1,0
52,1,23,1,4920,17,0,35,2,1,1
60,1,21,1,4850,36,1,55,1,1,1
27,1,21,1,860,6,1,45,1,1,1
28,3,19,1,2400,51,1,40,2,1,0
58,1,19,1,9600,29,0,40,1,1,0
40,1,19,5,110,26,0,46,1,1,1
35,1,17,5,8300,6,15,50,1,1,0
46,5,21,3,3870,4,0,45,1,1,1
31,1,19,1,7220,23,0,59,1,1,1
34,1,14,5,6040,26,13,40,1,1,0
17,1,13,5,4760,48,15,10,2,1,0
51,1,20,5,3255,246,0,24,2,1,1
52,4,19,1,4600,36,1,29,2,2,0
59,3,21,1,1610,6,0,40,2,1,1
66,2,19,1,9141,18,0,24,1,1,0
32,2,21,1,3255,210,1,12,2,6,0
24,1,19,5,2310,12,12,40,2,1,0
35,1,18,5,4850,36,13,50,1,1,0
58,6,12,1,9130,48,1,40,2,1,1
24,1,18,5,5810,36,0,48,2,1,0
35,6,21,1,205,31,0,70,1,1,0
24,1,19,5,9645,48,2,40,2,1,0
54,2,17,3,350,39,0,80,1,2,1
62,1,16,1,4055,42,1,32,2,1,0
51,3,22,1,2310,26,0,55,2,1,1
58,1,12,1,5740,29,1,40,2,1,0
23,1,19,5,705,34,2,32,2,1,0
52,1,15,4,4720,39,6,25,2,1,0
26,1,19,5,6660,56,12,38,1,1,0
42,1,19,1,1021,26,0,50,1,1,1
66,2,23,1,2040,36,1,50,1,1,1
25,1,19,5,2545,6,7,35,2,2,0
48,1,14,1,7200,29,0,45,1,1,1
29,1,16,5,310,48,2,40,1,2,1
33,1,21,1,4850,24,0,40,1,1,1
23,1,20,5,4030,53,2,40,2,1,0
38,3,22,1,2310,33,1,40,1,1,1
58,5,21,1,3945,213,1,23,2,1,0
55,1,16,1,630,6,1,40,2,1,1
17,1,14,5,4600,45,2,18,2,1,0
32,1,17,1,9030,48,1,40,1,8,0
61,1,16,1,9620,48,1,40,1,1,0
47,2,22,3,230,301,0,60,1,1,1
42,1,20,1,1545,19,0,40,2,1,1
34,1,16,1,9620,21,0,50,1,1,1
61,1,21,1,800,209,1,40,2,6,1
66,3,22,1,5320,19,1,24,2,1,1
52,2,21,3,3255,25,0,50,2,1,1
17,3,14,5,4435,8,2,20,1,1,0
47,1,16,1,6410,370,1,40,1,1,0
40,3,22,5,1530,373,4,50,1,1,0
38,1,16,1,5740,1,1,40,2,1,0
20,1,20,5,4760,34,12,50,2,1,0
49,5,23,4,710,34,0,40,2,1,1
45,1,23,1,910,139,0,70,1,6,1
54,1,19,1,5120,48,1,40,2,1,1
34,1,16,5,4720,4,0,30,2,3,0
59,1,21,1,8740,18,0,50,1,1,1
68,1,16,1,3500,31,1,36,2,1,0
64,4,16,1,3802,39,0,41,1,1,1
22,1,18,5,4720,207,2,60,2,6,0
31,1,17,5,4510,32,0,30,2,1,0
53,1,11,1,4251,303,5,52,1,8,0
55,2,19,5,350,48,0,40,2,2,0
61,1,16,1,6220,13,1,40,1,2,0
54,1,21,1,1545,373,0,40,2,1,1
19,3,16,5,4150,6,17,8,2,6,0
40,2,21,1,3255,27,0,40,2,1,1
49,6,15,1,5120,17,0,45,2,1,1
38,1,1,1,3602,314,1,40,2,1,0
52,1,19,1,910,31,0,60,2,1,1
72,5,21,1,4220,120,0,40,1,1,1
52,2,22,1,230,55,1,55,2,1,1
34,4,20,1,2006,53,1,40,1,1,0
40,1,21,1,4710,6,1,40,1,1,1
18,1,19,5,4110,37,2,30,2,1,0
49,2,18,1,5860,37,1,19,2,1,0
71,1,21,1,4700,134,1,48,1,1,1
33,1,24,1,2310,110,1,30,1,1,0
49,6,21,1,850,6,1,46,1,1,1
45,1,21,5,1108,36,2,40,1,8,0
59,4,20,1,4020,233,2,38,2,6,0
70,1,19,1,4760,40,1,35,1,1,1
43,1,16,3,7150,51,2,35,1,1,0
37,1,24,1,3050,48,1,40,2,6,0
40,3,20,5,3255,36,0,40,1,2,1
53,1,18,1,6230,18,1,30,1,1,0
40,1,16,1,7700,17,1,50,1,1,0
42,1,20,1,3515,39,1,40,2,1,1
35,1,21,1,5840,51,1,40,2,1,1
42,1,18,1,5730,48,1,40,2,1,0
54,1,19,2,2004,25,0,40,2,2,1
20,2,16,5,4435,36,2,10,1,1,0
27,1,20,1,3323,23,1,40,2,1,0
38,5,17,4,350,42,0,45,2,2,1
40,1,22,1,4760,34,1,40,2,1,0
74,6,19,2,205,6,0,70,2,1,0
64,3,16,1,6730,5,0,40,1,1,1
28,1,19,1,5140,25,2,40,1,1,0
45,3,19,1,3740,25,0,56,1,9,1
34,1,17,1,7100,39,1,40,1,1,0
25,1,12,5,205,303,12,72,1,1,0
57,3,16,1,4220,11,1,40,1,1,0
20,1,16,4,5240,303,0,40,2,8,0
24,1,14,1,4030,329,10,18,2,8,0
68,1,19,1,10,31,0,40,2,1,1
67,6,24,1,2006,42,1,4,2,1,0
62,1,19,1,5120,36,1,40,2,1,0
21,1,18,5,9645,9,17,8,2,1,0
49,1,21,1,1450,27,0,40,1,1,1
18,1,14,5,4130,47,2,10,1,1,0
40,6,20,1,310,247,0,60,1,6,0
55,2,23,1,650,36,1,45,1,1,1
57,1,14,1,4020,37,0,35,1,2,1
19,1,16,5,3424,44,2,36,2,1,0
37,1,18,1,4110,17,9,20,2,1,0
30,1,11,1,4020,362,1,40,1,2,0
25,1,19,5,4110,303,13,40,2,8,0
59,6,20,1,4820,301,1,50,1,2,0
61,1,21,1,10,29,0,45,1,1,1
65,4,20,1,750,36,0,29,2,1,0
72,1,16,5,5740,36,0,7,2,1,0
43,3,21,1,3740,36,1,36,1,1,1
24,1,19,5,5000,53,0,40,2,9,0
38,1,17,1,7700,23,1,48,1,1,1
59,1,16,4,6410,6,6,40,1,1,0
19,1,16,1,4720,27,0,35,2,1,0
62,6,22,1,2600,48,1,10,2,1,0
51,1,22,1,140,27,0,45,1,1,1
66,6,16,5,9130,23,0,60,1,1,1
65,1,21,3,440,23,0,50,1,1,1
56,1,19,3,9130,17,0,70,1,2,1
32,1,16,5,9600,28,2,30,1,1,0
64,7,23,1,3100,72,0,20,1,1,0
64,6,18,1,6230,39,0,35,1,1,0
17,1,15,5,9645,42,2,25,1,1,0
30,4,22,1,710,25,0,38,1,1,0
61,1,14,3,6260,36,0,40,1,1,0
31,1,22,4,5740,36,11,40,2,2,1
62,1,17,1,5000,42,0,40,2,1,0
22,1,19,1,5400,13,7,4,2,1,0
35,4,21,5,2011,48,2,50,2,1,0
22,1,21,5,3500,24,2,30,2,1,0
50,1,16,4,4210,36,13,40,1,1,0
72,1,21,1,8130,18,0,20,1,1,1
33,6,15,1,4230,48,1,15,2,1,0
50,4,17,1,4220,45,0,40,2,2,0
45,4,22,3,230,37,0,40,2,1,1
39,1,17,1,8990,55,0,40,1,1,0
19,1,18,5,4055,48,15,15,2,1,0
56,1,21,1,10,215,0,45,1,6,1
60,3,19,2,9121,45,0,20,2,1,0
37,1,22,1,440,222,0,45,1,6,1
63,1,16,1,1545,6,0,40,1,1,1
35,1,18,1,1021,6,0,40,1,1,1
22,1,19,5,6442,2,0,50,1,9,1
55,1,21,1,1021,246,1,44,2,6,1
39,1,21,1,2310,48,1,40,2,1,1
62,2,16,3,5400,1,0,40,2,1,0
19,1,15,5,4760,12,4,20,1,1,0
49,1,17,3,4251,55,0,40,1,1,0
38,3,19,1,420,51,1,28,2,2,0
57,2,22,1,2050,6,1,40,2,1,0
45,1,22,1,4850,39,1,50,1,1,1
18,1,19,5,4055,42,17,25,2,1,0
58,1,16,5,8720,19,0,40,1,1,0
53,1,16,5,6050,4,2,50,1,1,1
34,1,21,1,630,51,0,40,2,1,1
46,2,17,1,2300,110,1,25,2,1,0
72,6,16,2,4230,301,0,5,1,1,0
46,8,16,3,6260,6,2,40,1,1,0
33,1,16,5,6240,303,12,25,1,8,0
47,1,20,1,3322,36,0,40,1,1,1
49,1,16,3,51,42,0,40,2,1,0
48,5,16,1,9630,332,0,40,2,2,1
55,1,16,3,3602,16,0,40,2,1,0
26,1,19,5,6355,25,10,40,1,1,0
24,1,21,5,4840,17,2,40,1,1,0
24,1,17,5,4720,29,2,30,1,1,0
24,5,21,5,1970,12,12,50,1,1,0
63,2,16,1,5120,48,1,40,2,1,0
41,1,16,5,2634,26,2,40,2,2,0
56,1,19,3,530,6,2,50,2,1,1
26,1,21,5,800,36,4,40,1,2,0
64,4,23,1,2205,36,0,25,2,1,0
56,3,23,1,2310,13,0,18,2,2,1
35,1,21,3,700,364,0,38,2,1,1
62,3,16,1,7340,119,1,40,1,1,0
32,2,22,1,3258,45,1,40,2,1,1
48,4,19,5,1220,27,0,35,2,1,0
40,1,13,4,8320,37,0,40,2,1,0
63,1,18,3,3603,1,13,24,2,1,0
25,1,18,1,4110,154,1,80,1,1,0
54,2,20,1,4600,10,1,35,2,1,0
32,5,19,1,800,12,0,26,1,1,0
32,4,21,1,3870,6,0,40,1,2,0
23,1,18,5,4030,29,13,40,2,2,0
51,1,21,1,3255,17,1,40,2,1,1
53,1,16,1,6230,362,1,40,1,8,0
32,2,21,1,2310,29,1,45,2,1,0
39,1,19,5,5740,47,0,6,2,1,0
40,7,22,1,705,109,0,30,2,1,1
24,1,19,5,4110,48,2,40,2,1,0
36,5,19,3,1006,49,0,40,2,1,0
45,1,21,1,4850,48,1,45,1,1,1
35,1,17,5,6260,48,16,50,1,2,0
41,3,21,1,2310,31,1,45,1,1,0
37,4,21,5,1050,56,0,40,2,1,1
30,2,21,1,2320,26,1,8,2,1,0
38,3,21,3,2310,48,2,40,1,1,1
24,1,21,5,440,17,2,40,1,1,0
84,2,22,1,2040,42,0,46,1,2,1
46,3,16,1,3740,45,1,48,1,1,0
45,3,16,1,9620,17,1,40,1,1,0
26,2,21,5,2205,216,0,6,1,1,0
18,1,16,5,4720,42,17,32,2,2,0
36,1,21,5,5240,34,0,40,2,1,0
20,8,18,5,7750,48,2,10,1,1,0
26,1,21,1,710,303,1,45,2,1,0
40,7,17,1,220,314,1,60,1,8,1
60,1,18,3,4760,6,0,40,2,1,0
27,3,16,5,4220,51,2,40,1,1,0
56,1,16,1,3602,27,1,50,2,1,0
57,1,16,3,6442,36,0,40,1,1,1
60,1,16,1,5740,48,0,43,2,1,1
58,1,16,1,4760,212,1,43,2,1,0
35,4,16,1,4020,6,0,40,2,1,0
48,1,16,1,5110,21,2,40,2,1,0
19,1,16,5,9620,25,2,40,1,1,0
20,8,16,5,9610,6,2,10,1,1,0
31,1,19,1,4720,36,1,16,2,8,0
40,1,21,1,705,210,0,40,1,6,1
36,3,20,1,3402,53,1,50,1,1,1
18,1,14,5,4720,32,2,3,1,1,0
61,1,16,1,5610,6,1,45,1,1,1
32,4,16,5,2545,53,2,50,2,1,0
34,1,16,5,8250,42,13,40,1,1,0
19,1,19,5,4760,34,17,24,1,1,0
70,2,9,4,9620,333,0,40,1,2,0
45,1,16,5,8140,37,12,63,1,2,0
27,3,22,5,2310,12,2,40,2,1,0
20,1,16,5,7315,22,2,35,1,2,0
60,3,18,1,630,18,0,40,2,1,1
30,1,16,5,4140,22,2,20,1,2,0
44,1,20,1,4930,42,0,52,1,1,1
35,2,19,1,7340,6,0,32,1,1,0
54,3,20,1,3870,6,1,50,1,2,1
31,1,21,1,51,12,1,25,2,1,0
58,1,20,5,5710,25,0,40,2,1,1
60,1,21,1,800,17,0,60,1,1,1
18,1,14,5,4720,42,2,17,2,1,0
55,3,16,1,4020,39,1,30,2,1,0
58,1,22,1,1005,34,0,40,2,1,1
51,2,21,5,800,48,0,40,2,1,0
53,1,21,1,800,51,0,40,2,1,0
38,5,17,1,9830,6,1,40,1,1,1
58,1,21,1,1541,35,1,45,2,1,1
20,4,19,5,6260,26,17,25,1,1,0
61,1,16,1,9620,17,1,50,1,1,0
65,4,20,5,4220,37,17,40,1,2,0
39,1,22,1,1007,36,0,60,1,1,1
41,1,11,3,4220,303,0,37,2,8,0
31,3,20,5,2002,6,0,45,2,1,0
73,1,21,3,4700,4,0,30,2,1,1
20,1,16,5,4220,26,2,40,1,1,0
19,1,16,5,4220,45,7,35,1,2,0
32,1,20,4,4110,48,2,30,2,1,0
23,1,21,5,1460,39,2,40,1,1,0
20,1,16,5,9640,329,2,30,2,1,0
62,1,18,1,5110,55,0,43,1,1,0
31,1,19,5,4600,36,0,60,2,8,1
49,1,16,1,4220,39,0,40,2,1,0
74,2,15,2,2016,36,0,30,2,1,0
45,7,16,1,4760,36,2,60,2,1,1
52,1,24,1,3000,9,0,45,1,1,1
22,1,16,5,5400,6,17,12,1,1,0
56,1,15,2,4251,48,11,40,2,1,0
68,7,21,1,4700,51,0,40,1,1,1
31,1,17,5,4700,36,13,55,1,1,0
34,1,22,1,1460,26,1,40,1,1,1
57,1,24,1,4640,6,0,60,2,1,0
61,1,21,1,136,55,0,50,2,1,0
38,6,19,1,2060,53,1,25,2,1,0
44,1,19,5,4010,29,16,40,1,2,1
23,6,19,5,5400,36,2,15,2,1,0
21,1,18,5,4020,48,0,40,2,2,0
49,1,16,1,9640,6,1,40,2,1,0
39,4,24,1,2205,210,1,40,2,6,1
47,1,18,1,20,51,0,50,1,1,1
49,4,16,1,5000,72,0,40,1,8,0
65,1,21,1,3300,6,1,40,2,1,1
63,1,16,1,7200,33,0,42,1,1,0
30,1,20,5,2320,48,13,32,2,1,0
61,4,23,1,2310,18,0,40,2,1,0
36,1,17,5,9142,36,7,50,1,2,1
27,4,22,5,3245,48,0,70,2,8,0
51,1,20,1,52,36,0,45,2,1,1
47,1,21,1,5240,233,1,45,2,6,1
34,2,18,5,4540,51,10,15,2,1,0
17,1,13,5,4760,25,2,20,1,1,0
30,1,16,1,3930,48,0,40,2,2,0
66,1,9,1,7855,22,1,14,1,2,0
26,1,22,5,3230,6,2,40,2,1,1
35,1,21,1,5100,72,0,40,1,1,0
20,1,18,5,4140,407,2,25,1,2,0
48,1,17,1,4710,217,1,30,1,6,0
57,1,15,3,7315,18,0,50,1,1,0
49,1,19,2,8740,29,0,40,2,1,0
47,1,19,1,4760,36,1,54,1,1,0
34,1,16,5,6050,55,0,40,2,1,1
31,2,22,1,2310,8,0,40,2,1,0
20,1,16,5,3602,6,2,36,1,1,0
61,2,19,1,6400,48,0,2,1,1,0
30,4,21,1,3710,33,1,50,1,1,1
62,7,16,1,6442,42,0,40,1,1,0
27,3,23,1,2100,34,1,50,2,1,0
54,1,21,3,5240,36,0,40,1,1,0
64,4,21,1,4760,36,0,23,2,1,1
30,1,19,1,4700,24,1,50,1,1,0
24,1,21,5,850,31,11,40,1,1,1
75,2,23,1,3090,17,0,25,1,1,1
36,6,16,1,4510,18,1,16,2,1,0
37,2,20,5,3321,41,0,24,1,1,0
58,1,16,1,8990,42,0,40,1,1,0
51,6,20,1,4600,229,1,50,2,6,0
26,1,21,1,5120,20,1,40,2,1,0
25,7,16,5,6515,9,11,45,1,1,1
59,3,21,3,2310,139,0,50,1,1,0
40,1,21,1,600,26,0,40,1,1,1
65,1,21,1,1520,20,0,45,1,1,1
28,3,19,1,9121,51,0,20,2,1,0
50,1,22,1,705,15,1,45,2,1,1
28,4,22,5,3255,6,2,40,2,8,1
32,1,19,1,8140,40,0,60,1,9,1
48,1,16,5,5110,55,0,40,2,1,0
61,2,19,1,120,35,1,40,1,1,1
30,1,20,5,6260,36,0,60,1,1,0
64,2,21,1,3300,233,1,40,2,6,1
28,3,16,5,6260,6,0,40,1,3,0
65,1,19,5,5120,37,0,45,2,1,1
46,1,19,1,5000,36,0,40,2,2,1
49,3,22,1,2310,17,1,40,2,1,1
34,1,22,1,800,19,1,40,2,1,1
58,6,19,1,4350,34,1,8,2,1,0
62,3,19,1,2545,12,0,35,2,1,1
31,2,21,1,1610,17,1,40,2,1,0
21,1,21,5,4040,207,0,8,2,6,0
23,1,15,1,8990,29,1,48,1,1,0
43,3,16,1,4220,327,0,40,2,1,0
58,3,21,5,2014,233,0,40,1,6,1
47,1,16,1,6050,303,0,40,1,8,0
39,3,19,1,4030,26,1,40,2,1,0
49,5,22,3,4760,53,0,40,1,1,0
28,1,16,5,3603,26,0,40,2,2,0
22,1,19,5,3500,36,2,32,2,1,0
59,1,20,3,3500,35,0,40,2,1,0
34,1,21,1,2825,6,0,40,1,1,1
32,3,21,5,3802,26,0,40,1,2,0
20,1,19,5,4030,25,2,16,1,6,0
55,1,16,3,8990,17,0,45,1,1,0
58,1,16,5,9620,42,0,45,1,1,0
25,1,16,5,4020,26,0,40,2,1,0
25,1,21,5,2640,48,12,40,2,1,1
45,5,21,1,3255,233,1,40,2,6,1
22,1,22,5,4760,301,2,35,2,1,0
57,1,16,1,9645,421,0,40,2,2,0
60,3,21,3,2310,25,0,22,2,1,1
52,6,20,1,6660,48,0,30,2,1,0
40,1,18,1,4710,17,1,40,1,1,0
59,2,21,1,2310,370,1,20,2,1,0
28,1,18,5,6230,16,16,55,1,1,0
43,7,18,1,220,39,1,40,1,1,1
40,6,21,1,4621,139,1,6,2,1,0
45,1,16,3,4220,18,0,40,1,2,0
57,1,16,1,7700,51,1,45,2,1,0
34,2,21,1,910,39,0,40,2,1,1
25,6,21,5,2360,328,2,40,2,2,0
52,5,21,1,3945,8,0,40,1,1,1
33,1,19,5,3300,49,0,40,1,1,0
30,1,21,1,2014,6,0,40,1,6,1
22,1,20,5,5240,47,2,20,2,2,0
35,5,22,1,1220,32,9,40,1,1,1
23,1,16,5,4110,6,10,24,1,9,0
41,1,19,1,4220,15,0,40,2,9,0
41,1,22,1,3255,233,0,40,2,6,1
54,1,19,1,10,17,0,60,1,1,1
24,1,21,5,5240,6,12,40,2,1,1
55,1,19,1,5330,55,1,40,2,9,0
22,1,16,5,9620,27,2,55,1,1,0
36,1,19,1,4850,39,0,54,1,1,1
46,1,16,1,4400,17,1,40,2,1,0
61,1,16,1,8990,18,0,60,1,2,1
65,3,21,1,230,39,1,40,2,1,0
34,1,19,4,4600,5,0,40,2,1,0
37,1,16,1,4850,40,1,45,1,1,1
40,7,22,1,710,47,1,50,1,1,1
41,1,16,1,4760,9,1,40,1,1,0
29,4,21,1,2310,37,1,40,2,1,0
29,1,21,1,5240,13,0,45,1,1,1
45,1,19,3,2205,6,0,43,2,1,0
57,6,21,1,5600,36,0,25,2,1,0
54,6,16,4,4230,303,0,40,2,8,0
21,1,16,5,4040,36,2,40,1,2,0
42,6,16,1,6355,303,0,40,1,8,1
65,5,20,1,9410,26,1,40,1,1,1
54,1,16,4,7210,34,0,40,1,2,1
31,1,21,5,4760,25,0,40,1,1,1
29,1,18,5,5240,29,12,40,1,1,0
54,1,19,1,440,6,0,40,2,1,1
76,2,22,5,2205,36,0,4,1,1,0
23,4,21,5,5400,6,0,15,1,1,0
35,1,16,5,9645,303,5,40,1,8,0
36,1,16,1,5740,42,0,40,2,1,0
28,4,21,5,2545,17,12,50,2,1,0
57,3,22,5,2310,17,0,40,1,2,0
29,1,21,5,1021,17,0,50,2,1,1
59,1,16,5,5000,24,0,40,2,2,0
62,4,24,1,3910,1,1,40,2,2,1
32,1,21,3,120,72,0,40,2,1,1
34,1,9,5,6260,312,0,45,1,8,0
22,8,16,5,2545,303,10,24,2,8,0
47,3,16,2,4600,24,0,40,2,1,0
20,1,15,5,4020,6,2,20,1,1,0
36,1,14,1,6800,13,1,40,1,1,1
45,2,19,5,4220,27,0,30,1,1,0
28,1,16,3,9610,48,2,50,1,1,0
42,7,22,1,4700,210,0,40,1,6,1
35,1,21,5,800,209,0,40,2,6,1
23,5,18,5,9830,41,17,80,2,5,0
60,1,16,1,4230,48,0,8,2,1,0
55,3,16,1,4700,47,1,40,1,1,1
47,1,21,1,4840,36,0,40,2,1,0
26,6,22,5,6240,39,2,60,1,1,0
60,5,16,1,3930,35,0,60,1,1,1
54,1,21,1,101,210,1,45,2,6,1
36,1,23,1,2861,6,0,20,1,1,0
40,1,19,1,9620,26,1,45,1,1,1
28,1,21,1,705,36,1,20,2,1,0
40,1,16,1,8740,51,1,12,2,1,0
59,4,16,3,4220,19,12,40,1,1,0
32,1,16,4,4510,47,2,25,2,2,0
18,1,19,5,4640,6,17,12,2,1,0
20,1,19,5,5400,12,5,40,2,1,0
26,1,22,1,3150,36,0,40,2,1,1
46,6,16,1,20,217,1,40,2,9,0
27,2,20,5,5120,40,2,40,2,1,0
24,1,16,5,4700,17,2,60,1,1,0
20,1,19,5,4055,100,2,30,1,1,0
53,1,19,1,710,6,1,45,2,6,1
67,1,19,3,220,212,0,50,1,1,0
50,4,21,1,3602,6,1,77,2,1,0
50,2,16,2,5740,36,0,40,2,1,1
21,1,19,5,9620,25,2,24,1,1,0
49,1,19,5,20,17,0,60,1,8,1
50,1,23,1,3090,42,1,40,1,1,1
55,1,20,1,3323,42,1,40,2,1,1
56,3,20,3,3255,36,0,60,1,1,1
36,1,9,5,9640,303,0,40,2,1,0
25,3,22,1,2310,6,2,15,2,1,0
45,1,16,3,120,13,0,42,2,1,0
19,1,17,5,9620,48,2,50,1,1,0
40,2,20,1,2545,55,0,10,2,1,0
62,6,19,3,4200,42,0,45,1,1,0
18,1,14,5,4030,23,2,12,2,1,0
62,1,19,3,3255,29,0,50,2,1,1
31,1,18,1,4251,4,1,40,1,1,0
44,1,20,1,3255,48,1,70,2,1,1
76,2,16,5,4040,26,0,22,1,1,0
20,4,19,5,5522,53,17,25,1,1,0
18,1,14,5,5400,29,2,32,2,1,0
32,1,19,1,4240,6,9,45,1,1,0
34,2,21,5,2205,26,0,50,1,1,1
22,1,21,5,2205,210,12,20,1,6,0
22,1,18,5,4720,31,13,32,1,1,0
39,1,21,1,440,37,1,50,1,1,1
41,1,21,1,9130,26,0,6,2,1,0
43,1,1,1,8990,29,1,40,1,1,0
22,1,21,5,8740,42,2,40,1,1,0
42,1,18,3,5240,40,0,40,1,1,0
57,6,21,1,2545,6,1,15,2,1,0
59,1,20,3,8740,45,0,40,2,1,0
45,1,21,5,1108,210,0,50,1,6,1
21,1,16,5,4720,39,2,30,2,1,0
49,7,24,1,8740,24,0,40,1,1,0
20,1,16,5,4760,217,3,30,2,6,0
32,1,19,1,20,132,1,40,2,1,1
48,1,21,5,4700,19,0,50,1,1,1
57,1,18,1,8740,27,1,40,1,1,0
58,1,19,3,5740,47,13,20,2,1,1
19,1,16,5,4600,36,17,15,2,1,0
51,3,21,1,4010,36,1,25,2,1,0
19,2,19,5,5400,47,17,12,2,1,0
20,1,18,5,4110,39,2,6,2,1,0
48,1,17,1,4850,6,0,40,2,1,0
17,1,14,5,4720,51,2,20,2,2,0
19,4,19,5,1050,36,17,20,2,6,0
36,2,21,1,3255,27,0,36,1,1,1
63,1,16,3,9720,26,0,40,1,1,1
55,2,19,3,800,25,0,45,2,1,1
70,6,23,1,2100,40,0,36,1,1,1
50,1,21,1,140,210,0,40,1,6,1
67,1,20,3,9130,19,0,3,1,1,1
19,1,17,5,4020,4,7,40,1,1,0
33,1,21,1,2014,9,0,50,1,1,0
46,1,23,1,4700,29,1,40,2,1,1
33,1,20,5,3520,20,2,30,1,1,0
68,1,16,1,4720,209,1,27,2,6,0
23,4,21,1,2205,6,0,56,1,8,0
68,1,18,3,630,39,0,40,2,1,0
46,1,19,5,440,6,0,40,2,1,0
26,5,19,5,9830,6,2,40,1,1,0
33,1,20,1,4000,240,10,52,2,6,0
32,3,22,1,2310,21,1,40,2,1,0
60,1,14,1,6200,303,1,50,1,1,1
56,1,18,1,8950,233,15,30,2,6,0
70,1,19,3,9130,20,0,40,1,1,0
30,2,18,5,3603,303,13,24,1,3,0
59,7,21,1,4920,34,1,40,1,1,1
59,1,18,1,4760,36,1,40,1,1,0
54,1,19,5,9610,36,0,40,1,1,0
60,1,18,1,9510,26,1,48,2,1,1
44,1,18,1,5120,17,0,20,2,1,0
41,1,21,5,2840,26,0,20,2,2,0
25,1,22,5,800,207,12,45,2,6,1
23,1,16,5,5410,48,2,25,1,1,0
24,1,17,5,8140,22,2,60,1,2,0
25,6,21,5,3630,36,13,25,2,1,0
49,5,22,1,1360,51,0,40,2,1,1
18,6,16,5,2360,34,17,17,2,1,0
65,6,20,5,205,18,12,99,2,1,0
32,1,17,1,7750,39,1,40,2,1,0
32,2,23,5,350,40,0,40,1,6,1
31,1,21,1,705,362,1,40,2,1,0
24,1,21,5,1006,11,0,60,1,1,1
48,1,16,5,5510,5,5,60,1,1,0
29,1,21,5,2600,303,13,30,1,1,1
45,7,21,1,4710,362,0,40,1,1,1
45,1,17,1,6400,47,0,40,1,1,0
64,2,22,3,3255,17,0,40,2,1,1
56,1,19,1,5240,48,1,55,1,1,1
69,7,17,5,3030,47,5,1,2,1,0
58,1,21,5,8740,34,0,40,1,1,0
26,1,16,5,7150,34,2,40,1,1,0
45,1,21,1,1050,42,0,40,1,1,1
20,1,19,5,1108,42,4,32,2,2,0
23,1,12,5,8740,312,10,40,2,1,0
33,1,20,1,3310,22,1,32,2,1,1
33,1,23,1,2100,11,1,60,1,1,1
60,1,19,1,5000,327,0,50,1,1,0
47,1,21,1,1108,207,1,40,1,6,1
64,4,22,1,2360,51,1,40,2,1,1
52,1,20,3,3930,26,0,40,2,5,0
55,2,23,1,2310,370,1,50,2,1,1
35,1,18,5,410,6,0,40,2,1,0
27,1,16,1,8990,19,0,42,1,1,0
35,7,16,5,4700,6,0,40,1,1,1
42,1,20,3,800,48,0,60,2,1,0
21,1,16,5,2634,360,2,35,2,1,0
30,1,20,1,5740,39,1,40,2,1,0
58,7,21,1,4850,17,1,40,1,1,1
30,1,21,1,565,303,0,50,1,1,1
23,1,19,5,4760,29,2,30,1,1,0
25,7,19,5,9142,362,2,30,1,1,0
44,2,21,1,5860,6,1,35,2,1,0
47,1,23,1,3090,210,0,40,1,6,1
61,6,22,3,9130,212,0,40,1,1,0
44,1,20,1,1551,36,0,45,1,1,1
54,1,17,1,9130,39,1,60,2,1,1
41,3,21,1,2310,18,1,24,2,1,0
57,5,22,1,440,45,1,40,2,2,1
45,1,19,1,7340,42,0,40,1,1,0
46,1,16,1,8450,36,0,40,1,1,0
17,2,14,5,4220,18,2,4,2,1,0
27,1,16,5,8140,41,16,40,1,1,0
73,4,16,2,9121,45,0,30,2,1,0
60,3,17,1,4220,55,1,40,1,1,0
62,1,17,1,6410,233,6,40,1,6,0
54,2,21,1,2320,8,0,60,1,1,1
21,1,19,5,5240,50,17,10,2,9,0
66,1,22,2,5860,26,0,4,2,2,0
56,2,20,3,2861,19,0,49,2,1,0
27,1,19,5,4110,33,0,28,2,1,0
67,1,20,1,7200,158,1,30,1,1,1
19,1,19,5,4030,39,17,14,2,1,0
38,1,20,3,6355,23,0,40,1,9,1
64,2,19,1,2545,48,1,40,2,2,0
69,1,5,1,7810,313,0,40,1,1,0
67,7,18,1,2700,21,0,40,1,1,1
43,1,21,1,300,12,0,40,1,1,1
33,1,1,5,9610,312,4,30,1,8,0
40,1,21,5,51,48,0,40,2,6,1
29,1,20,1,8465,48,1,40,2,1,0
54,7,22,1,3245,55,1,40,2,1,1
45,3,21,1,2014,27,0,37,2,1,1
58,1,16,1,5120,37,0,40,2,1,1
18,1,16,5,205,17,2,30,1,1,0
20,1,20,5,8250,303,4,20,2,1,0
27,1,18,1,1106,37,0,40,1,1,1
41,1,16,2,4220,303,0,45,2,1,0
61,1,18,1,10,6,0,55,1,1,1
42,1,18,5,4760,55,13,50,1,1,1
47,1,19,3,4760,24,0,40,2,1,0
35,2,20,5,3255,24,0,40,2,2,0
29,1,21,5,3330,22,13,40,2,6,1
52,1,16,1,9130,39,1,55,1,1,0
64,2,12,5,3602,29,5,35,2,1,0
64,1,23,1,9410,210,0,40,1,6,1
54,1,19,1,7420,17,0,50,1,1,1
23,1,16,5,4720,16,17,28,2,1,0
19,7,18,5,4110,29,12,38,2,1,0
38,2,15,5,5400,34,2,20,2,1,0
55,7,21,1,440,22,1,50,1,1,0
53,1,22,1,800,303,0,40,1,1,1
56,3,22,3,2310,39,0,60,2,1,1
62,5,17,3,3945,39,0,40,2,1,1
50,7,22,1,335,12,1,50,2,1,1
25,1,20,5,7130,12,13,40,1,1,0
19,1,18,5,4720,42,17,27,2,1,0
35,1,20,1,5610,48,9,40,1,1,0
50,4,22,3,2205,17,0,37,2,2,1
29,1,16,5,2360,27,0,40,2,1,0
68,1,18,3,7340,42,13,40,1,1,1
71,3,22,1,2310,27,1,16,2,1,0
62,1,22,3,3255,12,0,40,2,2,1
49,3,19,1,3710,6,1,60,2,1,1
43,1,21,1,3255,26,1,40,2,1,1
52,1,16,1,6410,19,1,40,1,1,0
47,4,22,1,2310,36,0,40,2,1,1
25,1,19,5,5740,22,0,40,1,1,0
25,1,20,5,2320,13,12,29,1,2,0
30,1,21,1,5940,51,1,40,2,1,0
19,1,18,5,3960,42,17,20,2,1,0
52,1,11,1,9620,303,0,48,1,3,1
53,1,20,1,3255,17,0,36,1,1,1
30,1,21,5,4720,37,2,22,2,1,0
28,1,19,5,4350,9,13,40,2,1,0
20,1,20,1,7800,12,2,40,2,1,0
53,3,19,1,800,42,1,40,2,1,0
65,1,22,1,2360,34,1,16,2,1,0
29,4,23,5,1800,15,0,40,1,6,1
49,6,20,3,3430,8,12,30,2,1,0
29,3,21,5,230,6,4,40,1,1,0
59,1,21,1,1530,6,0,40,1,1,1
56,1,16,1,6050,6,0,20,1,1,0
67,7,20,1,4810,46,0,20,1,1,0
46,1,21,4,5240,39,0,40,2,1,0
65,5,21,1,3255,24,1,40,2,1,1
60,1,18,5,4920,36,0,60,2,1,1
24,1,20,5,3620,17,0,40,2,1,0
63,1,16,5,6260,303,12,40,1,8,0
40,1,12,1,9600,303,0,40,1,8,0
22,1,16,5,9130,6,2,20,2,2,0
30,1,16,5,4251,303,17,45,1,1,0
58,6,22,1,2004,360,1,50,2,1,0
24,1,22,5,4710,42,13,40,2,1,1
30,1,16,1,5000,303,0,40,1,1,1
18,1,19,5,5860,27,17,50,2,1,0
22,1,16,5,4110,39,13,40,2,1,0
19,1,16,5,9130,47,2,47,1,1,0
41,1,22,5,710,36,0,45,1,2,1
94,2,22,5,2040,31,17,48,2,1,1
45,1,21,1,3255,233,0,32,2,6,1
55,6,19,3,2360,6,0,30,2,6,0
49,1,21,3,705,12,0,50,2,1,1
36,1,20,1,5110,72,0,40,2,2,0
18,1,16,5,2545,13,17,10,2,1,0
60,1,12,1,6200,303,0,40,1,1,1
34,1,21,5,1021,48,12,40,1,1,0
51,1,16,3,3602,207,0,40,2,6,0
38,4,16,5,6530,51,13,40,1,2,0
87,1,16,1,220,15,0,40,1,6,1
57,6,16,1,4220,12,1,50,1,2,1
29,1,18,5,7840,55,0,40,2,1,0
38,1,16,5,6050,36,13,50,1,1,0
52,3,21,3,5740,210,0,40,2,6,1
36,1,19,5,6355,6,0,50,1,1,1
26,1,21,5,4700,48,0,50,2,1,1
36,2,24,1,3090,26,1,40,1,1,0
56,2,21,3,3255,25,0,40,2,1,1
31,7,16,1,6260,17,2,40,1,1,0
58,4,16,3,9620,26,0,40,2,1,0
44,1,20,1,120,110,1,50,2,1,1
56,6,19,2,6230,18,0,40,1,1,0
64,6,20,1,205,26,0,40,1,1,0
32,2,22,1,2310,47,1,40,2,1,0
53,3,22,1,5740,22,1,40,2,2,0
51,3,22,5,2310,6,0,40,2,1,1
45,4,16,4,1970,25,0,48,1,1,0
48,1,22,1,110,24,1,40,1,1,1
44,1,21,1,4760,303,1,12,2,6,0
48,2,15,5,4220,36,0,40,1,1,0
30,1,19,1,5600,110,0,40,1,1,0
71,4,18,2,4020,42,0,20,2,1,0
67,3,19,1,4020,31,1,40,2,1,0
53,6,16,3,3601,48,0,45,2,1,0
58,6,14,3,440,37,0,55,2,1,1
52,2,20,1,3324,36,1,45,1,1,1
35,1,17,5,9645,29,13,45,1,1,0
48,1,20,1,5740,12,0,40,2,1,0
53,1,16,1,220,303,0,40,1,1,1
34,2,22,1,750,34,0,50,2,1,1
56,1,16,1,4220,329,0,30,2,1,0
34,1,20,5,2640,4,0,40,2,1,1
41,2,21,1,5360,34,2,40,2,1,1
30,3,21,1,2310,34,0,40,1,1,1
56,1,18,3,4220,36,0,30,2,2,0
62,1,21,3,2910,42,0,50,1,1,0
61,3,12,1,4220,303,1,40,1,1,0
44,1,21,1,5740,48,1,25,2,1,1
22,4,20,5,5260,48,2,18,2,1,0
57,1,20,1,6660,72,0,40,1,1,0
43,2,22,1,2060,17,0,40,1,1,1
56,6,16,1,4510,19,1,32,2,1,0
23,3,21,5,2310,6,2,18,2,1,0
23,4,20,5,2634,37,0,20,2,1,0
35,5,22,1,110,6,1,40,1,1,1
38,1,22,1,960,25,0,50,1,1,1
28,3,21,5,5810,25,2,40,1,1,0
43,1,21,1,1530,12,0,40,2,1,1
49,6,18,1,4230,31,1,30,2,1,0
41,6,18,1,7700,36,0,40,1,1,0
33,4,21,3,1410,49,11,40,1,1,1
42,1,21,1,7750,233,1,40,2,6,0
47,1,14,1,3430,33,1,40,2,1,0
40,1,22,5,4530,13,0,40,2,2,0
18,1,16,5,4600,12,2,25,2,1,0
35,1,17,5,4220,40,0,15,1,1,0
86,1,15,2,3602,37,0,21,2,2,0
21,1,10,5,5610,39,12,40,1,1,0
61,6,19,1,2752,36,0,12,1,1,0
36,1,12,1,7800,12,0,30,2,1,0
34,1,21,1,1006,210,0,40,1,6,1
62,1,15,3,4220,17,13,10,1,1,0
30,1,18,5,6260,47,12,38,1,1,0
24,1,21,5,3255,16,0,40,2,1,0
50,1,21,1,120,36,1,45,1,1,1
47,4,17,3,4251,26,16,15,1,1,0
68,1,16,1,9130,18,0,24,1,1,0
28,1,21,5,1021,6,13,40,1,7,0
39,1,20,4,3930,467,0,30,1,2,0
45,1,21,1,205,5,0,50,1,1,0
54,4,24,1,2205,165,1,40,1,1,1
49,1,20,1,4710,18,1,45,1,1,1
66,1,21,1,4760,18,1,40,1,1,1
53,1,21,3,1108,207,13,50,1,6,1
19,1,19,5,4760,18,2,8,2,1,0
79,7,18,1,3601,39,1,2,2,1,0
51,1,22,3,10,18,0,45,1,1,1
55,1,16,5,8130,25,2,40,1,1,1
26,1,20,5,4810,36,13,40,2,8,0
23,1,21,5,1050,37,2,40,1,1,0
28,3,21,5,2310,36,2,35,2,2,0
31,1,16,5,310,36,13,50,2,1,0
21,1,18,5,5300,28,10,25,2,2,0
27,1,17,1,3603,203,0,40,1,6,0
34,1,21,5,910,54,0,40,1,1,1
18,1,16,5,4020,36,16,49,1,1,0
30,1,19,5,9142,416,0,60,2,2,0
62,1,20,1,4720,55,0,24,2,1,0
19,1,16,5,7800,10,2,40,2,1,0
24,1,21,5,1021,515,0,40,1,6,1
54,2,19,1,3605,6,1,32,2,2,0
31,2,21,5,710,240,0,45,1,6,1
28,1,13,4,310,312,0,21,2,1,0
44,1,17,5,6005,4,0,45,2,1,1
19,1,18,5,3430,20,17,30,2,1,0
55,1,22,1,1460,55,0,40,1,1,1
40,1,20,1,3640,48,1,35,2,1,0
48,2,20,1,4150,19,1,20,2,1,0
42,1,21,1,120,36,0,60,1,1,1
17,1,14,5,4720,53,2,20,2,1,0
53,1,20,1,3255,233,0,36,2,6,1
24,1,21,5,1360,41,13,45,1,1,1
51,1,20,3,310,48,0,43,2,9,0
47,1,20,5,9130,40,0,60,2,1,1
35,1,18,5,6050,53,0,30,1,9,0
40,5,18,5,440,36,0,40,2,2,1
19,3,19,5,4435,31,2,20,2,1,0
35,1,19,5,5510,34,16,45,1,9,0
46,3,22,3,3710,33,0,40,1,1,1
59,1,16,1,9130,39,0,48,1,1,0
41,8,21,1,4700,329,0,20,2,8,0
51,1,16,1,4710,31,1,40,1,1,0
21,1,16,5,4600,20,2,15,2,1,0
38,6,21,1,4760,202,1,18,2,6,0
25,7,20,1,410,6,0,80,1,1,1
64,1,12,1,9130,48,0,42,1,2,1
38,2,19,1,420,6,0,40,2,1,1
23,2,19,5,2300,13,7,38,2,1,0
20,1,14,5,4110,20,7,25,2,1,0
25,1,21,1,2310,26,9,40,1,1,0
48,1,16,3,8990,368,2,40,1,2,0
26,1,21,5,630,39,0,40,2,1,1
59,1,16,3,6355,17,0,84,1,1,1
37,5,16,5,9830,9,0,45,1,1,1
50,1,21,1,1010,19,0,45,1,1,1
41,4,24,1,2205,120,1,40,1,1,1
39,1,22,1,230,44,1,40,2,1,1
28,1,6,5,7800,312,15,40,1,8,0
53,7,18,3,4510,18,0,2,2,1,0
46,2,19,1,2016,303,0,40,2,1,0
29,1,21,5,3602,34,2,20,2,9,0
30,1,11,1,150,17,0,49,1,1,1
55,1,16,1,4220,17,1,35,2,2,0
23,1,16,5,5240,4,0,40,2,2,0
28,3,21,5,3870,36,2,40,1,6,0
64,1,21,1,565,9,0,60,1,1,1
50,7,16,1,9130,34,1,40,1,1,1
67,1,23,1,1530,22,0,40,1,1,1
35,1,19,1,220,55,0,40,1,1,1
61,2,11,1,7720,303,10,40,1,8,0
56,5,22,1,9830,48,0,40,1,1,1
55,7,21,1,8300,365,1,50,2,1,0
57,1,16,3,630,29,13,40,2,1,0
37,1,23,1,2100,23,0,50,1,1,1
41,1,16,5,1551,26,0,40,2,1,0
76,6,16,1,7720,209,0,40,2,6,1
21,3,19,5,4420,72,17,20,1,2,0
34,1,21,1,4700,12,1,65,1,1,1
55,7,21,3,710,36,0,40,1,1,1
32,1,1,1,7340,303,1,35,1,8,0
55,1,17,1,540,19,0,55,2,1,0
59,7,16,1,205,55,0,70,1,1,0
32,1,19,1,6720,6,1,40,1,8,1
28,1,17,1,4720,17,1,20,2,1,0
44,1,18,3,5240,13,0,37,2,2,1
57,1,21,1,1430,31,0,55,1,1,1
38,1,1,5,6442,48,17,40,1,1,0
44,1,21,1,1006,48,1,50,2,1,1
57,1,19,5,7420,46,0,44,1,1,1
51,1,16,1,5000,41,0,40,2,1,0
68,7,22,2,4760,9,0,35,2,1,0
43,1,13,1,6200,33,0,50,1,1,0
43,2,24,1,2205,36,0,45,1,1,1
33,1,24,1,1700,1,0,60,1,1,1
54,1,19,3,9645,42,12,47,1,1,0
47,1,21,1,1022,11,1,45,1,2,1
57,1,16,1,4720,51,1,40,2,2,0
25,1,20,5,4030,25,2,25,2,1,0
44,1,16,3,4030,13,5,40,2,2,0
51,1,21,3,5740,42,0,40,2,1,0
41,5,19,1,5550,6,1,42,1,1,1
18,1,18,5,4720,4,4,28,2,1,0
28,1,21,5,2700,12,12,40,2,1,0
28,1,21,1,4820,39,0,40,1,1,1
41,2,22,1,350,13,0,50,1,2,1
51,2,20,3,2435,17,0,40,2,1,0
32,1,18,5,2545,17,13,55,1,2,0
21,1,18,5,8800,25,4,35,1,1,0
48,3,23,1,10,27,0,50,1,1,1
39,1,23,1,3250,34,0,55,2,1,1
44,1,18,2,4760,36,0,40,1,1,1
52,1,19,1,310,51,1,60,2,1,0
17,1,14,5,4720,55,4,20,1,1,0
24,1,19,5,4720,51,17,40,2,1,0
48,3,1,1,2014,303,0,40,2,1,0
29,1,23,5,3160,210,0,40,1,6,1
56,1,15,3,4020,6,0,32,2,1,0
42,1,24,1,2100,48,0,60,1,1,1
48,4,19,1,5000,34,1,40,2,2,1
35,1,21,1,120,215,0,40,1,6,0
49,1,19,1,4920,17,0,40,2,1,1
40,1,21,1,150,301,0,45,2,6,1
36,1,18,1,2145,45,0,40,2,1,0
52,1,9,2,4760,303,0,40,2,1,0
48,1,16,1,6230,42,0,40,1,1,0
30,1,20,5,7740,15,0,40,1,6,1
63,4,21,5,3230,45,0,25,2,2,1
49,1,14,1,4760,22,1,40,2,2,0
36,1,20,5,8030,39,0,40,2,2,0
30,1,21,1,440,49,0,40,2,1,0
20,1,13,5,8740,13,4,40,1,1,0
26,3,19,5,4230,17,7,35,2,2,0
36,4,22,1,101,37,0,40,2,2,0
48,1,20,5,800,26,0,50,1,1,1
57,1,12,1,4230,17,1,30,2,1,0
45,1,20,3,8990,16,0,40,2,1,0
53,1,21,1,5740,45,1,40,2,2,0
19,1,16,5,9645,12,2,40,1,1,0
19,1,16,5,4110,24,17,30,2,1,0
47,1,21,1,3255,54,0,40,1,1,1
59,1,21,1,4810,22,0,60,1,1,1
49,3,21,1,2310,9,1,40,2,1,0
49,6,18,1,6260,364,0,70,1,8,0
25,1,21,1,2631,247,1,40,2,6,0
18,1,16,5,4030,110,2,30,2,1,0
18,1,14,5,4720,42,2,15,1,1,0
33,1,16,1,4330,512,1,40,2,7,0
66,1,21,2,5120,126,0,45,2,1,1
31,1,16,1,3645,51,0,40,2,1,0
27,1,19,1,5000,27,1,35,2,1,0
20,4,19,5,2545,6,17,18,2,9,0
67,1,11,3,6050,18,0,40,1,1,0
74,1,19,1,7340,47,0,40,1,1,1
58,5,16,1,5550,39,0,40,1,1,1
18,2,16,5,3930,47,17,15,1,1,0
32,1,19,3,7700,72,0,45,2,1,0
63,2,18,1,5740,8,1,40,2,1,0
58,1,20,1,3245,207,1,40,2,6,0
35,3,18,5,4220,6,0,40,1,9,0
60,3,22,1,2320,38,1,60,2,1,1
78,3,22,1,2310,47,0,15,1,1,1
49,7,21,5,1105,9,0,10,1,1,0
47,1,22,1,800,215,1,40,2,6,1
44,2,22,1,120,210,1,40,2,6,1
42,1,15,5,3603,332,13,40,2,2,0
64,1,20,1,5000,6,1,40,2,1,1
23,5,21,5,2105,47,0,35,2,2,0
61,4,21,1,5000,17,0,40,1,1,0
49,2,23,1,3090,26,1,60,2,1,1
67,2,23,1,3090,39,0,40,1,1,1
60,1,21,1,3255,28,1,50,2,2,1
38,7,20,1,220,29,0,60,1,1,0
29,1,20,1,7360,55,1,48,1,1,0
28,6,16,5,9130,327,11,70,1,8,0
47,1,16,1,440,12,1,60,2,1,1
49,7,24,1,2205,30,1,30,1,1,0
28,1,22,1,3255,12,0,50,1,1,1
68,1,16,5,5120,29,0,45,2,1,1
57,1,19,1,4700,6,1,57,1,1,1
20,1,17,5,4020,5,0,27,1,3,0
40,6,18,3,6200,37,0,40,1,1,0
46,1,21,5,440,39,0,60,1,2,1
28,1,16,5,6050,6,0,45,2,1,0
58,1,19,5,9130,27,2,50,1,1,1
34,5,21,1,350,217,0,40,1,9,1
52,6,9,1,4600,312,1,40,2,8,0
30,1,22,5,4700,333,7,50,1,2,1
20,1,19,5,4760,40,0,25,2,1,0
38,1,21,1,440,6,1,40,1,8,1
48,7,23,3,2100,301,0,50,2,1,1
36,2,24,1,1006,6,0,40,2,5,1
41,2,22,1,2310,25,1,40,1,1,0
21,1,19,5,440,303,10,20,1,1,0
38,1,21,1,1010,42,1,40,1,1,1
61,1,16,3,630,36,13,40,2,1,0
40,4,20,3,2330,36,0,37,2,1,0
24,1,21,5,5400,25,4,40,2,1,0
56,1,21,3,440,24,0,40,1,1,1
63,2,22,1,800,12,1,40,2,1,0
48,1,12,5,3603,6,0,40,2,1,0
56,1,20,3,3255,17,0,48,2,1,0
67,1,16,1,4230,46,1,40,1,1,0
41,1,21,1,2810,39,1,45,2,1,1
40,1,16,1,5610,48,0,65,1,1,0
22,1,16,5,4720,303,2,40,2,8,0
22,1,16,5,4020,29,2,30,1,2,0
42,1,19,3,5860,42,0,40,2,1,0
24,3,19,5,5740,301,2,40,2,1,0
61,6,21,1,4700,41,0,50,2,1,0
17,1,14,5,4010,25,2,8,1,1,0
23,1,19,5,7750,37,2,40,1,2,0
36,4,24,1,3090,41,1,69,2,1,1
35,4,20,5,3500,13,0,40,2,2,0
43,1,16,1,5860,42,1,40,2,1,0
63,3,22,2,2310,24,0,20,2,1,0
21,1,19,5,2002,29,17,12,2,1,0
54,1,13,1,9620,36,0,35,1,1,0
28,4,22,5,2310,13,12,45,2,1,0
25,1,16,5,4720,1,0,20,2,1,0
21,2,19,5,8950,17,2,40,1,1,0
26,6,16,3,6260,314,5,45,1,1,0
56,4,21,1,230,37,1,40,1,1,0
53,1,18,3,1006,25,0,45,2,1,1
30,1,16,5,4000,36,12,50,1,9,1
52,1,21,1,220,21,0,50,1,1,1
51,4,22,1,2350,17,0,10,2,1,0
38,7,23,1,2100,6,0,20,2,1,1
65,4,17,3,6730,17,0,40,2,1,0
21,1,19,5,3646,36,2,20,2,1,0
36,4,22,1,5940,54,1,40,2,1,0
37,1,16,5,4000,207,0,50,1,6,0
20,1,19,5,9620,34,2,20,1,2,0
49,1,16,3,3603,36,0,22,2,1,0
40,3,21,4,420,6,0,40,2,9,0
38,1,20,1,3255,8,0,40,2,1,0
59,1,20,3,8800,42,0,46,1,1,1
37,1,21,1,4710,8,0,40,2,1,1
49,1,14,1,7810,72,1,40,1,8,0
54,1,16,1,9130,49,10,40,1,1,0
35,1,20,5,3255,49,0,40,2,1,1
59,1,17,2,8990,39,0,44,2,1,0
49,1,21,1,4710,17,10,40,1,1,0
32,1,21,1,850,51,0,43,1,1,1
50,1,21,1,800,48,1,20,2,1,0
69,6,22,1,1825,36,15,40,2,2,1
35,1,12,1,4000,303,0,40,1,8,0
23,1,19,5,4110,6,2,20,2,9,0
46,1,7,1,6260,129,1,45,1,1,0
60,1,21,5,910,6,0,40,1,1,0
56,4,12,3,6305,48,0,40,1,1,1
40,1,21,1,1006,17,1,40,1,1,1
45,1,16,5,5610,17,0,50,1,2,0
45,2,13,5,9610,5,17,1,2,1,0
42,6,16,5,6260,17,13,40,1,1,0
59,1,21,3,5120,316,0,40,2,8,0
19,1,16,5,4720,22,17,12,2,2,0
17,1,14,5,4030,18,2,15,2,1,0
47,2,21,1,630,51,1,40,2,1,1
19,1,19,5,9350,39,2,6,1,1,0
43,2,16,5,2060,449,17,99,1,1,0
50,1,19,1,4840,19,0,55,1,1,1
26,1,22,5,2205,17,12,40,1,2,1
34,1,16,4,2300,333,0,40,2,2,0
44,1,16,5,8740,18,0,40,1,1,0
79,6,16,1,4540,128,0,10,1,1,0
41,1,22,5,1021,28,0,40,2,2,1
67,1,20,2,5860,40,0,40,2,1,1
55,6,17,3,3630,6,0,10,2,6,0
52,1,21,1,705,9,0,45,2,1,1
40,3,20,1,2145,5,0,40,2,1,0
26,1,18,5,4700,25,2,50,1,1,0
66,7,16,2,6230,42,0,40,2,1,0
19,6,16,5,4220,6,17,4,1,1,0
54,1,16,1,7220,13,0,45,1,1,0
65,1,18,1,5740,34,1,40,2,1,1
38,1,21,1,3630,27,0,7,2,1,0
47,1,21,1,110,13,1,40,1,1,1
27,1,19,5,5240,51,2,25,1,1,0
64,2,18,1,5740,40,0,38,2,1,0
60,1,16,1,4251,6,0,40,1,1,0
54,7,16,1,6115,23,1,30,1,1,0
47,1,20,5,700,8,0,40,1,1,1
58,1,21,1,5740,50,1,40,2,1,0
35,3,21,1,5740,48,1,30,2,2,0
49,7,19,1,4810,26,0,15,2,1,0
46,4,22,3,5000,54,13,45,2,1,0
44,4,16,1,2545,40,1,37,2,1,0
75,1,22,1,1021,53,0,32,1,1,1
27,5,21,1,1720,24,1,40,2,1,1
36,1,16,1,7810,8,0,45,1,1,1
25,2,20,1,2050,12,0,50,1,2,0
24,3,22,5,2320,26,2,25,2,1,0
31,1,17,5,3602,17,0,40,2,1,0
34,1,21,5,710,26,0,40,1,1,1
36,2,21,5,1006,365,5,40,1,8,1
51,7,21,1,440,21,0,60,1,1,1
61,1,18,5,9645,12,0,40,1,1,0
28,1,15,1,7750,26,0,40,1,1,0
48,1,21,1,440,4,10,48,1,1,1
64,7,21,1,9610,12,0,30,2,1,1
32,1,16,5,9600,72,0,40,2,1,0
59,1,20,1,9410,5,0,40,1,1,0
19,1,19,5,9130,6,2,20,1,1,0
49,2,16,1,7720,47,0,50,1,1,0
59,2,20,1,2830,6,0,10,2,1,0
30,1,19,5,4700,303,13,35,2,8,0
28,1,20,5,7330,56,0,60,1,1,1
42,6,16,3,6660,18,0,40,1,1,1
57,1,16,1,5400,24,0,40,2,1,0
70,6,21,2,4810,36,0,15,1,1,1
72,1,13,3,3602,29,0,15,2,1,0
49,1,21,1,800,17,1,45,1,1,1
54,1,16,1,4230,303,1,20,2,8,0
22,2,21,5,5710,55,12,40,2,1,0
64,5,21,4,5540,42,0,50,2,1,0
37,5,22,1,3110,6,0,40,2,6,1
74,1,14,2,9645,39,0,40,2,1,1
33,1,19,1,6355,2,1,40,1,1,1
48,3,19,1,440,17,1,45,1,1,1
30,1,16,5,6260,53,12,20,1,1,0
21,2,16,5,4710,39,2,40,2,1,0
26,1,18,1,1031,6,0,40,1,1,1
52,2,1,4,3500,327,0,40,2,2,0
29,1,16,3,8100,47,0,40,1,1,0
25,1,19,5,3640,329,2,35,2,9,0
36,1,18,5,4510,19,13,50,2,1,0
47,3,16,5,3300,37,0,38,2,2,0
30,1,21,1,5140,12,1,25,2,1,0
42,3,21,1,440,47,1,40,2,1,1
43,4,22,3,2545,40,0,36,2,1,0
46,1,6,1,4020,303,0,40,1,8,1
60,1,16,3,4220,42,2,40,1,1,0
21,1,16,5,3640,48,2,40,1,1,0
39,1,23,1,1760,440,0,40,1,2,1
48,1,18,1,8140,27,0,40,1,1,1
24,2,16,5,9645,327,5,12,1,1,0
49,1,20,5,8920,6,0,50,1,1,1
59,7,17,1,4020,51,1,75,2,1,0
21,1,16,5,3603,12,7,36,2,1,0
24,1,20,5,8030,27,0,50,1,1,0
53,1,21,2,110,129,0,40,2,1,0
59,3,22,1,8950,364,1,45,2,1,0
40,7,20,1,6200,128,0,70,1,1,1
32,1,16,5,5110,25,5,40,2,1,1
69,6,20,1,4700,25,0,40,1,1,1
30,1,21,1,6050,6,0,35,1,1,0
55,6,16,4,4230,28,0,10,2,1,0
46,4,22,4,1650,210,0,40,2,6,1
30,1,21,5,725,26,13,50,2,1,0
22,1,21,5,4710,48,0,40,2,1,0
47,1,19,1,3323,36,0,40,2,1,1
27,1,1,5,9620,213,0,88,1,1,1
54,1,20,4,5240,42,0,40,2,1,0
32,1,21,1,530,6,2,60,2,1,1
27,2,20,5,5840,34,2,40,2,1,0
32,1,16,5,6230,26,2,50,1,1,0
57,8,18,1,8830,54,1,15,2,1,0
52,3,16,1,4220,316,0,40,2,2,0
33,1,21,1,20,19,0,50,1,1,1
64,1,19,3,4760,36,0,25,1,1,0
42,7,18,1,6410,26,0,38,1,1,0
49,5,16,5,5550,12,0,50,2,2,1
28,1,21,5,1430,25,0,45,1,1,1
31,5,20,1,1970,34,1,40,2,1,1
57,6,18,1,4210,34,0,40,1,1,0
27,1,21,5,500,6,15,40,2,9,0
50,1,16,5,8800,51,0,40,2,2,0
60,1,24,1,300,39,0,40,2,1,1
23,1,21,5,735,55,10,30,2,1,0
55,6,16,1,6260,5,0,40,1,1,0
29,1,21,5,1760,39,0,45,2,1,1
17,1,14,5,4720,24,4,15,1,1,0
70,1,19,1,800,6,0,45,1,1,1
39,1,21,5,800,31,0,40,2,1,1
29,1,19,5,5400,36,4,25,2,2,0
59,1,16,1,6050,303,1,40,2,1,0
56,1,21,1,1240,34,1,40,2,1,0
29,1,22,1,1021,51,0,40,1,1,1
54,1,16,1,520,42,1,40,2,1,0
31,1,20,5,1050,34,0,40,1,2,1
51,3,16,5,10,28,0,10,2,1,0
39,4,19,1,137,1,1,45,2,1,0
60,1,24,5,3090,333,15,60,1,2,1
42,3,19,1,4600,41,1,16,2,1,0
56,1,16,2,4230,17,0,40,2,2,0
46,1,16,1,9130,31,0,65,1,1,1
32,1,18,3,5240,22,0,40,2,2,0
29,1,16,5,9620,6,2,1,1,1,0
58,1,21,3,52,42,0,40,1,1,1
53,1,16,3,4700,36,0,60,1,1,1
32,1,12,1,6260,303,0,40,1,8,0
49,1,19,5,7200,17,0,40,1,1,1
22,1,14,1,4055,44,0,40,2,1,0
42,1,21,1,1007,30,1,50,1,1,1
46,1,14,1,9130,5,1,77,1,1,0
35,1,22,1,1006,19,0,40,1,1,0
37,1,21,1,3255,31,1,40,2,1,1
39,7,16,1,5240,45,10,40,2,1,0
51,1,17,1,9620,6,1,40,2,1,0
20,1,19,5,4435,55,17,37,1,1,0
40,6,17,5,5240,27,16,42,2,1,0
29,1,18,1,4110,27,0,40,2,1,0
62,6,19,1,4700,17,0,55,1,1,1
52,2,22,1,2205,39,0,40,2,1,0
53,1,21,1,4700,42,1,40,2,1,0
36,1,11,1,6260,303,0,40,1,1,0
28,1,21,5,4251,27,13,35,1,1,0
78,3,21,2,4540,6,0,1,2,1,1
36,7,21,1,310,34,9,50,1,1,1
31,1,16,5,7750,17,13,40,2,1,0
22,2,16,5,4622,421,2,10,1,2,0
62,2,23,1,10,400,0,40,1,1,1
56,6,19,4,6355,312,6,40,1,8,0
40,1,5,1,6050,312,0,30,2,1,0
31,6,20,1,8320,6,1,10,2,1,0
52,2,22,1,2205,36,1,55,2,1,0
35,1,21,3,440,27,0,40,2,1,1
64,1,19,1,2360,24,1,50,1,1,1
63,1,16,3,5400,42,0,50,2,1,0
21,1,19,5,4055,217,17,40,2,6,0
60,4,19,3,5250,17,0,40,2,1,0
24,1,19,1,6442,39,1,40,1,1,0
22,1,21,5,1021,12,2,42,1,1,0
31,5,21,1,1006,48,1,40,1,1,1
46,1,17,5,3602,25,0,4,2,2,0
46,1,16,1,5240,247,1,40,2,6,0
37,2,23,1,10,26,1,40,2,6,1
40,1,16,1,20,36,0,40,1,1,0
60,2,23,5,2040,36,0,50,1,1,0
46,1,14,1,5740,17,1,30,2,1,0
45,1,20,1,440,27,1,40,2,1,1
37,5,19,1,1108,6,17,30,1,1,0
49,1,19,1,4760,28,1,40,2,2,0
55,1,21,3,3421,17,0,30,2,1,0
60,1,16,5,5240,48,0,40,2,1,0
32,1,16,5,8740,39,0,48,2,1,0
78,1,19,2,9130,26,0,22,1,1,0
28,3,22,1,2310,42,0,45,2,1,0
32,1,16,1,8030,27,0,48,1,1,1
53,2,21,1,2060,1,0,18,2,1,0
45,7,19,1,4810,13,1,80,1,1,1
55,1,21,1,4710,39,1,40,1,1,1
76,6,24,5,3090,36,0,8,1,1,1
61,1,16,3,3603,30,16,63,1,1,0
47,1,12,1,9610,303,0,40,1,1,0
57,1,22,2,9150,164,0,38,1,1,0
40,1,19,1,3421,28,0,40,2,2,0
56,1,13,1,6305,40,1,50,1,9,1
31,1,21,5,4850,36,0,40,1,1,0
42,1,16,1,4230,303,0,20,2,1,0
50,1,16,1,7130,54,0,50,1,1,0
20,1,14,5,4720,12,2,10,2,1,0
54,7,16,1,20,109,0,70,1,1,0
19,1,16,5,4720,11,17,26,1,2,0
18,1,16,5,4760,200,17,10,2,1,0
40,4,16,5,6040,55,2,40,1,1,0
54,1,21,2,1305,9,0,49,1,1,1
49,1,21,3,440,17,0,40,2,1,1
57,3,16,1,6305,48,0,40,1,1,1
26,2,21,5,2014,39,0,40,2,1,1
45,2,16,1,4830,36,0,40,1,1,1
39,5,19,1,5000,48,0,80,1,1,1
24,3,19,1,3421,48,1,40,2,1,0
41,1,21,1,440,35,1,45,1,1,1
68,6,17,1,4220,13,0,4,2,1,0
38,1,19,5,4350,39,11,32,2,1,0
47,1,13,5,5240,34,17,40,1,2,0
23,1,16,5,9620,48,0,40,2,1,0
56,1,21,1,910,18,1,50,1,1,1
66,3,22,1,2310,8,0,24,2,1,1
63,1,19,4,3602,34,6,40,2,2,0
54,6,21,1,4251,40,0,40,1,1,0
33,1,21,1,850,34,1,40,1,9,1
42,1,18,5,7340,21,0,30,1,1,0
47,1,20,1,220,27,0,40,1,1,0
67,1,14,5,9630,28,0,50,1,2,1
50,1,21,1,51,36,0,45,1,1,1
39,1,21,1,4820,44,1,45,1,1,1
59,1,21,1,3323,48,1,40,2,1,1
37,1,16,1,4700,12,0,48,2,2,0
56,1,16,1,800,24,1,40,2,1,0
48,8,21,1,710,6,0,40,1,1,0
45,1,16,3,5600,17,0,45,1,1,0
36,1,21,1,5860,28,1,40,2,2,0
23,3,21,1,2545,303,1,40,2,1,0
65,2,23,1,3090,15,1,40,1,1,1
20,1,16,5,3601,29,4,35,2,1,0
21,1,20,5,3602,6,4,20,2,8,0
57,1,13,1,3603,9,1,42,2,1,1
59,3,20,1,4255,36,0,20,2,1,0
31,1,21,5,4920,12,2,32,1,1,0
19,1,19,5,2910,25,2,14,2,1,0
65,2,21,5,1760,8,0,40,2,8,1
66,6,20,1,205,8,1,60,1,1,0
67,4,19,1,2205,48,0,30,1,1,0
51,1,9,1,4020,303,0,48,1,8,0
28,1,24,5,1600,27,2,45,2,1,1
34,1,17,1,8940,17,1,40,1,1,0
20,5,11,5,2360,29,17,35,1,2,0
18,4,18,5,4130,13,17,13,1,1,0
39,1,14,5,9130,12,2,40,1,2,0
54,1,21,1,2145,36,0,50,1,1,0
58,1,19,4,4800,34,0,40,2,1,1
23,1,21,5,4251,36,0,45,1,1,0
49,1,17,1,7200,39,0,60,1,1,0
46,3,21,1,440,13,0,40,1,1,0
26,1,23,5,3630,44,11,35,2,1,1
42,1,17,5,8350,40,12,46,1,1,0
36,1,21,1,2830,55,0,40,2,1,0
72,3,21,1,3930,18,1,7,1,1,1
52,3,17,3,4251,48,2,40,1,1,0
34,1,16,5,4130,21,5,35,2,1,0
44,1,16,5,4020,72,0,37,2,1,0
54,6,12,1,7200,12,0,45,1,1,0
36,1,21,1,110,35,1,40,1,1,1
51,3,22,3,2310,31,13,40,2,1,0
18,6,18,5,4600,51,17,16,2,1,0
40,3,16,1,5110,36,1,40,2,1,0
28,1,16,5,4230,42,0,40,2,1,0
55,1,16,1,3602,42,1,40,2,1,0
17,1,13,5,6410,19,2,10,1,1,0
44,4,19,1,110,36,1,40,1,1,1
54,6,21,1,4522,25,1,15,2,1,0
77,3,22,1,3960,34,0,40,1,1,1
59,3,16,1,4020,18,1,35,2,1,0
54,1,16,1,4710,37,0,40,1,1,0
25,5,19,4,1530,48,0,40,1,1,0
48,7,21,1,3601,45,1,40,1,1,1
28,1,22,5,2722,36,0,35,1,1,1
53,1,16,1,9122,9,1,28,1,1,1
41,6,1,1,4710,202,1,36,1,6,0
42,6,20,1,2752,301,1,25,1,1,0
57,2,16,1,3649,39,0,40,2,1,0
39,1,17,1,3602,440,1,16,2,2,0
50,6,16,1,4700,217,1,50,2,6,0
36,1,16,5,6200,39,13,60,1,1,1
51,2,14,3,5860,18,13,40,2,1,0
18,1,18,5,4760,17,13,15,2,1,0
38,2,21,5,4965,36,0,50,2,1,1
52,1,16,1,8030,25,0,40,1,1,0
46,1,18,5,5120,29,0,40,2,1,0
57,1,16,5,4251,303,13,40,1,8,0
21,1,19,5,6410,17,10,40,1,1,0
44,1,9,1,4230,303,0,35,2,1,0
25,1,19,5,6050,10,10,40,1,2,0
37,1,22,1,120,25,0,50,1,1,1
67,1,15,1,4251,303,1,40,1,1,1
61,6,11,3,6410,48,0,8,1,8,0
49,1,15,1,440,224,0,63,1,1,0
47,1,20,1,6305,36,1,40,1,1,0
47,1,21,1,52,4,0,40,1,1,1
67,1,20,1,5240,19,1,40,1,1,1
40,7,1,1,310,18,1,60,1,1,1
45,1,18,1,7020,42,1,40,1,1,1
36,1,21,5,2634,6,13,40,2,6,1
29,1,16,5,6410,44,2,46,1,1,0
74,7,18,1,205,26,1,30,1,1,1
27,1,19,5,6260,5,2,40,2,1,0
42,7,22,1,220,1,0,60,1,1,0
59,1,17,5,4140,51,0,38,1,1,0
41,1,16,4,7220,36,0,40,1,1,1
29,5,20,5,4220,25,12,40,1,1,0
48,1,19,3,3603,26,0,76,2,1,0
29,1,19,1,4760,48,0,20,2,1,0
18,1,16,5,9620,27,17,8,1,1,0
54,4,19,1,2005,36,0,40,1,1,1
36,1,1,5,4030,36,5,40,1,2,0
57,1,17,1,5860,6,0,20,2,1,0
55,3,24,1,2205,243,0,40,1,1,1
30,1,21,1,1021,247,0,40,1,6,1
55,1,22,3,120,26,0,40,2,1,1
18,1,16,5,7750,18,2,40,2,1,0
49,1,15,3,9600,370,11,50,1,1,1
17,2,19,5,2350,440,17,10,1,2,0
48,3,20,1,3870,34,0,48,1,1,1
59,2,21,1,2300,42,0,5,2,1,0
30,4,22,1,3230,17,0,40,2,1,0
50,1,22,1,1400,207,0,40,1,6,1
60,1,19,1,5860,17,0,40,1,1,1
60,1,16,1,7340,303,0,51,1,1,1
50,2,16,1,3930,72,0,40,1,1,0
37,3,20,1,3870,51,0,60,1,1,0
51,6,21,1,120,19,0,40,1,1,0
69,6,19,4,6442,312,0,8,1,9,0
32,2,21,5,4465,17,2,4,2,8,0
25,1,16,5,9600,17,0,50,1,1,1
25,1,19,5,6355,6,2,40,1,1,0
23,1,20,5,4760,36,5,18,2,6,0
53,1,18,1,2145,13,1,40,2,1,0
45,1,19,1,1050,6,0,40,1,1,0
25,1,21,5,1065,42,12,40,1,1,0
42,1,20,1,5940,53,1,50,2,1,1
22,1,16,5,4020,21,13,40,1,1,0
21,2,19,5,2205,42,12,20,1,1,0
47,2,22,5,2040,51,17,60,1,1,0
49,1,16,1,3640,42,1,32,2,1,0
46,1,20,1,5410,39,1,40,2,1,1
58,1,21,3,3255,36,0,50,2,1,1
27,2,21,5,2360,22,0,40,1,1,0
48,1,21,1,120,6,0,40,1,1,1
40,1,17,3,6260,41,0,55,1,1,1
40,1,20,1,7020,42,1,40,1,1,1
53,6,21,1,2751,6,1,60,2,1,0
47,4,21,3,2310,28,0,45,2,1,0
30,1,16,5,9130,48,10,55,1,1,0
55,5,21,1,150,51,0,40,2,1,1
43,1,16,5,6200,436,13,40,1,1,0
28,1,22,5,830,9,0,60,1,1,1
40,1,20,1,1021,6,1,60,1,2,1
27,1,16,5,5400,6,13,40,2,9,0
53,2,7,1,4220,313,0,40,1,1,0
57,1,20,3,4720,42,0,32,2,1,0
64,1,19,1,8130,18,0,45,1,1,0
26,5,22,5,9830,412,15,40,2,2,1
52,1,19,1,5522,49,1,40,2,1,1
43,2,20,3,5000,6,0,40,2,1,0
56,1,19,1,2145,36,1,70,2,1,1
32,1,17,1,8140,48,1,40,1,1,1
78,6,19,1,7240,17,0,15,1,1,1
18,4,15,5,8320,16,2,24,2,1,0
36,1,12,5,9130,41,10,40,1,1,0
46,7,24,1,2004,53,0,40,2,1,1
35,1,22,1,705,508,1,40,1,7,1
30,1,21,1,51,9,1,50,2,1,1
66,1,16,1,4020,303,1,40,1,8,0
33,1,16,5,2300,48,0,40,2,2,0
25,4,16,5,3802,6,0,40,1,2,0
36,7,21,1,20,253,0,70,1,9,1
42,1,17,1,4020,32,1,32,1,1,0
45,1,17,1,4030,6,1,25,1,1,0
30,1,16,5,3930,303,5,40,1,1,0
25,4,22,5,2350,8,2,40,1,9,0
55,1,20,1,630,42,0,50,2,1,0
31,1,21,5,120,34,13,40,1,1,1
39,1,20,1,9620,20,0,50,1,1,0
58,4,22,1,110,36,0,40,1,1,1
37,1,21,1,2640,301,1,45,2,1,1
68,2,22,1,2545,25,0,3,2,1,0
19,1,19,5,4251,6,2,40,1,1,0
46,1,20,5,1460,26,0,40,1,1,1
61,1,21,1,1350,17,0,60,1,1,1
62,1,18,4,6260,6,0,40,1,1,0
26,1,18,1,3603,31,1,24,1,1,0
37,1,16,3,4720,13,0,15,2,2,0
58,3,16,1,2545,39,0,28,2,1,0
52,1,20,1,7040,28,0,43,1,2,1
37,1,16,5,6442,303,0,45,1,8,1
28,1,21,1,52,34,0,40,1,1,1
28,1,20,5,4600,47,0,8,2,1,0
73,1,21,1,3050,48,1,40,1,1,1
28,1,16,5,4720,40,13,40,2,1,0
47,1,1,1,4510,303,0,50,2,9,0
55,1,16,1,5000,39,0,40,2,1,0
22,1,16,1,1050,329,2,10,1,8,0
35,1,21,3,1006,48,0,40,1,1,0
17,3,14,5,4720,53,2,20,1,1,0
31,6,20,4,6260,48,10,40,1,1,0
67,1,18,1,6305,35,1,60,1,1,1
30,1,19,1,7330,254,1,50,1,6,1
28,1,19,5,910,6,0,50,2,1,1
34,2,17,5,8950,22,2,38,1,1,0
52,1,21,1,2310,39,1,40,2,1,1
59,2,21,1,3255,26,1,32,2,1,1
32,1,13,5,7315,26,16,16,1,2,0
45,6,15,1,9130,18,1,60,1,1,1
41,1,21,1,735,26,0,50,1,8,1
40,6,23,1,3010,8,0,40,1,1,1
20,2,19,5,5860,40,17,8,1,1,0
38,1,20,5,5300,20,0,50,1,1,0
53,1,19,1,4760,48,1,40,1,1,0
17,1,11,5,4230,4,2,20,2,1,0
66,1,23,1,565,30,0,60,1,1,1
37,1,21,1,420,39,0,46,2,1,0
43,3,22,1,2350,6,1,22,2,1,0
57,1,16,3,4720,36,0,30,2,1,0
34,6,17,1,4600,6,1,30,2,2,0
23,1,16,5,7720,4,2,30,1,1,0
44,1,20,1,7330,13,1,40,1,1,1
62,1,16,1,5740,25,0,40,2,1,0
57,1,22,4,350,36,0,40,2,1,1
47,3,21,1,2310,6,1,16,2,1,0
27,1,19,5,5522,45,2,40,2,1,0
47,3,18,1,5860,42,0,25,2,1,0
65,1,18,1,4220,51,1,6,1,2,0
67,4,23,1,3255,29,0,12,2,1,0
48,1,21,1,2014,29,1,52,2,1,0
22,1,21,5,1530,13,0,40,1,1,0
57,5,22,3,440,51,0,40,1,1,1
58,1,22,2,5740,48,0,40,2,1,0
62,4,19,1,5860,12,0,40,2,1,0
28,1,21,5,3550,416,13,32,1,2,0
75,1,16,1,5350,39,0,8,2,1,0
18,1,18,5,726,35,17,20,1,1,0
63,1,21,1,4760,36,0,40,1,1,1
63,1,19,1,8610,55,0,50,1,1,1
28,1,13,5,6442,28,2,40,1,1,0
20,1,19,5,800,17,17,40,1,1,0
54,1,19,3,2310,303,0,6,2,1,0
42,1,16,1,9130,26,0,50,1,1,1
44,5,18,1,5550,72,1,60,2,1,0
64,1,22,1,1006,36,0,40,2,1,1
54,1,21,1,4710,37,1,40,1,1,1
50,2,21,1,2320,11,1,35,1,1,1
61,1,16,1,4720,55,0,25,2,1,0
59,1,16,1,5740,24,0,50,2,1,0
58,6,13,1,6260,72,1,10,1,1,0
24,1,21,5,5160,6,2,40,1,9,0
71,1,23,1,2752,33,0,2,1,1,0
45,1,17,1,7340,36,0,40,1,1,0
57,1,19,1,7750,41,0,40,1,1,0
20,1,16,5,4110,24,12,18,2,1,0
46,4,22,1,1050,51,0,45,2,1,0
55,7,21,1,440,36,1,40,2,1,1
33,1,20,1,7810,15,0,40,1,9,1
20,1,18,5,8950,51,2,26,1,1,0
22,2,16,5,4020,31,12,53,1,1,0
58,1,16,3,20,28,15,50,1,1,1
52,1,22,1,3245,13,1,35,2,1,0
27,1,17,1,6250,48,1,50,1,8,0
61,1,16,1,120,22,1,40,1,1,0
50,6,21,5,4810,8,0,40,1,1,1
52,4,20,1,3870,39,0,80,1,2,0
22,2,21,5,726,26,12,40,1,2,0
45,1,21,1,2633,39,0,40,2,1,0
51,1,20,1,4850,303,6,40,1,1,0
31,1,20,1,3255,48,1,38,2,1,0
58,1,20,1,9130,19,0,60,1,1,1
55,1,16,1,10,301,0,40,1,1,1
54,1,21,1,705,27,1,40,2,1,1
43,1,20,1,2910,6,1,40,2,1,0
31,1,16,1,4750,373,1,40,1,1,0
36,1,16,5,9620,44,13,40,1,1,0
42,7,16,1,4400,501,1,50,1,1,1
41,1,21,1,2014,25,0,40,2,1,1
46,1,16,1,7150,1,0,40,1,1,1
57,1,15,1,20,6,0,40,2,1,1
28,1,22,5,630,36,0,45,1,1,1
21,1,21,5,440,6,12,40,1,1,0
44,4,21,1,2310,21,0,35,2,1,0
23,1,21,5,4760,36,2,35,1,9,0
61,1,20,3,9130,21,0,50,1,1,0
51,4,22,1,2014,39,1,40,2,1,1
57,1,19,3,5400,36,0,40,2,1,0
63,1,21,1,9121,36,0,30,1,1,1
17,1,13,5,4720,51,2,15,2,1,0
19,1,16,5,4160,4,2,30,1,1,0
47,3,21,3,2310,40,0,30,2,1,0
44,1,22,1,120,333,1,40,1,2,1
43,6,21,1,5510,303,1,42,2,1,0
50,3,24,1,2002,48,1,50,2,1,1
54,1,14,1,4720,27,0,40,2,1,0
41,3,21,1,2320,24,1,40,2,1,0
42,1,16,3,8990,47,2,40,1,1,1
49,1,16,1,4710,28,1,42,1,1,0
32,1,21,5,1305,6,0,50,1,1,1
21,1,19,5,4720,40,13,28,2,9,0
43,2,22,1,2400,26,1,60,1,1,1
38,7,21,1,40,24,0,60,1,1,1
22,1,21,5,4540,25,2,10,1,1,0
29,1,16,1,8990,25,1,40,1,1,1
37,5,18,4,9825,6,12,50,1,1,1
22,5,16,1,8140,45,0,40,1,9,0
23,1,16,5,6515,6,2,40,1,9,0
60,1,19,1,4840,48,0,40,2,1,1
60,1,16,1,4030,27,1,45,2,1,0
31,1,21,5,5940,6,0,40,1,6,0
19,1,14,5,7905,20,16,40,1,1,0
22,1,16,5,4020,18,2,40,2,1,0
59,1,21,2,735,303,0,42,2,1,0
55,1,20,1,4810,19,0,32,2,1,0
47,1,18,1,5350,36,1,48,1,1,0
54,6,16,4,440,53,13,50,1,1,0
57,1,22,1,845,22,0,40,1,1,1
39,1,20,1,2722,36,9,35,1,1,0
28,1,21,1,6050,19,1,72,1,1,1
44,7,19,1,6260,27,1,40,1,1,0
47,1,21,1,440,42,0,60,1,1,1
23,1,21,5,3422,27,0,40,2,1,0
35,2,23,5,5860,28,17,40,1,1,0
27,1,16,5,4210,16,2,40,1,1,0
34,5,19,4,4220,368,0,40,1,2,0
46,1,22,5,9150,207,2,40,1,6,0
60,1,13,1,910,49,1,40,2,1,1
37,1,21,1,2825,18,0,50,1,1,1
43,6,14,1,7200,303,0,20,1,8,0
48,1,16,1,6200,36,0,50,1,1,1
60,3,20,1,2435,35,0,35,2,1,0
70,1,22,1,940,36,1,50,2,1,0
36,1,22,1,440,207,0,60,2,6,1
60,1,16,1,3423,23,1,40,2,1,0
32,1,16,1,6410,48,0,70,1,1,0
59,1,16,1,7840,303,0,40,1,1,0
28,1,18,5,5240,48,0,22,1,2,0
52,1,21,1,5740,42,0,40,2,1,0
20,1,16,5,440,6,10,40,2,1,0
24,1,12,5,6260,40,0,40,1,1,1
34,2,19,5,2012,47,0,40,2,1,0
48,1,21,1,4820,6,0,40,1,1,1
25,1,19,5,6260,44,2,20,1,1,0
61,6,19,3,2910,47,0,40,1,2,0
77,2,22,1,2751,12,1,4,1,1,1
21,1,19,5,5240,9,2,45,2,1,0
60,2,22,3,3255,156,0,40,2,1,1
59,1,16,5,4020,36,0,40,2,1,0
28,1,21,1,5240,18,1,40,2,1,0
44,1,19,1,7200,233,1,40,1,6,1
56,1,16,1,8640,55,0,40,1,1,0
60,1,1,1,4330,207,0,20,2,6,0
65,1,16,1,4251,233,6,10,2,6,0
70,1,16,3,5860,22,5,40,2,1,0
43,1,11,3,4720,13,0,20,2,1,0
51,1,20,1,5160,19,0,20,2,1,0
59,1,20,1,3255,17,1,50,2,1,1
20,1,16,5,9610,6,2,40,1,1,0
65,3,21,1,2545,42,0,34,1,1,0
25,6,16,5,4251,22,2,3,1,1,0
55,1,21,1,4840,6,1,40,1,1,0
52,5,21,1,3300,18,0,40,2,1,1
71,1,21,5,5000,55,0,1,1,1,0
21,1,21,5,9620,26,2,25,1,1,0
30,1,20,1,3603,16,0,32,2,1,0
52,1,21,1,5230,29,0,45,1,1,1
25,3,16,5,3801,53,5,40,1,3,0
50,6,23,2,8320,36,0,60,2,1,0
39,1,21,5,4700,6,0,40,2,1,0
36,1,21,1,630,36,0,60,1,1,1
48,1,2,1,3601,163,1,40,2,1,0
62,3,22,3,2555,12,0,40,2,1,1
44,3,16,1,5860,6,1,40,2,1,1
23,1,21,5,800,327,12,40,1,8,1
70,3,24,5,2205,48,0,6,2,1,1
50,1,16,4,4020,332,0,40,2,2,0
19,1,14,5,4720,12,2,30,2,2,0
53,1,16,3,9130,6,0,70,1,1,1
48,3,21,1,3710,6,1,60,1,9,1
61,5,21,3,3050,301,0,40,2,6,1
53,4,17,3,8300,54,16,36,1,1,0
47,1,21,5,4850,37,0,40,2,1,0
56,1,16,3,9600,39,0,42,2,1,0
20,5,18,5,9800,25,0,40,1,1,0
44,1,20,1,5740,36,0,40,2,1,0
33,1,16,1,120,4,1,40,2,1,0
64,2,20,1,2310,37,0,40,2,2,0
30,3,19,5,2545,20,13,45,2,1,0
64,6,19,3,7750,24,13,40,1,1,0
28,1,18,1,8030,53,0,48,1,1,1
22,2,21,5,5010,18,0,40,2,1,0
27,1,21,5,4330,42,13,60,2,1,0
49,1,21,1,4850,110,0,23,2,1,0
56,1,16,1,4230,303,10,40,2,1,0
42,1,23,5,4830,24,0,36,2,1,1
47,7,21,3,2710,365,0,35,2,1,0
54,6,16,5,4220,46,0,20,2,1,0
21,1,16,5,4760,24,2,30,2,1,0
31,1,24,1,2205,34,0,40,2,1,1
55,6,21,1,2600,49,1,40,2,1,0
62,1,18,3,5740,138,0,46,2,1,0
22,1,16,1,6950,56,1,80,1,1,1
61,1,20,3,3255,303,6,40,2,1,1
24,5,19,5,9825,41,0,74,2,9,0
60,6,16,1,4510,24,0,30,2,9,0
52,2,17,5,4220,38,17,40,2,1,0
64,3,21,1,3255,36,1,40,2,1,0
67,1,19,1,8130,233,0,20,1,6,0
42,5,21,1,3870,49,0,55,1,1,1
29,1,20,5,1360,42,0,40,1,1,0
29,1,19,1,4920,110,1,40,2,1,0
30,4,23,5,3090,40,0,60,1,1,1
47,2,22,1,230,6,1,50,1,1,1
59,1,16,3,8800,312,0,40,2,1,0
18,1,14,5,3930,6,2,20,1,1,0
65,3,17,5,3603,341,6,35,2,2,0
27,1,16,5,4230,55,2,40,2,1,0
44,4,2,1,5740,6,0,40,2,1,0
60,7,19,1,4700,13,0,50,1,1,0
49,1,19,1,5260,12,1,50,1,1,0
47,6,18,1,4521,42,1,6,2,1,0
43,1,22,1,51,1,1,50,2,1,1
22,1,18,5,3602,17,15,40,2,1,0
51,1,17,3,3602,315,0,45,2,8,0
51,1,16,1,9130,22,1,40,1,1,0
65,1,17,1,5740,42,1,40,2,1,0
61,1,16,3,4760,21,0,40,2,1,0
61,2,16,1,2040,5,0,40,2,1,0
25,1,18,5,4720,55,0,39,2,2,0
22,3,20,5,3740,16,0,56,1,1,1
46,1,20,1,3255,233,0,40,2,6,1
31,1,18,5,5740,54,0,38,2,1,0
34,5,16,3,3030,18,0,40,2,1,0
18,1,18,5,5400,35,17,40,2,1,0
23,4,19,1,2545,48,1,40,2,8,0
69,1,20,1,7340,42,0,20,1,1,0
66,2,21,1,3255,23,1,22,2,1,0
52,1,15,1,6050,23,0,40,1,1,0
30,1,22,1,3160,210,1,24,2,6,1
24,3,19,5,4230,56,7,40,2,3,0
51,1,22,1,3930,17,0,40,1,1,0
53,1,16,1,540,34,1,40,2,1,1
19,1,16,5,8940,313,2,40,1,1,0
68,1,22,1,5165,36,0,20,1,1,1
20,1,19,5,4720,36,17,20,2,1,0
45,6,21,1,440,26,0,40,1,1,0
55,1,13,1,3930,37,0,40,1,1,0
63,1,16,1,5630,29,1,40,2,1,0
58,2,19,1,3255,25,0,42,2,1,1
37,1,19,5,4720,41,17,40,2,1,0
46,1,17,4,7200,48,0,50,1,1,0
23,1,19,5,5300,48,2,40,2,9,0
55,6,19,1,6230,8,0,30,1,1,0
64,2,7,1,2600,210,17,48,1,6,0
47,4,18,1,2330,36,0,37,2,1,0
45,1,21,5,3245,6,0,20,1,1,0
45,2,19,1,5820,18,0,40,2,1,0
59,2,20,1,3255,42,0,36,2,1,1
24,1,21,5,5740,12,2,40,2,1,0
58,1,16,5,2014,223,6,40,2,6,0
31,2,22,1,3230,22,0,30,2,1,0
56,1,21,1,3255,36,0,50,1,1,1
62,1,16,1,9130,25,0,40,1,1,0
48,1,18,5,705,41,0,43,2,1,0
23,1,16,5,4810,6,5,40,1,8,0
58,1,16,3,5110,72,0,40,2,1,0
20,5,16,5,3740,36,17,70,1,1,0
59,6,19,3,4230,46,13,3,2,1,0
37,1,21,1,5840,34,1,40,2,1,1
22,1,16,5,3620,6,12,12,2,6,0
68,2,17,1,4200,13,0,39,1,1,0
55,4,22,1,800,42,0,44,1,1,1
25,1,19,1,4020,17,1,40,2,1,0
51,4,16,1,4435,6,0,40,1,1,0
57,1,20,1,5000,6,0,40,2,1,1
53,6,21,1,2600,365,1,40,1,1,0
39,1,20,1,1050,51,1,50,1,1,1
35,1,16,1,2545,48,0,40,2,1,0
64,6,20,2,410,21,0,20,2,1,1
56,1,15,1,4720,72,1,31,2,1,0
69,3,19,1,4720,34,0,20,1,1,0
55,7,20,1,52,33,0,30,1,1,0
24,5,18,5,5240,303,0,40,2,8,0
33,1,21,5,5860,34,2,40,2,1,0
62,7,21,1,9645,5,1,50,1,1,1
63,1,16,1,530,39,0,50,1,1,1
75,7,12,2,2640,8,0,32,1,5,1
44,4,21,5,2310,18,2,38,2,2,0
18,1,16,5,2722,42,2,2,1,1,0
53,2,19,3,2751,12,0,60,1,1,1
50,6,16,1,4655,110,1,10,2,1,0
67,6,20,1,800,140,1,40,2,1,0
40,4,21,1,1108,6,0,40,1,1,1
55,1,22,1,650,40,0,45,1,1,1
56,2,19,4,3030,303,0,40,2,1,0
24,1,19,5,9620,48,2,35,1,1,0
53,2,22,1,230,36,0,50,1,1,1
60,1,18,1,440,48,1,40,2,1,0
48,1,20,1,1108,34,0,40,2,1,1
52,1,22,1,2310,24,1,50,2,1,1
41,1,19,4,7800,13,0,40,2,2,0
30,2,22,1,2310,17,0,40,2,1,0
53,1,21,1,7000,25,0,45,1,1,1
30,1,21,5,1021,9,0,40,1,1,1
65,7,21,1,8350,17,1,60,2,1,0
50,1,18,5,7120,26,0,45,1,1,0
48,1,17,1,4700,41,0,20,2,1,0
37,1,15,3,7360,18,13,60,1,1,1
30,1,16,1,440,51,1,40,1,1,0
68,2,22,2,3255,5,0,4,2,1,1
59,1,16,3,4720,18,0,60,2,1,0
40,1,20,1,3500,31,0,38,2,1,0
49,1,19,1,860,53,0,40,2,1,1
30,1,22,5,4700,51,2,45,1,2,0
37,1,19,5,4020,72,0,24,1,1,0
45,1,1,1,4710,210,0,50,1,6,0
19,1,18,5,4150,47,17,2,1,1,0
30,6,21,1,2360,36,0,55,1,1,0
36,1,16,1,410,42,1,40,2,1,0
65,7,17,1,4500,48,0,40,1,1,1
60,1,18,1,9645,19,1,40,2,1,0
45,5,22,1,5740,26,1,40,2,2,1
67,1,21,3,3255,12,0,40,2,2,1
40,4,22,1,2330,12,0,50,2,1,1
54,1,22,5,1021,34,10,50,2,1,1
53,4,22,1,2310,22,0,40,2,1,1
50,1,19,3,5240,16,0,40,1,1,0
54,1,16,1,3630,327,6,40,2,8,0
67,1,16,1,6120,19,1,3,2,1,0
38,2,21,1,705,6,0,40,1,6,1
24,1,18,5,8990,13,2,40,1,6,0
42,6,18,3,3602,457,0,45,2,2,0
38,1,20,1,800,36,0,35,2,1,0
63,1,20,1,4920,29,1,50,2,1,0
49,2,19,5,3550,8,0,40,1,1,0
35,2,21,1,3030,12,0,40,1,1,1
47,2,22,1,420,27,1,20,2,1,0
40,1,21,3,540,17,0,40,2,1,1
60,2,22,2,3255,42,0,40,2,1,1
32,1,20,1,5740,17,0,40,2,1,0
53,1,16,1,5240,17,1,40,2,1,0
60,1,19,2,7700,39,0,48,1,1,1
55,1,21,1,800,17,1,40,2,1,1
75,1,22,1,2002,42,0,40,1,1,1
19,1,19,5,4720,48,2,20,2,1,0
55,6,21,1,1460,27,1,60,1,1,1
59,1,18,1,4810,17,1,37,2,1,0
28,4,22,5,3150,36,13,40,2,1,1
25,1,20,5,7210,31,2,40,1,1,0
22,1,16,5,3648,9,2,40,2,1,0
36,1,23,5,1006,36,0,40,1,1,1
33,3,22,1,2310,72,1,40,2,1,0
46,1,21,1,2300,42,1,40,2,1,0
37,7,14,5,6260,26,13,40,1,1,0
57,1,16,5,9130,5,0,42,1,1,0
47,1,22,1,440,17,1,40,1,1,1
48,4,21,1,9030,8,0,45,1,1,1
36,1,16,1,6330,6,1,40,1,1,0
77,7,24,1,205,29,0,40,1,1,1
67,7,21,1,2350,21,1,35,2,1,0
42,1,16,1,8140,45,0,40,1,1,1
38,6,22,1,710,163,0,20,2,1,0
42,1,22,3,350,42,0,45,1,1,1
39,2,21,1,2310,48,0,40,2,1,1
56,2,18,1,4810,17,0,40,2,1,0
32,1,19,1,4830,6,0,40,2,1,0
36,1,18,1,6200,416,1,40,2,2,0
24,3,16,5,1050,42,17,30,1,2,0
47,2,20,1,350,39,1,45,2,1,1
26,3,21,5,2310,24,0,40,2,1,1
18,1,19,5,4055,39,17,15,2,2,0
55,1,21,3,410,25,0,50,2,1,1
18,1,18,5,4622,12,17,35,2,1,0
61,4,22,1,1640,36,0,40,1,1,0
56,3,22,1,2320,22,0,40,1,2,1
47,4,22,1,2310,16,0,30,1,1,1
20,1,19,5,4720,48,2,36,2,5,0
31,1,23,1,1460,53,1,50,1,1,1
60,4,22,1,2310,19,1,40,2,1,1
38,1,16,3,7750,48,13,40,1,2,0
59,1,16,1,9210,31,0,50,1,1,1
68,7,21,1,2310,6,1,30,2,1,0
28,1,19,1,9130,6,0,45,1,1,0
34,2,22,1,2310,39,1,40,1,1,1
55,1,19,1,4220,56,0,40,1,1,0
22,5,20,5,9825,37,17,60,1,1,0
23,2,21,5,3255,47,13,36,2,1,0
24,1,20,5,4521,247,10,12,2,6,0
50,1,20,1,5120,29,1,40,2,1,0
29,4,21,1,1420,210,1,48,2,6,0
45,1,16,1,220,48,0,50,1,1,0
19,4,18,5,4030,40,17,20,2,9,0
38,1,19,1,5000,36,0,40,1,1,0
50,1,22,1,6200,132,0,40,1,1,1
61,1,20,1,3255,37,0,36,2,1,0
50,4,20,1,3255,9,0,64,1,1,1
29,1,19,5,3645,56,7,40,2,9,0
50,1,18,1,7700,51,0,40,1,1,1
74,6,22,1,2040,20,0,6,1,1,1
49,1,21,1,4700,12,1,65,2,1,1
40,1,22,1,440,42,0,50,1,1,1
55,1,24,1,850,224,0,65,2,1,0
24,1,18,5,9645,36,0,60,1,1,0
42,1,22,1,2310,51,1,40,2,1,0
62,6,19,3,4820,6,0,35,2,1,0
23,1,16,5,3603,21,13,40,2,1,0
49,1,16,1,6230,42,1,50,1,1,1
43,4,21,1,2014,27,0,40,1,1,1
47,1,21,1,440,47,0,70,1,1,1
53,2,21,1,2040,18,0,50,1,1,1
53,1,21,1,3255,233,0,40,2,6,1
52,1,15,3,7700,36,0,40,1,1,0
62,1,16,1,845,36,1,40,2,1,1
52,1,16,3,4720,37,2,33,2,1,0
55,1,21,1,4840,39,0,50,1,1,1
25,1,20,5,4700,36,0,20,2,1,0
33,3,21,3,2310,37,0,40,2,1,0
40,4,17,5,9600,42,17,20,1,2,0
74,1,16,3,4965,18,0,30,2,1,0
64,1,16,3,4720,2,0,25,2,1,0
54,1,19,2,9645,48,0,40,1,2,0
39,4,24,1,2205,11,0,40,2,1,1
69,1,1,3,5120,19,0,2,2,1,0
47,4,19,1,4600,36,0,32,2,1,0
42,1,17,1,4720,29,1,40,2,1,0
43,4,19,1,705,46,1,50,1,1,1
35,1,21,5,4020,55,12,50,1,1,0
39,7,16,1,7315,13,16,60,1,1,0
57,1,20,1,3310,55,0,36,2,1,1
21,1,19,5,2205,2,17,25,2,1,0
68,1,15,5,6230,38,0,80,1,1,1
52,6,20,1,7200,53,1,40,1,2,0
58,3,21,1,2545,6,0,28,2,1,0
51,1,21,1,4251,17,1,30,1,1,0
26,1,19,5,4000,50,2,25,1,1,0
39,1,16,1,7150,13,1,40,1,1,0
22,1,16,5,5522,116,2,18,1,1,0
56,1,22,3,2640,11,0,40,1,1,1
57,1,16,1,4220,36,1,40,1,1,0
61,1,19,5,4010,312,2,45,1,8,0
58,4,18,3,2545,36,0,30,2,1,0
56,6,19,1,8140,13,1,40,1,1,0
34,1,18,1,5240,53,1,40,1,1,0
30,1,21,5,3500,22,0,20,2,1,0
47,1,21,1,1240,36,1,30,2,1,1
29,1,21,1,3220,427,1,20,2,2,0
72,1,16,1,5610,47,0,16,1,1,0
29,1,17,5,5740,29,2,14,2,1,0
29,6,21,5,2840,9,13,45,1,2,0
55,6,16,1,6200,26,0,40,1,1,1
43,1,21,5,2180,39,0,40,2,1,0
33,1,12,1,7260,39,2,40,1,1,0
36,4,21,5,2310,48,2,55,1,1,1
55,1,6,1,4140,303,6,35,1,8,0
48,1,22,1,1240,48,0,45,1,1,1
64,1,20,5,3030,39,13,40,2,1,0
50,1,23,1,3050,36,1,40,2,1,1
38,1,21,1,1021,36,0,45,1,1,1
47,1,22,5,1360,34,0,45,1,1,1
63,7,16,3,350,6,2,30,1,2,1
58,1,21,1,630,36,1,25,2,1,0
34,1,18,1,4600,26,1,16,2,1,0
69,6,21,1,2360,29,1,45,2,1,0
44,1,20,1,440,48,1,55,1,1,1
20,1,19,5,5240,29,12,40,1,1,0
52,1,12,1,4810,327,1,40,2,1,1
68,1,16,1,4510,447,1,35,2,2,0
39,2,16,3,5940,48,0,10,2,1,0
19,1,18,5,4720,6,4,25,1,8,0
54,1,21,1,4700,210,6,40,1,6,0
50,1,16,5,4251,6,13,35,1,1,0
35,1,22,1,2004,6,0,50,2,6,1
28,1,22,1,1021,231,0,45,1,6,1
41,1,19,1,5600,6,1,40,1,1,0
18,1,16,5,4720,6,4,5,2,1,0
73,1,16,3,51,42,0,45,1,1,0
50,6,19,1,5610,48,0,24,1,9,0
40,1,22,1,800,240,0,40,2,6,1
30,8,18,1,4920,303,1,40,1,8,1
52,1,1,3,7210,4,0,40,1,1,0
58,1,19,1,6230,311,0,48,1,1,0
63,1,19,1,9130,22,0,40,1,2,0
69,2,16,1,5820,13,1,32,2,1,0
35,1,16,1,4020,303,0,8,1,9,0
38,6,21,1,2360,27,0,28,2,1,0
59,1,16,2,4020,39,0,40,2,1,0
61,6,21,3,4700,5,0,20,2,1,0
58,1,18,3,7950,19,0,40,1,1,0
23,5,18,5,4655,213,17,40,1,1,0
27,1,16,1,5260,6,2,40,2,1,0
70,1,19,3,4850,38,0,50,2,1,1
39,3,16,1,6730,31,1,15,1,1,0
47,1,16,1,8990,27,0,50,1,1,1
25,1,21,5,440,36,15,40,1,1,1
28,1,18,5,9600,36,2,8,1,1,0
18,1,14,5,4720,34,2,40,1,8,0
58,1,16,1,9130,27,1,40,1,1,0
44,1,19,1,2014,16,1,40,2,1,0
36,3,22,1,2310,39,0,45,2,1,0
51,1,9,1,4220,312,1,40,2,1,0
52,7,21,1,2640,212,1,30,2,1,0
54,1,19,1,9005,1,1,60,1,1,1
19,2,16,5,4622,9,17,56,2,1,0
43,6,16,1,9130,13,0,60,1,1,0
21,1,19,5,4640,27,17,8,1,1,1
23,1,21,5,6050,53,2,36,2,1,0
26,1,21,5,1021,6,0,40,1,1,0
60,1,19,1,410,129,0,40,2,1,1
52,1,16,1,5740,22,0,40,2,1,0
21,1,16,5,2545,34,17,42,2,6,0
32,1,21,5,5000,19,12,40,2,1,0
27,1,20,1,3255,39,1,30,2,1,0
48,1,20,1,1031,21,1,40,1,1,1
54,1,18,1,5860,36,1,40,2,1,0
62,6,16,1,4920,48,1,40,2,1,0
43,4,21,1,2310,20,1,40,2,1,0
20,1,19,5,2634,17,2,45,2,1,0
31,1,16,1,6355,53,0,45,1,1,1
19,1,16,5,4220,329,2,8,1,1,0
64,1,20,1,9620,48,0,20,1,2,0
26,1,21,5,4700,20,2,42,2,1,0
48,1,16,1,9130,30,0,50,1,1,1
52,5,24,5,5165,6,15,40,1,2,1
58,1,16,3,150,48,0,45,2,1,1
52,1,21,1,845,36,1,60,1,1,1
18,1,14,5,4720,48,2,6,2,1,0
28,1,21,1,120,36,0,40,2,2,0
50,1,12,1,6950,303,0,40,1,1,1
70,1,16,1,9130,39,0,40,1,1,1
65,1,22,1,8740,19,0,42,1,1,1
60,1,6,1,4140,303,0,38,1,8,0
25,1,16,1,4110,48,1,25,2,1,0
34,4,22,5,2310,39,0,50,1,1,0
25,3,21,5,2310,6,13,40,2,1,0
65,6,19,1,1555,34,0,2,1,1,0
58,3,21,3,440,39,0,35,2,1,1
35,1,14,5,7610,327,15,6,1,2,0
20,1,16,5,4030,6,0,20,2,8,0
60,1,22,5,4720,6,0,35,2,1,0
59,1,16,1,4220,39,1,3,2,1,0
54,2,21,3,2014,28,0,40,2,2,0
63,1,16,1,9620,20,1,40,1,1,0
59,1,19,3,4710,22,2,45,1,1,1
18,1,14,5,4110,27,2,30,1,1,0
42,1,21,1,51,24,0,40,2,6,1
56,2,18,1,5740,12,1,40,2,1,0
48,2,24,1,2205,42,0,50,2,1,1
41,1,16,1,705,19,1,60,1,1,1
50,1,19,1,5260,25,0,40,2,1,0
52,2,22,3,2016,17,0,45,2,2,0
25,2,22,5,2350,6,0,55,2,1,1
60,1,21,5,5300,22,0,32,1,1,0
19,1,16,5,4760,6,2,30,1,1,0
61,1,18,3,7340,364,0,40,1,1,1
54,1,16,1,8225,1,0,40,2,2,0
27,1,16,1,6200,18,1,40,1,1,1
27,1,20,1,3255,12,1,99,2,1,0
62,1,14,1,9645,36,0,28,2,1,0
57,1,16,1,8740,26,1,40,2,1,0
37,1,16,1,4850,329,0,40,1,1,0
32,2,18,1,140,163,9,40,1,1,0
48,1,17,5,6515,39,16,45,1,2,0
38,1,15,1,4800,210,0,50,2,6,0
65,4,21,1,1108,39,0,40,2,1,1
52,1,17,1,4760,6,9,40,2,1,0
28,1,19,5,440,303,2,40,1,1,0
68,1,21,1,3050,1,0,35,1,1,1
68,1,23,1,3090,42,0,60,1,1,1
63,1,19,1,800,13,1,40,2,1,0
35,6,19,5,2752,39,0,20,1,2,0
66,1,24,1,3090,48,0,50,1,1,1
42,1,18,5,7010,240,0,40,1,6,1
47,3,22,1,4710,28,1,40,2,1,1
29,6,19,1,4525,44,9,40,1,8,1
52,1,19,1,4920,301,0,35,2,1,0
23,1,16,5,4720,32,0,40,2,9,0
32,3,21,1,2310,51,0,55,1,1,0
43,1,9,1,7220,303,0,50,1,1,0
70,3,21,3,2310,36,0,6,2,1,1
58,1,19,1,5940,22,1,40,1,1,1
31,1,16,5,9620,303,0,45,1,1,0
28,1,18,5,3500,26,10,40,2,2,0
19,1,18,5,3603,37,15,36,2,1,0
46,1,22,1,820,36,1,40,1,1,1
45,1,22,1,1320,42,1,40,1,1,1
36,7,19,5,4510,17,15,40,2,1,0
59,1,15,1,4710,6,1,40,1,1,0
63,1,20,1,4850,24,0,50,1,1,1
29,1,24,5,2205,231,0,40,1,6,1
59,1,22,3,4110,25,0,25,2,1,0
40,1,21,5,2640,39,13,40,2,1,0
33,1,22,5,1006,210,0,40,1,6,1
51,6,19,1,7200,27,0,40,1,1,0
65,4,16,3,4055,42,13,17,2,1,0
46,1,21,1,5240,42,0,39,1,1,0
24,1,16,5,4020,53,2,45,1,1,0
62,1,16,1,4700,6,0,45,2,1,1
53,7,21,1,7750,19,1,20,1,1,0
65,4,21,1,2310,29,0,8,2,1,0
32,3,21,1,2310,42,0,32,1,1,0
55,4,20,1,5400,36,1,35,2,1,0
44,1,21,1,52,36,1,40,2,1,1
56,1,18,1,1530,13,0,40,1,1,1
31,4,22,5,800,42,2,40,2,1,0
36,1,16,5,7810,55,0,45,1,1,0
40,4,22,5,2016,17,0,37,2,2,0
21,1,19,5,4720,39,0,20,2,2,0
57,1,16,3,4220,72,0,10,2,1,0
25,1,19,5,5610,4,12,28,1,1,0
32,3,17,5,4130,36,17,20,2,1,0
51,3,19,4,230,364,0,40,2,1,1
44,1,16,4,9645,13,6,40,2,1,0
46,1,22,1,440,207,1,40,2,6,1
31,1,16,5,4252,26,2,40,1,1,0
52,1,21,3,860,42,0,40,2,1,0
49,3,22,4,2310,42,0,40,2,1,1
31,3,18,5,3655,27,13,40,1,1,0
56,1,22,1,800,207,0,40,2,6,1
64,1,21,1,4920,42,1,40,1,1,1
44,1,16,1,7200,303,0,40,1,8,0
57,8,21,1,9620,35,1,75,2,1,0
49,1,13,3,8225,44,0,40,1,1,0
62,3,13,1,2545,17,1,37,2,1,0
61,7,18,1,10,36,0,45,2,1,1
80,1,18,3,5860,48,0,38,2,1,0
60,1,14,1,1021,501,0,45,1,1,1
60,4,16,3,4220,36,0,40,1,1,0
17,1,15,5,2350,207,2,4,2,6,0
54,1,18,1,4850,39,1,40,2,1,0
39,1,16,4,7855,6,2,40,1,8,0
21,2,19,5,4435,6,2,7,1,9,0
41,3,21,3,800,21,0,40,2,1,0
24,1,20,5,4720,36,12,30,2,1,0
52,1,20,3,6200,9,0,40,1,1,1
52,1,16,3,4810,54,0,40,2,1,0
43,2,21,1,2752,48,1,4,1,8,0
20,5,16,5,4020,6,17,55,1,9,0
56,1,22,1,440,26,1,50,2,1,1
21,4,19,5,9620,9,17,3,2,1,0
56,1,20,1,5740,207,1,40,2,6,0
18,2,16,5,3960,36,17,30,1,1,0
70,3,21,2,2310,42,0,42,2,2,1
37,1,18,5,4030,364,0,25,1,1,0
28,1,21,5,3255,51,13,40,2,1,0
51,1,22,1,1021,207,0,40,1,6,1
45,1,21,5,5120,53,11,15,1,1,0
30,1,14,3,9130,48,16,95,1,9,0
51,5,16,1,5550,47,0,40,2,1,0
61,1,16,1,2633,1,0,25,2,1,0
49,6,14,1,440,303,0,50,1,1,0
56,1,21,1,705,18,1,45,2,1,1
51,6,16,1,220,139,1,68,1,1,0
29,1,18,5,4220,25,12,60,1,1,0
26,1,16,5,4350,6,2,32,1,8,0
23,1,21,5,5400,6,13,35,2,9,0
71,1,16,1,9350,25,1,40,1,1,0
58,1,20,1,4700,27,0,45,2,1,0
17,3,13,5,3960,6,2,10,1,1,0
65,1,20,1,8130,26,0,20,1,1,1
37,1,19,1,4760,48,0,60,1,1,1
51,1,21,1,4020,24,1,45,1,1,0
36,6,16,3,5120,32,13,30,2,1,0
20,1,16,5,4600,9,2,40,2,1,0
29,1,16,5,4020,48,11,40,1,1,0
23,1,19,5,4760,32,2,40,1,1,0
44,2,22,1,230,42,1,40,1,1,1
51,1,22,1,1760,6,0,52,1,1,1
19,1,16,5,7200,34,15,40,1,1,0
41,1,8,5,4230,303,0,40,2,1,0
56,6,23,1,2100,42,0,45,1,1,0
49,1,20,5,5522,13,2,48,1,1,0
43,7,21,5,7800,20,0,40,1,1,0
49,4,24,1,1650,207,1,40,2,6,1
25,1,16,1,4020,17,1,39,1,1,0
55,1,24,1,2850,55,0,16,2,1,0
29,1,18,5,5400,12,2,40,1,2,0
65,7,11,3,4220,42,12,40,1,1,0
57,1,21,5,350,40,0,36,2,1,1
39,7,18,1,4200,12,0,40,1,1,0
31,1,22,1,440,48,1,50,1,1,1
38,2,21,1,2040,33,1,50,1,1,1
34,1,18,1,110,39,0,40,1,1,1
19,1,18,5,4720,48,2,30,1,8,0
71,2,22,1,845,37,1,60,2,1,1
56,1,22,1,1021,25,0,40,1,1,1
30,1,22,5,1108,27,12,50,2,1,1
23,5,16,5,6835,48,17,96,1,8,0
19,2,16,5,9645,39,2,10,1,1,0
57,3,24,1,230,139,0,40,2,2,1
57,2,21,1,230,17,1,50,2,1,1
58,1,22,1,705,53,0,50,1,1,1
84,6,16,1,4510,6,1,12,2,1,0
22,2,15,5,4220,48,3,40,2,2,0
19,1,18,5,4940,36,2,20,1,1,0
59,3,19,1,4220,1,1,40,1,1,0
60,1,22,3,2014,36,0,37,2,1,1
45,1,16,1,8140,48,1,40,1,1,1
39,4,24,1,2545,207,0,40,2,6,0
53,1,21,1,4760,215,2,40,2,6,0
60,1,22,3,1050,37,0,20,2,1,1
34,1,22,1,5740,39,1,3,2,1,0
26,1,16,4,4220,314,0,40,2,1,0
54,1,21,1,4760,47,0,10,2,1,0
29,1,19,5,5860,24,2,40,2,1,0
45,1,21,1,5120,8,0,50,1,1,1
29,1,16,1,6260,303,0,45,1,1,1
64,1,16,1,8740,13,1,40,1,1,0
55,6,23,5,350,34,6,40,2,1,1
47,3,20,5,3802,26,0,40,2,1,1
34,1,20,1,1032,365,0,40,2,1,0
19,6,19,5,4600,17,17,17,2,1,0
37,3,22,3,2320,6,0,35,1,1,1
45,7,17,3,860,29,0,40,2,1,1
54,1,20,1,5740,17,0,40,2,1,0
45,1,21,3,4000,329,0,40,2,1,0
44,3,22,1,2310,54,0,23,2,1,0
57,4,20,1,3255,26,1,40,2,1,1
26,1,24,5,5860,6,2,12,1,6,0
19,1,16,5,4110,42,2,20,1,1,0
44,1,19,3,5240,5,0,80,2,2,0
19,1,18,5,4621,48,17,12,1,1,0
53,4,18,1,1108,47,0,40,2,1,0
64,1,23,1,2100,36,1,48,1,1,1
54,1,16,1,4000,327,1,60,1,1,0
19,1,16,5,4000,303,2,30,2,1,0
56,4,22,1,2320,39,0,50,1,1,1
68,1,19,3,4920,42,0,30,1,1,1
19,2,18,5,4435,45,17,20,1,2,0
23,5,19,5,9830,6,17,50,1,2,0
56,1,21,3,3620,72,0,35,2,1,1
64,3,20,1,1050,37,0,15,1,1,1
48,6,19,1,3603,42,1,20,2,1,0
30,1,22,5,2014,17,0,40,2,2,0
37,1,16,1,4750,17,1,50,1,1,0
57,1,18,1,8600,24,0,40,1,1,1
55,6,19,1,6260,6,0,32,1,1,0
27,1,21,5,4110,48,2,25,2,1,0
33,5,19,1,3603,5,1,40,1,1,0
32,3,19,1,3740,25,0,68,1,1,1
45,1,21,1,3255,246,1,70,2,1,0
28,2,23,5,9620,26,12,40,1,1,0
72,1,18,1,2300,18,0,4,2,1,0
56,2,21,1,2040,13,0,45,1,1,1
37,1,19,5,20,41,11,40,1,1,0
42,6,16,1,5850,11,1,52,2,2,0
41,1,19,5,310,48,0,40,1,1,0
56,2,19,1,4130,40,0,37,2,1,0
40,2,19,1,3645,6,0,38,2,1,0
37,2,21,1,350,110,1,50,2,1,1
30,1,20,3,7200,25,0,40,1,1,1
19,5,18,5,9825,18,17,60,1,1,0
34,1,13,1,5100,6,1,60,1,1,1
48,4,16,1,3602,6,0,50,2,1,0
56,2,22,1,2310,29,1,40,2,1,1
62,3,16,1,4220,18,0,40,2,2,0
62,1,19,5,9620,42,2,25,1,1,0
50,7,20,1,7700,26,0,55,1,1,1
64,2,21,1,5740,27,1,8,2,1,0
80,1,16,2,2170,30,0,84,1,1,1
37,1,18,1,5240,42,1,40,1,1,0
42,5,22,1,9410,247,0,40,1,6,1
33,6,17,1,4700,48,0,50,1,1,1
31,1,21,5,2640,6,13,45,1,2,1
37,1,18,3,5240,41,11,25,1,1,0
27,2,21,5,3255,25,2,40,2,2,1
42,1,21,1,9620,436,0,30,1,1,0
26,1,19,1,2740,16,1,40,1,1,0
29,1,18,5,4700,24,15,40,1,8,0
24,1,21,5,3255,19,12,40,2,1,1
55,3,22,1,440,27,0,40,1,1,1
52,3,21,2,3255,233,0,38,2,6,1
66,1,16,3,5120,55,0,40,2,1,0
27,1,23,5,2100,34,2,40,2,1,1
25,3,21,1,2310,27,1,30,1,1,0
45,1,20,3,7150,51,2,40,1,1,0
57,1,18,1,3321,17,1,40,2,1,0
52,1,21,1,310,54,0,40,1,1,0
66,1,22,1,1360,24,1,45,1,1,1
54,1,16,5,8140,29,0,40,2,2,0
49,1,20,1,4700,22,1,60,2,1,0
38,1,20,1,220,39,0,50,1,1,1
53,1,22,1,800,214,0,50,1,1,1
20,2,19,5,8255,12,17,12,2,1,0
53,1,18,1,160,42,0,40,1,1,0
50,1,21,1,1021,22,1,40,1,1,1
56,3,21,1,3710,1,0,29,2,1,0
34,2,21,1,1108,29,0,45,1,1,1
38,5,19,1,9030,9,0,45,1,1,1
54,1,16,1,5000,2,0,40,1,1,1
66,3,22,5,4760,51,0,40,1,1,1
35,1,21,1,4840,25,0,40,1,1,1
19,1,19,5,2545,242,0,5,2,6,0
40,1,17,1,9620,39,1,40,1,1,0
29,1,22,3,1750,212,0,45,2,1,1
44,1,22,1,440,42,0,42,1,1,1
53,1,16,1,5410,22,1,65,1,1,1
22,1,19,5,4760,15,15,40,2,1,0
44,1,23,5,2100,13,0,35,1,2,0
30,1,19,5,5740,49,0,40,2,1,0
54,1,18,3,9050,39,15,20,2,1,0
32,1,18,1,705,24,0,60,1,1,1
61,5,21,3,5550,6,0,40,1,8,1
18,1,16,5,5420,53,2,4,1,1,0
37,1,16,5,7220,53,13,80,1,9,1
61,1,20,1,3255,17,1,36,2,1,1
39,6,21,1,4230,362,1,25,1,8,0
21,1,16,5,4150,47,2,20,1,1,0
30,1,20,5,4010,1,2,42,1,1,0
38,4,22,1,2310,209,0,40,2,6,1
56,1,23,1,1360,6,1,54,1,1,1
49,1,16,1,5400,18,0,36,2,1,0
45,1,19,1,1106,42,0,60,1,1,1
35,3,23,5,2100,36,13,60,1,9,1
47,4,16,1,3802,48,1,40,1,1,0
32,3,16,1,1530,6,1,40,1,1,0
58,1,15,3,6260,37,2,45,1,1,0
18,1,18,5,5860,6,17,30,2,6,0
56,7,20,1,340,36,0,85,2,1,0
53,1,22,3,800,42,0,20,1,1,0
49,1,18,3,530,18,0,40,2,1,0
47,1,18,4,9620,40,0,66,1,2,0
19,1,19,5,4150,42,17,20,1,1,0
56,3,21,1,4210,9,0,45,1,1,1
18,1,18,5,4055,39,2,8,2,1,0
52,1,16,1,9130,17,1,40,1,1,1
31,6,16,1,4600,6,1,40,2,9,0
37,2,21,5,3255,6,0,36,2,1,1
50,1,21,1,4965,34,1,45,1,1,1
20,6,16,5,1010,49,2,15,1,1,0
45,1,19,1,710,210,0,40,2,9,1
54,1,22,1,110,29,1,55,1,1,1
53,5,21,1,3945,18,1,40,2,1,0
35,1,21,1,9130,164,1,40,1,1,1
17,1,14,5,5860,6,2,15,1,1,0
49,1,23,1,3090,40,0,55,2,1,1
53,5,21,3,1970,25,0,40,1,1,0
53,1,19,1,10,51,0,40,2,2,0
52,1,16,3,7340,27,0,35,1,1,0
25,1,19,5,5120,51,0,40,2,6,0
22,2,21,5,2722,17,2,6,2,1,0
44,6,21,5,4760,45,2,30,1,1,0
64,3,21,1,136,53,0,30,2,1,1
38,1,18,1,1050,6,1,40,1,1,0
45,1,16,1,4850,47,0,70,1,1,1
31,2,21,5,2014,12,13,40,2,1,0
51,1,21,3,440,36,0,40,2,1,1
31,1,21,1,705,48,1,50,2,1,1
47,1,21,1,565,6,0,50,2,1,1
34,1,21,1,5550,6,2,40,1,8,1
51,1,1,1,1108,28,1,50,1,1,0
22,1,19,5,2350,332,2,8,2,2,0
23,1,19,5,5740,26,0,40,2,1,0
53,1,21,5,5610,55,2,40,1,1,0
22,3,19,5,3840,29,12,30,1,2,0
46,1,21,1,4850,28,1,55,1,1,1
50,1,21,1,5330,26,1,45,2,1,1
50,1,22,1,850,163,1,50,2,1,1
58,4,21,1,1220,51,0,40,1,1,1
49,1,12,1,3610,29,1,45,2,1,0
64,1,16,1,5240,12,1,40,1,1,1
46,6,1,5,6515,303,13,75,1,1,0
19,1,19,5,4251,6,4,15,1,1,0
56,1,16,1,5740,42,0,40,2,1,0
46,6,9,1,6410,314,0,30,1,8,0
30,1,16,5,3500,37,0,35,2,2,0
53,1,21,4,4010,17,0,50,2,2,0
59,1,20,1,1555,39,0,45,1,1,1
26,1,20,5,5240,28,4,40,2,1,0
37,1,16,3,7330,22,0,60,1,1,1
55,1,1,3,160,139,0,43,1,1,1
59,4,22,1,2310,18,0,50,1,1,1
31,1,20,1,310,36,0,60,2,1,0
53,1,17,5,6330,17,0,40,1,1,0
17,2,14,5,3960,13,3,20,1,1,0
38,1,21,5,4110,303,0,40,1,1,0
23,1,20,5,4055,51,13,13,1,1,0
48,4,15,1,4220,17,1,40,1,1,0
20,1,16,5,6230,42,2,40,1,1,0
44,7,22,3,710,36,0,48,2,2,1
32,1,24,5,60,469,0,50,2,6,1
61,4,19,1,6260,39,1,40,1,1,1
42,1,21,1,4820,51,1,45,1,1,1
70,4,22,1,230,34,0,40,1,2,1
44,1,21,1,5240,36,1,40,1,1,1
59,1,19,1,9645,329,0,28,1,1,0
33,1,21,1,300,17,0,60,1,1,1
59,2,20,1,5400,12,1,40,2,1,0
30,2,22,1,410,16,2,40,1,1,0
74,7,16,1,6260,51,1,40,1,1,1
57,1,18,1,4700,109,1,50,1,1,1
54,1,16,3,4700,6,0,45,2,1,0
29,1,21,5,440,6,0,40,1,2,1
54,1,16,4,4020,42,0,20,2,1,0
26,1,21,5,540,51,0,47,2,2,0
51,1,16,5,350,37,0,40,2,1,1
32,1,21,5,230,4,0,45,1,1,0
36,1,21,1,2360,48,0,3,2,1,0
29,1,19,5,9645,37,17,40,2,2,0
20,1,19,1,310,6,2,20,2,1,0
44,6,22,1,7700,20,0,45,1,1,1
39,6,21,1,4600,36,0,3,2,1,0
42,1,8,3,8990,312,0,40,2,1,0
29,1,22,1,2310,9,0,40,2,1,0
41,1,20,1,8990,18,1,40,1,1,0
25,1,20,5,5710,303,0,38,2,1,0
18,1,20,5,4055,48,12,30,1,1,0
23,1,13,5,9645,36,2,30,2,2,0
24,1,16,5,6200,303,13,40,1,1,0
60,2,20,3,9141,45,17,50,1,1,0
30,3,21,1,2320,34,0,38,1,1,0
29,1,21,1,2025,51,0,40,2,1,0
29,2,22,1,2060,210,1,40,1,6,1
53,3,16,3,5820,12,0,40,2,1,1
32,1,16,1,4600,303,1,35,2,8,0
19,1,20,5,4720,48,2,12,2,8,0
20,1,16,5,4965,25,2,40,1,1,0
36,1,16,5,8740,303,0,40,2,1,0
63,3,22,1,2205,55,0,32,1,1,1
28,3,19,1,3870,12,0,65,1,1,1
51,1,20,3,3255,40,0,40,1,1,1
45,6,17,3,440,6,0,50,2,1,1
28,1,21,5,2640,39,2,40,2,1,1
48,5,20,3,5540,12,13,30,2,1,0
55,2,14,5,8740,16,17,40,2,1,0
20,5,19,5,9825,27,17,40,1,1,0
32,3,22,1,2310,39,0,45,2,1,0
46,1,24,1,1006,72,0,40,2,1,0
53,1,16,5,9610,39,0,40,1,1,0
23,1,19,5,3930,34,5,20,1,1,0
31,1,20,5,3323,6,2,40,1,6,1
42,1,21,3,3255,36,0,40,2,1,1
45,2,19,2,5940,364,0,45,2,1,0
51,3,16,1,3870,47,1,60,1,1,0
47,4,21,1,2014,54,1,50,2,1,0
58,1,21,1,20,100,0,40,1,1,1
38,1,16,1,6050,72,1,30,1,1,0
52,1,16,3,6442,37,2,32,1,1,0
29,1,16,5,5860,6,2,40,2,8,0
27,2,16,5,2300,36,0,50,2,1,0
52,1,16,1,4040,27,1,30,1,1,0
42,1,16,3,4850,6,0,40,2,1,0
21,1,20,5,4020,51,2,10,2,1,0
64,7,23,1,3010,138,0,36,1,1,1
55,7,12,3,7200,303,13,20,1,8,0
20,1,16,5,9640,35,2,40,1,1,0
38,1,17,1,6355,37,1,45,1,1,0
38,1,22,1,120,39,0,70,1,1,1
27,1,16,5,6520,8,0,40,1,1,0
52,1,20,2,5860,9,0,40,2,1,0
34,6,19,1,6230,36,0,40,1,1,0
53,1,16,1,9130,29,1,40,1,1,0
40,3,22,1,230,66,1,45,1,1,1
32,5,19,1,4000,6,2,40,2,8,0
38,1,19,1,4920,6,1,40,1,1,1
64,1,17,1,10,5,1,40,1,1,1
50,1,18,1,3603,333,0,42,2,2,0
32,1,19,5,5740,17,0,30,1,1,0
21,1,16,5,230,8,2,40,1,1,0
42,1,20,1,1551,9,0,42,1,1,1
24,1,19,5,4040,39,0,25,2,2,1
32,1,14,5,4020,5,0,39,1,2,0
54,1,19,5,52,38,0,45,2,1,1
69,2,22,1,726,48,1,50,1,1,1
49,4,22,1,5940,49,1,40,1,1,0
69,1,19,3,9415,45,0,52,2,1,0
45,1,13,1,9645,6,1,35,2,1,0
28,1,22,1,1021,165,1,45,2,1,1
24,1,21,5,5860,4,0,30,2,1,0
32,1,21,1,725,26,1,35,2,1,0
58,1,19,1,6230,17,0,40,1,1,1
31,1,16,5,4760,48,7,40,2,1,0
30,1,21,5,4760,48,2,25,1,1,0
57,1,21,1,3200,31,1,40,2,1,1
49,1,20,1,4760,6,0,20,2,1,0
53,1,21,1,440,36,1,25,2,2,0
22,1,19,5,9620,29,12,30,1,1,0
46,1,22,1,440,26,0,50,1,1,1
48,4,18,3,5860,48,0,40,2,1,1
36,1,15,3,7200,36,13,40,1,1,0
23,1,18,5,7315,42,2,15,1,1,0
38,1,20,3,7510,37,13,43,2,3,0
47,1,20,1,3255,51,1,40,2,1,1
47,1,22,3,4710,41,0,40,2,1,1
32,1,21,1,3930,17,1,40,1,1,0
57,1,16,1,5110,48,0,40,2,1,0
29,1,20,5,7200,17,13,25,1,1,0
25,2,22,5,3150,17,0,40,2,1,1
66,3,20,1,3255,36,0,37,2,1,1
27,1,15,5,4720,6,2,12,2,1,0
18,5,16,5,7340,21,17,11,1,1,0
39,2,22,1,2360,23,0,30,2,8,0
63,1,21,1,1530,18,0,55,1,1,1
54,6,16,1,6260,21,1,20,1,1,0
49,1,21,1,1530,25,1,40,1,1,1
53,5,21,1,9645,1,0,40,1,2,1
41,1,21,1,10,55,1,60,1,1,1
42,3,21,3,2310,20,13,50,2,1,0
63,1,12,2,7150,128,6,40,1,1,0
62,1,16,2,20,48,0,40,2,1,0
33,1,20,1,1108,17,1,50,1,1,0
58,1,16,1,8800,6,1,40,2,1,0
60,1,19,1,3300,6,0,40,2,1,1
45,1,17,2,9600,1,0,40,1,2,0
37,1,21,3,8640,53,2,40,1,1,0
24,1,21,5,2310,18,0,50,2,1,0
62,1,16,2,9130,42,0,25,1,1,0
62,4,22,1,230,21,0,40,2,2,1
35,2,22,1,3255,20,1,40,2,1,0
28,1,16,5,440,233,10,40,1,6,0
21,1,19,5,3603,37,2,25,2,1,0
62,1,20,3,4120,21,2,12,2,1,0
42,1,20,5,5810,48,0,40,2,2,0
54,1,14,5,9130,48,0,55,2,1,1
37,1,21,1,1551,39,1,8,2,1,0
36,2,23,1,3090,48,0,80,1,1,1
62,6,21,3,4840,8,0,30,1,1,1
30,6,21,1,4950,26,1,10,2,1,0
50,1,16,1,160,49,1,44,1,1,0
21,1,20,5,4720,36,2,20,2,1,0
25,1,21,5,1021,6,0,80,1,9,1
24,1,20,1,4720,1,0,40,2,1,0
46,1,12,3,4760,24,0,33,2,1,0
52,1,22,1,4710,17,0,40,1,1,1
26,1,17,5,4020,21,2,25,1,1,0
43,2,22,1,800,23,1,60,2,1,1
48,1,16,1,6305,55,1,45,1,1,1
52,1,21,1,1031,41,1,40,1,1,1
32,1,15,5,8990,47,16,60,1,2,0
21,1,21,5,4850,18,2,40,2,1,0
34,1,18,5,4720,303,0,30,2,1,0
31,4,21,5,2205,51,2,31,1,1,0
66,6,11,1,8750,217,0,80,1,6,0
52,4,22,1,3255,15,1,40,2,6,1
26,1,19,1,4700,13,1,40,1,1,0
32,1,18,5,7700,6,0,40,1,8,1
32,2,24,5,3110,9,0,40,2,1,1
32,1,22,1,8610,2,0,70,1,1,1
21,1,17,5,4030,18,16,21,1,1,0
48,1,16,1,8990,233,1,30,2,6,0
47,6,22,1,4920,6,2,40,2,6,1
35,1,20,1,5740,18,0,25,2,1,0
38,6,20,1,4720,247,0,50,1,6,1
66,2,16,1,2025,25,0,40,1,1,0
18,1,19,5,4020,53,2,32,2,1,0
51,1,16,1,5400,36,1,16,2,1,0
48,1,13,1,4030,6,1,40,1,1,0
58,3,21,1,2310,41,1,40,2,1,1
60,1,16,1,2145,23,1,50,2,1,1
55,5,16,2,5550,42,0,42,2,1,1
30,4,21,1,1600,42,0,40,1,1,1
59,6,18,1,4920,48,0,80,1,1,1
55,7,23,1,2100,17,1,60,1,1,1
67,2,23,3,3250,33,13,2,1,1,0
44,1,20,1,5240,39,0,40,2,2,0
40,1,20,1,4700,233,0,40,2,6,0
79,2,17,5,4220,303,0,20,2,1,0
38,6,21,1,205,22,0,65,1,1,1
51,1,21,1,440,32,0,40,1,1,1
66,7,16,1,3930,5,1,35,2,1,0
60,2,19,5,8255,36,0,40,1,1,0
38,1,20,1,3645,12,0,36,2,2,0
58,1,20,3,60,32,0,60,2,1,0
38,1,18,1,7000,17,1,50,1,1,1
50,1,19,1,120,37,0,40,2,1,1
56,1,16,3,4010,370,6,25,2,1,0
63,2,20,1,5000,55,0,40,2,1,0
54,1,16,1,300,42,1,40,1,1,1
22,1,19,5,4350,55,12,35,1,1,0
17,6,14,5,4600,26,2,2,2,1,0
36,1,22,1,440,17,0,45,1,1,1
65,6,21,1,2850,17,0,35,1,1,0
37,1,12,4,7240,53,0,40,1,1,0
30,3,21,1,3870,48,0,42,1,1,1
77,1,16,2,5120,12,0,25,2,1,0
62,3,20,1,5420,301,1,38,2,1,0
30,1,22,3,220,39,0,55,1,1,1
57,1,22,1,4700,36,0,40,2,1,0
57,1,12,1,7855,40,1,40,2,1,0
47,2,17,1,4220,303,1,40,2,1,0
52,2,16,1,6305,42,1,40,1,1,0
53,1,15,1,6260,18,1,40,1,1,0
36,5,21,1,1021,11,1,40,1,2,1
49,1,20,3,3323,34,0,60,2,1,1
49,6,19,3,205,5,13,40,1,1,0
34,1,21,3,3603,6,15,50,2,6,0
30,3,22,1,2310,55,0,60,1,1,1
58,1,16,1,6050,20,5,40,1,1,0
57,1,20,3,800,48,0,40,2,2,1
57,2,16,3,4700,6,0,40,2,1,0
50,1,19,1,800,39,0,42,2,1,0
29,1,22,5,3030,18,0,40,2,1,0
40,1,16,1,220,27,1,55,1,1,1
53,1,21,1,2360,139,0,35,2,1,0
43,3,22,1,630,12,0,40,1,2,1
26,1,20,1,4850,4,0,50,1,1,0
25,1,21,5,4850,42,0,40,2,1,0
50,3,22,5,2145,36,0,37,2,2,0
44,1,16,1,5740,24,1,38,2,1,0
18,1,18,5,9645,51,0,32,1,1,0
35,1,19,5,3930,36,2,55,1,1,0
42,1,16,1,9130,22,0,50,1,1,1
26,1,21,5,4850,17,13,40,1,1,0
64,7,23,1,3090,36,0,60,1,1,1
18,1,14,5,7220,39,2,15,1,1,0
46,1,11,1,3640,372,1,40,2,1,0
32,1,20,5,630,48,12,45,1,1,1
54,6,21,1,440,321,1,45,2,2,0
51,7,18,1,5860,29,0,30,2,1,0
64,1,20,1,20,51,0,50,1,1,1
37,2,22,1,230,6,1,30,2,8,1
62,3,22,1,5820,39,1,40,2,1,1
21,1,16,5,3930,25,4,39,1,1,0
34,1,21,5,3255,18,0,50,2,6,1
72,1,22,1,3245,6,0,20,2,1,0
27,6,11,1,4230,39,1,6,2,1,0
57,1,16,1,9620,36,0,40,1,2,0
55,1,21,1,1050,341,1,18,2,2,0
65,7,21,1,4465,37,1,40,1,2,0
18,1,20,5,4020,247,2,16,1,6,0
62,1,19,1,310,6,0,40,1,1,1
59,1,18,1,7340,37,1,40,1,1,1
39,1,19,5,3602,27,0,47,2,1,0
24,1,19,1,4760,6,0,30,2,1,0
68,1,21,1,4220,17,0,24,1,1,0
26,1,20,5,5100,51,2,40,2,2,0
64,3,21,1,2360,26,0,3,2,1,0
59,4,17,1,9510,6,1,48,1,1,1
29,1,13,1,6050,12,1,55,2,1,0
44,5,20,1,800,138,1,40,2,1,0
52,7,21,1,2435,6,1,55,1,1,1
55,1,19,1,4700,6,0,40,2,1,1
24,3,22,5,2205,12,0,40,2,1,0
27,1,16,1,9620,32,1,36,1,1,0
24,1,18,5,4220,29,2,40,1,1,0
41,6,20,1,205,31,1,60,1,1,1
46,3,20,1,5521,6,1,40,2,1,1
40,1,21,1,910,48,0,45,2,1,1
63,1,20,1,3255,36,1,40,2,1,1
61,1,18,1,5860,54,1,44,2,1,1
60,6,16,1,4020,17,1,48,2,1,0
20,1,19,5,4720,48,17,20,2,1,0
38,1,21,1,3255,42,1,40,2,1,1
64,1,16,1,4760,37,2,30,2,2,0
29,1,21,1,3310,42,0,36,2,1,1
62,1,16,3,4230,47,5,8,2,1,0
48,1,16,4,4700,53,0,42,1,1,0
28,1,16,1,4760,48,0,40,1,1,1
45,2,21,1,5600,53,0,37,2,1,0
33,2,22,5,2360,1,0,50,2,1,0
24,1,21,5,540,34,2,40,1,6,1
33,1,22,5,810,36,0,40,2,2,1
25,1,20,5,4760,13,13,15,2,1,0
29,4,21,1,540,38,0,40,1,1,1
38,4,22,1,2320,4,1,40,1,1,1
54,1,20,5,4600,39,0,40,2,2,0
33,1,23,1,2100,22,0,55,1,1,1
25,4,22,5,2310,53,13,60,2,1,0
61,1,16,1,7750,28,0,40,1,2,0
66,6,16,1,6230,18,0,40,1,1,1
36,4,21,5,2320,373,5,38,1,1,0
38,1,21,1,9310,6,1,60,1,9,1
23,3,21,5,2350,6,2,12,2,6,0
30,3,21,1,2310,13,0,50,1,1,0
59,1,22,1,4850,303,1,20,2,1,0
21,1,19,5,4720,72,2,24,2,1,0
24,1,20,5,4510,19,13,25,2,1,0
32,1,19,5,4840,20,0,40,1,1,1
31,1,22,5,2145,25,0,40,2,1,0
42,4,20,3,230,55,0,40,1,1,0
28,1,16,5,4720,26,15,40,2,1,0
58,2,16,3,7510,18,0,40,2,1,0
35,1,9,5,4220,303,3,40,1,1,0
42,1,20,4,440,39,0,55,2,1,1
43,1,19,1,20,17,1,50,1,1,1
68,7,1,1,6765,37,1,40,1,1,1
30,1,22,1,800,207,1,40,1,6,1
60,6,14,1,9130,39,0,70,1,1,1
61,1,20,4,5740,207,0,40,2,6,0
25,1,21,5,350,109,13,30,2,1,0
59,1,21,4,9130,34,0,70,1,1,0
60,1,12,1,8810,5,0,40,1,1,0
72,6,21,3,800,36,0,15,1,1,1
52,1,16,4,6050,303,12,50,1,1,0
44,1,7,4,7750,303,5,40,1,1,1
34,1,21,1,4760,36,2,30,1,2,0
60,7,1,1,4010,22,0,8,1,1,0
53,3,18,1,5740,34,0,37,2,1,1
18,1,16,5,4720,36,2,25,2,2,0
51,5,20,1,8740,36,0,40,1,9,0
34,1,20,1,440,6,1,32,2,8,0
52,1,19,4,3655,48,0,40,1,1,0
23,4,18,5,3870,29,2,40,1,1,0
18,1,16,5,5240,45,11,40,1,1,0
25,1,21,5,5230,6,2,40,1,8,0
35,1,16,1,120,12,1,40,2,2,1
40,1,21,1,800,42,1,34,1,1,1
45,1,22,1,1007,26,1,60,1,1,1
44,2,21,1,10,19,0,45,2,1,1
50,4,19,5,2310,37,0,8,2,2,0
62,1,16,1,4760,6,1,30,2,1,0
40,4,23,1,3090,24,0,50,2,6,1
18,1,18,5,4055,39,17,11,2,1,0
40,1,21,1,440,17,0,50,2,1,1
19,2,19,5,4720,45,2,20,2,2,0
41,2,21,5,2634,34,12,40,1,1,0
36,6,17,4,4600,28,11,35,2,1,0
41,6,22,1,2360,17,0,14,2,1,0
63,1,23,1,3090,36,1,60,1,1,1
54,5,16,3,5860,13,13,45,2,1,0
51,1,14,3,4200,1,0,53,2,1,0
18,1,16,5,6441,39,2,8,1,1,0
56,1,8,1,9130,303,6,50,1,8,1
34,1,21,1,1530,42,0,40,1,1,1
35,2,20,1,3324,12,0,40,2,9,1
54,1,19,5,7720,11,0,40,2,1,0
67,6,20,1,4251,48,0,30,1,1,0
36,2,20,1,4700,18,0,30,1,1,0
51,4,21,4,5860,329,0,36,2,8,0
68,1,19,2,630,26,0,40,2,2,1
36,1,21,1,440,29,1,40,2,1,1
20,1,16,5,5240,110,4,35,1,1,0
35,3,21,1,3740,36,1,40,1,1,1
25,1,19,5,5940,39,0,40,2,2,0
53,1,16,1,9122,15,10,40,1,1,0
43,7,19,1,4850,12,12,70,1,1,1
40,2,24,1,2205,39,1,40,1,1,0
32,1,19,1,5860,6,2,35,1,6,0
23,1,19,5,3602,48,2,10,2,1,0
22,2,19,5,4640,210,17,40,2,6,0
57,1,21,1,5000,48,0,40,2,1,1
63,5,20,1,1108,44,0,40,1,1,1
61,3,16,1,8255,51,0,37,1,1,1
58,5,24,1,750,36,1,42,1,1,1
58,6,21,5,2905,13,0,40,1,9,1
19,1,19,5,6355,27,2,40,1,1,0
35,1,22,1,3110,36,0,24,2,1,0
69,6,20,1,4600,36,0,45,2,1,0
27,4,16,3,5850,29,13,40,2,1,0
68,6,20,3,4251,25,0,3,1,1,0
39,1,21,1,4850,17,0,50,1,1,0
40,5,20,3,9810,5,0,45,1,2,1
50,5,24,1,2100,34,0,40,2,1,1
36,2,24,1,3090,17,0,65,1,6,1
67,3,21,2,2320,19,0,20,2,1,1
47,1,21,1,10,2,1,50,1,1,1
18,1,16,5,7810,48,2,40,1,1,0
22,1,21,5,5350,26,2,40,2,1,0
19,4,16,5,2350,4,0,12,1,1,0
63,1,9,4,4220,303,0,40,1,1,0
28,3,21,5,3230,25,13,45,2,1,0
35,1,19,1,4521,314,1,40,2,1,0
44,1,17,1,4220,37,17,2,1,1,0
59,1,20,3,5240,47,2,40,1,1,0
20,1,19,5,2700,109,2,4,2,2,0
26,1,12,3,4030,55,0,38,2,1,0
44,1,9,1,9640,303,0,45,1,1,0
67,1,15,3,9645,45,0,20,1,2,0
59,1,16,2,5400,25,6,40,2,1,0
39,1,21,1,2825,6,1,50,2,1,1
56,1,16,1,8225,42,1,24,1,1,0
35,1,21,5,2145,39,0,40,2,1,1
35,1,22,1,3258,55,0,36,2,1,1
33,1,22,5,2310,110,0,45,2,2,0
44,6,21,1,4920,47,0,40,1,1,1
53,1,18,1,3255,20,0,36,2,1,1
34,1,15,1,6050,303,0,40,2,1,0
53,1,19,1,3500,373,0,40,1,6,0
45,6,23,5,2100,9,0,30,1,1,0
41,5,18,5,5550,22,0,40,2,2,0
43,3,21,1,2310,29,1,40,2,1,0
17,1,13,5,7340,8,2,20,1,9,0
37,3,21,1,3870,53,1,40,1,2,1
41,1,20,1,7020,17,1,40,1,1,1
46,3,22,3,2310,42,2,45,2,1,1
34,1,22,1,800,48,0,55,1,2,1
40,1,21,1,530,21,1,44,1,1,1
43,1,13,1,6410,303,0,50,1,8,0
27,5,19,1,9030,34,0,60,1,1,1
53,2,16,1,9130,48,0,40,1,2,1
47,3,21,1,3720,36,0,45,1,2,1
21,2,18,5,5740,16,0,40,2,1,0
20,1,18,5,4010,37,0,50,2,9,0
57,5,21,3,2310,120,0,30,2,1,0
60,1,16,1,8800,55,1,40,1,1,0
37,1,14,1,4720,27,0,39,2,1,0
73,1,13,2,4950,20,0,10,2,1,0
68,2,21,1,5740,45,1,16,2,1,0
33,6,21,1,2600,48,1,40,2,8,0
51,2,23,1,2360,4,1,40,2,1,1
36,3,21,5,2310,40,2,40,2,2,0
47,7,21,1,440,47,1,50,1,1,1
35,1,17,3,4010,12,13,12,2,1,0
58,1,22,1,800,26,0,45,2,1,1
49,1,16,1,9122,31,1,40,1,1,0
55,1,19,1,3602,164,1,50,2,1,0
67,1,20,1,9130,37,0,60,1,1,0
26,2,19,5,9645,42,13,40,1,1,0
59,6,18,3,4210,12,2,45,1,1,0
24,1,16,5,9760,40,2,40,1,1,0
40,1,20,1,140,42,0,40,1,1,1
52,1,9,1,9620,303,0,40,1,8,0
30,1,16,5,9600,35,13,56,1,3,0
24,1,18,5,9620,41,2,60,1,1,0
49,1,21,5,9620,12,0,45,1,3,1
64,4,21,1,710,55,0,42,2,1,1
63,6,16,1,6220,42,0,40,1,1,0
21,1,16,5,5000,12,2,40,1,1,0
31,1,19,1,4600,36,0,40,2,1,0
30,1,18,5,4020,22,2,60,1,1,0
26,1,19,5,9645,41,0,14,1,1,0
34,1,1,1,6050,303,1,40,1,1,0
58,1,16,1,9620,12,0,40,1,1,0
18,1,14,5,4030,6,2,25,2,1,0
50,5,21,1,1530,30,1,40,1,1,1
57,2,19,1,1006,17,0,40,2,1,1
41,1,19,4,2300,329,0,40,2,8,0
33,2,15,5,4600,6,0,15,2,8,0
36,1,16,1,4760,29,0,40,2,1,0
68,1,16,1,5140,42,0,40,2,1,0
51,6,13,1,6260,51,0,40,1,1,0
54,7,17,1,6260,42,0,60,1,1,0
23,1,16,5,4720,36,2,30,2,1,0
58,1,16,1,5860,39,1,40,2,1,1
45,3,22,3,4600,17,0,25,2,1,0
45,4,21,1,3802,39,0,60,1,2,0
50,7,23,1,4920,215,1,40,1,1,0
64,3,19,1,5740,51,1,40,2,1,0
20,1,19,5,1050,13,0,15,2,1,0
48,1,16,1,4230,48,0,25,2,2,0
49,1,22,1,630,211,1,40,2,6,1
34,1,22,5,5110,37,0,40,2,2,0
50,1,21,1,5150,6,0,40,1,1,1
23,1,12,1,5610,12,1,30,2,1,0
36,3,21,1,5740,12,1,40,2,1,0
60,2,22,1,2014,42,0,40,2,2,0
60,1,21,3,3255,48,0,40,2,1,1
22,1,16,5,8740,6,5,40,1,6,0
18,1,14,5,4760,17,2,15,2,1,0
40,1,16,5,5740,48,13,40,2,1,0
56,1,16,1,4000,207,6,40,1,6,1
59,4,16,1,4220,17,0,40,1,1,0
74,1,16,1,7340,42,0,35,1,1,0
23,1,19,5,4522,9,2,15,2,1,0
20,4,19,5,2910,36,17,20,2,1,0
23,1,20,5,3424,36,2,40,2,1,0
35,2,22,1,420,54,0,45,1,1,1
20,2,19,5,2825,39,17,30,1,1,0
35,1,16,1,9142,55,0,40,1,1,0
26,1,16,5,4230,72,0,40,1,8,0
42,1,17,5,8140,19,13,40,2,1,0
66,7,19,2,4700,303,0,40,2,1,0
63,3,14,1,6740,28,0,40,1,2,0
19,5,16,1,7000,12,0,45,1,1,0
31,7,21,5,4920,37,2,80,1,1,0
39,4,24,1,2310,6,0,40,1,8,1
35,1,21,5,5860,42,12,30,2,1,0
43,2,16,5,1108,42,0,40,1,1,0
30,1,16,3,4720,31,0,15,2,1,0
39,1,20,1,20,22,1,40,1,1,0
29,1,21,5,2825,9,12,45,2,1,1
62,1,19,3,9620,53,10,25,1,1,0
37,1,1,1,5400,35,1,40,2,1,0
34,3,22,5,2310,6,2,50,1,1,0
73,6,16,5,4700,25,0,65,2,1,0
21,3,18,5,4020,303,2,40,1,8,0
53,3,22,3,3870,48,0,40,1,1,1
34,1,21,1,4110,17,0,40,1,1,0
30,2,18,5,7140,6,0,40,1,1,0
24,1,16,5,9620,6,2,33,1,8,0
73,2,19,1,5860,41,1,40,2,1,0
47,1,22,1,4710,427,0,40,2,1,1
38,1,20,1,5240,26,1,35,2,1,0
41,6,19,1,10,56,0,35,2,1,0
35,4,19,5,8140,19,16,16,1,2,0
62,1,19,3,5140,17,13,40,2,1,0
32,1,21,5,4110,42,0,30,2,1,0
39,4,15,5,3601,42,2,25,2,2,0
47,6,21,1,4920,9,0,30,2,1,1
37,2,20,1,5940,1,0,24,2,1,0
38,1,16,1,440,6,0,50,1,8,1
72,6,20,1,440,138,0,40,1,1,1
59,1,14,1,230,1,1,40,1,2,0
70,1,17,2,410,16,0,40,2,1,0
51,1,16,1,5600,42,1,40,2,1,0
30,1,22,5,20,22,0,45,1,3,1
30,1,22,5,51,20,0,40,1,1,1
69,1,19,3,1410,24,0,40,1,1,1
61,1,21,1,1320,9,0,40,1,1,1
72,6,16,3,4850,24,13,15,1,8,1
29,1,17,1,5240,39,1,40,1,2,0
56,6,16,1,205,20,0,60,1,1,1
40,4,14,5,3421,37,15,40,2,2,0
32,1,19,5,3603,26,0,36,2,1,0
22,1,21,5,4720,25,2,16,2,1,0
60,1,16,1,9130,17,1,50,2,1,0
47,6,16,1,6410,139,1,30,1,1,0
43,6,19,5,4850,6,0,80,1,1,1
54,4,16,1,2545,5,0,40,2,1,0
62,1,21,5,3255,42,0,32,2,1,0
33,3,16,1,9121,22,1,20,2,1,0
43,1,21,1,1021,210,0,40,1,6,1
17,1,16,5,8300,4,2,20,2,1,0
38,1,19,5,6600,17,13,30,1,1,0
50,6,17,1,6230,37,1,55,1,1,0
60,1,18,1,9620,48,1,25,1,2,0
27,1,17,3,9130,37,13,55,1,1,1
57,1,17,3,800,233,2,40,2,6,1
36,5,20,1,630,48,1,55,1,1,0
50,1,16,1,9142,55,1,50,1,1,0
26,4,21,1,2320,233,0,40,2,6,1
53,5,21,5,3330,24,5,50,1,9,1
64,1,19,1,8740,45,0,40,1,1,0
69,1,18,1,3255,12,0,40,1,1,1
71,2,21,1,2300,34,1,20,2,1,0
39,1,17,1,3930,42,1,40,1,1,1
17,1,14,5,4251,23,3,35,2,1,0
19,1,19,5,4720,45,2,6,1,1,0
75,4,11,1,9122,11,1,15,1,2,0
63,1,21,1,3255,36,0,36,2,1,0
51,1,19,1,5400,6,0,34,2,1,0
55,1,20,1,1360,22,0,70,1,1,1
34,1,19,1,3520,6,1,18,1,1,0
53,1,23,1,3090,217,1,45,2,6,1
21,1,14,5,9640,17,12,40,2,1,0
45,1,7,5,8140,239,0,48,1,9,0
31,1,19,5,4760,6,2,40,1,1,1
26,1,14,5,6260,19,13,30,1,9,0
21,1,19,5,3602,24,5,25,2,1,0
21,5,19,5,9830,53,17,40,1,1,0
25,2,21,1,5710,25,0,40,2,1,0
40,1,22,1,2350,13,1,30,2,1,0
34,3,16,1,4020,47,1,8,2,1,0
45,1,17,1,9240,303,1,60,1,9,1
59,3,19,1,5240,40,0,40,2,1,0
36,1,20,1,3310,27,1,35,2,1,0
39,1,18,1,4720,6,0,25,2,1,0
31,1,19,3,1530,48,0,40,1,1,1
34,4,16,3,4220,47,16,30,1,9,0
30,1,16,3,8140,49,2,60,1,1,0
31,1,14,3,9645,6,2,40,1,8,0
54,1,18,1,4220,364,1,40,2,8,0
51,1,18,1,440,48,1,55,1,1,1
23,2,19,5,2004,207,11,35,2,6,0
26,1,20,5,4110,6,2,25,2,1,0
53,2,18,1,9121,40,1,40,2,1,0
23,1,18,5,3421,239,5,30,2,1,0
31,1,19,3,4110,51,0,33,2,1,0
49,1,20,1,5120,313,1,24,2,1,0
85,1,16,2,3602,40,0,12,2,1,0
37,1,19,1,5310,247,1,40,2,6,0
31,1,20,1,8740,39,1,40,1,1,0
63,7,22,1,710,6,0,40,1,1,1
43,1,16,1,5420,20,0,40,2,1,1
30,1,19,3,3645,47,0,85,2,1,0
41,1,22,1,5110,48,1,45,2,1,0
59,3,21,2,2310,27,0,39,2,1,0
34,3,20,1,3710,29,1,40,1,1,1
66,6,21,3,6115,36,0,50,1,1,0
66,4,19,2,9121,48,0,20,1,1,1
67,4,22,5,2005,24,0,32,2,1,1
57,1,21,1,5165,36,0,40,1,1,1
52,1,21,5,1720,55,0,50,1,1,1
56,4,22,1,2310,9,1,60,2,1,1
19,1,19,5,3960,24,2,20,1,2,0
58,1,21,1,9645,202,6,40,1,6,0
63,1,21,1,705,36,0,60,1,1,1
34,1,21,1,51,48,0,40,2,1,1
33,1,18,1,20,39,0,50,2,1,0
54,1,19,1,4220,233,1,40,1,6,0
28,1,17,5,9645,42,0,25,1,1,0
37,1,16,1,9645,327,0,35,2,1,0
40,1,21,1,1050,48,0,47,1,1,1
55,4,18,1,565,47,1,38,2,1,0
29,4,21,1,2300,37,0,40,2,1,0
25,1,20,5,9350,17,2,50,1,8,0
38,1,16,1,4110,48,9,40,1,8,0
72,6,11,1,205,38,0,30,1,1,0
57,1,16,1,4510,9,1,40,2,1,0
60,4,22,1,2002,38,0,40,2,1,1
29,4,22,5,2205,24,0,40,2,1,1
46,1,19,1,4850,6,1,40,1,1,1
61,3,20,1,5740,23,1,40,2,1,0
20,1,19,5,4720,48,2,28,1,1,0
41,1,17,1,6200,47,1,50,1,1,0
26,1,16,5,9650,440,12,40,1,2,0
26,1,18,1,9005,8,0,50,1,1,0
47,1,14,3,410,303,13,40,1,1,1
54,1,16,1,9130,47,0,40,1,2,0
19,1,16,5,4055,48,7,40,1,2,0
29,1,19,1,4240,13,4,40,1,1,0
64,4,21,1,2310,48,1,16,2,1,0
52,1,16,1,4700,36,0,84,1,6,0
32,1,20,1,4010,6,0,37,2,1,0
39,1,20,5,4700,13,2,40,2,2,0
57,2,21,1,230,19,0,40,2,1,0
57,1,21,5,1410,34,0,50,1,1,1
25,1,22,5,1460,210,10,15,1,6,0
53,2,21,1,2025,29,0,40,2,1,0
55,1,18,3,8140,18,15,48,2,1,0
27,6,18,5,4522,6,2,40,2,1,0
73,7,21,3,800,42,0,12,2,1,0
57,3,18,4,5400,37,0,18,2,2,0
39,3,19,2,3870,329,0,40,1,3,0
44,2,16,1,7220,26,1,40,1,1,1
49,6,16,1,9130,42,1,70,1,1,1
40,2,22,1,705,42,0,40,2,1,1
26,1,21,5,4850,26,2,40,1,1,0
49,1,9,1,4020,303,6,35,2,1,0
53,1,21,1,3602,233,0,41,1,6,1
45,2,20,5,3220,12,0,24,2,1,1
24,1,21,5,845,13,0,55,1,1,1
40,1,16,1,4510,26,1,40,2,1,0
18,3,14,5,9620,54,2,40,1,1,0
46,1,21,1,7100,42,0,40,1,1,0
48,1,21,1,1021,6,0,40,1,6,1
61,1,16,1,4720,48,0,40,1,1,1
68,6,24,5,1825,36,0,30,2,1,1
28,1,16,5,3421,32,2,40,1,2,0
69,1,19,3,4400,21,0,30,1,1,1
41,3,20,1,3255,19,0,36,2,1,1
53,6,17,5,6800,17,0,40,1,9,0
47,7,18,1,220,6,0,40,1,1,1
71,1,19,3,4850,34,0,4,1,1,1
61,2,24,1,3090,42,1,20,2,1,1
19,1,16,5,5240,13,2,25,1,1,0
55,1,17,3,3603,39,0,32,2,1,0
27,1,19,5,750,36,0,65,1,1,1
56,1,21,1,1306,13,1,16,2,1,1
40,1,16,1,7700,312,1,40,2,1,1
24,1,21,1,2310,49,0,40,2,1,0
52,1,16,1,5730,36,0,40,2,1,0
53,1,16,1,350,138,0,40,2,1,0
62,7,9,1,4110,223,1,40,2,6,0
21,6,14,5,6260,6,16,20,1,1,0
58,1,17,1,3930,72,0,40,1,1,0
61,1,16,1,9645,42,0,40,2,1,0
60,1,16,1,9645,53,1,20,2,1,0
37,3,18,1,6730,39,0,40,1,1,0
24,1,19,5,4720,13,4,35,1,1,0
59,1,14,1,4020,39,1,30,2,1,0
51,1,19,1,4810,27,0,40,2,1,0
51,3,11,3,4160,53,0,2,2,9,0
50,3,16,3,5740,36,0,45,2,1,0
41,1,12,4,1108,303,8,40,2,8,1
47,1,22,5,2310,39,0,50,2,1,1
32,1,16,1,220,362,1,40,2,1,0
23,1,18,5,4055,36,16,35,1,9,0
61,1,20,5,8760,56,0,40,2,1,0
54,3,20,1,9121,6,1,20,1,1,1
64,2,19,3,5740,138,0,40,2,1,1
30,1,15,1,7700,72,1,50,1,1,0
47,4,21,1,3870,25,0,55,1,1,1
51,7,21,1,2722,40,1,40,2,1,0
39,2,16,1,3602,41,1,55,1,1,0
57,1,17,1,4700,24,0,25,2,1,0
63,2,16,2,3601,303,0,22,2,1,0
31,2,21,1,1760,8,0,32,2,1,1
51,1,21,1,3255,440,0,32,1,2,1
37,3,19,3,4220,6,0,40,1,1,1
57,1,18,3,4700,13,0,40,1,1,0
59,2,21,1,2310,8,1,50,2,9,0
60,1,20,1,8730,8,1,40,1,1,1
43,1,21,1,4760,72,0,50,2,1,0
50,3,17,5,2014,51,2,45,2,1,1
62,1,16,1,9130,31,0,50,1,1,1
46,1,22,5,705,42,0,45,2,1,1
62,1,19,1,4850,34,0,25,1,1,0
60,2,21,3,2751,36,0,50,1,1,1
47,7,21,1,1530,53,1,60,1,1,1
61,1,18,1,3255,19,1,36,2,1,1
60,1,1,1,4210,303,0,60,1,1,0
56,5,16,1,5240,42,0,36,2,2,1
54,1,20,1,5860,36,1,28,2,1,0
42,7,21,1,10,6,1,96,2,2,1
23,1,21,5,3640,9,12,40,2,1,0
35,1,22,1,1006,247,1,40,1,6,1
58,1,19,1,6200,16,0,50,1,1,1
56,1,16,3,6050,55,0,40,1,1,0
21,1,19,5,4020,12,12,30,1,1,0
17,1,14,5,4720,6,2,18,2,9,0
31,6,16,5,4251,48,0,18,1,1,0
61,7,21,1,4210,13,0,40,1,1,1
26,2,19,5,420,25,17,40,2,1,0
34,1,19,1,8800,344,0,40,1,2,0
44,7,22,1,2810,55,0,50,2,1,1
58,4,24,5,2205,138,0,50,2,1,1
21,2,19,5,2016,6,2,18,1,3,0
56,1,20,1,3323,138,0,40,1,1,1
30,1,22,5,1031,210,0,40,1,6,1
31,1,22,5,1105,164,0,45,1,1,1
44,1,16,1,20,42,1,50,1,1,1
52,3,24,3,2310,47,0,45,2,1,0
38,1,21,1,860,17,0,70,1,1,1
46,1,16,1,5600,25,0,75,1,1,1
40,2,24,1,1650,207,1,40,1,6,1
55,3,19,3,9121,24,0,40,2,2,0
24,1,21,5,5120,47,0,40,2,1,0
69,1,22,5,4030,39,13,25,1,1,0
34,1,22,1,1400,210,0,40,1,6,1
51,1,19,1,6200,18,1,48,1,1,1
57,1,16,1,800,39,1,40,2,1,0
24,1,21,5,4020,27,2,32,2,1,0
34,6,16,5,4350,303,0,4,2,1,0
47,1,21,5,2850,6,12,40,1,1,1
43,6,23,1,3090,26,1,50,2,1,1
40,5,20,1,136,36,0,40,1,1,1
29,1,16,5,8100,233,2,40,1,6,0
25,1,18,5,9620,1,0,25,2,2,0
27,1,21,5,5740,24,2,40,2,2,0
24,3,16,5,3870,18,2,20,1,1,0
19,1,17,5,6260,4,2,40,1,8,0
40,1,21,1,4040,12,1,5,2,1,0
33,1,8,5,6200,311,13,50,1,8,1
34,1,19,1,440,20,1,49,1,1,0
51,1,19,3,5240,37,13,40,2,1,0
56,6,21,1,2330,25,1,30,1,1,0
37,1,21,1,4255,18,0,40,1,1,0
56,1,14,5,4220,12,0,40,1,2,0
67,1,21,1,1600,31,0,50,1,1,1
65,1,22,3,3421,36,13,40,1,1,0
44,1,23,1,850,12,0,60,1,1,1
49,1,18,3,4920,34,0,20,2,1,0
57,1,1,1,6330,4,0,40,1,1,1
53,1,16,3,540,12,2,38,2,1,0
43,1,20,1,3255,39,0,70,2,1,1
27,4,22,5,1530,365,12,40,1,8,1
67,3,22,1,440,17,0,55,1,1,1
49,6,22,5,4820,9,0,60,1,1,1
30,1,19,4,5510,48,2,55,1,2,0
44,3,20,5,2310,34,0,32,2,2,0
25,1,20,5,310,72,2,39,2,8,0
43,1,16,1,5510,17,1,40,1,1,0
57,1,18,1,4920,27,1,40,2,1,1
63,2,21,1,420,19,0,50,2,1,1
32,1,18,5,5610,22,13,40,1,1,0
71,3,21,2,2545,34,0,8,2,1,0
20,4,18,5,5160,49,2,20,2,1,0
53,7,21,3,4621,55,0,38,2,1,1
24,1,16,5,4220,32,0,55,1,1,0
60,1,22,5,3050,37,0,40,1,1,1
27,3,19,5,5110,13,0,40,2,2,0
68,1,16,2,10,19,0,40,1,1,1
43,4,21,1,2310,165,1,40,2,1,1
44,1,16,1,9130,49,1,45,1,1,1
38,1,19,5,3601,48,0,40,2,2,0
55,4,22,3,230,332,0,50,2,2,0
56,5,21,3,930,26,0,40,2,1,1
58,2,19,1,2721,53,0,40,1,1,1
50,3,20,1,5820,9,0,40,2,1,0
25,1,21,5,52,12,0,56,2,1,1
18,1,18,5,4055,23,2,10,2,3,0
63,4,16,1,7315,39,0,45,1,1,1
49,1,16,1,6260,29,0,40,1,1,1
29,1,16,4,8140,48,2,60,1,1,0
65,5,22,1,1825,110,1,40,2,1,1
50,1,18,3,2640,12,5,40,1,1,1
42,3,19,5,9265,36,0,40,1,1,0
28,1,21,5,845,25,0,50,1,1,0
31,6,21,5,2360,36,0,45,2,1,0
55,1,16,4,8990,34,5,14,2,2,0
39,1,22,1,710,47,0,45,2,2,1
52,1,21,1,1650,233,0,40,1,6,1
50,1,21,1,440,53,1,58,2,1,0
36,1,15,3,4230,361,0,30,2,1,0
32,4,22,1,440,36,1,40,1,1,1
67,1,16,5,5240,26,0,40,2,1,0
46,2,16,2,3645,39,0,30,2,1,0
31,1,21,1,20,39,1,60,2,1,1
28,1,16,1,4510,17,1,25,2,1,0
41,1,21,5,102,26,2,43,2,1,1
60,1,19,1,10,36,0,40,1,2,1
32,3,21,1,2545,233,1,40,2,6,0
57,1,16,1,6460,42,1,40,1,1,1
39,1,21,1,800,36,0,40,1,6,1
46,5,19,1,5600,37,1,40,1,2,1
40,1,16,1,5000,29,1,37,1,1,0
57,1,16,5,5240,6,5,40,2,1,0
23,1,18,5,6305,17,4,50,1,1,0
31,1,21,5,5410,8,0,45,1,1,1
58,2,22,1,3602,36,0,30,1,1,0
67,2,22,1,2435,39,0,40,2,1,0
30,1,17,5,4700,27,12,60,1,1,0
32,1,21,5,1006,36,0,45,2,9,0
43,1,22,1,2310,27,1,45,2,1,0
39,6,21,1,2360,45,1,35,2,1,1
44,1,16,3,4700,54,4,60,1,2,1
17,3,14,5,5820,51,4,10,2,1,0
26,1,18,5,5860,6,12,50,2,8,0
30,1,21,1,3930,36,0,40,1,1,1
19,6,17,5,8830,25,2,16,1,1,0
21,1,14,5,4020,34,2,27,1,9,0
41,7,24,1,2100,28,1,60,1,1,1
59,1,16,1,3640,40,0,36,2,1,0
65,5,20,5,2006,27,0,40,1,1,1
77,1,21,1,10,36,0,20,1,1,1
55,1,18,3,3603,370,13,24,2,1,0
23,1,18,1,4810,26,2,50,1,1,0
68,1,21,1,3930,440,1,40,1,2,0
37,1,23,3,160,34,13,40,1,2,0
65,6,21,1,800,26,0,7,2,1,0
47,1,19,5,4700,6,0,48,2,1,0
34,1,16,1,3421,303,0,40,2,1,0
70,2,21,3,2545,6,0,20,2,1,0
55,1,16,1,7340,333,0,40,1,2,0
29,1,19,5,4110,53,0,30,2,2,0
31,1,21,5,3424,48,7,40,2,1,0
39,5,20,1,60,13,1,40,1,1,1
59,1,16,3,4220,17,13,40,1,1,0
56,3,22,1,2310,26,1,40,2,1,1
52,2,16,1,5000,45,0,40,1,1,1
70,1,16,1,9240,31,1,40,1,1,1
34,1,16,3,3300,42,0,40,2,1,0
49,2,16,3,8256,21,0,40,1,1,1
26,1,19,5,9620,48,2,45,1,1,0
24,1,16,5,1050,56,0,40,1,1,0
60,1,17,2,4220,18,0,37,2,1,0
48,1,19,5,5160,25,0,41,2,1,0
20,2,16,5,2350,51,2,10,2,1,0
50,5,21,1,5000,217,1,40,1,6,1
38,3,23,1,2545,37,0,40,2,1,0
60,1,19,3,8800,55,0,45,1,1,0
38,6,17,4,220,51,16,40,1,1,0
28,1,14,5,7220,40,0,90,1,1,1
60,1,17,1,7700,1,1,40,1,1,0
54,5,19,1,150,8,1,40,1,1,1
34,3,19,3,3740,13,0,53,1,1,0
45,1,21,3,800,29,0,40,2,1,0
35,3,21,1,2310,312,1,45,2,8,1
66,1,20,1,1720,23,0,68,1,1,1
24,5,21,5,2320,49,2,40,1,1,0
62,2,16,1,4010,49,1,68,1,1,0
83,3,18,1,5320,40,1,35,2,1,0
26,1,17,5,5240,36,13,40,1,9,0
23,1,16,5,3602,8,2,10,2,1,0
52,4,24,1,2310,1,1,40,2,2,0
43,1,19,1,705,48,1,55,1,1,1
41,1,20,5,440,6,2,40,1,1,0
27,2,22,1,2310,39,12,40,1,1,0
20,1,16,5,6260,47,4,40,1,1,0
68,1,19,2,5120,30,0,20,2,1,0
52,2,18,5,5260,303,2,40,1,1,0
34,1,21,1,1021,34,0,40,2,1,1
24,1,20,5,7800,48,13,30,2,1,0
60,2,16,1,3321,6,0,40,1,1,1
44,3,21,5,2015,48,2,40,2,2,1
51,1,21,3,20,53,0,40,2,1,1
45,6,12,1,9130,24,0,55,1,1,1
47,1,16,3,9122,9,0,34,2,1,0
59,2,20,1,5120,48,0,45,2,1,0
51,1,16,1,9130,28,0,50,1,2,0
60,4,18,1,8300,41,1,40,2,1,0
56,2,22,3,230,29,0,40,2,2,0
64,1,20,1,5240,36,0,40,1,1,0
18,1,18,5,4600,13,2,30,2,2,0
52,1,16,1,7925,34,17,55,1,2,0
27,3,18,1,3740,6,1,35,2,3,0
23,1,21,5,630,51,2,40,2,9,0
70,6,16,3,6442,34,5,50,1,1,1
42,1,19,1,1530,26,1,40,1,1,0
47,1,16,1,5000,35,1,40,2,1,0
44,1,20,1,5610,164,0,40,2,1,0
61,1,20,1,4600,48,1,5,2,2,0
31,5,21,5,1530,24,0,40,1,1,1
60,1,17,3,7020,26,0,40,1,1,0
62,1,16,3,1050,13,15,40,1,1,1
40,1,18,1,6441,312,0,43,1,1,1
35,1,21,1,7700,22,0,50,1,1,1
66,1,21,1,7000,18,0,48,1,1,1
46,1,20,3,5240,22,0,40,2,1,0
52,1,19,1,1021,34,0,50,1,1,1
34,1,20,1,4020,312,1,40,2,8,0
31,1,16,5,9130,27,0,70,1,1,1
36,1,21,1,3255,37,0,36,2,1,1
28,1,21,5,1555,47,0,40,1,1,0
28,3,20,5,5240,6,12,50,2,2,0
45,7,19,1,2830,26,0,40,2,1,1
36,2,22,1,350,19,1,45,2,1,1
50,1,21,5,110,30,0,50,2,1,1
57,2,18,1,2545,48,0,32,2,1,0
63,1,22,1,120,17,0,27,1,1,0
40,7,19,1,440,51,1,50,1,1,1
55,1,16,1,4230,40,0,40,2,1,0
26,1,13,5,8990,6,2,40,1,1,0
61,1,17,1,9130,53,1,40,2,1,0
55,1,21,5,540,8,0,40,2,1,1
44,1,19,1,4840,32,0,55,1,1,1
38,6,19,3,4760,48,2,40,2,1,0
27,1,19,5,9620,17,2,20,1,1,0
25,5,16,5,6230,53,2,40,1,1,0
55,1,22,1,2360,47,0,3,2,1,0
53,1,16,1,3601,46,1,40,2,1,0
61,1,6,1,6200,303,0,40,1,1,0
19,1,16,5,4110,45,2,25,2,1,0
52,6,20,1,4510,1,1,28,2,1,0
48,1,16,3,9142,6,10,40,2,1,0
65,5,22,3,800,29,0,42,2,1,1
52,3,21,1,2320,48,1,50,2,1,1
35,2,22,1,3550,6,0,40,2,1,0
46,1,19,1,3255,17,0,40,1,1,0
23,1,18,1,4230,313,1,14,2,8,0
50,1,16,3,9130,214,0,36,1,1,0
45,1,22,5,3150,34,0,27,2,1,0
22,1,16,5,4700,25,2,40,2,1,0
48,1,16,1,5110,39,0,42,2,1,0
20,1,18,5,3500,29,2,8,2,1,0
43,1,23,1,3050,5,0,40,1,1,1
28,1,22,5,1430,210,0,40,1,6,1
60,1,16,1,7700,47,1,42,2,1,1
61,1,19,3,5330,6,0,40,2,1,1
17,1,13,5,4720,5,7,40,2,3,0
64,4,16,1,1050,6,1,40,2,1,0
45,1,19,5,5610,37,0,40,2,2,0
62,2,16,1,9620,48,0,40,1,2,1
65,1,15,1,9510,39,1,40,1,1,1
23,3,20,5,5400,12,5,25,2,1,0
40,1,22,1,440,29,0,40,2,2,1
53,3,16,3,2545,55,0,45,2,1,0
67,1,20,5,2145,47,0,30,2,1,0
51,6,17,5,9121,36,0,25,2,1,0
40,6,16,1,6260,9,1,55,1,1,0
55,1,16,2,9620,54,0,39,1,1,0
50,4,16,1,440,36,1,50,1,1,1
64,1,17,1,9645,35,1,20,2,9,0
61,1,21,1,1010,29,0,40,2,1,1
52,1,16,5,9130,15,0,35,1,1,1
43,2,21,1,3255,42,0,40,2,1,1
24,1,19,5,8990,6,0,40,1,1,1
21,1,19,5,2905,12,17,25,1,1,0
27,1,21,5,4700,12,2,40,2,1,0
40,1,21,1,565,330,1,45,2,2,1
60,1,21,1,300,17,0,55,1,1,1
34,1,21,5,5400,17,2,40,2,8,0
62,1,16,4,5740,9,0,40,2,1,1
28,1,16,5,3602,22,0,40,2,2,0
26,1,19,4,4720,13,0,30,2,2,0
43,6,16,1,4230,303,1,25,2,1,0
31,1,21,5,3645,36,2,40,1,2,0
67,1,19,1,5120,42,1,20,2,1,1
65,2,16,3,5820,29,0,40,2,1,0
60,1,16,1,160,13,0,40,1,1,1
28,1,22,5,3110,18,0,50,2,1,1
74,2,23,1,3100,19,0,50,1,1,1
35,1,21,1,1108,18,0,40,1,1,0
31,1,20,5,4810,54,0,40,2,1,0
37,2,21,4,20,13,0,40,2,2,0
32,1,21,1,3255,27,1,40,2,1,1
42,1,18,1,6200,27,0,50,1,9,1
29,2,21,1,565,301,0,40,2,1,0
67,1,22,1,230,27,1,45,1,1,1
54,1,1,1,5000,6,10,40,1,1,0
76,4,21,5,5860,42,0,40,1,1,0
48,6,21,3,2805,25,2,40,1,1,0
52,4,19,1,750,53,0,45,2,3,0
47,1,22,1,440,12,0,35,2,1,1
19,1,19,5,4110,42,17,20,2,1,0
66,1,16,3,6200,42,0,45,1,1,1
62,3,21,1,2310,6,0,20,1,1,1
66,2,22,1,120,26,0,45,1,1,1
33,1,21,5,1006,17,0,40,1,1,1
47,1,22,1,10,36,0,60,1,9,1
23,1,21,5,540,17,2,37,1,1,0
31,6,22,1,4920,48,0,20,2,1,1
25,1,16,1,7160,48,0,45,1,1,1
22,1,16,1,4720,39,1,25,1,1,0
36,1,13,1,6850,48,0,80,1,1,0
53,1,9,3,8800,303,0,40,2,8,0
65,6,22,2,1825,120,0,8,2,1,1
63,1,18,3,4810,42,0,40,2,2,1
27,1,21,5,5240,18,2,20,2,1,0
54,1,16,1,2830,25,0,40,1,1,0
33,1,20,5,3255,34,0,50,2,9,1
49,1,19,5,4110,39,2,25,1,1,0
49,1,19,1,4700,42,1,35,2,1,0
42,1,17,1,9620,19,1,40,1,1,0
27,1,20,3,4030,32,2,24,1,2,0
32,1,21,1,51,37,0,50,2,1,0
22,1,19,5,1551,365,11,40,2,1,0
39,1,21,1,3255,55,1,40,2,1,0
57,3,22,1,440,6,0,50,1,1,1
36,2,21,3,5740,36,0,40,2,1,0
23,2,21,5,4435,27,7,35,1,1,0
33,1,22,1,630,36,1,40,2,1,1
46,1,22,1,2310,210,0,20,2,6,0
50,1,22,1,1460,210,0,70,1,6,1
18,3,18,5,4622,301,17,19,1,1,0
57,1,21,1,350,24,1,24,2,1,1
32,4,18,3,4710,333,0,35,2,2,0
36,7,24,1,3000,29,0,50,1,1,1
68,2,22,1,710,36,0,40,1,1,1
45,4,22,1,2310,36,1,40,2,1,0
64,7,19,3,5120,9,0,30,2,1,0
23,1,18,5,4150,4,2,30,2,1,0
62,6,21,1,5120,16,1,40,1,1,1
66,1,21,1,160,48,0,40,1,1,1
40,1,22,1,3230,30,1,28,2,1,0
42,1,4,1,8310,303,0,40,1,1,0
47,4,22,1,9121,39,1,40,1,1,1
54,1,21,1,5860,37,0,50,2,1,1
21,1,13,5,9645,36,2,15,1,9,0
40,1,20,5,8990,42,0,48,1,9,0
31,1,17,5,7200,45,13,37,1,1,0
66,1,16,4,4720,17,0,16,2,1,0
20,1,16,5,5240,51,2,25,1,2,0
73,1,16,1,5000,28,1,40,2,2,1
22,1,19,5,7750,47,2,30,1,1,0
46,1,21,1,3321,139,1,40,2,1,0
61,2,21,1,1006,39,1,50,1,1,1
53,1,19,1,4435,48,0,52,2,1,0
51,1,18,1,4760,48,0,40,2,1,0
24,1,16,1,1021,26,0,40,1,1,1
25,1,21,5,1050,12,0,30,2,2,0
46,1,21,1,1021,210,0,40,1,9,1
19,1,19,5,5240,48,3,40,2,2,0
46,1,16,5,150,247,10,40,2,6,1
34,1,21,1,850,210,0,45,1,6,1
34,1,14,5,4020,28,0,40,2,2,0
42,1,19,5,5140,48,0,40,2,1,0
36,1,21,1,1021,6,0,40,1,1,1
22,5,21,5,1555,27,12,40,1,1,0
17,1,15,5,4720,17,16,40,2,9,0
63,3,19,1,3740,39,1,50,1,1,0
54,6,21,3,3630,242,0,8,1,6,0
54,1,21,1,4760,18,0,60,1,1,1
32,1,21,1,120,31,1,45,2,1,1
18,1,18,5,4130,6,2,11,1,1,0
24,2,21,5,9620,39,2,17,1,1,0
32,1,21,1,440,48,1,70,1,1,1
63,1,18,1,520,26,1,45,1,1,0
62,1,21,5,5600,39,0,30,1,1,0
42,2,21,1,2014,42,0,40,2,1,0
38,1,16,5,9620,18,2,40,1,1,0
49,1,22,1,8620,213,0,40,1,1,0
43,1,21,4,640,36,0,55,2,1,0
44,1,20,5,5610,12,2,36,1,1,0
30,1,10,5,7810,313,12,40,1,8,0
72,7,23,1,3090,26,1,20,1,1,1
62,1,16,1,7700,39,1,48,1,1,0
50,1,11,5,8990,72,0,40,2,8,0
65,1,21,1,120,5,1,16,2,2,0
77,6,16,3,4700,6,12,36,1,1,0
39,1,21,1,51,42,1,40,2,1,1
50,1,19,1,9122,53,0,48,2,1,1
36,2,20,1,2050,47,0,8,2,1,0
48,4,22,3,2310,8,0,40,2,1,1
63,6,16,1,4510,41,1,18,2,1,0
48,1,22,1,1530,109,0,40,1,1,1
20,1,16,1,4760,6,0,45,2,1,0
77,4,22,1,2310,48,0,10,2,1,0
56,4,19,5,5150,26,0,40,1,1,0
68,7,19,1,20,36,1,60,1,1,1
30,3,22,1,2014,26,1,40,2,1,0
45,4,19,1,3870,6,0,40,1,1,1
42,1,7,1,7150,312,1,42,1,1,0
53,2,19,1,3645,18,1,40,2,1,0
32,1,21,1,630,210,0,40,1,6,0
71,6,21,1,1306,42,0,20,1,1,0
40,1,21,5,5710,6,0,40,2,8,0
64,1,16,1,8990,21,0,40,2,1,1
26,1,21,5,5240,39,0,40,2,1,0
22,1,18,5,3603,42,2,40,1,1,0
40,8,17,5,7700,26,0,40,1,1,1
50,1,17,5,4720,6,0,10,2,1,0
54,1,16,3,7420,42,0,60,1,1,1
45,4,17,5,8300,32,16,40,1,1,0
21,1,19,5,4030,126,12,20,2,1,0
67,1,16,1,4110,27,0,20,2,1,0
37,7,16,3,6442,36,0,80,1,1,1
65,2,16,3,3500,20,0,34,2,1,1
74,1,21,1,4760,21,1,18,2,1,0
29,5,18,3,9830,48,13,60,1,1,0
57,2,21,1,3255,42,0,30,2,1,1
54,1,16,1,4230,327,1,35,2,2,0
32,1,21,1,2310,20,1,40,2,1,0
37,1,22,1,800,36,0,50,1,1,1
54,1,21,3,3255,17,0,36,2,1,1
24,2,19,1,3645,26,0,40,2,1,0
43,2,22,1,540,42,1,40,1,1,1
18,1,18,5,4740,1,4,30,2,1,0
47,1,16,1,4220,247,0,37,1,6,0
44,7,16,1,600,16,0,40,1,1,1
32,2,20,1,230,19,0,40,2,1,0
63,7,16,1,9130,49,0,20,2,1,0
25,1,21,5,40,13,12,50,2,1,0
26,1,18,5,7925,42,2,40,1,1,0
56,1,11,2,7150,303,0,50,1,1,1
45,1,19,1,4700,6,1,45,2,1,0
66,2,16,3,3603,333,0,40,1,2,0
49,1,16,3,8450,18,0,39,2,1,0
44,1,17,3,8990,2,0,48,1,1,1
59,2,21,3,725,25,0,20,2,1,0
22,1,16,5,8720,55,12,40,2,1,0
21,1,16,5,4350,42,2,25,2,1,0
24,1,19,5,4600,12,2,40,2,1,0
32,1,21,1,9030,37,0,50,1,1,1
33,1,13,1,9645,12,1,20,1,1,0
68,7,21,1,7315,20,1,15,1,1,1
58,5,19,1,5740,41,0,40,2,2,1
48,1,16,1,1460,1,1,40,1,2,1
24,1,20,5,2634,21,2,40,2,1,0
42,2,16,5,3300,12,2,40,2,2,0
56,5,23,1,3603,231,1,24,2,6,0
18,8,16,5,6260,51,2,8,1,1,0
33,1,21,1,20,54,1,50,2,1,1
64,1,16,1,9430,8,1,30,1,3,0
54,1,21,1,4700,48,0,40,2,1,0
40,3,21,5,3870,55,0,40,1,1,1
46,1,21,1,1021,36,0,48,1,6,1
59,6,14,3,6410,27,0,6,1,1,0
58,2,22,2,2310,12,0,40,2,1,1
64,1,21,3,800,23,0,60,1,1,1
52,7,16,1,6260,35,1,55,1,1,0
18,6,16,5,4600,24,17,25,2,1,0
32,1,21,1,600,8,1,40,1,1,0
60,1,20,1,9130,17,1,40,1,1,0
39,3,21,5,2320,6,0,50,1,1,1
29,1,16,1,5610,8,9,45,1,1,0
67,7,21,3,630,17,0,40,2,1,1
24,1,18,5,8140,26,2,40,1,1,0
54,1,16,1,2545,40,0,40,1,1,0
21,1,19,5,4720,1,0,17,2,1,0
61,1,19,1,7020,42,0,40,1,1,1
41,5,17,1,5550,22,1,40,2,1,0
47,1,21,5,7330,51,0,40,1,1,0
62,1,24,1,300,138,0,40,1,1,1
36,2,21,4,630,48,0,45,2,1,0
69,1,21,1,710,110,1,40,1,1,1
49,4,22,5,3500,48,0,40,2,1,1
35,1,16,1,7220,54,0,40,1,1,0
40,1,23,1,2100,29,0,40,1,1,1
60,1,20,1,3255,6,1,40,2,8,1
22,1,16,5,4030,32,2,30,1,1,0
48,1,17,1,7200,39,0,50,1,1,0
34,1,20,5,4000,36,2,40,2,1,0
31,1,22,1,2310,42,1,40,2,1,1
40,3,22,1,2310,6,1,40,2,1,1
19,1,19,5,2722,42,17,25,1,1,0
20,1,19,5,9350,47,17,40,1,1,0
38,1,22,1,1021,217,1,60,1,6,1
23,1,21,5,2300,48,2,40,2,2,0
35,1,16,1,7750,18,1,50,1,1,1
28,1,21,3,3255,150,2,36,2,1,1
61,6,18,1,5740,4,1,40,1,1,1
58,7,12,3,6442,47,0,60,1,1,0
59,1,21,1,6050,24,1,25,2,1,0
68,6,16,1,4510,37,1,20,2,1,0
59,6,16,3,4220,47,0,30,1,1,0
52,7,21,1,7510,48,1,40,1,1,1
30,1,18,1,3500,18,1,40,2,1,0
21,1,18,5,4720,42,13,40,2,1,0
50,1,21,1,102,39,1,40,2,1,0
53,4,22,3,2360,429,13,40,2,1,1
43,1,18,3,5240,303,0,40,2,8,0
64,1,16,1,4950,44,1,7,1,1,0
57,3,22,1,2435,39,1,40,2,1,0
26,1,19,5,220,53,0,40,1,6,0
62,1,22,3,2350,6,0,40,2,1,1
67,7,23,1,4521,5,1,48,2,2,0
55,1,16,3,910,36,0,40,2,1,1
47,1,21,1,1410,233,0,40,1,6,1
70,3,19,1,3900,28,0,40,1,1,1
57,1,19,2,5820,25,0,55,2,1,1
46,3,22,4,2320,6,0,50,1,1,0
36,1,22,5,2861,34,2,20,1,2,0
49,3,16,1,630,36,0,40,2,1,0
33,6,15,1,6260,12,0,50,1,1,0
24,1,21,5,1010,20,10,40,1,1,0
54,6,16,1,440,25,0,50,1,1,1
24,3,21,5,4622,12,0,40,2,1,0
41,1,19,1,51,53,0,40,1,1,1
18,1,14,5,4720,312,4,8,2,1,0
50,1,21,1,3323,5,1,40,2,1,0
31,1,21,1,3140,35,1,35,2,1,1
55,1,16,1,9130,55,1,40,1,1,0
42,1,22,5,440,414,0,65,1,1,1
47,1,21,1,800,19,1,40,2,1,0
56,1,15,3,5110,6,0,40,2,1,0
65,2,20,1,5710,12,1,40,2,1,1
66,1,19,3,4760,22,13,40,1,1,1
52,2,22,1,3255,19,6,36,2,1,1
36,1,19,3,4700,8,13,40,1,1,0
32,5,22,1,750,17,1,32,2,1,0
21,1,16,5,5740,16,0,40,2,1,0
57,1,12,5,9130,18,0,48,1,1,0
49,1,21,1,5610,18,1,45,2,1,0
45,7,23,1,3258,12,0,46,1,1,1
35,2,16,5,2145,12,0,50,2,2,0
68,7,16,3,4330,25,0,25,2,1,1
62,2,19,1,5000,6,1,30,2,1,0
23,1,19,5,310,36,0,33,2,1,0
59,8,16,1,7810,1,0,24,2,1,0
23,1,20,5,4700,6,2,25,2,8,0
58,6,21,1,6260,37,0,40,1,1,1
25,1,21,5,5600,9,2,50,1,1,0
30,1,21,1,410,1,1,48,1,2,0
64,7,21,1,440,25,0,40,1,1,0
52,6,14,5,4920,6,2,40,1,1,0
25,1,19,5,1306,22,17,20,1,1,0
67,3,16,3,4720,47,0,40,2,2,0
68,1,17,1,9142,365,0,50,1,1,1
63,1,19,1,9130,53,0,20,1,2,1
28,1,16,5,6260,42,0,50,1,1,1
37,3,22,1,2545,202,1,35,2,6,0
45,1,15,3,9130,303,0,45,1,1,0
29,1,22,5,7315,11,10,40,1,2,0
71,2,16,1,9142,5,1,40,1,1,1
56,1,21,1,4850,48,0,50,1,1,1
34,4,16,3,5400,29,0,40,2,1,0
54,1,20,1,6200,8,1,40,1,1,1
28,2,24,5,3090,460,0,60,1,6,0
49,3,21,1,2310,35,1,38,2,1,0
57,1,9,3,4720,303,0,35,1,8,0
56,1,22,3,4850,36,0,50,2,1,1
35,3,22,1,3230,22,0,40,2,1,0
64,3,18,1,3870,6,1,20,1,1,1
22,1,19,1,6825,48,0,90,1,1,1
29,6,21,5,2910,6,12,60,1,1,1
32,1,20,5,4120,12,0,40,2,2,0
58,1,21,1,440,6,1,40,1,1,1
42,1,21,1,4965,215,1,40,2,6,0
51,1,21,1,800,210,1,40,2,6,0
28,1,16,5,5000,37,2,40,1,1,0
31,7,19,5,2360,72,13,25,1,1,0
19,1,18,5,4720,45,2,15,2,2,0
63,6,20,5,8810,6,0,5,1,1,0
22,1,21,5,8740,41,0,47,1,1,1
55,5,19,1,5550,26,0,40,2,1,0
56,2,22,3,3255,215,0,45,2,9,1
46,2,17,5,9640,11,17,38,1,1,0
38,1,16,1,5240,21,2,40,2,1,0
20,1,19,5,4920,20,12,70,1,1,0
24,1,16,5,8225,26,2,40,1,1,0
27,1,19,5,5740,6,2,25,1,1,0
17,1,14,5,4220,49,2,30,1,1,0
84,1,22,1,2910,42,0,3,1,1,1
17,1,14,5,4120,429,2,10,1,2,0
21,1,19,5,4350,51,12,25,1,1,0
45,1,22,1,10,6,1,45,2,6,1
70,6,20,3,800,17,0,4,2,1,0
22,1,16,5,9620,23,5,40,2,1,0
60,1,19,5,3930,53,0,40,1,1,1
21,1,19,5,4720,17,2,20,2,9,0
23,1,21,5,4760,1,2,40,2,1,0
66,1,18,3,5860,26,0,40,2,1,0
52,3,16,3,7640,36,0,40,1,1,1
30,3,21,1,2320,6,0,40,1,1,1
26,1,20,5,5510,25,5,40,1,1,0
25,1,21,5,1021,36,13,40,1,1,1
68,1,20,4,4720,37,0,38,1,2,0
75,7,22,1,440,26,1,40,1,1,1
44,1,23,1,120,24,1,40,2,6,1
26,1,13,5,9620,1,16,40,1,2,0
53,1,18,1,9645,20,0,40,1,1,0
54,3,22,5,3230,53,0,36,2,1,1
45,7,16,1,6230,12,0,80,1,1,0
68,1,16,1,8990,48,0,30,1,1,0
46,1,16,3,7340,48,2,40,1,1,0
51,1,16,3,9130,48,0,50,2,2,0
58,1,16,1,3940,42,1,40,2,1,0
68,7,22,5,10,36,0,40,1,1,1
17,6,13,5,4600,31,2,3,2,1,0
24,1,16,5,4110,6,0,25,2,1,0
32,1,21,5,9620,6,2,40,1,8,0
50,1,20,1,51,24,0,40,1,9,1
70,1,16,4,8225,54,0,48,1,1,0
69,8,22,1,440,6,0,32,1,1,1
21,1,19,5,9620,17,12,25,1,1,0
45,1,16,5,9130,36,0,70,1,2,0
26,1,21,1,360,6,0,40,2,1,0
54,5,16,1,8610,25,1,45,1,1,1
36,1,21,1,120,29,0,40,2,1,1
42,4,21,1,2002,462,0,24,2,2,0
24,1,16,1,3605,36,1,40,1,1,0
34,1,16,1,10,41,1,40,1,1,1
61,1,21,1,5240,18,0,40,2,1,0
31,1,18,4,5240,12,0,36,2,1,0
17,1,14,5,5240,36,2,10,2,1,0
22,5,18,5,9830,5,17,55,1,2,0
42,1,21,1,1006,24,0,40,2,1,1
35,1,20,1,52,17,1,60,1,1,1
63,2,22,3,420,10,0,45,2,1,1
36,1,17,5,7700,24,12,38,1,1,1
52,1,17,5,4150,1,2,15,1,1,0
50,1,21,5,1050,36,0,40,1,2,0
27,1,19,5,540,6,0,40,2,1,0
19,1,18,5,4110,48,17,8,1,2,0
34,3,22,1,2310,9,0,50,2,1,1
48,1,23,1,3010,25,1,21,2,1,1
43,3,21,2,2310,30,0,40,2,1,0
29,2,22,1,420,425,0,40,1,2,1
34,1,19,1,3630,48,0,32,2,1,0
50,2,21,5,2721,31,0,80,1,1,1
41,1,21,1,110,55,0,50,1,1,0
25,5,19,5,9310,364,17,50,1,1,0
25,3,19,4,2320,47,0,24,2,1,0
62,5,21,1,530,36,0,40,1,1,1
59,1,21,1,800,17,0,15,2,1,0
72,1,16,1,4720,27,1,28,2,1,0
18,1,14,5,4030,30,2,16,1,1,0
43,1,21,1,4850,12,0,40,1,1,1
37,6,19,1,9130,303,0,80,1,1,0
44,6,18,1,205,37,0,60,1,1,1
54,1,16,1,4230,100,6,20,2,1,0
27,1,16,5,9620,39,2,40,1,1,0
54,6,21,1,205,17,0,70,1,1,0
19,6,18,5,4251,26,17,6,1,1,0
20,1,18,5,9620,53,2,35,1,9,0
56,6,22,4,710,165,0,16,1,1,1
33,1,20,5,9600,110,2,48,1,1,0
37,1,21,1,3324,20,1,38,2,1,1
56,1,16,1,6230,150,6,40,1,1,0
31,1,21,1,3255,48,1,12,2,1,0
59,1,22,1,705,36,0,60,1,1,1
60,1,21,1,3255,55,1,38,2,1,0
35,1,21,1,120,12,0,55,1,1,1
47,1,17,1,7240,24,1,40,1,1,0
40,1,19,1,7700,34,1,40,1,1,0
49,1,17,1,6050,303,0,50,1,1,0
55,1,18,1,440,29,0,40,1,1,1
61,2,20,1,3255,42,1,45,2,1,1
43,1,19,1,9005,303,0,40,1,1,0
37,2,21,1,5740,117,1,20,2,1,0
28,1,21,5,440,301,12,40,2,1,0
46,1,6,3,4220,314,0,50,2,8,0
71,1,18,3,9130,35,0,60,1,1,0
36,1,20,1,3322,12,1,26,2,1,0
17,1,14,5,4720,333,2,12,2,2,0
38,1,18,3,7700,48,0,58,1,1,1
20,1,20,5,120,37,10,20,2,1,0
64,6,21,3,8450,48,13,20,1,1,0
84,2,19,1,2050,29,0,30,1,2,0
18,1,16,5,4720,12,2,21,2,1,0
53,3,16,1,4020,110,0,15,2,1,0
22,1,16,5,4760,53,0,45,1,1,0
38,6,18,1,8140,22,1,60,1,1,0
36,1,21,5,1021,37,11,40,1,2,1
58,1,19,1,8030,117,1,40,1,1,1
52,1,19,1,5940,9,1,40,2,1,0
52,7,18,1,4700,36,1,50,1,1,1
35,1,16,3,3421,54,2,28,2,1,0
46,6,1,1,440,315,1,40,1,1,0
35,1,19,1,2300,47,0,40,2,1,0
45,1,1,3,4110,207,6,44,2,6,0
27,1,22,5,5260,36,15,20,2,6,0
24,1,21,5,2350,6,4,30,2,1,0
23,1,21,1,4840,27,0,45,1,1,0
35,7,15,3,9130,46,2,50,1,1,1
29,3,22,5,2310,36,0,50,2,1,1
20,1,16,5,7200,45,2,18,1,1,0
38,1,19,1,8255,223,0,40,1,6,1
42,2,21,1,726,15,1,40,2,6,1
33,1,19,1,9122,22,1,40,1,2,1
58,1,16,1,120,19,1,37,2,1,0
61,1,21,1,800,226,1,40,2,6,1
59,1,18,3,10,36,0,40,2,1,1
56,3,19,1,3602,6,1,33,1,1,0
63,4,16,5,5330,42,0,40,2,2,0
33,2,21,5,420,28,0,45,1,1,1
48,1,21,1,1010,34,0,40,1,1,1
48,1,21,1,4850,28,1,40,1,1,0
65,4,21,1,2310,303,0,24,1,1,1
51,1,14,1,6410,303,0,40,1,1,0
59,7,21,5,710,48,0,40,1,1,1
47,1,18,1,440,41,1,55,1,1,1
54,4,18,1,5240,316,0,40,2,9,0
40,1,16,1,4040,17,0,20,2,1,0
18,1,16,5,4150,20,16,40,2,1,0
60,1,13,3,4720,26,10,13,2,1,0
32,1,20,3,4850,26,0,41,2,1,0
27,1,16,5,6260,12,12,40,1,1,0
27,1,16,5,6950,48,12,82,1,1,0
30,5,16,1,2360,54,1,40,2,1,1
56,1,21,1,710,23,0,50,1,1,1
47,1,21,1,230,22,1,55,2,2,0
69,2,16,1,9122,29,0,20,1,1,1
67,1,19,4,5240,28,12,29,2,2,0
54,1,16,1,7220,16,0,40,1,1,1
57,1,21,3,3602,42,0,6,2,1,0
48,1,20,1,4920,53,0,55,1,1,0
52,6,16,3,4230,5,2,40,2,1,0
33,1,18,5,8740,39,0,80,1,1,0
54,7,20,1,2640,22,1,40,2,1,1
41,4,18,5,2310,8,0,40,2,1,0
62,1,16,1,5120,36,0,40,2,1,0
26,1,20,1,9620,313,1,40,1,8,0
29,1,16,5,5860,18,15,30,2,1,0
60,1,19,5,5940,47,0,40,2,1,0
64,6,21,1,205,17,0,35,2,1,0
27,1,21,1,2710,139,1,45,2,1,0
65,3,22,2,2310,47,0,50,2,1,1
49,1,19,1,160,17,1,50,1,1,1
46,1,18,1,9645,51,2,40,2,1,0
29,5,16,5,5550,36,2,30,1,9,0
57,7,18,2,5120,5,0,45,2,1,1
62,1,21,1,9005,217,0,20,2,6,1
41,1,19,3,3648,6,13,30,2,1,0
59,4,21,3,1825,12,0,40,1,1,1
44,3,21,1,2310,247,1,40,2,6,1
50,1,23,1,2100,34,1,50,2,1,1
47,1,21,1,8740,138,5,40,1,1,1
63,1,16,1,4040,42,0,34,1,1,0
24,1,20,5,1305,34,2,40,1,1,0
39,3,16,1,5110,12,0,40,2,1,0
31,1,15,5,9610,6,2,40,1,1,0
26,3,21,5,2015,18,13,40,1,1,0
53,2,18,1,3603,233,0,40,2,1,0
51,1,21,5,1750,55,0,40,1,1,1
26,4,21,1,2310,37,15,50,2,1,0
58,1,21,1,4000,53,0,40,2,1,0
41,1,16,4,8990,12,0,40,1,1,0
32,1,21,1,310,39,0,45,1,1,0
67,1,21,1,4700,42,0,25,1,1,1
48,1,20,3,1551,312,13,40,1,1,0
42,1,21,1,20,28,1,55,1,2,1
63,3,22,3,2002,39,0,50,2,1,1
32,1,21,1,630,6,1,40,2,1,1
66,5,24,1,2205,34,0,55,1,1,1
31,1,16,5,9645,8,2,40,2,1,0
58,1,17,3,6260,16,10,40,1,1,0
30,1,21,5,800,36,2,40,1,1,0
52,2,16,1,2060,39,0,8,2,1,0
45,1,16,1,9620,47,0,40,1,1,0
38,1,24,1,3160,35,1,40,2,1,1
21,1,20,5,2350,12,2,15,2,1,0
36,6,20,1,7315,42,0,45,1,1,0
29,1,18,1,4030,6,1,33,2,1,0
57,7,16,1,4720,29,1,35,2,1,0
50,1,21,1,3255,17,1,36,2,2,1
67,1,19,1,4700,26,0,20,1,1,1
30,1,21,1,5240,8,1,50,2,1,1
59,1,22,1,10,18,0,45,1,1,1
43,1,19,1,120,41,1,40,2,1,1
50,1,22,1,1021,207,1,40,1,6,1
41,7,22,1,10,210,0,40,1,6,1
52,1,21,5,9130,36,2,40,1,1,0
68,7,23,1,2100,26,1,24,1,1,1
33,1,20,1,1050,20,0,45,1,1,1
56,1,12,4,6410,6,13,35,1,1,1
25,1,21,5,4350,303,12,55,1,1,0
34,1,22,1,1006,207,0,50,1,6,1
60,1,16,1,4850,6,0,40,1,6,0
59,1,16,5,1900,9,0,40,1,1,0
47,1,21,1,3620,24,0,12,2,1,0
24,1,19,1,4110,327,2,20,1,1,0
39,3,16,5,2360,35,5,40,2,3,0
38,1,22,1,1005,210,1,40,1,6,1
33,1,16,5,4700,29,0,40,1,1,0
71,2,20,3,8255,17,0,18,2,1,0
50,1,1,5,4020,303,13,20,1,8,0
44,1,16,3,6765,20,12,45,1,1,0
38,1,19,5,8225,6,2,46,1,8,0
25,6,16,5,4220,39,7,40,1,1,0
17,1,14,5,4720,45,2,15,2,1,0
38,1,16,5,4760,6,2,12,2,1,0
54,1,18,1,8990,19,0,40,2,1,1
62,3,24,1,2320,36,0,70,1,1,1
33,5,21,1,9830,54,0,85,1,1,1
49,1,16,5,8990,12,13,35,1,1,0
54,1,16,1,4622,24,1,46,2,1,1
58,1,16,1,4040,39,1,21,2,1,0
64,1,16,2,5610,39,0,40,2,1,1
34,1,18,3,5240,1,0,35,2,1,0
56,3,21,5,2850,36,2,35,1,1,1
39,6,19,5,440,17,2,12,1,1,0
24,3,21,5,2014,8,0,40,2,1,1
65,6,21,1,2060,4,1,20,2,1,0
27,2,21,1,3255,6,0,36,2,1,1
59,4,24,1,1650,25,1,46,1,1,1
51,3,21,1,230,6,0,40,1,1,1
53,1,19,1,8740,39,1,50,2,2,0
37,2,21,1,2060,47,1,18,2,1,0
25,2,19,5,5120,41,0,40,2,1,0
27,1,16,1,4230,1,0,40,2,2,0
58,1,21,1,850,34,0,50,1,1,1
60,1,16,1,4760,247,1,30,2,6,0
64,1,16,1,7560,39,1,40,1,1,0
22,1,19,5,5810,17,0,25,1,1,0
53,4,21,1,1021,373,0,38,1,1,1
46,3,22,1,2011,34,1,45,2,1,1
68,2,20,1,2300,6,1,25,2,6,0
42,1,16,1,6800,42,1,45,1,1,1
56,4,16,1,6305,42,1,40,1,1,0
47,1,20,1,220,42,1,50,1,1,1
57,6,18,3,410,10,0,50,1,1,1
64,6,9,3,4230,312,6,25,2,8,0
60,1,20,1,9130,6,0,52,1,2,1
62,5,21,1,440,17,0,40,2,1,1
26,1,21,5,5000,36,2,50,2,1,1
42,3,21,1,2435,49,1,12,2,1,0
19,3,18,5,5840,25,17,12,1,1,0
19,1,15,5,4055,13,2,40,2,2,0
41,1,20,1,1006,18,0,40,2,1,0
52,1,16,5,9130,36,0,40,1,1,0
48,1,16,1,6230,72,1,40,1,9,0
53,1,16,5,4251,36,4,40,2,1,0
22,4,21,5,2545,6,12,10,2,1,0
38,1,20,1,6230,27,1,50,1,1,1
69,1,19,1,5120,40,1,50,1,1,1
43,3,20,1,8600,1,0,40,1,1,1
43,1,21,1,3255,45,1,70,2,1,1
24,1,20,5,4720,6,0,30,1,7,0
63,6,16,3,4200,42,0,40,1,1,0
62,1,18,1,440,46,1,40,2,1,0
67,7,22,1,3245,31,1,45,2,1,1
22,1,16,5,4655,329,12,40,1,2,0
33,1,16,5,9620,17,0,40,2,1,0
30,1,20,1,8810,26,0,40,2,1,0
47,1,19,1,540,72,0,40,1,1,0
60,1,22,5,120,39,0,50,2,1,1
30,1,16,5,4110,36,13,20,1,1,0
35,1,22,1,800,210,0,40,1,6,1
33,1,19,3,7200,53,2,40,1,1,0
32,1,21,1,1530,72,1,50,2,1,0
40,1,21,1,2850,16,1,37,1,1,1
55,3,20,1,3740,12,1,72,1,1,1
50,1,9,1,3160,303,0,40,2,1,0
51,1,16,1,5120,18,1,42,2,1,0
67,1,20,1,4760,36,0,35,1,1,0
45,2,21,3,3300,26,15,40,1,1,1
37,1,21,5,1021,215,0,40,1,6,1
22,1,20,5,8630,46,13,50,2,1,0
29,1,21,5,5240,41,2,36,1,1,0
23,1,20,1,3323,20,0,45,2,1,0
64,6,14,1,6330,6,1,40,1,1,1
49,3,22,1,230,17,0,50,1,1,1
32,1,23,1,3090,6,1,60,2,1,1
46,1,16,1,9620,34,1,40,1,2,1
56,1,22,3,3230,17,0,36,2,1,1
67,2,24,1,2205,37,0,25,2,1,1
39,1,21,1,2810,303,0,56,2,8,1
42,2,20,1,3255,233,1,30,2,6,1
27,1,19,5,5240,34,2,40,2,2,0
64,7,16,1,205,17,1,60,1,1,1
59,1,16,1,140,17,1,40,1,1,1
66,2,21,1,2700,42,1,25,1,1,1
29,1,21,5,4920,128,0,40,1,1,0
55,1,9,1,4710,303,1,45,1,1,0
47,1,16,1,5740,8,0,30,2,1,0
42,1,21,4,52,6,0,40,2,1,1
61,1,19,1,630,53,0,40,2,1,1
52,1,19,1,5510,17,1,50,1,1,1
54,3,16,5,5740,22,0,38,2,1,0
27,1,16,5,5100,39,13,45,2,1,0
63,1,22,1,136,36,0,40,1,1,1
62,1,20,1,9240,9,0,50,2,1,0
20,1,19,5,1021,26,17,45,2,6,0
23,1,19,5,4110,6,2,15,2,8,0
28,1,15,1,9645,37,1,42,1,2,0
47,1,20,1,4700,18,1,40,2,1,0
25,1,1,5,9130,451,10,50,1,9,0
32,1,20,5,3645,18,0,40,2,1,0
94,3,16,2,5940,34,0,25,2,1,0
52,4,13,1,9122,1,1,4,2,1,0
55,6,19,1,6200,303,0,60,1,8,0
25,1,21,5,1050,29,0,40,1,6,1
61,1,21,1,10,72,0,60,1,1,1
37,1,17,3,5240,6,13,40,2,1,0
65,1,16,1,4720,22,0,30,2,1,0
65,1,21,1,1010,34,0,40,1,1,1
62,1,16,1,4720,26,1,36,2,1,0
40,1,21,5,2300,242,0,40,2,6,0
34,1,13,5,4251,21,15,40,1,1,0
24,1,22,5,2002,17,13,45,2,1,0
35,4,20,1,1105,53,0,40,1,1,0
26,1,18,5,4040,26,2,30,1,1,0
51,1,21,3,1200,21,0,40,1,1,1
63,1,1,1,4720,313,1,40,2,1,0
25,1,20,5,4020,18,2,30,2,2,0
56,6,18,3,6410,26,5,20,1,1,0
38,7,23,5,3090,6,13,60,1,6,1
42,1,17,1,650,29,0,40,2,1,0
44,1,21,1,3050,42,0,42,2,1,1
44,3,19,3,3710,41,0,50,2,1,1
32,1,19,4,9600,39,13,40,1,8,0
49,1,18,1,9121,128,1,30,2,1,0
44,1,19,1,5240,42,0,40,2,1,0
38,2,17,1,5420,30,0,40,2,1,0
51,4,22,5,2825,39,0,40,1,1,1
52,1,23,1,3090,36,0,30,2,1,1
26,1,16,5,9645,29,0,40,2,1,0
57,1,21,1,10,41,1,45,1,1,1
48,1,22,1,1108,26,0,55,1,1,1
27,1,22,5,940,53,0,45,2,1,1
53,6,21,1,4700,51,0,40,2,1,0
40,1,19,3,310,44,13,50,2,1,0
33,7,21,1,4621,8,0,28,2,1,1
36,5,23,1,9830,6,0,40,1,6,1
51,1,22,1,5740,19,1,40,2,1,0
53,2,20,1,5120,41,1,28,2,1,0
54,1,22,5,2640,15,0,40,2,6,1
53,2,22,1,2555,6,9,40,2,1,0
51,1,18,5,7700,48,0,40,2,8,0
24,1,21,5,9645,6,0,35,1,1,0
52,3,21,1,120,17,0,40,1,1,1
49,1,18,3,3602,22,0,20,2,2,0
23,1,16,5,9600,36,0,40,1,1,0
55,7,19,1,9130,36,0,65,1,1,1
47,1,22,1,110,301,0,50,1,1,1
50,3,16,5,3802,12,0,40,1,2,0
58,4,21,3,750,42,5,40,2,1,0
28,2,21,1,4621,25,9,40,2,6,0
62,2,20,1,3220,21,0,38,1,1,1
48,1,22,1,2350,161,1,14,2,1,0
42,1,22,5,710,254,0,40,1,6,1
29,1,22,5,1760,207,0,40,1,6,1
42,4,22,1,2310,6,1,50,2,9,1
69,1,16,3,3655,29,0,40,2,2,1
33,1,20,3,8990,12,0,40,1,1,0
32,1,16,5,9600,22,0,40,1,2,1
56,3,20,1,8620,25,0,50,1,1,0
56,1,16,2,8225,47,0,40,2,1,0
31,2,19,1,1021,36,0,40,1,9,1
67,1,18,1,600,6,0,30,1,1,0
34,3,21,1,2310,26,0,35,1,1,0
28,1,21,1,705,6,1,60,1,1,1
45,1,22,5,940,126,0,40,2,1,1
32,2,20,1,3255,427,0,56,2,2,0
40,1,17,1,4220,72,1,40,1,1,0
33,1,21,1,710,25,0,45,1,1,1
30,1,16,1,5740,303,1,35,2,1,0
58,5,22,1,1530,24,1,40,1,1,1
76,5,17,1,5540,21,0,24,1,1,0
38,1,11,5,6260,303,0,40,1,8,1
63,7,18,1,5810,36,1,10,2,1,0
55,1,10,3,7210,35,0,50,1,1,1
23,1,18,1,4750,18,1,45,1,1,0
64,6,16,1,440,217,0,30,1,6,1
24,6,19,3,3602,332,0,40,2,2,1
47,1,20,3,4010,46,0,40,2,1,0
26,1,16,1,9645,39,1,40,2,1,0
23,2,21,1,5740,36,0,30,2,1,0
68,2,16,1,350,24,0,22,2,1,0
61,1,21,1,5510,36,1,25,1,1,0
70,1,16,1,4700,29,1,15,2,1,0
39,1,19,3,5120,55,0,40,2,1,1
55,2,14,4,6230,25,5,45,1,1,0
26,1,19,1,4810,20,0,41,2,1,0
46,1,19,1,710,233,1,50,2,6,1
46,1,21,1,440,44,0,70,1,1,1
45,1,19,3,7340,6,17,40,1,1,1
29,6,21,1,4700,1,1,50,1,1,1
61,1,23,1,120,51,0,60,1,1,1
38,1,20,1,6442,55,1,40,1,1,0
18,3,18,5,4621,51,17,15,1,1,0
19,1,19,5,4020,17,2,32,2,1,0
46,6,16,5,205,35,0,45,1,3,0
27,1,13,5,440,26,2,35,2,2,0
19,1,18,5,4220,48,2,45,2,2,0
32,1,18,1,9620,19,0,45,1,1,0
38,6,19,3,4251,51,13,15,1,1,0
54,1,21,1,110,42,0,52,1,2,1
66,1,18,1,5000,19,1,55,2,1,1
37,7,21,5,4920,28,0,60,1,1,1
52,2,20,1,2040,28,0,60,1,1,0
66,3,19,1,2310,29,1,40,2,1,0
59,1,16,3,8320,36,13,40,1,2,0
65,5,22,1,800,6,0,40,1,9,1
57,3,22,5,2310,36,0,40,2,1,1
21,1,16,5,6230,4,2,40,1,3,0
55,1,17,3,4230,5,0,40,2,1,0
34,4,17,5,8740,6,17,7,1,1,0
25,1,18,5,5740,4,12,38,1,1,0
68,2,16,1,4020,39,1,20,2,1,0
38,2,21,5,51,17,0,40,2,1,0
56,5,21,1,5540,15,0,40,2,9,1
17,6,14,5,4600,34,2,15,2,1,0
22,1,20,1,7700,21,1,40,1,1,0
59,4,21,1,2310,19,1,40,2,1,1
39,3,22,1,230,25,0,70,1,1,1
30,1,17,5,4400,53,12,30,1,1,1
33,1,16,5,9620,6,0,16,2,6,0
24,2,19,1,3500,41,1,36,2,1,0
44,7,16,5,220,36,0,40,1,1,0
18,1,14,5,4030,48,2,20,1,9,0
46,5,22,1,2850,19,0,50,1,1,1
56,1,16,1,4220,12,1,9,1,2,0
29,1,21,1,705,18,0,40,2,1,0
52,7,21,1,4800,13,0,40,2,1,0
48,1,24,1,1021,51,0,40,1,1,1
63,6,22,1,440,34,0,60,1,1,1
38,1,21,1,710,40,1,50,1,1,1
62,1,23,1,3160,313,1,24,2,1,0
32,1,14,5,4010,37,13,15,2,5,0
41,1,18,3,1006,54,0,40,2,1,1
63,7,21,5,1050,312,0,40,1,1,0
55,1,5,5,4251,314,10,40,1,8,0
41,2,20,1,3255,21,0,36,2,1,0
29,1,21,5,1021,9,0,40,1,1,1
45,1,16,5,910,6,0,40,2,2,1
32,1,21,1,4760,42,0,40,2,1,0
54,1,16,1,8990,18,0,45,1,1,1
20,1,19,5,4720,48,2,28,1,1,0
36,1,18,1,9645,301,0,40,1,1,0
26,1,18,1,2640,18,1,40,2,1,0
62,1,11,4,3603,303,0,16,1,8,0
43,1,19,1,1450,247,0,40,1,6,0
47,7,16,1,6355,23,1,72,1,1,0
66,6,16,3,4920,41,0,50,2,1,1
62,1,18,1,440,5,1,40,2,1,1
25,1,19,1,3930,47,12,40,1,1,0
63,6,16,1,9130,17,0,55,1,1,0
39,1,19,1,4710,6,0,50,1,1,1
43,1,20,5,5120,36,0,40,2,1,0
28,1,21,5,705,6,0,40,1,8,1
34,1,20,5,6520,6,0,40,1,1,0
53,1,21,3,7750,42,0,40,2,1,0
62,1,22,1,10,55,1,45,1,1,1
26,5,18,5,9825,303,17,40,1,1,0
35,2,20,1,2040,6,1,4,1,2,0
31,1,21,5,1970,160,0,40,2,1,0
21,1,19,5,2205,22,12,5,2,1,0
40,1,16,1,2634,6,1,40,2,1,0
52,3,17,1,5740,48,1,40,2,1,0
20,1,20,5,7210,31,2,20,1,1,0
27,1,21,1,4820,17,0,60,1,1,0
66,1,19,1,3945,13,0,45,1,1,1
35,3,21,5,3710,15,0,40,2,6,0
28,1,17,5,4020,45,0,40,1,1,0
70,1,15,1,7800,26,1,10,2,1,0
42,1,16,3,4251,51,0,10,1,2,0
79,6,19,3,4920,17,0,3,2,1,0
23,1,19,5,4020,6,12,20,1,1,0
41,1,18,1,9610,4,1,40,2,8,0
28,1,13,1,440,27,0,40,2,1,0
39,3,16,1,5220,303,0,40,2,1,0
54,6,20,1,20,110,0,50,1,1,1
59,1,19,1,530,6,0,89,1,9,1
49,1,16,1,7855,48,1,35,2,1,0
28,1,21,1,1021,215,1,40,1,6,0
37,1,16,1,4220,303,0,40,1,8,0
31,2,22,1,630,333,0,40,1,2,0
34,1,20,5,5510,427,0,37,1,2,0
37,1,21,1,4010,6,0,40,2,2,0
41,1,22,1,800,217,0,40,1,6,1
55,1,21,1,220,34,0,55,1,1,1
33,1,18,1,8850,303,9,40,1,1,0
59,3,16,5,4220,34,0,40,1,1,1
21,1,19,5,2300,36,2,20,2,1,0
42,1,22,1,9760,49,1,40,1,1,0
59,4,16,3,2545,19,0,35,2,1,0
90,2,22,3,2752,26,0,3,1,1,1
19,1,19,5,4720,6,12,21,2,8,0
34,2,21,1,4600,25,1,40,1,1,0
21,2,19,5,2205,49,17,15,1,1,0
22,2,19,5,420,6,17,40,2,1,0
22,1,16,5,9645,13,4,40,2,2,0
55,1,14,2,20,34,0,60,1,1,0
37,1,23,1,7750,17,1,45,1,1,0
33,1,19,5,5000,13,0,40,1,1,0
55,8,22,1,2002,6,0,40,2,1,0
27,1,21,1,2006,26,0,35,2,1,0
20,1,19,5,1108,51,17,40,1,2,0
39,2,19,5,5740,22,2,40,2,2,0
38,4,22,4,2310,24,0,40,2,1,1
45,1,22,1,1240,373,0,40,1,1,1
46,1,19,5,1555,54,0,42,1,1,1
59,4,21,1,2320,51,0,40,1,2,1
49,1,19,1,5120,42,1,47,2,1,0
18,2,16,5,2330,21,2,15,2,1,0
41,1,23,1,3255,28,1,40,2,1,1
32,1,21,5,1006,42,13,60,1,1,1
47,1,16,1,150,6,0,40,2,1,1
48,1,20,1,4850,36,1,48,1,1,1
43,1,23,1,3310,233,0,32,2,6,1
19,1,19,5,4720,42,0,35,2,1,0
24,3,21,5,1050,26,13,40,1,1,0
35,1,21,1,440,27,1,50,1,1,1
61,1,22,1,650,36,1,50,2,1,1
90,2,14,1,4220,40,0,2,1,2,0
33,1,11,5,6050,303,17,15,1,8,0
58,6,18,3,4230,301,0,20,2,1,0
60,1,16,1,5260,36,1,26,2,1,0
38,1,21,1,440,6,1,40,2,8,1
19,1,16,5,4255,29,2,45,1,1,0
77,6,11,1,8365,39,0,24,1,1,0
41,1,20,5,4700,17,0,50,2,1,1
60,1,21,1,7700,26,0,50,1,1,1
32,1,18,5,4510,36,2,40,2,1,1
55,7,24,1,4540,12,0,8,1,1,0
30,3,21,5,5320,6,2,20,1,1,0
27,1,16,5,6230,51,7,30,1,1,0
30,1,21,5,710,6,13,56,1,6,1
60,1,21,1,1010,17,0,40,1,1,1
64,1,15,1,9610,42,1,20,1,1,0
74,4,22,1,5860,48,0,37,2,1,0
43,1,1,5,4251,303,0,35,1,8,0
63,1,17,1,4720,46,1,40,2,1,0
51,4,21,1,2310,53,0,50,2,1,0
59,5,19,4,5165,20,0,40,2,2,1
21,6,16,5,4525,53,2,30,2,1,0
60,1,16,4,9130,327,0,40,1,1,0
67,1,19,3,600,49,0,40,1,1,0
27,1,21,5,750,13,0,40,1,1,1
35,1,16,5,4220,26,0,50,1,1,0
40,1,16,1,6200,41,0,40,1,1,1
60,1,16,1,5740,26,1,40,2,1,0
19,1,16,5,9645,29,2,30,1,1,0
63,1,20,1,1460,36,0,40,1,1,1
61,1,17,3,5240,368,0,40,2,2,0
61,1,19,3,8140,19,0,20,1,1,0
52,1,18,1,5400,303,0,30,2,1,0
17,8,14,5,6050,55,2,42,1,1,0
24,1,21,5,110,36,0,65,1,1,0
35,1,15,1,310,312,1,30,2,8,0
63,1,16,1,7340,49,0,40,1,1,1
32,1,21,5,800,9,0,40,1,1,1
36,1,21,1,1021,25,9,50,2,1,1
55,1,16,1,410,18,0,40,1,1,0
57,6,21,1,1010,240,1,21,1,6,1
57,2,23,1,2205,13,0,60,1,1,1
37,1,18,3,1320,22,0,40,1,1,1
74,1,19,1,710,18,0,50,1,1,0
32,1,20,1,3323,26,1,40,1,1,0
44,1,24,5,310,6,0,80,1,8,0
38,1,21,1,630,34,0,40,2,1,1
29,1,18,1,3603,37,0,40,1,1,0
52,4,22,1,2310,34,0,32,2,2,1
44,1,19,5,410,22,0,70,1,2,0
72,5,21,1,10,1,1,36,1,2,1
50,1,20,1,120,55,0,48,2,1,1
29,1,21,5,5000,55,13,40,2,1,1
21,1,21,5,3255,45,13,40,2,1,0
50,6,19,1,4710,26,1,50,1,1,0
24,5,20,1,3255,40,1,40,1,1,0
27,1,16,1,9645,364,0,40,1,1,0
39,1,16,3,8990,45,0,40,2,2,0
21,8,19,5,6410,12,17,38,1,1,0
20,1,19,5,4720,20,17,20,2,1,0
45,2,21,1,705,15,0,40,1,1,1
29,3,16,5,3870,13,0,40,1,1,1
58,7,16,1,1530,6,1,15,1,1,1
18,1,16,5,4720,54,4,40,2,1,0
62,1,19,1,5120,4,0,40,2,1,0
22,4,19,5,4030,6,0,15,1,8,0
43,1,21,5,7700,20,0,45,1,1,0
30,1,21,1,800,36,0,60,2,1,1
45,4,20,5,2310,17,2,65,2,2,1
47,2,21,5,3255,22,2,36,2,9,1
62,2,18,1,5740,46,1,32,2,1,0
27,6,16,5,540,48,13,40,1,1,0
57,1,20,1,5860,46,1,40,2,1,0
33,1,21,1,4840,6,1,40,1,1,1
23,1,16,5,9600,26,10,40,1,1,0
19,1,18,5,4720,34,17,15,2,1,0
73,2,21,1,2040,48,1,45,1,1,1
40,3,21,1,2310,47,0,55,2,1,0
20,1,16,5,4720,217,2,16,1,6,0
27,1,21,5,2721,110,13,25,1,2,0
47,1,19,1,3645,41,0,40,1,1,0
75,6,16,1,4700,6,0,15,1,1,0
48,1,17,1,5300,48,0,30,2,1,0
31,2,21,1,1031,364,1,30,2,1,0
30,4,22,1,5740,48,1,40,2,1,0
26,1,22,5,1530,72,0,40,1,8,0
57,6,19,1,4700,6,1,50,2,1,0
26,1,16,5,4110,36,2,20,1,9,0
67,1,1,1,4055,368,10,17,1,6,0
32,1,16,1,4700,31,0,44,1,1,0
40,4,21,1,800,303,1,40,2,1,0
20,5,16,5,7200,34,17,55,1,1,0
18,1,14,5,4110,8,2,8,2,1,0
44,2,24,5,2205,126,0,50,1,1,1
38,3,17,4,4251,19,16,40,1,1,0
28,3,16,5,4020,2,17,35,1,4,0
59,1,20,1,9645,6,1,40,2,1,0
59,1,19,3,3655,303,0,40,2,8,0
57,6,19,5,9141,39,0,80,1,1,0
48,7,23,1,2850,301,1,20,2,1,0
26,1,16,5,4020,18,3,20,1,1,0
39,1,16,1,5240,303,0,79,1,8,0
29,2,19,1,4700,51,0,42,2,1,0
34,1,16,1,140,47,1,45,1,1,0
45,1,16,1,5740,16,9,38,2,1,0
55,1,20,1,7330,42,0,40,1,1,1
25,1,12,5,4020,22,2,30,1,1,0
34,1,22,1,2300,36,1,40,2,1,0
68,4,21,1,2360,2,1,37,1,1,0
59,6,21,5,205,31,0,80,1,1,0
80,6,23,1,3090,301,1,10,1,1,1
64,1,16,2,530,25,0,42,2,1,1
55,1,16,3,2721,36,11,50,2,1,0
51,1,16,4,4521,247,0,33,1,1,0
26,1,23,5,4640,34,0,45,2,1,0
58,2,20,1,3255,42,1,45,2,1,1
52,1,20,1,5600,17,0,50,2,1,0
62,1,21,1,8450,327,0,40,1,8,0
18,1,16,5,136,17,2,30,2,1,0
22,1,16,1,4220,20,0,90,2,1,0
54,4,16,2,160,1,0,40,1,2,0
44,1,22,1,52,210,0,40,1,6,1
46,1,16,1,4720,26,1,38,2,1,0
26,1,21,1,2100,6,1,50,1,1,1
39,1,19,3,4220,45,0,30,2,2,0
44,1,13,3,3603,368,2,44,2,5,0
27,1,19,1,4230,312,0,40,2,1,0
29,4,21,1,2310,6,1,50,2,1,1
32,2,21,5,630,42,11,40,1,1,0
57,1,23,1,2100,48,0,55,1,1,1
30,5,21,1,630,31,0,60,1,1,1
56,1,21,1,10,39,1,50,1,1,1
74,1,21,3,800,42,13,50,1,1,1
59,1,16,1,3601,13,1,35,2,1,0
67,1,17,1,4251,37,1,14,1,2,0
33,5,16,1,7140,34,1,40,1,1,0
29,6,19,1,3500,23,0,30,2,1,0
37,5,21,5,425,24,0,40,1,6,1
21,1,18,5,5000,21,0,40,2,1,0
51,1,19,5,5710,6,2,40,2,1,0
37,2,21,1,3930,25,1,36,1,6,0
53,7,20,1,4521,247,0,54,2,6,0
39,6,16,5,6410,6,2,30,1,1,0
21,4,20,5,2770,42,17,20,2,1,0
62,2,16,1,4040,42,1,38,2,1,0
66,2,21,1,420,53,1,40,1,1,1
35,1,19,1,4110,26,1,15,2,1,0
57,1,19,1,5400,6,0,32,2,1,0
35,5,21,3,1825,48,0,50,2,1,1
20,1,16,5,4760,36,2,20,1,1,0
70,1,16,1,4020,17,1,25,2,1,0
49,1,17,1,6050,6,1,40,1,1,0
67,3,16,1,9720,45,6,18,1,1,0
51,1,20,1,3160,29,1,40,2,1,1
35,1,20,1,4760,6,1,40,2,3,0
47,4,22,1,2320,18,0,50,1,1,1
52,1,16,1,4700,303,0,40,1,8,1
48,3,16,1,7200,36,1,48,1,1,1
66,1,20,2,5010,25,0,28,2,1,0
53,1,13,3,8255,55,13,40,2,1,0
38,1,22,1,120,440,0,40,1,2,1
31,1,20,1,3255,55,1,36,2,2,1
33,1,19,1,3500,36,9,30,2,1,0
70,6,20,2,2632,48,0,60,2,1,1
66,1,16,3,9121,29,0,25,1,1,0
26,1,20,5,4720,53,2,30,2,1,0
26,1,21,5,2810,22,13,45,2,1,0
19,1,16,5,7750,48,2,40,2,1,0
44,1,20,1,7905,34,0,45,1,1,1
18,1,16,5,4020,34,2,24,2,1,0
25,1,19,5,6260,42,2,50,1,1,0
58,1,14,1,4230,48,0,45,2,1,0
32,6,19,1,4510,53,1,36,2,1,0
23,1,22,5,5740,210,12,40,2,5,0
65,1,19,1,136,6,0,50,2,1,1
51,1,21,1,4810,26,0,40,2,1,0
53,1,21,1,220,4,0,45,1,1,1
50,1,21,1,1745,20,1,40,1,1,1
49,3,22,1,2310,53,0,8,2,1,0
58,1,22,1,1021,18,1,40,1,1,1
27,2,21,5,726,100,2,35,2,1,0
50,1,21,1,440,36,0,50,1,1,1
24,1,18,5,5160,6,2,28,1,8,0
32,1,21,5,5910,6,0,30,1,1,0
19,1,20,5,4030,36,2,40,2,1,0
49,4,20,1,3255,233,0,40,2,6,1
61,3,13,1,4251,5,1,40,1,1,0
22,1,19,5,5420,36,17,15,2,1,0
31,1,16,1,7750,29,0,45,1,1,1
50,6,16,1,4710,40,0,40,1,1,1
37,1,23,5,3010,34,13,40,1,9,1
20,2,19,5,10,55,0,15,1,1,0
72,1,16,1,9130,28,0,40,1,2,0
69,1,20,1,3255,45,0,40,2,1,0
20,1,19,5,4150,1,10,20,2,1,0
23,1,21,5,735,12,2,50,2,1,1
38,4,19,1,3740,72,1,40,1,1,0
75,6,24,1,205,18,0,72,1,1,1
59,1,21,3,2014,26,0,45,2,1,0
22,1,16,1,4350,21,1,30,2,1,0
48,7,18,5,10,36,0,55,1,1,1
36,2,21,1,420,48,0,20,2,1,0
48,7,21,5,440,17,0,50,1,1,0
39,4,21,1,2320,48,0,60,1,1,1
31,1,20,1,8030,41,0,36,1,1,1
23,1,16,5,7200,17,2,20,1,1,0
30,1,21,4,1031,373,0,45,1,1,1
47,6,20,1,6410,17,0,30,1,1,0
59,4,22,1,2310,31,1,45,2,1,1
42,1,17,3,4700,364,13,50,2,1,0
19,1,19,5,4622,17,17,30,2,1,0
62,2,19,3,5740,53,0,36,2,1,0
57,2,21,1,2320,33,0,55,1,1,0
68,6,18,1,4850,6,1,5,2,1,0
40,1,16,1,3515,20,0,40,2,1,0
30,1,19,1,7260,6,1,45,1,6,0
40,4,20,1,230,36,1,35,2,1,0
38,1,12,1,8990,48,1,35,1,1,0
46,1,12,1,6230,303,1,40,1,1,0
29,1,19,1,6530,24,0,50,1,1,0
37,2,22,1,3150,18,1,40,1,1,1
62,3,22,1,2330,39,1,40,2,1,1
41,1,20,5,440,12,0,40,2,2,0
18,1,16,5,4030,29,2,35,2,1,0
18,1,18,5,4251,19,2,30,2,1,0
18,1,16,5,4030,34,2,24,1,2,0
18,1,13,5,9620,47,2,5,2,2,0
52,4,22,1,2310,25,0,40,2,1,1
38,2,18,1,7855,13,1,36,1,1,0
43,3,16,1,9121,18,0,20,2,1,0
60,4,16,1,7315,36,1,60,1,2,1
25,1,18,1,4760,17,0,32,2,2,0
62,1,20,1,1105,39,0,60,1,1,1
68,5,18,3,5550,29,0,35,1,1,0
28,1,13,5,6230,312,12,40,1,8,0
37,1,19,5,9640,26,12,40,2,1,0
67,6,19,1,2040,4,1,8,1,3,0
31,4,22,1,110,37,0,45,2,1,1
38,6,24,1,3000,6,1,40,1,1,1
39,5,20,1,137,18,0,45,1,1,1
51,1,16,5,7700,42,15,40,1,1,1
45,7,20,1,4010,31,1,50,1,1,1
61,3,16,5,9720,6,0,40,1,2,1
68,7,24,1,2100,25,0,50,1,1,1
75,1,16,3,9645,1,0,40,1,1,0
57,2,16,3,1970,327,0,40,1,9,1
48,1,16,1,9130,36,0,40,1,1,0
45,1,7,1,9630,303,0,40,1,1,0
58,3,15,1,9122,36,0,65,1,1,0
23,1,19,5,4030,27,0,20,1,1,0
58,2,19,1,800,48,0,40,2,1,0
60,3,20,1,3710,17,0,40,2,1,1
71,5,23,1,136,36,0,40,1,1,1
72,2,24,1,2040,6,1,35,1,1,0
21,5,19,5,9825,48,17,40,2,1,0
36,5,21,1,3960,51,1,45,1,1,1
57,1,16,3,9005,303,0,40,1,1,0
32,1,21,1,6260,303,9,40,1,1,0
18,3,18,5,3960,31,2,30,1,1,0
27,1,19,5,4720,45,0,23,2,1,0
35,2,21,1,440,18,1,40,2,1,0
35,1,16,1,7200,214,0,60,1,1,1
20,1,19,5,5160,18,0,20,2,1,0
19,1,16,5,9365,303,4,54,1,1,0
53,1,21,1,10,6,1,50,2,1,1
25,1,19,5,4110,25,2,12,2,1,0
55,1,20,1,5000,39,1,50,1,1,1
41,1,16,1,4965,37,0,72,2,1,0
57,1,22,1,4965,42,1,40,2,1,0
51,1,19,1,800,6,0,50,2,1,0
42,1,22,1,1050,48,0,40,1,1,1
60,7,19,1,205,42,1,72,1,1,0
43,1,18,3,4400,48,0,24,2,9,0
51,1,21,3,3255,42,0,50,2,1,1
21,1,19,5,2722,48,17,8,1,1,0
60,1,23,1,3300,233,1,40,1,6,1
30,7,19,5,2905,18,0,30,1,1,0
61,1,19,1,9645,329,6,40,1,1,0
40,1,20,1,7700,6,0,40,1,1,1
51,1,19,3,8930,303,13,40,2,8,0
32,1,23,1,2100,12,1,40,2,1,1
53,1,16,5,4700,21,0,50,1,1,1
59,2,19,1,3500,13,1,30,2,1,0
31,1,18,5,6305,56,0,40,1,1,1
43,1,19,1,4700,54,0,50,1,1,0
18,1,18,5,9130,9,17,50,1,1,0
50,1,19,1,3603,51,0,52,2,2,0
22,1,19,5,8140,48,0,60,1,1,1
34,6,13,1,6260,303,0,32,1,8,0
40,1,20,3,51,158,0,30,2,1,0
48,1,15,1,4760,48,1,35,2,1,0
55,1,19,1,1050,40,0,40,1,1,1
18,1,18,5,4720,35,2,24,1,1,0
28,1,21,5,1970,42,0,30,2,1,0
28,1,21,5,4110,34,0,30,1,1,0
38,1,16,3,4230,40,0,32,2,1,0
17,1,16,5,9640,37,2,12,1,1,0
42,1,16,1,4000,207,1,16,2,6,0
71,1,19,4,4700,34,0,40,2,1,1
27,1,20,5,5110,36,5,40,2,2,0
46,1,15,1,9645,303,1,40,1,1,0
57,1,19,1,5120,21,0,40,2,1,0
32,6,18,1,9130,51,1,35,1,1,0
19,1,19,5,4622,48,2,34,2,1,0
34,2,22,1,1760,210,1,40,1,6,1
56,1,17,1,8740,9,1,40,1,1,1
65,1,16,1,4130,128,6,15,2,1,0
58,1,15,1,5710,17,1,40,2,1,0
41,1,16,1,5610,49,0,37,1,1,0
29,1,21,5,110,42,0,45,1,1,1
26,1,16,5,9620,303,0,40,1,8,0
59,1,21,3,440,36,13,50,1,1,1
70,2,22,2,2310,12,0,15,2,1,1
54,2,16,3,5120,48,0,40,2,1,0
22,1,9,5,4950,303,12,20,2,8,0
18,2,16,1,4600,17,2,20,2,1,0
69,3,22,3,2002,36,15,40,2,2,1
18,1,16,5,4220,36,17,6,1,1,0
25,1,16,5,4700,6,13,40,2,9,0
32,3,22,1,2310,8,1,50,1,1,0
34,1,20,1,230,34,1,50,2,1,0
64,1,18,5,4110,17,0,30,1,1,0
20,2,20,5,3960,9,4,25,2,1,0
57,5,16,1,4220,48,0,40,1,1,1
47,1,22,1,5165,38,0,60,1,1,1
20,1,19,5,5522,6,17,10,1,1,0
49,1,20,1,4600,207,1,40,2,6,0
29,1,20,1,7315,29,1,40,1,1,1
19,1,14,5,4220,42,2,20,1,1,0
56,6,12,5,1006,128,0,40,1,1,1
27,2,21,5,4640,25,17,40,2,1,0
42,5,19,1,7330,41,1,35,1,1,0
30,2,24,1,3160,17,1,32,2,1,1
33,1,22,5,4720,8,0,30,2,1,0
29,1,16,5,4010,6,2,48,1,8,0
49,1,19,3,5000,18,0,40,2,1,1
34,7,1,1,9142,207,9,30,1,6,0
29,1,13,5,4760,45,5,20,2,2,0
45,1,16,1,5240,18,0,45,1,1,1
54,3,19,3,2435,39,0,50,2,1,0
47,2,21,1,2300,13,1,20,2,1,0
54,1,16,1,9645,6,0,40,1,1,0
62,5,23,1,2100,39,0,40,1,2,1
23,1,19,1,600,109,0,40,1,1,0
49,1,19,1,5240,36,1,39,1,2,0
36,1,16,1,8140,4,1,50,1,1,1
25,2,15,5,9620,36,2,40,2,1,0
41,1,17,1,8990,29,1,40,1,1,0
49,2,20,3,3255,39,0,32,2,1,1
54,1,21,1,4850,42,1,40,1,1,1
30,1,9,4,8320,313,5,40,1,8,0
30,1,21,1,1021,36,0,58,1,1,1
59,1,20,1,5240,48,1,50,1,1,1
59,1,16,1,5350,22,0,40,1,1,1
66,1,22,1,4760,42,0,30,2,1,0
57,1,16,1,4220,233,15,30,1,6,0
59,1,16,5,9645,26,0,45,2,1,0
33,1,16,5,5240,162,12,40,1,1,0
38,1,21,5,1021,12,0,40,1,1,1
54,1,16,3,9130,25,2,40,1,1,0
56,1,22,5,530,36,0,20,2,1,0
54,3,17,1,3870,72,0,40,1,1,0
30,3,22,1,2310,6,1,50,2,6,1
53,1,16,1,2545,110,0,35,2,1,0
31,1,21,5,120,29,0,46,2,1,0
31,1,19,1,5110,36,0,40,2,1,0
29,2,22,1,2004,365,1,37,2,1,1
44,1,19,1,3725,169,0,60,1,1,1
50,3,19,2,5420,48,0,40,2,1,0
44,1,15,5,6050,314,15,48,1,8,0
52,2,21,1,3323,42,0,70,2,1,1
58,7,20,1,440,6,0,45,1,1,1
38,2,16,1,9350,242,0,40,1,6,1
60,4,19,1,5220,17,0,16,2,1,1
49,3,23,4,5220,20,0,45,1,1,1
18,1,16,5,4030,48,2,18,2,1,0
50,1,16,1,9130,29,1,40,1,1,0
24,1,21,5,1108,6,2,40,1,1,0
43,6,21,1,735,51,1,20,2,1,0
33,1,21,5,5920,48,0,65,1,9,1
36,2,21,1,3603,39,0,24,2,1,0
40,1,23,1,3090,6,1,60,1,6,1
18,1,16,5,4110,12,2,30,2,1,0
18,1,16,5,8990,13,17,30,1,1,0
17,1,14,5,4420,36,2,3,2,1,0
58,1,16,1,5000,6,1,40,2,1,1
41,3,20,4,3030,72,0,30,2,1,0
47,1,19,1,3500,6,1,24,2,1,0
58,3,20,1,2545,35,1,35,2,8,0
59,1,21,1,3255,332,0,40,2,2,1
60,6,19,3,4700,23,0,54,2,1,0
36,1,14,1,8750,56,1,36,1,1,0
27,3,21,1,2545,48,1,40,2,1,0
44,1,18,1,4700,39,1,45,1,1,0
19,1,13,5,4720,36,2,32,2,1,0
51,1,19,1,2300,27,1,42,2,1,0
46,1,21,1,220,42,0,50,1,1,1
63,1,15,1,5000,303,0,40,1,1,0
58,1,16,1,8990,42,1,40,1,1,0
47,1,16,1,8630,34,0,40,1,1,1
62,1,22,1,1006,163,0,40,1,1,1
38,1,16,1,6305,39,1,40,1,1,1
50,1,18,1,4720,23,1,24,2,1,0
35,6,19,5,9130,132,0,70,1,1,1
26,1,17,5,4210,53,13,40,1,9,0
59,3,22,1,2310,17,0,35,2,1,1
29,1,21,5,3255,46,0,20,2,1,0
55,1,17,3,2545,44,0,40,2,1,0
48,1,16,1,5240,51,1,30,2,1,0
60,2,19,1,5740,4,1,20,2,1,0
61,3,16,1,2545,72,1,58,2,8,0
19,1,18,5,4655,42,2,32,1,1,0
24,1,16,5,4510,47,0,32,2,1,0
52,7,8,1,4600,207,1,20,2,6,0
27,1,19,1,9610,6,0,40,1,1,0
60,1,21,1,10,21,1,50,1,1,1
50,6,20,1,7150,28,1,40,1,1,0
30,1,21,5,4530,8,2,40,2,9,0
54,1,22,1,4840,9,1,60,1,1,1
20,1,16,5,440,303,0,40,1,1,0
30,3,20,1,4251,13,1,50,1,1,0
32,3,22,5,2320,36,0,60,2,1,1
56,1,18,1,7925,26,1,50,1,1,1
42,1,20,1,6442,49,1,38,1,1,1
49,7,21,1,4760,15,0,40,2,1,0
53,1,1,5,8300,233,10,40,1,6,0
54,1,19,5,3602,311,2,40,2,1,0
21,1,19,5,1007,210,17,40,2,6,0
47,1,20,3,5740,37,13,43,2,1,0
36,1,16,1,8140,42,0,40,1,1,1
35,1,16,1,4700,207,12,40,2,6,0
63,6,21,1,6050,29,0,6,1,1,0
52,3,17,4,4230,303,0,40,2,1,0
46,6,19,5,205,48,0,50,1,1,0
38,1,17,1,9645,28,0,40,1,1,1
36,3,22,1,2310,12,0,50,2,1,0
20,1,19,5,4020,24,17,40,1,1,0
44,1,16,1,9620,42,0,40,1,1,0
36,3,21,1,3870,17,0,40,1,1,1
49,1,21,1,630,39,0,50,2,1,1
29,6,11,1,205,42,0,98,1,1,0
50,1,13,1,6355,47,1,45,1,1,1
40,5,16,3,9830,303,13,30,1,8,0
54,1,22,1,10,47,0,60,1,1,1
67,1,21,1,3605,1,0,24,1,1,0
64,6,19,5,9142,21,0,15,1,1,0
39,2,18,3,3255,48,0,36,2,1,1
58,1,20,3,3545,26,0,36,2,1,1
49,1,16,4,4830,34,0,40,2,1,1
18,1,16,5,4720,22,2,10,2,1,0
21,5,16,5,7640,36,17,40,1,2,0
31,2,18,5,5740,24,12,40,2,1,0
33,1,21,1,5740,53,0,40,2,1,1
18,1,14,5,2006,25,2,15,2,1,0
34,5,19,1,3870,24,0,45,1,1,1
47,7,14,1,6410,12,1,24,1,1,0
57,7,16,1,205,19,0,13,1,1,0
23,1,16,5,9640,55,0,48,2,1,0
37,3,21,5,4400,55,13,32,1,3,0
29,1,22,1,1530,207,1,40,1,6,1
49,1,9,4,6050,512,13,50,1,7,0
74,1,18,1,7340,36,0,3,1,1,0
45,1,21,1,9645,19,0,45,1,1,1
53,1,20,1,5000,364,1,40,1,1,0
57,1,19,5,8810,27,0,45,1,1,0
37,1,16,1,4760,29,2,40,1,1,0
66,1,19,2,5000,36,0,24,2,1,0
55,7,16,1,6260,47,0,40,1,1,1
20,1,19,5,4600,19,2,40,2,1,0
29,2,16,1,120,41,0,40,2,1,0
74,1,16,2,9130,1,0,40,1,1,1
60,1,16,1,6005,42,1,40,2,1,0
33,2,21,1,2310,48,0,40,2,1,0
29,4,22,1,2001,47,0,36,1,1,0
51,6,11,2,4600,329,0,35,2,8,0
40,1,21,4,3255,421,0,24,2,2,1
19,1,16,5,4220,6,2,20,1,8,0
36,1,20,1,8740,24,1,55,1,2,1
36,6,18,1,3602,228,1,80,2,6,0
21,4,19,5,5400,18,12,30,2,1,0
62,2,16,1,5120,18,1,30,2,1,1
35,8,22,1,6230,217,1,30,1,1,0
56,1,21,1,9030,36,0,25,1,1,1
55,1,17,1,7750,44,1,20,1,1,0
62,5,24,5,1108,36,0,40,1,1,1
19,5,16,5,6835,42,17,40,2,1,0
69,1,19,5,4621,21,0,2,1,2,0
50,1,16,1,5240,27,0,32,2,1,0
35,1,20,1,8990,21,17,20,2,1,0
66,1,16,1,5240,6,0,30,2,8,0
35,1,19,3,9130,329,0,65,1,9,0
76,1,16,1,9130,110,0,10,1,1,1
65,4,21,1,2310,40,1,14,2,1,0
52,3,21,1,2310,42,0,40,2,1,1
17,1,16,5,4055,8,4,18,2,1,0
46,1,16,1,6305,12,0,48,1,1,1
76,6,16,1,3630,55,0,5,2,1,0
36,1,16,5,4760,42,2,40,1,1,0
43,1,9,1,6230,303,1,35,1,8,0
62,1,21,1,2014,27,1,40,2,1,1
23,1,16,5,4140,16,2,20,1,1,0
37,3,20,3,2545,303,0,40,2,1,0
37,7,17,1,2016,49,1,40,2,1,1
46,1,18,4,6305,48,13,40,1,1,0
32,1,11,1,6005,303,1,45,1,1,0
53,7,21,1,4810,36,0,35,1,1,1
40,1,19,1,9130,48,2,65,1,1,1
38,1,21,1,830,13,1,40,1,1,1
53,6,21,5,230,6,0,60,2,2,1
42,1,17,1,5820,247,1,25,2,6,0
53,1,14,1,4700,21,1,57,1,1,1
46,7,11,5,6050,303,13,30,1,1,0
28,1,16,5,5350,36,2,40,1,1,1
63,1,16,1,3630,13,1,40,2,1,0
46,1,21,1,1460,51,0,60,1,1,1
68,2,19,3,3601,25,0,99,2,1,0
44,1,16,5,4700,25,0,45,1,1,1
71,6,23,1,3090,16,0,45,1,1,1
42,1,19,5,5240,48,4,40,1,3,0
64,1,18,1,350,34,0,40,2,1,1
46,1,16,5,4230,39,0,40,2,1,0
28,1,19,5,8130,55,0,40,1,1,0
19,1,18,5,4700,6,2,40,2,2,0
21,4,19,5,2205,39,0,12,1,6,0
35,5,19,1,5560,11,1,40,2,1,1
41,2,21,1,440,27,0,60,1,1,1
43,1,19,1,1105,17,0,40,1,1,1
46,6,21,1,705,48,0,5,2,1,0
62,3,16,1,3720,35,0,40,1,1,1
61,7,16,1,7220,24,1,40,1,1,1
51,7,22,1,4800,39,1,45,2,1,0
60,1,16,1,2634,6,0,40,2,1,1
66,4,19,2,5820,41,0,50,2,1,0
17,1,15,5,4020,37,2,32,1,8,0
29,2,21,3,3255,8,0,40,2,1,1
44,1,17,1,7000,303,1,50,1,8,1
94,1,21,1,7750,27,0,4,1,1,0
34,1,13,5,4030,303,0,40,2,8,0
30,1,20,1,3645,139,0,25,2,1,0
54,1,21,1,5710,17,1,40,2,1,1
39,1,20,1,1450,42,1,40,1,1,1
46,3,16,3,3870,40,12,40,1,1,0
26,1,21,5,1430,48,0,40,2,1,1
46,1,19,5,5600,6,0,36,2,1,1
29,1,22,5,710,48,0,45,2,1,1
31,1,14,5,9620,28,16,40,1,2,0
39,1,16,1,9130,21,0,43,1,1,0
71,5,19,4,440,26,0,40,2,2,1
29,4,16,5,3700,12,0,43,1,1,0
68,1,21,2,5120,26,0,40,2,1,1
66,7,18,1,4200,26,0,45,1,1,0
24,2,20,5,3605,26,2,40,2,8,0
73,1,21,1,51,25,1,14,2,1,1
44,6,9,1,8320,313,5,40,1,1,0
48,6,21,5,710,6,13,50,1,1,1
60,1,21,1,8740,42,1,40,1,1,0
29,1,23,5,3090,235,0,50,2,6,0
65,7,23,1,220,139,0,40,1,1,0
69,3,20,1,1555,41,1,12,1,1,0
20,1,20,5,5240,53,17,10,2,1,0
40,6,16,3,4350,34,13,50,2,1,0
41,1,22,1,10,10,0,40,1,1,1
21,1,13,5,4252,12,2,25,1,1,0
17,3,14,5,2634,10,2,20,2,1,0
19,1,19,5,3602,12,17,48,2,1,0
22,4,20,5,2350,15,2,20,2,8,0
30,1,19,1,3424,10,2,40,2,1,0
19,1,19,5,4251,8,2,25,1,1,0
21,2,19,5,2400,13,12,25,2,1,0
47,1,16,1,5110,55,1,40,2,1,0
55,1,12,1,6200,36,1,53,1,1,1
57,6,20,1,4700,21,1,50,2,1,0
39,1,21,5,4810,42,13,40,2,1,0
27,1,19,5,4110,51,2,24,2,1,0
25,4,21,5,2310,41,12,25,2,1,0
36,5,16,5,1555,4,0,40,1,1,0
45,1,19,1,220,37,1,50,1,1,1
26,6,1,4,6260,312,15,45,1,8,0
18,1,16,5,9645,13,2,22,1,1,0
21,1,19,5,4720,36,17,25,2,1,0
23,1,11,5,9600,303,10,40,1,8,0
63,1,19,4,5000,41,0,32,2,1,0
57,4,24,1,1240,36,1,40,1,1,1
37,1,18,1,6355,51,0,60,1,1,1
39,1,16,1,9760,18,16,48,1,1,0
27,1,18,4,5550,303,15,40,1,1,0
58,6,19,3,4710,440,0,60,1,2,0
42,1,21,1,2722,39,1,25,2,1,0
63,1,20,1,9645,6,0,40,1,1,1
60,1,22,1,1460,210,0,50,1,6,1
35,1,21,1,4700,20,0,40,2,1,0
39,1,24,1,3160,233,0,40,1,6,1
30,1,19,5,4522,40,13,40,2,1,0
57,2,21,1,1105,17,0,48,1,1,1
55,3,23,5,810,17,11,40,2,1,0
65,1,21,2,2180,6,0,40,2,2,1
26,4,21,5,2310,47,12,45,2,1,0
29,1,16,1,7150,18,1,50,1,1,0
21,1,19,5,1108,24,2,20,1,1,0
33,1,19,5,4621,48,12,40,1,1,0
34,1,16,5,8990,313,0,60,1,1,0
49,1,16,3,8140,17,0,60,1,1,0
49,2,21,5,3324,54,0,40,2,1,1
35,1,21,5,2350,17,0,29,2,9,0
46,2,16,1,2040,313,0,20,1,8,0
24,1,19,5,4760,333,13,30,1,2,0
32,1,22,1,1021,39,0,40,1,1,1
57,1,16,1,5240,29,1,40,2,1,0
27,1,16,1,4840,42,0,40,1,1,0
54,6,21,1,810,18,0,50,1,1,1
48,7,21,1,440,48,1,48,1,1,1
69,1,19,1,7000,56,1,15,1,1,1
43,3,19,1,3603,364,1,36,2,1,0
70,6,16,5,4750,20,0,32,1,1,0
58,7,24,1,3000,6,1,40,1,1,1
22,1,17,5,6230,17,2,40,1,1,0
42,3,22,1,10,17,1,50,1,1,1
25,1,18,5,9645,242,13,40,1,6,0
22,1,21,5,4600,17,2,4,2,1,0
22,1,21,5,630,36,2,50,1,1,0
73,4,21,2,2320,40,0,14,2,1,0
49,6,16,1,6442,12,0,50,1,1,0
35,1,18,1,9650,4,0,99,1,1,1
63,1,16,1,9645,36,0,40,1,1,0
56,4,21,1,2555,36,1,60,2,1,1
23,1,21,5,4920,26,2,20,1,1,0
70,1,21,1,4700,25,0,12,2,1,0
50,1,16,1,8030,36,1,50,1,1,1
28,4,21,5,5740,48,0,40,2,1,1
19,1,16,5,4760,37,2,40,1,8,0
45,1,16,3,9620,6,13,40,1,1,0
55,5,20,1,7000,40,1,40,1,1,0
60,6,18,1,4840,39,1,15,2,1,0
60,1,16,1,5120,53,0,40,2,1,0
56,2,16,1,2300,25,0,35,2,1,0
55,3,16,1,4130,233,1,25,2,6,0
55,1,15,1,2545,13,0,18,2,1,0
46,2,15,5,2545,55,2,40,1,2,0
53,1,21,1,140,31,1,60,1,1,1
24,3,16,1,8990,20,1,40,1,1,0
33,4,21,1,7700,42,0,40,1,1,0
35,3,16,1,6442,15,9,40,1,6,0
76,1,16,1,3500,1,6,39,2,2,1
18,7,18,5,4600,5,17,40,2,1,0
18,2,14,5,4600,39,2,10,2,9,0
41,1,20,5,2320,38,0,40,2,1,0
57,3,16,1,2545,6,0,30,2,1,0
22,1,20,5,4435,12,16,30,1,9,0
60,3,16,1,3870,22,1,40,1,2,0
61,4,16,1,4220,42,1,40,1,1,0
37,1,19,5,7750,38,0,40,2,1,0
24,1,20,5,4720,6,2,38,1,1,0
37,1,16,1,5120,21,0,40,2,1,0
29,2,23,5,2100,35,0,42,2,1,0
45,2,20,3,2310,449,13,30,2,1,0
51,1,21,3,8990,215,13,40,1,6,0
42,1,20,1,6442,233,1,40,1,9,1
43,5,20,1,630,42,1,60,1,1,1
47,1,16,1,335,28,0,40,1,1,0
30,2,20,5,3603,6,0,40,1,8,0
23,5,15,5,4600,6,15,40,2,1,0
46,1,16,3,7330,32,0,42,1,1,1
27,4,18,3,800,18,0,40,2,1,0
51,1,21,1,440,13,0,55,1,1,1
54,2,22,1,3230,35,0,40,2,1,1
40,1,19,1,5400,6,5,30,1,7,0
66,1,20,3,3930,13,0,13,1,1,0
74,6,12,1,8740,21,1,35,1,1,1
74,1,16,1,2545,18,1,14,2,1,0
23,1,16,3,9640,303,12,40,2,8,0
28,6,21,5,2920,6,0,13,2,1,0
36,1,22,5,3245,36,2,40,2,2,1
65,1,15,1,3603,37,0,30,2,2,0
54,4,22,1,2310,36,0,38,2,1,1
51,7,23,1,2100,5,1,80,1,1,1
59,1,21,1,1460,36,0,45,1,1,1
42,1,16,5,4220,6,0,15,1,1,0
59,6,16,3,8530,53,0,40,2,3,0
62,4,19,1,230,39,0,35,2,1,1
52,1,21,1,10,22,0,40,1,1,1
57,1,22,1,110,42,0,40,1,1,1
43,2,22,1,2555,36,0,25,2,1,0
25,1,19,1,6410,29,9,40,1,1,0
49,3,21,1,2310,36,1,40,2,1,0
57,1,22,1,9030,36,0,60,1,1,1
70,1,20,1,1530,48,0,30,1,1,1
28,1,20,5,3601,1,0,60,2,2,0
24,1,19,5,5400,48,2,12,2,2,0
55,7,20,1,4920,19,1,55,2,1,0
46,1,16,1,140,42,1,40,1,1,0
70,6,18,1,6660,29,0,10,1,1,0
40,2,16,3,420,48,0,30,2,1,0
28,1,21,5,310,6,15,40,1,1,1
31,6,13,5,220,42,4,30,1,1,0
26,4,21,5,3255,35,2,40,2,3,1
23,1,16,5,7210,36,7,40,1,1,0
48,1,16,1,7700,47,11,45,1,1,1
53,1,16,1,4760,30,0,40,1,1,1
52,1,16,1,4750,42,1,40,1,1,1
45,4,21,1,2310,364,0,40,2,1,1
46,1,21,1,4110,315,0,40,1,2,1
66,2,24,1,2040,22,1,45,1,1,1
21,1,17,5,4020,45,13,20,2,2,0
31,1,21,1,910,6,1,40,1,9,1
65,1,23,3,4655,9,0,40,2,1,0
28,1,20,5,1970,29,2,40,2,1,0
27,2,22,1,2013,26,0,32,2,1,0
23,1,16,5,6260,17,2,48,1,1,0
46,7,21,1,710,4,0,40,1,1,0
62,1,19,3,4810,31,0,45,2,1,0
62,1,16,5,705,48,0,45,2,1,0
52,6,20,1,5240,25,0,40,1,1,0
65,2,16,1,4600,18,1,15,2,1,0
43,6,20,1,410,27,1,20,1,1,0
24,1,21,5,1108,217,12,40,2,6,1
25,1,16,5,3930,48,15,40,1,2,0
37,6,22,5,2722,32,0,60,2,1,0
17,1,14,5,4600,6,2,15,1,8,0
18,1,16,5,8760,18,2,15,1,6,0
19,1,18,5,9620,17,17,50,1,1,0
55,6,16,1,2360,24,1,10,2,1,0
41,3,16,1,9620,25,1,40,1,1,0
36,1,19,5,8740,39,2,40,2,1,0
80,1,16,3,3603,19,0,40,2,1,0
25,1,21,5,4220,303,2,30,2,9,0
48,1,16,5,310,8,5,40,1,1,0
32,1,21,1,800,207,1,40,2,6,1
48,1,20,1,8990,5,1,40,1,1,0
58,1,1,1,4220,313,1,40,2,3,0
55,3,21,1,3255,37,0,40,2,1,0
35,1,19,5,3930,48,2,40,1,2,0
57,1,16,3,4760,4,0,30,2,1,0
26,3,21,5,2310,48,2,40,2,1,0
22,6,20,5,2723,17,2,8,1,1,0
51,1,16,3,5240,301,0,50,2,1,1
44,6,19,5,2905,37,0,50,1,1,0
25,1,21,5,2634,1,2,40,1,1,0
57,1,19,3,9130,37,0,40,1,3,0
51,1,19,5,4040,51,2,60,1,1,0
37,1,21,3,1360,47,0,40,2,1,1
58,3,16,1,9620,119,0,40,1,1,0
61,4,16,1,4020,36,1,33,2,1,0
24,1,21,5,2014,6,2,40,2,3,0
66,7,23,1,2100,26,0,50,1,1,1
53,1,14,1,4230,303,0,80,2,8,0
19,4,18,5,8255,17,17,15,1,2,0
73,6,18,1,4230,17,0,10,2,2,0
52,3,21,1,2320,25,0,40,2,1,1
61,6,21,1,710,53,1,45,1,1,1
29,5,19,1,3725,6,0,40,1,8,0
42,6,18,3,5120,27,0,23,2,1,1
47,1,19,4,5120,42,0,42,2,1,1
22,1,19,5,3648,163,3,35,2,1,0
44,1,20,5,3601,5,0,13,2,2,0
51,1,18,1,6355,42,1,40,1,1,1
60,4,21,1,2310,23,0,40,2,1,1
60,3,19,1,110,6,1,40,1,1,1
24,3,21,5,1108,51,0,40,1,1,0
66,1,20,1,9005,39,1,25,2,1,0
71,4,19,5,2360,28,0,16,2,2,0
61,1,23,1,3930,370,0,40,1,1,0
56,1,21,1,2320,17,0,28,2,1,0
64,6,22,3,2910,26,0,50,1,1,1
35,1,21,1,3255,24,1,40,1,1,0
42,1,16,3,8990,72,12,45,1,8,0
26,2,22,1,2014,19,1,40,2,1,0
52,3,19,1,2310,36,1,25,1,1,0
34,1,22,1,1750,22,1,40,2,1,0
67,8,21,1,410,51,0,16,2,1,0
62,6,18,3,4510,36,0,25,2,1,0
46,4,22,1,2360,42,1,52,2,1,1
18,1,14,5,1050,6,2,19,1,1,0
38,1,16,1,4700,15,0,40,2,9,0
22,1,19,5,6050,46,12,37,1,1,0
18,1,16,5,4720,38,17,30,2,1,0
18,1,18,5,4720,4,17,10,2,1,0
52,1,21,1,440,18,0,60,1,1,1
26,1,21,1,1006,53,0,40,1,1,0
25,1,20,1,4220,5,0,50,1,3,1
26,1,21,5,5240,10,10,40,2,1,0
41,1,22,3,6200,51,0,55,2,1,1
31,1,21,5,5740,15,13,16,2,6,0
35,1,21,1,5000,42,1,52,1,1,1
63,7,22,1,4710,53,0,25,2,1,1
53,1,17,3,5110,1,0,32,2,1,0
35,6,21,5,3261,20,13,20,2,1,0
36,1,22,1,4110,8,0,20,2,1,0
33,1,18,5,440,37,0,40,1,2,0
17,1,13,5,4720,25,2,12,2,1,0
48,3,22,1,2320,12,0,40,1,1,1
36,1,9,1,4220,303,0,25,2,1,0
49,6,16,1,4920,42,0,40,2,1,0
40,1,16,5,9130,36,2,40,1,2,0
58,6,16,1,6410,42,1,10,1,1,0
21,1,19,5,5160,36,2,20,1,1,0
19,1,16,5,9645,40,2,40,1,1,0
40,1,16,1,4760,51,1,50,1,1,1
54,1,18,1,1350,53,1,40,1,1,1
34,3,18,3,4350,48,13,40,2,1,0
53,1,21,5,4850,17,0,40,1,1,1
34,1,17,3,2360,35,15,40,2,1,0
19,1,17,5,5810,21,13,35,1,2,0
61,1,21,1,5740,48,1,20,2,1,0
38,1,19,4,4130,132,0,40,2,1,1
29,1,20,5,8365,13,0,40,1,1,0
44,1,19,1,3640,13,0,40,2,1,0
39,1,21,1,1720,55,0,40,1,1,1
43,1,22,1,110,210,1,40,2,6,1
64,2,18,1,5720,48,1,4,2,1,0
56,1,17,1,6260,25,1,40,1,1,0
32,1,19,5,7220,31,0,40,1,1,1
46,1,21,5,140,6,2,40,2,1,1
45,2,21,5,2014,48,0,40,1,1,0
23,1,18,5,4040,22,2,25,2,1,0
54,1,15,3,9130,54,0,60,1,1,1
53,1,22,1,5000,37,0,3,1,2,1
65,2,16,1,5110,39,1,45,2,1,0
30,1,18,1,4760,48,3,40,1,1,1
28,1,21,5,2300,39,2,30,2,1,0
37,1,16,1,4950,200,0,40,1,1,0
52,1,19,5,4760,36,0,30,2,8,0
47,1,21,1,3620,315,0,36,1,1,0
37,1,20,5,4760,51,0,35,1,2,0
20,1,16,5,4030,6,2,20,1,6,0
36,3,22,1,2310,17,0,50,2,1,1
54,1,21,3,4700,233,2,25,2,6,0
22,1,16,5,6260,13,17,20,1,1,0
24,1,16,5,6355,33,4,45,1,1,0
28,1,19,5,2700,6,10,25,2,1,0
50,1,16,5,7340,24,0,60,1,9,0
29,1,19,5,2205,25,2,38,2,1,0
25,1,15,1,4220,333,10,20,2,2,0
64,5,16,2,4230,11,0,40,2,2,0
31,1,18,5,4710,55,0,70,1,1,0
42,1,23,5,2100,28,0,45,2,2,0
31,1,21,1,1108,210,0,40,1,6,1
24,1,19,5,5740,6,13,40,2,8,0
27,1,18,5,5240,37,2,34,2,1,0
54,1,5,5,6040,303,13,40,2,8,0
25,1,20,5,640,328,0,40,2,1,0
54,7,16,1,4700,24,0,55,1,1,1
38,1,20,5,5240,4,0,40,1,1,0
29,1,16,5,520,12,0,25,2,1,0
83,1,1,1,4720,207,1,32,2,6,0
44,1,18,1,7700,6,1,40,1,1,1
31,1,21,1,1006,303,0,40,1,1,1
56,1,13,2,8300,42,0,40,2,1,0
35,1,21,5,1360,51,2,40,1,1,1
43,1,20,1,350,150,1,38,2,1,0
18,1,13,5,4720,40,0,40,2,8,0
24,1,16,5,4720,51,2,40,2,1,0
46,1,12,1,8320,312,1,40,2,8,0
55,1,19,1,3255,25,1,32,2,1,0
61,2,19,1,5140,23,0,40,2,1,0
64,1,21,1,8030,31,1,12,1,1,0
64,3,20,5,800,6,0,25,2,1,0
66,6,22,5,2640,6,0,4,1,1,0
40,1,21,5,710,233,0,45,2,6,1
59,1,15,1,7750,303,1,40,2,1,0
63,3,21,5,230,30,2,40,2,3,0
26,1,20,5,9142,303,2,40,2,1,0
21,2,18,5,5740,25,17,10,1,1,0
17,2,16,5,2723,12,2,2,1,1,0
52,1,21,1,5740,39,1,35,2,1,0
80,2,23,1,3090,42,0,40,1,1,1
60,2,23,3,2205,72,0,40,2,1,0
57,1,21,2,3255,40,0,36,2,1,0
52,2,21,1,726,6,1,50,2,1,1
27,2,17,5,2006,303,15,50,2,1,0
65,5,16,1,3801,35,0,40,1,3,0
41,6,14,1,6260,26,1,35,1,1,0
48,1,18,1,5120,128,1,47,2,1,1
90,7,19,2,5000,40,0,40,2,1,1
30,1,16,1,3602,29,1,9,2,1,0
38,3,23,1,3090,421,0,60,1,2,0
27,5,21,5,9830,17,12,40,1,9,0
22,1,16,5,4760,6,0,40,2,1,0
21,5,19,1,7030,48,0,40,1,2,0
59,3,16,1,4220,13,1,40,1,1,0
49,1,21,1,4810,17,0,40,2,1,0
65,1,18,1,6660,46,0,50,1,1,0
26,1,16,1,8800,233,1,40,2,6,0
19,1,17,1,6200,45,1,48,1,1,0
43,2,21,1,3330,18,1,25,2,2,0
30,1,1,3,8740,6,7,40,1,2,0
51,1,19,1,800,22,0,40,2,1,1
43,1,21,3,440,1,0,30,2,1,0
74,1,22,1,3602,29,1,20,1,1,0
46,1,22,1,9130,104,0,40,1,1,0
49,1,18,1,4710,6,1,40,1,1,1
41,1,19,4,5240,12,16,40,2,1,0
62,1,22,1,3230,45,1,30,2,1,1
45,1,21,5,9050,72,0,40,1,9,1
55,1,21,1,1006,34,1,48,1,1,1
17,1,14,5,4030,17,2,20,2,1,0
34,1,16,1,20,362,0,40,1,1,1
61,6,21,1,2600,47,0,65,2,1,0
34,1,17,5,4055,42,2,20,2,1,0
39,4,24,1,1760,240,0,40,1,6,1
42,2,23,1,3255,17,1,8,2,1,0
61,1,19,1,4030,25,1,32,2,1,0
30,1,16,5,6230,6,2,50,1,1,0
34,1,19,1,4700,22,0,44,2,1,0
62,1,15,1,8990,26,0,45,1,1,0
18,1,18,5,4622,2,17,20,2,1,0
40,1,21,1,120,17,0,40,2,1,1
55,2,18,1,5810,39,1,40,2,1,0
59,1,16,1,8740,55,1,45,1,1,1
28,1,22,1,5000,138,0,42,1,1,0
26,1,21,5,630,39,0,40,2,1,0
25,3,20,1,3740,26,1,56,1,1,1
27,1,21,5,4110,36,0,35,1,1,0
44,4,22,3,2330,4,0,40,2,3,0
31,3,21,1,1108,53,1,40,1,1,1
52,2,22,1,2205,139,1,40,1,1,1
54,1,20,1,5110,15,0,40,2,6,0
39,1,16,3,9130,13,0,70,1,2,0
57,7,22,1,4020,28,1,30,2,2,0
37,1,18,1,7410,20,1,40,1,1,1
43,1,21,1,1460,26,0,40,1,1,1
36,1,1,2,4760,21,0,42,2,1,0
20,1,16,5,4720,36,2,40,2,2,0
55,1,19,1,5110,6,1,40,2,1,1
17,6,14,5,4251,29,2,10,1,1,0
44,1,20,1,4760,26,0,56,2,1,1
46,4,16,1,5240,333,0,8,2,2,0
28,1,19,5,120,6,13,45,1,2,0
66,1,20,2,5000,36,13,40,1,1,0
41,5,20,1,3255,40,1,40,2,1,1
79,1,20,4,3602,28,0,12,2,2,0
48,1,21,1,2861,364,1,36,2,1,0
19,1,18,5,2006,6,2,24,1,8,0
33,1,16,5,4510,462,0,40,2,2,0
25,1,22,5,4760,51,2,19,2,1,0
55,1,20,1,4600,327,1,35,2,1,0
28,1,20,1,3255,37,1,50,2,1,1
22,1,21,5,5240,32,2,32,2,1,0
56,1,22,1,10,39,0,50,1,1,1
20,1,19,5,4720,6,17,22,1,1,0
53,1,18,1,20,6,0,40,2,1,1
28,2,19,5,120,48,10,40,2,2,0
27,1,20,1,5740,6,0,24,2,9,0
38,1,20,1,1010,37,1,40,1,2,0
50,1,16,1,160,18,0,60,1,1,1
53,1,16,1,7330,31,1,40,1,1,0
19,1,18,5,5400,20,2,25,2,1,0
21,5,18,5,9825,17,17,60,1,1,0
25,1,18,3,3603,49,13,40,2,1,0
34,1,21,1,4760,20,0,70,1,1,0
59,1,16,4,7330,24,2,40,2,1,0
30,1,22,5,51,8,0,40,2,1,1
17,1,14,5,4435,36,7,20,2,1,0
61,1,12,1,4720,18,1,34,2,1,0
54,1,20,3,5240,72,0,40,2,8,0
31,1,19,5,9130,427,2,40,1,2,0
47,4,23,1,3090,17,0,40,1,1,1
24,2,19,5,3515,17,0,80,2,6,0
61,1,1,1,4110,215,0,24,2,6,0
32,7,21,1,410,6,0,40,1,6,1
42,1,16,5,6260,312,12,40,1,1,0
54,1,16,5,6355,24,0,40,1,1,1
41,1,21,1,6260,164,1,40,1,1,0
51,1,21,1,2145,22,1,20,2,1,0
31,1,18,3,5740,39,16,35,1,1,0
23,1,20,5,4510,21,2,40,2,1,0
46,3,20,1,7410,1,0,40,1,1,1
66,1,21,1,20,72,0,55,1,1,1
47,1,20,3,1555,15,0,40,1,6,1
60,3,21,3,3255,29,0,40,2,1,0
44,1,21,1,4760,1,1,60,1,1,0
30,1,19,5,9005,36,2,40,1,1,0
51,8,12,1,4220,303,1,3,2,1,0
42,3,21,3,2310,34,0,40,1,1,1
47,7,16,1,4251,303,1,40,1,1,0
44,1,16,1,4120,25,1,38,1,1,0
53,1,18,1,3300,5,1,40,1,1,0
61,1,21,1,6050,26,1,20,2,1,0
51,2,20,1,4000,41,1,55,1,1,1
79,6,19,1,4965,49,0,25,1,1,0
28,1,16,5,6115,2,7,15,2,4,0
50,5,19,1,2014,49,0,40,2,3,0
54,3,16,1,4220,42,0,40,2,1,0
62,1,21,1,1006,20,0,40,1,1,1
38,4,18,5,2360,1,16,30,1,1,0
41,1,18,5,4760,12,0,34,2,2,0
59,1,16,2,9620,39,13,50,2,1,0
36,4,21,1,230,36,0,45,1,2,1
56,1,18,3,1050,11,13,40,1,2,1
51,1,16,1,7720,17,1,40,2,1,0
61,4,24,3,2205,18,0,50,2,1,1
68,3,21,3,565,42,15,40,1,1,1
72,1,22,1,850,47,1,40,1,1,1
50,1,19,1,5240,48,1,40,1,1,1
24,1,18,1,6240,66,1,40,1,1,0
52,1,15,5,8990,26,0,45,1,1,0
33,1,21,5,800,51,0,40,2,1,0
68,1,18,1,5000,34,0,40,2,1,1
41,1,18,1,4220,5,1,40,1,1,0
70,5,20,1,4220,8,1,40,1,1,1
60,7,18,1,7200,34,0,55,1,1,0
22,1,16,5,5000,25,17,9,2,1,0
21,1,16,5,8650,48,2,91,1,1,0
66,1,19,1,4760,42,0,20,1,1,0
41,1,18,3,4700,13,2,40,2,1,0
61,1,21,1,2320,22,0,40,1,1,1
61,1,17,4,4760,36,0,14,2,1,0
64,6,21,1,710,140,0,50,1,1,1
66,3,16,3,120,27,0,2,2,1,0
45,3,22,1,230,215,0,45,2,6,1
43,7,16,3,440,36,0,40,1,1,0
49,6,16,1,4500,151,1,8,2,1,0
27,1,15,5,4760,6,0,96,1,8,0
53,1,21,1,9620,6,1,30,1,1,0
51,1,21,1,10,20,1,40,1,1,1
56,3,21,1,2310,12,1,40,2,1,1
59,6,16,2,8990,31,0,16,1,1,0
21,1,11,5,8800,6,16,40,1,1,0
28,1,12,1,440,42,0,60,1,1,1
69,3,22,3,8620,6,0,40,1,1,1
63,1,1,4,4230,303,8,20,2,8,0
18,2,16,5,2360,8,2,90,1,1,0
61,1,20,3,9620,501,13,15,2,1,0
29,6,16,1,5120,4,9,40,2,8,0
31,1,16,1,4700,27,1,50,2,1,0
56,1,20,1,800,38,1,60,2,1,0
44,1,1,5,3545,35,0,60,2,1,0
53,1,20,3,3255,21,0,38,2,1,1
55,4,22,5,650,55,0,40,2,1,1
55,3,22,1,2002,19,0,42,1,1,1
41,1,22,1,850,215,0,40,1,6,1
24,1,20,5,7720,36,2,40,1,1,0
29,1,19,5,2545,329,2,35,2,1,0
68,7,20,1,1021,37,1,20,1,1,1
34,1,21,1,3602,21,0,48,2,1,0
27,1,16,1,4230,303,1,40,2,8,0
48,2,20,1,3603,26,0,25,2,1,0
33,1,21,1,350,12,0,50,1,1,1
50,1,22,1,440,110,0,45,1,1,1
20,1,14,5,4020,29,0,40,2,1,0
58,1,17,2,6520,39,0,40,1,1,1
49,2,21,1,2310,31,0,50,1,1,1
49,6,16,1,5740,46,0,48,2,1,0
63,2,16,1,5400,12,1,25,2,1,0
53,1,19,5,2905,48,0,60,1,1,1
30,1,21,5,1021,26,0,40,1,1,1
53,1,20,3,3520,6,0,40,2,1,0
40,3,22,1,2320,23,0,44,2,1,1
55,1,19,1,4700,451,0,40,2,2,0
35,4,21,4,230,48,15,40,1,1,0
42,1,21,5,3424,19,0,40,2,1,0
24,1,19,5,4110,508,2,24,2,9,0
33,1,21,1,4700,26,1,40,1,1,1
48,1,20,1,3423,37,0,50,2,1,0
72,6,19,2,6200,18,0,2,1,1,0
40,7,16,1,4220,39,1,30,1,1,0
34,1,16,1,7510,48,9,40,1,1,0
67,7,22,1,800,8,0,32,2,1,1
47,1,20,5,5810,303,0,40,2,1,0
30,1,16,5,9620,18,2,40,1,1,0
64,1,21,1,4230,26,1,10,2,1,0
54,1,19,1,5100,48,1,40,1,1,0
29,5,21,1,1021,50,0,40,2,1,1
23,1,1,5,4130,36,2,40,1,1,0
32,2,22,1,120,18,0,50,2,1,1
30,2,21,5,2006,6,2,35,1,1,0
17,1,14,5,4720,20,2,16,1,1,0
46,1,16,1,9600,13,1,40,1,2,0
23,1,19,5,7420,4,12,25,1,1,0
18,2,17,5,2040,41,2,25,2,7,0
42,2,24,1,3050,17,0,35,2,1,1
17,1,13,5,5860,39,2,20,2,1,0
48,1,24,1,3090,13,1,50,1,1,1
25,1,20,5,2014,36,7,38,2,9,0
60,1,19,1,5240,17,0,50,2,1,0
23,1,19,5,5840,48,0,40,2,1,0
32,1,15,1,220,48,1,70,1,1,1
64,2,20,1,1050,55,0,40,1,1,0
48,3,16,1,5940,39,1,40,2,1,0
54,1,5,1,7340,303,1,40,1,1,0
30,1,16,5,6442,39,7,20,1,2,0
54,3,21,1,2310,42,0,40,1,1,0
29,1,16,1,5120,312,10,40,1,1,0
29,2,21,5,2310,42,0,40,2,1,0
32,1,21,1,3255,42,1,36,2,1,0
61,6,16,1,6442,17,1,35,1,1,0
59,1,12,1,8740,6,5,40,1,1,1
38,2,22,1,2310,12,1,45,2,1,0
56,6,22,1,3230,36,1,60,2,1,1
53,1,24,1,2205,8,1,40,1,1,1
57,6,18,1,6230,13,0,40,1,1,0
35,6,19,3,6410,26,13,30,1,1,0
25,1,21,5,5240,54,0,40,2,1,0
56,3,21,1,350,6,0,45,1,1,1
50,4,17,1,4220,21,1,40,1,1,0
47,6,15,1,7200,247,1,80,2,6,0
47,1,24,1,1108,210,1,40,1,6,1
37,1,16,3,6230,303,13,40,1,8,0
44,3,22,1,230,36,1,50,2,1,1
56,1,21,1,2634,39,1,45,2,1,1
70,1,19,1,4720,56,0,25,1,1,0
72,3,13,3,3930,51,0,25,1,2,0
40,1,20,1,3655,51,0,44,1,1,1
33,4,24,1,1760,207,1,40,1,6,0
34,1,21,1,4930,303,0,45,1,1,1
40,1,18,1,5260,17,2,15,1,1,0
38,1,22,5,5810,12,0,30,2,2,0
53,1,16,1,7700,408,2,40,1,8,1
26,1,21,5,1021,45,0,40,1,1,1
58,1,19,1,4200,27,0,40,1,1,1
45,2,21,1,630,21,1,50,2,1,1
50,1,13,1,9130,6,9,70,1,1,0
50,1,16,1,5810,25,1,40,2,1,0
74,1,18,1,4920,25,0,25,1,1,1
31,1,21,1,1010,36,0,40,1,1,1
28,1,19,5,3645,24,0,50,2,2,0
41,1,21,1,2300,18,1,40,2,9,0
31,2,20,1,1050,36,0,37,1,8,1
58,1,20,1,5160,42,0,40,2,1,0
43,1,19,5,4200,303,2,50,1,1,0
26,1,18,3,9600,18,2,40,1,1,0
42,1,18,1,3640,42,15,30,2,1,0
44,1,20,1,3255,150,1,40,2,1,0
43,7,19,1,120,19,0,60,1,1,0
62,2,22,4,2310,6,0,55,2,9,1
25,1,19,5,4720,13,0,25,2,2,0
62,1,14,3,6360,41,0,40,1,1,0
26,1,21,1,1360,34,1,40,1,1,1
46,1,21,1,10,22,1,40,1,1,1
61,1,16,2,4140,29,17,16,2,1,0
61,1,20,1,9600,19,0,16,1,1,0
39,1,17,1,6230,49,0,40,1,1,0
63,1,21,1,2310,36,0,45,2,1,0
32,6,19,3,6260,28,16,40,1,1,1
65,3,21,1,2320,215,1,40,2,6,0
55,4,21,1,2170,56,1,40,1,1,1
54,1,17,1,6260,36,1,45,1,1,0
59,1,21,3,120,28,0,50,2,2,1
56,1,16,1,52,48,0,60,1,1,1
65,1,16,3,8225,37,13,48,2,1,0
75,2,19,1,5240,17,0,32,2,1,1
73,1,15,1,4760,34,1,25,2,1,0
31,1,22,1,5740,21,0,48,2,1,0
64,4,21,1,1610,13,1,55,1,1,1
48,1,16,1,5240,17,1,30,2,1,0
23,1,16,5,7200,1,0,45,1,1,0
21,1,16,5,4040,22,2,20,2,2,0
45,3,21,5,5000,4,0,40,1,3,0
42,6,20,1,7200,72,0,40,1,1,0
49,1,17,3,7340,72,17,40,1,2,0
36,1,20,1,3750,39,1,45,1,1,0
19,2,19,5,4600,51,17,3,2,1,0
55,1,21,2,910,36,0,50,1,1,1
57,1,23,1,3090,47,1,48,1,1,0
45,7,21,1,340,138,1,70,1,1,0
43,3,22,1,2310,6,1,40,2,1,1
35,1,19,5,9720,6,0,57,1,1,1
57,1,16,3,5730,329,0,40,2,1,1
42,1,21,1,51,13,0,40,2,1,1
23,2,21,5,2012,12,2,40,2,1,0
17,1,12,5,4140,40,2,10,1,9,0
50,1,15,1,6355,303,0,40,1,8,1
18,1,18,5,3421,37,2,20,2,1,0
54,1,17,5,7700,6,0,50,1,1,1
53,1,21,1,4820,48,0,50,1,1,1
45,1,16,5,4700,45,2,33,2,2,0
48,1,15,1,3602,210,1,20,2,6,0
64,1,16,1,10,37,0,48,1,1,1
52,1,20,1,5120,27,0,40,2,1,0
60,2,16,3,2014,12,0,40,2,1,0
30,3,18,1,630,25,1,40,1,1,1
70,1,24,3,3245,26,0,8,2,2,0
29,1,21,5,9050,13,12,25,2,1,0
50,6,13,3,9610,6,0,60,1,1,0
21,2,21,5,5860,36,2,8,2,1,0
34,1,16,1,6355,6,0,40,1,1,0
63,6,22,3,10,36,0,60,1,1,1
63,1,19,4,5740,36,0,44,2,1,1
30,1,18,5,5400,42,0,38,2,2,0
28,1,21,5,4840,20,0,40,1,1,0
28,1,21,5,1007,53,0,50,1,1,1
18,1,16,5,4110,24,0,20,1,2,0
56,1,16,1,4720,17,0,12,2,1,0
35,1,18,1,6530,17,0,40,1,1,1
44,3,20,1,3720,6,1,40,1,1,1
26,2,15,5,9720,12,17,40,1,1,0
34,1,19,5,2300,364,0,40,2,1,0
66,3,22,3,2205,6,0,20,2,1,1
45,1,22,1,3910,35,0,40,2,1,0
63,1,18,3,750,6,0,50,2,1,0
55,1,21,1,630,34,1,45,2,2,0
65,4,19,3,9121,45,0,37,2,2,0
65,6,16,1,940,6,0,10,2,1,0
31,2,16,5,6230,18,13,90,1,1,1
60,1,16,5,4760,48,2,60,1,1,0
44,2,17,5,8740,6,3,25,1,9,0
23,4,18,5,2545,15,5,20,2,9,0
27,1,21,5,9130,42,0,40,1,1,0
60,7,19,1,5240,247,0,15,2,9,0
22,1,19,5,5320,235,12,20,1,1,0
57,1,16,5,9130,22,0,40,1,1,0
54,4,24,5,2310,17,0,65,2,2,1
88,2,21,2,5420,72,0,40,2,1,0
51,1,21,1,350,29,0,30,2,9,0
40,1,17,1,4760,4,0,35,2,2,0
56,1,19,1,410,27,2,15,2,1,0
29,1,16,5,440,18,4,30,1,1,0
51,1,1,1,1555,303,0,60,1,1,0
40,1,14,1,7200,47,1,45,1,1,0
72,1,23,1,3050,36,0,3,1,1,0
46,1,21,1,440,53,0,50,2,6,1
41,1,22,1,52,36,0,50,1,1,1
33,1,1,1,4010,42,1,60,1,1,0
42,1,21,5,800,36,0,40,2,1,1
60,1,16,1,7200,35,1,40,1,5,0
38,1,21,1,3255,332,1,40,2,2,1
80,1,16,2,7330,35,0,40,1,1,1
57,6,19,1,6230,12,1,20,1,1,0
73,1,16,3,9600,45,0,34,1,1,1
28,2,19,5,4621,13,2,40,1,2,0
32,4,20,1,3603,31,0,50,2,1,0
62,1,18,2,4760,48,0,30,2,2,0
70,1,21,1,9150,233,10,40,1,6,0
28,1,17,1,9620,9,0,40,1,1,0
36,1,16,1,5400,36,0,38,2,2,0
29,3,20,1,3910,48,1,43,1,1,1
24,1,19,5,9640,49,4,30,1,1,0
38,2,22,1,2040,17,0,45,1,1,1
58,4,22,3,230,41,0,40,2,1,1
53,1,21,5,705,34,13,40,2,1,0
19,1,16,5,6230,4,10,40,1,1,0
25,1,16,5,5740,12,0,53,2,1,0
57,3,18,3,3603,26,0,40,2,1,0
22,1,16,5,4720,23,2,40,1,1,0
39,1,16,1,6355,39,1,50,1,1,1
64,7,15,1,4700,303,0,50,1,1,1
41,7,20,1,4000,247,1,48,2,6,0
55,1,16,5,9130,53,0,60,1,1,0
26,2,23,5,3090,39,15,50,2,1,1
71,6,21,1,4700,22,0,20,1,1,0
40,1,21,1,2830,36,1,50,1,9,0
38,1,16,5,3500,48,2,35,2,2,0
46,1,22,1,3258,1,1,48,2,1,1
21,1,21,5,845,6,12,30,2,1,0
26,1,16,5,735,12,13,40,1,1,0
43,1,21,5,5240,303,2,43,2,1,0
25,1,20,5,2721,12,15,40,1,1,0
30,1,21,5,1560,48,0,40,1,1,1
19,1,16,5,4600,5,2,24,2,2,0
32,7,16,1,4710,6,1,50,1,1,1
34,5,19,1,3945,72,0,40,2,2,0
60,1,18,1,9050,48,1,45,2,1,0
26,4,19,5,3603,332,2,40,2,2,0
31,2,24,1,1700,39,0,60,1,1,1
39,1,21,1,350,47,1,40,2,1,1
21,1,16,5,5522,110,2,40,1,1,0
64,1,18,1,440,55,0,50,1,1,1
60,2,24,1,230,30,0,60,1,1,1
28,1,16,5,9620,17,2,36,1,1,0
31,1,21,1,3255,17,1,36,1,1,1
26,1,22,5,4330,11,2,40,2,2,0
51,6,18,1,7330,33,0,50,1,1,1
52,1,21,1,9130,17,0,40,1,1,0
18,1,16,5,4720,34,17,20,2,1,0
38,7,16,1,4840,27,0,55,1,1,1
57,1,16,1,5820,118,0,25,2,1,0
52,1,16,1,8990,364,1,45,1,8,1
43,1,19,1,2861,72,1,20,2,1,0
28,1,19,1,9600,8,0,60,1,9,1
74,4,16,1,3602,4,1,40,1,1,0
51,1,16,1,8990,327,0,40,1,1,0
29,1,19,1,2320,327,1,60,1,8,0
61,1,19,5,7330,39,0,40,2,2,0
73,1,19,1,4710,48,0,40,1,1,1
44,2,22,1,2040,13,0,41,1,1,0
44,3,22,1,2310,303,0,60,2,8,1
37,1,20,5,5120,36,2,39,1,6,0
55,1,22,1,5240,6,0,50,1,2,1
19,1,18,5,4130,16,17,20,2,1,0
30,1,19,5,3620,36,2,30,1,2,0
28,1,21,5,4800,36,0,47,2,9,1
30,1,19,5,2850,164,13,48,1,1,0
56,1,17,3,9130,13,5,50,1,1,0
19,1,19,5,4030,18,17,24,2,1,0
18,1,18,5,8250,41,17,12,1,1,0
60,1,16,5,6050,19,0,55,1,1,0
64,3,16,1,3710,18,1,40,1,1,0
60,1,18,1,440,42,1,40,1,1,1
48,2,24,1,2205,26,1,40,1,1,1
29,7,19,1,4510,29,0,34,2,1,0
42,1,21,5,3255,21,0,40,2,1,1
38,1,14,5,9620,39,15,39,1,1,0
32,1,16,1,9130,42,0,45,1,1,1
20,1,19,5,3960,42,17,8,2,1,0
30,1,16,5,9265,26,2,40,1,1,1
30,1,21,1,2905,6,0,50,1,1,0
56,3,21,5,5310,48,0,42,2,1,1
63,2,19,1,565,36,0,40,1,1,1
58,1,20,1,6230,51,1,45,1,1,0
58,4,16,5,3601,303,11,16,1,1,0
34,1,23,1,10,49,0,40,1,1,1
34,3,18,5,2310,4,0,40,2,3,0
47,1,19,3,630,37,13,40,2,1,1
44,1,16,1,8830,314,1,30,2,1,0
47,1,20,1,8030,40,1,50,1,1,1
71,6,18,2,4251,6,0,25,1,9,0
67,1,18,1,3930,36,0,24,1,1,1
60,1,20,1,1460,13,0,70,1,1,1
33,3,21,5,2310,6,13,35,1,1,0
32,1,17,3,8990,29,2,40,1,1,0
38,1,16,1,7220,40,0,45,1,1,1
41,7,19,1,4760,6,0,20,2,1,0
30,1,16,5,3930,32,2,48,1,1,0
30,1,18,5,5160,303,0,40,2,1,0
60,1,16,1,4110,42,1,40,1,1,0
27,1,16,5,6250,48,16,54,1,9,0
47,1,16,1,6200,19,0,45,1,1,1
44,1,21,1,705,8,1,40,1,1,1
46,1,21,1,7420,370,1,40,1,8,1
49,2,21,1,3160,233,1,40,1,6,1
43,1,21,1,3820,53,0,50,1,1,1
76,6,24,1,3245,17,1,40,1,1,1
23,1,19,5,1970,12,7,20,1,1,0
59,1,18,1,705,34,0,46,2,1,1
18,1,16,5,4030,36,2,20,1,1,0
46,1,16,3,5740,42,0,28,2,1,1
48,4,17,5,3602,315,0,40,2,1,0
44,7,21,1,10,47,0,45,1,1,1
64,1,19,3,4040,41,0,30,2,1,0
40,2,24,1,2205,128,1,40,1,1,1
48,4,19,1,3802,110,0,65,1,1,1
24,1,21,5,5940,242,2,40,2,6,0
31,1,19,5,6230,53,0,40,1,1,0
51,3,20,1,3870,26,0,40,1,1,0
60,1,16,5,8225,303,0,40,2,1,0
46,1,19,1,5000,48,0,40,2,1,0
62,6,16,5,2145,6,0,50,1,1,0
24,2,20,5,5860,34,17,4,1,1,0
32,1,19,5,2145,22,0,40,2,1,0
22,1,16,5,9130,24,2,30,1,1,0
49,1,24,1,3050,20,1,40,2,1,0
21,1,19,5,9620,22,2,20,1,2,0
41,1,21,1,8990,6,0,40,2,1,1
52,3,21,1,2310,49,0,45,2,1,1
33,6,21,1,4600,19,0,45,2,1,0
66,1,19,1,3500,48,1,40,2,1,1
30,1,19,1,4820,37,1,45,1,9,1
28,1,15,5,4220,6,4,40,1,8,0
41,1,19,1,1105,41,0,40,1,1,1
29,1,16,1,1050,6,1,40,1,1,0
20,1,19,5,4110,39,2,24,2,1,0
62,1,19,1,3930,17,1,40,1,1,0
44,1,19,1,5330,36,1,40,2,1,1
59,1,21,1,4800,48,1,50,2,1,0
75,7,22,3,310,28,0,38,2,2,1
53,1,19,3,5710,26,0,42,2,1,1
59,6,16,1,205,54,0,60,1,1,0
34,6,9,1,220,303,1,45,1,1,0
42,2,22,1,2040,40,0,60,1,3,1
39,1,21,5,1530,18,0,43,2,1,1
54,2,19,5,5110,36,0,40,2,2,0
18,1,18,5,9130,12,0,30,1,2,0
63,1,22,1,1410,211,0,45,1,6,1
50,7,19,3,7200,38,0,50,1,1,0
31,1,16,5,5860,6,2,40,2,6,0
39,1,22,1,850,39,0,50,2,1,1
33,1,16,5,4220,29,0,40,1,1,0
24,1,21,5,3401,25,2,85,1,1,0
53,5,19,1,5360,37,1,40,1,1,1
51,3,22,1,2320,47,0,55,1,2,1
55,1,24,1,2205,5,0,40,1,1,1
17,1,14,5,4720,12,2,10,2,1,0
46,2,21,1,360,19,0,50,1,1,1
34,5,23,1,2100,25,1,40,2,1,1
39,3,21,1,5860,50,1,30,2,1,0
34,1,14,5,4030,22,16,20,2,2,0
18,4,18,5,2002,48,17,20,1,1,0
58,1,18,5,9620,36,0,40,2,1,0
51,1,22,1,1105,233,0,40,1,6,1
28,1,23,1,3090,26,0,60,2,1,1
46,8,21,1,5920,9,17,40,1,1,0
72,1,16,5,7200,5,0,40,1,9,1
55,1,16,1,2145,48,1,45,2,1,1
36,4,21,1,1010,36,1,45,1,1,1
30,1,16,5,6410,4,15,40,1,1,1
49,1,22,1,800,6,0,60,1,1,1
59,1,21,1,5240,48,1,40,1,1,1
22,1,18,1,4760,36,1,20,2,1,0
43,1,21,1,310,42,1,40,2,1,0
28,1,18,5,4160,233,2,45,1,6,0
72,1,19,1,4720,25,1,20,1,6,0
61,2,24,1,2205,41,0,40,2,1,1
27,1,19,5,9620,6,2,40,1,9,0
23,1,22,5,800,47,0,55,2,1,0
44,1,18,5,3649,42,2,40,2,1,0
36,2,22,1,3150,10,0,50,2,1,1
19,3,19,5,3960,27,17,20,1,1,0
43,1,21,1,2014,55,1,40,2,1,1
39,1,22,2,7720,29,0,45,2,1,1
71,7,20,3,4920,36,0,30,2,1,1
49,1,1,5,6260,303,12,50,1,1,0
42,1,23,1,2100,21,1,50,1,1,1
25,6,21,5,5940,210,2,30,2,6,0
45,1,20,1,4760,22,1,40,2,1,1
39,1,20,1,5400,373,9,48,2,1,0
59,2,19,1,2300,12,0,35,2,1,0
57,3,21,1,3030,440,1,35,2,2,1
39,1,21,1,5120,207,0,30,2,6,0
52,1,8,1,8990,303,0,40,1,1,0
53,7,21,1,310,110,0,50,2,1,0
62,1,15,3,9620,39,0,40,2,2,0
53,1,19,1,4840,6,0,50,1,1,1
49,5,22,5,110,34,0,40,2,1,1
30,1,22,1,1010,210,1,40,2,6,1
18,1,14,5,9620,39,2,50,1,1,0
29,1,21,5,440,6,0,50,2,1,0
51,1,23,3,3090,25,0,70,1,1,1
65,2,16,1,800,50,0,40,2,1,0
29,3,21,1,2310,243,1,45,2,1,0
22,5,20,5,9825,37,17,60,1,1,0
66,1,21,3,4030,27,5,20,2,1,0
54,1,16,1,5160,18,1,40,2,1,1
48,3,16,4,4220,39,10,6,2,1,0
31,1,17,4,6442,53,4,40,1,1,0
59,1,17,1,7220,5,1,60,2,1,0
32,5,20,1,9030,8,1,40,1,9,1
48,6,19,3,4920,6,0,40,1,1,1
28,1,17,4,4251,72,2,40,1,8,0
50,1,18,1,9640,34,0,40,1,2,0
28,1,21,1,1760,233,1,40,2,6,0
44,1,21,1,800,210,0,40,1,6,1
49,1,21,1,1006,72,0,40,1,9,0
31,1,20,1,9620,27,1,50,1,1,0
71,6,23,1,2100,48,0,5,1,1,1
58,1,19,1,4700,48,1,50,1,1,1
32,1,22,1,3424,36,1,40,2,1,0
38,1,16,1,6515,13,1,35,2,1,0
64,2,23,1,2040,47,0,50,1,1,1
60,6,15,1,2640,362,1,40,2,8,0
49,6,11,1,6410,303,0,40,1,1,0
59,1,16,1,8630,24,0,50,1,1,1
60,1,21,1,10,9,0,50,2,1,1
57,1,16,1,4220,17,0,50,1,1,0
54,1,16,1,5860,39,0,25,2,1,0
76,6,21,3,800,24,0,2,2,1,0
49,1,18,1,7700,48,0,40,1,1,1
33,2,21,5,5940,12,2,40,2,1,0
71,1,22,3,5400,53,0,1,2,1,0
35,1,16,1,7020,341,0,45,1,2,1
42,3,22,1,230,45,0,40,2,1,0
56,1,17,3,8225,18,0,50,2,1,0
67,6,19,1,10,54,1,45,1,1,1
56,1,15,1,4330,12,1,40,2,1,0
37,1,18,5,7200,35,0,40,1,1,0
24,4,14,1,9610,6,1,50,1,1,0
70,7,21,1,4920,4,0,90,1,1,1
49,3,20,1,440,24,0,60,1,1,1
57,1,22,1,1430,36,1,60,1,1,1
33,4,24,5,1760,217,0,40,2,6,1
45,1,21,3,630,12,13,40,2,3,0
52,1,15,1,8740,312,1,40,2,1,0
55,2,21,1,2300,36,0,20,2,1,0
22,1,19,5,9130,45,2,32,1,2,0
32,6,20,1,440,36,0,70,1,1,0
34,1,16,5,4040,6,2,40,1,1,1
58,1,16,3,6260,55,0,40,1,9,0
30,2,18,1,2016,42,1,40,2,1,0
21,1,19,5,4600,6,2,14,2,8,0
52,3,22,1,2310,34,0,55,2,1,1
65,4,23,1,2205,47,1,45,1,1,1
31,1,21,5,1460,39,0,45,1,1,1
45,2,22,5,726,25,13,40,2,1,1
18,1,16,5,9610,29,2,30,1,1,0
35,1,22,5,4720,240,0,40,2,6,1
23,7,21,5,5110,55,2,8,1,1,0
55,1,16,2,8030,36,0,40,1,1,1
46,2,18,1,5940,312,1,40,2,8,0
58,1,16,1,5000,42,0,40,2,1,0
31,1,16,1,4040,217,0,50,2,9,1
51,1,22,5,2310,341,0,45,2,2,1
24,1,20,5,9645,18,2,40,2,1,0
29,1,16,1,5160,20,0,40,2,1,0
64,3,22,3,5940,22,0,41,1,1,0
22,4,20,5,3602,39,2,40,1,1,0
58,1,19,1,4920,55,1,48,1,1,1
29,1,16,1,4020,303,1,40,1,8,0
18,1,16,5,8760,42,17,15,2,2,0
40,5,19,3,9830,36,0,50,2,9,0
38,2,20,1,2310,18,0,40,1,1,0
32,1,16,1,5300,303,3,72,2,1,0
50,1,16,5,7750,17,10,40,1,2,0
19,1,18,1,4220,13,1,20,2,1,0
40,2,23,4,3602,47,0,40,2,1,0
43,3,22,1,2310,45,1,40,2,1,0
49,6,16,1,7240,18,1,40,1,1,1
41,1,20,1,4840,27,1,40,1,1,0
46,3,22,1,1980,42,1,40,2,1,1
25,1,19,5,3402,72,0,30,2,1,0
18,4,14,5,2350,40,2,13,2,3,0
37,3,16,3,3940,5,4,5,2,1,0
50,1,22,1,2002,42,1,40,1,1,1
40,1,19,1,1400,6,1,30,1,3,0
47,1,18,1,5240,48,0,40,1,2,0
55,3,19,1,2310,47,1,19,2,1,0
25,1,19,5,4700,41,12,40,2,1,0
34,1,18,1,140,17,1,40,1,1,0
37,1,19,4,4600,51,2,10,2,1,0
49,1,18,1,5860,247,1,15,2,6,0
50,1,11,5,2100,39,10,50,1,2,1
46,1,21,1,140,21,0,47,1,1,1
50,1,22,1,51,207,12,40,1,6,0
66,1,21,1,1410,26,1,45,1,1,1
20,6,2,5,4920,247,10,5,2,6,0
60,7,15,1,220,42,1,20,1,1,0
51,2,21,1,2310,18,1,50,2,1,0
27,1,16,1,440,42,1,50,2,1,0
33,2,16,1,6260,39,0,45,1,1,1
29,1,21,5,5240,19,13,35,1,1,0
39,1,22,1,2205,31,0,25,1,1,0
32,1,21,1,1007,303,1,40,1,1,1
32,3,21,1,5820,53,0,40,2,1,1
52,1,19,1,8740,55,1,40,2,1,0
25,4,16,1,3870,42,0,48,1,1,0
56,1,19,1,110,139,1,40,1,2,1
78,1,18,2,1108,42,0,25,2,1,0
47,3,19,1,4030,370,1,29,2,8,0
63,6,16,1,440,39,0,20,1,1,0
42,6,20,1,2634,36,1,40,1,1,0
20,2,19,5,2300,5,0,22,2,1,0
45,5,21,1,710,26,0,40,2,1,1
51,1,14,1,160,18,1,40,1,1,0
47,1,19,5,136,18,0,45,1,1,1
73,3,20,1,3940,22,0,15,1,1,0
43,4,16,3,3603,333,0,16,2,2,0
60,1,16,1,7200,6,0,65,1,9,0
19,2,18,5,5510,15,17,8,1,6,0
26,1,21,5,5740,6,2,40,1,2,1
24,1,16,5,4720,303,17,15,2,1,0
26,1,19,5,4760,48,13,40,2,9,0
73,1,16,1,4850,55,1,36,2,1,1
53,1,21,1,3500,233,0,40,1,6,0
36,1,21,1,3421,54,0,40,2,1,0
45,1,16,1,4230,34,1,40,2,2,0
48,1,16,1,7905,39,0,40,1,1,1
69,1,16,1,4760,42,0,18,1,1,0
49,1,23,1,10,17,0,45,1,1,1
69,1,22,1,9130,42,0,8,1,1,1
39,1,19,1,6355,28,0,40,1,1,1
48,1,16,1,9130,10,1,40,1,1,1
58,1,19,3,7640,37,0,40,1,1,0
50,1,17,1,7750,21,0,50,1,1,0
34,2,1,1,8990,12,2,2,1,8,0
51,1,16,1,4720,21,1,40,2,1,0
26,1,16,1,3640,41,9,40,2,1,0
60,1,16,5,4510,42,0,9,1,1,0
42,2,22,1,630,51,1,50,2,2,1
61,4,21,5,5740,31,0,40,2,1,0
46,1,15,5,9620,303,0,40,1,1,0
26,1,21,1,3255,46,1,38,2,1,1
28,1,19,5,4130,6,0,30,1,2,0
55,4,20,1,3602,48,1,40,2,1,0
51,1,21,1,4850,303,0,50,1,1,1
62,3,16,5,1220,360,0,35,2,8,1
20,1,16,5,3960,48,12,25,2,1,0
28,1,22,5,710,48,0,50,2,1,0
49,4,21,5,60,37,0,40,2,1,1
18,6,1,5,4251,17,2,13,1,1,0
62,1,16,1,6230,13,1,40,1,2,0
60,6,17,3,4230,36,0,12,2,1,0
30,1,16,5,5230,315,12,40,1,8,0
19,1,16,5,4720,13,2,24,2,2,0
29,1,23,1,2100,6,1,50,1,1,1
31,1,19,5,9141,6,0,30,1,6,0
20,1,16,5,3601,39,2,42,2,2,0
33,1,23,1,3160,41,0,40,2,1,1
37,2,22,1,2040,27,1,40,1,1,0
40,1,19,1,9130,17,1,40,1,1,1
28,1,18,5,3930,13,7,50,1,2,0
54,6,16,1,9130,25,1,60,1,1,1
35,2,21,3,3255,55,0,36,2,1,1
36,6,1,1,4230,313,1,40,2,8,0
19,1,16,5,3960,34,17,40,2,1,0
53,1,16,3,4110,24,0,25,2,1,0
62,1,19,5,1545,22,0,35,1,1,0
49,1,22,3,5740,37,0,40,2,2,0
25,1,19,5,9620,36,2,23,1,1,0
28,1,20,5,7315,48,0,50,1,1,1
25,1,13,5,7750,247,2,40,1,6,0
37,4,22,5,5150,233,12,40,2,9,1
32,1,19,1,9760,34,0,40,1,2,1
63,6,16,3,410,42,0,50,1,1,1
51,1,21,1,310,17,1,55,1,1,1
53,1,16,2,4500,120,0,40,1,1,1
28,1,19,5,7130,42,2,40,1,1,0
70,1,16,1,4700,26,0,40,2,1,0
64,1,14,1,7950,303,0,40,1,1,0
50,3,17,1,3870,72,1,40,1,1,1
20,1,16,5,9130,49,2,20,2,1,0
50,6,17,4,4510,17,0,20,2,2,0
50,1,21,1,5860,233,0,40,1,6,0
61,4,22,1,5310,303,1,40,2,1,1
33,1,21,1,1720,39,0,45,1,1,1
19,1,19,5,4110,10,2,20,2,1,0
51,1,19,1,4220,5,0,40,1,1,1
18,1,16,5,4760,45,17,20,1,9,0
38,5,21,3,1050,19,0,40,2,1,1
59,2,21,1,2360,36,1,35,2,1,0
19,1,18,5,4150,6,2,75,2,9,0
32,1,22,5,800,26,0,50,1,1,1
34,4,22,1,2310,40,0,50,2,9,0
28,1,21,5,710,24,0,40,2,2,1
28,7,19,5,3602,9,7,30,2,1,0
35,2,23,1,3090,47,1,90,1,2,1
42,1,16,1,9620,27,0,50,2,1,0
57,1,1,1,3603,13,0,40,2,1,0
51,4,24,1,230,42,1,40,2,1,1
71,8,24,1,1825,34,0,60,1,1,1
22,1,21,5,5740,13,2,25,2,1,0
45,6,18,1,2861,164,0,20,2,1,0
40,1,16,3,20,19,0,40,2,1,0
27,1,19,5,4030,6,2,38,1,1,0
18,1,15,5,4120,32,3,20,2,2,0
58,5,16,3,7140,13,0,40,1,1,1
39,1,18,4,7750,41,2,50,1,1,0
36,1,21,5,4540,37,0,70,1,1,1
53,1,18,1,5522,36,0,40,2,1,0
39,1,22,1,4850,210,1,40,2,6,1
72,3,19,1,2310,11,1,14,2,1,0
38,1,20,1,3323,17,1,32,2,1,0
43,1,22,1,10,36,0,50,1,1,1
49,7,21,1,410,45,0,30,1,1,1
21,4,19,5,5740,21,13,10,1,1,0
64,8,23,1,2100,119,0,40,1,1,1
47,3,18,1,3740,36,0,42,1,1,1
36,1,22,1,2360,42,0,38,2,1,0
73,1,20,1,8256,36,1,40,1,1,0
40,1,19,1,6410,17,1,40,1,1,1
27,2,23,5,3090,45,0,75,2,6,0
21,2,20,1,5240,37,15,36,2,1,0
31,1,21,1,3255,37,0,40,2,1,1
67,1,23,1,2100,53,0,40,2,1,1
53,1,17,1,8335,25,0,40,1,1,0
31,7,21,1,10,154,0,45,1,1,1
42,1,22,2,440,6,2,50,1,1,1
49,4,22,1,2310,72,1,30,2,1,0
37,1,16,5,8740,303,2,24,2,8,0
38,7,21,1,120,53,1,40,1,1,1
44,1,23,1,4820,17,0,50,1,1,1
50,1,24,1,1050,54,0,40,1,1,1
42,1,17,5,4252,4,2,40,1,1,0
20,5,16,5,7030,17,17,50,1,2,0
45,4,19,1,2555,17,1,40,1,1,0
48,1,23,1,3090,36,1,4,2,1,0
47,1,16,1,4220,365,0,40,2,1,1
31,1,21,5,51,37,0,50,2,1,1
71,7,23,1,2100,39,1,60,1,1,1
36,4,22,5,2002,15,0,40,2,1,0
37,2,21,3,440,39,0,55,1,1,1
20,1,17,5,4020,45,0,38,1,2,0
59,1,19,1,4760,41,0,50,2,1,1
44,1,21,1,1006,303,0,40,1,1,0
57,2,21,4,2004,45,0,35,2,2,0
31,1,19,5,3402,22,0,48,1,1,1
40,1,22,1,1305,39,1,40,1,1,1
59,2,22,1,2040,48,0,80,1,1,1
50,1,16,1,4810,13,1,40,2,1,0
31,1,18,1,7200,25,9,40,1,1,0
65,1,15,5,4140,365,5,40,1,8,0
50,3,21,1,2016,6,0,40,2,1,1
30,1,17,5,4110,48,2,40,1,1,0
47,2,19,3,110,35,0,40,1,1,1
60,4,21,2,2310,48,0,45,2,1,1
57,1,19,1,5560,40,0,55,2,1,0
56,1,18,3,5740,42,0,40,2,1,0
21,1,16,5,6050,72,13,60,1,1,0
51,1,21,1,120,1,0,50,1,1,1
17,2,15,5,4010,13,2,40,2,1,0
55,1,15,1,4700,34,0,40,2,1,1
31,1,21,1,710,25,1,47,2,1,1
66,1,16,3,3601,53,0,15,2,1,0
55,2,21,1,4700,21,0,35,2,1,1
43,1,21,1,440,48,0,40,1,1,1
17,1,14,5,4030,26,2,8,2,1,0
25,1,21,5,5600,11,2,12,1,1,0
31,1,15,5,4230,36,0,35,2,8,0
25,1,22,5,800,22,0,40,1,1,1
47,6,21,3,7020,48,0,50,1,1,1
29,1,21,1,120,19,0,45,2,1,0
39,1,16,5,4600,13,0,40,2,2,0
17,1,14,5,4110,40,2,20,1,1,0
38,1,16,3,3545,6,2,50,2,1,0
66,3,18,1,5810,8,0,40,2,1,0
67,1,21,3,4030,13,8,10,2,1,0
29,2,22,5,2320,42,0,40,2,1,0
58,1,19,3,4110,12,0,30,2,2,0
42,1,19,1,5400,51,1,40,1,1,0
53,1,16,1,4760,41,1,25,2,1,0
24,1,19,1,5600,40,0,40,1,1,0
60,3,16,1,7750,13,1,40,1,2,1
19,1,18,5,2545,6,2,12,2,1,0
38,1,20,1,5000,31,0,55,1,1,0
29,2,19,5,5600,1,0,40,2,1,0
34,1,20,4,3323,24,0,40,2,2,1
25,1,21,1,1021,12,1,30,1,1,0
29,1,21,5,4120,55,13,25,2,1,0
41,1,21,5,5140,17,5,40,2,1,0
32,1,21,1,3645,233,1,40,2,6,0
21,1,16,5,4760,6,2,27,2,1,0
20,4,19,5,5860,6,2,20,2,1,0
44,1,15,1,8810,315,0,40,1,1,0
49,1,16,5,7855,37,2,40,2,2,0
47,3,19,3,6200,25,0,40,1,1,0
40,1,19,1,7140,55,0,55,1,1,1
21,1,14,5,5350,6,2,40,1,1,0
69,1,16,1,5740,34,1,30,2,1,1
48,1,17,1,4020,19,1,38,2,1,0
25,1,21,5,4622,6,2,40,1,6,0
21,1,19,5,4760,45,0,20,1,1,0
40,1,21,1,3255,22,1,36,2,1,0
41,1,11,1,7200,312,1,40,1,8,0
29,1,21,1,3545,6,0,36,2,1,1
35,1,21,1,4850,8,1,40,1,1,1
31,4,19,5,9240,34,0,40,1,8,1
34,4,19,1,2310,42,2,40,1,9,0
49,1,19,1,9130,217,0,40,1,6,0
45,1,20,5,3255,36,0,40,1,2,1
22,1,21,5,8990,8,2,40,1,1,0
41,4,22,1,230,6,0,60,1,6,1
38,1,12,5,5610,9,0,32,2,2,0
68,2,24,1,2205,106,0,50,1,1,1
49,1,21,1,4710,55,1,50,1,1,1
19,2,19,5,4622,25,17,40,2,1,0
50,1,18,3,52,48,2,40,2,1,1
18,1,18,5,4150,36,17,6,2,1,0
42,1,17,1,7150,6,0,45,1,8,1
60,6,16,1,6200,42,1,40,1,1,0
52,2,21,1,3255,42,0,40,2,1,1
32,1,19,1,9030,48,1,40,1,1,1
30,1,21,5,5400,34,2,40,1,1,1
47,1,16,1,2360,16,0,45,1,1,1
46,1,9,1,4252,303,0,40,1,1,0
70,6,20,3,800,29,0,4,2,1,0
48,2,22,1,726,37,0,40,2,1,1
44,3,23,1,1822,34,0,38,2,1,1
39,1,1,5,6050,303,15,62,1,1,0
36,1,21,1,4710,49,1,40,2,1,1
44,1,19,1,5400,17,0,45,2,1,0
40,1,19,5,9620,51,2,40,1,1,0
60,1,20,1,440,39,1,36,2,1,0
47,1,21,5,845,36,0,37,1,1,1
21,1,16,5,4720,29,2,15,1,1,0
61,1,17,3,9130,15,2,40,1,7,0
38,1,20,1,6355,1,1,60,1,1,1
61,5,18,5,750,42,0,40,2,1,1
47,4,21,1,2310,31,1,42,2,1,1
50,1,21,1,5000,6,0,40,1,1,0
33,1,21,1,440,26,16,40,1,1,0
36,1,1,5,940,303,0,40,1,1,1
62,1,18,1,2310,17,1,40,1,1,0
48,1,19,1,160,49,1,40,2,1,0
74,2,20,2,410,19,0,16,2,1,0
53,1,16,5,8930,55,2,44,1,1,1
44,2,24,1,1760,303,0,40,1,8,1
65,1,20,3,1935,37,0,84,1,1,1
60,3,16,1,5710,18,1,40,2,1,1
58,1,16,3,4120,1,0,20,2,2,0
35,1,20,3,6850,16,0,40,2,1,1
70,3,20,1,2310,25,1,22,2,1,0
51,3,22,1,2320,223,0,50,1,6,1
18,1,16,5,4030,17,17,24,2,1,0
49,1,19,3,3423,17,0,36,2,1,0
74,1,16,1,4760,40,1,7,2,1,0
60,1,16,1,8800,55,1,40,2,1,0
24,5,21,5,1005,10,0,40,2,2,1
36,1,16,1,7430,6,0,40,2,1,0
32,1,16,5,9720,22,16,40,1,2,0
52,1,21,1,4800,51,0,20,2,1,0
19,1,19,5,4622,17,17,30,1,9,0
47,1,18,1,4850,19,0,50,2,1,1
60,3,18,3,1530,12,13,40,1,1,1
57,1,16,1,7810,26,0,40,1,1,0
65,3,16,1,930,23,0,50,2,1,0
74,6,21,3,1400,11,0,10,1,1,1
43,1,12,5,3602,72,0,24,2,2,0
19,1,16,5,2710,46,0,80,1,1,1
59,1,24,1,3250,6,0,36,1,1,1
24,1,19,5,5400,37,13,40,2,6,0
35,1,18,3,440,6,5,50,1,1,0
55,1,20,1,3255,29,0,24,2,1,0
64,2,16,1,4220,17,1,24,2,1,0
71,6,19,1,4920,27,1,40,1,1,1
73,5,17,1,6050,27,0,60,1,1,0
34,1,19,4,4220,6,2,40,2,2,0
60,4,11,2,4220,205,0,40,2,2,0
40,6,21,1,4920,42,1,75,1,1,1
27,4,19,5,2545,48,17,20,1,1,0
36,1,21,1,1530,42,0,40,1,1,1
44,1,20,3,4850,36,13,50,1,1,0
38,1,16,5,4230,303,0,30,2,1,0
50,2,22,3,2040,6,0,15,1,1,0
52,1,19,1,3601,13,0,36,2,2,0
51,2,21,5,2016,39,2,40,1,1,0
40,1,21,1,51,36,1,40,1,1,1
39,1,24,1,1240,207,1,40,2,6,1
38,1,19,1,310,31,0,30,2,1,0
18,3,14,5,4420,18,2,15,1,1,0
32,1,19,1,9620,35,1,40,2,1,0
19,2,18,5,4220,18,17,10,1,1,0
62,1,16,1,4030,28,1,7,2,1,0
36,2,20,1,3255,34,1,24,2,1,0
69,6,16,1,6355,6,1,30,1,1,1
59,1,19,1,850,48,1,40,2,1,0
68,2,11,1,2040,28,0,25,1,1,0
49,1,19,5,4010,34,0,45,1,1,0
37,1,20,1,9645,436,1,32,1,1,0
18,1,18,5,5820,36,7,8,2,2,0
39,5,21,1,5000,16,1,50,1,1,1
17,1,16,5,9610,6,2,20,1,1,0
19,4,19,5,4720,303,13,6,2,1,0
23,1,16,5,6260,4,2,40,1,3,0
59,4,21,1,425,24,0,40,1,1,1
21,1,20,5,2300,26,2,35,2,1,0
44,2,19,5,3500,407,0,40,1,2,1
23,1,23,5,4110,20,2,20,2,2,0
37,1,16,1,600,48,0,45,1,1,1
17,1,13,5,4435,53,2,12,1,1,0
26,1,21,1,9620,29,0,25,2,1,0
54,7,19,1,4710,32,0,55,1,1,0
19,1,18,5,4150,24,2,16,1,1,0
40,1,21,5,630,17,0,37,2,1,0
28,1,18,5,6710,51,2,40,1,1,0
52,1,18,1,5000,34,1,35,2,1,1
65,1,21,3,220,6,0,40,1,1,1
18,1,14,5,4140,47,2,20,1,1,0
28,1,21,5,5400,37,2,43,2,2,0
57,1,20,1,5140,6,1,40,2,6,1
41,1,18,1,120,19,0,45,2,1,1
54,1,16,1,6230,37,1,40,1,1,1
60,1,21,1,3255,6,1,30,2,1,1
47,1,15,1,9130,303,0,60,1,8,1
43,1,19,1,4810,20,0,40,1,1,1
59,1,21,1,5165,6,0,50,1,1,1
30,1,19,5,4465,37,2,35,1,1,0
51,1,16,1,9600,6,1,40,1,1,0
69,1,21,1,137,46,0,60,1,1,1
38,1,18,1,6200,50,1,40,1,1,1
38,1,21,5,5740,1,2,40,2,2,0
56,1,19,3,8740,53,0,40,1,1,1
23,1,16,5,5240,17,0,40,2,1,0
53,1,21,1,2310,215,1,40,2,6,1
20,1,20,5,4850,27,2,20,2,1,0
50,1,13,1,3500,42,1,29,2,1,0
37,1,17,5,6260,37,2,45,1,1,0
51,4,20,1,5240,48,0,40,2,1,0
21,5,18,5,9830,6,17,40,1,1,0
60,3,16,1,2330,38,1,37,2,9,0
56,1,20,1,3500,54,1,36,2,1,0
48,1,22,1,1460,233,1,40,1,6,1
66,1,21,1,9645,26,1,40,1,2,1
65,1,21,1,5740,42,1,40,2,1,1
25,1,21,1,3255,21,1,32,2,1,0
38,3,16,1,9122,51,0,40,2,1,0
67,2,21,1,350,36,0,15,2,1,0
38,1,16,1,4010,48,1,50,2,1,0
55,1,21,1,300,39,1,40,1,1,1
48,1,11,1,4020,303,1,25,2,8,0
35,4,21,5,5120,13,0,40,2,1,1
58,1,21,1,8255,18,1,30,1,1,0
32,1,21,1,2640,217,1,50,1,6,1
41,3,18,1,3700,49,1,40,1,1,1
56,1,9,1,9600,303,0,52,1,8,0
57,6,17,3,9130,55,0,46,1,1,1
73,6,23,1,2100,13,0,1,1,1,0
38,1,16,1,6355,29,1,40,1,1,0
56,1,18,1,4000,6,0,50,1,9,0
21,1,21,5,4760,45,2,40,2,2,0
32,1,21,5,2634,38,0,40,1,1,1
52,1,23,5,3090,36,12,60,2,1,1
45,7,16,1,9410,37,1,60,1,1,0
31,4,21,1,3870,48,0,50,1,1,1
61,1,21,1,710,20,1,60,1,1,0
33,1,21,5,4700,19,0,50,1,1,0
47,1,16,1,4720,55,1,65,2,1,0
69,1,21,1,2910,457,1,25,2,6,0
49,2,22,4,2320,364,0,40,2,1,0
27,1,22,1,3110,45,0,50,2,1,1
62,2,24,1,2205,42,1,40,2,1,1
44,1,22,1,1006,6,1,40,2,2,0
48,1,19,1,7855,408,0,55,1,8,1
17,1,14,5,5260,48,2,10,2,1,0
53,3,18,1,4020,39,0,30,2,1,0
20,4,16,5,3802,48,4,40,1,1,0
31,3,21,1,2330,48,1,40,1,1,1
66,2,22,1,2310,333,1,40,1,2,0
31,4,22,5,3230,215,0,40,2,6,1
46,1,17,3,4720,18,0,25,2,2,0
40,1,16,1,7905,26,0,40,1,9,0
26,1,18,1,4720,312,0,36,2,1,0
18,1,18,5,9620,15,7,30,1,6,0
48,4,23,1,2100,42,1,40,1,1,1
71,7,22,1,2722,36,0,20,1,1,1
61,1,19,4,4220,53,0,32,1,1,0
53,1,21,1,360,36,1,45,2,1,1
65,6,20,1,7315,48,2,72,1,1,0
57,7,15,1,4700,312,1,30,2,1,0
54,1,15,1,6200,303,0,40,1,1,0
42,1,21,1,3255,45,1,40,2,1,0
47,1,16,1,20,42,1,55,1,1,1
49,1,21,1,4710,12,0,50,1,1,1
33,1,22,5,710,217,11,48,2,6,1
58,2,21,3,2300,36,0,40,2,1,0
57,1,18,1,7210,315,0,40,1,1,0
54,1,4,1,4030,312,0,40,2,9,0
51,7,23,2,2100,45,0,50,1,1,1
33,1,24,1,3545,17,0,40,2,1,1
46,7,15,1,9141,303,1,60,1,1,0
26,1,21,5,8740,24,12,40,2,1,0
45,1,16,3,310,21,0,40,1,2,0
19,1,16,5,4030,6,3,30,1,1,0
44,1,16,1,4020,303,0,48,1,3,1
59,2,21,3,120,329,6,8,2,1,0
58,6,19,1,205,56,1,70,1,1,1
41,1,21,1,1360,132,0,55,1,1,1
21,1,19,5,4055,49,13,30,2,1,0
20,1,16,5,5120,303,2,20,1,1,0
39,7,21,5,2640,36,15,35,2,1,1
43,1,22,1,630,36,1,45,1,1,1
30,8,19,1,6050,6,1,30,2,1,0
22,1,21,5,4760,42,2,25,2,1,0
22,8,20,5,6050,6,2,48,2,7,0
39,2,20,5,3603,36,2,6,2,1,0
73,1,24,1,2205,120,1,60,2,1,1
21,1,19,5,4710,303,0,40,1,1,0
32,1,15,1,4110,1,12,40,2,1,0
37,6,13,5,6260,18,0,30,1,1,0
54,1,21,1,4840,26,0,50,1,1,1
54,1,19,5,4700,39,0,40,1,1,0
30,1,19,5,4760,45,13,40,1,1,1
20,1,18,5,4350,48,2,50,2,2,0
27,1,20,5,5860,39,12,40,2,1,0
65,3,21,1,7640,25,1,60,1,1,1
50,1,19,1,5000,301,0,40,1,1,1
50,4,22,3,2330,37,0,40,2,2,1
55,2,21,1,2040,6,1,24,2,1,0
30,1,16,1,9645,6,0,45,1,9,0
26,6,21,5,2752,24,13,20,1,1,0
32,1,21,1,9620,45,0,40,1,1,0
38,1,21,1,2300,18,1,50,2,1,0
56,1,21,1,630,26,0,24,2,1,0
59,3,18,1,3870,13,1,40,1,1,1
56,1,21,1,10,50,0,50,1,1,1
33,2,21,1,5740,370,1,40,2,1,0
52,2,21,1,10,47,0,40,2,1,1
60,1,19,1,4850,36,1,45,1,1,1
17,1,14,5,2722,44,2,12,1,1,0
57,1,21,1,140,5,0,45,1,1,1
56,2,19,1,230,49,1,40,2,1,0
43,7,21,1,4020,6,1,75,1,1,0
59,5,16,5,5000,24,0,40,2,2,1
53,6,21,1,20,36,1,6,2,1,0
60,3,16,1,6660,23,0,40,1,1,1
19,1,16,5,8990,29,2,30,1,1,0
32,1,21,1,630,48,0,40,2,1,0
23,1,16,5,3603,48,0,24,2,2,0
25,1,22,5,3245,26,2,20,1,1,0
28,2,21,1,3255,6,1,36,2,1,0
30,1,19,5,5940,26,7,40,1,2,0
50,1,16,5,5240,303,12,40,1,1,0
20,1,18,5,9640,48,17,40,2,9,0
30,1,18,5,9645,36,2,15,1,1,0
50,1,14,5,7340,6,0,35,1,1,0
51,4,21,1,1108,110,1,40,1,2,1
45,6,21,1,2360,301,1,2,2,1,0
52,1,16,1,4230,36,0,40,2,1,0
38,1,21,3,5240,54,13,45,2,1,0
47,1,19,1,10,360,0,40,1,1,1
24,1,21,5,3960,1,11,40,1,1,0
24,2,19,5,5860,18,0,40,2,1,0
47,1,22,1,2310,44,0,35,2,1,1
58,4,23,1,2100,53,0,40,1,1,1
33,1,12,5,4220,303,13,40,1,8,1
38,3,16,1,9365,49,0,40,1,1,1
56,1,18,1,5110,36,1,40,2,1,0
27,2,22,5,4965,17,0,40,2,1,0
34,1,19,5,5350,25,2,40,2,1,0
41,1,21,1,120,210,0,40,1,6,1
25,1,14,5,4840,6,17,60,1,8,0
57,7,16,1,4700,34,9,40,1,1,0
26,1,19,5,9130,56,2,30,2,1,0
63,1,13,3,4251,48,15,20,1,1,0
18,1,16,5,2722,42,2,30,1,1,0
33,2,21,1,3255,18,0,40,2,1,1
49,4,22,1,820,12,1,40,1,1,0
29,2,20,5,5110,36,13,40,2,1,0
34,5,16,1,4200,56,10,43,1,1,0
49,1,16,3,5820,36,0,40,2,1,0
63,1,16,1,5610,1,1,6,1,1,0
30,7,19,3,4850,364,2,40,2,1,0
33,1,11,5,3602,21,2,65,1,1,0
44,6,21,4,2700,36,0,10,2,2,0
69,7,22,2,2850,20,0,50,1,1,1
44,1,16,1,6200,40,0,62,1,1,1
38,1,16,5,1555,39,0,40,1,1,1
24,2,21,1,5300,55,0,50,2,1,0
24,1,21,5,4010,6,2,40,2,2,0
48,1,22,1,9130,164,1,40,1,1,0
36,3,20,1,5260,26,0,52,2,1,1
76,1,18,1,5740,42,1,45,2,1,0
17,6,11,5,6050,42,2,50,1,1,0
30,1,23,5,360,72,0,40,2,1,0
50,1,16,1,8740,21,1,40,1,1,0
40,6,21,5,4220,72,2,40,1,1,0
62,1,16,1,1006,34,0,48,2,1,1
43,1,11,1,8225,72,0,40,2,5,0
43,6,13,1,6230,303,0,40,1,1,0
55,1,18,1,4720,8,1,32,1,2,0
38,1,19,1,7220,17,0,45,1,1,1
38,1,16,1,9600,55,1,40,1,1,0
57,4,13,3,8300,37,16,40,1,2,0
60,2,21,1,2205,53,0,12,2,1,0
40,3,22,1,2310,6,1,24,2,1,0
42,1,21,1,7000,21,1,48,1,1,1
37,1,18,5,9121,47,0,40,2,1,0
18,1,19,5,310,5,17,35,1,1,0
55,5,21,1,5310,1,1,50,2,1,0
57,1,17,1,7750,40,1,40,1,1,0
43,6,16,1,6660,36,1,40,1,1,0
42,4,21,1,800,72,1,40,2,1,1
47,1,22,1,2014,36,1,40,2,1,1
50,4,18,3,4220,6,0,40,1,1,0
57,6,23,1,3610,26,0,20,2,1,1
53,1,19,1,4760,39,0,40,1,1,1
31,1,16,1,6355,303,0,50,1,1,1
62,1,23,1,565,9,1,50,2,1,1
54,5,15,3,5540,25,11,40,2,1,0
26,1,21,5,8740,233,5,40,2,6,0
48,1,21,1,1010,9,0,40,1,1,1
52,2,21,1,726,18,1,50,2,1,1
54,1,16,1,705,48,0,40,1,1,1
57,1,18,1,6700,48,0,40,1,1,1
61,1,18,1,4710,25,1,40,1,1,1
43,3,18,1,230,35,0,40,2,1,1
62,1,16,1,5600,13,0,40,1,2,0
26,1,21,1,20,217,0,45,1,6,1
27,1,21,1,1021,17,1,45,2,1,1
50,7,11,1,9240,364,0,35,1,1,0
38,1,16,1,6260,22,0,60,2,1,0
60,1,21,1,3255,27,0,36,1,9,0
50,1,16,5,4700,41,0,40,2,1,0
62,1,19,3,4920,20,0,42,2,1,0
61,2,20,3,3255,51,0,36,2,1,0
22,1,16,1,8740,303,9,40,1,1,0
53,1,22,1,136,9,0,45,1,1,1
20,5,18,1,1530,15,0,40,1,3,0
37,1,16,1,6200,24,1,40,1,1,1
17,1,13,5,4055,36,2,20,2,1,0
55,3,20,1,9121,1,0,20,2,1,0
32,2,22,1,420,24,1,40,2,1,1
51,2,1,2,6260,39,13,38,1,2,0
27,7,21,5,4655,47,7,32,2,2,0
30,1,20,5,4760,6,7,40,2,1,0
45,1,13,5,3930,22,0,40,1,1,0
39,1,9,1,6240,303,1,40,1,1,1
50,1,16,1,3640,17,1,36,2,1,0
33,1,17,5,8030,39,2,50,2,1,1
51,1,20,3,7020,33,0,45,1,1,1
29,2,22,1,20,6,0,40,2,2,1
19,3,19,5,2350,6,2,13,2,1,0
18,1,16,5,3960,39,2,32,2,2,0
47,1,22,1,565,24,0,60,2,1,1
55,4,21,1,2310,37,1,60,1,1,0
21,1,19,5,1460,39,2,40,1,1,0
35,3,23,1,2100,39,0,40,2,1,1
51,3,19,1,640,51,1,40,2,1,1
42,1,23,1,8320,327,0,40,2,8,0
53,1,19,2,5400,17,2,40,2,1,0
23,1,21,5,2910,6,2,40,1,6,0
56,1,13,1,6260,21,16,30,1,9,0
60,1,16,1,8030,39,1,50,1,1,1
30,4,19,1,3500,26,0,50,2,1,0
22,1,21,1,8255,48,0,45,2,1,0
40,1,18,4,9645,4,0,45,1,1,0
46,1,20,1,3500,22,1,40,2,1,0
28,1,19,5,3500,48,0,40,2,1,0
27,1,19,5,5240,303,0,65,1,1,0
65,3,22,3,2330,17,0,40,2,1,1
59,1,14,1,4230,39,1,40,2,1,0
39,4,18,5,4220,53,16,40,1,1,0
61,7,16,1,10,23,1,50,1,1,0
53,7,16,1,5400,39,1,35,2,1,0
26,1,21,1,310,17,0,60,1,1,0
29,2,22,3,5020,55,12,15,2,1,0
25,1,9,5,2360,314,0,65,1,5,0
26,5,20,5,8225,53,0,40,1,1,1
39,1,19,1,910,27,0,40,1,1,0
74,7,16,1,4710,34,0,40,1,1,1
44,1,16,1,5820,134,0,40,2,1,0
49,1,21,3,2300,313,2,40,2,1,0
40,1,14,5,9620,18,0,40,2,2,0
53,2,24,1,2205,217,1,40,2,6,1
23,1,20,5,6530,26,0,40,1,1,0
40,6,19,1,440,39,0,50,1,1,0
40,2,21,1,2040,6,0,40,1,1,1
23,1,21,5,630,25,0,42,2,1,1
44,1,21,1,3300,22,1,35,2,1,1
54,1,19,1,1006,5,0,45,2,1,1
42,1,21,1,710,36,0,45,1,1,1
65,1,19,1,7700,48,0,40,1,1,1
20,1,19,5,5120,344,12,10,1,1,0
47,4,21,1,2310,15,1,40,2,6,1
50,1,19,1,5740,51,1,40,2,2,1
58,1,21,1,800,128,0,60,2,1,1
40,1,16,3,20,48,0,60,2,1,1
32,1,21,1,300,55,0,40,1,1,1
72,1,24,1,1410,33,0,30,1,1,1
20,1,19,5,4010,13,2,30,2,6,0
59,1,17,3,8740,18,0,40,2,1,0
30,4,22,1,2015,36,0,40,2,1,1
67,7,1,1,4020,116,0,70,1,1,0
29,1,16,3,8920,40,5,30,1,3,0
42,1,21,1,1430,29,1,40,1,1,1
49,1,20,1,3630,327,0,40,1,1,0
26,1,21,5,1021,6,13,45,2,6,1
63,1,19,3,3601,332,0,40,2,2,0
56,1,21,1,440,41,1,65,1,1,1
45,5,20,3,8760,15,13,40,2,1,1
62,1,17,1,4130,13,6,40,2,1,1
49,1,16,1,9645,363,1,45,1,1,0
38,7,21,5,710,51,13,40,2,1,0
65,1,21,1,136,51,1,60,1,1,1
37,3,21,1,2100,36,1,40,2,1,1
52,7,21,1,10,12,0,40,1,1,1
60,1,14,1,4760,48,8,35,2,1,0
27,1,16,1,5740,373,0,40,2,1,0
28,1,21,1,1240,214,1,45,1,1,1
25,1,16,5,4110,6,2,40,2,1,0
28,3,22,1,2320,42,0,40,2,1,0
72,1,22,1,2310,17,0,20,1,1,1
20,1,19,5,4110,17,17,10,2,1,0
42,1,16,3,5120,18,0,42,2,1,0
30,1,21,1,850,2,1,25,2,1,0
23,3,16,5,4720,48,15,40,1,1,0
51,1,16,3,4810,42,0,40,2,1,0
63,6,21,1,800,301,0,9,2,1,0
29,1,13,5,4010,5,0,50,2,1,0
44,4,19,1,9620,39,16,20,1,1,0
48,1,20,1,4110,210,9,35,2,6,0
25,1,16,5,4220,12,2,2,1,2,0
49,1,22,1,110,9,1,40,1,1,1
29,1,16,3,9130,37,12,33,2,9,0
18,1,19,5,4720,55,17,30,2,1,0
56,1,19,1,8740,19,0,55,1,1,1
31,1,16,1,4700,6,1,36,2,8,0
28,3,19,5,4600,303,10,40,2,8,0
40,1,20,5,8225,47,0,40,2,1,0
23,1,18,5,4510,6,2,40,2,8,0
40,1,22,1,3050,210,0,40,1,6,1
40,1,16,5,6050,28,13,40,1,1,0
39,1,16,1,9620,39,1,50,2,1,1
60,2,2,2,9130,2,6,25,2,1,1
76,1,14,3,3603,51,0,15,2,1,0
45,2,16,1,3401,21,1,36,2,1,0
31,1,20,3,440,48,0,40,2,1,0
41,1,21,1,5240,36,0,30,2,2,0
18,1,16,5,4760,6,2,30,1,1,0
47,6,19,1,3602,51,0,27,2,1,0
45,1,20,1,5740,303,1,20,2,1,0
35,1,16,1,8720,39,1,48,1,1,0
41,1,21,1,140,163,0,40,2,1,1
80,1,19,1,3500,42,0,24,2,1,0
39,1,21,3,2300,6,0,40,2,1,1
51,3,22,1,2310,42,1,50,2,1,1
51,6,19,1,4700,303,6,40,1,1,0
47,1,21,5,7010,36,0,40,1,1,1
75,3,22,3,2310,48,0,30,2,1,0
26,1,19,5,4230,36,0,40,2,8,0
47,1,1,1,4220,333,1,40,2,2,0
58,3,22,1,3725,4,1,50,1,1,1
30,1,21,1,110,6,0,45,2,1,0
45,1,12,5,3601,13,2,36,2,2,0
17,1,13,5,9610,6,2,16,1,1,0
33,1,22,1,4840,48,0,55,2,1,1
58,1,16,1,9130,231,0,55,1,6,1
44,4,22,1,3870,30,1,40,1,1,1
21,1,16,5,2300,22,15,37,2,1,0
59,1,16,1,6765,6,1,40,1,1,0
56,5,22,1,20,34,0,60,1,1,1
56,1,20,1,3610,29,1,40,2,1,0
63,1,20,1,3930,27,1,24,2,1,0
37,2,19,1,3500,34,1,30,1,2,0
35,7,19,1,4700,49,0,60,2,1,1
60,1,21,1,3602,233,17,40,1,6,0
27,2,22,5,5940,26,0,30,2,1,0
69,4,21,3,3602,46,0,4,2,1,1
62,1,21,1,1410,17,0,40,1,1,1
30,1,19,3,1006,6,11,40,2,6,1
32,1,21,5,2555,25,0,24,1,1,0
36,1,16,1,6520,373,1,40,1,1,0
45,1,16,3,3515,40,0,40,2,1,0
71,4,24,1,2205,48,0,10,1,1,0
38,1,21,3,2310,18,13,40,2,1,0
41,1,16,1,1108,25,0,45,1,1,1
48,1,18,5,4600,4,2,40,2,8,0
49,3,16,1,5400,51,1,40,2,1,0
46,3,12,1,4220,467,0,40,2,1,0
55,2,16,3,5610,34,0,55,1,1,1
68,6,19,1,4510,6,1,30,2,1,0
44,1,19,5,5610,13,0,40,2,2,0
64,1,15,1,7720,36,0,40,2,1,0
48,1,17,1,6200,53,1,61,1,1,1
17,1,14,5,4720,34,2,20,1,1,0
46,2,22,1,2310,36,1,15,2,1,0
63,1,17,1,4200,15,1,40,2,1,0
28,1,21,5,4710,25,0,50,1,1,1
43,1,19,1,1010,42,1,40,1,1,1
52,1,22,1,5400,13,1,15,2,1,0
19,1,19,5,9645,26,17,25,2,1,0
46,2,21,1,3255,22,1,24,2,1,0
62,1,16,2,4230,48,5,24,2,1,0
62,6,21,1,1360,26,0,30,1,1,1
62,1,20,1,4760,31,1,50,1,1,1
21,1,16,5,102,207,12,12,2,6,0
32,1,16,1,7700,18,1,53,2,1,1
21,1,21,5,5240,18,12,40,2,1,0
35,4,22,1,2310,21,1,40,2,1,1
35,1,21,1,4700,48,1,40,1,2,0
39,1,16,5,220,39,2,40,1,1,0
36,1,16,1,7340,303,0,40,1,1,0
20,1,19,5,3960,36,17,30,2,1,0
62,6,1,1,4830,6,1,30,2,1,0
18,1,14,5,2722,45,2,12,2,1,0
30,5,19,5,7100,36,17,75,1,2,0
53,1,14,1,2016,25,1,40,1,2,0
55,4,21,1,2320,72,1,37,2,1,0
33,7,16,5,6520,39,0,30,1,1,0
40,1,21,1,1021,45,0,40,1,1,1
22,5,16,1,3930,35,0,50,1,1,0
17,1,13,5,4020,303,2,20,1,1,0
45,4,21,5,2300,39,0,40,2,1,0
44,1,16,1,3930,40,1,40,1,1,0
28,1,19,5,4251,42,13,40,1,1,0
34,1,15,1,5240,39,0,40,1,1,0
28,2,22,5,2320,17,0,50,2,1,0
68,4,24,1,2205,22,0,40,1,1,1
38,3,19,5,3602,9,12,32,1,1,0
44,5,19,1,9030,13,1,40,1,1,1
49,1,16,1,4760,48,1,50,1,1,1
49,1,11,1,310,303,0,40,1,8,0
48,1,22,1,440,247,1,48,1,9,1
19,1,19,5,7340,6,0,40,1,8,0
34,1,17,5,3602,416,10,37,2,2,0
52,1,16,5,4220,110,2,32,1,1,0
46,4,22,3,2002,34,0,40,2,1,1
45,7,20,3,6230,39,0,60,2,1,1
48,6,21,1,2830,18,0,35,2,1,0
38,1,16,4,4230,8,2,40,2,1,0
22,1,21,5,4760,39,0,20,2,1,0
48,1,21,1,705,210,0,40,1,6,1
66,1,16,3,5240,23,0,40,1,1,1
46,1,16,5,7855,39,2,40,1,1,0
41,1,20,1,3255,22,1,40,2,1,0
62,1,18,1,4330,17,1,40,2,1,0
51,1,21,1,51,6,0,40,1,6,1
65,1,17,1,8740,233,0,40,1,6,0
62,1,21,3,1400,13,0,50,1,1,1
55,2,22,1,2320,42,1,50,1,1,1
43,1,21,3,2320,24,13,40,2,2,1
28,6,12,1,6260,303,1,40,1,8,0
33,1,16,1,4252,55,1,32,1,1,0
51,7,21,1,710,8,0,60,1,1,1
19,1,19,5,3601,18,2,20,2,1,0
54,1,23,1,120,36,1,60,1,1,1
18,1,14,5,9645,48,7,12,1,1,0
64,1,16,1,4655,36,1,40,2,8,0
38,1,13,1,4230,56,1,40,2,1,0
51,1,16,1,7610,39,1,50,1,1,0
45,1,23,1,2100,48,0,40,1,1,1
49,3,20,3,2545,6,0,38,2,1,0
28,1,21,5,2905,48,13,40,1,1,1
29,3,18,5,3402,26,2,72,1,1,0
65,6,24,1,2100,47,1,50,1,1,1
62,4,14,3,9415,22,0,25,2,1,0
49,1,22,1,120,41,0,50,1,1,1
59,3,20,1,2320,42,1,30,2,1,0
33,1,21,3,9030,19,0,30,1,1,1
62,2,20,5,3255,36,0,40,2,1,1
53,1,20,3,3645,6,0,40,2,1,0
53,7,18,1,4510,42,1,30,2,1,0
51,3,15,5,6040,37,5,40,1,2,0
60,1,21,5,4920,6,0,45,1,1,1
32,2,21,1,2100,34,1,55,1,1,0
25,3,21,5,2310,34,2,20,2,1,0
26,4,22,1,2320,39,0,45,2,1,0
54,5,19,5,5310,35,0,40,2,3,0
22,1,21,5,800,6,0,60,2,1,1
34,1,17,3,4720,26,2,7,2,1,0
56,1,21,1,1050,15,0,40,1,1,1
19,1,16,5,4055,48,10,22,2,1,0
26,1,16,4,4720,6,17,20,2,1,0
38,6,18,1,4920,39,0,50,1,1,1
54,1,16,1,4700,42,0,40,1,1,1
29,1,19,5,8600,13,0,40,1,1,1
35,1,18,3,4110,360,0,35,2,1,0
65,1,19,2,4020,34,0,32,2,2,0
39,1,17,1,8740,303,10,40,2,1,0
33,1,22,3,735,231,0,55,2,6,1
62,1,17,1,9620,42,1,40,1,1,0
41,1,21,1,520,6,0,40,2,1,1
26,5,16,3,9830,47,17,45,1,1,0
67,3,21,1,750,17,1,40,1,2,1
59,1,21,5,5860,47,13,25,2,1,1
65,1,18,3,5110,40,0,40,2,1,0
36,2,21,1,4600,25,0,20,2,1,0
30,1,20,1,3255,20,1,50,2,1,1
33,1,21,1,440,26,1,40,1,1,1
45,5,22,1,3820,13,0,40,1,1,1
35,1,19,5,7330,31,0,45,1,1,1
52,1,16,5,4220,39,2,40,1,2,0
53,6,21,1,1050,6,0,20,1,1,0
48,7,22,1,705,8,1,40,1,1,1
56,1,16,1,5000,31,8,40,2,1,0
57,3,19,1,3820,29,0,40,1,1,0
54,1,16,3,3603,41,0,40,2,1,0
61,2,22,1,350,26,0,47,1,1,1
62,1,21,1,5740,17,0,40,2,1,1
60,1,22,1,4700,17,0,20,2,2,0
36,1,21,3,1541,119,0,50,1,1,1
65,1,15,3,4110,247,0,19,2,6,0
28,1,19,5,9645,36,2,35,1,2,0
31,1,22,1,800,55,1,40,2,1,1
23,1,14,5,4720,12,0,40,2,1,0
24,1,19,1,3648,17,0,45,2,1,0
59,4,21,1,2350,332,0,30,2,2,0
44,1,16,5,4720,48,0,40,2,9,0
76,1,17,1,5740,22,0,40,2,2,0
43,1,18,5,5110,17,2,40,2,1,0
37,5,21,1,3640,49,0,40,1,1,1
54,1,18,1,5400,17,1,40,2,1,0
29,6,20,5,3630,17,0,40,2,1,0
49,1,15,1,7950,26,0,40,2,1,0
46,5,17,4,8540,37,16,4,1,3,0
32,1,13,1,9620,40,1,40,1,1,0
39,3,22,1,630,19,0,45,2,1,1
42,3,22,1,2002,440,0,40,1,2,1
32,1,22,5,1108,36,13,40,2,1,1
66,7,16,1,140,21,0,40,1,1,1
24,2,21,5,3515,6,10,40,2,1,0
30,1,18,1,3603,20,0,37,2,1,0
20,1,16,5,6220,55,2,40,1,1,0
46,1,19,1,6950,12,1,90,1,1,0
62,1,20,1,3424,11,1,32,2,1,0
43,1,22,1,7000,368,0,50,1,2,1
63,1,21,1,1220,55,0,45,1,1,1
59,2,16,1,7000,27,1,40,1,1,0
61,1,16,1,520,48,0,50,2,1,0
37,1,19,1,3602,8,15,80,1,1,0
33,1,21,1,1021,6,0,60,1,1,1
46,1,21,1,4760,453,0,40,1,2,0
56,1,17,5,9620,12,13,40,1,1,0
22,1,20,5,5860,36,2,40,1,1,0
25,2,19,5,3603,25,13,24,2,1,0
57,1,21,3,4710,27,0,50,2,1,1
41,1,22,1,120,210,0,55,1,6,1
49,1,20,1,230,27,0,40,2,1,0
19,1,16,5,5240,22,17,25,2,9,0
24,1,17,3,8530,54,16,40,1,1,0
34,3,18,5,2016,6,0,40,2,1,0
38,1,19,5,5110,72,0,30,2,2,0
59,4,23,1,2205,202,1,30,1,6,0
76,2,22,3,2752,6,8,2,2,1,1
38,1,21,1,4760,17,0,60,1,1,1
21,5,18,1,3870,48,0,28,1,1,0
65,1,20,1,1545,20,0,40,1,1,0
63,1,5,1,4220,303,1,35,1,1,0
34,1,19,1,9645,37,0,40,2,1,0
48,1,21,1,705,17,0,40,1,1,1
50,2,21,1,630,26,0,60,1,1,0
52,5,21,1,440,25,0,40,1,1,1
59,1,22,3,800,36,0,40,2,1,1
44,1,20,3,5740,27,13,25,2,9,0
30,1,20,5,9640,303,11,40,2,1,0
37,1,21,1,4850,22,0,80,1,1,1
19,1,19,5,3545,34,2,45,1,2,0
53,1,23,1,2145,36,0,16,2,1,0
50,6,16,1,6230,46,1,40,1,1,0
24,7,17,5,4255,48,2,40,1,1,0
59,1,21,1,7700,8,0,40,1,1,0
78,1,19,3,5240,55,0,20,2,1,0
60,1,19,1,4220,36,0,40,1,1,0
65,1,23,3,10,36,0,35,1,1,1
40,1,21,1,2634,46,0,40,1,1,0
31,3,19,1,3402,12,1,60,1,1,1
22,1,15,5,5610,4,13,35,1,8,0
18,1,18,5,4150,47,17,16,2,1,0
27,1,20,5,3603,18,13,40,2,1,0
45,1,20,1,3255,17,1,40,2,1,1
18,1,14,5,7340,26,2,10,1,1,0
31,1,22,5,1021,210,0,40,1,6,0
56,1,16,1,7410,49,1,40,1,1,1
17,1,15,5,5400,212,2,8,2,1,0
52,1,20,1,4020,233,0,40,1,6,0
39,4,21,1,1970,36,0,40,2,1,1
31,1,17,1,9600,6,1,40,1,2,0
19,1,14,5,4020,48,2,30,1,1,0
55,1,1,1,9610,312,1,21,2,8,0
45,1,16,5,5610,48,0,40,1,1,0
27,3,21,1,2320,49,0,45,1,1,0
33,1,21,1,710,39,9,40,2,1,1
55,1,19,3,5120,6,2,40,2,1,0
49,1,23,1,3090,210,0,40,2,6,1
29,1,19,5,630,6,0,40,2,8,0
44,1,21,1,1022,18,0,40,2,1,1
25,2,19,5,5420,13,2,40,2,1,0
20,1,18,5,205,1,2,10,1,1,0
52,5,21,1,440,39,0,40,1,1,1
19,1,16,5,3603,39,2,25,2,1,0
20,1,18,5,4720,1,0,30,2,2,0
57,1,16,5,4220,9,2,37,1,1,0
70,1,19,3,9130,55,0,15,1,1,0
29,1,21,1,1006,6,0,45,2,1,1
55,3,17,1,3602,48,0,16,1,1,0
21,1,18,3,5400,28,0,35,2,1,0
55,3,21,2,3255,316,0,20,2,8,0
31,2,19,1,4710,48,1,40,2,1,1
43,3,22,1,2310,12,0,48,1,1,0
23,1,20,5,4130,6,17,20,1,6,0
48,1,21,5,3255,217,0,36,2,6,1
20,1,18,5,8650,17,2,40,1,1,0
37,1,16,1,6230,18,1,50,1,1,1
41,7,19,1,4540,42,0,40,1,1,1
43,2,22,1,2310,17,0,40,2,1,1
57,1,16,1,4760,39,0,40,2,1,0
30,1,1,5,9620,313,12,15,1,1,0
54,1,19,5,9150,6,0,50,1,2,0
26,1,16,5,6825,6,0,40,1,1,0
47,1,21,1,4700,48,0,40,1,2,1
34,1,20,5,110,42,0,40,1,1,0
61,2,20,1,2050,39,0,45,1,1,0
66,1,16,1,9130,13,0,21,1,1,1
52,1,9,1,205,303,0,65,1,8,1
54,2,19,3,705,110,0,40,2,1,0
70,7,20,1,4920,17,1,35,2,1,0
63,3,20,1,5000,6,0,20,1,1,0
55,1,18,1,1320,24,1,50,1,1,0
38,1,24,1,4700,414,0,50,1,1,1
72,6,15,1,205,217,6,30,1,9,0
77,2,24,5,230,47,0,50,2,1,1
24,1,20,1,4110,15,15,35,2,1,0
21,2,19,4,3500,49,12,20,2,1,0
38,3,20,5,3740,37,0,60,1,1,1
41,1,19,1,5600,47,1,45,2,1,1
62,1,19,1,1050,22,1,40,1,1,0
37,1,21,1,2310,48,0,24,2,2,0
52,1,24,1,2100,12,1,50,1,1,1
58,1,21,1,9141,303,0,60,1,1,0
56,1,21,1,630,21,0,50,2,1,1
17,6,12,5,2350,48,2,4,2,1,0
37,1,21,1,1021,210,1,40,2,6,1
22,1,16,5,3602,12,10,40,2,1,0
38,3,21,1,2310,26,2,30,2,1,0
56,1,16,3,6050,39,0,60,1,1,1
64,1,21,3,800,36,0,40,2,1,0
27,1,21,1,3255,27,1,24,2,1,0
58,4,22,1,2330,17,0,30,2,1,0
57,2,16,3,1006,39,0,40,2,1,1
17,6,13,5,8990,13,16,15,1,2,1
27,1,16,5,8990,17,2,40,1,1,0
61,2,22,3,8740,55,0,55,2,1,1
19,1,19,5,4760,53,2,20,2,9,0
26,3,16,3,3870,46,0,40,2,1,0
30,1,16,1,9600,1,1,40,1,2,0
73,1,21,1,3050,25,0,40,1,1,1
43,3,20,5,2016,333,0,40,2,2,1
65,1,19,1,5740,25,1,40,2,1,1
60,3,20,1,440,29,0,35,1,1,1
27,1,20,5,8225,39,5,40,1,2,0
39,1,16,3,4760,27,13,35,2,1,0
51,4,19,1,440,51,0,40,2,1,0
30,1,21,5,4710,34,13,40,2,1,1
57,6,18,1,810,12,0,60,1,1,1
37,6,17,5,6730,2,2,20,1,1,0
47,2,21,3,3255,36,0,42,2,1,1
23,1,19,5,4720,416,2,35,1,2,0
60,1,20,1,9130,31,1,40,1,1,0
26,1,18,3,4251,37,0,50,1,1,0
53,6,12,2,9610,18,0,4,2,1,0
59,7,22,1,3230,42,1,20,2,1,0
44,3,23,1,2100,55,1,40,2,1,1
46,4,21,2,3160,25,0,40,2,1,1
42,4,21,1,800,6,0,40,2,2,0
43,1,16,1,6230,22,0,50,1,2,0
29,1,21,1,4840,110,1,40,1,1,1
52,7,16,1,52,12,0,60,1,1,1
63,2,21,1,5510,42,0,19,1,1,0
31,3,22,1,2310,36,1,40,2,1,1
31,1,17,5,4110,48,17,30,1,1,0
60,1,19,1,10,53,0,40,1,1,0
37,1,20,1,3255,19,1,40,2,1,0
28,1,19,1,5240,5,0,50,2,1,1
48,2,21,1,4600,29,1,40,2,1,0
56,1,16,1,4750,29,0,40,1,1,0
31,3,21,1,3870,303,1,40,1,1,0
56,1,21,5,3255,42,0,24,2,1,1
19,1,16,5,5240,42,2,10,1,3,0
20,1,16,5,4720,21,13,20,2,1,0
69,6,16,5,205,29,0,8,1,1,1
55,1,18,1,8760,8,1,36,2,1,0
46,1,18,1,5400,25,0,40,2,1,0
48,1,21,5,440,22,0,40,1,1,1
20,1,12,5,9130,40,2,40,1,9,0
75,6,16,1,6220,48,1,8,1,1,0
43,1,21,1,8990,223,0,40,1,6,0
25,1,21,5,3255,72,2,16,1,1,0
68,1,21,1,136,18,0,50,1,1,1
63,1,16,1,4700,42,0,60,1,1,0
44,5,21,1,220,42,1,40,2,1,1
22,1,21,5,1430,48,2,40,1,1,0
24,1,20,5,4040,36,0,40,1,1,0
62,1,16,1,9640,312,1,50,2,1,0
69,1,19,2,4600,13,0,25,2,2,0
28,7,21,1,4710,40,0,30,1,1,0
26,4,21,5,1760,53,0,40,2,6,1
53,1,16,1,4700,19,0,40,2,1,0
48,1,19,1,5740,6,0,40,2,1,1
46,1,18,3,4710,21,0,50,2,1,1
48,1,21,1,120,21,1,40,2,1,1
34,1,16,5,7750,15,2,45,1,1,0
20,1,11,5,8140,18,2,40,1,1,0
55,4,21,3,5140,37,0,40,2,1,0
66,7,21,5,410,49,0,20,2,9,1
57,1,19,1,7000,20,1,40,1,1,1
27,5,20,3,9830,17,0,45,2,1,0
41,1,21,1,2310,39,0,50,2,1,0
57,1,21,3,5020,6,0,37,2,1,0
40,1,21,1,800,51,1,40,1,1,0
61,1,19,1,3646,30,1,10,2,1,0
63,1,20,1,5600,26,1,50,1,1,1
59,1,16,2,4230,364,6,15,2,8,0
41,1,16,3,9130,72,2,60,1,1,0
28,1,18,5,735,12,13,40,2,1,0
18,1,19,5,5240,6,17,20,2,6,0
50,1,21,3,1555,247,0,40,2,6,1
27,1,16,5,2170,24,2,27,2,1,0
37,4,21,5,4720,37,3,40,1,1,0
63,7,16,1,6442,36,0,45,1,1,1
77,2,18,1,3605,27,0,8,1,1,0
40,1,21,5,1360,48,13,40,2,2,0
53,1,20,1,5260,48,1,40,2,8,0
25,1,21,5,4710,5,12,40,1,1,0
47,3,22,5,2320,6,0,70,2,1,1
26,1,16,5,4600,56,2,20,2,1,0
50,1,16,5,7020,36,0,40,1,1,1
52,1,21,1,2830,18,1,70,1,1,1
19,6,19,5,6260,41,17,15,1,1,0
74,2,24,5,2016,37,0,12,2,1,0
55,1,16,3,4030,47,13,40,2,2,0
33,1,18,1,6710,19,1,50,1,1,0
54,1,18,1,4720,6,1,16,2,1,0
24,1,16,5,9620,48,2,22,1,1,0
21,1,16,5,4720,48,2,35,2,9,0
60,1,20,2,5120,414,6,44,2,1,0
59,1,17,1,7340,55,1,48,1,1,1
54,1,18,1,2300,48,1,35,2,1,0
30,2,20,5,5940,233,13,40,2,6,0
51,6,1,1,710,39,1,3,1,1,0
35,1,21,1,1021,39,0,40,1,1,1
27,1,20,1,4350,53,0,39,2,1,0
44,1,20,5,940,44,0,40,2,1,0
46,1,16,1,8140,39,0,70,1,1,0
19,1,18,5,4760,6,2,20,1,1,0
23,1,18,1,9130,12,1,50,1,1,0
43,1,18,1,3602,207,0,30,2,6,0
56,6,22,1,20,6,1,10,2,1,0
34,1,22,1,120,210,1,45,1,6,1
28,1,17,3,5740,12,2,16,2,1,0
40,6,16,1,6260,35,2,36,1,1,0
48,1,18,1,8740,37,1,40,2,1,0
54,1,19,3,7200,53,13,30,2,1,0
60,1,16,1,4055,18,1,30,2,1,0
45,6,16,3,6410,42,0,40,1,1,0
41,4,21,5,1021,210,2,40,1,6,1
57,1,18,2,4020,21,0,30,2,1,0
40,1,19,1,6260,6,1,20,1,1,0
56,1,16,3,9130,55,13,40,1,1,0
61,1,20,2,3930,48,0,40,2,1,0
64,6,18,3,310,48,0,60,1,1,0
36,4,22,1,2310,35,1,40,2,1,1
20,1,16,5,4600,36,2,15,1,9,0
31,1,21,5,440,48,2,48,1,1,0
51,1,18,1,5120,42,0,35,2,1,0
23,1,19,5,600,37,13,40,1,1,0
68,4,21,1,136,6,0,40,2,1,0
53,1,21,1,4850,48,1,45,1,1,1
56,4,22,3,120,19,0,40,1,1,1
29,1,16,5,7950,24,2,30,1,1,0
45,1,16,5,4530,17,5,40,1,2,0
22,4,19,5,7010,6,17,20,1,1,0
37,2,24,1,1760,207,1,40,2,6,1
60,4,16,1,5860,365,1,40,2,8,0
18,1,16,5,4030,13,2,30,2,2,0
26,2,19,1,5810,23,1,25,2,1,0
21,1,16,5,4720,48,13,33,2,1,0
27,1,21,5,4750,8,0,45,1,1,0
59,3,16,1,4220,37,0,32,2,2,0
54,1,1,1,7720,303,8,40,1,8,0
59,1,19,4,5240,17,0,40,2,1,0
56,1,21,1,52,17,0,50,1,1,1
40,1,19,3,410,16,0,40,2,1,1
30,1,21,1,440,12,1,40,1,1,1
56,3,20,1,8620,39,1,40,1,3,0
35,3,19,1,5522,22,0,40,2,1,0
43,1,19,1,5120,55,1,32,2,1,0
52,1,16,1,750,47,1,50,2,1,0
56,4,16,1,5860,24,0,40,2,1,0
43,3,22,1,2310,42,0,60,2,1,1
40,1,19,1,7700,48,0,50,1,1,1
33,1,21,1,8740,17,0,25,1,1,1
37,1,21,1,650,53,1,50,1,1,1
21,1,16,5,8140,16,13,50,1,1,0
54,5,22,3,440,23,0,40,2,1,1
32,7,23,1,3010,26,0,40,1,9,1
64,4,22,1,2310,18,1,40,2,1,1
23,1,14,5,3945,333,4,32,2,2,0
36,1,16,5,4220,34,13,40,1,1,0
25,1,16,4,4700,40,10,36,2,2,0
25,1,16,1,2545,36,0,15,2,1,0
34,1,21,5,4700,39,0,40,2,1,0
62,1,16,1,9620,17,0,40,1,1,0
35,6,20,1,3500,6,1,50,2,8,0
47,1,19,3,9210,1,0,70,1,1,1
53,1,19,1,5240,25,1,40,2,2,0
60,1,16,3,4760,27,0,40,1,1,0
38,1,20,1,3930,18,1,25,1,1,0
33,5,21,3,2002,303,0,45,2,1,1
57,3,22,1,2310,45,1,40,2,1,1
27,1,21,5,4720,303,2,30,2,8,0
41,3,21,1,2310,17,1,50,2,1,0
47,1,19,1,20,45,0,40,1,1,0
53,3,22,1,2320,164,1,40,2,1,1
51,1,21,1,230,24,0,60,2,1,0
56,1,19,1,6200,42,0,42,1,1,1
28,1,16,5,5350,1,13,32,1,1,0
19,1,16,5,4720,36,5,15,2,8,0
37,1,16,1,9620,315,0,40,1,1,0
30,1,17,5,5240,333,0,40,2,2,0
57,3,21,1,3255,440,1,36,2,2,1
41,1,19,1,3421,34,1,20,2,1,0
71,6,17,3,6260,48,0,30,1,1,0
30,3,21,1,440,6,0,40,2,1,0
58,1,22,3,3255,440,0,52,2,2,1
65,1,21,3,10,360,0,40,2,1,1
48,1,22,1,845,6,0,40,1,1,1
57,1,16,1,7700,39,0,60,1,1,1
46,1,22,1,1530,110,0,60,1,1,1
66,2,16,1,4130,36,1,20,1,1,1
40,1,21,1,120,215,1,60,1,1,1
34,1,19,1,710,6,0,50,1,1,1
23,1,21,5,4940,29,0,40,1,1,0
59,1,16,1,9130,53,0,40,1,1,0
46,3,21,1,2545,368,1,35,2,6,0
37,3,22,5,2310,6,0,40,1,1,1
47,3,22,5,2005,48,0,40,2,2,0
24,1,19,5,4600,4,2,40,1,1,0
46,7,22,1,4522,216,0,2,2,1,0
38,4,22,1,2002,13,0,40,1,1,0
47,1,22,1,800,49,0,6,2,1,0
54,1,22,1,120,373,0,50,1,1,1
54,1,16,1,7000,13,1,50,1,1,0
60,1,13,3,9620,54,13,20,1,9,0
28,1,16,5,4110,6,12,30,2,1,0
35,1,14,1,4820,6,1,35,2,1,0
26,1,20,5,310,6,13,48,1,1,0
46,6,21,1,2600,6,0,35,2,1,0
32,6,18,5,2360,48,0,20,2,1,1
57,3,19,1,2545,19,0,40,2,1,0
21,1,16,5,4760,26,2,30,2,1,0
28,1,21,5,1105,110,2,40,1,1,0
36,1,16,5,4230,53,13,35,2,1,0
60,6,21,1,1031,27,0,45,1,1,1
55,3,22,1,2320,48,0,50,1,1,1
27,1,16,5,4220,49,2,40,1,1,0
19,1,16,5,9645,17,2,25,1,1,0
54,1,21,1,1460,26,0,40,1,1,1
74,2,18,1,230,9,1,28,1,1,0
29,4,21,1,3300,53,0,24,2,1,0
52,1,19,1,3620,1,0,32,2,1,0
54,6,19,1,440,12,1,40,1,1,0
52,1,19,2,6230,4,0,40,1,1,1
52,5,22,1,350,310,0,45,1,9,1
48,3,19,1,4710,303,0,40,2,1,1
29,3,22,5,2310,9,2,40,2,1,0
34,1,22,1,1410,48,0,40,1,1,1
32,1,16,3,5000,39,0,45,2,1,1
60,4,19,1,310,6,0,40,2,1,0
65,1,20,1,1555,11,1,45,1,1,1
37,1,16,1,5940,18,0,40,2,1,0
35,1,18,1,6200,36,0,40,1,1,1
53,1,19,1,9265,48,0,40,1,1,1
55,1,16,3,4220,26,2,40,1,1,0
51,5,23,1,440,110,0,60,2,2,1
54,1,22,1,4820,240,0,48,1,6,1
57,1,16,1,4010,6,2,43,2,1,0
43,1,19,1,4000,34,1,72,1,1,1
40,2,22,1,1240,6,0,50,1,1,1
29,5,21,5,2310,54,0,40,2,1,0
50,1,16,1,4220,139,1,40,1,2,0
60,1,19,1,4760,34,1,50,1,1,0
28,6,19,5,3630,24,0,8,2,1,0
32,3,21,1,750,53,0,50,1,1,1
35,6,21,5,5510,10,17,25,1,1,0
52,1,16,1,2545,17,8,40,2,1,0
55,1,16,1,5400,17,1,40,2,1,0
68,2,21,3,420,17,0,50,2,1,1
44,4,19,1,5240,6,0,40,2,1,0
42,2,23,1,3090,39,0,50,1,1,1
47,4,19,1,3700,37,1,40,1,1,0
19,1,18,5,4720,48,17,15,2,1,0
58,1,16,1,9130,364,0,40,1,8,0
22,1,16,5,7200,12,2,40,1,8,0
42,1,19,1,3602,25,1,40,2,2,0
23,1,16,1,5240,26,0,40,2,1,0
57,1,16,1,20,152,0,60,1,1,1
41,1,21,1,1530,24,0,50,1,1,1
79,1,19,3,120,26,0,40,2,1,1
63,1,16,1,5740,17,1,24,2,1,0
61,1,17,3,8990,39,0,40,2,2,0
40,3,24,1,136,51,0,40,2,9,1
53,1,16,1,9130,17,0,40,1,1,0
41,1,19,5,3424,9,0,38,2,1,1
48,3,21,5,1050,35,2,40,1,3,0
37,1,21,3,3255,25,2,32,2,1,0
19,1,16,5,5860,51,0,40,2,9,0
66,7,21,2,205,48,0,40,2,1,0
53,6,21,3,6260,6,0,10,1,1,1
23,1,21,5,1021,24,12,50,1,1,1
27,2,21,5,2025,109,0,25,2,2,0
60,1,22,3,4710,13,0,45,2,1,1
23,1,20,5,3255,333,2,40,2,2,0
61,7,16,1,6230,39,1,35,1,1,0
21,1,18,5,3655,48,0,45,2,2,0
36,8,20,1,205,8,0,99,1,1,1
46,1,16,1,5110,21,1,25,2,1,0
51,6,16,1,4500,414,0,50,1,1,0
51,1,16,1,6355,15,1,40,1,1,1
32,1,15,5,160,38,2,45,1,1,0
56,1,21,1,1021,6,1,50,1,1,1
55,1,16,1,440,42,0,60,2,1,1
60,1,16,2,5740,11,0,40,2,1,1
20,1,19,5,4110,6,7,20,2,8,0
19,5,19,5,3870,48,0,84,2,1,0
54,7,19,4,205,48,0,40,1,1,1
57,3,21,1,2330,17,0,40,2,1,0
20,1,19,5,2310,48,12,40,2,1,0
27,1,20,1,120,5,0,48,2,1,0
40,1,21,1,1021,36,0,36,2,1,1
40,1,20,1,4850,6,0,32,2,1,1
49,5,18,1,3255,26,1,40,2,1,1
30,1,21,5,705,53,0,50,1,1,1
77,6,16,2,4700,45,0,50,2,1,1
44,1,17,3,5240,6,0,50,1,1,0
29,1,21,5,4700,17,2,50,2,1,1
27,1,16,5,2740,12,12,42,2,8,0
59,6,16,1,8140,55,0,40,1,1,0
40,1,9,5,9610,303,11,40,1,1,0
45,1,21,3,5140,13,6,40,1,2,0
48,1,17,1,4120,42,1,20,2,1,0
39,2,21,1,3255,18,1,30,2,1,1
53,1,16,1,440,42,0,40,2,1,0
44,6,19,1,4510,27,0,35,2,1,1
36,1,19,1,5260,4,0,40,2,1,0
27,1,21,5,1360,34,2,40,1,1,1
29,2,20,5,3401,25,15,40,2,1,0
40,1,19,1,3500,22,0,38,2,1,0
55,1,19,3,3500,242,0,40,2,2,0
69,3,21,1,2310,26,1,7,2,1,0
34,5,19,1,5740,48,0,40,2,1,0
41,1,16,3,4240,9,2,35,1,1,0
49,1,16,1,5720,8,1,25,2,1,0
53,6,21,5,4220,54,0,45,1,1,1
18,1,18,5,5240,34,17,60,1,1,0
42,1,21,5,1021,13,0,40,1,1,1
54,5,16,3,5000,11,0,40,2,2,1
45,1,16,1,4850,55,0,50,1,1,1
64,1,21,1,120,18,0,45,1,1,1
31,1,21,1,3255,12,0,45,2,1,1
21,3,19,5,3960,26,2,20,1,1,0
35,1,21,1,1340,31,1,50,2,1,1
25,1,19,5,8810,19,12,40,1,1,0
60,1,18,1,3645,16,1,50,2,1,0
60,1,16,5,7950,25,0,70,1,1,0
44,2,21,1,3220,47,0,50,2,1,1
19,2,19,5,4640,31,17,25,2,1,0
54,1,19,3,7750,26,0,40,2,2,1
38,3,16,1,9130,13,0,40,1,1,0
38,1,22,1,120,210,0,40,1,6,1
52,2,14,5,3255,332,5,40,2,2,1
24,1,16,5,3603,6,2,40,2,1,0
40,3,24,1,2100,249,1,37,2,1,1
44,1,22,1,440,207,0,40,1,6,1
64,3,16,4,5860,36,0,25,2,1,0
30,4,21,1,2310,303,1,50,2,1,0
29,1,16,5,6260,8,0,50,1,1,0
54,1,22,1,4710,8,1,55,2,1,1
63,3,22,2,3255,39,0,50,2,1,1
40,5,19,3,2722,2,13,5,1,4,0
36,1,19,3,4700,42,0,60,2,1,1
64,2,22,5,2320,36,0,50,2,1,1
36,1,21,1,120,29,0,45,1,1,1
30,1,22,1,1021,210,0,40,2,6,1
46,7,16,3,4700,142,0,40,1,1,0
70,3,21,2,5320,42,0,20,2,1,0
67,1,9,1,9150,365,0,30,1,1,0
17,1,14,5,9620,40,2,18,1,1,0
47,1,18,1,5000,18,0,35,2,1,0
59,3,21,1,2545,38,0,25,2,1,0
60,7,21,1,440,36,1,40,1,1,1
19,5,16,5,5040,44,17,33,1,1,0
41,4,22,1,2310,48,1,50,2,1,1
24,1,21,1,3300,36,0,55,1,1,0
55,2,19,1,4040,42,0,40,2,1,1
46,1,21,3,4850,27,0,50,2,1,1
57,2,21,5,440,24,13,37,1,2,1
48,1,19,3,6200,12,0,40,1,1,1
48,1,22,1,10,6,0,55,1,1,1
30,2,18,3,6515,19,13,50,1,1,0
43,5,21,3,1220,17,0,40,2,2,0
40,6,21,1,6410,5,1,25,2,1,0
64,1,11,1,3601,35,0,84,2,3,0
25,2,21,5,2060,29,12,40,2,1,0
20,1,19,5,1910,17,17,10,2,2,0
36,7,18,5,10,150,0,50,1,1,0
58,1,20,1,800,6,0,40,2,1,1
17,2,14,5,9645,51,14,16,1,2,0
21,1,16,5,8990,39,2,40,1,1,0
22,1,13,5,9620,13,2,32,1,2,0
31,1,21,1,2634,10,5,40,2,1,0
31,1,24,1,1530,16,0,40,1,1,1
24,1,19,5,4110,31,0,35,1,1,0
37,3,16,1,3820,18,1,42,1,1,0
65,7,21,1,205,53,1,60,1,1,0
53,3,21,1,2310,34,1,37,2,1,1
18,1,16,5,4030,12,2,18,2,1,0
29,1,19,5,4220,40,0,50,1,1,0
57,1,21,1,440,26,1,50,2,1,1
50,2,20,1,3255,23,1,32,2,1,1
29,1,19,5,5400,53,12,40,2,1,0
60,3,19,1,2545,36,1,40,2,1,0
22,4,19,5,4140,34,17,15,1,1,0
27,1,22,1,3110,28,0,40,2,1,1
28,1,18,5,8990,21,0,60,1,1,1
28,1,20,5,440,34,2,60,1,1,0
35,1,19,5,3500,26,0,40,2,1,0
35,6,23,1,3250,47,0,50,2,1,1
21,1,18,5,2545,36,2,40,2,8,0
36,1,20,1,3255,110,1,24,2,1,0
55,4,21,2,2545,6,0,43,2,1,0
36,5,22,1,9030,54,1,60,1,1,1
40,1,19,5,705,36,0,45,1,1,1
19,1,18,5,800,34,17,8,1,1,0
58,7,21,1,220,51,1,30,1,1,1
38,1,23,1,2100,38,1,55,1,1,1
30,4,21,5,2310,37,4,40,2,2,0
20,1,16,5,6950,6,2,85,1,1,1
43,2,18,5,5400,2,0,40,2,1,0
18,1,18,5,4720,42,17,70,1,1,0
62,2,19,1,3930,18,1,35,1,1,0
41,1,16,5,7315,29,13,55,1,1,1
23,1,16,5,4020,329,2,34,1,8,0
27,1,20,5,6050,20,0,55,1,1,0
60,4,24,1,230,53,0,40,1,1,1
19,1,16,5,7810,48,0,42,1,2,0
27,1,20,5,3300,55,12,30,2,1,0
56,4,22,3,3230,13,0,42,2,1,1
61,4,20,1,2545,13,1,32,2,2,0
48,3,22,5,2205,38,13,20,2,1,0
17,1,13,5,4020,45,2,20,1,3,0
62,3,12,1,4210,36,0,40,1,8,0
26,1,24,5,3250,25,0,50,2,1,0
35,1,24,1,3100,12,1,75,1,1,1
32,3,19,1,3870,51,0,40,1,2,1
46,6,16,3,6260,8,0,40,1,1,0
28,1,19,1,1050,26,0,40,1,1,0
28,1,21,1,5740,46,1,25,2,1,0
41,1,20,1,4020,12,0,16,2,1,0
27,1,22,5,2910,26,2,50,2,1,1
35,1,12,3,4110,313,11,40,2,1,0
51,1,16,1,8225,17,1,40,1,1,0
19,1,19,5,7610,40,15,40,1,1,0
52,1,1,1,7750,303,6,40,2,3,0
75,1,21,2,5860,22,0,30,2,1,1
50,1,19,1,4700,210,0,40,1,6,0
73,1,18,1,5720,26,1,25,2,1,1
42,1,21,5,440,17,0,55,1,1,1
24,4,22,5,1240,215,0,20,1,6,0
39,2,22,5,2016,6,2,40,1,1,1
70,1,21,1,5740,48,1,37,2,1,1
27,3,21,5,810,36,2,35,1,2,1
64,1,19,1,20,6,1,60,1,1,1
26,1,16,1,2300,48,9,35,1,1,0
25,1,17,1,7840,36,2,30,2,1,0
50,1,22,1,3255,110,1,40,2,1,1
47,1,21,1,6260,12,1,50,1,1,1
49,6,19,1,7315,31,0,40,1,9,1
65,1,16,1,3940,39,0,40,1,1,0
32,1,21,5,845,29,12,48,2,1,1
63,1,5,1,6410,303,0,40,1,1,0
65,1,19,1,9130,47,5,50,1,2,0
55,7,23,1,1031,23,0,52,2,1,0
64,1,16,1,5740,27,1,40,2,1,0
55,6,21,1,2850,29,0,20,2,1,0
62,1,19,3,20,19,0,50,2,1,1
30,6,9,1,6200,303,1,50,1,8,0
49,6,16,1,9142,36,1,25,1,2,0
51,7,1,1,9130,247,0,30,1,6,0
45,1,19,3,4110,13,2,21,2,2,0
46,1,19,1,4850,48,1,40,2,1,1
55,4,14,1,3601,329,0,18,2,1,0
64,1,23,1,2100,27,1,40,1,1,1
60,5,16,1,4220,36,1,40,1,2,0
28,1,19,5,3603,37,0,25,2,1,0
30,3,14,1,2006,36,1,45,2,8,0
22,1,18,1,3645,17,1,40,2,1,0
50,6,16,5,4600,312,10,45,2,8,0
29,1,21,5,1970,6,2,40,2,6,0
61,1,21,3,3255,134,0,60,2,1,0
56,1,21,1,705,233,0,40,1,6,1
17,1,16,5,4130,44,2,20,2,1,0
84,6,22,1,2634,53,0,1,1,1,0
37,1,16,5,9645,72,0,37,1,1,0
54,4,16,1,3870,42,0,40,1,1,0
57,1,17,1,4251,19,1,40,1,1,1
43,6,16,1,4230,12,1,30,2,1,0
19,1,19,5,6410,17,2,40,1,1,0
66,6,23,1,2100,36,0,20,2,1,0
51,1,16,5,9600,55,0,40,1,1,0
30,1,16,5,4040,12,0,30,2,1,0
30,1,21,5,630,19,13,45,2,1,0
44,4,21,1,120,215,1,45,2,1,1
43,6,16,1,5240,27,0,60,2,1,0
48,1,22,1,4622,18,0,40,1,1,1
74,7,16,1,4850,21,1,45,1,1,0
46,1,21,5,5140,333,0,40,1,2,1
54,3,16,1,9130,54,1,40,1,1,1
22,1,21,5,3640,15,2,20,2,6,0
57,6,20,3,6230,26,0,38,1,1,0
36,1,20,1,4000,26,1,45,1,1,0
42,1,22,3,850,36,0,40,2,1,1
50,1,24,1,1530,106,0,60,1,1,1
38,7,21,1,3230,17,1,5,2,1,0
67,1,16,1,8225,210,0,40,1,6,0
64,1,12,1,9130,24,1,40,1,1,0
82,1,18,1,9350,18,1,26,1,1,0
37,4,22,5,2310,34,2,50,1,2,1
48,4,20,1,2545,36,1,38,2,1,0
41,1,16,1,4760,17,1,40,1,1,0
41,1,20,1,3255,55,1,50,2,1,1
21,1,15,5,4140,12,2,32,1,1,0
22,1,16,5,5120,303,2,40,2,1,0
43,1,19,3,5000,49,0,38,2,1,0
65,4,21,2,3255,6,0,36,2,1,1
56,1,21,5,9130,209,13,40,1,6,0
63,1,21,1,136,39,1,15,2,1,0
74,1,20,1,5860,22,1,25,2,1,0
62,1,21,1,1010,301,0,40,1,1,1
62,1,16,1,4760,35,0,60,1,1,1
49,6,14,1,9142,23,1,40,1,1,0
22,3,1,5,2634,303,0,40,2,1,0
23,1,16,1,4600,6,1,40,2,1,0
33,1,22,1,3255,48,0,40,1,1,1
57,1,21,1,7750,47,0,40,1,1,1
34,7,21,1,10,29,0,55,1,1,1
51,1,21,1,440,26,0,40,1,2,1
41,1,16,4,9130,20,0,60,1,1,0
37,1,21,1,4710,25,1,55,2,1,1
26,1,16,5,4840,49,5,45,1,1,0
54,1,17,2,3645,48,0,40,2,9,0
53,1,21,1,4710,6,0,40,1,1,1
43,5,22,5,440,17,0,40,2,1,1
33,1,22,1,850,40,0,40,1,1,1
63,1,16,1,6050,31,1,60,1,1,1
36,1,19,5,9005,48,13,40,2,1,0
74,6,16,2,205,55,0,10,1,1,0
36,7,15,5,9142,329,0,40,2,8,0
52,3,20,4,3710,48,0,40,1,1,1
22,1,15,1,4220,6,9,2,2,8,0
64,1,19,1,2145,138,1,8,2,1,0
39,6,16,1,4760,312,0,40,1,1,0
59,1,20,1,10,233,1,40,1,6,0
31,1,21,5,9365,9,2,35,1,1,0
36,2,22,5,3110,9,0,40,2,1,1
33,1,16,1,8640,6,0,40,1,1,1
35,6,16,1,4522,35,0,30,2,8,0
28,1,17,5,4220,35,2,35,1,1,0
44,3,18,1,3740,37,0,60,1,1,0
24,1,16,5,9620,39,2,40,1,1,0
37,6,21,1,4760,36,1,30,2,1,0
22,1,14,5,4720,12,7,35,2,1,0
59,5,21,1,440,20,0,40,1,1,1
47,1,16,1,5120,39,0,45,2,1,1
32,1,17,5,9620,48,2,40,1,1,0
64,1,16,3,9645,39,6,45,1,1,0
48,1,16,1,3601,324,1,40,2,2,0
52,1,21,1,20,48,1,53,1,1,1
48,7,21,1,205,27,0,50,1,1,1
21,1,19,5,5160,55,2,18,2,1,0
67,6,23,1,2100,54,0,30,1,1,0
32,1,20,1,4700,49,0,32,2,1,0
40,1,21,5,735,34,0,42,2,2,1
71,1,21,1,1460,139,1,40,1,1,1
38,1,21,1,4850,18,1,24,1,1,0
41,1,20,1,1530,128,1,40,2,1,1
62,1,22,3,820,6,0,40,1,1,1
24,1,21,5,3421,22,2,4,2,2,0
48,4,17,1,9121,39,0,38,2,1,0
18,1,18,5,4220,38,17,17,2,1,0
28,6,19,1,6765,26,1,40,1,1,1
29,1,1,5,6200,34,0,60,1,1,1
50,1,9,1,8300,303,0,32,2,1,0
29,3,20,5,2545,25,2,50,2,2,0
43,1,22,1,440,48,0,45,2,1,1
50,3,16,1,9645,13,1,40,1,2,0
62,4,22,5,2205,45,0,10,2,2,1
35,2,21,1,1021,44,0,45,1,1,1
55,1,23,1,565,18,0,42,2,1,1
32,1,22,1,350,15,0,40,2,6,1
58,1,21,3,5330,233,0,35,2,6,0
32,1,18,3,8740,5,0,45,2,1,0
57,6,21,1,440,430,1,40,1,1,0
54,1,19,1,1320,17,1,40,1,1,1
64,1,18,1,440,25,1,48,2,1,1
50,1,19,1,3930,421,11,50,1,2,1
46,1,21,3,5410,13,0,65,2,2,1
32,1,22,1,800,47,0,40,2,1,1
46,4,22,3,2016,13,11,40,2,2,1
40,1,22,1,3160,42,1,45,1,1,1
62,6,16,5,8540,26,0,40,1,1,0
68,7,16,1,440,42,0,40,1,1,1
48,5,16,1,5550,30,1,45,2,1,1
37,1,23,1,2635,163,1,65,2,1,1
18,1,16,5,4720,8,4,20,2,1,0
62,1,17,1,520,150,1,45,2,1,1
32,3,20,5,4251,48,2,30,1,1,0
24,7,16,5,4330,4,2,50,2,1,0
33,1,21,1,1006,34,0,40,1,1,1
25,1,21,5,2001,55,2,40,2,1,0
45,1,16,5,205,27,0,60,1,1,0
52,1,20,1,4850,247,0,39,1,6,1
60,1,16,5,5940,34,12,40,2,1,1
40,6,22,1,2310,40,1,5,2,1,0
23,3,19,1,3602,6,0,14,2,2,0
50,1,20,1,5000,39,1,42,2,1,1
31,1,19,4,4700,39,12,40,2,1,0
48,2,23,1,4965,48,1,50,1,1,1
47,3,21,5,3802,28,0,40,2,2,1
42,1,21,1,4820,11,1,50,1,1,1
58,7,15,3,4900,6,0,15,1,1,0
17,1,14,5,4020,48,2,16,1,8,0
20,1,16,5,7150,40,13,45,1,1,0
27,1,16,1,4020,17,0,40,1,1,0
43,1,16,3,20,54,0,50,1,1,1
26,1,21,1,5840,1,12,40,1,1,0
53,1,16,3,6660,51,0,42,2,1,0
45,3,22,1,2310,55,0,40,2,1,1
42,3,21,1,3150,22,0,35,2,1,1
22,1,19,5,4350,207,0,40,2,6,0
18,1,18,5,4435,25,17,20,1,1,0
62,1,16,2,4020,207,0,40,1,6,0
50,1,20,1,3430,53,1,35,2,1,1
26,4,19,1,3802,54,0,80,1,1,0
58,1,17,3,4220,6,13,40,1,8,0
44,5,19,1,5940,46,0,40,2,1,0
38,1,19,1,3500,47,0,40,2,1,1
60,6,22,1,710,39,0,48,2,1,1
28,6,22,1,3230,6,1,40,2,6,1
65,4,21,1,3602,27,1,29,2,1,0
35,2,21,5,2310,36,17,40,2,1,0
34,1,19,1,9620,13,1,32,1,1,0
30,1,17,5,5300,6,0,40,2,2,0
43,6,21,1,205,47,0,99,1,1,1
57,1,16,4,6050,8,5,30,1,1,0
32,1,18,5,3515,48,7,40,2,1,0
50,4,21,1,1551,29,0,40,1,1,1
38,1,22,1,120,207,0,43,1,6,1
53,4,21,1,2360,48,1,30,2,1,0
32,1,21,1,51,53,9,45,1,1,1
52,6,23,1,3010,36,1,30,2,1,1
21,1,16,5,4760,29,2,40,1,1,0
72,1,21,1,4850,6,1,4,2,1,0
42,2,21,5,2360,313,13,40,2,9,0
31,1,22,1,350,30,1,45,2,1,1
33,1,21,5,3255,29,0,40,2,1,0
40,6,21,1,205,17,0,50,1,1,0
47,1,16,1,6050,303,1,40,2,1,0
21,1,16,5,4720,5,7,32,1,2,0
61,2,21,3,2300,39,0,41,2,1,0
58,1,22,1,2545,364,1,7,2,1,0
51,2,20,1,5740,49,0,40,2,1,0
24,1,21,5,5410,53,12,40,2,1,0
42,5,20,3,5860,6,2,24,2,1,0
61,3,22,1,2310,17,1,16,2,1,0
59,1,17,1,4220,36,1,45,1,1,1
63,1,16,1,8740,129,0,40,2,1,0
40,3,22,1,2310,41,1,40,2,1,0
53,1,22,1,3256,39,1,45,2,1,1
54,1,18,1,3640,36,1,30,2,1,0
45,1,1,5,4020,313,0,40,2,1,0
35,1,20,5,5710,36,0,40,2,1,1
48,1,21,1,4720,210,1,40,2,6,0
33,5,21,1,350,303,0,40,1,1,1
62,1,18,5,7150,39,0,32,1,1,0
55,1,16,1,220,21,0,40,1,1,1
63,1,13,1,220,51,1,40,1,1,1
78,1,18,1,940,48,1,40,1,1,1
70,1,21,1,10,55,1,50,1,1,1
33,7,21,1,440,37,0,55,1,1,0
63,6,16,3,4600,36,13,40,2,1,0
45,4,21,1,1240,46,0,25,1,3,1
57,1,16,1,7430,17,1,50,1,1,0
42,2,22,1,1021,49,0,40,1,1,1
35,7,21,1,4840,27,1,53,2,1,1
34,5,17,1,3255,21,0,45,2,1,0
53,2,16,2,4220,303,0,2,1,8,0
54,6,21,2,4760,217,5,40,1,6,0
22,5,16,1,5540,18,0,50,1,1,0
39,1,21,1,5240,303,1,38,2,1,0
62,7,22,3,10,323,0,60,2,2,0
43,3,18,1,6200,36,1,40,1,8,0
28,1,21,1,7340,22,0,48,1,1,1
60,4,20,1,4220,39,0,40,1,2,0
53,1,16,1,440,20,0,45,1,1,1
33,1,15,4,4760,36,0,40,2,8,0
23,1,12,5,4150,13,7,30,1,1,0
41,1,20,1,6200,6,1,43,1,1,1
33,1,16,3,4120,27,13,25,2,1,0
26,1,19,5,3648,37,13,40,2,9,0
53,1,21,1,1010,36,0,40,1,1,1
22,1,23,5,5310,17,12,15,2,1,0
48,5,19,1,3820,36,0,40,1,1,1
28,6,13,1,4950,27,1,21,1,1,0
50,2,24,1,2205,42,1,40,2,1,1
31,1,21,1,4600,38,1,40,2,1,0
54,1,16,1,5260,72,1,40,2,1,0
70,2,16,1,7340,48,1,25,1,1,0
21,1,14,5,4720,6,2,29,2,1,0
63,1,23,3,2100,51,0,25,1,1,0
54,1,16,1,6200,312,0,72,1,8,1
22,2,18,5,4720,18,12,20,2,2,0
25,1,12,5,4720,20,16,40,1,1,0
24,1,17,5,4040,12,7,30,1,1,0
65,1,21,1,5860,41,1,36,2,1,0
64,7,21,5,2640,6,0,30,1,1,1
24,1,19,5,9620,6,5,25,1,1,0
23,1,20,5,4130,6,17,20,1,6,0
19,1,19,5,9620,6,10,40,2,9,0
28,1,21,5,4800,17,13,40,2,1,1
51,1,19,1,51,39,0,45,1,1,1
40,1,9,4,9620,303,0,40,1,1,0
20,1,16,5,7130,6,15,40,1,1,0
30,1,22,1,1360,37,1,55,1,1,1
53,3,19,1,5860,233,1,40,2,6,0
17,1,13,5,4150,29,15,20,2,1,0
59,1,20,2,4850,6,11,40,1,1,1
29,1,20,5,3421,247,2,40,2,6,0
49,1,16,3,9121,327,0,40,2,1,0
46,2,24,5,2205,215,0,60,2,6,1
61,1,20,3,9645,373,6,20,2,1,0
52,2,21,1,2060,26,1,40,1,1,0
56,3,22,1,2310,48,1,45,1,2,1
33,1,20,5,4700,42,0,50,1,1,0
52,2,16,2,4020,72,0,40,2,1,0
39,1,21,1,3255,233,0,40,2,6,0
68,1,18,3,5710,6,0,40,2,1,1
25,5,21,5,9825,22,17,45,1,2,0
17,1,13,5,3960,13,4,25,2,1,0
56,1,20,3,10,327,0,55,2,1,1
38,1,16,5,9600,36,0,40,1,1,0
35,3,19,3,9121,12,0,35,1,1,0
21,1,19,5,2545,34,12,11,2,8,0
38,1,22,1,845,36,0,50,1,6,1
33,1,19,1,8225,362,0,40,1,1,0
53,1,16,3,6850,17,0,50,1,1,1
39,4,19,1,2545,301,0,20,2,1,0
36,1,22,1,3245,36,0,40,2,1,1
55,1,16,1,4700,22,0,24,2,1,0
24,1,16,5,7810,37,0,40,1,1,0
33,1,20,5,710,6,13,40,2,1,0
46,3,20,1,1108,8,1,40,1,1,0
20,1,19,5,5240,19,3,40,2,1,0
57,3,21,1,5740,8,1,40,1,1,1
68,7,16,1,9130,55,1,25,1,1,0
57,2,20,1,2040,440,0,40,1,2,0
35,6,19,1,6230,48,1,40,1,1,1
60,1,15,3,4040,6,15,35,1,1,0
51,1,22,5,137,34,0,40,2,1,1
60,2,19,1,4220,42,1,4,1,1,0
26,4,21,1,2310,38,1,45,2,1,0
31,7,16,1,4810,26,1,35,2,1,0
55,1,17,3,5240,6,0,54,2,1,0
24,1,15,1,4621,333,1,30,1,2,0
26,3,20,1,4220,19,0,40,1,1,0
40,6,16,1,4920,24,1,40,1,1,1
63,1,19,5,5850,42,16,65,2,2,0
55,6,11,1,6730,26,1,20,1,1,0
51,1,16,1,440,18,1,50,1,1,1
44,1,21,1,850,17,1,50,1,1,1
43,1,21,1,4010,48,0,40,2,1,0
53,1,23,1,1650,26,0,60,1,1,1
48,3,21,1,2310,51,1,40,2,1,0
52,1,17,1,440,303,0,40,1,1,1
41,1,21,1,2640,362,1,40,2,1,1
62,7,18,3,3630,42,0,20,2,1,1
18,2,18,5,4600,8,17,12,2,1,0
43,1,24,1,3090,231,0,50,1,6,1
39,1,13,1,7810,203,1,40,2,6,0
50,1,13,5,4251,1,2,50,1,2,0
58,1,16,1,136,29,0,40,2,1,0
29,1,19,5,4850,6,2,45,1,1,0
55,2,16,5,8990,34,17,27,2,2,0
29,3,21,1,3870,33,0,40,1,1,0
56,1,19,3,5610,120,0,45,1,1,0
56,2,19,1,4600,207,1,40,2,6,0
34,1,21,1,5400,13,1,40,2,1,0
49,1,17,1,9600,5,1,42,1,1,0
27,1,20,5,9620,6,15,25,1,1,0
42,1,19,3,8255,21,13,60,1,2,1
21,1,18,5,2805,8,7,20,1,1,0
27,2,14,1,3255,15,10,36,2,6,1
20,1,16,5,6260,4,15,55,1,8,0
58,2,22,1,2040,42,17,52,1,1,0
72,1,23,1,3090,17,1,40,1,1,1
55,2,21,1,3930,29,0,45,1,1,1
60,7,16,1,310,22,1,40,1,1,1
18,1,18,5,4900,6,2,30,1,1,0
30,6,19,5,205,42,4,6,2,1,0
49,6,18,2,205,51,0,55,1,1,0
59,2,16,1,7315,17,1,40,1,1,1
42,1,21,3,5120,19,0,45,2,1,0
53,1,16,1,3500,39,1,30,2,1,0
22,1,14,5,4720,48,0,28,2,2,0
25,1,19,5,5160,34,13,30,2,2,0
59,2,16,1,5730,34,1,40,2,1,0
21,1,19,5,4020,21,0,25,1,1,0
67,5,16,1,5160,47,0,3,2,1,0
52,1,21,1,4850,35,0,52,1,1,1
46,1,22,1,52,217,1,40,1,6,1
36,1,21,1,440,45,1,40,2,1,1
32,1,21,3,4510,162,0,40,2,1,0
27,4,18,5,8990,48,17,30,2,2,1
28,2,16,1,4230,26,0,25,2,1,0
64,1,21,1,1350,49,1,40,1,1,1
61,6,21,1,4920,11,0,80,2,2,0
33,1,18,1,310,48,0,40,1,1,0
51,2,20,1,5260,25,0,22,2,1,0
60,7,21,1,4700,210,1,55,1,6,1
55,1,20,1,5240,19,0,40,1,1,1
47,1,20,1,3255,9,0,40,2,1,1
21,5,16,5,7340,25,17,10,1,1,0
59,1,16,1,9005,16,0,42,1,1,1
24,2,21,5,5940,6,13,40,2,1,0
45,6,15,1,8140,312,0,40,1,3,0
33,1,20,3,6305,39,0,40,1,1,1
20,1,19,5,4435,24,17,40,1,1,0
27,1,16,5,3245,53,2,15,1,1,0
59,1,19,3,4720,6,0,29,2,8,0
37,1,15,1,4110,6,0,38,2,1,0
41,1,16,1,8990,51,1,40,1,2,0
46,3,21,1,2310,44,1,40,2,1,1
33,1,19,1,6260,315,0,40,1,8,0
52,5,22,3,1220,28,0,44,2,1,1
47,3,21,3,440,47,0,40,2,2,1
43,1,20,1,3645,26,1,40,2,1,0
17,1,13,5,4020,16,2,15,1,1,0
61,4,22,1,2205,6,0,37,2,1,0
59,1,18,1,7750,21,0,40,1,1,1
48,6,21,1,4920,54,0,60,2,1,1
47,1,16,2,410,47,2,40,2,1,0
30,1,20,1,3620,19,0,32,2,1,0
20,1,14,1,8800,247,1,40,2,6,0
56,1,16,1,350,18,0,40,2,1,0
30,1,16,5,4251,26,2,2,1,1,0
19,1,19,5,4622,36,2,60,1,1,0
46,1,21,5,440,17,0,60,1,1,1
32,1,19,3,3421,26,0,32,2,1,0
62,1,14,1,4230,25,1,20,2,1,0
58,1,18,1,3601,55,12,40,2,1,0
38,3,22,1,2002,12,0,40,1,1,0
51,7,21,1,220,501,0,45,1,1,1
41,6,15,1,4350,53,0,40,1,1,1
53,4,23,1,2100,2,0,40,1,1,1
22,3,19,5,5522,48,0,40,1,9,0
25,4,19,5,2006,13,2,40,1,1,0
47,1,21,1,705,36,1,40,2,1,0
42,1,20,1,5740,17,0,25,2,1,0
74,7,21,1,7540,51,0,48,1,1,0
58,1,21,1,9050,39,0,60,2,1,1
24,1,21,5,4700,6,2,45,2,1,0
50,6,16,1,4251,19,2,3,1,1,0
69,4,21,5,5110,54,0,50,1,1,1
51,3,16,1,5740,45,1,40,2,1,0
66,1,19,1,520,45,0,25,1,1,0
50,1,16,1,9130,36,1,60,1,1,1
56,6,14,1,6260,48,1,60,1,1,0
18,5,16,5,9825,34,17,40,1,1,0
17,2,14,5,5310,37,2,30,2,2,0
21,1,19,5,4965,37,13,32,2,1,0
35,1,21,1,1021,210,0,40,1,6,0
52,1,16,1,3620,45,9,40,1,1,0
43,1,17,1,8140,29,1,40,2,1,0
52,4,19,1,2350,72,1,40,2,1,0
18,1,14,5,4435,48,7,15,1,1,0
58,1,17,1,1980,36,1,40,1,1,0
51,1,21,1,3255,55,1,25,2,1,0
32,3,18,1,2440,48,0,10,2,1,0
38,1,21,1,5740,48,1,20,1,1,0
57,6,16,1,4760,303,1,60,1,1,0
61,1,20,3,3255,17,9,42,1,1,1
44,1,20,5,3645,6,0,40,2,2,0
38,6,17,1,4220,6,1,25,1,1,0
27,1,20,1,6260,6,9,40,1,1,0
35,1,20,1,5740,42,1,40,2,1,0
47,1,21,1,5160,53,0,40,2,1,1
57,6,16,1,205,38,0,50,1,1,0
28,4,19,1,5860,6,0,40,1,1,1
65,1,19,2,9600,8,0,60,1,1,1
58,6,22,1,1360,151,1,20,2,1,1
29,1,22,5,4540,21,0,40,1,1,0
65,7,19,1,4700,36,0,40,1,1,1
38,2,21,1,710,36,1,50,2,1,0
25,1,16,1,8740,51,1,50,2,1,0
60,4,21,1,5740,37,0,40,2,2,0
39,1,16,5,4110,13,0,40,2,2,0
23,3,20,5,2310,6,11,20,1,1,0
60,1,19,1,4920,28,1,65,1,1,0
24,1,19,1,4230,203,9,40,2,6,0
38,5,19,1,630,17,1,40,1,1,1
57,5,16,2,60,42,0,40,2,1,1
20,1,18,5,6441,303,2,69,1,8,0
34,1,16,1,4510,27,1,26,2,1,0
45,3,18,1,5740,165,0,20,2,1,1
76,6,21,1,800,48,0,20,1,1,1
50,4,22,1,230,39,0,40,2,2,0
44,3,16,1,2545,22,1,25,2,1,0
30,1,19,5,600,24,5,40,1,1,0
47,1,16,1,7800,37,0,35,2,1,0
27,1,19,5,4720,315,2,25,2,8,0
26,1,18,5,8540,5,0,60,1,1,0
64,7,19,1,4840,42,0,44,1,1,1
84,2,16,1,5510,53,0,2,1,1,0
62,1,16,3,10,27,0,10,1,1,0
28,1,21,1,1050,36,0,40,1,1,1
56,1,19,1,120,8,0,50,2,1,1
50,6,16,1,4950,22,0,50,1,1,1
19,1,16,5,4140,4,2,35,1,3,0
26,3,22,5,2310,51,0,40,2,1,1
41,1,21,3,5360,39,0,60,2,1,1
59,3,20,3,4920,508,0,40,2,6,1
27,4,21,5,2014,18,5,40,2,1,0
35,3,19,3,2014,6,0,40,2,1,0
17,1,14,5,4720,17,4,15,2,2,0
49,1,9,1,6050,303,1,30,2,1,0
63,1,21,1,220,42,0,40,2,1,1
50,1,16,1,3640,21,1,40,2,1,0
38,1,21,1,4700,38,0,45,1,1,1
53,2,16,1,5240,21,0,40,2,1,0
47,1,19,1,5240,47,0,40,2,1,0
51,1,22,5,440,36,0,45,2,1,1
38,2,22,5,2014,6,0,40,2,6,1
54,1,21,5,800,17,0,40,1,1,1
52,1,19,1,4510,12,0,26,2,1,0
48,3,18,1,440,53,1,40,2,1,1
35,1,21,1,1021,163,1,40,1,1,1
65,5,19,5,5400,37,13,40,2,2,0
60,2,21,1,2040,72,1,70,2,1,1
19,1,18,5,5240,39,2,32,2,1,0
38,4,19,4,9620,39,16,18,1,1,0
36,1,21,1,1108,29,0,60,1,1,1
17,1,13,5,4150,48,2,20,1,1,0
32,1,20,1,2545,47,0,25,2,1,0
53,1,16,1,7315,12,0,40,1,1,0
46,1,21,1,4820,36,1,40,1,1,1
40,1,22,1,2310,13,1,30,2,1,0
53,1,21,1,3255,39,0,40,2,1,1
63,6,21,1,2634,17,0,30,1,1,1
63,3,16,1,2545,27,1,32,2,1,0
82,6,19,1,4760,139,0,20,1,1,0
59,3,18,1,2440,19,0,30,2,1,0
60,1,22,1,1530,47,0,40,1,1,1
33,1,21,1,4030,9,0,30,2,1,0
26,1,19,5,910,40,15,45,1,1,0
54,1,1,4,4600,19,13,10,2,1,0
59,1,16,1,310,27,0,40,2,1,0
82,1,16,1,9130,42,0,20,1,1,0
28,1,16,5,7330,39,7,45,1,1,0
49,2,21,1,3255,22,1,40,2,1,1
59,6,16,1,7150,26,0,40,1,2,0
72,1,10,3,3601,48,15,26,2,8,0
69,1,16,1,5740,210,1,40,2,6,0
21,1,19,5,5522,41,2,40,1,1,0
64,1,15,3,4020,28,0,30,2,2,0
19,5,16,5,8030,24,17,40,1,2,0
26,1,21,1,2320,48,0,40,1,1,0
21,1,16,5,4720,50,2,25,1,1,0
44,1,12,1,9620,37,0,40,1,1,0
59,1,20,1,102,53,0,50,1,1,1
20,1,19,5,4110,36,17,20,2,1,0
59,7,19,1,6230,36,1,48,1,1,1
27,1,16,5,4760,332,2,40,2,2,0
57,1,22,1,230,48,1,50,2,1,1
55,4,22,3,2310,42,15,40,2,1,1
49,4,21,1,5120,16,1,40,2,1,1
45,1,21,1,1360,42,0,40,2,1,1
38,1,16,5,7810,28,2,14,2,2,0
56,1,19,1,4020,303,1,30,2,1,0
65,4,23,2,2310,1,0,40,2,2,1
43,6,16,4,4251,31,13,20,1,1,0
67,1,19,1,102,42,1,40,1,1,1
57,1,15,1,9130,42,1,60,1,1,1
49,1,21,1,9645,42,0,25,1,2,0
22,1,19,5,4720,26,2,25,1,6,0
53,2,19,5,630,36,0,40,1,1,1
55,1,21,3,6230,6,13,65,1,1,0
59,2,23,1,2205,6,1,40,2,1,1
26,1,21,1,1050,72,0,40,1,1,0
37,1,21,5,4140,442,0,30,1,2,0
65,4,19,5,3601,17,0,8,2,2,0
19,1,19,5,4110,28,0,20,1,1,0
26,1,16,5,7750,1,2,40,2,1,0
38,1,22,1,2755,12,0,20,1,1,0
38,6,18,1,4600,6,0,35,2,1,0
48,1,22,1,440,36,0,50,1,1,1
57,1,18,1,2710,110,0,20,2,2,0
46,3,20,1,5000,44,0,45,1,1,0
19,1,19,5,5240,55,17,20,2,1,0
31,1,20,1,3515,1,1,55,2,1,1
27,3,23,5,2100,34,0,40,2,1,1
41,1,15,4,7220,12,13,48,1,1,0
56,4,22,1,2310,47,0,50,2,1,0
39,6,19,1,4600,26,1,40,2,1,0
65,1,19,3,4760,6,0,15,2,1,0
19,1,16,5,9645,48,2,6,2,1,0
34,1,19,1,120,18,0,40,2,1,0
54,1,20,1,1360,22,1,52,1,1,1
23,1,19,4,20,48,0,50,2,1,1
56,1,23,1,3090,239,0,58,1,1,1
22,1,19,5,6230,27,17,10,1,1,0
40,1,19,5,3605,17,2,45,1,8,0
66,1,20,1,4760,42,0,15,2,1,0
46,1,20,1,4700,24,1,40,2,1,1
23,1,16,5,4220,42,2,30,2,1,0
58,1,16,1,9130,19,0,45,1,1,0
60,3,21,4,3870,34,0,16,1,1,1
65,2,20,5,2014,6,0,45,2,1,0
45,1,14,5,6050,12,15,60,1,1,1
33,1,21,5,2810,27,13,40,1,1,1
51,1,22,1,750,207,0,40,2,6,1
32,1,16,5,4220,33,0,40,1,1,0
46,1,17,3,6515,24,17,32,1,1,0
48,1,16,2,5400,39,0,40,2,1,0
48,1,21,1,5000,24,0,16,2,1,0
47,6,21,1,750,17,1,30,2,1,1
43,1,12,1,4020,314,1,40,2,1,0
60,1,16,3,6230,39,0,48,1,1,0
50,1,21,3,3545,22,0,58,2,1,1
53,2,21,1,2310,35,1,50,2,1,0
48,1,16,3,4600,25,0,50,2,1,0
28,1,16,1,3602,303,1,24,2,1,0
63,3,21,1,2014,27,0,40,1,1,1
35,1,22,1,1021,36,0,60,1,1,1
63,1,16,1,3500,25,1,20,2,1,0
54,7,16,1,9130,22,1,70,1,1,1
40,2,21,1,3255,46,0,36,2,9,1
36,1,22,5,4760,469,12,60,1,1,1
25,1,20,1,8256,39,1,40,1,1,0
57,6,20,1,4500,301,0,50,1,2,1
39,1,18,1,2545,27,0,28,2,1,0
49,1,16,5,4110,26,13,35,2,1,0
75,1,10,2,4600,130,0,30,2,1,0
61,7,21,1,6200,36,1,50,1,1,1
37,1,18,5,8140,49,12,40,1,1,0
51,3,19,1,4030,39,1,6,2,1,0
60,1,16,2,8030,38,0,44,1,1,0
17,2,13,5,2350,22,2,2,1,2,0
62,1,16,2,9130,48,0,15,1,1,0
58,5,22,5,4850,42,0,40,2,1,1
64,1,14,1,9130,34,0,50,1,1,1
48,4,18,1,136,34,1,40,1,1,0
29,1,19,5,4820,48,2,40,1,1,0
66,1,16,1,9130,21,1,45,1,1,1
61,1,20,3,4220,167,0,5,2,1,0
50,1,22,1,52,44,0,40,1,1,1
27,1,16,1,5840,6,0,40,1,1,1
31,2,22,1,5740,12,1,40,2,1,0
26,3,20,1,2545,233,1,35,2,1,0
64,4,22,1,2205,39,0,56,1,1,1
25,1,17,1,6260,40,1,10,2,1,0
23,2,21,1,2060,24,1,40,2,1,0
55,1,16,5,9130,6,5,40,1,1,0
25,1,21,5,4710,42,0,40,1,2,1
38,1,18,3,4330,4,0,46,2,1,0
44,4,22,1,2320,45,1,40,1,1,1
27,1,21,1,440,210,1,40,2,6,1
31,1,16,1,4760,55,1,40,1,1,0
59,3,22,3,2300,36,0,40,2,1,1
47,1,16,1,7000,37,0,45,1,1,0
26,1,20,1,51,42,0,40,1,1,0
39,1,17,1,9130,1,0,40,1,2,0
56,6,16,1,6442,25,1,40,1,1,0
62,6,19,5,6200,36,0,40,1,1,0
29,4,22,1,2002,51,0,40,2,1,0
43,2,22,1,2006,22,0,40,2,1,1
42,4,16,1,3930,15,1,40,1,7,0
65,1,16,3,9130,19,0,40,1,1,0
43,1,19,1,5240,10,0,50,2,1,1
19,1,16,5,4760,48,2,5,2,2,0
45,1,20,1,7020,20,0,50,1,1,1
53,2,21,3,230,36,13,50,2,1,1
43,3,19,5,9130,42,0,40,1,1,1
22,1,19,5,4720,72,2,30,2,1,0
54,7,23,1,3010,27,0,22,1,1,1
69,1,16,4,4760,24,2,14,2,1,0
47,1,18,1,9645,48,0,25,2,1,1
60,1,19,1,5610,51,1,40,2,1,0
34,1,21,5,1050,6,2,40,2,1,0
39,1,21,1,20,34,0,45,1,1,1
46,1,16,3,4760,48,0,40,2,1,0
57,5,21,3,20,15,0,50,1,1,1
65,1,20,3,4850,19,0,62,1,1,1
41,1,19,3,4700,4,0,40,2,1,1
51,1,21,3,6260,17,16,40,1,1,0
40,1,21,5,8740,39,0,50,1,1,1
50,1,20,1,4220,51,1,15,2,1,0
54,2,18,1,540,15,2,40,1,6,1
21,1,19,5,5630,36,15,15,1,1,0
66,1,11,2,6410,303,0,40,2,1,0
31,1,18,5,9130,51,2,50,1,1,1
57,1,16,5,6410,303,12,40,1,8,1
42,1,16,1,8140,19,0,45,1,1,1
52,5,20,3,5240,41,0,40,2,2,1
23,1,21,5,2310,27,0,40,2,1,0
55,1,16,3,4220,18,0,45,1,1,1
39,4,20,1,6200,13,1,45,1,1,0
32,1,21,1,4840,26,0,40,1,1,1
41,3,17,5,4220,8,16,15,1,1,0
54,2,19,1,2014,203,0,40,1,6,0
47,7,16,1,440,26,1,50,1,1,1
51,2,21,1,110,42,0,35,2,1,0
48,1,21,1,1021,36,1,40,1,2,1
22,5,21,5,1970,26,0,40,2,9,0
47,3,17,1,3740,39,1,99,1,1,1
66,1,20,1,52,24,1,40,1,1,1
64,1,13,1,8555,18,0,50,1,1,0
47,1,1,3,4965,333,2,40,2,2,0
26,1,21,1,4810,48,0,40,2,8,0
51,1,21,1,4840,36,0,50,1,1,1
42,1,21,5,4700,41,0,45,1,1,0
51,1,16,1,910,6,0,40,2,1,0
49,1,20,1,5240,40,1,40,2,1,0
27,1,16,1,3602,29,1,24,2,1,0
54,1,16,4,9121,327,0,30,2,1,0
64,1,21,1,2710,36,1,40,2,1,1
22,1,19,5,5240,22,2,25,2,1,0
32,1,21,1,6200,301,0,40,1,6,1
21,1,19,5,4720,48,2,35,1,1,0
33,2,21,1,3255,42,1,40,2,1,0
17,1,14,5,4150,30,2,15,2,1,0
47,1,12,1,7700,27,1,40,1,1,0
50,2,24,3,2040,32,0,13,1,1,0
31,1,16,1,8990,39,0,40,1,1,0
43,1,21,1,1010,211,0,40,2,6,1
27,1,16,1,8100,19,1,40,1,1,0
51,1,1,1,4720,26,0,4,2,1,0
59,2,21,1,4220,13,1,8,1,1,0
58,1,20,3,5740,9,0,40,2,1,1
45,1,20,1,6950,40,0,90,1,1,0
22,1,19,5,4760,38,2,8,2,2,0
24,2,21,5,3255,31,15,36,2,1,0
64,1,21,3,5860,33,0,40,2,1,1
57,1,16,1,9130,5,0,80,1,1,1
51,2,24,1,2205,37,0,45,1,1,1
30,1,19,1,3750,26,0,40,1,1,1
20,2,19,5,4600,40,2,12,2,1,0
18,1,14,5,8990,25,2,15,1,2,0
39,1,22,1,9630,6,0,20,2,3,0
62,1,20,1,7350,55,0,44,1,1,1
61,1,19,5,4760,17,2,20,2,2,0
48,6,21,1,2600,48,0,8,2,1,0
48,7,20,1,10,34,0,40,1,1,1
30,7,19,3,6230,26,0,60,1,1,0
47,5,16,5,3602,15,0,22,2,7,0
27,4,21,1,2310,48,1,40,2,1,0
25,1,21,5,4720,36,2,25,2,2,0
64,1,20,1,4760,34,1,40,1,1,1
57,6,21,1,150,66,0,40,1,7,1
34,1,16,1,5400,35,1,30,2,1,0
25,1,21,5,6050,20,12,5,2,1,0
18,1,18,5,4720,53,17,28,2,9,0
58,6,16,3,205,46,0,50,1,1,0
19,1,16,5,4435,53,7,40,1,1,0
32,1,19,5,7700,18,0,40,2,1,0
41,3,22,1,230,34,0,55,1,1,1
47,1,16,3,8800,42,0,50,1,1,1
54,1,19,5,630,39,13,40,2,2,0
51,1,21,3,710,44,0,40,1,1,1
20,1,20,5,2435,29,2,20,2,1,0
54,1,16,3,1560,47,2,40,1,1,0
46,1,21,1,1010,26,0,40,1,1,1
55,1,20,1,1006,18,0,60,1,1,0
56,4,16,1,5730,36,1,40,2,1,0
48,1,18,1,3500,11,0,40,2,2,0
47,1,14,5,8300,39,0,40,2,2,0
64,4,23,3,2310,36,0,35,2,1,1
80,2,21,2,726,6,0,2,2,1,0
37,1,19,3,6200,12,13,50,1,1,1
27,1,18,1,8140,42,1,40,1,1,0
31,6,21,5,6230,362,0,50,1,1,0
24,1,19,5,5240,36,2,25,2,9,0
64,1,17,3,9130,34,0,22,2,1,0
29,4,19,5,6600,6,2,40,1,8,0
31,1,21,1,1021,18,0,40,1,1,1
45,1,19,1,2545,31,1,32,2,1,0
37,5,23,1,3090,29,1,80,1,1,1
34,1,21,1,4800,17,0,52,1,1,1
30,1,20,5,7410,72,0,40,1,1,0
26,5,19,5,2861,6,0,40,1,1,0
43,1,18,1,4720,47,0,40,2,1,0
55,1,21,1,5810,17,1,40,2,1,0
59,1,16,3,3602,6,13,40,2,1,0
64,6,17,1,6230,20,0,50,1,1,1
68,1,20,3,3645,36,0,15,2,1,0
17,1,14,5,2722,49,2,10,1,1,0
50,7,16,5,600,39,0,40,1,1,0
65,7,20,1,4920,55,0,40,1,1,1
24,1,16,5,4110,26,13,45,1,1,0
24,1,16,5,6230,312,2,40,1,1,0
54,1,20,4,2640,39,0,40,2,1,1
30,1,19,3,410,6,7,40,2,1,0
47,2,16,3,5400,29,13,40,2,1,0
43,1,20,1,350,12,0,40,2,2,0
52,1,17,1,4020,17,0,40,1,1,0
55,1,19,3,705,27,0,45,2,1,1
41,1,16,3,7200,48,6,45,1,2,0
52,1,21,4,8030,17,0,40,1,1,0
31,1,21,5,4920,25,0,40,1,2,0
24,1,21,5,2310,233,2,30,1,6,0
56,1,17,1,9130,26,0,55,1,1,1
34,1,21,1,2640,12,0,50,1,6,1
61,3,16,1,5420,42,1,16,2,1,0
34,1,21,5,51,20,0,40,1,1,1
68,6,16,1,8810,39,1,45,1,1,1
35,1,16,1,2545,48,0,8,2,8,0
26,1,18,5,7410,19,13,40,1,1,1
31,1,19,1,5240,55,1,30,2,1,0
20,1,18,5,4000,25,0,65,2,1,0
69,6,22,3,3245,17,0,36,2,1,0
28,1,13,1,6230,303,0,43,1,1,0
23,1,21,5,4435,17,0,40,2,1,0
17,1,14,5,4720,48,2,6,2,9,0
33,4,21,1,2310,13,1,45,2,1,0
63,2,21,1,3255,233,1,36,2,6,1
65,3,16,1,565,51,0,35,1,1,0
54,1,22,1,410,51,0,40,1,1,1
65,1,20,1,7210,39,0,43,1,1,0
62,3,16,1,8990,368,0,40,1,2,1
49,1,16,1,4251,25,1,44,1,1,0
31,1,19,1,440,6,0,48,2,1,1
77,3,16,3,4220,26,0,6,2,1,0
30,1,19,1,4810,19,1,48,2,1,0
48,6,17,3,9142,26,0,50,1,1,0
47,1,21,1,1410,19,0,40,1,1,1
28,1,20,5,7200,19,0,50,1,1,0
59,1,17,1,6305,48,0,52,1,1,0
29,1,19,1,7315,34,1,40,1,1,1
61,2,21,1,2865,17,1,37,2,1,0
27,1,19,5,4760,29,2,35,2,1,0
42,1,21,1,910,1,0,42,2,1,0
64,1,21,1,3255,209,0,40,2,6,1
56,1,21,1,10,25,0,55,1,1,1
44,1,15,1,136,312,0,40,1,8,0
24,1,19,5,4760,110,2,8,1,1,0
38,1,18,5,9130,41,13,40,1,1,0
38,1,15,1,6442,128,1,40,1,1,1
33,6,21,5,2634,42,0,15,2,1,0
51,6,22,1,4920,6,1,40,1,9,0
64,1,19,1,800,19,1,45,2,1,1
40,3,22,1,2320,29,0,40,2,1,0
24,3,16,5,4435,4,2,15,1,9,0
17,1,14,5,4720,37,2,15,2,1,0
51,3,18,1,5740,39,1,40,2,1,0
25,1,16,1,6230,47,1,40,1,1,0
23,1,13,5,8365,17,0,40,1,1,0
51,1,16,1,120,17,0,50,2,1,1
63,1,19,1,9130,16,1,45,1,1,0
57,2,21,1,3150,26,1,40,1,1,1
63,6,23,5,2170,51,5,99,2,1,0
38,1,19,3,5160,22,0,40,2,1,0
72,1,22,1,10,501,1,60,1,1,1
32,6,16,5,4920,27,0,40,1,1,0
72,7,24,1,2100,26,16,50,1,1,1
65,7,16,1,8320,42,0,4,2,1,0
63,1,16,1,4710,55,0,42,2,1,1
24,1,21,5,5240,27,12,40,2,1,0
69,1,22,1,2310,20,1,6,2,8,0
28,5,21,5,3321,6,0,80,1,1,1
43,2,21,1,3255,2,1,40,2,1,1
65,8,17,1,4810,48,1,20,2,1,0
39,1,17,1,4110,53,1,35,2,1,0
66,1,21,1,1021,17,1,40,2,1,0
20,1,20,5,4020,72,2,20,1,2,0
40,1,19,1,9130,27,16,40,2,1,0
71,6,22,1,410,48,0,50,1,1,1
76,7,21,1,5120,49,0,32,2,1,1
50,2,20,1,2014,10,1,40,2,1,0
24,1,16,5,5240,6,2,39,2,1,0
58,3,16,1,6260,20,1,40,1,1,0
31,1,19,1,3930,6,9,32,1,1,0
47,1,16,1,5740,17,0,40,2,1,0
57,1,16,1,9130,17,1,50,1,1,0
24,1,12,1,7020,17,0,40,1,9,0
52,1,21,1,4840,19,0,45,1,1,1
33,3,22,1,1970,13,0,40,1,1,0
26,4,21,5,1745,22,2,40,2,1,0
46,6,21,1,440,18,0,20,2,1,1
28,1,19,2,4220,34,0,40,1,2,0
23,1,16,1,5400,21,0,40,2,1,0
19,1,16,5,2360,48,17,20,1,1,0
21,1,20,5,4140,6,2,32,2,1,0
54,1,21,1,5740,29,0,30,2,1,0
26,1,22,5,3110,25,12,40,2,1,0
54,2,21,1,800,29,0,45,2,1,1
51,1,21,1,110,39,1,50,1,6,1
51,1,17,3,140,48,0,40,1,1,1
30,2,21,1,3255,6,0,36,2,1,1
34,1,16,5,7750,1,0,42,2,2,1
56,1,16,1,6305,42,1,40,1,1,1
63,2,22,3,2011,17,0,5,1,2,1
31,1,16,1,4020,5,9,35,2,1,0
51,5,19,1,5260,18,1,40,2,1,1
45,1,19,1,5810,6,1,15,2,1,0
57,1,16,4,4400,6,2,40,2,9,0
17,1,14,5,4720,4,3,15,1,9,0
17,1,13,5,4720,18,2,10,2,1,0
52,6,9,1,6260,303,1,20,1,8,0
37,1,21,1,300,210,1,40,2,6,1
56,1,16,1,8225,17,1,40,1,1,0
25,1,21,5,4600,303,15,40,2,1,0
28,1,21,5,1650,6,2,40,1,1,0
32,1,21,5,800,6,13,40,1,1,0
37,1,22,5,5000,55,0,45,1,1,1
48,1,20,1,630,8,0,50,2,1,1
79,6,24,3,3550,48,0,8,2,1,1
19,1,19,5,4110,28,2,24,2,1,0
37,3,18,1,7210,48,1,40,1,1,0
24,1,16,5,6200,45,0,40,2,1,0
53,1,16,1,1050,2,0,20,1,1,0
57,1,22,1,1320,8,1,40,1,1,1
39,1,21,1,9365,364,1,40,2,1,0
33,1,17,5,6220,42,0,40,1,1,0
60,1,19,1,3500,109,1,40,2,1,0
35,1,20,5,9600,26,0,52,1,1,1
59,2,21,1,136,36,1,50,2,1,1
23,1,17,5,4040,45,12,40,1,1,0
74,1,14,2,4435,33,0,32,2,1,0
21,1,19,5,4435,26,7,40,1,1,0
28,1,19,1,6200,28,1,45,1,1,0
24,1,8,5,600,36,0,45,1,1,1
40,1,19,1,5110,11,0,40,2,1,0
44,6,19,1,2360,39,1,5,2,1,0
28,1,16,1,8990,303,0,40,1,1,0
55,4,17,1,2360,20,1,40,1,1,1
31,1,20,5,2300,110,2,40,2,2,0
20,1,16,5,4251,26,2,20,1,1,0
65,8,16,1,8990,35,0,55,1,1,0
30,6,18,1,8990,25,0,65,1,1,1
25,6,16,5,9640,303,15,50,1,1,0
54,1,16,1,205,34,0,43,2,1,0
60,3,21,5,2310,48,2,40,2,1,1
72,7,22,1,1825,18,0,30,2,1,0
35,2,21,1,420,27,1,45,1,1,1
43,1,16,1,8800,463,0,48,1,2,1
22,1,15,5,310,13,0,50,2,9,0
45,6,18,5,6410,24,0,40,1,1,0
34,1,16,5,2170,9,2,60,2,1,0
57,1,16,3,7200,10,0,40,1,1,1
64,7,18,1,10,36,0,60,2,1,0
77,2,24,5,2205,39,0,24,1,1,0
50,1,16,3,4800,39,0,40,2,1,1
60,1,19,2,4710,29,0,40,1,2,0
17,7,13,5,6050,19,2,5,1,1,0
66,1,16,1,5330,36,1,30,2,1,1
41,2,21,1,136,36,0,50,2,1,1
54,1,16,1,7750,31,1,40,1,1,1
57,1,16,1,440,6,1,40,2,1,0
59,1,21,1,1105,39,0,32,2,1,0
59,4,21,3,4622,34,13,40,2,1,1
55,1,14,1,4230,333,5,40,2,2,0
20,1,19,5,6040,6,2,30,2,9,0
54,1,16,3,8610,19,0,40,1,1,1
41,6,21,1,6260,36,2,12,1,1,0
66,1,19,1,6355,40,0,40,1,1,1
60,1,16,1,6200,37,1,60,1,1,1
50,3,21,2,2310,6,0,35,2,2,0
51,1,21,3,4400,233,0,40,2,6,1
55,4,22,1,2320,18,1,36,2,1,1
46,7,20,1,4020,42,1,70,1,1,0
22,1,19,5,9645,48,5,40,1,9,0
20,1,16,5,4720,120,17,40,2,1,0
39,4,24,1,2002,26,0,40,1,1,1
54,1,21,1,800,233,0,20,2,6,0
63,1,19,5,440,26,0,45,2,1,0
44,2,18,1,2040,45,1,6,2,1,0
40,7,23,1,3090,26,1,40,1,6,1
39,1,16,5,9121,333,2,40,1,2,0
52,1,19,1,4720,10,1,25,2,1,0
50,1,21,1,10,36,0,60,1,1,1
33,1,22,1,705,6,0,40,2,6,1
54,6,21,5,9130,36,0,15,1,1,0
58,1,16,1,6305,27,1,40,1,1,1
61,1,24,5,230,72,0,40,2,2,0
50,1,22,4,800,13,0,40,2,2,1
28,3,21,5,2310,6,2,40,1,8,0
44,1,20,2,3602,30,0,40,2,2,1
59,1,22,1,10,17,1,60,2,1,1
26,1,19,5,3645,27,2,36,2,1,0
27,1,1,5,4700,36,2,48,2,1,0
34,1,17,5,7750,6,0,40,1,1,0
72,6,23,1,3090,39,1,40,1,1,1
53,1,19,1,2145,29,1,40,2,1,0
48,1,19,1,310,19,1,50,1,1,0
58,1,20,3,2006,17,0,40,1,1,0
39,5,22,1,9800,36,1,45,1,1,1
43,1,16,1,9620,19,9,40,1,1,0
57,1,19,1,9121,17,1,30,1,1,0
33,1,19,1,705,26,0,40,1,2,0
63,1,18,3,4720,29,0,20,2,1,0
64,1,19,3,5740,6,13,40,2,1,1
73,1,24,2,230,32,0,20,2,1,1
61,1,18,1,440,48,1,40,2,8,0
19,1,18,5,9610,6,2,26,1,1,0
47,7,16,1,4510,110,0,44,2,1,0
69,1,18,1,4150,26,1,1,2,1,0
60,1,22,1,1021,53,0,40,1,1,1
62,1,18,1,8140,25,0,50,1,1,0
39,1,22,5,440,15,0,40,1,9,1
48,1,20,1,3545,40,1,36,1,2,0
17,1,13,5,4230,55,2,15,2,1,0
63,1,19,1,7750,29,1,40,1,1,0
56,1,19,1,110,4,1,45,2,1,1
41,2,22,1,2310,231,1,40,2,6,0
27,1,21,5,1530,48,12,40,1,1,1
23,1,21,5,1350,17,0,40,2,1,0
62,7,20,3,2634,27,13,40,2,1,1
36,1,20,1,3424,13,1,45,2,1,0
43,3,22,1,2400,42,1,40,2,1,1
18,1,16,5,6260,55,2,40,1,1,0
62,1,16,1,440,13,0,40,1,1,1
60,2,22,1,3255,18,0,36,1,1,1
48,1,20,1,9005,37,1,40,1,1,1
41,7,21,1,6230,12,1,40,1,1,1
25,4,16,5,4220,37,16,35,1,2,0
19,1,19,5,4700,48,2,15,1,9,0
45,1,21,5,1305,17,0,55,2,1,1
57,1,16,1,4251,18,0,14,1,1,0
50,1,16,5,310,6,11,40,1,1,0
27,1,21,5,4930,25,0,40,2,1,0
54,1,16,1,8800,329,15,40,2,8,0
23,6,19,3,3930,303,2,72,1,1,0
49,1,13,1,2545,17,0,35,2,1,0
31,1,20,5,5522,15,13,40,2,9,0
61,1,13,1,4720,13,1,35,2,1,0
23,2,22,5,5940,39,0,20,2,2,1
44,1,20,1,9620,233,0,60,1,6,0
47,1,18,1,3500,53,0,16,2,2,0
49,1,20,1,5600,13,0,40,1,1,1
61,1,19,1,5240,55,1,39,1,1,0
32,1,22,1,630,12,0,24,2,1,0
61,1,18,3,5740,36,0,40,2,1,0
60,3,19,2,3700,22,0,40,1,3,0
25,1,19,5,750,55,2,40,1,6,0
59,1,18,5,9620,6,0,20,2,1,0
55,3,22,1,2310,28,0,40,1,1,1
17,1,14,5,4120,26,2,7,1,1,0
63,1,21,3,5860,17,0,35,2,1,0
31,1,21,5,5720,34,2,40,2,2,0
30,1,19,4,5330,12,0,40,2,1,0
44,3,20,1,6730,126,1,26,1,1,0
44,2,21,1,2310,18,1,12,2,1,0
22,1,21,5,1320,34,12,40,1,1,1
35,1,21,5,710,233,0,40,2,6,1
59,7,16,1,6200,25,1,40,1,1,0
32,2,23,3,1700,25,12,40,2,1,1
21,1,19,5,7750,13,12,62,1,1,0
51,1,19,3,440,13,0,40,1,1,1
27,1,19,5,4010,48,13,40,1,1,0
30,2,20,5,5860,36,2,40,2,6,0
31,1,19,5,5610,110,2,43,1,1,0
33,1,22,1,2004,51,0,22,2,2,0
46,6,11,1,4220,303,1,15,2,1,0
31,2,20,4,5860,303,2,40,2,8,0
19,1,19,5,4020,6,17,15,1,1,0
47,5,21,1,3820,247,1,50,2,6,1
17,3,13,5,5320,26,2,12,2,1,0
28,8,17,1,8710,6,1,15,1,1,0
72,1,22,3,440,72,2,40,2,1,1
49,1,19,1,102,54,0,40,2,1,0
50,3,21,3,820,6,13,40,2,1,0
52,1,21,1,710,37,0,40,2,1,1
46,6,18,1,2634,37,0,30,2,1,0
35,1,16,5,9645,18,0,32,1,1,0
51,1,16,1,7700,21,1,60,2,1,1
25,2,21,5,2310,35,0,50,1,1,1
62,1,19,1,7330,19,0,54,1,1,1
40,6,21,1,1021,36,0,40,2,9,0
58,5,16,1,5550,27,0,65,1,1,1
63,1,16,1,4710,42,0,40,1,1,0
30,7,21,5,440,301,15,40,2,1,1
34,1,16,5,6410,303,13,40,1,8,0
45,1,16,5,8990,39,0,40,2,1,0
22,1,19,5,4720,6,2,30,2,8,0
68,1,16,3,9130,18,0,45,1,1,1
42,1,16,1,120,24,0,40,2,9,0
52,6,21,5,9142,29,0,20,1,1,0
31,1,20,1,3620,27,0,45,2,1,0
79,1,24,1,2205,53,0,9,1,1,1
73,1,18,1,1910,5,1,40,1,1,0
33,2,22,1,3258,48,0,30,2,1,0
49,1,12,1,9645,303,0,40,1,8,0
35,1,19,4,4700,48,0,39,2,2,0
62,1,16,1,6700,51,1,40,1,1,0
25,2,16,4,4140,29,13,40,1,1,0
37,4,22,1,5710,9,1,40,1,1,1
29,1,21,1,3255,13,0,40,2,1,1
20,1,19,5,6050,303,2,40,1,8,0
57,1,21,5,3255,18,0,36,2,1,0
49,1,21,1,10,17,1,40,1,1,1
50,1,21,1,7315,17,0,40,1,1,1
29,3,16,1,4055,6,0,15,2,1,0
58,4,19,5,440,1,0,40,1,2,0
63,1,23,1,3050,55,0,40,2,1,1
29,1,15,1,4020,312,0,50,1,1,0
62,1,19,1,5860,21,0,40,2,1,0
48,7,21,1,3258,55,0,40,2,1,1
31,1,20,1,2600,51,1,40,1,1,1
50,1,1,5,7220,312,0,40,1,1,1
32,1,21,5,4965,6,2,50,2,9,1
56,1,16,3,2600,23,0,40,1,1,0
20,2,16,5,5320,9,2,5,2,1,0
40,1,22,1,2205,38,0,40,2,2,1
43,1,21,1,120,19,0,55,1,1,1
26,1,22,1,3550,18,1,40,1,2,0
22,1,21,5,1610,27,5,40,2,1,0
22,1,15,5,4230,33,12,30,2,1,0
32,1,22,1,1065,47,1,45,2,1,1
54,4,20,1,850,6,0,40,2,1,0
44,1,1,1,205,303,0,50,1,8,0
52,5,23,5,2100,48,13,50,1,1,1
31,7,21,5,8750,42,3,45,2,1,0
64,1,17,1,5120,37,0,25,1,1,1
45,1,22,1,110,210,0,40,1,6,1
41,1,8,1,6330,303,1,48,1,1,0
58,1,17,3,3601,42,0,26,2,1,0
64,5,21,1,6660,25,0,45,1,1,1
44,1,18,1,150,17,0,55,1,1,1
38,1,21,1,5740,205,1,20,2,6,1
33,1,16,5,4760,20,0,40,1,9,0
69,1,18,1,4760,31,1,25,1,1,0
55,1,13,1,8300,42,1,37,2,1,0
63,1,16,5,4220,72,0,24,1,1,0
72,1,16,1,5240,13,6,30,1,1,0
43,7,21,1,5740,1,0,10,2,1,0
64,1,21,1,5740,17,1,25,2,1,0
51,4,21,1,800,36,0,37,1,1,1
18,1,16,5,6305,13,7,40,1,1,0
62,1,13,1,8740,55,1,40,2,1,0
74,6,20,1,850,42,0,45,2,1,1
44,1,19,5,4760,22,13,30,1,1,0
54,2,9,5,4220,303,0,40,1,8,0
42,1,18,1,20,17,0,50,1,1,1
59,1,15,1,8740,303,1,40,2,1,0
20,1,19,5,2300,40,17,16,2,1,0
34,1,12,1,6050,303,17,60,1,1,0
59,1,20,1,5240,9,0,40,1,1,1
26,1,17,5,8040,53,2,50,1,1,0
51,4,22,3,2320,49,2,50,2,1,1
45,1,22,1,1530,138,0,45,1,2,1
20,1,19,5,4720,10,2,15,2,1,0
49,1,16,1,9130,48,1,65,1,2,1
30,1,16,5,9600,45,13,40,1,1,0
21,1,18,5,5100,6,0,40,2,1,0
22,2,21,5,2205,17,12,30,2,1,0
69,1,16,5,4840,6,0,50,2,1,1
44,5,21,1,3870,13,1,50,1,2,1
29,2,19,5,3603,25,0,40,2,2,1
41,1,21,1,160,27,1,40,2,1,1
36,1,16,5,9620,313,0,30,1,1,0
35,1,21,5,5300,22,13,40,2,1,0
28,5,20,5,335,4,0,40,1,1,0
64,3,16,3,8140,5,0,40,1,1,1
56,1,21,3,3050,48,2,40,2,1,1
19,1,16,5,9310,28,2,99,1,1,0
63,1,12,1,7700,48,0,50,1,1,1
40,1,16,1,160,6,0,45,1,1,0
63,1,19,1,4710,31,0,40,1,1,1
24,2,21,5,800,22,0,40,2,1,0
59,1,16,1,5160,24,1,37,2,1,0
63,1,22,1,9130,440,0,65,1,2,1
50,1,22,1,2555,18,0,40,2,1,0
89,2,22,1,2040,34,0,37,2,8,0
64,6,18,1,9130,48,0,50,1,1,0
29,6,19,5,2752,12,2,15,1,1,0
33,3,20,1,800,6,1,40,2,6,1
43,1,21,5,102,223,0,40,1,6,1
62,3,20,3,120,27,0,40,2,1,0
79,2,22,1,2040,24,0,12,1,1,0
49,1,15,3,9130,36,0,60,1,1,0
50,1,19,1,410,47,1,40,2,1,1
37,1,18,1,4020,6,0,44,2,1,0
52,3,21,1,5000,36,0,40,1,1,0
68,1,16,1,4760,40,0,45,1,1,1
21,1,19,5,4760,13,0,40,2,2,0
21,1,18,5,9645,36,0,40,1,1,0
46,1,11,1,4020,303,0,30,1,8,0
31,2,21,5,350,33,0,40,2,1,1
53,6,21,1,4251,36,0,35,2,1,0
48,2,21,1,2320,303,1,40,2,1,0
61,1,21,3,4710,42,0,50,2,1,1
63,1,21,3,2310,34,2,35,2,1,0
45,1,16,1,7220,327,9,40,1,1,0
39,1,9,1,6410,313,0,40,2,1,0
33,2,16,5,5740,40,0,30,2,1,0
45,1,21,1,8350,217,1,40,2,6,0
21,3,16,5,4220,35,13,40,1,1,0
40,1,21,1,7700,36,1,50,1,1,1
21,7,16,5,6230,45,13,45,1,1,0
33,1,21,5,9005,20,5,40,1,1,0
48,7,19,1,725,36,0,30,2,1,1
54,1,15,1,8650,247,0,40,1,6,0
39,1,16,3,7750,6,0,40,1,1,1
62,1,16,1,3930,327,0,40,1,1,0
52,1,20,1,3210,24,1,40,2,2,0
30,3,21,3,2145,34,2,40,2,1,0
69,1,21,1,20,18,0,40,1,1,1
35,1,12,1,9620,48,0,40,1,1,0
67,7,23,3,2100,5,0,30,1,1,1
44,5,22,1,440,11,0,40,2,2,1
39,1,15,1,6230,316,1,20,1,8,0
49,1,16,1,1555,26,0,40,1,1,1
58,1,18,1,6200,18,0,40,1,1,0
18,4,19,5,2002,13,17,12,2,1,0
18,1,14,5,4020,312,5,24,1,1,0
42,3,16,3,3602,40,0,25,2,1,0
65,1,20,1,6660,36,1,40,1,1,1
28,1,16,5,4040,6,0,14,2,1,0
28,7,18,3,3630,6,2,18,2,1,0
70,1,23,1,2360,218,1,4,2,1,0
63,1,16,2,5740,36,0,15,2,1,0
57,1,6,4,4600,303,6,40,2,1,0
54,1,17,4,4720,39,0,55,1,1,0
23,5,21,5,9030,6,12,55,1,6,0
25,1,21,5,2002,217,0,40,2,6,0
55,7,21,1,10,224,1,80,1,1,1
64,6,21,5,2850,6,0,4,1,1,0
30,1,22,1,2004,39,1,12,2,1,0
27,1,16,1,4710,18,1,55,1,1,1
41,1,19,1,4700,19,1,60,1,1,1
51,1,22,3,3258,48,0,60,2,1,1
21,1,19,5,4760,42,17,30,1,1,0
34,1,20,5,4700,15,13,40,2,9,0
59,1,24,2,1760,163,0,40,2,1,1
44,1,20,1,8990,72,0,40,1,2,0
18,1,20,5,4435,6,17,24,1,1,0
61,7,23,1,2100,11,0,50,1,1,1
26,1,21,5,4760,36,2,35,1,1,0
23,1,19,5,5400,21,12,40,2,1,0
65,1,16,1,7340,9,0,45,1,1,1
65,1,16,1,4700,28,1,40,2,1,0
50,3,16,5,3802,37,0,42,2,2,0
29,1,16,1,6200,314,1,40,1,8,0
22,6,19,1,2910,6,1,20,2,1,0
27,5,18,5,9825,32,0,40,1,1,1
33,1,22,1,440,6,1,20,2,6,0
74,1,12,1,3603,48,0,45,2,1,0
57,1,16,1,5110,24,1,35,2,1,1
52,1,22,1,2634,27,1,40,2,1,0
52,1,13,1,5100,48,0,40,2,1,0
45,1,20,1,3640,26,1,40,2,1,1
57,1,16,1,5240,29,1,40,1,1,1
60,1,18,4,6355,39,0,40,1,1,1
35,1,21,1,9620,12,0,65,1,1,1
20,1,19,5,4030,17,17,20,2,2,0
51,1,22,1,1031,26,0,45,1,1,1
23,1,20,5,3255,55,0,40,2,8,1
63,1,21,1,440,18,1,50,2,1,1
27,1,20,5,4020,36,0,40,1,1,0
54,4,17,1,4220,28,1,20,2,1,0
54,1,21,1,9350,161,1,6,1,1,0
58,1,16,3,6115,53,0,55,1,3,1
50,1,21,1,4920,51,1,40,2,1,0
59,1,14,1,4760,18,1,40,2,1,0
26,1,20,5,5240,6,7,40,2,8,0
68,1,18,2,20,37,0,40,1,2,1
69,4,16,3,4220,242,6,40,2,6,1
46,2,22,5,2300,6,2,40,2,6,0
61,5,22,1,5550,6,0,50,1,1,1
25,3,20,5,2014,34,2,47,2,1,0
24,1,17,5,4760,12,7,38,1,1,0
51,1,21,1,20,39,0,60,1,8,1
67,1,21,1,1360,53,0,25,1,1,1
47,2,23,5,2060,233,17,40,1,6,0
34,7,18,1,4700,158,0,30,1,1,0
61,1,21,1,440,39,1,40,1,2,0
37,2,22,1,2710,34,1,45,2,1,1
22,1,19,5,1010,24,17,40,2,1,0
46,1,19,1,8610,36,0,25,1,1,1
25,1,16,1,2300,20,0,43,2,1,0
19,1,19,5,4720,36,0,38,1,1,0
35,1,21,3,810,29,0,50,1,1,1
35,1,19,1,140,4,0,45,1,1,1
34,1,20,5,4710,49,2,40,2,1,0
45,1,16,5,5240,10,0,40,2,1,0
52,1,12,1,4110,4,1,40,2,8,0
20,1,19,5,1010,6,15,8,2,6,0
52,1,22,1,10,28,0,48,1,1,1
65,1,16,2,4040,53,0,32,2,1,0
71,6,15,1,7120,110,1,4,1,1,0
44,3,21,1,2205,8,1,40,1,1,1
28,1,21,5,4710,48,0,55,1,1,1
58,2,21,1,110,17,0,40,1,1,1
55,4,18,3,5000,12,0,2,2,2,0
65,1,19,1,9141,416,0,60,1,2,0
33,1,19,1,8030,1,0,40,1,1,1
18,3,16,5,4622,17,2,21,1,1,0
59,1,16,1,8800,21,0,42,2,1,1
21,1,16,5,4030,72,0,22,1,1,0
45,7,16,1,4020,327,1,40,2,1,0
63,3,22,1,2320,27,1,8,2,1,0
58,4,19,1,5740,21,0,40,2,2,0
33,1,16,5,440,8,0,40,1,3,0
55,1,21,1,1108,50,1,25,1,1,0
38,1,19,1,5400,6,0,24,2,1,0
42,1,21,1,4760,42,0,70,2,1,1
45,3,18,1,3870,13,0,60,1,1,1
59,1,16,1,4760,26,1,44,1,1,0
71,7,22,2,440,36,0,15,2,1,1
61,6,16,1,6200,210,1,45,1,6,1
43,1,21,1,51,48,1,50,2,1,0
56,2,22,1,230,39,0,55,1,1,1
34,1,19,1,750,22,0,40,1,1,1
72,1,1,1,4251,303,1,40,1,8,1
57,6,21,1,630,8,1,20,2,1,0
17,1,14,5,3960,20,2,25,2,9,0
64,2,23,1,2205,36,1,40,2,1,0
41,1,20,1,1555,15,0,42,1,9,1
50,1,17,1,4600,48,0,45,2,1,0
64,6,21,3,9142,6,0,30,2,1,0
59,2,19,1,750,6,1,50,2,1,0
48,1,18,1,1360,22,0,40,1,1,1
54,1,22,1,52,316,1,60,2,1,1
42,1,18,1,9130,12,1,55,1,2,0
47,1,16,1,7905,55,1,40,1,1,1
38,7,21,1,2640,12,1,50,1,1,1
56,1,20,3,9130,27,2,36,1,1,0
37,2,23,1,3090,210,0,40,1,6,1
19,1,18,1,5240,6,1,40,2,1,0
33,1,18,1,3640,51,0,24,2,1,0
32,1,16,5,9130,36,7,40,1,2,1
38,1,16,5,9600,303,2,40,1,1,0
63,1,21,1,9050,19,1,45,2,1,1
36,1,1,5,4030,72,0,40,2,8,0
17,1,14,5,9350,247,3,10,1,6,0
50,7,21,1,710,29,1,40,2,1,0
57,1,19,1,6200,17,0,45,1,1,1
38,1,21,1,1031,17,1,50,2,6,1
31,1,21,1,4622,21,1,40,2,1,0
19,3,19,5,2350,231,2,4,2,6,0
58,3,15,1,440,48,1,40,1,1,1
28,1,18,5,4760,12,13,35,1,8,0
53,1,20,1,6442,21,1,50,1,1,1
71,1,21,1,860,26,0,30,1,1,1
43,5,16,1,7420,47,1,40,1,1,1
43,1,16,1,5120,22,0,40,2,1,1
55,6,17,1,4252,42,0,50,1,1,1
28,1,16,5,4010,5,0,38,2,2,0
48,1,18,1,4435,53,2,20,1,9,0
60,1,13,1,5240,364,1,30,2,9,0
58,1,18,3,120,22,0,60,2,1,0
62,2,21,1,3255,42,0,45,2,1,1
22,1,19,5,5400,4,0,39,2,1,0
54,2,19,1,3255,22,1,20,2,1,0
22,1,16,5,4700,2,2,40,2,4,0
39,3,22,1,2310,233,0,40,2,6,1
59,1,19,1,2310,54,1,20,2,1,0
23,1,18,1,4110,12,2,37,2,1,0
41,1,16,5,7200,6,5,40,1,1,0
19,1,19,5,4110,27,17,6,2,1,0
22,1,16,5,4760,314,17,30,1,1,0
41,1,16,5,6442,40,2,40,1,8,0
59,4,16,1,2545,17,0,35,2,1,0
78,1,12,1,8740,26,0,30,1,1,0
34,1,22,1,5165,210,0,40,1,6,1
41,1,21,1,1530,8,1,40,2,1,1
46,1,19,5,4700,12,15,36,2,1,0
43,1,15,5,9130,303,13,40,1,1,0
53,1,16,1,8255,206,1,40,2,6,0
33,1,16,5,4220,329,2,40,2,1,0
74,1,19,5,5120,17,0,20,2,1,1
45,1,20,3,5600,36,0,40,2,1,1
24,1,15,1,4220,329,2,35,1,1,0
59,1,21,3,3150,6,0,40,2,1,1
36,1,18,1,120,31,0,40,2,2,0
30,1,21,1,5740,26,1,32,2,1,0
61,6,1,1,6330,39,1,20,1,1,0
60,4,22,1,2310,6,0,40,2,1,0
48,1,21,1,5110,27,0,30,2,1,0
66,1,17,3,4120,17,0,18,2,1,0
27,1,20,1,2300,164,1,40,2,1,0
63,3,16,4,5860,36,0,35,2,1,0
26,4,21,5,2545,39,13,6,1,1,0
61,1,21,1,5000,42,0,40,1,1,0
71,7,23,1,3040,6,1,16,1,1,0
47,4,19,1,5740,27,1,40,2,1,0
32,1,20,5,800,5,15,40,2,2,0
63,3,22,3,2320,27,0,20,2,1,0
35,1,16,1,6520,129,0,53,1,1,0
32,1,16,5,5940,45,2,42,1,2,0
22,1,16,5,5240,6,2,40,2,1,0
52,2,21,1,2310,13,1,30,2,1,0
29,1,18,1,7220,36,1,50,1,1,0
40,1,19,1,3602,21,1,16,2,1,0
58,1,20,3,3255,34,0,32,2,1,1
39,2,18,1,5740,42,1,40,2,1,0
61,2,21,5,4530,39,0,40,2,2,0
38,1,21,1,52,215,0,50,1,6,1
60,2,21,2,230,48,0,20,2,2,0
19,1,18,5,4110,27,17,7,1,1,0
50,2,22,1,3258,207,0,40,1,6,1
75,6,18,1,4850,106,0,10,1,1,0
68,3,21,3,440,301,0,55,2,1,1
58,2,22,3,2002,36,0,38,2,1,1
50,1,16,1,102,37,1,40,1,1,1
53,3,22,1,2350,12,1,40,2,1,1
22,2,16,5,2050,4,0,40,2,1,0
44,2,20,1,3515,17,0,40,2,1,0
54,1,16,3,7200,8,0,50,1,1,0
50,1,18,1,5120,24,0,48,2,1,1
36,1,20,5,5740,36,0,40,2,1,0
35,1,17,4,5810,40,0,24,2,1,0
62,1,20,2,3602,48,0,18,2,2,0
62,6,21,1,5120,364,0,40,1,1,0
57,3,20,3,3870,42,0,20,2,1,1
63,1,16,3,4220,8,0,40,1,1,0
21,1,19,5,4230,8,0,25,2,1,0
78,1,19,1,160,47,0,60,1,1,1
46,1,19,5,4950,36,2,6,1,1,0
61,6,16,5,850,55,0,30,1,1,1
57,1,21,5,8740,8,0,40,1,1,1
44,2,21,1,1108,39,0,4,1,1,0
33,1,20,1,2300,55,0,40,2,1,0
38,1,20,1,4522,207,1,30,2,6,0
47,1,18,1,4700,29,1,40,2,1,0
37,1,16,3,4030,39,0,30,2,1,0
49,4,24,1,230,40,1,45,2,1,1
24,1,20,5,7140,42,0,40,1,1,0
23,1,18,5,4720,1,0,35,1,1,0
48,5,16,5,3870,25,0,41,1,9,0
44,1,14,1,8740,303,0,40,1,1,0
46,3,18,3,3870,15,0,40,1,7,1
64,2,22,1,230,17,0,50,2,1,1
52,3,22,1,2320,22,1,65,2,1,1
53,1,18,5,440,22,0,40,2,2,0
56,6,16,3,440,36,0,30,1,1,0
31,5,20,3,9130,36,0,40,1,1,1
26,1,19,5,440,6,12,40,2,1,0
37,1,16,3,4700,6,5,50,2,1,0
30,2,22,1,1240,34,0,40,2,1,0
39,1,23,1,2100,33,1,60,1,1,1
41,1,16,1,1108,37,0,44,1,1,1
32,1,20,1,1360,48,0,40,1,2,1
62,4,20,1,3255,54,1,40,2,1,1
60,1,17,1,5860,303,0,55,1,1,0
60,1,18,3,4810,4,0,40,2,1,1
49,1,23,1,2100,42,1,40,2,1,1
39,1,17,1,7315,36,2,40,1,1,0
26,1,18,5,9640,27,2,40,2,1,0
40,1,19,1,705,27,1,40,1,1,1
19,1,18,5,4110,56,0,29,2,1,0
17,1,14,5,4110,18,15,15,1,1,0
63,1,21,3,3300,48,0,37,2,1,1
38,4,1,1,2205,54,0,20,2,1,0
23,3,19,5,2555,6,0,37,2,1,0
27,1,16,5,3946,26,0,4,2,1,0
49,1,21,1,5600,47,0,42,1,1,1
46,1,16,1,6250,29,0,45,1,1,1
48,1,19,1,7340,1,0,40,1,1,1
40,1,22,1,2310,9,0,35,2,1,0
39,6,20,5,4710,39,0,30,1,1,0
27,3,19,1,4420,56,0,20,2,1,0
47,3,19,1,9310,6,1,30,1,1,1
23,1,16,5,9130,39,13,35,1,1,0
61,1,20,1,2360,55,1,70,1,1,1
59,1,17,2,8740,18,0,40,2,1,0
27,3,16,1,8620,54,1,40,1,1,0
18,1,16,5,7750,48,2,40,2,8,0
44,2,24,1,2205,215,1,40,2,6,1
50,7,20,3,4251,13,0,50,1,1,1
18,1,16,5,6230,51,2,30,1,1,0
19,1,19,5,4030,6,17,12,2,1,0
44,1,16,5,9130,327,0,40,1,1,0
47,4,24,1,2205,17,1,40,2,1,1
34,1,21,1,9122,39,0,40,2,2,1
63,1,16,1,4850,39,0,40,1,1,1
26,2,22,5,3300,45,0,40,2,1,1
65,1,16,5,4140,39,0,40,2,1,0
23,1,19,5,2770,17,0,55,1,1,1
29,1,16,5,9130,2,12,20,1,1,0
28,1,15,1,6230,327,1,40,1,8,0
19,2,16,5,4622,36,2,10,2,1,0
61,2,16,1,9122,36,0,20,1,1,0
51,1,19,1,8600,8,1,40,1,1,1
44,3,19,1,7315,4,0,60,1,8,1
29,1,19,5,5400,37,0,36,1,2,0
59,2,20,3,726,36,0,40,2,1,0
28,1,21,5,4530,301,13,40,2,1,0
56,3,21,1,800,51,1,40,2,2,1
20,1,16,5,4030,46,0,30,2,9,0
18,1,14,5,6050,20,14,25,1,1,0
47,1,18,1,4710,6,1,40,1,1,1
62,1,15,1,7200,42,0,50,1,1,0
62,1,21,3,1610,39,0,40,2,1,1
57,1,16,3,7700,6,0,40,1,1,0
52,1,16,1,9130,51,1,50,1,1,0
52,1,16,3,9130,29,0,70,1,1,1
43,1,19,1,9110,28,1,72,1,1,0
20,1,14,5,4720,45,0,30,2,9,0
56,4,16,1,3802,36,0,38,1,1,1
61,1,8,3,9640,303,6,40,2,8,0
65,1,22,1,2320,21,11,40,1,2,1
20,1,19,5,4435,17,2,30,1,1,0
59,5,21,1,440,36,1,40,1,1,1
32,2,24,1,1240,207,0,40,1,6,1
53,1,18,1,5240,1,1,40,2,1,0
51,1,14,1,7720,39,2,40,2,1,1
58,2,21,3,5510,341,6,32,2,1,0
47,1,21,1,310,29,1,35,1,1,0
53,2,23,1,2040,37,1,40,1,1,1
40,1,13,5,310,303,0,48,2,9,0
55,1,18,1,800,24,0,30,2,1,0
36,1,21,1,8990,34,1,45,2,1,0
45,1,18,1,9130,6,1,40,1,1,0
78,6,21,1,5860,53,0,12,1,1,1
55,1,19,5,4220,36,2,40,1,1,0
56,4,21,5,3515,6,0,40,2,2,1
34,2,21,5,230,72,0,35,2,2,1
52,1,16,1,5220,48,0,40,2,1,1
46,1,19,1,2310,6,1,15,2,3,0
36,1,12,1,6260,303,0,48,1,1,0
39,1,16,1,5610,17,0,35,2,1,0
67,1,16,1,8130,18,0,40,1,1,1
67,1,20,3,9122,20,13,40,1,1,1
29,5,20,1,3930,20,1,40,1,1,1
34,1,21,5,1530,6,0,40,1,2,1
31,1,19,1,20,6,10,40,2,1,0
42,1,20,1,5610,40,0,40,1,1,0
39,8,21,1,10,48,1,15,1,1,1
39,1,11,3,8365,329,10,40,1,5,0
25,1,19,5,3520,17,17,40,2,2,0
30,1,17,5,205,37,0,40,1,1,0
20,1,19,5,4720,31,17,15,2,1,0
55,1,16,1,5240,42,0,38,2,1,0
22,1,16,5,4710,24,15,40,1,1,0
42,1,21,1,2635,26,0,40,2,1,0
35,1,16,1,9130,22,1,65,1,1,0
41,3,22,1,2002,27,0,24,2,1,0
31,1,24,5,1760,301,0,40,2,1,1
53,1,16,1,5860,17,1,18,2,1,0
53,3,16,1,4130,51,1,20,2,1,0
23,1,17,5,120,34,13,40,2,1,0
60,1,19,1,6355,27,0,40,1,1,1
23,5,18,5,3870,22,0,40,1,1,0
22,3,21,5,2310,36,2,40,2,9,0
66,2,16,1,3602,50,0,20,2,1,0
37,2,22,1,2310,8,1,40,1,1,1
24,1,19,1,2300,303,1,40,2,1,0
56,5,23,1,440,35,1,40,1,1,1
52,7,21,1,4251,36,0,40,1,1,0
25,2,21,5,5860,26,13,58,2,1,0
35,2,16,1,735,53,0,50,2,1,1
23,1,18,5,5000,35,0,40,2,3,0
35,1,13,4,4700,26,0,33,2,1,0
29,1,21,5,1032,50,0,35,1,1,1
37,3,21,1,3820,53,0,40,1,1,1
22,1,21,5,4820,34,2,45,2,1,0
55,1,19,1,440,365,1,45,1,1,1
63,1,20,1,9130,37,0,50,1,1,0
49,7,21,3,2634,17,0,40,1,1,1
23,2,21,5,4710,6,2,30,2,1,0
28,7,19,3,4020,72,2,40,1,1,0
74,1,19,1,9130,53,1,10,1,1,1
24,6,19,5,4510,17,0,46,2,1,1
23,2,17,5,9122,22,0,40,2,1,0
35,1,22,1,2014,341,0,40,1,2,0
55,1,20,1,3602,130,1,40,2,1,0
55,7,24,1,1010,210,0,60,1,6,0
23,1,21,5,4760,36,2,37,2,1,0
21,1,19,5,5240,6,2,25,1,1,0
30,1,21,1,6240,303,1,40,1,8,0
29,1,21,5,5630,48,0,40,2,1,0
58,1,16,1,4700,21,0,44,1,1,0
51,1,21,1,4820,128,0,40,1,1,1
65,1,18,1,440,55,1,50,1,1,1
19,4,19,5,2350,31,17,15,1,1,0
46,1,20,3,160,48,13,40,1,1,1
29,1,21,1,140,26,0,45,1,1,1
42,6,20,5,6410,8,0,40,1,1,0
70,2,24,2,3090,18,0,40,2,1,1
23,6,21,5,2545,8,0,20,2,1,0
59,1,21,1,10,48,0,45,1,1,1
30,1,22,5,2320,53,2,40,2,1,0
47,1,23,1,2100,36,0,55,1,1,1
51,1,19,3,3645,327,0,36,2,1,0
45,1,19,3,4600,206,0,40,2,6,0
68,6,16,1,6442,36,0,10,1,1,1
37,3,21,5,3870,36,2,45,1,1,1
59,1,16,5,5610,17,0,43,1,1,0
54,2,24,1,2205,362,0,50,2,1,1
51,1,21,1,800,48,0,30,2,1,0
40,1,9,4,6230,312,0,40,1,1,0
33,1,16,1,4020,47,2,32,2,1,0
48,3,16,3,8620,48,0,40,1,1,0
52,1,16,1,6220,42,1,48,1,1,1
40,1,21,1,630,48,1,40,2,1,0
48,1,19,5,4220,120,11,60,1,1,0
44,1,21,1,10,36,1,50,1,1,1
65,2,22,1,2040,27,0,60,1,1,1
44,4,20,1,5350,28,1,40,2,2,0
38,1,14,1,4220,511,17,40,2,7,0
31,1,24,1,2100,36,1,40,2,1,1
63,3,15,2,4120,13,0,30,2,2,0
60,3,21,1,3870,51,0,30,1,1,0
28,1,21,5,3323,12,2,50,1,1,0
73,1,21,5,9121,36,0,32,1,1,0
68,4,24,1,2205,17,1,50,2,1,1
47,1,18,1,7330,36,0,48,1,1,1
68,4,21,2,2310,19,0,14,2,1,0
60,2,19,1,4010,6,0,35,2,2,0
50,4,21,1,2310,341,1,40,2,7,0
26,1,22,1,4055,159,0,40,2,1,0
19,1,13,5,9640,35,2,20,2,3,0
54,3,22,3,2310,25,0,35,2,1,1
21,2,19,5,2025,25,17,40,2,1,0
47,1,20,3,8800,20,17,40,1,1,0
51,1,19,1,1021,37,0,80,1,1,1
63,1,19,3,4110,17,0,40,2,1,0
39,1,16,3,5400,49,0,30,2,1,0
61,1,16,1,9620,34,1,40,1,1,0
38,1,12,1,4251,313,0,40,1,8,0
40,1,19,1,2001,303,0,40,1,8,1
47,4,20,4,5740,36,0,37,2,1,1
36,1,19,5,4220,38,0,5,1,2,0
47,1,1,1,4110,303,1,20,2,8,0
41,1,17,1,9645,217,1,42,1,6,0
28,1,21,1,2810,12,0,40,2,1,0
66,1,18,1,5120,9,1,38,2,1,1
49,7,16,1,4710,42,0,45,1,1,1
37,1,19,1,9620,407,0,24,1,1,0
17,1,16,5,4230,53,4,35,2,1,0
67,1,23,1,2100,6,0,35,2,1,1
26,1,16,1,7750,233,9,40,1,6,0
62,1,20,1,51,42,0,4,1,1,1
17,1,14,5,4110,42,2,15,2,1,0
64,1,19,1,3602,39,1,40,2,1,0
54,2,21,1,1050,42,1,60,1,1,1
55,2,22,3,2050,1,0,34,2,1,1
55,1,16,1,5740,34,1,30,2,1,1
26,1,21,5,4700,42,2,40,1,1,0
25,1,21,5,630,48,0,40,2,1,0
46,6,19,5,6260,72,2,20,1,1,0
51,1,17,5,8740,36,12,40,1,1,0
57,2,21,1,1010,17,1,50,2,1,1
58,1,1,5,4251,13,0,5,1,2,0
17,1,13,5,4110,39,15,15,2,1,0
73,1,22,1,205,17,0,20,1,1,0
23,1,14,1,8990,303,2,40,1,1,0
43,1,16,5,6230,42,0,40,1,1,1
25,3,21,5,2310,6,2,10,1,1,0
32,1,21,1,3255,36,1,40,2,1,1
55,7,20,1,2360,49,1,3,2,1,0
40,2,22,3,2014,134,0,40,2,1,0
44,1,22,1,1010,26,1,40,1,1,1
57,7,24,1,2100,44,0,45,1,1,1
68,6,19,5,205,27,0,10,1,1,0
55,1,19,3,5330,127,0,40,2,1,1
19,5,16,5,4720,42,17,40,1,2,0
58,1,21,1,4850,42,0,50,1,1,1
26,1,21,5,1021,42,2,36,1,1,1
49,1,20,1,4700,26,0,54,1,1,1
33,6,19,3,10,39,0,50,1,1,0
30,1,22,1,4710,48,0,55,1,1,1
20,4,19,5,3740,6,10,20,1,9,0
56,1,21,1,20,31,0,40,1,1,1
26,1,22,5,2004,365,0,40,2,1,0
32,6,19,5,3603,13,13,35,2,1,0
46,1,23,1,3090,40,0,40,1,1,1
62,7,22,3,101,36,0,30,2,1,1
30,1,14,5,4010,6,0,35,2,1,0
32,1,16,5,6260,313,0,40,1,1,1
26,3,21,1,2310,22,2,40,1,2,0
41,1,20,3,7750,26,0,30,2,9,0
33,3,21,1,2310,13,0,40,2,1,0
54,1,21,5,410,215,13,50,1,1,1
31,1,18,5,4850,13,0,40,1,9,0
53,6,15,5,4710,207,0,35,2,6,0
50,5,21,1,350,40,1,50,1,1,1
19,1,14,5,9640,6,15,40,2,8,0
24,1,20,5,4760,36,2,40,1,6,0
48,1,19,5,1105,13,0,50,1,1,1
37,4,24,1,2310,9,1,40,1,1,1
38,1,16,5,8225,39,0,40,1,1,0
38,7,21,5,4850,217,0,40,2,1,0
45,1,21,1,4850,36,0,40,1,1,1
65,1,1,1,6520,313,0,40,1,1,1
21,1,16,5,4655,6,2,32,2,8,0
51,3,13,5,9620,5,17,20,1,1,0
71,6,21,1,800,18,0,25,1,1,1
55,1,21,1,3255,47,0,60,2,1,1
45,1,22,1,1750,53,1,40,2,6,1
63,1,17,1,6520,42,0,40,1,1,0
37,1,22,1,1650,207,1,40,2,6,1
41,1,20,1,3255,27,0,40,2,1,1
54,6,16,1,6200,327,0,40,1,1,0
38,2,20,1,7420,26,0,40,1,1,1
65,1,16,2,9760,4,0,40,1,8,1
43,1,12,3,4510,303,0,55,2,1,0
47,1,15,1,9645,6,1,40,1,8,1
61,7,21,1,710,215,0,20,2,2,1
45,1,19,5,4110,212,0,40,1,1,0
56,1,20,1,8740,22,0,48,1,1,1
48,1,21,1,3050,22,0,40,2,1,1
63,1,19,1,5740,18,0,32,2,1,0
49,5,21,1,9830,37,0,20,1,2,1
33,1,15,1,6410,327,0,40,1,1,0
21,1,16,5,4760,10,7,10,1,2,0
45,1,22,1,705,26,1,40,2,1,1
36,1,18,3,6442,17,13,45,1,1,1
75,3,16,5,3940,48,0,25,1,1,0
51,1,16,1,7340,47,0,40,1,1,0
34,1,16,4,8610,24,0,40,1,2,1
22,1,16,5,7800,38,2,32,1,1,0
38,1,19,5,9620,36,0,40,1,1,0
44,7,18,5,310,13,0,25,2,2,0
63,2,21,1,3255,11,1,40,2,1,0
58,1,16,1,5400,39,1,35,2,1,0
37,1,20,1,440,303,1,40,2,8,1
21,1,19,5,4720,45,17,20,2,2,0
25,1,21,5,4040,19,13,38,1,1,0
44,1,16,1,8990,51,1,5,2,1,0
39,1,21,1,440,36,1,40,1,1,1
39,1,21,1,4920,34,1,21,2,1,0
53,5,16,1,5550,4,0,40,2,9,1
27,1,24,5,3160,36,2,37,1,1,1
61,1,18,3,120,36,0,50,2,1,1
53,1,18,1,5600,42,0,40,2,1,0
45,1,21,1,5860,18,0,38,2,1,0
46,1,21,1,705,1,1,40,1,1,1
32,1,21,1,3500,209,1,40,2,6,0
64,7,16,1,7150,26,1,40,1,1,0
60,7,21,1,630,25,0,40,2,1,1
39,1,16,1,7150,72,1,45,1,8,0
49,1,18,1,530,313,1,50,1,1,1
64,1,20,1,5240,6,1,15,2,1,0
35,1,21,1,120,110,1,65,1,1,1
52,1,16,1,4110,5,1,28,2,1,0
59,2,22,5,2830,226,0,40,1,6,1
25,6,21,5,9142,6,2,16,1,1,0
79,1,15,1,4465,48,1,3,2,2,0
54,1,19,1,4710,26,0,52,1,1,1
49,1,17,1,10,48,6,48,1,1,1
50,1,17,1,5330,29,1,36,2,1,0
23,1,19,5,940,44,2,12,1,1,0
21,4,20,5,1970,6,0,10,1,1,0
45,1,16,1,9130,36,1,60,1,2,1
43,5,21,1,3820,36,0,40,1,1,1
17,1,15,5,5350,39,15,30,1,1,0
29,5,22,1,630,5,1,40,2,1,0
37,1,21,1,1530,303,0,40,1,8,1
33,1,17,1,6230,51,0,46,1,1,0
63,1,19,1,1551,9,1,41,1,1,1
19,1,16,5,7200,51,2,40,1,1,0
18,1,14,5,9130,1,2,25,1,9,0
20,5,16,1,3870,18,1,40,2,1,0
52,3,21,1,2310,48,1,60,2,1,1
67,6,20,1,4621,17,1,10,2,1,0
65,6,22,1,6355,34,0,35,1,1,1
30,1,22,1,3245,39,0,40,1,1,0
22,5,21,5,800,22,0,40,2,8,1
19,3,18,1,4600,12,1,40,2,1,0
35,1,14,5,4200,303,2,40,2,1,0
67,6,22,1,5120,36,1,5,1,1,0
23,2,21,5,230,8,17,30,2,1,0
18,1,18,5,4720,51,17,30,2,1,0
47,1,21,3,5610,47,0,40,2,1,0
54,2,21,1,1022,42,1,50,2,1,1
30,1,16,5,4020,55,12,35,1,1,0
49,1,19,1,1555,39,0,50,1,1,1
29,7,21,1,2910,16,0,20,2,1,0
27,1,22,5,4700,24,2,16,1,1,0
22,1,16,1,8365,13,0,40,1,1,0
41,1,19,1,9600,6,1,40,1,1,0
31,3,19,3,5420,26,2,40,2,1,0
75,1,18,1,9600,42,0,40,1,1,1
36,1,1,1,4020,207,1,25,1,6,0
55,4,24,1,1760,217,1,40,1,6,1
58,3,18,1,5240,37,1,40,2,1,0
37,1,18,1,340,6,0,20,2,1,0
53,2,20,1,3255,1,1,40,2,1,1
59,1,19,5,440,26,6,70,2,1,0
23,7,19,5,1006,247,2,20,2,6,0
55,2,20,5,3645,312,5,40,2,1,0
27,4,15,5,4220,233,2,40,1,6,0
58,4,22,1,2310,34,0,40,2,1,1
30,1,21,1,1105,45,0,40,1,1,1
37,1,12,1,5120,6,1,40,2,1,0
59,1,19,3,710,12,0,40,1,1,1
66,1,19,1,3645,36,1,40,2,1,0
47,4,21,4,705,28,0,60,2,1,1
27,1,16,5,9645,23,2,40,1,1,0
28,4,21,5,2310,19,0,38,2,1,0
19,4,19,5,5120,49,17,20,2,1,0
39,7,18,5,4920,6,2,40,2,1,1
69,7,21,1,410,34,0,50,1,1,1
28,1,20,1,6355,48,0,40,1,1,0
60,4,22,5,2205,51,0,30,2,1,0
64,1,19,1,9030,25,0,50,1,1,1
23,4,18,5,5820,12,2,28,1,1,0
65,1,22,1,2320,42,0,40,2,1,1
40,7,21,1,440,165,0,50,1,1,1
57,4,23,3,2100,24,2,45,2,1,1
24,4,22,5,2310,6,0,40,2,1,1
65,1,21,1,120,240,1,40,2,6,0
56,2,22,5,4220,36,2,34,1,1,0
69,6,16,1,4510,29,1,38,2,1,1
26,1,21,5,4710,26,12,40,1,1,1
53,2,19,1,3255,5,1,38,2,1,1
47,1,20,3,8225,13,0,40,2,1,1
21,1,16,5,2545,240,17,12,2,6,0
66,2,21,3,1006,18,0,50,2,1,1
40,1,22,1,3050,242,9,37,2,6,0
55,1,13,1,7800,332,0,35,1,2,0
53,1,16,1,4700,21,0,50,1,1,1
52,1,20,3,20,40,0,50,2,1,0
30,1,18,5,120,72,0,41,1,8,1
38,1,21,3,2634,30,12,20,1,1,0
65,6,21,3,440,25,0,30,2,1,0
21,1,15,5,6115,28,2,70,1,1,0
41,1,16,3,7330,49,0,42,1,1,0
35,1,18,1,4030,55,1,30,2,1,0
48,1,19,1,4510,212,1,40,2,1,0
42,1,20,1,800,56,0,45,2,1,1
38,3,16,5,440,48,2,40,1,8,1
61,1,16,4,9130,45,0,46,1,1,0
41,1,18,5,8800,48,0,40,2,9,0
40,1,21,5,5740,19,0,47,1,1,1
53,1,19,1,6355,48,1,45,1,1,1
21,1,16,5,5040,4,2,30,2,1,0
25,1,16,5,4720,39,0,40,2,1,0
50,3,22,1,2002,25,1,45,2,1,1
60,2,21,1,3300,46,0,40,2,1,1
24,1,22,1,3258,5,9,40,2,1,1
66,1,21,5,5120,163,0,20,2,1,1
41,1,23,1,2100,22,0,40,1,1,1
24,1,16,5,5860,25,2,40,2,1,0
42,7,21,1,4700,12,0,20,2,1,0
45,3,22,1,2320,314,1,40,2,1,1
22,6,18,5,9142,39,0,45,2,1,0
53,1,21,1,7700,46,1,72,1,1,1
62,1,16,3,4720,12,12,16,2,1,0
56,1,21,1,3255,6,0,40,2,1,1
44,1,21,1,4600,212,1,30,2,1,0
43,1,21,1,4850,42,0,50,1,1,1
49,1,20,1,9130,110,0,70,1,1,0
57,1,19,3,350,17,0,50,2,1,0
50,1,17,4,9130,17,15,35,1,1,0
53,1,21,1,1010,12,0,70,1,1,1
33,1,19,1,7420,46,1,40,1,1,1
25,1,16,4,4760,34,0,25,2,1,0
23,1,21,5,3648,51,2,40,2,1,0
60,1,22,5,725,48,12,40,2,1,1
61,1,21,1,4600,440,1,40,2,2,0
35,4,21,5,3255,72,0,48,2,1,0
53,1,21,3,705,327,0,40,2,1,1
23,1,16,5,4850,6,2,40,1,8,0
18,1,18,5,2722,27,2,15,1,1,0
27,4,21,5,1610,6,0,40,1,1,1
42,1,22,1,1021,247,0,45,1,6,1
34,1,16,1,7700,42,1,55,1,1,0
56,4,19,1,4220,1,0,40,2,1,0
38,4,22,5,2310,45,0,40,2,2,1
46,3,21,1,2310,48,1,40,2,1,0
50,1,16,1,9150,9,0,48,2,1,0
55,1,20,1,5120,303,0,40,1,1,0
61,2,21,1,3255,26,0,40,2,1,1
19,1,18,5,5600,21,2,40,2,1,0
49,3,16,1,3500,333,0,35,2,2,1
54,1,18,3,6515,8,13,50,1,1,0
55,3,22,1,2310,55,0,45,2,1,1
51,1,20,5,4720,6,15,20,2,1,0
29,1,24,1,3000,16,0,50,1,1,0
44,1,16,1,7750,21,1,45,1,1,1
32,1,21,1,4940,17,0,42,1,1,1
40,1,22,1,2002,26,0,50,2,1,1
57,3,21,3,2310,6,0,50,2,1,1
49,6,17,1,3640,247,1,20,2,6,1
24,1,21,5,7700,373,0,40,1,8,1
23,1,19,5,4700,6,2,30,1,9,0
34,1,19,1,7905,55,1,60,1,1,1
54,5,21,1,565,72,1,40,2,1,1
46,1,11,1,3602,329,0,20,2,8,0
48,1,18,4,5240,72,0,40,2,1,0
23,1,21,5,6050,27,2,50,1,1,0
38,6,16,3,6260,8,0,40,1,1,0
47,1,18,1,8800,6,1,40,2,1,0
55,1,16,1,20,48,1,60,1,1,1
57,1,17,3,4720,6,5,40,2,1,1
81,1,14,3,350,17,6,40,2,1,0
67,5,21,3,800,20,0,40,1,1,1
21,1,18,5,4020,6,2,25,2,1,0
20,4,19,5,5400,51,17,22,2,1,0
33,1,16,5,4400,36,13,40,1,1,0
25,1,21,5,1745,17,0,45,1,1,1
44,2,18,3,230,12,0,40,2,1,0
32,1,21,1,120,6,1,45,2,1,1
26,1,21,5,4710,217,2,40,1,6,0
40,6,22,1,2320,22,1,10,2,1,0
55,1,19,1,4810,49,1,40,2,1,1
68,1,20,1,4720,48,0,20,2,1,0
56,1,18,1,1560,18,1,40,1,1,1
24,4,22,1,2310,21,0,40,2,1,0
20,1,16,1,2910,6,2,28,2,1,0
29,1,21,5,705,36,13,40,2,2,1
62,1,20,1,440,39,0,40,1,1,0
54,1,16,3,4700,26,13,40,2,1,0
28,1,16,3,8300,16,0,30,2,1,0
49,1,19,2,2001,6,16,60,1,1,0
51,3,13,1,4020,249,1,33,2,9,0
29,1,21,1,2001,37,1,38,2,1,0
45,1,21,1,51,48,1,40,1,1,1
54,1,6,1,4230,303,1,30,2,1,0
37,6,19,3,4525,6,2,30,2,1,0
30,1,16,5,9130,24,2,45,2,2,0
22,1,15,5,4110,6,2,35,2,1,0
23,1,19,5,4521,39,0,40,2,2,0
51,6,16,1,8140,13,0,40,2,1,1
23,1,19,1,9650,48,1,35,1,1,1
59,5,21,1,1108,16,0,40,2,1,1
17,1,14,5,4720,329,7,10,2,2,0
60,6,20,1,4510,26,1,5,2,1,0
21,1,16,5,4030,25,2,15,2,1,0
51,1,21,3,705,34,0,40,2,9,1
51,5,16,1,8610,11,0,40,1,1,1
20,1,15,5,5740,36,7,35,2,1,0
22,1,19,5,410,48,0,40,2,1,0
34,2,21,1,3255,1,0,36,2,1,1
29,1,21,5,5240,22,0,38,2,1,0
46,1,21,1,10,6,1,50,2,1,1
43,1,1,1,4251,313,12,45,1,1,0
47,1,15,1,9130,12,1,40,1,1,1
26,1,22,5,1530,26,12,40,1,6,0
32,1,20,1,4030,6,15,25,2,1,0
55,1,16,1,4720,6,1,40,2,1,1
50,1,24,1,2205,55,1,40,2,1,1
25,5,16,5,2360,25,15,60,1,1,1
63,1,19,3,4040,12,0,40,1,1,0
56,1,14,1,6260,303,0,40,1,2,0
26,1,16,5,9645,4,16,30,1,1,0
51,1,19,1,5740,41,1,40,2,1,0
44,4,20,1,9300,6,0,40,2,1,0
18,1,16,5,9350,30,2,50,1,1,0
33,1,19,5,4010,6,13,60,2,9,0
32,6,16,1,4760,6,1,30,2,1,0
18,1,16,5,4140,51,2,5,2,1,0
32,2,21,5,420,6,0,45,2,1,1
62,1,21,3,4760,41,0,41,1,1,0
54,3,16,3,5940,26,5,80,2,1,0
17,1,14,5,5240,9,2,20,2,1,0
55,1,21,1,5820,17,0,40,2,1,0
59,1,20,3,1108,47,0,50,2,1,1
61,4,21,1,5000,6,0,40,1,1,1
27,3,19,5,5220,48,2,40,1,1,0
58,1,21,3,4840,18,0,40,2,1,1
31,1,16,4,6260,303,0,60,1,1,1
47,1,23,1,2100,18,1,50,2,1,1
64,4,19,3,4020,21,0,30,2,2,0
50,1,16,5,4720,27,0,35,2,1,0
31,1,18,5,3160,39,16,50,1,9,0
66,2,19,1,2751,36,0,3,2,1,0
59,3,20,1,2545,515,0,30,2,1,0
37,1,21,5,2634,39,0,40,1,9,1
18,1,14,5,4720,72,2,20,2,1,0
54,1,18,1,5100,39,1,40,2,1,0
53,3,17,3,4130,327,13,25,2,1,0
30,2,20,1,1108,12,1,40,1,1,0
29,1,19,5,9645,25,2,24,1,1,0
48,1,19,1,910,72,0,40,1,1,0
23,1,21,5,1021,36,0,40,1,1,1
20,5,16,5,9825,8,17,40,1,8,0
17,1,14,5,4720,25,2,27,1,1,0
53,4,20,3,7340,31,0,45,1,1,0
41,1,18,1,4700,48,0,50,2,1,0
55,3,21,1,2310,34,1,40,2,1,0
58,1,16,1,5160,18,0,28,2,1,0
64,1,20,2,3255,48,0,10,2,1,0
59,5,19,1,5540,26,0,52,2,1,1
45,1,21,5,5240,5,0,40,1,1,0
22,2,21,1,1970,47,0,40,2,1,0
26,1,21,5,2545,303,2,40,2,1,0
47,1,21,1,4110,126,1,1,2,1,0
51,3,22,1,2310,34,1,40,2,1,1
55,8,24,1,3010,17,1,45,2,1,1
47,4,16,5,4220,48,5,40,1,1,0
23,1,16,5,4030,42,2,40,2,1,0
45,6,21,3,710,6,0,50,1,1,1
55,1,20,1,3520,36,0,40,2,1,0
70,1,13,2,4720,36,0,14,2,1,0
62,3,19,3,6442,39,0,40,1,1,1
55,1,21,1,630,34,0,43,2,1,1
67,1,20,1,5000,34,0,40,2,1,1
44,1,22,5,440,364,0,40,1,1,1
27,1,19,3,3603,18,12,40,1,1,0
63,4,21,3,5120,39,0,40,2,1,0
18,1,15,5,9620,26,2,16,1,9,0
22,1,19,5,9620,47,2,32,1,2,0
36,1,19,1,3500,364,1,15,2,8,0
26,1,19,5,1555,363,0,50,1,1,1
65,7,22,1,4840,17,0,30,1,1,1
53,1,18,1,5120,13,0,40,2,1,1
29,3,21,1,2310,55,1,45,2,1,0
19,1,19,5,600,12,0,30,1,1,1
25,1,16,1,4720,333,1,24,2,2,0
57,1,19,1,2145,42,1,35,2,1,0
36,4,24,1,2205,207,1,40,2,6,1
61,2,20,1,3423,26,0,10,2,1,0
56,1,19,1,1530,17,0,50,1,1,1
54,6,19,3,4600,48,2,50,2,1,0
40,5,16,1,7340,6,9,40,1,1,0
27,1,23,1,3090,27,1,50,2,6,1
18,1,16,5,3960,27,2,25,1,1,0
50,1,21,1,7000,37,0,52,1,1,1
18,1,18,5,9645,45,10,20,1,1,0
37,1,22,1,2555,6,1,40,1,1,1
52,1,19,1,440,139,0,40,1,2,1
29,1,19,5,5110,1,2,30,2,1,0
70,1,21,1,4720,48,0,20,1,1,0
66,7,16,1,7700,41,0,40,1,1,1
46,3,21,1,2320,40,1,40,2,1,0
39,1,16,4,3421,37,6,40,2,1,0
56,1,14,1,8740,1,16,40,1,2,0
59,1,16,1,3601,36,1,20,2,1,0
56,3,20,1,2310,303,1,30,2,1,0
29,1,17,5,6950,18,13,55,1,1,1
36,1,22,5,1031,36,2,45,2,1,1
38,1,22,1,850,39,0,40,1,1,0
45,1,21,1,1108,100,0,40,1,1,0
37,2,23,1,3090,229,0,40,1,6,1
30,1,21,1,5120,9,0,40,2,1,1
17,1,14,5,4130,18,7,30,1,1,0
27,3,20,5,1050,19,0,40,1,1,0
47,4,21,1,3255,29,0,40,2,1,0
21,1,20,5,4030,12,2,15,2,1,0
28,2,19,5,5240,421,12,30,1,2,0
39,6,19,1,4510,19,0,25,2,1,0
50,1,16,1,4720,303,1,30,2,1,0
27,6,21,5,2752,303,2,40,1,1,0
67,1,16,1,3601,39,1,10,2,1,0
24,2,16,5,5110,42,2,40,2,1,0
60,3,21,1,2016,33,1,40,1,1,1
71,7,19,1,6200,28,0,50,1,1,1
52,1,16,1,6442,316,2,40,1,1,0
48,3,19,1,5120,36,0,40,2,1,0
17,2,14,5,4020,17,2,12,1,1,0
52,1,20,1,440,6,1,40,1,3,1
33,1,16,5,2205,18,0,40,2,1,0
22,2,19,5,3601,29,2,16,2,1,0
49,1,16,1,6260,42,1,40,1,1,1
65,3,16,1,6730,26,1,40,1,1,0
35,1,21,1,800,17,0,40,1,1,1
41,1,16,1,7410,1,1,50,1,1,1
21,2,19,5,4110,13,2,25,2,2,0
27,1,18,5,3602,440,0,40,2,2,0
50,6,1,1,205,53,0,45,1,1,1
39,1,16,1,5420,370,0,40,2,1,0
50,6,16,1,4252,22,1,30,1,2,0
55,1,19,1,20,48,0,50,2,1,1
61,2,21,1,120,18,0,45,1,1,1
47,2,21,1,3515,31,1,38,2,1,0
79,1,18,1,5740,48,1,40,2,1,0
66,1,16,3,7000,33,0,3,1,1,0
52,7,16,1,4710,19,1,50,1,1,1
52,1,19,3,6050,19,0,50,1,1,0
57,1,15,1,8740,247,1,40,2,6,0
30,1,19,5,6260,36,2,40,1,1,0
83,2,18,3,4600,48,0,27,2,1,0
65,6,21,3,7340,19,0,20,1,1,0
19,3,19,5,4110,42,17,36,2,1,0
18,1,16,5,5860,34,17,35,1,6,0
24,2,16,5,2545,47,11,12,2,1,0
24,5,21,5,6005,1,15,40,1,2,0
48,5,23,1,2100,28,0,45,1,1,1
61,1,20,1,4760,21,9,40,2,2,0
38,1,21,1,5300,48,1,10,1,2,0
35,1,22,1,220,53,1,60,1,1,1
38,7,21,1,4820,12,1,40,1,1,1
22,1,21,5,9645,6,2,20,2,1,0
46,1,19,1,3500,363,1,40,2,1,0
71,1,16,1,9130,29,1,40,1,2,1
37,1,18,5,5860,41,2,30,1,1,0
34,1,21,3,7810,25,2,40,1,1,0
28,1,21,5,4850,42,13,40,1,1,1
40,6,15,3,6260,5,13,60,1,1,0
42,1,16,1,5110,247,0,40,2,6,0
54,1,18,1,8990,18,1,40,2,1,0
41,1,22,1,52,39,0,47,1,1,1
53,1,19,1,7750,37,0,50,1,2,0
45,2,22,3,1010,45,0,40,2,1,1
62,1,16,1,6410,29,0,40,1,1,0
51,1,1,1,6260,29,9,50,1,1,0
67,7,23,1,3090,26,0,60,1,1,1
43,1,17,1,7340,1,1,48,1,1,0
50,6,16,3,9620,39,13,40,1,1,0
40,6,17,1,9620,30,1,21,1,1,0
28,1,21,5,1350,17,0,45,1,1,1
21,1,16,5,6220,36,2,40,1,1,0
36,1,14,1,6200,303,0,40,1,8,0
37,1,20,1,9600,17,1,30,1,2,0
61,1,16,1,6260,53,1,40,2,1,0
30,1,19,5,4020,313,5,80,1,1,0
47,7,19,1,440,6,0,40,1,1,1
65,1,15,1,7950,6,1,40,1,1,0
67,1,16,3,5740,17,0,40,2,1,1
32,1,20,1,5240,247,12,40,1,6,0
32,1,16,5,4230,9,17,40,2,1,0
33,4,21,1,2310,51,1,14,2,1,0
35,4,22,1,2205,34,0,40,2,1,1
44,1,24,1,2310,313,1,38,2,1,1
44,1,19,1,3601,329,1,32,2,8,0
44,7,21,1,20,26,0,40,1,1,1
28,6,20,1,4510,42,0,40,2,1,0
59,1,16,1,4140,39,0,50,2,1,0
56,2,22,1,5860,27,1,20,2,1,1
37,7,21,1,4510,5,1,50,2,1,1
27,3,21,5,2145,26,13,20,2,1,0
19,1,16,5,4251,26,2,8,1,1,0
37,1,20,1,8990,44,1,50,1,1,1
36,6,21,1,6260,26,1,50,1,1,0
28,6,16,4,2805,303,12,50,1,1,0
28,1,22,1,2100,47,1,45,2,1,1
39,1,20,1,6260,20,0,40,1,1,0
52,1,20,1,7200,303,0,40,1,1,1
48,1,21,5,710,39,5,60,1,1,1
28,1,22,5,735,13,12,46,1,1,1
34,1,1,5,8225,217,12,40,1,6,0
30,1,19,1,4720,365,1,20,2,8,0
18,6,18,5,4020,42,17,5,2,1,0
82,1,20,1,3930,25,0,12,1,1,0
21,1,15,5,4020,37,2,20,1,1,0
22,1,16,5,4950,39,13,57,2,9,0
69,1,18,1,5000,39,0,40,1,1,1
54,4,19,5,1108,301,0,40,1,1,0
54,1,16,1,3602,327,6,41,2,1,0
40,1,21,1,4720,247,1,30,2,6,0
54,1,21,1,9130,36,1,50,1,1,1
60,1,15,3,3602,421,10,40,2,2,0
60,6,21,1,1530,200,0,40,1,1,0
67,1,19,1,5240,36,1,20,1,1,0
31,1,16,5,7840,55,0,45,1,1,1
17,1,13,5,5240,12,4,20,2,1,0
81,6,19,1,4760,40,1,2,1,1,0
38,1,23,1,2100,210,2,8,2,6,0
33,1,20,1,6355,42,1,50,1,1,1
35,1,21,5,5630,303,0,62,1,8,1
48,1,16,5,4521,48,2,25,1,1,0
61,1,20,1,1720,5,1,40,1,2,1
23,1,16,5,9620,40,2,40,2,9,0
26,1,20,1,5240,6,1,40,2,2,0
43,1,19,5,4030,6,0,30,2,1,0
60,3,20,1,6730,53,0,40,1,1,0
59,1,21,5,3545,8,0,52,1,1,1
63,7,23,1,2100,48,0,35,1,1,1
55,1,16,1,8740,247,1,40,2,6,0
25,2,22,5,440,207,0,32,2,6,0
56,1,19,3,8990,39,16,40,1,2,0
20,6,14,4,2360,17,15,1,1,2,0
48,1,16,1,6765,303,1,50,1,8,1
29,1,21,1,440,18,0,40,1,1,1
17,1,14,5,4150,25,2,6,2,1,0
36,1,21,1,5120,48,0,40,2,6,0
38,1,17,1,5240,24,0,30,2,1,0
56,4,16,1,4220,36,1,40,1,1,0
51,6,20,1,7200,27,1,50,1,1,0
64,3,16,1,5400,15,1,40,2,1,0
49,1,16,1,5120,27,0,38,2,1,0
55,2,21,1,3255,48,1,36,2,1,1
43,1,21,1,300,209,0,60,1,6,1
47,3,20,1,2310,34,1,20,2,1,0
51,1,13,3,3603,55,0,50,2,1,0
71,1,19,2,3601,39,0,15,2,1,0
20,1,16,5,8990,17,2,40,1,1,0
28,1,23,5,1021,217,0,40,1,6,1
37,1,20,1,9645,15,1,33,1,1,0
31,1,23,3,4710,25,2,40,2,1,1
29,1,19,5,3401,18,0,80,2,9,0
36,1,16,1,5240,21,1,40,2,1,0
66,1,16,1,5120,11,0,10,2,1,0
47,1,20,1,9600,29,1,55,1,1,1
29,1,20,1,3255,55,0,36,2,1,0
30,1,16,5,6260,47,2,40,1,1,0
29,1,12,1,9645,35,1,36,1,1,0
56,1,19,1,3940,6,2,15,2,1,0
63,1,16,1,6050,18,1,45,1,1,0
32,5,19,1,9830,17,0,50,1,1,1
47,4,21,1,2310,4,2,60,2,9,0
28,4,19,1,440,51,1,40,2,1,0
63,1,22,1,10,36,0,40,1,1,1
44,3,21,1,6230,6,1,40,1,8,1
54,2,22,3,735,26,0,35,2,1,1
39,1,16,5,7810,45,0,40,1,1,0
31,1,21,1,2360,30,1,40,1,1,0
44,2,21,3,120,39,13,45,2,1,1
58,2,21,1,5240,30,0,40,1,1,0
21,1,16,5,9620,39,13,40,1,2,0
39,5,22,1,1220,22,1,40,2,1,1
41,1,16,4,7750,28,0,40,2,2,0
61,1,16,1,7740,17,1,40,1,1,0
70,6,16,1,9130,55,1,40,1,1,0
40,1,20,5,7750,6,0,40,2,1,1
50,3,18,1,5860,36,1,40,2,1,0
40,6,19,5,2700,39,0,60,2,2,1
81,6,18,1,440,17,0,20,1,1,0
61,1,21,2,3255,233,0,40,2,6,1
60,1,18,3,565,24,0,40,2,1,1
51,1,21,3,1460,36,0,50,1,1,1
63,4,23,1,5740,42,1,40,2,1,0
32,1,16,5,8930,31,0,50,1,1,1
45,1,18,5,5710,303,0,40,2,1,1
46,1,19,5,1460,26,12,40,2,1,0
65,1,16,3,7750,37,0,40,2,2,1
46,1,9,1,4251,303,1,40,1,1,1
37,1,21,1,750,36,0,42,2,1,1
73,2,21,3,2310,36,0,10,2,1,0
42,1,16,1,9640,20,0,40,2,1,0
17,1,14,5,4020,16,2,20,1,1,0
28,1,21,1,3255,48,1,24,2,1,0
25,1,18,5,9620,47,7,40,1,2,0
61,2,22,1,136,36,1,70,2,1,1
49,1,21,1,530,29,1,40,2,1,1
61,1,14,1,4760,54,1,40,2,1,0
40,2,16,1,2545,26,0,37,2,1,0
58,2,18,1,5110,17,1,25,2,1,0
46,1,16,1,3646,12,0,40,2,1,0
33,3,18,3,3870,6,13,45,2,8,0
52,4,17,5,2002,24,0,42,2,1,1
68,1,16,1,9130,39,0,40,1,1,0
62,1,16,1,8320,19,1,40,2,1,0
40,6,23,1,1821,18,1,40,2,1,0
54,1,16,1,8255,42,1,40,1,1,0
52,1,16,5,8030,36,0,40,1,1,1
43,1,21,1,6200,25,1,45,1,1,1
43,2,20,1,2060,16,0,10,2,1,0
23,1,16,5,9645,6,0,40,2,9,0
38,1,24,1,1005,6,0,40,1,1,1
56,1,21,1,4720,28,1,45,1,1,0
25,6,20,1,5820,42,0,28,2,1,0
45,1,16,1,5240,27,0,45,2,1,1
26,1,16,5,4010,34,0,40,2,1,0
20,1,18,5,6260,12,2,40,1,9,0
18,1,16,5,4760,23,4,12,2,1,0
24,1,18,1,2752,142,0,40,1,1,0
42,1,21,1,800,31,0,45,2,1,1
20,1,16,5,4510,18,2,15,2,1,0
29,1,16,1,4010,314,1,60,1,8,1
45,6,11,1,4010,206,1,70,2,6,0
19,1,16,5,4760,423,17,28,1,2,0
53,1,19,1,4720,53,0,40,1,1,0
59,1,16,1,5850,31,1,40,2,1,0
31,1,21,1,735,42,0,40,2,1,1
60,3,12,1,8990,1,0,40,1,1,0
27,1,19,1,4760,6,2,28,1,9,0
64,5,17,1,8910,18,0,40,2,1,0
29,1,19,1,5940,5,1,40,2,1,0
19,1,19,5,8650,19,15,20,1,1,0
60,1,16,3,7000,36,0,42,1,1,1
59,3,21,3,2310,28,0,45,2,1,1
45,3,19,5,350,35,0,40,1,3,0
52,1,16,1,3421,54,0,40,2,1,0
52,1,20,1,800,22,0,50,2,1,1
36,3,21,1,440,9,1,45,1,1,1
45,4,22,1,3820,21,1,40,2,1,1
60,1,16,1,5740,42,1,40,2,1,1
35,1,19,1,8140,12,0,40,1,1,0
70,7,18,1,220,12,1,20,1,1,0
46,4,21,1,3323,47,0,36,2,1,1
19,1,18,5,4700,303,17,20,2,8,0
39,1,21,1,110,210,6,40,1,6,1
50,1,15,1,7700,247,0,40,1,6,1
51,2,22,1,2006,37,0,21,2,1,0
24,1,21,5,1460,24,12,47,1,1,1
43,7,22,1,310,217,0,60,1,6,1
43,1,1,5,4020,303,5,40,1,1,0
34,4,21,4,2330,39,0,40,2,1,0
53,1,21,1,4020,457,1,20,1,6,0
64,2,21,3,800,9,0,40,1,1,1
56,3,21,1,2310,18,1,40,2,1,0
43,1,17,1,1105,200,1,40,1,1,1
38,4,19,1,4220,132,0,40,1,1,0
34,1,16,1,5740,18,1,50,1,1,1
32,1,19,1,9620,49,0,80,1,1,1
59,1,20,1,3500,11,1,37,2,1,0
54,4,16,3,7315,29,0,40,1,1,0
47,7,24,1,850,6,0,36,1,1,1
67,6,20,1,7315,22,0,2,1,8,0
32,1,16,5,9645,55,2,32,1,1,0
46,1,16,3,4110,207,0,40,2,6,0
37,3,14,1,4220,47,1,40,2,2,0
50,2,21,1,2310,42,1,38,1,1,1
17,1,14,5,4110,6,2,16,2,1,0
54,1,16,1,4110,48,0,40,2,1,0
53,1,19,1,440,15,1,40,1,9,1
39,1,15,1,3649,24,1,32,1,2,0
69,1,16,1,4965,26,1,30,2,1,0
43,4,21,1,2545,314,1,36,2,1,0
46,1,15,1,4510,209,1,40,2,6,0
45,3,21,1,3740,48,0,56,1,1,1
20,4,19,5,2205,48,17,8,2,8,0
70,1,19,5,4720,37,0,24,1,1,0
18,1,18,5,310,312,2,40,2,1,0
60,2,24,1,230,459,1,40,2,2,0
59,6,24,1,3140,42,1,60,2,1,0
38,2,21,1,3255,38,0,40,2,1,1
21,1,16,5,9600,1,0,60,1,1,1
64,1,20,1,4251,39,1,40,1,1,1
36,1,20,1,3500,39,0,45,2,1,1
30,1,19,1,4700,47,1,45,2,1,0
34,1,17,1,8025,20,1,41,1,1,0
41,1,17,5,8140,6,16,40,1,8,0
66,7,16,1,9620,36,1,50,2,1,0
64,3,16,1,2545,47,1,16,2,1,0
19,1,16,5,4120,36,0,25,1,2,0
26,1,21,5,4700,6,0,40,1,1,0
28,1,20,4,4110,51,0,26,2,1,0
36,3,21,5,2014,36,15,40,2,1,0
40,1,16,4,4230,72,0,34,2,1,0
63,2,16,5,9620,46,17,4,2,3,0
51,1,18,3,9130,6,0,50,2,1,1
35,3,21,5,2545,48,0,42,2,1,0
34,6,22,1,2600,110,1,40,2,1,0
45,1,17,4,9410,45,0,45,2,1,0
31,1,22,1,2861,207,1,20,2,6,0
25,1,16,5,6515,72,2,40,1,1,0
41,6,16,1,4700,30,1,50,1,1,1
62,1,21,1,52,29,1,42,1,1,1
19,1,16,5,6442,12,2,40,1,1,0
19,1,19,5,2545,25,17,20,2,1,0
32,2,21,5,1105,48,0,50,1,1,0
31,1,18,5,4110,25,2,40,2,1,0
51,1,21,1,440,48,0,50,1,1,1
48,1,16,5,7120,22,0,40,1,1,1
33,1,22,3,2635,116,13,40,2,1,0
31,1,16,1,410,48,0,40,2,1,1
44,1,18,3,7700,17,16,40,1,1,0
26,1,21,5,9645,373,2,35,1,1,0
52,1,21,1,4760,42,0,35,2,1,0
39,1,17,1,2545,303,1,36,2,8,0
27,1,16,5,5610,40,2,40,1,8,0
36,7,19,1,8140,13,1,72,1,1,0
30,1,16,5,20,34,2,50,1,1,0
55,8,21,1,6260,1,0,35,1,1,0
48,2,24,1,3605,25,12,50,2,8,1
42,6,9,1,4251,303,1,10,1,1,0
53,6,24,1,2752,138,0,20,1,1,0
57,1,21,1,5000,22,1,45,2,1,1
57,1,16,4,9130,72,2,40,1,1,0
65,1,22,1,3255,17,0,30,2,1,0
48,2,21,1,5400,36,0,18,2,1,0
32,2,16,5,9640,37,0,40,1,2,0
48,4,22,1,2320,6,1,46,1,1,1
30,1,23,5,3090,313,0,70,2,1,1
20,5,19,5,9825,32,17,40,1,1,0
63,1,16,5,4240,42,0,35,1,1,0
41,1,22,1,120,48,0,55,1,2,1
29,1,16,5,4750,54,13,20,2,1,0
57,2,21,3,350,48,0,47,2,1,1
43,6,16,5,6260,12,13,60,1,1,0
43,1,9,1,4230,303,1,30,2,1,0
50,3,19,1,2012,51,1,35,2,1,0
68,7,24,1,3090,53,1,50,1,1,1
42,5,24,1,1825,8,1,40,1,1,1
59,1,24,1,350,117,0,40,2,1,0
44,4,21,1,2330,22,0,50,2,1,0
23,1,16,5,4230,12,2,40,2,1,0
72,1,22,1,2810,20,0,40,1,1,1
27,6,19,5,4920,18,0,35,1,1,0
41,1,16,3,6530,51,7,48,1,1,0
70,3,22,1,2205,242,0,10,2,1,0
23,1,21,5,3255,39,2,30,2,1,0
30,1,18,5,5810,6,2,50,1,1,0
30,1,21,1,5120,39,0,40,2,1,0
62,1,17,1,7750,21,0,40,2,1,0
25,1,16,1,1108,49,1,40,2,1,0
65,1,20,1,3545,12,1,45,1,1,1
28,1,21,5,8740,9,13,40,2,1,0
30,1,20,3,3255,20,0,40,2,1,0
60,2,21,1,4710,42,0,40,1,1,1
34,1,21,1,5340,37,1,43,1,1,1
46,1,16,5,9620,8,0,45,1,1,0
72,3,21,1,2310,25,0,21,2,1,0
49,1,20,3,5810,54,0,40,2,1,0
29,1,21,1,4850,6,1,40,2,1,1
45,1,17,3,8740,48,13,20,2,1,0
20,8,19,5,6260,17,17,40,1,1,0
19,1,13,5,5240,17,15,20,2,6,0
27,1,21,5,2634,29,13,35,2,1,0
70,2,20,1,4700,53,0,32,2,1,0
19,1,19,5,4720,36,17,30,2,1,0
46,2,16,1,8810,1,1,55,1,1,0
37,1,19,1,4850,25,1,45,1,1,1
23,3,21,5,2320,34,0,58,1,1,0
47,1,23,5,1541,327,0,40,1,1,1
61,1,23,1,3090,6,0,60,2,1,1
51,1,20,1,5860,17,0,40,1,3,1
38,1,19,3,6355,26,0,48,1,1,1
66,2,19,2,4220,39,0,40,1,1,0
57,6,15,1,4950,33,1,10,2,1,0
75,6,23,1,440,20,1,6,2,1,0
35,1,16,5,8365,45,2,40,1,2,0
29,1,23,5,3090,36,0,45,1,1,1
40,6,16,5,7200,27,16,40,1,1,1
26,1,16,1,6355,303,0,40,2,1,0
20,1,18,5,9130,41,7,5,1,1,0
55,1,17,1,4850,41,1,40,2,1,1
27,1,21,5,5940,53,13,30,2,1,0
57,2,23,1,2310,39,1,38,2,1,1
37,1,14,4,4230,42,0,40,2,2,0
25,1,16,1,4840,6,0,40,1,1,0
20,1,14,5,2014,6,2,60,2,1,0
60,1,21,1,800,51,0,38,2,1,0
43,1,20,3,3255,17,0,48,2,1,0
33,3,18,5,6200,37,2,40,1,1,0
49,1,19,5,4255,48,0,50,1,1,0
26,6,20,5,4350,39,0,40,2,1,0
44,6,19,1,4510,247,1,30,2,6,0
26,1,21,1,1200,48,1,90,1,1,1
41,4,21,4,2310,34,0,35,2,6,1
61,1,17,1,1551,313,1,40,1,8,0
43,7,22,1,940,17,1,40,1,1,1
50,2,22,2,3602,9,0,40,2,1,0
48,3,20,5,5740,303,2,40,2,8,0
38,1,20,1,600,42,0,40,1,1,0
42,1,21,1,1010,55,0,40,1,1,1
52,3,16,4,9122,247,13,48,1,6,1
48,1,20,1,3323,45,1,40,2,1,1
51,4,22,5,230,6,0,55,1,1,1
24,1,19,5,3401,51,2,48,1,9,0
42,4,22,1,3230,39,1,40,2,1,1
23,1,21,5,4600,48,13,25,2,1,0
56,1,20,1,3255,240,1,40,2,6,1
36,3,20,5,4220,26,13,40,1,1,0
50,7,21,3,735,42,13,40,2,1,0
56,1,18,4,2300,365,13,40,2,1,0
64,1,6,1,3603,303,6,70,2,8,1
75,1,22,1,4710,6,0,99,1,1,1
22,1,19,5,4130,37,0,20,2,1,0
21,1,17,5,3603,18,4,40,2,1,0
30,1,18,5,4030,233,2,40,1,6,0
56,1,21,1,1305,231,0,40,1,6,1
27,7,21,1,2710,4,1,40,1,1,0
72,1,16,1,4720,39,1,16,2,1,0
59,2,21,1,2310,11,1,60,2,1,0
35,5,17,1,3402,1,0,40,1,2,0
29,6,16,3,5740,45,13,20,2,1,0
38,1,22,3,4720,48,0,40,2,1,0
23,1,15,3,6835,37,2,40,1,1,0
32,1,21,5,5740,51,0,40,2,1,0
44,1,21,1,710,25,0,55,1,1,1
56,4,21,3,530,6,0,52,2,1,0
67,1,19,1,5400,6,1,35,2,1,1
31,2,22,1,2310,17,1,40,1,1,0
46,1,20,2,3255,36,6,40,2,1,1
30,1,19,5,4020,48,12,40,1,8,0
56,7,20,1,440,21,1,50,1,1,0
34,1,21,5,8600,17,0,54,1,1,1
48,1,16,1,4700,6,1,40,2,1,0
52,1,16,1,5110,21,0,45,2,1,0
29,5,20,5,6765,8,0,45,1,1,0
18,1,16,5,4760,36,7,10,2,1,0
27,1,21,5,4760,36,2,40,1,2,1
52,1,23,1,2100,37,0,60,1,1,1
52,1,1,1,4251,164,0,35,2,1,0
28,1,16,5,8640,48,0,99,1,1,1
52,3,22,1,2310,6,0,50,2,1,1
61,1,22,5,136,72,0,50,2,1,1
56,1,16,1,8030,48,1,40,1,1,0
25,1,16,5,750,47,4,50,1,1,0
44,1,20,3,4760,27,12,40,1,1,1
34,3,21,1,2545,19,1,28,2,1,0
71,7,23,1,2014,13,0,35,1,1,0
24,1,21,5,1240,36,0,45,1,1,0
59,1,19,1,5240,23,0,20,2,1,0
35,3,20,1,3255,49,1,45,1,1,1
18,1,14,5,9620,25,2,6,2,1,0
21,2,19,5,4600,47,2,25,2,9,0
70,3,16,1,9645,36,0,35,1,1,1
17,1,14,5,6050,49,2,40,1,1,0
28,1,22,1,800,207,1,32,2,6,1
62,4,24,1,3256,29,1,48,1,1,1
18,1,16,1,6260,138,0,40,1,1,1
18,1,12,5,9620,26,2,20,1,1,0
63,1,19,1,6200,39,0,40,1,1,1
51,3,22,1,9121,22,1,40,1,1,0
36,1,16,1,7200,36,1,40,1,1,1
32,1,21,1,1440,51,1,45,1,9,1
41,1,19,1,4965,26,1,40,1,1,1
23,2,21,5,2360,41,2,40,2,1,0
21,1,18,5,4110,17,2,20,2,1,0
49,1,16,1,4510,51,1,40,2,1,0
32,3,16,5,4220,6,2,40,1,8,0
35,1,18,3,4720,42,13,40,2,1,0
54,3,19,1,3740,36,0,48,1,1,1
39,1,12,5,7750,41,2,50,1,1,0
65,2,21,1,800,17,0,55,2,1,1
17,2,13,5,4435,44,2,4,1,1,0
23,1,19,3,4251,12,3,50,1,1,0
25,4,20,5,6305,36,13,50,1,1,1
23,1,19,1,8140,17,4,40,2,1,0
22,1,19,5,5840,21,17,52,1,1,0
30,1,19,5,1900,6,2,40,1,2,0
46,1,21,1,1010,47,1,30,2,1,1
26,1,21,5,51,215,0,60,1,9,1
63,7,16,1,6200,24,0,45,1,1,1
30,1,20,5,6355,301,0,40,1,1,1
40,5,21,1,3820,323,0,50,2,1,1
39,1,18,3,7315,53,0,60,1,1,1
33,1,21,1,1530,19,0,40,2,1,0
60,3,19,1,3870,31,1,40,1,1,0
43,6,16,1,5860,22,1,30,2,1,0
56,1,16,3,8740,4,0,40,2,8,0
57,3,16,1,3930,35,0,40,1,3,0
20,1,19,5,8740,6,2,50,2,6,0
23,1,16,5,4055,56,2,28,2,1,0
52,1,16,1,9600,39,0,60,2,1,0
54,7,20,1,4810,27,0,20,1,1,0
50,6,21,1,2634,26,1,2,2,1,0
43,2,19,1,5000,36,1,40,2,8,1
65,4,19,1,9121,360,1,35,1,1,0
18,1,16,5,7750,26,13,40,2,1,0
47,1,16,1,9142,17,0,25,1,2,0
36,2,21,1,51,6,1,50,2,1,1
62,1,16,3,8990,33,15,40,1,1,0
34,1,13,1,6355,303,1,40,1,1,0
24,1,16,5,9645,53,4,40,1,1,0
28,1,20,5,4110,45,0,38,2,1,0
49,1,9,5,6050,303,0,50,2,1,0
57,1,17,1,6230,6,0,38,1,1,1
43,1,21,1,1760,209,1,40,2,6,1
44,2,22,3,2310,217,0,50,2,6,0
18,1,16,5,4720,29,17,40,2,2,0
38,1,19,1,5600,55,0,40,2,1,0
61,1,16,1,9130,24,1,40,1,1,0
35,1,21,1,52,53,0,50,1,1,1
56,3,22,1,2310,18,0,50,2,1,1
35,1,17,1,4710,41,16,55,1,1,0
52,1,16,5,1031,4,5,20,2,1,0
54,1,16,1,5610,42,0,40,1,1,0
28,1,16,1,7700,313,1,40,1,8,0
54,4,20,1,5150,6,0,32,2,1,1
43,1,16,1,4600,38,0,40,2,1,0
54,1,20,3,2360,17,0,40,1,1,1
45,1,16,4,3602,233,11,7,2,6,0
66,1,21,1,3255,36,0,35,2,1,0
34,1,16,3,220,24,0,50,1,1,1
24,1,21,5,4850,55,0,60,2,1,0
53,4,20,5,3601,35,0,20,2,1,0
60,1,20,3,1105,6,0,40,1,1,0
70,1,21,1,4850,138,0,40,1,1,1
39,1,19,5,3603,26,0,20,2,2,0
30,1,19,1,8740,37,0,45,1,1,0
60,3,23,1,2330,6,0,50,2,1,0
34,1,21,5,4700,39,2,40,1,1,0
28,5,22,1,2205,501,0,70,1,1,0
65,3,21,1,440,213,0,24,2,1,0
57,1,21,1,10,19,0,65,1,1,1
44,2,22,5,2320,47,17,40,2,1,1
64,2,18,1,3515,19,1,40,2,1,1
30,2,22,5,360,254,0,40,1,1,0
46,6,22,1,2752,6,1,25,2,6,0
55,1,24,5,2205,215,0,40,2,6,1
65,1,19,5,7200,48,0,27,2,1,0
30,1,21,5,10,48,0,40,1,9,1
53,1,16,1,5900,9,1,36,1,1,0
49,1,19,1,2710,36,0,40,1,1,1
24,1,17,5,4700,17,2,40,2,1,0
72,3,22,1,810,38,1,24,1,1,0
54,1,16,3,9620,18,0,40,2,1,0
21,5,19,5,9830,12,17,40,1,1,0
30,1,21,5,140,12,0,45,1,1,1
18,2,14,5,4020,23,2,12,1,1,0
50,1,19,1,5740,27,0,40,2,1,0
49,1,16,1,5000,28,1,40,2,2,0
55,1,19,1,4760,207,1,42,1,6,0
27,1,17,5,3603,36,2,32,2,1,0
21,2,19,5,1970,34,17,30,1,1,0
55,5,18,1,5740,45,0,40,2,2,0
27,3,16,5,2545,18,12,40,1,1,1
51,6,16,1,4760,313,1,45,1,1,0
27,1,21,1,136,440,0,40,2,2,1
65,1,16,1,5600,40,1,40,2,1,0
55,1,15,1,9142,224,10,40,1,1,0
58,5,18,1,1551,54,0,50,1,1,1
24,1,15,1,6260,48,9,40,1,8,0
58,1,19,5,5860,6,0,40,2,1,0
34,1,22,1,2205,39,1,40,1,1,0
60,1,21,1,2360,18,0,13,2,1,0
25,4,16,5,5740,12,2,40,2,1,0
31,1,19,1,5940,6,9,40,1,9,0
50,1,21,1,2300,18,1,35,2,2,0
35,1,16,3,310,47,2,38,2,1,0
68,1,16,1,4220,21,1,30,1,1,0
25,1,21,1,800,53,1,40,1,1,0
18,1,13,5,4720,48,7,15,1,2,0
23,1,19,5,4040,48,3,40,1,1,0
58,1,21,1,4700,22,1,50,2,1,1
58,3,16,3,5740,42,0,40,2,1,1
76,1,23,1,3090,303,0,32,1,1,1
26,1,21,5,1021,515,0,40,1,1,1
31,2,22,1,2040,37,1,40,1,1,0
23,1,16,5,5400,49,0,36,2,1,0
66,3,19,2,5740,25,0,10,2,1,0
28,1,16,5,4020,1,0,25,1,2,0
52,1,17,1,9620,329,0,52,1,1,1
64,1,15,1,160,53,0,50,1,3,1
55,1,16,5,4800,42,0,40,2,2,0
42,1,19,1,4510,48,0,30,2,1,0
50,1,15,1,4140,26,1,20,1,1,0
22,1,15,5,1555,27,12,40,1,1,0
51,1,20,3,3310,26,0,24,2,1,0
56,3,14,5,6730,28,0,40,1,2,0
40,1,19,1,220,53,0,50,1,1,1
58,3,21,3,2545,139,2,40,2,2,0
38,1,21,1,3645,34,1,13,2,1,0
57,1,16,1,10,39,0,40,2,1,1
22,6,21,5,2752,42,2,25,1,1,0
83,1,22,2,910,31,0,50,1,1,1
50,1,20,1,4760,6,0,15,1,1,0
63,1,21,3,4760,12,0,8,2,1,0
65,6,13,1,4760,47,0,40,1,1,0
28,1,21,1,1460,1,0,45,1,1,1
56,1,20,3,1360,240,0,40,2,6,1
59,1,21,1,310,42,0,50,1,1,1
17,1,14,5,4020,55,14,30,2,1,0
24,2,21,5,2320,459,0,60,2,2,0
24,1,15,1,4110,40,1,25,2,9,0
24,1,21,5,2145,303,2,45,2,1,0
24,1,21,5,3424,34,0,40,2,1,0
35,8,6,1,4220,314,1,40,1,8,0
58,5,19,1,5540,36,1,40,1,9,1
47,1,22,1,3245,39,0,40,2,1,1
71,6,21,5,2040,36,2,4,1,1,1
33,6,16,5,2360,37,0,30,2,1,0
65,1,19,1,700,9,0,40,2,1,1
26,1,16,5,6360,19,2,80,1,1,0
54,1,21,1,4600,303,1,36,2,1,0
52,5,22,5,565,110,2,40,2,1,0
56,1,18,1,1460,12,0,58,1,1,1
57,7,15,1,6410,13,0,40,1,1,0
43,1,20,1,5860,24,1,40,2,2,0
38,1,16,5,4760,36,0,25,2,1,0
33,1,19,1,6230,6,1,35,1,1,0
59,1,16,1,3603,22,0,40,2,2,0
51,2,20,1,3255,18,0,36,2,2,1
59,1,16,5,8990,26,0,40,2,1,0
60,1,1,3,4220,26,0,40,1,1,0
48,1,16,1,6515,1,9,60,1,1,1
35,5,21,1,1360,46,1,43,1,1,1
44,1,20,5,630,19,0,45,2,1,1
43,1,19,1,4510,34,1,45,2,1,0
48,1,16,3,4850,303,0,30,2,8,0
54,1,20,1,3220,48,0,36,1,1,0
40,1,16,1,9640,72,0,40,2,1,0
39,1,22,1,705,210,0,40,1,6,1
33,1,16,5,6520,362,11,40,1,1,0
71,7,21,2,4920,233,0,4,2,6,0
37,5,19,3,5820,48,2,15,2,1,0
36,1,16,3,7830,56,0,40,1,1,0
25,1,21,1,830,36,0,35,1,1,1
23,1,16,1,3603,39,9,40,2,1,0
59,1,16,1,5740,45,1,10,2,1,0
46,1,21,5,5240,36,0,40,1,1,1
42,1,12,3,9130,303,10,40,1,8,0
23,1,19,5,7700,17,2,52,2,9,0
52,1,16,1,6260,41,1,40,1,1,0
40,1,16,3,7800,27,2,20,1,1,0
58,1,20,1,1460,13,0,40,1,1,1
26,1,18,5,5400,5,0,32,2,1,0
27,4,21,5,3870,37,5,43,2,2,1
34,1,24,5,440,6,12,35,2,1,0
55,1,18,3,9130,37,0,58,1,1,0
31,7,21,5,2360,48,0,15,1,9,0
37,1,16,1,7140,6,0,40,1,1,1
46,1,21,3,1306,41,0,50,1,1,1
48,2,19,1,9130,17,1,55,1,1,1
67,1,18,3,4230,30,0,10,1,1,0
44,4,24,3,2555,40,0,50,2,2,1
33,2,19,5,2545,47,7,40,2,2,0
61,2,23,1,2100,36,0,40,1,1,1
49,5,19,1,440,45,1,40,2,2,1
70,1,21,1,5240,36,0,40,1,1,0
32,1,16,5,3602,48,2,40,2,1,0
33,2,19,5,3500,23,13,48,2,1,1
48,1,18,1,4760,53,0,40,2,1,0
44,6,22,1,2850,139,0,10,2,1,0
78,1,23,1,3261,207,0,16,2,6,0
55,1,23,1,2100,6,1,55,1,1,1
27,1,21,1,310,29,1,50,2,1,0
37,1,1,1,4220,303,0,40,1,8,0
38,6,16,1,6240,39,9,30,1,1,0
30,1,21,1,725,164,0,30,2,1,0
56,1,18,1,7200,13,1,60,1,1,1
52,1,16,3,9620,37,17,12,1,2,0
57,1,22,1,850,55,1,30,2,1,1
44,1,21,3,7700,39,0,40,1,1,1
44,1,18,1,8140,5,0,43,1,1,0
65,1,14,3,5850,10,0,40,2,1,0
57,1,20,5,5710,9,0,40,2,1,1
42,4,22,5,2205,6,2,40,2,1,0
34,1,21,5,2920,36,0,40,2,1,0
22,1,19,5,4030,6,2,25,1,1,1
25,1,21,1,4720,66,1,20,2,1,0
39,1,21,3,9240,26,0,50,1,1,1
21,1,19,5,4720,24,17,12,1,1,0
62,1,19,1,9130,48,0,60,1,2,1
59,1,19,1,310,36,0,40,1,1,0
44,1,15,5,8000,13,0,40,1,2,0
56,1,20,3,5110,303,0,32,2,5,0
63,1,17,1,5110,13,0,40,2,1,0
57,2,1,1,220,39,1,40,1,1,0
42,1,19,1,8255,55,0,40,2,1,0
33,1,22,1,1530,215,0,45,1,6,1
26,1,21,1,4700,229,0,40,2,6,0
33,1,16,1,8140,1,0,40,1,1,0
83,4,18,2,3602,312,6,60,2,8,0
56,1,23,1,10,36,1,55,2,1,1
44,4,19,1,3740,37,0,50,1,1,1
60,1,17,3,5600,21,0,40,2,1,0
31,1,21,1,4760,36,0,60,1,1,1
48,5,17,1,9430,42,0,40,1,1,1
59,1,11,1,4740,303,1,40,1,1,0
58,1,16,1,4700,51,0,40,1,1,0
33,1,18,1,4220,18,9,20,2,1,0
19,2,19,5,2040,47,2,20,2,1,0
54,1,18,1,8740,26,1,50,1,1,1
19,1,16,5,4720,48,2,15,2,1,0
17,1,16,5,9130,39,2,15,1,1,0
18,1,16,5,4720,12,2,33,1,2,0
30,1,16,5,310,11,0,40,2,1,0
39,1,24,1,3090,51,0,74,1,1,1
58,1,19,1,4810,17,0,44,2,1,0
28,1,20,5,9365,17,2,45,1,1,0
68,1,6,2,9600,303,0,50,1,8,0
17,1,14,5,4110,53,2,11,2,1,0
57,4,20,5,2310,45,0,37,2,2,0
43,4,20,1,3603,440,1,40,2,2,0
62,4,22,1,2320,45,1,50,2,1,1
62,2,19,2,3515,6,0,40,2,1,0
27,4,16,5,4220,6,0,24,1,1,0
49,1,19,1,5740,13,1,50,2,1,0
51,1,16,3,6230,26,2,40,1,1,0
51,1,19,1,5860,6,0,37,2,1,0
22,1,16,5,8800,29,0,40,1,2,0
67,2,23,5,3255,210,0,32,2,9,1
22,1,20,5,5860,6,12,32,1,1,0
52,2,20,3,6200,39,0,40,1,1,0
53,1,21,1,2640,6,1,45,1,1,1
76,7,14,3,8140,48,0,40,1,1,0
27,1,18,1,7315,27,1,40,1,1,0
28,1,19,3,9645,29,0,45,1,1,0
33,1,16,1,6305,26,9,40,1,3,0
26,2,19,5,4110,29,13,20,2,1,0
47,1,19,1,9620,34,0,35,2,9,0
59,1,19,3,2905,36,0,50,1,1,1
37,1,20,3,4055,26,2,32,2,1,0
48,1,1,1,5240,312,0,40,1,8,1
17,1,14,5,6050,19,2,35,1,1,0
34,1,19,1,5400,72,0,15,2,1,0
50,1,21,1,9030,49,0,55,1,1,1
38,1,20,1,5860,157,0,20,2,1,0
59,1,21,1,3160,12,1,32,2,1,1
29,1,22,5,520,6,2,40,2,6,1
53,4,16,3,5740,24,0,40,2,1,1
74,6,18,2,3602,51,0,20,2,2,0
75,1,21,1,3050,51,0,30,1,1,1
25,1,16,4,4720,6,5,55,2,1,0
46,1,19,1,9600,37,0,43,1,1,0
55,2,22,1,350,315,1,40,2,1,1
34,3,16,1,4010,18,0,45,1,1,0
46,3,20,1,3720,6,0,48,1,1,1
41,1,21,1,110,19,0,50,1,1,1
72,5,19,1,5240,40,1,5,2,1,0
44,1,16,1,5100,36,1,40,2,2,0
34,1,21,1,120,42,0,40,2,2,0
48,4,17,3,2545,24,0,40,2,1,0
24,1,16,5,5165,40,10,40,2,3,0
54,2,16,5,420,13,12,40,1,1,0
38,1,15,1,4720,6,0,40,2,1,0
25,1,16,1,4220,312,5,40,2,2,0
23,1,21,5,51,53,13,5,2,1,0
33,7,16,1,6230,55,1,45,1,1,1
51,6,20,1,205,27,1,50,1,1,1
53,1,16,1,9130,17,1,50,1,1,1
64,1,16,1,4810,55,0,40,2,1,1
63,1,13,1,7700,37,1,40,2,1,0
40,1,20,1,7010,72,1,40,1,1,0
38,1,21,5,5240,55,0,43,2,1,0
30,1,22,5,5740,332,13,35,2,2,0
23,1,16,5,4140,45,2,35,1,2,0
32,1,16,5,8140,303,0,45,1,8,0
61,1,18,1,4621,39,1,50,2,1,1
58,2,13,5,9620,39,10,40,1,1,0
22,1,19,5,5740,37,12,30,1,1,0
49,4,21,1,1010,31,0,40,1,6,1
49,1,16,1,4710,23,0,40,1,1,1
26,2,21,5,2865,1,12,35,2,1,1
39,4,24,1,2205,18,1,40,1,1,0
23,2,21,1,5400,6,9,36,2,1,0
23,1,19,5,4140,36,0,36,1,1,0
36,6,21,1,4600,19,1,20,2,1,0
52,1,21,1,910,19,0,40,1,1,1
52,1,22,4,2320,42,0,50,2,1,1
43,3,16,5,440,42,0,40,2,1,1
60,1,13,1,4521,231,1,30,2,6,0
57,1,18,5,7750,303,15,40,1,1,0
32,1,21,5,4760,45,0,50,1,1,0
32,5,21,4,4640,440,0,40,1,2,0
49,3,16,1,2545,34,1,40,2,1,0
36,1,20,3,4110,8,0,20,2,1,0
50,1,16,1,4040,138,0,32,2,1,0
23,1,19,5,4920,6,0,42,2,1,1
50,1,22,1,800,35,1,45,2,1,1
32,1,16,1,310,9,1,30,2,1,0
32,1,21,1,710,24,0,40,1,1,1
40,2,21,5,2350,12,2,20,1,1,0
54,6,16,1,9130,13,0,40,1,1,1
54,2,22,1,120,163,0,40,2,1,1
36,3,18,3,5740,34,15,38,2,1,0
34,6,17,5,205,36,5,45,1,1,0
55,1,20,1,600,16,16,40,2,1,0
39,1,16,1,4020,36,0,40,1,2,0
22,1,19,5,735,207,12,40,2,6,0
26,1,19,1,3323,48,9,38,1,8,1
40,1,21,3,4850,21,0,45,1,1,0
54,1,16,1,5120,27,1,45,2,1,1
59,1,21,1,705,34,1,32,2,1,0
37,1,19,5,4700,6,0,40,2,1,0
21,1,17,5,6260,4,2,40,1,1,0
39,2,21,1,1760,36,0,40,2,1,1
30,1,21,1,136,17,0,40,1,1,0
38,2,9,1,6050,303,17,40,1,9,0
35,1,16,1,6250,42,1,45,1,1,1
19,1,18,5,3602,6,12,58,1,1,0
56,1,16,1,6305,42,1,40,1,1,1
56,6,15,2,4510,12,0,25,2,2,0
34,5,21,1,5550,20,1,40,1,1,0
29,1,21,5,1720,427,2,40,2,2,1
68,1,21,5,5860,6,0,35,2,1,0
39,2,21,5,5710,333,5,40,2,2,0
57,1,20,1,800,42,1,45,2,1,0
33,1,21,1,9640,361,0,32,2,8,0
19,2,19,5,5240,29,17,30,2,1,0
57,1,19,1,20,36,1,65,1,1,1
60,4,19,3,3710,36,0,50,1,1,1
47,1,22,1,1800,34,0,40,1,1,1
24,1,21,5,2360,8,2,40,1,1,0
21,5,19,5,9830,20,17,50,1,1,0
32,1,18,5,4020,17,13,50,1,6,0
19,2,19,5,2205,210,17,5,2,6,0
41,1,16,1,7220,37,0,40,1,1,1
21,2,16,5,4600,18,2,28,2,1,0
19,1,16,5,6050,26,2,30,1,1,0
65,1,21,3,2001,48,2,60,1,1,0
35,1,16,4,9645,19,2,34,2,1,0
53,1,16,1,5740,39,0,42,2,1,0
55,1,17,1,5740,37,1,36,2,1,0
43,1,19,1,4850,6,1,20,1,1,0
60,1,16,3,9620,25,0,25,1,1,0
33,6,21,1,2861,12,1,12,2,1,0
48,6,19,1,3602,360,1,20,2,1,0
61,2,21,1,5320,36,0,35,2,1,0
31,1,19,1,3255,42,1,40,2,1,0
43,3,16,1,3870,128,1,36,1,1,1
44,1,23,3,4010,6,0,15,2,1,0
57,1,16,1,3603,13,1,15,2,2,0
36,7,23,5,3010,6,0,40,2,1,1
53,1,20,1,540,209,1,40,2,6,0
57,1,21,5,4720,48,0,30,2,1,0
52,1,21,4,2014,327,0,40,1,1,1
39,2,24,1,705,6,1,40,2,1,1
51,1,21,1,6230,42,0,40,1,1,1
45,1,21,3,5860,9,13,38,2,1,0
25,2,17,5,6355,54,0,40,1,1,0
41,1,21,1,3030,42,0,40,2,1,0
45,1,18,4,6442,51,2,40,1,1,0
29,6,21,1,850,44,2,25,1,1,0
21,1,19,5,4350,36,2,15,2,1,0
38,2,18,3,8640,6,0,46,2,8,0
52,2,18,1,137,42,1,48,1,1,1
38,7,20,1,4230,362,1,20,2,1,0
32,1,21,5,150,11,0,40,2,1,0
30,1,21,1,4521,36,2,35,2,2,0
19,1,18,5,4110,39,17,4,1,1,0
25,5,17,1,9810,1,0,60,1,1,1
29,1,18,1,3421,47,0,38,2,1,0
34,1,20,5,8030,42,0,40,1,1,1
52,7,16,1,8030,6,1,40,1,8,0
25,4,22,5,2205,6,2,15,2,1,0
32,1,16,5,5120,6,2,40,1,1,0
18,1,19,5,4720,18,17,20,2,1,0
44,1,19,1,5000,55,1,40,1,1,0
65,1,22,1,4700,210,6,40,1,6,0
35,1,1,3,9645,303,13,32,2,1,0
23,1,19,5,4110,45,2,4,2,1,0
64,2,16,3,5120,18,0,40,1,1,0
57,1,19,1,120,49,0,40,1,1,1
26,4,16,5,3802,51,0,40,1,2,0
50,6,19,5,3630,37,0,30,1,1,0
21,1,20,5,5240,1,2,40,2,1,0
62,6,21,3,230,1,0,30,1,1,0
66,8,22,5,3602,26,0,24,2,2,0
22,1,16,5,4020,18,12,40,1,1,0
32,6,16,1,710,40,1,60,1,1,1
49,1,16,3,8990,13,0,40,1,2,0
48,7,21,1,410,48,0,45,1,1,0
27,1,18,5,9620,40,2,40,2,1,0
32,1,21,1,120,48,0,40,2,1,1
51,1,19,1,4850,2,0,40,1,1,1
28,3,22,5,2014,47,0,40,2,1,0
59,2,22,1,10,20,0,45,2,1,1
30,3,21,1,3802,6,1,42,1,8,0
68,1,16,3,5240,6,0,20,2,1,0
36,1,22,1,440,9,1,55,2,1,1
38,1,22,1,710,25,1,60,1,1,1
19,1,19,5,4622,37,17,15,2,1,0
22,3,19,5,4640,6,17,20,2,9,0
63,1,16,1,1360,21,0,55,1,1,0
17,1,18,5,5240,36,2,24,1,1,0
56,3,19,3,9121,6,0,15,1,1,0
33,6,16,5,9130,72,0,40,1,1,1
18,1,16,5,4055,18,17,10,2,1,0
29,3,21,1,3870,6,0,40,1,1,1
60,1,24,1,2100,44,1,40,1,2,1
22,1,19,5,4500,72,2,30,1,8,0
59,5,19,1,5740,48,1,40,2,9,0
33,1,9,1,4252,303,1,30,1,1,0
53,1,21,4,1108,26,16,40,1,1,0
61,2,22,1,136,6,0,45,2,1,1
57,1,21,3,5240,217,0,40,2,6,1
59,1,16,1,6260,28,1,40,1,2,0
26,1,18,5,9265,48,13,48,1,2,0
19,1,19,5,4110,42,2,30,1,1,0
53,1,9,4,4251,303,6,40,1,1,0
54,1,16,5,9645,47,13,40,2,2,0
55,1,16,1,120,22,1,40,2,1,0
53,1,19,1,3500,18,1,40,2,1,0
73,2,21,1,102,6,0,40,1,1,1
35,1,20,3,5940,53,0,40,2,1,0
25,1,16,1,7200,35,1,40,1,1,0
46,1,19,3,3645,303,0,40,2,1,0
66,1,19,1,7000,18,0,50,1,1,1
57,1,20,1,440,55,0,50,1,1,1
42,1,11,1,3601,368,0,48,2,8,0
26,1,21,5,4010,55,0,40,2,1,0
52,1,20,3,4110,26,0,40,2,1,0
43,2,21,1,230,42,0,40,2,1,0
44,2,20,1,3255,48,0,36,2,1,1
63,3,16,1,5320,27,0,20,2,1,0
47,2,17,5,4230,39,0,30,2,2,0
60,7,24,3,1825,6,0,35,2,1,0
51,1,18,1,4760,31,1,40,2,1,0
30,1,17,5,8040,17,0,24,1,2,0
26,2,23,1,3160,51,0,40,1,1,0
47,1,16,5,9645,66,0,40,2,1,0
58,1,19,1,4760,17,1,29,2,1,0
54,1,16,1,4020,26,1,30,2,1,0
26,1,21,5,725,26,13,40,2,1,1
55,2,19,3,7000,21,0,40,1,1,0
37,1,16,1,5240,48,1,30,2,1,0
59,7,23,1,3090,301,1,50,1,1,1
19,1,16,5,2545,6,12,30,2,1,0
45,1,19,1,4710,55,1,40,1,1,0
45,3,20,3,6260,42,0,40,1,1,0
29,6,16,1,4655,229,0,70,2,6,0
39,1,20,5,3255,44,0,40,2,1,0
22,1,17,5,6260,12,2,15,1,1,0
60,2,21,1,2025,209,0,99,1,6,0
65,1,18,3,5240,40,0,40,2,1,0
54,1,16,5,5610,55,2,40,1,1,0
53,4,22,1,2205,39,0,40,2,1,1
44,1,16,1,3323,217,1,52,1,6,0
63,7,16,3,4700,8,0,40,1,1,0
49,1,21,5,5100,1,0,40,2,1,0
36,2,21,1,540,25,0,40,2,1,1
20,1,18,5,5600,35,2,35,2,8,0
38,2,21,1,845,36,0,40,2,1,1
62,5,16,1,9130,39,1,40,1,1,1
57,1,16,1,310,243,0,70,1,1,1
32,1,19,4,4040,42,0,30,2,1,0
28,1,18,1,5610,106,1,40,2,1,0
25,1,21,5,4640,25,17,40,2,1,0
27,1,16,5,5610,303,0,50,1,8,0
34,3,21,1,2545,27,1,32,2,1,0
64,1,21,1,5400,19,0,40,2,1,0
35,1,22,1,2205,36,0,20,1,1,0
31,1,16,5,5240,42,15,65,2,2,0
51,1,16,5,205,6,0,40,2,1,1
34,4,23,1,3820,56,1,40,1,1,1
54,3,9,1,4220,303,0,40,2,9,0
46,1,21,5,4240,47,0,40,1,1,1
41,6,8,4,4210,303,0,40,1,1,0
37,1,21,1,1530,20,1,40,1,1,1
76,1,16,1,9130,17,1,6,1,1,0
20,1,19,5,5860,37,2,8,1,8,0
19,1,16,5,3640,8,2,20,2,1,0
65,1,20,1,5740,12,0,40,2,1,1
32,1,16,3,4230,39,13,30,1,1,0
58,7,20,1,230,462,0,40,1,1,0
36,6,20,1,440,164,1,40,1,1,1
50,4,21,1,5740,72,6,40,2,1,0
53,1,21,1,910,6,1,60,1,1,0
54,1,16,1,9130,37,1,55,1,2,0
26,1,16,5,4700,207,13,40,2,6,0
35,1,20,5,9645,4,13,40,1,1,1
32,1,21,1,20,16,1,25,2,1,0
34,1,21,5,52,48,0,40,1,1,1
37,1,22,1,440,24,0,90,1,1,1
46,1,19,1,1306,50,0,50,1,1,1
46,1,22,1,2300,333,1,40,2,2,0
37,1,18,1,8130,17,0,45,1,1,0
34,1,16,1,5000,22,1,70,1,1,1
23,1,18,5,8250,34,2,30,1,1,0
50,3,19,1,2435,41,0,88,2,1,0
52,1,16,1,9130,303,0,40,1,8,0
64,6,21,1,2360,27,1,20,2,1,1
25,1,16,5,20,18,0,45,2,1,0
40,1,20,1,1541,39,0,45,1,1,1
23,1,17,5,4040,29,2,36,1,9,0
59,1,19,1,410,26,0,50,2,1,1
33,1,16,5,4850,17,0,40,2,1,0
50,6,18,1,440,41,1,30,2,1,0
37,1,20,1,6850,54,0,46,1,1,1
49,1,12,1,4010,6,0,40,2,9,0
22,1,16,5,7700,53,0,55,1,1,1
55,3,22,1,2310,41,1,40,2,1,1
28,2,22,1,5320,6,0,20,1,1,1
51,1,21,1,5260,22,1,10,2,1,0
39,1,22,1,2310,31,0,40,2,1,1
52,1,18,1,6355,25,1,40,1,1,1
48,1,16,1,8990,11,1,40,1,2,0
67,2,22,1,2040,37,0,16,1,1,0
33,6,23,5,845,53,2,80,1,2,1
24,1,21,5,5600,48,13,12,2,1,0
20,1,16,5,4220,39,2,25,2,2,0
26,1,16,5,4760,40,2,40,1,5,0
37,1,19,3,4760,40,2,25,2,1,0
41,2,21,1,2014,39,0,50,2,1,0
63,1,19,1,7410,55,0,40,1,1,1
22,1,19,1,5160,37,0,30,2,1,0
42,3,20,3,2545,53,0,31,2,1,0
39,3,19,1,3740,6,0,56,1,7,1
56,5,18,1,5540,39,1,40,2,1,1
30,1,22,1,9645,436,1,40,2,1,0
70,1,16,1,9130,42,0,52,1,1,0
45,1,16,3,4020,37,0,35,1,1,0
61,3,20,1,6355,6,0,50,1,1,1
59,1,22,1,3256,42,0,40,1,1,1
53,3,22,1,705,23,0,40,1,1,1
32,1,15,5,4700,54,0,50,1,1,0
18,1,14,5,9620,48,7,30,1,2,0
18,1,16,5,4251,55,2,20,2,1,0
56,1,16,1,8140,48,0,40,1,1,0
26,1,18,1,9645,48,7,40,1,8,0
69,6,21,1,910,18,1,40,1,1,1
58,6,21,1,2635,17,0,20,2,1,1
59,1,19,1,4840,34,0,35,1,1,1
45,1,18,1,220,233,0,40,1,1,0
39,1,23,1,3250,36,1,35,2,1,1
22,1,19,5,9130,416,2,10,1,2,0
59,4,12,1,3602,13,0,40,2,2,0
20,1,19,5,4850,4,2,16,2,1,0
39,3,16,1,6305,27,0,40,1,1,1
38,1,22,1,20,36,0,60,1,1,1
59,2,20,1,3930,13,0,29,1,1,0
46,1,9,1,9640,314,1,40,2,1,0
59,1,21,3,4940,36,0,30,1,1,0
42,1,16,3,5240,42,13,40,2,1,0
26,1,19,1,7410,34,0,55,1,1,1
34,1,21,5,2905,36,15,60,1,1,0
50,2,21,1,3655,6,0,40,2,1,1
26,1,17,5,4110,327,0,35,2,1,0
28,1,22,1,1006,210,0,8,2,6,0
29,3,23,5,3090,242,0,70,2,6,0
71,2,21,1,2310,17,1,16,2,1,0
65,7,22,1,800,22,0,50,1,1,1
32,4,16,5,7020,39,12,40,1,1,0
18,1,18,5,9610,17,17,20,1,1,0
63,6,21,1,800,6,1,15,2,1,0
31,1,21,5,5110,360,2,40,2,1,0
17,1,13,5,4251,26,2,30,1,1,0
43,6,22,4,4850,120,0,40,1,1,0
48,1,21,1,705,233,1,40,1,6,0
65,6,19,1,8030,23,0,20,1,1,0
60,1,20,3,1555,37,0,40,1,1,1
35,1,21,1,1530,29,1,50,1,1,1
59,7,19,1,4510,25,1,40,2,1,0
62,3,18,1,3602,53,1,20,2,3,0
29,6,19,5,4600,36,0,56,2,1,1
37,1,16,5,8800,21,0,40,2,1,0
46,2,20,1,3255,6,1,30,2,1,0
58,1,22,1,150,41,0,45,2,1,1
72,1,16,3,5940,47,0,16,2,1,0
69,6,10,1,6442,48,0,20,1,1,0
39,4,19,5,3802,47,0,30,2,9,0
36,1,21,3,140,1,0,47,1,1,1
43,1,21,1,120,27,0,40,2,1,1
67,1,16,1,9141,31,0,16,1,1,1
45,1,19,3,5260,51,13,20,2,1,0
36,1,17,1,4700,36,1,50,2,1,1
27,1,21,1,6410,6,10,50,1,1,0
48,1,9,1,8140,72,0,40,1,1,0
32,1,22,1,630,9,1,50,2,1,1
65,6,21,1,4621,6,1,25,2,1,0
23,1,21,5,630,236,5,45,2,1,0
26,1,21,5,5940,207,0,60,1,6,1
19,1,19,5,4720,41,17,20,2,1,0
56,2,21,5,5310,19,0,40,2,1,0
63,1,18,1,4700,23,0,45,1,1,1
61,1,16,2,3323,29,0,32,2,1,1
32,1,17,1,4110,26,1,25,2,1,0
30,2,16,1,4230,303,0,40,2,8,0
60,1,16,1,4700,19,0,50,1,1,1
30,3,22,1,2300,8,0,50,2,1,0
33,1,17,1,4720,25,0,25,2,1,0
23,1,21,5,4760,39,12,40,2,1,1
33,1,18,1,9645,21,1,40,2,1,0
64,1,21,5,800,42,0,40,2,1,1
63,1,22,3,3245,6,0,50,2,1,0
33,1,19,5,4760,17,0,43,1,2,1
30,1,21,5,520,51,0,39,1,1,0
21,1,19,5,4530,12,12,40,2,1,0
20,1,16,5,4110,36,7,20,2,1,0
44,1,21,1,850,29,1,40,1,1,1
54,1,20,1,8130,27,0,55,1,1,1
42,6,20,1,4230,56,0,35,2,1,0
59,4,16,5,4251,34,16,20,1,1,0
38,2,20,1,440,6,1,42,2,1,0
79,7,18,1,4840,26,0,30,1,1,0
42,1,19,1,5240,48,1,40,1,2,0
24,1,13,5,4020,19,15,40,1,1,0
35,1,19,1,1555,217,1,15,2,6,0
46,1,15,4,8950,303,13,24,2,1,0
50,1,21,1,4710,51,0,50,1,1,1
31,2,18,1,5240,6,0,40,2,1,0
60,2,17,1,4220,6,0,40,1,1,0
47,1,18,1,5120,39,1,40,2,1,0
57,1,16,1,4251,303,0,24,1,1,0
66,1,19,1,102,48,1,40,1,1,1
26,1,12,5,6515,36,13,40,1,8,0
20,1,18,5,5400,6,2,32,2,1,0
34,1,15,1,7340,17,1,45,1,1,0
23,1,16,5,4850,39,15,40,1,1,0
55,1,22,1,4850,20,0,45,2,1,1
19,1,19,5,3648,51,12,40,1,1,0
35,1,20,1,3255,17,1,24,2,1,0
49,2,24,1,2205,13,0,45,1,1,1
18,1,19,5,4720,20,2,25,2,2,0
51,1,21,3,3255,344,0,40,2,2,0
30,1,17,5,9720,26,13,40,1,1,0
23,1,16,5,3500,6,2,40,2,7,0
26,1,16,1,4435,6,1,40,1,1,0
39,4,22,1,2300,33,1,35,2,1,1
66,7,22,1,800,301,0,45,1,6,1
49,1,18,1,5810,48,1,40,2,1,0
24,1,20,5,9142,327,0,55,1,8,0
24,1,21,5,5940,53,0,42,1,1,0
52,1,1,1,9620,5,1,30,1,1,0
63,1,19,1,5840,6,1,40,1,1,1
26,1,21,5,1360,6,0,44,1,1,0
44,1,21,1,2320,19,0,50,2,1,1
66,1,19,1,4760,26,1,50,1,1,0
60,1,19,3,9122,5,0,25,2,2,0
51,3,21,5,5940,48,2,4,1,2,0
34,1,19,1,5860,37,1,45,2,2,0
51,1,9,1,7855,303,0,40,1,1,1
59,1,16,2,4220,37,0,40,2,1,0
18,1,18,5,1050,26,17,20,2,1,0
56,1,16,1,6130,41,0,32,1,1,0
42,1,22,1,440,42,0,60,1,1,1
39,4,21,1,2310,20,0,45,2,1,0
27,1,19,5,5940,1,0,40,1,2,0
29,1,16,5,3603,427,12,40,1,2,0
57,3,20,3,6660,40,0,40,1,1,0
39,1,21,1,5000,332,10,35,1,2,0
26,1,16,5,4110,41,0,35,2,1,0
34,1,21,1,4720,44,0,20,2,1,0
58,1,16,1,8630,26,1,40,1,1,1
28,1,21,5,850,212,0,20,1,1,0
48,1,18,1,136,6,0,40,2,1,0
29,1,21,5,5740,6,2,40,2,1,1
27,1,21,1,3255,51,1,24,2,1,0
55,3,23,1,2320,27,1,45,2,1,1
57,7,13,1,5000,508,0,12,1,6,1
62,1,16,1,4230,42,0,40,2,1,0
45,3,21,1,3870,34,0,40,1,1,1
46,1,8,1,8800,303,1,40,1,1,0
62,1,21,1,3255,233,0,50,2,9,1
31,1,22,5,800,9,0,50,1,1,1
20,1,19,5,9620,329,4,40,1,8,0
36,1,17,1,7320,6,1,40,1,1,0
45,1,20,1,10,22,0,46,1,1,1
30,1,21,1,220,42,1,60,1,1,1
55,2,20,1,5110,9,0,38,2,1,1
60,1,21,1,4230,233,0,32,1,6,0
37,3,13,3,3255,41,0,40,2,2,0
42,2,20,1,420,36,1,45,2,1,1
59,2,16,1,5110,45,1,40,2,1,0
36,1,22,5,350,36,5,43,2,1,1
63,2,22,1,2025,18,0,40,1,1,1
51,4,21,1,5120,17,0,40,1,1,1
26,1,16,5,7855,51,13,45,1,2,0
31,1,21,1,1006,364,1,50,1,1,1
48,1,21,3,4220,303,0,40,1,1,0
60,1,17,3,4230,48,0,25,2,1,0
70,1,16,2,4760,47,0,40,2,1,1
46,1,21,1,440,209,1,40,2,6,1
75,3,21,2,2310,26,0,12,2,1,0
39,1,20,1,4850,36,0,40,1,1,0
62,1,19,1,440,42,1,40,1,1,1
41,4,21,1,2310,48,0,40,2,1,0
26,1,16,5,8990,48,2,60,1,1,0
58,1,16,5,7905,34,0,40,1,1,1
65,1,16,3,4220,47,13,40,1,1,0
20,1,15,5,51,6,15,30,1,2,0
24,1,21,5,310,16,2,20,2,1,0
45,1,17,1,7330,54,1,40,1,1,1
32,1,18,3,2145,48,0,40,2,1,0
17,1,14,5,9645,6,2,15,1,1,0
57,1,9,3,9610,303,10,40,2,1,0
20,1,19,5,2850,36,17,25,2,1,0
29,4,21,5,2545,6,0,39,2,1,0
45,1,20,1,7140,508,1,40,1,7,0
41,1,19,1,3310,1,0,36,2,1,1
44,2,21,5,5940,303,17,45,2,1,0
72,4,23,1,2205,6,0,40,1,1,1
35,1,18,5,4700,32,13,40,2,1,0
36,1,20,1,6355,8,1,50,1,1,0
74,3,22,1,2310,110,0,35,1,1,1
56,4,21,1,2710,36,0,42,1,1,1
30,6,18,5,2850,53,2,1,2,1,0
53,1,22,1,7855,47,1,50,2,2,1
60,3,22,5,2310,36,0,40,1,1,1
59,6,16,1,6410,55,0,25,2,1,1
71,5,22,2,3401,27,0,40,2,1,0
42,1,19,1,5840,17,1,40,1,1,0
50,1,16,1,9005,51,5,40,1,2,0
24,4,21,5,2310,37,0,40,2,1,0
69,4,16,1,3802,22,1,50,1,2,1
51,1,20,1,5810,301,1,40,2,1,0
47,6,16,1,2910,212,1,40,1,1,0
57,1,19,1,7330,39,0,40,1,1,1
31,1,21,5,1530,34,0,33,1,9,1
53,2,22,1,726,36,0,50,2,1,1
58,2,22,3,2320,17,0,60,2,1,1
17,1,13,5,4110,21,2,12,2,1,0
55,1,17,5,6520,26,0,60,1,1,0
23,1,16,5,8990,29,2,40,2,1,0
22,1,16,5,6260,6,10,40,1,1,0
18,1,18,5,9645,26,17,20,2,1,0
59,1,21,1,3255,19,1,40,2,1,0
48,1,16,1,9130,36,2,40,1,1,0
35,1,21,1,2360,42,0,40,2,1,1
42,6,18,1,7315,13,0,45,1,1,0
30,1,20,5,7340,303,2,40,1,8,0
24,1,19,5,4040,48,5,40,2,2,0
29,1,16,4,4110,21,0,30,2,1,0
47,6,16,5,4621,25,0,38,1,1,0
25,1,21,5,3602,6,0,54,2,1,0
34,1,21,1,10,329,0,50,1,8,1
44,1,20,5,110,8,0,40,1,1,1
44,1,21,5,4850,27,0,40,1,1,1
21,2,21,5,2545,39,13,5,2,1,0
40,1,16,1,2360,6,0,40,1,1,1
31,5,21,1,5310,17,0,40,1,1,1
28,1,19,1,4110,6,10,15,2,1,0
61,7,21,1,4330,116,0,40,1,1,1
58,1,18,1,9645,363,1,40,2,1,0
59,1,19,1,910,36,1,40,2,1,0
42,2,21,1,2850,4,0,30,2,1,0
61,6,22,1,2555,4,0,20,1,8,0
20,1,20,5,4600,53,2,30,2,1,0
57,6,16,1,7200,312,1,30,1,8,0
28,1,21,5,4760,11,2,40,1,2,0
50,1,20,1,2360,12,0,40,2,1,0
61,6,19,1,2400,36,5,25,1,1,0
56,1,20,1,2205,6,0,40,1,3,1
36,6,21,5,410,36,0,50,1,1,1
62,2,21,1,2040,16,1,10,2,1,0
44,2,21,1,410,42,0,40,2,1,1
28,1,21,1,2330,42,0,38,2,1,1
56,1,16,5,4020,29,0,20,2,1,0
25,1,15,5,6050,12,13,45,1,1,0
19,1,19,5,4740,26,3,25,2,1,0
49,1,19,3,5000,39,5,48,1,1,1
54,2,16,1,5120,42,0,40,2,1,0
41,1,20,1,7750,26,1,40,2,1,0
22,1,21,5,2825,9,2,40,2,1,0
22,1,20,5,9130,49,2,40,1,1,0
44,1,16,1,10,6,1,50,2,1,1
58,4,21,1,1935,36,0,40,2,1,1
26,1,22,1,1430,18,1,40,1,1,1
52,1,17,1,1021,303,6,40,1,8,0
43,1,21,1,9310,28,1,50,1,1,1
25,5,21,1,2100,24,9,40,1,1,0
35,1,21,1,5330,240,0,25,2,6,0
49,6,21,1,2360,25,1,20,2,1,0
57,1,24,1,1760,138,0,46,1,1,1
18,1,16,5,2545,8,2,15,1,1,0
29,1,15,1,8540,247,2,32,1,6,0
25,1,20,1,3050,327,2,8,2,1,0
55,1,20,4,5740,48,10,40,2,2,0
46,1,18,1,7420,6,0,40,1,1,1
30,1,22,1,3230,24,0,35,2,1,0
17,1,14,5,2360,53,2,8,2,6,0
56,1,21,1,530,50,1,50,1,1,1
79,1,24,1,2205,36,0,40,1,1,1
25,1,21,5,1022,45,0,40,1,1,0
57,1,16,1,4110,42,1,35,2,1,0
48,6,9,1,6410,303,0,32,1,8,0
37,1,22,1,136,449,0,40,1,1,1
36,2,17,3,2014,303,0,30,2,1,0
78,6,20,3,4920,11,0,25,2,1,0
20,1,19,5,350,6,2,20,2,8,0
46,1,17,2,4220,20,0,20,1,1,0
41,5,19,3,5550,18,0,48,2,1,1
50,7,11,1,6330,13,1,35,1,1,0
19,1,16,5,9620,37,3,40,1,1,0
57,1,17,3,6200,22,0,45,1,1,1
73,1,16,1,9130,36,0,35,1,1,0
50,8,16,1,4850,34,1,35,1,1,0
51,1,17,1,5860,39,1,37,2,1,0
24,1,19,1,4720,231,1,20,2,1,0
47,6,14,1,4230,5,1,40,2,1,0
60,3,19,1,4220,27,0,40,1,1,1
70,7,24,1,3250,12,1,30,1,1,1
55,3,22,1,3710,8,1,40,1,1,1
25,1,20,5,9620,29,13,55,1,1,0
41,1,16,3,9130,5,0,60,1,1,1
18,1,19,5,5240,26,2,40,2,1,0
52,1,16,1,7810,24,1,35,1,1,0
57,1,14,3,9130,54,13,60,1,1,1
65,1,16,1,9150,46,1,30,1,1,0
38,6,21,1,2910,132,0,10,2,1,0
53,5,1,1,440,9,2,42,1,1,0
45,1,19,3,8140,17,0,40,1,1,1
61,7,16,1,8750,42,1,50,1,9,0
19,1,18,5,4720,6,17,30,2,8,0
49,1,19,1,710,29,0,25,2,1,0
25,1,12,5,6050,312,5,35,1,8,0
44,1,13,1,9122,19,1,25,2,1,0
38,1,16,3,4020,23,0,30,2,1,0
46,1,19,5,4020,370,2,41,1,8,0
49,1,16,1,5000,31,1,50,1,1,0
51,1,16,1,5940,17,0,30,2,1,0
43,3,20,1,2545,55,1,30,2,1,0
64,1,18,1,5400,51,0,12,2,1,0
51,1,20,1,5860,36,1,40,2,1,1
37,5,21,1,3255,22,1,40,1,1,1
69,6,20,1,205,19,0,40,1,1,1
27,1,21,5,440,45,12,40,2,2,0
64,1,21,3,4840,42,0,40,1,1,0
31,1,20,5,3500,26,0,40,2,1,1
23,1,19,5,4010,6,2,25,2,1,0
60,1,21,1,4465,42,0,38,1,1,1
63,2,20,1,3255,42,0,40,1,1,1
55,5,22,1,2205,42,1,38,2,1,1
22,1,21,5,1105,17,0,70,1,1,1
67,1,16,2,9130,42,0,26,1,1,0
44,1,22,1,230,39,1,50,2,1,1
62,4,20,3,2145,39,0,40,2,2,0
47,1,21,1,800,39,1,40,2,1,1
29,1,1,1,9130,210,2,40,1,6,1
47,1,16,1,20,365,0,45,1,1,1
64,3,16,1,5120,37,1,40,2,1,0
44,6,19,1,2850,6,0,10,2,1,0
24,1,19,5,2905,48,10,20,1,1,0
64,7,21,1,4700,36,1,25,2,1,1
28,2,23,1,3090,150,1,90,1,1,1
27,1,19,1,5850,27,1,30,2,1,0
37,1,24,1,1720,210,1,40,1,6,1
37,2,21,1,51,37,1,40,2,1,1
21,1,19,5,4655,39,12,20,1,1,0
35,1,19,1,6260,28,0,50,1,1,0
54,6,16,1,6410,42,1,45,2,1,0
62,1,18,1,5120,38,1,40,2,1,0
23,1,16,1,4230,36,1,30,2,1,0
45,8,16,1,4510,25,0,10,2,1,0
35,1,19,4,8225,47,13,40,1,2,0
52,1,16,1,6260,25,1,40,1,1,1
38,7,16,3,4510,25,0,40,2,1,1
61,6,19,1,810,34,1,60,1,1,0
34,2,22,1,1825,6,0,40,2,1,1
59,1,20,1,3255,36,0,24,2,1,1
60,2,22,3,420,18,0,35,2,1,0
41,1,19,5,4600,28,0,36,2,2,0
48,1,19,3,4220,17,0,40,1,1,0
47,1,21,1,850,39,0,45,1,1,1
23,2,21,5,2016,36,0,40,2,1,0
20,1,19,5,4720,37,0,20,2,1,0
74,1,20,2,4750,27,0,24,2,1,0
31,1,21,5,4850,36,0,50,1,1,1
39,1,21,1,2300,17,1,40,2,1,0
37,1,21,1,6410,303,1,40,1,1,0
38,1,1,1,6260,314,1,32,1,8,1
49,1,16,2,5120,20,0,40,2,1,0
45,1,1,1,3930,29,5,40,1,2,1
55,1,15,1,4130,247,6,40,1,6,0
33,3,21,1,3710,37,1,49,1,1,1
57,4,16,4,2014,42,0,6,2,1,0
29,1,19,5,5240,6,0,40,2,1,0
33,4,19,3,5000,29,13,40,2,1,0
55,1,10,1,7750,6,0,40,1,1,1
21,1,16,5,4920,25,0,47,1,1,0
24,1,16,5,630,6,15,40,2,1,0
55,5,18,4,3930,39,0,40,2,2,0
53,1,20,1,9122,440,1,40,2,2,0
54,4,22,1,3802,26,0,60,1,1,1
44,2,24,1,3090,138,1,55,1,1,1
47,2,21,3,60,25,0,50,1,1,1
57,1,16,1,7220,8,1,45,1,1,1
44,1,17,1,52,24,0,48,2,1,0
19,1,16,5,4055,31,2,20,1,1,0
40,1,16,1,6330,303,2,44,1,8,0
27,2,21,5,230,9,17,40,1,1,0
38,3,21,5,2310,39,0,35,2,1,0
30,1,22,5,530,36,12,45,1,6,0
61,3,19,1,3801,48,0,28,1,8,0
31,4,21,5,2310,8,13,60,2,1,1
46,5,17,1,5740,53,1,40,2,1,0
32,2,21,5,3602,54,15,40,1,1,0
40,7,23,1,2100,39,0,50,1,1,1
54,1,4,1,9130,327,0,55,1,1,1
37,5,23,5,2100,360,0,40,1,6,1
57,2,23,1,3090,327,1,45,1,1,1
29,1,20,1,3255,233,1,40,2,6,0
54,6,19,1,4251,31,0,35,2,1,0
26,1,21,5,5840,6,13,40,2,8,0
65,1,16,1,9620,40,1,40,2,1,0
60,1,16,1,4720,42,1,40,2,1,0
38,1,21,1,205,20,0,60,1,1,1
19,4,19,5,2555,6,17,17,2,1,0
28,1,20,1,5330,6,1,40,2,1,0
26,1,21,5,4030,6,0,40,2,6,0
44,1,13,5,4020,37,2,40,2,1,0
47,1,18,5,9645,51,0,40,1,1,0
47,1,22,5,2840,120,10,40,2,1,0
22,1,20,5,4600,23,2,25,2,1,0
40,3,22,1,2320,50,1,50,1,1,0
67,5,20,3,1555,39,0,32,1,2,1
37,1,14,1,9600,48,1,50,1,8,0
34,1,21,1,1108,22,0,42,1,1,0
33,1,20,1,5740,26,0,40,2,9,0
32,1,21,1,9030,6,0,20,1,1,1
53,5,19,2,5240,36,0,40,2,1,1
36,1,16,1,20,6,1,50,1,8,1
40,6,20,5,2360,6,0,15,2,1,0
33,1,19,3,940,10,7,45,1,1,0
56,1,14,3,4700,42,0,50,2,1,0
59,1,21,1,5000,17,1,40,2,1,1
62,1,20,1,1555,39,0,50,1,1,0
70,4,19,1,2861,360,1,4,2,1,0
43,3,21,3,2310,25,13,40,2,1,1
49,1,21,1,230,20,0,41,1,1,1
78,1,21,1,800,42,0,20,1,1,1
48,1,21,2,3520,1,0,40,2,1,0
48,1,18,3,410,42,0,40,2,1,1
24,1,16,5,4220,42,0,22,2,1,0
39,1,16,1,4850,6,0,45,2,1,0
62,1,22,1,4850,35,1,60,2,1,1
40,5,21,1,5550,55,0,40,1,1,1
29,3,21,1,2310,30,0,45,2,1,0
31,1,20,1,5840,207,1,40,1,6,0
72,8,21,1,4760,45,0,18,2,1,0
63,3,21,1,800,12,1,40,2,1,1
54,6,17,1,4700,6,1,20,1,1,0
64,1,18,1,5610,34,0,50,1,1,1
34,6,16,3,9130,17,0,80,1,1,1
59,1,21,1,850,34,0,40,1,1,1
53,6,22,1,1305,17,0,50,1,1,1
64,3,17,1,2545,8,0,35,2,1,0
51,1,22,1,5000,34,0,40,1,1,0
55,4,21,5,3820,6,0,80,2,1,0
34,1,19,1,4840,6,0,42,1,1,0
17,1,14,5,4055,34,3,30,2,1,0
25,1,22,5,5860,207,0,50,1,6,0
28,1,16,5,9600,17,2,40,1,1,0
54,2,23,1,3090,25,0,60,1,1,1
41,1,22,1,1108,39,1,50,2,1,1
32,4,16,5,9610,39,2,40,2,1,0
73,1,16,1,5000,36,1,40,2,1,1
27,1,21,5,1760,24,0,40,1,1,0
46,4,22,1,530,29,0,40,2,1,1
60,2,21,1,120,13,1,50,2,2,1
20,2,19,5,2440,29,17,6,2,9,0
30,1,11,1,4710,42,0,50,1,1,1
42,3,22,1,2310,47,0,40,1,1,1
18,1,14,5,4720,8,2,30,1,1,0
40,6,13,5,4230,55,0,20,2,1,0
40,2,22,5,3245,34,13,32,2,1,0
77,1,11,2,4720,117,0,40,2,1,0
31,5,21,1,650,48,0,50,1,1,1
70,3,21,1,2545,210,0,40,1,6,1
56,1,16,1,8990,55,0,48,2,1,0
67,1,19,1,600,38,0,40,1,1,1
46,1,17,1,4710,49,1,50,1,1,0
35,1,14,5,9600,36,5,40,1,9,0
36,3,22,1,9142,202,0,50,1,6,0
44,1,9,1,4000,365,0,45,1,1,0
63,1,12,1,9130,12,1,39,1,1,0
48,6,9,4,4760,303,0,40,2,1,0
61,1,16,1,4055,12,6,37,2,1,0
49,1,21,1,3050,48,1,60,2,1,1
30,5,21,1,9030,27,1,42,1,1,1
37,5,23,1,2100,36,0,40,1,1,1
36,1,21,3,4965,55,0,50,1,1,1
35,1,19,1,3603,17,0,36,2,1,0
37,1,16,5,1021,301,0,40,1,1,1
50,7,19,1,20,27,1,40,1,1,1
42,1,21,1,51,42,0,45,2,1,1
18,1,18,5,9645,19,2,15,1,1,0
47,1,19,1,5240,50,1,45,1,1,0
25,1,17,5,6410,303,15,40,1,8,0
64,6,21,5,1305,48,0,24,1,1,0
45,1,16,3,1105,9,0,55,1,1,1
27,1,15,5,9620,53,4,20,1,1,0
47,1,22,1,440,20,0,45,1,1,1
60,1,21,1,51,34,1,45,1,1,1
22,1,18,5,4720,31,0,33,2,1,0
26,1,22,1,2300,36,1,40,2,6,0
43,2,19,1,2016,467,0,36,1,2,0
37,1,22,1,1021,210,1,50,2,6,1
32,6,16,5,2920,164,12,30,1,1,0
59,2,20,1,3255,44,1,40,2,1,0
26,1,22,1,1021,207,0,40,1,6,0
53,6,18,1,4230,29,1,50,2,1,0
30,1,18,3,4510,51,2,35,2,1,0
24,1,18,5,310,55,13,45,2,1,0
51,1,20,1,1551,24,0,40,1,1,1
30,1,16,5,3500,6,13,40,2,2,0
25,1,19,5,4750,12,2,45,1,1,0
34,3,21,1,5250,6,0,40,2,8,0
35,1,21,1,4850,370,1,45,1,9,1
62,1,16,5,8990,47,0,42,1,1,0
21,1,18,5,4110,1,13,30,1,1,0
48,2,18,1,4020,29,1,35,2,1,0
64,1,21,5,4220,233,5,10,2,6,0
31,1,11,1,7200,1,16,50,1,1,0
39,1,16,1,9130,55,0,50,1,1,1
23,1,19,1,3640,8,0,35,2,1,0
60,3,18,5,440,17,0,42,1,1,0
31,1,17,1,2300,13,1,10,2,1,0
48,6,21,1,1031,20,0,20,1,1,0
48,1,17,1,9130,41,1,48,1,1,0
72,7,23,1,2100,37,0,40,1,1,1
27,1,18,5,3601,54,0,10,2,2,0
43,6,17,1,8465,18,0,30,1,1,1
35,1,19,1,7315,21,1,40,1,1,0
32,1,22,1,565,21,1,40,1,1,1
43,1,21,5,530,9,0,45,1,1,1
42,1,16,3,4230,6,2,20,2,3,0
54,4,19,3,3424,39,0,40,2,1,0
57,7,21,1,410,217,0,40,1,6,0
20,1,19,5,3645,362,12,20,2,8,0
68,3,18,1,2014,42,1,40,2,1,0
26,1,16,5,3930,42,0,40,2,2,0
52,1,11,3,9130,33,0,20,1,1,0
36,1,16,1,3545,54,0,36,2,1,0
58,2,16,5,4251,36,13,40,1,1,0
40,1,16,1,7750,13,1,66,2,2,0
25,1,16,1,8140,1,1,40,2,1,0
58,1,21,1,3310,6,1,28,2,1,1
39,1,8,1,9130,303,0,50,1,8,0
36,1,19,1,540,72,1,45,2,8,0
46,3,21,1,5000,48,0,40,2,1,1
19,1,16,5,6355,53,10,40,1,8,0
27,3,20,1,3802,37,0,50,1,1,0
47,1,23,1,2100,6,1,70,2,1,1
55,1,16,5,4850,48,0,40,1,1,0
19,2,18,5,20,6,17,20,1,1,0
53,1,16,1,4760,29,1,30,2,1,0
31,3,22,1,2310,25,0,40,2,1,1
21,1,19,5,1555,17,17,17,2,1,0
32,2,21,5,4600,6,4,40,2,1,0
55,7,16,5,6260,39,0,40,1,1,0
34,1,1,1,8225,469,1,60,2,2,0
54,6,16,1,6200,24,0,45,1,1,1
21,2,19,5,3602,27,0,24,2,1,0
71,1,21,1,2320,39,0,6,2,1,1
31,1,20,3,2145,6,0,40,2,1,0
62,1,15,3,4600,370,0,38,2,8,0
55,4,17,1,4220,54,1,40,2,1,0
48,2,22,1,725,17,0,45,2,1,1
43,3,22,1,2002,55,0,16,2,1,0
66,1,20,1,540,37,1,40,2,1,0
48,2,23,1,3090,210,0,40,1,6,1
34,1,21,1,3324,9,1,32,2,1,0
21,1,15,5,4510,24,2,45,2,1,0
37,1,24,1,3100,16,0,60,1,1,1
28,1,21,4,1320,51,0,40,1,1,1
31,1,20,1,3500,21,0,40,2,1,0
26,2,21,5,3255,18,0,36,1,1,1
66,1,6,1,4251,303,0,48,1,1,0
22,1,16,5,8740,27,5,40,1,1,0
54,1,20,1,2016,303,1,40,2,8,0
24,1,16,5,4720,48,2,30,2,2,0
38,2,22,1,2310,48,1,40,2,1,0
60,3,20,1,5740,50,1,40,2,1,0
45,1,16,1,6515,303,0,40,1,8,1
56,1,16,1,1555,26,1,50,2,1,0
54,7,23,1,2100,4,0,45,1,1,1
37,1,21,1,850,210,0,40,1,6,1
39,4,19,1,1108,48,0,40,1,1,0
57,1,21,1,1530,233,1,40,1,9,1
35,1,19,1,5120,362,1,40,2,1,0
73,6,19,1,6200,48,1,40,1,1,0
38,1,1,3,7200,47,0,37,1,1,0
43,1,24,1,1021,210,0,40,1,6,1
38,4,22,1,2002,19,0,45,2,1,1
55,7,23,1,3010,17,1,32,2,6,1
23,1,16,5,7640,48,15,40,1,6,0
28,3,20,1,3802,163,0,40,1,1,0
56,4,19,1,5740,9,1,40,2,1,0
53,1,17,1,7010,47,2,39,1,1,0
49,4,16,3,6230,30,16,35,1,1,0
52,1,22,1,1610,165,1,50,1,1,0
46,1,18,1,3500,23,2,40,2,1,0
23,1,21,5,1240,47,0,45,2,1,1
62,1,19,1,110,48,0,40,2,1,1
60,2,21,1,3605,48,0,40,2,1,0
34,1,16,1,440,17,1,40,1,1,0
28,1,21,1,7700,36,0,40,2,1,1
53,3,16,1,5860,36,1,40,2,1,0
31,1,16,1,4760,12,1,40,2,1,0
48,3,21,1,2320,20,1,50,2,1,0
22,1,1,1,4220,48,0,40,2,2,0
26,4,22,5,2310,6,0,50,1,1,1
52,1,16,3,4710,6,0,46,1,1,1
53,1,16,1,6200,6,0,35,1,1,0
45,4,16,1,4220,6,1,40,1,1,1
28,1,21,5,51,15,2,40,1,6,0
56,1,16,1,9130,39,0,55,1,1,1
68,1,21,1,600,36,0,20,1,1,0
59,1,16,1,1108,48,0,40,1,1,1
41,1,21,1,7210,72,0,40,1,1,0
59,7,24,1,3090,301,0,80,1,1,1
53,3,22,1,630,36,0,45,2,1,1
25,5,18,5,5510,24,2,25,2,2,0
32,1,21,1,4820,47,1,40,2,1,0
34,5,19,4,7330,49,0,40,1,1,1
23,1,21,5,2350,22,0,6,2,1,0
55,4,21,1,1006,18,0,37,1,1,1
55,6,1,5,4230,313,0,10,2,8,0
20,1,19,5,9130,6,2,23,1,8,0
20,1,16,5,9130,26,2,20,1,1,0
31,1,20,1,4110,240,1,40,1,6,0
35,6,21,1,4700,36,0,50,1,1,1
63,7,19,3,2830,25,0,50,1,1,0
55,1,20,1,1350,28,0,40,1,1,1
59,1,16,3,3603,48,12,40,2,2,0
61,1,21,1,4850,42,0,50,1,1,1
21,1,16,5,9645,13,0,40,2,2,0
26,1,21,5,5240,44,12,40,2,1,0
39,1,20,3,3602,42,0,20,2,1,0
28,1,20,5,7950,40,2,40,1,2,1
36,3,21,1,1935,31,1,40,2,6,1
38,2,20,1,3323,210,0,40,2,6,1
45,1,21,1,5240,48,0,40,1,1,1
82,1,16,1,4850,26,0,40,1,1,1
50,2,21,1,3160,20,1,45,1,1,1
25,1,19,1,4700,6,1,40,1,1,0
63,1,22,1,4040,34,0,20,1,1,0
49,2,24,1,2205,16,0,45,1,1,1
46,1,19,1,3323,42,1,40,1,1,1
23,1,19,5,4110,48,0,40,1,1,0
26,1,16,5,9130,39,0,50,1,1,0
62,1,16,1,3602,24,1,40,2,2,0
55,1,16,1,5110,13,1,45,2,1,0
28,2,16,5,5900,24,0,80,2,2,0
59,6,16,1,6130,5,1,30,1,2,0
24,4,21,5,2545,48,12,20,2,1,0
29,1,18,5,3930,215,2,72,1,9,0
30,1,21,5,1065,27,0,40,2,1,1
54,7,18,1,5000,312,1,40,2,1,1
18,1,16,5,4140,12,3,25,1,1,0
17,1,14,5,2722,23,2,15,1,1,0
20,1,16,5,9620,21,2,30,1,1,0
19,1,11,5,4055,26,2,40,1,1,0
29,1,16,5,9620,12,2,25,1,1,0
19,1,18,5,5740,9,17,12,2,1,0
59,4,21,1,750,138,0,45,2,1,0
69,7,16,2,9130,34,0,40,1,1,1
59,1,21,1,2145,36,1,35,2,1,0
23,1,16,5,6260,6,2,20,1,9,0
64,6,19,1,205,301,0,60,1,1,0
48,1,16,1,9130,48,1,50,1,2,1
64,1,19,3,5240,26,0,25,2,2,0
58,1,19,1,8740,31,0,42,1,1,1
59,1,21,1,3110,42,1,20,2,1,0
23,1,21,5,440,48,12,60,2,1,1
55,1,19,5,5240,28,2,40,2,1,0
44,3,22,1,2310,9,1,40,2,1,1
52,7,19,1,4710,370,0,40,1,8,1
39,1,16,4,8990,13,0,40,2,2,1
69,4,21,3,2320,5,0,40,2,2,0
41,1,21,3,4720,361,0,32,2,1,0
53,1,18,5,4220,19,0,40,1,1,0
63,6,16,1,9130,42,0,30,1,1,0
32,1,17,5,4220,33,0,40,1,1,0
41,1,22,1,2850,33,0,50,1,1,0
59,1,21,3,4720,17,0,25,2,1,0
52,1,19,1,9130,48,0,40,1,2,1
56,1,19,5,3500,39,0,50,2,1,1
20,1,14,5,4020,8,2,20,1,1,0
19,3,18,1,3603,29,0,24,2,1,0
56,6,21,2,4230,362,0,40,2,6,1
39,3,22,1,5000,210,1,40,2,6,1
27,7,22,1,1021,42,1,30,1,1,0
31,1,18,5,440,6,0,80,1,1,1
61,7,16,1,6355,48,1,60,1,1,0
25,3,18,5,5860,41,0,40,2,1,0
42,1,16,1,3602,26,0,40,2,1,0
55,1,21,5,5260,39,0,46,2,1,0
33,4,22,5,705,9,0,50,1,1,0
58,3,18,1,3870,6,1,40,1,1,0
23,1,21,5,5420,501,17,10,1,1,0
19,1,16,5,4030,17,2,35,1,1,0
20,2,21,5,710,29,17,30,1,1,0
56,5,19,1,5550,41,1,44,2,1,0
24,1,18,1,9645,29,0,60,1,1,0
65,3,18,3,3430,42,0,30,2,1,0
55,6,20,1,2600,24,1,50,1,1,0
59,1,20,1,3603,310,0,40,1,2,0
25,1,16,5,7750,48,17,20,2,1,0
30,1,21,3,530,48,0,40,1,1,1
49,6,16,1,6230,6,0,40,1,1,0
20,1,19,5,1108,36,17,40,1,1,0
25,1,17,5,4700,26,2,60,2,1,0
31,1,16,5,6410,314,10,50,1,8,0
19,1,14,5,4720,36,2,20,1,8,0
37,3,22,1,2205,29,1,6,2,1,0
58,1,16,1,8990,205,0,20,1,6,0
41,1,16,5,4230,36,17,40,1,1,0
66,2,11,2,8300,247,6,40,2,6,0
46,1,16,1,7700,18,1,40,1,1,1
35,3,17,1,5120,47,0,50,1,1,1
22,1,19,5,4810,41,0,35,1,1,0
23,1,21,5,850,12,2,45,1,1,0
32,1,21,5,7130,110,0,40,2,1,0
49,1,21,1,3310,18,0,20,2,1,0
33,1,19,5,4110,22,0,32,1,2,0
50,1,16,1,5000,205,0,40,1,6,1
43,1,21,1,120,327,0,40,2,1,0
43,1,21,1,4710,45,1,50,1,1,1
61,1,16,1,4525,24,1,20,2,1,0
32,1,21,1,440,26,1,40,1,1,0
38,1,18,3,6442,45,13,48,1,1,0
24,1,16,5,6520,48,2,50,1,1,0
27,1,17,5,4710,210,0,40,1,6,1
55,1,16,3,5350,8,0,42,1,1,0
42,6,16,1,6220,128,1,40,1,1,0
47,3,16,1,3802,21,0,40,1,1,0
50,4,21,1,800,53,0,40,2,1,1
31,1,21,5,705,36,0,40,1,1,0
49,5,21,1,5120,26,0,40,1,2,1
18,1,16,5,2722,36,2,15,1,1,0
47,1,21,3,4760,17,2,40,2,1,0
73,8,16,1,8030,42,1,15,1,1,1
37,1,19,1,4040,39,0,30,1,1,0
41,1,20,5,3603,36,10,40,2,1,0
34,1,20,1,5000,50,1,35,2,1,0
46,1,20,1,8225,303,1,40,2,1,0
47,1,21,3,5740,35,0,40,2,1,0
28,1,19,5,5400,36,7,38,2,1,0
25,1,19,5,7640,17,2,25,1,1,0
54,1,15,5,4020,233,5,25,1,6,0
30,5,19,5,3930,15,0,40,1,7,0
49,1,1,1,6230,303,1,40,1,8,0
28,2,18,1,6230,40,2,40,1,1,0
74,3,22,1,4251,41,0,9,1,1,0
47,1,16,5,5240,247,0,40,1,6,0
17,1,13,5,4130,17,2,8,1,1,0
53,4,22,1,230,39,1,40,2,1,1
59,1,19,1,10,247,1,25,2,6,0
43,2,21,1,2310,8,1,40,2,1,0
80,5,21,4,5550,51,0,40,1,2,1
41,2,24,1,2205,17,1,40,2,1,1
28,1,14,3,8740,53,12,46,1,1,0
52,7,19,3,5860,25,0,12,1,1,0
65,1,16,1,4020,28,0,20,1,2,0
54,1,19,3,2640,6,0,40,2,1,0
46,7,21,1,2634,4,0,15,2,1,0
31,1,22,1,4110,6,9,40,1,1,0
18,1,16,5,4720,23,17,25,2,1,0
62,2,21,1,2300,51,1,2,2,1,0
40,2,21,1,3255,13,0,20,2,1,0
62,5,21,1,640,333,0,40,1,2,1
31,1,21,1,8800,312,1,40,1,1,0
44,6,16,3,2755,51,0,8,1,1,0
31,1,16,1,2300,40,0,40,2,9,0
51,1,19,3,7210,36,0,45,1,2,1
58,1,20,1,3655,48,0,40,1,1,0
58,7,16,1,220,10,0,40,1,1,1
55,6,19,1,6355,110,0,40,1,1,1
45,1,20,1,9130,12,0,45,1,1,1
43,5,21,1,110,30,6,40,1,3,1
55,1,22,5,140,47,2,45,1,2,1
59,1,20,1,5240,4,1,42,1,1,0
49,3,16,5,9121,42,2,40,2,1,0
38,1,21,1,4020,26,0,32,2,1,0
40,1,20,1,8740,39,0,50,1,2,1
33,1,13,4,4760,40,0,15,2,3,0
43,1,16,1,440,13,0,40,2,1,0
38,5,22,1,1065,36,0,50,1,1,1
31,1,21,5,4700,34,0,36,1,2,0
39,1,19,5,7315,12,13,50,1,1,1
21,1,19,4,9645,6,12,35,2,1,0
34,3,23,1,2100,6,0,40,2,8,1
22,1,9,5,5940,13,0,12,2,1,0
62,1,20,1,5000,13,0,20,2,1,0
20,1,15,5,4720,41,4,32,1,1,0
40,1,21,1,5160,364,1,30,2,1,0
41,1,18,1,7340,26,1,40,1,1,1
68,2,22,5,420,17,0,43,2,1,1
43,4,21,1,420,47,1,60,1,1,1
31,1,12,1,4140,5,16,40,1,1,0
70,3,16,1,3940,6,0,15,2,1,0
24,5,19,5,3870,20,17,90,1,9,0
17,1,13,5,4055,36,2,28,2,1,0
31,1,13,1,5810,6,1,30,1,1,0
41,6,16,1,4220,128,0,40,2,1,0
59,1,22,1,4760,36,1,35,1,1,1
43,1,18,1,6355,39,1,45,1,1,0
53,1,16,3,8140,36,0,40,1,1,1
36,1,1,1,4110,210,0,16,1,6,0
37,2,22,1,420,39,0,40,1,1,1
75,1,19,2,4850,13,0,20,2,1,0
59,1,21,1,4700,217,0,60,1,6,1
41,6,22,5,2350,12,4,30,2,1,1
44,1,21,1,4840,25,0,40,2,1,1
20,1,19,5,4720,6,0,32,2,1,0
41,7,17,1,6230,51,1,40,1,1,1
81,1,19,1,1430,119,0,30,1,1,1
26,1,21,5,710,33,0,60,1,1,1
49,1,21,1,110,36,1,40,1,1,1
59,2,21,1,60,33,1,32,2,1,0
54,2,21,1,3255,48,1,25,2,1,0
57,6,23,1,3250,24,0,70,2,1,0
60,4,19,4,5740,12,0,20,2,2,0
19,1,16,5,4760,6,2,18,2,8,0
46,3,13,5,9645,48,2,40,1,3,1
26,1,11,5,4760,37,0,10,1,1,0
31,1,16,5,4210,13,15,60,1,1,0
46,6,19,1,6260,303,0,40,1,8,0
39,1,19,1,7430,5,1,40,1,1,0
20,1,16,5,310,13,2,36,2,9,0
40,1,16,1,1555,1,0,70,1,1,1
48,2,16,1,4600,17,0,40,2,1,0
63,1,21,5,340,20,0,36,1,1,0
50,1,16,1,3640,36,0,30,2,1,0
53,2,20,5,3255,36,0,37,2,2,1
31,1,17,5,8800,51,16,45,1,2,0
57,1,21,3,440,4,0,45,1,8,1
57,8,21,1,120,34,0,30,2,1,1
47,3,22,1,2320,6,1,35,2,1,1
59,1,19,3,4920,36,0,18,2,1,0
45,1,16,5,7140,13,0,40,1,2,1
46,1,23,1,3090,6,1,50,2,1,1
56,1,1,5,7340,34,17,50,1,1,0
35,1,21,1,440,210,1,40,2,6,1
50,2,21,1,1530,51,0,50,1,1,1
36,1,21,1,700,20,0,40,1,1,1
26,1,21,1,4800,42,0,40,2,1,0
20,1,16,5,4110,25,2,18,2,1,0
35,6,16,1,4510,6,0,40,2,1,0
51,1,21,1,3930,34,0,40,1,2,1
35,1,23,5,3100,22,0,60,2,6,1
51,1,14,1,8320,303,1,30,2,8,0
65,1,12,1,8710,303,1,40,1,1,0
58,2,16,1,4230,26,1,4,2,1,0
62,1,22,1,1350,42,1,50,1,1,0
61,1,18,1,350,31,1,24,2,1,1
52,1,17,5,5740,48,0,40,2,1,0
32,2,18,5,4600,9,2,10,2,1,0
38,1,15,1,4700,8,1,55,1,9,0
62,1,19,1,4110,36,0,30,2,1,0
64,3,22,1,2310,36,1,50,2,1,1
64,1,16,1,440,54,1,60,2,1,1
44,1,16,1,9130,18,0,48,1,1,1
41,2,17,5,9121,12,13,45,2,1,0
65,1,19,1,52,26,0,40,1,1,1
26,1,21,5,5522,207,11,40,2,1,0
66,7,19,1,4810,32,0,40,1,1,1
38,1,16,5,4020,12,0,30,1,2,0
58,1,15,2,9141,12,0,12,1,2,0
60,1,16,1,1545,36,1,24,2,1,0
58,1,16,1,3602,26,1,40,2,1,0
62,1,22,1,4230,364,0,40,2,1,0
41,2,19,5,5000,6,0,28,1,1,0
61,1,16,1,9130,48,10,30,1,1,0
57,6,13,1,4230,303,1,20,2,1,0
53,1,16,2,4220,26,0,12,2,1,0
32,2,22,1,350,37,0,40,1,1,1
66,4,16,1,5860,49,1,40,1,1,0
52,3,19,1,3802,36,0,40,2,1,1
57,1,16,3,5740,26,0,38,2,1,1
42,1,21,5,2300,36,0,40,2,1,0
39,3,20,1,1555,6,0,40,1,6,0
55,1,16,3,5860,36,0,40,2,1,0
56,1,18,1,5160,26,1,37,2,1,0
53,1,21,1,850,11,0,40,2,6,1
43,1,19,1,1021,20,2,43,1,1,1
68,1,22,1,2320,34,0,50,1,1,1
31,1,21,1,5740,18,0,22,2,1,0
29,1,17,5,6355,29,2,40,1,1,0
55,1,13,3,9130,51,13,50,1,1,0
62,1,9,1,9130,303,0,50,1,9,0
32,1,21,5,1010,39,2,50,1,6,1
47,1,19,1,230,53,1,25,2,1,0
56,1,16,3,4700,21,0,48,2,1,1
27,1,19,1,5860,6,0,38,2,8,0
51,7,20,1,6230,31,1,50,1,1,0
22,1,21,5,5240,48,2,40,1,1,0
59,1,20,1,5400,8,1,40,2,1,0
32,2,21,1,3255,55,1,38,2,1,1
55,1,21,1,4850,37,1,50,1,1,1
35,1,21,1,910,17,0,40,1,1,1
26,1,19,5,4010,55,0,45,1,1,1
56,1,20,1,3603,327,0,40,1,1,0
32,1,19,5,5240,2,13,35,1,1,0
51,1,21,1,140,36,1,50,2,1,1
56,1,1,1,4020,303,8,30,1,1,0
53,6,20,1,4200,369,0,70,1,1,1
27,1,23,1,2100,55,1,50,2,1,1
35,1,20,1,1108,42,1,40,1,1,1
36,1,21,5,110,18,0,48,2,1,0
39,1,22,1,20,303,1,40,2,1,1
24,1,21,1,2205,48,2,15,2,1,0
63,1,16,3,9121,47,0,25,2,2,0
65,1,21,1,4760,36,1,18,2,1,0
22,1,18,5,4700,1,0,40,1,1,0
56,1,16,1,4510,53,1,20,2,1,0
73,3,19,3,4020,4,0,28,2,1,0
48,7,21,1,4850,41,1,40,2,1,1
55,1,19,3,4760,48,0,40,2,1,0
32,1,14,1,7150,25,2,20,1,1,0
19,1,19,5,1430,34,17,40,2,1,0
24,1,21,5,2640,45,0,50,2,1,1
40,1,22,1,1021,41,1,40,1,1,1
41,1,16,3,3940,72,0,40,2,8,0
27,1,21,3,2545,48,7,30,2,1,0
35,2,19,1,3323,26,1,40,2,1,1
51,6,22,1,4820,18,0,10,1,1,0
58,4,22,1,2205,42,0,45,1,1,1
19,1,16,1,4600,13,9,40,2,1,0
18,6,18,5,4600,13,17,3,2,1,0
56,1,18,1,8256,18,0,34,2,1,1
43,7,23,1,3090,22,1,35,1,1,1
60,1,16,1,8225,47,0,40,1,1,0
53,1,18,5,2145,6,0,40,1,2,1
55,2,20,5,4465,36,0,60,1,8,0
67,1,19,1,5120,37,0,50,1,1,1
40,7,18,1,6050,56,0,35,1,1,0
28,1,15,1,4720,48,0,30,1,9,0
60,7,19,3,310,12,0,25,1,1,0
21,6,20,5,6050,1,2,30,1,1,0
42,1,22,1,2310,19,1,50,1,1,1
50,7,19,1,440,12,1,40,1,1,1
29,1,20,1,40,36,1,40,1,2,0
68,5,21,1,4220,31,1,40,1,1,1
67,1,22,1,4710,26,1,40,1,1,1
32,1,23,1,2100,20,0,40,1,1,1
19,1,19,5,4130,36,4,20,1,1,0
44,1,20,5,5740,42,0,80,1,1,0
50,2,18,1,9645,233,1,2,2,6,0
27,1,16,1,3910,6,1,40,1,1,0
40,7,21,1,3270,49,1,3,2,1,0
48,2,2,1,230,303,1,40,2,8,0
35,1,1,1,6230,48,0,55,1,1,0
25,1,16,1,6355,1,1,50,1,1,0
33,1,21,1,4920,42,1,40,1,1,0
22,1,21,5,51,6,2,40,2,1,0
37,1,21,5,705,22,2,50,2,1,1
41,3,20,1,5860,6,1,40,2,8,0
63,1,21,1,4700,303,0,50,1,1,1
62,1,16,1,540,39,2,40,2,1,0
42,1,18,5,4110,25,13,30,2,1,0
28,7,23,5,2100,48,0,70,1,9,1
65,3,16,2,5860,42,0,18,2,1,0
55,2,22,1,2830,17,1,45,2,1,0
29,1,22,5,2205,456,11,40,2,1,0
46,4,19,1,2545,17,0,40,2,1,0
18,8,14,5,3602,29,2,30,1,1,0
61,1,20,1,7010,53,0,40,1,1,0
26,1,11,5,6230,303,10,40,1,1,0
18,1,16,5,6050,49,2,18,2,1,0
35,6,20,5,1970,48,0,40,1,1,1
50,3,22,1,2002,48,0,60,2,1,1
62,1,16,1,5860,27,1,32,2,1,0
43,3,21,1,230,27,0,45,1,1,1
51,4,21,3,2310,46,0,50,2,1,1
47,1,18,3,3424,45,2,45,2,1,0
36,5,21,1,2600,22,1,1,2,1,0
27,1,21,5,2640,17,2,70,1,1,0
61,7,16,1,5740,28,0,8,2,1,0
48,2,21,1,800,34,1,25,2,1,0
19,1,18,5,2920,51,17,5,2,1,0
31,1,12,4,8225,39,13,40,1,1,0
40,1,22,5,3160,6,0,40,1,1,1
29,1,16,1,4040,30,16,40,1,1,0
64,3,21,1,2012,39,0,35,2,1,1
32,1,22,5,120,138,0,40,1,1,1
62,2,21,1,2310,39,1,40,2,1,0
49,1,18,3,7315,53,0,40,2,1,1
18,3,18,5,4140,217,17,5,2,6,0
68,2,22,1,2040,240,0,40,1,6,1
53,1,18,5,5900,8,0,40,1,1,0
40,1,16,1,5860,12,6,40,2,1,0
54,1,19,2,2634,36,0,40,1,1,1
57,1,19,1,4760,42,1,40,1,1,0
31,1,16,1,3421,6,1,35,2,1,0
38,1,19,5,310,48,2,40,1,1,0
61,1,17,1,4530,303,0,45,1,8,1
23,1,19,5,4760,226,15,19,2,6,0
39,1,20,1,4920,13,0,40,1,2,0
69,1,20,3,3255,55,0,20,2,1,0
36,1,21,5,4110,39,0,30,2,1,0
20,1,19,5,4600,40,2,20,2,1,0
26,4,22,5,2310,36,0,40,2,1,0
45,1,21,3,1108,370,0,40,2,1,1
60,1,12,2,9640,210,0,40,1,6,0
60,1,19,1,8610,47,0,50,1,2,1
53,6,24,1,3000,26,0,30,2,1,0
58,1,13,1,5740,51,0,40,2,2,0
55,1,16,1,7130,42,1,40,1,1,0
52,8,17,3,6600,48,16,35,1,9,0
66,1,18,1,7220,26,1,30,1,1,0
71,1,21,1,800,240,1,40,2,6,0
40,1,16,5,9130,13,0,40,1,2,0
49,2,21,1,4330,48,0,30,1,1,0
23,1,16,5,4030,42,7,32,2,1,0
61,1,20,1,630,18,1,40,2,1,1
41,1,16,1,9005,39,0,65,1,1,1
53,1,19,1,4700,22,1,27,2,1,0
42,1,15,1,5240,39,1,30,2,1,0
54,1,16,1,8610,25,0,45,1,1,1
52,1,16,5,7700,13,0,50,1,1,1
78,1,18,1,5740,27,0,42,2,1,1
66,1,16,1,4230,55,1,21,2,1,0
55,1,21,5,6260,327,13,40,1,1,0
60,1,21,3,800,36,2,48,1,1,1
67,1,16,1,9005,29,1,30,1,1,0
47,4,22,5,2004,51,0,25,2,1,0
51,1,16,5,3500,48,0,40,2,2,0
56,2,19,1,9720,303,0,60,1,8,0
39,3,21,1,2310,233,1,40,2,6,1
39,4,17,1,9620,27,1,40,1,1,0
56,1,19,1,630,21,1,40,2,1,0
37,1,22,1,5740,72,0,40,2,2,0
62,1,19,1,1450,39,0,40,1,1,0
28,1,21,5,3300,21,0,40,2,1,0
65,3,22,1,230,24,0,60,2,1,0
41,1,19,1,4965,36,1,55,2,1,1
66,1,16,1,6800,42,0,40,1,1,0
48,1,20,1,440,6,1,60,1,6,1
51,1,10,1,9600,312,1,40,1,1,1
62,1,18,1,710,29,0,40,1,1,0
59,1,18,1,5420,51,0,40,1,1,1
19,1,18,5,4760,301,17,10,2,1,0
57,1,18,1,2170,6,1,40,2,1,1
42,1,18,5,4760,5,13,30,1,1,0
44,1,19,1,4720,6,0,40,2,1,1
54,4,20,3,5740,34,0,37,2,1,1
30,1,21,5,1031,233,11,40,1,6,1
52,3,16,1,440,39,0,45,1,1,0
22,1,19,5,4030,6,15,19,2,3,0
40,6,24,3,4920,29,0,50,2,1,0
31,2,16,1,9005,303,0,40,1,1,1
19,4,19,5,4030,19,17,28,1,1,0
44,3,24,1,1822,6,1,38,2,1,1
68,7,16,1,600,23,1,30,1,1,1
18,1,14,5,2700,19,3,10,2,1,0
30,1,16,5,7200,17,2,40,1,1,0
52,1,20,1,440,13,0,40,2,1,0
57,1,16,3,5400,303,5,20,2,1,0
55,1,21,1,910,17,1,40,1,1,1
47,3,21,1,2310,48,1,40,2,1,1
40,1,20,1,5740,312,0,60,2,8,0
45,1,21,1,5810,243,0,55,1,1,0
26,1,19,5,4251,6,2,40,1,1,0
21,1,19,5,2320,42,2,40,2,1,0
35,1,22,3,1021,373,0,40,2,1,1
40,4,24,1,2205,48,0,40,1,1,1
54,6,21,1,3245,36,1,40,2,1,0
38,1,19,1,440,51,0,40,1,1,1
21,1,19,5,2350,362,17,12,2,1,0
40,6,18,1,2600,32,1,10,1,1,0
45,1,1,5,4720,303,6,45,2,8,0
56,3,22,1,1822,25,0,35,2,2,1
60,1,20,5,5860,247,5,10,2,6,0
61,1,16,1,4600,42,1,40,2,1,0
43,4,22,1,2205,9,0,40,1,1,1
49,1,9,1,4251,303,0,40,1,1,0
24,1,21,5,5240,39,0,40,2,1,0
22,2,19,5,4110,26,17,12,2,1,0
32,1,13,4,4720,1,0,35,2,9,0
53,1,17,3,7750,1,5,40,1,2,0
41,1,19,5,4720,9,0,33,2,1,0
56,1,16,1,8140,21,1,40,1,1,0
64,4,16,1,4020,21,0,30,1,1,0
68,1,18,5,9645,48,2,40,2,2,0
50,6,22,3,2830,6,0,40,2,1,1
28,1,16,5,310,42,2,45,2,1,0
60,1,17,3,9130,9,5,60,2,1,0
30,2,19,5,5160,55,2,30,2,1,0
17,1,14,5,4760,17,2,10,2,1,0
33,1,16,5,6442,17,3,40,1,1,0
33,4,21,1,2015,26,1,40,1,1,1
52,1,21,5,110,6,0,55,2,1,1
35,2,21,1,3255,12,0,24,2,1,0
63,2,20,1,3255,45,0,36,2,1,1
70,1,22,1,2850,110,0,4,1,1,0
55,1,16,5,4760,51,0,40,2,2,0
53,4,13,3,8300,54,16,20,1,1,0
17,1,16,5,4435,6,2,14,1,9,0
65,4,19,1,4020,47,1,27,2,2,0
49,1,21,1,3310,48,1,40,2,1,1
70,7,18,1,4510,51,1,35,2,1,0
50,1,23,1,2100,44,0,55,1,1,1
26,1,14,5,6230,18,2,43,1,1,0
27,1,19,5,6850,1,0,60,1,1,0
46,2,19,3,5740,72,0,50,2,1,0
50,1,16,5,9620,18,0,40,1,1,1
54,2,17,3,5400,36,0,38,2,1,0
46,5,20,1,5550,18,0,40,1,1,1
59,3,21,1,3802,39,1,40,1,1,0
65,6,21,1,4810,212,0,50,1,1,0
58,1,13,1,4110,26,1,40,2,9,0
31,1,16,3,4110,202,0,50,2,6,0
37,1,18,1,4850,17,0,32,2,1,0
30,3,16,5,4020,4,15,48,2,3,1
60,1,21,1,3245,6,1,25,2,1,0
53,6,16,1,7410,26,1,50,1,1,1
61,2,15,1,8800,28,0,40,1,2,0
73,4,24,1,1825,6,0,40,1,1,1
19,1,16,5,4720,39,2,39,2,1,0
32,4,22,5,630,6,0,40,2,8,0
50,7,20,3,4200,323,0,20,2,2,0
58,1,20,1,3255,25,1,40,2,1,1
53,1,16,1,5740,17,1,20,2,1,0
19,1,19,5,1050,6,2,35,1,9,0
33,1,19,1,136,17,0,40,1,1,1
44,7,22,5,845,17,0,40,2,1,0
39,1,18,3,8140,18,10,70,1,1,1
51,3,21,1,4010,44,0,20,2,1,0
64,1,16,1,4950,240,1,20,2,6,0
53,2,22,3,5140,6,0,40,2,1,0
58,1,16,1,9130,27,1,45,1,1,0
31,1,20,5,4020,34,12,55,1,1,0
39,3,22,1,2310,13,0,24,2,1,0
27,1,24,5,3050,55,13,20,1,1,0
44,1,16,1,5000,55,1,60,1,1,1
32,3,21,5,2320,6,0,40,2,9,1
40,1,17,1,5522,41,1,40,1,1,0
19,1,19,5,4720,26,2,40,2,1,0
50,3,23,3,2310,47,0,40,2,1,1
56,6,21,1,6410,6,1,35,1,1,1
59,3,22,1,3230,17,0,40,2,1,1
69,6,16,2,4600,19,0,50,2,1,0
67,1,21,4,3602,429,0,20,2,2,0
33,1,16,1,5240,48,1,40,2,1,1
27,1,16,5,4040,72,13,40,1,1,0
62,1,15,1,6050,303,1,40,2,1,0
25,1,18,4,7220,6,0,50,1,1,1
56,7,21,1,3261,217,1,30,2,6,1
39,1,1,5,6220,303,0,40,1,1,0
50,6,16,3,4600,48,0,40,2,2,0
50,6,24,1,1825,36,0,40,2,1,1
19,1,18,5,5740,8,17,6,2,1,0
60,8,20,1,2640,29,1,10,2,1,0
67,6,18,4,6230,30,0,40,1,1,0
71,2,21,1,4965,41,1,25,1,1,0
24,1,19,5,9350,12,3,40,1,8,0
48,1,19,3,7140,6,0,40,1,1,1
54,5,16,5,4220,30,0,40,1,1,0
76,1,19,1,600,36,0,20,1,1,0
47,3,16,1,2545,6,1,40,2,1,0
28,1,21,5,5860,1,0,30,2,2,0
69,7,21,1,10,210,0,35,1,6,1
67,6,11,1,7200,126,0,70,1,1,1
27,1,16,5,5860,37,0,40,2,1,0
60,1,20,5,3255,29,0,40,2,1,0
18,3,14,5,6730,8,4,40,1,1,0
64,2,16,1,850,55,0,50,1,1,1
82,3,21,1,440,12,0,25,2,1,0
58,1,16,5,9645,48,5,8,2,2,0
36,2,22,1,710,39,0,40,2,1,1
34,1,21,1,5740,26,1,20,2,2,0
41,1,16,1,4510,207,1,40,2,6,0
66,1,18,5,3930,36,0,38,1,1,0
29,1,19,5,9620,13,0,32,1,9,0
59,6,22,1,1825,8,1,45,2,1,1
66,6,20,1,850,21,0,40,1,1,1
48,1,18,1,1050,24,0,20,2,1,1
61,2,19,1,2300,12,1,30,2,1,0
68,1,16,5,7720,247,10,40,2,6,0
29,1,1,5,4020,36,11,40,2,2,0
55,1,16,1,4040,23,1,12,2,1,0
45,6,17,5,4251,12,13,40,1,2,0
60,6,18,1,4920,4,0,2,2,1,0
54,6,1,1,4600,312,1,45,2,5,0
66,1,21,1,220,23,0,44,1,1,1
27,1,16,5,4230,42,0,40,2,1,0
60,1,20,3,3255,17,0,60,1,2,1
67,7,21,1,4810,17,0,35,1,1,1
38,1,20,1,3255,233,1,40,1,6,1
38,1,18,1,440,34,1,55,1,2,1
59,1,16,1,8140,13,1,45,1,1,1
28,2,24,5,3090,6,12,60,2,6,0
27,3,20,1,5860,25,2,40,1,6,0
59,1,16,1,4720,215,1,22,2,6,0
62,1,16,3,705,36,2,50,1,1,1
59,1,14,3,1555,364,0,40,1,1,0
30,1,20,5,4760,242,13,40,1,6,0
60,4,22,1,230,35,1,50,2,1,1
42,1,14,5,3603,47,0,30,2,2,0
37,1,21,5,1530,12,0,44,2,1,1
34,1,21,1,800,22,0,43,2,1,1
29,1,21,3,5000,47,13,65,2,1,0
60,1,16,1,9121,48,0,20,1,1,0
31,2,23,1,3100,5,0,80,2,1,1
49,1,17,1,4020,110,0,42,1,1,1
39,1,16,1,4020,55,0,45,1,1,0
58,1,17,3,3421,48,0,39,2,1,0
45,3,22,1,3245,26,0,50,2,1,1
45,1,21,1,2205,200,0,40,1,9,1
56,7,22,1,10,128,1,30,2,1,1
57,1,1,3,9600,110,15,40,2,5,0
17,2,14,5,2723,6,2,4,1,1,0
33,1,20,1,1545,110,0,40,1,1,1
51,1,16,1,150,120,1,35,1,1,1
62,6,21,3,2360,18,0,20,2,1,0
44,1,19,1,5110,28,1,43,2,1,0
18,1,16,5,4010,36,2,30,1,1,0
51,1,17,2,4700,27,0,40,2,1,0
20,1,16,5,4030,18,2,20,2,1,0
62,1,16,1,8130,27,0,40,1,1,0
37,1,16,1,7200,36,1,46,1,1,1
59,6,19,1,4251,247,1,3,1,6,0
38,1,21,5,6230,303,0,40,1,8,0
57,1,20,1,3255,28,0,40,1,1,1
32,1,18,1,6115,6,0,50,1,1,0
41,1,22,1,1108,5,0,40,1,1,1
31,1,21,5,4600,25,2,40,2,1,0
52,2,21,1,3602,429,1,32,2,2,0
36,6,19,1,4920,242,0,45,1,6,1
53,1,16,1,9130,26,1,50,1,1,0
46,5,20,1,3930,17,0,70,1,2,0
42,6,18,4,4350,370,2,35,2,1,0
50,1,16,1,4020,312,1,25,2,1,0
29,5,21,1,1220,364,1,40,2,1,1
24,1,20,5,4130,17,2,32,1,1,0
48,4,22,1,565,48,1,50,2,1,1
56,1,16,1,1555,33,0,50,1,1,1
45,6,17,5,7640,6,2,30,1,1,0
68,1,21,1,540,51,1,55,2,2,1
45,1,16,3,7610,139,15,10,1,1,0
26,1,16,5,4720,36,15,30,2,1,0
31,1,22,1,845,217,1,40,2,6,1
25,6,21,5,2722,17,0,40,1,1,0
48,1,15,1,9130,39,1,50,1,1,1
45,1,18,1,7700,38,1,44,1,1,1
50,1,2,3,4521,247,0,55,2,6,0
68,1,18,1,7750,35,1,40,2,3,0
37,1,17,5,6355,6,0,42,1,3,1
40,1,19,1,5110,39,1,32,2,1,0
57,4,19,1,2634,10,0,35,2,2,1
61,6,11,5,6115,247,0,40,1,6,0
65,4,23,1,800,34,1,40,1,1,1
19,2,19,5,4600,23,17,30,1,1,0
54,1,21,1,2320,22,0,21,2,1,0
64,1,19,1,3930,49,6,36,1,1,0
34,6,18,1,3630,4,1,30,2,9,0
42,1,21,1,3255,35,1,40,2,1,0
62,2,16,3,4220,42,0,40,1,1,0
44,1,19,3,5240,37,0,20,2,1,0
48,1,21,1,4800,1,0,40,2,1,1
80,2,22,1,2850,26,0,25,1,1,1
40,3,21,5,2320,34,2,40,1,2,1
19,1,19,5,4720,25,12,30,2,1,0
21,6,19,5,4600,48,17,40,2,1,0
71,2,20,3,5000,46,0,12,2,1,1
47,1,19,5,8990,47,0,40,1,2,1
21,1,19,5,4760,329,0,20,2,8,0
87,2,21,1,2830,48,1,50,1,1,1
63,1,18,4,3930,17,0,40,1,1,1
66,1,16,1,5740,19,1,20,2,1,0
53,1,16,1,8740,40,1,55,1,1,0
51,1,15,1,4130,303,1,28,1,1,0
45,7,16,1,440,42,0,65,1,1,1
72,5,22,1,1530,31,0,40,1,1,1
23,7,16,1,4900,109,0,20,2,1,1
50,1,22,1,565,10,0,40,1,1,1
40,1,20,5,5010,37,0,40,2,1,0
29,1,22,1,1320,49,0,44,1,1,1
29,1,22,5,2300,6,0,8,2,8,0
46,1,20,3,6355,29,13,58,1,1,1
60,1,19,1,565,6,1,40,2,1,1
60,3,16,3,7210,24,13,52,1,1,1
38,1,18,5,4850,26,2,40,2,2,0
22,1,19,5,4640,36,17,40,2,2,0
57,1,16,1,6442,72,0,40,2,8,0
43,1,19,5,4110,17,13,30,2,1,0
66,1,21,1,440,6,1,40,1,1,0
58,2,21,1,3930,36,0,37,1,1,1
34,1,15,5,410,48,0,40,2,1,0
66,1,16,1,9141,26,0,24,1,1,1
54,2,16,2,4010,42,0,40,2,1,0
52,1,14,1,7200,312,0,40,1,1,0
21,1,19,5,5820,36,17,15,2,1,0
47,3,18,1,2545,49,0,27,2,1,0
28,1,16,5,4110,39,0,30,2,1,0
63,1,18,2,6260,8,6,15,1,1,0
26,1,16,5,4150,17,2,30,1,1,0
49,3,22,1,440,6,0,50,1,1,1
56,1,16,1,6260,13,0,40,1,1,1
43,1,22,3,1760,364,0,40,2,8,1
61,1,21,3,9030,26,0,40,1,1,1
58,1,22,1,4840,17,1,50,1,1,1
57,1,21,1,120,6,0,30,2,1,1
41,1,12,1,4220,303,1,40,2,1,0
54,1,17,1,4220,303,1,40,2,8,0
68,1,16,3,4230,55,15,40,2,1,0
25,1,18,5,4600,19,13,25,2,1,0
42,2,18,1,2545,17,1,30,2,1,0
59,1,16,1,7810,16,0,40,1,1,0
53,1,21,5,136,36,0,40,2,1,1
54,5,16,5,5560,42,0,40,2,2,1
28,1,19,5,4020,6,2,48,1,8,0
51,1,17,1,6355,327,0,40,1,1,0
47,2,22,1,3255,12,0,38,2,9,0
49,1,21,5,150,48,0,40,2,1,0
58,1,21,1,3160,210,0,40,1,9,1
45,3,21,1,5220,17,1,40,2,1,0
76,6,23,1,2100,20,0,1,2,1,0
26,2,20,5,3255,39,0,38,1,1,1
42,7,22,1,3230,1,0,12,2,1,0
43,1,16,5,4350,34,0,40,2,1,0
38,1,22,1,800,6,0,40,2,1,0
60,1,15,1,8990,53,0,40,1,1,0
39,7,18,1,4200,48,0,40,1,1,1
20,1,16,5,4110,27,2,30,2,1,0
25,1,19,1,4040,13,1,35,2,1,0
39,1,21,3,3255,128,13,55,2,1,0
19,1,19,5,4720,6,7,20,2,1,0
56,1,23,1,3090,128,1,60,1,1,1
38,1,21,5,137,26,0,40,2,1,1
55,3,21,1,2435,39,1,38,2,1,0
59,1,20,1,2170,215,0,25,2,1,0
30,1,16,5,4720,31,0,10,1,2,0
36,1,19,1,310,36,2,60,1,1,0
36,1,21,1,4920,362,0,15,2,1,0
54,3,16,1,7220,48,1,40,1,1,0
57,1,16,3,220,23,0,40,1,1,1
62,3,15,1,5740,48,0,40,2,1,1
32,1,21,3,52,26,0,60,1,1,1
21,1,19,5,4720,42,17,2,2,1,0
36,1,1,3,6260,6,0,40,2,8,0
63,1,12,1,7210,48,0,40,1,1,0
51,8,16,1,440,15,1,40,1,9,1
22,1,15,1,7750,6,1,60,1,1,0
30,6,22,5,2300,24,0,70,2,1,0
60,1,6,5,4230,303,0,40,2,8,0
54,5,21,3,1021,27,0,40,1,1,1
17,3,14,5,2545,27,2,8,1,1,0
17,1,14,5,5860,25,2,20,1,1,0
41,2,22,1,110,36,1,40,1,1,1
60,1,7,1,8990,303,1,25,2,8,0
22,2,16,5,1970,55,10,40,2,1,0
21,1,19,5,4110,48,7,20,2,2,1
22,1,19,5,4020,4,12,40,2,1,0
17,1,14,5,4720,36,2,30,1,1,0
51,1,22,1,1410,31,0,50,1,1,1
50,7,19,1,1050,34,0,60,1,1,1
31,1,15,1,4150,54,2,15,2,1,0
47,1,21,3,20,36,13,40,1,1,1
58,1,15,3,4220,31,15,40,1,1,1
54,1,22,1,4810,36,0,40,1,1,0
33,1,16,5,1545,40,2,40,1,9,1
59,1,22,1,4920,207,1,35,1,6,1
38,1,9,3,4220,314,0,30,2,1,0
26,1,21,1,7750,18,0,42,1,1,0
30,1,18,1,5860,210,0,56,2,6,0
57,1,13,1,9600,20,0,40,1,1,0
36,1,21,5,20,33,0,50,1,1,1
26,1,19,5,3602,416,2,40,2,2,0
45,2,22,1,2310,6,1,25,2,1,0
67,3,22,3,2320,18,0,45,2,1,0
30,1,19,1,4000,5,0,40,1,1,0
63,7,16,1,8750,17,0,45,1,1,1
31,4,20,5,1970,6,0,40,1,1,0
23,1,21,5,1021,41,11,40,1,1,0
26,1,19,5,4220,36,2,40,1,1,0
61,3,21,1,8140,37,0,45,1,1,1
18,1,19,5,4760,41,2,40,2,1,0
31,1,21,5,1650,49,15,50,2,1,1
69,3,16,5,10,17,0,50,2,1,1
42,1,16,3,5240,6,15,40,1,8,1
52,2,18,5,3645,12,0,40,2,2,0
67,4,19,1,4200,53,1,40,2,1,0
44,6,20,1,6442,42,1,30,1,1,0
27,1,20,5,3424,12,16,40,2,1,0
50,1,22,5,3230,36,0,30,1,1,1
64,3,16,1,2545,18,1,36,2,1,0
45,6,21,1,3160,19,0,50,1,1,1
63,7,19,1,4760,42,1,50,1,1,1
21,1,17,5,5165,239,2,45,1,1,0
50,1,21,5,3430,37,5,32,2,1,0
33,1,21,5,2850,9,2,18,1,1,0
20,1,19,5,2545,6,17,17,2,1,0
72,1,18,1,9150,129,0,12,1,1,0
18,1,16,5,4720,6,2,15,1,2,0
23,1,16,5,4251,21,2,30,1,1,0
72,1,19,1,9645,9,0,24,1,1,1
31,1,12,1,440,41,1,40,1,1,0
48,2,19,1,4020,55,0,35,2,1,0
20,1,19,5,205,48,0,35,1,1,0
28,2,15,5,8740,55,2,35,1,1,0
27,1,1,5,5010,12,2,20,2,1,0
57,1,16,1,9130,17,0,47,1,1,0
44,7,21,1,5165,20,0,50,2,1,0
62,1,18,1,110,134,0,40,1,1,1
54,1,19,5,5740,6,0,50,2,1,1
42,4,22,1,2310,13,1,40,2,1,0
39,1,21,1,1720,22,1,40,1,1,1
42,4,21,1,2310,18,0,40,2,1,0
49,1,23,1,3160,42,0,45,1,1,0
29,1,21,1,5360,53,0,35,1,2,0
28,5,19,1,9830,28,0,60,1,1,0
53,1,18,1,4840,1,0,40,1,1,1
24,5,16,1,5540,26,0,35,2,1,0
32,3,20,5,4600,303,5,20,2,8,0
52,1,19,3,4000,42,17,50,1,1,0
59,4,20,1,800,51,1,40,2,1,0
28,1,16,5,4720,29,13,40,2,1,0
65,1,22,3,4700,12,0,60,1,1,1
55,1,21,5,440,39,0,50,1,1,1
47,3,22,1,440,6,0,45,2,1,1
73,1,18,2,4220,21,0,15,1,1,0
30,1,19,5,5740,4,0,38,1,8,0
62,2,20,1,3545,27,1,24,2,1,0
67,7,18,2,4710,19,0,25,1,1,0
43,1,16,1,8310,6,0,20,2,1,0
35,4,22,1,2310,37,1,45,2,1,0
30,1,19,5,8990,37,0,50,1,1,1
51,4,22,1,2205,36,1,6,2,1,0
63,3,16,2,5860,21,0,40,2,1,0
39,1,18,1,4020,9,1,20,1,1,0
28,1,16,5,1980,37,13,84,1,1,0
41,1,9,1,6005,303,0,58,1,1,0
58,2,18,1,630,39,0,40,2,1,1
40,3,21,1,1840,29,0,40,2,1,1
57,1,18,1,8760,19,0,40,2,1,0
31,1,16,1,140,24,1,40,2,1,1
30,1,21,1,1980,2,0,40,1,1,1
37,1,20,1,5860,20,0,45,1,1,1
38,1,16,1,7150,29,1,40,1,1,0
81,1,23,1,4020,313,0,35,1,1,0
47,1,21,1,710,48,0,40,1,1,1
38,3,22,1,2310,17,0,35,2,2,0
33,4,19,5,4220,242,16,40,2,6,0
20,1,16,5,9600,36,2,40,1,1,0
30,2,21,1,2360,51,1,37,1,1,1
55,1,21,1,800,11,0,50,1,1,1
44,2,16,1,5400,39,1,40,2,2,0
57,1,16,1,7720,55,1,40,1,1,0
50,1,16,5,630,22,13,40,2,1,1
18,1,14,5,4720,15,10,30,2,9,0
59,1,1,1,5310,13,10,40,2,2,0
67,1,21,3,800,38,11,50,1,1,1
55,1,22,1,440,36,0,45,1,1,1
37,1,15,1,8990,27,1,42,1,1,0
55,5,16,1,7330,51,0,40,1,1,1
53,1,21,3,940,36,0,40,1,1,0
38,1,21,1,1305,36,1,40,1,1,1
49,1,20,1,7840,17,1,30,2,1,0
59,1,9,4,8730,312,12,40,1,1,0
74,7,24,1,1970,42,1,20,1,1,1
38,1,19,1,20,39,0,50,1,1,1
55,1,20,1,1065,6,1,50,2,1,1
63,1,21,3,120,106,0,50,2,1,1
72,1,21,1,800,18,0,35,2,1,0
54,2,21,1,5740,26,0,40,2,1,0
55,6,19,2,6442,42,0,50,1,1,1
40,1,21,1,3603,15,1,20,2,1,0
62,6,22,1,3630,51,0,30,2,1,0
28,5,19,1,9620,45,0,40,1,2,1
38,1,21,1,4850,17,0,40,1,1,1
48,5,19,1,800,54,1,40,2,1,0
65,1,21,1,2840,36,0,40,1,1,1
44,1,20,1,2360,48,1,40,2,1,0
70,7,12,1,410,214,1,32,1,1,1
30,1,21,5,5400,233,12,12,2,6,0
42,1,18,1,6240,36,0,40,1,1,0
42,2,21,5,2040,364,17,40,1,1,0
38,4,21,1,2310,53,1,45,2,1,1
32,1,21,5,440,34,2,40,2,1,1
48,3,19,5,5860,370,0,35,2,1,1
23,1,16,1,6410,41,0,40,2,1,0
33,1,21,5,2300,12,0,40,2,1,0
54,1,20,1,4760,48,0,40,1,1,0
34,1,20,1,6230,26,0,40,1,1,0
30,1,21,5,1021,9,0,40,1,1,1
37,1,16,5,6355,25,17,40,1,1,0
29,1,19,5,4020,48,13,50,1,9,0
18,5,16,5,9825,42,17,40,1,1,0
50,1,13,1,9130,18,0,40,1,1,1
32,1,16,3,5400,303,0,37,2,1,0
44,1,16,1,630,39,0,40,2,1,0
59,7,21,1,1360,36,1,60,1,1,1
42,1,21,1,440,42,0,40,2,1,1
23,3,21,5,2330,8,0,40,2,1,0
43,1,18,1,8740,21,0,40,2,1,0
26,4,21,5,2310,6,5,40,1,1,0
31,1,17,1,6950,22,1,99,1,1,0
38,7,20,5,3630,53,0,40,2,1,1
35,1,20,3,3321,233,0,50,2,9,0
27,1,21,5,5240,40,0,40,2,9,0
75,6,22,3,1006,6,0,2,1,1,1
55,1,15,1,5240,6,1,39,1,1,0
77,7,16,1,4965,39,0,30,1,1,0
51,1,15,1,4020,303,1,40,2,1,0
35,1,18,1,4840,9,1,40,1,2,1
57,4,20,4,5360,6,0,30,2,1,0
23,1,16,5,5240,44,0,40,2,1,0
57,1,21,1,10,53,1,50,1,1,1
44,4,19,1,5740,17,0,40,2,1,0
65,1,14,1,9645,54,1,40,2,1,0
55,6,19,3,205,27,0,40,1,1,0
18,1,15,5,4622,72,2,40,2,1,0
34,1,19,1,9130,25,1,50,1,1,0
53,1,18,1,5820,6,0,40,2,1,0
24,1,19,5,4720,13,2,25,2,2,0
18,1,15,5,2006,9,2,25,2,1,0
33,1,21,3,4810,42,0,40,1,1,1
52,1,21,1,1970,207,6,45,1,6,0
62,7,21,1,4621,34,0,25,2,1,0
28,1,19,5,7700,29,0,40,1,2,0
42,1,21,5,3255,207,13,40,2,6,1
59,2,22,1,350,12,0,45,2,1,1
54,1,16,5,9640,36,0,16,1,2,0
33,1,19,5,5000,48,0,40,1,1,0
56,1,12,5,9620,329,0,40,1,2,0
46,7,16,1,440,25,0,70,1,1,0
55,1,16,1,5610,27,1,40,1,1,0
38,1,17,5,8140,12,0,50,1,1,0
78,1,16,2,8225,39,0,40,2,1,0
28,1,16,5,8730,26,0,52,1,1,1
36,2,21,1,3255,55,0,36,2,1,1
18,1,14,5,4140,26,2,10,2,1,0
21,1,16,5,4760,25,12,20,1,1,0
44,7,18,1,4700,12,0,40,1,1,1
32,1,18,5,4020,29,2,25,1,1,0
36,1,22,1,120,120,1,40,1,1,1
38,1,20,1,310,18,0,60,1,1,0
40,1,18,1,4760,53,0,38,2,9,0
35,2,24,5,2205,22,13,35,1,2,1
43,1,20,1,7210,13,1,50,1,1,1
28,1,16,1,6260,55,0,55,1,1,1
47,3,22,1,2310,27,0,50,2,1,1
22,1,21,5,4130,15,0,28,1,9,0
20,5,16,1,9800,6,0,40,1,1,1
63,2,19,3,3603,48,0,50,2,1,0
56,1,21,1,2310,48,1,40,2,1,1
59,1,18,1,7340,17,0,40,1,1,0
33,1,16,5,4350,25,5,30,2,6,0
19,1,18,5,5940,47,0,40,1,1,0
17,1,13,5,4435,17,2,15,1,1,0
61,2,21,1,3255,39,1,44,2,1,1
40,1,21,1,2640,19,0,45,2,1,1
42,1,17,3,3655,6,2,40,2,8,0
55,1,16,5,7340,48,0,40,1,1,1
18,5,18,5,1007,16,17,40,1,1,0
17,2,14,5,2440,48,2,3,1,1,0
51,1,20,1,7700,48,1,40,1,1,1
60,1,16,1,8140,1,0,60,1,2,1
26,1,15,5,7200,55,13,35,1,1,0
68,1,16,1,3603,45,1,15,2,1,0
77,4,18,3,5860,51,0,35,2,1,0
27,1,16,5,8630,48,0,40,1,2,0
57,1,21,1,1108,2,0,40,1,1,1
41,1,17,1,4720,21,0,20,2,1,0
39,1,21,5,565,368,0,50,2,6,1
41,1,22,5,3010,247,0,70,1,6,1
58,1,16,3,1050,9,0,40,2,1,1
34,1,20,1,3402,29,0,40,2,1,1
17,1,15,5,5240,17,2,20,1,1,0
39,1,16,1,3603,1,0,50,2,2,0
46,1,8,1,9130,303,0,50,1,1,0
42,3,21,1,5000,27,1,40,1,1,1
50,1,19,1,5740,53,1,40,2,1,0
71,2,22,5,2310,22,15,38,2,1,1
19,1,18,5,4251,32,2,30,1,1,0
54,1,16,1,4850,138,1,45,1,1,0
69,1,21,1,6260,27,1,25,1,1,1
47,1,20,5,1105,4,0,40,1,1,1
46,1,17,1,5610,39,1,40,1,2,0
31,1,22,1,1021,164,9,40,2,1,1
56,1,21,1,51,42,0,40,2,1,1
58,4,19,5,230,36,0,40,2,1,0
63,6,17,1,4220,22,1,50,1,2,0
66,1,21,1,4850,26,1,40,1,1,1
45,2,21,5,2310,42,0,60,1,1,0
51,1,21,5,5740,33,2,20,2,1,0
54,7,23,5,2100,26,0,40,1,1,1
48,4,21,3,2310,13,2,48,2,1,1
19,2,19,5,2360,13,17,4,2,2,0
34,7,20,1,4465,13,1,40,1,1,1
49,7,16,1,440,243,1,35,2,1,0
44,4,20,1,3255,1,0,40,2,1,1
63,1,21,1,3245,15,0,10,1,6,1
58,6,21,3,710,30,0,40,1,1,1
34,3,16,1,3802,48,0,42,2,1,0
31,1,18,5,4000,217,0,50,1,6,1
47,4,19,1,2015,42,0,40,2,1,1
37,3,22,1,2310,39,1,40,1,2,1
33,3,19,1,440,12,1,40,1,1,0
56,4,18,1,8740,6,1,40,1,1,1
55,1,18,3,10,48,0,45,1,1,1
25,1,21,5,4700,20,12,40,1,1,0
61,4,16,1,3602,6,1,20,2,1,0
53,1,22,1,20,303,0,50,1,1,1
51,3,22,1,2205,36,0,40,2,1,1
52,2,20,1,5000,27,1,60,2,1,0
28,1,21,5,630,24,13,47,2,1,1
43,3,19,1,5120,13,1,35,2,1,0
56,1,16,1,7700,37,0,40,2,1,0
25,1,16,1,8990,16,1,50,1,1,0
32,6,23,5,410,49,0,40,1,1,1
21,1,16,5,9645,21,0,35,1,1,0
28,2,21,1,2002,6,0,40,2,2,0
51,2,22,1,420,6,0,35,2,1,1
42,1,16,1,20,6,0,40,2,1,1
43,2,22,1,350,48,0,40,2,1,1
21,1,19,1,5240,28,2,40,2,1,0
52,1,20,3,5740,26,0,40,2,1,0
81,1,16,1,9620,157,0,17,1,1,0
63,2,22,1,2205,49,1,25,2,1,0
56,1,16,1,10,48,1,45,1,1,1
66,6,21,1,3300,72,0,36,1,1,0
33,4,22,1,230,48,1,40,2,1,1
58,3,16,5,3900,45,0,40,1,1,1
19,1,19,5,4435,24,17,20,2,1,0
64,2,16,1,4220,13,0,30,2,2,0
35,6,21,1,4700,231,0,35,1,6,0
27,1,21,5,360,6,13,60,1,6,0
48,1,16,5,4760,45,2,28,1,1,0
59,6,18,1,3630,301,1,25,2,1,0
51,1,21,1,735,19,0,40,2,1,1
38,6,21,1,440,29,0,45,1,1,1
30,1,17,1,8990,1,1,64,1,1,0
49,1,21,1,4621,46,1,30,2,1,0
54,7,21,1,440,25,1,40,1,1,0
24,5,19,1,1410,16,1,60,2,1,0
44,1,17,1,4700,39,0,45,2,1,0
68,1,20,1,9141,18,0,24,1,1,0
29,1,9,5,6330,303,12,40,1,1,0
51,1,16,1,9130,39,1,40,1,1,1
63,1,17,2,4700,48,0,40,2,1,0
40,1,23,1,2100,6,0,40,1,1,1
31,6,21,1,2350,26,0,5,2,1,0
38,1,22,1,705,6,0,40,2,1,1
71,1,16,1,6050,26,0,32,1,1,0
60,1,16,1,5120,48,1,40,2,1,0
64,1,16,5,6050,37,0,70,1,2,0
52,1,21,1,440,40,1,40,1,1,1
55,1,20,3,1530,24,0,40,1,1,1
54,1,16,3,5740,370,6,40,2,1,0
34,1,23,1,3090,17,1,85,2,1,1
53,4,22,2,2320,21,2,50,2,1,0
67,2,24,3,2205,20,0,14,2,1,1
60,1,22,1,4700,207,0,40,1,6,1
33,1,22,5,1021,207,0,40,1,6,1
28,1,18,5,9640,6,2,30,1,8,0
21,6,16,5,6260,164,5,40,1,1,0
22,1,18,5,3930,17,12,40,1,1,0
52,1,20,1,6200,34,0,45,1,1,1
42,1,22,1,705,36,1,50,2,6,1
43,1,21,3,3245,55,13,40,1,1,1
58,1,17,1,5860,40,0,40,2,1,0
26,5,16,1,9830,55,0,60,1,1,0
58,7,16,1,9760,8,1,40,1,1,1
64,1,21,1,1108,48,1,40,2,1,0
54,7,20,3,440,9,0,40,1,1,1
39,2,21,3,120,17,0,45,2,1,1
52,1,18,1,4110,34,0,40,2,1,1
42,1,21,1,5522,48,1,43,1,1,1
33,1,22,5,110,360,0,20,1,1,0
37,1,16,1,2770,6,0,60,1,1,1
61,1,12,1,6230,333,0,33,1,2,0
51,1,21,1,1050,12,1,40,1,1,1
42,4,16,3,230,53,13,15,2,1,0
24,2,21,5,2310,12,2,50,1,1,0
35,1,20,4,3603,12,11,30,2,1,0
40,1,22,1,4965,212,1,24,2,9,0
55,1,16,3,3601,6,0,15,2,2,0
43,1,18,1,3930,36,1,40,1,1,0
33,1,1,5,20,303,5,50,1,1,0
62,1,20,1,3310,12,1,30,2,1,0
36,1,16,3,160,6,0,50,1,1,1
19,3,19,5,4251,36,17,40,1,1,0
59,1,16,1,8140,55,1,40,1,1,0
62,1,21,1,150,214,0,60,1,1,1
27,1,24,5,3160,51,12,40,2,1,1
34,1,22,1,3150,42,0,40,2,1,1
44,2,23,1,3090,49,0,24,2,1,1
64,7,16,1,7200,29,0,40,1,1,1
57,6,11,1,4760,18,1,45,2,1,0
52,1,15,1,8300,303,1,40,2,1,0
25,1,19,5,4760,29,0,36,1,1,0
48,7,21,1,440,24,0,40,1,1,1
60,1,20,2,335,39,0,50,2,1,0
47,1,21,5,120,48,13,40,2,1,0
64,2,24,1,2205,36,0,40,2,1,1
65,1,21,1,1021,31,0,20,1,1,1
67,3,18,1,9410,24,1,40,1,1,1
37,1,19,5,4521,39,0,40,2,1,1
20,1,16,5,6260,6,4,40,1,1,1
55,1,16,1,310,21,1,50,2,1,0
50,1,20,1,1050,12,1,40,1,1,1
53,1,22,1,5600,36,0,40,1,1,1
24,2,20,5,4220,42,2,40,1,1,0
63,1,21,1,800,48,0,40,1,1,1
59,1,21,5,4760,26,0,50,1,1,0
71,1,19,1,7800,36,1,32,1,1,0
51,1,15,1,160,39,0,50,2,1,1
22,1,21,5,3310,54,2,45,2,1,0
56,1,19,1,9620,55,0,40,1,1,0
62,4,16,1,2545,20,0,40,2,1,0
57,1,19,1,7340,39,0,44,1,1,1
35,1,23,1,2100,47,0,60,2,1,1
55,1,11,1,4020,6,1,40,2,1,0
27,3,21,5,2310,22,0,40,1,2,1
44,7,20,1,220,13,0,50,1,1,1
71,2,16,3,9141,17,0,24,1,1,0
61,2,21,3,110,39,0,40,2,1,1
44,1,17,1,7700,42,0,55,1,1,1
66,1,18,1,8740,42,0,40,1,1,0
35,1,21,1,220,37,0,45,1,1,1
45,2,21,3,420,51,0,90,2,1,1
27,1,15,1,6260,303,1,48,1,1,0
38,1,16,5,8740,48,2,40,1,1,0
29,1,16,1,5610,19,1,40,2,1,0
32,1,23,1,3250,19,0,36,2,1,1
20,1,19,5,4760,29,2,12,2,1,0
30,1,21,5,800,48,0,40,1,1,0
23,1,21,1,800,47,1,40,2,1,0
50,1,16,1,5240,34,1,40,2,1,0
56,1,20,1,3930,12,12,40,1,1,0
61,1,16,1,5120,34,1,20,2,1,0
64,1,22,1,2721,39,0,18,1,1,1
42,2,21,1,420,41,0,47,2,1,1
21,1,16,1,7320,16,2,76,1,1,0
18,5,16,5,1106,26,17,35,1,1,0
20,1,19,5,2360,37,12,20,2,1,0
41,4,22,1,2002,48,1,40,2,3,0
74,1,24,1,2205,25,0,40,1,1,1
35,6,11,5,6355,37,2,20,1,1,0
47,2,22,1,2310,240,1,1,2,6,0
31,1,20,5,4020,8,2,20,1,1,0
29,1,21,5,4700,35,0,40,2,3,0
63,3,21,1,2310,36,1,40,2,1,0
42,1,18,1,4850,47,0,40,1,1,1
41,1,14,3,4230,26,0,37,2,1,0
32,1,19,1,4110,8,1,45,1,1,0
61,1,16,5,3601,51,0,40,2,1,0
30,1,20,5,3255,41,13,40,2,1,1
20,1,19,5,1530,55,0,40,2,1,0
61,3,22,1,3255,6,1,40,2,1,1
61,6,16,1,5820,39,0,5,2,1,0
20,1,19,5,6355,15,12,40,1,7,0
35,1,21,1,440,159,1,50,2,1,1
18,3,16,5,4600,53,17,5,2,6,0
45,3,18,5,540,13,0,40,2,2,1
30,1,19,5,4760,12,0,40,1,2,0
59,1,21,1,9645,48,1,40,1,1,0
42,7,22,1,800,26,0,55,2,1,1
44,6,17,1,7810,42,0,40,2,1,0
30,1,16,5,4700,39,17,40,2,2,0
29,1,18,4,4850,51,0,43,2,1,0
39,1,21,5,150,29,0,40,2,1,1
68,3,14,5,9122,217,15,40,1,6,1
58,1,19,1,705,6,0,40,2,1,1
23,1,16,5,9645,48,2,50,1,1,0
32,1,21,5,150,25,0,50,1,1,1
30,2,21,1,3255,29,1,40,2,1,1
45,3,22,1,3710,36,1,40,1,1,1
63,1,17,1,7420,34,1,30,1,1,1
37,1,21,1,5240,36,0,40,1,1,1
44,1,22,1,4621,301,1,5,2,1,0
45,1,22,1,960,215,1,40,2,6,1
70,1,19,1,5140,13,1,40,2,2,0
32,1,24,1,3050,72,0,50,2,2,1
48,1,16,1,4220,49,0,40,1,1,1
69,1,21,1,4810,36,0,20,1,1,1
55,3,20,1,1006,13,0,25,2,1,0
38,1,18,1,4110,36,1,35,2,1,0
33,1,20,5,5740,22,0,40,2,2,0
30,1,16,1,7010,15,2,40,1,9,1
44,1,16,1,150,17,1,40,1,2,1
34,1,20,3,6260,51,13,50,1,2,0
29,1,21,1,4800,17,1,40,1,2,0
40,1,16,1,4040,17,0,26,2,1,0
45,1,1,1,3930,303,1,40,1,8,0
24,1,22,5,1021,240,0,40,1,6,1
18,1,18,5,4720,6,4,15,2,8,0
19,1,16,5,5240,48,2,20,2,1,0
29,1,19,5,9030,49,0,45,1,1,1
52,1,16,1,10,55,0,60,1,1,1
25,3,21,1,3870,28,1,40,1,1,0
43,7,21,1,4920,12,0,50,2,1,0
30,1,16,1,6230,10,0,40,1,1,1
38,2,19,1,4920,6,0,50,1,1,1
19,1,16,5,4720,19,0,30,2,1,0
19,1,16,5,4760,48,2,40,2,1,0
53,4,21,1,2435,39,1,35,2,1,1
52,1,10,1,8850,223,6,40,1,6,0
56,1,16,1,8990,26,1,58,1,1,0
60,6,17,5,4600,17,0,58,2,1,0
30,1,23,5,3250,48,0,40,2,1,1
39,1,21,1,1310,37,1,40,1,1,0
74,3,16,1,9121,36,1,40,1,1,1
68,1,21,3,8990,21,5,40,1,1,1
23,3,19,5,5850,48,0,40,2,8,0
52,2,18,1,4220,429,1,40,1,2,0
45,1,20,1,3160,12,1,38,2,1,1
32,1,16,3,6515,39,2,40,2,1,0
48,1,22,1,1065,6,1,60,1,1,1
26,4,22,5,5940,48,13,40,2,1,0
19,1,19,5,4350,6,2,20,2,1,0
46,1,16,1,7810,40,0,35,1,3,0
19,1,16,5,2145,6,0,20,2,1,0
32,4,22,5,3245,6,11,15,2,6,0
29,1,19,3,9600,13,0,50,1,1,0
19,1,14,5,7200,5,2,40,1,1,0
30,5,21,5,9030,6,0,40,1,1,1
41,1,21,1,810,12,1,60,1,1,1
56,2,20,5,630,6,13,40,2,8,1
34,1,12,3,6260,23,0,60,1,1,0
38,1,22,1,1530,21,0,45,1,1,1
45,1,21,1,4710,21,0,50,2,1,1
27,1,17,5,9640,37,0,40,2,3,0
31,1,17,3,4251,12,13,45,1,1,0
30,1,17,1,9640,25,17,40,1,1,0
30,1,21,1,1021,364,1,40,2,1,1
57,1,19,5,9130,36,0,40,1,1,1
44,3,21,1,3820,6,0,50,1,1,0
54,6,19,1,6260,29,0,60,1,1,1
53,5,21,5,2205,30,0,3,2,1,0
52,1,22,5,120,26,0,40,1,1,1
27,1,16,5,4240,51,0,40,1,1,0
45,1,16,1,4055,22,0,34,1,1,0
36,1,21,1,10,25,1,40,1,6,1
37,1,13,5,4251,26,17,40,1,1,0
23,1,12,5,7750,6,16,50,1,1,0
60,2,22,1,2205,36,0,60,1,1,1
61,1,16,1,9130,55,0,50,1,1,1
40,3,21,1,3740,312,0,40,1,1,1
57,1,19,1,6355,29,0,40,1,1,1
32,3,21,1,2310,47,1,50,2,1,0
29,1,21,5,7750,117,7,40,1,1,0
61,1,19,3,5000,51,0,40,2,1,1
53,3,18,1,5220,29,0,40,1,1,0
25,1,20,5,9142,213,2,20,1,1,0
18,1,16,5,4020,48,2,25,1,1,0
19,3,19,5,4020,5,2,30,2,1,0
17,1,1,5,4150,26,7,20,2,1,0
45,3,22,1,2205,72,1,35,2,1,0
24,1,16,1,7150,22,1,40,1,1,0
42,3,20,1,3401,20,1,40,1,1,0
27,5,19,1,9830,42,0,50,1,1,0
33,5,21,1,3870,231,0,40,2,6,1
57,1,18,1,4700,47,1,40,1,1,0
48,1,9,1,8555,303,0,40,1,1,0
60,1,16,3,3601,40,0,9,2,3,0
25,1,18,5,4720,447,17,40,1,2,0
34,1,21,1,800,329,0,40,2,9,0
33,1,21,5,4760,53,2,36,1,6,0
62,2,21,1,3255,6,1,24,2,1,1
44,1,20,1,5600,55,1,40,2,1,0
49,1,19,3,5940,22,0,45,2,1,0
25,1,21,5,136,207,5,40,2,6,0
37,1,18,4,4220,17,0,32,2,1,0
62,1,16,1,2545,18,1,28,2,1,0
46,7,16,1,220,21,0,50,1,1,1
41,2,21,1,3255,48,0,24,2,1,1
34,1,19,1,5740,39,2,40,2,1,0
57,6,16,1,8810,12,0,25,1,2,0
32,2,21,5,3255,34,0,37,2,1,1
38,1,21,1,6260,207,1,40,1,6,0
64,2,22,1,10,6,0,40,2,1,1
62,2,17,5,4230,55,0,45,2,1,0
38,3,21,1,3870,21,0,40,1,1,1
27,1,22,5,2710,53,12,40,2,1,0
23,1,16,5,4760,33,10,30,2,1,0
32,3,16,1,4030,27,1,25,2,1,0
39,3,21,1,2310,48,0,50,2,1,0
73,1,21,2,9130,36,0,40,1,1,1
71,1,16,2,6305,41,0,20,2,1,0
51,1,5,3,6260,312,13,45,1,8,0
44,5,21,1,565,17,0,40,1,1,1
32,4,22,1,2310,48,0,44,2,1,1
19,1,18,5,3602,233,0,40,2,6,0
38,1,20,5,1032,1,2,37,1,1,0
51,1,16,5,4220,17,0,40,2,2,0
70,1,19,1,4220,20,0,25,1,1,0
39,1,21,1,1006,23,1,40,1,1,1
71,1,19,1,5510,17,0,28,1,1,0
47,4,21,1,5940,37,0,40,2,2,0
24,3,16,5,3603,6,2,40,1,1,0
39,1,17,1,335,53,1,40,2,1,0
52,1,12,5,4251,42,2,40,1,1,0
72,7,21,1,440,233,1,40,2,6,1
39,6,19,3,6260,303,13,55,1,8,1
46,6,20,5,4920,6,0,20,2,1,0
61,1,21,1,1800,360,0,40,1,1,1
56,1,20,1,7700,36,0,40,1,1,1
60,1,21,1,4850,29,0,70,1,1,1
67,1,15,1,4710,34,0,50,1,1,0
25,1,21,5,800,22,12,40,2,1,1
23,2,21,5,1760,42,2,5,2,1,0
59,2,21,1,5240,327,1,40,2,1,1
51,2,20,1,4700,36,1,8,2,1,0
71,7,18,3,4340,4,0,4,1,1,0
51,1,24,1,1650,18,1,40,2,1,1
57,1,13,3,4700,22,7,60,2,1,0
21,2,16,5,9620,12,17,25,2,1,0
49,2,21,1,51,26,1,20,2,1,0
33,1,21,1,3550,12,1,32,2,1,0
42,1,20,1,5240,42,0,42,2,1,0
28,1,22,1,1320,12,0,40,1,1,1
69,6,16,3,4230,40,5,20,2,1,0
30,1,19,3,4110,312,0,20,2,1,0
66,1,21,1,230,42,1,50,2,1,0
59,6,19,3,6260,27,0,20,1,1,0
41,6,16,1,205,27,0,75,1,1,0
51,3,16,1,3946,21,0,40,2,2,0
60,1,19,5,5240,6,0,45,2,8,1
56,1,16,2,4622,37,0,45,2,1,1
18,1,18,5,4760,17,0,25,1,1,0
52,1,16,1,440,223,1,40,2,6,0
36,2,21,1,2014,34,0,40,2,2,0
79,1,18,1,4760,364,0,15,2,1,0
37,1,21,5,1750,49,0,60,1,1,1
64,6,22,1,2910,26,1,4,2,1,0
48,1,21,5,4710,51,0,45,2,2,1
26,1,18,5,910,44,2,40,2,9,1
66,7,21,5,410,18,0,32,1,1,0
23,1,16,5,5240,34,2,60,1,1,0
30,1,21,5,2710,25,0,40,2,1,0
66,1,24,2,40,19,0,30,2,1,0
36,2,22,5,2014,6,0,40,2,1,1
47,1,21,1,1350,39,0,40,1,1,1
31,1,19,1,7340,6,1,60,1,1,1
26,7,19,1,4810,37,1,60,1,1,1
25,7,21,1,220,13,0,75,1,1,1
25,1,19,5,4760,6,2,60,1,8,0
72,6,21,2,6230,51,0,30,1,2,0
55,5,21,1,3050,38,1,40,1,1,1
20,1,16,5,4020,303,13,25,1,1,0
51,1,19,5,9122,36,0,40,1,2,0
57,1,16,5,8100,28,0,48,2,2,0
42,3,23,1,2310,42,1,50,1,1,1
40,1,16,1,4850,42,1,40,2,1,0
65,1,19,1,5240,25,1,40,2,1,0
19,1,1,5,4760,49,2,30,1,1,0
43,2,19,4,7340,11,2,20,1,2,0
45,1,6,1,9600,303,0,45,1,8,0
46,1,19,1,7700,243,0,45,1,1,1
36,1,19,1,8640,8,0,40,1,1,1
35,1,19,3,6520,36,0,40,1,1,1
35,1,20,5,4700,22,0,37,2,1,0
54,7,21,1,4600,42,1,60,1,1,0
44,1,20,1,5600,27,0,40,1,1,1
57,1,16,4,6220,21,0,40,1,1,1
29,1,15,3,9620,18,12,50,2,1,0
40,1,16,1,5000,19,0,40,2,1,0
67,2,24,1,2040,47,0,45,1,9,1
33,1,16,5,4252,12,0,60,1,1,0
29,1,19,5,110,12,2,45,1,1,1
47,1,16,1,8990,327,1,45,1,1,0
43,5,18,3,3870,37,0,40,1,9,0
50,1,21,1,5940,6,0,25,2,1,0
63,3,19,1,2545,39,1,33,2,1,0
45,1,21,1,4710,42,0,40,1,1,1
28,1,21,5,4700,32,2,50,1,1,0
34,1,18,5,4500,6,16,40,1,2,0
70,7,23,1,3090,36,1,60,1,1,1
23,1,16,5,9640,39,2,24,1,1,0
57,1,21,1,7140,12,1,40,1,1,1
20,1,16,5,4030,303,10,18,1,9,0
65,1,16,3,9645,1,0,40,2,1,0
44,1,16,1,7750,303,1,40,2,1,0
22,1,20,5,3220,6,2,36,2,1,1
31,6,21,1,2320,36,1,50,2,1,0
21,1,20,5,4030,53,2,30,2,1,0
37,1,21,3,440,416,0,60,2,2,1
55,3,16,3,4230,6,10,40,2,1,0
21,1,21,5,4760,48,2,10,2,1,0
52,1,15,1,440,329,9,40,1,1,1
46,2,22,1,1305,42,0,42,2,1,1
64,6,16,3,7315,42,0,30,1,1,0
55,4,21,1,5000,55,1,50,2,1,1
56,5,24,1,1800,210,0,40,1,6,1
33,1,21,5,4030,42,2,40,1,1,0
22,1,17,5,9645,13,5,40,1,9,0
23,1,19,5,4030,6,2,12,1,8,0
26,1,20,1,5360,6,2,40,2,1,0
52,7,16,1,4700,42,0,45,1,1,0
39,1,16,1,8140,6,0,40,1,1,1
32,6,16,5,2905,13,0,40,1,1,0
62,1,16,3,9620,42,0,40,1,1,0
60,1,16,1,4600,48,1,40,2,1,0
54,1,16,3,1920,55,0,40,1,1,1
26,3,21,5,2310,6,0,20,2,1,0
61,2,20,3,350,46,0,50,2,1,1
35,1,16,5,4251,303,10,50,1,1,1
28,1,19,5,8990,110,0,50,1,1,0
59,1,16,1,2360,303,0,40,1,1,1
25,4,21,5,2545,26,2,20,2,1,0
55,1,16,1,5740,25,1,40,2,1,1
20,1,16,5,4840,40,13,35,2,1,0
17,1,16,5,9150,40,2,5,2,1,0
41,1,21,1,110,17,0,40,2,9,1
22,1,16,1,4020,303,1,40,2,1,0
30,1,19,5,4040,24,13,45,1,1,0
56,1,14,3,7420,207,0,40,1,6,0
27,2,23,5,3090,364,0,80,2,1,0
55,1,19,1,3421,51,1,40,2,1,0
68,1,13,5,4220,364,0,20,2,1,0
68,6,20,1,2850,34,1,30,2,1,0
29,1,18,5,5900,18,2,50,1,1,0
23,2,21,5,3255,26,0,24,2,1,1
80,1,19,1,9645,21,1,40,2,1,0
54,1,19,1,6200,6,0,50,1,1,1
73,6,22,1,8365,48,1,20,2,1,0
33,1,21,5,1006,34,2,40,1,6,0
25,1,21,5,1430,34,2,44,1,1,1
45,4,21,1,2310,15,10,40,2,6,1
34,1,21,1,3255,12,0,40,1,1,0
51,7,21,1,10,35,0,55,1,1,1
20,4,19,5,3960,13,17,8,2,1,0
55,1,16,3,7750,47,0,40,2,1,0
37,2,18,1,9130,29,1,42,1,1,0
46,1,19,1,800,22,1,40,2,1,0
51,4,24,1,350,128,1,37,2,1,1
56,1,16,1,7040,13,1,45,1,2,0
37,1,16,1,700,333,0,40,1,2,0
21,1,20,5,4120,34,2,28,1,1,0
55,1,22,1,300,36,0,40,1,1,1
23,1,16,5,5400,35,7,40,2,8,0
41,1,18,4,5820,110,0,40,2,1,0
54,1,16,1,7315,45,0,47,1,1,1
60,1,16,1,565,48,1,45,2,1,1
18,1,16,5,9620,34,2,30,2,1,0
56,3,16,5,2545,329,0,35,2,8,0
48,1,19,3,5000,11,2,40,1,2,0
52,1,20,1,300,25,1,50,1,1,1
46,1,16,1,9620,42,1,40,1,1,0
56,1,11,1,630,42,0,50,1,1,0
34,6,19,1,4700,53,0,20,2,1,0
66,1,20,3,4720,36,0,40,2,1,0
36,1,22,5,120,42,0,60,1,1,1
46,1,16,5,6355,47,0,48,1,1,0
47,5,16,5,1430,21,0,40,1,1,1
44,1,19,1,440,6,1,40,2,6,0
48,1,16,1,9130,18,1,40,1,1,0
18,1,16,5,4020,17,2,15,1,2,0
27,5,21,1,9825,10,0,55,1,1,0
57,1,19,5,3603,39,0,23,2,9,0
22,1,14,5,4252,6,2,40,1,1,0
39,2,21,1,230,38,0,40,1,1,1
42,3,16,1,1108,40,0,40,2,1,0
36,5,21,5,5540,49,2,48,1,1,1
18,1,13,5,4760,6,2,20,1,8,0
29,4,22,1,2310,31,0,50,2,1,0
28,1,22,1,3245,40,1,40,2,1,0
30,1,23,5,4920,20,0,60,2,1,0
43,1,24,1,2205,210,1,40,2,6,1
60,2,19,1,9122,48,2,40,2,1,0
21,1,18,5,3255,36,15,40,2,1,0
36,1,21,1,1021,210,0,40,1,6,1
49,1,16,1,9142,303,2,40,2,1,0
23,4,18,1,5400,22,1,30,2,1,0
62,1,16,3,5240,20,0,40,2,1,0
59,1,21,1,150,1,0,40,1,1,1
73,1,20,3,3603,36,0,40,2,1,1
61,1,1,2,8300,6,8,32,2,1,0
17,1,13,5,4110,303,5,30,2,1,0
23,1,20,5,4000,48,13,40,2,1,0
28,2,21,5,3422,37,13,36,1,1,0
44,1,16,3,5522,40,0,45,2,1,0
60,1,21,1,4920,207,1,20,1,6,0
56,1,21,5,800,17,0,48,2,1,1
18,1,18,5,5240,17,17,17,1,1,0
67,4,20,2,5740,48,0,40,2,1,1
20,1,16,5,4110,32,2,32,1,2,0
23,1,15,5,6260,21,2,37,1,1,0
74,2,19,1,2545,36,1,23,2,1,1
49,4,16,3,5740,47,0,40,2,1,1
44,1,16,1,4710,46,0,50,1,1,1
43,1,21,5,335,48,0,40,2,3,0
75,2,22,1,2310,41,1,8,2,1,0
30,1,21,5,5860,36,10,40,2,2,0
29,1,18,5,8255,32,2,35,1,1,0
30,1,20,5,7700,28,2,45,2,1,0
57,1,14,4,2360,6,0,8,1,1,0
67,1,16,1,3930,47,0,24,1,2,1
20,1,19,5,20,12,17,15,1,1,0
27,2,21,5,3300,34,0,40,1,1,1
29,1,16,5,5240,303,12,40,1,1,0
58,5,16,1,4220,36,1,40,2,1,1
51,3,21,1,750,34,0,35,2,1,0
24,1,21,1,51,47,0,30,2,1,0
53,5,20,5,4220,47,0,30,1,2,0
45,1,20,3,3930,40,0,40,2,1,0
39,2,20,1,5730,26,0,40,2,1,0
57,2,21,1,5140,313,0,40,1,1,0
57,2,23,1,350,36,0,60,1,1,1
39,6,21,5,710,48,0,20,2,5,0
25,1,19,5,9130,25,2,40,1,1,0
41,1,19,1,3300,24,0,40,2,1,0
37,7,20,1,1010,36,1,40,1,1,0
52,3,16,1,5000,48,0,40,2,1,1
54,1,18,1,7340,37,1,25,1,1,0
25,4,21,5,3300,6,0,40,2,1,0
29,7,21,1,3245,34,1,24,2,1,0
29,1,21,1,40,26,0,80,2,1,1
30,2,20,1,3220,6,0,40,2,1,1
50,1,1,1,6260,303,0,40,1,1,0
47,1,15,1,6260,303,0,40,1,1,1
17,1,18,5,4130,36,17,21,1,9,0
25,1,17,1,4720,48,0,36,2,8,0
55,1,20,5,9620,39,0,40,1,1,0
40,1,12,1,3603,36,1,40,2,1,1
40,2,21,3,3300,17,0,50,1,1,1
39,5,21,1,3870,53,1,40,1,1,1
40,1,16,3,4220,48,2,48,1,1,1
27,1,21,1,5330,19,0,40,1,1,0
25,1,19,1,3500,48,1,36,1,8,0
27,1,21,5,2310,24,0,40,2,1,0
65,1,19,1,20,47,0,40,1,1,1
25,1,21,5,710,27,0,45,1,1,1
53,2,21,1,5860,15,1,40,2,6,0
41,6,12,1,9130,6,0,55,1,1,0
69,3,19,1,800,39,0,40,1,1,1
63,1,22,1,1320,139,0,50,1,1,1
69,1,21,1,800,31,0,25,1,1,1
27,2,22,5,2545,207,13,20,2,6,0
71,1,16,3,9130,18,11,25,1,1,0
62,3,21,1,3255,25,0,35,2,1,0
23,1,21,5,1006,25,12,40,2,1,0
58,1,21,1,2905,41,0,27,1,1,0
40,1,15,1,4110,303,0,36,1,8,0
62,6,21,1,205,27,1,40,1,1,1
35,1,20,5,7010,36,2,40,1,2,1
57,1,16,5,7340,25,2,40,1,1,1
52,1,16,4,9130,13,13,40,1,2,0
22,1,16,5,7200,17,2,40,2,1,0
51,1,19,1,20,17,1,50,1,1,1
25,1,12,1,6050,303,1,45,2,1,0
80,3,19,2,4220,36,0,10,1,1,0
19,1,19,5,4030,27,2,20,2,1,0
30,1,21,1,20,4,1,40,2,1,1
28,2,21,5,2920,36,0,40,1,1,0
51,1,16,1,4720,5,0,10,2,1,0
48,1,20,1,52,49,0,52,1,1,1
74,1,21,2,2014,34,0,40,2,2,0
25,1,16,1,6660,37,0,25,1,1,0
54,2,19,3,5400,18,0,45,2,1,0
48,1,19,1,4830,32,0,40,1,2,0
47,1,21,3,5165,26,0,45,2,1,1
30,7,21,1,4920,21,0,40,2,1,0
23,3,19,5,5860,19,12,40,2,1,0
25,1,16,5,3640,39,13,35,2,1,0
42,2,16,5,5940,35,13,40,1,1,0
59,1,20,1,4435,48,1,40,2,1,0
37,1,23,1,4965,209,0,40,2,6,0
27,2,21,5,630,36,13,45,2,1,0
58,7,21,1,6355,44,0,50,1,1,1
37,1,20,1,3620,5,0,38,1,1,1
17,2,13,5,4720,36,2,6,2,1,0
21,1,16,5,4720,47,2,30,2,1,0
34,1,16,5,5350,6,13,40,1,6,0
50,1,11,1,8030,303,0,40,1,1,0
32,1,16,5,5240,26,0,45,2,1,0
37,1,19,5,4700,21,15,40,1,1,0
50,5,16,1,6660,47,1,36,1,3,0
61,4,20,1,5140,12,0,40,2,1,0
47,1,21,1,3255,210,0,40,2,6,1
42,4,22,1,2320,34,0,34,2,1,1
28,1,18,1,3603,31,0,16,2,1,0
59,1,16,4,4720,37,6,20,2,1,0
37,3,16,5,3710,6,0,40,1,1,1
22,1,19,5,4760,25,17,16,2,1,0
57,7,16,1,5740,2,0,30,2,1,0
58,7,20,1,6410,39,0,60,1,1,0
22,1,21,5,3930,25,2,55,1,1,0
59,1,16,1,5000,42,1,40,2,1,0
43,5,21,1,3820,36,0,40,2,2,1
58,1,21,1,440,6,0,60,1,1,1
66,1,19,1,9142,42,0,23,1,1,0
51,4,16,3,8620,54,0,40,1,1,0
58,1,23,1,3090,29,0,40,1,9,1
41,1,21,1,5000,27,1,40,1,9,1
58,1,16,5,9640,25,5,20,2,1,0
18,1,18,5,2360,6,2,16,2,9,0
58,7,16,3,6442,21,0,45,1,1,1
80,2,16,1,4220,48,1,3,2,1,0
63,1,19,1,650,1,0,2,1,1,0
19,1,19,5,4720,42,2,10,2,1,0
29,3,22,5,2310,53,0,40,2,1,1
54,1,22,3,5165,34,0,60,1,1,1
28,1,21,5,1825,25,0,63,2,2,1
27,1,19,1,4020,29,12,40,2,1,0
24,1,14,5,3602,72,0,27,2,8,0
43,1,18,1,2640,9,1,40,1,1,1
51,1,21,3,136,163,0,40,2,1,1
58,1,19,1,5400,29,0,40,2,1,0
40,1,16,4,5120,6,0,40,2,8,0
43,1,20,1,3255,303,1,50,2,1,1
48,2,21,3,2545,17,0,32,2,2,0
52,6,22,1,4920,240,1,10,2,6,1
62,1,21,1,5840,34,0,40,1,1,0
48,6,12,3,4510,207,0,11,1,6,0
77,2,21,5,4600,22,0,3,2,1,0
28,1,21,1,230,17,1,40,1,1,0
59,1,20,1,3610,6,1,36,2,1,0
22,1,21,5,1760,45,12,15,2,1,0
50,5,21,3,5550,34,0,50,1,1,0
35,7,19,1,2635,20,1,40,2,1,0
36,1,16,5,4020,36,13,30,1,1,0
20,2,19,5,2752,26,17,6,2,1,0
33,1,21,5,4220,12,0,50,1,1,1
68,1,22,3,2014,6,8,32,2,1,0
18,1,19,5,4030,41,17,37,1,1,0
56,3,21,1,2400,21,1,40,1,2,0
41,2,21,1,3255,41,0,40,2,1,0
65,2,24,1,2205,42,0,60,1,1,1
31,1,15,1,9130,40,1,40,1,1,0
44,3,22,1,230,39,0,50,1,1,1
22,1,14,5,8225,48,15,40,1,8,0
62,1,18,1,8740,42,0,40,1,1,0
29,1,18,5,4110,36,0,40,2,1,0
37,4,19,1,5860,6,16,45,1,1,0
53,2,11,1,4140,303,1,35,2,8,0
65,1,19,1,4030,233,5,45,1,6,0
54,3,20,1,5420,26,1,38,2,1,0
29,1,16,5,5610,50,0,30,1,1,0
46,4,1,1,4020,247,1,40,2,6,0
31,1,17,5,7750,36,10,40,1,1,0
47,1,21,1,1305,6,0,40,1,1,1
53,6,21,1,2634,120,0,1,2,1,0
57,1,18,3,5110,55,0,40,2,1,0
62,1,17,1,4230,55,1,40,2,1,0
72,2,19,3,4350,41,0,1,2,1,0
35,6,12,1,4700,6,1,40,2,8,0
32,1,18,1,120,314,1,50,1,1,1
34,1,20,1,4850,42,1,40,1,1,1
19,1,20,5,4000,47,10,40,2,1,0
27,1,19,5,310,6,2,36,2,9,0
26,1,16,5,4655,22,2,30,1,2,0
50,3,20,1,2310,41,1,40,2,1,0
63,1,16,2,8740,45,0,48,2,1,0
35,4,21,5,2310,27,0,55,1,1,1
30,1,21,5,1022,6,5,40,1,1,0
17,1,14,5,4720,12,2,15,2,1,0
29,1,20,5,3602,72,0,20,2,1,0
54,3,21,1,3710,40,1,50,1,1,1
23,1,21,1,3255,1,1,40,2,1,0
41,1,14,3,6260,49,2,40,1,1,1
61,1,16,3,6230,34,0,40,1,1,1
63,1,16,5,9130,18,0,60,1,1,0
29,1,20,1,7315,19,0,43,1,1,0
42,1,19,3,940,40,13,40,1,1,0
62,6,16,1,205,40,0,50,1,1,1
37,1,20,1,4510,6,1,20,2,9,0
54,1,15,1,9130,27,1,50,1,1,1
33,1,21,1,20,33,0,50,2,1,1
17,1,14,5,4720,110,2,20,2,1,0
53,1,16,1,6220,21,0,30,1,1,0
38,1,16,1,9130,41,0,60,1,1,0
29,1,12,3,8140,303,5,40,1,8,0
57,1,18,1,5240,6,1,26,2,1,0
62,4,14,1,3602,41,2,30,2,1,0
57,1,1,2,9640,233,8,40,2,6,0
35,1,18,3,5740,25,0,40,2,1,1
29,1,21,5,1900,39,2,40,2,2,0
58,1,16,1,6260,21,1,40,1,1,1
30,1,19,5,5400,6,5,24,2,7,0
48,1,20,1,8030,313,1,40,1,1,0
59,1,18,1,800,6,1,40,2,1,1
27,1,21,1,3255,12,1,40,2,1,1
39,6,16,3,2910,42,15,45,2,1,0
39,5,21,1,7200,303,1,40,1,8,0
37,6,16,5,3630,17,0,7,2,9,0
39,6,17,4,6410,12,0,40,1,1,0
58,1,19,5,5240,8,15,40,2,1,0
51,1,16,1,6442,41,0,40,1,1,1
23,1,18,5,4110,47,13,20,2,1,0
64,1,21,1,845,48,1,40,2,1,1
21,5,20,5,5160,21,2,20,2,1,0
29,1,20,5,7720,37,0,40,2,1,0
22,2,19,5,2360,51,17,44,1,1,0
22,1,20,1,4120,12,3,40,2,9,0
64,3,19,1,5860,42,1,15,2,1,0
48,1,22,1,3255,25,0,45,2,1,1
60,1,20,1,6355,48,0,40,1,2,1
42,3,16,3,4020,36,0,30,2,1,0
35,1,16,1,4760,31,4,40,2,1,0
61,1,19,1,2145,17,0,43,2,1,1
30,1,21,5,5120,6,10,40,2,1,0
50,1,16,3,9130,51,13,40,1,1,0
37,3,20,3,3324,12,0,50,2,1,1
21,1,19,5,4220,6,0,25,1,8,0
44,1,21,1,1021,12,1,40,1,1,1
65,6,16,1,205,31,0,10,1,1,0
40,1,8,5,6515,303,12,45,1,8,0
55,1,18,1,7340,48,0,40,1,3,1
71,4,21,5,4720,20,0,35,1,1,1
43,2,22,1,2751,217,1,10,2,6,0
53,1,21,1,4710,31,0,52,1,1,1
60,1,24,1,52,215,0,42,1,6,1
56,3,21,3,2545,327,0,40,2,1,0
55,1,23,1,2100,42,1,60,1,1,1
53,3,22,5,800,48,0,48,1,1,1
56,1,16,1,8610,39,0,40,1,1,0
19,1,18,5,3930,6,17,40,1,1,0
57,4,19,3,3740,34,0,48,2,1,1
38,6,22,5,6660,109,0,35,1,1,0
62,2,19,3,230,39,0,42,2,2,0
18,1,18,5,4720,27,17,15,2,1,0
40,1,17,5,7750,1,0,52,2,2,0
51,7,16,1,4710,6,1,40,1,1,1
42,3,22,1,2310,34,0,40,1,1,1
24,1,16,5,8990,21,0,58,2,1,0
47,1,19,3,6410,21,2,14,1,1,0
72,7,21,1,2014,42,1,30,2,9,0
36,1,22,1,845,34,0,55,1,1,1
62,1,1,1,4020,207,8,40,1,6,0
50,4,22,4,2320,47,0,45,2,1,1
39,1,20,5,3255,21,0,36,2,1,1
50,1,21,5,230,370,0,40,2,1,1
42,2,20,1,3255,210,1,32,2,6,1
57,7,18,3,630,1,0,40,2,1,1
33,1,19,3,5610,31,0,1,1,1,0
38,1,21,1,800,36,0,40,2,1,0
44,1,23,1,3090,163,1,20,2,1,1
49,1,20,1,2180,29,0,40,2,1,1
17,1,16,5,7260,6,4,24,1,1,0
61,3,16,1,5400,6,1,40,2,9,0
36,1,21,1,800,25,1,25,2,1,0
29,1,21,5,3245,48,15,40,2,1,0
50,1,22,1,2310,12,1,40,1,1,0
27,1,20,1,4110,12,0,20,2,1,0
47,1,20,3,5320,36,0,15,2,1,0
25,1,21,5,4000,24,12,40,1,2,0
36,2,22,1,2040,42,0,50,1,1,1
51,1,21,1,4710,21,0,50,1,1,1
50,3,22,3,2310,34,0,50,2,1,1
33,1,21,5,800,42,2,40,1,1,0
21,1,18,5,9030,51,2,40,1,2,0
66,1,15,1,8500,303,0,40,1,8,0
18,1,16,5,4720,55,2,30,2,1,0
35,1,17,1,6355,6,0,40,1,8,0
57,1,19,1,120,42,0,60,1,1,1
20,7,19,5,440,17,17,10,2,1,0
39,1,21,1,136,501,0,40,2,1,1
19,1,19,5,5120,6,17,20,2,6,0
44,2,21,3,910,17,0,40,1,1,1
54,3,21,1,2330,51,1,40,2,1,0
29,1,16,5,5810,49,2,48,1,1,0
38,3,20,1,3401,20,0,45,1,1,0
40,1,16,5,8255,361,2,40,1,8,0
36,1,21,1,3255,303,0,24,2,1,1
46,1,16,3,440,6,2,40,2,1,0
49,1,21,1,4760,132,1,20,2,1,0
33,1,19,1,7000,29,1,50,1,1,1
46,6,21,5,4210,6,0,75,1,1,0
20,1,19,5,4220,36,2,12,1,1,0
65,1,22,1,440,17,0,35,1,1,1
19,1,19,5,4720,6,2,24,1,6,0
43,3,21,1,440,49,1,15,2,1,0
41,4,20,1,5860,49,1,40,2,1,0
36,1,21,1,630,4,1,40,2,3,0
27,1,20,5,4720,48,13,20,2,1,0
63,1,19,1,4720,27,0,32,2,1,0
23,1,16,1,4110,207,9,28,2,6,0
54,1,19,3,5740,25,0,40,2,1,0
52,5,22,3,5000,39,0,45,1,1,1
41,7,24,1,3160,36,0,60,1,1,1
21,1,16,5,4720,24,2,38,2,1,0
51,3,15,3,4220,29,0,40,1,1,0
63,1,18,1,4020,36,0,24,1,1,0
45,4,16,1,4230,329,1,40,2,8,0
30,1,18,5,5160,29,13,40,2,1,0
56,3,20,3,7010,48,0,40,1,1,1
47,1,21,1,1460,6,1,40,1,1,1
27,1,19,5,6260,8,13,45,1,1,0
73,3,24,1,2310,17,0,15,1,1,1
29,1,18,5,8225,37,2,40,1,1,0
50,4,19,3,7340,21,0,40,1,1,0
48,1,19,1,5740,34,0,40,2,1,0
52,1,21,3,850,4,0,40,2,1,1
56,2,20,1,3255,17,1,40,2,1,1
18,1,16,5,4720,44,2,10,2,1,0
45,1,23,1,3090,207,1,40,2,6,1
56,1,24,1,9510,18,1,48,1,1,1
57,1,17,1,4720,303,1,18,2,1,0
56,4,21,1,5740,72,1,38,2,1,0
36,3,20,1,3255,1,1,48,2,1,1
22,1,16,5,9610,6,10,40,1,8,0
32,1,19,5,310,1,15,39,2,2,0
20,3,17,5,2545,36,15,45,2,1,0
58,1,19,3,340,128,0,50,2,1,1
44,1,21,1,540,17,0,66,2,2,1
28,1,21,1,3050,254,1,40,2,6,1
43,1,16,4,4230,36,0,40,2,1,0
41,1,22,3,1006,13,0,40,2,1,1
55,7,23,1,2100,12,1,90,1,1,1
48,1,22,1,1010,216,0,40,1,1,1
63,2,24,1,1240,17,1,40,2,1,1
57,3,21,3,3402,37,0,12,1,1,1
45,3,24,1,1108,48,1,40,2,2,1
31,1,22,1,2002,17,2,40,2,1,1
25,1,21,5,5240,6,17,40,1,1,0
28,1,18,1,8990,47,1,48,1,2,0
65,1,16,1,4760,39,1,25,2,1,0
20,1,19,5,4522,8,15,20,2,1,0
46,1,1,5,9645,25,2,39,1,1,0
49,1,22,1,110,42,1,40,1,1,1
18,8,16,5,7640,25,17,40,1,1,1
55,6,14,1,10,303,1,48,1,1,0
30,1,18,5,4760,51,0,12,1,2,0
21,1,16,5,7260,53,2,40,1,1,0
38,4,22,1,2205,41,0,36,2,1,1
38,1,9,5,6230,303,0,40,1,1,0
24,1,22,5,940,30,12,20,1,1,0
51,1,17,1,4850,48,0,80,2,1,1
22,1,16,5,5740,41,0,40,2,1,0
51,2,20,1,2050,38,0,5,2,1,0
74,6,23,1,800,42,0,40,1,1,1
20,1,21,1,4110,224,15,30,1,1,1
53,6,22,3,4251,4,0,30,1,1,0
71,1,16,2,4230,233,6,40,1,6,0
24,2,21,5,735,12,0,50,2,1,1
44,3,21,1,3710,6,1,50,1,1,1
51,1,18,1,9122,42,1,20,1,2,0
43,1,22,1,1460,210,0,40,1,6,1
66,7,11,2,710,46,6,20,1,3,0
34,1,12,1,4020,303,12,40,2,8,0
17,1,15,5,4150,10,2,20,2,1,0
31,1,20,5,9620,18,0,50,1,1,0
51,1,15,1,6260,303,0,40,1,1,0
36,1,19,5,9600,11,17,36,1,2,0
29,1,16,5,5610,13,4,40,1,2,0
45,6,23,1,2100,27,1,40,1,1,1
68,1,17,1,440,5,0,32,2,1,0
48,1,13,1,4510,303,1,28,2,8,0
45,1,19,3,5330,6,0,40,2,1,1
22,1,16,5,9600,34,2,48,2,8,0
38,1,20,5,3255,15,2,30,2,6,0
35,6,21,1,2634,36,0,40,2,1,0
36,3,16,1,6730,48,1,40,1,1,0
27,1,19,5,9645,301,12,40,1,2,0
54,1,22,1,1021,8,1,40,1,1,1
19,1,18,5,9365,6,4,10,1,1,0
62,2,20,1,2300,16,1,40,2,1,0
45,1,22,3,3258,44,0,48,2,1,1
33,1,21,5,1050,1,0,40,2,2,1
56,3,20,1,3870,39,1,60,1,1,1
40,1,20,1,4000,51,0,50,1,1,0
40,1,19,5,7800,37,0,40,1,1,0
65,1,18,1,4600,1,1,40,2,2,0
43,1,16,1,5600,233,0,50,2,9,0
53,1,21,1,4920,34,1,25,2,1,1
45,1,19,1,4850,27,0,45,1,1,1
35,2,22,1,1220,224,0,45,1,1,1
32,1,1,5,310,210,0,70,1,6,1
21,1,19,5,2722,29,2,15,1,1,0
39,1,17,3,9620,5,2,40,2,1,0
61,3,23,1,5860,29,1,40,1,1,1
27,1,18,5,7720,21,0,40,1,1,0
32,1,21,5,520,303,0,50,1,1,0
66,3,21,1,2320,47,0,50,1,1,0
19,1,19,5,6260,51,12,60,1,1,0
49,1,22,1,4240,55,1,40,1,1,0
64,1,20,3,4840,47,0,52,1,1,0
66,1,16,3,8990,215,12,25,2,1,0
21,2,16,5,440,42,2,15,1,1,0
53,2,18,3,4720,26,0,45,2,1,0
46,1,1,1,4220,303,1,45,1,1,0
35,1,21,3,1360,13,0,40,1,1,1
18,1,18,5,5810,46,17,35,2,1,0
20,1,18,5,4760,26,2,25,2,1,0
63,1,16,1,5940,66,1,30,2,1,0
33,1,19,5,4510,55,0,40,2,1,0
22,1,20,5,9620,36,2,40,1,1,0
21,1,16,5,4760,233,2,40,2,6,0
50,6,16,3,6260,18,0,50,1,1,0
54,1,19,1,8990,6,1,40,1,1,1
48,1,21,1,110,210,0,50,1,9,1
27,1,22,1,2722,18,1,5,2,1,0
54,6,19,5,4220,28,0,30,2,2,0
42,6,21,1,4850,8,1,40,1,1,1
47,3,16,1,9121,8,1,40,1,1,0
66,3,18,1,5250,16,0,40,2,1,1
55,1,21,1,4710,16,0,60,1,1,1
23,1,21,5,1108,24,12,40,1,1,1
22,1,9,5,4220,4,12,30,1,8,0
48,4,16,1,5250,19,1,40,2,1,0
68,6,19,1,4621,25,0,4,2,1,0
26,1,16,5,5522,6,7,30,1,1,0
68,2,16,3,440,51,0,20,2,1,1
49,1,16,1,5000,16,1,21,2,1,0
18,1,14,5,4760,341,2,46,1,9,0
21,2,20,5,3424,42,2,40,2,1,0
31,3,22,1,2310,36,1,40,2,1,1
33,3,16,5,3402,312,15,60,2,8,1
35,1,21,1,440,6,0,40,1,1,1
26,1,20,5,3603,42,13,50,2,1,0
46,6,21,3,940,18,0,10,2,1,0
18,1,16,5,3960,39,2,25,1,1,0
46,6,21,1,2002,19,0,60,2,1,0
32,1,24,1,1005,207,0,60,1,6,1
28,1,21,1,4820,4,1,40,1,1,0
24,1,16,5,9620,72,0,40,1,1,0
29,6,16,5,4760,6,0,20,1,1,0
37,4,23,3,2100,72,0,40,2,8,1
31,1,18,1,7420,6,1,40,1,1,0
51,1,16,5,1460,39,0,50,1,1,1
39,1,21,1,1360,233,9,40,1,6,1
30,1,21,5,5120,6,2,40,2,1,0
26,4,22,5,2001,6,2,30,2,8,0
60,1,16,3,8640,55,0,48,1,1,1
31,1,21,5,4760,6,12,50,1,1,0
24,1,21,5,1360,36,12,40,1,1,0
53,1,16,1,4010,303,6,60,1,1,0
46,4,23,1,3090,210,0,60,1,6,1
21,1,19,5,6050,55,17,60,2,1,0
27,1,19,1,8740,18,1,45,1,1,0
64,1,16,1,9130,24,0,60,1,1,0
19,1,19,5,4055,37,2,35,1,1,0
44,1,20,1,3645,21,0,25,2,1,0
30,1,21,1,3245,210,1,40,2,6,1
56,1,19,1,440,25,1,40,1,1,1
55,5,21,3,440,48,0,40,2,1,1
71,4,20,1,9122,6,0,25,1,9,0
61,1,16,1,5740,17,1,40,2,1,0
56,1,2,1,3602,207,1,10,2,6,0
23,1,19,5,3647,13,13,30,2,2,0
50,1,16,1,4720,55,0,32,2,1,0
49,4,24,1,1010,17,0,46,1,1,1
30,1,16,1,8950,329,1,40,2,1,0
40,2,17,5,2545,26,0,25,2,2,0
70,1,22,1,910,36,0,40,2,1,1
67,1,19,1,9645,6,1,40,2,1,0
38,1,13,1,5000,36,2,40,1,1,1
42,1,16,1,8140,13,16,50,1,1,0
38,1,21,1,4720,229,1,40,2,6,0
27,1,18,1,6260,6,0,40,1,1,1
53,1,16,1,9620,27,1,40,1,1,0
49,1,16,1,9122,36,0,40,1,1,0
42,1,19,1,4700,6,1,40,1,1,0
54,1,17,1,5860,1,1,40,2,1,0
61,1,19,1,5120,20,0,45,2,1,1
24,2,22,5,1860,42,2,45,2,1,0
52,6,23,1,2100,18,2,40,2,1,1
37,1,20,5,4220,26,2,40,1,1,0
48,1,22,1,440,17,0,52,1,1,1
43,1,19,1,440,303,2,25,2,1,0
58,1,20,1,4220,41,0,40,1,1,0
30,1,20,1,7700,24,1,45,1,1,1
37,4,19,1,3930,17,0,40,1,1,0
27,1,21,5,910,26,0,40,1,1,1
18,1,18,5,4030,28,2,18,1,1,0
27,1,20,5,710,6,0,45,1,2,0
49,1,20,1,3323,13,1,32,2,1,1
53,1,21,1,5740,17,0,40,2,1,1
37,1,17,4,9130,1,0,40,1,1,0
33,6,21,1,8140,38,0,40,1,1,1
65,1,9,5,9645,303,0,40,2,8,0
59,7,21,1,440,53,0,35,1,1,1
38,1,16,5,4760,39,0,35,2,1,0
45,1,19,3,8140,27,16,40,1,1,0
25,1,16,5,8140,12,7,45,1,1,0
58,2,20,1,800,42,0,40,2,1,0
21,1,19,5,4110,4,2,15,1,1,0
31,1,21,1,910,4,0,40,2,1,0
20,1,20,5,5860,4,2,20,1,1,0
58,1,16,1,4700,48,1,40,1,1,0
80,1,16,3,9150,138,13,30,1,1,0
25,1,21,5,9240,51,2,40,1,1,0
27,1,19,5,3421,9,2,30,1,6,0
26,1,16,5,4510,72,2,40,1,1,0
19,1,19,5,5400,6,2,40,2,1,0
22,1,16,1,4720,39,1,30,2,1,0
36,2,15,1,2865,164,0,27,2,1,0
23,2,22,5,5740,51,0,10,2,1,0
17,6,13,5,2805,303,2,30,1,8,0
28,7,12,1,4760,42,0,55,1,1,1
55,1,16,1,9620,42,1,40,1,1,1
36,3,23,1,2310,29,1,40,2,1,1
47,7,21,1,5120,47,0,50,2,1,1
29,4,23,1,2100,13,1,40,2,1,1
27,1,20,5,7800,36,0,40,2,1,0
64,1,21,2,3655,333,0,21,2,8,0
50,1,17,3,4850,21,15,40,1,1,1
31,1,20,5,4220,126,5,40,1,6,0
43,1,15,1,7340,36,1,50,1,1,0
52,1,19,1,5100,210,1,30,2,6,0
38,1,16,1,4220,48,0,40,1,8,0
58,1,19,5,310,8,0,50,2,1,1
39,1,21,1,630,36,1,50,2,1,1
37,3,20,1,3740,12,0,70,1,1,1
59,1,15,1,8100,17,1,50,1,1,1
24,3,21,5,2310,42,0,38,1,1,0
73,7,22,1,440,51,0,35,1,1,1
27,1,18,5,6230,51,2,40,1,1,0
64,6,21,1,4810,217,0,40,1,6,1
63,4,22,1,750,34,1,45,2,2,1
37,1,20,1,7700,20,1,50,1,9,0
28,1,18,1,8140,44,0,40,2,1,0
55,1,20,1,3255,53,0,40,2,1,1
90,1,21,2,3255,55,0,20,2,1,1
24,1,16,1,8920,49,1,40,1,1,0
22,1,19,5,4510,229,2,20,2,6,0
60,1,16,1,4055,233,1,16,2,6,0
48,1,16,1,5740,42,0,15,2,1,0
25,3,19,5,3930,6,2,22,1,1,0
64,1,16,1,5240,17,0,40,1,1,0
65,1,22,1,3930,17,1,40,1,2,0
45,2,19,1,5010,36,0,40,2,1,0
36,7,19,1,2631,12,1,55,1,1,1
66,1,22,1,120,247,0,40,1,6,1
54,1,16,5,4220,42,0,30,2,1,0
38,1,19,1,750,26,0,50,1,1,1
47,1,19,1,5550,5,1,49,2,1,0
24,1,16,5,4140,1,13,35,1,1,0
40,1,16,3,7330,42,13,45,1,1,0
48,1,20,1,520,6,0,30,2,1,0
22,1,20,5,8740,412,0,40,1,2,0
58,2,14,3,2205,39,11,20,2,1,0
45,5,24,4,4710,109,0,40,2,1,1
49,1,16,5,5240,25,0,45,2,1,0
21,1,19,5,4110,36,2,20,2,6,0
44,4,22,1,230,6,1,40,2,1,0
61,1,16,1,7200,21,1,40,1,1,0
54,1,20,1,3255,37,1,40,2,1,0
45,1,23,1,3100,12,0,50,1,1,1
23,1,16,5,4220,301,0,25,1,1,0
43,1,21,3,1031,6,0,40,1,1,1
18,1,18,5,4040,13,7,25,1,1,0
31,1,14,5,4810,303,2,40,2,8,0
24,1,18,5,3640,45,2,40,2,1,0
57,1,16,1,5740,26,1,46,2,1,0
56,1,9,1,4220,303,1,40,1,1,0
85,1,1,1,7330,4,0,40,1,1,1
39,1,16,1,6260,6,0,40,1,1,0
51,1,20,5,4850,25,0,40,1,1,1
48,1,18,1,2310,25,1,40,2,1,0
22,1,14,5,4230,313,2,30,2,1,0
78,1,21,1,9130,38,0,5,1,1,0
49,2,22,5,3255,29,0,45,2,1,1
37,3,22,3,2002,36,13,40,2,1,0
64,3,21,3,2320,26,0,23,1,1,0
48,7,20,5,1410,136,0,26,1,1,0
60,6,16,1,5120,9,0,40,2,1,1
42,4,21,1,440,17,1,38,1,1,1
21,1,19,5,4230,26,17,20,1,1,0
22,1,14,5,5240,22,0,37,2,2,0
43,1,16,1,3605,12,0,45,1,2,1
40,6,14,5,4920,6,0,8,1,2,0
20,1,18,5,4700,53,0,20,2,1,0
62,1,19,1,5610,26,0,40,1,1,0
43,1,21,1,3255,233,1,40,2,6,1
50,3,21,1,5120,206,0,36,2,6,0
50,2,21,5,3255,26,0,32,1,1,1
24,1,16,5,5240,6,0,50,2,1,0
66,3,21,1,2016,42,1,40,2,6,0
43,1,12,1,4110,32,0,32,2,1,1
37,1,21,1,705,18,1,45,1,1,1
19,4,18,5,4420,48,17,10,1,1,0
28,3,21,1,5860,12,9,26,2,1,0
20,4,19,5,4140,34,17,15,1,1,0
26,1,21,5,1555,45,0,50,1,1,1
35,1,15,5,5350,22,2,50,1,2,0
58,1,21,1,1460,36,0,40,1,1,1
56,6,16,3,6230,26,0,55,1,1,0
22,1,19,5,440,36,15,40,2,1,0
59,3,16,1,4251,27,0,16,1,1,0
60,6,16,1,9130,47,0,65,1,9,1
61,3,16,1,4220,6,0,40,1,5,0
18,1,18,5,5510,139,17,3,1,1,0
22,4,21,5,5860,210,2,12,2,6,0
46,1,21,1,4700,6,0,50,1,1,1
27,1,21,5,5000,33,0,15,1,1,0
43,1,19,5,4720,6,0,35,2,8,0
58,4,23,5,3250,17,0,50,2,1,1
20,4,16,5,1050,36,17,30,1,1,0
69,1,16,5,4220,15,15,70,2,7,0
60,1,20,5,630,39,0,40,2,2,1
49,1,21,1,1320,6,0,45,1,1,1
65,1,20,1,5240,51,1,40,2,1,0
31,1,18,1,9130,31,1,60,1,1,1
57,5,18,1,800,26,1,40,2,9,0
21,1,19,5,9620,47,4,30,1,1,0
55,5,18,1,5740,39,0,40,2,1,1
24,1,19,5,2300,6,15,40,2,2,0
41,1,14,1,4720,17,1,30,2,1,0
56,1,17,1,4720,18,1,40,2,1,0
33,1,16,1,4140,31,16,35,2,1,0
56,1,19,1,5860,17,0,15,2,1,0
54,2,20,1,3255,34,1,45,2,1,1
47,7,23,1,4920,365,0,40,2,1,0
50,1,21,2,4820,36,12,13,2,1,0
40,1,19,1,600,303,0,40,1,1,0
30,1,19,5,9620,55,17,40,1,1,0
46,1,16,1,4020,303,12,50,1,8,0
40,1,11,5,9640,28,0,40,1,2,0
29,5,20,1,5600,6,0,40,1,1,0
67,7,21,1,800,6,0,40,1,1,1
79,7,16,3,4700,116,0,45,1,1,1
19,2,19,5,2435,39,17,5,2,6,0
20,1,16,5,4020,6,2,28,1,2,0
55,1,22,1,3258,6,1,40,1,1,1
46,1,16,1,3630,207,1,40,2,6,0
19,2,18,5,4140,421,17,8,2,2,0
69,2,18,1,4621,42,1,3,2,1,0
58,1,16,1,4521,36,1,16,2,1,0
25,1,16,5,4220,12,2,2,1,2,0
55,1,8,1,4140,312,6,35,1,8,0
52,1,16,3,9005,6,0,40,1,5,1
50,1,16,1,9130,6,0,45,1,1,1
57,1,16,1,5240,55,0,40,2,1,0
60,4,18,1,5860,54,0,40,2,1,1
43,1,17,1,20,72,0,55,1,1,1
19,1,16,5,3602,25,17,8,2,1,0
26,1,21,5,51,459,2,20,2,2,0
23,1,16,5,9600,12,17,52,1,1,0
53,3,16,1,9122,39,1,20,2,2,0
30,1,15,5,4230,49,0,30,2,3,0
57,2,16,3,5740,42,0,40,2,1,0
49,7,19,3,9130,13,13,55,1,1,1
25,4,21,5,735,36,0,10,1,1,0
58,1,16,4,4760,36,0,40,1,1,0
48,1,21,5,800,209,2,40,2,6,1
67,1,22,2,5240,36,0,24,2,1,0
34,1,21,1,630,6,1,40,2,1,0
66,1,1,1,4720,53,1,24,2,1,0
67,2,16,1,7340,13,0,25,1,1,0
40,1,17,3,52,39,13,40,2,1,0
43,1,22,1,845,51,1,60,1,1,1
68,7,19,1,10,17,1,40,2,1,0
46,6,19,5,3630,39,0,36,2,1,0
19,3,18,5,3960,37,17,40,2,1,0
52,2,20,1,4621,55,1,1,2,1,0
33,4,21,1,3870,48,0,50,1,1,1
64,6,16,1,7200,30,0,40,1,1,0
64,7,21,1,20,37,1,35,1,1,0
30,1,14,1,4251,312,1,40,1,1,0
53,1,21,1,10,34,0,50,1,1,1
62,5,21,1,1010,9,0,40,1,1,1
36,3,21,1,2002,48,1,40,1,1,0
43,3,21,1,2320,6,0,35,2,1,1
59,1,20,1,220,9,1,46,1,1,1
19,1,19,5,4760,18,7,30,1,1,0
24,1,19,1,4760,13,2,35,2,1,0
35,1,24,1,2205,231,0,40,2,6,1
66,1,21,1,10,215,0,35,1,1,1
40,1,21,1,5165,22,0,45,2,1,1
38,4,16,1,5740,39,10,40,2,1,0
44,3,21,1,420,1,0,50,2,2,1
57,1,20,3,5240,23,0,40,2,1,0
45,1,20,1,1545,17,1,50,1,1,1
53,1,19,1,1021,29,0,40,1,1,1
69,6,22,1,2910,110,1,15,1,1,0
51,2,22,1,2350,42,0,4,2,9,0
48,1,21,1,110,138,1,60,1,1,1
22,1,18,5,7750,48,2,40,1,2,0
41,1,21,1,1050,42,1,40,1,1,0
64,1,18,3,5120,42,0,40,2,1,0
50,1,20,1,4700,12,1,35,2,1,0
24,1,18,5,9130,6,2,25,1,2,0
46,1,21,3,9050,8,0,40,1,9,1
57,1,21,1,2310,25,0,35,2,1,0
38,1,18,5,1560,17,0,40,1,1,1
63,4,21,3,800,45,0,40,2,1,1
19,1,17,5,4055,303,2,35,1,8,0
20,5,16,5,9830,26,17,80,1,1,0
39,1,21,3,20,6,0,50,1,1,1
44,1,19,1,705,18,1,40,2,1,0
31,1,20,5,6230,39,0,45,1,1,0
60,1,21,5,4760,301,0,40,1,1,0
41,1,16,1,7340,6,0,40,1,3,1
65,1,16,1,9645,8,1,6,2,1,0
56,1,21,5,3930,205,0,40,1,6,0
24,1,19,5,4110,26,12,30,2,9,0
27,5,19,1,630,5,0,60,1,1,0
22,1,16,5,4720,22,2,35,1,1,0
30,2,24,5,1650,236,0,56,2,6,0
31,1,19,5,750,26,0,40,2,1,0
63,1,21,1,120,23,0,40,2,1,1
33,1,22,1,2310,217,1,40,2,6,0
66,1,21,1,600,17,1,40,1,1,1
38,1,1,1,220,42,0,50,1,1,1
43,7,22,1,9141,214,0,40,1,1,0
63,1,22,1,750,9,0,40,1,1,1
28,1,21,5,4760,6,7,40,1,8,1
34,1,16,5,4020,13,16,40,1,1,0
30,1,19,5,4230,13,0,40,2,2,0
47,3,21,1,2310,46,1,50,1,1,0
48,4,19,1,5740,48,1,45,2,1,0
23,1,16,5,6515,42,7,40,1,1,0
46,1,18,1,140,18,0,50,1,1,1
56,1,16,1,6305,362,0,60,1,1,1
61,2,16,1,410,327,1,40,1,1,0
42,1,19,1,3930,18,1,40,1,1,0
38,1,16,1,310,35,1,40,1,9,0
34,1,16,1,3601,17,1,37,1,1,0
71,5,17,1,9620,45,0,1,1,1,1
42,5,21,3,440,36,0,40,2,1,0
21,1,20,5,5240,36,0,30,2,1,0
64,2,19,1,705,22,0,60,1,1,1
32,7,21,1,4920,34,0,50,1,1,1
29,1,19,5,4655,42,15,22,2,2,0
52,3,20,3,2300,25,0,30,2,1,0
34,7,16,1,4700,48,0,55,1,1,0
35,1,16,1,5522,12,0,45,1,2,0
54,1,21,1,565,51,1,50,1,1,1
38,1,20,3,3255,41,13,45,1,1,1
18,1,14,5,4010,55,4,20,2,1,0
21,1,19,5,9620,36,17,40,1,1,0
23,1,21,5,1006,37,0,45,2,9,1
59,1,19,1,52,6,0,50,1,1,1
68,6,16,1,6230,55,1,40,1,1,0
58,6,16,4,6260,4,0,30,1,3,0
34,4,22,1,2310,37,1,40,2,1,0
58,1,22,1,1006,6,0,40,1,1,1
41,1,16,1,9130,40,0,40,1,1,1
41,3,22,3,2320,29,0,40,1,1,1
59,1,12,5,440,37,0,40,1,1,1
75,7,16,1,440,39,0,24,1,1,1
33,3,21,5,4220,20,0,40,1,1,0
28,4,22,5,2006,49,0,30,1,7,1
69,1,19,1,8990,34,0,40,1,2,0
35,1,20,1,3324,42,0,40,2,1,1
52,1,10,1,5110,447,1,45,2,2,1
42,1,22,1,4840,36,1,50,1,1,1
40,3,22,1,2310,39,0,40,1,1,1
36,1,23,5,2100,39,0,40,1,1,1
25,6,19,1,9620,42,1,40,1,2,0
38,5,21,1,2310,12,1,40,1,1,1
33,1,21,1,910,36,1,40,2,9,1
51,7,23,1,3090,212,1,40,1,9,1
52,1,21,1,7020,207,0,40,1,6,1
37,1,21,1,440,49,1,40,1,1,1
77,6,21,1,710,27,0,4,1,1,1
81,7,21,1,800,449,0,3,1,1,0
48,6,21,5,2310,36,0,20,1,1,0
57,4,20,4,3602,6,0,32,2,1,0
38,1,19,1,6520,6,1,65,1,1,1
31,1,7,3,565,53,13,40,2,1,1
71,3,20,1,3255,36,0,14,2,1,0
68,1,19,1,5240,13,0,36,1,1,0
44,7,21,1,5860,4,0,30,2,1,0
60,4,21,1,2320,26,0,38,1,1,0
42,1,16,3,6305,18,0,50,1,1,1
24,2,16,1,2545,36,1,20,2,1,0
30,6,19,1,2920,48,1,40,1,1,1
39,1,19,3,8810,18,0,55,1,1,0
60,1,16,1,4230,128,1,40,2,1,0
54,5,21,5,1410,30,0,40,1,1,1
41,1,19,5,6230,8,0,50,1,1,1
61,4,22,3,2005,6,13,40,1,1,0
31,2,21,1,3255,6,0,36,2,1,1
28,2,24,5,2205,207,0,45,2,6,0
31,1,19,5,4700,19,13,40,2,1,0
19,1,18,5,4150,17,2,24,2,1,0
41,7,18,1,9130,333,1,50,1,2,0
82,1,21,2,4420,8,0,42,2,1,0
33,1,21,1,1460,30,1,40,1,1,1
58,1,16,2,101,18,0,53,2,1,1
27,1,16,1,4220,6,0,26,2,1,0
31,6,16,1,2632,42,0,4,2,1,0
63,1,21,1,2634,39,0,40,2,1,0
65,6,16,1,205,55,0,60,1,1,0
46,1,18,1,7020,207,0,55,1,6,1
24,1,21,1,4020,47,1,30,2,9,0
39,1,8,5,8990,303,13,40,1,8,0
47,1,22,1,800,47,1,40,2,1,0
40,1,17,1,9130,18,1,40,1,1,0
49,1,16,3,4020,39,13,40,2,2,0
59,6,21,5,4525,27,12,60,2,1,1
36,1,19,5,7610,53,2,55,1,1,1
30,1,16,5,4040,4,12,35,2,1,0
39,1,24,1,2205,210,0,55,1,6,1
71,1,22,1,800,12,1,40,1,2,1
40,1,22,1,5240,210,1,40,2,6,1
36,3,16,1,4720,35,0,36,2,1,0
64,1,23,2,1650,47,0,40,2,9,1
25,1,21,5,3050,37,0,40,2,1,0
61,1,20,5,3255,13,0,45,1,2,0
40,1,15,3,7000,365,15,50,1,1,0
27,1,16,1,3630,24,1,24,2,1,0
31,1,14,5,4720,42,2,60,2,1,0
32,1,20,4,6200,47,13,40,2,1,0
57,1,21,1,9030,34,1,20,1,1,1
64,1,21,1,4710,50,0,45,2,1,1
60,1,17,3,9620,72,0,24,1,1,0
43,1,20,1,8990,53,0,43,1,1,1
23,1,19,5,2360,6,2,20,2,1,0
47,1,21,5,9050,8,0,20,2,1,0
40,6,17,1,6442,5,1,42,1,1,0
51,7,21,1,4600,328,0,40,2,1,0
62,4,21,3,2145,53,0,40,2,3,1
67,1,19,1,4720,29,1,45,1,1,1
50,4,19,1,2545,303,0,15,2,8,0
26,1,22,1,4850,13,0,65,2,9,1
28,1,18,5,3620,6,11,32,1,1,0
40,1,20,1,5120,23,0,40,2,1,0
52,1,10,5,845,242,12,45,2,6,1
53,1,16,1,8225,110,0,56,1,1,0
18,3,19,5,3960,215,17,20,1,6,0
47,1,21,1,705,26,0,40,2,1,1
29,1,16,1,310,6,0,60,1,1,0
67,2,16,1,3602,54,0,35,2,1,0
26,4,21,5,1760,210,0,10,1,6,0
35,1,19,1,9005,47,0,40,1,2,0
17,1,14,5,4760,18,2,20,1,1,0
28,1,21,5,20,48,0,50,1,1,1
58,1,13,3,7925,29,2,43,1,1,1
50,1,13,5,6230,36,13,40,1,1,1
25,1,19,5,20,303,12,45,1,8,0
61,3,16,1,4600,39,1,6,2,1,0
30,1,16,5,4020,37,5,39,2,2,0
48,7,19,1,205,13,1,50,1,1,0
21,6,15,4,4230,313,10,40,2,1,0
48,6,9,3,4230,315,0,20,2,1,0
78,1,15,1,6200,12,11,40,1,9,1
68,4,19,1,2016,53,1,40,2,1,0
27,2,21,5,2014,48,15,37,2,1,0
47,6,16,1,6240,312,1,30,1,8,0
58,1,22,3,3258,39,0,40,2,1,1
26,1,16,5,4720,22,7,40,2,2,0
21,6,16,5,3602,40,2,40,2,1,0
44,1,19,5,3930,6,2,52,1,1,0
57,1,20,1,630,25,0,40,2,1,1
37,1,19,1,1050,6,1,40,1,1,0
45,1,17,1,5510,47,1,40,1,1,0
46,3,22,1,230,17,0,60,2,1,1
20,1,20,5,4020,28,7,40,1,2,0
22,1,16,1,4110,17,0,30,2,1,0
59,1,16,1,4150,47,1,20,2,1,0
48,1,16,1,7150,6,1,36,2,1,1
19,1,16,5,8990,21,2,40,1,1,0
42,5,20,3,136,332,0,45,2,2,0
18,1,16,5,4720,42,17,16,2,1,0
33,6,20,1,205,17,0,50,1,1,1
41,1,16,1,1360,15,9,40,1,1,1
61,3,19,2,4710,37,0,40,1,2,1
29,1,22,1,4710,39,1,40,2,1,1
31,2,23,5,3090,39,0,48,1,6,1
32,1,21,5,800,6,0,40,2,6,1
47,3,18,1,2016,41,0,45,1,1,0
28,1,23,5,2105,164,13,30,1,1,0
40,1,19,1,1021,36,0,50,1,2,1
28,1,20,5,4040,9,0,40,2,1,0
45,2,21,3,420,36,0,50,2,1,1
49,1,19,3,9005,46,0,80,1,1,1
39,1,15,5,9130,35,0,99,1,1,1
34,1,16,1,4030,26,1,40,1,1,0
52,1,1,1,8100,303,1,32,1,8,0
49,1,9,1,4700,303,1,15,1,8,0
37,7,22,1,710,8,0,40,2,1,0
46,6,18,1,4521,247,1,50,2,6,0
63,6,23,1,3090,18,1,50,2,1,0
21,1,20,5,9620,53,2,20,1,1,0
40,1,16,5,9130,10,2,37,1,1,0
24,1,16,5,8225,30,2,20,2,1,0
57,4,21,1,800,12,0,40,1,2,0
21,1,21,5,5300,6,2,45,2,1,0
61,1,24,1,1021,207,0,40,1,6,1
37,4,24,1,1760,360,0,52,1,1,1
60,7,21,1,3300,6,0,40,1,1,0
64,1,19,3,3300,29,0,40,2,2,0
63,3,23,1,2310,13,0,5,2,1,1
61,1,16,2,4965,13,0,40,1,2,0
53,1,17,1,9645,13,1,40,2,1,0
31,1,19,5,4810,42,2,40,1,1,0
29,4,19,1,6355,49,1,40,1,1,0
54,7,20,1,310,47,0,40,1,1,1
69,1,21,5,3255,17,2,25,2,1,0
49,6,20,1,7210,31,0,50,1,1,1
22,1,19,5,4760,12,17,30,2,1,0
60,2,22,1,3930,48,1,20,2,1,0
29,6,19,1,7200,49,2,40,1,1,0
45,6,21,1,4700,39,1,30,2,1,1
41,1,16,1,5610,303,0,40,1,8,1
49,1,18,1,9130,205,0,70,1,6,0
30,6,20,1,4600,49,1,17,2,1,0
34,7,19,5,10,34,16,60,1,1,0
18,4,18,5,5240,37,17,11,1,1,0
41,6,17,1,9130,223,5,40,1,6,0
60,2,21,1,700,51,0,40,1,1,1
44,7,4,1,4710,1,1,60,1,1,1
29,4,21,5,1050,6,2,15,1,1,0
61,1,18,1,110,1,1,45,1,1,1
75,1,21,1,2205,37,0,40,1,2,0
32,1,14,5,6515,17,13,30,1,1,0
35,1,20,4,3255,51,0,36,2,1,0
46,1,13,5,4220,303,0,30,1,8,0
23,1,21,1,4720,5,1,40,2,1,0
34,1,21,1,51,25,1,45,2,1,1
17,1,14,5,4110,34,2,24,2,1,0
23,1,19,5,9130,6,2,40,1,9,0
24,1,15,5,4020,6,2,30,1,1,0
42,1,18,1,5740,12,0,40,2,1,0
46,1,21,3,4840,8,12,40,1,1,1
43,3,16,1,7200,18,0,40,1,1,0
40,1,15,1,5740,110,0,24,1,9,1
61,1,12,1,6230,303,6,45,1,1,1
33,1,16,1,160,303,1,50,1,5,1
23,1,21,1,2300,36,0,40,2,1,0
29,1,22,1,4700,6,1,48,2,1,0
45,2,21,1,420,18,1,45,2,1,1
19,7,19,5,4920,47,2,40,1,1,0
42,7,23,1,2100,12,0,45,1,1,1
32,1,22,1,150,34,0,40,1,1,1
20,1,16,5,9620,6,13,40,1,2,0
24,1,20,1,4110,55,1,15,2,8,0
42,1,18,1,4700,12,0,55,2,1,1
49,7,22,1,800,12,0,50,1,1,1
58,1,20,3,4600,324,15,50,2,2,1
52,1,23,1,3258,25,1,45,1,1,1
38,1,19,1,5000,12,0,40,1,1,0
26,1,17,5,6305,34,11,40,1,1,1
67,3,22,5,2014,6,0,40,2,1,1
24,1,14,5,2360,48,5,15,2,2,0
17,1,15,5,4150,48,7,25,2,1,0
68,1,19,1,4965,51,0,32,2,1,0
34,1,19,1,9130,332,1,40,1,2,0
29,1,21,5,4850,34,0,45,1,1,1
47,4,21,3,2310,34,0,36,2,1,0
49,1,19,1,6230,55,0,40,1,1,0
42,1,21,1,4820,36,1,55,1,1,1
32,1,21,5,4040,42,0,50,2,1,0
40,2,22,1,3255,39,0,36,2,1,0
20,1,18,5,7750,39,2,40,1,1,0
44,1,16,1,4700,233,1,40,2,6,0
30,1,19,1,7750,1,1,50,1,1,1
67,1,16,1,5860,26,1,21,2,1,0
48,1,21,1,2310,42,0,50,2,1,1
34,1,21,1,1021,26,1,40,1,1,0
26,2,21,5,1022,12,0,40,2,1,0
21,1,19,5,4720,48,2,35,2,2,0
46,1,21,1,1105,31,0,60,1,1,1
60,3,19,1,20,46,0,40,1,1,1
29,3,21,5,2310,26,0,45,1,1,0
17,1,14,5,4720,55,2,15,2,1,0
29,1,16,1,3930,303,1,40,2,1,0
55,1,20,1,7010,51,1,40,1,1,0
48,1,19,1,5740,39,1,35,2,1,0
23,4,21,5,1650,45,0,60,2,1,0
21,1,19,5,5400,28,0,15,1,1,0
46,4,22,1,2320,72,0,30,1,9,0
25,1,18,5,20,37,7,50,1,1,0
35,1,18,1,20,13,1,45,1,1,0
52,1,10,1,9150,48,0,40,1,1,0
17,1,14,5,4020,27,2,25,1,1,0
46,1,20,2,7700,6,13,35,2,1,0
17,1,14,5,4720,32,7,30,1,8,0
61,1,18,3,150,48,0,45,1,1,1
46,1,18,1,7200,1,0,40,1,1,1
30,1,16,5,4230,327,0,40,2,1,0
54,2,20,1,7020,47,1,40,1,1,1
27,1,21,5,1021,6,2,30,1,1,0
55,3,22,1,2310,110,0,40,2,1,1
48,1,23,5,350,22,0,40,1,1,1
55,4,22,5,2205,36,0,30,1,1,1
53,1,16,1,5920,303,1,24,2,1,0
19,1,18,5,3430,17,3,20,2,1,0
40,1,20,5,3401,343,0,35,2,2,1
28,1,19,1,3500,26,1,40,1,1,0
48,7,1,1,6230,362,0,40,1,8,1
26,1,20,5,4700,12,0,45,2,1,0
20,1,16,5,4720,19,2,52,1,1,0
54,3,19,3,3423,17,0,40,1,1,1
53,1,20,1,3255,25,1,24,2,1,0
53,1,18,3,8990,27,0,30,2,1,0
19,1,16,5,6050,28,7,40,1,1,0
18,1,18,5,4720,27,17,25,2,1,0
35,1,16,3,5940,6,0,40,2,1,0
21,1,16,5,4720,28,0,40,1,2,0
65,1,22,1,1555,210,0,40,1,6,1
22,1,14,5,4030,312,0,35,2,8,0
35,1,22,1,1021,6,1,40,1,9,1
38,1,18,5,5240,6,2,40,2,1,0
66,1,23,1,2100,39,0,60,1,1,1
56,1,16,1,7330,370,0,40,1,8,1
34,5,16,1,5550,36,0,50,1,1,0
28,6,21,5,4600,22,2,27,2,1,0
55,5,16,5,9122,27,0,25,1,3,0
23,1,21,5,750,34,13,40,1,1,0
71,6,24,5,710,55,0,40,1,1,1
38,1,16,3,7330,17,0,44,1,1,1
22,1,19,5,4720,72,10,14,2,1,0
58,5,16,1,5550,341,0,28,1,2,0
61,1,21,1,1360,303,0,50,1,1,1
18,1,14,5,3603,55,2,24,1,1,0
21,1,19,5,4920,48,2,40,2,2,0
55,5,22,3,5820,22,6,40,2,1,0
65,1,1,4,4530,48,0,40,1,1,0
51,6,16,1,4200,150,0,50,1,1,0
24,1,21,5,4800,8,12,40,1,1,0
39,1,20,5,4220,17,0,20,2,1,0
40,4,23,1,2100,21,1,40,2,9,1
63,6,21,1,2640,51,0,20,1,1,0
71,1,24,1,2320,22,0,20,1,1,1
25,1,18,5,5240,27,0,30,2,1,0
59,1,22,1,705,9,0,50,2,1,1
49,7,18,1,4830,207,0,28,2,6,1
49,1,16,1,9210,6,0,40,1,1,0
34,1,19,1,5240,38,1,40,2,1,0
34,1,21,1,1108,13,0,50,1,1,1
66,3,22,1,2310,36,0,8,2,1,1
57,3,19,3,6442,29,0,40,1,1,1
60,1,21,1,1108,27,0,40,1,1,1
51,4,21,1,6730,17,0,40,1,1,1
55,1,21,1,5100,42,0,30,2,2,0
59,1,14,1,4220,17,1,40,2,1,0
24,1,10,5,9620,6,2,40,1,2,0
39,2,22,3,800,36,0,40,1,1,1
67,3,22,3,2310,6,0,24,2,9,0
50,2,23,5,120,163,13,50,1,1,1
37,1,19,5,6442,303,5,40,1,8,1
23,1,20,5,3602,18,2,35,2,1,0
56,1,16,3,9130,48,0,50,1,8,0
66,1,21,3,350,18,0,55,2,1,1
44,1,16,5,5240,49,0,50,2,1,1
72,1,16,1,2633,31,1,8,2,1,0
42,7,19,1,9130,13,0,40,1,1,0
46,1,21,1,51,46,0,50,1,1,0
23,1,19,5,4720,48,10,37,2,1,0
34,1,19,1,1050,40,0,42,1,9,0
43,1,8,1,4220,313,0,45,1,8,0
40,1,19,1,4110,9,1,32,2,1,0
46,5,19,1,5860,37,0,44,2,1,0
42,1,21,1,440,215,0,60,1,6,1
20,1,19,5,9645,313,2,40,1,1,0
55,4,21,1,3720,25,1,60,1,1,1
27,1,19,1,2310,6,1,40,2,1,0
34,6,22,1,1825,24,0,16,2,1,0
22,1,19,1,5110,8,0,20,1,1,0
22,1,21,5,9645,6,2,27,2,6,0
66,7,19,5,4920,53,0,50,1,1,1
65,1,16,1,8465,45,0,40,1,1,0
40,5,21,1,3945,22,0,40,2,8,1
51,1,9,1,4030,303,0,38,1,8,0
49,1,13,5,4251,42,0,40,1,8,0
57,1,16,1,6200,15,1,40,1,9,1
67,6,13,1,3602,18,0,16,2,1,0
60,1,17,3,5120,34,0,22,2,1,0
41,1,21,3,2350,128,0,25,2,1,0
71,3,22,1,230,24,1,15,2,1,1
29,1,21,5,2205,120,5,40,2,1,0
76,1,8,3,4230,303,0,25,2,1,0
51,5,20,1,7000,6,0,40,1,1,1
25,1,16,5,9600,49,2,36,2,1,0
52,1,21,3,4840,39,0,45,2,1,1
59,1,17,3,3500,48,0,40,2,2,0
26,1,21,5,1021,202,2,25,1,6,0
58,6,16,1,205,39,1,60,1,1,1
70,1,16,1,9620,42,0,40,2,2,0
60,2,21,1,3160,36,0,35,2,1,1
35,1,17,5,5240,45,15,40,2,1,0
25,1,16,1,4230,315,0,40,2,8,0
27,1,20,1,9620,13,0,40,1,1,0
47,1,21,3,4965,9,0,40,2,1,1
26,1,21,5,4510,24,0,39,2,6,0
59,6,18,1,4920,6,0,40,1,1,1
41,1,19,1,9645,25,1,45,2,1,1
67,1,23,1,5630,47,0,25,1,1,0
31,1,20,1,3220,47,0,40,2,1,0
40,2,16,1,3603,42,0,40,2,1,0
65,1,16,1,7640,9,0,30,1,1,0
21,3,16,5,4220,36,2,15,1,1,0
38,7,22,1,10,42,0,40,2,1,1
43,1,21,5,5240,6,0,40,1,1,0
61,1,16,1,5740,26,1,25,2,1,0
63,7,23,1,3040,6,1,48,1,1,1
23,1,19,5,4160,42,4,40,2,1,0
43,5,19,1,5550,247,0,40,1,6,1
66,1,21,5,160,25,0,50,1,1,1
33,1,20,1,2360,27,1,35,2,1,0
50,1,16,5,6260,13,12,30,1,2,0
55,1,16,1,6520,18,0,64,1,1,1
53,4,19,1,110,333,1,40,1,2,1
54,1,18,5,4840,312,0,40,1,1,0
19,1,16,5,6260,42,2,60,1,1,0
58,4,17,1,3740,47,0,37,1,1,0
45,6,20,1,4510,231,1,40,2,6,0
18,1,16,5,9620,51,17,35,1,1,0
23,1,21,5,2205,48,2,20,2,1,0
18,1,19,5,4120,1,17,10,1,1,0
27,1,21,5,5000,53,0,50,2,1,1
21,2,19,5,8710,6,17,50,2,1,0
36,1,20,4,7220,48,0,75,1,1,0
69,1,14,1,9141,13,1,24,1,2,0
65,6,18,1,4600,6,0,30,2,1,0
19,1,19,5,4055,373,2,18,1,1,0
48,1,19,1,5630,303,0,40,2,8,0
28,3,21,1,2310,51,1,40,2,1,0
19,1,14,5,4055,22,2,20,2,2,0
61,4,21,1,8620,6,0,4,2,1,0
36,4,21,5,3300,39,13,40,2,1,0
30,1,21,1,51,41,0,40,2,1,1
66,3,18,1,4220,39,1,55,1,1,1
26,1,20,5,5240,6,2,20,2,1,0
52,8,1,1,4251,159,0,30,1,1,0
31,4,20,5,5740,72,2,40,2,2,0
18,1,16,5,4720,29,2,20,2,1,0
20,1,16,5,7950,39,7,40,1,1,0
58,1,19,1,7360,36,1,43,1,1,1
57,1,17,1,4720,34,0,39,2,1,1
45,1,19,1,9365,53,0,44,1,1,0
64,4,19,1,2545,29,0,40,2,1,0
22,1,21,5,4110,39,2,20,1,1,0
63,1,18,1,5300,12,0,28,2,5,0
41,6,18,4,440,37,0,40,1,9,1
19,1,16,5,4110,50,2,50,2,1,0
27,1,16,5,5240,31,0,40,2,8,1
35,2,21,5,2014,6,0,50,2,1,0
63,1,19,1,8920,55,1,60,2,1,0
37,1,15,1,4700,19,0,25,2,1,0
37,1,16,1,310,47,0,58,1,1,1
55,3,16,1,6260,29,0,80,1,1,0
65,1,9,1,6050,303,1,40,1,1,0
57,4,19,1,5400,21,0,37,1,1,0
60,4,24,1,5420,16,0,40,2,1,1
58,4,22,1,2205,37,0,50,2,1,1
53,3,16,1,9620,18,1,8,1,1,0
68,1,22,1,2850,34,0,30,1,1,1
30,1,22,1,710,207,0,40,2,6,1
30,6,14,2,7200,55,0,40,1,2,0
55,2,16,1,440,17,0,60,1,1,0
49,2,22,5,1710,27,0,40,1,1,1
65,2,19,5,420,53,0,55,2,1,1
52,1,21,5,630,34,0,40,2,2,0
32,2,18,1,4600,20,0,1,2,1,0
54,7,21,3,800,34,13,45,2,1,0
62,1,19,3,4600,26,0,25,2,1,0
26,2,21,1,3255,6,0,36,2,1,1
53,1,18,1,7700,5,0,60,1,1,1
63,1,21,1,440,26,1,40,1,1,1
55,1,17,5,4720,53,0,30,2,1,1
58,1,16,1,7260,32,0,40,1,1,1
66,6,21,1,735,34,0,30,1,1,1
55,1,21,1,9645,10,1,20,2,1,0
60,1,20,1,4030,36,0,20,2,1,0
17,1,14,5,4150,53,2,20,2,1,0
21,1,19,5,7810,17,5,40,1,1,0
57,1,13,3,3602,54,0,60,2,1,0
34,2,19,5,4110,303,2,27,1,8,0
48,4,22,1,5740,12,1,40,1,1,0
63,1,22,1,1430,15,1,40,1,6,1
19,1,19,5,6260,29,2,30,1,1,0
33,1,21,1,20,48,1,65,1,1,1
33,1,18,1,5160,12,1,30,2,1,0
41,1,21,3,6050,38,2,40,1,1,0
41,3,20,4,3930,329,0,40,1,2,0
37,1,16,1,8740,17,1,55,1,1,1
20,1,13,5,3245,25,2,24,1,8,0
52,1,16,1,9005,18,1,50,1,1,1
62,1,19,1,7810,17,1,38,2,1,0
35,4,16,5,4251,6,17,20,1,1,0
19,1,16,5,8225,1,7,40,1,1,0
26,1,21,5,5240,45,13,50,1,1,1
61,1,20,2,9050,314,0,20,2,1,1
26,6,13,1,4230,4,0,20,2,1,0
22,1,16,5,4760,32,3,40,2,8,0
30,1,16,5,136,35,0,32,1,3,0
53,3,22,1,20,51,0,44,2,1,1
51,1,17,1,8990,6,1,40,2,1,0
57,3,19,1,5000,6,1,40,1,2,1
29,1,21,5,1021,42,12,45,1,1,1
57,1,21,1,2205,25,1,16,1,1,0
49,7,16,1,440,42,0,80,1,1,1
19,1,16,5,4055,29,2,30,1,1,0
54,1,17,1,5810,51,1,40,2,1,1
52,1,18,5,9620,6,2,40,1,6,0
20,1,16,5,4120,42,4,15,2,2,0
28,2,16,3,7800,303,0,40,2,8,0
52,1,21,1,705,34,0,40,1,6,1
62,2,16,3,4110,333,0,35,1,6,0
38,1,16,1,6200,27,0,60,1,1,1
65,5,21,1,4220,13,0,60,1,2,1
30,4,23,5,2100,34,2,60,2,1,1
31,2,21,1,60,24,0,40,2,1,1
38,1,18,1,5522,233,1,40,2,6,0
73,1,19,1,5860,39,1,10,1,1,0
36,1,19,1,2640,36,1,40,1,1,1
27,1,18,1,5860,48,1,40,2,1,0
39,1,21,1,9130,31,1,40,1,1,0
21,1,21,5,120,34,0,40,1,1,0
47,1,21,5,3160,6,12,40,2,1,0
33,1,16,5,4700,36,2,40,1,1,0
18,1,18,5,4540,313,17,2,1,1,0
74,1,19,3,5240,30,0,24,2,1,0
34,1,20,5,3930,20,0,40,1,1,0
31,4,21,1,2310,42,0,40,2,1,0
65,2,21,2,2040,215,0,40,1,6,1
27,1,6,5,4655,247,10,40,2,6,0
37,1,16,3,6260,6,2,20,1,1,0
54,1,16,1,735,39,1,15,2,1,0
44,1,20,3,4700,13,0,40,1,1,0
52,1,22,1,3110,34,0,40,1,2,1
29,1,16,1,8800,55,0,40,1,1,1
57,1,19,1,7140,48,1,50,1,1,1
23,1,21,5,51,207,12,40,2,6,0
57,1,20,2,350,17,0,40,2,1,1
40,5,23,1,2100,36,1,40,2,1,1
51,6,19,1,4020,152,0,60,2,1,1
19,1,16,5,4760,6,10,16,1,9,0
67,2,22,5,160,28,0,4,2,1,1
44,1,17,1,6330,303,0,40,1,8,0
69,1,18,1,5120,46,1,40,2,1,0
56,1,17,1,4700,54,1,50,2,1,0
41,1,21,1,630,25,0,50,1,1,1
21,1,18,5,8740,247,13,40,1,9,0
46,1,21,1,440,6,1,40,2,1,0
25,1,19,1,310,26,1,30,1,1,0
29,1,21,5,5000,36,2,40,2,1,0
21,1,17,5,4130,12,2,25,1,1,0
34,1,20,1,3603,53,0,55,2,1,0
64,1,21,1,8740,37,0,8,2,1,0
61,1,16,1,5150,42,1,40,1,1,1
27,1,20,5,5522,6,0,50,1,1,0
57,1,22,1,3258,28,0,24,2,1,1
62,3,21,1,2320,36,1,40,2,1,1
35,2,20,1,3255,12,1,40,1,1,1
52,1,17,3,8990,39,0,40,2,1,0
61,1,16,1,5400,34,1,35,2,1,0
22,1,18,5,9620,21,2,20,1,1,0
61,1,16,5,3930,48,13,40,1,1,0
51,8,21,1,4655,13,1,50,1,1,0
32,4,21,1,2310,40,0,50,2,1,0
19,1,18,5,9130,48,17,5,1,1,0
39,1,21,1,51,362,0,40,1,1,1
49,1,19,5,5600,41,17,20,1,8,0
38,1,20,3,1410,34,0,45,1,1,1
18,1,16,5,4010,25,2,30,1,1,0
23,1,18,5,7330,49,13,40,1,1,0
19,1,16,5,4760,6,17,15,2,1,0
49,1,16,1,4760,33,1,40,1,1,0
51,1,22,1,4710,34,0,50,1,1,1
41,2,21,1,2025,6,0,50,1,1,1
23,1,18,5,3603,47,2,35,2,1,0
40,1,20,5,9600,303,2,40,1,1,0
57,1,20,1,4230,210,6,25,2,6,0
58,7,19,1,5120,31,1,20,2,1,0
33,1,12,3,8300,23,17,25,2,1,0
58,2,21,1,2545,17,0,35,2,1,0
47,3,22,3,3870,341,11,40,1,2,1
45,1,20,1,4850,31,1,60,1,1,1
18,1,18,5,4720,26,2,20,2,9,0
22,1,19,5,4030,6,12,30,2,1,0
52,7,23,5,5810,6,0,40,2,2,0
55,3,15,3,4220,39,0,32,1,1,0
38,3,21,1,5740,26,1,40,2,1,0
44,2,22,3,1240,41,13,45,1,1,1
65,2,23,1,2040,301,1,40,2,1,0
54,1,15,1,3930,36,1,35,1,1,0
66,8,19,1,4251,18,0,2,1,1,0
61,1,11,1,6360,21,0,40,1,1,0
24,5,18,5,9830,24,17,40,2,1,0
38,1,21,3,9645,17,0,35,2,1,0
23,1,16,5,4700,6,0,40,1,1,0
60,1,16,1,4760,39,0,60,2,1,0
54,2,23,3,2830,36,0,40,1,1,1
38,1,20,5,440,53,0,50,1,1,1
56,6,20,1,6230,4,1,35,1,1,0
55,1,16,1,4220,303,6,40,2,1,0
50,4,22,1,2205,400,0,20,1,1,0
51,1,20,1,440,27,0,50,1,1,1
66,1,21,5,7340,215,0,40,1,6,1
26,1,21,1,800,53,0,40,2,1,0
54,1,21,3,4710,6,0,40,1,1,1
56,1,20,1,8990,55,0,40,1,1,1
55,4,16,5,4720,17,0,24,2,1,0
52,1,16,3,9130,42,0,65,1,1,1
58,1,19,3,5110,18,0,40,2,1,0
50,1,18,1,4700,6,1,40,1,1,0
26,1,21,5,3255,6,0,30,2,6,0
64,1,21,1,1006,44,0,40,1,1,1
54,1,14,1,6230,128,0,40,1,1,1
49,1,17,1,5522,207,0,40,1,6,1
39,5,16,1,1860,54,7,40,2,1,1
48,1,19,1,4700,332,1,45,2,2,1
58,1,15,1,4510,333,1,35,2,2,0
47,1,21,1,300,368,1,40,1,6,1
50,1,21,1,5000,18,0,44,1,1,1
32,2,12,5,4220,6,16,40,1,1,0
25,1,22,1,5600,210,1,40,2,6,0
24,1,19,5,9645,6,2,40,1,1,0
34,2,24,1,1240,38,0,45,2,1,1
46,2,12,5,9600,247,11,40,1,6,0
47,2,16,5,3500,42,0,40,2,1,0
41,1,21,1,10,39,1,55,2,1,1
67,1,19,1,4760,5,0,35,1,1,0
32,1,19,5,7420,12,2,40,1,2,0
56,1,18,5,710,36,0,50,2,2,1
23,1,14,3,4220,12,2,40,2,9,0
67,1,23,1,2100,12,0,35,1,1,1
43,1,22,1,1050,26,0,40,2,1,1
38,1,19,1,4710,55,1,50,1,1,1
28,1,21,1,205,41,1,40,1,1,0
32,1,16,1,8130,30,1,40,2,1,0
43,1,21,3,410,55,0,30,2,9,1
24,1,21,5,1021,29,12,40,1,1,1
53,7,22,1,440,47,0,45,1,1,1
32,1,19,3,4251,25,0,60,1,1,1
41,4,17,5,4251,4,16,20,1,1,0
66,1,20,1,4850,37,0,40,1,1,1
26,1,21,5,4030,6,15,40,1,8,0
19,4,16,5,9430,36,2,32,1,2,0
22,1,16,1,8100,13,0,62,1,1,0
43,1,14,5,3603,12,10,40,2,2,0
61,2,17,1,2205,12,6,18,1,1,1
33,1,20,1,520,6,0,40,1,2,0
31,1,20,1,4850,42,0,35,2,1,0
41,1,16,1,9620,12,0,40,2,1,0
61,1,20,1,120,223,1,45,2,6,0
41,3,21,1,1007,207,0,40,1,6,0
17,1,13,5,4020,55,2,24,1,1,0
20,1,18,5,4600,12,17,40,2,1,0
46,1,19,1,4220,55,1,50,1,1,1
69,1,21,1,2360,42,1,40,1,1,1
66,1,16,3,4760,17,0,24,1,1,0
32,1,19,1,5630,26,0,40,1,2,0
69,4,20,1,3602,216,0,34,2,1,1
61,4,22,1,2002,18,1,40,2,1,1
40,2,21,5,440,12,0,38,1,1,0
59,4,20,1,5740,9,1,40,2,1,0
46,1,16,1,6240,17,1,47,1,1,0
36,3,22,1,2310,6,0,50,1,1,1
66,1,22,1,4700,39,0,40,2,1,1
65,1,21,1,4850,26,0,40,1,1,1
69,3,17,1,7020,42,0,30,1,1,1
76,4,18,3,3940,19,0,40,2,1,0
30,1,21,5,2634,20,0,40,2,1,0
66,3,24,1,2205,33,0,50,1,1,1
41,1,18,1,4220,332,1,40,1,2,0
27,1,20,1,3255,47,1,36,2,1,0
79,6,18,1,3603,39,0,20,1,1,0
55,1,16,1,7340,303,0,40,1,8,0
65,7,22,1,440,48,1,25,1,1,1
23,1,19,5,4030,55,2,24,2,1,0
54,1,18,1,20,36,0,50,2,1,1
27,4,22,1,2310,13,0,40,2,1,0
43,1,21,5,1430,51,12,40,1,1,1
68,5,22,1,5260,110,1,40,1,1,1
59,1,21,1,1545,4,0,25,1,6,0
53,4,16,1,9620,120,1,45,1,1,1
28,1,21,5,4435,34,0,32,1,1,0
66,1,18,1,9130,20,1,40,1,1,0
37,1,22,1,2205,303,2,40,2,1,0
34,6,19,1,6260,6,0,50,2,6,0
48,3,21,5,2310,45,0,30,2,2,0
52,7,16,1,4240,34,1,45,1,1,1
54,1,16,1,7315,42,0,60,1,1,1
20,1,16,5,9620,1,5,40,1,1,0
35,5,18,5,6660,13,0,80,1,1,1
56,1,16,1,6050,48,0,40,1,1,0
49,1,11,1,6442,312,0,60,1,8,1
56,1,18,3,2300,15,0,40,2,1,0
29,1,16,5,136,37,12,40,2,1,0
45,3,21,1,3401,42,0,56,1,9,0
26,1,21,5,1530,39,0,40,2,1,1
72,1,16,3,410,6,0,30,2,3,0
25,1,18,5,3645,6,0,29,2,1,0
55,6,11,2,9130,36,0,55,1,1,0
54,1,21,3,440,42,13,40,1,1,1
46,1,22,1,910,39,0,40,1,1,0
60,1,16,3,9130,13,0,40,1,2,0
43,4,21,1,1860,6,1,45,1,1,1
24,1,16,5,9600,26,12,40,1,1,0
29,1,18,5,4020,8,0,25,1,1,0
36,4,19,1,5740,17,1,40,2,1,0
61,1,14,1,4230,39,1,40,2,1,0
61,1,16,1,5920,9,1,40,2,1,0
34,5,20,5,3870,30,0,25,1,3,0
33,1,19,3,8000,48,0,49,1,3,0
63,1,18,3,4810,21,0,35,2,1,1
30,3,21,1,3710,55,1,40,1,1,1
72,1,16,2,8990,20,0,40,1,1,1
55,6,18,1,2040,41,1,60,1,1,1
47,2,22,1,420,18,1,50,1,1,1
41,4,18,3,6355,16,0,48,1,1,1
34,2,21,5,2640,6,0,50,2,1,1
47,1,15,1,4350,240,1,45,2,6,0
41,7,21,5,4920,6,0,40,1,1,1
23,4,19,5,3870,48,13,40,1,1,0
46,1,21,1,440,17,0,40,1,1,1
46,1,20,1,7315,6,0,40,1,1,0
53,1,16,1,9130,39,0,55,1,1,0
52,2,22,1,2310,6,1,42,1,1,1
19,2,16,5,5860,42,17,38,1,8,0
22,3,20,5,3930,12,2,25,1,1,0
41,2,20,5,6410,15,15,42,1,6,0
50,1,19,3,9645,27,12,40,1,1,1
21,2,19,5,4640,39,17,10,1,1,0
58,3,18,1,650,31,0,40,2,1,1
19,1,16,5,1400,233,11,40,1,6,0
60,1,21,5,4760,37,0,40,1,1,0
27,2,20,5,4710,36,0,40,1,8,0
37,2,18,1,340,233,0,40,2,6,0
40,1,21,1,2600,364,1,40,1,1,1
23,1,21,5,4110,12,0,25,1,1,0
58,1,19,1,2145,6,0,40,2,1,1
71,5,22,1,440,6,1,55,1,1,1
65,6,22,3,2003,6,0,30,2,1,1
47,1,21,1,5860,36,1,35,2,1,0
49,1,20,5,5740,17,0,40,2,1,0
64,6,19,4,1306,45,0,30,2,1,0
18,1,14,5,5240,44,2,12,1,2,0
30,2,23,1,3090,28,1,40,2,1,1
30,1,21,5,2700,6,0,72,2,9,1
51,2,24,1,2320,110,0,40,1,1,0
32,1,16,1,310,22,0,40,2,2,1
43,1,18,5,7200,6,0,40,1,1,1
25,4,21,1,2205,6,2,20,1,9,0
44,1,22,5,9620,5,2,35,1,1,0
60,3,18,1,4251,25,0,35,1,1,0
65,1,16,1,4020,55,1,27,2,1,0
43,1,21,5,5120,36,2,40,1,1,0
32,1,22,5,1555,233,12,40,1,6,1
40,1,21,1,350,13,0,40,2,1,1
19,1,16,5,5860,6,2,40,1,8,0
65,1,4,1,1900,48,0,33,1,9,0
60,1,18,3,4760,6,0,10,2,1,0
55,5,17,1,5550,53,0,45,1,1,0
58,1,18,1,4710,39,1,55,1,1,0
41,1,21,1,440,24,0,50,2,1,1
60,1,16,1,9650,56,0,55,1,1,0
51,1,18,1,3401,25,0,60,1,1,1
65,6,20,1,4760,39,0,45,1,1,1
19,1,19,5,4720,36,2,14,1,1,0
50,1,19,1,9365,1,2,30,2,1,0
31,1,19,3,5410,6,0,45,2,1,0
49,1,19,1,4710,26,0,40,1,9,0
53,1,19,1,5120,36,1,45,2,1,0
48,5,20,1,5165,28,1,45,2,1,0
56,1,21,1,5400,53,1,40,2,1,0
25,1,18,1,9645,32,1,25,2,1,0
34,1,23,5,2100,19,0,40,1,1,1
56,7,16,1,6200,36,1,40,1,1,0
52,4,22,1,2435,27,1,40,2,1,1
51,1,18,5,3601,34,0,40,2,2,0
47,1,21,1,5120,42,1,43,2,1,0
60,1,18,1,4400,22,0,40,1,1,1
22,1,20,5,4720,17,2,30,1,8,0
61,1,13,4,3602,51,0,56,2,2,0
43,1,24,1,7000,1,0,50,1,1,0
57,1,16,1,4600,9,1,20,2,1,0
51,1,18,4,4220,311,0,40,1,1,0
32,4,21,5,5940,51,0,24,2,2,0
29,1,21,1,4720,39,1,20,2,1,0
35,3,21,5,2545,6,0,30,2,2,0
50,1,19,5,4020,18,0,40,2,2,0
34,1,20,1,4760,48,0,38,2,1,1
49,1,22,3,440,1,0,48,2,1,1
17,1,13,5,2722,47,2,8,2,1,0
63,6,22,1,230,25,1,12,2,1,1
56,1,16,1,8225,37,0,40,1,1,0
57,1,16,3,9005,327,0,50,2,1,0
24,2,20,5,3255,6,2,40,1,1,0
27,1,16,5,8320,13,0,40,2,2,0
53,5,19,1,1106,18,0,40,1,1,1
23,1,16,1,9645,20,0,35,2,1,0
27,1,13,1,4760,303,1,15,2,1,0
19,3,18,5,4251,6,15,62,1,1,0
51,4,21,1,1050,30,0,40,1,1,1
59,1,16,1,9130,53,0,60,1,1,1
33,1,21,5,440,17,0,50,2,1,1
28,4,19,3,2360,29,0,40,2,1,1
60,7,18,1,1530,213,0,40,1,1,1
64,1,21,1,710,51,0,25,1,1,0
57,1,20,3,3255,21,0,44,2,1,1
23,2,22,5,4600,47,0,5,1,1,0
20,1,16,5,4760,55,17,54,2,6,0
48,6,9,1,6330,303,0,40,1,1,0
23,1,16,5,5400,6,10,30,2,8,0
19,1,19,5,6260,51,2,40,1,1,0
30,1,19,1,5160,48,0,30,2,1,0
65,2,21,1,5120,51,1,40,2,1,0
36,1,16,3,6050,20,0,70,1,1,0
41,1,18,1,8990,18,1,50,1,1,1
60,1,21,3,4220,364,0,33,1,9,0
57,5,18,3,3655,42,0,40,1,1,1
49,1,9,1,6050,303,1,42,2,8,0
53,1,16,1,4220,17,1,18,1,5,0
72,1,16,1,4720,36,0,20,2,1,0
35,3,20,5,8990,51,0,40,1,2,0
54,5,22,1,5740,29,0,50,2,1,1
46,1,19,1,3300,10,1,40,2,2,0
27,2,21,5,2830,9,0,40,2,1,0
55,2,16,1,3655,27,1,32,2,1,1
76,4,22,1,2205,48,0,25,1,1,1
41,6,21,1,2640,51,0,50,1,1,0
44,5,16,5,4220,17,13,40,2,2,0
42,1,16,5,4230,48,13,40,2,2,0
37,1,21,5,1022,210,0,4,1,6,0
46,1,21,5,20,25,0,55,1,1,1
45,1,23,1,2100,45,0,40,2,1,1
39,7,1,1,5740,36,0,45,1,1,1
31,1,22,1,1021,210,0,40,2,6,1
22,1,16,5,7750,48,2,40,1,1,0
32,1,21,5,4850,6,13,60,1,1,1
33,1,19,1,9130,4,0,45,1,1,1
58,7,16,1,4220,39,0,4,2,1,0
38,6,14,5,4000,303,0,80,1,1,0
49,1,22,3,440,12,0,45,2,1,1
39,5,18,1,9810,5,0,40,1,1,1
49,1,21,1,4760,36,1,40,1,1,1
59,6,22,3,710,26,0,12,2,1,0
32,1,16,1,6260,42,1,40,1,1,0
43,1,22,1,1021,210,0,40,1,6,1
20,1,16,5,7260,303,2,40,1,1,0
39,2,19,1,5110,54,1,40,1,1,1
46,1,18,1,220,29,1,50,1,1,1
68,1,21,2,4760,26,0,16,2,1,1
24,1,16,5,5400,36,4,15,2,8,0
50,5,22,1,1610,55,0,45,2,1,1
58,1,21,5,9645,45,0,40,2,2,0
41,1,22,1,1530,163,0,40,1,1,1
50,4,21,5,5000,26,13,40,1,1,0
70,1,21,1,3255,1,1,30,2,1,0
71,1,16,1,9130,42,1,60,1,1,1
32,1,21,1,8450,39,0,40,2,1,1
45,1,14,3,4020,454,0,30,1,2,0
58,1,6,1,5610,303,1,40,1,1,0
56,1,16,1,7200,21,1,40,1,1,1
53,1,18,3,3930,1,5,1,2,1,0
33,1,21,1,5730,36,1,40,2,1,1
18,1,14,5,9645,39,2,40,1,1,0
43,1,21,1,1010,72,0,40,2,1,0
39,2,16,1,5000,6,1,45,2,8,1
59,1,21,1,10,36,0,40,1,1,1
21,1,16,5,7640,36,12,25,2,1,0
33,1,16,5,9645,17,2,4,1,1,0
47,2,18,1,5740,42,1,40,2,1,0
62,2,16,2,3322,110,0,40,2,1,1
40,6,16,1,2005,22,0,59,1,1,0
42,1,16,1,4840,24,1,40,2,1,1
37,7,15,1,4000,207,0,48,1,6,0
40,1,16,5,8140,26,0,45,1,1,0
46,3,17,1,3870,13,0,40,1,1,1
24,1,19,5,4840,25,2,39,1,1,0
45,1,16,5,9130,39,2,50,1,1,0
25,1,19,5,110,27,0,40,1,1,1
29,6,19,1,4950,41,1,25,2,1,0
24,5,21,5,2014,303,0,50,2,1,0
33,6,16,1,6260,9,0,50,1,1,0
55,5,21,4,3820,11,0,52,1,1,1
29,1,21,5,2310,18,12,32,2,1,0
55,3,22,3,10,224,0,40,2,1,1
21,2,16,5,2752,17,12,5,1,1,0
46,2,17,3,3603,36,13,40,2,2,0
28,1,19,5,4040,6,13,40,1,1,0
23,1,19,5,4700,51,0,40,2,1,0
53,1,24,1,2100,36,0,40,2,9,1
39,2,24,1,3090,21,0,75,2,1,1
45,1,16,3,9760,39,0,40,1,1,0
55,7,18,1,800,27,0,40,2,1,0
30,2,21,5,3255,22,0,40,2,2,0
35,1,19,1,4110,29,0,35,2,1,0
37,1,12,5,4110,303,13,40,1,8,0
20,1,16,5,8140,48,0,40,1,1,0
38,1,19,1,6442,49,1,35,1,1,0
61,1,19,1,4700,30,0,37,1,1,0
56,1,18,5,7640,48,13,30,1,9,0
51,6,1,1,6330,303,0,40,1,1,0
62,1,21,2,1108,29,0,35,2,1,1
41,6,15,3,6115,22,0,40,1,1,1
45,3,22,1,2310,39,0,35,1,1,1
34,1,21,1,910,47,1,40,1,1,1
63,1,19,1,4850,39,0,50,1,1,1
40,1,16,5,8990,39,13,40,1,1,0
20,1,19,5,9350,34,12,50,1,1,0
25,1,19,5,735,4,12,40,2,1,0
53,1,21,1,440,36,1,50,2,1,1
25,1,20,1,5160,49,1,40,2,1,0
41,1,20,1,8990,17,0,45,1,1,1
48,1,21,1,1021,51,0,48,1,1,1
31,1,12,1,6050,303,1,58,1,8,0
58,1,20,3,8740,22,0,40,1,1,1
55,1,22,1,110,45,0,50,1,1,1
37,2,19,1,2545,26,1,20,2,1,0
30,1,23,5,850,51,13,60,1,9,1
43,1,11,1,7700,303,1,50,2,8,0
24,1,19,1,9640,72,0,40,1,8,0
66,6,16,1,4230,51,1,8,2,1,0
58,3,22,1,3255,36,1,40,2,1,1
51,1,21,1,735,9,0,70,2,1,1
50,3,16,3,2545,6,0,33,2,1,0
34,1,21,1,5000,35,1,40,1,1,0
20,1,15,5,4720,6,2,20,1,9,0
64,1,20,1,4622,102,1,80,2,1,0
50,1,18,1,310,303,1,38,2,1,0
50,1,16,5,9130,53,2,32,1,1,1
60,1,20,1,3255,33,0,36,2,1,1
62,2,20,1,2310,22,1,40,2,1,0
49,1,20,1,7200,46,0,45,1,1,0
20,1,19,5,4760,48,2,20,2,1,0
57,1,16,3,4850,36,0,40,1,1,1
61,1,16,1,4760,42,0,20,2,1,0
64,1,12,1,6230,303,1,40,1,1,0
28,1,17,1,3655,54,1,36,2,1,0
46,1,22,1,5600,210,0,45,1,6,1
43,3,21,1,800,27,1,50,1,1,1
51,1,21,1,6950,38,1,40,1,1,1
50,1,16,1,540,2,0,40,1,1,1
34,3,21,1,6260,55,0,52,1,1,0
20,1,19,5,9130,48,2,30,1,1,0
20,1,19,5,9142,6,4,30,1,8,0
41,7,20,1,10,37,1,65,1,1,1
53,2,16,1,4020,40,10,40,2,2,0
23,1,21,5,705,37,0,40,2,1,0
32,1,22,1,2310,48,0,40,1,1,1
36,1,16,3,6442,23,0,40,1,1,0
54,2,20,1,3255,29,0,36,2,1,0
49,1,20,1,6230,15,0,40,1,6,1
22,1,19,5,9620,6,5,40,1,8,0
33,6,21,1,205,18,0,50,1,1,1
65,6,18,1,4810,1,0,40,2,1,0
58,6,1,1,9142,233,1,40,1,6,0
27,1,19,5,9620,26,0,45,1,2,0
41,2,23,1,3230,28,1,40,2,1,1
43,1,9,1,4220,314,1,40,2,9,0
30,1,20,1,6355,30,0,40,1,1,0
55,1,20,1,9645,55,0,20,1,1,1
49,3,19,1,4600,36,0,20,2,1,0
33,1,18,1,6260,25,0,40,1,1,0
24,2,16,5,726,41,0,30,2,1,0
34,1,16,3,4110,28,13,40,2,1,0
61,1,17,1,1555,223,1,50,2,6,1
53,1,19,1,9130,327,0,70,1,1,0
38,1,22,1,2145,27,0,45,2,1,0
67,1,22,1,440,217,0,30,1,6,1
36,1,21,1,4920,109,0,30,1,2,0
37,1,22,5,120,42,0,50,1,1,1
57,1,16,4,3601,329,0,40,2,2,0
32,1,19,1,6050,46,0,35,2,1,0
45,1,19,1,4540,34,0,40,2,1,1
47,1,21,1,3050,39,1,33,2,1,1
58,1,9,3,4230,303,0,40,2,1,0
44,1,16,1,5240,2,1,40,2,1,0
20,1,16,5,2016,303,12,40,2,1,0
29,1,19,5,350,17,2,40,2,1,0
62,7,21,1,5860,9,0,35,1,1,0
33,1,20,1,350,48,0,45,2,2,1
59,1,21,1,440,15,0,40,1,1,0
52,1,20,1,440,38,0,50,1,1,1
50,1,21,4,3245,12,0,16,2,2,0
19,1,16,5,8030,8,7,30,1,1,0
33,1,21,1,800,25,0,40,1,1,1
75,1,16,1,9130,36,1,12,1,1,0
61,3,22,5,1220,39,0,40,2,1,1
23,1,19,5,4110,39,2,22,1,1,0
67,1,19,1,9610,15,1,40,1,6,1
24,1,20,5,4760,28,7,25,2,1,0
27,1,19,5,5940,48,0,40,2,1,0
65,1,18,1,4700,34,0,30,1,1,0
19,1,18,5,4110,27,7,8,1,2,0
22,1,19,5,4110,55,17,15,2,1,0
22,1,16,5,3603,13,15,10,2,1,0
36,7,21,1,4200,6,0,80,1,1,0
73,1,19,5,4760,51,0,48,1,1,1
59,4,23,1,2100,40,1,70,2,1,0
81,8,24,1,230,55,1,45,1,1,0
63,2,20,3,2001,6,8,40,2,1,1
39,1,22,1,705,303,0,48,2,1,1
57,1,19,1,7315,55,0,40,1,1,1
37,1,21,1,3255,48,1,40,2,1,0
26,1,22,5,1700,4,0,40,2,1,1
42,2,23,1,420,18,1,40,2,1,1
23,1,21,5,4700,4,11,40,1,1,0
43,1,19,1,6200,303,1,40,1,1,0
29,2,20,5,9610,4,13,40,2,8,0
38,1,21,1,2640,217,0,40,1,6,1
67,1,16,1,9645,42,1,12,2,1,0
20,1,16,5,4600,42,13,40,2,9,0
48,1,18,1,4251,4,1,35,1,1,0
41,1,21,1,120,26,0,48,1,1,1
26,1,19,5,910,48,0,40,2,1,0
24,1,21,5,4700,6,2,50,1,9,1
22,1,16,5,9645,32,13,60,1,6,0
67,1,16,1,4510,17,1,20,2,1,0
19,1,19,5,4030,27,17,20,2,1,0
61,1,16,1,5860,39,0,40,2,1,1
55,1,16,1,4760,34,1,40,1,1,1
57,6,21,1,2600,9,1,20,2,1,0
54,1,19,1,5310,18,1,40,2,2,0
31,1,21,1,830,13,0,40,2,1,0
57,1,16,1,7700,36,0,40,1,1,0
37,1,19,1,4720,6,1,40,2,1,0
19,1,19,5,4055,6,17,14,2,1,0
53,1,16,1,8990,41,1,40,1,1,0
37,1,21,1,136,19,0,40,1,1,1
21,1,16,5,4030,48,2,39,1,1,0
22,1,19,5,4030,25,2,25,1,1,0
44,1,16,1,5500,19,1,40,1,1,0
45,1,16,3,5400,38,0,36,2,1,0
54,7,17,1,440,50,0,40,2,1,0
31,1,1,5,4220,36,2,40,1,1,0
35,1,22,5,800,9,0,56,1,1,1
31,1,14,5,3602,35,2,15,2,3,0
46,3,16,1,2545,315,0,29,2,1,0
53,1,17,3,4700,6,0,40,1,1,1
53,1,16,3,6520,20,2,40,1,1,0
28,1,19,1,630,42,0,40,2,1,0
54,5,22,1,820,17,0,55,1,1,1
29,1,20,1,3645,32,1,35,2,1,0
25,1,20,5,3602,29,0,35,1,1,0
74,2,16,1,5120,24,0,24,2,1,0
51,1,18,3,5810,29,0,40,2,1,0
38,1,17,4,4720,26,0,60,2,1,0
42,1,18,5,7200,39,16,60,1,1,0
29,4,10,1,2545,303,1,50,2,9,1
31,1,22,1,2310,42,0,50,1,1,0
34,1,12,1,4230,303,1,40,1,1,0
41,1,22,1,7700,362,1,45,1,1,1
41,1,16,1,4600,17,1,40,2,1,0
33,1,16,1,5740,41,0,10,2,1,0
49,6,22,1,6355,51,0,56,1,2,1
48,1,22,1,136,24,1,40,2,2,1
23,1,16,5,9645,48,15,40,1,1,0
27,1,18,5,9005,6,0,60,1,1,1
27,2,21,5,2360,45,12,40,1,1,0
49,5,22,1,630,40,1,40,2,3,1
28,1,22,5,120,6,2,40,1,1,0
70,1,16,5,4720,40,5,24,2,1,0
44,3,19,1,6730,6,0,50,1,1,1
60,6,19,5,4220,17,0,25,2,9,0
22,1,20,5,4720,27,2,40,2,1,0
40,1,21,1,4820,36,1,40,1,1,1
34,1,21,5,2002,32,0,40,2,1,0
60,1,16,3,8800,303,13,50,2,1,0
39,1,18,1,440,11,0,60,1,1,1
68,1,20,1,4240,12,0,32,1,2,1
29,1,16,5,9620,37,4,25,1,2,0
56,7,21,1,4200,51,1,15,1,2,0
42,6,19,1,4600,303,1,80,2,2,0
39,3,19,1,3710,39,1,45,1,1,1
59,1,16,1,410,25,0,70,1,1,1
23,2,18,5,3603,6,2,35,2,1,0
54,1,15,1,4240,24,1,44,1,1,0
18,1,16,5,4700,45,2,20,2,1,0
47,1,21,1,5000,34,1,50,1,1,1
37,1,20,1,1105,31,0,45,1,1,1
20,2,19,5,4600,39,2,20,2,1,0
64,6,16,1,6200,42,1,20,1,1,0
44,1,16,1,6230,50,0,45,1,1,0
46,3,22,3,630,6,0,38,1,1,1
31,1,20,3,4220,6,2,32,1,1,0
61,3,21,3,60,18,0,40,2,1,0
64,1,20,1,800,27,0,40,1,1,1
46,3,22,1,2310,36,1,40,2,1,1
29,1,16,5,8990,34,0,40,2,1,0
35,7,16,5,3601,22,0,24,2,2,0
26,1,19,1,3602,41,1,18,2,1,0
53,5,17,1,3545,120,0,30,2,1,0
55,1,16,1,4020,233,0,50,1,6,1
51,2,21,3,5000,36,0,55,2,1,1
33,1,9,5,7720,205,10,45,1,6,0
44,3,22,3,5940,17,0,40,2,2,1
64,1,22,1,800,233,1,40,2,6,1
23,2,21,5,5000,35,0,40,2,1,0
30,1,17,5,9620,21,16,40,1,1,0
22,1,16,5,4760,26,2,25,2,1,0
20,1,19,5,4760,20,15,30,1,1,0
25,1,21,1,800,42,0,40,1,1,0
20,1,16,5,5860,27,0,35,2,1,0
52,6,16,1,6230,5,0,40,1,3,0
19,1,19,5,4110,26,4,20,2,1,0
53,1,22,1,440,50,1,42,1,1,1
22,1,22,1,6305,210,0,40,1,6,1
33,1,19,1,1970,1,0,45,1,1,0
37,4,22,3,5240,28,0,40,2,2,0
54,2,20,1,5860,42,1,50,2,1,1
51,1,16,1,2205,39,1,38,2,1,0
20,1,16,5,440,303,2,40,1,8,0
34,1,16,1,6950,303,1,40,1,1,0
54,1,19,5,5000,17,0,45,2,1,1
38,1,19,1,910,210,1,40,2,6,0
54,6,20,3,440,47,0,40,2,1,0
19,3,16,5,5860,18,2,20,2,1,0
31,5,21,1,150,21,0,40,1,1,1
57,2,19,3,3500,314,0,40,2,1,0
66,6,15,1,5740,49,0,5,1,1,0
55,1,21,3,9620,31,0,40,1,1,1
48,4,21,3,1105,36,0,40,1,1,1
62,6,16,1,410,36,0,70,1,1,1
32,1,22,5,3255,12,0,45,2,2,0
53,1,19,1,205,18,0,45,1,1,0
45,1,19,1,7200,27,1,45,1,1,1
29,2,21,1,3255,13,0,36,2,1,1
37,1,15,5,6410,25,2,40,1,1,0
25,2,19,5,230,6,2,40,2,1,0
34,7,21,5,5600,22,0,60,2,2,1
61,1,19,3,4400,32,12,40,2,1,0
60,1,16,3,8225,36,0,40,2,1,0
26,1,21,5,51,15,12,40,2,1,0
26,1,19,1,4220,36,0,38,1,1,0
26,1,21,5,8740,12,4,60,1,1,0
22,1,19,5,310,26,5,50,2,1,0
68,6,20,1,8740,6,0,10,1,1,1
53,3,21,3,440,17,0,40,2,2,1
65,4,18,1,5860,18,1,40,2,1,0
39,1,16,5,4110,25,2,45,1,6,0
22,1,16,4,4760,42,7,30,2,9,0
61,6,18,1,4510,46,0,16,2,1,0
48,1,20,1,5120,45,0,40,2,1,0
34,3,22,1,2320,21,1,40,2,1,0
21,3,21,5,4200,2,13,40,2,1,0
27,1,16,5,4220,5,0,35,2,2,0
31,1,17,1,6230,24,1,45,1,1,0
30,6,16,5,4500,4,13,60,1,3,0
25,1,21,1,3255,17,1,50,1,1,0
36,2,16,1,3603,42,1,38,2,1,0
33,3,16,5,4220,47,2,40,1,1,0
65,2,20,1,3602,36,1,8,2,1,0
51,1,19,1,8990,34,1,40,2,1,0
60,1,21,3,4840,6,13,40,1,1,1
44,1,19,5,7700,17,0,50,1,1,1
19,1,16,5,2920,46,12,4,2,1,0
32,1,16,4,4700,39,7,40,1,1,0
35,1,17,5,3603,37,0,40,2,2,0
24,2,21,5,2545,27,0,40,2,1,0
40,2,16,1,3110,22,10,40,2,2,1
22,1,19,5,5120,42,0,30,1,1,0
36,1,20,1,440,55,1,50,2,1,1
23,1,21,5,1530,26,13,40,1,1,0
49,1,23,1,1305,34,1,70,1,1,1
54,6,19,1,4600,6,1,30,2,1,0
34,1,22,3,845,48,0,45,2,1,1
27,1,20,1,3310,18,1,35,2,1,0
43,3,21,1,1360,26,0,40,1,1,1
23,1,19,1,5810,12,0,40,2,1,0
42,1,20,5,1541,36,0,40,2,1,0
37,6,19,1,6220,27,1,60,1,1,0
61,2,22,5,3323,9,0,24,2,1,1
67,1,16,2,8800,18,0,40,1,1,1
66,1,22,3,2360,25,0,21,1,1,0
38,1,22,1,5840,48,0,40,2,1,0
57,2,17,2,2545,12,0,40,2,1,0
74,6,12,3,710,8,0,20,2,8,0
40,1,20,1,7300,48,0,40,2,1,1
40,3,21,1,2320,44,0,40,1,1,1
45,6,16,1,205,48,0,60,1,1,0
27,1,1,5,6050,6,2,40,2,8,0
23,1,20,1,310,5,0,40,1,1,0
52,1,19,3,440,22,0,48,1,1,1
27,1,16,1,3603,48,1,30,2,1,0
40,1,20,1,5740,42,0,20,2,1,0
60,1,14,3,9130,48,0,60,1,1,1
46,3,22,1,3710,12,1,40,1,1,1
33,1,22,1,1005,210,1,40,2,8,1
80,7,23,3,3090,165,0,30,2,1,1
64,1,14,1,6130,28,0,40,1,2,0
51,1,18,1,160,4,1,17,2,1,0
78,1,16,1,9130,42,0,16,1,1,0
59,1,19,1,4720,72,1,24,2,8,0
19,1,18,5,4760,9,17,10,1,1,0
48,1,21,1,9030,8,0,25,1,1,1
71,3,21,3,2310,56,0,40,2,1,0
82,8,21,1,4920,8,0,15,1,1,1
42,1,22,1,1320,39,1,50,1,1,1
42,3,22,1,2205,414,0,53,1,1,1
65,1,16,1,4220,31,1,24,2,1,0
43,1,21,1,440,210,0,80,1,6,1
51,1,13,1,4220,5,0,42,1,1,0
46,1,23,1,2205,6,1,40,1,1,1
50,7,16,1,3602,312,0,42,2,1,0
56,1,21,1,440,29,1,45,1,1,1
50,1,22,1,3255,42,0,36,2,2,1
59,7,20,1,310,240,1,48,2,6,1
68,2,24,1,2205,39,1,48,1,8,1
65,1,20,1,3930,36,0,24,1,1,0
19,1,16,5,4000,37,17,16,2,1,0
66,4,20,1,2145,25,1,40,2,1,1
31,7,18,5,4760,48,16,25,1,1,0
33,5,16,1,5940,24,9,40,1,2,1
23,1,16,5,4760,47,2,25,1,1,0
58,5,21,4,1108,24,13,37,1,2,1
52,4,20,1,5000,5,0,40,2,3,0
39,1,16,3,4760,48,2,40,2,1,0
50,1,16,1,4700,42,0,50,1,1,1
53,1,16,5,4000,47,0,45,1,2,0
23,1,16,5,3500,22,7,25,2,2,0
30,1,20,5,4030,29,13,40,1,1,0
44,1,20,1,1007,39,1,40,1,1,1
47,1,20,1,1007,41,0,40,1,1,1
46,4,22,1,2320,17,1,50,2,1,1
73,6,21,4,2633,39,0,40,2,1,1
27,1,21,5,1021,48,0,40,1,8,1
55,3,15,2,9130,36,0,60,1,1,0
31,1,22,1,3258,4,1,35,2,1,1
20,1,18,5,4220,25,5,40,1,1,0
51,3,21,5,3710,19,13,45,2,1,1
54,7,16,1,7340,214,0,50,1,1,0
50,1,20,1,8140,42,0,40,1,1,0
34,1,12,5,4510,48,0,55,2,1,0
31,1,21,1,3255,8,0,20,2,1,0
31,1,19,1,4521,247,1,20,2,6,0
58,1,22,1,2640,9,0,14,2,1,0
22,1,21,1,8530,18,0,42,1,1,0
55,1,21,5,1720,26,0,50,1,1,1
34,1,16,5,7750,303,0,35,2,8,0
37,1,21,3,4760,36,12,24,1,1,0
49,1,22,1,5810,42,0,40,2,1,0
18,1,16,5,4030,36,4,20,1,9,0
31,1,21,1,60,6,0,60,1,1,1
20,1,16,5,8740,26,2,24,1,1,0
47,2,18,3,7200,36,0,40,1,1,0
31,1,19,1,5740,370,1,40,2,1,0
31,1,17,1,5630,48,0,48,2,1,0
20,5,16,5,9825,6,17,55,1,1,0
42,1,22,1,3230,31,1,24,2,1,0
30,1,21,5,20,17,2,50,2,1,0
69,6,17,1,7640,6,1,30,1,1,1
42,2,20,3,5120,17,11,40,2,1,0
20,1,16,5,8140,40,2,40,1,1,0
52,3,21,1,440,34,1,50,2,1,1
71,1,20,3,3603,13,0,12,2,9,0
38,1,20,1,1340,27,1,40,1,1,1
51,1,21,3,3601,164,0,50,2,1,0
44,1,17,1,1555,35,1,40,1,1,1
40,1,21,1,1760,10,0,45,2,1,1
62,1,16,1,8600,47,0,40,1,1,1
42,1,9,5,7000,303,0,12,1,1,0
20,1,19,5,4055,44,2,20,1,1,0
32,3,22,5,2310,12,0,40,2,1,0
17,1,13,5,4020,202,5,16,1,6,0
39,1,19,5,9640,29,13,40,1,2,0
47,3,22,1,2310,47,0,55,1,1,1
50,2,22,1,2002,29,1,40,1,2,0
27,1,16,5,6410,303,0,40,1,1,0
68,1,16,2,4020,12,0,28,2,1,0
19,1,19,5,4110,17,2,17,2,1,0
55,1,16,1,7340,42,0,50,1,1,1
25,1,16,5,9600,1,0,50,1,1,0
42,6,21,1,310,162,1,50,1,1,0
52,1,21,1,4200,138,5,50,1,8,1
53,1,21,1,136,110,1,32,2,1,1
37,4,21,1,600,37,0,38,2,1,1
20,1,17,5,9610,51,2,40,1,1,0
19,1,16,5,4030,42,2,15,2,1,0
22,1,16,5,4220,6,5,40,1,1,0
24,1,21,5,2640,17,12,40,2,1,0
23,1,16,1,9130,28,0,52,1,2,0
41,5,20,4,9005,26,0,50,1,1,1
45,1,22,1,3110,27,1,36,2,1,1
60,1,16,1,9645,233,1,36,1,6,0
61,1,21,1,4720,36,1,50,2,8,0
22,1,19,5,5240,5,0,40,2,1,0
47,3,20,3,3870,34,0,40,1,1,1
57,4,16,1,2545,36,0,30,2,1,0
18,1,16,5,4220,6,2,10,1,8,0
17,1,13,5,4150,17,2,8,2,1,0
44,1,19,5,1460,6,0,40,1,1,1
64,2,16,3,4120,18,2,40,2,1,0
48,1,17,5,1460,34,2,40,1,2,1
52,5,18,3,5510,34,0,40,2,1,1
66,1,19,1,5150,40,0,30,2,3,0
27,1,16,5,4020,6,2,39,1,1,0
59,1,13,1,9130,36,0,55,1,1,0
48,2,22,1,5240,6,1,27,1,1,0
24,1,20,1,7340,17,1,45,1,1,1
38,1,19,1,9130,39,1,40,1,1,0
62,1,16,1,8990,36,1,40,1,1,0
44,1,18,1,120,303,0,40,2,1,0
39,1,20,3,5110,54,0,40,2,1,0
37,2,21,3,3255,39,0,36,2,1,1
43,1,17,1,4840,4,0,75,2,1,1
44,7,22,1,3324,110,1,60,1,1,0
45,1,16,1,7905,303,6,40,1,1,0
64,4,22,3,2310,47,10,40,2,1,0
27,1,22,1,150,22,0,40,1,1,0
55,2,20,1,3640,6,0,32,2,1,0
50,1,19,1,4850,42,0,55,1,1,1
27,2,22,5,2016,18,13,40,2,1,0
33,1,21,1,4850,6,1,50,1,6,1
34,1,19,1,3640,9,0,37,2,9,0
59,7,16,1,10,26,0,40,1,1,1
48,1,20,5,8800,19,0,48,1,1,1
25,1,21,1,4800,26,0,40,2,1,0
50,1,19,1,5110,12,0,50,2,1,0
59,1,16,3,5860,11,0,40,2,1,0
58,1,16,5,5400,26,0,40,2,1,0
47,5,19,1,3300,233,1,40,1,6,1
37,7,13,1,440,22,1,60,1,1,1
57,2,21,1,3255,18,1,25,2,1,0
34,1,16,1,6050,303,1,55,1,1,0
24,1,21,5,700,55,2,50,1,1,0
58,6,20,1,3601,38,0,6,2,1,0
66,2,18,1,5310,54,1,20,2,1,0
61,1,16,5,4220,13,17,25,1,2,0
62,7,21,1,800,24,0,40,1,1,0
21,1,15,5,4720,303,0,5,2,8,0
50,1,14,3,3601,329,0,26,2,1,0
21,1,19,5,1031,6,2,10,2,8,0
57,1,21,1,120,233,0,20,2,6,0
74,3,18,2,2025,42,0,2,2,1,0
62,1,20,1,3255,207,0,40,2,6,1
39,1,16,1,6355,29,0,50,1,1,1
24,2,19,5,4220,26,12,40,2,1,0
58,2,19,1,2060,6,1,30,2,6,0
48,2,21,1,2310,26,1,40,2,1,0
56,1,1,1,9130,332,1,40,1,2,0
49,3,22,1,2320,6,0,40,1,1,1
31,1,16,3,6230,303,2,40,1,8,0
24,1,16,5,4220,37,15,30,1,2,0
35,1,16,5,6050,40,0,40,1,1,0
19,1,16,5,7320,51,2,50,1,1,0
65,1,24,3,710,42,0,40,2,1,1
22,1,19,5,3603,18,2,40,2,1,0
23,1,16,5,6260,20,15,60,1,1,0
41,1,16,1,7200,48,0,40,1,1,1
39,1,15,1,2633,247,1,40,2,6,0
48,1,21,1,4760,39,1,30,2,1,1
69,1,16,1,5165,29,1,14,2,1,0
54,7,21,1,4251,47,1,65,1,1,1
50,1,16,1,7700,55,1,50,1,1,1
44,6,20,3,3602,5,0,14,2,1,0
55,1,20,5,8255,48,0,40,1,1,0
24,1,21,5,845,36,2,40,1,1,0
64,2,19,1,4710,45,0,42,1,1,1
39,1,16,1,6305,18,1,60,2,1,1
44,1,16,1,6442,25,0,40,1,1,1
53,1,1,1,4140,303,0,46,1,8,0
40,1,14,5,6115,6,2,20,2,1,0
41,1,16,3,9640,39,13,40,1,2,0
58,1,16,5,9645,17,5,2,1,1,0
33,1,16,5,5710,53,0,40,2,1,0
24,6,16,5,6230,37,13,42,1,1,0
52,5,18,1,3802,29,0,40,1,1,0
24,1,22,5,2545,42,0,40,1,1,0
67,1,20,3,9130,26,0,22,1,1,1
64,6,19,1,8555,13,1,60,1,1,0
50,1,21,1,440,42,0,50,1,1,1
88,1,19,1,4850,42,0,3,1,1,0
51,1,18,3,8555,18,2,40,1,1,0
52,5,21,1,5550,39,0,44,1,1,1
25,1,18,5,4200,51,12,50,1,1,0
52,1,21,1,3150,48,0,45,1,1,1
24,1,20,1,3645,12,0,40,2,1,0
26,1,12,1,9130,21,1,48,1,1,0
59,1,16,1,7330,39,1,48,1,1,1
60,3,22,1,10,6,1,40,1,1,1
66,7,18,1,220,17,1,60,1,1,1
57,4,22,5,440,25,0,45,2,1,1
36,1,24,1,1760,449,1,40,1,6,1
31,2,21,5,2310,39,2,40,2,1,0
51,5,16,1,1105,24,0,40,2,2,1
49,4,22,1,2310,18,0,50,2,1,1
49,1,11,1,6305,12,1,50,1,1,0
36,1,16,3,7750,26,0,48,1,1,0
31,1,16,1,5120,214,15,40,2,1,0
45,1,20,1,3255,8,1,40,1,1,1
25,1,19,1,4720,6,0,40,2,3,0
53,1,19,3,5110,55,13,40,2,3,0
69,7,20,1,230,37,1,25,2,1,0
54,1,18,1,9620,53,1,25,1,1,0
43,7,22,1,1021,26,0,60,1,6,0
57,7,16,3,440,19,0,30,1,1,0
46,3,21,1,3870,34,0,40,1,1,1
61,6,20,3,4600,39,0,16,2,1,0
45,1,14,5,6230,6,2,40,1,1,0
41,2,21,1,4600,55,1,16,2,1,0
60,1,20,1,5600,12,1,40,2,1,0
49,1,21,5,110,9,0,40,1,1,1
46,1,15,1,7700,19,0,45,1,1,0
25,1,19,5,4020,48,13,40,1,1,0
59,1,16,2,3500,36,0,44,2,1,0
31,4,21,5,2016,341,2,40,2,2,0
23,1,16,5,5100,4,0,40,2,1,0
25,1,21,1,350,55,1,50,1,1,1
19,1,19,5,4110,47,17,30,2,2,0
28,1,21,5,630,24,12,60,2,1,1
32,1,18,1,440,6,0,80,2,1,1
22,1,20,5,5240,36,2,5,1,2,0
31,1,16,5,7700,39,0,40,1,1,0
57,1,19,1,1007,51,0,60,2,1,1
65,6,21,1,4700,72,0,60,1,2,0
58,7,18,1,5000,26,1,40,2,1,1
74,1,16,1,750,39,1,40,2,1,0
35,1,23,1,2100,163,1,50,2,1,1
32,3,16,5,4230,42,10,40,1,2,0
36,1,22,1,2310,47,1,50,2,1,1
25,1,18,4,4810,6,0,40,2,8,0
54,2,19,1,5740,1,1,40,2,1,0
39,1,23,1,3090,36,0,60,1,1,1
73,1,19,3,5740,17,0,37,2,1,1
55,1,16,1,1541,39,1,48,1,1,1
23,1,16,5,9645,6,7,20,1,1,0
64,7,23,1,3010,55,0,50,2,1,1
58,1,21,3,2810,36,0,40,1,1,1
47,6,16,1,6355,303,0,50,1,1,0
20,3,16,5,4350,39,0,40,2,1,0
54,2,21,1,120,53,1,50,2,1,1
51,7,21,1,800,48,0,45,1,1,1
20,1,16,5,8990,49,2,40,2,1,0
24,1,18,5,4110,39,12,30,2,1,0
35,1,20,1,3255,21,1,38,2,1,1
32,5,22,1,750,34,0,40,2,1,0
44,1,21,1,4710,37,0,45,1,2,1
59,2,22,5,5740,36,0,30,2,1,1
38,7,21,1,4710,20,1,40,2,1,0
18,1,18,5,9365,27,17,35,2,1,0
64,2,21,3,3300,17,0,40,2,1,1
55,2,23,1,10,18,0,50,1,1,1
37,6,22,1,2310,370,1,5,2,1,0
55,6,21,1,4760,48,0,40,1,1,1
42,1,19,5,440,45,0,40,2,2,1
83,3,11,2,7700,51,0,40,1,1,0
65,6,16,1,8350,8,0,30,2,1,0
38,1,13,3,9645,17,0,40,1,1,0
45,2,21,3,4621,48,0,50,2,1,1
39,1,16,1,4251,36,1,40,1,1,0
46,1,21,5,860,427,13,40,1,2,1
33,1,15,4,6305,6,16,60,1,1,0
29,3,21,1,2310,53,0,40,2,1,0
34,2,21,1,2014,327,0,40,2,1,1
49,1,16,1,4251,20,1,40,1,1,0
52,1,22,3,220,17,0,60,1,1,1
22,5,19,5,9825,13,17,40,2,1,0
23,5,19,1,9830,48,9,60,1,1,0
21,1,21,5,6355,313,10,30,1,8,0
25,1,21,1,5740,17,0,30,2,1,0
24,2,22,5,3255,303,2,40,2,1,0
30,1,22,5,3603,42,12,40,1,2,0
54,1,17,1,4020,6,0,38,2,1,0
62,6,19,1,220,6,0,55,1,1,1
53,1,9,1,6330,303,0,56,1,1,0
64,1,16,5,4720,39,0,36,2,1,0
29,7,21,5,3255,416,10,36,2,2,1
23,4,21,5,2205,36,12,50,1,1,0
38,1,21,1,850,42,0,40,1,1,1
63,1,9,1,8000,303,0,40,1,1,0
23,1,16,5,4110,25,2,30,1,1,0
54,1,21,5,3603,224,0,45,1,1,0
25,1,21,5,5400,34,13,40,2,1,0
53,2,24,1,2205,440,1,65,1,6,1
58,1,16,2,2600,36,0,20,2,1,0
56,4,16,1,4600,17,1,40,2,1,0
69,6,16,1,9130,26,0,25,1,1,0
21,1,19,5,4622,27,2,14,1,6,0
40,3,22,5,2310,36,0,60,1,1,0
54,3,21,3,4220,138,0,37,1,1,0
30,1,21,1,4840,27,1,60,2,1,1
53,1,20,1,350,12,1,50,1,1,1
35,3,20,1,3870,72,0,45,1,9,0
33,3,22,1,230,38,0,40,2,1,1
25,1,21,5,1360,53,0,40,2,1,1
24,1,16,5,9600,303,2,40,1,1,0
55,1,21,5,9130,39,0,40,1,2,1
64,1,16,3,4760,41,0,40,2,1,0
25,1,15,1,4760,312,9,40,2,1,0
23,1,21,5,4600,364,15,45,2,1,0
50,1,16,5,8320,303,13,40,1,1,0
61,1,19,1,4760,36,1,40,2,1,0
44,1,21,1,4700,27,0,45,1,1,1
71,6,16,1,7120,18,1,20,1,1,0
40,1,21,1,1108,303,0,40,1,1,1
61,1,21,1,5110,36,0,35,1,1,0
52,1,22,1,1021,210,0,40,1,6,1
29,1,16,5,7330,40,2,40,1,1,0
45,1,20,1,4220,31,0,50,1,1,1
27,1,18,1,4400,19,0,40,2,1,0
54,6,17,2,4230,312,6,40,2,8,0
25,2,21,1,4622,39,1,24,2,1,0
45,1,22,1,3230,30,0,40,2,1,1
25,1,21,5,2600,24,2,40,1,9,0
45,4,20,1,150,23,1,40,2,1,1
58,2,22,1,4621,34,1,10,2,1,0
76,1,16,1,9645,47,1,40,2,1,1
38,1,16,1,3645,38,1,30,2,1,0
47,5,21,5,3820,42,0,55,1,1,1
61,1,16,1,3421,27,1,40,2,1,0
48,2,16,1,410,53,9,40,2,1,1
64,2,22,3,2435,321,0,35,2,2,1
40,1,21,3,800,9,0,40,2,1,1
51,1,21,1,4700,17,1,50,1,1,1
53,2,21,1,4965,12,1,40,2,1,0
62,1,19,3,9620,27,17,36,1,2,0
52,4,15,2,2016,9,6,40,2,2,1
30,1,22,5,4600,6,0,35,2,1,0
61,1,19,1,6230,36,0,40,1,1,1
26,3,20,5,7220,55,0,40,1,1,1
35,3,22,1,2310,42,0,40,1,1,0
66,4,21,1,800,13,1,40,2,1,1
47,1,18,1,230,17,1,40,1,1,1
35,1,21,1,310,25,0,60,2,1,1
59,3,21,1,3255,233,0,36,1,6,0
40,1,20,3,3255,18,0,32,2,1,0
49,1,21,1,1360,26,1,45,1,1,1
30,3,21,1,4622,8,1,40,2,1,0
48,1,16,1,5160,26,1,45,2,1,0
37,7,21,5,800,8,0,30,2,1,0
35,1,16,1,6355,18,1,60,1,1,1
48,1,12,1,6530,48,15,40,1,1,0
33,1,21,5,3255,32,0,36,2,1,1
46,4,22,1,2320,25,0,35,2,1,1
66,1,16,3,4720,55,0,20,2,1,0
56,1,16,5,9620,6,5,60,1,5,0
30,1,21,1,5240,36,0,45,2,1,1
32,1,19,1,3640,48,1,40,2,1,0
51,1,1,1,6230,303,0,40,1,8,0
55,3,22,3,440,25,0,60,1,1,1
63,7,19,1,4240,6,0,15,1,1,0
58,1,1,3,3603,312,12,70,2,8,1
58,1,20,5,5740,48,0,40,2,2,0
29,1,21,5,1920,217,0,40,2,6,0
18,1,16,5,4150,6,2,20,1,1,0
58,1,16,1,4020,6,1,40,1,1,0
71,2,19,3,5740,11,0,75,2,2,1
19,1,19,5,4760,55,17,30,1,1,0
34,6,16,5,2752,20,0,40,1,1,1
52,1,16,1,4720,18,1,30,2,1,0
28,7,21,5,2920,20,12,60,1,1,0
57,7,13,3,2700,36,13,40,1,1,0
58,1,8,3,5610,72,0,40,1,2,0
28,2,19,1,4710,47,1,40,2,1,0
23,4,19,5,3402,51,13,30,2,1,0
51,3,17,3,20,13,0,40,2,1,0
36,1,22,1,4110,50,0,47,2,1,0
50,1,20,1,540,36,0,45,2,1,1
59,1,21,1,3645,22,1,25,2,1,0
75,3,17,1,3940,29,1,10,1,1,0
48,1,22,1,440,10,0,45,1,1,1
37,6,20,3,4230,128,0,25,2,1,0
61,1,16,1,8740,48,0,50,1,1,1
48,2,21,3,5740,17,0,40,2,2,0
53,1,20,3,7750,39,0,82,2,1,0
43,1,16,1,4720,247,1,30,2,6,0
35,1,21,1,5240,51,0,40,2,1,0
18,2,14,5,3960,21,2,16,2,1,0
24,1,18,5,5240,36,2,29,1,1,0
38,1,16,1,440,39,1,40,1,1,1
65,1,21,1,1010,36,1,40,2,1,1
65,1,24,3,2205,20,0,50,2,1,1
45,7,23,1,2100,48,0,60,1,1,1
55,4,21,1,2310,42,1,40,2,1,1
24,1,19,5,4030,316,2,25,2,1,0
48,7,22,1,10,48,1,60,1,1,1
31,1,19,3,4720,25,12,40,1,1,0
67,1,12,5,4220,329,0,40,1,8,0
20,1,19,5,1010,39,17,40,1,1,0
37,1,22,1,1021,210,0,40,1,6,1
17,3,14,5,4435,8,4,20,2,1,0
62,6,10,1,205,24,0,60,1,1,0
24,1,21,5,4840,37,0,40,1,1,0
50,1,16,1,6305,40,0,60,1,1,1
35,1,16,3,9130,4,0,45,1,1,1
38,1,15,3,9620,49,13,40,1,1,0
26,2,21,5,3255,36,12,30,2,2,1
67,3,21,1,440,37,0,40,2,1,1
27,1,20,1,1108,20,0,40,1,1,0
36,3,19,5,7410,6,0,60,1,1,0
65,1,16,1,6825,6,1,50,1,1,0
17,1,14,5,2905,37,2,5,2,2,0
73,2,20,3,5400,8,0,20,2,1,0
38,1,19,1,5510,41,1,55,1,1,1
39,1,18,1,4760,17,0,40,2,1,0
64,1,16,1,9130,6,1,50,1,1,1
43,3,16,3,4230,18,0,38,2,1,0
69,2,22,1,5740,39,1,18,1,1,0
43,1,20,5,3603,55,12,32,2,1,0
52,4,20,1,2545,78,1,37,2,2,0
29,1,21,1,440,15,0,40,2,9,0
30,1,15,5,6230,10,13,40,1,2,0
19,1,16,5,4720,8,17,40,2,1,0
20,7,19,5,440,17,17,10,2,1,0
56,1,16,1,4760,19,0,40,1,1,0
75,1,16,1,520,6,1,12,2,1,0
40,2,22,1,2310,31,0,40,2,1,1
59,1,15,1,5610,303,0,40,1,1,0
54,1,19,1,7200,9,1,40,1,1,1
38,1,20,3,7210,6,0,40,1,1,0
38,2,16,1,9130,327,2,50,1,1,0
35,3,22,5,2310,13,0,45,2,1,1
54,4,18,5,9121,37,0,37,2,2,0
70,1,18,1,5810,39,1,30,2,1,0
41,1,20,5,5400,333,0,40,2,2,0
64,1,14,2,3602,48,0,50,2,2,0
51,1,22,5,1006,17,0,50,2,1,1
53,2,16,1,4710,41,0,40,1,1,1
55,1,20,1,3255,9,0,40,2,1,1
52,7,23,3,440,327,0,40,1,1,1
21,1,16,5,4350,27,2,30,2,1,0
58,7,14,1,440,21,0,75,1,1,0
18,1,16,5,4110,37,4,20,2,1,0
39,1,18,1,7020,30,0,40,1,1,0
25,1,19,5,9620,312,0,40,1,1,0
51,1,19,1,9620,54,0,68,1,1,1
47,7,16,1,9130,42,0,65,1,1,1
17,1,13,5,4720,17,2,12,2,1,0
61,1,19,1,6355,26,6,36,1,2,0
49,1,19,4,8300,17,0,20,2,1,0
66,1,21,2,7810,42,0,30,1,1,0
21,1,19,5,4760,48,2,20,1,2,0
33,3,16,1,4220,17,0,48,1,1,0
31,1,21,3,710,48,0,50,1,1,1
71,1,21,1,6200,46,0,60,1,1,1
49,1,16,1,9130,120,0,40,1,1,1
35,3,22,1,1108,13,1,40,1,1,1
30,1,23,1,630,24,1,40,2,1,0
25,3,19,5,6600,2,2,50,1,4,0
21,1,19,5,2830,6,15,30,2,1,0
42,1,23,1,2100,212,0,60,1,1,1
40,1,20,1,5740,215,1,35,2,6,0
77,7,16,1,6260,37,0,25,1,1,0
69,1,21,1,10,1,0,37,1,1,1
53,6,18,5,4700,16,0,50,1,6,0
37,1,23,1,2100,12,0,40,1,1,1
58,4,9,1,8990,17,1,37,2,1,1
80,6,24,1,20,6,0,20,1,1,1
68,2,24,1,2205,53,0,50,1,1,1
43,1,21,1,140,49,1,40,1,1,1
60,1,13,1,20,129,0,60,1,1,1
20,1,18,5,440,48,2,35,1,1,0
25,1,16,1,7855,41,1,40,1,1,0
61,2,21,1,800,12,0,60,1,1,1
63,1,20,1,1430,17,0,40,1,1,1
43,1,17,5,4251,42,2,2,1,2,0
61,1,9,3,9130,6,0,60,1,1,0
44,1,21,1,1006,430,0,40,1,1,1
36,1,21,1,4700,25,1,51,2,1,1
37,2,24,5,1650,212,12,50,1,1,0
59,1,16,1,4700,55,1,40,2,1,0
33,2,21,1,500,42,0,40,1,1,1
66,1,16,1,440,36,1,50,1,1,1
52,1,19,5,6200,36,2,40,1,1,1
56,1,16,3,5240,8,0,20,2,1,0
27,3,16,5,4600,17,0,10,2,2,0
40,1,15,1,4230,314,1,40,1,8,0
47,6,19,5,4230,311,0,30,2,1,0
56,1,22,1,1021,16,0,45,1,1,1
22,2,20,1,3255,12,0,36,1,1,0
22,1,21,5,2545,39,2,15,2,1,0
26,1,19,5,2545,42,3,36,2,1,0
26,1,22,5,4700,54,0,30,1,1,0
35,3,18,1,3870,37,1,40,1,1,0
29,1,23,1,3090,36,1,50,1,6,1
25,1,21,5,5400,36,13,40,2,1,0
36,1,21,1,3255,39,0,40,2,1,0
48,4,22,1,2205,34,1,40,1,1,1
38,6,19,1,6230,55,1,40,1,1,0
47,1,22,1,4700,6,0,47,1,1,1
61,1,17,1,4760,42,1,30,2,1,0
48,1,16,1,9645,233,0,40,1,6,1
59,1,16,1,7730,26,0,40,1,1,1
63,1,16,1,3602,55,1,17,2,2,0
52,3,22,3,2310,25,0,45,2,1,1
45,2,20,1,3255,1,10,40,2,1,1
19,1,19,5,4020,25,17,25,2,1,0
36,1,20,1,1050,42,1,40,1,1,1
45,1,23,1,800,210,0,40,1,6,1
34,2,21,1,4710,48,1,50,2,1,1
31,1,16,5,9610,6,16,35,1,1,0
50,1,21,1,440,449,0,40,2,1,1
22,1,16,5,3602,12,15,40,2,2,0
27,1,16,5,6765,6,2,40,1,8,0
17,2,14,5,3603,55,3,16,2,1,0
46,1,20,1,8140,25,1,45,1,1,0
64,1,19,4,7200,130,11,40,1,1,1
53,1,19,1,120,48,0,40,2,1,1
34,1,21,5,3210,17,12,40,1,8,0
37,1,16,5,9620,55,16,48,1,1,0
42,4,22,1,2320,50,1,65,2,1,1
21,1,19,5,4110,55,17,25,2,1,0
60,4,22,1,565,5,1,40,1,1,1
60,1,16,1,4710,36,1,40,2,1,1
21,1,18,5,9645,13,2,30,2,2,0
48,1,21,1,160,55,0,50,1,1,1
71,1,21,2,440,12,0,40,2,1,1
66,2,21,1,3160,139,1,15,2,1,1
77,3,21,2,4600,22,0,12,2,2,0
28,1,16,5,6520,31,13,40,1,2,0
53,1,16,1,7540,20,1,40,1,1,0
44,1,21,5,2722,17,2,40,1,1,0
44,1,15,1,5610,207,1,24,2,6,0
42,6,19,3,4220,26,17,1,2,1,0
25,1,18,5,4110,33,13,40,2,1,0
47,1,21,1,440,50,1,60,1,1,1
68,1,21,1,8990,469,1,42,2,6,0
59,1,16,1,5522,27,0,60,1,1,0
33,4,24,1,1650,37,0,50,1,1,1
44,1,16,1,440,41,0,60,1,1,0
69,4,16,1,10,55,0,47,1,3,1
58,1,21,1,2145,45,1,40,2,1,1
40,1,19,1,4110,55,1,25,2,1,0
34,1,20,3,5240,17,0,50,2,1,0
22,1,16,5,4700,27,2,40,2,1,0
54,7,22,5,2013,36,13,36,2,1,1
35,3,22,5,2310,217,0,55,2,6,1
47,3,19,3,2310,22,0,40,2,2,0
49,1,16,1,7750,17,0,32,1,1,0
41,1,22,5,350,247,2,40,2,6,1
39,4,22,5,2310,34,2,40,2,1,1
29,3,22,5,2310,34,2,50,2,1,1
37,1,22,1,440,460,1,40,1,6,1
75,3,21,1,565,39,0,3,1,1,1
50,1,20,3,52,24,0,40,2,1,1
29,1,18,3,3401,40,2,45,1,1,0
56,1,14,1,4760,17,0,45,1,1,1
47,5,21,5,2310,22,0,50,2,1,1
37,1,23,1,3110,24,1,36,2,1,1
61,2,22,1,1825,34,0,40,2,1,1
48,5,20,3,9810,17,0,45,1,2,1
36,1,21,1,800,40,1,40,2,1,1
34,1,16,1,8990,17,0,35,2,1,0
32,4,22,1,1022,210,0,40,2,1,1
62,7,19,3,8350,13,0,50,2,2,0
51,4,22,1,2002,42,0,45,1,1,1
36,1,20,5,3300,17,0,50,1,1,1
33,1,24,1,1760,210,0,50,2,6,0
56,3,19,1,5740,33,1,35,2,1,0
22,1,21,5,230,18,17,10,1,1,0
46,1,1,5,7720,42,2,40,1,1,0
40,1,21,1,3255,17,0,40,2,1,1
60,2,16,3,5710,36,0,40,2,1,0
49,7,14,1,10,303,1,30,1,1,1
73,6,21,1,800,25,0,10,1,1,0
35,1,19,5,8030,42,0,45,1,1,1
47,1,21,5,9350,42,0,42,1,1,0
59,1,19,1,8740,9,0,50,1,1,1
63,3,20,1,2360,46,0,40,1,1,1
39,1,19,1,9130,20,1,50,1,1,0
67,7,21,1,4710,17,1,40,1,1,1
58,1,20,1,2205,39,0,46,1,1,0
26,1,21,5,1650,11,13,55,1,1,1
61,5,18,3,1105,48,0,40,2,1,1
21,2,19,5,4640,39,17,10,1,1,0
40,6,16,1,6260,42,1,40,1,1,0
53,1,21,1,160,13,1,40,1,1,1
18,1,16,5,8750,45,17,27,2,2,0
31,1,16,5,6260,26,3,40,1,2,0
54,1,20,1,4040,31,1,10,2,1,0
36,1,21,1,1360,39,0,50,1,1,1
21,1,19,5,3424,22,2,25,2,1,0
63,3,18,3,1980,48,0,50,1,8,0
55,5,20,5,5550,6,2,48,2,1,1
62,4,20,1,1050,27,1,40,1,1,1
40,6,16,3,2752,22,13,50,1,2,0
43,1,21,1,3255,18,0,40,2,1,0
38,1,19,1,6660,55,2,40,1,1,1
38,1,16,5,9645,24,10,40,2,1,0
53,3,21,1,2310,8,1,15,1,1,1
52,2,19,1,3423,17,1,40,2,1,1
36,2,21,5,2545,39,0,40,1,2,0
50,2,16,4,9141,39,0,12,2,1,0
73,6,22,3,8530,53,0,20,1,1,0
50,4,22,1,2310,36,0,40,1,1,1
47,4,20,1,420,42,0,38,2,1,1
53,7,16,5,6305,45,0,50,1,1,0
53,1,18,1,5740,42,0,14,2,1,0
49,2,22,3,726,36,0,40,2,1,1
55,1,10,1,4530,360,0,40,2,1,0
63,7,21,3,4710,8,0,50,1,1,1
25,3,21,1,2310,1,1,40,2,1,0
50,1,18,3,3500,6,13,40,2,1,1
53,5,18,1,5550,209,1,47,1,6,1
63,3,18,3,440,9,0,39,2,1,0
34,1,20,5,4110,27,12,40,2,1,0
46,1,22,1,1010,207,1,40,1,6,1
18,1,12,5,5240,18,2,20,2,1,0
41,1,13,5,9130,48,0,50,1,1,0
36,1,13,4,4700,48,0,40,2,1,0
20,1,19,5,4760,9,2,20,2,1,0
31,1,21,5,140,6,13,65,1,8,1
63,7,22,1,6200,212,1,40,1,1,1
45,1,16,1,4020,37,0,40,2,1,0
23,1,17,5,9620,6,5,15,1,8,0
56,1,21,3,120,53,5,40,1,1,0
48,2,21,1,2014,48,0,40,2,1,0
47,2,19,1,51,17,0,50,2,1,1
44,6,16,1,4220,17,1,20,2,1,0
72,1,16,3,4720,36,0,37,1,1,0
26,6,20,1,205,55,0,75,1,1,0
53,1,21,1,136,301,1,30,2,1,0
19,1,16,5,9620,48,2,40,1,1,0
60,2,14,1,350,48,0,40,2,1,0
65,3,19,1,6005,48,1,40,1,5,0
83,7,21,2,440,36,0,40,1,1,1
41,2,20,5,4400,42,4,80,2,1,0
46,3,18,3,5740,39,0,40,2,1,0
27,2,21,5,3245,34,2,40,2,1,0
27,1,16,1,4700,26,0,40,1,1,0
33,3,21,1,2025,27,1,40,2,6,1
31,4,19,1,5000,42,1,35,2,1,0
40,1,19,1,310,6,1,40,2,1,1
31,1,19,5,710,6,11,40,1,1,0
23,1,20,5,4700,47,0,25,2,1,0
27,1,18,5,4760,53,2,20,2,1,0
29,3,22,1,2320,42,1,35,2,9,0
46,4,22,1,230,51,1,50,1,9,1
57,1,17,2,8740,39,0,50,2,1,0
47,1,17,1,5260,36,0,40,1,8,0
59,1,16,1,9620,210,0,40,1,6,0
48,1,19,1,6260,303,1,40,1,8,0
74,2,19,3,3602,5,0,32,2,2,0
52,2,20,5,630,27,0,40,2,1,0
52,1,20,5,5610,42,0,42,1,1,0
46,5,16,1,5550,42,0,40,2,1,1
30,2,16,1,4600,42,0,45,2,1,0
70,6,16,1,4920,24,0,35,2,1,1
31,1,21,1,2810,21,1,45,1,1,1
56,7,24,1,2040,13,1,20,1,2,0
45,1,22,1,4900,211,0,50,1,6,1
69,6,22,3,1980,31,0,15,2,1,1
45,6,19,1,4920,6,0,20,2,1,1
19,1,16,5,4720,48,2,20,2,1,0
63,2,24,1,2205,6,1,40,2,1,1
35,2,21,1,5860,36,0,40,2,1,0
27,1,16,3,7000,17,13,40,2,1,0
57,5,20,1,160,34,0,40,1,1,1
31,1,19,1,4710,6,0,70,1,1,1
72,3,22,1,5420,49,0,15,1,1,0
44,2,22,1,2435,8,0,40,2,1,1
29,1,19,5,1031,17,13,40,1,2,0
19,1,18,5,4120,12,17,25,1,1,0
19,1,19,5,4540,26,12,30,2,1,0
67,1,21,3,4220,327,0,40,1,1,0
19,1,18,5,4720,26,17,30,2,2,0
32,1,16,1,3930,303,1,40,2,8,0
44,6,22,1,4950,31,0,10,2,1,0
61,1,19,3,3220,42,0,36,2,1,1
20,1,19,5,5740,5,2,20,2,8,0
30,1,11,1,3602,312,1,45,2,8,0
61,1,21,1,5000,26,0,24,2,1,0
36,1,21,5,735,373,2,40,2,1,0
29,4,18,3,5860,40,0,40,2,1,0
37,2,19,1,3500,18,1,40,2,1,0
46,2,18,4,3655,39,0,40,1,1,0
47,1,18,1,4720,41,1,40,2,1,0
72,6,23,3,2145,6,0,40,1,1,1
52,1,20,5,3655,42,0,40,2,1,0
67,6,19,5,4920,110,13,20,1,1,0
59,1,23,1,10,34,0,40,1,1,1
27,1,17,5,6355,48,0,40,2,1,0
38,1,16,1,4720,19,0,29,2,1,0
65,1,16,1,6200,54,1,60,1,1,1
21,6,19,5,4350,12,7,99,2,1,0
66,2,21,1,5740,29,1,28,2,1,0
49,1,19,1,5920,49,1,45,1,1,1
56,1,21,1,140,37,0,40,1,1,0
58,1,16,1,6200,26,0,48,1,3,1
52,1,21,3,710,19,0,42,1,1,1
58,6,13,1,4240,26,1,40,1,1,1
32,1,23,3,3603,407,0,40,1,2,1
47,1,18,1,7140,1,1,40,2,2,1
49,1,21,1,1920,54,0,40,2,1,1
32,1,22,5,5240,39,0,43,2,1,0
63,1,22,1,440,17,1,45,2,1,1
64,6,16,1,8030,36,0,8,1,1,0
62,2,2,1,5000,12,0,40,2,2,0
60,2,20,1,5940,34,1,20,2,1,0
33,1,19,5,6230,42,0,40,1,1,0
81,1,23,1,735,36,15,20,1,1,0
25,1,19,5,9142,48,7,40,1,2,0
25,1,19,5,8740,39,0,15,2,1,0
35,7,19,3,3649,154,0,40,2,1,1
25,1,16,1,230,21,1,24,2,1,0
19,1,14,5,3930,51,16,7,1,2,0
48,1,16,1,8800,207,5,20,2,6,0
54,1,21,1,340,42,1,40,1,1,1
32,1,16,5,6220,22,0,40,2,1,0
59,1,16,1,9130,29,1,70,1,1,1
33,3,22,1,2310,11,3,30,2,9,0
31,1,17,1,9645,303,1,40,2,8,0
50,4,22,1,230,42,1,40,2,1,1
25,1,21,5,410,22,0,40,2,1,0
26,1,20,5,4010,12,13,30,1,1,0
38,7,23,1,3160,2,1,40,1,1,1
36,1,21,1,1031,29,1,50,1,1,0
20,1,18,5,5400,12,2,32,2,1,0
77,1,19,1,3602,48,0,3,2,1,0
28,1,16,3,9130,1,13,50,1,1,0
32,1,20,1,6050,36,1,50,1,2,0
36,1,19,5,6800,40,13,84,1,1,1
38,4,24,1,2205,217,0,40,1,6,0
29,1,21,1,205,26,1,50,1,1,0
38,1,21,1,4810,18,1,40,1,1,1
56,1,9,1,3603,303,0,40,2,1,0
65,2,20,1,4220,39,0,10,1,1,0
28,1,17,1,4030,6,2,40,1,8,0
71,3,16,1,6260,55,0,35,1,1,0
60,1,17,1,6050,303,0,55,2,1,0
49,1,16,1,9130,45,1,40,1,2,1
70,1,16,3,5240,6,0,20,1,2,1
71,6,16,1,7340,55,0,40,1,1,0
19,1,12,5,7840,313,13,48,1,8,0
61,7,19,1,4600,24,1,20,2,1,0
46,1,21,1,4700,51,0,60,1,1,1
50,2,20,3,4220,17,0,40,2,2,0
44,2,21,1,2040,17,0,40,1,1,0
62,2,21,1,2752,19,1,26,2,1,1
53,6,21,1,6230,11,0,35,1,1,0
23,1,19,5,5740,6,11,22,2,8,0
42,1,16,5,9645,22,0,55,1,2,0
52,1,21,5,3602,164,0,58,2,1,0
55,1,19,3,9645,39,0,40,1,1,0
18,1,16,5,4220,19,2,9,2,1,0
37,1,24,1,2100,25,0,5,1,1,0
63,7,22,1,710,1,0,15,1,1,0
38,1,21,1,5120,212,0,40,2,1,0
50,1,19,1,9620,18,0,40,1,1,1
58,1,16,1,9645,18,1,45,1,1,0
57,1,18,1,20,27,0,42,1,1,1
28,1,17,5,310,6,13,60,2,8,1
47,1,18,1,110,53,0,60,2,1,1
22,1,18,5,4110,25,13,40,2,1,0
68,6,24,5,2850,17,0,15,2,1,0
62,1,19,1,3930,28,1,40,1,1,1
57,1,14,1,4230,1,1,40,2,1,0
23,1,21,5,3401,6,2,40,1,1,0
50,1,16,1,8740,48,1,70,1,1,1
42,1,13,3,160,39,0,40,1,1,0
25,4,16,5,3802,26,13,40,1,1,0
57,1,16,3,8990,18,0,60,1,1,1
61,1,16,1,4950,303,0,46,1,1,0
34,1,20,1,2310,301,1,32,2,1,0
33,7,21,1,440,36,0,50,2,1,0
66,1,23,1,2100,48,0,50,1,1,1
36,1,15,5,9130,13,13,40,1,2,0
33,1,21,1,8740,210,0,40,1,6,1
22,1,20,1,3300,19,0,60,2,1,0
30,1,15,5,4020,12,2,24,1,2,0
23,1,14,5,9645,6,0,40,1,2,0
30,1,21,1,4700,164,0,50,1,1,1
19,1,18,5,4840,12,2,20,1,1,0
56,3,22,1,230,51,1,50,1,1,1
31,1,16,5,8225,39,2,40,1,1,0
18,5,16,5,7100,48,17,40,1,1,0
29,1,16,1,5240,303,0,40,1,1,0
22,1,19,5,4720,44,2,15,2,2,0
65,1,21,5,5240,17,0,40,1,1,0
54,1,19,3,9620,233,13,40,2,6,0
68,3,24,3,2205,36,0,50,2,1,1
33,1,22,5,710,364,12,40,1,8,0
59,3,16,1,6200,42,1,40,1,1,0
45,1,9,1,6050,72,1,40,1,1,0
51,1,16,1,9620,26,1,40,2,1,0
59,3,21,1,1106,34,0,40,1,2,1
70,3,21,3,2310,47,0,28,2,1,0
59,1,22,1,440,29,0,47,2,1,1
55,3,19,4,3870,51,0,40,1,2,1
54,1,22,1,1460,128,0,40,2,1,1
56,1,24,1,3090,39,0,60,1,1,1
18,1,14,5,4110,23,2,10,2,1,0
41,1,21,1,4850,39,1,30,2,1,1
27,4,24,5,2205,226,12,20,1,6,0
42,1,19,3,2170,6,2,45,2,6,1
18,8,18,5,6050,38,17,9,1,1,0
39,2,21,1,3270,39,0,32,2,1,1
52,1,20,1,3310,27,1,35,2,1,0
68,1,21,1,705,209,0,40,1,6,1
40,2,21,1,2205,49,1,8,2,1,0
35,1,14,1,4110,42,9,30,2,1,0
37,1,19,3,800,48,0,40,2,2,0
70,7,24,1,5240,22,0,40,1,1,1
63,1,21,1,3255,18,1,40,2,1,1
38,6,17,1,5510,164,0,30,1,1,0
38,1,19,1,3220,34,10,40,2,2,0
46,2,24,1,1760,27,1,65,2,1,1
26,1,21,5,1400,207,0,40,1,6,1
59,6,21,1,410,6,0,3,2,6,1
37,1,16,5,9130,36,10,20,1,2,0
36,1,21,3,2830,39,0,8,2,1,0
48,3,22,1,3870,42,1,40,1,1,1
61,1,22,1,440,6,1,43,1,9,1
55,1,16,1,7700,50,1,40,1,1,0
41,6,18,1,7040,12,0,40,1,1,0
40,1,19,1,51,15,0,40,1,6,1
68,1,20,3,9620,26,15,40,1,2,0
35,1,21,5,8990,364,15,50,1,1,0
18,1,14,5,4720,6,15,20,2,2,0
52,1,19,4,9130,364,0,45,1,9,0
54,1,14,1,9130,39,0,50,1,1,1
43,1,19,1,630,19,0,40,1,1,1
46,1,16,1,4220,17,1,32,1,1,0
39,1,21,1,705,48,0,42,2,1,1
26,1,16,5,4760,303,2,40,2,1,0
65,1,16,1,4760,29,0,40,1,1,1
20,1,19,5,4055,36,17,12,1,1,0
36,6,17,1,1551,27,0,50,1,1,0
62,1,20,1,3255,4,0,40,2,1,1
40,1,17,3,7330,21,13,40,1,2,0
58,8,21,3,440,17,0,40,1,1,0
61,6,18,1,6442,26,1,40,1,1,0
34,5,22,5,1420,207,0,40,2,6,1
52,1,16,3,7330,17,13,40,1,1,0
42,1,21,5,4000,327,0,40,1,1,0
30,2,23,1,3255,26,0,40,2,1,1
27,1,16,4,7200,327,0,40,1,1,1
55,1,16,3,9620,42,0,40,1,1,0
43,7,16,1,7020,303,0,40,1,1,1
34,4,22,1,2320,29,1,40,2,1,0
39,1,14,3,8225,303,13,40,1,8,0
63,1,16,1,440,36,0,40,1,1,0
82,1,19,2,4900,19,0,6,2,1,0
54,1,16,1,4720,31,1,39,2,1,0
28,1,21,5,2634,39,13,40,1,1,0
53,1,21,1,1021,34,1,40,1,1,1
29,1,17,3,9130,47,4,60,1,1,0
57,1,13,1,4760,25,1,42,1,1,0
36,4,22,3,2310,34,13,40,2,1,1
62,2,21,1,3255,5,1,40,2,2,1
27,6,21,5,2145,18,0,1,2,1,0
42,1,12,3,6230,303,12,50,1,8,0
57,1,19,1,3602,48,1,23,2,1,0
58,1,21,1,140,22,0,40,1,1,1
19,1,19,5,4110,48,2,30,2,1,0
43,2,22,1,1360,47,0,40,1,1,1
43,1,22,1,52,36,1,60,1,1,1
28,1,15,1,3940,41,9,45,1,1,0
27,1,19,1,4700,28,1,30,2,1,0
23,1,16,1,2360,19,9,40,2,1,0
33,2,22,1,420,48,0,55,1,1,1
59,1,17,1,7000,42,1,56,1,1,1
67,3,21,1,2310,54,0,20,1,1,1
42,1,17,1,20,303,9,40,1,8,0
40,1,20,1,7220,55,1,50,1,1,1
20,1,16,5,4720,48,10,40,2,2,0
31,1,18,1,5240,6,9,44,1,1,0
37,1,20,1,4055,6,1,40,2,9,0
40,1,16,5,4020,303,13,40,2,8,0
41,1,21,5,52,330,2,40,1,2,1
36,4,19,1,3802,48,1,48,1,1,0
26,1,13,5,4110,13,2,48,2,1,0
55,1,15,1,6230,312,0,40,1,1,1
23,4,20,1,3870,13,1,40,1,1,0
34,1,21,1,710,25,0,30,1,1,1
76,6,19,1,2830,210,1,20,2,1,0
24,3,16,5,930,48,0,40,2,1,0
62,1,16,1,5400,6,0,24,1,1,0
46,3,21,3,4350,6,0,30,1,1,1
39,7,22,1,10,215,0,60,1,6,1
25,1,20,5,4720,26,2,40,1,1,0
47,1,21,1,4965,49,1,12,2,1,0
47,1,22,1,2850,39,1,50,1,1,1
54,1,22,3,1360,56,0,40,1,1,1
46,1,22,5,7140,327,0,40,1,1,0
33,1,21,1,1460,18,1,51,1,1,1
47,3,22,1,2350,29,1,15,2,1,0
48,1,19,1,4850,17,0,40,2,1,1
26,1,19,5,9620,47,0,40,1,1,0
28,1,22,1,800,18,1,45,1,1,1
34,6,21,5,310,6,0,50,2,1,1
32,6,22,5,735,41,0,25,1,1,1
41,8,16,1,6040,417,0,2,1,1,0
62,1,16,1,9130,19,9,45,1,1,0
36,1,20,1,8740,48,0,40,1,1,1
63,1,22,1,2850,19,1,50,2,1,1
62,1,18,1,5100,26,0,29,2,1,0
35,1,19,1,6950,30,1,80,1,1,1
37,1,21,5,3255,55,13,36,2,2,1
63,6,16,1,4251,53,0,25,1,1,0
49,1,16,1,4010,34,0,50,1,1,1
61,1,21,1,51,53,1,58,1,1,1
66,1,16,3,6050,6,0,8,1,1,1
44,5,19,1,4720,51,0,75,1,1,1
53,1,18,3,5240,39,0,25,2,1,0
31,1,18,5,9620,18,2,50,1,1,0
39,1,22,1,440,42,0,40,1,1,1
57,1,10,1,4055,233,1,40,2,6,0
40,1,20,1,5260,36,0,40,2,1,1
56,2,9,1,3602,303,0,40,2,1,0
64,7,16,1,440,39,1,40,1,1,1
59,6,18,1,4200,40,0,40,2,1,0
64,1,19,1,440,163,1,40,1,1,1
44,1,19,4,9600,47,2,60,1,2,0
60,1,19,5,4760,17,12,40,1,2,0
50,1,20,2,120,215,0,45,2,6,0
33,1,19,5,7220,17,16,40,1,1,0
17,1,15,5,4020,6,2,20,2,1,0
61,2,19,1,120,6,1,40,2,1,1
54,1,19,5,9130,45,5,60,1,2,1
36,1,9,5,6260,314,10,50,1,8,0
47,4,16,2,2545,5,0,30,2,1,0
35,1,21,5,150,27,0,50,1,1,0
46,1,20,1,705,6,0,25,2,1,1
63,1,17,2,5810,42,0,40,2,1,0
58,1,21,1,440,36,0,40,1,1,1
21,2,21,1,2350,48,1,8,2,9,0
25,1,17,5,4020,8,2,40,1,1,0
42,1,16,1,5740,39,1,8,2,1,0
66,1,16,2,5120,18,0,40,2,1,0
32,1,16,5,6260,47,13,38,1,1,0
71,6,22,1,410,40,0,40,2,1,1
37,1,20,1,2300,55,0,40,2,1,0
45,2,21,1,2310,34,1,40,2,1,0
19,1,19,5,2722,36,17,35,1,1,0
58,1,17,3,4700,21,0,40,2,1,0
70,6,21,1,9130,36,0,25,1,1,0
25,1,16,5,1050,53,2,30,1,1,0
34,1,22,1,440,6,0,40,1,6,1
37,1,18,1,440,41,0,52,1,1,1
67,6,21,1,5120,6,0,1,2,1,0
23,1,19,5,4720,12,12,20,2,1,0
19,1,16,5,4720,26,2,15,2,1,0
18,1,19,5,4720,6,13,30,2,1,0
58,7,21,1,4710,36,1,40,1,1,1
61,3,21,3,3255,25,0,48,2,1,1
60,6,16,1,205,5,1,50,1,9,0
60,1,21,1,5240,6,0,50,1,6,1
44,6,19,5,2600,36,0,40,2,2,0
44,1,16,2,3423,12,0,45,2,1,0
65,1,21,1,3255,29,0,45,2,1,1
30,1,24,5,1610,370,0,40,1,1,1
27,1,19,5,4700,303,5,60,1,1,0
36,1,16,1,2545,20,1,40,2,1,0
21,1,16,5,4230,72,2,40,1,1,0
58,1,16,1,4530,368,1,40,1,6,0
18,8,15,5,4720,42,0,12,2,1,0
24,1,16,5,4020,4,12,20,1,1,0
23,1,19,1,5240,49,0,20,2,1,0
50,1,16,3,9645,39,0,40,2,1,0
63,1,19,3,2145,48,0,40,2,1,1
22,1,21,5,4760,44,2,15,2,1,0
64,6,20,1,9122,370,1,22,2,1,0
31,1,18,5,2633,11,2,40,2,1,0
48,1,18,3,9240,303,0,60,1,8,1
65,7,16,5,205,26,0,70,1,1,0
64,1,20,1,4200,18,0,16,1,2,1
18,3,18,5,3740,6,2,48,1,1,0
45,1,8,3,2633,303,2,40,2,1,1
48,1,18,1,110,45,1,40,1,1,0
28,1,21,5,4720,42,0,50,1,1,0
46,3,17,5,4220,36,0,40,1,1,1
55,1,22,1,650,18,1,55,1,1,1
67,3,20,1,5860,26,1,28,2,1,0
39,1,16,1,160,303,0,40,1,1,0
38,1,13,1,630,72,0,40,2,2,1
58,3,21,1,2545,48,1,37,2,1,0
22,1,19,1,4760,13,1,12,2,1,0
57,1,19,1,4000,36,1,40,1,1,0
58,3,16,5,6305,36,0,40,1,1,1
59,2,17,1,2040,312,0,40,1,8,0
29,1,16,5,9620,36,2,40,1,1,0
41,1,1,1,4521,207,1,40,2,6,0
39,1,19,1,5240,34,2,40,1,1,0
56,1,18,5,1050,313,0,8,2,1,0
72,6,19,1,5120,34,0,40,2,1,0
43,4,21,1,3550,17,0,55,1,1,1
40,1,20,5,5310,37,0,40,2,1,0
66,1,20,1,4850,37,1,50,1,1,1
20,1,18,5,4110,17,4,24,2,1,0
50,1,21,1,110,6,0,40,1,1,1
29,4,23,5,3090,210,2,40,1,6,1
44,4,22,1,230,55,0,45,2,1,1
63,1,19,1,4700,26,1,50,1,1,0
61,1,9,1,7810,303,1,38,1,8,0
19,2,16,5,1970,6,17,20,1,1,0
23,5,15,5,5550,54,2,32,1,1,1
38,1,21,1,5740,21,0,40,2,1,0
69,1,19,3,3602,38,0,10,2,1,0
18,1,18,5,6305,8,17,40,1,1,0
73,6,19,1,2721,42,0,80,1,1,1
65,4,16,1,5860,21,1,40,2,1,0
65,1,19,5,1108,37,0,44,1,1,1
24,5,16,5,4220,6,17,50,1,1,0
43,7,18,1,6355,6,0,30,1,1,0
56,1,19,3,9645,53,13,40,1,1,1
26,1,16,5,6410,6,2,60,1,8,0
45,1,16,3,3603,36,15,35,2,2,0
47,1,21,1,6200,53,0,50,1,1,1
35,1,21,1,7700,451,1,45,2,1,1
34,1,16,1,7700,54,0,45,1,1,1
45,1,21,5,2830,233,0,51,2,6,1
49,2,20,1,3255,18,1,35,2,1,0
21,5,19,5,9810,33,2,16,1,1,0
29,1,18,5,4720,6,2,39,1,8,0
52,1,16,2,4810,13,0,40,2,1,0
27,1,21,5,3930,35,13,31,1,1,0
28,1,18,5,5710,6,13,42,2,2,1
26,3,22,5,2545,212,2,40,2,1,0
42,1,20,5,8810,29,0,50,1,1,1
43,1,21,5,2360,364,0,35,2,1,1
31,2,21,5,8600,29,0,40,1,1,1
41,2,16,1,6520,41,0,40,1,1,1
40,1,19,5,4710,29,0,8,2,2,0
40,1,16,5,5820,25,0,25,2,1,0
23,1,19,1,4700,6,4,38,2,8,0
29,2,16,1,2751,36,1,45,1,1,0
41,1,21,1,5240,29,0,40,1,1,1
63,1,16,1,7140,17,1,40,1,1,1
59,1,16,1,5860,36,1,50,2,1,0
63,7,23,1,2600,36,1,30,2,1,0
26,2,21,1,3255,6,0,36,1,9,1
71,1,21,1,4720,6,0,40,1,1,0
26,1,21,1,5240,18,1,40,2,1,1
44,6,16,5,6230,72,0,24,1,1,0
30,2,21,5,420,39,13,40,1,1,1
61,1,14,1,9130,47,0,50,1,1,0
40,5,21,1,440,39,1,50,1,1,1
31,1,16,5,8140,17,16,50,1,1,1
64,1,21,1,440,6,0,45,1,1,1
17,1,14,5,9620,32,2,20,1,1,0
56,1,19,1,120,31,0,40,2,1,0
53,1,19,1,3255,47,1,40,2,1,1
52,5,22,1,20,40,1,40,2,3,1
24,1,19,5,5400,11,2,32,1,1,0
40,1,19,1,440,22,1,40,1,1,0
49,1,15,1,9620,327,15,40,2,1,0
46,1,17,1,6240,128,1,40,1,1,1
17,1,14,5,4130,19,2,20,1,1,0
25,1,20,5,5600,17,2,40,2,1,0
21,1,19,5,4251,8,2,40,1,1,0
28,1,19,5,4020,55,2,35,1,1,0
43,3,22,3,2435,39,0,40,2,1,0
20,3,16,5,5160,72,2,30,2,8,0
36,6,22,1,310,21,0,10,2,1,0
35,1,21,5,8610,207,0,40,1,6,1
66,1,22,1,440,9,0,50,1,1,1
27,1,21,1,1006,231,1,40,2,6,1
30,1,19,5,4220,28,2,38,1,1,0
55,7,21,1,440,373,0,40,1,8,0
37,1,22,3,3255,22,0,36,2,6,1
60,3,22,2,2310,47,0,60,2,1,0
67,1,19,1,2170,37,0,26,1,1,0
47,1,21,5,3602,48,2,48,2,1,0
32,4,22,5,2545,13,0,40,1,2,0
57,1,16,1,1108,24,0,40,2,1,0
43,2,22,1,2310,210,1,4,2,6,0
44,1,20,5,5330,8,0,40,2,1,0
63,1,16,1,5820,44,1,50,2,1,0
29,1,22,1,800,18,1,15,2,1,0
63,4,16,3,5630,11,0,40,2,1,1
51,1,21,1,630,163,1,40,2,1,0
56,1,17,1,9130,39,1,45,1,1,0
25,1,24,5,3160,41,0,40,1,1,0
63,6,21,3,3255,16,0,15,2,1,0
33,1,16,1,4720,40,0,30,2,3,0
53,5,22,1,630,110,0,50,1,1,1
41,4,19,1,2310,22,1,40,2,1,0
28,1,16,5,3423,44,0,35,2,1,0
38,1,19,1,5320,36,2,40,1,1,0
25,1,18,5,9645,21,2,40,1,1,0
59,3,17,1,440,9,1,40,1,1,0
41,6,22,5,350,1,2,75,1,2,1
18,1,16,5,4720,36,2,25,1,2,0
52,4,16,4,4720,36,0,30,2,1,0
18,1,14,5,4055,55,2,20,2,1,0
24,2,16,5,2002,25,13,40,1,1,0
18,1,16,5,4720,51,2,40,2,2,0
53,1,19,1,6230,39,0,40,1,1,1
51,1,16,1,8225,42,10,45,1,1,0
35,1,24,1,3050,21,0,40,2,1,1
59,1,21,1,410,362,0,40,1,8,0
59,1,16,3,8740,40,0,40,1,1,0
65,1,23,1,800,327,1,40,2,1,1
25,1,17,5,7200,12,13,40,1,1,0
55,5,21,1,1050,247,0,40,1,6,1
39,1,22,1,230,11,0,40,1,2,0
36,4,22,1,2320,48,1,50,2,1,1
22,1,18,5,5860,303,5,10,2,1,0
28,1,21,1,220,42,0,50,1,1,1
51,1,13,5,6410,45,0,40,1,2,0
19,1,18,5,9600,19,17,60,1,1,0
46,1,20,5,6355,22,0,40,1,1,0
28,1,19,5,8990,32,13,45,1,1,0
20,1,16,5,1400,6,0,40,1,1,0
33,1,9,1,4220,303,1,40,2,8,0
23,1,18,5,4110,215,2,20,2,1,0
19,1,16,5,4030,231,2,8,1,6,0
20,1,16,5,4760,47,2,25,2,1,0
21,1,16,5,4720,429,10,30,2,2,0
45,4,22,1,2545,36,1,12,2,1,0
19,1,16,5,9610,42,2,90,1,1,0
31,1,15,1,7750,248,0,40,1,1,0
36,1,22,3,520,53,0,25,1,1,0
32,1,21,1,800,36,1,40,1,1,1
30,4,21,5,3310,28,0,40,1,1,0
56,7,21,1,2861,18,0,40,2,1,0
20,1,16,5,8030,39,2,25,1,1,0
25,1,16,5,3603,39,0,36,2,1,0
66,1,19,5,4920,40,0,40,2,1,1
50,1,16,1,6260,50,1,40,1,1,0
33,1,18,1,4700,53,1,55,1,1,1
46,1,16,1,3649,48,0,8,2,1,0
24,1,21,5,2205,6,12,80,1,1,0
69,3,22,1,9620,39,0,40,1,1,1
38,1,19,1,3255,31,1,36,2,1,1
40,1,21,3,2600,211,0,40,1,6,1
19,5,18,5,6765,51,17,60,1,1,0
61,7,18,1,4700,6,1,40,2,1,1
31,1,21,1,2310,42,1,1,2,1,0
46,1,18,1,440,54,1,40,2,1,0
50,4,22,1,5000,6,0,40,1,1,1
31,1,16,5,4220,55,0,40,1,1,0
62,3,16,1,6730,36,1,40,1,1,1
44,6,21,1,4621,22,1,60,2,1,1
49,1,16,1,6200,29,0,40,1,1,1
74,1,16,1,9005,53,1,50,1,1,1
24,1,16,5,5240,55,0,40,2,2,0
45,1,19,1,160,303,1,40,2,1,0
63,6,21,1,1010,132,1,35,1,1,1
25,3,16,5,2545,215,0,25,2,6,0
47,1,19,1,4760,34,0,50,1,1,1
66,1,16,1,4720,25,1,20,2,1,0
37,2,24,1,3050,23,0,40,2,1,1
56,3,22,1,2310,327,1,40,2,1,1
35,1,21,5,2640,233,0,40,1,6,0
36,3,20,5,3602,38,0,32,2,1,0
55,3,18,1,2014,17,1,40,2,9,1
37,1,21,5,4030,19,2,40,1,1,0
37,1,20,1,3310,27,0,24,2,1,0
67,2,16,1,5810,5,1,40,2,2,0
51,3,17,3,4220,18,2,40,2,1,0
27,1,17,5,1010,37,2,40,1,1,1
46,2,22,1,2310,360,1,38,2,1,1
80,7,19,1,4465,26,0,50,1,1,1
41,5,21,1,705,42,0,50,1,1,1
37,6,16,5,205,27,2,40,2,1,0
73,1,20,3,220,13,0,1,2,1,0
47,1,20,3,9620,21,0,40,1,1,1
54,1,16,1,4110,36,0,50,2,1,1
55,1,19,3,5860,36,0,40,2,1,0
30,3,22,5,3910,17,0,40,2,1,1
28,1,17,5,4010,51,10,35,1,1,0
29,1,21,5,4720,512,13,16,2,7,0
17,1,14,5,9610,29,2,10,1,1,0
34,1,17,1,2770,6,17,36,2,1,0
56,1,16,1,5740,303,0,40,2,1,1
39,1,19,3,5600,17,15,40,2,1,0
39,1,21,1,860,15,0,38,1,9,1
84,4,16,2,9121,9,0,37,2,1,1
24,5,19,1,7640,29,0,40,2,1,0
54,5,24,1,3255,207,1,40,2,6,1
39,1,18,1,5840,12,1,40,1,1,1
45,3,1,1,7750,28,0,40,2,2,0
58,1,20,3,6355,21,0,45,1,1,1
56,1,19,3,5120,19,0,40,2,1,0
43,1,21,1,8740,373,0,47,1,1,0
40,1,21,5,2640,19,13,55,2,1,1
22,1,19,5,5240,17,10,40,2,2,0
51,1,20,5,4700,26,13,32,2,1,0
41,1,16,1,5820,6,1,40,1,1,0
31,1,16,5,4540,45,15,40,2,1,0
31,1,16,1,4240,17,0,50,1,1,1
63,1,19,1,9620,39,1,40,2,1,1
54,5,21,2,2016,36,0,40,2,8,1
38,4,21,1,3910,6,1,40,1,1,1
44,1,21,1,10,240,1,3,2,6,0
59,1,16,1,5240,53,1,42,1,1,1
22,1,21,5,1021,36,2,40,1,1,0
42,7,23,1,3010,55,0,32,1,1,1
44,1,21,1,51,25,0,50,1,1,0
62,2,16,3,3421,38,0,40,2,1,0
64,1,16,1,9005,42,1,60,1,1,0
49,1,9,1,4251,303,0,40,1,8,0
62,1,19,3,5740,17,0,40,2,1,1
29,3,21,3,3870,47,0,48,1,1,0
74,6,19,1,440,49,0,5,1,1,0
31,1,17,1,6442,12,1,40,1,1,0
22,2,20,5,3603,49,2,36,1,1,0
27,1,20,1,1006,37,0,40,2,1,0
36,1,22,1,3160,210,1,40,1,6,1
18,1,16,5,4720,23,17,30,1,1,0
48,1,16,5,110,9,2,60,2,2,1
69,6,22,1,2360,49,1,20,2,1,1
42,7,16,1,5860,6,0,40,2,1,0
46,1,23,1,3090,44,0,45,1,1,1
62,4,21,1,3255,247,0,40,1,6,1
28,1,21,1,40,39,0,52,2,1,1
38,2,22,5,360,36,2,40,2,6,1
58,6,21,1,800,53,1,40,2,1,1
59,1,20,3,4655,233,13,20,2,6,0
55,1,16,1,4020,39,1,30,2,1,0
36,1,22,5,5610,39,12,40,1,1,1
43,5,22,1,110,45,0,45,1,2,1
55,4,22,1,1220,28,1,40,1,1,1
68,1,16,2,3602,51,0,20,2,2,0
23,4,21,5,5860,21,13,38,2,1,0
20,4,19,5,3620,53,12,20,2,6,0
39,1,21,1,4800,36,0,40,2,1,1
50,2,19,3,540,8,2,40,1,1,1
32,1,18,5,1021,13,0,55,1,1,1
38,6,22,1,710,42,1,60,2,1,1
66,1,19,3,230,48,13,40,2,1,1
55,1,16,1,2545,53,1,7,2,1,0
32,1,19,5,5000,301,0,40,1,3,0
24,1,2,1,3500,48,0,40,2,1,0
42,1,20,1,1530,1,0,40,1,1,1
31,3,21,1,2310,51,0,40,2,1,0
62,1,20,1,5810,25,0,10,2,1,0
53,1,19,1,5240,6,1,40,2,1,0
69,1,16,5,4655,10,0,20,2,1,1
52,3,20,1,4220,207,0,40,1,6,1
27,1,13,1,8800,5,0,48,2,1,0
40,7,18,1,350,29,0,30,1,1,0
55,2,16,1,4010,414,0,60,2,2,0
41,7,24,1,3010,49,1,60,1,1,1
56,1,1,1,440,42,0,40,2,1,0
17,2,14,5,3960,22,2,12,2,1,0
39,1,16,5,3603,9,13,40,2,1,0
30,1,16,1,7100,303,0,45,1,1,0
57,6,19,3,6230,139,13,40,1,1,0
25,1,16,5,8740,49,11,40,1,1,0
39,1,21,1,2205,2,0,50,2,1,0
63,5,16,1,7220,42,1,40,1,1,1
82,2,19,1,420,42,0,16,1,1,0
26,1,19,3,5860,51,3,40,2,8,0
48,4,16,5,9620,51,16,40,1,2,0
54,7,24,1,6410,6,1,30,1,1,0
31,1,22,1,3550,42,0,45,2,1,0
60,1,16,3,3940,28,17,35,1,2,0
59,4,21,1,2310,48,0,35,2,1,0
41,1,19,1,7700,34,0,40,1,1,0
63,3,22,1,2435,17,0,37,1,1,1
51,7,24,1,3090,212,1,36,2,1,1
24,1,18,5,4040,12,0,35,2,1,0
38,1,22,1,440,26,1,40,1,1,0
72,1,16,1,3930,47,0,38,1,1,0
40,1,18,1,5110,13,1,28,2,1,0
54,2,19,1,5820,24,1,8,2,1,0
34,1,19,1,4700,48,1,60,2,8,0
21,6,15,5,4220,36,15,20,1,1,0
31,1,21,1,1021,210,0,40,1,6,1
38,1,22,1,300,26,0,60,1,1,1
50,1,18,1,8030,17,0,55,1,1,0
60,7,21,5,500,39,0,60,2,1,1
37,1,21,1,4840,6,0,40,1,1,1
51,1,21,3,5240,6,0,40,2,1,1
28,8,22,5,2600,36,2,30,2,8,0
37,1,21,1,220,6,0,40,1,1,1
65,1,9,4,4140,45,0,40,2,2,0
65,1,20,1,3255,18,0,32,2,1,1
60,1,21,1,2710,233,1,40,1,6,1
44,6,19,1,2910,36,1,25,1,1,0
21,1,20,5,4350,48,2,15,2,1,0
70,1,22,1,3930,303,0,40,1,1,1
17,1,14,5,4020,36,2,15,1,1,0
35,1,21,5,1022,6,0,40,2,2,0
29,1,22,1,5600,6,1,40,1,1,1
68,2,14,1,4220,51,0,15,1,1,0
45,1,18,1,7420,19,1,50,1,1,1
42,1,16,1,9620,6,1,40,1,1,0
61,2,19,1,52,53,1,40,2,6,1
31,4,21,1,1610,36,1,38,1,1,1
57,7,23,1,3090,210,0,60,1,6,1
41,1,23,1,7720,4,1,40,1,1,0
45,1,20,5,530,34,0,43,1,1,1
18,1,18,5,4150,39,17,12,1,6,0
48,1,12,5,6050,303,12,40,1,8,0
75,2,22,3,1530,16,0,10,1,1,1
68,1,21,1,5240,18,1,40,2,1,0
28,1,21,5,8650,303,3,40,2,1,0
58,2,20,1,5120,31,0,25,2,1,0
27,1,19,1,5860,36,1,40,2,1,0
63,7,16,1,9130,48,0,45,1,1,0
35,1,18,1,6355,39,1,40,1,1,0
25,1,16,1,5240,27,2,20,1,1,0
56,1,21,1,4710,240,0,40,1,6,1
65,1,19,1,10,11,1,60,1,1,1
28,1,21,5,5820,22,0,50,1,1,0
32,1,21,3,4760,301,0,40,2,8,0
43,1,19,5,5860,40,0,18,2,9,0
41,1,21,1,3930,523,10,40,1,7,0
41,1,21,1,10,53,1,40,2,1,0
31,6,21,1,2861,12,1,3,2,1,0
61,1,20,3,3255,29,2,40,1,1,0
60,5,19,1,5550,29,1,45,2,1,1
20,1,19,5,440,18,0,25,2,1,0
58,1,15,1,3602,301,1,15,2,1,0
58,1,18,1,51,39,1,40,2,1,1
58,4,18,3,5320,39,0,40,2,1,0
50,3,20,1,3720,6,0,56,1,1,1
54,6,21,1,1545,18,0,70,1,1,1
28,1,20,5,7750,46,16,35,2,1,0
72,1,1,2,4700,303,0,40,2,1,0
53,3,1,4,8310,329,0,30,2,9,0
30,2,16,5,3602,9,0,40,2,1,0
40,1,16,1,4760,17,0,55,1,1,0
20,1,19,5,4010,6,10,40,2,5,0
60,3,21,1,2310,13,1,40,2,1,0
35,3,7,4,910,329,2,28,2,8,0
29,6,23,1,440,48,1,60,2,1,1
19,2,19,5,5320,6,17,40,2,6,0
52,4,21,1,1050,47,0,38,2,1,1
68,4,16,1,3601,240,1,30,2,6,0
32,1,17,1,6200,303,0,40,1,9,1
56,1,21,1,220,6,1,55,1,1,1
72,1,21,1,4850,36,1,16,1,1,1
43,4,16,4,3422,4,0,34,2,1,0
19,1,18,5,4055,48,0,32,1,1,0
61,1,16,1,7120,48,0,40,1,1,1
31,1,21,1,4810,13,1,50,1,1,1
72,6,19,3,2640,36,0,35,2,1,0
28,3,19,5,3870,40,13,40,1,1,0
62,3,19,3,4010,56,0,40,2,3,0
25,7,16,1,8500,301,0,50,1,1,0
52,1,21,1,7210,19,1,40,1,1,0
48,1,21,1,1760,233,0,48,2,6,1
35,2,18,1,4220,17,0,50,1,1,0
45,1,22,1,1980,55,1,30,1,1,1
29,3,22,5,5740,36,15,45,2,2,1
40,1,22,1,20,210,1,40,1,6,1
29,1,16,5,2440,20,0,21,2,1,0
24,1,18,5,4600,360,15,40,2,1,0
34,1,22,5,3110,22,12,40,2,1,0
45,1,19,1,136,18,0,40,2,1,1
33,1,21,5,1021,55,0,40,1,1,1
38,1,21,1,51,6,1,40,1,1,1
51,1,16,1,20,51,1,50,1,2,1
33,6,21,1,2850,55,0,20,2,1,0
56,1,22,1,540,48,0,99,1,1,1
25,1,18,3,5240,40,7,40,2,9,0
63,3,22,1,2014,4,1,40,2,3,1
21,1,19,5,5160,20,11,15,2,1,0
36,1,23,1,1021,6,0,40,1,1,1
48,7,22,3,845,36,0,20,1,1,1
70,3,22,1,440,9,1,22,1,1,1
28,6,21,1,205,18,0,60,1,1,1
74,6,17,2,4950,36,0,28,1,1,0
65,1,18,3,3430,39,0,20,2,1,0
43,1,17,1,9645,36,1,40,1,2,0
54,1,18,3,440,34,0,40,1,1,1
31,1,21,1,3255,42,0,36,1,1,0
29,1,17,1,9620,17,1,36,1,1,0
58,6,19,3,4230,12,0,32,2,1,0
39,1,19,5,4040,29,0,24,2,1,0
42,7,14,1,7210,28,0,50,1,1,0
64,1,20,5,750,315,0,40,2,1,0
60,5,16,1,440,51,1,41,2,1,1
59,4,22,1,2545,210,0,30,1,6,0
24,2,21,5,3255,55,0,32,2,1,1
38,1,21,1,410,48,1,40,2,2,1
45,1,18,1,5220,6,0,44,2,1,0
64,7,15,1,750,214,0,20,1,1,0
48,1,17,1,520,48,0,38,2,1,0
55,3,20,1,1108,18,0,40,1,1,1
28,1,19,1,7750,18,0,50,1,1,0
25,1,16,5,5240,18,0,24,2,1,0
40,1,20,1,7420,51,1,40,1,1,0
49,1,20,5,4700,25,0,55,1,1,1
27,1,19,5,8990,13,2,40,1,1,0
34,1,12,4,6005,18,2,40,2,1,0
70,6,21,1,4920,27,0,50,1,1,1
53,1,20,1,1555,9,1,40,1,1,1
22,1,19,5,4055,47,12,20,2,1,0
31,4,19,1,7140,13,0,40,1,1,1
56,2,22,1,2014,17,1,32,1,1,1
60,1,18,3,4760,23,0,39,1,1,1
58,1,22,1,300,42,0,46,1,1,1
79,4,22,3,2310,28,0,35,2,2,0
71,1,18,1,9600,1,0,45,1,1,1
27,1,20,1,4510,39,0,37,2,1,0
54,1,17,3,7700,36,0,40,1,1,1
47,3,22,1,2330,368,1,40,2,8,1
45,1,18,1,5240,72,0,40,1,1,0
26,1,19,1,5330,42,0,45,2,1,0
32,7,16,5,2910,36,0,25,1,1,1
48,2,18,1,5820,24,0,20,2,1,0
42,1,17,1,9620,17,0,40,1,1,1
41,7,23,1,3090,25,0,50,1,6,1
65,6,24,1,1825,17,0,35,1,1,1
39,7,17,1,6230,303,0,40,1,8,1
45,1,18,1,6200,8,1,40,1,1,1
66,1,16,1,4720,48,0,40,2,1,0
36,1,22,1,1021,210,0,40,1,6,1
36,1,23,1,540,130,1,45,1,1,1
31,1,21,1,3255,13,1,40,2,1,1
21,1,7,5,4020,49,16,84,1,1,0
27,2,22,1,3258,42,1,40,2,1,1
49,1,18,1,7330,39,0,48,1,1,1
43,1,21,1,340,30,0,45,2,1,1
31,1,20,1,5240,18,0,40,2,1,0
21,1,19,5,4110,37,13,25,2,1,0
27,1,18,5,4110,48,0,30,2,1,0
40,3,21,1,2310,42,1,40,2,1,1
59,1,20,1,120,6,1,40,2,1,1
19,1,20,5,5610,17,17,40,2,1,0
32,1,24,1,710,6,0,65,1,1,1
30,1,19,4,7800,38,2,16,2,1,0
38,1,21,1,410,54,0,35,2,1,0
32,1,16,1,4220,51,1,40,2,1,0
45,2,22,4,3255,440,0,36,2,2,1
17,1,14,5,4720,13,2,25,2,1,0
65,1,19,1,800,22,0,55,2,1,0
35,1,16,1,5860,26,1,30,2,1,0
57,1,22,1,3930,109,0,80,1,2,1
56,1,16,1,4220,24,0,40,1,2,0
20,1,19,5,4110,6,11,20,2,7,0
35,1,21,1,4700,72,0,40,1,9,0
52,6,21,3,4621,36,13,50,1,1,0
37,1,11,1,4030,303,1,30,2,8,0
40,3,1,1,4230,207,0,24,2,6,0
24,4,21,5,230,15,17,40,1,8,0
40,3,21,5,5120,36,0,40,2,1,0
37,1,21,5,1305,26,13,40,1,1,0
36,3,21,5,2310,38,0,40,2,1,1
30,4,16,5,3802,12,2,48,2,2,0
62,6,19,1,4920,116,1,45,1,1,0
18,4,19,5,2002,6,17,20,1,1,0
57,5,24,1,1320,39,0,50,1,1,1
20,1,20,5,4720,6,2,15,2,6,0
63,1,23,3,4720,36,0,40,1,1,0
27,5,20,1,2145,6,0,64,1,1,0
25,1,16,1,9130,27,0,60,1,1,1
64,2,20,1,3602,26,0,40,1,1,0
39,1,9,1,9620,303,0,45,1,1,0
49,1,19,1,1460,26,1,40,1,1,1
45,1,22,3,310,21,0,60,2,1,1
51,1,22,1,2310,16,0,50,2,1,1
60,6,18,1,220,36,2,30,1,1,0
30,3,22,1,2310,42,1,60,2,1,1
51,1,23,1,2100,6,0,40,1,1,1
46,1,15,1,6710,303,0,40,1,1,0
22,1,19,5,2360,48,2,25,2,1,0
56,4,16,1,3802,39,0,40,1,1,0
57,1,21,1,600,19,1,40,1,1,0
37,1,16,1,9130,48,2,40,1,1,1
60,1,16,1,5610,26,1,40,2,1,0
56,1,21,2,2205,36,0,30,2,1,1
45,1,21,5,4850,27,0,50,1,1,1
56,1,21,1,4700,23,0,60,1,1,1
18,1,16,5,3649,41,4,40,2,1,0
35,1,15,5,8990,6,10,40,2,1,0
58,1,19,1,6230,36,1,40,1,1,0
38,3,21,1,4020,373,1,8,2,9,0
46,1,12,1,4220,72,1,36,1,1,0
61,3,22,1,2310,36,0,36,2,1,1
29,5,18,5,9620,28,10,40,1,2,0
47,3,21,1,2310,327,1,40,1,8,0
44,6,21,1,2634,6,9,50,1,1,1
27,1,19,1,4160,233,1,40,2,6,0
61,6,20,1,2360,29,0,15,2,1,0
27,2,23,5,3030,39,0,37,2,1,1
25,5,16,1,3870,37,0,40,1,2,0
49,1,24,1,1720,301,1,40,1,1,1
40,1,21,5,8990,42,0,45,1,1,0
48,1,21,3,4820,17,0,40,2,1,1
24,1,16,5,4020,26,4,20,2,2,0
66,7,20,3,7720,42,0,2,1,1,0
46,1,16,1,440,48,9,40,2,1,0
66,1,20,1,3255,21,0,50,2,2,1
19,1,18,5,4760,6,2,25,1,9,0
50,2,19,1,4640,332,0,40,2,2,0
50,1,16,2,6260,50,0,65,1,1,1
25,1,16,5,4220,72,2,20,1,1,0
39,1,20,1,150,110,0,43,2,1,1
31,1,19,5,2640,36,0,50,1,1,0
66,1,20,2,4030,6,0,12,2,1,0
41,4,23,1,2360,6,1,40,2,8,1
23,1,21,5,2825,44,12,40,2,1,0
34,1,16,5,630,34,13,40,2,1,1
38,2,19,1,230,5,0,40,2,2,0
20,1,19,5,8225,39,17,50,1,1,0
22,2,19,5,4720,36,15,10,1,1,0
32,5,22,1,1910,4,0,40,1,1,0
47,1,21,3,9130,45,2,40,1,1,0
24,3,18,5,6730,29,2,40,1,1,0
55,1,21,1,9030,233,0,20,1,6,1
54,1,21,1,6200,41,1,50,1,1,1
25,1,16,5,8800,17,2,40,1,1,0
43,2,22,1,2310,51,0,40,2,1,0
33,1,16,3,9130,35,0,70,2,1,0
52,2,16,1,4220,17,1,49,2,1,0
19,1,15,5,9620,17,2,30,1,1,0
60,1,16,2,5240,25,0,45,1,1,1
30,1,21,5,2640,329,0,30,2,8,0
42,1,20,1,3601,18,0,30,2,1,0
63,6,21,1,10,12,0,32,1,1,1
56,1,16,1,2360,39,0,40,1,9,1
46,1,19,1,440,13,1,45,1,1,1
53,4,24,1,2100,17,1,40,1,1,1
65,1,23,5,2310,26,0,25,2,9,0
47,1,17,1,4120,31,1,40,2,1,0
59,1,14,1,4760,34,1,38,2,1,0
61,6,19,1,6050,37,0,38,1,1,1
40,1,20,2,8740,24,0,40,1,1,1
53,5,18,5,3640,12,0,40,2,2,0
22,1,20,5,5400,24,2,20,2,2,0
23,1,14,1,9620,303,0,40,1,1,0
17,1,14,5,3960,26,2,20,2,1,0
46,4,22,1,230,311,1,50,1,1,1
37,1,22,1,2310,36,1,40,1,1,0
39,1,21,1,3160,31,1,32,2,1,1
60,1,16,5,4230,6,2,40,2,1,0
33,1,21,1,5165,12,0,40,2,1,0
21,1,21,5,2300,48,12,40,2,2,0
27,1,18,5,1050,39,2,42,2,1,0
56,1,19,1,4700,36,0,48,2,6,0
55,1,19,1,6305,327,0,40,1,1,0
26,6,16,5,6115,72,7,14,1,1,0
22,1,19,5,9620,5,7,20,1,9,0
35,1,19,5,4840,36,13,20,2,1,0
36,1,23,1,3090,36,0,80,2,6,1
20,1,18,5,4600,29,17,6,2,1,0
58,1,12,1,9640,207,8,20,2,6,0
69,7,24,1,230,39,1,32,2,1,1
27,1,19,5,2170,22,0,28,1,1,0
29,1,19,5,8140,48,0,40,1,1,0
20,1,16,5,4720,6,2,30,1,1,0
62,4,9,1,1555,303,0,40,2,3,0
24,1,16,5,4230,36,4,30,2,1,0
62,3,14,1,4230,72,1,35,2,8,0
40,1,24,1,960,249,1,40,2,6,1
51,1,16,1,9130,18,0,40,1,1,0
63,6,17,1,6355,29,0,32,1,1,0
44,1,16,1,5740,6,0,40,2,1,1
35,1,16,1,6355,53,1,50,1,1,0
29,1,19,5,5120,20,0,40,2,1,0
47,3,22,1,2320,12,1,60,1,1,1
32,2,24,5,2040,364,17,40,1,8,0
23,1,16,5,6230,40,2,40,1,1,0
51,1,21,5,705,42,0,42,1,1,1
54,2,20,1,3255,36,0,40,2,1,1
44,1,21,5,8990,72,13,60,2,1,0
56,7,15,1,6200,6,1,40,1,1,1
33,1,21,1,4010,54,0,45,1,1,0
47,2,19,5,6410,312,10,40,1,8,0
44,1,16,1,440,327,0,40,1,1,1
63,2,19,1,8630,34,1,40,1,1,0
24,1,16,5,3649,6,2,30,1,1,0
26,8,21,5,140,36,2,35,2,1,0
44,3,18,1,4220,36,0,40,1,1,0
54,1,19,3,10,53,0,55,1,1,1
52,2,21,1,2040,28,0,40,1,1,0
61,3,17,1,4220,21,1,40,1,1,0
34,1,19,5,1065,13,0,40,1,9,1
43,1,19,1,9510,18,1,48,1,1,1
20,1,15,5,9645,36,2,3,1,1,0
24,1,19,5,520,12,13,40,2,1,0
24,1,21,5,4720,6,13,40,2,8,0
72,2,22,1,2060,4,0,4,2,1,0
17,1,14,5,4110,32,2,25,1,1,0
39,6,18,2,4600,39,0,55,2,1,0
59,1,17,5,8710,18,0,48,1,1,0
53,1,21,3,440,26,0,55,1,1,1
19,1,19,5,2360,42,17,5,2,2,0
80,4,24,1,2205,31,0,50,1,1,1
39,6,21,5,2861,53,2,8,1,1,0
51,2,16,5,9600,36,4,40,1,1,1
58,2,22,1,2310,17,1,15,2,1,1
51,4,16,1,3602,48,1,32,2,1,0
69,4,21,2,565,26,0,60,1,1,1
54,1,17,5,9130,37,5,55,1,2,0
29,5,14,3,7000,32,0,40,1,1,0
69,1,21,1,6230,39,0,40,1,1,1
28,1,16,1,4350,53,2,40,2,1,0
48,1,21,1,5600,36,0,46,2,1,1
18,1,16,5,4720,48,2,20,1,1,0
17,1,14,5,4720,39,3,24,2,1,0
23,2,19,5,3602,38,0,30,2,1,0
51,1,14,1,4020,18,0,36,2,1,0
55,3,22,1,2310,21,0,40,2,1,0
28,1,16,3,9130,17,0,55,1,1,1
21,2,16,5,150,2,12,40,2,1,0
31,1,18,1,7200,20,1,65,1,1,0
31,4,16,5,5860,34,2,35,2,1,0
72,1,19,1,4940,19,1,4,2,1,0
55,1,19,3,300,32,0,45,2,1,0
41,2,21,1,3255,39,0,45,2,1,1
49,2,21,1,3930,235,1,50,1,1,0
41,1,21,3,136,53,0,43,2,1,0
33,7,16,5,3930,48,10,30,1,8,0
34,6,21,5,520,1,0,40,1,9,1
42,1,20,5,4700,26,0,40,1,1,0
23,1,16,1,4760,66,1,12,2,6,0
40,2,21,1,3255,25,1,36,2,1,1
28,1,20,3,4760,1,0,24,2,2,0
31,4,21,1,5940,48,0,40,2,1,0
33,1,16,1,6530,449,1,55,1,1,1
70,3,16,1,6442,20,0,50,1,1,0
39,1,16,1,8130,39,0,50,1,1,0
36,1,18,5,6230,6,2,40,1,1,0
51,3,19,3,5740,23,0,50,2,1,0
63,6,18,2,4521,163,0,20,2,1,0
47,1,21,1,1050,207,1,40,1,6,1
60,1,20,1,5165,27,0,55,2,1,0
53,1,21,1,1021,49,0,41,1,1,1
46,1,21,1,1010,25,1,40,2,6,1
80,1,16,1,800,29,1,24,2,1,0
32,2,22,1,2320,21,0,40,2,1,0
27,1,21,4,4110,48,0,28,1,1,0
35,1,22,1,710,18,1,50,1,1,1
52,7,21,1,4621,1,0,30,2,1,0
38,5,18,1,6010,35,0,44,1,1,1
29,7,21,5,2600,72,13,40,2,1,0
55,3,16,5,6305,25,0,50,1,1,1
44,3,22,1,230,217,0,40,1,1,1
45,1,21,1,9645,213,0,25,1,1,1
51,7,21,1,440,247,0,20,1,6,1
58,6,19,1,3602,42,1,99,2,1,0
21,1,20,5,3602,27,12,15,2,1,0
26,1,21,1,4760,210,1,35,2,6,0
32,1,16,1,4700,27,0,42,1,1,0
57,1,17,3,7010,19,2,40,1,1,0
21,1,19,5,5240,6,2,10,1,6,0
33,2,22,1,2310,55,2,40,2,1,0
27,1,22,5,120,17,0,90,1,1,1
64,2,19,1,350,18,1,60,2,1,1
26,1,21,5,6305,233,0,46,1,6,1
62,6,21,1,4760,126,0,50,1,1,0
58,3,22,5,2310,12,0,40,2,1,1
22,2,21,5,8320,25,2,40,2,6,0
36,2,23,3,2205,12,12,60,2,1,0
34,2,23,1,3160,48,1,30,2,1,1
63,2,20,1,3255,13,0,40,2,1,0
83,1,19,2,3500,233,0,20,2,6,0
44,1,17,5,410,12,13,40,1,1,1
34,1,11,1,6305,303,0,40,1,8,1
39,1,21,1,5740,12,0,42,2,1,0
67,3,10,1,3720,16,0,10,1,1,1
46,1,15,1,7200,45,1,45,1,1,0
51,4,22,1,2002,6,0,40,2,1,1
49,3,21,1,3710,17,0,50,1,1,1
46,1,21,1,705,42,1,40,1,1,1
21,1,16,5,9620,39,15,40,1,1,0
69,3,23,3,2310,48,0,40,1,2,1
46,5,22,5,3602,6,0,40,2,1,0
49,6,1,5,4760,364,0,40,2,2,0
24,1,14,5,6050,303,10,60,1,8,0
32,3,21,1,2310,42,1,50,2,1,1
52,1,16,1,7210,27,1,50,1,1,1
29,4,24,5,2002,36,13,45,2,1,0
34,1,21,1,800,45,1,40,2,1,1
46,1,15,1,9121,36,0,25,2,8,0
35,1,16,1,3640,11,0,38,2,1,0
21,1,16,5,6200,29,0,60,1,1,0
28,1,21,3,850,42,2,40,2,1,0
39,2,21,1,2300,39,1,40,2,1,0
36,1,21,1,120,6,1,40,1,1,1
22,1,21,5,3960,29,2,25,2,1,0
43,6,16,5,9130,327,0,70,1,8,1
68,7,21,1,10,6,0,20,1,1,1
62,2,21,5,4720,54,0,7,2,1,1
64,1,16,1,7150,17,1,20,1,1,0
51,1,19,1,8300,365,0,45,2,9,0
62,1,20,1,4850,27,1,40,2,1,1
81,7,23,1,2100,22,1,25,1,1,0
36,1,20,1,5160,42,0,38,2,9,0
53,1,18,1,2545,36,1,35,2,1,0
42,1,16,1,9130,6,0,60,1,3,0
39,4,16,1,5000,36,1,40,1,1,1
48,1,21,1,4850,25,0,50,2,1,0
51,1,20,3,6260,41,0,10,1,1,0
18,1,15,5,4340,53,2,14,2,1,0
51,1,16,2,4220,36,0,20,2,1,0
47,1,21,1,4720,25,1,45,2,1,1
49,1,16,3,520,6,0,40,1,1,0
32,1,21,1,8740,12,0,55,1,1,1
33,5,21,1,150,26,0,40,1,2,1
37,1,16,1,7000,51,0,40,1,1,1
31,1,17,5,4000,56,0,40,1,1,0
50,2,16,1,5740,36,1,40,2,1,0
52,1,1,1,1320,247,9,45,1,6,1
41,1,21,1,4720,229,1,40,1,6,0
45,2,23,1,3090,6,0,45,1,9,1
62,1,19,1,6442,39,0,52,1,1,1
78,1,16,1,4220,55,1,20,1,1,0
26,1,12,5,7810,22,16,42,1,1,0
21,1,13,5,8810,1,16,40,1,2,0
49,1,21,1,4710,20,0,50,1,1,1
53,1,20,1,5400,25,0,40,2,1,0
65,1,21,1,4020,48,0,35,2,6,0
27,3,16,1,3870,53,0,40,1,9,1
48,1,13,5,7200,53,13,40,1,1,0
26,1,18,5,4350,34,2,40,1,1,0
52,1,16,1,8850,34,1,40,2,2,0
51,1,19,5,120,47,0,40,1,1,1
18,1,16,5,4150,301,2,22,1,9,0
48,1,18,1,650,6,1,40,1,1,1
50,3,21,1,3255,48,1,36,2,1,1
46,2,22,5,3255,25,0,45,2,1,1
24,2,21,5,3255,16,12,38,2,1,1
55,1,16,1,9130,1,0,58,1,1,1
19,1,17,5,8990,17,2,40,1,2,0
18,1,14,5,4720,25,2,12,2,1,0
39,3,21,1,2310,48,0,45,2,1,1
38,1,21,3,51,40,0,50,2,1,1
28,1,21,5,5120,12,2,40,2,8,0
20,2,19,5,5860,54,2,12,1,1,0
27,1,16,5,9645,48,7,40,1,2,0
69,6,21,2,51,27,0,40,1,3,1
54,4,19,1,4720,8,1,40,2,1,0
35,1,13,5,8300,17,2,35,2,1,0
63,6,21,1,710,36,0,12,1,1,1
59,1,16,1,220,23,0,50,2,1,1
41,6,16,1,205,19,0,60,1,1,1
23,2,21,5,5400,6,13,16,2,1,0
25,1,16,5,9130,17,0,70,1,1,0
42,4,20,1,3820,36,0,40,1,1,1
45,1,16,4,4810,53,0,60,2,9,1
29,1,19,4,4840,39,0,40,2,1,0
58,1,16,1,440,41,1,52,1,1,1
44,4,20,1,1551,1,1,40,1,1,0
59,1,11,1,6050,303,6,60,1,1,0
30,1,20,1,3255,18,0,24,2,1,1
47,7,20,1,710,49,0,40,1,1,1
76,4,24,1,2205,36,0,60,1,1,1
47,1,21,1,4850,26,1,50,1,1,1
39,1,16,1,1555,39,0,48,2,2,0
61,1,21,1,3160,25,0,25,2,1,1
23,6,20,5,725,53,7,45,1,9,0
47,1,18,1,7330,1,0,50,1,1,1
57,1,21,1,1021,36,0,52,1,1,1
45,4,20,1,310,21,0,40,2,1,0
55,6,16,3,7210,6,0,30,1,1,0
24,5,19,1,7340,6,0,45,2,1,0
28,1,19,5,4760,217,12,40,1,6,0
25,1,22,1,3245,6,1,40,2,1,0
48,4,21,1,2310,40,1,40,2,1,0
55,3,22,1,2320,28,0,40,2,1,1
24,1,19,5,4010,24,0,40,2,2,0
59,4,21,1,800,45,1,37,2,2,1
26,1,19,5,4055,4,0,30,2,1,0
53,1,16,1,4220,51,1,40,2,2,0
60,1,16,1,4700,34,0,50,1,1,1
31,1,22,1,850,48,0,45,1,1,1
32,4,16,3,3740,17,0,40,1,1,0
42,1,6,1,6260,303,0,40,1,1,0
47,2,19,3,440,48,0,50,2,1,0
46,6,16,3,310,303,0,50,1,1,1
50,6,21,3,4350,17,0,15,1,1,0
69,2,18,3,5600,42,0,24,2,1,0
57,4,21,1,300,45,0,45,1,1,1
37,3,21,5,2011,8,2,40,1,1,0
58,7,21,1,10,45,0,40,1,1,0
42,2,21,1,60,40,1,40,1,1,1
22,5,19,5,9825,37,17,75,1,1,0
60,1,16,1,9130,247,1,40,1,6,0
48,1,22,1,1640,47,1,50,1,1,1
58,1,18,1,5140,37,0,40,2,1,0
28,1,16,5,6442,26,0,40,1,1,0
73,1,20,1,3255,233,0,40,2,6,1
32,1,9,1,6050,303,0,37,2,9,0
65,1,19,1,1520,48,1,50,1,1,1
57,5,1,1,710,247,0,40,1,6,1
19,1,19,5,2360,31,17,5,1,1,0
48,5,22,1,710,36,0,40,1,1,1
49,1,16,1,8025,47,1,58,1,1,0
63,1,21,5,2545,39,0,40,1,1,0
35,1,18,5,7750,26,2,55,1,1,1
47,1,16,1,5240,51,1,40,2,1,1
18,1,16,1,8225,17,0,40,1,1,0
44,3,20,1,2320,45,0,20,1,1,0
59,6,19,2,220,19,0,40,1,1,1
45,1,20,1,1065,48,1,40,2,1,1
42,7,15,1,10,314,0,60,1,1,1
30,2,20,5,5240,8,2,20,1,1,0
19,1,16,5,5400,6,2,40,2,1,0
68,1,16,1,3930,17,1,40,1,1,0
61,1,20,1,5740,36,1,35,2,1,0
29,1,24,5,230,22,0,40,1,1,0
67,1,16,1,9130,31,0,10,2,1,0
29,3,16,5,9600,17,13,40,1,2,0
20,3,18,5,3740,37,2,40,1,1,0
40,1,21,1,4710,53,0,52,1,1,1
65,4,21,1,3255,26,1,40,2,1,0
73,7,19,1,4850,34,0,50,1,1,1
33,1,18,3,4720,23,16,30,2,1,0
59,1,21,1,3601,42,0,25,2,1,0
31,1,23,1,3090,36,1,50,2,2,1
28,1,18,5,4110,120,0,60,2,1,0
47,1,16,5,5860,42,0,40,1,1,0
41,6,19,1,4521,247,1,20,2,6,0
52,2,21,1,350,27,1,50,2,1,1
42,1,19,1,2830,48,0,40,2,1,1
58,1,16,1,7750,26,0,40,1,1,0
66,2,21,1,4120,15,1,40,2,1,1
39,6,16,3,205,29,0,60,1,1,0
49,1,21,1,3520,39,1,40,1,1,0
58,1,16,1,4251,362,0,40,1,1,0
36,1,21,1,2825,28,0,50,2,1,0
49,6,19,1,3630,48,1,25,2,1,0
35,2,18,1,2545,49,0,24,2,1,0
47,1,21,3,800,9,0,40,2,2,1
43,1,15,1,6720,36,1,40,1,1,1
55,1,21,1,1450,36,0,45,1,1,0
31,2,22,1,420,6,0,40,1,1,1
32,1,16,5,9720,42,0,55,1,2,1
42,1,9,3,6005,110,2,40,1,1,1
20,1,19,5,4760,6,2,25,1,9,0
59,6,15,1,6330,36,1,20,1,1,0
21,1,16,5,4850,36,12,40,1,1,0
54,6,19,5,6260,17,0,35,1,1,0
48,6,20,1,4920,239,0,20,2,1,0
38,5,22,1,2310,233,0,10,2,6,0
41,1,18,5,3323,17,0,20,2,1,0
68,3,22,1,2310,27,0,8,2,1,1
29,1,21,5,540,44,0,40,1,1,0
59,1,16,5,5400,9,0,40,2,1,0
24,5,18,5,9130,48,12,30,1,1,0
47,1,22,2,1005,6,13,40,1,1,0
48,3,20,1,5740,416,1,35,2,2,0
36,2,22,1,2310,36,1,40,2,1,1
20,1,19,5,4110,36,0,25,2,1,0
64,1,16,1,1460,34,0,44,1,1,1
28,1,12,5,4720,17,16,40,2,2,0
56,1,22,1,440,26,1,40,1,1,1
36,1,20,1,3310,49,1,50,2,1,1
18,1,16,5,4020,48,2,40,1,1,0
32,1,19,1,4020,36,1,20,2,1,0
19,1,16,5,7340,18,2,20,1,1,0
30,1,13,1,8740,8,1,40,1,1,0
52,1,21,1,9130,24,1,40,1,2,0
66,1,19,1,9645,44,0,15,1,1,1
61,2,24,1,2205,110,0,25,1,1,1
49,1,21,1,136,48,1,40,2,1,1
48,6,21,3,5860,39,0,30,2,1,1
41,1,16,1,4760,8,0,40,2,9,0
17,1,13,5,5240,39,2,10,1,1,0
23,1,16,5,4720,17,2,25,2,1,0
41,1,21,1,800,233,1,50,2,6,1
56,1,20,3,3255,48,0,32,2,1,1
30,7,21,1,440,39,0,50,1,1,1
61,1,16,1,7000,36,1,56,1,1,1
42,1,16,3,6230,25,17,48,1,1,0
27,1,18,5,6442,34,2,40,1,1,1
64,7,21,1,4850,28,0,50,1,1,1
38,3,22,1,2310,42,0,40,2,1,0
52,1,21,3,9130,17,0,40,1,1,0
48,1,16,3,7800,206,15,40,1,6,0
58,6,21,1,2640,1,0,45,2,1,1
50,1,19,1,4850,110,1,40,1,1,0
94,1,17,2,7800,27,0,30,2,1,0
56,3,16,3,3802,12,0,40,1,1,0
36,6,19,1,2600,49,0,40,1,1,0
57,5,18,1,750,34,0,40,2,1,1
60,1,22,1,4622,18,0,30,2,1,0
27,1,21,5,4850,9,12,35,2,1,0
49,1,21,1,1021,207,1,45,2,6,0
53,5,21,3,1050,6,0,50,1,1,1
72,1,23,1,530,51,0,20,1,1,1
44,4,16,5,3603,48,2,40,2,2,0
55,1,20,1,705,12,1,40,1,1,1
53,1,16,1,3655,39,0,35,2,2,0
44,1,16,1,9620,38,1,40,1,1,0
65,1,18,1,9620,210,6,40,1,6,0
24,1,16,1,8140,20,0,45,1,1,0
63,1,16,1,9300,30,0,45,1,1,1
36,1,22,1,52,6,0,45,1,9,1
28,1,20,1,5410,47,0,45,1,1,0
45,2,21,5,51,10,0,35,2,1,1
28,2,21,1,3255,233,2,36,2,6,1
59,1,22,1,9130,39,1,40,1,1,0
44,1,14,4,5850,37,0,40,1,1,0
56,1,16,1,9130,12,0,40,1,1,0
49,1,20,3,5240,25,0,40,2,1,0
40,6,21,1,6230,34,0,20,2,1,0
49,1,12,1,4120,312,1,40,2,1,0
39,1,23,1,2100,34,0,50,1,2,1
53,7,20,1,4700,29,1,40,2,1,0
59,1,20,1,5740,6,0,40,2,1,1
39,2,16,1,4251,13,0,40,1,1,0
62,6,19,5,5740,42,0,55,1,1,1
65,1,16,1,4500,39,0,15,2,1,0
40,1,17,3,4020,4,0,30,2,1,0
27,1,19,1,4700,17,0,50,1,1,1
41,1,21,1,1021,210,1,32,2,6,1
66,1,21,1,1021,24,0,40,1,1,1
50,4,17,5,4600,11,0,35,2,2,0
47,1,21,1,3255,36,0,40,2,1,1
41,1,24,5,845,240,13,40,1,6,1
64,4,20,1,3515,21,15,40,2,1,1
36,1,21,5,2012,49,2,40,1,1,0
60,1,21,4,4700,42,0,39,2,1,0
51,1,9,5,4020,303,0,40,2,8,0
53,6,21,1,220,72,1,40,1,1,1
24,1,16,1,4510,29,0,40,2,1,0
54,4,21,3,440,34,0,40,2,1,1
47,1,18,1,440,39,0,50,1,1,1
28,1,21,5,3255,6,2,40,2,1,1
63,1,14,1,8530,42,1,40,1,1,0
49,2,21,3,3640,17,2,40,2,1,1
30,1,15,5,4220,36,0,40,2,1,0
30,1,1,5,6050,303,0,40,1,8,0
55,1,20,1,4700,12,1,50,2,1,0
51,1,20,1,3255,34,1,36,2,1,1
35,1,17,5,1460,13,0,40,1,1,0
52,3,19,1,440,23,0,40,1,1,1
59,1,19,1,8140,19,0,50,1,1,0
19,1,14,1,4760,12,9,32,2,1,0
56,3,22,1,2310,44,0,60,2,1,0
45,1,15,1,8140,303,0,50,1,1,0
56,6,16,1,4700,17,0,40,2,1,0
47,1,12,1,4510,408,0,26,2,2,0
18,1,14,5,4220,6,16,25,1,1,0
22,6,19,5,3500,6,10,30,2,1,0
60,1,21,1,1720,72,0,40,1,1,1
39,1,21,1,440,210,0,40,1,6,1
52,1,18,1,7855,17,1,40,2,1,0
55,2,21,1,10,48,1,50,1,1,1
61,1,21,3,4850,36,0,55,1,1,1
40,1,23,1,3250,26,0,40,2,1,1
45,5,20,1,9830,42,0,45,1,1,0
22,1,15,5,4230,32,2,35,2,9,0
19,1,14,5,4720,13,2,31,2,1,0
69,1,18,2,5740,13,0,40,2,1,0
52,3,16,1,7700,13,0,40,1,1,1
66,6,19,2,4510,37,0,30,2,1,0
21,1,19,5,4110,6,2,25,1,1,0
41,1,20,1,530,26,0,35,2,1,0
46,1,20,1,3255,40,4,30,2,3,0
59,1,16,1,4700,27,1,40,1,1,1
27,1,13,1,6040,13,16,50,1,9,0
42,1,16,1,3725,72,0,40,1,1,0
23,1,21,5,9645,6,2,25,2,8,0
29,3,24,1,2105,26,2,40,1,1,0
57,1,22,3,1360,119,13,40,1,1,1
48,1,16,1,4700,24,1,40,2,1,0
26,1,16,5,6050,53,2,45,2,1,0
90,4,24,1,2205,36,0,16,1,1,1
50,4,24,1,2205,217,0,40,1,6,1
57,1,16,1,7750,21,0,40,1,2,0
52,5,21,5,1220,11,0,40,2,2,1
36,6,21,1,4920,72,0,40,2,1,0
73,1,21,1,4720,233,6,80,2,6,0
69,1,16,1,8610,8,0,40,1,1,1
25,1,19,5,4040,1,13,38,2,1,0
60,1,22,1,9620,210,1,40,2,6,0
28,1,21,5,2002,6,2,40,1,7,0
42,1,21,1,8740,25,1,45,1,1,1
38,1,18,1,7700,1,0,44,1,1,1
54,4,16,1,540,214,0,60,1,1,1
17,1,14,5,4110,17,2,25,1,1,0
45,1,16,1,9130,312,0,50,1,1,0
20,2,19,5,4720,22,0,35,2,2,0
54,2,20,1,4230,233,1,35,2,6,0
56,6,16,1,4965,110,1,5,2,1,0
48,1,19,1,4230,312,0,40,2,5,0
49,4,22,1,1610,13,1,45,1,1,0
40,6,24,1,2003,240,0,25,2,6,0
51,1,21,3,1360,29,0,45,1,1,1
49,1,20,5,5610,36,0,42,1,1,1
21,1,19,5,4720,36,2,20,2,2,0
61,3,22,1,2310,120,1,38,2,1,1
38,1,20,1,10,12,0,40,2,1,1
29,1,18,5,7150,36,13,40,1,1,0
48,1,19,1,7330,47,0,50,1,1,1
67,3,18,1,9150,34,0,25,1,1,0
24,2,21,5,800,53,0,40,1,1,0
31,1,16,1,4760,6,1,12,2,1,0
35,4,22,1,2545,36,1,38,2,1,0
54,1,21,3,3605,20,2,40,2,1,0
52,1,22,1,4850,12,1,45,2,1,1
48,1,19,3,4220,12,0,40,2,1,0
51,1,16,5,9122,26,0,40,2,2,1
19,1,19,5,4150,6,4,20,2,1,0
58,2,19,1,350,25,0,50,2,1,1
60,4,24,3,800,35,0,45,1,1,1
43,2,20,1,3255,55,1,40,2,1,0
43,1,21,1,10,34,0,50,1,1,1
25,2,21,5,4800,36,2,40,2,1,0
64,1,16,3,9130,27,0,60,1,1,0
41,6,20,5,4655,36,0,10,1,1,1
47,1,16,1,9130,332,0,40,1,2,0
46,4,12,5,4220,72,0,40,1,2,0
58,7,23,1,2100,48,0,40,1,1,1
27,1,21,5,2850,42,2,40,2,1,0
56,7,21,1,10,233,0,50,1,6,1
25,1,16,5,4110,6,12,30,1,1,0
27,1,21,5,4435,6,2,32,2,2,0
35,1,21,5,6260,35,2,35,1,3,0
43,1,19,1,7330,12,0,50,1,1,1
40,1,14,1,8225,47,1,40,1,1,0
49,1,19,1,705,53,0,60,1,1,1
32,1,18,1,8030,55,0,40,1,1,1
66,5,18,1,5120,6,1,40,2,1,0
48,5,22,1,800,26,0,40,1,1,1
38,1,16,4,4850,120,0,80,1,1,1
57,1,19,3,110,51,0,40,1,1,1
55,1,22,3,5720,42,0,28,2,1,0
27,5,19,1,9830,6,0,40,2,1,0
19,1,17,5,7200,301,2,40,1,1,0
31,1,2,1,4020,13,1,50,2,1,0
50,3,16,1,5860,223,0,40,2,6,0
23,1,19,5,4760,364,2,36,1,1,0
49,1,22,1,750,28,0,40,1,2,0
59,5,20,1,7210,15,2,40,1,6,1
56,1,17,1,20,6,0,40,1,1,1
74,7,23,1,410,128,0,9,2,1,0
32,1,16,1,9130,49,9,40,1,1,0
24,1,21,5,4020,233,5,40,1,6,0
29,1,19,1,7800,39,0,26,2,1,0
40,1,21,1,7700,40,1,55,1,9,0
49,3,16,3,5740,1,12,40,2,1,0
38,1,21,1,340,231,0,45,1,6,1
62,5,18,2,6005,16,0,40,2,1,0
25,1,21,5,2722,25,12,40,1,1,1
40,1,16,5,4760,36,0,40,1,1,0
34,2,22,1,230,36,1,20,2,1,0
18,1,18,5,4760,12,2,30,1,1,0
34,1,15,1,4700,303,0,40,1,1,0
34,1,22,1,1021,210,1,30,2,6,0
45,3,14,5,4020,36,0,35,2,2,0
23,1,19,5,4110,13,0,35,2,1,0
64,2,23,1,3602,100,8,45,2,1,0
34,5,21,1,5550,210,0,40,2,6,0
62,1,21,1,1320,20,0,40,1,1,1
53,1,19,1,3930,6,1,48,2,1,0
19,1,18,5,9610,30,17,45,1,1,0
35,1,20,1,3255,44,0,40,2,1,0
62,7,9,1,205,48,0,60,2,1,1
30,1,4,1,6260,303,1,70,1,1,1
24,1,20,5,5240,6,12,35,1,1,0
66,3,16,1,2545,5,1,10,2,1,0
44,1,16,1,9130,416,0,57,1,2,0
19,1,16,5,4020,47,2,20,1,1,0
24,1,16,1,4720,36,10,15,2,1,0
69,1,21,1,440,36,0,24,1,1,1
47,6,16,1,4521,233,0,8,2,6,1
58,2,17,1,4010,17,1,24,2,1,0
50,1,18,3,9141,17,0,40,2,1,0
52,2,21,1,800,1,1,30,1,2,0
48,1,16,1,9645,36,0,40,1,1,0
26,1,16,5,3640,36,0,40,1,1,0
56,6,23,1,2100,48,1,60,1,1,0
38,4,22,1,3258,37,1,45,2,1,1
49,4,21,1,2310,28,0,40,2,1,1
68,1,23,3,800,47,0,55,1,1,1
25,1,21,5,4920,6,2,40,1,1,0
76,4,24,1,2205,27,0,50,1,1,1
36,2,23,1,2300,36,0,50,2,1,0
65,1,18,3,6260,55,0,50,1,1,0
42,4,21,1,5740,110,1,20,2,1,0
38,1,21,5,2850,47,0,40,1,1,0
47,1,19,1,3500,78,0,40,2,2,0
43,1,20,1,700,42,0,20,2,1,0
65,3,23,5,5100,42,0,15,2,1,1
49,7,20,1,4700,47,1,40,1,1,0
38,4,7,1,2100,37,1,40,2,8,1
32,1,17,1,4010,36,1,38,1,1,0
21,1,16,5,3603,12,0,40,2,1,0
44,6,21,1,4350,34,1,24,2,1,0
25,1,21,5,4700,19,0,45,2,1,0
21,1,1,5,9620,48,13,40,1,1,0
22,1,19,5,4622,137,0,13,1,1,0
30,3,22,1,2310,17,0,16,2,1,0
33,1,22,1,1031,210,1,40,2,6,1
19,6,11,1,6260,29,9,40,1,1,0
17,1,14,5,4110,29,7,25,1,1,0
20,2,19,5,630,23,12,40,2,1,0
33,1,16,1,1031,9,0,45,1,1,1
25,6,16,3,750,41,0,55,1,1,0
47,2,22,1,3150,42,1,50,2,2,1
49,7,16,1,4710,224,1,60,1,1,1
22,2,19,5,4350,24,0,30,2,1,0
61,1,10,1,4740,207,0,30,1,6,0
39,3,21,1,4600,16,0,20,2,1,0
42,2,22,1,2310,6,1,40,2,1,0
58,5,20,1,5550,362,0,40,2,1,1
17,1,13,1,5240,303,0,20,1,1,0
70,1,16,2,4760,19,0,20,2,1,0
19,1,16,5,6441,53,2,50,1,1,0
60,2,19,3,7200,40,0,40,1,1,0
54,7,24,1,710,6,0,36,1,1,1
35,1,21,1,1545,48,0,50,1,1,1
34,2,21,1,1650,48,0,40,1,1,0
43,1,21,1,3255,129,0,40,2,1,1
63,6,19,3,5240,39,0,5,2,1,0
51,7,21,1,230,12,1,60,2,1,1
60,5,16,1,3421,53,1,40,1,1,0
57,5,22,1,5740,40,0,40,1,1,1
54,4,22,1,2205,39,0,50,1,1,1
59,1,16,1,6200,24,1,40,1,1,1
19,1,19,5,4720,12,2,20,2,1,0
32,1,16,1,7200,315,1,40,1,1,0
56,1,19,1,410,36,1,40,1,1,1
44,1,16,5,4220,364,0,65,1,1,0
17,1,14,5,4720,48,7,15,2,1,0
30,5,22,1,1760,362,0,50,2,1,0
47,1,19,1,1106,36,1,40,1,1,1
54,1,21,4,4850,37,0,40,1,1,1
28,1,21,5,630,55,12,40,2,1,0
40,6,20,5,4251,17,0,70,2,1,0
19,1,16,5,5610,6,2,40,1,8,0
37,1,16,1,4510,6,1,25,2,1,0
40,1,16,1,3603,25,2,32,2,1,0
69,2,23,1,2040,45,0,35,1,1,0
67,4,22,1,2310,6,1,40,1,1,1
87,7,24,2,440,26,0,15,1,1,1
57,1,18,1,7750,20,0,40,2,1,0
75,8,20,3,2600,44,0,8,2,1,0
62,3,24,1,440,31,0,40,1,1,1
79,6,23,1,3010,5,0,35,1,1,1
25,1,12,5,7720,42,2,40,2,1,0
27,1,16,1,9645,27,1,40,1,1,0
48,1,19,1,9005,34,1,60,1,1,1
18,1,16,5,2360,17,17,25,1,1,0
31,1,22,5,3258,12,0,50,2,1,1
45,1,16,1,4020,207,1,56,2,6,0
63,1,19,1,3930,13,1,30,1,2,0
42,1,21,5,4020,327,0,40,1,8,0
19,4,19,5,3960,36,2,38,1,1,0
27,4,19,5,3802,48,0,40,1,2,0
60,7,24,1,5110,36,0,50,1,6,1
69,3,16,1,9121,37,0,40,1,2,1
46,1,16,1,6050,303,1,45,1,1,0
72,6,22,3,850,17,0,44,1,1,1
34,1,16,5,4230,303,12,40,2,8,0
18,1,14,5,4030,416,15,35,1,2,0
73,2,18,1,5740,31,1,42,2,1,0
75,1,21,1,2310,37,0,40,2,1,0
43,1,17,1,4760,13,16,25,1,2,0
41,1,19,1,4020,233,1,40,1,6,0
23,1,21,5,3255,27,12,32,2,1,0
40,1,17,5,3602,26,0,32,2,2,0
36,1,21,1,1007,17,0,50,1,1,1
57,1,21,1,120,36,1,40,1,1,1
53,2,16,1,6305,1,0,40,1,1,1
42,1,19,5,4700,223,0,60,1,6,1
27,1,20,1,5400,29,1,45,2,1,0
45,1,20,5,5240,37,7,40,2,1,0
45,1,16,1,8320,303,1,40,2,8,0
53,1,22,1,440,6,1,60,1,1,1
24,1,19,5,4720,72,0,18,2,8,0
23,1,21,5,4720,210,3,20,2,6,0
58,1,14,1,220,37,1,40,1,1,0
54,3,19,5,2545,34,2,40,2,1,0
56,6,22,1,20,243,0,40,2,1,1
26,1,21,5,3620,4,0,40,1,1,0
30,1,17,5,4720,37,13,20,2,1,0
63,1,19,1,5730,17,0,40,2,1,1
52,2,22,1,2545,17,0,15,2,1,0
22,2,19,5,1108,48,17,9,2,1,0
19,1,18,5,8800,4,2,30,2,3,0
38,1,19,5,4110,34,0,40,1,1,0
65,6,22,1,710,42,0,20,2,1,1
44,1,18,5,1560,6,0,40,1,1,1
27,1,20,1,3424,36,1,40,2,1,0
58,7,21,1,10,217,0,40,1,6,1
62,1,21,1,5160,19,0,18,2,1,1
19,1,18,5,3930,6,0,35,1,1,0
59,1,17,1,7750,303,1,40,2,8,0
55,1,16,1,4521,247,1,30,2,6,0
36,3,22,1,2310,29,1,45,2,1,0
19,2,19,1,2060,48,1,2,2,8,0
56,2,16,5,9645,72,5,40,1,1,0
42,1,19,4,4110,6,2,30,2,8,0
81,4,16,1,7020,36,0,40,1,1,1
38,1,12,5,4230,303,13,40,2,8,0
63,2,22,1,230,163,0,40,2,1,1
17,1,13,5,4055,48,2,18,2,1,0
43,4,22,1,630,210,1,40,2,6,0
56,3,16,5,3940,36,2,20,2,2,0
44,1,21,5,5150,6,13,40,1,9,1
57,3,20,1,2545,42,1,38,2,1,0
57,1,19,1,4760,17,0,30,1,1,0
68,1,21,1,9620,8,1,25,1,1,1
39,1,21,1,1007,36,0,40,1,1,1
49,1,16,1,9130,303,0,40,1,8,1
54,1,15,4,5160,17,0,40,2,1,1
49,7,16,2,4220,12,0,15,2,1,1
40,6,16,4,6260,49,0,45,1,1,0
23,3,16,5,6305,45,7,40,1,1,0
50,6,19,1,205,31,1,80,2,1,0
55,2,21,5,3322,36,0,37,2,1,1
29,1,15,5,4220,26,2,40,1,1,0
26,1,16,5,8800,313,0,35,2,1,0
29,5,21,5,9830,13,0,40,1,6,0
47,1,16,1,4760,8,0,48,1,1,1
17,1,14,5,4720,38,2,10,1,1,0
51,1,19,5,6260,26,0,20,1,1,0
75,2,16,3,2545,48,0,36,2,1,0
21,1,19,5,9130,312,12,40,1,1,0
44,1,21,3,440,51,2,45,1,1,1
62,1,19,1,7700,303,0,40,1,1,1
53,1,16,3,9620,39,10,40,1,1,0
38,1,21,3,4040,6,0,40,2,1,0
63,4,21,1,3870,36,0,40,1,1,1
51,3,17,1,2545,233,0,40,2,6,0
54,1,20,5,4621,6,0,37,1,1,1
26,6,11,1,205,29,0,99,1,1,1
21,1,19,5,8640,23,13,40,1,3,0
49,7,16,5,9130,42,0,50,1,1,1
30,1,21,5,110,13,0,50,1,1,1
28,1,16,5,9130,13,2,45,1,9,0
49,4,22,3,2310,4,0,40,2,1,0
28,2,21,5,3255,9,13,38,2,1,1
53,1,16,1,5240,22,1,40,2,2,0
47,3,19,1,6200,30,9,45,2,1,0
54,6,21,3,9142,36,0,20,2,1,0
43,2,21,1,2040,362,17,40,1,1,1
21,1,19,5,4340,53,2,40,2,1,0
21,6,16,5,1021,25,17,30,1,9,0
39,2,20,1,3255,28,0,36,2,2,1
44,6,19,3,9130,48,10,55,1,9,1
69,2,21,1,2205,26,0,19,1,1,1
37,1,23,1,3090,27,1,50,2,6,1
23,1,20,5,3255,27,2,40,2,1,0
50,1,21,3,1108,6,13,40,1,1,1
28,1,22,1,1108,210,0,40,1,6,1
31,1,19,1,5240,49,1,40,2,1,0
29,1,21,5,1530,6,13,40,1,1,1
30,1,16,5,4655,46,2,40,2,3,0
30,2,22,5,2002,35,0,38,2,1,1
20,1,19,5,1555,17,17,20,2,1,0
65,1,20,1,800,51,1,40,2,1,0
47,2,20,1,5860,50,0,40,2,1,0
58,1,22,3,3256,233,0,40,2,6,1
31,4,21,1,2014,56,0,40,2,1,0
19,4,19,5,2350,13,17,20,1,2,0
41,1,21,1,800,28,0,45,2,1,0
54,1,16,1,6200,22,0,40,1,1,1
40,1,19,1,9130,27,1,70,1,1,0
27,1,20,5,5330,28,0,40,2,2,0
44,8,21,1,1105,21,0,50,2,1,1
27,1,19,5,3500,42,2,40,2,1,0
26,1,14,1,4760,26,0,48,1,1,1
29,1,18,1,4040,33,1,35,2,1,0
46,1,18,5,5240,303,0,40,1,8,1
53,1,16,1,4740,12,1,40,2,1,0
30,1,16,5,6730,48,2,60,1,1,0
55,1,21,3,410,36,0,60,2,1,1
49,3,18,1,705,16,0,40,2,1,0
29,1,21,1,2710,40,0,40,2,1,0
64,5,22,3,3255,42,0,40,1,1,1
43,1,18,5,3910,6,0,40,1,8,0
25,1,19,1,2013,6,0,40,1,8,0
63,1,16,1,5010,39,1,48,2,1,1
18,1,18,5,4720,42,7,20,2,9,0
27,1,17,5,4700,45,15,40,2,1,0
21,1,19,5,4020,18,0,35,2,1,0
52,6,19,5,4920,25,0,60,1,1,1
40,1,21,3,3255,421,0,32,2,2,1
68,1,18,1,1460,17,0,30,1,1,1
45,1,16,1,8990,312,1,40,2,8,0
62,4,16,1,2180,42,0,40,2,1,1
27,1,19,1,4600,18,0,30,2,1,0
32,1,16,1,4700,4,0,40,2,1,0
71,1,19,1,9620,49,0,23,1,1,1
40,2,21,1,230,414,0,20,2,1,0
54,1,21,1,350,26,0,45,2,1,1
45,1,21,3,110,36,0,40,1,1,1
34,5,22,3,820,1,0,40,2,1,1
31,2,16,5,4251,5,0,20,1,1,0
47,1,21,1,4850,19,0,50,1,1,1
64,3,18,1,5860,54,0,40,2,1,0
31,3,22,1,2310,9,1,55,2,1,1
40,2,17,3,2830,33,12,40,2,1,0
45,1,19,1,220,39,1,40,1,1,1
34,3,22,1,1822,36,0,38,2,1,1
61,1,23,1,3100,48,0,64,1,1,1
41,1,19,1,5120,12,0,50,2,1,0
45,2,20,4,5710,6,2,40,2,9,0
35,1,14,5,6050,47,2,40,1,1,0
54,6,20,1,440,42,0,50,1,1,0
25,1,16,5,4030,48,10,25,2,1,0
37,1,16,1,4621,333,10,40,1,2,0
57,1,16,1,7700,36,1,45,1,1,1
38,1,17,3,6260,42,2,24,1,2,0
52,2,24,1,1760,210,1,60,1,6,1
51,4,21,1,2545,48,1,40,1,1,0
52,6,22,3,4655,55,0,30,2,1,0
23,1,19,1,5940,13,0,19,2,1,0
72,1,9,1,7210,48,1,40,1,1,0
22,1,16,5,4510,36,0,40,2,1,0
34,6,19,5,2910,18,0,30,2,1,0
52,3,18,1,440,35,0,40,2,1,0
19,1,18,5,630,207,17,35,1,6,0
48,7,21,1,4920,37,0,20,2,1,0
44,1,16,1,8740,32,1,50,1,1,1
20,1,19,5,4760,34,2,15,2,2,0
43,1,21,1,540,17,1,40,1,1,1
65,7,21,3,4920,214,0,35,2,1,1
19,1,15,5,4140,39,2,30,1,2,0
21,1,16,5,5522,48,2,40,1,8,0
78,3,22,1,2310,29,0,8,1,1,0
24,1,19,5,4000,37,2,50,1,1,0
25,1,19,1,5820,207,11,30,1,6,0
47,1,10,3,6230,303,13,40,1,1,0
31,1,21,5,3930,24,2,40,2,2,0
54,3,22,5,2330,36,0,40,2,1,1
79,1,16,3,1108,8,0,30,2,1,0
38,1,22,3,5140,12,0,40,2,2,1
51,1,21,1,5840,41,1,40,2,1,0
27,2,16,5,8930,6,2,30,2,9,0
38,1,24,1,1320,39,1,45,1,1,1
21,1,18,5,4110,34,2,16,2,9,0
47,1,20,1,4760,42,0,30,2,2,0
46,1,18,3,750,25,13,40,2,1,1
26,2,21,5,2016,39,13,40,2,1,0
53,1,16,5,4030,9,13,40,2,2,1
61,5,21,1,5000,42,0,50,1,1,1
42,3,21,1,5860,22,0,40,2,2,0
43,1,22,5,2320,36,17,50,1,2,1
60,1,16,2,8256,55,0,37,2,1,0
51,6,16,1,6230,24,1,50,1,1,1
50,6,21,1,1360,17,1,60,1,1,1
40,1,14,3,4055,26,0,25,2,1,0
38,5,22,1,9810,45,17,40,1,2,1
49,7,20,3,4465,29,0,40,1,1,0
23,1,21,5,4965,8,2,40,2,1,0
22,1,19,5,4720,48,17,15,1,8,0
19,2,16,5,4110,27,2,37,2,1,0
63,4,1,2,4655,17,0,32,2,1,1
20,2,19,5,5860,48,17,30,2,1,0
23,1,21,5,3610,26,2,20,1,6,0
50,1,19,1,4700,6,0,60,1,1,1
38,1,21,4,5000,72,0,40,2,8,0
27,1,21,5,1545,42,0,40,1,1,0
30,1,19,5,4000,53,0,40,1,1,0
41,1,20,1,4251,24,1,60,1,1,0
46,1,9,1,9640,303,1,40,2,8,0
52,3,20,5,4010,12,0,40,2,1,0
63,7,22,1,850,34,0,40,1,1,1
19,1,19,5,9645,29,2,40,2,1,0
52,1,18,2,9620,55,0,40,2,1,0
64,7,20,1,4710,212,0,48,1,9,1
47,1,19,4,5740,19,0,55,2,1,0
27,1,17,1,6442,37,1,50,1,1,0
53,1,16,1,8990,44,0,40,1,1,1
36,1,24,5,5860,233,10,45,2,6,1
19,1,19,5,2350,164,17,15,1,1,0
17,1,14,5,9620,51,4,15,1,1,0
55,1,19,1,7840,42,1,50,1,2,0
44,1,17,1,8740,37,0,40,1,2,0
66,7,21,1,2170,17,1,60,1,1,1
31,1,21,1,9620,217,1,20,2,6,0
58,1,20,1,6700,6,0,40,1,1,1
38,1,22,1,350,6,1,50,2,1,1
26,5,19,5,5740,42,0,60,1,1,0
68,1,18,4,5010,13,0,40,2,2,0
35,1,17,5,4720,53,13,32,2,1,0
68,1,16,2,9620,36,6,44,1,1,0
24,1,19,5,4110,19,4,30,2,1,0
44,1,12,1,8450,303,0,40,1,1,0
36,1,17,5,4220,42,2,35,1,1,0
52,3,19,1,6200,6,0,40,1,1,0
25,2,21,1,1410,12,0,45,1,1,1
64,1,18,1,5600,26,1,40,2,1,0
46,1,14,3,7750,41,0,40,1,1,0
56,1,1,1,6515,247,0,40,1,6,0
36,5,19,1,9830,41,1,60,1,1,1
48,1,22,1,136,40,0,40,1,9,1
57,1,20,1,4510,72,1,20,2,1,0
28,1,19,1,6050,26,1,60,2,1,0
43,1,21,1,4820,13,0,70,1,1,1
45,1,16,3,4850,28,2,40,1,1,0
48,1,19,1,1050,26,0,60,1,1,1
67,1,19,1,9130,72,0,5,1,8,0
52,1,16,1,5610,48,1,40,2,1,0
21,1,16,5,4720,55,2,20,2,1,0
35,3,20,1,1530,12,1,80,1,1,1
47,5,19,5,5260,40,0,40,2,3,0
54,1,13,1,4230,303,1,40,2,1,0
64,1,19,1,4965,40,0,45,1,1,0
55,1,20,5,4251,45,0,30,1,2,0
39,1,17,5,4710,29,0,50,1,1,0
17,4,14,5,3960,53,2,25,2,1,0
40,1,22,1,2310,303,0,40,2,8,1
48,1,21,1,4700,42,0,45,1,1,1
54,4,19,3,2360,37,13,40,1,1,0
20,1,15,5,4040,26,15,37,2,1,0
67,6,22,3,3245,12,0,20,2,1,1
20,4,19,5,3870,6,17,15,1,1,0
21,1,16,5,9620,24,2,52,1,2,0
39,1,16,1,5240,303,1,25,2,9,0
89,6,22,5,4621,36,0,1,2,1,0
70,7,22,1,2830,34,0,3,2,1,0
39,1,20,1,3322,26,1,28,2,1,0
58,1,20,1,5000,13,0,48,2,1,1
18,1,19,5,4030,35,2,20,2,1,0
62,6,16,3,4621,39,0,4,2,1,0
68,4,16,4,4251,368,0,40,1,2,0
60,3,22,1,420,29,0,50,2,1,1
45,1,21,5,1822,42,13,40,1,2,0
35,1,21,1,5810,6,1,15,2,6,0
21,1,16,5,5160,6,2,40,1,1,0
41,1,21,1,8990,303,1,32,2,8,0
18,5,18,5,2350,17,17,17,2,1,0
63,1,20,4,335,11,13,45,1,1,0
58,1,19,1,5810,233,0,40,2,6,0
51,1,15,1,6360,303,1,40,1,1,0
32,1,20,3,3500,36,2,40,2,2,0
52,1,20,1,960,6,0,40,2,1,1
20,1,20,5,4110,40,2,30,2,1,0
33,7,16,1,6200,1,0,40,1,1,0
17,1,14,5,7640,48,2,15,1,1,0
45,1,16,1,7220,51,1,40,1,1,0
42,1,18,1,4720,17,0,41,1,1,0
33,1,23,1,3250,31,0,80,1,1,1
39,1,19,1,4760,39,1,50,1,1,0
41,1,21,3,120,36,0,40,2,1,1
38,1,20,5,5120,26,0,40,2,1,0
32,1,19,5,136,44,0,55,2,1,1
23,1,19,5,3930,42,17,25,1,9,0
17,1,14,5,4110,34,2,10,2,9,0
59,1,13,1,8140,303,0,40,1,1,0
32,1,23,5,230,24,0,50,2,1,1
37,1,16,5,4251,6,5,40,1,8,1
70,4,19,1,136,19,0,40,1,1,0
57,1,22,1,4120,41,1,35,2,9,0
67,4,22,1,2350,110,0,13,2,1,0
59,6,13,1,9130,36,0,55,1,1,0
48,1,21,1,3255,13,1,38,2,1,1
37,1,15,1,6230,6,1,40,1,8,0
34,3,16,1,3500,364,0,40,2,1,0
52,6,19,1,4920,40,0,60,2,1,0
18,1,18,5,3640,48,17,40,1,1,0
49,2,21,3,4020,17,13,30,2,1,0
36,6,19,5,2920,48,2,40,1,6,0
57,1,20,3,7150,33,13,40,1,1,1
49,1,16,1,4055,36,1,66,2,1,0
23,1,20,5,5820,4,2,50,1,1,0
54,6,21,1,4920,233,0,50,1,6,1
28,8,16,1,4600,24,9,8,2,2,0
58,6,19,3,4760,72,0,8,1,2,0
60,1,20,1,3255,6,1,32,2,1,0
27,3,21,1,2861,207,0,40,1,6,0
38,1,16,5,9640,39,2,30,1,1,0
38,1,19,3,5120,39,0,50,2,1,1
62,1,9,1,4000,303,0,32,1,1,0
33,1,20,5,7855,39,0,40,2,2,0
38,1,19,4,1551,6,0,40,2,9,1
70,1,19,1,4010,332,0,35,1,2,0
36,3,19,1,3870,13,1,40,1,1,0
45,1,18,5,5400,41,0,40,1,1,1
51,2,21,1,800,18,1,40,2,1,1
40,1,18,5,1560,51,2,35,1,1,0
59,2,19,1,220,365,1,40,1,1,1
26,1,22,5,3300,42,2,60,1,8,0
28,1,16,5,3602,55,12,40,2,2,0
41,2,21,1,3255,6,0,40,2,1,1
27,1,19,5,4760,34,2,40,2,1,0
27,1,23,5,4700,29,0,50,2,1,1
18,2,16,5,5860,13,17,5,2,1,0
49,1,21,1,150,21,1,50,1,1,1
59,1,16,1,9130,39,1,70,1,1,1
29,1,19,5,5810,72,0,40,1,8,0
26,2,21,5,2825,364,2,40,1,1,0
23,1,19,5,4030,1,12,30,1,1,0
33,1,19,1,5400,17,1,40,2,1,0
53,1,22,5,1021,36,0,40,1,1,1
39,8,19,1,4030,26,1,40,1,1,0
47,7,16,1,440,303,0,32,2,8,1
23,1,16,5,8225,26,0,48,1,1,0
36,1,21,1,4040,303,9,40,1,1,0
17,1,14,5,4030,26,4,30,1,1,0
46,7,23,1,2100,48,0,50,2,1,1
41,2,19,1,5600,47,0,40,2,2,0
47,7,21,1,440,40,0,40,1,1,0
77,1,18,1,630,36,0,8,2,1,0
34,1,21,5,4220,247,5,40,1,6,0
43,2,21,1,350,31,1,60,2,1,1
21,1,16,5,9645,242,2,20,1,6,0
47,5,19,1,3710,48,0,50,1,1,1
29,1,16,1,4600,25,1,35,2,1,0
33,1,19,5,4020,233,0,32,1,6,0
66,7,24,1,3090,128,1,50,2,1,1
37,1,16,5,4700,36,0,38,2,8,0
31,1,16,1,4251,20,1,50,1,1,0
24,1,22,5,5310,26,2,37,2,2,0
59,1,16,1,6230,207,6,24,1,6,0
57,3,22,1,10,34,0,55,2,1,1
32,1,11,5,5860,25,13,40,2,1,0
46,1,16,5,7220,29,0,40,1,1,0
59,1,20,1,110,27,0,40,1,1,1
75,1,23,1,2100,13,1,50,1,1,1
85,1,21,2,4055,25,0,5,1,1,0
56,1,18,1,3602,48,1,40,2,1,0
38,1,16,1,9141,24,0,36,2,1,0
35,1,21,1,4710,53,1,40,1,1,1
56,6,18,1,2634,45,0,60,1,1,0
25,3,19,5,2545,6,2,30,1,1,0
36,1,16,5,3421,12,12,38,1,1,0
60,6,20,1,4920,42,1,50,2,1,1
46,1,16,1,7200,303,1,40,1,1,0
60,1,19,1,540,55,0,50,1,1,1
47,1,22,1,52,13,0,40,1,1,1
46,1,21,1,5110,56,5,20,2,1,0
57,1,1,3,4700,224,0,60,1,1,1
19,1,16,5,9130,17,2,35,1,1,0
58,1,16,1,6442,6,1,40,1,1,1
42,7,19,5,4920,26,0,20,2,1,0
49,1,21,1,1350,5,1,40,1,1,1
17,4,18,5,4130,6,17,24,2,1,0
21,1,19,5,9130,6,5,30,1,1,0
23,1,20,5,5400,39,12,40,2,1,0
35,7,16,1,205,13,1,60,2,1,0
44,1,21,5,5740,55,0,40,2,1,0
21,1,19,5,1108,39,17,32,1,1,0
53,1,18,1,7315,48,0,40,1,1,1
46,1,21,1,4020,48,1,15,2,1,0
44,4,21,5,3322,48,0,40,2,1,1
44,2,21,5,3300,36,0,40,2,1,1
40,1,18,2,7700,1,0,40,2,1,0
61,1,16,3,5860,37,0,35,1,1,1
52,4,16,3,3602,207,0,14,2,6,0
60,4,16,1,9121,53,1,40,1,1,0
73,1,19,1,5740,19,1,18,2,1,0
37,1,20,1,4760,344,0,40,1,2,0
57,1,17,1,8800,36,0,35,2,1,0
60,6,19,1,6260,37,0,10,1,1,0
30,1,1,1,4720,303,1,32,2,8,0
39,4,21,3,2310,209,2,50,2,1,0
30,1,21,1,2640,6,1,40,1,1,0
64,2,22,1,2016,36,1,8,2,1,0
35,1,21,5,5240,6,0,40,2,1,0
44,1,9,1,9620,303,1,40,2,1,0
52,1,18,5,4700,36,2,40,2,1,0
48,1,1,5,205,16,0,72,1,1,0
40,1,23,1,3090,370,1,90,1,1,1
32,3,17,1,4220,37,1,99,2,1,0
54,1,20,1,3220,18,1,40,1,1,1
62,1,21,3,4920,26,0,60,2,1,0
59,1,19,1,6700,6,1,40,1,1,1
34,1,22,1,440,17,0,40,1,1,0
27,1,21,3,440,35,0,40,2,5,0
29,1,16,1,9620,40,1,40,2,1,0
33,7,20,1,4700,9,1,60,1,9,0
54,4,19,1,5220,6,1,60,1,2,0
61,1,15,3,9600,21,0,40,1,3,0
42,2,21,1,3255,45,0,36,2,1,1
34,1,17,5,4720,51,15,8,2,1,0
22,1,16,5,8990,55,0,40,1,6,0
19,1,16,5,4760,36,2,20,2,1,0
41,1,21,5,5100,45,0,40,2,2,0
31,1,13,5,5410,6,2,32,2,8,0
41,1,22,1,750,36,0,50,1,1,1
26,1,19,1,8225,42,1,48,1,1,1
54,2,1,5,8740,46,2,25,2,1,0
65,1,24,1,230,37,1,45,2,2,1
52,1,19,3,4510,303,0,45,2,8,0
65,1,21,2,4850,40,0,40,1,1,1
55,6,16,3,7420,26,0,40,1,1,1
48,3,21,1,5420,6,0,25,2,1,0
33,1,15,5,4110,15,13,40,1,9,0
63,1,22,1,800,36,1,50,2,1,1
56,1,24,1,2100,55,0,50,1,1,1
53,1,23,1,3255,42,1,30,2,1,1
22,1,21,5,1460,16,17,40,1,1,0
25,6,21,1,5000,26,1,60,1,1,1
40,1,1,1,230,39,1,40,2,1,1
17,6,14,5,4600,8,2,5,2,1,0
39,1,16,1,440,37,0,40,1,1,0
53,5,19,1,5740,6,1,40,1,1,1
19,3,16,5,2633,48,2,32,2,1,0
33,2,19,5,2025,53,12,45,1,1,0
27,1,16,5,7750,24,2,40,2,1,0
24,1,21,5,4920,8,13,60,2,1,0
59,6,18,1,4510,247,0,40,1,6,0
61,6,16,1,4760,72,0,35,1,1,0
60,6,19,3,4510,6,0,38,1,9,1
39,1,21,1,300,247,0,45,1,6,1
45,1,21,1,3255,233,1,40,2,6,1
54,1,16,1,4350,53,1,40,1,1,0
34,1,20,1,3645,12,1,24,2,1,1
46,3,18,3,3870,13,0,70,1,1,1
55,5,21,1,1310,36,1,36,2,1,1
53,1,16,3,5610,39,0,40,2,1,0
24,2,21,5,5400,6,2,40,2,8,0
66,1,21,1,1065,13,0,40,1,1,0
59,1,20,1,4760,8,0,40,1,1,1
63,1,20,3,9130,18,0,60,1,1,1
68,7,21,1,5000,19,1,12,2,1,1
53,1,21,1,3255,42,1,45,2,1,1
25,1,21,5,3255,37,2,36,2,2,1
34,1,21,1,2830,6,0,60,2,1,1
39,1,22,5,6260,6,13,45,1,9,0
24,1,21,5,1450,24,12,40,1,1,0
46,1,22,1,300,8,0,50,1,1,1
39,1,22,1,2205,48,0,40,1,1,0
50,4,22,1,230,36,1,40,1,1,1
50,7,21,1,120,365,0,40,2,8,1
22,1,18,5,4600,327,2,40,2,1,0
58,1,19,1,5400,36,0,40,2,1,0
58,7,21,5,2310,13,0,30,2,2,0
56,1,16,1,9122,6,0,45,1,1,0
61,1,16,1,9600,42,0,52,1,1,0
39,1,21,2,120,17,0,40,2,2,1
44,6,22,1,4920,6,0,40,1,1,1
19,1,16,5,4055,72,12,32,1,8,0
28,1,16,1,9620,6,16,40,1,2,0
31,1,18,1,5110,41,1,40,2,1,0
63,1,16,3,4530,42,0,40,1,1,1
33,2,21,1,5740,31,0,40,2,1,1
25,1,18,5,4720,5,0,35,2,1,0
47,1,21,1,1410,217,0,40,1,6,1
26,1,16,5,4020,6,12,40,1,1,0
52,2,21,1,4600,6,1,40,2,1,0
38,1,22,1,1021,210,0,40,1,6,1
67,7,16,1,2830,6,1,12,2,1,0
32,1,17,1,3645,414,1,38,2,1,0
65,7,16,1,5240,36,0,30,2,1,0
17,1,14,5,4130,49,4,20,1,1,0
27,6,21,5,205,13,0,65,1,1,0
47,1,22,1,750,6,1,40,2,1,1
31,1,22,1,120,12,0,40,1,1,1
50,1,21,5,440,30,0,45,1,6,1
21,1,18,5,5000,26,0,40,1,1,0
44,3,21,1,3300,247,1,40,2,6,1
61,1,16,1,7210,34,1,48,1,1,1
26,1,17,5,7210,12,12,35,1,1,0
22,1,16,5,4720,10,2,40,1,8,0
59,3,20,1,5720,36,1,35,2,1,0
51,1,16,1,8990,25,1,42,1,1,1
56,1,19,3,3602,55,0,30,2,2,1
33,6,12,5,4251,303,15,40,1,1,0
27,1,21,5,440,18,12,50,1,1,0
56,1,16,1,7360,26,1,40,1,1,1
17,4,12,5,4720,25,2,4,1,1,0
36,1,16,5,4000,4,13,35,1,1,0
38,2,21,1,1021,210,1,40,2,6,1
33,1,21,5,3255,51,13,40,1,1,1
18,1,14,5,6710,12,10,40,1,8,0
52,3,17,1,9645,36,1,40,2,1,0
23,1,18,5,4435,32,0,40,2,1,0
45,1,21,1,1108,210,0,40,1,6,1
20,1,19,5,2545,207,17,50,1,6,0
32,1,21,5,830,29,12,40,1,1,0
23,1,21,5,3620,6,7,25,2,1,0
32,1,21,1,4760,47,0,28,2,1,0
28,1,9,4,4020,303,13,12,2,1,0
29,1,22,1,20,32,1,40,2,1,0
33,1,21,5,1021,22,13,40,1,1,0
60,1,16,1,4220,370,5,40,1,8,1
34,2,18,5,4251,51,2,60,1,1,0
27,1,20,5,6950,48,2,40,1,1,1
56,1,21,1,4700,56,0,40,2,1,0
53,5,16,4,5550,462,0,40,2,2,0
49,1,20,5,2640,20,2,24,2,1,0
49,1,21,1,4840,47,0,45,1,1,1
22,3,16,5,6730,26,2,20,1,1,0
52,2,22,5,2004,17,0,40,2,1,1
18,1,16,5,4055,36,2,10,2,1,0
52,1,16,3,6355,17,0,30,1,2,1
60,1,14,1,9130,6,1,62,1,1,0
28,1,20,5,6355,44,0,45,1,1,1
60,4,22,5,2555,48,0,40,2,1,1
26,2,22,5,2014,139,13,40,1,1,0
52,1,1,2,9365,243,0,40,1,1,0
43,5,21,3,440,8,0,50,2,1,1
33,1,16,3,7410,13,12,40,1,1,0
40,1,16,1,520,42,1,40,2,8,0
84,1,21,1,750,34,1,34,1,1,1
17,1,14,5,4760,42,2,10,2,1,0
19,5,19,5,8140,13,2,48,1,1,0
20,1,20,5,7200,9,0,50,1,8,0
42,5,21,1,7340,53,0,40,1,1,1
31,2,23,3,51,100,13,35,2,1,0
27,1,20,1,2300,17,1,40,2,1,0
43,2,16,3,4710,6,0,40,2,9,1
30,1,14,5,4720,2,13,40,2,4,0
33,1,19,1,5260,42,1,35,2,1,0
29,1,21,5,3603,48,2,40,1,6,0
27,2,18,4,3500,51,0,30,2,2,0
52,1,21,1,1006,210,1,40,2,6,1
25,1,20,5,7700,53,2,40,1,1,1
29,4,19,5,3603,6,0,40,2,2,0
41,2,22,3,110,17,0,40,2,1,1
62,1,18,1,4220,16,0,40,1,1,0
60,1,22,3,540,45,0,40,2,2,0
66,1,16,3,4720,6,0,32,2,8,0
77,3,16,1,5510,36,0,40,1,1,1
21,4,19,5,5740,24,17,10,2,1,0
35,2,23,1,3160,55,1,36,2,1,1
41,1,19,1,830,6,0,40,2,2,0
41,1,1,1,6050,6,1,40,2,1,0
25,1,20,1,2722,34,2,1,2,9,0
66,1,21,1,530,39,0,30,2,1,0
54,1,16,1,2300,42,0,17,2,1,0
30,1,19,5,3402,42,0,45,1,1,1
22,1,16,1,3300,36,9,40,2,1,0
45,2,21,1,3255,27,1,36,2,1,1
69,1,21,1,120,19,1,60,1,1,1
31,1,16,1,7210,327,1,30,1,1,0
33,4,21,5,60,38,0,40,2,1,1
34,4,21,1,3840,18,1,60,1,1,0
35,1,19,5,9005,6,12,45,1,1,1
54,5,22,1,440,9,1,40,1,1,1
52,1,16,4,9130,36,0,90,1,1,0
34,1,12,1,6260,303,0,40,1,1,0
27,1,21,5,4850,32,0,40,2,1,1
20,1,19,5,4020,231,17,3,1,6,0
33,5,22,3,1320,110,0,40,1,1,1
59,1,23,1,10,110,1,50,1,1,1
54,1,23,1,565,1,1,36,2,1,1
28,1,21,1,4840,39,1,40,2,1,1
63,1,21,1,4720,210,0,25,1,6,0
27,1,19,1,5710,12,1,50,1,1,1
23,1,19,1,5510,31,2,25,1,1,0
36,1,21,3,7340,42,13,45,2,1,1
18,1,14,5,4720,1,4,20,2,1,0
31,2,21,5,5740,31,0,47,2,1,0
58,1,21,1,1021,34,0,40,1,1,1
48,1,16,1,7330,55,0,45,1,1,1
30,1,21,1,4220,36,1,40,2,2,0
38,3,16,1,6305,1,1,45,1,1,0
30,2,21,5,2840,5,12,40,1,1,1
52,1,20,5,4810,6,0,29,2,1,0
26,1,19,1,5150,240,1,42,1,6,0
62,7,20,1,6540,36,1,40,1,1,0
52,1,21,5,750,17,0,40,1,1,0
33,5,20,3,9825,9,17,50,1,1,1
38,1,19,5,4040,55,12,30,2,1,0
54,6,16,1,205,27,1,40,2,1,0
42,1,21,3,5240,210,0,40,2,6,1
61,3,21,1,2545,25,1,20,2,1,0
47,4,23,5,10,34,2,60,1,1,1
52,1,15,5,9130,303,0,40,1,8,0
60,1,19,3,9620,110,0,32,2,1,0
60,7,22,1,800,25,1,40,1,1,1
47,1,17,3,7200,12,5,40,1,1,1
52,1,9,1,4030,312,1,37,2,1,0
36,3,22,1,2310,72,1,24,2,1,0
48,1,21,1,850,110,1,40,1,1,1
71,2,23,1,3090,117,0,40,1,1,1
37,1,20,3,4030,8,11,20,1,1,0
50,1,22,1,160,34,0,50,1,1,1
46,1,20,3,2710,21,12,60,1,1,0
28,1,16,5,8990,25,15,25,1,1,0
32,1,18,1,4850,26,1,45,2,1,0
42,6,12,1,6410,303,0,40,1,1,0
58,1,21,3,910,54,0,40,1,1,1
37,1,15,1,4720,249,0,25,1,1,0
54,3,22,1,1822,19,1,38,2,1,1
54,3,20,3,160,38,0,40,2,3,0
62,1,19,1,4020,45,1,35,2,2,0
61,7,21,1,800,327,1,30,1,1,1
50,4,23,5,2100,36,0,60,2,6,1
31,1,16,5,1555,47,4,40,1,1,0
39,1,21,1,4965,48,0,18,2,1,0
44,1,21,1,4850,40,1,25,1,1,0
39,3,18,1,3870,6,1,42,2,1,0
33,1,20,1,6305,27,1,65,1,1,0
55,1,23,1,3090,21,0,60,1,1,1
22,1,21,5,5810,51,2,28,2,1,0
44,3,16,5,8620,53,0,40,1,3,0
67,1,22,1,5400,37,1,2,2,2,1
29,1,20,1,4010,6,9,40,2,1,0
68,1,21,1,440,66,1,40,1,1,1
52,7,16,2,4330,17,0,40,1,2,0
46,1,21,1,2300,39,1,30,2,1,0
54,4,20,1,5220,27,1,24,2,1,0
35,1,21,1,7640,27,1,23,1,1,0
29,2,20,5,4010,6,2,40,2,8,0
30,1,16,5,6442,25,2,40,1,1,0
75,2,16,2,440,17,0,40,2,1,0
57,1,18,1,220,25,1,60,1,1,1
67,1,17,1,9121,36,1,38,2,1,0
36,3,16,1,5860,39,1,40,2,1,1
41,1,20,1,8030,29,0,40,1,1,1
26,2,23,1,2014,17,0,25,2,8,0
22,1,16,5,4720,6,2,30,2,1,0
55,6,20,1,5540,233,0,40,1,6,1
26,1,16,5,4700,6,2,40,1,9,0
63,2,22,1,20,42,0,40,1,1,1
53,1,16,1,4760,226,1,35,2,6,0
66,2,24,1,2555,34,1,30,2,1,1
57,6,21,1,4700,33,1,45,2,1,0
62,1,16,3,5260,17,12,1,1,1,0
59,1,21,1,2640,48,0,40,1,1,1
64,6,19,3,4251,6,12,40,1,2,0
30,4,21,5,1640,24,12,40,1,1,1
35,2,22,5,1650,24,0,40,2,1,1
25,4,16,5,2545,36,10,45,2,2,0
44,6,17,4,6230,17,0,8,1,8,0
25,1,18,5,4720,17,12,30,2,1,0
46,2,21,1,2310,6,1,45,2,1,0
62,2,19,1,5860,25,1,40,2,1,0
61,7,21,1,850,18,0,40,1,1,1
58,2,16,5,7750,42,0,6,2,1,0
36,1,19,3,3630,26,0,45,2,1,0
68,1,20,1,4220,55,0,40,1,1,0
30,1,19,3,8990,37,13,40,1,1,0
37,1,19,1,1560,24,9,40,1,1,0
83,6,23,1,2100,40,0,30,1,9,0
41,1,16,3,9365,30,0,40,2,1,1
64,1,22,1,1031,17,0,20,2,1,0
57,5,19,2,530,6,5,40,2,1,1
80,6,21,1,9310,25,1,6,1,1,0
34,6,21,1,1032,40,1,40,1,1,0
58,3,22,1,2310,120,0,50,2,1,1
48,1,16,5,410,36,13,40,1,1,1
20,1,16,5,4251,35,2,40,1,1,0
54,1,18,1,4850,6,0,16,2,1,1
31,1,12,5,6515,303,13,40,1,1,0
21,1,19,5,5240,226,2,15,2,6,0
47,1,19,3,4020,6,0,20,2,1,0
47,6,22,5,2861,303,5,8,2,1,0
37,1,21,1,110,110,1,45,1,1,1
45,1,18,1,8030,55,1,50,1,1,0
66,1,16,1,5600,36,0,40,1,1,1
19,1,19,1,5400,48,2,4,2,1,0
35,1,21,5,1050,51,0,50,1,1,1
36,1,19,1,440,6,0,40,1,1,1
42,2,22,1,2040,48,0,40,1,1,1
54,6,14,1,7510,27,1,40,1,1,1
58,7,21,3,310,26,0,60,1,1,0
33,4,24,5,2205,324,0,35,2,2,0
24,1,17,1,4110,49,0,30,2,1,0
25,4,20,5,9150,53,12,30,1,1,0
20,2,16,5,4540,39,17,5,1,1,0
42,3,22,1,2545,36,1,25,2,1,0
64,1,22,1,800,17,1,60,1,1,1
34,1,22,1,800,44,0,40,2,1,1
67,7,21,1,810,21,0,30,2,1,1
22,1,19,5,5740,303,2,40,1,8,0
29,1,20,5,5000,36,0,45,1,1,0
65,6,20,3,7200,17,13,30,1,1,0
52,1,16,3,9600,223,13,40,2,6,0
42,6,19,1,4710,47,0,40,1,2,0
55,3,22,1,2310,25,0,30,2,1,0
68,6,19,1,4920,42,0,40,1,1,1
51,3,21,1,3870,313,0,40,1,8,1
28,5,20,5,9810,2,0,55,1,2,0
65,6,14,1,6260,26,1,50,1,1,0
34,1,11,1,8500,303,1,50,1,8,0
24,1,16,5,5740,216,0,40,2,1,0
30,1,21,1,3255,2,1,20,2,1,0
29,1,20,5,5300,42,0,40,2,1,0
43,2,19,1,530,26,0,40,2,1,0
31,6,20,1,6230,303,1,50,1,1,0
53,5,19,1,5120,40,0,40,2,2,0
37,1,20,1,3255,39,1,36,2,1,0
68,1,21,1,6850,22,0,44,1,2,1
53,1,18,1,5740,26,1,32,2,1,0
51,1,18,5,310,36,0,60,2,1,1
62,1,22,5,8030,209,0,40,1,6,0
50,1,16,1,2640,6,11,45,1,1,0
33,2,23,1,3090,301,1,60,2,1,1
32,1,21,1,4840,29,0,40,2,1,1
45,1,21,1,4810,47,0,40,1,1,1
29,1,16,5,52,6,0,40,2,8,0
51,2,21,1,2310,29,1,50,2,1,0
53,5,16,1,5550,22,0,56,1,1,1
40,1,17,5,1050,29,0,40,1,1,0
52,1,16,1,6200,55,1,45,1,1,1
50,7,1,1,440,303,0,35,1,1,0
32,4,22,3,2320,42,13,40,2,1,0
56,5,22,1,110,210,0,50,1,6,1
56,1,16,1,8940,47,0,42,1,2,1
39,2,24,3,2205,25,0,50,1,1,1
53,1,16,4,4760,10,0,70,1,1,1
60,1,19,3,5240,6,0,40,2,1,1
78,1,21,3,3050,9,0,20,1,1,1
70,1,18,1,5940,51,1,38,2,2,0
32,1,16,4,4110,51,0,40,2,2,0
41,2,23,1,3050,15,1,40,1,6,1
53,2,22,1,3230,6,1,30,2,6,1
43,4,23,1,2310,5,1,50,1,2,1
30,1,21,1,1021,25,1,45,1,1,1
39,7,23,1,3090,332,1,70,2,8,1
25,1,21,5,800,13,0,40,2,1,0
51,1,21,1,5730,72,1,36,2,1,0
46,1,19,1,5000,129,1,40,2,1,0
38,1,18,1,4010,17,0,60,1,1,0
55,1,19,3,5740,55,0,40,2,1,0
55,2,21,1,440,6,0,40,1,6,0
55,1,16,1,5600,48,1,40,1,1,1
28,4,21,1,800,26,0,40,1,1,1
19,1,16,5,9620,26,16,34,1,2,0
26,1,21,5,5240,6,0,50,1,1,1
75,7,24,1,2752,138,0,3,1,1,1
68,5,20,1,9620,6,0,40,1,1,1
59,6,24,1,4920,240,1,40,2,6,0
37,1,23,1,2100,42,1,60,1,1,1
62,1,20,5,5860,36,0,40,1,1,1
52,1,15,1,3603,42,0,20,2,2,0
60,4,21,5,3300,36,0,30,2,1,1
58,1,20,1,350,1,0,40,1,1,1
54,4,17,3,9130,36,16,20,1,1,0
39,1,22,5,5000,27,0,45,2,1,1
44,5,21,1,1006,247,1,50,1,6,1
40,1,23,1,3010,19,0,27,2,1,1
35,1,21,1,3258,1,0,60,2,1,1
52,7,15,5,4220,314,0,60,2,1,0
32,1,21,5,20,48,0,40,1,9,0
68,2,21,3,2751,6,15,40,1,1,0
48,4,22,1,2310,6,1,40,1,1,1
56,1,19,3,8000,37,0,40,1,1,0
38,1,19,4,4230,8,0,40,2,1,0
22,1,18,5,4760,316,2,25,2,9,0
53,7,21,1,5740,48,0,40,2,1,0
24,1,18,5,4110,29,13,28,2,1,0
38,1,13,5,4251,12,16,65,1,2,0
58,1,16,1,6355,13,0,40,1,1,1
21,1,18,5,4600,27,13,35,2,1,0
42,3,19,1,2545,19,0,37,2,1,0
48,1,19,1,120,48,0,37,1,1,1
26,1,20,1,7640,12,1,40,1,1,0
50,1,21,5,4710,109,0,50,1,1,1
43,1,13,1,4010,365,0,40,1,1,0
24,1,13,5,8800,48,13,40,2,1,0
64,4,20,1,4435,6,0,20,1,1,1
42,1,23,1,2310,6,0,40,2,1,0
18,2,16,5,6050,48,2,15,1,1,0
65,3,22,1,5940,139,1,15,2,1,0
59,6,22,1,4810,42,1,40,2,1,1
25,1,16,5,440,6,0,40,2,1,0
46,6,12,1,4600,313,0,20,2,8,0
26,1,19,1,3640,39,1,30,2,1,0
23,1,18,5,9350,364,2,65,1,1,0
25,1,18,5,4110,42,13,36,1,1,0
33,5,22,1,8830,32,0,40,2,6,1
22,1,16,5,7210,55,2,40,1,1,0
27,1,19,4,3603,17,13,40,2,1,0
29,1,16,5,8810,25,13,40,1,1,0
26,3,22,5,2310,13,13,40,2,1,0
37,1,16,4,4700,22,0,55,2,2,0
47,4,22,1,705,13,0,40,1,2,0
59,3,20,5,4600,17,2,72,2,2,0
36,1,16,5,6260,312,12,40,1,8,0
37,6,19,5,9130,22,0,40,2,2,0
58,1,22,1,4461,35,0,6,1,1,1
63,1,1,1,8300,247,1,48,2,6,0
53,2,16,1,5810,36,0,40,2,2,0
31,4,21,1,3515,21,1,40,1,1,0
17,1,14,5,4720,8,2,15,2,1,0
61,2,16,1,8740,12,1,40,1,2,0
59,1,16,1,5140,26,0,40,2,1,0
42,1,22,1,5820,12,1,40,2,2,0
60,1,17,1,4020,332,0,40,1,2,0
40,2,21,1,4220,138,0,40,1,1,0
67,2,24,1,120,29,0,5,1,1,1
25,3,21,5,3870,34,12,42,1,1,0
28,1,21,5,4000,34,13,48,2,1,0
69,1,21,1,1305,8,1,3,1,1,0
40,1,21,5,4110,312,11,40,2,8,0
29,3,16,1,3740,6,1,62,1,1,1
39,1,22,5,5840,55,0,38,2,1,0
43,6,16,3,4600,25,5,30,2,9,0
47,2,18,4,4350,6,0,25,2,3,0
55,1,21,1,20,210,1,68,1,6,1
21,3,16,5,5400,48,2,29,2,1,0
58,6,13,5,6260,29,0,50,1,1,0
42,2,21,1,230,48,1,40,2,2,1
73,1,19,1,150,29,0,45,1,1,1
44,1,21,1,1021,210,0,40,1,6,1
33,3,22,1,2014,17,0,40,2,2,1
58,1,16,1,9620,55,1,40,2,1,0
17,1,14,5,4150,42,2,20,2,1,0
48,1,20,1,8030,27,1,45,1,1,1
20,1,16,5,9640,4,5,40,1,1,0
61,7,20,1,220,9,1,50,1,1,0
31,1,16,1,6260,26,1,40,1,1,0
38,1,15,5,2634,6,0,40,1,8,0
79,4,22,3,2310,13,0,40,1,1,1
57,1,16,1,5860,233,1,54,2,6,0
47,1,16,4,4710,1,0,40,1,1,0
51,2,11,1,4220,36,0,35,2,2,0
55,1,21,1,3255,18,1,40,2,1,1
71,3,16,1,3602,48,1,40,2,1,0
35,1,20,1,3610,18,0,40,2,1,1
37,4,22,1,2002,21,0,40,2,1,0
50,3,18,1,5000,36,1,40,1,1,1
50,1,18,5,4020,36,2,40,2,1,0
32,1,14,5,9645,72,10,40,2,8,0
38,1,16,5,2905,4,13,40,1,1,0
28,1,19,5,7200,25,2,40,1,1,0
40,5,21,5,7640,55,2,40,2,1,0
62,1,18,3,3220,36,0,40,2,1,1
49,1,21,1,120,17,0,40,2,1,0
39,1,19,1,3645,45,1,20,2,1,0
50,2,21,1,2310,42,1,40,2,1,1
29,1,14,4,8990,47,13,45,1,9,0
43,7,20,5,4760,31,13,70,1,1,0
52,2,21,3,705,26,0,45,2,1,1
45,1,18,3,9645,36,15,40,2,8,0
65,1,16,3,4220,55,13,40,1,1,0
55,1,1,5,4700,1,0,35,2,2,1
28,1,16,5,4760,26,13,50,1,1,0
30,5,21,1,1010,55,0,40,1,1,1
65,1,20,3,4720,36,0,15,1,1,0
67,6,24,1,1860,26,1,60,2,1,1
45,1,20,1,7640,203,10,40,1,6,0
31,4,16,1,4251,32,1,40,1,1,0
35,1,21,1,3255,128,1,36,1,1,1
22,1,21,5,3602,48,2,40,1,1,0
57,2,18,1,5240,29,1,20,2,1,0
51,1,16,5,4850,17,0,40,1,1,1
30,6,16,5,4600,48,2,20,2,1,0
20,1,16,5,9365,35,13,40,1,1,0
82,6,16,1,4500,39,1,30,1,1,0
32,1,21,1,705,8,0,40,2,1,1
64,1,16,5,3545,42,0,65,2,1,0
44,1,19,5,8500,48,16,45,1,1,0
51,1,20,1,4720,18,0,16,2,1,1
41,1,20,1,5610,26,0,77,1,3,0
39,6,18,5,310,17,16,24,1,2,0
66,7,16,1,7315,19,0,40,1,1,1
42,1,21,1,3300,206,1,40,1,6,1
59,1,16,5,4700,17,2,38,1,1,0
46,1,19,1,5400,53,1,40,2,1,0
35,1,19,5,705,34,0,42,1,8,1
44,1,13,1,3421,210,10,40,1,6,0
57,1,15,3,4720,25,15,20,2,1,0
67,1,16,1,7750,24,0,40,1,1,1
45,1,1,1,4621,12,0,40,1,2,0
24,1,18,1,4150,21,0,27,2,1,0
61,6,18,1,540,9,1,55,2,1,0
41,1,15,1,4110,22,0,35,2,1,0
49,6,16,1,6355,6,1,60,1,1,1
52,1,19,5,3930,26,0,25,2,2,0
26,1,16,1,7200,13,1,40,1,1,1
50,1,1,3,4020,303,0,40,2,5,0
62,7,19,1,1306,36,0,35,1,1,0
74,1,12,2,4720,37,0,30,1,1,0
55,1,21,1,4710,25,0,40,1,1,1
47,1,21,5,10,48,0,50,1,1,1
45,3,16,1,7210,45,1,40,1,1,0
25,1,19,5,4220,26,0,76,2,2,0
47,1,21,1,440,373,0,56,1,1,1
35,6,22,5,4500,13,13,50,2,2,0
51,1,16,1,9610,370,0,40,1,3,0
18,1,14,5,4110,5,2,20,2,1,0
26,1,19,5,9130,48,0,40,1,1,0
66,1,19,1,4840,35,1,55,1,1,1
54,1,16,1,4710,34,0,45,1,1,1
44,1,22,1,910,207,1,40,2,6,1
40,1,23,1,3250,138,0,40,2,1,1
38,1,15,1,4230,327,0,40,2,1,0
37,6,21,1,4700,53,1,35,1,1,1
28,1,21,1,800,30,0,20,2,1,0
31,1,21,1,350,210,1,40,2,6,1
46,1,16,1,110,139,1,65,1,1,1
60,2,22,5,2006,42,12,25,1,1,0
65,3,18,1,5120,42,0,40,2,1,0
64,1,18,5,5300,26,0,32,2,1,0
37,1,21,1,1970,17,0,30,2,1,0
46,1,21,4,440,45,0,45,2,2,0
60,1,18,4,5240,48,0,40,2,1,1
30,1,21,1,4720,15,2,40,2,7,0
31,1,22,1,1021,210,0,40,1,6,1
69,1,19,1,6230,110,0,45,1,1,1
59,1,21,1,2310,213,0,40,2,1,0
17,1,14,5,4150,25,4,15,2,1,0
59,1,21,1,2910,16,0,30,1,1,0
45,1,16,1,9130,18,0,50,1,1,0
47,1,19,1,3500,6,0,40,2,1,1
41,2,19,5,5110,25,0,8,2,2,0
41,1,16,1,5740,6,1,24,2,8,0
64,1,17,2,4760,26,0,40,2,1,0
47,1,18,3,630,42,0,45,2,1,0
30,6,16,1,4500,53,0,17,2,1,0
47,1,16,1,7700,48,0,40,1,1,1
39,1,21,1,1021,332,0,40,1,2,1
26,3,21,5,230,27,0,55,1,1,1
45,1,21,1,3255,233,1,36,2,6,1
59,6,16,1,8750,36,1,40,2,1,0
56,3,21,1,2310,40,1,40,1,1,1
27,1,20,5,1545,51,0,35,2,1,0
40,1,19,1,310,13,2,40,2,2,0
30,6,19,1,4220,6,0,40,2,1,0
53,6,22,1,2850,54,1,40,1,1,0
38,1,16,5,2360,40,0,55,1,9,0
23,1,19,5,3640,32,2,30,2,1,0
31,1,20,5,9005,36,0,60,1,1,0
61,1,19,4,4830,36,0,39,2,1,0
53,1,18,1,8760,17,0,40,1,1,1
65,1,21,5,1010,233,0,45,2,6,1
62,6,21,3,9720,5,0,13,1,1,0
57,1,16,1,9130,51,0,55,1,1,1
61,1,23,1,2100,42,0,70,1,1,1
54,1,21,1,4700,30,1,35,2,1,0
49,1,17,1,9130,48,0,50,1,1,1
27,1,18,5,4510,17,2,25,2,1,0
23,1,19,5,7010,303,2,40,1,8,0
34,1,19,5,4040,26,13,40,2,1,0
32,5,18,5,4740,6,2,40,1,9,0
47,7,16,1,6410,303,0,40,1,1,0
49,4,20,4,3605,48,16,12,2,1,0
35,1,16,1,7410,37,1,50,1,1,1
29,1,16,1,4110,8,0,25,2,1,0
63,6,20,1,205,27,1,10,2,1,0
65,3,17,1,565,13,0,40,1,1,0
32,7,15,5,6260,303,13,40,1,1,0
64,6,16,1,6200,6,0,50,1,1,1
68,1,19,3,3645,36,0,40,2,1,1
71,1,22,1,10,36,1,55,1,1,1
56,6,21,1,4950,18,1,40,2,1,0
44,1,22,1,3255,48,1,60,2,1,1
22,1,16,5,8990,48,2,50,1,1,0
55,7,17,1,6200,12,1,40,1,1,1
46,4,18,3,5850,18,0,40,1,1,0
23,3,21,5,5320,373,2,40,2,1,0
52,1,18,1,4600,365,0,40,2,8,0
17,1,13,5,4720,42,2,20,2,1,0
18,1,16,5,4720,21,2,14,2,1,0
29,1,16,1,7420,303,1,24,1,1,0
63,1,16,1,2360,55,1,22,2,1,0
21,1,20,5,3500,36,2,40,2,6,0
55,1,19,1,440,36,0,45,1,1,1
35,7,16,1,9130,19,1,50,1,1,1
33,1,16,3,8225,18,2,8,1,1,0
37,6,19,1,9620,301,16,40,1,1,0
61,2,23,1,420,27,0,50,2,1,1
40,1,24,1,440,53,1,60,1,1,1
55,2,21,1,4600,36,1,35,2,8,0
44,1,22,1,3256,9,1,50,1,1,1
62,1,21,3,3602,6,0,9,2,1,0
45,3,16,3,2545,53,0,29,2,1,0
37,1,16,1,4700,30,0,43,1,1,0
39,1,21,1,440,210,0,40,1,6,1
31,3,22,1,2310,42,0,40,2,1,1
67,7,24,1,3040,216,1,50,1,1,1
31,5,16,3,9825,6,12,30,1,1,1
28,4,23,1,2205,6,0,40,1,6,0
25,1,16,5,9645,37,2,25,1,1,0
52,1,16,3,9620,21,17,40,1,2,0
59,1,15,1,4230,48,0,25,2,2,0
30,1,22,5,20,233,12,50,1,6,1
37,1,20,3,4720,36,13,40,2,1,0
42,1,16,1,4220,42,1,55,2,1,0
61,4,16,1,5860,36,0,38,1,1,0
64,5,16,5,3930,11,0,40,2,2,1
40,1,21,1,3160,233,1,40,1,6,1
48,2,21,2,5240,18,0,40,2,2,0
36,1,22,1,8800,233,0,40,2,6,1
17,1,14,5,4110,25,2,8,2,1,0
54,7,20,1,1050,48,1,40,1,1,1
28,1,20,1,2310,13,1,7,2,1,0
70,6,24,1,410,17,0,45,1,1,1
43,1,17,5,9130,72,3,60,1,1,0
39,1,23,1,2300,42,1,40,1,1,0
42,4,16,4,3802,6,0,50,2,2,0
21,1,19,5,5860,12,2,30,2,1,0
56,6,20,1,1430,47,0,30,1,1,0
43,1,20,4,1050,39,0,35,2,1,0
22,1,19,5,1520,53,17,45,2,1,0
54,2,20,1,3610,18,1,40,2,1,1
75,5,21,1,540,29,0,2,2,2,0
35,1,24,1,3050,36,1,35,2,6,1
61,2,21,1,1108,8,1,65,2,1,1
43,4,19,1,1220,13,1,40,2,1,0
20,1,16,5,2545,53,2,40,1,1,0
37,1,20,1,5740,20,11,40,1,1,1
52,1,19,1,5610,18,1,40,2,1,0
32,6,19,1,440,45,1,50,1,1,1
46,3,16,1,4251,12,2,40,1,2,0
50,2,22,3,420,5,0,45,1,1,1
65,1,20,1,5400,36,0,24,2,1,0
17,1,14,5,4720,48,2,25,1,1,0
49,3,22,1,3870,25,0,40,1,1,1
35,1,21,5,1050,6,0,50,1,1,1
59,1,22,1,7640,104,0,40,1,1,1
44,1,20,1,310,210,0,50,1,6,1
61,1,18,1,4251,40,0,38,1,1,0
62,2,20,1,3255,10,0,40,2,1,1
68,1,16,2,4020,45,0,13,1,2,0
26,1,21,5,3610,12,2,35,1,1,0
31,1,16,5,6130,53,0,40,1,1,0
37,1,16,1,5550,6,0,15,2,1,0
78,1,16,1,9620,51,6,40,1,2,0
70,1,21,1,3160,102,1,40,2,1,1
18,1,14,5,4020,48,2,20,1,1,0
27,1,19,1,160,26,1,50,1,1,0
26,1,20,1,6442,20,1,60,1,1,0
23,1,21,5,3421,18,12,15,2,1,0
31,2,22,1,230,42,1,40,1,1,1
64,3,20,1,8620,25,0,40,1,1,0
26,1,21,5,1530,25,12,40,1,6,1
18,1,18,5,4055,18,2,25,2,1,0
38,7,16,5,5260,18,0,10,1,2,0
58,1,16,1,5510,6,1,45,1,1,1
39,3,21,1,2310,31,1,40,1,1,0
80,1,21,2,4120,21,0,22,2,1,1
19,2,19,5,4540,19,2,40,2,1,0
50,2,21,5,2435,17,0,40,2,1,0
61,3,19,2,2440,51,0,4,2,1,0
30,2,20,3,3300,13,0,40,2,2,0
19,1,19,5,4130,1,2,12,1,1,0
32,1,16,1,7200,29,0,40,1,1,0
65,1,21,1,4810,39,0,40,1,1,1
52,1,16,1,8030,25,1,40,1,1,1
62,1,18,1,9130,42,0,55,1,1,1
31,1,17,3,9645,51,2,40,1,1,0
88,1,6,1,9130,120,0,24,1,1,0
40,1,21,1,1240,5,1,40,2,1,1
56,1,16,3,3930,36,0,40,2,1,1
47,1,21,1,7750,21,0,50,1,1,1
40,1,16,1,6050,303,1,40,1,8,0
62,6,15,1,9130,41,0,40,1,1,0
50,6,19,3,5940,42,0,40,1,1,0
31,1,21,5,136,6,2,40,1,1,1
53,1,21,4,4760,25,2,20,2,1,0
69,1,19,1,9130,17,0,65,1,1,1
37,1,16,1,9130,6,1,50,1,1,0
19,5,18,5,9830,54,17,40,1,2,0
47,1,19,1,5110,36,0,20,2,1,0
52,6,12,5,5510,24,0,50,1,1,0
32,1,21,1,4010,373,0,40,2,1,0
56,1,16,3,7750,303,0,50,1,1,1
48,1,22,1,3030,39,0,40,2,1,1
17,1,14,5,9620,48,10,12,1,2,0
35,7,21,1,5860,6,0,20,2,1,0
49,1,19,1,6005,53,0,52,1,1,1
48,2,22,1,3258,26,1,40,2,1,1
49,1,19,1,705,41,0,40,2,1,1
29,7,16,3,7240,6,0,50,1,1,0
53,1,21,1,120,17,0,58,1,1,1
68,7,16,1,6050,27,1,12,1,1,0
48,7,23,1,3010,37,0,42,1,1,1
28,1,21,1,3255,12,0,24,2,1,1
42,1,20,1,4710,55,0,45,1,1,1
45,2,18,1,4760,6,0,40,1,1,0
42,1,14,1,4600,22,1,40,2,1,0
55,1,20,3,3605,5,0,60,2,1,1
36,1,24,1,1650,18,0,48,2,2,1
26,1,21,5,2640,55,0,45,1,1,0
52,1,23,1,2205,373,0,20,1,1,0
59,6,20,1,2360,46,0,15,2,1,0
65,1,21,1,300,29,0,40,1,1,1
29,1,21,1,110,40,1,45,1,1,1
45,2,19,1,5860,26,0,36,2,1,0
35,1,18,1,7220,2,0,50,1,1,0
50,2,15,1,2545,163,1,40,2,1,0
55,2,21,1,800,6,1,40,2,1,0
28,1,22,1,2310,9,1,35,2,1,0
55,7,21,1,4850,33,0,50,1,1,1
67,1,22,1,540,8,0,45,1,1,0
24,1,20,5,4622,36,17,5,1,2,0
66,3,22,1,5000,17,0,50,1,1,1
60,1,16,1,4600,27,0,55,2,1,0
25,1,9,1,6410,314,1,40,1,1,0
29,1,21,5,4850,42,12,40,1,1,0
47,2,21,1,420,214,1,30,2,1,0
26,1,19,4,6200,2,2,32,1,1,1
40,4,21,1,4700,1,2,40,1,1,0
43,6,14,1,6230,23,0,45,1,1,0
78,1,21,2,4700,40,0,35,2,3,0
57,1,21,1,4850,48,1,40,1,1,1
43,1,19,1,7700,45,0,28,2,2,0
69,1,16,3,4720,36,0,7,2,1,0
42,1,21,1,5940,42,1,40,2,1,0
20,1,19,5,9130,6,2,20,1,1,0
59,1,16,1,4810,26,0,40,2,1,0
42,1,19,1,8810,26,1,40,1,1,0
52,4,21,1,2545,29,0,40,2,1,0
31,1,19,1,4510,20,0,50,2,1,0
27,2,16,5,5240,48,2,40,2,1,0
24,1,16,1,5160,8,1,19,2,1,0
18,1,16,5,6260,6,7,40,1,1,0
46,7,21,1,710,21,0,40,1,1,1
62,6,20,1,4700,29,1,8,2,1,0
27,6,16,5,2600,110,0,30,1,9,0
45,1,16,1,2360,37,1,40,1,1,1
61,1,16,1,4760,55,1,12,2,1,0
46,1,21,1,705,28,0,40,1,1,1
66,4,20,1,3725,51,1,40,2,1,1
47,1,21,2,5860,19,0,12,2,1,0
57,2,16,1,3421,303,1,40,2,8,1
57,1,17,5,8990,22,17,24,1,1,0
27,2,21,5,3255,110,0,50,2,1,1
54,1,19,1,4700,42,0,50,2,1,0
68,1,16,3,160,37,0,40,2,1,1
57,7,18,1,9130,12,1,8,1,2,0
61,1,15,1,8140,13,0,40,1,2,0
50,1,17,1,410,34,1,40,1,1,1
59,1,16,1,9130,42,0,65,2,1,1
69,2,21,1,102,32,1,44,1,1,1
28,1,19,1,7905,18,0,48,1,1,1
25,1,22,5,3424,6,0,43,2,1,0
58,7,16,2,4700,217,0,75,2,6,1
48,1,21,3,5860,36,0,30,2,1,1
28,1,18,1,9645,41,1,15,2,1,0
35,1,22,5,1108,13,0,40,1,1,0
30,1,22,5,3230,36,13,35,2,1,1
41,1,20,1,4850,21,0,45,1,1,1
22,2,21,5,2205,34,0,35,2,1,0
60,1,16,5,6355,17,0,44,1,1,1
50,1,21,1,4840,217,1,50,2,6,0
42,1,21,1,860,19,0,40,2,1,1
41,1,21,1,1760,25,0,40,2,1,1
43,1,12,5,7905,247,0,40,1,6,0
35,1,16,1,2722,26,1,20,2,1,0
63,6,23,1,340,6,1,40,1,1,0
36,1,21,1,220,42,1,50,1,1,1
28,1,22,1,1760,51,1,40,2,1,0
61,3,18,2,5740,31,0,35,2,1,0
33,1,21,1,710,24,0,55,1,1,1
20,1,16,1,4055,303,9,40,2,8,0
41,1,20,1,2310,39,1,50,1,1,0
30,1,24,5,3250,17,15,55,1,1,1
58,3,22,1,2310,55,1,40,1,1,1
52,1,16,1,440,51,1,60,2,2,0
47,2,24,1,1650,207,0,50,1,6,1
42,1,16,1,9240,22,0,50,1,1,1
61,6,18,1,6520,26,0,60,1,1,1
53,3,18,1,4220,36,0,30,2,2,0
43,6,21,1,2770,34,0,40,1,1,0
36,3,16,1,3870,48,0,40,1,1,1
28,1,19,1,7750,18,1,40,1,1,0
45,1,12,4,9645,303,0,40,2,1,0
66,1,19,3,3423,42,6,40,2,2,1
78,7,23,1,800,210,0,3,1,6,0
35,1,16,5,8225,37,2,48,2,1,0
31,1,23,1,2100,37,0,60,1,1,1
40,1,19,3,5240,26,13,40,2,1,0
80,1,15,2,4030,110,0,38,2,1,0
63,6,20,1,6260,21,0,40,1,1,1
22,1,15,1,4055,42,9,30,1,1,0
18,1,19,5,5240,12,17,12,1,1,0
37,1,21,1,800,37,0,40,2,1,1
48,1,21,1,9350,327,0,50,1,1,0
43,4,21,1,2310,16,0,40,2,1,0
33,1,16,3,136,17,12,55,1,1,0
35,1,16,3,440,13,13,40,2,2,0
23,6,11,1,8530,26,9,16,1,1,0
43,2,20,3,705,36,13,40,2,1,1
28,3,21,5,2310,12,0,37,2,1,0
65,1,22,1,800,333,0,45,1,2,1
55,1,16,1,4110,233,11,40,2,6,0
47,1,16,1,5260,24,1,45,2,1,1
33,1,20,5,9130,26,0,55,1,2,0
24,1,18,5,4240,51,0,40,1,1,0
41,1,21,1,800,207,2,40,1,6,1
28,1,16,5,4110,1,10,40,1,2,0
25,5,21,1,1440,54,0,40,1,1,1
40,1,17,3,9130,37,0,40,1,1,0
20,1,19,5,5240,6,2,15,2,7,0
57,2,21,1,1320,247,0,40,1,6,1
64,1,23,1,2100,34,0,40,1,1,0
30,1,22,1,3258,25,1,32,2,1,1
40,1,17,1,3740,48,0,40,1,1,1
18,1,20,5,4110,12,2,20,1,1,0
53,4,16,1,5400,11,0,40,2,1,0
27,1,16,1,4760,36,1,20,2,1,0
48,5,21,2,1220,24,0,40,2,2,1
52,1,16,1,3603,39,0,40,2,1,0
39,1,19,5,7300,6,0,50,1,1,1
47,1,16,1,4720,17,0,32,2,1,0
69,1,20,1,9130,28,1,40,1,1,1
68,1,16,1,4220,333,1,40,2,2,0
57,3,16,1,7410,1,0,40,1,2,1
59,6,21,5,4760,11,0,30,2,1,0
43,1,21,5,440,27,0,40,2,9,1
32,1,19,1,7000,6,0,40,1,1,0
38,1,22,5,2006,44,2,15,2,1,0
43,7,21,5,4840,13,0,44,1,2,1
42,4,21,1,2025,5,1,40,2,1,0
72,7,1,1,440,129,1,40,1,1,1
39,1,19,1,4700,18,1,37,2,1,0
57,3,22,1,2320,53,0,35,1,1,1
25,1,19,5,4110,1,0,40,1,9,0
38,1,19,5,5610,1,0,4,2,2,0
19,1,18,5,2634,12,2,40,1,1,0
57,1,20,3,3500,48,2,2,2,1,0
30,1,21,1,4850,21,1,45,1,1,1
21,1,19,5,4435,6,2,24,1,9,0
61,6,17,5,8920,27,0,50,1,1,0
43,4,24,1,2205,6,0,60,1,1,1
22,1,16,5,6305,9,2,40,1,1,0
34,1,21,5,6260,37,12,30,1,1,0
44,1,16,1,9640,303,0,40,2,1,0
54,1,19,1,8225,48,0,40,1,1,0
47,1,22,5,9645,35,11,40,1,1,0
28,2,22,5,3230,36,2,50,2,1,1
52,4,22,3,2330,35,0,35,2,8,0
35,1,14,5,6710,48,16,50,1,1,0
64,6,21,3,4920,26,0,1,2,1,0
34,1,17,1,9050,243,0,20,2,1,1
38,1,16,3,3930,333,0,40,1,2,0
38,1,19,1,4920,6,0,40,2,1,1
71,1,20,1,3500,13,1,40,2,2,1
54,1,21,2,120,36,0,50,1,1,1
34,6,20,3,4230,47,0,50,2,1,0
47,2,22,1,2360,164,1,35,2,1,1
36,4,22,1,2205,39,1,30,1,1,1
53,1,21,1,1720,104,1,45,2,1,1
22,1,16,5,6050,28,12,75,1,8,0
63,2,22,5,2006,6,0,30,2,1,0
55,1,16,3,4230,12,0,10,2,1,0
46,3,22,1,2320,42,0,50,2,1,1
41,1,16,1,7330,303,1,40,1,8,0
62,1,21,3,3255,6,0,40,2,1,0
23,1,16,5,8990,39,0,40,1,1,1
66,1,19,1,440,20,0,40,1,1,1
56,1,18,1,3255,25,1,35,2,1,0
44,1,15,4,9620,21,0,36,2,1,0
21,1,20,5,3424,48,2,30,2,1,0
38,1,18,5,4420,6,0,45,2,3,0
71,6,19,2,205,13,0,40,1,1,1
45,1,16,1,3601,246,0,52,2,1,0
52,7,20,1,4810,51,1,25,2,1,0
33,4,1,1,350,303,9,40,2,1,0
21,1,19,5,7140,53,2,40,1,6,0
56,1,20,1,5240,36,0,30,2,1,0
52,1,16,1,5120,53,0,30,2,1,0
20,6,19,5,4600,207,2,10,2,6,0
19,3,18,5,4600,9,2,30,1,1,0
25,4,21,5,2545,13,0,20,1,1,0
69,6,21,1,2360,36,1,20,2,1,0
40,1,16,5,4220,333,2,40,1,2,0
31,1,19,1,1010,48,1,40,2,1,1
77,6,19,2,3602,41,0,5,2,1,0
45,1,21,1,1050,34,1,42,1,1,1
54,1,16,1,3603,36,0,40,2,1,0
28,1,20,5,4920,36,2,15,2,1,0
31,1,18,1,5740,8,0,40,2,1,0
21,1,19,5,4251,40,17,35,1,1,0
59,5,19,1,110,217,0,40,1,6,1
55,4,22,1,9122,53,1,60,1,1,1
33,1,21,5,5400,13,0,40,1,2,1
79,1,20,3,4230,48,0,24,2,1,0
64,1,17,1,4760,36,1,40,2,1,0
70,1,17,1,9141,21,0,30,1,1,0
50,7,21,1,2850,6,0,5,2,1,0
49,1,20,1,800,36,0,40,2,8,0
58,1,19,3,3220,36,15,42,2,1,1
50,1,21,1,300,42,1,40,1,1,1
51,1,21,5,120,42,0,45,2,1,1
41,1,16,1,7330,39,1,40,1,1,0
21,1,19,5,310,17,2,35,2,1,0
33,6,21,1,205,19,1,50,1,1,1
55,5,21,3,800,51,12,40,2,1,1
44,1,22,1,4760,202,1,20,2,6,0
54,1,21,1,540,18,0,40,2,1,0
46,1,16,5,9130,48,0,40,2,1,0
34,2,21,5,4840,29,0,50,2,1,1
32,6,16,1,440,42,0,35,1,1,0
46,2,21,1,2634,6,0,40,1,8,0
57,1,19,1,4760,20,1,25,2,1,0
17,1,14,5,4110,12,4,10,1,1,0
31,1,17,1,7340,40,1,40,1,1,0
41,3,21,1,2310,29,0,40,1,1,0
70,6,21,1,4920,20,0,40,2,1,1
54,1,20,1,140,25,1,55,1,1,1
43,1,16,1,3645,48,1,14,2,1,0
28,1,19,1,8990,17,1,40,2,8,0
62,1,18,2,9645,33,0,40,2,1,1
69,1,19,3,3300,33,8,24,2,1,0
65,6,11,5,3602,42,0,24,2,1,0
60,1,20,1,4760,17,0,45,2,1,1
51,1,24,3,230,1,0,40,2,1,1
52,1,19,3,1108,48,6,40,2,8,0
45,7,21,1,1825,24,0,35,2,1,0
46,1,22,1,51,42,0,50,1,1,1
34,1,21,5,310,207,12,40,1,6,0
29,1,20,1,7800,36,1,30,2,1,0
40,3,22,1,2002,36,0,40,2,1,1
73,7,21,3,850,18,0,40,1,1,0
52,2,19,1,410,6,0,45,2,3,0
31,2,22,5,3110,37,0,40,2,1,1
61,1,16,1,5840,48,1,40,2,1,0
45,1,19,5,750,42,0,40,2,9,0
27,1,10,5,8140,12,15,45,1,1,1
61,1,22,1,2005,25,0,45,2,1,1
49,3,1,1,1460,150,0,40,1,1,0
23,1,19,5,5160,24,2,45,1,1,0
34,6,16,1,6230,9,1,30,1,1,0
55,2,21,1,3110,12,1,50,1,1,1
40,2,12,1,4530,36,0,40,1,9,0
78,3,19,1,5940,49,1,14,2,1,0
24,2,21,5,4220,17,12,30,1,1,0
61,1,21,1,4850,22,1,30,2,1,0
47,1,9,1,5610,303,0,40,1,8,0
63,1,20,1,3323,42,6,40,2,1,1
56,1,21,1,3255,37,0,20,2,2,1
48,7,18,1,7330,21,0,99,1,1,1
18,1,16,5,4020,26,2,15,2,1,0
51,3,21,1,1050,42,0,45,1,1,0
49,1,21,1,705,17,0,60,1,6,1
34,1,19,1,5240,31,0,40,2,1,0
44,1,22,1,1108,12,0,43,1,1,1
46,4,20,1,3870,25,1,40,2,1,0
33,1,19,1,6050,23,0,40,2,1,0
50,1,11,1,440,48,0,50,1,1,1
23,1,20,5,4000,12,0,35,1,1,0
61,1,19,1,540,6,0,40,2,1,0
31,1,22,5,51,243,12,20,2,1,0
25,1,16,5,9640,5,2,40,1,2,0
46,1,19,1,8630,48,1,40,1,1,1
17,2,14,5,2722,51,2,12,1,1,0
29,1,20,1,5610,27,0,80,2,1,0
21,1,16,5,7200,34,2,40,1,1,1
60,1,19,1,20,19,0,50,1,1,1
48,1,18,1,5110,26,0,27,2,1,0
17,1,16,5,4110,48,7,35,2,1,0
40,1,19,1,2145,233,2,40,2,6,0
65,3,19,1,565,37,0,40,1,1,1
51,1,16,1,1050,48,0,40,2,1,1
41,1,20,1,3300,17,1,40,2,1,0
50,2,16,1,6305,39,1,40,1,1,0
22,1,21,1,4920,48,1,3,2,1,0
56,3,22,1,2320,18,0,48,2,1,1
46,1,20,1,5240,21,1,40,2,1,0
50,1,1,1,4220,303,0,40,1,8,0
29,1,19,4,4810,45,0,40,2,2,0
18,1,14,5,4055,26,2,18,2,1,0
38,6,16,4,4230,15,9,8,2,9,0
43,1,18,1,3603,303,1,40,2,1,0
72,2,24,1,2040,54,0,18,1,1,1
19,1,18,5,5000,6,12,26,1,1,0
53,1,16,3,6410,48,16,40,1,1,0
52,3,20,3,5740,21,0,29,2,1,1
19,1,16,5,4540,4,2,40,2,3,0
41,7,16,5,5300,13,0,60,2,2,0
51,7,22,1,10,165,0,40,1,1,1
36,1,19,5,6515,26,0,45,1,1,0
30,2,22,4,136,26,0,40,1,1,0
22,4,19,5,2810,32,0,20,2,1,0
50,1,21,3,1021,37,0,55,2,2,1
60,3,22,3,1108,128,13,35,2,1,1
54,1,16,1,20,39,0,50,1,1,1
62,1,20,1,150,13,0,41,2,1,0
53,7,15,1,4840,6,1,40,1,9,1
29,1,16,5,5240,6,4,40,2,8,0
17,2,19,5,2440,515,17,6,2,6,0
42,7,18,1,4920,6,1,40,1,1,0
70,1,16,1,520,34,1,20,2,1,0
39,1,16,1,4220,332,1,40,2,2,0
34,6,15,1,4621,12,2,30,1,9,0
30,2,19,4,3603,36,12,40,2,2,0
42,1,21,1,1050,19,0,50,1,1,1
46,4,21,1,800,72,2,38,2,1,0
60,1,17,1,9130,29,6,40,1,1,1
30,5,21,1,9810,26,0,40,1,1,1
68,1,17,1,4020,39,0,25,2,1,0
53,1,16,5,4110,11,0,30,2,2,0
29,1,16,3,4010,128,0,42,2,1,1
76,1,16,2,4700,36,0,40,2,1,1
50,1,21,1,4840,21,0,50,1,9,1
41,1,21,5,110,36,0,50,1,1,1
54,1,19,1,20,31,1,53,2,1,0
47,1,16,5,7200,13,2,48,1,1,0
59,3,20,1,2310,25,1,35,2,1,1
30,2,16,5,9620,32,7,30,1,3,0
61,6,14,1,6410,51,1,40,1,1,0
34,1,22,1,1021,240,0,40,1,6,1
53,1,16,1,7000,47,1,40,1,1,1
56,1,14,1,8140,46,1,40,1,1,0
65,1,20,3,3255,36,0,37,2,1,1
50,3,19,3,2015,13,2,35,1,2,0
53,6,12,5,4200,312,0,30,2,8,0
30,1,15,5,6305,41,2,45,1,1,0
49,1,20,3,4920,207,0,20,2,6,1
32,1,19,1,7130,45,0,50,1,1,0
41,1,16,3,4521,247,0,48,2,6,0
42,2,21,1,3255,19,1,20,2,1,1
30,2,22,5,2014,460,0,42,1,2,1
32,1,22,5,4850,39,0,40,2,1,1
56,6,20,1,4510,6,0,40,2,1,0
27,1,19,1,3421,449,0,20,2,1,0
22,1,19,5,3500,54,0,40,2,1,0
36,1,13,4,9600,26,16,40,1,1,0
62,7,21,1,20,362,0,40,1,1,1
34,1,16,1,8990,315,1,40,1,1,1
54,2,21,5,5940,20,0,36,1,2,1
55,3,21,1,1610,17,0,60,1,1,1
24,1,21,5,120,36,12,50,1,1,1
51,1,22,1,800,26,0,55,1,1,1
58,6,18,4,205,42,0,50,1,1,0
45,1,19,4,4230,314,0,30,2,8,0
59,1,16,1,4220,34,1,45,1,1,0
24,1,19,5,3603,26,2,20,2,1,0
22,1,19,5,6130,12,12,10,1,1,0
61,1,19,1,1551,47,0,40,1,2,1
47,1,17,1,5522,39,1,38,2,1,0
34,1,19,1,3630,36,2,20,2,6,0
58,1,17,1,5260,6,1,25,2,1,0
22,1,21,5,3601,46,2,15,2,1,0
59,1,18,1,350,48,1,60,1,2,0
54,4,20,1,2014,6,1,40,2,1,0
78,6,11,2,3602,48,0,40,2,1,0
66,4,21,5,2310,6,0,30,2,1,1
47,1,21,3,1021,53,0,40,1,1,1
28,1,16,5,5860,15,12,40,2,6,0
53,7,16,1,4510,12,1,33,2,1,0
52,1,22,1,4760,20,0,80,1,1,1
58,1,16,3,5240,55,2,40,2,1,1
59,1,19,1,5510,13,1,38,1,1,0
47,1,16,1,540,6,1,50,2,1,0
21,1,19,5,4720,312,0,40,2,1,0
72,1,16,1,4760,5,0,30,2,1,0
28,1,19,1,4010,29,0,40,2,1,0
40,2,20,1,3323,8,0,40,2,1,1
47,1,21,1,120,13,0,40,1,1,1
48,1,9,1,6050,312,0,40,2,1,0
18,1,16,5,4720,36,2,35,2,1,0
20,1,16,5,4020,36,10,40,1,6,0
26,1,16,5,4020,42,15,35,2,1,0
38,3,22,1,2310,21,1,60,2,1,0
55,6,21,1,2861,215,1,12,2,6,1
57,3,22,1,3230,39,1,40,1,1,1
25,1,21,1,2640,17,0,50,1,1,0
35,2,14,5,3930,6,16,20,1,5,0
56,1,16,1,4110,54,0,46,2,1,0
51,4,22,1,420,42,0,43,2,1,1
66,1,21,3,5000,48,0,40,2,1,1
28,1,17,5,7800,45,2,50,1,1,0
49,2,21,1,3255,39,0,36,2,1,0
62,1,17,3,6410,51,0,35,1,1,0
40,4,14,1,4220,37,1,40,1,1,0
31,2,21,1,3401,42,1,40,1,1,0
53,7,19,1,5860,48,0,40,2,1,1
49,1,22,1,2640,25,0,40,2,1,1
25,1,16,5,4020,303,2,40,1,1,0
64,1,19,3,6330,42,5,30,1,1,0
44,1,20,1,4700,19,1,50,2,1,1
49,7,21,1,4920,373,0,30,2,8,0
60,3,19,1,3725,54,0,40,2,1,0
39,2,24,3,2205,42,0,65,1,1,1
39,1,19,4,9130,6,0,55,1,1,1
73,2,24,3,2205,48,0,20,2,1,0
38,1,20,1,9130,21,1,45,1,1,1
60,3,18,3,5820,20,0,20,2,1,0
30,1,18,1,7200,9,0,42,1,1,1
32,1,16,1,4760,48,1,40,1,1,0
49,3,22,1,2825,48,1,60,1,1,1
52,1,15,5,9350,416,0,25,1,2,0
36,1,22,5,910,29,0,40,1,1,0
48,2,22,1,2310,42,1,50,2,1,1
42,1,16,2,310,213,0,40,2,6,1
31,1,21,5,410,303,0,40,2,1,0
31,3,21,5,2320,12,0,55,1,2,0
32,1,19,1,5400,34,1,40,2,9,0
30,1,21,5,4435,36,0,50,2,1,1
86,6,19,1,3630,36,0,20,2,1,1
32,2,21,1,4350,10,0,48,2,1,0
44,4,19,1,5740,17,0,37,2,1,0
20,1,20,5,4010,17,2,5,2,1,0
51,1,19,3,4230,45,16,35,2,1,0
47,1,16,4,8030,47,0,50,1,1,0
46,1,24,3,1108,207,15,55,2,6,1
51,2,19,1,3323,9,1,40,2,1,0
61,1,19,1,2635,53,1,40,2,1,0
20,1,19,5,4020,17,7,40,2,2,0
41,1,16,1,220,47,0,40,1,1,1
64,7,24,2,4700,6,8,78,2,1,0
67,6,23,1,4920,233,1,40,2,6,0
26,1,21,5,4700,48,2,30,2,1,0
28,3,18,1,3870,6,1,30,1,1,1
43,1,23,1,3090,210,1,40,2,6,1
36,2,19,5,3602,42,0,50,1,1,0
31,1,21,5,5740,26,0,45,2,1,0
59,1,22,1,750,42,0,45,1,1,1
53,1,16,1,6950,42,1,40,1,1,1
56,1,22,5,2205,17,0,60,1,1,1
47,1,16,5,3603,9,0,24,2,2,0
52,1,16,1,7750,42,1,40,2,1,0
22,1,19,5,3820,48,0,48,2,1,0
34,7,22,1,6410,104,1,40,1,1,1
45,1,16,3,5740,36,13,40,2,1,0
55,6,18,3,2360,38,0,40,2,1,1
28,1,22,5,110,37,12,40,2,1,1
57,1,6,1,4140,312,0,32,1,1,0
42,7,23,1,3010,18,0,45,1,1,0
51,1,20,1,1021,19,0,45,1,1,1
60,1,15,3,9640,303,0,40,2,1,0
44,5,21,1,5260,54,0,40,1,1,1
61,5,21,1,440,13,0,40,1,2,1
63,4,20,3,5850,6,11,40,1,1,0
59,2,24,1,2205,72,0,50,2,1,1
27,1,21,5,120,36,7,50,1,1,1
36,1,18,1,4760,17,0,36,1,1,0
39,1,17,5,5000,27,0,40,1,1,0
66,1,23,1,800,51,0,12,2,1,0
57,7,22,1,4600,134,0,30,2,6,1
57,1,16,2,7220,6,0,50,1,1,1
60,4,16,1,1920,12,1,40,1,1,0
31,6,21,5,2640,6,12,40,1,1,0
69,2,23,1,4220,49,1,10,2,1,0
26,2,22,1,3255,13,1,36,2,1,1
60,4,22,5,1360,17,0,40,1,1,1
57,1,24,1,1108,51,0,55,1,1,1
75,6,19,2,4600,45,0,30,2,1,0
27,1,19,1,4720,6,0,8,2,8,0
60,1,16,1,7800,332,0,40,1,2,1
30,1,21,1,3960,362,1,30,2,1,0
57,1,21,1,10,25,1,60,1,1,1
45,1,16,1,4850,36,1,50,1,1,1
40,1,16,1,8610,48,1,50,1,1,1
27,1,13,1,6260,18,1,60,2,1,0
42,1,21,1,5240,247,0,50,2,6,1
72,1,22,3,750,19,0,40,2,1,1
53,1,24,1,7700,6,0,40,1,1,1
39,5,20,1,4600,22,0,40,2,2,0
52,1,16,4,6260,8,2,40,1,8,0
39,1,18,1,7315,12,1,40,1,2,0
31,1,21,5,520,48,0,40,2,6,0
40,1,4,3,6410,34,12,40,1,1,0
46,5,18,5,5550,6,0,40,2,1,1
34,1,20,5,1108,24,0,50,1,2,1
42,4,19,4,9121,51,0,10,2,1,0
28,1,19,1,5110,312,0,50,1,1,1
60,1,21,3,8990,51,0,40,2,2,0
30,1,16,5,6260,8,2,30,1,1,0
72,7,22,1,4710,9,1,24,2,1,1
59,1,22,1,1350,48,0,45,1,1,1
26,1,21,5,2810,6,0,40,2,1,0
40,1,22,5,2310,13,0,40,2,2,0
52,1,12,1,9130,1,1,70,1,1,0
43,4,16,4,1006,6,2,60,2,1,1
35,1,21,5,2850,18,0,40,1,1,0
59,1,16,1,5710,19,1,40,2,1,0
60,6,22,2,2360,37,0,50,2,1,0
61,3,21,1,2310,36,0,16,2,1,1
21,1,19,5,3603,1,0,22,2,1,0
23,1,16,3,5240,6,2,30,1,1,0
48,1,19,1,8740,50,0,40,2,1,1
30,1,19,1,4850,42,0,33,1,1,0
68,8,16,1,4251,37,0,3,1,1,0
49,1,20,3,6355,28,0,40,1,2,1
42,2,19,5,5710,18,0,40,2,1,1
28,1,10,5,6515,314,10,30,1,8,0
17,1,14,5,4030,19,2,16,2,9,0
30,1,21,1,3255,303,0,40,1,1,0
39,1,20,3,3645,37,0,37,2,1,0
45,7,19,5,2752,6,0,25,2,2,0
23,1,21,5,440,42,13,30,2,1,0
26,1,21,1,9640,421,9,40,1,2,0
29,1,17,5,9610,18,0,40,2,1,1
29,1,21,1,710,210,1,40,1,6,1
28,1,20,1,8140,22,0,50,1,1,0
61,4,19,1,9121,17,1,20,1,1,1
61,2,21,1,2205,17,1,20,2,1,0
26,1,21,5,4700,36,0,40,2,1,0
50,1,20,1,120,303,0,40,2,1,1
37,1,21,1,5522,6,0,30,1,1,0
78,6,24,1,1821,34,0,22,2,1,1
45,1,21,1,2310,312,1,24,2,8,0
52,1,22,1,1021,207,1,40,2,6,1
59,1,13,3,4040,42,0,44,2,1,0
47,1,21,3,5120,321,0,30,2,2,0
36,1,18,4,6240,312,13,40,1,1,0
21,1,16,5,9645,6,2,27,1,1,0
28,1,20,5,4760,213,5,30,1,1,0
53,1,19,1,9130,37,1,40,1,1,0
18,1,18,5,4622,26,17,99,2,1,0
50,6,22,1,2830,25,0,40,2,1,1
28,1,23,1,52,26,1,55,1,1,1
33,1,22,1,3150,48,1,40,1,9,0
51,7,19,5,10,48,0,80,1,1,1
27,1,20,1,7220,36,0,42,1,1,0
43,1,19,1,8255,18,1,40,2,1,0
28,1,20,1,5522,312,0,40,1,1,0
18,1,18,5,2360,36,17,40,2,1,0
33,1,19,1,705,29,0,50,1,1,1
69,4,16,3,4710,51,11,30,2,1,0
43,1,22,1,2004,42,1,40,2,1,1
50,1,21,1,4030,303,0,24,2,8,0
27,1,19,5,1555,26,0,40,1,1,1
58,1,23,1,3090,17,0,32,1,1,1
20,1,12,5,4010,17,0,45,2,1,0
56,4,21,1,7340,242,0,40,1,6,1
29,1,20,5,4700,5,0,37,2,2,0
25,1,21,5,410,18,0,40,1,1,0
54,1,21,1,110,164,0,40,1,1,1
23,1,19,5,5740,37,2,20,2,1,0
66,2,22,1,2723,6,0,24,1,1,0
55,1,20,1,3515,37,0,41,2,1,0
34,1,21,1,51,6,0,40,2,1,1
94,1,22,2,410,40,0,40,1,1,1
61,1,20,1,8990,223,6,36,1,6,0
60,1,20,1,4710,48,1,40,2,1,0
46,2,19,3,4110,303,10,30,2,1,0
36,2,21,1,110,19,0,43,2,1,1
24,4,21,5,2205,12,0,10,2,1,0
45,3,19,5,440,11,0,40,1,1,1
23,6,13,1,6260,39,0,35,1,1,0
53,1,16,3,5740,22,0,40,2,1,0
66,1,24,3,3255,54,0,65,2,1,1
27,1,21,1,1006,42,0,40,1,1,1
43,4,18,1,2545,5,0,40,2,1,0
39,2,22,1,2320,42,1,44,2,1,1
54,3,19,1,2145,27,1,38,2,1,1
58,5,17,1,5550,47,0,50,1,1,0
56,1,21,1,5240,36,0,40,1,1,1
33,2,23,1,350,6,0,40,2,1,1
57,3,21,1,4435,42,0,5,2,1,1
58,7,19,3,4000,17,13,65,1,1,0
20,1,16,5,4530,41,2,40,1,1,0
72,6,23,3,2100,13,0,65,1,1,1
60,6,13,3,4700,6,0,40,2,1,0
39,1,17,1,9130,42,0,30,1,1,0
26,1,20,5,4110,212,4,35,2,9,0
68,1,18,3,3601,42,0,25,2,1,0
29,4,22,1,2310,39,0,38,2,1,0
52,1,14,5,4500,247,6,40,1,6,0
34,5,23,1,3090,17,1,40,2,6,1
36,7,18,5,4252,72,13,50,1,1,0
18,1,19,5,4760,34,17,27,2,1,0
24,1,21,5,1006,34,2,40,1,1,1
62,3,22,3,2310,9,0,40,2,1,1
37,1,16,5,4965,55,0,40,2,1,0
22,1,19,5,4110,158,2,40,1,1,0
18,1,19,5,4760,20,17,17,2,1,0
23,1,19,5,4120,6,7,24,1,1,0
56,1,20,1,5730,36,1,40,2,1,1
20,1,11,5,8530,42,2,40,1,1,0
50,7,21,1,726,36,1,16,2,1,0
58,1,21,5,150,9,13,50,2,1,1
25,1,21,5,830,12,0,55,2,1,1
65,6,22,1,4810,436,0,50,1,1,0
50,1,16,1,440,36,0,40,1,1,0
53,1,16,1,5165,209,1,40,2,6,1
24,1,18,5,4110,29,2,40,1,1,0
25,1,21,1,1021,4,0,50,1,1,1
41,1,19,3,4720,20,2,35,2,1,0
58,6,16,5,6230,55,2,1,1,1,0
19,1,19,5,4150,6,4,32,2,1,0
24,1,21,5,4621,13,13,7,2,1,0
46,2,22,3,2710,19,0,70,2,1,1
38,1,20,1,110,9,0,50,2,1,1
37,1,18,1,640,23,0,40,1,1,0
56,2,23,3,1760,39,0,40,2,1,1
53,1,16,1,9620,39,1,45,2,1,0
35,3,23,1,2310,6,0,40,2,1,1
68,6,19,1,710,48,0,24,1,1,1
59,1,21,5,705,17,0,45,2,1,1
33,4,20,1,5420,39,0,40,2,1,0
41,7,23,1,3160,36,0,40,2,1,1
49,1,21,3,310,39,13,50,2,1,0
28,1,20,5,5240,333,2,40,2,2,0
58,1,16,1,5740,5,1,40,2,1,1
37,1,22,1,1720,23,1,40,2,1,1
52,3,20,1,3720,34,0,75,1,1,1
52,7,18,1,5120,209,0,40,2,6,0
51,2,19,3,9122,20,0,40,2,2,0
37,1,16,5,9130,36,0,30,1,1,0
28,1,20,1,5120,53,0,40,2,1,0
40,1,16,1,7840,303,0,40,1,8,0
43,1,19,1,7800,6,0,40,2,1,0
33,4,19,5,3802,21,2,40,2,1,0
46,3,16,1,4220,42,1,40,2,1,0
28,1,16,1,4055,22,0,33,2,1,0
78,2,21,1,420,26,0,25,1,1,1
25,2,22,5,2400,18,0,52,1,1,0
33,1,16,5,4510,24,13,8,2,1,0
42,6,16,3,5740,42,0,30,2,1,0
50,3,19,1,8610,36,0,40,1,1,1
51,3,21,1,136,53,1,50,2,1,1
42,3,16,5,9121,39,0,40,2,1,0
22,1,20,5,3323,1,2,40,2,1,0
36,6,19,3,3630,6,0,25,2,9,1
29,1,21,1,136,17,1,45,1,1,0
37,1,19,1,1006,27,0,40,2,1,1
71,6,18,1,205,19,0,30,1,1,1
42,2,21,1,3255,42,0,40,2,1,1
20,1,19,5,5350,313,2,25,1,1,0
67,5,23,5,2320,247,0,36,2,6,1
50,1,20,3,5740,311,0,47,2,1,0
17,1,14,5,5260,39,3,2,2,1,0
34,5,19,1,700,421,17,80,2,2,0
50,1,18,5,4510,247,0,38,1,6,0
49,1,6,1,4220,303,1,20,2,1,0
23,1,21,5,1530,36,0,40,1,1,1
24,1,21,5,850,34,2,40,1,1,0
53,1,16,3,10,53,0,48,2,2,1
31,1,1,1,5000,21,1,40,1,1,0
23,1,19,5,4760,13,2,20,1,2,0
45,4,24,1,2205,110,0,40,2,1,1
59,6,22,1,1021,368,0,40,1,1,1
51,1,22,1,710,24,1,40,1,1,1
49,1,16,1,3545,48,1,40,1,1,0
21,1,14,5,4030,42,11,30,1,1,0
59,6,15,1,8500,18,1,40,1,1,0
52,2,21,5,2310,25,2,37,1,1,1
41,6,21,5,7750,17,13,30,1,1,0
43,5,22,5,1065,26,0,45,2,2,1
23,2,19,1,5600,48,0,30,1,1,0
46,1,20,1,3255,40,1,50,2,1,1
25,1,21,5,2360,6,12,40,2,1,0
65,1,16,1,4720,26,0,20,1,1,0
81,6,24,2,1825,17,0,50,2,1,1
51,5,21,1,1021,44,1,40,1,1,1
19,1,19,5,5860,12,2,25,2,2,0
19,1,16,5,9620,48,17,30,1,1,0
39,1,1,1,9620,303,6,40,2,6,0
31,1,22,1,1108,231,0,40,1,6,1
52,4,18,3,5740,13,0,40,2,1,1
63,1,22,1,9030,39,0,40,1,1,1
51,1,21,1,1021,233,0,40,1,6,1
56,1,21,1,810,6,1,40,1,1,1
38,2,22,1,440,365,0,50,1,1,1
37,4,22,1,2310,39,1,40,2,1,1
22,1,16,5,9640,53,2,40,2,2,0
63,3,19,1,5400,28,1,40,2,1,0
31,1,21,1,1360,313,1,40,1,1,0
36,1,20,1,3255,45,1,28,2,1,0
58,6,20,1,6355,36,0,30,1,1,0
18,2,14,5,4600,47,10,10,1,1,0
44,6,21,1,6260,48,0,60,1,1,1
60,1,18,1,20,6,0,50,1,1,1
20,1,1,5,4510,26,2,15,2,2,0
32,1,17,5,6400,45,2,40,1,2,0
19,1,19,5,4110,6,2,15,2,1,0
44,2,20,1,3255,6,0,48,2,1,1
19,2,19,5,2440,42,2,12,1,1,0
26,4,22,5,2001,13,0,38,2,2,0
48,1,1,1,6040,303,1,40,2,1,0
37,1,16,3,9620,26,13,50,2,1,0
20,3,19,5,440,109,17,40,2,1,0
36,1,19,1,700,34,0,40,2,8,0
38,1,16,5,4720,212,0,40,1,1,0
57,1,16,1,7700,17,0,60,1,1,1
63,1,16,3,8990,18,0,56,1,1,1
29,1,2,1,5630,303,5,40,1,8,0
67,1,16,1,440,55,0,40,1,1,0
64,1,19,1,1530,34,0,30,1,1,1
50,1,21,1,1460,39,1,45,1,1,1
74,2,21,1,3255,17,0,20,2,2,1
48,1,23,3,5740,13,0,40,2,1,1
69,6,19,1,4965,48,0,36,1,1,0
42,1,21,1,5240,313,0,20,1,8,0
55,6,16,1,4820,36,1,20,2,1,0
71,5,22,1,5120,36,0,40,1,1,1
55,1,16,1,6200,51,0,50,1,1,1
49,6,17,5,4251,51,0,60,1,1,0
53,1,21,5,4230,233,10,40,2,6,0
47,1,22,1,850,12,1,60,1,1,1
31,1,16,1,440,48,1,27,2,1,0
32,1,21,1,845,139,0,40,1,1,0
43,4,24,1,2205,6,0,50,1,1,1
35,1,6,5,4251,313,5,40,1,8,0
53,1,16,1,9130,25,1,45,1,1,1
62,2,22,1,3150,48,1,30,2,1,0
54,2,16,1,4200,36,0,40,1,1,1
71,3,19,5,3940,26,0,10,2,1,0
56,3,22,5,120,6,0,40,1,9,1
28,2,21,1,800,27,0,40,1,1,1
18,1,14,5,4140,19,2,22,1,1,0
35,1,16,1,6220,47,1,40,1,1,0
38,1,22,3,3255,21,0,60,1,1,0
59,3,16,3,5860,26,13,42,2,1,0
56,1,17,1,5810,6,0,45,2,1,0
71,1,23,1,4720,48,0,18,1,1,0
44,1,19,1,4720,39,0,31,2,1,0
25,1,20,5,4521,17,2,37,2,1,0
30,1,19,1,4220,47,0,40,1,1,0
74,1,16,1,9620,36,1,24,1,1,0
25,1,17,5,6260,6,0,40,1,8,0
52,6,1,1,4230,303,6,8,2,8,0
33,3,22,5,120,25,0,40,2,1,1
28,1,22,5,3245,210,0,40,2,6,1
53,1,16,1,120,36,1,40,2,1,1
21,1,16,5,7810,45,2,35,1,9,0
67,2,16,3,4220,36,13,40,1,2,1
54,1,16,1,9645,18,1,60,1,1,0
45,1,21,1,5240,72,1,25,2,1,0
21,3,18,5,8650,6,2,25,1,8,0
63,7,18,1,440,26,0,55,1,1,1
39,4,24,1,2205,36,1,40,2,1,1
64,1,21,1,6442,17,1,40,1,1,1
48,2,22,1,2040,35,0,25,1,1,1
36,1,16,1,4760,42,0,25,2,2,0
52,7,21,1,9620,6,1,70,1,1,1
54,1,22,1,630,11,1,55,1,1,1
48,1,20,1,5240,17,0,40,2,1,0
27,1,22,5,4930,17,2,40,1,1,1
68,6,22,1,9030,54,1,6,1,1,0
34,1,19,1,4700,40,1,50,2,1,0
65,4,20,2,2545,211,0,27,2,6,0
20,1,19,5,4110,53,0,17,2,1,0
31,7,19,3,9130,56,0,70,1,3,1
47,1,21,5,110,51,0,70,1,1,1
23,1,21,5,4760,6,0,37,1,1,0
17,1,14,5,4720,9,2,15,1,1,0
29,1,21,1,4800,110,0,25,2,1,0
48,2,21,5,3255,13,0,42,2,1,1
40,1,22,1,1530,20,0,10,2,1,0
38,2,21,3,7020,48,2,50,1,8,0
25,1,18,5,7000,12,15,48,1,1,0
60,1,16,5,6442,35,12,40,1,8,0
66,1,16,1,4760,30,0,40,1,1,0
76,2,19,3,9130,42,0,16,1,1,0
24,2,21,5,5740,6,0,40,2,1,0
20,1,16,5,4760,28,2,35,1,1,0
42,1,20,1,1106,12,0,40,1,1,1
56,7,19,5,8740,24,0,38,1,1,0
65,1,22,1,750,41,0,50,1,1,1
69,2,19,1,2040,20,0,40,1,1,0
36,4,20,1,2205,55,1,40,1,1,1
19,1,17,5,4130,13,13,40,1,1,0
41,1,19,1,9645,4,0,40,1,8,1
45,1,12,5,6230,312,11,40,1,1,0
26,1,18,5,4760,36,0,40,1,1,0
28,2,24,1,3090,12,1,55,1,1,1
50,1,16,1,6050,31,1,45,1,1,0
53,3,22,1,5000,36,1,45,2,1,1
38,1,22,1,440,17,1,40,1,1,1
43,1,21,1,4850,32,0,53,1,1,1
25,1,16,4,4110,29,2,9,2,1,0
21,2,18,5,2350,21,17,10,1,1,0
57,1,18,3,3645,6,13,40,2,1,0
31,5,22,5,1530,17,0,40,1,1,1
60,1,16,1,5000,48,1,54,1,1,0
37,1,20,5,3255,42,0,40,2,2,1
61,1,16,4,7700,42,0,42,2,1,0
23,1,16,5,4020,1,7,35,1,2,0
17,1,14,5,4020,45,5,20,1,2,0
36,1,18,5,3421,12,2,30,2,1,0
71,6,18,1,205,13,1,70,2,1,1
38,5,21,1,440,39,0,40,1,1,1
34,2,22,1,2710,34,0,37,2,1,1
37,5,21,3,5550,48,0,40,1,2,0
29,1,18,1,410,32,0,40,2,1,0
19,1,18,5,4760,26,17,8,2,1,0
65,2,21,1,2320,36,1,16,2,1,1
24,1,14,5,4020,6,4,9,1,1,0
56,6,16,1,725,18,1,15,2,1,0
40,1,11,1,7750,26,16,40,1,1,0
49,6,22,1,1306,1,1,32,1,1,1
70,5,20,1,5740,24,1,40,2,1,1
34,1,13,1,4010,37,1,40,2,1,0
49,3,21,1,2145,315,1,40,2,1,1
47,1,22,1,3110,11,0,80,1,1,1
67,3,18,5,5860,10,0,35,2,2,1
40,5,17,5,9800,42,0,60,1,1,1
27,2,20,1,440,27,1,40,1,1,0
45,1,16,5,205,5,10,40,1,1,0
65,1,21,1,800,19,0,40,2,1,1
42,1,20,1,3255,39,0,24,2,1,0
68,7,22,3,3160,36,0,25,1,1,0
32,7,14,1,9130,34,0,40,1,3,0
27,1,19,5,4760,9,12,40,1,1,1
60,1,6,1,7750,247,5,40,2,6,0
47,1,21,1,1105,36,0,42,1,1,1
42,1,16,1,9130,28,0,60,1,1,0
38,1,16,3,4010,72,12,40,2,1,0
50,1,21,1,3603,303,1,32,2,8,0
33,3,23,1,1822,47,0,36,1,1,1
56,1,19,1,9005,38,0,16,1,1,1
64,1,18,3,5160,28,13,40,2,1,0
20,1,19,5,725,12,17,20,2,1,0
60,1,21,3,4710,17,0,40,2,2,1
73,6,23,1,2100,45,0,15,1,1,0
55,1,22,1,630,39,1,60,2,1,1
66,7,22,3,3030,26,0,40,2,1,0
37,6,21,5,4251,9,0,40,2,1,1
28,1,16,5,9122,36,0,52,1,2,0
28,1,16,1,5410,1,0,75,1,1,1
19,2,19,5,5240,17,17,52,2,1,0
57,1,1,1,6260,303,0,40,1,8,1
59,7,18,3,9130,19,0,14,1,1,0
24,1,18,4,4110,47,15,35,2,1,0
57,3,20,1,5240,45,1,60,2,2,0
25,1,19,1,5120,26,0,26,2,1,0
34,1,15,3,4700,36,0,40,2,2,0
20,1,15,5,4720,22,4,32,1,1,0
43,1,19,1,410,53,1,40,1,1,0
45,1,20,1,1050,48,0,55,1,1,1
48,2,22,1,2360,6,1,20,2,1,0
49,1,19,1,5940,55,1,45,1,1,0
58,1,16,1,7855,100,1,16,2,1,0
43,2,18,3,2012,25,13,40,1,2,0
53,1,16,1,4510,26,1,30,2,1,0
62,7,19,1,700,554,1,40,2,6,0
32,1,20,5,9645,333,2,40,2,2,0
60,6,18,1,6355,47,0,35,1,1,0
55,1,12,1,9645,207,0,40,1,6,0
19,1,19,5,4622,17,17,30,1,9,0
31,1,22,1,1021,29,0,40,1,1,1
67,7,16,1,440,12,0,30,1,1,0
51,1,16,1,8140,206,1,40,1,6,0
43,5,21,1,2360,6,0,40,1,1,1
18,1,16,5,3602,25,17,8,2,1,0
55,3,20,1,5740,37,1,40,2,1,1
28,2,19,5,565,38,13,40,1,3,0
35,1,20,5,8740,8,0,40,1,1,0
59,2,23,1,3050,20,0,40,1,1,0
65,1,14,3,4220,17,13,12,1,1,0
76,7,16,1,10,9,0,15,1,1,1
24,1,17,5,7750,18,16,40,2,1,0
26,1,16,5,9620,24,2,40,1,1,0
48,1,20,1,5860,42,1,40,2,1,0
81,6,19,1,205,18,0,40,1,1,1
35,1,19,1,4000,36,0,75,1,1,0
27,1,21,5,4530,36,10,40,1,2,0
30,1,21,1,1021,27,0,45,1,1,1
17,1,14,5,9620,29,2,26,1,1,0
52,1,18,3,5610,429,0,36,1,2,0
39,1,20,1,3255,53,0,36,2,1,0
45,1,21,1,6260,33,1,50,1,1,0
63,2,21,1,2300,48,0,1,2,1,0
55,1,16,5,4220,39,2,23,1,1,0
31,1,19,3,4760,303,0,40,2,1,0
50,1,21,1,120,13,1,25,2,1,0
57,1,16,1,5400,11,1,40,2,1,0
57,3,21,3,230,5,0,40,2,1,1
40,1,22,1,7700,22,0,40,1,2,1
34,1,20,4,7750,26,0,50,2,2,1
56,1,19,1,5000,34,1,40,2,1,1
26,1,21,5,1460,25,2,40,1,1,0
53,1,21,3,4850,38,0,40,1,1,1
24,1,19,1,6355,26,0,41,1,1,1
35,1,21,5,1305,6,0,40,1,9,1
51,2,22,1,1240,207,0,40,2,6,1
19,6,18,5,4600,19,17,15,2,1,0
19,1,16,5,4840,49,12,50,1,1,0
24,1,21,5,2310,42,0,50,2,1,0
25,2,15,5,350,19,0,20,1,1,0
57,1,21,1,150,27,0,50,1,1,1
60,1,21,1,5000,39,0,41,2,1,1
59,1,16,1,9130,39,0,57,1,1,1
28,1,16,5,5240,6,2,32,1,1,0
43,1,18,3,3255,48,2,36,2,2,1
68,1,16,3,3500,37,0,9,2,2,0
58,7,16,1,710,139,0,45,1,1,1
19,1,17,5,4720,1,2,20,2,1,0
38,4,20,5,3710,36,0,50,1,1,1
34,1,17,1,3602,8,0,40,1,1,1
45,1,20,5,4200,316,2,52,1,2,1
27,1,17,5,8990,42,17,40,2,2,0
43,1,16,1,9620,9,9,45,1,2,0
40,1,21,4,1530,9,0,50,1,1,1
55,3,21,1,2310,36,0,50,1,1,1
64,1,11,1,7750,18,0,20,1,1,0
39,4,20,5,350,6,0,45,2,1,1
68,2,24,1,2040,12,1,40,2,2,0
66,2,16,1,4220,5,1,10,2,1,0
27,1,21,5,1031,36,2,45,1,1,0
30,1,22,1,3255,18,0,40,2,1,1
73,6,19,2,910,329,0,25,2,2,0
56,3,16,5,3602,6,0,15,1,2,0
41,1,21,1,440,39,1,50,1,1,1
35,1,22,1,3245,42,0,40,2,1,1
39,3,21,1,2310,12,1,45,2,1,0
64,6,20,1,9130,329,1,40,1,1,0
24,1,20,1,136,27,0,40,2,1,0
38,1,21,5,800,17,0,42,2,1,1
33,2,19,1,4710,48,0,50,1,1,0
49,4,21,1,4220,29,0,40,1,1,0
29,6,21,5,4600,29,0,16,2,1,0
64,1,16,1,4720,42,1,24,2,1,0
27,1,22,1,800,312,0,50,2,9,1
57,1,16,1,5740,33,1,40,2,1,0
31,1,22,1,2920,210,1,10,2,6,0
57,2,21,3,850,11,0,38,1,1,1
38,1,5,5,8800,303,13,40,1,8,0
31,1,16,5,4435,25,2,30,1,1,0
40,1,15,1,300,37,1,50,1,2,1
20,4,19,5,230,29,17,16,2,1,0
51,2,21,1,9600,233,1,40,1,6,1
19,1,16,5,4055,34,2,44,1,1,0
45,2,23,1,136,51,1,40,2,2,1
22,1,19,5,5820,28,17,45,2,6,0
59,3,17,1,4210,6,0,40,1,1,0
26,1,21,1,1021,51,1,50,1,1,1
29,1,18,4,8810,48,0,45,2,1,0
44,6,24,1,2040,23,0,65,1,1,1
27,3,20,5,2320,6,4,25,1,1,0
57,1,18,1,6442,17,0,40,1,1,1
26,2,21,5,5000,316,0,45,2,9,1
48,1,19,1,3645,22,1,40,2,1,1
62,1,19,1,310,42,1,40,1,1,0
56,1,17,1,8990,303,0,50,2,1,0
50,1,1,3,9130,6,13,60,1,1,0
78,2,21,1,2004,165,0,20,1,1,0
59,1,18,1,3545,303,1,40,2,1,1
27,1,18,1,5240,48,0,40,2,2,0
25,7,20,1,5522,332,2,40,1,2,0
28,3,21,1,2310,49,0,36,1,1,0
42,5,12,5,6200,37,2,40,1,3,0
70,1,16,3,9130,45,0,50,1,2,0
52,1,21,1,3255,21,1,40,2,1,1
40,1,21,1,4820,36,0,40,2,6,1
19,1,19,5,4622,42,12,35,1,1,0
62,1,18,1,7700,27,0,60,1,1,1
20,1,16,5,9620,36,17,20,1,1,0
34,1,16,3,5740,24,0,40,2,1,0
20,1,21,5,1005,210,12,40,2,6,1
22,1,16,5,7315,72,2,40,1,1,0
53,1,21,1,8225,29,0,40,1,1,0
57,2,21,1,2320,22,0,20,1,1,0
42,1,21,1,530,55,1,37,2,1,1
33,1,21,5,5000,4,0,45,2,9,0
47,2,20,1,3500,163,1,24,2,1,0
33,1,18,1,630,48,0,40,2,1,0
43,1,21,1,1530,53,0,40,1,1,1
30,2,22,1,3110,53,0,40,2,1,1
36,1,21,1,9142,365,0,20,2,8,0
47,1,16,1,6200,4,0,60,1,1,1
65,4,18,1,3945,36,0,35,1,1,1
62,1,19,1,5740,56,0,1,2,1,0
54,4,16,1,8740,25,0,40,1,1,1
33,1,12,1,6050,303,1,60,1,8,0
38,2,19,1,2310,26,0,28,2,1,0
25,1,14,5,4720,6,0,40,2,1,0
22,1,16,1,4720,512,2,20,2,7,0
47,4,22,1,2320,36,1,60,1,1,1
58,2,17,1,2040,303,0,40,1,1,0
54,1,16,1,7330,48,0,50,1,1,1
36,3,17,1,3740,448,1,92,1,2,1
41,1,21,1,310,13,0,50,1,1,1
26,1,21,1,1530,55,0,42,2,1,1
67,6,9,1,4950,207,0,8,2,6,0
40,1,19,3,4030,247,0,25,1,6,0
39,1,16,3,4760,6,0,40,2,1,0
62,2,21,3,230,13,0,40,2,1,1
29,6,16,5,1050,110,2,40,1,1,0
45,1,12,1,8990,303,1,40,2,1,0
60,1,21,1,4810,19,0,45,1,1,1
38,1,21,1,102,17,0,50,1,1,1
59,7,16,3,220,9,0,60,1,1,1
53,4,12,1,3601,249,0,40,2,1,0
59,1,18,1,5860,34,0,35,2,1,0
49,1,18,3,2170,34,0,40,2,1,1
66,6,20,1,3630,215,1,5,2,6,0
36,1,21,1,5000,19,0,40,1,1,1
91,1,19,2,4830,9,0,45,2,1,0
30,1,21,5,1021,301,13,40,1,1,1
68,1,19,1,1720,39,0,40,1,1,1
50,1,19,4,4600,12,0,40,2,2,0
48,1,18,3,5240,36,0,40,2,1,0
20,1,18,1,4020,53,17,40,2,1,0
41,5,21,1,440,364,0,45,1,1,1
43,4,21,3,136,53,0,40,2,2,1
20,1,19,5,4600,48,12,15,2,8,0
63,1,16,3,4230,26,0,37,2,1,1
56,1,20,1,7210,164,1,40,1,1,0
25,1,20,5,1105,19,0,55,1,1,0
57,1,22,1,4710,4,1,60,1,1,1
35,1,21,1,136,53,0,55,1,1,1
56,1,16,1,5740,15,0,40,2,6,1
36,1,21,5,1010,24,0,40,1,1,1
65,1,21,1,705,22,1,45,1,1,1
31,1,22,1,705,48,0,40,2,1,1
44,1,23,1,1650,36,0,40,1,1,1
30,1,20,1,4220,6,9,40,1,1,0
59,4,20,1,565,36,1,40,2,1,0
42,1,21,1,2330,49,1,40,1,1,1
58,1,1,1,7800,206,6,52,1,6,0
36,1,16,5,4251,39,0,40,1,1,0
53,1,19,3,5110,42,0,40,2,2,0
25,4,17,5,8140,25,5,40,2,8,0
24,1,21,5,1821,11,2,35,2,1,0
72,1,24,1,3090,6,1,40,2,1,1
61,7,19,1,5740,37,0,40,2,1,1
55,1,22,1,705,25,0,45,2,1,1
61,6,16,1,4510,37,0,24,2,1,0
17,1,13,5,4720,8,15,20,2,1,0
19,1,16,5,6305,48,7,40,1,1,0
57,6,20,1,2830,34,1,40,2,1,0
37,4,16,1,3870,26,1,40,1,1,1
27,1,20,5,9365,34,2,20,1,1,0
21,1,18,5,4760,17,0,20,1,1,0
51,1,16,5,7905,39,2,45,1,1,1
39,1,19,5,6230,51,2,60,1,1,0
67,1,21,1,1006,36,0,40,1,1,1
17,1,15,5,4150,55,2,30,2,1,0
77,7,21,1,4840,53,0,50,1,1,1
41,2,22,1,2360,42,0,50,2,1,1
27,1,16,5,4020,37,2,22,1,1,0
37,1,16,1,5860,24,1,49,1,1,1
33,1,21,1,4040,50,0,45,1,1,1
71,7,23,1,2100,110,0,5,1,1,0
65,6,21,1,4220,51,2,3,2,1,1
53,6,16,2,9130,55,0,70,2,1,1
59,2,21,3,3255,34,0,45,2,1,1
52,1,1,5,4251,451,0,40,1,2,0
27,1,19,5,3500,21,0,36,2,2,0
71,1,16,1,9142,233,0,30,1,6,0
49,1,24,1,1760,119,0,45,1,1,1
28,1,22,1,800,36,0,45,1,1,1
28,1,12,5,7200,72,2,40,1,1,1
30,1,19,5,4040,34,2,30,1,1,0
60,1,22,1,9030,27,0,50,1,1,0
57,3,22,1,2435,17,0,24,2,1,0
62,6,21,5,5120,25,0,3,2,1,0
60,1,16,1,7800,46,0,16,1,1,0
22,1,19,5,3603,17,0,24,1,1,0
23,4,19,5,310,55,12,40,1,1,0
33,1,14,3,9620,48,2,48,1,1,0
48,5,23,1,2100,41,0,20,2,2,1
26,1,21,5,2310,6,10,40,2,6,0
59,1,16,1,3655,48,0,40,2,1,0
40,1,16,1,6005,6,1,60,1,1,1
51,1,16,1,51,26,0,40,2,1,1
42,6,16,5,310,207,0,40,2,6,0
29,1,21,5,5000,6,2,40,1,1,0
21,4,18,5,4760,370,2,2,2,8,0
38,2,4,4,4020,313,0,35,2,1,0
20,1,14,5,4720,39,2,32,2,1,0
32,4,16,5,2905,42,16,30,1,1,1
41,6,15,1,6200,202,5,48,1,6,0
53,1,18,1,5100,47,1,40,2,1,1
47,1,22,1,2810,55,0,52,2,1,0
39,1,19,3,4760,48,0,40,2,1,0
43,1,18,5,9005,303,0,48,1,8,1
20,5,16,5,9825,31,17,60,1,1,0
45,1,21,1,4760,18,0,50,1,1,1
57,1,16,1,20,39,0,40,1,1,1
67,1,22,5,5120,6,0,20,2,1,1
35,2,16,5,3321,6,0,40,1,8,0
37,2,20,1,3255,39,1,25,2,1,0
70,6,14,1,8450,303,0,30,1,1,1
29,1,13,5,4720,6,0,40,2,1,0
32,8,16,1,5740,15,0,3,2,1,0
53,1,21,5,2710,29,0,45,2,1,1
59,1,16,4,4230,416,0,40,2,2,0
52,1,19,1,5610,23,0,40,1,1,1
53,2,21,1,5240,4,1,40,2,1,0
40,1,22,1,1530,209,0,60,1,6,1
19,1,18,5,3930,17,17,15,1,1,0
49,3,16,1,3030,233,1,32,2,6,0
54,1,16,5,7200,6,0,40,1,1,1
60,5,18,1,5540,19,0,38,2,1,0
40,1,19,1,4760,40,0,40,2,1,0
72,1,19,1,5740,17,1,20,2,1,0
68,1,20,3,4220,51,13,40,2,1,0
19,3,19,5,2350,6,2,9,2,8,0
63,1,22,1,440,210,0,40,1,6,1
57,1,17,3,4700,37,0,44,2,1,0
33,6,20,5,3602,6,2,8,1,1,0
24,6,19,5,2752,48,2,10,1,1,0
40,1,12,1,4055,4,1,32,2,1,0
24,1,16,5,4220,6,2,40,2,8,0
51,1,21,1,3050,9,0,43,2,1,1
51,2,19,1,5710,139,1,50,2,1,0
52,1,21,1,7750,217,0,40,2,6,0
24,1,16,5,4720,19,10,25,2,1,0
52,6,21,1,5840,36,0,65,1,1,1
55,3,16,1,6660,15,1,40,1,9,1
35,1,20,1,4251,48,0,50,1,1,0
48,1,21,1,565,26,0,50,2,2,1
54,1,20,1,4760,223,1,35,2,6,0
57,4,21,3,2310,373,0,45,2,1,0
17,1,14,5,4130,25,2,25,1,1,0
47,1,12,3,6230,21,16,25,1,1,0
36,1,17,5,9645,6,2,40,1,1,0
60,1,24,1,710,25,0,40,2,1,1
52,6,19,3,3630,42,0,42,2,1,1
63,6,21,1,710,314,0,35,1,1,1
52,1,15,5,6410,17,0,7,1,2,0
53,1,16,1,9645,6,0,40,2,1,0
33,1,21,1,2360,207,1,35,2,6,0
64,4,18,1,440,26,0,1,1,1,1
60,1,21,1,5400,53,1,25,2,1,0
20,3,18,5,2360,42,17,4,2,1,0
21,4,19,5,4010,303,0,10,2,8,0
29,1,19,1,9130,27,1,80,1,1,0
52,1,18,1,8990,4,1,40,1,1,0
30,1,21,1,1360,18,0,60,1,1,1
36,1,22,1,1220,51,0,40,2,1,1
56,2,19,3,2310,40,13,40,2,9,0
29,1,21,1,2300,303,0,40,2,1,0
17,1,14,5,4110,39,2,15,2,1,0
61,1,17,1,4750,13,0,40,1,1,0
36,1,21,1,440,36,1,55,1,1,1
41,1,21,1,4760,45,0,3,2,1,0
35,1,22,1,1305,48,0,40,1,8,1
40,1,21,1,3255,233,1,40,2,6,1
63,3,21,1,136,36,0,40,1,1,1
40,1,21,1,110,37,1,40,2,1,1
26,1,21,5,4010,17,2,39,1,1,0
52,6,22,3,2310,327,0,2,2,1,0
55,3,16,1,3820,27,0,37,2,1,0
49,1,20,1,8030,42,0,40,1,1,1
60,5,23,1,3090,18,1,40,1,1,1
40,1,17,5,4220,36,0,50,1,2,0
44,3,21,1,2320,44,1,40,1,1,1
35,1,22,1,3245,38,0,40,2,1,1
57,1,21,5,1108,13,0,40,1,1,1
22,2,21,5,3245,4,0,40,2,1,0
37,1,21,1,4000,215,0,48,1,6,0
26,1,21,1,52,17,0,40,2,1,0
51,6,19,1,4700,13,1,60,2,1,1
65,1,23,1,3090,19,0,50,1,1,1
30,1,16,5,7750,13,15,40,1,1,0
51,1,6,1,9130,312,0,60,1,1,0
48,1,20,1,1555,18,0,44,1,1,1
30,1,21,1,1108,48,2,45,1,2,1
25,1,17,5,4110,8,0,42,2,1,0
22,1,16,5,3603,42,0,43,2,1,0
34,1,21,1,2722,4,0,40,1,1,1
34,1,21,1,136,363,1,45,1,1,1
21,4,21,5,1760,29,12,40,2,1,0
23,4,19,5,5860,6,12,20,1,1,0
63,1,12,5,8800,312,0,40,2,1,0
55,1,16,1,440,36,0,60,1,1,0
20,1,19,5,4760,13,16,20,2,1,0
48,5,19,5,5540,6,0,46,1,1,1
35,1,16,5,6230,6,13,35,1,9,0
43,1,16,1,7750,13,0,45,2,1,0
37,1,21,5,4600,25,2,40,2,1,0
38,1,21,5,710,39,0,45,1,1,1
25,1,22,5,630,21,0,50,2,1,0
19,1,18,5,4740,13,7,30,2,1,0
43,1,16,1,800,19,1,40,2,2,1
60,7,16,3,205,17,0,10,1,1,1
54,1,19,1,6260,53,0,75,1,1,1
31,3,20,1,5940,53,1,12,2,1,0
62,1,20,5,2300,53,0,35,2,1,0
46,1,17,1,5240,32,0,28,1,1,0
19,1,16,5,4760,55,13,30,2,1,0
22,1,16,1,3603,39,1,10,2,1,0
36,1,12,4,4020,21,16,45,1,1,0
60,1,19,1,5140,37,0,50,1,1,1
33,1,21,1,137,44,1,40,1,1,1
26,1,22,5,1021,210,12,45,1,6,0
50,1,22,1,4850,27,0,40,1,1,1
54,1,22,1,440,17,0,50,1,1,1
31,1,19,1,410,13,0,35,2,1,0
38,1,16,5,6305,39,0,50,2,1,0
56,7,21,1,440,29,0,25,1,1,1
18,1,16,5,4020,20,2,40,2,9,0
56,2,20,3,2040,42,0,50,2,1,0
60,7,19,1,1360,55,0,50,1,1,1
37,1,18,1,2005,4,1,40,2,1,1
64,1,17,1,4010,303,1,45,1,8,0
34,1,19,3,1050,49,12,36,2,1,0
50,3,16,1,8140,28,0,40,1,1,0
34,1,22,1,3258,28,1,40,1,1,1
56,1,19,1,520,37,1,37,2,1,0
27,1,17,5,9640,6,0,40,2,1,0
23,3,24,5,2310,36,12,40,2,1,0
39,1,22,3,1220,18,0,50,1,1,1
50,7,16,1,4760,15,1,45,1,1,0
49,1,16,3,5740,13,0,40,2,1,0
43,1,23,1,2310,36,0,40,2,1,1
40,1,16,1,7700,49,1,40,1,1,0
65,1,19,1,2830,55,0,40,1,1,1
35,1,16,1,5240,48,2,12,2,1,0
56,2,24,1,10,39,0,60,1,1,1
60,5,21,1,440,6,0,40,1,1,1
58,1,20,1,1551,20,1,99,1,1,1
43,1,22,1,1021,17,0,40,1,1,1
55,1,16,1,4220,303,15,40,2,8,0
57,6,16,1,3602,6,0,99,2,2,0
18,1,19,5,4720,45,17,15,2,1,0
38,6,20,5,9620,42,15,40,1,1,0
24,1,22,5,5860,17,2,5,2,1,0
57,1,16,1,2170,19,1,40,2,1,0
52,6,21,1,4920,47,1,10,2,1,0
58,1,16,3,8950,47,0,18,1,1,0
68,1,12,3,3930,462,0,40,1,2,0
53,6,22,3,2002,17,0,60,2,1,0
47,2,15,1,910,6,0,40,2,1,1
23,1,16,3,4030,72,2,35,1,1,0
18,5,16,5,9825,48,17,30,1,8,0
56,6,21,1,205,30,0,70,1,1,1
26,1,21,5,2710,13,0,40,2,2,0
65,1,17,3,6305,25,4,12,1,1,0
53,5,19,5,2145,6,0,40,2,3,1
38,6,21,5,2910,36,13,40,1,2,1
46,1,12,1,9640,303,1,55,2,1,0
53,1,17,4,7220,25,0,40,1,1,0
47,1,16,3,410,54,0,12,2,1,0
55,7,21,1,1021,9,0,40,1,1,1
68,7,15,5,310,217,0,70,2,6,1
66,4,20,3,5740,37,0,20,2,1,0
62,1,16,5,4420,53,17,45,1,1,0
57,1,19,1,5240,6,0,40,2,1,1
79,1,21,1,10,42,0,46,1,1,1
34,3,16,5,4130,21,2,40,1,1,0
56,1,21,1,1530,12,0,44,1,1,1
49,1,22,5,1050,301,0,50,1,2,1
46,7,21,1,310,55,1,98,1,1,1
53,6,18,1,205,8,0,80,1,1,0
60,1,18,1,4850,26,1,40,1,1,1
52,1,13,1,9110,42,0,30,2,1,0
18,1,19,5,4720,36,17,29,2,1,0
32,1,17,1,4700,51,1,50,1,1,0
30,1,19,5,5240,18,0,42,2,1,0
47,3,20,1,4600,39,1,25,2,1,0
19,1,16,5,4720,9,7,30,1,1,0
22,1,16,5,4622,206,17,15,1,6,0
52,2,21,2,136,36,0,45,2,1,1
40,1,18,1,6260,34,0,40,1,1,1
35,1,12,1,8990,314,1,40,2,1,0
46,1,20,1,700,17,1,50,2,1,0
45,1,24,1,4840,248,12,40,1,1,1
22,1,21,5,4720,47,12,27,2,1,0
29,2,17,5,4251,303,2,40,1,1,0
29,3,16,5,4220,303,2,40,2,1,0
67,1,14,1,4220,26,0,40,1,1,0
49,2,21,1,3110,19,1,40,2,1,1
23,1,19,1,5260,16,1,15,2,1,0
21,1,18,5,4020,5,0,22,1,1,0
33,1,21,1,630,13,1,40,2,1,1
21,1,19,5,4020,24,2,20,1,1,0
35,1,19,5,6230,44,0,45,1,1,1
42,1,17,3,4251,39,16,38,1,1,0
30,1,19,1,5000,12,0,40,1,1,0
33,1,16,3,8990,1,0,40,1,1,0
25,3,23,5,2105,19,0,40,1,1,0
80,5,18,1,5540,20,1,2,2,1,0
66,6,20,3,4230,369,0,28,2,8,0
40,1,21,1,6442,26,0,40,1,1,1
58,1,21,1,705,301,0,50,2,1,1
71,3,19,1,3602,217,0,16,1,6,0
34,3,22,1,2310,55,0,40,2,1,1
21,2,16,1,5740,421,2,40,1,2,0
19,1,19,5,9130,47,17,10,1,1,0
17,1,13,5,2360,40,2,24,1,9,0
53,1,16,1,4750,36,1,40,1,1,0
58,6,19,1,440,25,0,40,1,1,0
48,1,20,1,5740,42,0,40,2,1,1
62,1,14,1,4252,42,0,40,1,1,1
52,6,22,1,5240,4,1,10,2,1,0
55,1,15,5,9600,16,2,48,1,1,0
33,1,16,5,8225,6,0,40,1,1,0
32,2,22,1,2040,51,1,50,2,1,0
19,6,19,5,4621,33,17,30,1,1,0
38,1,19,5,4040,15,0,36,2,9,1
62,1,21,1,630,6,0,21,2,1,1
40,1,21,1,4700,12,0,47,1,1,1
56,6,16,1,8300,4,1,24,1,1,0
31,1,20,5,4040,18,13,40,1,1,0
45,6,16,1,205,48,1,80,1,1,1
66,6,19,1,9645,217,1,36,2,6,0
46,1,16,1,7000,42,0,45,1,1,1
37,1,21,5,4820,139,0,50,1,1,1
20,1,19,5,4251,17,17,35,1,1,0
38,4,21,1,230,207,1,50,2,6,1
52,1,16,3,7700,13,0,60,1,2,1
33,1,22,5,3602,6,2,16,2,6,0
32,1,16,1,3421,5,0,40,2,1,0
46,4,22,1,230,51,1,50,2,1,1
26,1,22,5,1460,8,0,60,1,1,1
30,1,21,1,4350,128,0,40,2,1,0
40,1,22,5,7330,22,0,50,1,2,0
39,1,21,1,1021,362,1,50,1,1,1
66,1,16,1,4150,301,1,25,2,1,0
20,1,20,5,4030,12,2,30,2,9,0
22,1,19,5,4640,42,17,20,2,1,0
22,1,21,5,4760,6,13,15,2,1,0
47,6,16,1,4510,45,0,30,2,1,0
59,1,21,1,1108,45,1,45,2,1,1
33,1,19,1,10,51,0,45,1,1,1
43,1,16,1,6230,333,0,40,1,2,1
61,7,17,3,9130,1,0,91,1,1,0
49,1,20,1,5000,19,1,48,1,1,1
19,1,19,5,4600,53,2,20,2,1,0
23,3,18,5,6050,48,0,40,1,8,0
61,1,18,1,5120,39,0,40,2,1,1
52,7,21,1,4920,20,1,40,2,7,1
55,1,16,3,4330,44,0,40,2,1,1
59,1,16,5,8990,31,0,56,1,1,0
20,1,16,5,6230,1,16,30,1,1,0
54,1,16,3,9130,30,0,11,1,1,0
57,1,22,1,300,1,0,50,1,1,1
31,5,20,3,5540,12,0,45,2,2,0
61,1,16,3,8740,42,0,40,1,1,0
53,1,18,1,4760,47,1,25,2,1,0
53,1,15,1,440,27,1,42,2,1,1
64,6,20,1,6115,18,1,40,1,1,0
22,1,19,5,4720,48,2,20,2,1,0
55,6,23,1,4820,26,0,40,1,1,0
22,1,20,5,3603,51,12,40,2,1,0
24,1,18,1,8990,26,1,40,1,1,0
46,1,1,5,4760,303,0,40,2,8,0
18,1,16,5,5240,44,3,20,1,1,0
40,1,22,1,3255,25,1,32,2,1,1
36,3,22,1,2002,47,1,40,2,1,0
29,1,16,5,8255,6,2,40,1,1,0
31,4,16,5,4110,48,0,30,2,2,0
45,1,21,1,120,214,1,75,1,1,1
20,1,19,5,4110,42,17,25,2,1,0
30,2,22,5,3645,26,0,40,2,1,1
80,1,22,1,1360,29,1,20,1,1,1
63,1,11,1,4230,206,0,40,1,6,0
20,1,19,5,9620,26,2,25,1,1,0
39,1,18,1,440,8,1,55,1,9,0
41,1,19,1,4700,39,1,50,2,1,0
19,1,19,5,5240,32,17,25,2,1,0
47,4,23,1,5000,47,0,55,1,1,1
19,1,16,1,9645,21,2,40,1,1,0
28,7,9,5,6410,314,13,60,1,8,0
41,1,22,5,6410,6,13,40,2,1,1
40,2,16,4,3602,72,0,20,2,1,0
53,1,21,3,4700,40,0,50,2,9,1
36,1,19,3,5000,36,0,28,2,1,0
49,5,17,5,5820,24,0,40,1,2,1
65,1,18,1,4030,42,0,30,2,1,0
26,1,19,5,5510,17,16,30,2,2,0
44,4,19,3,2320,4,10,60,2,8,1
24,1,21,5,4130,9,2,6,1,1,0
49,1,21,3,8030,55,0,44,1,1,1
56,1,12,1,6130,5,1,40,1,1,0
63,1,16,1,8030,26,0,40,1,1,1
57,1,19,1,5120,48,1,40,2,1,0
38,7,22,1,3245,6,1,15,2,1,0
53,6,17,1,6200,8,1,40,1,1,1
56,1,16,1,4700,39,0,45,2,1,0
25,1,21,5,4700,9,0,60,1,1,1
41,4,21,1,2310,8,0,40,2,1,1
63,6,16,1,205,27,0,50,1,1,0
48,7,21,5,710,13,0,25,2,1,1
44,1,20,1,1006,449,0,45,2,1,1
26,1,16,5,3500,25,2,40,2,1,0
34,1,21,5,1021,18,0,40,1,1,1
65,3,22,1,2320,13,0,40,1,1,1
66,7,19,1,4760,364,0,45,1,1,0
58,2,21,1,1650,30,0,36,2,1,1
61,6,18,1,6260,42,1,50,1,1,0
39,1,16,5,4710,26,0,50,1,1,1
54,1,16,1,600,42,0,50,1,1,1
38,1,19,1,5120,36,0,45,1,1,1
42,1,20,3,3255,39,0,40,2,1,0
38,1,19,1,7750,35,1,38,1,1,0
60,3,20,1,530,53,0,30,2,4,0
43,1,19,1,8140,13,1,55,1,1,1
66,1,16,1,4251,10,0,24,1,1,0
19,3,18,5,5240,53,2,28,1,1,0
22,1,19,1,5300,36,9,42,2,8,0
24,1,1,5,9620,303,5,45,1,1,0
49,1,19,5,4700,12,0,40,1,2,0
27,1,19,5,2740,12,16,60,2,7,0
39,6,21,1,800,48,1,40,2,6,0
51,1,21,1,1021,24,1,60,1,1,1
28,6,12,5,6260,303,12,35,1,8,0
60,7,18,2,6200,51,0,40,1,1,1
33,1,16,5,4720,26,0,35,2,1,0
22,1,21,5,2634,207,0,50,2,6,1
36,4,23,1,2100,20,0,40,2,1,1
48,7,22,3,1021,29,0,60,1,1,1
46,1,22,1,440,1,1,50,2,1,1
39,1,21,1,1021,42,0,42,2,1,1
55,1,7,1,6050,303,0,60,1,1,0
66,1,19,1,2025,24,1,40,1,2,0
38,1,19,5,5400,8,2,40,2,1,0
60,7,23,1,3010,27,1,40,1,1,1
43,1,21,1,850,12,0,55,1,1,1
33,1,19,5,7700,55,0,47,1,1,1
60,1,20,1,20,301,0,45,1,9,1
49,4,22,1,2310,10,1,40,2,1,1
54,1,19,1,705,18,0,40,1,2,1
25,1,21,5,7750,25,0,40,1,1,0
64,3,21,1,2310,42,0,50,1,1,1
67,1,16,1,9130,31,0,60,1,1,1
56,1,22,1,2016,48,1,40,2,1,1
76,6,20,1,4510,19,1,6,2,1,0
23,1,16,5,6355,13,5,40,1,1,0
30,1,19,5,5240,42,13,40,2,1,0
28,4,21,1,2310,28,1,40,2,1,0
26,1,21,5,710,17,0,40,2,1,1
33,1,19,1,7410,1,0,40,1,1,1
70,7,22,1,800,25,1,37,1,1,1
36,4,21,1,310,39,0,45,1,1,0
55,3,21,3,5740,18,0,35,2,1,1
31,1,21,5,4110,38,0,20,2,1,0
52,6,19,1,4350,24,1,15,2,1,0
49,6,21,2,4220,36,15,36,2,1,0
33,3,16,1,2545,48,1,40,2,1,0
38,1,9,5,4110,313,10,40,2,8,0
50,1,16,4,8710,303,0,48,1,8,0
69,5,16,5,8030,19,0,40,1,9,1
39,1,19,1,4800,19,1,44,2,1,0
55,3,16,1,5350,18,0,40,1,1,1
63,1,18,1,3930,8,0,30,1,1,0
48,1,22,1,440,9,0,50,1,1,1
33,1,18,1,9640,48,1,50,1,1,0
23,1,16,5,4055,39,2,20,2,1,0
64,3,16,3,4710,25,0,40,2,1,1
23,1,20,5,4710,19,2,40,2,1,0
43,1,18,1,3255,35,0,30,2,1,0
18,1,16,5,9645,38,2,35,1,1,0
23,1,19,5,4720,18,4,20,2,8,0
59,2,24,1,630,26,1,40,2,2,1
43,1,19,1,1108,11,0,40,1,1,1
45,6,19,4,6355,303,17,40,1,1,0
32,1,17,1,5740,8,1,40,2,1,0
49,1,21,1,4800,42,1,50,2,6,0
32,3,21,1,2310,1,0,40,1,1,0
48,1,23,1,2006,6,0,50,1,1,1
62,1,19,1,5240,6,0,40,2,1,0
41,1,9,1,9630,303,0,40,1,1,0
54,1,16,1,4030,233,0,40,2,6,0
53,1,21,1,4850,25,1,60,2,1,1
51,1,16,1,7210,4,0,50,1,1,1
56,3,22,1,3870,42,1,40,1,2,1
40,1,21,1,850,6,1,40,1,1,1
57,1,19,1,7000,6,1,45,1,1,1
28,3,22,5,2310,36,5,40,1,2,1
65,1,16,1,9645,46,1,40,1,1,1
33,1,21,1,1530,12,0,40,1,1,1
33,1,20,1,3255,49,1,30,2,1,0
64,1,16,5,7750,36,0,18,2,2,0
65,2,21,1,2310,29,1,45,2,1,0
18,2,19,5,5510,210,17,12,2,8,0
66,3,19,1,440,24,0,36,2,1,0
61,2,19,3,1050,24,0,40,2,2,1
22,1,14,4,4760,12,5,40,2,8,0
46,1,19,1,4710,139,0,45,1,2,1
46,1,18,1,4710,440,1,60,1,2,1
61,1,1,1,8320,313,15,40,1,6,0
67,6,21,1,205,17,1,40,1,1,1
40,1,16,1,4700,34,0,40,2,1,1
76,1,16,1,9130,26,1,40,1,1,0
59,3,16,1,4010,29,1,30,2,1,0
31,1,16,5,6230,5,12,40,1,8,0
68,1,14,1,4200,303,1,40,2,1,0
43,1,19,5,8030,39,0,48,1,2,1
48,2,21,5,2040,48,0,15,2,9,0
18,1,19,5,2722,48,17,9,2,8,0
27,1,17,5,8990,42,17,40,2,2,0
58,1,21,1,410,47,0,20,1,1,1
84,2,16,2,3321,19,0,5,2,1,0
35,3,21,1,2310,34,0,35,2,1,0
44,1,16,5,7020,17,0,40,1,1,1
42,1,16,1,5240,6,0,40,1,3,0
42,6,16,5,3602,12,0,42,1,1,0
74,6,16,1,4760,48,0,28,1,1,0
28,1,23,5,3910,12,0,40,1,1,0
33,1,16,1,9640,303,1,40,2,1,0
46,1,21,1,4510,149,0,15,2,1,0
29,5,16,1,9810,6,0,45,1,1,1
34,1,21,5,220,6,0,40,2,1,1
58,1,21,1,110,47,1,40,2,1,1
67,8,16,1,4220,38,0,2,1,1,0
41,2,24,1,2205,40,1,15,1,1,0
35,2,21,1,1650,55,0,40,2,1,1
29,1,19,5,220,4,13,40,1,1,1
36,1,19,5,5330,37,0,40,2,1,1
56,1,18,3,7200,39,0,40,1,9,0
45,5,19,1,9830,6,0,12,1,1,0
52,1,16,4,4220,13,0,40,2,2,0
31,1,21,5,1440,42,0,45,1,1,1
50,4,18,1,2016,42,0,38,2,1,1
20,2,19,5,2440,21,17,4,2,1,0
35,1,22,1,120,12,0,40,1,1,1
57,1,21,1,710,25,1,45,1,1,1
66,4,18,1,5310,5,0,30,1,1,0
24,1,17,5,9720,47,10,40,1,2,0
51,6,19,1,6200,17,0,40,1,1,0
54,1,22,1,4965,36,0,40,1,1,1
22,1,21,5,2001,6,0,18,2,6,0
23,1,16,5,8140,12,17,50,1,2,1
55,2,19,1,2545,17,1,8,2,1,0
35,2,21,1,2310,36,1,40,1,1,1
24,1,16,5,8256,37,2,36,1,1,0
24,1,16,5,6260,19,13,40,1,1,0
34,5,20,3,3945,36,2,40,2,1,0
54,1,16,1,9005,53,1,50,1,1,1
40,1,16,5,5610,41,0,40,1,1,0
22,1,21,5,3255,23,2,40,2,1,1
24,6,16,5,2755,13,2,5,1,2,0
64,1,22,2,1108,13,0,40,2,1,1
54,1,16,2,4110,51,0,30,2,1,0
19,2,19,5,4840,501,17,20,1,1,0
55,1,21,1,3255,207,1,56,2,6,1
57,6,19,3,9130,6,13,70,1,1,1
19,1,19,5,4760,12,2,40,1,1,0
29,2,21,3,2920,47,0,60,2,1,1
31,1,19,1,9645,1,0,40,1,1,0
74,1,20,5,3255,139,0,32,1,1,1
49,1,20,1,6730,26,0,40,1,1,0
57,1,9,1,4110,303,0,40,1,8,0
18,1,16,5,4110,55,2,30,2,1,0
62,1,19,2,9645,303,0,32,1,9,0
24,1,16,5,5150,48,0,30,2,1,0
71,1,23,1,3010,36,0,35,1,1,1
31,3,22,5,2310,4,15,45,2,1,1
26,1,20,5,5110,6,2,40,2,1,0
63,1,21,1,1420,36,0,45,1,1,1
53,4,21,3,2014,1,0,40,2,2,0
24,2,21,5,2751,6,12,4,1,6,0
56,7,23,5,2100,26,0,32,1,1,0
18,1,16,5,4030,4,4,16,2,1,0
37,4,24,1,2205,42,0,65,1,1,1
36,4,22,3,2310,6,2,40,2,6,1
29,1,21,5,4110,29,13,20,2,1,0
38,4,20,1,3710,72,0,40,1,1,0
24,1,21,5,3255,36,2,40,2,6,0
60,6,9,1,205,47,0,75,2,1,0
62,1,18,1,20,42,0,42,1,1,1
54,1,19,1,7700,16,1,40,2,1,0
44,1,15,2,8140,42,0,50,1,1,0
65,4,19,3,4230,28,13,40,2,2,1
30,6,22,5,440,36,0,20,1,1,1
65,1,21,5,5165,55,0,40,1,1,1
27,1,21,5,20,55,4,41,1,8,0
37,1,21,1,1006,26,0,50,1,1,1
79,7,21,2,2360,25,0,20,2,1,0
61,2,24,3,2205,301,0,15,2,1,1
26,1,16,5,4600,6,2,10,2,8,0
77,6,19,2,6050,46,0,20,2,1,0
55,1,16,1,4720,29,0,40,2,1,0
41,1,9,1,6260,303,1,40,1,1,0
23,1,14,5,9141,53,13,20,2,1,0
40,1,16,3,9600,13,7,40,1,2,0
35,3,19,5,5260,44,5,40,1,1,0
57,1,16,1,8600,26,1,60,1,1,1
31,6,18,1,7240,42,0,45,2,1,0
57,1,21,1,630,303,10,80,2,1,1
64,1,16,1,7315,301,0,40,1,1,0
45,1,20,5,7010,23,0,60,1,1,0
64,3,21,1,2310,13,1,40,2,2,0
23,1,20,5,3310,31,0,40,2,1,0
55,3,21,1,3870,17,1,40,1,1,1
79,1,16,2,4760,27,0,24,2,1,0
21,1,20,5,7330,1,2,30,1,1,0
64,1,17,3,4760,48,15,25,2,9,0
23,1,18,5,5260,24,0,35,2,1,0
54,4,16,1,4130,233,5,35,2,6,0
29,1,19,1,2001,6,0,35,2,9,0
56,1,16,1,160,17,1,50,1,1,1
51,1,19,2,565,48,0,60,2,2,1
25,1,21,5,1360,19,0,45,1,1,1
50,1,19,2,5140,26,0,40,2,1,0
59,7,16,5,4920,36,12,40,1,1,0
31,4,21,5,1530,42,0,45,1,1,1
18,1,16,5,9610,12,2,30,1,1,0
42,1,16,5,4700,6,13,40,2,1,0
27,1,16,5,6410,303,2,40,1,8,0
67,1,20,1,5940,19,1,1,2,1,0
37,2,22,5,705,25,0,50,2,1,1
36,1,19,5,8990,47,0,40,2,2,0
42,6,16,1,6442,21,0,60,1,1,0
66,6,21,3,7640,8,0,30,1,1,1
75,6,21,1,4540,51,0,8,2,1,0
27,1,16,5,9610,6,0,45,1,1,0
64,1,16,1,5740,42,0,30,2,1,0
38,1,16,3,4040,17,0,25,2,1,0
56,1,19,1,5120,39,1,40,2,1,0
21,1,20,5,4720,48,0,30,2,1,0
41,1,20,1,2640,20,0,40,1,1,1
51,4,23,1,1108,110,1,40,1,1,1
47,1,16,5,960,24,0,40,2,2,1
62,1,13,1,6260,22,0,40,1,1,0
24,1,19,3,4600,16,0,40,2,1,0
43,1,20,1,120,8,1,40,1,1,1
33,1,20,1,4220,22,0,55,1,1,0
47,1,21,1,7855,329,0,50,1,1,0
40,1,16,4,5260,11,12,40,2,2,0
58,5,22,1,440,36,0,50,1,1,1
59,1,16,1,4965,6,1,20,1,1,0
24,1,17,5,3601,324,11,40,2,2,0
30,6,16,5,440,8,13,30,2,1,0
34,4,21,1,2310,36,1,40,2,1,0
38,1,21,5,9645,34,5,40,1,1,0
19,1,19,5,9620,13,12,20,2,1,0
29,1,21,1,750,8,1,45,2,1,1
21,1,15,5,4251,303,0,40,1,1,0
60,1,16,5,6305,31,0,45,1,1,0
43,1,19,1,3645,55,1,32,2,1,0
28,1,21,5,410,48,0,40,2,1,0
37,3,19,5,3740,6,2,40,1,1,1
58,1,21,3,4040,22,0,15,2,2,1
45,3,21,1,2545,11,0,40,2,2,0
61,1,16,5,4700,18,0,40,2,1,0
60,1,18,1,7340,31,0,40,1,1,1
29,1,16,3,3421,31,0,40,2,1,0
65,1,21,1,110,17,0,15,1,1,0
38,1,22,1,1021,210,0,40,1,6,1
22,1,19,5,3602,36,2,40,1,1,0
43,1,20,1,4000,41,0,50,1,1,1
54,1,21,1,1220,42,0,40,2,2,1
17,1,14,5,4130,17,2,22,1,8,0
73,7,16,3,440,53,0,24,1,1,1
37,1,22,1,750,6,0,40,2,1,1
45,1,21,1,1065,210,0,40,1,6,1
48,1,20,1,3602,26,0,40,2,1,0
66,1,16,1,9130,55,0,24,1,1,1
29,5,22,1,1650,36,0,40,2,1,1
27,1,21,1,20,17,1,51,1,1,0
32,1,18,1,4020,370,2,50,1,1,0
61,1,1,1,3601,12,1,40,2,2,0
25,1,19,5,4920,163,0,50,1,1,1
49,2,21,5,5740,34,0,40,2,1,0
30,1,20,5,3630,26,0,35,2,1,0
61,2,16,1,4220,35,0,5,2,1,0
31,7,21,1,205,34,1,45,2,1,0
35,1,16,1,4965,35,10,20,1,1,0
39,7,20,1,310,25,0,69,1,1,0
29,2,19,5,735,38,0,50,1,3,0
27,3,23,5,1980,6,2,40,2,1,0
44,1,16,5,7315,42,0,45,1,1,1
34,2,22,5,1021,25,10,40,1,2,1
47,1,18,1,5260,18,0,37,2,1,0
49,5,21,1,700,36,0,40,2,1,1
24,1,21,5,4030,39,2,20,2,1,0
73,1,23,2,2100,25,0,50,2,1,1
33,2,22,1,2040,42,1,50,1,1,1
19,1,19,5,3960,333,12,20,1,2,0
25,1,21,5,4160,26,12,50,1,1,0
31,2,22,5,2205,42,0,20,1,1,1
25,2,16,5,9142,362,4,40,1,1,0
18,1,16,5,4055,6,2,20,2,1,0
50,1,21,1,5860,39,0,43,2,1,0
27,1,22,5,1360,19,0,45,1,1,1
52,1,22,5,2810,36,0,40,2,6,1
57,1,16,1,5000,39,0,40,1,1,0
31,1,1,1,6260,48,10,45,1,1,0
64,1,20,1,2840,26,0,40,1,1,1
51,2,18,1,310,42,0,50,2,1,1
53,1,19,4,4760,19,6,40,1,1,0
49,6,22,1,5240,207,1,20,2,6,0
46,1,19,1,5740,39,1,40,2,1,0
57,4,22,1,2205,25,0,40,2,1,1
30,5,20,1,6355,30,1,40,1,1,0
34,3,22,1,2300,13,0,50,2,1,1
47,3,21,3,8620,1,0,40,1,1,0
19,1,16,5,9600,5,2,40,1,1,0
28,1,21,5,2310,36,0,9,2,1,0
36,1,22,1,800,12,0,25,2,1,1
20,1,19,5,5240,48,0,25,2,1,0
32,1,16,1,4220,303,0,40,1,1,0
20,1,19,5,4055,53,2,40,1,1,0
59,1,20,2,3255,20,0,42,2,8,0
42,1,21,1,3200,40,0,40,2,1,0
24,3,17,5,4600,17,2,30,2,1,0
25,1,21,5,3324,33,15,35,2,1,1
40,1,21,5,110,36,0,50,1,1,1
60,1,20,5,5120,53,0,43,1,1,0
48,1,21,1,120,110,1,50,2,1,1
27,1,17,5,5740,35,0,40,2,1,0
29,1,18,5,4700,15,0,33,2,1,0
56,1,16,1,4820,207,1,40,2,6,0
60,1,19,1,4700,6,1,55,2,1,0
20,1,19,5,5240,36,12,15,2,1,0
19,1,19,5,4965,17,2,8,2,1,0
41,1,19,1,4720,110,0,25,2,1,0
47,1,20,1,5610,6,1,40,1,9,0
53,1,21,1,101,360,1,30,2,1,0
61,1,21,2,1720,48,0,40,1,1,1
65,6,14,1,3602,333,0,30,1,2,0
68,3,22,3,2310,36,0,35,2,1,1
37,3,22,1,2310,233,0,40,2,6,1
37,1,18,3,4900,51,2,5,2,1,0
26,1,17,5,4720,6,0,20,1,1,0
37,1,16,3,7340,55,0,50,1,1,1
43,4,20,3,20,48,13,40,2,1,0
44,1,16,3,7700,49,0,50,1,1,1
54,2,16,1,4720,11,0,20,2,1,0
70,1,19,1,1530,207,1,45,2,6,0
22,1,21,1,2002,42,0,30,2,1,0
38,1,16,5,7420,6,0,40,1,1,1
37,5,18,3,3802,18,0,40,1,1,1
67,2,1,5,9620,39,10,30,2,1,1
66,2,24,1,440,39,0,40,1,1,1
51,7,16,1,6240,27,0,30,1,1,1
47,2,21,5,5860,17,0,40,2,1,0
28,2,18,5,5110,29,2,40,2,2,0
33,1,20,5,2545,19,13,38,2,1,0
58,2,15,5,8990,333,12,12,1,2,0
23,1,21,1,6260,27,0,40,1,1,0
50,1,16,1,9130,303,0,65,1,8,1
62,1,19,1,5740,34,1,35,2,1,0
74,1,22,1,120,36,0,50,1,1,1
38,1,16,1,6355,40,1,40,1,1,1
47,1,21,3,4720,48,0,45,2,1,0
69,1,20,1,3255,27,1,20,2,1,0
35,3,22,1,2310,12,0,40,2,1,1
66,6,21,1,1306,36,0,12,2,1,0
49,1,21,1,3255,24,1,40,2,1,1
48,3,21,1,3255,207,0,40,2,6,1
62,2,20,1,5860,18,1,32,2,1,0
50,1,21,3,4840,36,0,40,2,1,1
47,6,20,1,3630,17,1,30,2,1,0
23,1,18,5,5000,13,4,8,2,2,0
38,7,22,1,1006,210,0,40,1,6,1
64,1,16,1,1430,9,1,55,1,1,1
37,1,16,1,440,6,0,40,1,1,0
68,6,21,3,5110,36,0,40,2,1,1
54,1,21,1,440,34,0,40,1,1,1
41,2,21,1,136,247,1,40,2,6,1
42,6,22,1,710,17,0,40,1,1,1
36,5,22,1,530,26,0,24,2,1,1
55,1,16,1,7340,33,0,48,1,1,1
20,1,15,5,4230,53,2,40,2,8,0
52,1,16,1,440,12,1,50,1,1,0
35,4,16,5,4251,6,17,20,1,1,0
32,1,16,1,9130,72,1,80,1,1,1
64,1,19,3,5240,12,0,12,2,1,0
48,2,22,3,5940,39,0,40,2,1,0
54,1,20,3,3500,5,0,40,2,1,0
58,1,20,1,3255,128,0,32,2,1,1
19,1,16,5,4110,39,2,20,2,1,0
84,6,24,3,1825,36,0,50,2,1,1
29,1,21,5,845,17,2,45,1,1,1
34,1,17,1,6050,48,1,50,1,1,0
55,1,18,1,5720,34,0,40,2,1,0
64,1,20,1,5860,12,1,45,2,1,0
53,3,20,1,5720,233,1,40,2,6,1
53,6,21,4,4230,164,13,25,2,1,0
67,6,19,3,4220,37,0,27,2,1,0
35,2,21,5,3603,20,2,40,2,1,0
36,1,21,1,5165,243,0,45,2,1,0
32,1,16,1,8140,6,9,40,1,1,0
36,1,19,3,4251,17,0,30,2,1,0
52,2,16,1,4230,303,0,40,2,1,0
35,1,20,5,4110,329,5,38,1,8,0
58,1,21,1,640,42,0,45,2,1,0
55,1,19,1,3655,27,1,40,2,1,0
30,2,24,1,3090,46,1,60,1,1,1
49,1,19,5,4760,360,0,48,1,1,0
60,1,20,1,530,163,1,40,2,1,0
49,3,21,5,10,316,0,50,2,1,1
57,6,15,1,7200,372,1,50,1,1,1
39,1,19,5,6210,48,0,50,1,1,0
25,1,11,5,6330,48,2,40,1,1,0
35,7,21,5,4700,54,0,60,1,1,0
19,1,16,5,9645,41,4,25,2,1,0
32,1,22,5,2330,56,12,55,2,1,1
57,1,20,1,7700,47,0,40,1,1,1
42,2,21,1,4030,36,0,70,2,1,1
53,1,19,1,4720,28,1,30,2,2,0
18,6,14,5,4600,20,2,10,2,1,0
50,3,23,1,2100,36,0,29,2,2,1
23,1,16,5,7200,54,0,45,1,1,0
50,2,16,1,440,20,0,40,1,1,1
76,1,23,1,2100,42,0,40,1,1,1
52,1,21,5,4720,20,0,34,2,1,0
29,1,16,5,3515,36,2,40,1,1,1
55,1,23,5,4710,26,0,55,1,1,1
58,1,19,3,4820,315,0,40,2,1,1
47,2,22,5,1860,20,15,35,2,1,1
68,6,21,5,440,19,0,40,1,1,0
19,1,18,5,6260,6,17,20,1,1,0
59,1,20,1,110,36,1,40,1,1,1
39,5,21,1,5550,407,0,40,1,2,0
37,1,21,1,4251,16,0,40,2,1,0
50,6,21,1,310,217,0,50,1,6,0
54,1,22,1,1530,139,0,50,1,1,1
27,1,19,5,3649,6,3,15,2,6,0
53,1,21,3,1021,51,0,42,2,1,1
72,2,24,1,2205,138,0,40,1,1,1
47,2,21,1,230,26,0,50,1,1,1
27,1,16,1,4510,6,1,40,2,1,1
17,1,14,5,3602,24,7,25,2,1,0
61,1,21,2,4840,13,0,50,1,1,1
29,1,17,5,1360,6,13,40,1,1,1
24,1,16,5,6442,247,5,40,1,6,0
48,3,22,1,2310,6,1,42,1,1,1
55,4,21,1,1310,55,1,40,1,1,0
49,1,22,1,4710,17,0,40,1,1,1
41,1,19,1,5740,4,1,40,2,1,0
38,1,19,3,4810,18,0,40,2,1,1
46,3,21,1,110,37,0,40,2,2,0
52,1,19,1,4700,17,0,40,2,2,0
54,2,21,1,3255,6,0,24,1,1,1
47,1,16,1,220,28,0,50,1,1,1
62,6,22,5,800,55,0,30,1,1,0
33,1,16,1,4030,4,0,24,2,1,0
77,1,16,1,9150,6,1,24,1,1,1
37,2,23,1,3010,41,0,40,1,1,1
24,1,19,1,4850,231,1,40,1,6,0
71,6,16,1,7040,13,0,40,1,1,0
30,4,21,1,2310,6,0,40,2,1,0
41,1,16,1,7700,45,1,42,1,1,1
55,3,16,3,6730,24,13,40,1,2,0
64,1,19,3,1920,21,0,48,2,1,1
34,1,22,1,5940,42,0,35,2,1,0
39,5,16,1,5560,21,1,60,1,1,1
59,4,21,1,2310,19,1,50,2,1,0
40,2,21,1,3255,29,0,33,2,1,1
62,6,18,1,4230,21,9,40,2,1,0
62,6,14,2,4510,9,0,25,1,1,1
50,6,18,3,4110,17,0,36,2,1,0
41,1,21,1,1530,165,0,40,1,1,1
37,3,22,1,2310,36,0,40,2,1,1
18,1,16,5,2360,49,2,16,2,1,0
42,1,16,1,4700,17,1,35,2,1,0
54,4,20,1,4600,29,0,40,2,1,0
23,1,19,1,6260,37,1,40,1,1,0
44,6,21,1,410,6,0,50,1,6,0
29,1,12,5,9620,303,0,60,1,8,0
34,2,22,1,5860,36,0,40,2,1,0
61,3,19,1,420,17,1,58,1,1,1
65,4,21,1,5740,49,1,30,2,1,0
52,3,20,3,5400,36,0,40,2,1,1
57,1,21,1,940,34,0,12,2,2,0
32,1,16,5,6260,303,2,40,1,1,0
17,1,13,5,5240,48,2,6,1,1,0
18,1,14,5,9645,40,2,12,1,7,0
47,1,19,1,440,13,1,75,1,1,1
68,1,19,1,440,39,0,40,1,1,1
47,1,21,1,120,362,0,11,1,1,1
53,2,21,1,3150,42,0,36,2,1,1
23,1,21,5,4840,29,0,40,2,1,0
48,1,16,1,4622,26,1,29,2,1,0
42,1,18,1,2710,6,0,36,1,1,0
29,1,21,5,2850,36,0,40,2,2,1
50,4,19,1,2310,72,0,37,1,1,0
37,1,12,1,6330,303,1,20,1,1,0
32,1,14,1,4230,48,0,20,2,1,0
19,1,16,5,4622,6,2,40,2,1,0
50,1,16,2,4020,36,0,40,2,2,0
39,1,18,1,8990,36,1,40,2,1,1
25,1,21,5,5000,12,0,40,1,1,0
58,1,16,2,4720,35,0,40,2,1,0
62,3,23,3,2100,6,0,40,1,1,1
29,1,21,5,4040,21,10,35,1,1,0
34,1,21,5,710,21,0,40,1,1,0
28,1,17,5,4251,5,0,40,1,1,0
32,1,15,5,8710,41,0,40,1,1,0
36,1,22,1,4850,42,0,45,1,1,1
41,1,19,1,2640,25,1,50,1,1,1
22,4,19,5,4435,48,2,18,1,1,0
41,1,16,1,3601,40,0,45,2,1,0
38,1,18,1,4850,29,1,40,2,1,1
28,1,16,1,310,49,1,40,2,3,1
38,1,21,1,3322,34,1,40,2,1,1
61,2,22,1,420,36,0,3,1,1,0
36,3,23,5,7700,17,0,38,2,6,1
40,6,16,5,4350,16,0,40,2,1,0
24,1,16,5,7200,18,2,40,2,1,0
54,1,20,1,9005,45,1,40,2,1,0
60,1,21,5,6305,17,0,40,2,1,1
42,1,16,1,9620,47,1,46,1,1,0
43,1,21,5,310,54,0,55,1,1,0
51,1,19,3,5110,6,0,40,2,8,0
26,6,18,5,4920,6,7,40,1,1,0
23,1,21,5,630,37,2,36,2,1,0
64,1,21,1,4850,15,1,48,2,6,1
66,5,20,1,2360,36,0,40,1,1,1
20,3,16,5,4251,36,2,30,1,1,0
51,1,18,1,110,31,0,50,1,1,1
54,1,15,1,4700,26,1,40,2,1,0
56,2,19,5,10,12,0,50,1,1,1
44,5,24,1,1220,515,0,60,1,9,1
49,1,11,3,4700,42,0,40,2,1,0
60,1,19,1,1400,26,0,50,1,1,1
46,1,22,1,230,36,0,40,2,1,1
48,1,16,5,9620,55,0,44,1,1,0
24,5,19,5,9830,12,17,40,1,8,0
42,1,21,1,4850,226,0,40,1,6,1
37,1,19,1,540,21,1,40,2,1,1
42,1,16,1,8810,1,0,50,1,1,1
31,8,16,5,6230,48,2,20,1,1,0
21,1,18,5,4700,6,3,40,2,1,0
49,1,16,5,7700,6,0,40,1,1,1
29,1,17,5,9620,6,2,36,1,1,0
61,1,16,3,3603,54,0,40,2,1,0
54,7,20,5,650,42,0,15,2,2,0
60,1,20,1,3602,17,0,40,2,1,0
19,3,16,5,4720,34,7,16,2,2,0
44,7,21,1,4920,2,1,40,1,6,1
25,1,20,5,1010,21,0,65,1,1,1
36,7,16,1,5740,18,1,25,2,1,0
18,1,19,5,4020,34,7,30,1,1,0
52,1,14,1,8320,303,1,40,2,1,0
33,1,22,5,710,55,0,45,1,1,1
34,1,22,5,440,39,0,45,1,1,1
67,1,14,1,3930,26,1,20,1,2,0
33,1,20,5,3402,12,7,40,1,1,0
52,2,21,1,4840,18,1,40,2,1,0
30,1,21,1,4400,17,1,40,2,1,1
37,1,16,1,5350,303,0,40,1,1,0
56,1,16,4,9130,30,2,55,1,1,1
26,1,16,5,4020,49,10,40,1,1,0
51,1,18,1,4230,51,15,40,2,1,0
18,1,18,5,4720,42,17,20,2,2,0
69,6,21,1,5350,48,0,20,1,1,0
41,1,20,1,2014,42,0,38,2,1,0
35,4,17,1,7210,36,0,50,1,1,0
71,2,22,5,230,55,0,40,1,1,1
52,1,21,1,800,34,1,35,1,1,1
44,1,22,1,120,5,1,50,1,1,1
38,1,20,1,120,36,0,55,2,1,1
44,6,22,1,440,29,0,20,2,1,1
45,2,16,1,5740,303,1,40,2,1,0
32,1,16,5,5740,303,13,40,2,1,0
32,1,18,5,3421,6,2,80,1,8,0
21,1,14,5,9620,39,2,40,1,2,0
56,1,19,1,5240,34,1,40,2,1,1
36,3,19,1,8620,6,0,40,1,9,1
45,4,21,1,2310,36,0,40,1,1,1
19,1,16,5,4720,6,17,30,2,8,0
60,1,16,1,20,36,0,50,1,1,1
46,1,19,1,7810,205,0,40,1,6,0
19,1,16,5,4020,22,2,40,1,2,0
57,1,21,1,9645,36,0,40,2,1,0
52,1,17,1,2905,34,0,45,1,1,1
24,1,21,5,2004,42,0,40,2,1,0
56,1,18,3,1050,313,0,40,2,1,0
18,1,16,5,4720,6,2,30,1,1,0
31,1,24,1,3050,40,1,40,1,1,1
58,6,22,1,1825,25,1,40,2,1,1
23,1,21,5,4700,55,5,38,2,1,0
61,1,22,3,1050,240,0,40,2,6,1
56,1,20,1,4020,233,1,30,2,6,0
66,2,16,1,7210,37,0,40,1,2,1
43,1,21,5,440,42,13,40,1,9,1
25,3,21,5,2320,17,12,65,1,2,1
27,8,17,5,4850,46,2,20,1,1,0
79,3,21,1,9121,233,0,20,1,6,0
18,3,16,5,3960,31,4,30,1,1,0
27,1,22,1,750,210,0,40,1,6,1
61,1,16,1,120,34,0,45,2,1,1
22,1,19,5,7260,17,2,38,1,1,0
30,4,18,5,2435,12,0,25,2,2,0
62,1,19,3,7410,1,0,60,1,1,1
54,4,22,5,440,51,0,40,2,2,1
57,6,16,3,9141,416,13,76,1,2,0
20,1,20,5,4030,28,2,30,1,2,0
47,1,1,1,4230,303,1,40,2,1,0
56,6,18,1,205,42,0,84,2,1,1
51,2,17,1,440,36,1,38,2,1,1
52,1,12,1,9640,303,0,40,1,1,0
34,3,19,1,5110,29,0,35,2,1,0
18,1,18,5,4622,168,17,16,1,1,0
35,1,22,1,120,48,1,40,1,1,1
44,1,24,1,2205,1,1,45,1,2,1
55,2,21,1,4600,48,1,20,2,1,0
39,1,21,1,845,55,0,60,1,1,1
29,2,21,5,350,48,0,38,2,1,0
20,2,19,5,5740,15,17,15,2,6,0
32,1,19,5,3602,35,0,60,1,3,0
64,2,22,1,750,42,1,40,2,2,1
61,1,20,1,7340,19,0,42,1,1,1
61,3,22,1,2861,25,0,50,2,1,1
31,7,21,1,4700,4,0,25,2,1,0
48,1,16,1,4850,6,0,45,1,1,1
31,1,20,5,4020,24,2,24,2,1,0
50,2,23,1,3645,12,0,50,2,1,1
28,1,21,5,4700,35,0,37,2,1,0
49,2,24,3,3090,362,0,50,1,1,1
64,7,23,1,2100,45,1,45,1,1,1
63,1,16,1,4700,25,1,20,1,1,1
48,1,19,1,7410,12,0,40,1,1,1
58,3,21,3,220,26,13,16,2,1,1
26,3,21,5,2310,40,0,55,1,1,0
46,4,22,5,2310,34,0,35,2,1,1
31,1,16,5,5410,128,0,40,1,1,0
46,1,16,1,440,34,1,50,2,1,0
41,1,21,1,3255,40,0,40,2,1,1
46,4,21,1,1610,24,0,40,1,1,1
25,2,21,5,4640,6,0,40,2,1,0
57,3,16,1,5220,2,0,53,2,1,1
28,1,21,5,110,23,12,45,1,1,1
24,1,12,5,4760,2,0,40,2,9,0
71,7,22,1,440,128,0,40,1,1,1
19,1,19,5,4110,6,17,25,1,1,0
49,3,21,3,5740,6,0,40,2,9,1
46,4,21,1,420,17,0,42,1,1,1
30,1,21,5,1021,138,0,40,1,1,1
55,7,16,3,7420,48,0,12,1,1,0
82,1,18,1,4150,28,0,30,2,1,0
71,1,16,5,9130,25,0,15,1,1,0
17,1,14,5,4700,49,2,5,2,1,0
56,7,13,1,136,303,1,40,1,1,1
38,1,21,1,8740,15,1,30,2,1,0
34,7,21,1,5240,37,1,40,1,1,0
25,2,21,5,1970,25,0,65,1,1,1
27,4,21,1,230,37,1,40,2,1,0
43,1,24,1,1650,210,1,50,2,6,1
24,4,18,5,4020,26,0,40,1,1,0
50,1,21,3,1555,137,2,40,1,1,1
55,1,21,1,3725,6,0,60,1,1,1
41,1,21,1,2710,45,0,40,1,1,1
45,1,19,1,5850,51,1,43,1,1,0
39,1,24,1,1240,4,0,40,1,1,1
50,1,23,1,565,37,1,50,1,1,1
70,2,18,1,2002,6,0,40,1,1,1
60,1,18,1,8990,26,0,48,1,1,0
38,1,16,3,9130,31,10,30,1,1,0
40,1,16,5,6355,12,13,40,1,1,1
35,3,10,1,2545,28,0,40,2,1,0
34,1,16,5,4510,327,10,45,2,1,0
21,4,19,5,5240,416,10,20,2,2,0
54,1,11,2,8320,329,0,20,2,8,0
59,1,16,5,4130,22,0,40,2,2,0
39,7,22,1,420,21,0,60,2,1,0
63,2,21,1,3421,44,1,40,2,1,0
47,1,19,1,1021,39,0,45,1,1,1
33,3,22,1,2310,17,1,40,2,1,0
64,1,21,2,4220,48,0,20,1,1,0
28,1,15,5,4030,20,5,40,1,1,0
61,1,17,2,7220,40,0,45,1,1,1
35,3,22,1,2006,301,1,20,2,9,0
43,3,11,1,3602,303,0,26,2,1,0
37,2,20,1,3255,18,1,40,2,1,0
22,1,19,5,4760,8,2,40,1,5,0
69,6,21,1,4710,110,0,45,1,9,1
42,1,18,1,440,17,1,55,1,1,1
64,1,19,1,705,42,0,50,1,1,1
52,1,10,5,4110,312,17,40,1,1,0
29,1,17,1,20,12,0,40,1,1,0
60,1,19,1,150,25,0,40,2,1,1
33,1,20,4,3930,6,0,28,1,9,0
30,1,16,1,4850,48,0,50,1,1,0
17,1,16,5,5120,9,2,15,2,1,0
27,1,20,5,9645,36,2,40,1,1,0
72,2,23,1,3090,29,0,52,1,1,1
53,2,22,5,420,6,0,40,2,1,1
42,1,21,1,5120,23,0,20,2,1,0
48,6,20,3,4600,55,0,78,2,1,1
30,1,18,5,7315,1,0,8,1,1,0
60,1,21,1,120,44,0,50,1,1,1
53,1,18,1,8030,25,1,40,1,1,1
75,1,16,1,205,8,0,50,1,1,0
63,2,21,1,2040,5,1,40,1,1,1
34,1,15,1,7750,48,9,40,1,1,0
40,6,22,1,3245,42,0,30,2,1,0
23,4,21,5,5860,215,0,50,2,6,0
44,7,23,4,2100,21,0,55,1,1,1
35,1,16,1,4760,48,1,45,1,1,1
47,1,19,1,5610,21,1,40,1,1,0
68,4,21,1,230,45,1,29,1,1,0
56,1,19,3,7700,6,2,40,1,1,0
55,1,19,1,5740,48,1,40,2,1,0
54,1,16,1,7330,39,1,50,1,1,1
26,1,22,1,800,9,1,45,2,1,1
26,1,20,5,2300,110,13,40,2,1,0
62,2,19,5,2040,28,0,50,1,2,1
55,2,20,1,2310,6,1,24,2,1,0
45,7,22,1,3010,9,0,28,1,1,1
29,1,17,1,8365,13,1,40,1,1,0
63,1,16,1,5400,48,0,37,2,1,0
40,8,21,5,6050,6,0,30,1,1,1
69,1,20,3,9130,39,0,35,1,1,0
41,1,16,5,4720,72,2,40,2,1,0
47,3,16,1,3870,48,15,40,1,1,1
48,1,21,1,2330,39,0,8,2,1,0
17,1,15,5,4760,53,2,8,1,9,0
55,1,8,1,3930,303,1,40,1,8,0
35,1,21,1,4621,9,1,40,1,1,0
64,1,22,5,4230,329,0,35,2,8,0
51,1,19,1,3323,26,1,50,1,1,0
63,1,20,1,4850,25,1,45,1,1,1
32,1,16,1,4710,303,1,40,1,1,0
61,4,21,1,2006,20,1,45,2,1,0
42,1,19,3,2360,34,0,20,2,1,0
56,1,16,1,5140,18,1,40,2,1,0
64,1,21,1,4530,139,1,40,2,1,1
53,1,18,1,5240,13,0,45,2,1,1
34,3,20,1,7220,48,1,84,1,1,1
58,1,16,1,6050,28,0,40,1,1,0
41,2,22,3,4710,48,0,46,2,1,1
63,2,21,3,1825,39,0,45,2,1,1
58,1,16,1,4700,15,1,40,1,6,0
66,2,20,1,5740,39,0,40,2,1,0
39,3,22,1,3870,215,11,40,1,6,1
50,6,19,1,2722,372,1,40,1,8,0
27,3,21,5,2014,36,0,35,2,1,0
59,4,22,3,2014,13,0,60,2,2,1
63,1,20,1,4760,17,0,53,1,1,1
50,5,20,1,7000,32,0,40,1,1,1
71,1,19,3,3050,13,6,27,1,2,1
63,4,18,5,4220,42,12,40,2,1,0
61,6,21,1,10,315,0,40,1,8,0
34,1,19,1,7220,18,0,45,1,1,1
50,1,21,1,51,17,1,20,2,1,0
29,1,18,5,4251,47,2,25,1,1,0
23,1,16,1,8740,21,4,40,1,1,0
55,7,21,1,410,48,1,30,1,2,1
19,1,18,5,4760,17,17,40,1,1,0
50,1,20,1,220,39,0,55,1,1,1
36,1,16,5,7810,72,2,30,1,2,0
58,1,16,1,7750,223,0,40,1,6,0
62,1,18,3,3646,48,0,40,2,2,1
35,1,16,4,4700,26,0,45,2,1,0
20,2,16,5,4055,34,2,10,1,6,0
47,1,24,1,3050,217,1,40,2,6,1
50,1,20,5,52,36,4,45,2,1,1
37,1,22,1,800,231,5,45,1,6,1
39,1,21,1,5600,37,0,40,2,1,0
59,7,20,1,4510,12,0,40,2,1,0
40,1,16,1,7330,48,1,99,1,1,1
75,6,19,2,2640,6,0,48,2,1,0
20,1,19,5,5240,51,17,25,1,2,0
19,1,14,5,4110,45,2,30,2,2,0
26,2,20,1,3322,42,0,36,2,1,0
25,1,21,5,800,25,12,45,1,1,0
34,1,20,5,340,30,17,40,1,1,0
54,1,20,1,7700,24,0,60,1,1,1
28,1,16,5,9005,27,13,50,1,1,1
52,3,21,1,9121,11,1,30,2,1,0
50,1,16,1,8990,39,0,40,2,1,0
31,4,21,5,5250,31,13,40,1,1,0
50,1,21,5,10,11,0,60,1,6,1
50,2,21,5,5240,9,0,40,2,1,0
74,2,16,1,4220,18,1,14,2,1,0
81,3,16,2,5420,48,0,44,2,1,0
69,6,20,1,205,45,0,15,1,1,1
31,1,21,1,4030,18,1,30,2,1,0
46,1,16,3,5120,53,0,55,2,1,0
37,7,20,1,440,20,0,34,1,1,0
55,1,22,5,860,25,0,45,2,1,1
41,1,21,4,800,370,0,25,2,1,0
40,1,20,5,9645,48,0,40,1,1,1
37,1,21,5,2910,12,0,48,1,1,0
42,1,16,5,4020,72,0,30,1,1,0
65,1,16,2,5740,17,0,20,2,1,0
40,1,17,1,3500,40,1,30,2,1,0
55,6,21,1,2205,55,0,15,2,1,1
30,1,21,1,3255,55,1,24,2,1,0
40,1,16,5,6355,22,0,60,1,2,1
72,1,21,3,3550,17,0,25,1,1,1
63,4,21,1,1970,36,0,35,1,1,1
65,2,23,3,230,449,0,40,2,1,0
55,1,22,3,710,39,0,45,2,1,0
31,1,18,3,3601,55,0,5,2,1,0
17,3,14,5,7750,53,2,40,2,1,0
48,2,20,1,5740,39,1,40,2,1,0
55,1,21,3,4850,6,0,40,2,1,1
42,4,18,1,3720,34,9,40,1,9,1
24,2,21,5,10,8,0,60,2,9,1
44,6,18,1,4230,39,1,6,2,1,0
53,3,22,1,230,6,1,65,1,1,1
41,1,11,1,5110,48,1,35,2,1,0
58,4,19,2,2330,6,0,30,2,8,0
53,1,16,1,9005,37,0,50,1,1,0
24,1,16,5,5240,37,13,32,2,1,0
47,1,20,3,440,303,0,40,1,1,1
30,2,21,1,1108,213,0,40,2,1,0
32,5,22,1,2014,48,0,40,2,1,1
25,4,21,5,2310,37,0,40,2,1,0
74,6,24,1,205,35,0,50,1,1,0
56,2,24,5,2360,27,0,50,2,1,1
29,1,20,3,9645,55,12,32,1,1,1
40,1,21,5,800,23,0,40,1,1,0
23,1,16,5,5160,26,2,36,2,1,0
40,3,22,1,2320,1,1,40,2,1,1
45,1,20,1,150,17,0,40,2,1,1
19,2,19,5,5240,42,17,10,2,1,0
32,1,18,1,8930,26,9,40,1,1,0
60,1,19,3,1530,17,0,50,2,1,1
17,1,14,5,4150,15,2,10,2,1,0
22,1,16,5,9130,1,2,45,1,1,0
30,1,20,1,2145,17,1,40,2,1,1
62,6,16,3,440,55,0,30,1,1,0
40,1,19,5,9645,22,2,20,1,2,0
19,1,16,5,7420,40,2,40,2,8,0
51,1,19,1,650,6,1,50,1,1,1
59,2,19,1,705,6,0,25,2,1,0
21,1,19,5,4040,53,17,30,2,1,0
48,7,23,1,3010,4,1,75,1,1,1
20,1,19,5,520,25,2,35,2,1,0
42,5,23,5,3820,36,0,54,1,1,1
62,1,18,4,4720,303,0,30,2,1,0
17,2,14,5,4622,13,2,40,2,1,0
19,1,19,5,3960,9,17,35,2,1,0
29,1,16,5,4700,12,11,40,2,1,0
53,3,1,3,3601,6,0,40,2,1,0
30,2,21,1,2310,242,1,40,2,6,0
55,1,18,1,3520,17,1,40,2,1,0
17,1,14,5,4120,40,4,10,1,1,0
21,1,16,5,9645,37,2,30,2,3,0
56,1,19,1,7750,16,1,45,1,1,0
47,6,19,1,6260,303,0,40,1,1,0
21,1,16,1,4030,163,7,35,2,1,0
26,1,22,5,2805,369,0,50,2,8,1
64,1,21,1,440,26,0,40,1,1,1
18,1,18,5,4760,53,3,12,2,1,0
50,7,16,1,4110,21,0,50,1,1,1
19,3,19,5,5240,6,0,15,1,8,0
42,1,18,5,8990,110,0,40,2,1,0
57,1,16,5,4055,26,2,32,1,2,0
63,3,18,1,2310,37,1,6,2,1,0
21,1,19,5,2002,49,17,5,2,1,0
18,1,16,5,4435,51,17,50,1,2,0
22,1,18,5,5840,362,0,40,2,8,0
61,1,17,3,3030,28,0,40,2,1,0
43,1,21,5,52,51,0,50,2,1,1
67,6,19,1,7200,17,1,20,1,1,0
30,1,19,3,5110,53,12,40,2,1,0
31,2,22,5,4600,9,11,35,1,1,0
26,1,21,5,5240,13,13,45,1,1,0
23,3,21,5,2310,42,2,40,2,1,0
27,1,20,5,5740,12,0,40,2,1,0
41,1,23,1,3090,360,0,50,1,1,1
34,1,16,1,710,12,1,65,1,2,0
33,7,21,1,410,17,0,4,1,1,1
46,4,19,1,4130,28,10,40,2,2,0
56,1,16,1,9130,5,1,60,1,1,1
56,2,22,1,2310,26,1,40,1,1,0
33,3,23,5,845,311,13,55,2,1,1
52,1,7,1,7340,303,1,40,1,1,0
74,3,18,3,5740,36,0,28,2,1,1
64,5,16,1,4200,13,1,40,1,2,0
48,3,22,1,2310,17,0,40,2,1,0
18,1,16,5,4055,40,2,20,1,1,0
60,7,22,1,4700,51,1,50,1,1,1
27,1,21,5,3602,233,2,16,2,6,0
52,1,16,5,4710,36,13,50,1,1,1
39,1,19,1,52,17,0,50,1,2,0
61,6,20,1,4700,42,1,20,2,1,0
54,6,16,3,6230,53,11,60,1,1,1
19,4,18,5,5310,414,17,16,2,1,0
37,3,22,5,3255,6,0,41,2,1,1
61,1,16,3,4760,18,0,40,1,1,0
48,1,19,5,5820,215,0,40,2,6,0
41,2,18,1,5740,242,0,38,2,6,0
53,5,16,1,5560,28,1,20,2,1,0
40,3,21,5,2310,39,13,40,2,1,1
48,1,21,3,5810,41,0,40,1,1,0
55,1,19,1,5000,39,0,50,2,1,1
45,2,22,1,20,6,0,40,1,1,1
47,1,22,3,4965,48,0,40,1,1,1
26,1,18,5,4110,6,0,40,2,9,0
23,1,19,5,310,17,0,40,2,1,0
69,1,21,1,5140,36,0,50,1,1,1
26,1,16,5,6305,37,2,40,2,1,0
50,1,21,3,7210,48,2,40,1,1,0
70,6,22,1,4920,103,0,35,2,1,1
34,3,22,5,120,6,0,40,1,1,1
51,7,21,5,220,34,0,40,2,1,0
22,1,20,5,3648,6,12,40,2,1,0
49,1,13,3,4251,25,2,40,1,1,0
52,1,14,4,310,47,13,40,1,2,0
50,1,21,1,10,301,1,50,1,1,1
62,6,24,1,2004,49,1,25,2,1,0
46,2,22,5,2205,8,0,30,2,1,0
39,1,21,1,4850,34,1,65,1,1,1
34,1,22,1,800,18,1,50,1,1,1
51,1,21,1,800,36,0,20,2,1,1
26,8,21,5,6230,42,10,40,1,1,1
42,6,19,1,725,6,0,50,1,6,1
40,1,21,1,440,49,1,40,1,1,1
27,4,19,5,3500,6,13,40,2,1,0
22,1,20,1,3500,29,0,48,2,1,0
41,1,24,1,5240,456,1,40,2,1,1
43,1,20,1,3310,246,0,40,2,1,1
25,1,21,1,1006,42,1,42,2,1,1
64,1,21,3,9620,48,13,40,1,1,0
38,1,21,3,2145,17,0,40,2,1,0
17,1,13,5,9620,31,2,40,1,1,0
34,1,22,5,1021,6,2,40,1,6,1
49,1,22,1,1006,29,1,50,1,1,1
34,3,1,5,2016,6,0,40,2,8,0
56,4,16,1,3401,53,0,52,1,1,1
35,1,20,5,710,48,0,40,2,1,1
36,2,22,1,9005,48,0,20,1,1,0
50,1,22,1,705,25,0,50,1,1,1
62,1,16,1,9130,440,0,40,1,2,1
73,7,22,2,4820,34,0,30,2,1,1
54,2,21,4,3255,46,0,40,2,1,0
18,1,18,5,7750,28,2,30,2,2,0
59,1,21,1,800,42,1,40,2,1,1
73,1,19,2,5000,54,0,40,2,1,1
23,1,16,5,9600,49,4,40,1,1,0
53,5,20,1,7000,34,0,40,1,1,1
20,1,19,5,4720,242,2,20,2,6,0
57,1,16,3,120,26,0,40,2,1,0
33,1,21,1,500,9,0,60,2,1,0
53,1,18,1,8030,36,1,40,1,1,1
53,1,16,1,9620,13,1,40,1,2,0
64,1,22,1,3258,56,0,20,2,1,0
31,1,17,5,4110,233,5,40,1,6,0
55,4,20,1,3946,45,0,48,2,1,0
19,1,16,5,4150,27,2,10,2,1,0
35,5,20,1,102,6,0,49,1,1,1
28,2,15,1,2830,214,0,38,1,1,0
26,1,19,5,4020,26,12,50,2,1,0
58,6,22,5,2850,26,0,20,2,1,1
64,7,21,1,4920,6,0,40,1,1,1
39,1,20,1,20,19,1,40,2,1,0
33,1,18,5,9130,39,2,30,2,1,0
24,1,18,5,5610,36,12,24,1,1,0
25,1,16,5,6260,48,2,40,1,1,0
26,4,17,1,2005,373,12,40,2,2,0
32,1,16,1,800,26,1,40,2,1,0
34,1,21,1,51,42,1,25,2,1,0
49,1,18,3,4700,6,13,43,2,1,0
50,2,19,1,4220,25,0,40,1,1,1
62,1,18,1,5240,21,1,40,2,1,0
31,1,20,1,20,39,0,45,2,1,0
67,7,18,1,9130,25,0,35,1,1,0
53,1,16,1,7905,39,0,40,1,1,0
22,1,18,5,6515,51,4,40,1,1,0
60,1,23,3,3258,21,0,30,2,1,0
29,1,19,5,7200,6,2,30,1,8,0
37,1,21,1,8990,210,1,55,2,6,0
32,2,21,1,2310,55,0,40,2,1,0
30,6,19,5,7200,4,0,99,1,1,0
59,3,17,1,3603,26,1,40,2,1,0
45,4,18,3,230,48,0,40,2,1,0
20,5,19,5,4760,36,17,12,2,1,0
54,1,16,1,9130,28,1,60,1,2,0
21,1,16,1,4760,6,7,30,1,8,0
51,1,20,1,6355,12,1,40,1,1,1
56,1,21,1,650,27,0,40,1,1,1
61,1,16,1,9130,2,1,60,2,4,0
44,1,16,1,440,13,1,60,1,1,1
21,1,16,1,440,12,1,42,2,1,0
37,1,19,1,4710,29,0,60,1,2,1
42,1,19,5,4220,6,0,40,1,2,0
60,4,15,1,9121,527,0,40,1,7,0
54,4,21,1,1240,55,1,40,2,1,1
28,4,21,5,3802,17,2,40,1,1,0
58,1,16,1,4850,41,1,40,1,1,1
27,1,16,5,440,327,0,40,1,1,0
19,1,19,5,4435,55,17,16,2,1,0
45,1,19,5,9600,39,13,40,1,1,0
68,1,19,2,3255,34,0,25,2,1,0
22,1,19,5,9645,12,2,36,2,1,0
46,6,20,1,4760,18,0,30,1,1,0
41,1,19,1,5820,314,1,45,2,1,0
60,7,21,1,4850,51,0,60,1,1,1
39,2,22,1,2310,36,1,24,2,1,0
57,3,21,1,2435,26,0,40,2,1,1
56,6,14,3,4230,13,0,40,2,1,0
29,1,18,1,7010,8,1,45,1,9,0
55,1,22,3,350,240,0,50,2,6,1
25,1,19,5,4220,20,13,25,1,9,0
63,2,21,1,2050,6,17,65,1,1,0
23,1,16,5,4700,48,0,40,2,1,0
22,1,16,5,9760,53,2,30,1,1,0
21,1,21,5,4720,39,2,25,2,1,0
20,3,16,5,3930,34,4,15,1,2,0
27,2,22,1,4710,37,1,50,2,1,1
21,1,21,5,410,27,12,25,2,1,0
63,1,18,1,20,18,1,60,1,2,1
57,2,22,1,650,36,1,45,1,1,1
53,1,19,1,4700,26,1,35,2,1,0
18,2,19,5,5860,29,17,18,2,1,0
36,7,16,1,4200,214,1,60,1,1,0
52,1,12,1,9130,26,0,44,1,1,0
20,1,16,5,4150,45,17,40,2,1,0
19,4,16,5,2350,25,16,6,2,1,0
81,2,24,1,2545,24,0,30,1,1,1
50,4,17,5,5240,55,13,50,2,1,0
53,1,20,3,4220,8,0,45,1,1,0
73,1,21,1,1320,40,0,40,1,1,1
52,7,16,5,2770,47,0,55,1,1,1
25,1,19,5,7700,303,11,40,1,8,0
52,2,17,1,3910,36,1,40,1,1,1
43,2,21,1,420,36,1,50,2,1,1
61,2,22,1,136,53,1,60,1,1,1
59,7,21,1,4710,12,1,48,2,1,1
24,1,18,5,7260,48,2,25,1,1,0
57,4,18,1,2545,36,0,38,2,1,0
59,6,1,1,9142,207,6,40,1,6,0
26,4,22,5,2205,12,0,10,1,1,0
54,1,15,1,7905,303,0,40,1,8,1
28,1,19,5,4020,313,0,40,1,8,0
50,6,21,1,410,36,1,5,2,1,1
52,1,21,1,810,26,1,15,2,1,0
34,1,16,5,5240,110,13,42,1,1,0
30,1,16,5,7315,312,0,40,1,1,0
29,2,21,1,2310,21,1,15,2,1,0
20,1,19,5,4600,27,2,15,2,1,0
54,1,16,1,9130,233,5,40,1,6,0
38,1,16,1,8140,48,0,50,1,1,0
81,1,21,1,4760,42,1,8,1,1,1
21,3,16,5,4220,48,2,40,1,1,0
27,1,21,5,6515,205,17,40,1,6,0
23,1,21,5,51,27,0,40,2,1,0
20,1,20,5,2350,327,2,8,1,1,0
60,1,15,3,8030,20,0,40,1,1,0
35,1,21,5,110,8,2,40,1,1,0
34,1,21,5,1760,17,13,50,1,1,0
25,1,20,5,4760,13,2,35,1,9,0
34,1,14,1,4110,13,1,40,1,6,0
56,7,17,1,410,414,0,40,1,1,0
53,1,19,1,1360,37,0,40,1,1,1
51,1,21,4,140,36,0,50,1,1,1
54,1,19,3,7020,22,0,45,1,1,1
27,1,20,1,7200,39,0,50,1,1,1
53,1,16,1,7000,17,0,40,1,1,1
41,1,21,1,120,6,0,45,2,1,1
23,1,17,5,4760,12,2,30,1,1,0
61,1,20,1,6050,36,1,40,2,1,0
65,4,21,5,2014,36,0,40,1,1,1
56,1,16,1,9130,17,1,40,1,1,0
52,6,16,3,310,303,0,55,1,1,1
57,7,16,3,4510,36,13,40,2,1,0
73,1,17,2,3930,39,0,40,2,1,0
61,4,21,1,2310,19,1,48,2,1,1
35,4,21,5,2310,139,2,40,2,1,0
22,1,19,5,6230,72,5,40,1,1,0
91,1,17,2,800,42,6,27,1,1,0
65,1,18,1,9005,39,0,50,1,1,0
60,4,21,1,2320,37,0,2,1,1,0
59,1,16,1,8740,6,0,40,1,9,0
58,7,19,1,4350,6,2,60,2,1,0
24,1,16,5,4700,24,2,36,1,2,0
20,1,19,5,4720,1,15,8,2,1,0
29,1,21,1,4760,48,0,40,1,1,1
63,1,18,1,3500,41,1,36,2,1,0
57,3,21,1,5260,210,1,35,2,6,1
37,6,19,1,4600,39,0,40,2,1,0
22,1,16,5,4020,48,2,40,1,1,0
50,3,21,1,5000,327,1,40,2,1,1
49,1,16,1,3645,53,1,40,2,1,0
18,1,16,1,7840,440,4,16,1,2,0
49,1,20,3,5000,12,0,62,2,1,0
36,1,16,5,630,51,2,40,2,2,1
40,1,20,1,350,47,0,40,2,1,0
23,5,16,1,9150,365,0,60,1,8,0
21,1,15,5,9645,12,4,20,1,1,0
52,6,16,1,4220,26,0,10,1,1,0
77,6,19,1,4830,36,0,15,2,1,0
35,1,16,1,6442,313,1,50,1,1,1
54,4,23,1,230,13,0,19,2,1,1
47,1,22,1,120,42,1,50,2,1,1
46,1,21,1,1021,16,1,44,1,1,1
59,3,21,3,3740,23,13,50,1,1,1
57,7,18,1,2006,22,1,3,2,1,0
48,1,21,1,3150,44,1,50,1,1,1
28,1,18,5,9620,17,13,45,1,1,0
62,1,16,1,5110,26,1,24,2,1,0
52,4,22,1,2310,39,1,40,2,1,1
30,1,19,5,4760,45,15,40,2,1,1
23,1,16,5,6442,8,2,40,1,1,0
43,3,16,1,3870,42,0,56,2,1,0
61,2,20,1,3322,22,1,40,2,1,1
31,1,21,1,3323,47,0,40,2,1,0
39,2,23,1,3090,231,0,40,1,6,1
32,1,23,5,4820,36,0,70,1,2,1
51,1,20,3,2634,48,0,40,1,1,1
48,1,21,1,1105,28,0,50,1,1,1
53,1,19,1,110,8,1,40,1,1,1
26,4,20,1,3740,6,0,72,1,8,0
48,1,20,1,8990,48,0,40,1,1,0
25,1,19,5,5860,53,12,40,2,8,0
62,3,19,1,6660,24,0,32,1,1,0
61,2,21,5,2360,36,2,30,2,1,0
21,1,16,5,3645,26,2,28,2,1,0
82,1,19,1,9130,47,1,18,1,1,0
39,8,19,5,4350,48,2,10,1,1,0
24,1,22,5,2205,440,0,20,2,2,0
54,1,20,3,9645,17,0,40,1,1,0
36,3,21,1,3255,6,1,40,2,1,1
77,6,22,1,850,34,1,20,1,1,1
36,1,21,5,7430,44,13,38,1,1,0
22,1,20,5,5740,54,17,20,2,1,0
30,2,21,1,2310,42,0,40,2,1,1
34,4,21,1,3870,55,1,45,1,1,1
65,1,16,1,4760,72,1,40,1,8,0
38,1,15,3,4252,313,12,40,1,8,1
32,1,17,5,3603,39,0,30,2,2,0
67,1,21,1,4810,9,0,40,1,1,1
54,1,21,5,630,17,0,50,2,1,1
79,1,16,1,6050,13,0,25,1,1,0
55,1,16,1,4020,364,1,36,2,1,0
35,1,19,1,4760,233,5,40,1,6,0
30,1,14,5,8710,6,2,40,1,9,0
48,3,21,1,440,48,0,40,1,1,1
48,4,24,1,440,231,0,50,1,6,0
55,6,21,1,3630,51,0,40,2,1,0
24,4,20,5,5740,17,2,40,2,2,0
58,3,21,1,2310,48,0,40,2,1,1
21,1,18,5,310,39,2,40,2,1,0
69,1,18,1,5240,26,1,40,2,1,0
47,1,21,3,9130,34,2,65,1,1,0
53,4,21,3,2310,19,0,40,2,1,0
30,5,21,1,9800,6,0,70,1,1,1
41,7,10,1,310,207,0,65,1,6,0
42,1,23,1,3090,34,0,30,2,6,1
47,1,20,1,5160,210,0,40,2,6,0
35,1,13,1,9620,205,0,40,1,6,0
48,1,21,1,9050,6,1,40,2,1,1
45,1,16,1,6230,35,0,55,1,1,0
62,1,20,1,3255,24,1,32,2,1,0
41,5,22,1,3725,36,1,55,1,1,1
22,1,20,5,8255,53,17,40,1,1,0
25,1,18,5,3602,6,13,40,1,1,0
20,3,16,5,4150,42,7,30,2,1,0
48,1,20,1,3645,39,0,24,2,1,0
63,1,19,3,4220,18,0,12,2,1,0
35,2,24,1,3090,49,1,40,1,1,1
46,1,1,1,9130,39,0,55,1,1,0
56,1,16,1,4220,1,1,60,1,1,0
69,4,17,3,4020,37,16,10,1,2,0
49,1,21,1,9620,18,0,30,1,1,0
39,1,17,1,7800,8,1,40,2,1,0
65,1,8,4,4600,310,0,18,2,2,0
54,1,1,1,3255,10,1,24,2,9,1
46,1,19,1,4700,34,0,40,2,1,0
26,1,5,5,9645,313,11,45,1,1,0
48,6,1,5,6260,303,12,40,1,1,0
47,1,9,1,6260,303,0,40,1,9,0
34,3,16,1,3870,29,1,50,1,1,0
68,6,21,1,510,23,0,24,1,1,0
35,1,19,5,4020,39,0,40,1,1,0
60,1,16,1,3603,47,1,38,2,2,0
69,5,18,3,230,27,0,15,2,1,0
63,1,19,1,4710,36,0,50,1,1,0
50,4,21,1,3870,27,0,50,1,1,1
44,1,16,1,7330,17,1,40,1,1,0
55,1,18,1,4220,47,0,40,1,1,0
39,1,16,1,6260,12,2,50,1,2,0
62,1,20,5,4655,36,0,38,1,1,0
56,2,22,1,420,40,0,40,2,1,1
46,3,21,1,2310,13,0,50,1,1,0
50,1,16,1,3602,20,1,40,2,1,0
68,3,19,1,3930,28,0,40,1,2,1
29,1,22,5,2400,36,12,12,2,1,0
60,2,22,1,2040,39,0,50,1,1,1
24,1,21,5,2350,6,2,40,1,2,0
57,3,21,5,1108,210,0,50,1,6,1
55,1,21,1,5740,17,1,40,2,1,1
43,7,16,1,9130,158,0,40,1,1,0
54,1,19,5,1108,344,0,40,2,2,0
48,1,22,1,1021,165,0,40,1,1,1
26,1,16,5,8740,39,13,40,1,2,0
21,1,16,5,1560,39,2,10,1,1,0
20,2,19,5,2440,42,10,10,2,1,0
52,1,22,1,2861,231,1,24,2,6,0
37,1,16,1,5860,22,0,60,2,2,0
59,1,17,1,4700,25,0,50,2,1,0
62,1,19,1,3500,18,0,36,2,1,0
50,1,19,5,5160,303,0,40,2,1,0
28,1,16,1,7750,21,1,36,2,1,0
36,7,23,3,3000,2,0,40,1,1,1
51,1,21,1,2310,51,0,40,2,1,0
24,3,22,5,5000,25,0,40,2,1,0
29,4,22,1,2002,36,1,40,2,1,0
41,1,20,3,220,6,2,40,2,1,1
39,1,17,5,4110,51,13,40,1,1,0
36,1,22,1,750,1,1,40,1,1,1
46,3,19,1,4130,45,1,30,2,9,0
45,1,20,1,5240,12,0,32,2,1,0
17,1,14,5,7750,55,2,45,1,1,0
37,4,22,1,2310,1,0,40,2,1,1
41,1,21,1,4710,233,1,40,1,6,1
43,5,22,1,9810,217,0,40,1,1,1
64,4,21,1,9121,27,0,5,1,1,0
44,6,16,1,4510,365,1,5,2,1,0
40,1,17,1,5740,36,0,8,2,1,0
60,6,23,1,2100,53,0,40,1,1,0
69,1,15,3,9130,25,0,40,1,1,1
48,1,9,1,4230,303,1,40,2,1,0
35,6,18,3,440,54,13,80,1,1,1
57,1,21,1,4920,19,1,50,1,1,1
59,1,19,3,6005,20,13,25,1,1,0
22,1,19,5,335,47,17,30,1,1,0
55,1,16,3,4700,34,10,40,1,2,1
55,1,19,1,7700,35,0,40,1,1,1
55,6,16,1,205,39,1,50,1,1,0
41,1,16,1,6250,24,0,40,1,1,0
58,3,22,1,2300,18,0,40,2,1,1
53,4,19,1,3802,36,1,40,1,2,0
52,1,20,3,3645,39,0,40,2,1,0
68,1,16,5,5410,26,0,23,1,1,0
66,1,20,1,4200,42,0,50,1,1,1
44,1,21,1,710,34,0,35,2,1,1
25,1,18,5,4720,26,2,35,2,1,0
33,1,20,1,20,6,1,40,2,1,0
51,1,22,3,120,6,0,50,2,1,1
37,1,20,5,9645,42,2,12,2,1,0
64,1,18,3,3640,9,0,38,2,1,0
26,4,20,5,2330,22,2,30,2,2,0
36,1,21,1,540,39,0,40,2,1,1
50,6,21,1,2752,17,0,40,1,1,1
56,1,20,1,4720,6,0,12,2,1,0
26,1,19,5,9645,6,2,10,1,6,0
39,1,18,1,6355,17,0,40,1,1,0
26,1,18,5,4760,9,2,40,1,1,0
44,6,21,1,1545,6,0,50,1,1,0
61,3,16,1,930,42,0,35,2,1,0
25,4,21,5,1640,27,13,40,1,1,0
35,1,21,3,5240,1,5,40,2,2,0
50,1,16,1,5740,5,1,8,2,1,0
89,1,16,1,710,42,1,84,1,1,0
58,1,16,1,7330,18,0,50,1,1,1
20,5,17,5,5040,39,17,53,1,1,0
18,1,16,5,4760,22,17,25,2,1,0
29,1,19,5,4000,22,0,50,1,2,0
55,6,19,1,4700,19,1,40,1,1,0
53,7,18,1,440,26,0,50,1,1,1
31,1,21,1,440,6,1,40,2,1,1
42,1,22,5,3160,6,11,40,1,6,1
50,6,12,3,9130,29,0,50,1,1,0
34,1,16,5,4220,24,2,32,1,1,0
26,1,23,5,2100,35,0,50,2,1,1
58,6,21,1,4810,29,0,60,1,1,0
25,1,16,5,20,11,0,50,2,2,0
47,1,20,1,7330,400,0,40,1,1,1
57,1,16,1,4030,139,1,40,1,1,0
42,2,22,1,3255,48,0,40,2,1,0
62,2,16,1,2060,51,0,10,2,1,0
30,1,18,5,3930,6,2,40,1,1,0
60,3,16,1,220,2,0,50,1,1,1
19,1,16,5,3960,12,2,40,1,1,0
41,1,21,1,3255,39,1,50,2,1,0
45,1,12,1,4220,303,1,40,1,8,1
17,7,14,5,4600,24,2,2,2,1,0
33,1,19,5,4110,34,0,40,1,1,1
32,1,16,5,9640,48,7,40,2,8,0
31,7,16,1,9130,5,1,45,1,1,0
50,1,21,1,1360,37,0,40,1,1,1
69,3,22,1,2435,18,1,30,2,1,1
33,1,22,1,3258,17,1,50,1,1,1
37,6,16,1,6230,214,1,65,1,1,1
18,1,15,5,4020,25,16,30,1,9,0
51,1,16,1,4700,17,1,40,2,1,0
58,2,21,3,3602,18,0,60,1,1,0
53,1,19,1,4720,210,1,41,2,6,0
49,1,21,1,9645,17,1,40,2,1,0
53,5,22,1,2310,18,1,48,2,1,1
46,1,21,1,3255,210,1,48,2,6,1
58,1,21,1,4760,6,0,40,1,1,1
45,3,24,1,2310,26,2,18,2,1,0
54,7,23,1,2100,36,1,50,1,1,1
40,1,19,5,3520,55,0,38,2,1,0
44,1,16,1,630,21,1,40,1,1,0
56,6,21,1,520,42,0,50,1,1,1
75,1,18,1,4420,47,0,72,2,1,0
25,1,16,5,9620,37,2,25,2,2,0
38,1,23,1,3090,72,0,50,1,8,1
50,1,16,1,8030,18,0,50,1,1,1
59,1,19,1,220,27,1,50,1,1,1
20,1,19,5,5240,24,2,30,2,1,0
20,1,21,5,220,19,11,50,1,1,1
30,1,22,5,1006,24,0,40,1,1,1
50,1,21,1,4840,6,0,40,1,1,1
35,1,22,1,1065,217,1,45,2,6,1
48,1,17,1,4700,34,0,62,1,1,1
42,1,21,1,800,18,1,50,1,1,1
19,1,16,5,3602,4,17,25,1,9,0
58,1,19,1,1320,24,0,45,1,1,1
66,2,21,3,4600,53,0,20,2,1,0
58,1,16,5,8300,27,0,40,2,1,0
64,3,17,4,3602,324,2,13,2,2,0
52,2,24,1,2040,32,0,40,1,1,0
64,4,22,1,2205,55,1,12,2,1,0
49,6,21,1,4920,6,0,40,1,1,1
40,1,16,1,5522,6,0,37,2,8,1
18,1,13,5,4030,48,13,20,1,1,0
26,1,19,4,4810,12,0,40,1,8,1
69,1,16,1,4760,36,0,40,1,1,1
59,6,15,1,4950,370,0,18,1,1,0
45,4,16,3,6355,17,0,40,1,1,1
55,1,17,4,8740,42,0,35,2,1,0
37,1,22,1,10,19,2,40,1,6,1
29,1,16,5,4700,22,0,50,2,3,0
33,1,16,1,120,22,1,40,2,1,0
58,3,16,1,2170,39,1,35,2,1,0
48,1,21,3,4710,36,0,50,1,1,1
36,1,21,5,4710,17,0,50,2,2,1
19,1,18,5,4420,21,2,20,1,1,0
46,1,17,3,410,18,0,45,1,1,0
62,8,16,3,1970,55,0,40,2,1,0
41,1,21,1,4700,5,0,40,1,1,1
17,1,15,5,8555,34,2,40,1,9,0
56,1,16,3,20,26,0,40,1,1,0
51,1,21,1,7750,233,1,40,2,6,0
30,1,20,5,6355,25,0,50,1,1,1
60,1,16,3,4760,303,0,30,1,8,0
61,1,16,1,4700,6,1,40,2,1,0
57,6,16,1,4251,6,1,40,1,1,0
72,2,16,3,3646,48,0,4,2,1,1
26,1,21,5,4040,39,0,35,1,1,0
57,1,16,5,5400,27,0,40,2,1,0
30,1,21,1,7700,27,0,50,1,1,1
39,1,19,1,4700,42,17,40,1,1,1
28,1,21,5,4110,6,2,38,2,6,0
61,1,21,1,7315,48,1,40,1,1,0
18,1,16,5,4150,22,10,30,1,2,0
62,6,24,5,710,39,0,20,1,1,1
35,1,16,5,4040,6,0,40,1,6,1
60,1,22,3,750,19,13,90,1,1,1
66,1,21,3,6230,39,0,40,1,9,0
61,2,20,1,5740,49,1,45,2,1,0
44,3,18,1,3740,327,0,80,1,1,0
33,1,18,1,7340,39,0,55,1,1,1
41,1,18,1,9130,327,1,28,1,1,0
37,1,18,1,8740,36,1,55,2,2,0
23,1,19,5,9620,6,2,25,2,8,0
28,3,21,5,4000,72,2,40,1,1,0
23,1,20,5,5310,248,2,20,2,1,0
73,6,18,3,4920,6,0,50,1,1,1
55,5,20,1,5000,36,0,40,1,1,1
40,7,17,4,10,49,13,45,1,1,1
19,2,19,5,5400,55,17,25,2,2,0
22,1,19,5,8710,15,10,45,2,9,0
82,1,16,1,8225,138,1,40,1,1,0
37,1,21,1,2310,5,0,25,2,1,0
26,6,21,5,4600,120,11,40,2,1,0
25,2,21,1,1010,414,0,40,1,1,0
47,7,19,3,9141,6,11,40,1,2,0
24,1,21,5,1021,9,5,40,2,6,1
28,1,21,1,2310,48,1,45,2,1,1
47,3,22,1,2300,42,1,40,2,1,1
28,1,21,1,410,26,0,30,2,1,0
39,3,16,5,3710,31,0,40,1,1,1
38,1,21,3,565,27,0,50,2,1,1
35,2,24,1,2205,55,1,50,1,1,1
57,2,21,1,3255,36,0,50,2,1,1
17,1,14,5,2770,48,15,15,1,8,0
25,1,16,5,9350,6,2,40,1,1,0
48,1,16,1,9130,47,1,40,1,1,1
39,1,19,5,3322,36,2,40,2,2,1
31,1,20,5,7220,6,2,40,1,8,0
28,1,21,5,51,34,0,40,1,6,1
20,4,19,5,4640,20,17,25,2,1,0
61,1,21,1,120,25,1,20,2,1,1
51,1,22,5,1350,327,0,40,1,1,1
56,4,21,3,5740,34,0,35,2,1,0
23,1,16,5,4030,154,12,30,1,1,0
55,3,21,1,2545,36,1,25,2,1,1
51,2,24,5,2205,11,0,50,2,1,1
37,1,21,1,710,5,0,55,2,1,1
22,1,19,5,4150,34,2,94,2,1,0
33,1,17,5,4700,467,13,40,2,2,0
56,1,16,1,4760,48,1,40,1,1,0
58,1,21,1,705,6,0,40,2,1,0
25,1,19,5,4120,6,2,40,2,8,0
36,4,21,1,230,6,0,40,1,1,1
18,1,16,5,4760,36,2,40,2,1,0
18,1,18,5,4020,24,17,25,1,1,0
22,1,19,5,9415,53,2,36,1,1,0
67,1,19,2,7700,28,0,40,1,1,1
34,5,21,1,3255,55,0,40,2,1,1
56,1,21,1,800,42,0,45,1,1,0
23,1,16,5,4720,13,2,20,2,1,0
65,1,22,1,4810,48,0,50,1,1,1
51,3,22,1,230,4,0,55,1,9,1
19,1,19,5,4760,13,17,39,2,1,0
42,1,20,1,7700,21,0,50,1,1,1
46,1,19,1,8255,22,0,40,1,9,0
19,1,19,5,9640,53,2,30,1,1,0
36,2,21,5,2001,54,15,50,2,1,0
52,6,18,1,6230,4,0,55,1,1,1
46,6,19,1,4500,36,0,43,1,1,0
36,1,17,1,310,48,4,50,2,1,0
48,1,20,1,6410,19,0,50,1,1,1
74,7,23,1,3090,29,0,50,1,1,1
42,5,22,1,230,312,0,40,2,1,1
22,1,14,5,4130,5,13,30,2,1,0
30,1,24,1,1006,207,1,40,2,6,1
65,1,22,1,1360,48,0,50,1,1,1
57,6,19,1,4510,37,0,55,2,1,0
39,1,19,1,4621,12,1,20,2,1,0
63,3,19,1,4600,6,0,40,2,1,0
33,1,20,1,3649,4,0,40,2,1,0
57,3,22,1,2310,36,0,37,2,1,1
41,1,16,1,4251,42,1,40,1,1,0
46,3,21,4,3255,6,0,40,2,1,1
51,1,11,5,8465,368,0,40,1,8,1
37,1,22,1,4700,301,1,55,2,1,1
19,1,16,5,4760,25,17,24,2,1,0
37,1,21,5,1006,53,0,40,1,6,1
59,1,16,1,1460,55,0,45,1,1,1
76,4,16,1,3602,5,0,40,2,1,0
41,3,22,1,2310,17,1,40,2,1,1
55,1,19,3,4850,17,0,40,1,1,0
24,1,17,5,3930,72,7,40,1,1,0
38,1,19,5,6800,8,0,60,1,1,1
34,1,19,5,4700,36,2,55,1,1,1
42,1,16,1,20,6,1,60,1,1,1
57,1,16,5,5400,39,0,27,2,1,0
36,1,16,1,7220,27,0,60,1,1,1
62,6,18,2,9130,39,0,68,1,1,1
37,1,20,1,5840,55,1,50,2,1,0
34,1,21,1,1021,210,1,40,2,6,1
49,6,19,1,6260,10,1,30,1,1,0
45,3,21,1,3802,51,0,65,1,1,0
80,1,16,1,4760,48,1,8,2,1,0
56,1,21,1,4850,6,1,50,2,1,1
26,3,21,5,2014,17,0,40,2,1,0
70,3,21,3,5940,327,0,14,2,1,0
33,3,22,1,2310,42,0,40,2,1,0
44,1,16,1,5240,39,0,40,1,1,0
34,1,20,1,2145,25,1,40,2,1,0
40,1,21,4,3910,17,0,40,1,2,1
41,7,22,3,2003,10,0,25,2,1,0
56,4,20,1,5860,42,0,37,1,1,0
42,1,1,3,6515,303,0,40,1,1,0
32,1,19,1,1108,55,0,60,1,1,1
58,1,18,1,1010,42,1,50,1,1,1
22,1,19,5,4720,24,2,40,2,1,0
39,1,16,1,8750,48,0,40,2,1,0
64,1,16,1,4510,38,1,40,2,1,0
31,1,21,5,800,110,2,40,2,2,0
24,1,1,5,6260,303,10,10,1,8,0
23,1,16,5,4720,48,2,40,2,1,0
54,6,22,5,4920,17,0,35,1,1,0
35,1,22,4,4965,29,0,40,2,1,1
31,1,21,5,3255,21,0,45,2,1,0
29,3,23,5,220,6,0,40,1,1,1
36,1,19,1,7855,13,0,40,1,1,0
56,6,18,1,8750,6,1,40,1,1,0
38,2,19,5,3645,10,2,40,2,2,0
52,1,19,5,5410,210,0,45,1,6,0
44,3,21,3,3710,34,13,40,1,1,1
37,4,21,1,1010,15,0,60,1,6,1
35,1,19,3,5740,19,0,45,2,1,0
44,1,22,3,540,47,0,40,1,1,1
61,7,19,1,4700,13,1,60,1,1,0
51,1,17,1,9130,31,0,50,1,1,1
63,1,18,1,9130,46,0,46,1,1,1
37,1,17,5,4110,51,0,40,2,2,1
19,2,19,5,2350,17,17,98,1,2,0
31,1,24,1,5740,28,0,20,2,1,0
54,2,20,1,5120,26,1,10,2,1,0
60,3,16,1,6305,22,0,40,1,1,0
46,4,22,1,7430,11,1,50,1,1,1
19,1,19,5,4760,39,17,30,2,1,0
47,1,19,3,5240,26,0,35,2,9,0
42,1,16,1,4720,248,1,50,1,1,1
39,6,19,5,9130,6,0,60,1,8,1
70,1,16,1,9130,1,0,40,1,1,0
48,1,16,1,9645,4,1,55,1,1,0
64,6,19,3,440,28,0,56,2,1,1
45,1,18,1,7700,1,0,50,1,1,1
22,1,16,1,4760,40,1,25,2,1,0
26,1,17,5,4150,24,0,20,2,2,0
54,5,20,1,1430,25,0,40,2,1,1
38,6,14,1,205,40,0,20,2,1,0
65,1,17,1,9130,13,1,50,1,1,1
34,6,20,1,4251,21,9,25,1,1,0
67,1,12,1,6355,13,0,40,1,1,0
30,1,16,1,7260,45,1,40,1,1,0
58,3,16,3,4710,24,0,40,1,2,1
62,1,22,1,4720,242,1,40,2,6,0
40,1,24,1,1530,6,0,50,1,1,1
30,1,17,1,1555,2,0,40,1,4,0
54,1,21,1,120,202,0,50,1,6,1
32,1,21,1,3421,20,1,36,2,6,0
21,1,16,5,4220,25,2,36,1,2,0
46,1,15,1,7700,53,0,55,1,1,1
66,1,12,2,9130,6,0,35,1,1,0
26,1,22,5,4700,210,0,25,1,6,0
53,1,19,3,7750,45,0,40,2,1,1
28,1,21,3,4850,41,2,40,1,1,0
62,1,16,1,5230,47,0,42,2,1,0
49,3,19,5,3870,72,13,40,1,8,0
61,1,16,3,5240,25,13,50,2,1,1
35,1,22,1,8990,18,1,50,2,1,0
64,7,22,1,3602,42,1,40,2,2,0
49,6,20,1,6355,6,0,60,1,1,1
43,1,15,5,520,6,13,20,2,1,0
43,1,21,5,9645,37,0,40,1,1,0
25,1,16,5,4252,33,2,45,1,1,0
60,1,21,3,102,22,0,50,1,1,1
31,4,22,5,440,36,0,40,2,1,1
63,1,16,3,2170,12,0,20,2,2,0
32,6,13,1,4251,303,1,38,2,1,0
46,1,17,1,8990,48,0,48,2,1,0
51,1,16,1,4760,18,1,16,2,1,0
34,1,21,5,735,36,12,40,2,9,1
51,1,21,1,300,36,0,50,2,1,1
66,1,21,1,6200,15,1,45,1,9,1
35,1,16,3,220,119,12,50,1,9,1
25,1,21,1,2300,29,1,40,2,1,0
41,1,18,4,3323,6,0,40,2,6,1
20,1,19,5,4435,48,17,16,2,9,0
25,1,20,1,800,47,0,38,2,1,0
25,1,20,5,3255,26,13,40,2,1,1
22,1,16,5,7750,37,2,40,1,1,0
67,1,16,1,4760,6,0,38,1,1,1
58,1,18,1,6850,29,1,84,1,1,0
46,1,17,1,6050,303,1,55,2,8,0
17,1,14,5,9640,53,2,3,1,6,0
79,6,17,2,4230,22,0,12,2,1,0
45,1,9,1,6050,303,1,40,1,8,0
18,1,18,5,3960,22,17,20,1,1,0
42,1,17,1,6442,21,0,40,1,1,0
67,1,21,3,4720,26,0,25,1,1,0
21,1,16,1,3422,39,1,32,2,1,0
20,5,16,5,6835,29,17,55,1,1,0
29,1,21,1,3300,18,1,40,1,1,0
39,1,20,1,3255,12,2,40,2,1,0
41,1,22,1,1021,210,0,40,1,6,1
50,5,23,1,6010,27,1,45,1,1,1
43,1,17,5,9620,29,0,30,2,2,0
48,1,16,1,9130,48,1,45,1,1,1
31,2,22,1,1065,6,1,20,2,1,0
44,4,22,1,2014,36,0,40,2,1,1
34,3,21,1,2310,6,0,37,1,1,1
67,6,22,1,4600,39,0,7,2,1,0
50,6,16,3,2770,214,0,5,2,1,0
59,1,22,3,5400,17,0,40,2,1,0
42,1,22,1,850,45,1,40,1,1,1
62,7,16,1,7000,27,0,35,2,1,1
51,5,21,1,1460,26,1,55,1,3,1
47,1,17,5,7340,56,0,40,1,1,0
78,2,24,1,410,6,0,40,1,1,1
38,3,21,1,2310,45,1,45,1,1,1
26,1,22,5,5240,48,0,50,2,1,1
27,1,16,5,4760,48,0,40,1,1,0
18,1,16,5,4720,34,17,18,2,6,0
17,1,14,5,9620,22,16,20,1,2,0
50,1,16,1,6200,11,0,42,1,1,1
34,3,21,1,3870,27,1,45,1,1,1
22,1,21,5,4720,17,13,25,1,2,0
42,1,16,5,6530,39,0,50,1,5,1
22,1,20,5,3603,12,2,40,2,1,0
57,1,23,1,3090,16,0,45,1,1,1
58,1,22,1,20,42,0,45,2,1,1
52,1,16,1,7810,51,1,20,1,2,0
59,7,19,1,10,6,0,30,2,1,1
58,1,16,1,9620,39,0,60,2,1,0
53,1,18,1,3603,39,1,32,2,1,0
22,1,21,5,4030,18,2,6,2,1,0
48,5,22,1,440,32,0,40,2,1,1
24,2,19,1,3255,468,1,40,1,2,0
64,1,22,1,350,42,1,50,2,1,1
60,1,7,3,4251,303,10,56,1,8,0
29,1,22,5,850,6,13,40,2,1,1
50,7,16,1,4251,18,6,40,1,2,0
55,6,18,1,4840,27,0,40,1,1,0
58,1,16,1,5810,42,0,43,2,1,1
49,7,23,1,3090,24,0,60,2,1,1
55,3,22,1,2310,110,0,40,2,1,1
43,1,21,1,3050,110,1,35,2,6,1
55,6,19,3,750,6,0,5,2,5,0
64,6,22,1,9620,55,0,5,1,1,0
42,1,24,1,1005,53,1,80,2,9,1
32,1,18,1,3900,53,1,40,1,1,0
27,1,19,1,9645,47,1,39,2,1,0
63,1,18,1,2770,48,1,2,2,1,0
46,1,21,1,4840,17,1,40,1,1,1
63,2,19,1,5740,25,1,40,2,1,0
35,2,23,5,420,46,2,40,1,1,0
52,1,18,5,9610,12,15,45,1,1,0
65,1,21,1,1935,8,0,4,1,1,1
64,7,22,3,10,212,0,40,1,1,1
40,1,21,1,2170,39,0,45,2,1,1
25,1,18,5,5400,48,0,40,2,2,0
33,1,16,1,5110,47,9,40,2,1,0
27,1,21,5,800,29,15,40,1,2,1
58,1,21,5,2145,48,0,37,2,1,1
55,7,21,1,8740,207,0,30,1,6,0
53,1,20,1,8990,37,1,1,2,1,0
24,3,20,5,2002,48,0,40,2,3,0
56,1,19,1,3500,48,1,36,2,1,0
57,5,24,1,4700,6,0,50,1,1,1
72,6,1,2,4230,22,0,18,2,1,0
50,1,18,1,6355,362,0,40,1,7,1
27,1,21,5,1032,36,0,45,1,1,1
19,1,14,5,4130,6,2,10,1,1,0
41,1,21,1,1021,213,0,40,1,1,1
54,1,16,1,120,4,0,40,2,8,1
73,1,16,5,4020,29,0,40,2,1,0
47,1,21,5,1021,9,0,40,1,9,1
34,3,21,1,3820,17,1,45,1,1,1
41,1,21,1,5000,13,0,40,1,1,1
52,1,22,5,51,364,0,45,1,1,1
63,1,16,1,4621,25,1,1,2,1,0
27,1,21,1,2205,1,0,30,2,1,1
29,1,19,5,4110,36,2,40,2,1,0
29,1,19,1,3300,48,0,40,2,1,0
61,3,16,1,5120,13,0,40,2,2,1
66,1,18,3,5100,47,0,40,2,1,0
50,1,21,1,9130,39,0,70,1,1,0
66,6,16,1,6260,26,0,20,1,1,0
78,6,19,1,8320,4,0,20,2,1,1
31,1,19,5,5240,48,13,40,1,2,0
22,1,17,5,4720,36,7,25,2,1,0
62,1,23,3,800,301,0,38,1,1,1
34,4,21,1,3255,233,0,35,2,6,1
57,3,16,1,4020,233,9,40,1,6,0
17,1,14,5,4150,37,2,16,2,1,0
67,1,17,1,7700,1,0,45,1,1,1
17,1,14,5,4110,26,2,10,1,1,0
41,3,21,1,2014,17,0,22,2,1,0
51,1,14,1,3603,448,1,31,2,2,0
62,6,13,1,205,20,0,40,1,1,1
40,1,23,5,2100,29,0,40,2,1,1
60,1,20,1,3255,36,1,37,2,1,1
62,2,21,2,9122,48,0,45,2,1,0
22,1,21,5,2640,34,0,40,2,1,0
25,1,17,5,7720,48,2,46,1,8,0
29,1,22,1,1822,29,1,15,2,1,0
39,1,19,1,7020,5,1,40,1,1,1
56,6,11,1,220,303,1,40,1,1,0
48,7,16,1,4200,48,0,30,2,1,0
55,1,20,1,3421,28,1,40,2,1,0
35,7,22,1,750,39,0,20,2,6,1
36,1,19,1,8990,313,1,35,1,1,1
66,1,17,3,8140,19,0,45,1,1,0
39,1,16,1,6730,34,16,45,1,1,1
29,1,16,1,8140,42,0,50,1,1,0
32,1,22,5,4252,39,0,45,1,1,0
58,1,21,1,440,217,0,40,2,6,0
59,3,21,3,2310,12,0,40,2,1,0
51,1,19,3,310,9,0,60,2,1,0
22,1,19,5,6260,303,2,40,1,8,0
64,6,13,1,6230,28,1,25,1,1,0
52,1,17,1,9130,51,1,40,1,2,0
56,1,16,1,4720,15,1,24,2,6,0
56,1,22,5,4700,47,0,40,2,2,0
27,2,22,5,5820,25,0,4,1,1,0
63,4,19,1,440,53,1,40,2,1,0
25,2,12,5,9645,26,7,24,2,1,0
44,3,22,1,2310,17,0,40,2,1,0
47,3,22,1,3910,48,1,40,2,2,0
63,1,17,3,4220,42,0,34,2,1,0
64,2,22,1,2040,45,0,60,1,1,1
50,1,21,1,160,17,1,50,2,1,1
26,4,21,5,230,33,0,40,2,1,0
44,1,21,1,800,207,0,40,2,6,1
62,1,16,1,8990,37,0,40,2,1,0
32,1,21,5,705,40,12,40,2,9,1
48,1,19,3,440,12,0,55,2,1,1
17,1,13,5,9645,5,4,20,2,1,0
41,1,20,1,4040,36,0,49,1,8,0
68,1,20,1,3255,6,1,1,2,9,1
70,1,22,1,3255,17,1,40,2,1,1
28,1,24,5,4700,48,0,40,1,1,0
32,1,16,5,4230,33,13,40,2,1,0
55,7,24,5,2100,17,0,60,2,6,1
47,4,20,1,3946,39,0,30,2,1,0
20,1,18,5,5240,51,3,30,2,1,0
39,1,16,1,4920,18,1,40,2,1,0
23,1,17,5,4700,48,2,30,2,1,0
26,1,21,5,1460,53,2,40,1,5,1
23,1,16,5,3640,48,13,40,2,1,0
57,4,11,3,4220,51,0,60,2,2,1
60,1,20,3,440,39,0,40,1,1,1
54,1,21,1,110,17,0,46,1,1,1
47,1,21,1,440,39,0,50,1,1,1
23,1,20,5,2310,217,2,20,1,6,0
25,1,21,1,710,36,1,40,2,1,0
21,1,19,5,310,215,0,40,2,1,0
24,1,21,5,7750,25,0,40,1,1,0
17,1,14,5,4110,55,4,15,2,1,0
19,1,12,5,7800,12,7,30,2,1,0
54,1,9,1,6260,303,6,40,1,8,0
62,1,16,1,440,39,0,40,1,1,0
33,1,20,1,6355,27,0,40,1,1,1
34,5,20,1,5350,233,0,40,1,9,1
19,1,19,5,4110,12,2,14,1,9,0
35,1,16,1,4435,56,5,40,2,8,0
28,1,21,5,440,6,2,40,2,1,0
32,1,19,1,3255,47,0,40,2,1,1
59,8,17,5,8990,34,0,5,2,1,0
62,1,17,1,9620,42,0,40,1,1,0
47,6,16,1,9130,150,0,50,1,1,1
62,1,19,1,600,48,1,60,1,1,1
45,1,12,1,8140,303,0,40,1,1,1
41,3,22,5,2310,20,0,70,2,1,1
34,2,20,1,3603,29,0,40,2,1,0
58,1,21,1,4850,36,0,40,1,1,1
26,1,20,5,630,6,0,45,2,1,0
45,1,16,4,4000,37,0,38,2,2,0
57,2,18,1,5250,53,0,37,2,1,0
53,1,17,1,4750,5,0,50,1,1,1
51,1,21,5,565,38,13,50,2,1,1
27,1,21,5,1021,37,12,40,1,6,1
20,1,19,5,4435,12,2,30,1,1,0
37,2,21,1,2016,15,0,30,2,6,0
67,6,21,2,6230,35,0,5,1,1,0
49,4,21,1,230,35,0,40,1,1,1
60,1,19,1,7340,40,1,50,1,1,0
51,1,22,1,52,327,0,40,1,1,1
47,1,12,3,7810,72,2,40,1,1,0
22,4,19,5,2001,34,2,35,1,1,0
20,3,16,5,5860,37,2,40,2,1,0
37,1,16,5,5240,53,0,40,2,7,0
53,4,16,2,2002,36,0,40,2,1,0
40,1,16,1,52,6,0,40,2,1,0
58,1,17,3,3500,12,0,5,2,1,0
58,1,16,3,7700,303,0,55,1,1,1
31,1,21,1,220,22,1,60,1,1,1
59,1,21,1,1021,327,0,40,1,1,1
36,6,20,5,51,25,0,40,1,6,0
21,2,16,5,2545,36,2,11,2,1,0
38,1,16,5,4760,55,0,44,1,1,0
31,1,20,5,136,4,0,50,1,1,0
48,1,17,3,4510,48,0,40,2,1,0
20,2,19,5,4600,34,17,35,2,1,0
31,1,16,1,6850,22,0,99,1,1,1
82,1,20,1,9640,36,1,30,1,1,0
48,3,22,1,2310,233,0,37,2,6,1
69,1,21,1,7340,110,0,40,1,1,0
47,1,20,1,5120,12,0,40,1,1,1
57,1,16,5,9645,48,5,40,1,2,0
31,1,21,5,710,17,13,40,2,1,1
42,1,20,1,7000,31,0,40,1,1,1
20,1,16,5,7830,51,2,30,1,1,0
57,7,23,1,2100,243,0,55,1,1,1
54,5,16,1,930,49,1,40,2,1,0
34,1,21,5,1760,242,15,40,2,6,0
56,1,16,1,9640,18,0,30,2,1,0
38,1,21,1,4621,55,0,40,2,1,0
26,1,22,1,5920,20,9,42,1,1,0
20,1,20,5,4251,17,2,52,1,1,0
41,1,19,1,8760,13,0,24,2,1,0
40,1,20,4,3255,37,0,40,2,2,0
20,1,16,5,8225,1,2,32,1,2,0
25,1,18,5,4010,36,0,40,1,2,0
24,1,21,5,5300,41,2,35,2,6,0
29,2,21,1,2014,51,0,40,2,1,0
37,1,20,5,3255,48,0,36,2,1,1
63,1,14,3,8710,46,0,30,1,1,0
36,1,21,5,9620,4,0,30,1,8,0
53,6,15,1,220,12,1,60,1,1,1
42,1,12,1,7800,312,0,40,2,8,0
71,1,18,3,3602,128,6,20,2,1,0
57,4,21,1,440,25,0,40,2,1,1
54,4,21,1,440,29,0,55,1,1,1
56,1,18,3,4820,36,13,45,2,1,1
27,1,17,5,1108,37,13,40,1,2,0
67,1,16,3,4740,139,0,40,2,1,1
34,1,21,5,3610,39,0,40,2,1,0
68,7,21,1,8990,12,0,40,1,1,0
55,1,21,1,5000,37,1,40,2,1,0
20,2,18,5,726,29,17,45,2,1,0
40,3,20,1,230,39,1,40,1,2,0
49,1,17,1,8830,26,1,24,2,1,0
48,2,19,1,2016,72,0,70,1,8,0
37,1,20,5,3255,39,2,36,2,1,0
58,1,16,3,4220,23,0,40,2,1,0
38,1,13,1,5240,56,0,40,2,1,0
63,2,17,1,4220,31,1,40,1,1,0
18,1,16,5,9645,1,3,30,1,1,0
23,1,21,1,2300,37,1,40,2,1,0
28,3,20,5,3740,6,0,74,1,9,1
74,1,16,2,4760,28,8,8,2,1,0
36,4,22,1,2310,72,1,40,1,3,0
49,1,19,1,2025,303,1,40,1,1,0
50,1,19,1,1006,6,1,40,2,1,1
30,1,21,5,4700,6,2,45,2,1,1
58,6,17,1,9130,41,1,60,1,1,1
48,2,19,3,410,55,0,40,2,1,0
59,1,22,1,1410,26,0,40,1,1,1
60,1,18,1,3603,13,0,32,2,2,0
57,1,16,1,7340,42,6,40,1,1,0
52,4,21,1,2205,24,1,10,1,1,0
52,4,21,5,5000,49,0,40,2,1,1
38,7,20,3,6230,20,0,40,1,1,0
17,1,14,5,4110,1,2,15,1,1,0
41,3,18,1,4600,6,15,25,2,8,0
39,3,22,1,800,332,1,40,1,2,1
53,3,16,1,3740,18,1,60,1,1,1
58,5,19,1,6520,53,1,40,1,1,1
27,1,19,5,4655,53,2,28,1,1,0
28,1,21,5,5740,6,2,40,2,1,0
38,6,19,1,52,40,0,60,2,1,0
58,8,24,5,710,39,2,40,1,1,0
47,1,19,4,8990,21,0,40,1,1,0
49,1,21,1,5240,17,0,41,1,1,0
23,1,14,5,6765,26,2,50,1,1,0
17,1,14,5,4020,45,2,25,1,1,0
17,1,14,5,3960,53,2,10,2,1,0
49,1,17,1,7300,49,1,40,1,1,1
54,3,19,1,230,39,0,40,2,1,1
28,1,19,1,3602,26,0,40,2,1,0
63,1,16,1,101,51,1,50,2,1,0
47,1,21,5,5740,34,0,38,2,6,0
44,1,16,1,6950,22,1,60,1,1,1
19,1,17,5,4010,6,2,45,1,1,0
56,6,16,1,4510,33,0,30,2,1,0
43,1,22,1,800,19,1,40,1,1,1
56,1,16,1,6200,26,1,48,1,1,1
48,1,18,3,20,48,0,50,1,1,1
42,3,21,1,2310,26,1,45,2,1,0
44,1,15,1,8630,18,1,40,1,8,1
33,1,22,1,3258,48,1,40,2,1,1
39,7,21,5,4920,13,0,70,1,1,1
44,1,19,5,4510,6,12,40,1,1,0
44,1,13,1,8990,29,1,48,1,1,0
29,1,20,5,2770,48,0,21,1,1,0
45,2,20,1,4700,38,0,45,2,1,1
76,1,19,3,4965,55,0,30,1,1,1
70,2,21,3,2310,37,0,4,2,1,0
54,1,16,1,3110,9,0,40,2,1,0
30,1,20,5,4920,36,0,40,1,2,1
52,6,20,3,3620,12,0,20,2,1,0
36,4,23,1,2205,42,1,45,2,1,1
38,1,15,5,1021,1,2,40,1,2,1
37,2,22,1,800,364,0,40,2,1,0
21,1,16,1,5240,303,1,40,2,1,0
48,7,21,1,3050,12,0,30,1,1,1
40,1,4,5,4130,312,13,36,2,1,0
62,1,21,1,440,10,0,80,1,1,1
55,3,21,1,2545,25,1,55,2,1,0
35,6,16,1,4350,239,1,60,2,1,1
30,1,20,1,4700,6,9,36,2,1,0
63,1,17,3,4965,47,0,12,2,1,0
45,4,22,1,2310,22,1,45,2,2,0
71,2,18,1,4251,53,0,6,1,1,0
27,4,20,5,5420,6,0,40,2,1,0
39,1,20,1,5240,6,0,40,2,1,0
41,1,21,1,565,72,0,40,1,1,0
72,1,16,1,3424,4,1,8,2,1,0
59,1,21,1,3255,39,0,40,2,1,0
38,3,20,1,3870,44,0,50,1,1,1
46,4,22,1,230,5,0,65,1,1,1
33,1,21,5,4800,36,0,45,2,1,1
47,1,21,3,1010,34,0,40,1,1,1
55,4,24,1,2205,29,0,60,1,1,1
55,1,16,1,7210,17,1,50,1,1,1
37,1,19,5,6260,48,2,40,1,1,0
29,1,19,5,440,39,0,45,2,1,0
27,1,20,5,6260,48,13,45,1,1,0
26,1,21,5,850,29,13,50,1,1,1
66,3,22,1,2040,54,0,60,1,1,1
53,1,19,1,5400,49,1,40,2,1,0
23,1,21,5,3255,72,2,40,2,1,0
32,1,21,5,1050,8,0,45,1,1,1
56,7,19,1,220,25,0,60,1,1,1
38,1,20,1,20,341,1,40,2,2,1
47,1,19,1,4020,39,1,35,1,1,0
25,3,17,5,4220,17,5,40,1,1,0
31,1,16,5,4251,4,12,40,1,8,0
23,1,21,5,7840,53,12,50,1,1,0
59,1,16,1,4760,12,0,40,1,2,0
27,4,16,5,6260,34,16,5,1,2,0
48,2,16,1,5000,48,1,40,1,1,1
26,6,16,5,6230,6,0,40,1,1,0
49,1,12,1,8990,303,0,40,1,8,0
23,1,21,5,4020,42,0,12,1,1,0
31,1,23,1,2100,36,0,50,1,1,1
23,7,17,5,4220,20,0,40,2,1,0
21,1,16,5,735,233,15,40,2,6,0
30,1,21,5,2014,46,0,50,2,1,1
60,3,17,2,4130,29,0,24,2,1,1
58,6,1,1,4510,26,1,30,2,1,0
41,1,21,5,7010,25,0,40,1,1,0
50,3,21,1,4600,25,0,10,2,1,0
68,1,20,1,3255,17,0,20,2,1,0
39,4,22,1,230,53,1,40,2,1,1
38,1,8,3,4230,303,0,40,2,8,0
35,5,21,1,800,1,0,40,1,1,1
28,1,13,5,9600,303,0,45,1,1,0
55,1,19,5,10,36,0,50,2,2,1
39,1,23,1,2100,37,1,25,1,1,0
67,1,18,1,4230,374,1,99,1,1,0
28,1,20,5,3255,39,13,36,1,1,0
45,6,16,3,440,9,0,40,2,1,1
56,1,16,1,440,333,1,40,1,2,0
25,1,19,5,6200,18,0,45,1,1,0
58,2,16,1,350,26,1,50,2,1,1
34,4,22,1,2310,6,1,60,2,1,0
31,1,21,1,2634,25,0,40,2,1,1
51,5,22,1,120,6,1,40,2,1,1
57,1,19,1,2840,26,1,40,1,1,1
35,1,20,1,3255,32,1,40,2,1,0
40,1,17,1,4220,164,1,40,2,1,0
42,5,22,1,440,21,0,40,1,1,1
59,1,20,1,3500,20,0,40,2,1,0
65,1,18,3,2633,12,0,10,2,2,0
41,1,16,1,7210,39,1,40,1,1,1
52,1,16,1,9130,303,6,40,1,8,0
20,2,19,5,4540,6,17,25,2,2,0
18,7,16,5,1031,13,0,40,2,2,0
43,1,19,1,5840,12,0,40,2,2,0
29,5,19,1,5560,17,0,9,2,2,0
53,1,16,1,8030,42,1,50,1,1,1
47,1,19,1,5000,39,0,55,1,1,1
64,3,21,5,705,44,0,60,1,1,1
52,5,19,1,5000,40,0,40,1,1,1
20,3,19,5,4655,47,2,20,2,1,0
29,1,19,1,7410,6,1,40,1,1,1
36,7,21,3,440,235,0,60,1,9,1
54,1,16,2,4230,5,3,36,2,1,0
32,1,22,5,3648,9,0,50,2,1,0
31,7,20,5,4621,12,12,40,2,1,0
25,3,16,1,4350,26,0,32,2,1,0
31,1,19,1,3300,54,1,35,2,1,0
33,1,19,5,5240,55,0,40,2,2,0
32,5,19,3,9830,36,0,70,1,1,1
65,2,24,1,3255,42,1,24,2,1,1
45,1,16,5,8990,37,13,40,1,2,0
43,6,23,1,3090,301,1,40,2,1,0
47,1,19,1,4760,26,2,20,1,1,0
41,2,23,3,2310,34,0,40,1,1,1
41,1,19,3,5400,6,12,38,2,1,0
46,1,21,1,5110,35,1,45,1,1,1
24,3,20,1,2545,303,1,35,2,1,0
32,1,19,1,1050,13,0,40,1,1,1
52,1,19,1,8100,39,1,50,1,1,0
28,1,21,5,5860,29,2,37,1,1,0
36,1,16,5,4700,13,0,46,2,1,0
30,1,19,5,9600,53,0,40,1,1,0
69,5,19,5,4120,39,0,40,1,2,0
23,1,16,5,6050,36,2,60,2,1,0
27,1,22,5,5250,6,2,40,1,1,0
57,3,21,1,2310,53,1,40,2,1,1
69,1,16,3,4655,26,0,8,2,1,0
66,7,23,1,3090,55,1,20,1,1,1
58,3,23,4,1650,421,0,40,2,2,1
46,1,21,1,4700,30,0,39,2,1,1
49,1,16,5,3930,37,17,40,1,1,0
42,2,24,1,3090,303,1,40,2,1,1
52,1,21,1,120,12,0,50,2,1,1
60,1,19,1,3601,139,6,40,2,2,0
52,1,21,1,101,36,1,45,2,1,0
37,1,19,4,5240,54,4,40,2,1,0
40,1,20,3,4700,36,2,40,1,1,0
63,1,21,1,4850,42,1,40,1,1,1
40,3,22,1,2310,8,0,40,1,1,1
53,1,20,1,5740,28,1,40,2,1,0
23,1,19,5,7420,29,0,40,1,1,0
24,2,19,5,4710,6,15,4,1,1,0
62,1,22,1,51,25,1,55,2,1,1
31,1,20,5,5420,36,13,40,2,1,0
53,2,20,1,5740,39,0,37,2,1,0
28,1,21,1,2360,45,1,25,2,1,0
24,1,16,5,8990,29,2,52,2,1,0
53,2,22,1,2002,36,1,40,2,1,0
49,4,22,1,2310,1,12,45,2,1,1
25,1,16,1,9640,303,1,45,2,8,0
30,1,21,5,735,42,0,40,2,1,0
32,2,21,5,5940,6,13,25,2,1,0
40,1,21,1,4850,39,1,45,1,1,1
56,2,22,3,350,39,0,50,1,1,1
36,6,19,1,2850,53,1,20,1,1,0
44,1,15,3,8810,341,0,40,2,9,0
36,1,21,1,2830,16,1,2,2,1,0
43,1,21,1,4110,233,1,14,2,6,0
51,7,24,1,3250,31,1,50,1,1,1
41,1,21,5,1610,29,0,45,1,1,1
51,1,20,3,845,55,0,40,2,1,1
66,1,16,1,5240,42,1,15,2,1,0
47,1,16,1,6200,42,1,90,1,1,1
34,1,18,5,5300,29,0,20,2,1,0
55,3,21,5,3255,36,0,40,2,2,1
53,1,16,3,9620,27,0,52,2,1,1
22,1,19,5,4720,6,2,25,2,8,0
49,1,1,1,8800,54,1,25,1,1,0
19,4,19,5,2205,13,17,15,2,1,0
67,6,22,1,2545,48,0,6,1,1,1
29,1,21,1,1010,24,0,40,1,1,1
41,1,18,1,810,42,1,50,2,1,1
53,2,21,1,136,6,0,30,2,1,0
66,1,17,1,9600,17,0,90,1,1,0
45,1,19,3,6355,4,2,30,1,3,0
36,1,13,5,6515,17,13,30,1,1,0
20,1,19,5,9620,51,2,30,1,2,0
44,1,21,1,2545,316,0,40,2,1,0
30,3,19,1,2861,48,0,35,2,1,0
21,1,16,5,9600,1,12,40,1,1,0
17,1,14,5,4720,13,2,20,2,1,0
47,1,22,1,4521,247,0,30,1,6,0
59,1,18,1,5120,17,0,40,2,1,1
56,3,16,1,4020,303,1,15,2,8,0
57,1,16,2,5860,36,0,40,2,1,0
49,1,16,1,6260,314,1,40,1,1,0
34,3,22,1,2310,1,1,40,2,1,1
28,1,22,4,2435,360,0,40,1,1,0
64,3,13,3,2545,6,0,40,2,1,0
54,1,19,1,4030,303,1,40,2,8,0
49,6,20,1,4920,17,1,40,2,1,0
32,1,21,1,310,364,1,55,2,1,0
65,3,21,1,10,1,0,45,1,1,1
46,7,19,1,2752,39,0,45,1,1,1
25,1,16,5,4140,42,0,35,2,1,0
56,1,16,5,5240,47,0,40,1,2,0
51,1,22,1,5240,39,0,42,2,1,0
63,1,16,3,6410,361,0,40,1,1,0
50,1,16,5,4760,36,2,35,2,1,0
36,1,21,1,9645,207,1,40,2,6,1
32,1,21,1,136,6,1,45,2,1,1
30,1,21,1,800,48,1,50,1,8,1
25,1,16,5,6230,54,4,40,1,1,0
24,2,21,5,5940,13,0,38,2,1,0
19,1,18,5,4760,18,2,12,2,2,0
37,1,20,5,710,42,0,40,2,2,0
42,1,21,3,440,48,2,40,2,1,1
41,1,13,5,9620,36,17,3,1,1,0
26,1,21,5,1050,51,2,40,2,6,0
53,1,17,5,9610,28,16,40,1,2,0
39,1,20,5,5400,314,0,40,2,1,0
32,1,22,1,800,13,0,45,1,1,1
45,7,23,1,2100,25,1,60,2,1,1
64,6,21,1,4600,25,1,40,2,1,0
18,1,18,5,4110,6,17,10,1,6,0
61,1,21,3,3602,324,0,60,2,2,0
43,1,22,1,2006,6,0,45,1,6,0
60,2,21,1,2320,39,1,25,2,1,0
36,1,16,1,5240,312,0,34,2,8,0
68,1,19,1,350,6,1,40,2,1,1
51,1,16,5,4140,303,6,40,2,1,0
45,1,21,1,110,24,0,55,1,1,1
20,1,19,1,4150,36,12,13,2,1,0
60,1,20,1,9130,215,0,20,1,1,0
52,1,19,1,4840,48,1,40,2,1,1
36,1,24,1,2710,109,1,40,2,1,1
51,1,17,5,440,303,16,18,2,1,0
31,1,21,1,4700,303,0,40,1,1,0
22,1,21,5,2825,26,13,30,2,1,0
59,1,16,3,4020,42,15,25,1,1,0
63,2,20,3,3255,26,0,25,2,1,0
21,1,19,5,4600,55,2,30,1,1,0
23,1,16,5,7750,13,0,40,1,2,0
55,1,22,1,20,21,1,50,1,1,1
41,2,17,1,1108,13,0,45,1,1,1
58,1,19,1,705,42,1,40,1,1,1
57,1,18,5,4720,6,0,40,2,2,0
35,4,16,1,440,34,0,30,1,1,1
38,1,19,1,4110,6,0,35,1,9,0
48,1,21,1,630,110,0,40,2,8,1
19,5,16,5,9310,4,17,40,1,1,0
46,6,21,1,2905,42,0,50,1,1,1
19,1,19,5,5740,6,17,40,2,1,0
40,1,19,1,5860,48,1,40,2,1,0
42,4,19,1,2016,33,0,38,2,1,0
25,1,20,5,7340,303,13,43,1,1,0
25,1,18,5,3646,21,2,40,2,1,0
33,1,16,3,4720,49,2,20,2,1,0
26,5,21,5,9825,35,0,40,1,9,1
56,2,20,3,420,36,0,30,2,1,0
57,1,22,1,7750,210,0,40,1,6,1
56,5,19,5,4020,40,0,35,2,3,0
77,7,22,1,8255,36,0,25,1,1,0
62,1,17,5,7200,9,0,40,1,1,0
57,1,21,3,630,27,0,40,2,1,1
58,1,20,1,4760,54,0,39,1,1,0
65,6,16,1,9130,18,0,45,1,1,1
64,4,21,5,4710,28,0,40,2,2,0
25,2,14,1,3602,6,9,24,2,1,0
44,1,21,1,310,12,0,50,2,1,0
39,3,16,1,4600,72,0,18,2,1,0
55,4,21,3,2310,49,0,45,2,1,1
42,1,19,1,3603,48,1,25,2,1,0
53,1,22,2,2205,373,0,40,1,6,1
59,1,1,4,9620,42,5,40,1,1,0
23,1,16,3,205,42,0,35,2,1,0
76,7,20,1,2850,36,0,1,2,1,1
50,5,21,1,1021,12,0,40,2,1,1
46,1,14,5,6230,10,0,40,1,1,1
20,1,19,5,5240,12,2,30,1,2,0
27,4,21,1,2360,54,1,40,2,1,0
47,1,9,1,4220,303,1,42,1,8,0
40,1,19,1,5400,48,0,40,2,9,0
61,3,20,1,4720,36,0,12,1,1,0
74,3,22,3,2040,1,0,4,2,2,1
49,1,1,1,4251,303,0,40,1,1,1
66,1,21,1,10,18,0,45,1,1,1
29,5,21,1,7100,19,0,45,2,1,0
30,1,24,1,3160,29,1,60,2,1,1
38,1,20,5,4710,37,2,50,1,1,0
57,1,16,3,4220,47,0,40,2,1,0
67,1,21,1,4700,37,0,41,1,1,1
33,2,22,1,2001,48,0,40,2,1,1
53,3,21,1,1105,8,0,45,1,1,1
24,2,16,5,4600,36,0,40,2,1,0
57,1,16,1,600,55,1,45,2,1,1
56,4,21,5,440,27,0,40,2,1,1
47,1,21,1,5510,440,0,40,1,2,0
51,7,19,1,5120,8,0,15,2,1,0
28,1,21,1,2300,6,0,40,2,1,0
48,7,16,1,220,39,0,45,1,1,1
35,1,22,1,3230,22,1,40,2,1,0
33,1,16,5,7700,42,2,84,1,1,1
39,1,22,1,51,215,0,45,1,6,1
35,6,21,3,440,49,0,20,1,1,0
35,1,21,1,10,36,1,55,1,1,1
19,1,19,5,4010,364,2,20,2,1,0
35,1,22,1,2205,207,1,25,2,6,0
44,1,21,1,1545,15,0,40,1,6,1
51,6,21,1,101,48,1,40,2,1,0
43,3,21,1,3820,126,0,40,2,1,1
48,3,17,1,4220,36,1,40,1,1,1
34,1,24,1,1760,1,0,40,1,1,1
56,1,13,3,6305,31,13,45,1,1,0
49,1,23,1,2100,36,0,45,1,1,1
54,1,16,1,1551,20,1,40,1,1,1
53,1,16,1,5740,21,1,40,2,1,0
56,1,19,1,3601,36,1,24,2,1,0
46,2,21,3,2205,36,0,50,1,1,0
51,3,20,1,3740,36,0,40,1,1,1
66,1,19,2,5710,26,0,40,2,1,1
23,1,13,5,4020,48,16,40,1,1,0
23,1,19,5,3603,49,2,40,2,1,0
37,1,19,1,2300,214,1,40,2,1,0
48,6,16,3,4510,48,13,36,2,1,0
21,3,19,5,5860,35,0,20,1,1,0
42,6,16,1,7340,20,1,65,1,1,0
60,7,21,3,205,17,16,50,1,1,1
26,1,16,1,5000,12,0,40,2,1,0
26,6,16,1,6230,8,0,45,1,1,0
76,6,16,1,205,30,0,4,1,1,0
42,3,19,1,2330,48,1,40,2,1,0
48,1,21,1,1007,110,1,40,2,6,0
32,1,20,5,10,48,2,40,2,1,0
66,3,11,1,3940,151,1,35,2,1,1
33,3,21,1,2025,6,0,45,2,1,0
35,6,21,1,800,33,0,40,2,1,1
19,1,19,5,6355,5,2,40,1,1,0
50,1,16,3,350,1,0,40,2,2,1
49,3,19,1,1900,45,0,40,1,1,1
66,1,10,3,4230,48,0,30,2,1,0
18,2,14,5,3960,26,2,30,2,1,0
31,6,18,5,440,12,13,40,1,1,0
43,1,21,1,800,365,1,40,2,1,0
47,4,22,1,2205,6,0,19,2,1,0
46,1,19,1,20,214,0,40,1,1,1
66,6,18,1,4621,54,1,25,2,1,0
61,1,20,1,800,17,0,40,2,1,0
42,3,22,1,2310,34,0,35,2,1,1
40,1,21,1,110,48,0,30,1,1,1
29,1,21,5,2205,26,2,40,1,1,0
54,1,20,5,6260,39,0,40,1,2,0
30,1,16,5,4655,6,10,40,2,2,0
20,1,14,5,5900,303,15,46,2,8,0
23,1,20,5,5820,6,4,24,2,1,0
24,1,20,5,9620,29,0,40,1,1,0
38,1,15,1,565,12,0,40,2,2,1
63,6,21,1,4920,26,0,70,1,1,1
23,1,21,5,3255,20,12,36,2,1,0
59,3,21,1,2545,25,1,35,2,1,0
47,2,21,4,3602,35,0,40,2,2,0
51,1,16,1,8800,312,0,40,2,1,0
52,4,16,1,5610,13,0,40,1,2,0
55,3,21,1,440,45,1,43,1,2,1
36,1,21,1,5240,12,0,60,2,2,1
29,1,19,5,800,5,13,40,2,6,0
37,1,19,5,9130,13,13,60,1,1,1
23,1,18,5,4720,17,10,40,2,1,0
66,1,16,1,7750,42,1,40,1,1,0
56,1,21,3,1305,55,0,50,1,1,1
18,2,19,5,5740,55,17,25,2,9,0
32,1,12,5,4251,42,10,8,1,1,0
54,1,17,3,8140,17,0,48,1,1,1
59,1,16,1,4230,364,1,40,2,1,0
62,3,14,3,4020,29,0,60,2,1,0
32,5,22,1,1105,39,0,40,1,1,1
27,2,20,5,4220,35,0,40,1,1,0
52,2,21,1,230,303,1,26,2,8,0
21,1,19,1,440,12,9,16,2,1,0
35,1,16,5,9620,55,7,25,1,1,0
61,1,23,1,350,34,0,15,1,1,1
76,1,17,1,6260,44,1,40,1,1,0
18,1,18,5,4720,47,2,15,2,1,0
51,7,23,1,710,19,0,60,1,1,1
67,7,20,1,4700,26,0,44,1,1,1
51,3,22,1,2310,17,0,40,2,1,1
51,7,22,1,2310,39,1,40,2,1,0
51,4,18,3,3802,12,5,40,1,2,0
24,1,18,5,9620,39,2,16,1,1,0
65,4,19,1,3602,19,0,30,2,1,0
60,1,20,1,5240,54,0,50,1,1,0
42,1,22,5,20,136,0,60,1,1,1
34,1,19,1,5400,36,1,40,1,1,0
43,1,15,2,440,26,0,65,1,1,1
20,5,16,5,9825,329,17,80,1,2,0
55,1,16,3,9645,1,0,40,2,1,0
22,1,19,5,5120,39,12,40,1,1,0
62,1,23,5,3030,34,0,40,2,1,1
34,1,21,5,20,35,0,50,1,1,1
19,4,19,5,9620,37,17,4,1,1,0
41,1,21,1,51,6,0,60,2,6,0
30,1,21,5,3630,48,0,30,2,1,0
55,3,22,1,2310,24,1,60,1,1,1
18,1,16,5,4720,49,2,30,2,1,0
65,3,21,1,2310,12,1,8,2,1,0
40,3,19,1,5140,21,0,37,2,1,0
35,2,16,3,630,17,0,48,1,1,1
80,7,18,2,4510,362,0,12,2,1,0
20,1,16,5,9130,303,2,30,1,8,0
53,2,21,1,2310,29,0,45,2,1,0
62,4,16,1,4220,1,1,40,2,1,0
31,1,21,5,4040,54,13,20,2,1,0
33,1,16,1,9645,48,0,22,1,1,0
61,2,16,1,4230,34,1,40,2,1,0
43,3,21,1,3960,48,1,40,1,1,1
70,1,21,1,9620,39,0,20,1,1,1
55,1,16,1,4840,1,0,60,1,9,1
64,1,19,1,8990,53,0,42,1,9,1
22,1,19,5,4230,29,0,30,2,1,0
56,1,16,1,6305,39,0,45,1,9,0
42,1,21,3,845,416,0,40,1,2,1
55,1,21,1,51,36,1,60,2,1,1
43,1,21,5,5740,8,0,40,2,3,1
34,1,21,5,51,21,0,60,1,1,1
57,1,20,1,4720,17,0,8,2,1,0
43,2,21,1,3323,42,0,4,2,1,1
50,1,19,5,4010,24,11,50,1,1,1
26,1,16,1,9620,17,1,40,2,1,0
76,7,22,1,3160,25,0,40,1,1,1
58,1,16,5,9130,9,0,40,1,1,1
58,1,14,1,4140,1,0,35,1,1,0
33,1,18,5,4110,48,2,30,1,1,0
38,1,20,1,5610,42,0,40,2,1,0
45,1,19,5,3500,42,0,40,2,2,1
60,6,13,3,220,303,0,50,1,1,1
58,6,16,1,6050,214,1,99,1,1,0
45,1,21,5,1760,27,0,45,2,1,1
22,1,21,5,4840,25,0,40,2,1,1
20,1,19,5,4720,17,12,25,2,1,0
59,2,21,5,2001,42,0,32,1,1,0
46,2,22,3,2205,26,0,40,2,3,0
40,3,21,1,2310,164,1,40,2,1,0
23,1,21,5,4130,6,0,23,1,1,0
65,1,16,5,5140,17,2,6,2,1,0
27,5,21,1,3255,46,0,50,2,8,1
65,2,21,1,1050,149,1,50,1,1,1
52,1,18,1,540,39,1,40,1,1,1
68,1,20,3,9410,9,0,40,2,2,1
31,3,21,1,2320,13,1,40,1,2,0
78,1,19,2,3500,29,0,40,2,1,0
54,1,20,1,8130,26,0,40,1,1,0
51,3,22,1,2310,55,0,45,2,1,1
38,6,19,5,2640,364,5,40,2,1,0
18,1,18,5,5400,48,4,4,2,1,0
22,1,19,5,310,6,0,40,1,1,0
41,1,20,1,120,13,0,38,2,2,0
65,1,12,1,4030,303,1,40,2,1,0
57,7,21,1,2100,6,0,30,1,1,1
42,1,18,5,310,13,4,55,2,2,0
42,1,16,1,4810,1,0,45,1,1,1
29,1,20,5,6260,36,13,40,1,1,1
31,3,21,5,2310,13,0,60,2,1,0
41,1,19,5,4700,24,2,40,1,2,0
28,1,21,5,700,54,2,30,1,1,0
45,1,16,1,9620,45,1,40,1,2,0
47,6,22,1,2003,6,1,9,2,1,0
26,2,21,1,3255,26,0,36,2,1,1
36,1,16,1,6220,51,1,40,1,1,1
36,4,20,1,5740,39,0,41,2,1,0
19,1,16,5,9610,40,2,12,2,3,0
33,1,19,1,5300,26,1,30,2,1,0
50,1,22,1,1021,210,0,40,1,6,1
38,1,21,1,440,53,0,40,1,1,1
57,1,21,2,800,37,0,10,2,1,0
42,2,17,1,7020,1,0,40,1,1,0
39,1,16,5,9121,312,0,25,2,8,0
69,6,21,1,1006,233,1,25,2,6,1
34,1,21,1,4710,9,0,40,2,1,1
64,1,16,3,4510,29,0,15,2,1,0
45,1,22,5,1305,247,0,45,1,6,1
37,1,20,1,3300,30,1,24,2,1,0
61,1,16,1,4710,55,0,40,1,1,1
19,1,19,5,4030,36,17,6,2,1,0
25,4,18,3,2545,312,10,36,2,1,0
63,1,19,1,7855,48,0,50,1,1,0
50,1,21,1,4760,30,0,8,2,1,0
49,1,21,1,1530,26,0,45,1,1,1
27,7,22,1,3230,6,1,40,2,9,0
49,1,16,1,6050,5,1,40,2,1,0
43,7,20,1,4200,6,1,40,1,1,1
54,1,21,3,710,233,0,40,2,6,1
47,1,19,1,7700,29,1,40,1,2,0
57,1,16,1,5600,17,1,40,2,1,1
57,5,21,1,440,6,1,40,2,2,1
27,1,21,5,630,48,0,40,2,1,1
69,3,16,1,2545,12,1,21,2,1,0
36,1,18,5,4760,8,13,25,1,1,0
59,3,22,2,2320,17,0,30,2,2,1
41,1,16,3,5000,12,2,40,2,1,0
51,1,21,5,5110,45,0,40,2,2,1
53,4,17,3,1050,303,0,40,1,8,1
49,1,17,1,9645,48,1,40,2,9,0
64,7,18,2,4920,37,0,45,2,1,1
29,3,19,1,4600,6,0,15,2,2,0
49,6,16,1,4510,27,1,32,2,1,0
49,4,19,3,5600,54,0,39,2,1,0
51,1,19,5,5522,37,5,40,2,2,0
65,7,16,1,7315,51,1,75,1,1,1
19,1,16,5,7200,28,2,16,1,1,0
53,1,18,1,1551,51,1,40,1,1,1
42,1,21,3,4850,362,0,35,2,1,0
35,1,20,5,2310,47,2,40,2,1,0
55,1,16,1,5740,34,0,45,2,1,0
54,1,19,1,640,39,1,75,2,1,1
52,1,19,1,5400,8,1,40,2,1,0
59,1,21,1,140,301,0,44,1,1,1
45,4,19,3,9645,5,2,40,2,2,0
51,3,16,1,4020,55,0,35,2,1,0
72,1,20,1,9130,36,1,35,1,1,1
31,1,21,5,1920,243,12,50,2,1,0
22,2,19,5,5730,48,0,30,1,1,0
50,6,17,1,9620,6,12,28,1,1,0
42,4,20,1,3870,37,1,40,1,1,1
42,1,21,1,1760,6,0,20,2,1,0
43,3,20,1,1555,53,0,40,1,1,0
45,6,19,5,4510,207,13,40,2,6,0
45,1,18,1,4840,48,0,40,1,1,1
70,7,21,1,410,6,1,35,1,1,1
45,7,16,1,440,42,0,60,1,1,1
31,1,16,1,6230,6,0,40,1,1,0
22,1,19,5,6355,6,2,25,1,1,0
60,3,17,1,6305,27,1,40,1,1,0
51,5,16,4,9130,233,0,40,1,6,1
43,7,16,1,4710,36,0,50,1,1,1
18,1,16,5,3500,26,2,25,2,2,0
63,1,19,1,4700,48,0,50,1,1,1
41,1,18,5,8500,303,0,40,1,1,0
40,7,21,1,6520,33,1,50,1,1,0
88,6,16,2,205,39,16,10,1,1,0
35,2,21,1,420,55,0,40,2,1,1
25,1,21,5,3255,42,15,40,2,1,1
39,2,22,1,10,42,1,40,2,1,1
56,4,21,1,5000,6,0,40,1,1,1
57,1,16,1,6200,21,0,80,1,1,1
31,4,18,5,3802,12,0,40,2,2,0
47,1,16,3,9620,37,0,35,1,1,1
58,1,17,3,3602,27,0,40,2,1,0
38,1,18,3,4700,51,0,40,1,1,0
53,1,22,1,440,301,0,40,2,1,1
60,7,22,1,410,21,0,45,2,1,1
65,2,21,5,2360,25,0,40,2,1,1
47,1,21,1,850,42,0,50,1,1,1
42,1,21,1,3255,233,1,36,2,6,0
59,3,21,1,2722,48,0,70,2,1,1
69,1,21,3,3645,42,5,28,2,1,0
65,2,24,4,2205,217,0,40,1,6,1
66,6,19,3,6230,55,0,38,1,1,0
31,1,19,5,9620,217,3,24,1,6,0
29,1,21,1,2310,32,0,5,2,1,0
31,1,21,5,2310,12,2,40,1,1,0
51,1,16,1,5820,37,0,20,2,1,0
54,1,18,1,5000,24,0,40,2,1,1
47,1,19,1,4760,48,0,60,1,1,1
58,1,18,1,7330,48,0,40,1,1,1
22,1,16,5,6260,6,2,40,1,8,0
40,2,19,1,3255,38,0,42,1,1,1
29,2,22,5,2014,9,0,40,2,1,0
38,1,16,5,4220,329,0,40,1,1,0
18,1,18,5,4030,6,17,20,2,1,0
51,1,21,5,5000,36,0,45,1,1,1
32,1,19,5,5120,41,11,40,2,1,0
36,3,21,1,2310,47,1,50,2,2,1
39,2,24,1,1650,214,0,42,1,1,0
53,1,21,1,440,37,0,55,1,1,1
67,1,22,1,1551,45,1,40,1,2,1
23,3,19,5,5240,1,2,25,2,1,0
34,1,1,5,6220,315,13,30,1,1,0
51,1,21,1,220,469,0,50,1,2,1
47,1,19,1,8140,42,1,40,1,1,1
48,4,20,1,2205,13,1,40,2,2,0
48,1,21,1,120,34,0,50,1,1,1
25,1,23,1,1200,29,0,50,1,1,1
52,1,16,1,4525,44,1,40,2,1,0
39,1,19,5,5140,36,0,45,2,1,1
51,4,22,3,2002,12,0,40,2,1,1
48,1,16,2,6260,6,3,24,1,1,0
50,1,19,1,4720,210,1,38,2,6,0
40,1,23,1,120,37,0,48,1,1,1
33,1,18,1,5510,21,1,50,1,1,0
29,7,21,1,5740,1,0,20,2,1,0
34,1,21,5,1900,303,15,40,2,8,1
58,4,17,1,3602,213,0,26,1,1,0
38,6,21,1,7640,138,1,60,1,1,1
30,1,17,1,7315,39,1,40,1,1,0
48,6,16,1,5740,217,0,52,2,6,0
28,1,21,5,51,51,2,50,2,9,0
53,1,22,5,1200,36,0,55,2,1,1
18,1,18,5,4720,12,2,15,2,1,0
74,3,22,1,5600,17,1,1,1,1,0
38,1,16,1,8030,21,1,40,1,1,0
62,6,13,1,1545,12,1,15,2,1,0
37,1,19,3,5360,18,0,40,2,1,0
24,1,16,5,9620,6,2,40,1,1,0
67,2,16,1,800,6,1,20,2,5,0
68,3,18,1,5740,39,1,40,2,1,0
35,1,22,1,230,51,0,40,1,1,1
65,1,18,1,4760,303,1,15,2,1,0
52,2,21,1,136,35,0,40,2,3,1
20,1,19,5,3645,12,17,15,2,1,0
24,1,19,5,4110,48,2,20,2,1,0
50,1,21,1,4400,240,1,40,1,6,1
34,7,16,1,4510,45,1,24,2,1,0
59,2,20,1,230,17,1,16,2,1,0
27,1,21,5,5240,11,2,30,2,1,0
42,1,20,1,7300,29,1,50,1,1,1
39,2,22,1,2320,39,0,40,2,1,0
34,1,16,5,1021,19,0,45,1,1,1
44,1,16,1,5240,364,0,40,1,2,0
26,1,19,1,640,5,0,40,1,1,0
64,1,21,1,10,23,0,40,1,1,1
39,2,21,3,51,27,0,40,2,1,1
47,1,24,1,1610,120,1,50,1,1,0
60,1,19,1,4700,18,1,40,2,1,0
78,6,23,1,2100,41,1,2,1,1,0
39,1,20,4,8990,49,0,40,2,1,0
59,1,1,3,4020,17,0,40,2,1,0
34,1,20,1,8990,26,1,40,1,1,0
22,1,16,5,4130,6,2,25,2,1,0
35,2,22,1,2040,1,1,55,2,1,1
54,2,21,1,2310,40,1,65,2,1,1
37,6,21,1,4600,6,0,40,2,1,0
25,2,22,5,2310,18,0,50,2,1,0
29,1,22,5,800,17,0,50,1,1,1
17,1,13,5,9610,6,2,16,1,1,0
32,2,21,1,735,29,0,40,1,1,1
51,3,17,1,2862,6,1,40,2,1,1
26,1,16,1,7330,6,0,48,1,1,1
51,1,17,2,4220,48,0,40,2,1,0
67,1,19,1,2300,28,0,25,2,2,0
24,1,21,5,4521,4,5,25,2,1,1
30,1,22,1,1720,37,0,40,2,1,1
36,1,16,1,4710,54,2,60,1,1,0
58,1,21,1,350,49,0,55,1,1,1
31,1,19,5,1021,53,0,45,1,1,1
22,1,16,5,4720,313,2,40,2,1,0
40,1,16,5,9620,39,2,40,1,1,0
48,1,21,1,7140,17,1,40,1,1,1
19,1,14,5,4760,53,3,30,1,1,0
43,1,21,1,1305,210,1,40,2,6,1
49,6,18,3,4600,25,0,20,2,1,0
49,1,18,5,4710,45,0,40,2,2,0
44,1,21,1,2752,47,0,50,1,1,0
56,1,17,1,530,6,0,40,2,1,0
37,7,23,1,2100,22,0,40,1,1,1
52,7,24,1,3090,54,1,60,2,1,1
32,7,18,1,6200,139,0,40,1,1,1
60,6,20,3,5120,25,0,50,2,1,0
45,6,22,1,410,215,1,40,1,6,1
60,2,21,1,3255,26,1,16,2,1,0
51,5,18,3,5850,19,0,40,2,1,0
44,1,6,3,4020,303,0,35,1,1,0
24,1,19,5,3648,32,0,40,2,1,0
71,1,20,3,5740,48,0,30,2,1,1
52,1,18,1,5360,313,1,25,2,1,0
34,1,16,1,8130,45,1,40,1,1,0
57,1,13,5,4435,36,17,20,1,1,0
59,1,17,1,4251,17,1,24,1,1,0
70,6,21,1,6260,36,1,60,1,1,1
61,1,16,1,7350,27,1,40,1,1,0
52,7,16,1,4200,303,1,20,2,1,0
41,7,19,1,4920,8,0,50,2,1,1
25,2,21,5,2545,31,0,50,2,1,0
52,5,21,1,3820,34,0,45,1,1,1
45,1,16,5,4220,37,2,40,1,1,0
80,1,23,1,3010,44,0,16,1,1,1
20,5,19,5,5240,21,0,40,2,1,0
55,7,16,1,51,303,1,60,1,8,0
57,4,16,3,3602,9,0,30,2,1,0
50,1,19,3,7010,48,0,40,2,1,1
37,6,19,1,4655,47,1,25,2,1,0
48,1,14,1,6230,303,0,50,1,8,0
24,1,16,5,8000,27,13,40,1,1,0
44,3,21,1,3255,47,1,25,2,1,0
53,1,16,1,8990,6,1,65,1,1,0
18,3,19,5,2350,6,2,10,1,2,0
56,6,16,1,4230,303,1,20,2,1,0
26,1,19,5,5610,26,0,40,1,1,0
22,1,21,5,9130,17,0,45,2,1,0
29,3,21,5,2310,12,2,40,2,1,0
53,6,19,1,7700,31,0,72,1,1,0
58,1,9,3,6200,303,0,40,2,1,0
56,1,1,1,4220,18,6,20,2,6,0
20,1,19,5,4220,120,5,24,2,1,0
23,1,19,5,4600,39,2,15,2,2,0
52,1,23,1,3090,36,0,50,1,1,1
47,4,21,1,5320,19,0,40,2,1,0
41,7,21,1,3640,42,1,20,2,1,0
59,1,22,1,4540,13,1,20,2,1,0
58,1,16,1,4760,40,1,45,1,1,1
36,1,22,1,440,207,1,40,2,6,1
26,1,16,5,4150,110,2,12,1,1,0
33,1,16,5,6260,29,16,4,1,2,0
29,1,17,5,4020,28,5,35,1,2,0
38,6,14,2,4600,329,0,35,2,8,0
64,1,19,1,3421,46,1,40,2,1,0
56,4,22,1,2320,53,1,80,2,1,1
59,1,18,1,4850,26,0,60,1,1,1
62,1,21,5,3050,42,0,40,2,1,0
35,1,21,1,2710,39,0,45,2,1,1
54,1,16,1,5860,4,6,40,2,1,0
23,1,20,1,4240,6,9,40,1,1,0
18,3,16,5,3960,55,2,36,2,1,0
51,6,1,1,440,13,0,10,1,1,0
65,1,16,1,4760,53,1,32,2,1,0
43,1,19,1,5740,38,1,30,2,1,0
45,1,18,1,5350,55,1,40,2,1,0
30,1,20,5,3255,53,2,40,1,1,0
17,1,15,5,5610,17,2,30,1,1,0
58,1,19,1,3603,42,0,37,2,1,0
19,1,16,5,3640,303,2,40,2,1,0
45,1,19,2,5120,26,0,24,2,1,0
55,1,19,1,440,32,0,40,1,1,1
47,3,18,1,3870,24,1,42,1,1,1
22,1,19,5,4110,6,15,20,2,1,0
49,1,22,1,4710,22,1,20,2,1,0
54,1,16,3,5410,54,0,38,2,1,1
45,1,21,1,6005,6,1,40,1,1,1
31,1,21,1,5110,44,0,40,2,1,0
29,1,20,5,7200,25,0,45,1,1,1
52,1,19,5,440,136,0,70,1,1,1
61,1,23,1,3090,36,0,35,1,1,1
30,3,22,5,2310,9,0,40,1,1,1
23,5,16,5,9830,312,17,50,1,1,0
28,1,21,5,4810,42,2,40,1,1,0
74,1,21,1,4760,13,0,22,1,1,1
52,1,16,1,4700,233,1,40,2,6,0
18,1,15,5,4720,56,2,10,1,1,0
56,1,20,2,52,6,6,40,2,8,1
65,6,21,1,440,24,0,60,1,1,1
25,1,21,5,3401,17,2,20,1,1,0
56,1,16,1,4750,13,1,40,1,1,0
20,3,19,5,4055,55,17,40,2,1,0
53,1,9,1,9640,303,0,40,1,1,0
61,6,16,2,4510,48,0,60,2,1,0
63,1,21,1,5000,26,1,40,2,1,0
57,1,19,5,2634,9,0,37,2,1,0
38,1,15,1,4200,313,0,40,1,8,0
56,7,21,3,2710,36,0,40,1,1,1
61,3,21,1,2310,11,0,25,1,1,0
59,6,19,5,6260,6,0,30,1,1,1
40,7,20,1,2634,12,0,30,2,1,0
37,6,14,5,7640,24,2,45,1,1,0
38,2,19,1,2310,36,0,35,1,1,0
45,5,22,1,1220,233,0,40,1,6,1
41,1,21,1,2310,31,0,40,2,1,0
30,2,23,1,1005,110,11,40,1,1,0
32,4,22,1,2310,36,0,40,2,1,0
58,1,21,1,1320,6,0,45,1,1,1
32,1,21,1,335,47,1,40,1,1,1
57,1,21,3,20,45,0,40,1,1,1
20,4,19,5,4600,45,17,15,2,1,0
71,1,21,1,440,25,0,40,1,1,1
52,1,21,1,2320,31,1,60,2,1,0
48,2,22,1,2310,24,1,30,2,4,0
53,1,16,1,4920,6,0,70,2,9,0
17,1,14,5,8225,32,10,4,1,7,0
67,1,21,1,4720,42,0,50,1,1,0
61,6,16,1,6240,37,0,30,1,1,0
36,1,22,1,120,2,0,20,2,1,0
44,1,16,1,9130,45,1,40,1,2,0
64,1,13,1,5510,48,0,40,1,1,1
67,6,22,1,2850,30,0,5,1,1,1
34,1,22,1,1021,19,0,40,1,1,1
54,1,16,1,9645,25,0,40,1,1,0
22,1,14,1,5840,48,0,40,2,1,0
54,1,20,1,440,139,0,50,2,1,1
64,1,17,1,8610,35,1,40,2,1,0
22,1,21,3,4760,436,10,30,2,1,0
53,1,21,1,410,36,0,50,1,1,1
29,5,20,1,9830,6,1,40,2,1,1
24,1,12,5,4251,37,13,40,1,1,0
36,1,19,1,3500,17,1,40,2,1,0
40,5,21,1,3255,20,1,40,2,1,1
31,3,16,1,3870,5,0,40,1,1,1
69,1,16,1,7000,11,1,40,1,1,1
52,2,19,3,5740,37,0,35,2,1,0
20,1,16,5,4760,48,2,25,1,1,0
37,7,23,1,2100,28,0,65,1,1,1
59,1,16,3,3655,39,0,12,2,2,0
47,1,16,3,9130,39,0,62,2,1,1
50,3,20,1,3602,233,0,23,1,6,0
51,1,19,3,7750,29,0,40,1,1,0
22,2,19,5,5400,34,2,25,2,1,0
58,1,19,3,5740,42,0,50,2,1,1
20,1,16,5,5400,303,2,40,2,1,0
24,6,20,5,4600,36,13,10,2,1,0
19,1,18,5,4720,27,17,10,2,2,0
67,4,21,1,5522,1,1,20,2,2,1
44,6,19,1,1032,233,1,60,1,6,1
49,1,21,1,5740,29,0,40,2,1,0
70,7,21,3,440,6,0,17,1,1,1
18,1,16,5,4720,6,2,15,2,8,0
21,1,19,5,9640,18,7,20,1,2,0
67,1,19,1,4810,29,1,37,2,1,1
42,6,18,1,220,2,0,35,1,1,0
22,1,19,5,2640,209,12,40,2,6,0
56,2,22,1,3500,128,15,36,2,1,0
26,1,21,1,1006,20,2,40,1,1,0
67,1,21,3,4760,42,11,40,1,1,1
76,1,15,1,5400,42,1,5,2,1,0
54,1,16,3,600,6,5,40,1,1,1
62,1,21,1,4850,13,1,40,1,1,1
58,1,19,1,530,37,0,40,1,1,1
64,4,24,1,2205,55,0,60,1,1,1
41,1,1,1,1065,303,1,50,2,1,1
61,6,21,1,2600,36,1,20,2,1,0
60,1,16,1,4220,18,1,36,2,1,0
44,1,21,1,10,48,0,40,2,1,1
66,7,21,1,2920,18,0,30,1,1,0
61,3,17,5,800,6,5,40,2,1,0
34,1,16,3,7340,6,2,40,1,1,0
34,2,17,1,3603,416,2,38,2,2,0
19,1,19,5,4720,48,2,30,2,8,0
51,2,16,1,9122,42,1,40,1,1,1
29,1,20,1,7700,41,0,40,1,1,1
28,1,18,1,9130,48,1,40,1,1,0
72,3,18,2,5420,6,0,9,2,1,0
26,2,20,5,3255,34,7,40,2,6,0
44,3,18,1,5260,6,0,40,2,1,0
24,1,16,5,6220,312,5,40,1,8,0
66,1,17,1,9130,26,0,10,1,1,0
18,1,18,5,4435,24,0,8,1,1,0
58,4,19,1,350,4,1,40,2,1,0
35,1,19,1,3421,51,0,40,2,1,0
43,4,22,1,2310,26,0,50,2,1,0
24,1,21,5,1022,42,0,50,1,1,1
44,1,16,5,9130,47,2,40,1,1,0
89,1,1,2,4510,72,6,40,2,1,0
45,6,21,1,205,55,1,50,1,1,0
60,1,19,1,5840,303,0,40,2,8,1
31,1,16,5,8990,9,2,40,1,1,0
61,2,16,5,4230,18,0,40,2,1,0
46,3,24,3,2310,36,0,40,2,2,1
49,1,16,3,3930,362,15,40,1,1,0
58,2,19,1,3500,42,0,24,2,1,0
28,1,16,1,4140,26,1,10,1,7,0
42,2,21,1,2310,6,1,29,2,9,0
38,2,16,1,2545,8,9,50,2,2,0
25,5,19,5,5860,303,7,40,1,1,0
22,1,21,5,800,48,2,40,1,1,0
27,1,18,5,6260,27,13,40,1,1,0
45,1,9,5,7750,13,0,40,2,2,0
19,1,16,5,4220,26,2,40,1,1,0
58,1,20,1,3421,29,1,36,2,1,0
41,1,18,1,440,48,0,12,1,8,1
54,1,21,1,10,138,0,50,1,1,1
47,1,20,1,9640,364,0,40,1,1,1
28,1,16,1,6260,210,12,40,1,6,0
34,1,19,5,3603,16,0,20,2,2,0
53,6,16,1,8250,26,0,30,2,1,0
28,1,16,1,6230,6,1,40,1,1,1
48,1,19,1,120,139,1,50,1,1,1
58,1,16,1,8740,40,0,50,1,1,0
56,1,17,5,7210,36,2,40,1,1,0
58,4,20,1,3545,12,1,80,2,1,0
49,1,14,1,7300,12,1,40,1,1,0
26,1,21,1,3603,229,0,40,2,6,0
25,1,22,5,800,5,0,50,1,1,1
51,2,21,1,2320,6,1,40,1,1,1
69,6,19,3,2350,22,0,20,1,2,0
46,1,21,3,4760,50,13,40,1,1,0
37,6,9,1,6230,303,1,30,1,1,0
21,1,16,5,4055,48,2,30,1,1,0
21,1,19,5,2722,6,10,3,1,2,0
33,1,20,5,710,48,0,40,1,5,0
29,5,19,3,540,42,0,20,1,1,0
43,1,19,5,7950,38,0,40,1,1,0
62,7,16,3,205,27,0,50,1,1,0
36,1,21,3,9130,25,2,37,2,1,0
37,1,17,1,4020,13,1,70,1,1,0
30,1,20,5,2634,233,0,42,2,6,0
63,1,16,1,5740,19,1,24,2,1,1
57,3,16,3,5860,1,13,40,2,1,0
28,1,23,1,3602,364,1,20,2,9,0
30,1,21,5,5710,25,0,45,2,1,1
50,1,18,1,7700,55,0,40,1,1,1
60,1,16,1,8740,19,1,55,1,1,0
56,1,19,2,4720,39,0,12,2,1,0
43,1,21,3,1360,29,13,40,1,1,1
53,4,22,1,800,21,1,38,2,1,1
64,1,18,3,5740,6,0,15,2,1,0
38,1,19,1,3520,45,0,39,2,1,0
39,1,20,1,110,51,1,36,1,1,1
17,2,13,5,4720,13,2,30,2,9,0
39,1,21,1,4760,6,0,40,1,1,0
22,1,16,5,4020,31,3,40,1,1,0
34,1,19,4,4710,42,2,48,1,1,0
52,1,16,1,6520,50,0,40,2,1,0
18,1,16,5,4760,17,17,23,2,2,0
18,1,19,5,4010,44,2,80,2,1,0
63,1,16,1,4720,27,1,30,2,1,0
29,1,21,5,6200,22,5,35,1,1,0
36,3,21,5,6305,55,0,40,1,1,1
43,1,16,3,4760,36,0,40,2,8,0
64,1,21,1,3602,233,0,48,1,6,0
28,5,16,1,6305,53,0,40,1,6,0
75,6,17,1,205,24,0,7,1,1,0
35,1,20,1,3255,17,1,32,2,1,0
44,1,16,3,4040,45,13,40,1,1,0
30,1,21,5,9645,42,2,40,1,1,0
60,8,18,1,310,22,1,30,2,1,0
49,1,21,3,3230,332,0,40,2,1,1
27,1,16,5,4720,31,12,51,1,1,0
20,1,18,5,1305,6,17,40,1,9,0
38,1,21,1,350,17,0,50,2,1,1
39,4,22,3,360,26,0,40,2,1,1
43,1,21,5,1240,17,0,40,1,1,1
50,7,20,3,10,327,0,35,1,1,0
27,1,19,5,4150,25,17,10,2,1,0
17,1,16,5,8920,53,2,25,2,1,0
44,1,19,1,7700,26,1,55,1,1,1
40,2,22,5,4150,21,0,14,2,1,0
37,1,20,1,110,12,0,50,1,1,1
49,1,15,4,3602,303,0,40,2,8,0
49,1,16,5,3603,416,0,70,2,2,0
39,6,16,1,4700,29,1,50,1,1,1
32,1,18,1,7130,48,0,40,1,1,0
19,1,19,5,4760,29,2,30,2,1,0
60,3,18,1,9122,6,0,58,1,1,0
62,4,20,1,1010,41,0,40,1,3,1
26,2,19,5,5160,45,0,40,1,1,0
55,1,16,1,8990,19,0,40,2,1,0
61,1,20,5,350,38,0,30,2,1,0
31,6,16,3,9142,213,0,50,1,1,0
23,1,16,5,4700,12,0,40,1,1,0
45,6,21,1,2752,33,1,99,1,1,0
67,6,19,1,4700,40,0,80,1,1,1
21,1,18,1,910,4,1,40,2,1,0
45,3,20,1,7700,23,1,45,1,1,1
19,1,16,5,4120,36,2,20,1,8,0
19,1,20,1,5240,36,2,30,2,8,0
51,1,16,2,4710,36,2,48,1,1,1
27,1,21,5,1970,212,0,40,2,1,0
53,1,16,1,3655,19,0,8,2,1,0
31,2,22,5,5110,24,0,40,1,1,1
20,1,19,5,4720,54,2,12,2,1,0
32,1,18,5,9005,27,0,50,1,1,1
64,1,22,1,5165,36,0,20,1,1,0
47,1,19,3,5120,11,0,40,2,1,1
28,1,16,5,4220,313,0,7,2,1,0
18,6,18,5,2360,1,2,6,2,1,0
49,1,20,1,4020,303,6,30,2,8,0
33,1,16,1,4400,416,1,24,2,2,0
22,1,16,5,4760,13,12,30,2,1,0
49,1,16,3,4110,18,13,35,2,1,0
57,2,20,3,3220,9,0,38,1,1,1
63,1,20,1,440,6,1,35,2,9,1
44,1,16,5,4220,312,6,40,1,8,0
40,1,19,3,910,29,0,40,2,1,0
57,1,21,1,4850,34,0,40,1,1,1
39,1,15,1,9430,29,0,40,2,2,0
30,1,19,5,5510,25,12,20,1,1,0
41,1,21,1,530,12,1,40,1,1,0
54,7,22,1,710,39,1,40,1,1,1
33,1,19,1,1050,24,0,45,1,9,1
57,1,21,1,2320,35,0,40,1,1,1
37,1,1,1,6355,303,0,40,1,1,0
52,4,21,3,440,6,0,50,1,2,1
26,1,21,1,2100,6,0,50,2,1,1
56,1,19,1,4720,210,1,36,2,6,0
23,1,19,5,6442,6,0,15,1,9,0
33,6,18,5,2850,12,2,20,1,1,0
59,2,16,2,4030,4,17,40,2,1,0
28,1,19,5,4110,29,13,24,1,1,0
47,3,21,1,2310,55,1,40,1,1,1
33,1,19,5,4760,51,2,16,1,1,0
23,5,19,5,9645,6,17,20,1,9,0
45,1,20,1,3255,301,1,36,2,1,1
67,1,16,1,5740,13,1,40,2,1,0
43,1,19,5,7700,25,2,40,1,1,0
42,5,22,1,2005,6,0,40,2,1,1
27,1,17,5,6660,37,16,40,1,1,0
50,1,14,3,7410,32,13,40,1,1,0
50,4,18,1,8990,13,0,52,1,1,1
52,6,17,5,4600,17,0,20,2,2,0
26,1,21,1,1006,1,0,40,2,1,1
46,1,19,1,7925,26,0,50,1,1,1
57,1,16,5,8225,39,0,40,1,1,0
70,1,23,1,3160,53,0,40,1,1,1
64,1,16,1,4700,18,0,45,1,1,0
26,1,22,1,1021,210,1,40,2,6,1
43,1,19,3,310,6,0,40,2,2,0
29,1,16,5,6260,12,2,40,1,1,0
55,1,16,3,4230,17,0,30,2,1,0
65,1,19,1,5240,6,15,8,2,1,0
44,6,10,5,6230,132,0,20,1,1,0
27,1,21,5,4055,17,2,40,2,1,0
19,1,19,5,5860,36,2,15,2,1,0
35,7,22,1,310,362,0,40,1,1,0
59,6,20,3,4510,18,0,36,2,1,0
27,2,20,3,3601,36,11,40,2,1,0
51,4,22,1,230,45,0,40,2,1,1
33,1,21,1,8740,20,1,40,2,1,0
52,1,24,1,2360,36,6,30,1,1,0
49,1,19,1,5165,15,1,40,2,6,0
60,1,19,5,2170,34,0,50,1,1,1
30,1,16,5,7810,6,2,40,1,1,0
23,1,16,3,4010,13,0,42,2,1,0
32,2,22,1,750,17,1,45,2,1,1
36,1,19,1,3423,42,9,45,1,1,0
58,1,21,5,4251,37,0,40,1,1,0
44,1,22,1,800,8,1,40,1,1,1
44,1,21,3,1010,39,0,40,1,1,0
28,1,20,5,650,12,5,40,1,1,1
48,2,19,1,350,12,0,50,2,1,1
54,6,1,5,6260,303,0,70,1,1,1
72,1,20,1,4760,24,1,8,2,1,0
58,1,16,5,310,12,0,70,1,1,1
28,6,19,1,1031,6,0,50,1,1,1
64,1,16,1,7750,28,1,40,1,1,0
29,1,11,5,8140,19,0,50,1,1,0
49,1,22,1,9130,30,0,62,1,1,1
52,3,18,1,440,6,0,40,1,1,1
33,1,20,1,4510,51,0,36,2,1,0
29,1,18,5,4020,51,7,40,1,1,0
17,1,14,5,9645,53,2,20,1,1,0
57,1,16,1,4760,17,1,30,2,1,0
41,1,20,1,3310,38,0,32,2,1,0
37,7,19,5,6230,17,0,40,1,1,1
59,1,16,5,4760,42,5,40,2,1,1
45,6,18,1,9310,110,1,40,1,1,1
25,1,20,5,7360,55,2,55,1,1,0
44,1,16,4,4720,329,0,48,2,8,0
22,1,19,5,6330,11,2,40,1,8,0
57,1,21,1,4850,19,0,50,1,1,1
37,1,19,1,1560,37,1,44,1,1,0
21,1,19,5,4020,42,16,30,1,6,0
32,1,21,5,120,26,0,45,1,1,1
32,5,23,5,3050,37,0,40,2,1,1
65,1,18,1,140,17,1,60,1,1,1
26,6,18,1,4251,303,1,10,1,5,0
38,1,21,1,10,48,0,40,1,1,1
39,6,19,1,6260,4,1,9,1,3,0
42,2,22,1,2205,54,1,60,2,1,0
32,1,13,4,7750,26,0,40,2,1,0
24,1,17,5,4120,364,2,50,1,8,0
52,6,18,5,3630,45,12,30,2,1,0
56,7,22,3,800,41,12,50,2,1,1
31,4,23,1,3090,18,1,40,1,1,1
61,1,21,1,5920,48,0,40,1,1,1
47,1,22,1,1430,207,1,40,2,6,1
37,2,20,3,2060,5,0,4,2,1,0
21,1,16,5,4110,36,2,10,1,1,0
50,3,21,3,230,72,10,35,2,1,0
76,3,16,2,5860,47,0,16,2,1,0
42,1,19,1,3640,41,1,16,2,1,0
54,1,16,1,9122,29,1,40,2,1,0
35,1,16,1,7410,13,1,40,1,1,0
47,6,17,5,140,312,4,32,1,8,0
32,1,16,1,5860,26,1,40,2,1,0
26,1,16,1,4700,36,4,30,1,1,0
44,1,16,1,7750,6,0,40,1,1,1
67,1,19,1,9620,209,0,48,1,6,1
42,6,16,5,6230,6,13,40,1,1,1
40,1,19,5,3602,9,0,48,2,2,0
60,4,20,3,2025,48,0,40,2,2,1
26,2,21,5,5240,39,0,40,1,2,0
61,1,16,3,5330,34,0,45,2,1,0
18,1,16,5,3401,42,2,18,2,1,0
19,1,19,5,4840,17,17,40,1,1,0
44,1,22,1,2310,42,0,25,2,1,0
74,1,9,2,4220,233,6,9,2,6,0
54,1,17,1,6355,48,1,40,1,1,0
62,5,16,1,5550,212,0,40,2,9,1
56,2,21,3,630,36,0,40,2,1,1
62,1,19,1,4840,39,0,40,1,1,1
59,4,22,1,1760,36,0,19,2,1,0
31,1,21,1,2600,49,0,40,1,1,1
60,1,16,1,8710,13,1,50,1,1,0
43,1,15,1,205,303,0,60,1,1,0
42,2,21,1,1065,18,1,4,2,1,0
29,1,21,5,4720,72,2,40,2,1,0
47,1,15,1,530,48,1,43,2,8,0
38,1,20,1,6230,25,1,40,1,1,1
51,6,21,1,2205,18,0,10,2,1,0
28,1,19,1,5240,22,0,36,2,2,0
37,1,20,5,3630,53,12,40,1,1,0
30,1,21,5,1640,4,0,50,2,1,0
59,1,21,3,705,26,0,47,2,1,1
35,1,22,1,110,34,1,50,1,1,1
40,6,19,1,4600,6,0,60,2,1,0
44,2,20,1,5940,42,1,40,2,1,0
39,1,22,1,3258,37,0,45,2,1,1
21,1,16,5,3645,303,13,40,2,8,0
45,2,22,3,3210,26,0,35,2,1,1
25,1,18,1,9610,1,0,40,1,1,0
24,1,16,1,4251,24,1,40,1,9,0
41,2,21,1,1021,27,0,50,1,1,1
24,1,19,5,5740,6,13,40,2,1,0
45,1,16,3,4251,33,0,40,1,1,0
51,1,18,3,5240,36,0,50,2,1,0
40,1,21,1,710,12,0,40,1,1,1
68,6,23,1,2100,36,0,45,1,1,1
19,1,16,5,4330,27,10,20,2,1,0
46,3,22,1,440,11,0,20,2,1,0
33,1,19,1,1360,47,0,70,1,1,1
50,1,20,3,640,42,0,40,2,1,1
64,6,21,1,205,29,0,35,1,1,1
23,1,21,1,1530,207,12,50,2,6,0
27,1,21,5,440,36,0,50,1,1,1
46,3,20,1,2545,17,0,40,2,1,0
32,1,21,5,4040,18,0,50,1,1,0
20,1,20,5,4720,51,17,40,2,2,0
44,1,16,1,310,39,1,40,2,1,0
36,5,20,1,3870,26,0,42,1,1,1
24,6,18,5,9130,42,0,40,1,1,0
34,1,21,1,5240,233,1,40,1,6,0
44,1,21,5,4110,42,0,35,1,1,0
39,1,20,1,3602,416,0,31,2,2,0
36,2,21,3,5860,37,2,40,2,2,1
32,1,19,4,4700,48,2,30,1,2,0
64,1,19,1,1541,233,0,40,1,6,1
22,1,17,5,4600,53,2,40,2,1,0
67,2,19,1,5400,327,0,35,2,1,0
56,1,21,3,440,41,0,40,2,1,1
40,1,16,1,4252,53,1,40,1,1,0
61,1,21,1,6130,6,1,45,1,1,0
28,4,16,4,2016,6,16,50,2,2,0
18,1,16,5,4020,36,2,32,1,3,0
31,2,21,5,1010,42,0,50,1,1,1
50,1,15,1,4760,212,1,40,2,9,1
64,2,16,1,4220,23,1,21,2,1,0
54,1,16,1,1050,23,1,40,1,1,0
38,1,19,5,1105,20,2,40,1,1,1
44,1,19,5,4700,37,2,40,1,1,1
61,6,18,5,7200,53,0,50,1,1,0
29,1,22,1,800,10,0,45,2,1,1
41,1,19,5,9645,512,0,60,2,7,0
26,2,21,5,4030,54,13,20,2,1,0
38,1,21,1,1430,17,0,40,1,1,1
43,1,16,1,5510,53,0,40,1,1,0
22,1,18,5,6260,25,16,50,1,2,0
34,5,24,1,3010,30,1,40,1,1,1
28,2,21,1,3255,37,0,24,2,1,0
32,1,23,1,3010,27,2,36,1,1,1
62,6,19,5,440,6,0,25,1,1,0
41,1,20,5,4720,25,10,40,2,2,0
60,3,21,1,2862,28,1,40,2,1,1
29,1,19,1,7720,39,0,60,2,1,0
26,3,21,5,2310,9,0,40,2,1,1
43,3,23,1,3090,205,0,80,1,6,1
48,3,18,1,3870,34,1,45,1,1,1
43,1,19,1,3640,51,0,25,2,1,0
20,1,19,5,4760,36,17,10,2,1,0
35,1,19,1,10,12,1,80,1,1,1
54,1,22,1,120,24,1,50,1,1,1
62,2,22,1,2435,25,0,40,2,1,1
47,6,21,1,9142,329,0,25,2,1,0
38,1,18,3,4020,54,2,40,2,1,0
31,1,18,5,7315,13,2,40,1,1,0
31,1,21,5,2634,51,13,40,1,1,0
25,1,21,5,2320,34,2,40,1,1,0
52,1,21,1,40,41,1,50,1,1,1
18,1,15,5,5160,27,0,21,1,1,0
30,1,21,5,7560,1,0,40,1,1,0
62,6,16,5,7200,42,13,40,1,1,0
19,5,18,5,4020,20,17,45,2,9,0
66,2,18,1,3300,25,1,24,2,1,0
51,1,16,3,9620,303,6,40,2,8,0
28,1,22,1,5940,240,0,40,2,6,0
72,1,19,1,51,17,1,40,1,1,0
38,1,17,1,6200,39,0,40,1,1,0
59,2,20,1,3602,21,1,40,2,1,0
41,1,16,5,8990,55,2,40,1,1,0
38,7,17,5,4760,28,13,40,1,1,0
30,1,20,5,4220,39,0,40,1,1,1
31,1,21,5,8740,48,0,44,1,1,1
48,1,16,5,9640,36,5,30,2,1,0
36,1,16,3,4020,27,2,40,1,1,0
33,3,18,1,5220,5,1,20,2,1,0
61,1,16,5,6260,54,2,44,1,1,0
27,4,19,1,5860,48,0,40,2,1,0
27,1,21,5,5120,48,0,40,2,2,0
37,3,17,1,4020,1,1,33,2,1,0
69,1,21,1,4700,36,0,25,2,2,0
47,1,18,3,8740,39,0,50,1,1,0
44,2,16,1,5940,48,17,40,2,1,1
61,1,16,1,9600,42,1,36,1,1,0
67,1,16,1,4020,55,1,40,2,1,0
22,1,20,5,4700,48,0,25,2,6,0
47,3,20,1,3603,49,0,20,2,1,0
64,6,19,3,205,6,0,50,1,1,0
19,1,19,5,5240,231,2,8,2,6,0
62,1,16,1,8140,17,0,40,1,1,0
56,6,16,1,4965,40,1,40,2,1,0
33,1,19,5,8800,42,2,40,1,1,0
51,1,19,2,9410,512,0,40,1,7,1
39,4,19,1,2310,41,1,50,2,1,1
17,1,14,5,4720,42,2,20,2,1,0
24,4,19,5,5310,15,2,30,1,9,0
32,1,22,1,51,47,1,40,2,1,0
19,1,19,5,3960,9,17,35,2,1,0
36,6,12,5,4230,312,0,25,2,8,0
22,2,21,5,3603,33,2,28,2,1,0
64,1,16,1,4760,17,0,50,1,1,0
40,7,16,1,4700,41,0,50,1,1,1
38,1,18,1,4850,12,1,40,2,1,0
42,1,22,1,140,6,1,50,1,1,1
25,1,19,1,4220,39,1,65,1,1,0
53,1,21,1,8030,17,1,50,1,1,1
29,1,16,1,9130,13,0,40,1,1,0
26,1,16,5,7200,25,13,45,1,1,0
17,1,14,5,4150,53,2,15,2,9,0
38,1,21,1,9130,26,0,40,1,1,0
20,1,19,5,4110,34,2,25,2,2,0
32,4,21,1,2014,27,1,40,2,1,0
58,1,20,1,5860,6,1,50,1,1,1
25,1,21,1,735,42,1,40,2,1,0
20,1,17,5,2636,39,2,30,2,1,0
60,3,22,5,2555,39,0,40,2,1,0
44,1,21,3,1410,22,0,55,1,1,1
61,1,16,1,7810,38,1,40,2,1,0
48,7,18,1,7200,5,1,40,1,2,1
21,3,20,5,5521,37,2,40,2,1,0
32,1,19,5,6230,18,13,28,1,1,0
58,3,16,1,2545,13,0,40,2,2,0
23,1,14,1,5400,329,0,40,2,8,0
53,6,16,3,6442,37,0,36,1,2,0
25,1,21,5,4110,116,0,30,1,1,0
55,1,21,1,1050,34,0,40,1,1,1
66,2,20,2,4020,40,0,20,2,1,0
47,1,16,1,4230,17,9,8,1,2,0
78,6,22,1,1530,29,0,6,1,1,0
52,3,19,1,7700,6,0,60,1,1,1
24,1,16,5,5240,39,5,40,2,1,0
62,1,16,1,7000,18,0,40,1,1,0
34,1,11,1,4521,207,1,19,2,6,0
50,1,21,1,4760,48,1,50,1,1,1
72,2,23,5,10,34,0,35,1,1,1
39,1,19,1,20,148,0,40,1,1,1
40,1,19,1,4720,18,0,37,2,1,0
34,1,19,1,440,48,0,45,1,1,0
67,8,21,3,6220,26,0,20,1,1,0
32,1,21,5,9030,5,0,30,2,1,1
20,1,19,5,4760,138,2,12,2,1,0
20,5,16,5,9830,12,17,56,1,1,0
43,5,23,1,440,27,0,60,1,1,1
58,4,19,1,5250,34,1,40,2,2,0
51,1,12,1,9640,303,0,40,2,1,0
56,1,18,1,4710,9,0,45,1,1,1
50,1,16,1,5420,34,2,40,2,1,0
32,4,19,1,5740,41,1,40,1,1,0
54,1,20,1,3255,6,0,40,2,1,0
60,2,16,1,3422,39,1,40,2,1,0
26,3,21,5,2330,36,12,40,2,1,0
24,1,16,5,3930,39,2,16,1,1,0
42,1,21,1,1410,33,1,40,1,1,1
63,1,15,1,9130,312,0,40,1,1,0
59,1,18,1,1555,36,0,40,1,2,1
45,3,19,1,3802,39,1,40,1,1,0
62,1,17,3,2300,39,6,28,2,1,0
28,1,21,5,3515,36,2,40,2,1,0
67,1,19,4,8990,47,17,40,1,2,0
45,1,21,1,5610,39,0,45,1,1,0
34,1,17,1,8140,38,1,50,1,1,1
25,2,20,5,3645,55,13,35,2,1,0
45,1,16,1,5400,47,1,40,2,9,0
52,1,21,1,565,27,1,40,1,1,1
69,1,19,1,8030,5,0,38,1,1,1
58,1,1,1,8990,247,1,40,2,6,0
36,2,18,1,9620,246,1,40,1,1,0
43,1,22,5,120,18,0,50,2,1,1
58,1,16,1,136,21,0,50,2,1,1
36,1,11,5,6050,303,13,40,2,1,0
46,3,19,1,3802,17,0,40,1,2,0
65,3,21,2,2310,72,5,36,2,1,0
24,2,22,5,2002,34,0,35,2,1,0
35,6,19,1,2360,49,0,8,2,1,0
36,3,24,1,5110,15,0,40,2,2,1
68,1,16,1,4200,17,1,20,1,1,0
70,2,16,1,5400,17,1,40,2,1,0
58,1,22,1,4720,55,0,15,2,1,0
59,3,16,1,6260,45,1,40,1,1,0
60,1,16,5,6305,25,0,52,1,1,1
57,1,21,3,51,25,0,40,2,2,1
45,1,16,1,2545,48,0,40,2,1,0
25,1,21,5,350,6,12,40,2,1,0
54,1,16,1,9620,303,1,52,1,8,0
46,1,20,1,4850,51,0,45,1,2,1
55,1,21,1,1006,12,1,40,2,1,1
28,1,19,5,5240,55,13,40,2,1,0
25,1,21,5,1200,18,0,40,1,1,1
18,1,14,5,4760,27,2,4,1,9,0
25,7,16,1,205,12,0,42,1,1,0
35,2,22,3,2205,48,0,40,2,2,1
18,1,14,5,9620,6,2,24,1,1,0
23,1,16,5,3910,6,0,40,2,8,0
58,1,16,1,4700,36,1,40,2,1,0
47,3,21,1,2310,34,1,25,2,1,1
40,1,21,1,4510,6,1,20,2,6,0
61,1,18,1,9130,55,1,40,1,1,0
23,1,19,5,9130,12,2,35,1,1,0
25,1,19,1,1050,20,1,40,1,1,0
33,1,20,5,6355,44,0,40,1,1,1
26,1,21,5,3255,6,2,40,2,1,0
53,1,12,3,7800,48,0,35,2,1,0
32,1,21,1,735,42,0,35,2,1,0
27,1,19,1,9650,303,10,50,1,8,1
38,1,22,1,5840,29,1,60,2,1,1
19,1,16,5,3603,25,17,24,2,1,0
48,1,20,1,6200,55,0,40,1,1,1
32,1,23,5,3090,6,2,60,2,1,0
34,1,18,1,8225,39,0,48,1,1,0
53,5,19,3,5140,6,0,40,2,1,1
57,1,16,3,5000,42,0,42,1,1,1
55,3,19,1,4220,48,1,40,2,1,0
30,1,16,1,4720,210,1,25,2,6,0
55,3,23,1,2002,34,0,50,1,1,1
60,4,16,1,5220,436,0,42,2,1,0
57,1,22,1,150,21,0,45,1,1,1
60,3,19,1,5740,17,0,40,2,1,1
53,5,18,3,5550,36,0,60,1,1,0
63,1,16,4,3602,329,0,15,2,8,0
46,1,21,1,630,36,1,45,1,1,1
53,4,21,1,110,6,1,40,1,1,1
57,1,16,1,9620,303,0,40,2,1,0
71,1,19,2,5240,31,0,40,2,1,1
27,1,16,5,9600,39,2,45,1,1,0
32,1,24,1,3250,34,1,40,2,6,1
24,1,21,5,5300,247,2,40,2,6,0
50,1,21,1,3725,42,0,40,1,1,1
49,2,18,1,4720,26,1,23,2,1,0
52,1,21,1,20,26,0,40,1,1,1
56,4,21,3,2205,48,0,40,2,1,1
33,1,18,5,5860,40,0,36,2,1,0
23,2,21,5,4940,210,15,40,2,1,0
41,2,22,1,5860,17,1,40,1,1,1
28,1,17,5,4720,42,0,40,1,1,0
28,2,24,5,2205,1,0,40,1,1,1
56,1,22,1,4710,36,0,40,1,1,1
59,1,18,1,8650,19,0,45,1,1,0
29,1,21,1,52,48,0,50,2,1,1
56,1,22,1,120,37,0,45,1,1,1
39,1,16,1,4760,49,16,60,1,1,0
46,2,20,2,3255,164,0,50,2,1,1
57,6,21,1,2640,29,0,40,1,1,1
46,4,18,3,5260,36,13,38,1,8,0
65,6,19,5,4920,44,0,27,2,1,0
42,1,19,1,9210,27,1,50,1,1,1
42,3,21,3,5000,51,0,40,2,1,1
34,1,19,1,350,40,0,40,2,1,0
24,1,16,1,7610,2,0,40,1,4,0
25,1,16,1,1545,22,0,40,1,1,1
58,1,21,3,4710,36,0,45,2,1,1
36,3,22,1,2310,6,1,20,2,1,0
36,2,16,1,3602,39,2,20,2,2,0
41,1,18,5,9645,72,0,40,2,1,0
70,1,16,2,4720,26,0,18,2,1,0
79,4,22,1,2205,36,1,10,2,1,0
17,6,14,5,2850,20,2,12,2,1,0
52,1,19,1,4640,37,0,40,2,2,0
36,1,21,1,1021,42,0,40,1,1,1
28,1,16,5,9640,34,0,40,2,1,0
27,1,19,5,4000,28,10,40,1,1,0
57,1,16,1,9130,27,0,50,1,1,1
24,1,16,5,8140,29,0,40,1,1,0
38,2,21,4,5740,33,0,35,2,1,0
58,4,24,1,2100,47,0,40,1,1,1
25,1,21,5,710,47,0,55,2,1,1
55,2,21,3,2850,19,13,40,2,1,0
41,1,17,1,8640,6,0,60,1,8,1
23,1,19,5,5860,22,2,25,2,2,0
28,4,21,5,5120,1,7,40,1,1,0
51,1,22,1,136,6,0,50,2,1,1
24,2,20,5,5740,38,0,40,2,1,0
61,1,11,1,8025,303,0,45,1,1,1
56,2,20,1,3255,21,1,40,2,1,1
25,1,16,1,6050,48,1,65,1,1,0
60,1,22,2,10,36,0,50,2,1,1
57,4,16,3,6220,36,0,40,1,1,1
67,1,16,1,9150,39,0,54,1,1,1
64,1,19,1,6260,42,0,40,1,1,0
53,1,19,1,1910,27,1,45,2,1,0
34,6,16,1,4510,36,0,20,2,1,0
28,1,21,5,1200,6,0,40,1,1,1
56,1,20,1,3601,21,0,12,2,1,0
44,1,20,1,5610,4,1,40,1,1,0
57,1,21,3,1920,39,0,40,1,1,1
60,7,19,3,3261,36,0,30,2,1,1
33,1,19,1,4030,28,2,35,1,1,0
44,1,21,1,51,22,1,40,1,1,1
40,1,16,1,440,6,1,60,2,1,1
43,6,19,1,4510,217,0,48,2,6,0
37,2,16,5,9130,17,0,55,1,1,1
43,1,16,3,4251,42,16,40,1,1,0
61,2,18,1,2014,36,1,40,2,1,0
23,1,16,5,6050,39,0,40,2,1,0
45,1,19,1,3423,327,0,50,1,1,1
38,1,20,1,5240,42,1,40,2,1,0
52,1,19,3,4710,48,0,40,2,1,0
51,7,12,1,440,47,1,40,1,1,1
58,1,20,5,9645,13,0,43,2,1,0
58,1,18,1,5740,39,0,30,2,1,1
33,7,18,1,4700,53,1,40,2,1,1
27,1,20,1,3645,5,0,40,2,1,0
65,3,18,2,5740,36,0,35,2,2,0
35,2,22,1,51,17,0,45,1,1,1
24,1,19,5,20,41,0,50,1,1,1
44,1,20,5,9645,54,0,38,1,1,0
25,1,21,5,3648,17,13,40,2,1,0
39,1,21,1,5860,210,1,32,2,6,0
33,5,22,1,1220,13,0,40,1,1,1
23,3,16,5,3802,26,7,45,1,1,0
27,1,16,5,6050,303,0,40,1,8,0
52,3,18,5,5000,36,15,40,2,1,0
42,1,20,1,8740,17,1,40,1,1,0
61,5,24,1,1825,12,0,50,2,1,1
45,4,22,1,2310,37,0,40,1,1,0
37,2,21,3,5400,11,0,40,2,1,0
34,1,18,1,6700,29,0,40,1,1,1
41,3,21,1,2330,33,0,37,2,1,0
58,1,21,5,4760,36,2,21,2,1,0
45,7,16,1,440,217,0,40,1,6,1
64,6,16,1,4700,17,0,37,2,1,0
52,4,21,1,2830,25,0,40,2,1,1
73,1,21,3,2310,47,0,3,2,1,0
35,1,21,5,2710,24,11,40,1,1,1
54,2,16,1,2545,48,1,65,2,1,0
43,1,21,1,6260,303,0,40,2,1,0
29,1,16,3,6260,48,16,50,1,8,0
41,1,16,1,6230,332,1,40,1,2,0
56,1,20,3,120,24,0,50,2,1,1
35,1,21,5,9645,39,0,40,1,1,0
27,1,18,1,7905,36,0,50,1,1,0
61,4,22,1,440,56,1,50,1,1,1
26,1,18,5,4030,53,0,35,1,6,0
21,1,16,5,4030,10,15,20,2,1,0
32,1,19,1,7300,17,9,50,1,1,0
53,5,24,1,1825,17,1,40,1,1,1
55,4,16,3,4220,20,2,40,1,1,0
61,1,16,1,7340,6,1,32,1,1,0
27,1,21,5,1320,9,0,40,1,1,1
18,1,16,5,6442,47,2,36,1,9,0
56,1,21,1,300,48,0,40,1,1,1
64,1,16,1,1560,12,9,40,1,1,1
69,1,15,5,3603,72,5,40,2,1,0
70,5,16,1,5550,316,1,40,1,2,1
59,1,21,1,735,17,0,45,1,1,1
58,1,19,3,3220,24,0,24,2,1,0
34,4,19,5,4220,2,0,28,1,4,0
51,5,19,3,845,217,12,40,2,6,1
52,3,21,5,2310,48,0,45,2,1,1
39,1,22,1,705,211,0,40,1,1,1
53,6,21,3,4700,47,0,84,1,1,1
71,2,22,3,5740,13,0,24,2,1,0
22,1,16,5,2300,13,2,50,2,1,0
58,1,1,3,4220,312,0,16,2,1,0
24,1,16,5,4435,39,0,32,2,2,0
39,1,12,3,7810,303,0,40,2,1,0
34,1,21,3,2006,34,0,40,2,1,0
45,1,16,1,6305,49,0,50,1,1,1
18,1,19,5,4540,36,2,20,2,1,0
69,3,21,3,9645,36,0,15,2,1,0
54,1,15,1,4720,303,0,30,2,1,0
21,1,19,5,3255,42,2,32,2,1,0
57,1,19,1,3500,39,0,40,2,1,0
61,1,16,1,4710,13,0,50,1,1,1
47,1,22,1,1031,27,0,30,2,6,0
20,1,16,5,4640,22,17,40,1,2,0
54,1,22,3,230,37,0,40,2,1,1
56,3,19,5,440,47,2,40,1,1,0
32,1,21,1,51,6,0,55,1,1,1
29,4,22,5,2205,207,0,30,1,6,0
56,1,21,1,410,55,0,45,2,1,1
30,1,21,5,540,12,0,40,2,2,0
67,1,19,1,7330,26,0,10,1,1,0
33,8,16,1,4230,55,1,8,2,1,0
32,1,23,5,4040,301,0,35,1,1,0
48,1,21,1,1021,15,1,50,1,1,1
32,1,22,1,20,8,0,65,1,1,1
55,1,16,5,9640,18,0,80,2,2,1
61,1,16,2,6355,26,0,40,1,1,1
39,1,16,1,4220,22,1,40,1,2,0
35,1,19,5,5600,45,0,45,2,1,0
29,6,22,5,3245,40,2,40,2,1,0
71,2,21,1,230,36,1,25,1,1,1
26,2,22,5,2016,12,0,40,2,1,1
48,1,16,5,4700,17,0,40,1,1,1
58,6,22,3,440,42,0,40,1,1,0
47,1,21,4,4840,25,0,40,2,1,0
61,1,14,2,3602,4,0,35,2,3,0
38,1,17,5,4020,13,2,32,1,2,0
30,1,16,1,6355,370,1,40,1,1,1
53,4,20,4,3930,34,0,40,2,2,0
57,1,15,1,6515,303,0,40,1,8,1
59,3,22,1,2320,36,0,50,2,1,1
54,4,21,1,630,4,0,40,1,1,1
56,1,23,1,20,140,0,50,1,1,1
31,1,19,5,3930,25,17,40,2,2,0
39,1,21,1,630,13,0,50,2,1,1
35,1,21,5,4020,2,2,50,1,1,0
25,2,21,5,5400,36,0,40,1,1,0
36,1,22,5,2360,34,2,35,2,1,0
30,1,21,1,20,53,0,45,2,1,1
19,1,16,5,4720,6,2,35,2,8,0
25,5,16,5,5550,42,2,36,1,1,1
49,1,16,3,4010,42,13,40,2,1,0
30,1,21,1,3602,233,0,40,2,6,0
18,1,16,5,9415,13,2,40,1,2,0
17,1,13,5,4030,37,2,15,1,1,0
66,2,21,1,420,6,1,45,2,1,1
26,1,21,5,1320,15,13,40,1,9,1
48,1,1,1,8740,303,1,40,2,8,0
66,6,21,1,4920,55,1,20,1,1,0
50,2,16,1,2050,13,1,3,2,2,0
55,3,21,5,2014,37,0,42,1,2,1
48,1,21,1,3050,36,1,37,2,1,1
69,6,21,1,710,25,0,20,1,1,1
57,1,16,1,4010,6,1,32,2,1,0
67,6,16,3,4600,24,0,50,2,1,0
43,1,16,1,8650,303,0,40,1,1,0
24,1,19,5,4020,31,12,35,2,1,0
87,6,21,1,800,48,0,20,1,1,1
24,6,14,3,440,24,16,40,1,9,0
19,2,19,5,4720,35,17,25,2,1,0
49,5,22,5,2170,240,0,40,1,6,1
60,6,16,3,205,18,0,20,1,1,0
65,1,22,1,1460,303,0,40,1,1,1
53,1,21,1,10,6,0,45,2,1,0
42,1,21,1,410,100,0,40,1,1,1
43,6,21,1,440,42,0,40,1,1,0
46,6,16,1,4251,28,1,50,1,1,0
28,1,23,1,2100,35,1,45,2,9,1
52,1,21,1,350,36,0,40,2,1,0
62,1,20,1,1410,25,1,40,1,1,1
54,7,22,1,4621,51,1,50,2,1,1
66,1,24,1,230,207,0,40,2,6,1
32,1,16,1,4020,53,1,40,2,1,0
44,3,21,3,3300,8,0,50,1,9,1
43,3,19,5,5120,13,0,40,2,1,0
24,4,22,5,2310,36,0,40,2,1,0
20,1,19,5,2722,6,2,20,2,8,0
21,4,21,5,4720,36,17,15,2,1,0
47,1,13,1,4720,1,1,24,2,1,0
31,1,19,1,1006,23,0,45,1,1,1
36,3,22,1,2320,6,1,45,1,1,1
32,2,21,1,3255,6,1,2,2,6,0
52,1,22,1,3930,34,0,40,1,1,1
59,6,22,1,3930,26,0,21,1,1,1
27,1,16,5,9005,36,2,40,1,2,0
74,1,21,1,4760,42,0,27,1,1,0
20,1,19,5,4055,13,2,25,2,1,0
63,4,22,3,2330,36,13,40,2,1,1
51,6,16,1,440,1,0,75,1,1,0
58,1,16,3,7220,12,13,40,1,1,1
54,1,20,1,7330,36,1,40,1,1,1
59,1,12,2,7810,39,0,40,1,1,0
39,1,16,3,9130,26,0,60,1,1,1
40,2,22,1,2050,29,0,10,2,1,0
47,4,22,1,2320,21,0,50,1,1,1
32,1,9,5,6260,303,2,40,1,1,0
38,1,21,1,3255,110,1,52,2,1,1
20,1,19,5,4110,37,0,20,1,2,0
30,7,19,5,205,27,0,50,1,1,0
32,2,20,5,350,37,0,40,2,2,0
41,1,16,1,140,303,1,45,2,1,1
50,1,21,1,4920,36,1,45,1,1,1
46,1,17,1,440,42,0,45,1,1,1
44,1,22,1,140,42,1,80,2,2,1
79,6,18,1,2040,37,0,40,2,2,1
19,1,19,5,3960,303,2,20,1,1,0
66,1,10,1,4220,313,0,40,1,8,0
36,7,18,1,410,53,1,70,1,1,1
61,2,20,1,440,25,1,50,2,1,1
44,1,18,1,9645,48,2,40,1,2,0
49,3,21,1,2710,40,1,40,2,1,0
33,1,16,1,750,12,0,40,2,1,0
63,1,18,4,136,47,0,55,2,1,1
25,2,22,5,2320,32,0,80,2,1,1
25,1,20,5,4600,20,2,20,2,1,0
69,4,19,1,5720,51,0,40,2,1,1
58,1,18,1,5000,51,1,45,2,1,1
52,7,21,5,1021,17,0,40,2,1,1
59,6,16,1,6050,38,0,40,1,1,0
22,1,16,1,4760,20,1,45,2,1,0
71,6,16,1,1560,12,1,40,1,1,0
57,5,22,1,5000,36,0,40,1,1,1
29,5,18,1,7210,42,0,40,1,1,1
28,4,20,5,3255,34,0,40,2,2,1
34,1,18,5,5740,20,0,37,2,1,0
51,6,16,1,6200,55,1,40,1,1,0
40,6,21,5,1760,37,12,20,2,1,0
29,1,20,1,3500,31,1,40,2,1,0
20,1,16,5,4220,5,2,4,1,1,0
54,1,16,1,530,19,0,40,1,1,1
41,1,16,1,9122,6,0,40,1,8,1
34,1,16,1,4700,8,1,40,2,1,0
51,1,16,1,6442,48,0,40,1,1,0
63,6,16,1,230,31,1,50,2,1,0
68,6,21,1,4760,36,1,20,2,1,0
57,1,20,3,7340,29,0,40,1,1,1
66,1,15,3,310,51,0,24,2,1,0
53,1,20,1,9610,329,1,40,1,9,0
19,1,19,5,4130,36,17,7,2,2,0
52,1,16,1,6305,36,0,48,1,1,1
57,1,20,1,4700,29,0,50,1,1,1
50,1,16,1,9130,25,0,40,1,2,0
72,1,16,1,4760,1,1,30,2,1,0
64,1,15,4,4010,37,0,50,1,2,0
42,1,21,1,440,6,0,58,1,6,1
72,6,22,3,1825,42,0,50,2,1,1
80,4,24,1,2205,163,1,50,1,1,1
53,7,22,1,2710,21,0,40,1,1,1
25,1,19,5,1306,22,17,20,1,1,0
41,1,19,1,6200,53,0,40,1,1,1
52,1,16,1,5160,47,1,30,2,1,0
46,2,21,1,2320,45,0,40,1,1,0
23,1,21,5,4760,6,5,20,2,1,0
49,1,19,1,2640,28,0,45,1,1,0
31,3,18,1,3940,28,0,40,1,1,0
46,3,20,1,440,17,0,40,2,1,1
72,1,16,1,800,56,1,24,1,1,0
48,1,21,1,5120,362,1,40,2,1,1
24,1,19,5,5740,47,2,10,1,1,0
57,3,16,1,5860,36,0,40,2,1,1
38,2,22,1,10,17,0,65,1,1,1
26,2,16,1,4020,36,0,40,1,1,0
28,1,19,1,5730,13,0,36,2,2,0
18,1,18,5,4720,39,17,16,1,1,0
45,6,16,1,4600,41,1,50,2,1,0
55,1,21,1,5400,34,1,35,2,6,0
61,4,16,5,6240,39,16,2,1,1,0
32,1,16,1,4710,24,2,40,2,1,0
46,1,24,1,4720,55,1,50,2,1,1
22,1,20,5,6260,37,2,60,1,1,0
53,2,22,5,120,36,0,40,2,1,1
20,1,19,5,4760,39,5,40,1,1,0
57,1,16,1,4200,26,0,40,1,1,0
63,1,16,1,7210,6,0,40,1,1,1
52,4,21,5,440,29,0,32,2,2,0
20,1,19,5,5860,48,17,50,1,1,0
47,1,19,1,3603,303,0,39,2,1,0
17,1,14,5,4110,6,4,12,1,1,0
35,1,11,1,6260,303,1,30,1,1,0
20,1,19,5,4840,17,17,45,1,1,0
34,1,21,1,3255,6,0,36,2,1,1
25,1,16,1,4510,40,0,35,2,3,0
62,1,22,1,4920,6,1,50,1,1,1
36,1,21,5,4350,34,0,30,2,1,0
53,1,23,1,3160,6,1,40,1,1,1
40,8,17,5,7200,39,0,40,1,1,0
36,4,16,1,6730,42,1,37,1,1,0
60,2,18,2,725,25,0,40,2,1,0
56,1,21,1,850,54,1,50,1,1,1
47,1,19,1,410,12,1,50,1,1,1
23,1,19,5,4040,17,5,38,2,1,0
37,1,20,1,7200,17,1,53,1,1,1
38,1,22,1,1720,231,1,40,2,6,1
21,1,19,5,3603,26,12,24,2,1,0
43,1,20,1,110,18,1,50,2,1,1
58,4,20,1,101,30,0,40,2,1,1
19,1,14,5,4720,233,17,14,2,6,0
57,1,15,5,9430,36,0,70,1,1,0
50,6,21,1,6410,207,1,20,2,6,0
50,1,13,1,4700,29,1,45,2,2,0
40,1,21,1,2145,11,0,40,2,1,1
27,1,19,1,7720,48,1,40,2,1,0
55,1,16,4,8225,45,0,40,1,2,0
27,1,18,5,9265,8,0,40,1,1,0
52,7,21,3,6230,22,0,55,1,1,1
56,7,21,1,1450,39,1,50,1,1,0
21,3,16,5,3940,13,2,16,1,2,0
42,6,14,1,9130,6,0,60,1,1,0
42,2,23,1,2205,45,1,30,2,1,1
58,4,20,1,3802,44,0,48,1,1,1
69,1,21,1,4840,51,0,40,1,1,1
60,6,19,3,6230,12,12,65,1,1,1
19,1,16,5,4251,6,2,25,1,1,0
48,1,21,1,4710,36,0,50,1,2,1
41,6,16,1,6200,18,0,45,1,1,0
32,1,22,5,1410,48,0,40,1,6,1
41,1,21,1,9620,303,0,40,1,1,0
28,1,19,5,3603,6,0,40,1,8,1
61,3,16,1,230,12,1,40,1,8,0
43,1,21,1,4710,8,1,50,1,1,1
27,1,21,5,1360,25,12,50,2,1,1
32,2,21,5,3255,39,0,40,2,1,0
27,1,21,5,1350,10,0,50,1,1,1
20,1,19,5,4600,22,2,36,2,2,0
28,1,21,1,7700,25,0,45,1,1,1
36,1,16,5,9130,312,15,40,1,1,1
18,1,16,5,5860,110,17,12,1,1,0
41,3,16,1,2545,39,0,30,2,1,0
55,1,19,1,5240,341,0,32,2,2,0
62,6,17,1,4510,12,1,30,2,1,0
22,1,16,1,8800,303,9,40,2,8,0
48,1,16,3,9130,13,12,40,1,1,0
23,1,18,5,4760,6,2,40,2,2,0
52,7,19,1,4760,17,0,30,1,7,0
65,1,18,2,3930,22,0,38,1,2,0
35,1,19,3,5240,53,0,20,2,1,0
22,2,16,5,2740,53,0,50,1,1,0
29,1,23,5,2100,34,0,50,2,1,1
46,1,16,1,8030,24,0,60,1,1,1
44,1,16,3,9600,48,2,45,1,1,0
53,2,20,1,2014,223,0,40,1,6,0
55,1,16,1,9130,39,0,48,1,1,1
54,3,21,1,2435,19,1,40,2,1,0
27,1,16,4,9600,49,4,30,1,8,0
49,4,22,1,2006,46,1,40,2,1,0
45,1,24,1,1650,207,1,40,2,6,1
25,1,16,5,6355,8,15,40,1,1,0
22,1,16,5,5400,243,13,40,1,1,0
78,6,16,1,4700,6,1,30,1,6,0
66,6,22,1,2850,21,1,8,2,1,1
33,1,22,1,51,29,1,55,1,1,1
41,1,16,1,9130,6,1,40,1,1,0
54,1,1,1,3930,205,0,40,1,6,0
55,1,20,1,3500,26,1,30,2,1,0
45,1,21,5,1650,212,0,40,2,1,1
55,4,21,1,1360,30,0,45,1,1,1
53,1,21,1,1530,17,0,40,1,1,1
30,1,16,1,4110,327,1,30,2,1,0
35,1,19,1,4710,4,0,85,1,1,1
53,1,21,1,4720,233,11,40,2,6,0
51,1,16,1,440,25,1,55,1,1,1
40,3,16,1,9645,163,1,40,1,1,0
20,1,16,5,5240,36,17,40,1,1,0
19,1,13,5,6260,20,16,45,1,3,0
18,1,16,5,4150,25,17,25,2,1,0
59,1,16,3,7750,1,5,40,1,1,1
56,4,19,3,2545,6,0,36,2,1,0
47,3,23,1,2100,29,0,50,1,1,0
33,1,18,5,7810,332,12,40,2,2,0
67,7,16,3,4110,26,0,2,2,1,0
32,3,21,1,2310,48,0,35,2,1,0
48,1,21,1,800,18,0,45,1,1,1
49,2,21,1,2310,9,0,48,2,1,0
55,1,16,2,2545,48,0,55,2,1,0
61,1,16,1,8140,28,1,40,1,2,0
38,1,16,1,4521,247,1,50,2,6,0
43,1,21,1,4700,202,0,45,1,6,0
72,6,21,2,5400,36,0,20,2,1,1
49,1,19,2,7905,36,0,55,1,1,1
31,6,21,5,2752,6,0,60,1,1,0
51,2,21,1,136,42,0,40,2,1,1
42,1,9,3,9620,303,10,35,2,8,1
59,1,16,1,9130,55,0,40,1,1,0
52,1,17,1,3603,18,0,40,2,9,0
29,1,13,5,4720,32,17,40,2,2,0
22,1,21,5,3960,36,2,20,1,1,0
35,1,19,1,3649,12,0,35,1,1,0
22,1,20,5,4720,13,2,20,2,2,0
35,1,21,1,4920,36,0,75,1,1,1
82,1,19,2,4230,72,0,40,1,1,1
37,1,17,1,4850,18,0,40,1,1,0
26,1,19,5,5240,26,0,40,1,1,0
49,1,20,3,3255,40,0,45,2,1,1
58,1,6,1,5610,312,0,40,1,8,0
47,7,21,1,2751,45,1,40,1,1,1
56,1,17,1,9645,18,1,31,2,1,0
26,1,20,5,3401,48,2,50,1,1,0
33,1,21,1,1010,18,0,40,1,1,1
66,1,21,1,1640,36,0,16,1,1,1
43,1,13,1,6260,303,1,40,1,1,0
67,1,1,1,1010,2,0,40,1,1,1
25,1,16,1,9130,34,1,40,1,8,0
35,5,19,5,630,22,0,40,2,2,0
47,1,21,1,4055,48,1,20,1,1,0
45,1,18,1,4700,17,0,40,2,1,0
31,1,12,5,6410,303,0,40,2,1,0
46,3,21,1,3255,26,0,32,2,1,0
63,3,21,1,2310,17,0,24,2,1,0
67,2,22,5,2040,4,17,50,1,1,0
26,1,19,1,20,49,1,40,1,1,1
52,1,21,5,440,25,0,50,2,1,1
57,3,22,5,2435,24,0,40,1,1,1
22,2,16,4,725,6,12,40,2,1,0
53,1,16,1,6355,6,1,40,1,1,1
63,1,19,1,8225,13,0,50,2,2,0
52,2,19,3,3603,21,0,40,2,1,0
25,7,21,5,2635,17,10,32,2,9,1
33,1,21,5,3255,36,0,40,2,1,1
50,1,16,3,4700,29,0,48,2,1,0
48,2,18,3,1108,42,0,40,1,1,1
21,4,19,5,2555,6,17,18,1,9,0
53,1,16,1,7750,18,0,40,1,1,0
68,1,19,3,4760,212,0,36,2,1,0
58,1,17,3,4230,22,0,50,2,1,0
52,2,20,1,2752,36,0,30,2,1,0
50,4,23,1,3090,210,1,60,2,6,1
26,2,16,1,6230,303,0,35,1,1,0
23,1,19,5,4010,39,15,40,2,1,0
34,4,21,5,2320,35,0,45,2,9,0
66,1,18,3,4220,40,0,17,2,1,0
31,2,24,5,3050,36,0,60,1,1,1
31,5,20,5,7140,48,0,40,1,1,1
52,1,19,1,5160,48,1,40,2,1,0
60,7,23,3,800,8,0,35,2,1,1
24,1,21,5,5740,212,0,10,2,9,0
25,1,18,5,5860,55,2,40,2,1,0
54,1,18,3,4760,26,2,39,1,1,0
29,1,24,1,1021,207,1,40,2,6,1
58,1,16,1,3602,29,1,2,2,2,0
65,1,13,3,5610,36,0,40,1,1,0
28,1,21,5,1430,36,0,60,1,1,1
38,1,18,3,5120,40,0,45,2,1,0
27,1,17,5,5740,6,13,25,1,1,0
46,5,19,1,5000,20,1,40,2,2,1
43,1,16,1,5510,42,1,40,1,2,0
50,1,16,1,9142,217,0,62,1,6,0
48,6,15,3,440,40,13,40,1,9,0
30,1,16,1,4230,303,1,25,2,1,0
22,1,19,5,2310,49,12,40,1,2,0
60,2,16,1,5940,26,1,40,2,1,1
66,1,16,1,9122,1,1,50,1,2,1
42,1,19,1,9640,53,0,20,2,1,0
62,1,16,1,9130,36,0,4,1,1,0
49,3,22,5,3740,139,0,56,2,1,1
70,6,23,1,2100,48,0,5,1,1,0
25,1,21,5,3050,1,0,8,2,1,0
58,5,18,3,5550,17,0,43,2,1,1
27,1,20,5,7315,362,2,40,1,1,0
17,6,14,5,4600,25,2,6,2,1,0
59,7,21,1,4700,20,0,60,1,1,1
47,5,20,1,5400,42,0,40,2,1,0
68,1,16,5,1310,209,15,40,1,6,1
35,1,22,1,1530,17,0,40,1,1,1
73,1,21,2,3255,48,0,20,2,2,0
42,1,17,3,7800,44,0,25,2,1,0
25,1,16,3,9142,6,2,20,2,8,0
58,1,17,1,4760,41,0,40,2,1,0
57,6,21,1,205,33,0,60,2,1,0
64,4,21,1,2310,21,1,40,2,1,0
21,1,20,5,4110,36,2,10,1,1,0
26,1,16,5,8740,42,4,40,1,1,0
41,1,16,1,7700,373,1,52,1,1,1
51,1,1,1,6260,27,2,40,1,1,1
23,1,16,5,6260,100,2,60,1,1,0
57,3,16,3,4220,12,0,40,1,2,1
63,1,20,1,5240,34,1,50,2,1,1
48,1,22,5,5600,6,0,60,2,1,1
52,1,9,1,8310,303,0,38,2,1,0
20,1,19,5,3840,41,2,45,1,1,0
63,2,21,1,2040,36,1,25,2,3,0
32,1,21,5,1760,34,2,40,1,1,1
38,1,19,1,9620,37,0,37,1,2,0
33,1,19,1,205,17,0,80,1,1,0
71,1,19,3,3500,333,0,24,1,9,0
26,1,21,5,4400,17,2,50,1,1,0
45,1,17,1,4030,327,1,40,1,1,0
36,1,19,1,6200,29,0,60,1,1,0
21,1,16,5,4600,51,2,40,2,1,0
62,1,23,1,1750,19,0,40,1,1,1
63,1,21,1,220,17,1,58,1,1,1
38,1,18,1,3640,72,1,40,2,8,0
47,1,12,1,4760,103,1,40,2,1,0
23,1,21,5,5400,34,2,13,2,1,0
42,1,22,1,440,42,1,45,2,1,1
32,1,24,1,1006,42,1,40,2,1,1
54,1,18,1,440,31,0,40,2,1,0
43,1,14,3,5610,51,0,40,1,1,0
30,1,19,5,2310,5,0,1,2,2,0
70,1,16,1,3930,42,0,16,1,1,1
49,1,22,3,440,20,0,50,1,2,1
52,1,21,5,2100,34,0,45,2,1,1
30,1,16,5,6441,24,15,40,1,2,0
75,7,19,1,10,53,0,60,1,1,1
41,6,19,1,9130,1,0,50,1,1,1
59,3,16,1,5120,48,0,39,2,1,0
68,1,17,1,4760,47,1,40,2,1,0
36,1,22,1,2205,37,1,15,2,1,0
22,1,16,5,4760,17,2,40,2,2,0
68,7,21,1,850,48,1,30,1,1,1
43,5,23,1,440,247,1,40,2,6,1
42,2,1,5,4230,303,0,40,2,8,0
27,1,16,1,6355,6,1,61,1,1,1
46,1,16,1,4521,240,0,27,2,6,0
65,4,21,1,5000,12,1,50,1,1,1
32,7,23,1,3010,217,1,50,1,6,1
54,1,16,1,9121,17,1,40,2,1,0
27,1,19,5,4940,37,13,40,1,1,1
42,2,23,1,110,440,0,40,1,2,1
47,6,16,5,3602,17,0,14,1,1,0
60,1,19,1,9130,21,0,40,1,1,1
21,1,19,5,1555,47,17,20,1,1,0
27,1,21,5,8640,1,2,40,1,1,0
20,1,19,5,4055,17,17,25,1,1,0
17,1,13,5,4055,37,2,25,2,1,0
43,1,21,1,800,214,1,60,1,1,1
68,2,21,1,230,5,0,38,2,1,1
44,6,18,1,4330,42,1,60,2,1,0
52,1,21,3,8740,17,0,45,2,1,1
57,3,21,1,2310,28,0,16,2,2,0
22,1,19,5,4720,72,2,20,1,9,0
39,2,21,2,3255,42,0,40,2,1,1
18,1,14,5,5240,26,17,15,2,1,0
46,1,16,1,4850,17,0,40,1,1,1
41,6,18,1,5120,48,0,50,2,1,1
52,3,21,1,1050,1,0,40,1,1,0
48,4,17,1,4220,129,1,40,2,1,0
24,8,21,5,4710,36,11,30,2,9,0
57,6,15,1,6410,303,0,40,1,8,0
25,1,21,5,1920,42,0,40,1,1,0
40,1,19,3,9142,6,0,12,2,1,0
56,4,16,1,2011,9,0,40,2,1,0
36,1,21,1,1021,210,0,40,1,6,1
27,1,16,5,4720,27,2,25,2,1,0
76,6,14,1,9130,26,1,80,1,1,1
21,1,16,5,3603,12,2,40,1,1,0
33,6,21,1,410,48,0,20,2,1,1
53,1,23,1,2100,12,1,30,2,1,1
29,1,21,1,2850,17,0,40,2,1,0
55,1,21,1,4850,18,1,48,1,1,1
67,3,21,5,2310,333,0,37,2,2,0
26,1,21,5,1545,303,0,40,1,9,0
39,1,19,5,220,49,0,50,1,1,1
31,1,16,1,9600,32,1,40,1,1,0
65,4,21,3,2545,20,0,36,2,1,0
66,2,22,1,2040,34,1,20,2,1,0
30,5,21,5,9800,36,0,60,1,1,1
50,1,19,1,5140,28,0,40,2,1,0
37,1,23,1,2100,32,0,45,2,1,1
34,7,21,5,2634,6,0,40,1,6,1
57,1,16,5,8990,34,2,40,1,1,0
38,1,22,1,440,39,0,40,1,1,1
29,1,21,1,910,19,1,40,2,1,0
18,1,18,5,4130,17,17,20,1,1,0
39,6,21,1,5600,53,0,40,2,1,1
36,1,22,1,136,36,0,40,1,6,1
46,1,18,1,5000,21,1,40,1,1,1
20,1,18,5,4020,327,2,40,1,1,0
65,3,22,1,4740,39,0,25,1,1,0
53,1,21,1,10,22,1,50,2,1,1
51,1,16,1,3601,24,0,20,2,1,0
23,3,16,5,4220,48,2,2,2,1,0
66,1,19,1,136,42,0,40,1,1,1
19,4,19,5,5240,5,2,21,2,1,0
25,5,19,5,3870,4,0,60,1,1,0
36,6,16,1,4700,49,1,50,2,1,0
19,1,16,5,4220,42,17,40,2,1,0
46,4,14,1,4030,9,0,40,2,1,0
57,1,19,1,4700,13,0,40,1,1,0
26,1,19,5,9645,6,2,40,2,1,0
57,1,21,1,4820,36,0,40,1,1,1
61,1,15,1,4700,6,0,40,2,1,0
44,2,16,1,9645,233,1,20,2,6,0
76,4,22,1,3710,26,0,40,1,1,1
36,1,11,3,6230,314,0,48,1,1,0
18,1,14,5,4720,48,7,32,2,1,0
50,1,21,1,10,19,0,55,2,1,1
75,3,21,1,2545,254,1,30,2,1,0
56,8,18,1,4230,17,0,40,1,1,0
54,3,20,1,3750,39,1,20,2,1,0
45,1,21,1,136,55,0,48,2,1,1
62,6,19,1,6305,26,0,20,1,1,0
42,6,19,1,4230,329,0,15,2,8,0
69,2,22,3,2721,6,0,20,1,1,0
48,4,16,1,9240,36,0,55,1,1,1
19,1,19,5,5240,48,13,35,2,1,0
65,3,21,1,5740,6,1,40,2,1,1
37,1,16,1,9130,51,1,40,1,1,1
24,5,21,5,136,36,17,48,1,1,0
36,2,22,1,2014,26,1,42,2,1,0
58,2,17,5,4220,29,13,45,1,1,0
59,1,21,1,700,303,1,70,1,8,1
27,1,19,1,5160,200,9,35,2,9,0
55,6,16,1,310,45,1,40,2,1,0
48,6,16,1,205,24,1,40,1,1,0
52,2,21,3,410,100,0,40,1,1,0
49,4,21,1,440,26,0,42,1,1,0
31,1,20,1,1021,8,0,40,1,1,0
56,2,21,1,2050,36,1,45,2,1,0
37,2,21,3,2014,49,0,40,2,1,0
51,2,22,3,2014,18,13,50,2,1,1
58,3,17,1,9121,37,1,38,2,2,0
53,6,17,1,9300,515,0,60,1,1,1
34,2,21,1,2040,25,0,45,1,1,1
25,1,16,5,4720,207,2,30,2,6,0
31,3,21,1,5860,39,1,40,2,1,0
48,1,9,1,4030,303,1,30,2,1,0
24,6,17,5,6230,6,2,10,1,2,0
28,2,22,5,2205,29,12,20,2,1,0
60,1,16,1,7430,17,1,40,1,1,0
50,2,19,1,3401,41,0,36,2,1,0
48,6,21,1,4510,39,1,40,2,1,0
78,1,21,1,800,36,1,24,1,1,0
47,2,22,1,4965,19,0,40,2,1,0
24,1,21,5,2310,19,0,40,2,1,0
47,1,21,5,2320,51,2,40,1,1,0
58,1,21,3,800,56,0,55,2,1,1
62,1,21,1,800,18,1,45,1,1,1
67,1,16,1,3421,42,1,40,2,1,0
45,6,18,1,4510,42,1,45,1,1,0
29,6,18,5,6260,48,0,2,1,9,0
67,1,20,1,705,36,0,48,1,1,1
62,1,21,1,4720,242,0,32,2,6,0
63,1,21,3,4220,370,6,40,2,1,0
17,1,14,5,4110,31,2,18,2,1,0
22,1,21,5,2320,6,0,40,1,1,0
35,3,22,1,2320,29,1,40,1,1,1
59,1,21,5,4230,303,0,40,2,1,0
52,1,22,1,910,110,1,45,1,1,1
38,1,13,1,5510,72,1,40,2,9,0
45,1,21,1,8320,233,1,34,2,6,0
57,1,23,1,3090,17,1,40,1,1,1
75,1,21,1,7340,41,0,50,1,1,1
33,1,19,1,10,48,1,40,1,1,1
53,1,20,5,3930,9,5,70,2,1,1
60,5,19,1,2862,34,0,40,2,1,1
50,1,19,1,8740,36,0,40,2,1,0
52,1,20,1,5120,26,0,40,2,1,0
51,4,17,1,4220,42,1,40,2,1,0
50,1,16,5,9130,72,11,25,1,6,0
55,1,20,1,710,20,0,40,1,1,1
44,1,23,1,2100,6,1,60,2,1,1
59,1,16,1,5140,42,1,40,2,1,1
29,1,20,1,9121,333,1,40,1,2,0
31,1,22,1,110,138,0,50,2,9,1
56,1,20,3,3255,4,0,36,2,1,1
52,1,9,1,9640,303,1,40,2,8,0
43,1,17,1,3930,6,1,55,2,8,1
19,1,18,5,4110,12,2,33,2,1,0
32,6,21,1,4000,205,0,70,2,6,0
51,6,19,5,9130,48,0,20,2,1,0
59,6,21,1,2360,36,1,14,2,1,0
38,1,17,1,7410,48,0,40,1,1,1
20,2,19,5,4030,26,12,17,2,2,0
29,1,21,5,120,9,13,50,1,1,1
27,1,21,1,800,12,0,40,2,1,1
54,3,22,1,2310,11,0,65,2,1,1
20,1,19,5,5400,36,2,5,2,1,0
19,1,16,5,4110,25,17,40,2,1,0
48,6,19,1,1108,55,1,36,2,1,0
58,4,21,1,2555,48,1,40,2,5,1
35,2,21,1,725,31,1,40,2,1,1
51,5,20,5,3255,72,0,20,2,1,0
23,1,21,5,1530,48,0,45,1,2,1
53,1,21,1,4110,17,1,30,2,1,0
37,2,21,1,3323,210,1,44,2,6,1
66,1,19,1,220,27,0,50,1,1,1
31,1,14,1,4220,17,17,23,1,2,0
30,1,19,1,3500,34,1,24,2,6,0
59,6,16,5,5740,11,0,41,2,2,1
59,2,18,1,136,42,1,40,2,1,1
56,1,22,1,440,6,0,40,2,1,1
73,2,22,5,2040,36,17,99,1,1,0
83,6,16,5,2600,51,0,42,2,1,0
57,1,17,1,705,12,1,40,1,1,1
44,1,14,5,6515,37,0,25,1,1,0
27,1,20,1,8990,303,1,40,1,1,1
26,1,21,1,2905,49,0,40,1,1,0
31,2,21,1,4600,37,0,36,1,1,0
34,5,21,3,9030,20,0,40,1,1,1
60,4,18,1,5000,370,0,50,2,8,0
50,3,22,1,3870,42,0,40,1,1,1
45,1,22,1,1825,39,1,38,2,1,0
55,1,16,1,6050,303,0,60,1,1,0
21,1,20,5,4220,12,12,25,1,1,0
61,3,19,1,7000,34,0,45,1,1,1
21,1,18,5,4720,37,7,30,2,1,0
56,1,21,1,440,38,1,45,2,1,1
66,1,20,2,5120,39,0,40,2,1,1
50,1,20,1,800,313,1,32,2,1,0
45,2,22,1,735,242,0,40,1,6,1
29,3,21,5,2310,54,2,45,1,1,0
33,1,24,1,3090,6,1,50,2,9,1
60,2,20,5,2014,42,0,40,2,2,0
29,3,12,5,7330,1,12,70,1,1,0
22,1,16,5,4760,6,17,20,2,9,0
27,1,21,5,440,6,2,60,1,6,1
39,1,19,5,5600,36,0,40,2,8,0
58,1,19,1,8030,51,1,40,1,1,1
62,3,16,1,9121,47,0,30,2,1,0
24,1,19,5,4140,6,2,15,1,1,0
38,1,21,1,4710,29,1,50,2,1,0
44,4,22,5,2320,34,0,40,2,1,1
33,1,21,1,5522,13,0,37,1,1,1
61,3,21,5,4220,17,0,40,1,1,0
45,7,23,3,3010,28,0,38,2,1,1
59,1,16,1,9240,49,0,55,1,1,1
52,1,20,1,3515,51,0,40,2,1,0
54,1,21,1,2634,36,0,40,1,1,1
63,1,17,3,5840,6,4,40,2,1,0
38,1,17,5,3603,36,2,36,2,1,0
22,2,19,5,4230,30,2,32,1,3,0
53,1,22,1,4710,17,0,60,2,1,1
32,1,21,1,1430,12,1,43,1,1,1
27,4,22,5,2004,37,2,20,2,1,0
46,1,19,1,5310,5,0,40,2,1,0
70,1,21,1,410,212,0,40,1,1,1
46,1,22,1,3160,6,0,42,2,9,1
27,2,21,1,3255,24,0,40,2,1,1
56,6,22,3,1360,34,0,20,2,1,1
20,1,20,5,1545,24,3,30,2,1,0
59,2,24,2,1760,109,0,40,2,1,1
35,1,22,1,630,48,1,55,1,1,1
58,3,24,1,2545,34,1,50,2,1,0
54,1,21,1,110,449,1,50,1,1,1
67,1,15,3,4400,247,15,20,2,6,0
32,1,22,1,1720,313,0,40,1,1,1
37,1,16,5,8740,27,2,45,2,1,1
28,1,16,1,4200,314,1,40,1,1,0
40,4,16,4,2545,21,0,32,2,1,0
26,2,20,5,2545,12,0,20,2,1,0
49,1,21,1,2012,303,0,40,2,1,1
47,1,21,1,4700,48,0,50,2,1,0
63,1,16,4,9600,55,0,40,1,1,0
34,3,14,5,6305,39,2,30,1,2,0
47,1,22,1,9030,48,1,40,1,1,1
63,1,19,1,4400,36,1,40,1,5,1
65,2,23,1,3090,17,0,50,1,1,1
28,4,21,1,5120,56,0,40,2,1,0
61,1,17,5,4720,8,0,30,2,1,0
66,2,22,1,1530,39,0,45,1,1,1
19,1,11,1,4110,17,1,40,2,1,0
22,3,16,5,7340,48,2,40,1,1,0
33,1,20,1,5000,42,1,40,2,1,1
61,1,21,3,4760,333,0,40,2,1,1
33,1,19,5,4700,6,13,45,2,6,0
51,1,19,1,5740,42,0,40,2,1,0
62,4,21,1,5250,37,1,37,2,1,0
68,1,16,1,7340,18,1,17,1,1,0
46,1,16,1,7750,17,1,32,1,1,1
28,2,22,5,2435,6,0,45,2,1,1
51,1,21,1,440,6,0,50,1,1,1
60,1,19,1,1430,13,0,48,2,1,1
27,1,17,5,7220,303,0,40,1,1,0
66,3,21,1,2310,233,1,30,2,6,0
54,6,16,5,205,39,15,15,2,1,0
56,7,22,1,2640,53,0,32,1,1,1
20,1,10,5,4150,29,13,25,2,1,0
43,6,20,1,10,33,1,40,1,1,0
25,1,21,5,5740,26,2,40,2,1,0
50,1,23,4,3090,78,0,30,2,2,0
46,1,19,1,1010,45,1,50,1,1,1
40,1,17,1,2850,26,0,40,2,1,1
50,7,16,1,5120,40,0,25,2,1,0
48,7,21,5,735,36,0,35,2,2,0
31,1,22,1,2640,210,0,40,1,6,1
28,1,21,5,2710,6,12,48,2,1,0
35,1,22,1,710,29,1,42,1,1,1
49,1,20,1,5120,39,1,38,2,1,0
46,1,12,1,7210,303,0,40,1,8,0
34,1,21,1,4850,42,1,45,1,1,1
37,2,22,1,2360,109,1,20,1,1,0
48,8,13,1,5860,6,1,25,2,1,0
50,1,24,5,5240,4,13,45,2,3,0
46,6,23,5,2100,26,0,40,2,1,1
48,1,21,1,136,41,1,40,2,1,1
53,1,20,1,6355,27,0,45,1,1,1
35,3,22,1,2320,42,7,45,2,1,1
27,1,14,5,6260,53,0,50,1,1,1
24,1,16,5,4760,34,2,24,1,1,0
55,2,20,1,5100,23,0,40,1,1,1
29,2,16,1,4040,17,1,8,2,1,0
62,1,16,1,7700,6,0,43,1,1,0
25,1,20,5,2440,4,2,19,2,1,0
38,1,20,1,3620,48,1,18,2,1,0
21,1,19,5,4251,51,12,35,1,1,0
53,2,21,1,3255,6,0,36,2,1,1
26,1,20,1,440,53,1,50,1,1,1
20,4,18,5,5850,6,2,40,1,9,0
59,1,20,3,4740,329,0,30,2,1,0
32,7,19,1,4840,49,0,50,1,1,1
56,1,21,1,4800,28,1,55,2,1,0
44,1,21,1,1460,150,1,40,1,1,1
53,1,1,5,4720,207,13,65,2,6,0
60,1,21,1,4850,6,0,50,2,1,1
17,2,15,5,5320,42,2,4,1,2,0
25,1,16,5,4720,6,0,40,1,8,0
71,1,21,1,5400,29,0,40,2,1,0
25,1,21,5,4700,8,13,40,2,1,0
59,1,17,3,9620,6,0,40,1,1,0
55,3,18,5,3602,6,0,40,2,2,0
47,1,21,1,9130,364,1,30,2,1,0
35,5,21,1,9810,329,0,60,1,2,1
48,1,20,1,3603,303,6,41,2,1,0
55,6,22,1,1010,26,0,45,1,1,1
41,4,17,1,3500,341,0,25,2,9,0
23,5,21,5,9030,48,0,60,1,9,0
51,1,16,5,540,18,0,44,1,1,0
23,1,20,5,3645,51,7,40,2,3,0
42,1,16,1,8140,29,1,40,1,1,0
41,1,17,1,2640,42,1,40,2,1,0
26,1,22,1,4030,166,0,40,1,1,0
49,1,9,1,8650,463,0,40,2,2,0
55,1,16,1,9130,27,0,40,1,1,1
37,1,21,1,2001,36,0,20,2,1,0
24,1,18,5,310,6,0,50,2,1,0
63,3,16,3,4020,36,0,30,2,1,0
64,1,16,1,4220,18,1,40,1,1,0
40,1,16,5,5120,24,2,42,2,1,0
23,1,21,5,1760,6,0,40,1,8,0
51,1,16,5,4540,4,0,40,2,3,0
29,1,21,1,710,29,9,40,1,1,1
76,1,16,2,4510,360,0,40,2,1,0
60,1,20,3,4700,72,13,40,1,1,0
48,1,17,3,3603,26,0,36,2,1,0
31,1,21,1,705,42,0,50,1,1,1
64,6,23,3,3010,36,0,25,1,1,1
53,2,18,1,4220,36,0,40,1,1,1
34,3,20,5,3930,303,2,55,1,1,1
53,1,21,1,7700,36,0,20,1,1,1
64,2,21,1,3255,24,1,50,2,1,1
54,1,16,1,440,39,0,55,1,1,1
35,1,21,5,750,51,15,40,2,1,1
27,1,13,5,9130,48,15,30,1,1,0
37,1,20,1,540,56,1,46,1,1,0
51,6,16,3,4350,47,0,32,2,1,0
65,2,18,3,3603,31,6,40,2,1,1
24,1,16,5,9610,36,2,45,1,1,0
48,7,13,1,4230,48,0,25,2,1,0
27,1,18,5,4040,37,2,25,1,9,0
48,5,22,1,51,6,0,40,1,2,0
59,2,18,1,3220,12,1,72,1,1,1
49,1,21,1,120,34,1,45,1,1,1
43,4,22,4,2310,6,0,40,2,1,1
40,1,1,5,4110,42,0,45,2,1,0
56,1,19,1,2145,51,1,40,2,1,0
26,2,18,3,3603,24,2,40,2,1,0
17,1,14,5,4030,49,2,8,2,1,0
31,6,17,5,4210,9,16,6,1,2,1
47,3,20,3,3740,18,0,40,1,1,0
55,7,21,1,6200,48,1,25,1,1,0
31,3,19,1,3740,36,1,48,1,1,0
55,1,19,1,4420,233,1,40,2,6,0
50,7,21,5,4920,303,0,12,2,1,1
20,1,18,5,5740,6,2,20,2,1,0
25,1,21,5,4840,34,0,40,2,1,1
17,1,14,5,4055,42,15,12,2,2,0
41,4,21,1,2310,21,0,40,1,1,0
19,1,18,5,4750,29,2,12,2,1,0
62,1,21,1,800,233,1,45,2,6,1
60,1,21,5,1430,41,0,40,2,1,1
23,1,19,1,9365,215,1,30,2,6,0
37,1,14,3,4020,31,15,35,1,1,0
35,1,21,1,6410,233,2,40,1,6,0
37,1,19,5,5610,26,0,40,2,2,0
38,2,19,1,5120,26,0,40,2,3,0
38,1,11,5,6260,4,7,16,1,8,0
27,1,16,5,9640,303,2,40,2,3,0
18,1,16,5,4840,55,2,20,2,1,0
38,1,16,1,7150,42,1,40,1,1,0
42,1,21,1,440,42,1,40,2,1,1
57,1,21,1,3423,217,0,32,1,6,0
54,1,18,1,4840,20,1,40,1,1,0
63,1,15,1,5410,209,1,55,2,6,0
47,1,22,1,735,29,1,45,1,1,1
59,6,18,1,5820,55,1,55,2,1,0
40,2,18,3,5400,46,0,10,2,3,0
47,3,22,1,2310,21,1,40,2,1,1
33,1,22,1,1010,164,1,40,2,1,1
40,2,21,5,540,1,0,40,2,2,1
63,1,18,1,7340,19,0,40,1,1,1
46,3,21,1,3870,34,0,40,1,1,1
23,1,19,5,3602,48,0,40,2,1,0
22,1,19,5,2545,49,7,20,1,1,0
40,1,20,1,1006,17,0,45,2,1,1
29,1,19,5,4760,47,2,40,2,1,0
23,1,16,1,5400,303,1,40,2,8,0
44,4,22,1,2310,6,0,45,1,1,0
70,6,22,1,9141,39,0,10,1,1,1
52,1,22,2,1021,42,0,45,2,1,1
65,1,19,1,5710,25,0,40,2,1,1
59,6,24,1,1821,6,1,20,2,1,0
61,1,16,1,2360,35,1,40,1,3,1
59,3,18,1,5820,31,0,35,2,1,0
60,6,16,1,6230,50,0,45,1,1,0
30,1,13,5,8140,72,2,40,1,8,0
64,1,19,1,220,41,0,50,1,1,1
48,6,11,3,4950,45,11,20,2,1,0
17,1,14,5,4720,6,2,35,2,1,0
51,1,18,1,9130,48,0,45,1,1,0
57,4,1,1,3602,303,12,25,2,8,0
71,1,21,1,5240,6,0,24,1,1,1
38,1,17,1,9130,27,10,40,1,1,0
62,1,16,4,120,39,6,40,2,1,0
54,1,20,1,3310,29,0,40,2,1,0
20,1,19,5,1006,48,17,40,1,1,0
30,1,16,5,4130,54,17,6,1,1,0
49,1,16,1,9620,303,0,40,1,1,0
31,1,16,1,9141,6,2,32,1,1,0
32,4,21,1,3300,6,1,40,2,1,0
66,1,18,5,5400,48,0,40,2,2,0
43,1,11,3,7315,303,13,40,1,1,0
25,1,20,5,7750,17,2,40,2,2,0
20,3,19,5,2723,46,2,8,1,1,0
62,1,16,1,4220,39,0,40,1,1,0
30,1,19,1,705,22,0,40,1,1,0
38,1,16,1,9620,39,0,44,1,1,1
64,2,20,1,3255,36,1,32,2,1,0
23,1,16,5,6460,72,5,40,1,8,0
61,1,18,1,5000,36,0,40,2,1,0
57,1,21,1,1010,28,1,45,1,1,1
43,1,16,3,5400,48,13,40,2,1,0
18,1,20,5,3645,303,4,30,2,1,0
18,1,18,5,4720,29,17,15,2,1,0
25,1,16,5,9130,45,0,50,1,2,0
79,1,20,1,3602,42,1,24,2,1,0
55,6,20,1,4251,36,0,30,1,1,1
21,1,19,5,2350,48,0,6,2,1,0
52,1,16,1,5521,17,1,44,1,1,0
39,1,21,1,4040,233,1,40,1,6,0
42,1,18,5,5120,17,13,40,2,1,0
32,2,22,1,120,36,1,40,1,1,1
20,5,16,5,9825,19,17,50,1,1,0
52,5,21,1,3870,36,0,40,1,1,1
20,1,19,5,4621,39,17,15,2,1,0
54,2,20,1,2545,36,1,32,2,1,0
69,3,21,1,3255,149,1,8,2,1,1
46,1,6,1,7810,303,6,40,2,8,0
33,1,16,5,7750,21,13,35,1,1,0
59,1,18,1,5610,23,1,40,1,1,0
28,3,21,1,3870,17,1,50,2,1,1
26,1,16,5,8300,40,2,40,2,1,0
24,6,9,5,4230,313,2,35,2,8,0
55,5,21,1,3255,19,0,60,1,1,1
23,1,19,5,6230,39,12,37,1,1,0
58,2,22,1,2002,25,1,46,2,1,0
45,1,21,1,7315,18,1,40,1,1,0
51,6,16,1,440,303,0,60,2,1,0
66,7,21,1,3255,6,1,65,2,1,1
50,1,16,1,8225,36,1,40,1,1,0
46,1,18,1,4510,8,2,38,2,1,0
33,1,21,3,1031,4,0,50,1,1,1
39,1,19,5,4830,1,0,40,2,2,0
46,4,16,1,8990,36,0,50,1,8,0
58,6,21,4,5240,12,0,50,2,2,1
20,4,16,5,2722,6,2,15,1,1,0
45,1,21,1,4510,233,1,19,2,6,0
43,2,16,3,4251,34,2,40,1,1,0
25,1,21,5,440,48,12,45,1,1,1
21,1,16,5,4720,27,2,35,1,1,0
58,1,16,1,4700,217,0,72,1,6,0
40,1,21,5,5240,72,2,22,2,1,0
27,1,21,5,9645,6,0,40,2,6,0
47,7,21,1,9005,210,0,30,1,6,1
55,1,20,1,5740,45,1,50,2,1,0
57,1,20,1,440,45,0,70,1,1,1
32,1,17,5,3602,36,2,20,2,2,0
53,1,21,1,1021,11,0,45,1,1,1
56,1,20,2,3602,51,0,40,2,1,0
18,1,16,5,5240,2,17,25,2,5,0
75,3,22,1,2360,39,0,1,1,2,0
51,1,16,1,6200,303,0,40,1,1,0
53,1,16,2,7220,42,0,40,1,1,0
35,1,17,3,4600,13,0,40,2,1,1
53,2,22,1,565,28,0,40,2,9,0
39,1,22,1,2310,36,1,50,2,1,0
48,1,21,1,110,36,1,50,1,1,1
22,1,20,5,8710,327,13,40,2,1,0
24,3,16,5,3870,34,2,40,1,1,1
45,1,16,5,6200,1,2,40,1,1,1
31,1,10,5,4110,362,2,20,1,1,0
69,5,24,3,3090,36,0,45,2,1,1
30,1,20,5,8140,38,0,60,1,1,1
22,2,16,5,4600,31,13,20,2,1,0
47,1,19,3,1108,42,0,40,1,1,1
75,1,21,3,5860,39,0,22,2,1,1
45,4,22,1,2310,36,0,50,1,1,1
46,1,16,1,3601,39,0,40,1,1,0
18,1,19,5,3960,6,2,5,1,1,0
33,1,1,5,4720,6,15,35,2,1,0
24,1,18,5,4055,37,0,30,2,2,0
65,1,21,1,530,29,1,40,2,1,1
49,1,16,4,4521,247,0,54,2,6,0
49,1,20,5,3645,22,0,40,2,2,0
46,1,1,5,9130,25,0,13,1,1,0
61,1,23,1,2100,36,0,40,1,1,1
39,2,21,1,2014,209,0,20,2,6,0
34,1,13,2,4220,22,0,30,2,1,0
19,1,16,5,4020,54,2,30,1,1,0
27,1,21,5,4110,17,12,30,1,1,0
51,4,20,1,2861,19,1,40,2,1,0
49,1,11,3,9620,18,6,40,1,1,0
36,1,16,1,7720,217,1,40,2,6,0
57,1,16,3,4700,1,13,50,1,2,0
20,1,19,5,4760,40,2,5,1,8,0
53,1,15,1,9645,39,0,40,2,2,0
36,1,21,1,540,12,0,40,2,2,0
17,1,14,1,4020,37,2,10,1,1,0
43,1,21,1,9130,39,1,60,1,1,1
54,3,21,1,5740,30,1,40,2,1,0
51,1,18,3,8750,42,0,50,1,1,0
49,1,18,5,7750,6,0,45,2,1,1
62,6,22,1,2360,36,1,30,2,1,1
20,4,18,5,4055,6,17,5,1,1,0
26,3,21,1,3645,36,0,40,2,1,0
22,1,21,5,5410,12,2,40,1,1,0
20,1,16,5,4840,303,5,40,2,1,0
44,1,16,1,4140,365,1,40,2,8,0
21,1,19,5,7750,39,2,40,2,2,0
29,2,16,5,4220,27,17,6,2,1,0
19,1,16,5,9130,303,2,99,1,8,0
31,1,18,5,7340,1,2,50,2,8,0
18,1,15,5,4720,34,2,8,2,6,0
72,1,20,1,3310,39,1,40,2,9,1
35,1,20,5,5350,24,2,40,2,1,0
60,6,19,5,2634,27,0,30,1,1,0
32,1,21,1,3255,23,0,20,2,1,0
24,1,15,5,4110,48,12,40,2,8,0
48,6,14,4,4220,303,0,30,2,8,0
58,6,18,1,6260,13,0,45,1,1,1
49,2,21,1,3255,25,0,36,2,1,0
49,1,20,1,5820,25,1,28,2,1,0
20,1,14,5,4760,32,2,40,1,1,0
64,1,16,1,7700,42,0,40,1,1,1
32,1,19,1,6360,18,0,40,1,1,0
42,1,16,3,8740,5,0,40,2,1,0
46,1,21,1,220,42,1,50,1,1,1
60,1,21,1,3256,1,0,45,1,1,1
55,6,22,1,710,4,0,70,1,1,1
26,1,19,5,3603,9,4,36,2,1,0
71,1,20,1,2805,6,0,40,1,1,1
66,1,16,1,9130,19,1,3,1,1,0
50,3,23,1,2100,36,1,40,1,1,1
41,3,20,1,2011,138,0,40,1,1,0
44,1,20,1,800,37,0,40,2,1,0
23,2,19,5,2040,13,2,40,1,1,0
35,1,20,1,5120,233,0,40,2,6,0
49,2,22,5,2040,36,17,99,1,1,0
52,1,22,1,4700,210,0,60,1,6,1
41,1,18,1,410,34,1,40,1,1,1
42,1,20,5,4850,9,2,40,1,1,0
48,5,22,1,20,20,0,65,1,1,1
51,1,23,1,3100,24,1,45,1,1,1
30,1,22,1,4850,36,0,45,1,1,1
24,1,20,5,6200,48,12,48,1,1,0
62,1,16,1,4010,6,1,40,2,1,0
17,1,15,5,5860,22,2,20,2,2,0
59,4,22,3,2310,37,0,40,2,1,1
45,1,19,5,4400,22,0,40,2,2,0
33,1,15,1,410,36,0,30,1,1,0
19,1,19,5,4720,19,2,14,2,1,0
87,1,21,1,1760,6,0,50,1,1,1
54,3,23,1,3090,330,1,80,2,2,1
64,1,18,3,3515,45,0,40,2,1,0
45,7,22,1,440,11,1,40,1,1,1
38,1,17,5,7855,13,0,58,2,9,0
36,1,18,1,4700,26,0,40,2,1,0
25,8,14,5,8810,6,13,40,1,6,0
19,1,19,5,4760,29,0,40,2,1,1
20,1,16,5,5160,26,2,50,2,1,0
46,1,16,1,9130,19,1,40,1,1,1
62,1,16,3,4600,21,8,50,2,1,0
62,4,22,1,2310,36,9,50,1,1,1
42,1,18,1,4110,17,0,30,2,1,0
36,6,21,1,1006,55,1,40,1,1,0
30,1,12,1,6260,303,1,70,1,1,0
73,1,23,2,5740,23,0,10,2,1,0
58,3,19,1,2310,27,0,49,2,1,0
54,1,16,1,2170,17,1,40,2,1,0
49,1,21,3,440,39,0,45,1,1,1
34,1,15,1,6230,53,0,40,1,1,0
22,1,21,5,1430,41,2,6,2,1,0
61,1,18,1,3255,48,1,60,2,1,1
61,1,21,1,3050,23,0,45,1,1,1
60,6,22,1,4220,9,0,12,1,1,1
41,2,16,5,5110,34,2,40,2,2,0
30,1,15,5,9620,303,2,50,1,1,0
73,2,24,1,10,11,0,2,2,1,1
40,1,16,1,4700,27,0,40,1,1,0
43,7,23,1,2100,12,0,50,1,1,1
33,2,16,1,3401,36,2,38,1,1,0
32,1,17,5,4700,44,0,38,2,1,0
50,1,21,1,850,36,1,40,1,1,1
65,1,21,1,2360,48,0,40,2,1,1
50,1,14,5,5610,24,0,40,1,1,0
66,1,19,1,4920,47,1,2,2,1,0
48,1,15,1,8140,2,0,50,1,1,1
63,4,21,1,120,25,0,38,1,1,1
82,4,23,3,3090,25,0,24,2,1,1
57,1,16,1,5240,6,0,50,1,1,1
24,1,16,5,6260,42,2,40,1,1,0
62,1,19,3,5860,25,0,40,2,1,0
64,1,18,1,6305,6,0,40,2,1,1
66,4,16,1,2330,15,8,40,2,6,1
18,1,16,5,9620,36,2,5,1,1,0
46,1,21,5,4930,301,0,50,1,1,1
35,1,1,1,4230,303,12,45,2,8,0
64,1,14,1,3603,45,0,28,2,2,0
58,6,21,2,205,42,0,70,1,1,1
63,1,18,1,9130,110,0,48,1,1,1
50,6,21,1,205,20,0,50,2,1,0
40,3,17,1,4251,6,1,40,1,1,0
37,1,17,1,9130,49,1,40,1,1,0
54,1,20,1,440,39,1,48,1,1,0
55,1,16,5,4255,20,0,60,1,1,1
46,1,22,1,102,16,1,55,1,1,1
80,3,22,1,2205,21,0,20,1,1,1
24,3,16,5,3802,13,0,40,1,2,0
23,1,21,5,4760,36,2,20,2,2,0
58,1,19,1,3421,37,0,60,1,1,0
35,1,21,1,705,6,0,4,1,1,1
32,3,22,5,2014,6,2,40,2,1,0
23,2,21,5,1720,6,15,70,2,1,0
17,3,14,5,2920,1,2,4,1,1,0
57,1,17,1,4750,45,0,40,1,1,1
49,1,21,1,300,37,1,40,1,1,1
38,1,21,3,2001,42,0,30,2,1,0
18,1,16,5,4220,48,2,25,1,1,0
18,1,18,5,9620,48,17,20,1,1,0
59,1,16,1,2545,36,1,38,2,1,0
26,1,19,5,5240,303,0,40,2,8,0
46,1,19,1,4230,303,1,40,2,1,0
49,4,20,1,1105,21,1,40,1,1,0
49,7,21,5,710,17,0,65,1,1,1
30,1,21,1,2320,29,1,48,2,1,0
39,1,21,1,440,19,1,50,2,1,1
50,1,22,1,2330,36,0,35,1,1,0
32,4,19,1,5220,12,1,40,1,1,0
40,1,16,1,5522,303,1,40,1,1,0
57,1,20,1,6200,17,1,60,1,1,1
57,3,19,1,440,6,0,80,1,9,1
23,1,16,1,5940,13,1,35,2,1,0
48,1,23,1,710,6,0,40,1,1,1
30,1,15,5,6230,303,5,40,1,8,0
37,1,21,1,2310,8,0,38,2,1,0
60,1,18,1,440,42,0,70,1,1,1
70,1,20,3,4760,11,0,40,1,1,0
23,1,19,5,4840,23,15,40,1,1,0
32,2,23,1,3090,39,0,60,1,1,1
39,1,20,1,3645,12,0,20,2,1,0
34,1,19,1,4740,26,1,35,2,1,0
53,1,14,4,220,28,2,40,1,1,0
51,1,21,1,5400,36,1,35,2,1,0
25,1,21,5,1360,4,4,50,1,1,0
33,1,21,3,3255,36,0,36,2,6,1
30,1,21,1,3255,29,0,40,2,1,1
54,1,16,1,5720,209,0,35,2,6,1
50,3,16,1,3500,25,1,40,2,1,0
52,1,19,1,1305,34,0,40,1,1,1
28,7,14,5,4251,36,0,15,1,1,0
62,2,19,1,630,50,1,35,2,9,0
39,1,22,1,6230,365,1,40,1,9,0
35,1,15,5,5240,18,0,30,2,1,0
70,3,22,1,2310,17,0,18,2,2,1
63,2,21,1,2040,37,9,10,1,1,0
55,1,18,1,8140,26,0,60,1,1,0
33,1,20,1,5110,21,0,40,2,1,0
18,1,1,5,4230,18,2,8,2,1,0
56,1,20,1,8740,17,0,50,1,1,1
56,1,19,1,8000,26,1,60,1,1,1
29,1,18,5,3515,18,0,40,2,1,0
25,1,19,5,4760,6,2,40,2,1,0
57,1,21,3,2145,36,0,48,2,1,0
60,6,21,1,2850,39,0,12,2,1,0
56,1,21,1,1430,34,1,40,1,1,1
41,1,19,5,860,41,0,40,1,1,1
25,1,20,1,5110,27,1,40,2,1,0
59,4,16,1,9130,42,1,40,2,1,0
71,1,16,1,9130,55,0,40,1,1,0
54,1,16,4,6230,365,10,40,1,8,0
66,1,20,1,9620,49,1,25,1,1,0
24,1,13,5,4510,41,3,30,2,1,0
35,2,22,1,5310,17,0,40,2,2,1
50,1,16,1,4110,364,1,35,2,1,0
63,1,22,1,3160,42,1,40,2,1,1
61,5,22,1,1530,49,0,55,1,1,1
61,5,21,3,820,36,0,40,2,1,1
55,1,16,1,7840,303,1,40,1,8,0
52,6,21,1,800,44,0,40,1,1,1
23,1,16,5,6520,45,2,40,1,1,0
55,1,16,1,5120,56,0,30,2,1,0
51,1,22,1,60,42,1,40,2,2,1
42,1,16,5,6230,4,0,15,1,3,1
61,1,16,5,7750,233,5,40,1,6,0
28,3,21,1,3740,17,0,50,1,1,1
21,1,19,1,9640,312,2,40,2,8,0
64,1,16,1,9130,19,0,60,1,1,1
36,1,22,5,1430,36,7,40,1,1,1
57,1,21,5,1530,26,0,40,1,1,1
60,5,16,1,160,36,0,40,1,1,1
62,1,21,1,800,19,0,41,1,1,1
56,7,20,1,5120,240,1,25,2,6,0
38,1,18,1,5240,451,0,20,2,1,0
59,7,21,1,4920,48,1,50,1,1,0
26,5,16,5,6355,17,12,40,1,1,1
21,1,14,5,4020,42,5,40,2,1,0
65,1,16,1,7340,26,0,24,1,1,1
49,1,22,1,1010,6,0,40,1,1,1
56,3,21,1,2310,13,0,40,1,2,0
68,1,21,1,440,13,0,55,1,1,1
44,1,22,1,2310,34,1,40,2,1,1
44,1,21,1,1021,29,1,40,1,1,1
67,6,18,3,5110,34,0,36,2,1,0
48,1,21,1,10,39,0,40,1,1,1
39,1,20,1,4760,247,5,25,2,6,0
59,1,16,1,5740,36,1,40,2,1,1
30,1,17,4,6515,42,0,25,1,1,0
62,1,20,1,1220,42,1,40,1,1,1
46,2,22,1,110,51,0,40,1,1,1
55,1,22,1,440,301,0,40,2,1,1
59,1,21,1,120,34,1,50,1,1,1
54,2,21,1,5400,48,0,22,2,1,0
54,1,16,1,4030,24,1,30,2,1,0
25,1,21,5,4720,6,2,20,2,1,0
22,1,18,1,4220,5,7,16,2,1,0
23,1,21,5,725,17,2,20,2,1,0
31,1,19,5,4251,72,17,36,1,1,0
71,2,22,1,1360,17,0,60,1,1,1
65,3,22,1,2310,240,0,16,2,6,0
34,6,19,5,7200,40,0,50,1,2,0
32,4,21,1,1530,9,0,40,1,1,1
65,4,22,1,2310,19,1,40,2,1,1
30,6,21,5,2002,48,13,40,1,2,0
50,1,22,1,440,38,0,55,1,1,1
61,3,21,1,3750,6,0,40,1,1,1
27,5,22,1,5600,6,0,40,2,1,0
45,6,19,1,4810,12,0,50,1,1,1
61,1,16,1,4760,28,1,40,2,2,0
30,1,17,1,4110,36,0,45,2,1,0
29,4,23,5,2100,45,12,40,1,1,1
50,1,16,1,9130,44,1,60,1,1,1
33,1,16,1,3930,34,1,36,1,2,0
18,1,16,5,4720,6,2,15,2,1,0
63,1,16,4,9130,12,0,40,1,1,0
39,1,16,1,5260,368,0,40,2,8,0
18,1,16,5,5400,48,2,26,2,1,0
34,1,21,5,136,34,5,50,1,1,1
60,1,19,3,7750,240,13,40,1,6,0
53,1,16,1,4760,19,1,45,1,1,1
24,1,19,5,3930,6,2,40,2,2,0
55,1,20,3,120,6,0,30,2,1,1
63,6,18,1,6230,17,0,40,1,1,0
18,1,15,5,4760,501,2,15,1,1,0
50,1,19,1,3515,48,0,40,2,1,0
19,1,16,5,4020,12,2,20,1,1,0
48,1,21,1,3160,233,1,40,2,6,1
75,6,18,1,7430,165,0,40,1,1,1
57,1,17,1,8320,21,0,32,2,1,0
59,2,16,1,4350,37,1,40,2,1,0
31,7,21,1,4920,207,0,28,2,6,0
58,1,21,1,350,51,0,60,2,1,1
52,1,22,1,350,37,0,60,2,9,1
70,1,16,1,4110,42,1,32,2,1,0
54,1,16,1,5400,55,0,37,2,1,0
51,1,19,1,2014,51,1,30,2,1,0
46,5,21,1,820,36,1,40,2,1,1
56,2,21,1,800,42,0,60,2,1,0
31,4,21,5,3255,6,13,24,2,1,0
58,1,16,1,9142,36,1,40,1,1,1
37,1,16,3,9620,28,7,40,1,1,0
61,1,17,1,5810,12,1,40,2,1,0
27,1,23,1,3000,39,0,46,1,1,0
42,3,18,1,5120,4,1,40,2,1,0
51,5,16,1,6355,48,0,40,1,1,1
69,1,16,1,4920,22,1,20,2,1,0
28,1,11,5,9610,12,17,30,2,9,0
33,3,20,5,3740,55,0,56,1,1,1
64,1,21,3,4540,36,0,99,1,1,0
49,4,21,1,150,48,0,55,1,1,1
59,6,15,3,6260,19,0,30,1,1,0
57,1,21,1,5740,39,1,40,2,1,0
48,1,24,5,1410,128,13,46,2,1,1
41,1,19,1,4210,45,1,40,1,1,1
25,1,16,5,4521,210,12,40,2,6,0
55,1,21,1,1520,54,1,40,1,1,1
51,3,19,1,7210,36,1,47,1,1,0
20,1,19,5,2545,48,2,35,2,1,0
17,1,12,5,4020,2,16,72,1,1,0
44,1,16,3,3500,333,13,60,1,2,0
41,6,20,1,6355,55,0,50,1,1,0
62,1,19,1,2545,36,1,25,2,1,0
37,1,21,5,4700,36,2,45,2,1,0
40,1,21,1,7130,21,0,40,1,1,1
60,2,19,1,1010,5,5,40,2,1,1
45,1,14,1,4020,303,0,40,2,8,0
46,1,22,3,800,27,0,45,2,1,1
34,1,21,5,9610,303,16,40,1,1,0
32,1,21,1,5240,48,0,45,2,1,1
21,1,16,5,5400,36,2,40,2,2,0
25,1,18,5,4522,25,13,30,2,1,0
49,1,20,1,20,38,0,50,1,1,1
63,1,22,1,3258,36,0,40,2,1,1
20,1,19,5,4030,37,17,20,2,1,0
40,1,1,1,340,42,2,42,2,1,0
56,1,16,1,7200,38,0,60,1,1,1
50,1,9,4,9645,303,5,40,1,1,0
62,2,22,3,5400,128,0,35,2,1,0
44,5,21,1,1530,36,1,50,1,1,1
57,1,19,1,1460,27,1,50,1,1,0
43,1,20,1,8225,8,0,52,1,1,0
34,4,21,1,2545,329,1,40,2,9,0
32,1,21,1,1108,210,0,45,1,6,1
66,1,16,1,8255,209,6,24,1,6,0
39,1,23,3,3255,20,0,36,2,1,1
29,1,21,5,4000,26,13,40,2,1,0
58,6,18,1,4510,9,0,5,2,1,0
38,2,18,1,4030,26,1,20,2,1,0
19,2,16,5,8225,12,10,25,1,1,0
52,1,16,1,230,36,1,35,2,1,0
62,1,21,5,4760,36,0,12,2,1,0
38,1,18,1,3255,6,1,40,1,8,0
53,6,21,1,310,28,1,90,1,2,1
47,3,19,1,4600,6,0,20,2,1,0
51,1,21,1,9122,46,1,40,1,1,1
20,2,16,5,3602,42,2,40,2,1,0
58,1,16,4,4110,233,6,40,2,6,0
49,6,21,1,4840,41,0,60,1,9,1
84,1,15,3,5860,42,0,3,2,1,0
36,6,21,1,2910,39,0,60,1,6,1
28,3,22,1,2310,36,0,80,2,1,1
37,1,19,1,6355,8,0,40,1,1,1
37,2,22,1,110,49,0,50,1,1,1
60,2,10,1,4710,303,8,40,1,1,0
40,1,21,1,310,39,0,60,2,1,1
29,1,16,1,9645,8,1,40,2,1,0
24,1,16,5,9130,48,0,50,1,8,1
53,6,20,1,4760,18,0,40,1,1,0
19,1,18,5,4110,28,17,15,2,1,0
30,1,19,3,5400,45,0,40,2,1,0
46,3,22,1,2545,165,1,20,2,1,0
53,1,20,5,4020,45,0,30,1,1,0
30,1,21,1,4655,34,1,20,2,1,0
31,2,16,1,7315,42,1,40,1,1,0
38,1,21,5,5240,6,13,40,2,2,1
42,1,20,4,410,24,0,48,1,1,1
38,1,16,3,4655,207,0,40,2,6,0
36,1,21,1,4850,48,0,50,1,1,1
43,1,11,1,8140,210,5,35,1,6,0
42,1,21,5,2100,15,0,40,2,6,1
24,1,20,1,410,49,1,36,2,1,0
59,7,22,1,710,39,1,45,2,1,0
32,1,22,1,2310,48,0,40,2,2,1
26,1,22,5,4820,207,0,40,2,6,0
22,1,19,1,5165,36,1,40,2,8,0
20,1,19,5,5400,4,2,40,2,1,0
64,1,16,1,4600,55,1,40,2,1,0
38,1,21,3,750,22,0,40,2,1,1
59,1,22,1,1410,53,1,60,2,2,1
45,7,21,1,4850,12,0,5,2,1,0
59,1,18,1,9130,5,0,40,1,3,0
61,4,21,5,800,39,0,40,1,1,1
21,1,16,5,1108,25,2,40,2,1,0
52,1,21,1,540,21,1,40,2,1,1
39,1,17,1,1530,39,0,40,1,6,1
70,1,24,1,4920,212,0,60,1,1,0
59,2,20,1,5740,39,0,40,2,1,0
43,3,24,1,2006,6,0,40,1,1,1
73,7,16,1,5120,45,1,15,2,1,0
43,1,16,5,4240,37,0,40,1,2,0
44,1,20,1,2310,12,0,20,2,1,0
24,1,20,5,3421,42,0,36,2,1,0
60,1,16,5,9130,18,0,45,1,1,1
46,3,19,1,6010,53,0,40,1,3,0
44,1,22,1,440,6,1,60,2,6,1
33,1,21,5,1006,36,0,70,1,1,1
43,3,16,1,5820,13,0,47,2,2,0
39,1,24,1,2100,24,0,70,1,1,1
30,1,20,1,5260,6,1,45,2,1,0
71,1,16,1,9645,36,1,20,1,1,0
37,7,16,1,2910,37,1,30,2,1,0
38,3,22,1,2330,44,0,35,2,1,0
42,1,16,1,4720,42,1,18,2,1,0
37,4,21,1,2320,1,1,40,2,1,0
69,1,14,2,9600,45,13,31,1,2,0
65,6,21,1,1430,48,1,5,1,1,1
37,6,18,5,5860,303,0,40,2,8,0
55,6,15,1,4020,32,0,50,2,1,0
52,1,21,1,6765,6,1,32,2,1,0
57,1,18,1,3640,42,0,40,2,1,0
73,1,19,1,600,42,0,40,1,1,1
63,1,23,1,3010,22,0,25,1,1,1
77,1,16,1,9645,48,0,23,1,1,1
46,1,16,1,7700,26,0,40,1,1,1
55,1,20,1,9130,18,0,60,1,1,1
58,1,21,1,140,21,1,55,1,1,1
48,1,19,5,800,1,2,42,2,1,0
41,1,9,1,9130,303,0,40,1,1,0
31,7,16,5,3602,39,0,16,2,2,0
42,1,20,1,7315,48,1,60,1,1,1
41,3,22,1,2310,25,1,60,2,1,0
52,1,19,1,9640,206,1,40,1,9,0
44,1,21,1,735,138,0,60,1,1,1
38,5,22,1,2310,18,1,40,2,1,1
37,2,19,1,2040,22,0,25,1,2,0
20,1,16,5,4760,37,12,10,2,1,0
36,1,21,5,5165,4,0,40,1,1,0
28,1,18,5,3630,6,13,20,1,1,0
46,1,24,1,52,39,0,55,1,1,1
28,1,17,5,4020,42,0,25,1,1,0
73,4,16,2,4020,42,0,40,2,1,0
28,1,23,5,3090,26,2,50,2,1,0
38,1,21,1,630,28,0,45,1,1,0
61,4,19,2,7340,17,0,40,1,1,1
43,7,21,1,800,42,0,20,2,1,0
41,1,24,1,1760,362,1,60,1,1,1
19,1,19,5,5240,41,2,50,2,1,0
52,1,1,3,6260,25,10,40,1,1,0
55,1,16,1,5240,36,1,40,2,1,0
17,1,13,5,4720,9,2,20,1,1,0
33,2,16,1,310,47,0,40,2,1,0
66,1,20,1,3255,17,1,12,2,1,0
50,4,22,1,1006,18,0,50,1,1,1
55,1,17,3,9620,13,15,26,2,1,0
54,1,16,3,6355,6,0,40,1,1,1
62,7,13,1,440,26,1,50,1,1,0
54,1,21,1,3050,36,1,40,1,1,1
57,1,21,1,1021,37,1,50,1,1,1
50,2,18,3,420,17,0,54,2,1,0
37,1,16,5,4020,36,2,35,1,1,0
46,1,18,5,9620,39,0,50,1,9,1
39,1,17,5,4020,13,13,35,1,2,0
71,7,24,1,137,6,1,55,2,1,0
35,6,21,3,410,247,0,20,2,6,0
46,1,18,1,8990,37,0,35,2,1,0
73,1,22,1,4700,48,0,40,1,1,1
71,1,14,1,6230,25,0,40,1,1,1
52,1,19,3,8990,6,0,32,2,2,0
55,1,20,3,9130,162,0,40,1,1,0
38,1,21,1,110,26,0,45,1,1,1
48,1,21,1,910,207,0,40,1,6,1
40,6,16,1,6230,55,1,35,1,1,0
61,1,19,1,9130,8,1,40,1,1,0
57,2,16,1,3300,51,0,40,2,1,0
79,2,16,1,2040,42,0,50,1,1,0
42,1,22,1,5240,17,1,50,2,1,1
45,1,19,1,1006,28,0,50,1,1,1
62,2,21,2,3255,55,0,30,2,1,0
19,1,16,5,9645,205,10,40,1,6,0
41,3,22,1,3230,13,1,40,2,1,1
40,6,16,5,7200,17,2,70,1,1,0
41,1,16,3,20,26,0,50,1,1,1
26,3,21,5,2205,36,2,20,2,2,0
79,4,19,1,2100,21,0,24,1,1,1
33,6,21,1,2910,48,0,15,2,1,0
20,1,19,5,1970,39,17,40,2,1,0
45,2,22,1,440,48,0,45,1,1,1
61,2,24,2,2205,30,0,3,2,1,1
54,2,6,1,4020,303,1,25,1,1,0
34,1,15,5,4251,303,0,40,1,9,0
21,2,19,5,2040,217,17,4,2,6,0
24,1,16,5,1021,9,2,40,1,3,0
27,1,16,5,4720,13,0,30,1,1,0
24,1,16,5,3602,47,0,30,2,2,0
72,1,21,1,710,34,0,12,1,1,1
62,6,21,1,3601,207,1,24,2,6,0
45,1,21,1,910,18,0,45,1,1,1
54,4,18,3,3602,41,0,8,2,1,0
68,1,15,2,9130,42,0,35,1,1,0
31,2,22,5,420,25,0,40,1,1,0
20,5,16,5,9825,8,17,40,1,8,0
38,2,21,1,3150,138,0,25,2,1,0
60,1,16,5,9122,36,0,48,1,1,0
61,3,21,1,4130,34,1,15,2,1,0
60,1,16,1,9620,6,0,40,1,1,0
26,1,16,1,4230,314,0,40,2,8,0
65,1,21,2,9150,48,0,4,1,1,1
33,1,21,5,440,42,2,38,2,1,0
40,1,19,1,3500,49,2,36,2,1,0
59,1,19,1,5740,42,0,38,2,1,0
39,1,16,3,3602,48,10,40,2,2,1
48,2,21,1,1050,51,0,40,1,1,1
64,1,10,5,3601,329,0,30,2,8,0
26,1,16,5,4340,72,10,40,1,8,0
45,3,22,1,2320,1,0,40,2,1,0
56,6,21,1,410,45,0,40,1,1,0
61,1,22,1,1006,51,1,40,2,1,1
32,1,20,5,7340,36,0,40,1,1,1
55,7,16,1,6260,8,1,40,1,1,0
55,1,16,1,9600,39,0,42,1,1,1
72,7,19,1,4330,53,0,32,1,1,1
36,2,20,5,830,303,0,65,2,6,0
57,1,16,1,6050,303,0,42,1,8,0
60,1,16,1,7810,312,0,40,1,8,0
53,1,21,1,2600,39,1,40,1,1,1
18,1,14,5,4030,53,2,15,1,9,0
19,1,16,5,1555,26,2,40,1,1,0
59,2,16,3,4720,217,6,40,2,6,0
27,1,16,1,5240,4,0,40,2,1,0
44,1,21,1,5710,210,1,40,2,6,1
54,1,21,3,3602,6,0,50,2,1,0
42,1,16,1,8335,303,1,24,2,5,0
65,1,20,1,3255,39,1,24,2,1,1
37,2,22,1,1760,163,0,40,2,1,1
37,1,19,1,9130,9,0,65,1,1,1
59,1,20,3,9720,33,2,40,1,1,0
68,1,21,3,3602,1,0,40,2,2,1
51,1,21,5,735,26,0,50,1,1,1
35,3,21,1,1530,12,1,40,1,1,1
46,1,16,1,3640,56,1,28,2,1,0
46,4,19,1,5140,36,1,50,2,1,0
58,1,20,1,7430,19,1,40,1,1,0
18,1,16,5,5240,39,17,20,2,1,0
58,2,19,1,420,45,1,15,2,1,0
36,3,22,1,1305,217,1,35,2,6,1
47,1,17,4,1108,17,0,40,2,1,0
21,1,13,5,3603,39,16,40,2,1,0
18,1,19,5,5240,6,2,30,1,8,0
71,1,21,1,735,36,0,15,1,1,1
25,7,16,5,4251,39,0,40,1,1,0
60,1,19,1,10,138,0,3,1,1,1
46,1,19,3,3603,440,15,60,2,2,0
63,1,21,1,4000,215,1,50,1,6,1
30,1,20,1,205,8,1,62,1,1,1
62,1,21,3,3255,330,0,40,2,2,1
19,3,18,5,2440,207,17,6,1,6,0
39,1,17,5,4220,25,15,3,1,1,0
63,3,19,1,2545,46,1,40,2,1,0
27,1,16,5,5110,6,2,25,2,1,0
67,6,23,5,2100,1,0,45,2,2,1
60,1,18,1,4720,42,0,38,2,1,0
26,1,21,5,7000,36,0,40,1,1,1
71,7,16,3,140,45,0,22,1,1,1
58,1,19,3,4850,8,0,40,1,1,1
67,6,21,1,4810,40,0,45,1,1,1
43,1,16,1,4850,39,0,40,1,1,1
57,1,16,1,7840,55,1,40,1,1,0
28,1,16,5,3603,53,2,40,2,1,0
63,1,19,3,7320,26,0,3,1,1,0
52,1,16,1,4750,51,0,50,2,1,0
68,1,19,1,8740,26,0,40,2,1,0
23,2,21,5,800,42,2,40,1,1,0
46,1,19,3,110,13,0,40,2,2,1
17,1,14,5,6260,26,2,50,1,1,0
41,1,16,1,5810,6,1,5,2,1,0
28,1,17,1,9122,30,0,45,1,1,0
50,5,21,3,630,36,0,40,2,2,1
41,1,17,1,4230,47,1,50,1,1,0
60,1,16,1,5600,42,1,44,1,1,1
39,2,19,5,5860,9,0,40,2,1,0
45,2,19,1,3255,28,1,55,2,1,1
36,1,22,1,1750,22,1,40,2,1,1
53,1,21,1,10,240,1,40,1,6,1
20,1,19,5,4350,48,2,1,1,1,0
50,1,16,1,5940,36,0,40,2,1,0
30,1,19,3,440,13,13,50,1,1,0
60,1,16,1,8225,202,0,40,1,6,0
23,1,20,5,5240,48,2,32,1,1,0
20,1,20,5,6260,39,0,15,1,1,0
53,1,21,1,51,34,1,50,1,1,1
40,1,14,1,8800,29,0,40,2,1,0
27,1,18,1,5860,6,1,40,1,1,0
69,2,24,1,3100,22,0,45,1,1,1
57,6,22,1,9141,50,1,20,1,1,1
53,1,21,1,5860,6,0,40,2,1,1
34,3,19,5,9720,34,0,35,1,1,0
51,1,1,1,9130,229,10,40,1,6,0
55,4,21,1,930,35,0,40,1,1,0
59,2,19,1,3500,17,1,6,2,1,0
61,4,15,1,5740,44,0,32,2,1,0
31,1,21,5,2910,303,0,45,1,9,0
58,1,22,1,2205,303,1,35,2,8,0
25,1,19,5,4110,217,2,39,2,6,0
65,7,21,1,2640,36,1,40,2,1,1
54,6,16,3,4920,42,0,15,2,1,1
43,1,16,5,6442,18,13,50,1,1,0
32,1,20,1,1545,27,0,45,1,1,1
41,1,20,4,310,34,0,50,2,1,0
43,1,16,4,4600,28,0,50,2,9,0
60,1,22,5,4420,329,0,18,2,2,1
33,2,21,1,52,19,1,60,1,1,1
56,1,18,3,7750,17,0,40,2,1,0
62,1,21,1,110,210,0,50,1,9,1
46,1,19,1,7700,18,1,45,2,1,0
57,2,21,3,340,42,0,40,2,1,1
47,4,21,1,2014,9,1,40,1,1,1
66,6,16,1,6230,39,1,30,1,1,0
51,1,19,1,4720,36,1,14,2,1,0
49,1,21,1,52,215,0,11,1,6,1
61,1,18,2,8740,5,0,40,1,9,1
21,1,16,5,1021,9,2,40,2,1,0
29,1,16,5,4130,41,2,50,2,6,0
52,4,21,4,5940,40,0,40,2,3,0
51,3,20,1,2545,148,0,33,2,1,0
23,1,21,5,51,6,13,40,2,1,0
27,1,21,5,2830,51,13,45,2,9,0
18,1,18,5,5120,9,17,40,1,1,0
56,5,22,5,150,37,0,40,2,2,1
43,1,14,1,9620,12,1,43,1,1,0
66,2,20,1,5120,48,0,40,2,1,0
41,1,21,1,5240,17,1,40,1,6,0
20,1,18,5,4020,17,2,35,1,1,0
52,1,17,1,8030,18,0,40,1,1,1
54,1,20,1,9645,327,1,30,2,1,0
47,1,21,1,4850,54,0,45,1,1,1
49,1,16,1,8140,21,1,55,1,1,1
22,1,20,5,5400,42,13,39,1,1,0
65,7,19,1,440,34,0,60,1,1,1
25,1,17,1,6260,303,0,40,1,1,0
51,1,19,1,3602,37,0,38,2,1,0
37,1,19,5,630,13,0,45,2,1,1
54,1,19,2,4760,41,0,50,1,7,0
63,1,19,3,5740,44,0,44,2,1,1
23,5,20,5,5560,12,5,72,1,2,0
60,1,19,1,5240,39,1,40,2,1,0
37,5,22,1,136,48,0,50,1,1,1
62,1,19,1,9130,51,1,60,1,2,0
32,1,19,5,7210,6,13,52,1,1,0
48,6,20,3,4510,12,15,40,2,2,0
30,1,22,1,1825,27,0,25,2,1,1
37,2,16,1,4600,48,0,8,2,1,0
53,1,20,1,3323,24,1,40,2,1,0
32,1,21,1,4510,13,1,25,2,1,0
51,3,21,4,3740,24,0,55,1,2,1
30,1,21,1,800,36,2,40,2,2,0
68,3,18,3,5521,47,0,40,1,1,0
53,1,21,3,4010,29,13,50,1,1,0
40,3,22,1,230,19,0,60,1,1,1
58,1,19,1,20,26,0,55,1,2,0
46,1,16,3,3930,36,0,40,1,1,0
48,1,23,1,3050,20,1,50,1,1,1
23,1,21,5,5810,6,2,20,2,8,0
28,4,22,1,2205,6,0,20,2,1,0
19,1,16,5,4030,41,2,25,1,1,0
55,6,21,1,440,26,0,35,1,1,1
33,1,16,5,9130,312,2,40,1,1,1
66,4,19,1,5260,22,1,12,2,2,0
70,7,19,3,6200,36,0,40,1,1,0
17,1,14,5,9620,26,4,20,1,1,0
50,1,21,1,110,17,0,45,1,1,1
36,1,19,1,5710,24,0,25,2,1,0
45,3,21,1,5740,47,1,40,2,1,0
19,1,16,5,4420,48,2,20,1,1,0
63,1,9,1,8320,303,0,45,2,1,0
35,1,22,5,4710,36,0,40,2,1,1
52,1,21,1,800,36,0,60,1,1,1
59,5,19,1,9005,12,0,40,1,1,1
47,4,21,5,650,6,13,28,2,1,0
23,1,16,5,7200,34,12,40,1,1,0
31,1,16,1,9645,13,1,32,1,9,0
56,1,19,1,5110,36,1,43,2,1,0
67,3,19,1,3255,51,1,29,2,1,0
33,1,20,1,4720,6,0,40,2,8,0
72,1,20,1,4720,42,1,24,2,1,0
30,2,20,1,2040,4,1,40,2,1,0
58,1,15,1,4521,247,1,12,2,6,0
25,3,16,1,3802,48,0,40,1,1,0
25,1,21,5,850,17,5,40,1,1,1
42,5,19,1,440,1,1,40,2,2,1
73,6,24,1,3010,24,1,50,1,1,1
48,7,24,1,2100,42,1,50,1,2,0
37,1,20,1,3545,1,1,40,1,1,1
28,1,19,5,6040,110,0,50,1,1,0
21,1,19,5,6050,10,13,60,2,1,0
25,1,16,5,9645,34,2,32,1,1,0
56,2,22,1,2310,29,1,40,1,1,1
66,7,18,2,4230,15,0,25,1,7,0
65,2,21,1,1108,17,0,40,2,1,1
21,1,19,1,4110,39,0,40,2,1,0
45,3,20,1,310,6,1,30,2,1,0
33,1,21,2,4020,13,0,40,1,1,0
47,1,21,5,3255,45,0,36,2,2,1
36,1,19,1,3930,32,1,40,1,1,0
41,1,19,1,9130,18,0,55,1,1,1
45,7,21,1,2905,37,0,40,1,1,0
40,4,21,5,1920,42,0,38,1,1,0
20,3,20,5,3960,41,17,30,2,1,0
57,3,16,1,4220,39,1,40,1,1,0
65,3,21,1,800,36,0,40,2,1,1
26,1,18,1,7315,48,0,60,1,1,0
37,3,20,1,3870,6,0,40,1,1,1
63,3,22,3,2545,36,0,40,2,1,0
33,1,23,1,2100,42,0,55,2,1,1
42,5,19,5,5860,26,0,30,2,2,0
47,1,22,1,4810,34,0,35,1,2,1
44,1,23,1,3090,240,0,65,1,6,1
39,1,20,1,9640,6,1,20,2,1,0
46,1,16,1,52,53,0,50,2,1,1
40,3,17,1,2545,48,1,40,2,1,0
39,1,14,5,9645,17,0,38,2,2,0
57,1,21,5,9645,31,0,40,2,1,0
56,7,16,1,205,29,0,80,1,1,0
31,2,22,5,2320,26,0,70,2,1,0
43,1,21,1,910,17,0,50,2,1,1
49,1,19,1,3300,6,1,40,1,9,0
23,1,19,1,4850,55,0,50,1,1,1
32,1,21,5,1400,23,0,42,1,1,1
52,1,21,1,4965,25,0,40,2,1,0
19,1,19,5,4255,28,4,40,1,1,0
66,1,18,1,910,27,1,30,2,1,0
52,1,23,1,3040,34,0,40,2,1,1
28,1,18,5,4020,242,0,69,2,6,0
33,1,21,5,2014,36,10,40,1,2,0
23,4,21,5,4435,4,2,10,1,3,0
23,1,16,3,3601,12,15,20,2,9,0
25,1,19,5,4030,37,2,40,1,1,0
50,1,16,3,9122,11,0,40,2,2,0
68,1,21,1,1555,210,0,20,1,6,1
21,4,19,5,1970,39,12,10,1,1,0
67,4,24,5,2435,17,0,40,2,1,1
57,1,21,1,800,25,1,40,2,1,0
58,1,19,1,3602,27,1,32,2,1,0
25,1,19,1,5400,39,0,41,2,1,0
53,1,21,1,5740,34,1,50,2,1,0
69,4,21,1,2310,12,0,5,2,1,0
62,1,22,5,3255,39,0,48,1,1,1
42,3,19,1,3870,56,0,40,1,1,1
52,1,22,1,10,18,1,50,1,1,1
46,7,17,1,6240,34,0,50,1,1,0
23,1,19,5,4720,6,2,20,2,1,0
57,1,19,1,3645,39,0,40,2,1,0
63,5,21,1,3255,233,1,40,2,6,1
29,1,16,5,8740,22,13,80,1,1,1
61,1,21,1,1551,54,1,50,1,1,1
53,1,21,3,3255,41,0,30,2,1,1
33,1,20,1,4251,373,0,40,1,1,0
47,1,16,1,9005,55,1,50,1,1,1
25,1,22,5,1006,17,0,42,1,1,1
27,1,16,5,4040,1,12,40,2,1,0
39,1,15,1,6200,17,0,40,1,1,1
48,6,18,1,9645,17,1,18,2,1,0
29,1,21,5,2320,48,13,40,2,1,0
21,1,16,5,6260,303,2,40,1,1,0
31,1,22,5,2310,6,13,45,1,1,1
40,1,15,1,5230,6,0,38,2,1,0
61,1,14,5,5160,207,0,40,2,6,0
36,1,16,1,2545,467,0,35,2,2,0
26,1,19,1,3520,51,1,40,1,1,0
49,1,14,3,8730,303,0,45,1,1,0
34,1,21,1,630,39,1,45,2,1,1
41,1,22,1,1006,210,0,40,1,6,1
36,1,16,5,4230,45,2,12,2,1,0
42,1,20,1,8740,40,1,40,1,1,0
23,6,18,5,4600,42,2,50,2,1,0
63,6,16,1,7200,42,1,40,1,1,0
49,1,16,4,7315,18,0,40,1,1,1
77,1,22,3,2205,22,0,20,2,1,0
27,2,17,5,8740,132,16,20,1,1,0
52,1,20,1,4700,42,0,48,1,3,1
18,1,14,5,4110,12,2,14,2,1,0
17,1,14,5,7840,53,2,10,2,3,0
66,1,22,1,350,51,1,40,2,2,0
23,4,21,5,1760,48,0,20,1,1,0
32,1,16,1,4965,4,0,70,2,1,1
66,1,19,1,4760,36,0,24,2,1,0
53,1,20,1,440,11,0,50,1,2,1
59,6,16,3,6260,55,13,25,1,1,0
59,3,21,1,2310,17,1,35,2,2,1
29,1,15,5,9130,11,2,60,1,1,0
59,1,18,5,120,39,0,45,2,1,1
27,1,19,5,3602,6,2,40,1,1,0
72,1,21,1,10,39,1,50,1,1,1
55,6,16,1,6360,138,1,40,1,1,1
30,1,17,5,9645,6,7,30,1,1,0
63,1,18,1,6220,27,0,45,1,1,0
49,1,22,1,4850,39,0,50,1,1,1
60,1,17,2,9620,18,0,50,1,1,0
34,1,21,1,2300,13,1,30,2,1,0
56,1,19,1,600,51,0,50,1,1,1
40,5,21,1,9030,36,1,60,1,9,1
50,3,21,3,5740,15,0,40,2,9,0
58,1,18,3,8130,18,0,40,1,1,0
55,1,16,5,440,39,0,50,1,1,1
35,3,20,1,3740,12,1,56,1,1,0
32,2,20,5,3515,8,0,80,2,6,0
60,5,18,3,5540,31,0,40,2,1,1
18,1,18,5,4110,42,17,17,2,2,0
20,2,19,5,3603,27,2,20,2,1,0
49,1,22,1,110,210,0,40,2,6,1
77,6,21,1,2016,6,0,4,1,1,1
61,1,20,1,3255,51,0,24,2,1,1
67,3,17,1,4020,36,0,36,1,1,1
60,2,21,5,3255,26,0,16,2,1,0
63,1,16,3,7720,217,0,40,2,6,0
58,1,14,1,9645,1,1,40,2,1,0
34,1,21,5,7800,11,0,80,1,1,0
21,1,16,5,9130,8,2,40,1,1,0
56,1,21,1,5240,55,0,50,1,1,1
31,5,16,5,3421,36,0,40,2,9,0
44,1,19,1,4110,6,1,25,2,9,0
38,3,19,1,3740,51,4,40,1,1,0
36,1,21,5,3930,36,0,48,1,2,1
44,1,22,1,7340,42,0,44,1,1,0
28,1,21,5,1108,10,2,40,1,2,0
59,1,16,1,3640,48,0,33,2,1,0
34,3,20,5,3740,28,0,53,1,1,0
37,1,18,5,5240,17,2,40,1,2,0
50,1,20,1,7430,34,0,40,1,1,1
19,1,19,5,4435,36,2,35,1,1,0
66,6,20,1,9130,17,0,50,1,1,1
66,3,18,3,2545,42,0,25,2,1,0
30,1,21,5,735,39,0,45,2,1,0
44,5,21,1,5550,207,0,45,1,6,1
28,5,16,1,1108,48,0,40,1,1,1
56,1,20,1,5000,27,1,40,2,1,0
56,1,15,3,9130,314,0,60,1,1,0
35,1,19,3,3602,37,2,60,1,1,0
30,1,20,3,5230,4,2,40,2,1,0
53,1,20,1,440,110,0,50,1,1,1
30,1,21,1,8990,39,1,48,1,1,1
34,1,16,1,310,41,0,40,2,1,0
56,3,16,1,3870,18,0,40,1,1,1
61,1,19,3,5940,42,0,45,2,2,0
55,1,19,1,3603,22,1,32,2,2,0
45,1,16,3,9620,17,0,45,1,1,0
24,1,16,5,5610,48,0,45,2,1,0
48,1,16,1,5740,47,1,45,2,1,0
52,3,24,1,230,31,1,45,2,1,1
36,6,18,1,9142,72,0,25,1,1,0
54,1,21,3,710,6,0,50,1,1,1
19,1,16,5,9620,6,2,40,1,8,0
28,5,18,1,9830,26,0,90,2,8,0
45,1,19,1,3300,332,5,40,2,2,0
61,1,21,1,750,34,0,40,1,1,1
57,1,16,1,3930,233,1,40,1,6,0
34,1,22,1,120,48,0,35,1,1,1
36,1,2,5,4760,39,13,40,1,1,0
43,1,20,5,2810,36,0,45,1,1,1
46,6,16,3,5860,42,0,80,2,1,0
35,1,21,3,5120,29,13,40,2,1,0
53,6,21,1,4700,22,0,2,2,1,0
28,6,20,5,4920,26,7,40,1,1,0
23,1,16,5,9620,13,4,28,2,1,0
60,1,19,1,8990,312,0,40,1,1,0
24,1,14,5,8800,22,0,40,2,2,0
30,3,19,1,3870,40,0,50,1,1,1
80,1,1,1,4760,327,0,16,1,1,0
22,1,16,5,8990,17,13,40,1,1,0
37,2,22,5,230,17,0,40,2,1,1
61,1,15,1,7925,26,0,45,1,2,0
34,1,19,1,310,17,0,30,1,1,0
60,1,16,3,4840,6,12,35,1,1,0
63,1,21,1,120,210,1,40,2,6,0
25,1,16,1,7130,303,9,40,1,1,0
43,1,21,1,20,17,0,55,1,2,1
21,1,19,5,4640,48,2,8,2,1,0
48,1,17,3,9130,37,0,70,2,1,0
40,1,23,1,3500,440,2,40,1,2,1
26,4,21,5,1760,39,11,45,1,1,1
37,1,16,1,10,6,0,60,1,8,0
21,1,15,5,8990,27,12,25,1,2,0
40,1,18,1,2435,18,1,22,2,1,0
37,1,20,1,1555,12,0,50,1,1,1
41,1,15,1,8800,5,1,25,2,1,0
60,2,16,1,3421,25,0,40,2,1,1
31,1,22,5,4522,210,0,12,2,6,1
40,6,18,5,6260,26,0,25,1,1,0
43,1,21,3,110,19,0,50,2,1,1
69,2,24,2,2205,45,0,50,2,2,1
32,1,19,1,7240,55,1,45,1,1,1
24,1,21,5,1031,34,2,40,2,1,0
30,1,18,1,7750,20,1,40,1,6,1
56,3,19,1,2310,23,0,40,2,3,0
53,3,20,1,4200,128,1,40,1,1,1
40,5,22,1,3725,49,1,40,1,1,1
43,1,21,1,4700,17,0,40,2,1,0
72,3,18,2,930,36,0,3,2,1,1
35,1,21,1,52,17,0,50,1,1,1
32,1,17,5,4220,55,13,55,2,1,0
37,6,18,5,4230,31,0,25,2,1,0
21,1,16,5,9645,29,2,40,1,2,0
71,1,18,3,4720,48,0,15,2,1,0
67,1,16,3,9645,13,0,40,2,2,0
57,3,16,3,6730,42,0,40,1,1,0
20,1,19,5,2300,45,13,14,2,1,0
52,1,20,1,7200,55,0,40,1,1,1
48,7,23,1,3090,55,0,90,1,1,1
41,1,21,1,705,16,0,40,2,1,1
75,6,24,1,3090,36,0,10,1,1,1
35,2,22,1,2205,36,0,6,2,1,0
62,3,20,5,2014,36,0,35,2,1,0
51,1,20,1,4850,22,1,40,1,1,1
40,4,17,1,9122,368,1,40,1,6,1
48,1,16,3,9620,42,0,46,1,1,1
62,2,22,1,4622,39,0,55,2,1,1
62,1,19,5,5240,42,0,40,1,1,1
58,1,16,1,3602,39,1,3,2,1,0
40,1,20,1,5740,12,1,40,2,1,0
31,1,20,1,120,36,0,40,2,1,0
33,6,14,1,8740,20,0,40,1,1,1
60,1,19,1,9122,139,0,44,2,2,1
34,1,19,1,350,6,1,40,1,1,0
52,1,18,1,4230,22,0,32,2,2,0
47,1,14,1,9130,13,1,70,1,1,0
52,1,16,5,5850,39,2,40,1,1,0
55,3,16,5,6305,45,0,40,1,1,0
44,2,22,3,230,13,0,40,2,2,1
27,1,16,5,4510,6,15,25,2,1,0
21,1,20,5,520,12,0,30,2,1,0
21,2,19,5,2205,42,17,6,1,1,0
54,2,16,1,2360,42,0,40,2,1,0
62,2,20,1,3322,26,1,28,2,1,0
55,4,21,5,2014,72,0,40,2,1,0
74,5,18,3,5740,138,0,40,2,1,1
33,3,16,5,3740,53,13,40,1,3,1
64,1,16,1,220,39,1,40,1,1,1
47,1,21,1,440,42,1,48,1,1,1
31,4,19,1,3870,26,0,50,1,1,0
46,7,20,1,10,17,1,45,1,1,1
49,1,16,4,3603,8,0,40,2,1,0
44,1,20,5,5110,148,2,35,2,1,0
19,2,15,5,4600,54,2,30,2,1,0
60,4,22,1,800,18,0,45,2,1,1
67,6,20,1,800,55,0,30,1,1,0
20,1,20,5,2310,48,12,20,1,1,0
47,6,11,1,4220,312,1,8,2,8,0
67,4,21,3,3602,18,0,36,1,1,0
18,1,14,5,4760,36,15,20,2,1,0
37,1,16,1,9130,55,0,45,1,1,0
59,2,22,1,3255,47,1,40,2,1,1
59,7,21,1,4800,25,1,50,2,1,0
46,1,21,1,5610,55,1,40,2,1,0
52,3,22,1,3258,332,0,35,2,2,1
24,1,21,5,3300,17,5,40,1,1,0
60,1,18,1,4230,364,1,22,2,1,0
61,4,23,1,1970,214,0,20,1,1,1
46,3,21,4,2435,13,3,30,2,1,0
47,1,20,3,5110,72,13,40,2,1,0
22,1,21,5,3645,39,12,40,1,2,0
40,1,21,5,4810,39,0,40,2,1,1
57,1,19,1,2640,233,1,40,1,6,1
34,1,9,1,9600,313,1,40,1,1,0
31,1,21,5,750,48,13,40,1,1,1
61,1,16,1,6520,1,0,40,1,2,0
31,6,21,5,2710,6,13,40,1,1,1
27,1,1,1,4110,22,1,30,2,1,0
43,5,24,1,1700,47,0,40,1,1,1
43,4,24,5,2205,18,0,70,2,1,1
57,1,21,3,1006,51,0,40,1,1,1
43,1,17,5,4140,25,0,40,1,1,0
77,3,22,1,230,39,0,40,1,1,1
51,1,18,1,9620,48,2,48,1,2,0
59,6,21,1,4920,36,0,30,2,1,1
70,3,21,5,2310,25,0,30,1,5,0
56,1,22,3,4030,46,0,39,2,1,0
45,1,16,1,9620,19,1,40,1,1,0
29,1,22,1,2722,128,1,20,2,1,0
40,7,23,1,3000,36,1,50,1,1,1
56,1,12,3,9130,53,5,40,1,1,1
44,1,18,1,7315,39,0,45,1,1,1
28,7,21,1,10,6,1,40,1,1,1
33,1,21,5,2810,6,13,50,1,1,1
24,1,16,5,5630,42,2,40,1,1,0
57,7,21,1,4720,239,0,35,1,1,1
35,1,20,1,2640,31,0,42,1,1,1
78,1,16,1,6305,45,0,40,1,1,0
42,1,15,5,4230,48,13,30,2,1,0
49,1,15,1,6200,207,0,56,1,6,0
34,1,19,1,4220,37,1,40,1,2,0
32,1,17,1,4700,17,1,42,2,1,0
35,1,19,5,4210,12,16,65,1,1,0
22,1,16,5,4220,303,0,40,2,1,0
50,3,19,1,7540,39,1,55,1,1,1
55,6,22,5,2360,56,0,25,1,1,1
59,1,10,3,6305,47,0,50,1,1,1
55,1,21,1,3110,4,1,35,1,1,1
20,1,19,5,4110,207,17,15,1,9,0
55,1,21,1,10,49,1,40,1,1,1
41,4,17,5,4251,34,16,30,1,2,0
60,1,21,1,1320,6,0,40,1,1,1
57,2,21,1,1340,48,1,45,1,1,1
60,1,21,1,2320,48,0,40,1,1,0
58,7,20,1,4020,39,1,20,2,1,0
44,1,18,3,4700,42,0,50,1,1,1
43,1,21,1,5240,27,0,40,2,9,0
45,5,19,1,440,24,0,60,1,2,1
44,2,22,5,2320,47,17,40,2,1,1
46,1,22,1,10,51,1,50,1,1,1
49,1,16,1,4700,29,1,52,2,1,0
24,1,19,5,5240,37,2,10,1,1,0
47,6,16,1,1360,45,0,50,1,2,0
26,1,21,5,5160,36,2,25,1,1,0
25,1,19,5,6230,39,2,60,1,1,0
30,1,20,1,4965,6,1,2,2,9,0
29,3,22,3,3230,39,0,40,2,1,0
66,1,16,1,440,34,0,40,2,1,1
40,1,18,1,3603,138,1,36,2,1,0
31,1,21,1,440,55,0,40,2,1,0
55,1,21,1,3255,47,1,40,2,1,0
54,1,16,1,2830,12,1,40,1,1,1
53,1,18,1,9130,18,1,50,1,1,1
18,1,16,5,4110,45,2,10,1,1,0
48,3,22,1,2310,36,0,38,2,1,1
60,3,20,1,4020,207,0,21,1,6,0
44,1,22,1,1021,207,1,40,1,6,1
57,2,21,3,820,24,0,40,2,2,1
33,1,16,4,6720,12,0,40,1,1,0
61,1,21,1,5740,333,0,9,2,2,0
20,5,19,1,9825,48,17,52,1,1,0
33,1,20,1,5740,24,7,45,2,2,0
48,1,20,1,1551,50,0,42,1,1,1
65,1,23,1,3090,18,1,48,1,1,1
28,5,19,1,9825,6,17,75,1,6,0
54,5,18,5,2025,53,0,40,1,3,0
34,1,16,1,4000,207,0,40,1,6,0
65,1,19,1,5110,327,1,40,2,1,0
55,1,16,1,5940,33,0,40,2,1,0
23,1,16,5,4010,39,0,38,2,2,0
48,1,19,5,5240,29,0,10,2,2,0
24,1,16,5,4220,48,7,12,1,1,0
22,1,21,5,735,47,0,40,2,1,0
56,1,20,2,350,34,12,65,2,1,0
32,1,21,5,5740,42,0,40,2,1,0
47,3,21,3,2545,314,0,40,2,8,0
37,3,21,1,3870,29,0,40,1,1,1
25,1,19,5,4720,17,0,40,2,2,0
60,1,22,5,800,24,0,40,2,2,1
26,1,17,5,3603,25,0,40,2,1,0
56,1,16,5,8740,48,0,45,2,2,0
18,1,16,5,6240,34,2,10,1,1,0
43,2,16,5,4700,35,0,40,1,1,0
70,1,22,1,2205,55,0,15,2,1,0
22,1,19,5,6050,29,15,30,1,1,0
56,1,1,1,5120,207,0,40,2,6,0
60,2,22,1,420,42,1,40,2,1,1
41,2,22,5,1108,29,0,45,2,1,1
26,1,23,5,630,17,2,30,2,1,1
40,1,16,5,9645,21,12,40,2,1,1
21,1,19,5,4622,17,17,20,2,1,0
51,1,19,1,5740,26,0,50,2,1,1
55,2,19,1,5400,6,0,20,2,1,1
52,1,16,5,4055,17,0,25,2,1,0
42,3,22,1,2310,1,0,40,2,1,0
41,1,17,1,6442,36,9,40,1,1,0
50,1,16,3,5610,13,0,40,1,2,0
44,4,21,5,2320,72,0,30,2,9,0
22,6,21,5,6260,34,12,30,2,1,0
30,1,13,3,4110,207,0,35,2,6,0
23,1,15,1,4230,28,0,40,2,2,0
59,7,21,1,10,42,1,55,1,1,1
83,1,16,2,5860,39,0,20,1,1,0
33,1,19,3,4010,36,0,40,2,2,0
62,6,21,2,2850,51,0,8,1,1,1
27,6,16,5,9130,217,2,30,1,6,0
49,1,21,1,3255,233,0,40,1,6,1
51,1,1,1,3255,1,1,45,2,1,1
29,1,20,5,5300,508,2,40,2,7,0
37,1,19,5,9620,303,5,40,1,8,0
24,1,19,5,2001,6,0,15,2,1,0
54,4,20,1,3255,12,0,40,2,1,0
26,1,17,4,3603,34,0,24,2,1,0
45,1,12,1,4220,303,0,40,2,8,0
43,1,19,1,520,55,1,45,1,1,1
40,1,12,1,4110,313,0,40,1,1,0
42,1,18,2,4230,48,6,40,2,1,0
18,1,18,5,4220,39,2,5,1,1,0
22,1,19,5,5240,42,12,16,1,1,0
47,1,19,1,1021,53,0,40,1,1,1
31,2,21,1,3255,41,1,36,1,1,1
53,1,18,1,4710,6,0,80,1,1,0
37,1,9,5,6260,314,0,40,1,8,0
64,1,20,1,9645,36,0,40,1,1,0
51,4,22,3,2025,25,0,40,2,1,1
57,1,16,1,5110,39,1,40,2,1,0
53,3,22,1,2012,26,1,40,2,2,1
43,1,20,5,4000,34,13,60,1,1,0
48,7,16,1,4760,24,1,50,1,1,0
66,1,20,1,4465,37,0,60,1,1,0
47,3,22,1,3230,29,0,40,2,1,1
23,5,19,5,7340,20,13,50,2,1,0
21,1,19,5,4720,303,2,57,2,8,1
49,2,21,5,3601,17,2,15,2,2,0
34,1,17,5,9600,13,16,40,1,2,0
62,1,16,1,4850,42,0,40,1,1,1
23,2,16,5,4622,12,17,60,1,1,0
21,1,18,5,52,5,2,25,1,1,0
58,1,22,1,440,12,0,40,1,1,1
48,1,1,1,7700,247,1,40,2,6,0
60,4,20,1,6050,27,1,30,2,1,0
54,1,22,1,735,21,0,40,2,1,0
21,1,16,5,9130,41,2,50,1,1,0
52,1,18,1,4710,25,0,40,2,1,0
33,1,16,1,6825,48,1,50,1,1,1
78,1,18,3,4720,42,0,12,2,1,0
35,3,19,1,3401,25,1,40,1,1,1
58,6,22,1,2752,37,1,10,2,1,0
49,1,17,1,8990,39,1,40,1,1,0
50,1,16,1,3500,35,0,40,2,3,0
38,1,19,1,1108,30,0,45,1,1,1
44,1,16,1,9130,34,0,35,1,1,0
36,1,20,1,8640,12,0,43,1,1,1
55,1,15,1,8320,313,0,40,1,1,0
31,1,16,5,8990,34,13,40,1,1,0
62,2,16,1,4600,5,1,7,2,1,0
22,1,16,5,4760,2,15,20,1,4,0
32,1,21,5,6050,6,0,25,2,6,0
54,6,19,1,6220,42,1,40,1,1,0
58,1,21,1,4760,37,1,40,1,1,0
69,6,22,1,2310,42,1,8,2,1,1
24,1,21,5,110,233,0,45,2,9,1
39,8,23,1,310,8,0,25,2,9,1
47,1,20,1,5510,42,1,46,1,3,1
43,1,19,1,5240,2,1,15,1,1,0
52,1,16,3,8800,303,0,50,2,1,0
24,4,21,5,5240,39,0,40,1,1,0
51,6,16,1,6230,42,0,40,1,1,0
29,1,20,1,9620,38,1,70,1,1,0
32,1,15,1,9760,28,1,40,1,1,0
52,6,13,1,6260,249,0,35,1,1,0
74,6,21,1,735,6,0,10,1,1,1
21,1,19,5,3930,47,12,20,1,1,0
62,6,22,1,6410,48,1,40,1,1,1
31,1,16,1,6410,303,0,40,1,1,0
63,1,18,1,1555,6,0,41,1,1,1
71,1,11,2,4500,37,0,25,1,2,0
44,1,16,3,9600,18,0,40,2,1,0
22,1,19,5,4920,1,2,35,2,1,0
32,4,20,1,3602,37,1,40,1,2,0
63,1,14,1,9130,6,1,60,1,3,0
28,1,19,1,5400,8,1,40,2,1,0
53,3,22,1,2310,233,1,40,2,6,1
40,1,18,1,4700,6,0,69,1,2,1
80,1,21,3,8990,6,0,40,1,1,0
62,1,16,3,9130,39,0,68,1,1,1
26,1,21,5,4760,53,0,65,2,1,0
51,1,21,5,52,32,0,48,2,1,0
78,1,19,1,10,214,0,60,1,1,1
53,6,19,1,6410,303,0,30,1,1,0
60,3,20,2,5521,17,0,20,2,2,0
23,1,21,5,9620,42,2,40,1,1,0
68,6,11,1,810,48,0,56,1,1,1
58,6,18,1,6442,48,0,40,1,1,0
18,1,16,5,4150,6,2,15,2,1,0
44,1,9,1,8990,303,1,40,2,1,0
48,1,19,1,9620,24,1,50,1,1,0
48,1,11,1,8800,303,1,40,2,1,0
55,1,21,1,5240,23,1,30,2,1,0
21,1,16,1,8740,25,1,40,2,1,0
23,7,21,5,4900,33,12,25,2,1,0
55,5,21,1,5560,233,1,50,2,6,0
37,2,22,3,2310,39,0,50,2,1,1
28,3,19,5,7340,36,2,40,1,1,1
26,1,21,5,2310,36,2,40,2,1,0
67,1,17,2,9142,243,0,12,1,1,0
52,7,24,3,4521,247,0,40,2,6,0
31,2,22,1,230,12,0,80,2,2,0
51,7,16,1,6200,46,0,60,1,1,1
41,1,21,1,2640,26,1,32,2,1,0
54,6,17,1,6230,48,1,40,1,1,0
45,1,16,1,4760,243,0,74,1,1,0
48,1,16,3,4220,22,0,40,2,1,0
47,1,21,1,4850,54,1,40,1,1,0
31,1,18,1,4720,37,0,40,1,1,0
39,1,16,1,4710,22,0,40,1,1,1
17,2,14,5,5240,21,2,8,2,1,0
56,1,21,1,120,41,1,50,2,1,1
23,1,20,5,9645,48,0,40,2,1,0
31,1,21,1,4760,48,1,38,2,1,0
55,1,20,1,4220,37,0,50,1,1,1
62,4,21,1,2310,42,0,40,2,1,1
56,7,21,3,6260,17,0,30,1,1,0
63,2,22,1,2310,18,0,40,2,1,1
49,1,16,1,540,39,0,40,2,1,0
55,3,21,1,3255,72,0,40,2,1,0
35,1,22,1,530,119,1,50,1,1,1
47,1,9,1,7840,303,1,40,2,1,0
26,1,19,4,5740,51,2,40,2,1,0
48,5,24,1,440,17,0,40,1,1,1
42,1,21,1,3255,32,1,40,1,1,1
51,1,21,1,310,34,0,50,1,1,0
25,1,21,5,1610,110,0,40,2,9,0
18,1,14,5,5400,22,2,16,2,1,0
28,1,9,1,5010,12,9,36,1,1,0
32,1,19,1,6050,41,0,40,1,1,0
69,6,21,1,6200,6,0,20,1,1,1
78,3,16,2,4600,5,0,9,2,1,0
57,3,22,1,2310,6,0,40,2,1,1
34,1,19,1,410,370,1,45,2,1,0
53,1,9,1,6050,303,1,40,2,8,0
65,4,22,1,2310,202,0,40,1,6,1
20,5,16,5,7140,39,17,40,1,1,0
40,1,18,5,7750,39,0,45,1,1,1
40,1,21,5,2850,29,0,49,1,1,1
48,1,21,1,1065,27,0,12,2,1,0
56,1,16,3,9645,24,2,30,1,1,0
27,1,19,1,5120,17,1,32,2,8,0
20,1,22,5,2633,25,2,12,2,1,0
58,1,18,3,705,29,0,40,1,1,1
48,1,21,1,52,21,1,60,2,1,1
37,1,21,1,52,18,1,40,2,1,1
36,1,15,3,3500,48,0,40,2,1,0
49,1,18,3,8030,42,0,50,1,1,1
50,6,21,1,410,17,0,40,1,1,1
59,1,16,1,4760,1,0,38,1,1,0
52,1,19,1,4840,45,1,40,1,1,0
21,1,19,5,5840,72,2,24,2,1,0
17,1,14,5,4110,32,2,10,2,1,0
33,1,21,5,5240,6,2,30,2,1,0
26,1,18,5,4760,332,15,35,2,2,0
42,1,15,5,4110,314,0,30,1,1,0
50,4,21,3,2310,12,2,45,2,1,1
41,1,17,1,7700,6,1,60,2,1,1
52,1,22,1,1530,6,0,40,1,6,1
19,1,18,5,4030,17,17,8,2,1,0
19,1,19,5,3960,27,2,25,2,9,0
20,1,16,5,2300,40,2,40,2,1,0
69,1,15,5,5510,312,6,30,2,1,0
29,5,21,1,2861,39,0,40,2,1,0
67,4,22,1,2320,47,0,40,2,1,1
18,1,16,5,4020,51,17,23,1,1,0
71,1,19,1,4850,36,1,8,1,1,0
50,1,16,5,9130,55,0,48,1,1,0
35,1,16,3,9600,47,0,40,2,1,0
28,1,16,5,5400,429,0,40,2,2,0
36,1,1,1,4200,303,1,40,2,8,0
42,1,21,5,4850,233,2,40,2,6,0
66,3,22,1,3255,48,0,37,2,1,1
74,6,19,1,800,37,0,30,2,1,1
29,1,20,5,4700,12,2,40,2,1,0
46,1,22,5,3649,13,0,40,1,1,0
55,2,20,1,3255,20,1,45,2,1,1
56,3,22,1,2310,24,0,45,2,1,1
61,1,19,3,9510,26,0,70,1,1,1
51,1,16,5,6260,29,0,45,2,2,0
69,6,20,1,6260,29,0,24,1,1,0
30,1,23,5,120,24,0,30,2,2,0
36,6,16,1,4230,18,0,20,2,1,0
59,1,20,3,9410,12,11,40,1,1,1
60,1,18,1,5150,15,0,40,2,1,0
31,1,15,1,5510,16,1,40,1,1,0
53,6,21,1,5740,15,1,40,2,1,1
59,1,18,3,5860,17,0,40,2,1,0
68,1,20,1,4760,27,0,10,2,1,0
26,1,21,1,3900,18,1,40,1,1,0
66,1,19,1,300,48,0,50,1,1,1
26,1,22,5,845,42,0,45,1,1,1
64,2,21,1,3255,37,0,5,2,1,0
63,1,18,3,7700,12,0,40,1,1,1
37,1,17,5,20,53,0,45,1,1,1
29,1,18,5,3930,6,13,40,1,2,0
44,1,10,1,5820,303,1,20,2,8,0
64,7,19,1,7315,42,0,45,1,1,1
39,1,20,1,300,42,1,50,1,1,1
21,1,20,5,5120,12,0,24,1,1,0
46,6,19,3,7200,42,0,50,1,1,0
62,1,16,1,3515,25,1,40,2,1,0
46,1,20,5,3602,42,0,43,2,2,0
61,1,20,4,3601,17,0,20,2,2,0
47,3,21,1,3710,22,1,48,1,1,1
71,1,17,1,8225,303,0,40,1,1,0
43,1,19,1,5120,48,0,40,2,1,1
74,1,23,1,3050,40,10,16,1,1,0
21,1,16,5,4110,163,17,36,2,1,0
41,6,22,1,2360,165,1,25,2,1,0
18,1,16,5,4720,51,2,20,2,2,0
49,3,18,3,1220,41,13,32,2,1,1
50,4,22,1,2310,327,1,40,2,1,0
35,1,16,5,8650,30,12,40,1,1,0
22,1,16,5,6355,4,2,45,1,3,0
54,1,19,1,4700,6,0,60,2,1,1
29,1,17,5,6260,36,2,35,1,1,0
51,3,18,1,3870,35,0,50,1,1,1
25,1,20,5,4760,4,2,30,2,8,0
43,1,16,1,9600,21,1,36,1,1,0
22,2,19,1,5740,512,2,40,2,7,0
53,3,19,1,4120,329,1,35,2,2,0
20,5,18,5,5860,48,17,50,1,1,0
43,1,16,5,6050,47,0,40,1,1,0
73,6,14,1,4700,39,0,10,1,1,0
56,1,16,1,4700,42,1,45,1,1,1
33,1,19,1,3645,17,1,36,2,1,0
63,5,22,3,440,327,0,40,1,1,1
24,4,19,5,2350,303,13,41,1,1,0
45,3,22,1,1108,160,0,40,2,1,1
71,7,23,3,440,26,0,25,2,1,1
57,1,16,2,7840,37,0,25,2,1,0
18,1,14,5,4020,39,2,32,2,1,0
44,1,24,1,2205,48,0,50,1,1,1
35,1,18,1,9620,17,1,60,1,1,0
58,1,17,3,9130,55,13,50,1,1,0
24,1,20,5,4030,36,10,25,2,2,0
34,1,21,1,1021,210,0,40,1,6,1
60,6,18,1,6115,37,1,40,1,1,1
55,1,22,1,1460,26,1,55,1,1,1
54,1,15,1,4110,303,0,32,1,8,0
43,6,20,1,310,105,0,50,1,1,0
25,2,21,1,2040,6,0,40,1,1,0
43,1,22,1,300,2,0,40,1,1,1
23,3,19,1,3401,45,1,40,2,1,0
35,6,19,5,2360,327,13,35,1,1,0
56,1,16,3,9130,19,0,48,1,1,0
59,1,20,1,3220,6,0,36,2,1,1
25,1,16,5,4700,11,0,40,2,2,0
59,3,21,1,4710,26,0,40,1,1,1
29,1,16,5,800,13,2,25,2,1,0
41,1,18,1,4760,6,1,16,2,1,0
20,1,16,5,4720,6,2,20,1,1,0
53,3,19,1,3750,333,0,40,1,2,1
57,6,21,5,2310,20,0,50,1,1,0
48,1,17,1,5400,36,0,35,2,1,1
54,1,19,3,5400,21,2,32,2,1,0
52,1,20,1,6210,5,0,16,1,2,0
65,1,16,3,4140,42,0,45,2,1,0
40,1,18,1,5000,1,0,40,2,1,0
41,5,20,1,750,42,1,40,1,1,1
37,1,19,4,20,6,0,35,2,1,1
17,1,14,5,4055,12,2,5,2,1,0
27,1,18,5,8140,36,0,50,1,1,1
51,6,21,1,4220,20,0,50,1,1,1
39,6,11,1,205,42,1,90,1,1,0
66,2,23,1,2006,17,0,24,1,1,0
42,3,22,1,2320,26,0,80,2,1,1
44,1,16,1,5510,13,0,30,1,1,1
69,1,18,1,6355,313,0,40,1,1,1
78,1,18,3,530,26,0,12,2,1,0
57,1,21,1,4850,9,0,55,1,1,1
42,1,12,1,6050,303,0,40,2,1,0
58,1,16,1,9645,18,0,40,2,1,0
42,7,23,1,4700,8,0,50,1,1,0
53,1,19,4,4750,1,0,35,1,2,1
24,2,21,5,2205,18,2,20,1,1,0
21,2,19,5,4540,215,17,30,2,1,0
32,1,21,5,51,19,0,40,1,1,1
47,2,24,1,2205,6,1,45,2,1,1
40,1,15,3,6200,6,0,40,1,1,0
31,1,21,1,3255,22,1,40,1,1,1
51,1,16,1,136,36,1,35,2,1,0
59,1,21,1,5110,42,1,40,2,1,0
40,2,20,1,3255,39,1,24,2,1,1
50,1,21,1,4850,468,1,40,1,1,1
63,1,19,3,4020,109,0,10,2,1,0
52,1,16,5,4000,8,13,35,2,1,0
32,1,18,5,4760,48,13,60,1,1,1
19,1,16,5,2545,9,17,10,1,1,0
47,1,18,5,8130,17,0,50,1,1,1
30,7,23,1,2100,19,0,45,2,1,1
46,1,22,1,1021,209,0,50,1,6,1
58,1,16,1,4810,17,1,45,1,1,0
47,1,22,1,1860,22,1,40,1,1,1
25,3,21,5,2310,54,0,50,2,1,0
64,1,16,1,9130,45,1,40,1,1,1
50,1,21,1,1050,210,0,40,1,6,1
53,3,16,3,8140,303,0,40,2,1,0
42,3,21,1,2014,6,0,35,2,1,0
80,3,19,4,5010,6,0,40,2,1,0
29,1,18,5,4030,6,0,35,1,1,0
29,1,21,1,110,6,0,40,1,6,1
62,1,21,1,4850,42,1,40,1,1,1
25,1,19,5,4040,17,0,14,2,1,0
62,1,19,1,5740,39,1,24,2,1,0
52,3,20,3,5860,36,0,35,2,1,0
32,4,20,1,7315,6,0,60,1,1,0
45,4,16,5,4940,39,0,26,1,1,0
66,1,20,1,3310,26,1,32,2,1,1
34,1,23,1,3050,49,1,40,2,1,0
21,1,18,5,4760,24,12,40,2,1,0
56,1,16,3,600,42,0,50,1,3,1
32,1,21,5,4760,6,2,20,2,1,0
27,1,21,1,2300,48,0,40,2,1,0
42,1,16,1,4720,6,0,36,2,1,0
50,1,21,1,3050,36,0,32,2,1,1
37,1,19,5,8740,45,16,35,2,1,0
51,6,16,3,7510,37,0,25,2,1,1
67,2,15,1,4220,303,0,24,1,1,0
27,1,19,5,4760,15,0,30,2,9,0
51,1,18,1,7360,39,1,50,1,1,1
42,4,19,1,3700,42,0,50,1,1,1
80,2,16,1,4040,42,0,8,1,1,0
43,1,18,1,4720,33,1,18,2,1,0
18,1,18,5,4030,6,17,20,2,1,0
49,1,22,1,2310,39,0,4,2,1,0
41,1,24,1,710,365,1,60,1,1,1
22,1,19,5,1920,36,2,30,1,6,0
41,2,20,1,3220,31,0,40,1,1,1
43,1,21,1,1021,49,0,40,1,1,1
37,1,20,1,3255,42,0,40,1,6,1
31,1,19,1,3500,26,1,30,2,1,1
26,1,16,5,7750,8,7,40,1,1,0
52,1,16,1,4010,13,0,24,2,1,0
37,4,23,1,3050,324,1,40,2,2,1
47,1,16,1,9130,303,1,40,1,8,1
67,7,18,2,5120,48,0,10,2,1,1
54,1,18,1,7750,19,1,40,2,1,0
55,1,20,1,7330,223,0,40,1,6,1
40,3,22,1,2310,21,1,45,2,1,1
63,7,22,1,710,9,0,60,1,1,1
51,1,24,1,1240,210,0,40,1,6,1
20,1,17,5,6230,48,0,40,1,1,0
62,1,15,2,5240,128,13,35,2,1,0
58,4,21,1,565,28,0,40,1,2,0
59,3,21,1,2310,36,0,40,2,1,1
34,1,16,5,4110,11,0,30,2,2,0
64,7,20,1,4700,36,0,50,1,1,0
41,4,19,1,3870,6,1,40,2,8,1
55,1,16,3,6260,6,5,40,1,1,0
42,1,21,1,440,26,0,40,1,1,1
20,1,15,5,9620,37,10,15,1,1,0
53,5,22,1,2180,34,1,50,1,1,1
41,1,21,3,4760,364,15,40,2,1,0
22,1,20,5,1541,53,2,10,1,1,0
65,5,18,1,7010,41,1,40,2,1,1
28,1,20,5,3603,51,0,35,2,2,0
29,1,17,5,4760,6,7,20,2,1,0
46,1,20,1,750,110,0,42,1,1,1
58,6,16,1,4760,18,0,1,2,1,0
51,2,22,3,726,41,0,40,2,1,1
69,1,21,1,2330,44,0,30,1,1,0
36,2,19,3,350,41,0,40,2,1,1
38,3,21,5,2310,38,10,40,2,1,0
35,1,18,3,9130,6,5,30,1,6,0
27,1,21,5,9645,12,2,35,1,1,0
63,2,21,3,440,51,0,40,2,1,0
42,1,16,1,7315,6,1,40,1,8,0
48,1,24,1,5110,214,0,40,2,1,1
70,1,21,1,4110,13,0,12,1,1,0
60,1,16,2,5740,34,0,40,2,1,1
57,1,16,3,6230,42,0,48,1,1,0
22,1,19,5,4110,6,2,20,2,8,0
39,1,18,1,5860,55,1,40,2,1,0
60,1,16,1,7700,26,0,40,1,1,1
28,1,15,1,7200,329,0,60,1,8,0
38,1,22,3,10,12,0,55,1,1,1
65,1,21,3,52,18,0,40,2,1,1
54,1,21,1,1105,21,2,45,1,1,1
29,1,16,5,4220,29,2,20,2,1,0
61,6,21,5,4655,48,17,40,2,1,0
19,1,16,5,4130,42,2,30,1,9,0
53,1,18,1,5240,6,1,40,1,7,1
56,1,16,1,6050,37,1,6,1,1,0
19,1,16,5,2635,42,17,20,1,1,0
56,1,22,1,5240,36,0,50,2,1,1
54,2,20,1,4010,49,10,45,2,1,0
23,5,18,1,9830,16,1,50,1,1,0
64,1,20,1,5710,8,1,40,2,1,0
57,4,23,1,3090,36,0,50,1,1,0
43,3,21,1,5740,25,0,20,2,1,0
21,1,16,5,7750,53,2,25,1,1,0
37,2,22,1,51,26,1,40,2,1,1
65,1,16,1,2636,303,1,40,2,1,0
53,6,22,1,6260,37,0,30,1,1,0
36,3,22,1,2320,31,0,60,2,1,1
33,1,19,1,1108,41,0,25,2,1,0
65,1,19,1,2850,6,1,3,2,1,0
42,2,19,1,2320,36,0,30,1,1,0
39,1,20,1,6200,332,0,40,1,2,0
59,4,19,1,3802,30,0,40,1,1,0
65,1,16,1,51,36,0,7,1,1,0
18,1,14,3,5240,47,7,50,2,1,0
44,7,19,1,5120,6,0,50,2,9,0
50,6,15,4,4600,313,11,30,2,1,0
34,1,19,1,5120,54,1,40,2,1,0
35,1,19,1,1545,29,0,50,1,1,1
41,2,21,1,3255,27,0,30,2,1,1
37,1,19,5,7330,233,0,66,2,6,0
42,7,16,1,4230,128,1,45,2,1,0
34,1,21,3,1400,210,0,40,2,6,1
48,1,19,3,6200,39,0,60,1,1,0
29,1,19,1,8040,39,0,40,1,1,0
58,1,21,1,5260,512,1,40,1,7,0
74,1,16,1,8740,47,0,40,1,1,1
56,2,21,3,350,449,0,30,2,1,0
40,4,21,5,2310,6,0,40,1,8,0
52,1,22,1,51,42,1,35,2,1,1
53,4,19,3,5740,72,0,37,2,1,0
33,1,18,5,3603,6,0,40,2,1,0
58,4,20,5,4622,34,0,40,2,1,1
35,1,20,1,410,39,0,32,2,9,0
65,1,21,1,800,233,1,40,2,6,0
43,1,19,3,9600,11,13,40,1,2,0
23,1,19,1,7510,55,0,40,1,1,0
52,1,19,5,5160,72,0,45,2,8,0
55,1,21,3,4000,242,0,50,2,6,0
27,1,21,5,5410,29,0,40,1,1,0
56,1,20,1,5400,303,6,40,1,1,0
65,8,23,1,4251,36,1,40,2,1,0
41,1,19,5,6850,4,0,40,1,1,1
49,3,22,1,2310,36,0,40,2,1,1
49,1,22,1,3255,26,0,40,2,1,1
59,1,16,1,4510,436,1,30,2,1,0
44,7,21,5,6230,37,0,50,1,1,0
35,7,21,1,10,12,1,40,1,1,0
54,1,18,5,7750,15,0,40,2,2,0
46,1,21,1,9130,72,1,40,1,1,0
22,1,16,5,4760,18,4,40,1,1,0
25,1,20,5,9620,1,2,30,1,1,0
18,1,14,5,4110,42,2,15,1,1,0
65,2,23,2,230,51,0,14,2,1,1
62,3,19,1,9121,40,1,40,1,1,0
53,3,20,1,1010,4,0,40,1,1,1
42,1,9,3,2600,303,5,40,1,8,0
58,1,13,1,4230,36,1,30,2,1,0
37,1,21,1,120,210,0,40,1,6,1
59,6,21,1,2600,21,1,40,1,1,1
35,4,22,3,2555,26,0,40,2,1,1
28,1,16,1,4700,48,1,40,1,1,0
61,1,21,3,5140,49,0,40,2,1,0
36,6,21,1,4600,39,1,20,2,1,0
58,6,19,2,4251,26,15,20,1,1,0
45,2,21,3,440,72,0,55,2,1,1
55,3,16,1,10,39,1,40,1,1,1
37,1,19,1,5600,48,0,40,2,1,0
55,1,22,1,1021,41,0,45,1,1,1
25,1,20,1,3520,48,1,45,2,1,0
34,2,21,3,2014,303,0,45,2,1,1
19,2,19,5,5860,6,2,20,1,1,0
39,1,22,1,705,12,0,40,1,1,1
52,1,20,1,4621,303,0,15,2,8,0
54,4,18,5,3500,21,0,50,2,2,0
55,1,20,1,7430,48,0,40,1,1,1
37,3,21,1,3870,37,1,50,1,1,1
45,1,16,1,5860,6,1,40,2,1,1
22,5,16,1,9830,28,1,99,1,1,1
62,1,16,1,4220,42,0,40,1,1,1
19,5,16,5,7010,42,17,35,1,1,0
33,1,19,5,4720,22,0,25,2,2,0
62,1,19,1,3500,233,1,40,2,6,0
71,3,19,3,5740,37,0,40,2,1,1
24,1,10,1,3602,368,1,40,2,9,0
17,1,14,5,4055,47,2,25,2,1,0
65,1,16,2,6260,40,0,40,1,1,0
54,2,22,1,230,25,0,50,1,1,1
23,1,21,5,2310,25,0,40,2,9,0
27,1,21,5,110,36,2,50,1,9,0
71,1,15,3,4965,48,0,57,2,1,0
20,4,19,1,2545,303,1,20,1,1,0
48,1,19,1,9620,6,1,30,2,1,0
52,1,23,1,3090,25,1,24,2,1,1
24,1,19,1,8650,47,1,40,2,1,0
60,1,8,5,3602,202,11,50,1,6,0
34,1,22,1,710,210,1,40,1,6,1
58,1,16,1,9600,42,1,40,1,1,0
58,4,19,1,230,303,0,40,1,1,0
33,6,16,1,440,48,16,40,1,1,0
43,2,22,5,2310,53,13,40,1,1,1
25,5,16,1,5360,17,17,50,1,1,0
49,2,20,5,2016,55,0,40,2,1,0
26,1,22,5,2435,9,0,23,2,1,0
42,7,17,1,6230,41,0,40,1,1,1
31,5,16,5,9830,6,13,40,1,6,0
34,1,16,1,220,27,1,60,1,1,1
27,1,15,5,4510,303,2,28,2,8,0
75,6,19,3,3601,26,0,3,2,1,0
29,5,16,1,9830,24,0,60,1,1,0
64,5,21,5,3050,26,17,40,1,1,1
25,1,16,5,3602,6,0,25,2,1,0
44,1,14,5,3602,4,0,40,2,3,0
23,1,19,5,5600,13,2,52,2,2,0
45,1,9,1,530,303,1,40,1,1,1
58,1,16,1,4230,16,1,30,2,1,0
21,1,16,5,4710,29,15,40,2,1,0
53,4,22,1,800,240,1,40,2,6,1
67,1,16,1,5240,42,0,40,1,1,0
58,6,14,1,4230,19,1,10,2,1,0
50,1,16,3,6200,4,0,45,1,1,1
35,1,20,5,5710,6,0,55,2,1,0
29,1,22,5,20,72,0,40,2,9,0
69,6,23,5,3090,6,0,40,1,6,1
34,4,21,5,3802,34,2,40,2,2,1
31,1,21,4,3255,13,0,40,2,1,1
36,1,20,5,9130,28,2,40,1,2,0
20,1,16,5,6260,48,5,40,1,1,0
42,1,18,3,6260,303,13,40,1,1,0
26,8,11,5,6050,46,2,12,1,1,0
22,1,21,5,4110,36,2,20,2,1,0
23,1,18,5,3603,5,7,20,2,1,0
65,1,19,1,9130,1,0,40,1,2,0
19,1,16,5,5400,24,2,9,2,2,0
48,3,22,1,230,36,1,50,1,1,1
51,1,21,5,150,327,13,45,1,1,0
56,1,20,1,4720,39,1,40,2,1,0
64,6,18,1,4840,36,0,1,2,1,0
34,1,21,1,2310,303,0,40,2,1,1
67,1,16,1,4760,17,1,8,2,1,0
63,6,21,5,1032,36,0,40,1,1,0
37,6,11,1,4600,42,1,25,2,1,0
64,3,16,1,8620,36,0,40,1,1,1
50,1,18,3,8100,37,0,40,1,1,0
34,1,16,4,4040,42,9,22,2,1,0
51,1,18,5,6515,313,15,60,1,1,0
35,1,22,1,1021,164,1,60,2,1,1
44,2,24,1,420,214,1,60,1,1,1
37,7,21,1,3160,17,0,55,1,1,1
60,3,21,1,3255,233,1,50,2,6,1
42,2,21,1,2040,54,1,50,1,1,0
51,1,22,3,850,39,0,40,1,1,1
38,1,21,1,710,206,1,40,2,6,1
18,1,18,5,4622,48,17,99,2,1,0
56,1,21,1,3255,42,0,40,2,1,1
38,1,21,3,136,22,0,40,1,1,1
29,1,18,3,5000,37,0,40,2,1,0
23,6,21,5,205,48,2,40,1,1,0
57,1,18,3,9130,26,0,55,2,1,0
30,1,21,1,600,27,1,45,1,1,1
52,1,19,1,4700,6,0,40,1,9,0
59,1,21,1,440,6,1,50,1,1,1
62,3,21,1,2310,12,0,38,2,1,0
60,3,16,1,8140,30,0,40,1,3,0
73,1,16,3,3545,26,0,24,2,1,0
45,1,16,1,8030,329,1,45,1,1,1
55,1,18,4,4700,4,0,40,1,9,0
39,1,13,3,7040,37,13,60,1,1,1
41,1,9,5,8950,312,13,40,1,1,0
33,2,22,5,4540,8,2,30,2,1,0
45,1,20,1,3255,37,1,40,2,1,1
40,1,23,1,440,327,0,55,1,1,1
39,1,19,5,8990,6,10,40,1,8,0
69,2,18,3,5740,48,0,24,2,1,0
80,1,16,1,6260,12,10,1,1,1,0
24,1,20,5,4720,36,5,20,1,6,0
52,6,16,5,4230,313,0,40,2,8,0
71,1,19,1,3930,37,1,32,1,1,0
37,2,19,1,420,34,0,50,2,9,0
62,1,13,1,5630,34,0,40,2,1,0
59,4,21,1,230,17,1,50,2,1,1
30,1,18,1,5860,48,0,30,2,1,0
53,1,14,1,6220,13,1,40,1,2,0
24,3,16,5,4020,242,2,15,1,6,0
58,1,18,1,6305,39,1,65,1,1,0
19,1,19,5,6460,72,2,24,1,9,0
56,6,23,1,2100,42,0,5,1,1,0
30,1,16,1,8990,37,0,35,1,2,0
23,1,16,5,3603,29,10,32,2,1,0
47,6,16,1,220,36,1,40,1,1,1
26,1,18,5,9620,50,0,45,2,1,0
70,3,18,5,5400,365,0,14,2,1,0
35,5,21,1,630,26,0,40,1,1,1
44,1,23,1,6260,17,1,40,1,6,0
56,1,13,3,4720,6,6,30,2,1,0
29,4,21,1,2310,51,0,40,2,1,0
23,1,21,5,710,17,13,40,1,1,0
53,1,19,1,160,48,0,40,1,1,1
70,1,16,1,4110,29,0,12,2,1,0
46,1,21,3,9130,4,0,45,1,1,0
24,4,19,5,4030,19,0,4,2,6,0
58,1,20,1,5240,22,1,40,2,1,0
52,1,16,2,4760,37,0,40,2,1,0
23,3,16,5,7340,47,2,40,1,1,0
34,1,18,5,9130,48,0,40,1,6,0
39,5,22,1,1860,39,0,50,1,1,1
50,6,19,1,6230,34,1,45,1,1,0
48,1,20,1,3620,34,1,30,2,1,1
47,4,22,1,230,37,0,55,2,1,1
26,1,19,5,5240,6,2,25,2,1,0
58,3,19,2,120,48,0,45,2,1,1
34,5,22,5,1220,51,0,60,2,1,1
61,7,16,1,310,209,1,40,2,6,0
37,1,24,1,440,48,0,45,2,1,1
44,1,19,5,120,238,0,12,1,6,1
65,1,21,1,2555,6,0,40,1,1,0
52,5,19,3,5120,34,0,40,2,1,0
40,2,20,1,2722,6,0,13,2,1,0
41,1,12,3,8740,303,0,40,1,1,0
53,1,15,1,4760,6,1,40,2,1,0
23,1,16,5,3500,18,2,40,1,1,0
50,1,10,5,8225,39,0,40,1,8,1
18,2,16,5,3960,6,17,30,1,1,0
59,1,16,1,5600,51,0,50,1,1,0
50,3,22,1,2310,36,0,40,2,1,1
46,1,18,1,910,17,0,40,2,9,0
43,4,16,1,3710,39,1,40,2,2,1
29,1,16,4,4020,36,17,24,1,6,0
32,5,21,5,5540,17,0,40,1,1,0
40,1,24,1,350,212,1,40,2,1,1
67,1,16,1,4220,27,1,20,1,1,0
66,1,16,4,3500,36,0,9,2,2,0
57,1,11,1,4220,36,0,40,1,1,0
30,1,19,1,440,26,1,40,2,1,1
26,1,18,5,2545,17,13,36,2,1,0
36,1,19,1,9130,303,0,50,1,3,1
57,1,21,1,4720,229,0,40,1,6,0
59,1,21,1,2145,6,1,45,2,1,1
56,1,16,1,5240,42,1,40,2,1,0
26,1,18,5,6355,5,0,56,1,1,0
55,3,21,1,2310,6,1,30,2,1,0
63,1,17,1,6825,22,1,40,1,1,1
53,4,21,3,3255,9,0,60,2,1,1
50,2,20,1,3620,37,1,40,2,1,0
51,7,22,1,410,13,0,15,2,2,0
35,1,16,1,8740,53,0,40,2,1,0
55,1,16,1,52,36,1,40,1,1,0
55,3,21,1,2330,17,1,40,2,1,0
36,1,19,5,7340,53,2,16,1,1,0
31,2,24,5,3090,36,0,60,1,1,1
33,1,21,1,8990,512,1,40,2,7,0
51,1,18,3,6200,8,0,40,1,1,1
37,4,22,1,60,42,1,40,2,1,1
61,4,16,3,310,22,0,37,2,1,0
26,1,20,1,630,42,0,56,2,1,0
30,1,18,1,1530,6,0,40,1,1,1
34,1,21,5,1021,303,0,40,1,1,1
27,1,18,4,5000,21,2,42,2,1,0
54,1,16,3,9600,1,0,40,1,1,0
26,1,18,5,4720,24,15,30,2,6,0
28,2,16,1,5740,48,1,30,2,1,0
55,1,21,1,4600,45,0,5,2,2,0
67,1,16,3,4760,26,0,24,1,1,0
32,1,21,5,4840,8,0,40,1,1,1
21,1,17,5,9130,25,15,12,1,1,0
50,3,19,3,2310,42,0,37,1,1,1
53,1,6,1,8990,247,0,35,1,6,0
53,1,16,1,5740,45,3,40,2,1,0
68,1,20,5,3255,41,0,40,2,1,1
51,1,20,1,4622,24,1,40,1,2,0
57,6,17,1,9141,210,0,50,1,6,0
53,1,16,1,4700,34,1,50,1,1,1
52,2,22,1,2600,48,1,45,1,1,1
41,1,20,1,3323,312,1,36,2,1,0
18,1,19,5,8810,26,2,20,1,1,0
41,7,21,3,4700,210,0,40,1,6,0
29,1,16,5,310,1,0,40,2,2,0
30,3,22,5,120,163,0,40,2,1,1
24,1,16,5,4720,12,2,32,1,2,0
59,1,21,1,705,26,0,40,1,1,1
39,1,16,5,8990,22,0,35,1,1,0
37,1,17,3,4020,37,0,30,2,1,0
42,1,19,1,5400,48,1,40,2,1,0
54,1,13,3,4760,47,0,40,2,1,1
64,7,19,1,4920,12,0,20,1,1,0
38,1,21,5,4600,36,0,40,2,2,0
34,6,11,5,6050,42,2,40,2,1,0
54,5,21,1,5000,13,0,48,1,1,1
40,1,18,3,8500,49,0,50,1,1,1
31,6,22,1,2006,36,1,6,2,1,0
44,1,20,3,7640,110,0,50,1,1,1
38,2,23,5,2100,233,0,40,2,6,1
34,3,21,1,3255,46,0,40,2,1,0
60,1,18,1,5400,25,0,40,2,1,0
57,7,21,1,2040,18,0,75,1,1,1
42,1,22,1,930,47,0,55,1,1,1
60,1,21,5,565,20,0,40,1,1,1
50,1,22,1,705,17,1,50,2,1,1
74,6,23,1,710,17,0,1,1,1,0
54,4,16,1,5120,34,0,35,2,1,1
75,1,16,1,4850,36,0,30,1,1,1
38,3,21,1,3255,1,1,20,2,1,0
51,1,20,3,3322,26,0,40,2,1,1
52,1,20,1,3255,17,0,40,1,1,1
71,3,16,1,2545,35,1,21,2,3,0
69,1,16,1,6355,36,0,40,1,1,1
40,1,13,5,4220,6,2,25,1,1,0
22,2,21,5,2205,8,12,30,1,1,0
32,6,22,5,2631,13,13,25,2,1,0
41,3,16,5,650,48,0,40,2,1,0
24,1,19,5,4700,6,0,30,1,1,0
49,2,22,1,2025,18,0,50,1,2,0
41,1,21,1,705,427,1,42,2,2,1
29,1,16,5,520,6,13,30,1,1,0
31,1,20,5,4040,48,0,40,1,1,0
38,1,21,1,9600,48,0,30,1,1,0
54,8,22,5,3602,34,0,30,2,1,0
48,1,16,1,7855,233,17,84,2,6,1
66,6,19,1,2850,6,0,10,1,1,0
37,1,19,1,4020,12,1,32,1,2,0
53,6,16,1,4521,223,0,54,1,6,0
32,1,7,3,6050,303,0,60,2,8,0
26,1,20,5,5400,12,2,18,1,1,0
30,1,22,5,800,1,0,40,2,1,1
27,2,21,1,2040,6,0,50,2,1,1
51,1,20,1,10,327,1,60,1,1,1
17,2,14,5,3960,17,2,10,2,1,0
25,1,15,1,6230,303,0,40,1,1,0
57,1,20,2,9600,27,9,40,1,1,0
55,1,16,5,4110,5,13,40,2,2,0
61,1,19,1,4510,247,1,30,2,6,0
61,1,19,2,5120,10,0,20,2,1,0
41,1,20,3,5860,37,13,28,2,1,0
26,1,17,4,5240,5,11,40,1,1,0
52,1,16,1,220,4,1,60,1,8,1
32,5,19,1,4500,152,1,32,2,1,0
29,2,22,5,2040,48,0,60,1,1,0
25,1,20,5,1108,39,2,40,1,1,0
17,1,14,5,4055,312,2,20,2,1,0
19,2,19,5,2360,37,17,24,1,1,0
35,1,22,1,3256,42,1,45,2,1,1
36,1,19,3,5240,28,0,40,2,2,0
55,1,20,1,3255,40,1,44,2,1,0
33,1,19,5,9645,8,0,40,1,1,0
38,6,16,1,8760,48,1,50,1,1,1
27,2,22,1,2040,12,0,40,1,1,1
20,2,19,5,2555,6,17,10,2,1,0
57,7,20,1,310,240,0,40,1,6,1
64,3,21,1,4435,54,1,12,1,1,0
23,1,15,5,4251,34,2,40,1,1,0
80,6,21,1,710,39,0,24,1,1,1
65,1,22,4,9645,303,0,40,2,8,0
22,1,19,5,8140,28,3,40,1,2,0
34,7,16,3,7700,207,12,50,1,6,0
32,2,24,5,2205,165,13,45,1,1,0
25,1,16,5,4030,18,2,40,1,1,0
55,7,19,4,4810,72,0,30,2,2,0
57,1,18,3,4220,8,5,50,1,1,0
37,1,21,5,3255,72,2,40,2,1,0
24,1,21,5,5000,34,2,40,1,1,0
61,1,21,1,2865,17,1,50,1,1,1
80,1,17,1,5510,30,0,37,1,1,1
44,1,16,3,440,12,0,50,1,1,0
38,1,17,3,6260,19,13,35,1,1,0
49,1,20,4,3500,37,0,40,2,2,1
17,1,13,5,4760,13,2,20,1,1,0
19,1,19,5,9760,37,17,45,1,1,0
50,4,20,5,4020,55,2,40,1,1,0
63,7,20,3,440,6,0,45,2,1,1
53,3,21,1,2310,48,0,40,2,8,0
26,1,21,5,700,35,0,40,1,1,0
54,1,21,1,4700,207,0,40,1,6,1
43,1,18,4,9645,42,2,40,1,1,0
63,1,18,3,4010,17,0,20,2,1,0
46,1,21,1,4810,45,0,40,1,1,1
28,3,19,1,2310,48,1,40,2,2,0
33,1,15,1,9620,48,2,45,1,1,0
48,6,23,1,2100,1,0,50,1,1,1
43,1,12,1,6200,27,0,50,1,1,1
31,1,24,1,1650,26,0,50,1,1,1
21,1,16,5,9620,39,2,40,1,1,0
38,1,15,1,4720,6,0,16,2,1,0
71,7,21,1,710,53,0,32,2,1,1
31,1,21,1,440,235,0,50,1,6,1
58,6,16,1,2640,6,0,50,1,1,0
17,1,14,5,2350,210,2,4,1,6,0
22,2,19,5,1108,26,0,30,1,1,0
39,3,22,1,2545,128,1,40,2,1,0
36,1,21,1,5240,370,4,40,2,1,1
59,1,16,1,860,12,0,40,2,1,0
36,1,16,1,9130,22,1,45,1,2,0
51,1,19,1,20,312,0,45,1,1,1
39,1,16,5,3602,48,5,15,2,2,0
56,1,21,1,910,4,1,60,1,1,1
59,3,16,1,9760,29,0,40,2,1,0
68,2,19,3,420,12,0,50,2,1,1
70,1,18,1,5740,39,0,40,2,1,0
45,2,16,1,4760,48,1,38,1,1,0
72,7,19,1,4700,37,0,40,1,1,1
26,3,21,5,2006,47,0,37,2,1,0
42,3,21,1,3870,40,1,65,2,9,1
38,1,16,1,8810,303,1,45,1,1,1
40,1,19,1,8510,35,1,40,1,1,0
62,1,21,1,160,6,1,40,1,1,1
19,1,16,5,4720,55,2,15,2,9,0
52,1,21,1,4920,13,0,50,1,1,1
31,3,20,5,3740,36,11,40,1,1,0
56,1,21,1,4700,42,0,38,1,1,0
54,1,16,5,8650,51,0,40,1,1,0
41,2,19,1,2040,39,0,55,1,1,0
47,1,16,5,7750,48,0,84,2,1,0
73,2,18,1,5740,25,0,15,2,1,0
26,3,20,5,2545,17,2,40,1,9,0
29,3,22,1,630,49,0,40,1,1,0
37,6,20,1,2360,9,0,10,1,1,0
43,1,22,1,1305,210,0,40,1,6,1
19,1,16,5,3655,39,5,30,2,1,0
46,1,20,1,120,47,1,45,2,1,1
33,3,22,5,440,19,0,30,2,1,0
61,1,13,1,7350,13,1,40,1,1,1
39,1,16,5,3603,48,2,60,2,5,0
30,3,22,1,2310,39,1,40,1,1,0
47,2,22,1,1760,210,0,40,2,6,0
26,1,17,5,4710,4,13,45,1,1,0
18,1,16,5,4220,17,17,20,1,2,0
17,1,15,5,4220,6,2,40,1,1,0
29,1,21,1,5820,42,0,40,2,1,0
33,1,19,1,4040,313,1,25,2,1,0
42,1,17,1,9005,6,1,40,1,1,0
57,1,23,1,3090,163,1,60,1,1,1
33,1,23,1,3090,440,1,84,2,2,1
65,1,16,1,4251,46,0,20,1,1,0
24,1,16,5,4020,303,0,40,1,8,0
31,3,22,1,2310,6,0,38,1,8,1
21,1,21,5,4700,36,2,19,1,6,0
55,1,12,1,6200,303,0,40,1,1,1
67,1,22,1,2205,36,1,24,2,1,0
56,1,21,1,4850,25,0,48,2,1,1
52,1,19,3,5000,17,0,40,1,2,0
31,1,16,1,9141,6,1,8,1,1,0
68,1,19,5,3500,48,15,40,2,1,0
52,1,21,1,7750,18,1,45,1,1,1
55,1,16,3,4720,29,2,40,2,1,0
17,1,13,5,4435,5,2,11,1,9,0
46,1,16,1,4850,48,1,40,1,1,1
42,1,16,1,4720,36,0,40,2,2,0
41,1,21,1,1360,8,0,40,1,1,1
47,5,21,1,120,24,1,40,1,1,1
56,6,22,5,3000,36,0,30,1,1,1
45,1,19,1,8030,49,0,42,1,1,0
32,1,19,1,3648,18,0,25,2,1,0
36,1,17,1,9130,47,1,40,1,2,0
61,1,21,1,410,301,1,40,1,1,1
30,1,19,5,4120,6,0,40,1,9,0
57,1,22,3,4810,24,0,40,1,1,1
37,1,19,1,7315,55,0,50,1,1,1
54,1,16,1,4710,47,0,60,1,1,0
46,1,16,1,4710,51,0,60,1,1,1
23,4,21,1,2555,21,0,40,2,1,0
22,4,21,5,9122,6,15,35,2,1,0
27,5,19,1,4840,25,1,44,1,8,0
61,1,19,1,5740,1,1,40,2,1,0
30,1,13,3,6441,13,16,40,1,1,0
50,2,24,2,440,17,0,45,2,1,1
22,1,21,5,4110,6,13,12,1,6,0
58,1,22,1,3230,42,0,50,1,1,1
34,1,20,5,8255,32,13,40,2,1,0
50,2,21,1,51,48,1,50,1,1,1
53,6,20,3,1545,39,0,45,1,1,0
62,1,20,1,3255,25,1,32,2,1,1
70,1,21,3,5240,51,13,24,1,1,0
23,1,17,1,4710,8,0,25,2,1,0
58,1,16,1,2600,17,1,24,2,1,0
61,7,17,3,4251,9,0,40,2,1,0
36,3,22,1,2016,36,0,35,1,2,1
32,3,22,1,2310,6,1,40,2,1,1
17,1,13,5,4720,48,2,20,1,1,0
69,1,19,5,3930,6,0,36,1,1,0
63,2,21,1,3255,55,0,42,2,1,1
64,2,24,2,3258,24,0,40,2,1,1
46,3,22,3,3870,17,13,40,1,2,0
23,1,18,5,4150,39,4,20,2,2,0
20,1,19,5,9645,17,17,15,1,2,0
60,1,21,1,520,10,0,45,2,1,0
69,1,18,1,310,17,0,50,1,1,1
39,2,22,1,4710,47,0,37,2,1,0
40,7,21,5,1108,48,2,36,1,9,1
28,2,21,1,3200,12,0,12,2,1,0
34,1,20,1,7300,1,1,45,1,1,1
29,1,21,5,800,17,0,40,1,1,1
37,1,18,5,9620,18,0,40,1,1,0
56,1,20,1,5310,6,0,27,2,1,1
42,1,19,1,160,13,1,60,1,1,1
54,1,16,1,20,42,0,50,1,1,1
38,1,21,1,220,373,0,60,1,1,0
33,1,17,5,9610,48,16,40,1,1,0
28,1,16,5,9620,48,2,40,1,1,0
45,4,16,1,4350,37,0,40,1,1,0
64,7,22,1,440,45,1,50,1,1,1
58,2,18,3,5740,36,0,35,2,1,0
58,2,20,1,2840,37,1,40,2,1,1
56,4,16,1,5120,17,0,40,2,1,0
20,1,16,5,3421,25,2,30,2,1,0
67,1,22,1,565,26,0,30,1,1,1
45,3,21,3,3255,4,5,40,2,1,1
73,1,24,1,3090,34,0,60,1,1,1
27,1,19,1,5240,49,1,32,2,9,0
27,3,21,5,650,48,2,32,2,1,0
59,4,22,1,2002,48,0,50,2,1,1
41,3,19,1,5740,362,1,40,2,1,0
29,1,20,1,8990,47,1,45,1,1,0
40,1,14,5,5120,35,0,40,2,1,0
62,1,24,1,1760,207,0,40,1,6,1
46,1,23,1,2100,42,0,55,1,1,1
23,1,20,5,4230,333,2,40,2,2,0
59,1,16,1,350,6,1,45,2,1,1
51,1,16,2,9610,48,0,35,2,2,0
23,1,19,1,6442,207,0,40,1,6,0
36,4,19,1,4020,233,1,40,2,6,0
32,1,16,1,1450,25,1,45,2,1,1
45,7,21,1,2910,37,1,40,1,1,0
33,1,16,5,2752,25,0,30,1,1,1
39,1,19,1,3603,21,1,40,2,2,0
62,1,17,1,9130,13,0,60,1,1,0
82,6,19,1,205,19,0,30,1,1,1
48,1,21,1,5810,1,1,40,1,1,0
49,1,19,1,5610,17,0,40,1,2,0
25,1,21,5,710,25,12,65,1,1,1
55,1,18,1,1360,53,1,40,1,9,1
20,3,19,5,5260,31,2,15,2,1,0
47,3,19,3,3801,36,0,40,1,2,1
60,1,16,3,3603,41,0,16,2,1,0
40,1,21,1,52,6,0,50,2,1,1
66,2,21,3,3300,55,0,8,2,1,0
61,1,20,1,7810,36,0,50,1,1,1
66,1,21,1,5740,54,1,40,2,1,1
40,3,14,1,4600,48,0,24,2,1,0
47,4,21,5,800,22,0,40,2,1,1
72,4,24,1,2205,36,0,40,1,1,1
50,1,19,1,2635,45,1,40,2,1,0
51,1,21,3,1105,18,0,40,1,1,1
40,7,21,1,4850,48,0,40,1,1,1
29,1,16,5,4350,12,13,30,1,1,0
23,1,21,5,9620,4,0,30,1,9,0
58,1,19,1,6050,16,1,40,1,1,0
28,1,20,1,1970,53,0,40,1,1,1
29,1,21,5,5240,17,2,46,2,1,1
50,1,16,1,7340,48,1,40,1,1,0
33,1,12,3,6305,42,16,40,1,1,0
17,1,14,5,4110,39,2,15,2,1,0
63,1,21,1,1360,365,0,40,1,8,1
66,3,16,1,4220,55,0,40,1,1,1
52,4,20,1,5710,26,0,40,2,1,0
50,1,19,1,9130,110,0,70,1,1,1
65,1,18,4,9645,36,0,40,1,1,0
33,1,19,5,7750,35,0,48,2,1,0
59,1,19,1,5400,22,0,8,2,1,0
63,2,22,1,750,20,0,20,2,1,0
36,1,19,1,5860,13,0,12,1,1,0
43,1,16,1,9130,20,10,45,1,1,0
26,1,14,5,9130,313,13,40,1,8,0
59,1,19,1,440,6,0,50,1,1,1
51,1,1,4,6410,314,0,30,1,8,0
25,3,21,5,5900,202,11,20,1,6,0
69,4,22,1,2350,48,0,9,1,1,0
48,1,19,5,3930,51,17,40,1,1,0
66,1,24,1,3150,26,0,35,1,1,1
44,6,19,5,4020,42,0,38,2,1,0
45,7,22,1,52,42,1,40,1,1,1
20,3,19,5,4622,18,17,25,2,1,0
45,6,22,1,6410,6,0,8,2,1,0
53,1,20,3,3310,21,0,25,2,1,0
37,1,18,1,5165,19,0,32,2,1,0
32,1,21,1,3255,1,1,40,2,1,1
36,1,17,5,6442,48,10,40,1,1,0
41,2,17,4,4220,38,0,30,2,3,0
37,7,21,1,440,37,0,40,1,1,0
24,1,21,5,4760,17,13,40,1,1,1
36,1,21,1,2320,20,0,10,2,1,0
17,1,14,5,9620,48,2,40,1,1,0
60,6,19,1,205,16,1,50,1,1,1
57,1,16,1,7905,21,1,45,1,1,0
50,1,19,1,4820,29,0,40,2,2,0
18,5,16,5,9825,233,17,50,1,9,0
49,1,21,1,3255,26,1,25,2,1,1
63,1,19,1,5120,28,5,40,2,1,0
60,1,18,1,410,29,1,35,2,1,1
45,8,11,1,440,48,0,40,2,1,0
42,2,20,1,3930,51,0,50,1,1,1
59,2,21,1,2400,36,1,40,2,1,1
33,1,19,1,4840,17,1,50,1,1,0
30,1,19,4,4350,48,9,40,2,1,0
25,3,16,1,2545,39,1,40,2,2,0
71,6,20,1,5120,36,0,43,2,1,0
19,4,19,5,4640,37,17,10,1,2,0
53,1,16,1,630,12,1,40,2,1,0
47,1,21,1,800,207,0,40,2,6,1
63,1,21,1,3150,25,0,30,2,1,1
33,1,21,1,4710,12,1,40,1,1,1
57,6,21,1,7150,212,0,30,1,1,0
34,1,21,1,3323,24,1,50,1,1,1
56,2,16,1,7200,48,0,40,1,1,1
18,1,18,5,4030,6,17,25,1,1,0
43,6,21,1,4950,53,1,10,2,1,0
50,1,18,1,4720,36,0,25,2,1,0
57,1,23,1,3090,207,1,40,1,6,1
55,6,13,1,6260,23,1,40,1,1,1
60,6,21,1,2555,54,1,15,2,1,0
60,2,21,1,3255,233,1,36,2,6,1
42,4,21,5,5810,6,13,15,1,1,0
21,2,16,5,5400,34,3,40,1,1,0
20,1,19,5,4540,37,17,12,2,1,0
23,1,20,5,3603,12,0,40,2,1,0
48,1,17,5,3602,25,0,8,1,1,0
69,1,16,1,9150,17,1,30,1,1,0
63,2,24,1,2205,17,0,4,1,1,1
60,1,16,1,3515,312,1,40,2,1,0
25,6,16,5,9130,38,13,82,1,1,1
55,2,23,1,3090,48,1,50,2,1,1
59,1,23,3,3010,116,0,48,1,1,1
31,1,22,1,2722,27,0,25,1,1,0
19,1,19,5,4720,18,17,16,1,1,0
60,3,16,3,5521,56,0,40,2,1,0
55,1,15,3,7200,421,10,15,1,2,0
68,1,16,1,565,26,0,17,2,1,0
17,1,14,5,9620,22,16,20,1,2,0
58,5,19,1,1220,233,0,40,1,6,1
44,1,20,5,4810,303,0,45,2,1,0
65,1,14,5,9620,51,0,55,1,2,0
35,5,22,5,630,329,0,40,2,1,1
59,1,16,1,5740,18,1,40,2,1,1
20,1,19,5,9130,6,17,30,2,2,0
42,1,17,1,4055,39,0,40,2,1,0
39,3,21,3,3870,15,2,40,1,1,1
61,7,16,1,7200,102,0,40,1,1,0
23,3,21,5,2310,6,0,50,2,1,0
67,1,20,2,3930,54,0,40,1,1,1
26,3,21,5,2310,362,4,40,2,1,0
21,1,19,5,4600,48,17,20,1,1,0
32,1,14,5,6355,6,13,40,1,1,0
47,2,21,3,310,17,0,38,2,1,0
51,1,20,3,2634,5,0,38,1,1,0
62,6,16,2,3630,36,0,25,2,1,0
36,4,21,1,1720,55,1,40,1,1,1
60,6,14,4,4600,36,0,4,2,3,0
60,1,19,1,102,42,1,40,1,1,1
42,1,21,1,910,364,0,40,2,1,1
25,1,21,1,1021,26,0,40,1,1,0
77,1,20,3,5400,22,0,36,2,2,0
18,1,18,5,735,17,2,24,1,1,0
31,1,21,1,9005,34,0,50,1,1,0
24,7,21,1,1021,362,0,55,1,1,0
28,4,21,5,2310,34,0,40,2,1,0
71,1,18,1,4760,310,0,20,1,1,1
20,1,16,5,8130,39,2,40,1,1,0
43,5,22,1,9030,6,1,56,2,1,1
61,1,18,1,140,42,0,40,1,2,1
21,4,19,5,2205,41,12,25,2,1,0
18,2,18,5,4020,55,17,20,2,1,0
27,1,18,1,6442,6,1,40,1,1,0
41,2,21,1,3255,303,1,45,2,1,1
56,2,22,1,5810,36,1,25,2,1,0
48,1,16,1,140,31,0,48,1,1,1
60,1,18,3,3725,27,0,40,1,1,0
34,1,16,1,4700,48,1,42,2,1,0
42,1,19,5,4000,24,13,25,1,1,0
63,1,20,1,800,19,0,40,2,1,0
46,1,22,3,440,364,13,45,2,1,1
55,7,17,1,4251,45,0,90,1,1,0
43,4,22,1,2310,28,0,40,2,1,0
44,1,21,1,2105,215,1,40,2,6,1
34,1,16,1,4700,53,0,50,1,1,1
58,1,18,3,5610,12,0,50,1,1,1
43,1,21,1,1108,210,1,50,2,6,1
45,1,20,1,705,39,0,40,1,1,1
67,1,16,1,600,29,0,24,1,1,0
57,1,19,1,5510,48,1,40,1,1,0
48,6,19,3,6230,45,0,40,1,1,0
59,1,18,2,3645,39,0,43,2,1,0
51,1,16,1,52,9,0,55,2,1,1
71,3,17,2,5860,48,0,6,2,1,0
37,6,14,1,6230,48,1,20,1,1,0
49,3,18,1,3870,36,1,40,1,1,1
56,1,18,1,710,19,0,43,1,1,0
69,1,21,1,3930,440,1,30,1,2,0
38,1,16,3,5240,49,0,40,2,1,0
32,1,22,1,1021,163,0,40,1,1,1
53,1,21,1,705,17,0,55,1,1,1
62,1,22,1,1720,21,1,40,1,1,1
46,1,19,1,630,37,1,40,2,1,1
27,1,18,1,9600,39,1,16,1,2,0
59,1,1,1,7315,34,0,50,1,1,1
24,1,18,5,4700,30,13,40,1,1,0
19,6,11,5,6260,42,2,15,1,1,0
27,1,21,5,2640,6,2,42,2,1,1
35,2,16,1,5310,6,15,60,2,1,0
22,1,21,5,1460,6,2,40,1,9,1
44,1,19,5,5510,47,0,40,1,2,0
22,1,16,5,4020,47,4,30,1,1,0
19,1,19,5,4720,36,17,20,1,1,0
30,1,18,1,7200,12,1,40,1,1,0
59,8,20,3,4000,34,2,50,1,1,0
18,1,19,5,4720,45,12,35,2,2,0
35,6,12,1,6260,303,1,30,1,1,0
60,1,22,1,2025,42,1,40,1,1,1
20,4,16,5,5740,36,2,35,2,1,0
29,4,21,1,2310,53,1,65,2,1,0
56,1,9,1,9130,247,0,36,1,6,0
43,1,19,1,2545,34,1,30,2,1,0
33,1,20,5,3255,364,0,45,1,1,0
51,1,1,1,5240,48,1,40,2,2,0
32,3,22,1,5600,19,1,45,1,1,1
52,1,1,4,9640,303,0,40,1,8,1
49,1,21,1,4920,217,1,40,2,6,0
58,1,16,5,4400,55,13,38,2,3,0
70,1,16,1,9121,9,0,30,1,1,1
37,6,21,3,3300,449,0,30,2,1,1
28,1,19,4,9130,25,0,40,1,1,1
56,1,16,5,9645,42,0,37,2,1,0
24,1,19,5,4040,4,13,40,1,1,0
29,1,20,1,9130,48,0,40,1,7,0
64,1,22,1,440,18,0,45,1,1,1
53,1,20,1,5240,72,1,40,2,1,0
38,1,22,1,2310,6,0,40,2,1,1
39,1,16,5,7200,72,0,40,1,1,0
20,1,19,5,5400,17,17,7,2,1,0
45,1,21,1,735,36,1,40,2,1,1
59,4,19,1,5420,48,0,40,2,1,0
58,7,16,3,4200,29,0,20,1,1,1
56,6,23,3,2100,21,0,30,1,1,1
38,1,20,1,20,38,0,40,1,1,1
50,7,20,1,6530,360,1,40,1,1,1
19,1,16,5,4950,25,4,20,1,1,0
67,2,24,5,735,36,0,45,2,1,1
75,3,9,4,4220,303,0,40,2,1,0
76,1,16,1,3610,45,0,20,2,2,0
74,1,21,1,9130,36,0,20,2,1,1
17,1,14,5,4720,13,4,12,2,1,0
50,1,21,3,440,34,0,50,2,1,1
36,1,21,1,4700,1,1,70,1,1,1
55,3,21,1,3870,11,0,40,1,2,1
22,1,21,1,2310,4,2,40,2,1,0
66,1,21,1,6410,11,0,45,1,1,1
35,1,16,5,4350,51,0,40,2,1,0
28,2,24,1,2205,36,0,40,2,1,0
61,1,18,3,4720,42,0,28,2,1,0
36,1,18,5,9645,42,0,40,2,1,0
26,1,20,5,3602,9,2,30,1,1,0
53,1,20,1,7700,21,1,50,1,1,1
28,1,19,5,7810,31,2,40,2,2,0
39,1,16,1,4110,314,0,22,2,8,0
48,1,21,5,1105,36,0,60,2,1,1
29,1,21,5,1530,32,0,40,1,1,1
40,1,18,1,9620,233,0,40,1,6,0
39,6,23,1,3090,19,0,32,1,1,0
57,1,21,1,1021,16,0,40,1,1,1
50,1,23,1,2100,4,1,50,1,1,1
55,1,19,1,350,362,1,35,2,1,0
52,1,20,5,5120,37,2,40,2,1,0
65,1,16,1,5240,55,1,32,2,1,0
45,1,15,1,4252,24,0,40,1,1,0
35,2,21,3,2310,48,0,40,2,2,0
35,1,16,5,340,6,0,50,2,1,0
60,2,19,1,5110,2,0,35,1,4,0
41,1,20,1,6200,27,1,40,1,1,1
58,6,22,1,2350,39,1,7,2,1,0
52,7,16,3,9130,51,12,40,1,1,1
34,1,1,1,9620,303,1,40,1,8,1
24,1,19,5,4720,48,7,28,2,1,0
64,3,22,1,2002,48,1,21,2,1,0
19,1,16,5,5240,25,2,16,1,1,0
54,2,20,1,5120,50,1,40,1,1,0
32,4,21,1,2310,55,0,40,2,1,0
21,1,16,5,4020,31,16,32,1,1,0
32,6,16,5,6230,27,13,40,1,1,0
29,1,21,1,6005,31,0,50,1,1,1
34,1,21,1,1021,24,0,40,1,9,1
29,3,22,3,2300,40,0,40,2,9,0
23,1,20,5,4110,34,2,35,1,1,0
42,4,19,1,5740,39,2,20,2,1,0
26,1,19,1,4850,247,0,45,1,6,0
23,1,19,5,4110,12,11,20,1,1,0
70,1,16,1,4230,361,8,5,2,1,0
34,1,21,5,51,36,0,40,2,1,1
41,1,21,1,4700,207,1,45,1,6,1
29,1,22,1,3150,17,0,40,2,6,1
32,7,21,5,2770,45,0,40,1,1,0
48,1,19,1,3255,1,1,35,2,1,0
22,1,19,5,5260,36,2,30,1,1,0
36,1,16,5,4700,34,12,40,2,2,1
53,1,19,1,5740,42,1,40,2,1,1
30,1,21,5,310,6,0,40,2,1,1
52,1,9,4,8990,324,0,40,2,2,0
26,2,19,5,2320,31,2,21,2,9,0
26,1,16,1,4010,6,9,40,1,1,0
57,7,21,1,2830,34,0,45,1,1,1
28,6,19,3,4521,41,0,35,2,1,0
26,6,18,1,5510,21,0,42,2,1,0
74,7,17,1,8990,17,0,20,2,1,0
48,2,21,4,5740,18,12,40,2,1,0
33,1,22,1,10,1,0,40,1,1,1
57,7,20,1,4010,116,0,45,1,1,1
70,1,21,3,440,34,0,50,1,1,1
44,1,16,3,4720,42,2,39,2,1,0
18,1,19,5,6050,329,17,20,1,9,0
28,1,21,5,5240,17,0,45,1,1,1
27,1,16,5,4950,4,0,24,2,1,0
39,1,21,1,20,25,0,60,2,1,1
36,1,23,3,3090,13,13,45,2,1,1
25,1,18,5,9365,38,0,40,2,2,0
67,7,23,1,850,31,0,30,1,1,1
51,3,16,1,3720,13,0,40,1,1,0
53,1,20,1,5860,37,1,40,2,1,0
60,1,20,1,4030,19,0,35,2,1,0
21,2,19,5,1050,26,17,15,1,1,0
33,1,14,3,9640,6,2,28,1,1,0
55,6,16,1,4710,27,1,40,1,1,1
68,7,14,1,4000,9,0,60,1,1,1
57,1,15,1,8740,17,1,45,2,1,0
65,1,18,1,5600,48,1,40,2,1,1
56,6,21,1,120,17,0,40,1,1,1
24,1,21,5,3255,36,0,36,2,1,1
30,3,21,5,5410,47,0,55,1,1,1
23,1,20,5,440,26,13,30,2,1,0
50,1,16,1,7810,26,10,50,1,1,0
46,1,20,3,4710,50,13,40,2,1,1
64,1,21,1,2014,36,1,35,2,1,0
57,1,20,1,4850,34,0,40,2,1,1
28,1,16,5,4020,6,0,40,2,8,0
26,1,21,5,440,18,0,50,1,1,0
42,4,16,5,4900,34,16,3,1,1,0
45,1,20,3,310,45,0,55,1,1,0
58,1,20,1,7750,247,1,46,1,6,1
66,7,18,5,2635,31,0,50,1,1,1
48,1,20,1,3620,26,1,40,2,1,0
51,1,18,3,4700,33,0,40,2,1,1
33,1,18,1,9130,6,0,40,1,1,0
31,1,21,5,630,6,2,40,2,8,0
41,1,19,4,6305,26,2,60,1,2,1
24,1,19,1,440,48,0,38,1,1,0
22,1,19,5,4110,47,0,40,2,1,0
46,1,20,1,3640,36,0,40,2,3,0
41,2,21,5,2205,34,0,40,2,1,1
47,1,16,1,4920,18,1,60,2,1,1
37,1,15,5,7220,39,0,30,1,1,0
29,3,18,1,4220,39,0,50,1,1,0
20,2,19,5,3930,17,17,24,1,2,0
25,1,21,5,1555,6,12,40,2,1,0
46,1,16,1,4965,36,0,40,1,6,0
35,1,21,1,4700,6,0,45,1,1,1
58,6,22,1,205,45,1,10,2,1,0
49,1,16,1,5000,150,1,40,2,1,1
59,1,20,3,4120,36,0,24,2,1,0
37,3,21,1,3820,36,0,43,1,1,1
18,1,16,5,9150,17,17,20,1,1,0
63,1,20,1,10,39,0,40,1,1,0
57,3,16,5,3603,333,0,40,2,2,0
24,1,18,1,6260,49,9,40,1,1,0
50,3,22,1,2310,6,1,35,2,1,1
47,1,1,1,3602,48,0,38,2,1,0
43,1,20,1,3601,246,0,50,2,9,0
76,1,16,3,4220,18,0,40,1,1,1
59,1,20,1,310,515,1,50,2,1,0
33,1,16,4,3603,427,12,24,2,2,0
24,1,16,5,9620,35,7,40,1,1,0
34,1,12,1,6515,303,1,40,1,1,0
50,2,22,1,230,42,0,46,1,1,1
50,6,18,5,6230,38,16,60,1,1,0
37,1,19,1,1106,45,0,45,1,1,1
34,1,21,5,4210,47,2,50,2,1,0
28,1,21,5,5240,13,0,40,2,2,1
78,3,16,1,8620,37,1,40,1,1,0
21,1,20,5,5740,20,2,20,1,1,0
18,1,18,5,4760,13,2,20,2,1,0
20,1,19,5,1970,449,12,20,2,2,0
37,1,21,1,5110,36,1,40,1,1,0
46,1,21,4,4020,312,0,42,2,1,0
52,6,16,1,205,13,1,50,1,1,0
48,1,21,1,1010,6,1,40,1,1,1
30,1,16,1,4110,303,1,20,1,8,0
20,1,16,5,3930,34,10,25,2,2,0
56,1,19,5,650,23,0,40,2,1,1
32,1,22,3,2752,49,2,40,1,1,1
19,1,19,5,4720,55,2,12,1,6,0
50,1,19,5,5860,18,0,40,2,1,1
35,1,20,5,5240,6,0,40,2,9,1
77,2,24,1,2850,36,1,5,1,1,1
27,1,21,1,3255,12,0,50,2,1,1
29,1,20,3,6355,27,13,50,1,1,1
36,3,19,1,2545,34,1,30,2,1,0
50,1,16,1,3930,34,0,34,1,1,1
17,1,13,5,2723,6,2,20,1,1,0
29,1,19,5,310,34,13,40,2,2,0
21,4,18,5,4540,39,17,8,2,1,0
54,1,16,1,3421,36,0,35,2,1,0
26,1,19,5,4940,40,0,40,2,2,0
32,1,20,5,5400,49,5,40,2,1,0
17,2,14,5,420,35,2,40,2,3,0
52,1,21,1,5740,8,1,40,2,1,0
59,3,16,1,9130,45,0,45,1,1,0
57,6,19,3,2360,25,0,40,1,1,0
42,2,24,1,2205,210,1,40,2,6,1
17,1,14,5,4760,17,2,15,2,1,0
32,3,21,1,2310,42,1,40,2,1,0
51,1,21,1,4850,19,1,40,1,1,1
31,1,23,1,2100,13,0,40,2,1,0
17,1,13,5,4150,51,2,10,2,9,0
54,1,20,1,2545,42,1,40,2,1,0
25,1,16,1,7750,26,0,50,1,1,0
44,2,20,5,9645,6,0,40,1,1,0
20,1,19,5,4760,36,17,20,2,1,0
23,2,21,5,3255,34,2,30,2,9,0
63,6,19,3,4251,37,0,12,1,1,0
23,1,16,5,4110,202,2,20,2,6,0
37,1,21,1,1460,12,1,45,1,1,1
40,4,22,1,5320,51,0,40,2,1,0
21,1,19,5,5740,17,2,40,2,1,0
45,1,21,1,540,303,1,40,2,1,1
49,1,19,2,4700,34,0,40,2,2,0
38,1,19,5,3601,36,0,40,2,1,0
50,1,16,1,5860,341,1,40,2,2,1
29,6,19,1,410,6,1,10,1,8,0
24,1,22,5,1021,210,12,40,1,6,0
28,1,20,1,3545,48,1,36,2,1,0
50,7,18,5,1006,34,2,40,1,1,1
62,3,17,1,5600,25,0,35,2,1,1
55,2,19,1,4220,18,0,50,1,1,0
33,1,19,5,1920,233,2,40,2,6,1
23,1,16,5,4251,26,0,40,1,1,0
58,4,20,1,20,18,1,40,2,1,1
17,1,18,5,4020,26,15,21,1,1,0
51,1,16,1,9645,6,0,32,1,1,0
59,1,19,1,1108,6,1,40,2,1,1
37,1,17,5,230,26,0,50,2,2,1
35,1,16,5,4251,303,0,60,1,1,0
28,1,21,5,1050,242,0,45,1,1,0
46,1,19,5,4700,25,0,40,1,1,0
25,1,21,5,2300,34,2,30,2,1,0
56,1,21,1,10,13,1,50,2,1,1
63,1,20,1,9620,20,1,40,1,1,0
46,1,19,1,4720,26,1,20,2,1,1
47,1,16,3,4230,20,0,40,2,1,0
63,1,16,5,8030,6,0,50,1,1,1
55,1,16,1,5000,327,1,40,2,1,0
29,1,14,1,9130,48,0,40,1,1,1
50,7,22,3,4850,364,0,30,1,1,1
32,1,20,1,5860,303,1,40,1,8,0
63,6,19,1,4700,20,0,10,1,1,1
67,6,22,3,1360,364,0,40,1,1,0
20,1,19,5,2861,35,2,40,1,1,0
36,1,21,3,3255,35,0,55,2,1,1
62,1,16,3,5610,36,0,40,1,1,0
19,1,16,5,5510,8,2,84,1,1,0
34,4,20,3,5400,12,2,40,2,2,0
60,1,21,5,3601,51,0,25,2,2,0
21,1,19,5,1970,22,0,20,2,1,0
40,1,17,3,6410,18,13,40,1,1,0
58,7,16,1,4700,19,0,55,1,1,1
66,1,18,1,5740,214,0,20,1,1,0
41,7,16,3,4850,48,13,50,1,1,1
32,6,19,1,6120,55,1,60,1,1,0
22,5,18,5,9825,40,17,40,1,1,0
34,2,22,5,2002,12,0,40,2,2,0
20,1,19,5,9130,27,2,40,1,1,0
30,4,21,1,3870,9,0,50,2,1,1
61,2,20,1,3500,17,1,42,2,1,1
22,1,16,5,4140,1,7,23,1,2,0
30,1,19,5,6230,12,13,40,1,1,0
34,4,20,5,2545,28,13,40,2,2,1
30,1,19,5,2014,48,2,25,2,1,0
40,1,21,1,2640,31,1,40,2,1,0
24,1,22,5,4700,49,0,39,1,1,0
49,1,16,1,800,53,1,40,1,1,1
37,2,22,1,230,6,1,40,2,1,1
29,1,21,1,3255,12,0,24,2,1,0
80,1,16,3,4252,26,10,25,1,1,0
47,1,19,1,5510,39,1,60,1,1,1
21,1,19,5,2001,23,2,40,2,1,0
36,1,21,3,5120,48,0,40,2,1,1
38,1,16,5,6520,42,16,40,1,1,0
63,1,16,2,7750,72,0,20,2,1,0
56,1,19,4,7000,6,12,40,1,8,1
57,1,20,1,120,303,1,40,2,1,1
26,2,19,5,420,25,17,40,2,1,0
39,5,22,5,440,12,11,99,2,3,0
52,3,20,5,3802,36,0,40,1,1,1
70,1,16,2,4760,42,0,15,2,1,0
21,2,19,5,5740,26,12,20,2,1,0
47,1,22,1,10,47,1,40,1,1,1
23,1,21,5,630,55,12,40,1,9,0
28,3,21,5,2545,4,0,35,2,1,0
47,1,18,3,1555,6,0,60,1,1,1
27,1,21,5,3255,24,2,40,2,2,1
53,1,16,1,4700,25,0,40,1,1,0
43,1,19,1,440,48,0,60,1,1,1
29,2,22,1,2040,47,0,40,1,1,1
44,7,20,1,4840,53,0,30,1,1,1
29,1,17,5,9610,48,2,30,1,1,0
27,1,21,5,3424,6,2,40,2,1,0
58,1,22,1,230,48,1,45,2,1,1
57,1,21,1,110,19,0,50,1,1,1
23,1,19,5,2145,6,12,32,2,2,0
31,1,21,3,4700,13,0,36,2,1,0
60,6,19,1,4220,22,1,40,2,1,0
79,1,16,2,5740,34,0,20,2,1,0
34,1,19,1,6230,24,2,40,1,1,1
23,4,18,5,5940,53,16,40,1,1,0
61,3,21,3,5420,17,0,12,2,1,0
49,3,21,3,2310,20,0,25,2,1,0
62,1,20,1,10,66,1,40,2,6,1
44,1,23,5,4700,104,0,40,2,1,1
39,1,19,5,9130,32,2,48,1,3,0
38,2,23,1,120,25,0,55,1,1,1
22,1,20,5,3255,6,4,38,2,1,0
31,1,21,5,440,26,13,50,2,1,0
28,1,21,1,3255,233,9,40,2,6,1
51,6,16,1,4510,17,0,20,2,1,0
67,3,21,1,705,18,0,10,1,1,0
23,1,16,5,4220,39,2,40,2,2,0
46,2,22,1,5740,515,1,4,2,9,0
56,7,21,1,3545,56,0,60,1,1,1
31,1,18,1,4521,247,0,50,1,6,1
36,1,22,5,120,440,0,42,2,2,1
73,3,16,1,4600,36,1,17,2,1,0
45,1,16,1,120,6,1,40,2,1,0
61,1,16,3,5240,72,0,40,2,1,1
41,4,22,3,2310,53,0,50,2,1,1
66,1,19,1,4700,25,1,30,2,1,0
22,3,21,5,2310,42,2,40,2,1,0
29,4,22,5,2205,210,0,40,2,6,0
48,1,21,1,2012,26,0,40,2,1,0
62,3,16,1,6305,50,0,40,1,1,0
47,1,18,5,3645,26,2,40,1,1,0
65,1,19,1,4720,6,1,40,2,1,0
61,1,16,1,7700,37,1,45,1,1,1
44,1,21,1,5110,42,1,36,2,1,0
31,1,21,5,4110,40,2,30,1,1,0
68,2,20,2,3500,53,0,40,2,1,1
31,1,16,5,9130,39,2,40,1,2,1
51,1,19,3,5240,39,0,30,2,1,0
40,1,22,1,150,22,1,50,1,1,1
52,1,15,1,440,312,0,55,1,1,1
19,1,19,5,205,18,17,25,1,1,0
19,1,19,5,4110,333,2,16,1,2,0
65,1,19,1,4810,54,0,40,1,1,1
58,1,17,1,5530,24,0,45,1,1,1
25,3,22,5,2310,53,2,40,2,1,0
50,1,16,1,5110,26,0,40,2,1,0
44,6,21,3,440,6,0,40,2,1,1
24,1,18,3,5810,42,0,40,2,1,0
52,4,19,1,110,36,1,40,1,2,1
32,1,19,1,7210,6,1,43,1,1,0
61,1,20,1,5860,42,1,43,2,1,0
39,1,16,1,725,34,0,40,2,1,1
35,5,22,3,2825,36,0,40,2,1,1
31,1,20,2,4020,327,0,40,2,2,0
30,3,22,5,2435,303,0,35,2,3,0
42,2,15,5,4000,329,0,35,1,9,0
28,5,19,5,9830,217,0,40,2,6,0
69,3,18,1,4220,48,1,40,1,1,0
39,6,16,1,7200,303,1,48,1,1,0
24,1,16,1,7330,12,1,60,1,1,0
53,1,21,1,2634,34,1,45,1,1,1
46,1,21,1,5740,36,1,10,2,6,0
43,6,19,1,4510,26,1,40,2,1,1
44,1,21,1,5260,26,0,39,2,1,0
49,1,22,1,10,36,0,50,1,6,1
67,1,17,1,6515,440,0,40,1,2,1
32,7,21,1,2634,28,1,48,2,2,0
43,1,21,3,1555,453,0,40,1,2,0
23,1,16,5,4030,26,2,20,1,1,0
18,1,14,5,6200,314,2,6,1,1,0
33,1,18,1,4710,48,1,50,1,8,1
53,1,21,1,7220,327,0,40,1,1,1
62,1,16,2,8225,31,0,50,1,1,0
60,5,23,2,530,40,0,40,1,1,1
43,1,16,3,9600,39,0,40,1,1,0
59,1,20,1,1050,48,1,40,1,1,1
21,1,21,5,5400,42,5,20,2,1,0
55,1,18,4,4220,18,0,50,1,1,1
36,1,21,1,1021,210,0,40,1,6,1
56,4,22,1,2310,27,0,40,2,1,1
51,7,22,5,3261,34,0,30,1,1,0
42,1,21,1,2700,4,1,50,1,1,1
67,1,20,3,7700,25,0,40,1,1,1
41,1,21,1,4850,364,1,55,1,1,1
42,1,18,5,440,55,0,40,1,1,1
52,4,16,1,6260,42,1,40,1,1,0
64,6,20,2,2861,26,0,10,2,1,0
44,1,16,5,9620,303,0,40,2,1,0
53,1,19,1,4760,6,0,40,2,1,1
49,1,14,1,4600,312,0,35,2,1,0
22,1,21,5,3245,163,0,15,2,1,0
29,1,21,1,5000,362,1,45,2,2,0
42,4,22,1,2310,110,1,40,2,1,1
54,1,19,3,8800,18,0,47,2,1,0
54,1,16,1,4760,39,1,40,1,1,0
39,1,17,5,4020,30,2,30,2,1,0
33,4,19,1,4220,27,1,40,1,1,0
35,1,18,3,7750,12,0,60,2,1,0
43,7,20,1,4700,26,0,40,2,1,1
27,1,16,5,8000,17,0,40,2,2,0
31,1,20,1,5000,18,0,40,2,1,0
50,7,21,1,440,110,0,60,1,1,1
17,2,14,5,5240,17,2,15,2,2,0
57,6,12,1,4251,247,0,50,1,6,0
23,1,21,5,4030,20,12,25,2,1,0
54,1,11,1,8990,303,1,40,1,1,0
32,2,21,5,1825,34,2,40,2,8,0
35,4,22,5,60,51,0,35,2,1,0
18,1,19,5,310,5,17,35,1,1,0
34,4,19,4,4251,6,16,12,1,1,0
41,4,22,1,3230,34,0,40,2,1,1
47,1,16,1,9130,37,0,99,1,1,0
55,1,19,1,5120,27,1,40,2,1,0
20,1,16,5,9620,24,2,30,1,1,0
49,1,18,1,9130,48,1,40,2,1,0
59,1,18,1,9265,330,1,40,1,2,0
20,1,19,5,2700,39,2,30,2,1,0
25,4,21,2,2310,6,0,50,2,1,1
31,1,18,2,3602,6,0,20,2,2,0
31,4,16,1,4710,6,9,57,1,1,0
20,1,17,5,4040,22,2,40,2,2,0
72,1,21,1,5740,25,1,5,2,1,0
23,1,21,5,2634,42,0,25,2,1,0
33,1,22,1,3255,28,0,40,2,1,1
49,1,14,1,8140,28,0,60,1,2,1
25,1,20,5,6710,12,13,40,1,9,0
24,1,21,5,4435,8,0,40,1,1,0
25,2,21,5,2005,36,13,35,2,1,0
30,1,21,5,4040,6,2,20,1,1,0
51,1,16,1,9620,42,0,40,1,1,0
62,1,16,3,8740,45,5,40,2,2,0
39,1,21,1,4850,36,1,45,1,1,1
33,1,14,1,4020,17,1,20,1,2,0
50,1,16,1,6230,25,1,40,1,1,1
19,1,19,5,4030,48,0,40,2,1,0
20,1,19,5,5240,29,2,30,1,2,0
20,1,19,5,4150,27,2,40,1,1,0
59,1,19,1,136,128,0,40,1,1,1
57,7,20,1,340,27,1,60,1,1,1
30,1,21,5,3255,25,0,38,2,1,1
18,1,19,5,1970,207,17,20,1,6,0
23,4,21,5,4230,210,12,20,1,6,0
59,2,18,1,3255,12,1,55,1,1,1
63,3,16,2,120,55,0,34,2,1,0
24,1,16,5,4110,12,0,40,2,1,0
44,1,21,1,1360,210,0,40,1,6,1
50,6,16,1,8140,21,0,55,1,1,1
48,1,21,1,1430,247,0,40,1,6,1
63,6,19,1,4920,109,1,35,2,1,0
25,1,16,5,4220,42,0,40,1,1,0
24,1,21,5,4435,26,2,45,1,1,0
19,1,19,5,4110,36,17,40,1,2,0
21,1,18,5,5240,4,2,40,2,1,0
19,1,16,5,6260,26,2,40,1,1,0
39,3,21,1,640,6,0,40,2,9,1
23,1,21,5,2001,6,0,30,2,1,0
62,7,21,1,810,26,0,60,1,1,1
46,2,21,1,2040,36,0,50,1,1,1
48,1,19,1,7810,27,0,40,1,1,1
57,2,21,1,2040,50,1,40,2,1,1
56,1,19,1,1010,13,1,45,1,1,0
17,1,14,5,4720,13,2,25,2,2,0
60,2,20,3,3255,40,13,36,2,1,1
56,6,13,1,6050,36,1,60,1,1,0
44,4,22,1,440,26,0,40,1,9,1
27,1,21,3,4600,42,2,40,2,9,0
28,1,21,1,4251,207,1,20,2,6,0
20,2,16,5,726,48,0,12,1,1,0
64,1,19,1,9645,48,0,42,1,1,0
46,1,20,4,2145,37,0,36,2,1,0
54,1,16,5,9005,42,0,45,1,1,1
18,1,18,5,4020,35,2,4,1,1,0
48,4,21,1,2310,51,1,40,2,1,0
63,7,21,1,4810,46,0,50,1,1,1
51,4,19,1,6200,6,0,40,1,1,1
33,4,21,5,5521,36,2,40,1,1,1
64,1,20,1,530,20,0,50,1,1,1
53,3,18,1,3870,39,0,40,1,1,1
24,1,16,5,6230,39,0,50,1,1,0
29,4,20,1,3870,39,1,50,1,1,0
39,1,23,1,2006,42,1,50,2,1,1
47,6,16,1,5240,49,0,40,2,1,0
57,3,16,1,5740,46,0,32,2,1,0
29,1,21,1,800,54,0,42,1,1,1
54,1,16,3,6200,9,0,40,1,1,0
38,1,21,1,220,29,1,50,1,1,1
56,1,16,5,9645,44,0,40,2,1,0
53,1,16,1,4700,18,0,35,2,1,0
26,1,19,5,4110,35,0,25,2,8,0
43,1,21,1,10,6,0,60,1,1,1
34,1,21,1,3200,223,1,40,1,6,1
27,1,18,5,5240,12,0,40,2,1,0
61,1,19,1,9620,47,1,42,1,2,1
64,4,18,2,4020,19,0,12,2,1,0
51,1,16,3,7340,13,0,40,1,1,0
31,1,19,5,8000,37,10,60,1,1,0
35,1,21,1,4710,27,1,45,1,1,0
18,1,16,5,4600,21,17,10,2,9,0
64,7,22,1,710,37,0,30,1,1,0
54,1,8,4,6050,303,5,40,2,8,0
85,1,16,1,4251,4,0,6,1,1,0
58,1,20,1,7750,18,1,60,2,1,0
45,1,19,1,2001,25,0,40,1,1,1
63,3,22,5,2014,110,0,45,2,1,1
67,1,16,3,4720,48,0,40,2,2,0
55,1,18,3,9130,17,15,40,1,2,0
62,1,16,1,9130,53,1,30,1,1,0
25,1,20,1,5400,6,1,30,2,8,0
55,7,21,1,6260,13,0,50,1,2,1
52,1,21,1,1006,39,0,40,2,1,1
68,1,18,3,5240,46,0,40,2,1,0
29,1,21,1,136,39,0,50,2,1,1
29,7,15,1,4251,303,1,3,2,1,0
44,1,16,1,8030,26,1,40,1,1,1
43,3,22,5,440,6,13,40,2,9,1
33,1,16,1,4220,26,1,18,2,1,0
50,1,19,1,4850,329,0,40,1,1,0
60,4,21,3,5740,17,0,38,2,1,0
26,2,19,5,2060,21,15,15,1,1,0
43,7,21,4,5120,24,0,20,2,1,1
55,1,21,1,6200,327,6,60,1,1,1
31,1,18,5,4760,22,11,60,1,1,0
43,1,16,3,9620,47,0,40,2,1,0
34,2,22,5,2300,36,0,55,2,1,1
51,4,19,3,5000,6,0,40,2,1,0
31,2,21,1,5120,224,0,40,2,1,0
58,4,19,2,5740,28,0,40,2,1,0
28,1,14,5,8800,37,0,55,2,2,0
34,1,19,1,7750,55,1,40,2,1,0
60,4,19,1,705,48,1,40,2,1,1
50,1,21,1,6250,303,1,40,2,1,0
33,1,16,1,9620,39,2,40,1,1,0
46,1,16,1,7220,39,1,40,1,1,0
64,1,22,3,650,27,0,40,1,1,1
17,1,14,5,4150,1,2,8,2,2,0
56,1,14,4,7950,47,0,40,1,1,0
19,1,16,5,4760,12,2,20,1,1,0
30,1,21,1,4760,39,0,45,1,1,1
40,1,21,1,3500,233,0,40,1,6,1
47,1,19,4,6220,37,2,40,1,1,0
60,4,21,1,2014,39,1,28,2,1,0
43,2,21,1,1825,9,1,40,2,1,1
27,2,22,1,3150,21,1,40,2,1,1
58,1,18,1,5120,18,1,38,2,1,0
42,1,19,1,4000,36,0,40,1,2,0
48,6,7,5,4251,303,13,40,1,1,0
41,3,18,5,4720,46,0,56,2,5,0
73,5,23,1,3090,19,0,40,1,1,1
44,1,20,5,4000,6,0,75,1,1,0
54,1,16,3,8030,39,0,32,2,1,0
41,1,18,1,2710,27,1,40,1,1,1
30,1,20,1,4700,21,1,35,2,1,0
48,2,20,1,3323,6,0,40,2,3,1
49,7,23,1,410,217,1,40,2,6,1
56,1,16,3,6710,42,13,40,1,1,1
32,1,21,1,7700,17,2,50,1,1,1
56,3,16,1,440,34,0,52,2,1,1
23,1,21,5,6355,37,2,40,2,1,0
35,6,23,1,2830,4,1,50,1,1,1
69,1,21,2,2320,6,0,35,2,1,1
54,1,21,1,800,233,0,35,2,6,0
55,7,21,5,3255,34,0,35,2,1,1
54,1,22,1,630,22,1,40,2,1,1
24,3,21,5,3550,37,13,40,1,1,0
45,1,16,1,6050,207,1,40,1,6,0
65,2,20,1,9130,240,0,40,1,6,0
70,1,19,3,4020,35,5,4,2,9,0
53,7,19,3,2600,4,13,40,1,1,0
18,1,15,5,4840,55,2,20,2,1,0
19,1,19,5,4110,34,2,24,2,1,0
34,1,17,1,4010,13,2,40,2,2,0
34,1,21,1,3255,18,0,40,2,1,0
45,5,21,3,5820,36,2,40,2,1,0
40,1,20,1,3515,29,0,47,2,1,0
36,1,16,5,4710,17,0,50,2,1,0
50,1,16,1,4720,36,12,25,1,1,0
51,1,16,1,4700,19,1,40,1,1,0
59,6,22,1,710,72,0,30,1,1,1
32,2,21,1,5110,34,0,37,2,1,0
53,1,22,1,1021,301,1,50,1,1,1
65,1,21,3,4700,49,0,40,2,1,1
37,2,21,1,3255,13,0,40,2,1,1
33,3,22,1,2002,25,0,45,1,1,1
25,1,16,5,9130,55,0,43,1,1,1
31,3,22,1,2320,9,0,60,2,1,1
53,3,22,1,20,17,1,45,1,1,1
61,1,18,1,4700,20,0,45,1,1,0
23,1,21,5,3255,47,0,36,2,1,0
61,7,16,1,9130,6,1,70,1,1,1
58,1,13,2,4720,36,0,37,2,1,0
17,1,14,5,4055,42,2,10,2,1,0
52,2,24,1,2205,36,0,40,2,1,1
54,1,16,1,8465,17,0,40,2,1,0
28,1,16,5,4230,49,7,40,1,1,0
59,7,22,1,410,29,0,40,1,1,1
24,6,16,1,6260,303,0,40,1,8,0
52,3,22,1,2310,36,1,40,2,1,1
29,1,20,1,5110,329,0,40,2,8,0
30,1,21,5,710,17,12,60,1,1,1
28,1,17,1,4720,48,1,10,2,3,0
35,1,22,1,1021,210,0,45,1,6,1
30,1,21,5,705,247,0,40,1,6,1
56,3,19,4,565,38,0,40,1,3,1
55,5,21,1,5140,233,1,40,2,6,0
60,1,19,3,650,49,0,70,1,1,1
67,1,16,3,8335,142,13,40,1,1,0
57,1,11,1,4710,303,0,40,1,8,0
53,1,21,1,5400,34,1,20,2,1,0
60,2,19,1,6305,42,0,48,1,1,1
43,7,22,1,4810,17,0,60,2,1,1
61,6,16,1,6355,4,1,20,1,1,0
25,2,21,5,2040,6,2,20,1,1,0
20,1,19,5,4720,13,0,10,2,1,0
56,1,20,3,7420,25,0,40,2,1,1
42,1,19,5,220,17,2,50,1,1,1
45,1,20,5,4760,55,0,50,1,1,0
43,1,21,1,1530,38,0,40,1,1,1
67,1,22,1,710,48,0,32,1,1,1
43,1,19,1,7700,39,1,50,2,9,1
68,1,23,3,2100,45,0,70,1,1,1
86,3,22,3,2310,36,0,35,2,1,0
41,3,20,1,2545,36,1,37,2,1,0
27,1,21,5,3255,36,12,40,2,2,1
27,1,1,1,9640,313,0,40,2,8,0
37,1,16,5,9645,40,13,18,1,2,0
41,1,18,1,4600,42,0,11,2,1,0
62,1,19,3,6520,19,16,40,1,1,0
25,1,17,1,9620,13,1,16,2,1,0
55,5,21,1,5740,17,0,40,2,1,0
53,1,22,1,2310,39,0,40,2,1,1
46,3,21,4,3700,48,0,40,2,1,0
47,1,17,1,8140,1,0,40,1,1,1
19,1,19,5,4110,8,2,20,2,1,0
41,2,21,1,2040,48,0,60,1,1,1
43,1,20,3,310,6,0,50,1,1,1
80,6,16,1,4340,30,0,14,1,1,0
29,1,19,5,4760,48,13,40,2,1,1
63,6,13,1,4251,12,1,4,1,1,1
63,1,20,1,2640,48,0,45,1,1,1
42,1,17,3,9142,12,0,25,1,1,0
30,5,21,1,565,33,0,40,2,1,1
24,1,21,5,1530,6,0,40,1,6,0
53,1,19,5,350,22,13,40,1,1,0
45,6,22,1,2752,110,0,15,2,1,0
37,7,23,1,3090,28,1,55,2,1,1
39,1,18,1,7340,370,0,40,1,8,1
25,1,21,5,705,17,0,45,2,1,1
45,1,21,1,630,22,1,45,1,1,1
41,1,21,1,3050,45,1,34,1,2,1
61,6,21,3,2360,42,15,45,1,1,1
42,5,19,1,5240,47,1,40,2,1,1
21,8,19,1,4110,48,9,30,1,8,0
57,7,23,5,3090,303,0,40,1,1,1
50,3,22,1,2310,9,1,50,2,1,1
30,1,19,3,3500,21,0,38,2,1,1
60,2,21,1,10,11,0,45,1,1,1
52,5,21,1,7340,164,0,40,1,1,1
22,1,16,5,9620,36,17,20,1,2,0
21,1,16,5,4840,17,0,40,2,1,0
35,1,19,3,3640,6,0,40,2,1,0
27,6,22,5,2310,207,13,40,1,6,1
24,1,16,5,4220,39,2,40,1,1,0
38,1,17,1,4110,37,0,35,2,2,0
28,1,21,5,2635,6,0,45,2,6,1
51,5,22,1,350,36,1,40,1,1,1
40,1,16,1,6230,303,0,40,1,1,0
21,1,19,5,845,34,0,40,1,1,0
34,1,21,1,51,9,1,50,2,1,1
19,1,18,5,9620,39,17,10,2,1,0
65,2,19,3,3322,42,0,42,2,1,1
60,1,12,1,7700,26,0,45,1,1,1
48,1,21,3,9640,327,13,40,2,1,0
38,1,8,5,4220,303,0,30,2,8,0
66,6,22,1,735,25,1,36,2,1,1
37,7,24,5,3090,8,0,60,2,1,1
66,6,16,1,6355,46,1,55,1,1,0
58,2,18,1,2545,27,1,35,2,1,0
58,3,21,3,440,51,0,45,2,1,1
33,1,17,1,9130,303,0,40,1,8,1
35,4,19,3,3802,35,13,40,1,1,0
62,1,20,1,110,54,0,40,2,1,1
17,1,14,5,4130,25,2,20,2,1,0
34,1,19,5,9130,55,2,20,1,1,0
36,7,16,1,2920,53,0,80,1,1,1
45,1,16,1,9130,48,1,99,1,1,1
35,5,22,1,1021,42,0,40,1,1,1
22,1,16,5,9620,42,7,40,1,1,0
21,1,19,5,4720,36,2,16,2,1,0
41,5,16,3,1105,24,13,40,1,1,1
38,1,21,1,4850,21,1,40,1,1,1
81,1,23,1,2100,19,0,15,1,1,1
51,1,20,1,7410,19,0,60,1,1,1
73,3,19,2,2545,217,0,27,2,6,1
26,1,21,5,520,26,0,40,2,1,1
25,1,16,5,9130,13,3,38,1,2,0
43,1,21,5,800,110,0,40,2,1,1
37,4,21,1,3870,48,0,50,1,1,0
72,1,14,1,3930,54,1,39,1,1,0
34,1,22,1,1360,212,1,45,2,1,1
45,1,18,1,4850,25,1,50,1,1,1
24,1,16,5,9130,48,11,45,1,1,0
44,4,21,1,230,26,0,40,2,1,1
28,1,16,5,4030,6,2,30,1,1,0
49,4,22,1,2330,27,0,40,2,1,1
23,1,16,5,2360,36,5,30,2,2,0
56,1,21,1,3323,34,1,35,2,1,1
42,1,22,1,1021,42,0,40,1,1,1
60,4,21,1,2310,13,1,35,2,2,0
43,1,21,1,630,36,1,60,2,1,0
33,1,18,5,4700,51,0,40,2,2,1
19,1,16,5,4110,26,2,24,2,1,0
55,1,12,3,3930,508,10,40,1,7,0
55,1,20,1,9600,45,0,40,1,2,0
21,1,16,5,3603,48,4,12,2,1,0
80,1,16,1,4720,19,0,20,2,1,0
21,1,16,5,2400,17,17,10,2,1,0
23,1,19,5,4850,27,0,60,1,1,0
22,3,21,5,2310,19,2,40,2,1,0
49,1,19,4,5120,24,0,40,1,2,1
31,6,18,1,5740,42,0,15,2,1,0
55,1,21,3,5740,34,0,50,2,1,0
34,2,22,1,230,29,0,40,2,1,1
46,3,22,1,5000,17,0,40,2,2,1
40,5,17,1,5550,21,1,40,2,1,0
56,1,18,1,9645,26,10,30,1,1,0
36,5,18,1,9310,6,0,73,1,1,1
61,1,16,1,8350,42,6,20,2,1,0
24,1,16,5,4720,303,5,40,1,1,0
33,1,21,1,136,6,1,55,2,1,1
33,1,18,1,5240,19,1,35,1,1,0
40,6,11,1,6260,39,0,35,1,1,1
35,7,21,1,6200,6,0,40,1,1,0
18,1,16,5,6230,29,2,40,1,1,0
42,1,19,1,5240,12,0,8,2,1,0
34,2,21,5,630,48,0,40,1,9,0
60,1,16,3,5740,36,0,40,2,1,1
44,2,21,1,3255,29,0,40,2,1,1
42,1,13,5,4020,41,2,40,1,1,1
67,1,20,1,4760,8,0,38,1,1,1
52,1,16,5,7740,1,2,8,1,2,0
58,4,16,1,4010,37,1,40,2,1,0
53,1,19,5,4760,26,0,50,1,1,1
53,4,18,1,3802,6,0,40,1,1,1
41,1,21,1,5000,17,0,45,2,2,1
42,1,20,5,150,48,0,40,1,2,0
49,2,21,1,5940,44,1,40,2,1,0
42,1,15,3,5240,13,0,40,1,3,0
36,7,21,1,4010,22,1,40,1,1,0
30,2,21,1,3645,26,1,40,2,1,0
51,1,18,1,9130,29,1,55,1,1,0
24,1,19,5,5240,22,4,40,2,2,0
29,1,12,1,6050,303,2,30,1,8,0
65,1,22,3,3601,37,0,28,2,2,0
27,1,18,1,4700,46,0,45,1,1,1
25,1,23,5,2105,34,0,40,2,1,0
54,1,18,3,5740,1,0,40,2,1,1
63,2,10,5,2025,24,0,40,2,2,0
27,1,20,1,7210,160,2,60,1,1,0
65,1,16,1,9050,25,1,30,2,1,0
50,7,19,3,4760,26,0,60,1,1,1
32,1,16,1,7700,8,0,45,1,1,1
31,3,18,1,4220,329,9,40,1,1,0
30,1,16,1,6260,48,1,40,1,1,0
23,1,21,5,1006,6,0,40,1,6,0
36,1,9,1,6260,313,1,40,1,8,0
29,8,1,5,4230,35,0,30,2,3,0
51,1,21,1,1108,27,1,40,2,1,1
26,1,16,5,410,303,2,40,2,1,0
45,1,21,3,6230,56,0,45,1,1,0
51,1,21,5,440,301,0,40,1,1,1
46,1,16,1,9130,6,1,40,1,1,1
29,1,16,5,6850,303,0,40,1,1,0
63,7,19,1,6115,12,1,60,1,1,0
18,2,16,5,5810,18,2,15,2,1,0
54,1,19,1,6355,53,1,50,1,1,1
52,3,21,1,4622,6,0,60,1,8,1
78,2,22,1,2014,164,0,16,1,1,0
68,1,19,1,4600,313,0,25,1,2,0
59,5,16,1,5600,48,0,40,1,1,1
26,3,19,5,5740,48,2,40,2,2,0
59,2,16,1,5740,22,0,36,2,1,0
35,1,21,3,4850,49,0,40,2,1,1
37,1,19,1,7700,501,1,60,1,1,1
35,1,20,5,9130,15,2,40,1,6,0
32,4,21,5,2310,21,0,50,1,1,1
52,1,22,1,120,48,1,65,1,1,1
18,1,15,5,9645,6,4,18,1,9,0
37,3,21,5,2310,37,0,40,1,1,0
53,2,10,1,4720,303,1,40,1,1,0
55,1,16,1,6260,303,0,50,1,8,1
39,4,22,1,2310,45,0,40,2,2,1
35,1,16,5,7750,38,2,48,2,1,0
61,1,19,4,4720,1,0,38,2,2,0
55,1,20,1,700,36,1,40,2,1,0
43,1,1,1,9645,6,5,30,1,8,0
64,1,16,1,3603,20,1,40,2,1,0
24,1,21,5,1460,36,0,40,1,1,1
30,1,19,5,7200,47,15,45,1,1,0
28,1,12,5,8530,13,0,8,2,2,0
71,6,23,1,2100,4,0,40,1,1,0
47,1,18,5,5610,13,0,41,1,1,0
61,1,19,3,4720,18,0,30,2,1,0
52,1,12,3,9645,21,0,32,2,1,0
55,7,20,1,845,17,0,20,2,1,0
19,1,16,5,4055,29,2,20,2,1,0
30,3,22,5,2310,48,2,40,1,1,0
27,6,11,5,6410,48,2,40,1,1,0
40,1,19,1,440,17,1,70,1,1,1
47,3,20,3,3870,72,13,40,1,1,0
23,1,9,1,6040,303,0,40,2,1,0
53,1,21,1,4340,34,0,37,2,1,0
44,3,21,1,4720,215,1,10,2,6,0
27,1,22,5,2640,13,13,50,2,1,1
31,1,21,5,52,138,0,40,1,1,1
45,3,22,1,3230,207,0,30,2,6,1
36,1,21,1,7410,24,1,40,1,1,1
21,1,16,5,4020,34,2,25,2,8,0
59,1,21,3,1350,48,0,40,1,1,1
46,1,19,1,5240,4,9,25,2,1,0
25,1,9,5,6050,303,0,30,1,9,0
63,4,21,1,5000,6,1,40,1,6,1
24,3,21,5,7020,48,2,40,2,2,0
54,1,21,3,3255,42,10,45,2,2,1
41,1,19,1,6355,29,1,40,1,1,1
58,6,18,3,3602,36,0,30,2,1,0
37,6,19,1,4350,36,0,40,2,1,0
51,1,17,1,565,72,1,40,1,1,1
18,1,16,5,4020,31,17,3,1,1,0
37,4,21,1,2205,31,0,40,1,1,1
37,3,16,3,5740,72,0,40,2,8,0
61,4,21,3,4600,4,0,3,1,1,0
57,6,19,1,4220,34,0,40,2,1,0
26,1,18,1,7905,8,0,40,1,1,0
20,1,19,5,4435,34,17,15,2,1,0
46,1,12,5,9130,329,2,40,1,8,0
50,1,9,5,7750,303,0,50,1,1,0
61,3,16,5,4251,42,0,40,1,1,0
37,1,20,1,8030,13,1,40,1,1,0
57,1,19,1,4010,6,0,35,2,1,0
59,1,17,3,7700,42,0,55,1,1,1
61,7,21,1,5120,18,0,40,2,1,0
37,2,22,1,1305,210,0,40,1,6,1
40,1,17,5,5610,17,15,40,1,1,0
34,1,18,1,3655,6,0,40,1,1,1
31,1,21,1,10,48,1,60,1,1,1
64,1,19,3,5740,11,0,40,2,2,0
32,1,15,1,6260,365,1,40,1,8,0
59,1,19,1,8225,223,0,40,1,6,0
25,1,16,5,4020,39,12,40,1,9,0
55,1,11,1,9130,6,1,50,1,1,0
21,1,19,5,4720,54,17,30,1,1,0
55,1,16,3,4210,39,13,45,1,1,0
47,1,18,1,350,54,0,45,2,1,0
19,1,19,5,5240,41,17,20,2,1,0
59,3,21,3,150,24,0,40,1,1,1
26,4,21,5,4220,27,15,40,1,1,0
37,1,21,1,4820,34,0,50,2,1,1
39,6,19,1,4510,37,1,20,2,1,0
28,1,16,5,4055,6,2,40,2,8,0
32,1,22,1,710,12,1,40,2,1,1
23,1,16,5,4110,37,0,30,2,1,0
35,1,21,1,800,36,2,40,1,1,1
65,2,24,1,3050,414,1,40,2,1,1
46,7,21,1,2850,5,0,40,1,1,1
67,1,24,1,5350,1,1,30,1,2,0
44,1,21,1,3160,45,1,40,2,1,0
51,1,21,1,4760,54,1,55,2,1,1
38,1,16,4,6050,303,0,35,2,8,0
28,1,16,5,9620,13,2,8,1,1,0
24,3,21,5,2310,17,2,36,2,1,0
59,1,16,1,800,41,1,40,2,1,0
53,3,21,1,2310,39,0,15,2,1,0
26,1,21,5,5400,1,2,40,2,1,0
39,1,22,1,3500,162,1,40,1,1,1
28,1,17,5,4230,1,15,30,2,9,0
38,1,17,4,8810,1,10,50,1,1,0
39,1,21,1,20,49,1,45,2,1,0
50,3,20,3,530,368,2,35,2,2,1
20,1,19,5,4720,363,2,28,2,1,0
39,1,14,1,4110,329,0,40,2,1,1
53,1,21,1,4700,17,1,50,1,1,1
45,3,21,1,2310,51,0,50,2,1,1
44,1,19,1,5710,36,0,50,2,1,0
32,1,21,1,2300,48,1,40,2,1,0
27,1,19,1,910,17,1,40,2,1,0
24,1,20,5,4030,34,2,35,1,1,0
53,1,13,5,5740,34,13,60,2,1,1
41,1,19,5,8225,26,0,40,2,2,0
30,1,19,5,9130,42,0,50,1,1,1
60,1,21,1,230,36,0,35,1,1,0
49,1,21,1,120,240,0,40,1,6,1
25,1,19,1,5120,53,1,40,2,1,0
43,6,21,5,2360,36,0,84,1,2,0
40,1,20,1,1430,55,1,40,1,1,1
44,1,20,4,5820,6,2,25,2,1,0
68,1,16,1,6260,361,1,40,1,1,0
35,1,18,1,4750,41,1,50,1,1,0
21,1,17,5,9130,48,2,40,1,9,0
59,1,18,1,10,45,0,48,1,1,1
43,1,21,3,350,36,0,40,2,1,1
51,4,21,1,1105,39,0,50,2,1,1
21,4,19,5,3840,24,17,50,1,1,0
62,1,21,3,5300,36,0,16,2,1,0
31,1,21,5,705,39,2,40,1,1,1
44,1,21,5,4760,1,0,42,1,1,0
30,1,21,5,2632,72,0,70,2,1,1
43,1,17,4,4510,333,0,40,2,2,0
36,1,16,5,5610,42,0,40,1,1,0
29,1,21,1,4700,6,0,30,2,1,0
51,6,22,1,2600,24,0,20,1,1,0
44,3,21,3,2850,53,0,40,2,3,0
41,1,21,1,705,6,1,50,2,6,1
45,6,16,5,6260,26,0,50,1,1,0
26,3,19,5,120,18,2,40,2,1,0
29,1,16,5,3603,17,0,40,2,2,0
29,1,16,5,7200,40,5,50,1,1,0
70,1,16,1,9130,46,1,6,1,1,0
23,1,19,1,4700,6,2,38,1,9,0
66,4,21,1,4220,37,0,30,1,1,0
35,1,20,3,5240,128,13,40,2,1,0
26,5,23,5,2100,22,12,60,2,1,1
51,4,23,5,1220,314,0,40,2,9,1
61,1,20,3,7020,42,0,41,1,1,0
62,5,14,3,820,13,12,40,2,1,1
38,1,19,3,5740,37,0,50,2,1,0
42,1,18,5,520,48,2,10,2,1,0
58,4,21,1,2310,48,1,40,2,1,1
45,1,20,1,5740,36,1,40,2,1,0
49,1,19,1,9645,17,2,30,2,1,0
34,2,21,1,2751,17,1,45,1,1,0
49,6,16,1,4510,26,0,40,2,1,0
46,1,21,1,2722,26,1,40,2,1,0
32,1,22,5,1021,6,13,50,1,1,1
47,1,21,1,140,17,1,65,1,1,1
57,1,16,1,8990,6,1,20,1,1,0
31,3,21,5,2545,51,2,35,1,1,0
17,1,14,5,4760,25,2,25,1,1,0
52,6,20,3,1006,25,13,50,1,1,1
58,1,20,3,410,12,0,40,2,1,0
64,3,21,1,5420,20,0,50,2,1,0
49,1,21,1,440,6,1,40,1,6,0
29,1,20,5,5740,22,0,40,2,1,0
33,1,24,1,2100,26,1,40,1,1,0
29,2,21,5,5940,25,0,45,2,6,0
52,2,21,5,2640,6,0,45,2,2,1
59,3,23,1,6660,6,0,45,1,1,1
42,1,19,1,3500,29,0,40,2,1,1
28,1,21,5,5320,6,2,40,2,1,0
54,6,11,1,4600,47,1,40,1,1,0
25,5,19,5,5550,6,13,60,1,8,0
26,1,19,5,4020,4,2,40,1,8,0
20,1,19,5,4150,47,15,20,2,1,0
53,2,19,1,10,47,1,40,2,1,1
49,1,18,1,8600,36,0,40,1,1,1
75,6,23,1,2040,24,1,3,1,1,0
30,1,16,5,7810,48,12,40,1,1,0
58,7,22,5,52,17,0,35,1,1,0
20,1,11,5,4720,18,2,41,2,1,0
26,1,20,1,4760,242,10,32,2,6,0
58,3,16,1,2016,37,1,40,2,1,0
56,4,22,1,2205,44,1,15,2,1,0
51,6,23,1,2180,6,1,30,2,1,1
43,4,21,1,2310,20,1,60,2,1,0
55,1,21,1,4840,12,1,60,1,1,1
59,1,17,1,4220,1,0,40,1,1,0
64,1,18,1,5110,48,0,40,2,1,0
66,3,19,2,230,49,0,38,2,1,1
34,1,20,5,6050,30,0,50,1,1,1
22,1,17,5,4020,48,16,50,1,3,0
34,1,18,1,5400,39,0,40,2,1,0
42,2,22,5,2320,327,5,40,1,2,1
51,1,16,4,4500,6,2,48,1,1,0
68,6,13,1,2600,35,0,30,1,3,0
46,1,21,1,9130,36,1,20,1,1,0
41,1,11,1,9005,18,0,47,1,1,1
45,1,16,1,2910,72,0,60,1,9,1
39,3,21,1,2320,48,0,50,1,1,1
63,3,22,1,4435,25,0,12,1,1,1
19,1,18,5,6260,21,17,40,1,1,0
35,6,16,1,4600,31,0,40,2,1,0
64,1,18,1,1010,26,1,40,1,1,1
49,2,19,1,9365,333,1,40,2,2,0
23,1,21,5,3255,25,2,36,2,1,1
53,1,18,1,650,36,1,60,1,1,1
38,1,22,1,800,42,1,60,1,1,1
34,3,19,1,3740,39,0,53,1,1,0
55,1,13,1,5522,42,1,42,2,1,0
80,1,15,2,9645,51,0,18,2,2,0
53,2,16,3,20,55,0,55,2,1,0
58,1,19,5,5240,6,0,40,1,1,1
50,8,12,3,7200,45,2,5,1,2,0
18,1,15,5,4110,24,2,30,2,1,0
26,1,21,5,5940,373,0,40,1,2,0
51,3,16,4,9121,48,10,40,2,2,0
37,1,22,1,1530,20,0,45,1,1,1
56,3,22,1,3710,42,0,50,1,1,1
46,1,21,3,1021,449,0,40,1,1,1
26,2,21,5,2014,53,0,40,2,1,0
59,1,16,1,4251,42,1,40,1,1,0
58,2,18,1,5710,6,0,38,2,1,0
20,1,19,5,5810,13,17,30,1,6,0
32,2,16,5,6230,48,16,40,1,1,0
27,1,20,1,3645,20,0,40,2,1,0
50,1,17,4,4230,329,0,30,2,9,1
23,1,16,5,4200,45,12,40,1,1,0
42,3,21,5,3255,6,2,16,2,1,1
65,1,19,1,9130,55,0,55,1,1,0
37,6,16,1,4220,6,0,5,2,1,0
41,1,19,3,7200,8,0,40,1,9,0
43,1,20,3,8740,20,0,50,1,1,1
39,1,19,3,160,6,0,40,1,1,1
22,1,21,5,51,39,12,40,1,1,0
51,1,17,2,9130,40,13,40,1,1,0
63,6,16,1,6330,47,1,40,1,1,0
54,1,16,1,5740,6,0,30,2,1,0
50,7,18,1,4020,40,0,70,2,3,0
73,6,21,5,735,18,0,16,1,1,0
30,1,20,1,1108,303,1,40,1,1,0
25,1,21,5,5860,207,10,40,2,6,0
38,4,24,5,1760,243,0,85,1,1,0
58,6,20,3,4760,36,2,20,1,1,0
38,1,20,3,540,17,0,40,2,1,0
32,1,21,5,3520,48,7,25,2,1,0
59,1,17,1,8030,9,1,40,1,1,1
38,1,16,3,5740,53,2,40,2,1,0
57,1,16,1,7340,45,1,40,1,1,1
23,4,21,5,2205,36,17,30,2,1,0
26,1,18,5,9130,36,0,52,1,1,1
65,2,18,3,4040,29,0,18,2,2,0
30,1,21,5,4760,36,0,25,2,1,0
23,1,21,5,4030,51,10,8,1,2,0
33,1,22,5,4040,34,5,40,1,1,0
23,1,18,5,7340,29,2,48,1,9,0
28,1,21,5,310,17,0,55,2,1,0
60,5,19,3,5150,24,0,40,2,1,0
54,1,17,1,6200,53,1,40,1,1,1
62,4,19,1,5240,51,0,40,2,1,0
20,4,19,5,6600,212,12,10,2,1,0
51,6,21,1,4020,327,0,60,2,9,0
63,1,24,1,9620,39,1,20,1,2,1
68,3,23,1,3090,217,0,40,1,6,1
52,1,18,1,2640,26,1,50,2,1,0
36,1,21,5,4020,26,0,45,2,1,0
45,1,16,5,7150,53,0,40,1,1,0
51,1,22,1,3255,42,1,20,2,1,0
38,7,22,1,1305,301,1,65,2,1,1
52,1,14,3,8140,316,0,40,2,8,0
34,3,20,1,3255,36,0,35,2,1,1
43,4,22,1,2310,48,1,40,2,2,0
33,2,21,1,1610,39,1,45,2,1,0
47,6,14,3,7200,4,0,35,2,1,0
43,1,16,1,4965,42,0,40,1,1,0
47,1,21,1,8990,22,0,48,1,1,1
28,3,21,1,2310,6,0,45,1,1,0
23,1,18,5,4760,6,0,30,2,1,0
27,6,16,5,6115,23,0,60,1,1,1
34,1,21,1,5240,303,1,40,2,1,0
33,5,18,5,7220,41,12,40,1,1,1
60,1,18,1,8140,33,0,46,1,1,1
39,1,22,1,7000,205,0,40,1,6,1
21,1,21,5,5240,13,2,28,2,9,0
22,4,16,5,5860,15,2,20,1,6,0
58,1,21,1,4720,17,1,24,2,1,0
42,2,13,1,3602,6,0,40,2,1,0
39,1,16,5,7750,39,16,40,1,2,0
35,3,21,1,5740,24,0,40,1,1,1
50,1,21,3,5600,17,0,48,1,1,1
26,1,19,5,9050,18,0,40,2,1,0
42,1,19,1,5120,26,1,2,2,1,0
32,1,16,5,4760,48,13,40,2,1,0
22,1,21,5,3255,25,12,36,2,1,0
68,5,21,1,5000,17,0,40,1,1,1
66,6,19,1,205,20,0,12,1,1,1
60,1,15,1,9130,303,0,60,1,1,1
73,6,24,1,2360,47,0,1,1,1,1
43,2,16,5,9645,39,0,2,1,1,0
48,1,21,1,800,27,1,50,2,1,1
45,1,22,1,5240,41,0,40,1,1,1
51,3,16,3,5521,39,0,40,2,1,1
57,6,22,1,2006,48,0,40,2,1,0
17,1,14,5,4420,27,2,8,2,1,0
20,1,16,5,8990,31,15,40,1,8,0
40,1,16,3,6050,303,0,50,1,1,1
41,2,22,1,5840,37,1,40,2,2,0
49,1,22,5,1305,1,13,50,1,1,1
21,2,19,5,5920,6,17,10,1,1,0
51,3,21,3,3740,32,0,56,2,1,1
59,4,16,1,5920,24,1,50,2,1,1
32,1,20,1,3255,39,1,45,2,1,1
44,1,20,1,8740,39,0,48,1,1,1
32,1,21,1,800,24,1,55,2,1,1
38,1,17,5,9130,27,0,40,1,1,0
36,5,21,5,8225,51,0,55,1,1,1
58,6,23,1,2600,17,0,5,2,1,0
29,3,21,1,2545,414,9,37,1,1,0
60,2,21,5,3255,42,0,40,2,1,1
32,1,22,1,3910,1,0,40,2,1,1
26,1,16,5,4030,39,13,40,1,1,0
34,6,22,1,710,110,1,40,1,1,0
47,1,21,1,10,42,1,60,1,1,1
63,6,20,3,7315,27,0,20,1,1,0
36,3,21,1,2205,36,0,40,1,1,1
69,1,21,2,5860,39,0,40,1,1,0
53,3,20,1,136,25,1,40,2,1,1
71,1,19,1,3500,37,1,24,2,2,0
33,1,19,5,5300,48,0,40,1,1,1
18,1,19,5,4720,30,17,6,1,1,0
33,1,21,5,3930,15,0,40,1,1,1
49,3,21,1,3720,36,0,48,1,1,1
18,1,16,5,6442,26,2,30,1,1,0
38,7,21,3,565,42,0,60,2,1,0
50,1,19,1,5860,29,0,20,2,1,0
58,6,21,1,4920,55,1,50,2,1,1
40,1,16,1,9130,29,0,40,1,1,0
30,4,16,5,2002,48,17,40,2,2,0
26,2,21,5,5740,26,15,40,2,1,0
66,1,22,1,2360,36,0,1,1,1,1
46,1,21,1,410,448,0,40,1,2,0
41,1,19,1,5740,26,0,40,2,1,0
22,1,16,5,9620,27,2,35,1,1,0
46,1,22,5,4820,29,13,50,1,1,1
65,2,21,1,850,48,6,32,1,1,1
34,1,20,1,750,202,0,40,1,6,1
35,1,22,1,1750,210,1,40,1,6,1
67,6,16,1,205,19,0,50,1,1,1
66,1,16,1,8990,25,0,42,1,1,1
42,1,21,1,4710,39,1,40,2,1,1
50,1,20,5,3605,462,12,40,1,2,0
17,1,14,5,4760,5,2,20,2,1,0
38,1,17,1,7330,341,1,40,1,2,0
34,1,18,1,4710,37,1,40,1,1,1
82,2,22,2,2752,6,0,10,2,1,0
55,1,20,2,5110,42,0,58,2,3,1
63,4,16,1,8300,26,1,40,1,2,0
59,2,22,1,2310,34,0,40,2,1,1
46,1,20,1,9645,17,2,38,1,1,0
58,1,18,1,4750,29,0,40,1,1,1
31,1,19,1,3649,37,1,40,2,2,0
30,2,23,5,3100,24,0,80,1,1,1
23,1,18,5,6520,53,13,50,1,1,0
60,1,21,1,140,13,1,40,1,1,0
72,2,22,5,2320,39,0,8,2,1,0
24,3,21,5,2310,51,2,40,1,1,0
51,6,16,5,3255,28,0,40,2,2,1
21,1,14,5,9610,6,2,40,1,1,0
34,1,21,3,750,9,0,42,2,1,1
48,1,21,1,3255,6,0,37,2,1,1
29,6,22,1,2360,12,1,15,2,1,0
44,3,21,1,2330,303,1,40,2,1,1
27,6,24,5,1530,39,13,55,1,1,1
22,1,16,5,4110,17,2,10,1,8,0
19,1,18,5,4110,38,17,20,1,1,0
57,1,20,1,440,110,1,60,1,1,1
64,1,16,1,7200,42,0,24,1,1,0
27,1,16,5,4040,17,2,35,1,1,0
24,1,16,5,5000,22,12,47,2,1,0
32,1,21,5,5140,233,2,40,1,6,0
47,1,21,3,3421,48,0,35,2,1,0
56,1,21,1,735,48,0,30,1,1,1
35,2,21,1,2310,22,1,40,2,1,0
40,4,24,3,2205,20,0,50,2,1,1
57,5,22,3,3110,36,0,55,2,1,0
18,1,16,5,5860,6,2,32,2,9,0
61,1,20,3,4760,22,0,20,2,1,0
31,1,19,5,5300,1,7,36,2,2,0
40,1,16,3,4720,47,13,25,2,1,0
58,1,16,1,8740,207,0,40,2,6,0
60,3,16,1,6305,55,0,40,1,1,0
27,5,21,5,800,39,0,40,1,1,1
25,1,21,5,630,53,12,40,1,1,1
20,1,19,5,7020,229,5,40,1,6,0
26,1,18,5,440,26,0,40,1,1,1
40,1,18,1,440,1,1,50,1,1,1
29,4,24,3,230,6,0,50,2,9,1
40,7,13,1,4252,12,1,40,1,1,1
51,1,21,1,630,233,0,40,2,6,1
51,3,21,3,2310,48,0,40,2,1,1
24,1,13,5,5350,6,2,50,1,8,0
28,1,21,1,1021,55,1,50,1,1,1
50,2,21,1,420,9,1,40,1,1,1
33,3,21,5,3255,39,2,30,2,1,0
55,4,16,1,2545,15,0,40,2,9,0
55,1,16,3,7330,50,13,50,1,1,1
61,1,18,1,7800,6,0,37,2,1,0
27,1,21,1,1032,39,0,35,2,1,0
38,3,19,1,5521,370,0,40,1,8,1
35,1,20,1,7220,40,0,40,1,3,1
63,1,19,5,4030,36,16,22,1,1,0
28,1,16,1,440,26,2,40,1,1,0
50,1,22,3,3245,6,0,30,2,1,1
22,2,21,5,1010,6,2,16,1,1,0
41,1,16,5,4040,17,2,40,2,1,1
67,1,16,1,4720,4,1,40,2,1,0
60,6,19,1,6230,8,1,35,1,1,0
64,6,17,3,335,39,0,60,1,1,0
57,1,16,1,565,31,0,40,2,1,0
32,1,19,1,3602,26,0,40,2,1,0
32,5,20,3,3255,55,0,40,2,1,1
48,1,18,1,5610,37,0,40,1,2,0
23,1,16,5,6230,2,2,40,1,4,0
20,1,19,5,4055,48,12,25,2,1,0
31,1,20,1,7220,48,1,40,1,1,1
29,1,16,5,6355,54,2,40,1,1,0
62,5,21,1,440,36,1,40,2,1,1
54,3,22,1,2310,26,1,50,2,1,1
43,1,19,4,3160,217,0,40,2,6,1
24,1,19,5,5400,72,2,40,2,8,0
36,1,22,5,350,301,0,30,2,1,0
49,1,16,1,5330,42,1,40,2,1,0
38,1,16,5,8990,27,0,40,1,1,0
52,1,21,1,1021,29,0,45,1,1,1
35,1,21,5,3421,36,13,50,2,1,0
47,1,16,1,4710,42,0,40,1,1,0
23,2,21,5,4700,36,2,40,2,1,0
46,1,9,1,4020,303,1,30,2,8,0
34,1,21,5,705,17,0,40,2,1,1
37,3,22,1,2435,24,1,40,2,1,0
54,1,18,1,8630,18,0,40,1,1,1
57,1,16,1,530,1,0,45,2,1,0
30,3,19,5,2360,4,13,30,1,1,0
77,1,16,1,9150,34,0,32,1,1,0
40,1,20,3,440,6,0,55,1,1,1
27,1,17,5,2545,25,0,40,2,1,0
66,4,22,1,2310,6,1,40,2,1,0
70,5,16,3,5310,22,0,12,2,1,0
36,1,21,1,725,37,0,40,2,1,1
27,5,18,5,7640,72,2,40,1,1,0
57,6,18,1,7640,26,0,40,1,1,0
42,1,21,1,800,18,0,55,1,1,1
50,2,22,1,2310,37,1,40,2,1,0
38,4,21,1,2310,15,0,40,2,9,1
23,1,21,5,2310,24,0,40,2,2,0
48,1,21,1,5000,36,0,40,2,1,0
24,1,19,5,230,1,2,40,1,1,0
30,1,17,3,7220,48,2,50,1,9,1
45,1,16,3,4700,48,2,40,2,1,0
65,1,19,3,5000,6,0,40,2,1,1
35,1,21,1,52,25,1,50,1,1,1
66,1,22,3,3250,301,0,85,1,1,1
33,1,17,1,4251,303,1,50,1,1,0
65,1,18,1,910,19,0,48,2,1,1
56,1,20,1,3602,26,0,40,2,1,1
56,1,18,1,5260,53,0,50,2,1,0
46,1,21,3,4760,233,0,40,1,6,0
20,1,16,5,7750,42,2,40,1,2,0
17,2,16,5,2545,207,2,25,2,6,0
22,1,21,5,3421,217,12,10,2,6,0
42,6,22,5,2350,48,2,9,2,1,0
63,1,16,1,9620,27,0,32,1,1,0
31,1,15,5,6260,42,15,40,1,1,0
46,6,16,1,205,26,0,20,1,1,0
46,1,19,3,4810,48,0,40,1,8,1
41,1,20,1,4930,39,0,40,1,1,1
33,5,21,1,3402,48,1,72,1,1,1
28,1,19,5,4055,18,13,30,1,1,0
25,1,19,1,9620,48,1,80,1,1,0
33,1,16,1,4510,24,0,38,2,1,1
42,1,16,1,9130,28,1,50,1,2,0
51,7,16,1,4110,436,1,30,2,1,0
36,2,17,1,410,25,0,45,1,1,0
38,1,19,1,9240,42,0,60,1,1,1
48,3,22,1,2310,29,1,50,2,1,1
28,3,16,1,4251,12,1,40,1,1,0
20,1,16,5,4760,4,2,36,2,9,0
53,4,20,1,2545,55,1,35,2,1,0
57,1,16,3,4210,47,0,3,1,2,0
28,1,16,2,4020,50,2,17,2,1,0
64,1,16,1,5120,17,1,40,2,1,0
19,1,16,5,9620,39,10,20,1,2,0
48,1,20,1,5600,4,0,42,1,1,1
66,1,19,2,5410,5,0,70,2,2,1
19,1,19,5,4600,48,11,20,2,1,0
30,5,21,5,5860,36,12,40,2,6,1
31,1,16,5,5810,48,4,40,2,1,0
65,4,21,1,845,210,0,40,1,6,1
65,3,22,1,2310,34,1,14,2,1,0
45,1,16,5,8990,233,0,40,1,6,0
60,1,20,1,3220,39,0,40,2,1,1
25,1,16,4,310,39,0,40,2,9,0
48,1,19,1,8600,13,0,40,1,2,0
60,1,16,1,8030,42,1,40,1,1,1
25,2,21,1,2300,17,1,20,2,1,0
65,1,22,1,440,36,1,32,2,1,0
17,1,13,5,4760,48,2,28,1,1,0
19,2,19,5,2723,34,17,20,1,1,0
59,3,19,2,6200,28,0,40,1,2,1
54,1,16,1,4700,13,0,32,1,1,0
62,1,16,1,8310,55,1,40,2,1,0
30,5,21,3,4255,16,9,40,1,1,0
37,2,21,1,420,48,1,45,2,1,1
33,1,23,1,2100,17,1,60,2,1,1
44,1,21,1,5240,42,0,40,2,1,1
48,1,16,3,7200,9,0,40,1,1,1
24,6,21,5,4710,53,11,15,2,1,0
37,1,2,1,440,6,1,40,1,6,0
65,1,16,1,440,247,0,40,1,6,0
45,1,18,1,3430,28,0,40,2,2,0
44,5,20,4,2634,39,0,40,1,1,1
29,1,21,1,2310,12,1,40,2,1,0
62,1,21,1,3602,17,1,20,2,1,0
62,1,16,1,4330,39,0,20,2,1,0
41,1,16,3,9130,28,2,40,1,1,0
60,1,16,5,9130,19,0,40,1,1,0
57,1,19,1,120,48,0,50,1,1,1
45,6,15,1,5740,39,1,40,2,1,0
26,1,21,1,8320,110,1,10,2,1,0
62,1,21,1,2205,212,0,40,1,9,0
55,3,18,1,5000,39,0,40,2,1,1
43,1,21,1,4820,48,0,50,1,1,1
54,2,16,3,8600,29,0,40,1,1,1
28,1,18,5,4720,48,2,45,1,2,0
52,2,20,2,630,25,0,45,2,1,1
26,1,16,5,2545,42,2,40,2,2,0
30,6,19,1,5120,48,0,40,2,1,0
65,6,16,3,205,42,0,50,1,1,1
36,1,20,5,2350,103,0,20,1,1,0
53,1,8,1,9645,303,0,40,1,1,1
46,1,17,5,4110,1,0,40,2,2,0
58,1,16,3,4220,26,0,40,1,1,0
24,1,16,4,350,39,0,45,2,1,0
68,1,16,1,8140,210,1,40,1,6,0
40,1,21,5,565,29,0,40,1,1,0
30,4,22,1,2310,42,0,40,1,1,1
36,3,19,5,5860,6,2,40,2,6,0
44,2,20,1,2012,17,6,38,2,1,0
56,1,16,1,5110,22,0,45,2,1,0
68,2,22,1,2205,48,0,40,1,1,1
66,2,20,1,5740,34,0,35,2,1,1
20,1,20,5,4030,42,2,25,2,1,0
53,1,16,1,8140,15,1,40,1,7,0
45,1,9,1,3603,303,6,40,2,1,0
65,4,21,2,420,17,0,40,2,1,0
57,5,19,1,440,36,0,40,2,1,1
37,1,20,5,4400,214,12,28,2,1,0
68,1,24,1,440,128,0,35,1,1,0
32,1,19,1,5610,6,1,40,1,1,0
43,1,16,1,6240,12,0,20,1,6,0
28,1,24,1,3160,36,0,40,2,1,1
47,6,17,1,5510,17,16,40,1,8,0
42,1,15,1,4720,247,10,20,2,6,0
50,1,16,1,7340,34,1,48,1,1,1
43,1,18,1,9210,5,1,60,1,1,1
58,3,22,1,800,333,1,40,2,2,0
28,1,20,5,3601,233,2,40,2,6,0
22,1,20,5,4110,48,0,20,2,3,0
41,6,12,1,205,42,1,80,1,1,1
24,1,20,5,5240,29,12,32,2,1,0
57,2,19,1,350,6,0,40,1,1,1
64,1,21,1,4965,51,0,40,1,1,1
46,6,22,1,2004,360,0,15,2,1,0
44,1,16,1,910,26,0,40,2,1,0
25,4,18,5,6730,46,0,40,1,1,0
48,1,16,1,9600,303,1,32,1,1,0
43,3,21,5,4020,2,0,80,2,1,1
58,5,19,5,5150,17,12,50,1,1,0
33,4,22,1,60,51,0,50,2,1,1
50,1,19,1,5240,26,0,45,1,9,1
59,2,21,1,3550,54,1,20,2,1,0
66,3,22,1,2310,20,1,24,2,1,0
51,1,21,1,440,329,0,40,2,8,1
33,6,21,3,410,30,0,32,2,1,1
33,6,21,1,205,27,1,52,1,1,0
42,4,19,1,3870,42,0,40,1,1,1
43,1,16,1,4230,303,1,30,2,8,0
36,1,16,5,6410,315,13,40,1,8,0
59,1,20,1,8620,36,1,40,1,1,1
46,1,21,1,4400,210,0,24,1,6,0
53,1,16,5,4020,1,0,40,1,9,0
48,1,16,1,5740,48,1,40,2,1,1
58,6,20,5,4810,13,0,45,2,2,0
48,1,16,1,1555,223,0,40,2,6,0
70,1,20,1,4965,5,12,12,1,1,0
47,6,18,3,4020,55,13,25,2,1,0
48,1,21,1,52,414,0,50,1,1,1
46,1,21,1,3255,35,0,40,2,1,1
62,1,23,1,2310,48,0,40,1,1,0
41,1,16,1,6950,22,0,40,1,1,1
49,1,21,1,630,17,1,40,2,1,1
17,1,13,5,9620,39,2,8,1,1,0
67,7,18,1,630,4,1,24,2,1,0
18,1,16,5,4850,33,17,16,2,1,0
27,1,20,1,2145,55,1,16,2,1,0
31,1,16,5,4110,303,2,40,1,1,0
56,1,16,1,7330,206,15,35,1,6,0
40,4,21,1,2360,35,0,40,2,1,0
25,1,16,5,3401,18,3,45,1,1,0
32,2,17,5,9640,42,17,30,2,2,0
19,3,19,5,5240,39,17,18,1,2,0
50,1,21,5,4760,22,0,50,2,1,1
50,1,16,1,9620,47,0,40,1,1,0
49,1,21,1,150,26,0,40,1,1,1
29,1,19,5,2755,48,0,27,1,1,0
45,5,20,1,7220,36,0,60,1,1,1
57,1,21,1,3050,45,0,30,2,1,1
50,1,18,5,9030,139,0,40,1,1,0
24,3,16,5,4600,9,2,16,1,1,0
64,2,16,3,4600,6,0,20,2,3,0
60,1,16,3,5540,23,13,12,2,1,0
36,1,21,1,137,215,1,45,2,6,1
65,3,16,1,5740,13,1,42,2,1,0
54,1,17,1,1970,12,1,42,2,1,0
49,3,21,3,2310,42,0,38,2,1,0
17,1,14,5,9620,25,2,15,1,1,0
55,3,16,3,9130,36,13,40,1,1,0
51,1,21,1,4850,29,0,50,1,1,1
19,1,19,5,4720,53,2,20,2,1,0
37,3,23,1,2100,36,0,40,1,1,0
39,1,16,1,3602,315,0,20,2,8,0
47,4,24,1,2205,19,0,40,1,1,1
47,3,20,1,3740,8,0,56,1,1,1
56,1,16,1,350,36,1,40,2,1,0
38,3,21,1,9122,1,0,14,1,1,0
62,7,22,3,9142,216,0,30,1,1,0
20,1,19,5,4720,44,2,30,2,1,0
37,1,17,5,5240,8,15,40,1,8,0
51,5,19,1,5550,48,0,43,2,1,1
51,1,22,1,5000,5,0,50,1,1,1
22,1,21,5,3255,35,0,40,2,1,0
47,6,16,3,4230,48,10,40,2,1,0
34,1,23,4,3090,18,0,36,1,1,1
59,1,16,1,3601,55,1,8,2,1,0
29,2,21,5,420,4,2,40,1,1,0
53,3,1,2,2015,223,6,40,2,6,1
21,1,19,5,5300,12,2,24,1,1,0
62,5,22,1,5150,42,0,40,1,2,1
19,1,19,5,4760,27,11,20,2,1,0
56,1,16,3,5110,10,0,40,2,1,0
74,1,18,1,4920,36,1,40,2,1,1
27,1,21,5,5240,373,4,28,2,8,0
35,7,20,3,6050,50,2,56,2,1,0
29,1,17,3,800,25,13,40,2,1,1
31,1,16,1,5240,34,0,32,1,1,0
40,3,16,3,9122,51,2,40,1,2,0
33,3,17,1,5630,27,0,40,2,1,0
62,7,21,1,1305,360,0,35,1,1,1
18,1,16,5,4600,51,7,32,2,1,0
57,2,21,1,3300,1,0,20,1,1,0
68,1,19,1,6230,39,0,50,1,1,1
41,1,21,1,705,134,12,60,1,1,1
31,1,16,5,9600,6,13,40,1,1,0
51,1,18,5,440,13,0,40,2,2,1
28,3,22,1,2310,27,1,40,2,1,0
94,6,16,5,9130,1,6,3,1,2,0
57,6,21,5,750,6,0,30,1,1,1
37,1,17,1,140,13,16,60,1,1,1
48,1,20,1,5240,6,1,24,2,1,0
21,1,18,5,4720,6,2,40,2,1,0
31,2,22,1,2205,36,0,30,2,1,0
47,5,21,1,2205,210,1,60,1,9,1
18,1,19,5,4220,27,17,8,1,1,0
50,1,21,3,630,6,2,40,2,2,0
24,2,21,1,2300,17,1,40,2,1,0
21,1,16,5,9640,18,0,40,2,2,0
27,1,21,5,3300,25,2,40,2,1,1
20,1,19,5,1108,48,13,35,2,1,0
26,1,16,5,4140,6,10,30,1,1,0
37,6,21,3,4920,27,0,40,2,1,1
72,1,21,1,4850,47,1,40,1,1,1
49,1,19,5,4720,202,5,35,2,6,1
41,1,20,1,2634,39,0,40,2,2,0
52,1,20,1,3220,6,1,26,2,1,1
47,6,20,1,9620,36,0,50,1,1,0
24,1,16,5,3603,41,12,39,2,1,0
58,1,21,3,4700,110,0,50,2,1,1
61,1,21,1,350,6,0,50,2,1,1
17,1,13,5,4600,48,2,16,2,8,0
55,1,24,5,4850,12,0,40,1,1,1
22,1,16,5,4760,39,13,45,1,1,0
65,1,16,1,8335,27,1,55,1,1,0
28,6,16,1,4600,29,0,37,2,1,0
51,1,19,1,9130,1,0,60,1,2,1
20,1,15,5,6515,303,0,40,1,8,0
32,5,17,1,9830,39,1,45,1,1,1
42,1,20,5,1050,17,2,45,1,1,1
57,3,21,3,2310,34,0,40,2,1,0
19,1,18,5,9620,27,2,30,1,1,0
59,1,19,1,4210,27,1,70,1,1,1
63,5,23,3,3140,26,13,40,2,1,1
17,1,14,5,4760,55,2,8,2,1,0
32,2,21,1,725,36,1,30,2,1,0
35,1,18,1,440,20,1,40,2,1,0
40,3,22,1,2310,55,1,50,2,1,1
54,5,24,1,1700,42,0,40,1,1,1
69,3,19,1,3801,39,0,17,1,1,1
30,1,16,5,8225,21,0,40,1,1,0
22,4,17,5,4710,13,2,40,2,1,0
62,2,22,1,2002,48,1,40,2,1,0
35,6,19,5,4230,20,0,30,1,1,0
64,3,21,1,4600,26,1,25,2,1,0
54,4,21,1,440,6,0,45,2,1,0
52,2,20,3,2016,45,13,40,2,1,0
25,5,17,5,5540,34,0,55,1,2,0
46,1,17,1,9620,17,1,45,1,1,0
38,2,21,1,1650,55,0,40,2,1,1
30,2,19,5,3602,17,0,37,2,2,0
54,1,15,1,4220,39,0,50,2,1,0
54,7,21,1,4920,47,1,50,2,1,0
58,1,16,2,4110,55,0,16,2,1,0
60,1,16,1,540,36,0,40,2,1,0
29,2,21,5,2360,26,2,40,1,1,0
70,1,21,1,2360,13,0,15,1,1,1
58,1,19,3,8320,138,0,40,2,1,0
69,6,21,1,540,37,1,40,1,1,1
23,2,21,5,2205,207,17,40,1,6,0
78,6,21,1,120,6,0,30,1,1,1
33,1,19,1,4700,27,0,40,2,1,1
36,1,16,1,6050,19,1,60,1,1,1
31,1,20,1,3421,41,0,40,2,1,0
19,1,16,5,4020,48,2,20,1,1,0
47,1,16,1,6260,303,0,40,1,1,0
49,1,16,1,565,24,3,40,2,1,0
36,3,22,5,2310,22,0,50,2,1,0
51,7,19,1,4710,303,0,50,1,1,0
63,6,14,1,4600,39,0,60,2,2,0
58,5,21,1,5550,51,0,40,2,1,0
51,1,20,1,4600,17,1,40,2,1,0
54,1,16,1,8740,39,1,60,1,1,1
20,1,18,5,4720,27,2,40,2,1,0
35,1,17,5,6260,36,2,40,1,1,1
52,1,17,3,8465,13,0,12,1,1,0
37,8,19,5,2634,12,0,40,1,1,1
52,1,17,1,7340,55,1,40,1,1,0
25,1,20,5,5160,48,2,22,2,1,0
74,1,21,1,3930,6,0,48,1,1,1
43,2,15,1,3603,416,1,80,2,2,0
34,1,15,5,20,364,0,40,1,1,0
44,1,21,5,910,28,0,40,1,2,1
21,1,19,5,5110,9,2,40,2,1,0
64,1,20,1,9130,55,0,50,1,1,1
65,1,21,1,4820,373,0,40,1,1,1
34,1,21,5,800,6,0,45,1,1,1
66,2,22,1,2310,44,0,8,2,1,0
65,2,22,1,2016,25,1,40,2,1,1
52,6,19,3,5550,45,0,40,2,2,1
42,1,20,3,7700,26,0,40,2,1,0
27,5,19,1,1410,13,0,40,1,1,0
62,1,18,1,3645,209,1,40,2,6,0
39,1,19,3,9130,34,0,52,1,1,1
25,1,14,5,4251,12,16,40,1,2,0
42,3,21,1,3401,1,0,60,2,1,0
54,1,18,1,1050,30,0,40,1,1,0
61,2,16,1,4230,48,1,99,2,1,0
20,1,19,5,4760,53,12,23,1,2,0
67,2,22,5,2040,36,17,80,1,1,1
26,1,18,3,5240,8,0,35,2,1,0
61,5,20,1,5540,55,0,40,1,1,1
20,1,15,5,4010,27,12,40,2,1,0
62,6,21,1,205,46,0,60,1,1,0
23,1,19,5,4760,39,13,24,1,1,0
29,1,20,1,9510,42,1,55,1,1,1
43,1,11,1,6260,303,0,40,1,8,0
47,5,22,1,800,249,0,40,2,6,1
27,1,21,1,6355,163,1,40,1,1,0
26,1,21,5,1240,36,12,50,1,1,1
63,1,18,1,9130,35,1,70,1,1,1
68,1,18,2,9645,17,0,40,2,1,1
72,1,16,1,5240,13,0,39,2,2,0
64,7,16,4,600,42,0,40,1,1,1
39,4,24,5,2205,24,0,40,2,1,1
60,7,23,1,2100,20,0,50,2,1,1
29,2,21,1,2634,24,0,40,2,1,0
23,3,16,5,4110,4,2,23,2,1,0
57,1,17,3,8990,42,0,40,1,1,0
74,1,16,1,9130,28,1,50,1,2,1
38,1,16,1,9130,18,0,50,1,1,1
38,2,21,1,3255,22,1,99,1,1,1
49,1,21,1,4760,5,1,50,2,9,1
29,1,15,1,4700,48,0,40,2,1,0
68,1,16,3,9122,22,0,40,2,2,0
61,7,20,5,205,51,0,50,1,1,0
19,1,19,5,5240,51,17,24,2,1,0
21,1,19,5,3603,48,2,4,2,1,0
59,2,20,1,530,55,0,45,2,1,1
70,1,13,1,4220,21,0,40,1,1,0
23,1,16,5,8800,6,2,40,1,9,0
49,1,21,1,800,31,1,45,1,1,0
20,1,19,5,4720,48,17,30,1,1,0
24,1,19,5,9130,26,13,45,1,1,0
59,1,21,5,3610,18,0,30,2,1,0
55,1,16,3,4700,303,0,48,1,1,1
25,1,17,5,4700,24,7,50,1,2,0
37,3,16,1,3870,48,0,40,1,1,1
23,1,19,5,4530,17,12,5,1,1,0
51,1,21,5,4760,23,0,35,2,1,0
57,2,21,3,3255,40,0,40,2,1,1
41,1,17,1,630,40,1,40,2,1,0
18,1,16,5,3603,25,17,30,2,1,0
68,1,16,3,4720,37,0,22,1,1,0
26,1,19,5,1050,39,2,40,1,2,0
55,2,20,1,5120,46,0,55,2,1,0
30,1,18,1,2640,27,0,25,2,1,0
19,5,16,5,9825,8,17,84,1,9,1
73,2,22,1,3255,36,0,24,2,1,1
49,1,16,1,6260,34,0,40,1,1,0
50,3,19,1,3870,6,1,48,1,1,1
27,3,21,1,4600,48,1,3,2,1,0
53,1,16,3,710,138,0,60,1,1,1
41,4,21,1,5110,36,1,38,2,1,1
62,5,22,1,800,28,0,40,1,2,1
20,3,19,5,3960,51,2,25,1,1,0
57,1,1,5,9620,1,0,1,2,9,0
50,6,16,1,440,42,1,40,1,1,0
69,2,12,1,4230,48,1,20,2,1,0
48,1,16,1,2170,29,0,40,2,1,0
37,4,21,1,3870,20,0,50,1,1,1
44,1,15,5,4251,6,2,12,1,1,0
20,1,16,1,9640,12,9,40,1,1,0
63,5,20,3,5540,48,0,10,2,1,0
34,1,16,1,8800,6,0,40,1,8,0
33,1,21,1,4850,4,1,40,2,1,1
50,3,22,1,230,48,0,60,1,1,1
20,1,19,5,5420,36,17,10,1,1,0
62,6,21,3,2850,1,0,50,2,1,0
61,2,21,1,800,18,0,50,1,1,1
29,1,15,1,8000,26,1,36,1,9,1
64,3,21,1,800,414,0,35,2,1,1
66,6,16,1,205,46,1,30,1,1,0
66,1,20,2,3255,25,13,40,2,1,1
19,2,19,5,4010,6,0,20,1,6,0
51,1,16,1,7200,39,1,50,1,1,1
44,1,16,1,5740,48,0,40,2,1,0
19,1,19,5,5610,45,2,15,2,1,0
31,4,21,1,2310,40,1,40,2,1,0
63,6,19,1,710,25,1,20,2,1,0
65,7,20,3,7200,23,0,50,1,1,1
64,1,23,1,3090,370,1,45,2,8,1
37,2,21,1,3110,26,0,40,2,1,1
61,1,16,3,4230,15,13,40,2,7,0
26,1,19,5,4055,37,2,40,1,8,0
33,1,21,1,440,36,0,40,2,1,1
61,6,19,1,6765,26,0,60,1,1,1
62,1,16,3,4220,72,0,40,2,8,1
31,1,16,5,6260,40,16,20,1,1,0
67,1,16,3,5740,37,0,38,2,1,1
65,6,20,1,4760,48,1,4,2,1,0
48,1,22,1,2310,36,0,40,2,1,1
29,1,21,5,4850,34,0,40,2,1,0
32,1,21,1,310,27,1,40,2,1,1
19,1,19,5,9620,8,4,25,1,1,0
70,2,20,1,5120,6,1,25,2,1,0
41,1,22,1,3255,138,1,40,1,1,1
58,1,16,1,7200,1,0,40,1,1,0
40,2,19,1,5000,37,0,40,1,1,1
55,1,19,1,9122,303,0,40,1,1,0
54,3,21,1,2310,48,1,50,2,1,1
47,1,23,1,350,36,0,40,1,1,1
20,3,18,5,5521,39,10,40,2,1,0
18,1,16,5,4010,36,2,40,2,1,0
49,1,21,1,440,42,0,40,1,1,1
53,1,22,1,1530,416,0,40,1,2,1
38,1,19,1,7700,19,1,40,1,1,1
56,1,10,1,7200,327,0,30,1,1,0
31,1,14,1,9130,29,1,28,1,1,0
48,1,24,5,110,13,0,40,1,6,1
43,6,1,1,4230,313,1,40,2,1,0
28,1,16,5,4120,35,2,40,2,1,0
68,3,21,1,5150,10,0,40,1,1,1
59,1,19,1,8990,13,0,48,1,2,0
59,2,20,1,3255,53,1,40,2,1,1
34,1,17,3,5110,47,0,40,2,1,1
35,1,22,5,4700,25,13,40,1,1,1
59,1,19,3,6700,42,0,36,1,1,0
53,1,20,1,5120,6,1,40,2,1,0
35,1,20,5,3603,27,0,40,2,1,0
42,5,19,1,9620,17,0,40,1,1,1
58,1,16,1,5020,42,1,38,2,1,0
67,1,18,5,5860,42,11,24,2,1,0
42,1,16,3,4600,21,0,37,2,1,0
63,6,19,2,4700,217,0,40,2,6,1
22,1,13,5,7800,53,2,35,1,1,0
18,1,14,5,3602,48,2,25,2,1,0
59,3,17,1,4220,37,1,40,2,1,0
49,3,21,1,5860,16,0,30,2,1,0
46,2,20,1,5000,233,1,36,1,6,0
67,1,15,1,3655,332,1,36,2,2,1
19,1,16,5,4600,47,2,40,2,2,0
26,4,21,5,5420,49,2,25,1,1,0
37,1,18,1,9645,18,0,40,1,1,0
57,1,16,1,1545,42,0,40,1,1,1
44,1,18,1,7340,6,0,40,1,1,1
44,2,21,1,230,11,0,32,2,1,0
74,1,16,1,4220,329,1,30,2,1,0
64,1,21,3,3255,36,0,37,2,2,0
40,2,22,1,2310,21,0,55,2,1,1
29,1,18,5,9645,28,13,35,1,1,0
30,1,22,1,3245,56,1,39,1,1,0
46,1,16,1,9510,26,0,55,1,1,0
26,1,16,5,8810,301,13,50,2,1,0
46,1,24,1,1530,48,0,50,1,1,1
71,1,19,1,160,9,1,40,2,1,1
20,1,19,5,4720,25,0,20,2,1,0
30,1,19,1,4110,42,2,30,2,1,0
52,7,21,1,1010,51,1,60,1,1,1
37,1,22,1,6720,49,1,50,1,1,0
63,6,14,4,4251,12,0,14,1,1,0
23,1,19,5,4110,48,13,25,2,1,0
41,1,20,3,7560,27,13,40,1,1,0
47,1,16,1,4350,48,0,40,2,1,1
50,1,16,1,9130,22,1,40,1,1,1
55,1,19,3,220,8,0,55,1,1,1
17,6,14,5,4220,13,2,6,1,1,0
56,7,21,1,10,212,0,50,1,1,1
22,1,16,5,4220,13,2,35,1,2,0
46,1,18,1,4700,6,1,50,1,1,1
18,1,18,5,4720,48,17,30,2,1,0
38,1,21,1,3255,9,1,40,2,1,1
48,1,21,3,10,16,0,50,1,1,1
24,1,21,1,440,5,1,40,2,1,0
61,1,19,2,5120,36,0,20,2,1,0
20,1,18,5,4110,48,2,40,1,8,0
25,1,19,5,4720,42,11,45,2,1,0
57,5,22,1,3255,9,1,50,2,1,0
73,1,16,3,4020,35,0,40,2,1,0
49,1,21,1,52,34,0,60,1,1,1
36,1,16,1,6355,36,1,50,1,1,0
55,1,17,1,410,39,0,55,2,1,1
29,1,21,2,3255,37,10,40,2,6,0
64,3,21,1,440,28,1,40,1,2,1
67,2,22,3,2310,23,0,40,2,1,0
31,1,19,1,4251,12,1,40,1,1,0
33,1,17,1,8540,51,1,48,1,1,0
39,1,19,3,4220,34,17,40,1,1,0
47,5,19,1,9830,28,0,40,1,1,1
17,1,15,5,4110,427,4,10,2,2,0
58,6,19,1,2830,323,1,20,1,1,0
58,2,23,5,230,17,0,60,2,1,0
44,3,21,1,2545,202,1,35,2,6,0
61,2,20,5,3602,17,0,35,2,2,0
48,2,22,1,3160,5,1,40,2,1,1
50,1,9,1,8800,35,1,40,2,8,0
71,6,22,3,2850,36,0,10,2,1,0
52,1,17,5,4251,23,16,12,1,1,0
43,5,18,4,5550,29,0,45,1,1,1
49,1,19,2,4030,6,13,20,2,2,0
41,6,19,1,4810,39,1,90,1,1,1
54,1,20,1,3255,27,1,40,2,1,1
57,1,16,1,7720,9,1,40,2,1,0
40,2,24,1,2205,440,0,40,1,2,1
66,3,21,1,1980,51,0,45,1,1,1
56,1,21,5,440,16,0,25,2,1,0
62,3,20,3,7340,36,0,40,1,1,0
38,3,19,1,3820,55,0,50,1,1,1
36,1,17,1,9130,36,1,40,1,9,0
65,6,19,1,4465,54,1,15,2,1,1
71,6,16,3,8140,37,11,50,1,1,0
60,1,21,1,440,6,0,50,1,1,1
48,1,22,1,1007,36,0,40,2,1,1
61,1,19,1,20,39,1,70,1,1,1
53,1,19,1,7200,48,1,60,1,1,1
41,4,21,1,1050,31,0,40,1,1,1
33,1,18,1,1555,48,1,50,1,1,1
55,1,17,1,52,26,1,40,1,1,1
64,4,22,3,230,39,0,50,2,1,1
79,1,16,5,9620,6,10,36,2,9,0
28,1,19,5,7330,42,13,40,1,1,0
29,1,22,1,800,36,0,45,1,1,0
23,1,16,5,6355,39,0,40,1,1,0
43,7,22,1,4920,9,0,45,2,1,1
17,1,15,5,4720,24,2,50,2,2,0
51,3,17,1,3802,4,1,40,2,9,1
20,4,19,5,4600,22,2,20,2,1,0
20,1,19,5,630,6,12,3,2,1,0
37,1,16,5,4020,6,0,14,2,2,0
47,1,14,1,6230,303,1,50,1,8,0
52,3,21,1,2310,34,1,45,2,1,0
60,1,15,3,9130,9,13,40,1,9,0
48,5,21,1,2015,31,0,50,1,8,1
57,1,18,1,6200,17,1,50,1,1,0
39,2,22,1,350,26,0,50,2,3,1
19,2,19,5,3603,6,7,25,1,1,0
52,1,21,3,4920,36,0,18,2,1,1
26,1,19,3,4700,42,0,40,2,1,1
54,6,14,1,5740,42,1,25,2,1,0
45,1,16,5,9620,17,2,34,1,2,0
56,3,18,1,8620,48,0,40,1,1,1
48,3,15,1,4130,202,5,35,2,6,0
33,2,21,1,3645,21,0,40,2,1,1
20,1,16,5,6260,44,2,50,1,1,0
20,1,16,5,5240,36,17,2,2,2,0
29,1,20,1,5740,5,0,40,2,1,0
27,2,21,1,850,18,0,40,1,1,0
35,1,22,1,3030,22,1,40,2,1,1
25,1,12,5,7220,329,5,40,1,8,0
68,6,21,1,850,19,0,45,1,1,1
54,1,20,1,3255,30,1,32,2,1,0
63,3,22,1,2320,24,0,6,2,1,0
21,1,20,1,9430,72,1,30,1,8,0
64,1,21,1,5710,48,1,40,2,1,1
46,1,11,1,4220,364,1,20,2,9,0
69,3,19,1,2545,36,1,45,1,1,1
46,1,21,5,7420,51,2,40,1,2,0
38,1,16,3,8255,12,2,40,1,1,0
38,3,22,1,2310,18,0,40,2,1,0
69,2,22,1,2555,42,0,3,1,1,0
34,1,12,1,9142,329,2,20,2,8,0
48,1,22,1,110,459,0,40,2,2,1
19,1,16,5,9610,51,2,40,1,1,0
64,1,18,5,4720,24,0,48,1,2,0
55,1,21,3,5410,39,0,50,1,1,1
18,1,19,5,4720,231,2,9,2,6,0
52,6,16,1,6410,39,1,60,1,1,0
75,2,23,1,3545,17,0,40,1,1,1
34,1,16,1,9620,1,0,40,1,2,0
28,1,22,1,800,13,1,40,2,1,1
28,1,21,5,630,6,13,40,1,1,1
20,1,15,5,4720,17,2,20,2,2,0
43,4,19,1,3870,36,1,60,1,1,1
39,1,19,5,1460,8,13,45,1,1,1
17,2,13,5,1555,24,2,40,1,1,0
44,1,17,5,8990,28,0,40,2,2,1
66,1,21,1,1530,39,1,40,1,1,1
61,2,22,1,2310,37,1,45,1,1,1
33,1,22,1,3261,26,1,30,2,1,0
63,1,22,1,5000,12,0,40,1,1,1
56,1,23,3,2100,34,0,40,1,1,1
63,1,16,1,3655,48,0,32,2,1,0
32,1,21,1,9050,215,1,40,2,6,1
57,7,21,1,800,27,0,60,2,1,1
35,1,19,1,3640,6,0,40,2,8,0
58,1,20,1,3255,6,1,24,2,1,0
38,1,21,1,160,26,0,55,1,1,1
51,1,19,3,5840,327,0,40,2,1,0
63,1,16,1,2545,42,1,30,1,1,0
18,5,16,5,7140,36,17,60,1,1,0
72,1,12,3,8760,312,12,40,1,8,0
37,1,16,3,8630,48,0,99,1,1,1
34,1,21,5,5160,34,2,40,1,1,0
30,1,16,5,9620,329,2,30,1,8,0
33,1,16,1,7750,13,1,40,1,1,0
61,2,17,3,2040,28,0,40,1,1,0
61,1,18,1,4760,29,0,24,1,1,0
55,1,16,1,8710,51,1,50,1,1,0
36,1,19,1,5240,6,0,40,2,8,0
36,5,22,5,2016,48,0,40,2,1,1
18,1,18,5,4220,34,17,40,1,1,0
30,1,16,5,8510,329,12,40,1,1,0
62,1,18,1,4810,48,0,50,1,1,1
19,1,19,5,7800,39,2,25,2,1,0
19,1,19,5,5522,6,2,8,1,1,0
60,3,17,2,3602,134,12,35,2,1,0
34,1,13,3,3255,47,10,30,2,2,0
56,1,21,1,4120,233,0,32,1,6,0
63,6,22,1,2040,37,0,45,1,1,1
70,1,16,1,9650,48,0,50,1,1,1
26,1,21,5,5165,27,0,60,2,1,0
33,1,16,3,9130,31,13,60,1,1,1
57,1,16,5,3602,42,0,57,2,1,0
62,1,22,3,710,449,0,40,1,1,1
68,6,19,1,6230,6,0,24,1,1,0
42,6,16,1,4655,8,1,40,2,2,0
24,5,18,5,7340,449,2,50,1,1,0
52,1,19,1,4950,303,1,38,2,1,1
56,4,18,3,1010,6,16,40,1,1,0
65,1,23,1,3090,18,0,40,1,1,1
41,1,16,5,3940,34,0,50,1,1,1
43,5,20,1,6355,15,0,40,1,6,1
20,5,16,1,9825,6,17,55,1,1,0
72,1,18,1,4251,29,1,25,1,1,1
31,1,21,1,2310,303,0,50,2,1,1
49,1,16,1,5600,25,12,40,1,1,1
46,1,22,1,1021,210,1,40,2,6,1
52,1,21,1,110,233,1,40,2,6,1
49,4,21,3,2310,35,0,40,2,1,1
38,5,19,1,4220,6,0,40,2,2,0
21,2,19,5,2545,39,12,30,2,1,0
47,1,18,5,4600,6,0,30,2,1,0
26,1,15,5,5240,32,12,40,2,9,0
62,7,16,1,10,39,0,40,1,1,1
23,1,21,5,1006,21,0,40,2,1,1
60,7,16,2,4920,400,0,8,2,1,0
68,1,15,1,3300,37,1,31,2,2,0
28,1,19,5,4010,29,0,40,2,2,0
56,1,21,1,7700,22,1,50,1,1,1
61,1,23,1,2100,13,0,40,1,1,1
64,2,19,1,2040,12,0,55,1,1,1
48,6,21,5,4220,34,0,30,1,1,0
34,1,21,1,1430,42,1,40,2,1,1
70,3,16,3,420,5,0,16,2,1,0
50,1,18,1,4400,247,0,40,1,6,1
24,2,16,5,9645,17,2,11,1,1,0
42,1,22,1,51,128,0,40,1,1,1
21,1,16,5,7700,37,4,40,1,1,0
27,1,17,5,7315,37,2,40,1,1,0
20,1,13,5,8990,42,2,50,1,1,0
26,1,20,5,4850,28,2,50,1,1,0
68,1,16,2,5000,50,6,40,2,1,0
36,1,12,3,310,47,2,50,2,2,1
51,1,20,1,4230,72,0,40,2,8,0
28,1,19,5,3930,25,2,40,2,2,1
51,1,20,1,5160,45,1,24,2,1,0
18,1,19,5,5400,36,3,30,2,1,0
39,1,17,5,6200,55,0,55,1,1,0
60,2,20,1,2012,27,1,43,1,1,1
65,6,22,1,710,36,0,40,1,1,1
60,1,21,1,2300,449,0,30,2,1,0
53,1,21,1,4720,231,1,32,2,6,0
57,1,17,1,8310,17,1,20,2,1,0
63,1,19,1,5410,36,0,40,2,1,0
64,1,19,2,5740,26,0,25,2,1,0
25,1,22,5,140,301,0,60,1,6,1
41,2,19,1,630,8,0,40,2,1,0
30,1,16,1,4220,72,2,37,1,1,0
27,1,18,5,9645,55,2,40,1,1,0
49,1,1,1,8990,303,0,52,1,1,0
22,1,20,5,4110,29,12,30,2,1,0
51,1,16,1,3500,36,0,40,2,1,0
47,1,20,1,4010,215,1,40,2,6,0
40,4,22,1,440,48,1,50,1,1,1
55,1,17,1,3602,47,1,40,2,1,0
29,4,16,5,9005,34,16,30,1,2,0
29,1,21,5,845,48,12,40,1,1,1
20,1,16,5,4020,12,4,20,1,2,0
43,1,19,5,4700,28,0,46,2,2,0
50,1,16,1,4850,239,1,50,2,1,0
42,1,17,1,4020,303,0,40,1,1,0
54,4,18,1,3802,13,0,60,1,1,1
64,1,20,3,150,8,0,40,2,1,1
25,3,21,1,2310,13,1,45,2,1,0
40,2,21,1,420,11,0,50,2,1,1
50,1,19,1,5260,39,1,40,2,2,0
27,7,18,1,310,37,1,50,2,1,0
59,3,16,3,4220,35,0,40,1,1,1
35,6,16,5,440,12,16,60,1,2,0
44,1,16,1,9005,47,0,50,1,1,1
41,1,16,1,4760,13,1,40,1,1,0
67,2,20,1,800,137,17,60,2,1,1
63,3,21,3,1980,17,0,40,2,1,0
25,1,1,1,630,12,0,45,1,1,0
57,1,23,1,10,6,0,50,1,1,1
49,1,16,3,9610,28,0,40,2,1,0
65,2,21,1,8250,240,1,40,2,6,1
59,3,19,5,4220,17,0,40,1,1,1
34,5,19,1,5000,32,1,48,1,1,1
49,4,12,1,5240,4,0,45,2,9,0
57,3,21,1,9620,18,0,40,1,1,0
58,1,16,5,4220,27,0,15,1,1,0
25,4,19,5,4600,329,2,20,1,8,0
57,1,16,1,7315,17,1,55,1,1,1
23,1,16,5,310,29,0,40,2,1,0
35,5,20,5,3645,35,0,40,2,3,0
65,1,12,1,4230,312,1,40,2,1,0
37,1,16,1,8365,29,1,40,2,1,0
24,1,19,5,5740,48,2,40,2,1,0
28,1,11,5,4820,41,0,40,2,1,0
30,1,22,5,3110,25,0,40,1,1,1
25,1,20,5,4010,47,0,48,2,1,0
57,5,22,3,5240,28,0,40,2,2,1
45,4,20,5,3423,37,0,40,1,1,1
26,1,19,5,7905,33,12,40,1,1,0
66,1,21,1,7750,231,0,40,1,6,0
28,1,13,1,4230,312,1,40,2,1,0
63,6,16,5,6260,13,0,30,1,2,0
37,1,19,1,5110,34,1,40,2,1,0
21,1,16,5,4010,12,10,35,2,1,0
51,2,18,1,3323,39,0,40,2,1,1
19,1,19,5,4720,13,17,30,1,1,0
21,3,19,5,3401,35,13,48,1,1,0
58,5,19,1,440,51,1,40,1,1,1
58,5,22,1,565,31,0,40,1,1,1
51,1,19,1,6355,25,1,40,1,1,1
74,1,21,3,3602,48,0,30,2,2,1
62,2,9,1,6220,303,0,30,1,8,0
54,1,17,1,7010,48,1,40,1,1,0
59,1,21,2,3602,233,0,24,2,6,0
60,2,21,1,420,29,0,40,2,1,1
65,3,21,1,710,30,0,10,2,1,0
29,1,22,1,1021,48,1,40,1,1,1
50,1,19,5,9130,15,0,45,1,6,0
54,1,16,1,9130,1,0,45,1,1,0
58,5,18,3,7210,21,0,44,1,1,1
36,4,16,5,2016,42,2,40,2,1,0
80,1,19,1,4055,15,0,16,2,6,1
48,1,22,1,10,18,0,40,1,1,1
53,1,16,1,9640,39,1,50,2,1,0
35,7,21,5,410,21,0,75,1,1,1
36,1,21,5,4110,6,2,50,1,1,0
37,1,22,5,4700,55,13,15,2,1,0
37,1,20,5,4510,17,11,35,2,1,0
38,2,20,5,4330,6,0,42,2,1,1
42,1,16,1,6850,42,0,40,1,1,0
32,1,19,3,630,48,12,40,2,1,0
59,1,16,1,6305,36,1,42,1,1,0
40,1,24,1,2205,207,12,40,1,6,0
34,1,19,5,3603,34,0,40,2,2,0
50,1,22,1,160,47,0,40,2,1,1
19,2,19,5,4622,26,2,40,2,1,0
22,1,19,5,9130,48,2,12,2,1,0
33,1,23,1,4740,414,0,46,1,1,1
28,1,19,5,4020,26,0,40,2,1,0
52,1,16,5,8740,72,0,40,1,8,0
22,1,21,5,4760,36,2,4,1,2,0
58,1,21,1,52,55,1,40,1,1,1
48,3,21,1,2310,26,1,47,2,1,0
42,7,20,1,7800,22,1,32,2,2,0
55,1,17,1,5860,34,1,25,2,1,0
23,1,19,1,5400,327,10,40,2,1,0
34,1,21,1,136,24,1,40,2,1,1
32,4,22,5,2435,26,0,40,2,1,0
61,1,21,1,137,17,1,40,1,1,1
40,1,17,1,5522,48,0,45,1,1,1
18,1,14,5,4220,12,4,12,1,1,0
49,6,20,3,6355,36,0,12,1,1,0
22,1,16,5,9610,48,2,40,1,9,0
32,1,16,5,6825,34,0,50,1,1,1
26,1,16,1,500,364,5,30,1,1,0
69,1,20,3,8740,51,0,40,2,2,1
54,7,24,5,10,5,0,30,1,1,1
55,1,20,5,4010,17,0,50,1,1,1
33,1,21,5,800,42,0,40,2,1,0
35,1,20,5,6200,15,16,60,1,1,0
56,1,21,1,4010,36,0,32,2,1,0
61,1,16,1,8800,26,0,40,1,1,0
47,6,21,1,205,242,1,80,2,6,0
25,1,21,1,350,29,1,50,2,1,0
20,1,16,5,4110,24,17,10,2,1,0
43,1,17,3,9130,26,13,40,1,1,0
66,1,20,1,6355,25,1,40,1,1,1
82,1,16,1,4900,24,0,30,1,1,0
60,2,22,1,2310,36,0,40,1,2,1
28,1,21,1,2850,215,1,40,2,6,0
46,5,20,1,7340,332,17,60,1,2,0
53,7,20,5,2910,373,13,30,1,1,0
19,1,18,5,9645,26,2,24,1,1,0
79,3,12,2,2014,72,6,24,2,7,0
56,1,16,3,9645,35,0,24,1,3,0
64,3,16,1,2545,51,1,25,2,1,0
28,3,22,5,5000,12,0,40,2,1,0
42,1,19,1,8600,4,1,40,1,1,1
52,1,21,1,750,34,0,55,1,1,1
60,1,21,1,5120,12,1,5,2,1,0
42,1,21,1,2710,39,1,50,1,1,1
40,1,16,3,3603,42,0,40,2,1,0
36,1,21,1,4840,48,0,50,2,1,1
59,1,16,1,410,34,1,45,1,1,1
40,1,16,1,860,17,0,45,2,1,1
49,1,19,3,4700,4,0,40,1,1,1
57,1,16,1,4700,26,0,60,1,1,1
38,1,16,1,4000,55,1,40,2,1,0
45,2,20,1,3255,233,0,36,2,1,1
52,4,21,5,2015,34,0,35,2,2,1
69,1,20,3,800,36,0,50,2,1,0
47,1,22,3,5740,39,0,45,2,2,0
51,1,16,1,7040,13,1,40,1,1,0
40,6,18,1,4510,53,0,25,2,1,0
33,1,18,4,420,40,0,40,2,1,0
19,1,19,5,4110,30,2,30,2,1,0
35,6,16,1,1032,12,1,20,1,1,0
55,3,16,1,6730,42,0,40,1,1,1
30,1,17,3,7210,303,0,50,1,1,0
41,1,18,4,9645,17,0,35,1,1,0
55,3,23,1,2100,26,1,60,2,2,1
28,4,22,5,2350,26,12,40,2,9,0
24,1,16,5,4521,327,5,32,2,1,0
41,1,22,1,1305,210,0,40,1,6,1
37,1,20,1,9005,48,1,50,1,1,1
42,7,22,3,2634,48,4,40,1,3,0
18,3,16,5,4435,51,2,20,2,1,0
34,1,20,5,3930,72,2,40,1,1,0
39,1,22,3,1021,33,0,40,1,1,1
44,1,18,1,8130,47,0,40,1,1,0
34,1,23,1,2100,39,0,55,1,1,0
21,1,19,5,4251,39,2,20,1,1,0
25,1,19,5,4110,36,2,37,1,8,0
62,1,14,3,136,12,0,50,2,2,1
54,3,21,1,2310,13,1,45,2,1,1
29,1,21,5,1970,42,2,40,2,1,0
45,1,19,5,7220,47,16,50,1,2,1
28,1,21,5,2640,207,12,40,2,6,0
23,2,16,5,3603,40,2,12,2,1,0
20,6,16,5,4350,12,3,4,2,1,0
68,2,19,1,8990,49,0,12,1,1,0
71,1,16,1,4510,312,1,40,2,1,0
19,5,16,5,5600,39,17,50,2,1,0
28,4,22,5,136,207,0,60,2,6,0
20,1,19,5,440,5,2,10,2,1,0
31,1,16,5,9130,42,2,55,1,1,0
30,1,22,1,630,47,0,45,2,1,1
54,7,16,1,725,55,0,40,1,1,1
70,1,21,1,2721,39,0,40,1,1,0
56,3,19,1,9610,36,0,40,1,2,0
27,2,22,5,2205,210,17,20,1,6,0
59,1,19,1,5240,25,0,35,2,1,0
33,2,22,1,630,17,1,40,2,1,1
60,4,19,1,230,48,1,40,1,2,0
21,1,15,5,4940,163,17,9,2,1,0
69,6,23,1,2100,29,0,36,1,1,1
49,2,21,1,2300,19,1,15,2,1,0
54,6,19,5,4600,20,0,31,2,1,0
31,1,23,5,5000,72,0,40,2,1,0
56,1,21,1,5120,44,0,40,2,1,0
47,1,20,1,5400,36,0,23,2,1,0
57,2,22,3,2320,31,0,40,2,1,1
29,2,22,5,4350,42,0,40,2,1,1
59,4,16,3,3802,31,0,20,1,1,0
18,1,18,5,6260,42,17,50,1,1,0
51,1,16,1,7700,17,1,40,2,1,0
41,1,20,1,3423,128,0,40,2,1,1
19,1,19,5,5522,41,2,40,2,1,0
27,3,22,1,2310,6,1,40,2,9,1
19,6,19,5,4251,215,2,2,1,1,0
60,6,20,5,2920,17,0,20,1,1,0
28,7,18,5,4030,36,0,20,2,1,0
38,2,22,1,230,36,0,37,1,1,1
66,2,21,1,4540,13,1,40,1,1,0
31,1,16,1,3946,20,1,40,2,1,0
44,3,20,1,9005,46,1,40,2,1,1
22,1,21,1,2016,18,0,40,2,1,0
39,1,19,3,3930,110,17,70,1,2,0
32,6,22,5,2710,36,0,35,1,2,0
54,2,16,1,3210,329,0,36,2,2,0
51,1,16,3,8530,48,13,40,1,1,0
62,1,9,2,4030,303,0,40,2,1,0
65,1,21,3,3520,110,0,40,2,1,0
37,2,18,1,5600,4,0,40,1,1,1
45,1,24,1,4700,19,0,50,2,1,1
56,3,20,1,3401,29,0,60,1,1,1
32,1,16,1,5400,21,0,38,2,1,0
47,1,20,1,2640,49,0,40,1,1,1
71,3,16,1,220,16,0,40,1,1,1
21,1,19,5,4720,18,17,20,2,1,0
30,1,16,5,5400,48,7,25,1,2,0
39,1,20,1,9645,26,0,10,2,1,0
27,1,19,5,3500,6,0,10,2,8,0
51,1,18,3,4850,48,12,51,2,1,0
26,3,22,5,2310,26,13,40,2,1,1
42,8,1,1,10,1,0,80,2,1,0
51,1,18,1,4220,18,1,35,2,1,0
51,1,16,5,2634,36,0,40,2,1,0
41,1,16,1,7200,37,0,40,1,1,0
33,1,16,5,8740,37,0,36,1,3,0
17,1,14,5,5240,8,2,10,2,1,0
40,4,22,1,2435,47,0,38,2,1,0
66,3,21,1,3820,42,0,17,1,1,1
20,1,19,5,4020,37,2,20,1,1,0
35,4,21,1,1745,1,0,35,1,2,1
45,1,16,1,7700,1,0,40,1,1,1
35,2,22,1,2014,29,0,40,2,1,0
40,1,21,1,6520,20,1,40,1,1,1
30,1,17,5,6260,42,13,50,1,1,0
55,1,20,5,4251,16,0,40,2,1,0
59,7,21,1,10,38,1,40,2,1,1
59,1,20,1,3255,36,15,36,1,1,1
20,2,19,5,5600,37,0,20,1,1,0
36,1,20,1,5600,18,0,40,2,1,0
32,1,21,1,1022,25,0,40,1,1,1
35,1,16,1,9005,21,1,50,2,1,0
60,1,17,1,4720,48,1,30,2,1,0
18,1,19,5,2300,26,0,15,2,1,0
27,7,19,5,9130,12,0,12,1,1,0
48,1,21,1,2634,48,9,40,1,1,0
49,1,16,3,4720,31,13,40,2,1,0
22,1,16,5,4055,217,2,12,1,6,0
27,1,21,5,800,6,12,65,2,7,1
47,6,10,5,4020,36,10,32,1,1,0
25,1,21,5,4720,51,0,46,1,1,1
69,1,18,3,5740,1,0,40,2,1,0
27,5,21,1,5260,29,0,40,1,1,0
42,1,22,1,10,29,0,50,1,1,1
57,1,19,3,4700,51,0,40,2,2,0
34,6,21,5,440,17,0,40,1,1,0
30,1,16,5,7750,51,13,50,1,1,0
66,1,21,3,4760,55,0,20,2,1,0
33,1,15,1,4230,303,0,40,2,1,0
52,4,15,3,3655,37,0,32,2,2,0
50,1,20,1,4600,39,0,26,2,1,0
35,2,22,5,2320,12,0,40,2,1,0
53,6,16,5,1900,42,0,99,1,1,1
41,1,23,1,3258,16,0,36,2,1,0
59,1,16,5,8225,51,0,40,2,2,0
18,1,16,5,4800,36,17,5,1,2,0
47,6,16,5,4950,18,0,20,1,1,0
20,1,16,1,4220,26,1,15,2,1,0
58,1,22,5,9050,364,0,21,1,1,1
61,1,20,3,5120,17,0,40,2,1,0
35,1,20,5,1031,12,10,40,1,1,0
71,1,22,3,2006,17,0,24,2,2,0
66,3,22,1,230,2,0,40,2,4,1
61,5,21,1,600,39,0,45,1,1,1
56,3,16,1,5860,20,0,55,2,1,0
29,1,21,1,600,163,0,40,1,1,0
36,2,21,3,3030,25,0,40,2,1,0
69,1,16,3,9130,48,0,12,1,1,1
45,1,19,1,4020,40,0,37,2,3,0
24,1,20,1,3255,51,0,36,1,1,0
60,7,19,1,4850,36,0,60,1,1,1
59,1,21,3,5150,13,0,45,2,1,1
27,1,19,5,4720,22,13,28,2,1,0
40,1,20,5,440,6,0,50,1,1,1
25,6,21,5,2710,6,12,50,1,6,0
42,1,21,1,4230,233,1,13,1,6,0
39,1,19,5,4500,45,16,36,1,9,0
51,2,20,3,4530,11,0,32,2,2,1
55,6,21,5,9142,6,0,32,1,2,0
39,4,24,3,2205,19,0,50,2,1,1
58,1,16,1,4700,36,1,50,1,1,1
44,4,22,1,1006,207,1,40,1,6,1
40,1,21,1,5000,47,0,40,2,1,0
17,1,14,5,4055,17,4,20,1,2,0
56,1,10,1,9600,303,0,40,1,8,0
36,1,19,5,110,17,12,45,1,2,1
75,8,21,1,800,21,1,40,2,1,0
62,1,16,1,2700,17,1,3,2,1,0
35,1,16,5,9645,6,2,36,2,1,0
52,1,21,3,705,6,15,42,2,1,1
34,3,16,5,3602,6,4,20,1,6,0
58,2,20,1,2016,44,1,32,2,1,0
22,1,16,5,3602,41,0,8,2,1,0
75,7,21,2,8225,36,12,35,1,1,1
34,2,22,1,1825,24,0,40,1,6,1
82,8,16,1,6050,19,0,25,1,1,1
26,1,17,1,7200,42,0,51,1,1,0
55,2,21,1,2310,36,1,4,2,1,0
47,1,22,5,2310,42,0,15,2,1,0
65,1,20,1,4710,6,1,40,2,1,1
24,1,18,5,7330,329,2,40,1,8,0
32,5,19,5,3930,47,0,36,2,2,0
35,3,18,1,3870,42,1,40,1,1,0
25,1,20,5,9600,38,12,58,1,1,0
62,2,18,2,3649,48,2,40,2,1,0
54,1,21,1,5240,1,1,40,2,1,0
45,1,21,1,120,17,0,24,2,1,0
34,1,16,1,5100,6,0,40,1,6,1
37,1,19,4,3603,40,0,15,2,9,0
59,1,15,3,8225,27,0,40,1,1,0
39,3,20,1,2545,55,1,25,2,1,0
74,1,16,1,4760,24,1,20,2,1,0
71,7,16,1,4700,34,0,60,1,1,1
40,1,10,1,4220,303,0,40,1,8,0
26,3,21,5,1360,303,5,40,1,8,0
39,1,18,1,1108,42,1,15,2,1,0
69,1,17,2,5120,37,0,45,2,1,1
60,1,16,3,3870,6,0,40,2,1,0
52,1,16,1,4220,39,1,45,1,1,0
41,1,16,1,440,41,0,50,1,1,1
44,1,16,1,6260,42,1,40,1,1,0
24,4,21,5,4640,6,2,10,2,1,0
53,6,21,3,4710,6,0,50,1,1,0
25,3,20,3,4150,17,2,40,2,2,0
59,1,18,5,4720,1,0,37,2,2,0
62,7,23,1,3090,303,0,60,1,1,1
62,1,16,3,9640,26,0,40,1,1,0
19,1,19,5,3603,13,12,35,2,1,0
76,1,23,1,4950,45,1,5,2,1,0
48,3,20,3,5740,48,0,40,2,1,0
29,2,22,1,2050,12,1,40,2,1,0
18,1,16,5,5240,26,15,12,2,1,0
35,1,22,5,9645,13,15,55,1,1,0
64,1,20,3,3602,18,0,40,2,1,0
22,1,19,5,4055,27,17,26,1,5,0
27,2,21,5,230,36,12,40,2,1,0
56,6,20,5,6230,27,12,40,1,1,0
62,1,12,1,4110,42,1,38,1,2,0
26,1,14,5,9620,53,2,40,1,1,0
32,1,21,1,5860,24,0,40,2,1,1
35,1,16,1,4700,30,0,40,2,1,0
39,6,24,1,3040,13,1,60,1,6,1
37,1,19,1,5860,138,1,40,1,9,0
41,3,18,5,5240,13,0,40,1,2,0
64,2,16,4,4251,36,0,26,1,1,0
40,1,19,1,4850,26,0,40,1,1,1
51,1,21,1,4400,16,0,40,1,1,0
46,2,20,5,3500,26,13,40,2,1,1
64,1,1,3,9130,13,0,60,1,1,0
60,1,11,1,5240,332,10,40,2,2,0
48,1,16,1,4710,36,1,65,1,1,1
27,1,22,5,150,240,0,45,1,6,1
23,1,21,5,7300,19,11,50,1,1,0
33,2,22,1,1108,210,1,40,1,6,1
47,1,22,1,1108,210,0,40,1,6,1
19,4,19,5,3602,41,2,24,2,9,0
56,1,16,1,3603,54,1,36,2,1,0
20,7,19,5,2910,17,2,15,1,2,0
30,1,16,5,4720,6,0,40,2,9,0
35,1,20,1,10,17,1,50,1,1,1
29,4,20,1,5810,6,1,60,2,1,0
65,2,19,3,2016,36,0,37,2,1,0
41,2,20,1,3255,5,1,36,2,1,1
49,5,22,1,3110,26,0,60,1,1,1
33,3,21,1,5000,13,0,47,1,1,0
18,1,16,5,4750,18,17,36,1,1,0
57,1,18,1,9130,29,9,40,1,1,0
46,7,21,1,4700,210,15,40,2,6,0
38,1,16,1,4220,303,0,40,2,8,0
41,6,16,1,4220,26,0,40,1,1,0
64,1,13,1,7330,6,0,40,1,1,0
26,1,21,5,3930,36,2,35,1,1,0
38,5,20,1,4850,23,0,40,1,1,1
57,2,16,1,9121,6,0,26,2,1,0
56,1,21,1,800,5,1,40,2,1,1
27,1,21,1,7800,42,0,30,2,1,0
67,3,19,3,2012,4,10,40,2,3,0
74,1,17,1,7340,39,0,26,1,1,0
38,1,23,1,850,42,1,50,1,1,1
43,2,22,1,1450,240,0,40,1,6,1
30,2,20,5,5400,18,2,35,2,2,0
62,1,16,1,9570,42,0,40,1,1,1
67,2,22,1,3255,21,0,28,2,2,1
31,4,21,1,5740,26,0,40,2,1,1
51,3,22,1,440,25,0,45,1,1,1
67,1,19,3,4760,39,0,40,1,1,0
42,5,19,1,3421,13,0,40,2,1,0
72,4,22,1,2310,19,1,30,2,1,1
53,1,12,5,4220,34,2,40,2,1,0
47,1,16,5,6120,327,0,45,1,1,0
20,1,19,5,4130,29,4,16,1,1,0
25,1,19,5,5740,44,13,55,2,1,0
30,3,22,1,230,39,0,50,2,1,1
42,1,16,1,3602,215,1,12,2,6,0
58,1,1,4,9620,364,2,40,1,9,0
25,1,19,5,5510,303,0,40,1,1,0
39,1,21,1,8740,72,1,40,2,1,0
64,1,18,1,8255,9,0,37,1,1,1
20,1,19,5,4760,6,2,20,2,6,0
50,1,16,1,3602,33,1,40,2,1,0
47,1,20,5,5240,34,0,40,1,1,1
74,3,22,1,440,42,1,45,1,1,1
40,1,21,1,565,36,1,40,2,1,0
33,1,20,5,4220,247,13,25,1,6,0
23,1,12,5,4020,22,7,30,1,1,0
22,1,20,5,4600,36,2,29,2,1,0
67,1,21,1,5165,25,0,40,1,1,0
50,1,18,3,5330,53,0,40,2,1,0
68,3,21,1,3255,233,0,40,1,6,1
28,1,19,1,1460,26,0,40,1,1,0
19,2,19,5,8300,27,17,20,1,1,0
35,1,21,5,3245,49,2,10,2,1,0
54,6,20,1,4600,313,0,10,2,8,0
29,1,21,1,710,24,1,40,1,1,1
58,4,16,1,9645,42,1,40,1,1,0
41,1,19,1,9610,421,0,40,1,2,0
23,1,22,5,5160,6,2,35,1,8,1
41,3,15,5,4251,26,0,40,2,3,0
29,1,18,1,6530,22,0,50,1,1,1
24,1,17,5,4220,53,7,35,1,1,0
50,1,19,1,5340,22,1,45,2,1,1
61,1,22,5,1410,301,0,50,1,1,1
40,1,16,1,4700,56,1,60,1,1,0
42,3,21,1,2310,303,0,40,2,1,1
36,1,23,1,5240,6,0,40,2,1,1
52,1,21,1,4760,329,0,20,1,1,0
53,2,19,1,5510,47,1,40,1,2,0
55,3,19,5,6442,6,0,40,1,1,1
39,1,16,1,6305,18,1,40,1,1,1
21,1,20,5,4110,12,2,20,2,1,0
48,4,16,1,3870,12,0,50,1,1,1
40,2,21,5,705,139,13,40,1,1,1
44,1,21,1,1021,240,0,40,1,6,1
27,1,16,5,4020,39,17,30,1,1,0
38,1,21,1,2320,6,0,40,1,1,0
62,2,16,1,2014,15,8,40,2,6,0
23,2,19,1,5160,26,1,40,2,1,0
19,1,18,5,4055,29,17,25,2,2,0
25,1,20,1,8140,48,9,10,1,1,0
60,1,16,1,4720,54,1,38,2,1,0
25,1,16,5,4055,34,12,45,1,1,0
17,1,13,5,2722,6,2,2,1,1,0
49,1,21,1,5860,17,0,40,2,1,0
28,1,21,1,4110,36,1,40,2,1,0
24,1,19,5,4720,6,4,20,2,8,0
59,2,16,3,2050,29,0,40,1,1,0
69,4,19,3,5220,47,0,40,2,2,1
39,1,14,1,3655,33,1,40,2,1,0
59,1,16,3,9645,48,0,40,1,1,0
58,1,17,1,7750,39,1,50,1,2,0
66,1,21,1,5740,27,1,40,2,1,0
55,6,21,1,4760,6,0,40,1,1,1
55,1,19,1,160,19,0,40,1,1,1
49,1,21,5,110,17,0,40,1,1,1
56,1,21,1,5740,27,1,60,2,1,0
17,3,14,5,3960,48,2,35,2,1,0
60,6,13,5,4760,24,0,14,1,1,0
52,1,21,5,530,36,0,40,2,1,0
50,1,12,1,6230,47,1,40,1,1,0
28,6,20,1,4600,162,1,40,2,1,0
35,1,1,3,4720,303,0,39,2,1,0
45,1,21,5,4850,6,0,40,2,8,1
45,3,21,1,3255,29,0,40,2,1,0
38,1,19,5,6260,17,0,40,1,8,0
59,1,19,3,4621,341,0,20,1,2,1
57,2,22,1,2435,34,0,40,2,1,1
35,1,19,5,750,12,0,40,2,2,0
23,1,16,5,4210,31,13,55,1,1,0
34,6,9,5,4600,303,0,30,2,1,0
39,2,21,1,440,8,0,40,2,1,1
31,1,19,5,9130,48,0,42,1,2,0
65,1,20,1,5240,55,1,24,1,1,0
58,1,13,3,8030,36,8,40,1,1,0
37,1,16,5,5140,47,5,40,2,2,0
66,6,19,2,4600,6,6,40,2,6,0
42,6,20,1,530,34,0,40,2,1,1
36,1,21,1,440,49,0,77,1,1,1
59,1,18,1,4710,31,1,40,1,1,0
57,1,20,1,8130,26,0,40,1,1,0
32,1,16,5,4020,27,0,30,1,1,0
22,3,20,1,4622,6,2,18,1,1,0
21,3,19,5,4600,314,2,16,2,1,0
39,1,18,5,5810,41,13,40,2,1,0
58,5,21,1,800,40,0,40,1,1,1
32,2,21,1,3255,23,9,38,2,1,1
47,1,18,5,120,36,0,45,1,2,1
44,1,16,3,4700,34,0,40,2,1,1
50,1,16,1,9130,11,0,54,1,2,1
43,1,22,1,1021,49,0,50,1,1,1
40,1,20,5,5740,9,0,40,2,1,1
77,7,20,1,5400,13,1,3,1,1,0
31,4,19,5,5860,48,2,40,2,1,0
36,1,14,5,6260,17,13,45,1,2,0
43,1,21,1,3255,233,1,36,2,6,1
47,1,21,3,1010,45,0,50,2,1,1
18,1,16,5,5740,42,17,30,2,1,0
37,1,19,5,4040,6,0,16,1,8,0
59,4,19,1,3255,233,1,40,2,1,0
37,1,14,5,9600,40,13,40,1,2,0
37,1,16,1,6230,27,12,43,1,1,1
39,1,16,1,5810,303,10,40,2,1,0
53,2,19,1,800,22,0,40,2,1,0
18,1,17,5,4000,28,10,25,1,1,0
39,1,13,1,6442,39,0,40,1,2,0
63,1,21,1,5120,47,1,40,2,1,0
48,4,16,3,4230,36,0,40,2,2,0
57,7,19,3,1541,13,0,40,1,1,1
62,3,22,1,2545,42,0,33,1,1,1
63,2,21,1,4230,163,0,40,1,1,0
71,7,19,1,6442,34,0,50,1,1,1
29,1,21,5,1108,6,12,40,2,6,1
53,1,16,5,6305,17,0,40,1,1,1
62,1,21,1,3255,18,1,55,2,1,1
20,1,19,5,4030,27,13,30,2,1,0
47,1,16,5,5100,427,2,40,1,2,0
27,1,22,5,630,449,0,45,2,1,1
46,4,20,3,800,370,0,50,1,1,1
32,1,16,5,5240,28,0,40,1,2,0
69,6,21,1,1530,20,0,20,1,1,1
27,2,22,5,2310,31,12,60,2,1,0
61,2,19,1,350,119,0,40,2,1,0
39,1,21,1,5940,36,1,40,1,1,0
54,1,16,5,7700,33,0,56,1,1,0
73,1,16,1,4760,21,1,40,2,1,0
58,1,16,1,8990,215,0,50,1,1,0
34,4,22,5,1760,154,12,45,1,1,0
32,1,16,5,4120,37,2,40,2,2,0
53,7,21,5,800,29,0,42,1,1,1
53,1,21,3,2360,6,13,60,2,1,1
20,3,19,5,1031,25,0,30,1,1,0
48,6,19,5,2640,6,0,30,2,1,0
57,7,22,1,2004,44,0,55,1,2,1
61,1,16,1,4600,100,1,25,2,1,0
64,2,24,1,1760,210,0,50,1,6,1
52,1,16,3,7200,48,16,32,1,1,0
76,1,16,1,5740,36,1,40,2,1,0
50,1,21,1,3300,36,0,30,1,2,0
53,1,16,4,9610,364,5,40,2,1,0
41,1,13,5,8920,18,0,40,2,2,0
54,1,21,1,1021,315,0,50,1,1,0
57,3,21,1,800,22,1,40,1,1,1
59,1,18,1,220,26,1,45,1,1,1
17,1,14,5,7750,48,2,40,1,1,0
44,1,18,1,5550,51,1,48,1,1,1
22,1,16,5,4055,4,2,10,2,8,0
44,1,24,1,3090,6,1,40,2,1,0
59,1,19,3,520,26,0,40,2,1,0
20,1,19,5,4720,12,2,25,1,1,0
34,1,21,5,2145,8,0,40,1,6,0
38,4,24,3,230,6,0,50,2,1,1
24,2,22,5,2003,13,2,40,2,2,0
58,1,19,1,3500,13,1,45,2,1,0
28,1,16,5,6260,17,13,40,1,1,0
23,2,19,5,4055,39,12,40,1,1,0
52,1,1,5,6050,303,0,40,2,8,0
21,1,18,5,4020,427,16,5,1,2,0
33,1,16,5,9620,42,2,35,1,1,0
31,1,17,5,6442,303,0,40,1,8,0
48,7,16,1,6050,19,1,60,1,1,0
66,1,21,1,5120,19,1,20,1,1,0
50,3,18,3,6730,55,0,40,1,1,0
21,1,21,4,4700,48,2,30,2,1,0
49,1,18,1,8710,26,1,40,1,1,1
58,2,23,1,3090,12,0,40,1,1,1
35,1,22,3,1106,44,0,4,2,1,0
31,4,22,5,2310,15,0,40,2,9,1
74,6,16,1,6250,27,0,40,1,1,0
38,1,16,1,3640,18,1,35,2,1,0
19,1,15,5,4720,12,15,28,2,1,0
36,1,22,1,20,231,0,45,1,6,1
46,1,18,1,5240,24,1,40,1,1,0
38,1,16,1,4710,36,0,40,1,1,0
62,1,24,1,1021,207,0,40,1,6,1
25,4,21,5,2310,17,2,40,2,1,1
21,1,16,1,8800,303,9,40,2,9,0
30,1,19,5,1108,36,0,60,1,8,1
40,1,16,1,7340,31,1,40,1,1,0
53,1,21,1,160,301,1,45,1,1,1
37,6,21,1,2320,313,12,20,1,8,0
36,1,15,1,6515,29,9,35,1,1,0
71,6,22,5,4920,6,0,40,1,1,0
28,1,16,5,4850,327,0,40,1,1,0
45,1,1,4,9600,213,0,49,1,1,1
65,1,16,3,4230,5,0,40,2,2,0
63,1,21,1,4760,24,0,50,1,1,1
73,1,21,1,4810,42,1,20,2,1,1
21,1,19,5,4720,31,2,15,2,1,0
37,4,21,1,2310,36,1,40,2,1,0
49,1,16,5,4251,314,13,40,1,8,0
40,1,16,5,7700,13,5,40,1,2,0
48,1,21,1,800,19,0,20,2,1,0
39,1,16,1,7020,312,0,40,1,1,1
43,3,22,1,2310,25,1,40,2,1,1
75,1,13,1,3602,36,0,50,1,1,1
58,1,14,1,4710,303,0,40,1,1,0
40,1,24,1,350,44,1,40,1,1,1
76,6,21,3,710,36,0,40,1,1,1
70,1,16,1,440,6,0,36,1,1,0
58,3,20,1,3870,48,0,40,1,1,1
50,1,18,1,5820,365,1,14,2,8,0
49,3,20,5,2016,38,0,40,2,5,1
46,1,16,4,4010,55,0,50,2,1,0
43,1,20,1,5740,72,1,40,2,1,0
20,4,18,5,4640,28,2,20,1,2,0
31,1,22,5,52,45,0,60,1,2,1
46,1,19,4,5600,36,0,40,2,1,1
36,1,20,5,4220,36,13,40,1,2,0
57,4,23,1,2002,28,1,40,2,1,1
54,2,21,3,420,6,0,60,1,1,1
27,1,16,5,6230,17,13,40,1,9,0
53,1,18,5,800,27,0,35,2,1,1
33,1,18,1,7020,1,1,40,1,1,0
63,1,17,1,9620,13,0,40,1,1,0
70,1,21,5,1610,36,0,32,2,1,1
46,6,21,1,5040,36,0,20,1,1,1
37,3,16,5,3802,36,0,50,2,2,1
67,7,16,1,4220,26,0,20,1,1,0
49,1,1,1,4350,303,1,40,1,8,0
61,4,21,1,5810,207,0,40,2,6,0
20,1,18,5,4510,27,13,38,2,1,0
22,1,19,1,4840,1,1,45,1,1,1
22,1,19,5,8710,51,2,94,1,2,0
20,1,19,5,4720,26,0,36,2,1,0
17,1,14,5,4760,19,2,12,2,1,0
32,1,19,5,3603,19,0,25,2,2,0
35,7,22,1,1530,36,1,50,1,1,1
34,1,21,5,6260,128,0,35,1,1,0
62,1,16,2,3602,1,6,40,2,1,0
19,1,19,5,2350,6,17,8,1,1,0
29,5,16,5,4030,36,0,50,1,1,1
59,6,21,1,205,20,1,30,1,1,0
21,1,16,5,4720,5,2,25,1,1,0
70,2,23,1,725,36,0,16,1,1,1
65,6,21,5,2770,138,0,20,1,1,0
59,7,19,1,220,42,1,50,1,1,1
62,3,21,1,3255,40,1,40,2,1,1
54,1,16,1,7315,72,1,40,1,1,1
56,5,16,1,9130,9,0,40,1,1,1
49,1,17,1,4700,29,1,45,1,1,0
44,1,16,5,4220,41,0,20,1,1,0
26,1,17,5,4140,42,2,40,1,1,0
30,1,18,1,4110,39,0,20,2,1,0
63,2,18,1,5820,18,0,36,2,1,0
45,1,20,1,5110,25,0,40,2,1,0
43,1,22,1,4720,2,0,14,1,6,0
40,1,20,5,8990,22,0,40,1,6,0
26,1,20,1,310,303,9,22,2,1,0
19,1,18,5,9620,40,17,40,1,1,0
72,3,21,3,440,34,0,12,1,1,1
19,1,13,5,4720,19,2,32,1,1,0
48,1,22,3,120,362,0,48,2,1,1
24,1,16,5,4720,8,2,30,2,1,0
50,4,13,1,4220,311,1,22,2,1,0
62,7,21,1,800,26,0,44,1,1,1
58,1,20,1,6050,17,0,40,1,1,1
49,1,17,5,2805,51,0,35,1,9,0
56,2,19,1,5940,27,0,40,2,1,1
58,1,16,1,6515,312,1,40,1,1,0
34,1,21,1,300,8,0,50,1,1,1
26,1,21,5,440,6,12,40,2,1,0
26,1,20,5,4700,34,2,52,1,1,0
29,1,16,5,4110,12,2,40,1,1,0
38,1,17,1,4720,40,9,35,2,1,0
31,1,16,1,9645,6,1,40,2,1,0
48,2,22,5,710,49,0,45,2,1,1
27,3,22,5,5420,39,13,35,2,1,0
63,1,12,2,9130,12,13,40,1,1,0
49,4,22,1,2014,72,0,40,2,1,0
21,5,19,5,5810,17,17,16,2,2,0
29,1,21,5,5240,37,0,36,2,1,0
52,1,22,1,800,34,1,20,2,1,0
26,6,16,1,4220,5,2,15,1,1,0
57,4,19,5,710,6,2,40,2,1,1
78,1,21,1,600,42,0,20,1,1,1
43,1,18,5,9600,17,0,52,1,1,0
54,1,19,3,335,36,0,40,1,8,0
34,2,22,1,440,110,1,40,2,1,1
25,1,18,3,6240,12,13,50,1,1,0
20,1,18,5,4720,22,3,15,2,9,0
33,1,19,3,3500,26,0,45,2,2,1
28,1,21,1,800,19,0,41,2,1,0
39,7,21,1,1032,34,0,5,2,1,0
49,4,8,1,3230,233,1,50,2,6,1
40,1,16,5,3930,24,0,16,2,2,0
32,1,19,1,630,31,0,45,1,1,1
58,2,19,2,3655,6,0,30,2,1,0
72,2,24,1,2205,39,0,40,1,1,1
21,4,19,5,9620,41,0,15,1,6,0
25,1,21,1,7700,39,0,40,2,1,1
41,1,19,5,1555,6,0,40,1,1,0
18,1,14,5,7750,26,2,40,1,1,0
26,3,16,5,7340,72,2,40,1,8,0
56,5,20,1,5740,233,0,40,2,6,0
59,3,17,1,6260,36,0,40,1,8,0
34,1,20,1,205,27,0,40,1,1,0
52,1,18,1,9130,47,1,45,1,1,0
43,1,17,1,9005,12,1,50,1,1,1
45,1,13,1,9410,8,0,40,2,1,0
62,6,23,1,2100,36,0,55,1,1,1
23,2,19,5,3960,25,17,6,2,1,0
30,1,16,5,9620,45,2,25,1,1,0
33,1,19,1,3500,29,0,40,2,1,0
25,1,11,1,7210,313,16,90,1,1,0
65,3,16,3,5100,39,0,40,2,1,0
59,3,18,1,7000,28,0,44,1,1,0
23,1,20,5,4700,44,13,32,1,1,0
56,1,20,1,230,36,0,40,2,1,0
72,1,22,1,9150,8,1,8,1,1,1
19,1,17,5,4110,373,2,35,2,1,0
49,1,19,1,440,36,1,55,2,1,1
35,4,21,1,2180,48,1,45,1,1,0
23,1,16,5,410,1,2,40,1,1,0
44,1,19,1,7200,34,1,40,1,1,1
56,5,22,1,3930,37,0,45,1,1,1
17,1,14,5,4251,55,2,30,1,1,0
30,1,19,5,9130,28,0,45,1,1,0
51,3,19,5,630,6,0,40,1,2,1
63,1,11,3,9600,40,12,35,1,1,0
32,1,21,1,2640,16,0,42,2,1,1
53,1,19,5,8300,30,0,24,2,1,1
52,1,16,1,1430,51,0,60,1,1,1
55,1,1,1,9645,303,1,40,2,8,0
29,1,19,1,4760,48,0,40,2,1,0
61,7,21,1,4200,36,0,30,1,1,1
57,1,20,1,630,24,1,45,2,1,0
42,1,22,1,3500,48,6,50,2,1,1
43,1,16,1,3500,36,1,40,2,2,0
46,1,15,1,6200,315,0,40,1,8,1
26,1,16,5,2640,12,12,40,1,1,0
37,1,18,1,4720,13,1,52,2,2,0
32,4,19,1,2002,6,0,12,1,1,0
22,1,19,5,7100,48,12,45,1,1,0
20,4,19,5,3602,42,17,30,2,9,0
42,1,15,3,9620,303,16,40,1,1,0
17,1,14,5,3960,24,2,20,1,1,0
20,1,19,5,4720,34,17,20,2,9,0
38,1,22,5,2310,42,0,55,2,1,1
58,1,16,1,6410,21,1,30,1,1,0
42,1,22,1,120,12,0,50,1,1,1
31,1,21,1,230,370,1,40,2,8,0
24,1,17,5,7720,55,0,54,1,1,0
63,1,21,1,1021,42,0,45,1,1,1
34,1,20,5,4500,55,0,38,2,1,0
53,1,9,1,7720,303,1,40,2,8,0
61,5,20,1,5560,48,0,50,1,2,1
53,1,23,1,120,147,1,50,2,1,1
44,1,16,4,4720,12,13,32,2,1,0
53,1,21,1,1220,6,0,50,1,1,1
67,6,22,2,2635,36,0,3,2,1,1
34,1,21,1,2830,163,0,40,2,1,1
31,1,14,5,4720,39,13,40,2,1,0
28,1,22,5,20,48,0,25,2,1,0
25,1,19,1,4700,49,0,40,2,1,0
45,1,21,1,1006,24,0,40,2,1,1
64,1,17,3,4700,21,0,40,2,1,0
31,1,22,1,800,20,0,40,1,1,0
51,1,16,1,5140,42,1,35,2,1,0
67,2,23,1,3255,26,1,12,1,1,0
64,1,16,5,4965,56,5,40,2,1,0
74,1,19,3,1108,48,5,40,1,1,1
34,1,11,4,8740,72,13,40,1,1,0
26,3,18,1,5120,2,1,40,2,4,0
58,1,20,1,9122,38,0,55,1,1,1
44,1,20,3,5740,215,0,40,2,6,1
62,1,18,1,9645,20,1,38,2,1,0
46,2,17,1,9150,303,1,40,2,8,0
34,1,1,5,4030,39,5,39,1,2,0
53,1,13,1,8990,247,0,60,2,6,0
19,2,18,5,4435,45,17,20,1,2,0
37,1,12,1,4350,303,16,40,1,1,0
59,1,18,3,5240,301,0,40,2,1,1
31,6,21,1,410,37,0,10,2,9,0
57,1,16,1,5810,24,1,40,1,2,0
43,3,20,1,565,4,0,40,1,1,0
59,2,22,1,2840,25,0,45,1,1,1
45,2,20,1,7210,29,1,40,1,2,1
65,1,21,1,1750,6,0,60,1,1,1
42,2,22,3,230,21,0,40,2,2,1
30,1,16,5,4720,42,15,40,1,1,0
64,2,19,1,3255,42,1,40,2,1,1
29,1,16,5,3515,6,13,40,2,1,0
19,1,14,5,4020,45,17,9,1,2,0
59,2,19,3,5400,36,13,40,2,1,0
25,1,12,5,6050,17,2,40,1,1,0
35,1,21,1,3255,427,0,40,1,2,1
38,1,20,3,5100,47,0,40,2,2,1
33,1,24,5,3050,22,0,58,2,2,1
35,1,21,1,8760,229,0,55,1,6,0
26,1,22,5,800,207,0,40,1,6,0
40,1,12,1,8300,12,2,15,2,1,0
63,1,21,3,910,55,0,40,2,1,1
33,1,16,1,9600,18,16,50,1,2,0
38,1,10,5,310,19,0,40,2,1,0
57,7,16,3,4510,53,0,36,2,1,0
53,1,20,2,5400,48,0,40,2,1,0
51,1,18,1,9620,48,0,40,2,2,0
26,1,21,5,600,34,13,35,2,1,0
42,3,22,1,2320,48,1,40,2,1,1
53,5,21,1,120,39,0,40,1,1,1
25,1,19,5,3255,364,5,50,2,1,0
21,1,16,5,9365,12,2,25,1,1,0
34,1,21,1,51,210,1,40,2,6,1
27,1,21,5,3255,20,2,40,2,6,0
23,1,22,1,800,45,1,50,1,1,1
35,1,18,5,6730,12,13,40,1,2,0
54,1,4,1,6050,303,0,42,1,8,0
49,7,19,3,4710,38,0,60,1,1,0
22,3,18,5,5860,35,0,40,2,1,0
18,2,19,5,5860,2,2,25,2,9,0
45,1,16,1,9620,42,1,40,1,1,1
52,1,21,1,5710,36,1,45,2,1,1
34,1,17,5,9130,39,13,48,1,1,0
31,1,15,5,4251,327,5,40,1,1,0
41,7,16,1,4230,303,1,40,1,1,0
31,2,21,5,2310,34,0,40,1,1,1
41,1,15,1,4020,26,1,36,2,1,0
79,6,21,5,4850,42,0,10,1,1,1
39,1,20,1,3310,34,0,30,2,1,0
21,1,19,5,4251,17,2,40,1,1,0
48,1,23,1,10,34,0,45,1,1,1
32,1,20,5,3603,26,0,50,2,1,0
50,1,20,1,440,1,0,45,1,1,1
59,7,16,3,6115,25,0,10,1,1,1
48,1,18,1,9130,6,0,55,1,9,1
37,1,21,1,3255,6,1,40,2,1,1
71,1,22,1,2640,36,1,12,1,1,1
65,1,16,3,5240,33,0,20,1,1,0
40,1,21,1,4820,23,0,50,1,1,1
32,5,20,5,2360,333,2,2,1,2,0
19,1,16,5,4760,48,2,20,1,1,0
49,1,19,1,7750,26,0,50,1,1,0
36,6,16,5,4350,50,15,10,1,1,0
22,5,19,5,5860,17,17,50,2,1,0
58,1,16,1,6200,37,1,55,1,1,1
24,4,21,5,2310,17,12,38,2,1,0
53,4,22,3,1021,207,0,40,2,6,1
28,2,21,1,2636,36,1,40,1,1,0
29,1,16,5,7210,6,12,45,1,6,1
52,3,19,3,5740,17,0,40,2,8,0
37,7,16,1,8640,39,0,52,1,1,0
42,1,18,4,6050,303,0,45,1,8,0
49,1,19,1,710,55,0,55,1,1,1
39,2,22,3,3245,29,0,40,2,1,0
30,3,16,5,3740,32,15,56,2,1,1
49,1,21,1,5820,36,1,40,1,1,1
38,1,22,1,1021,66,0,36,2,6,1
67,6,21,1,5910,36,0,18,2,1,0
38,1,23,5,3090,329,13,40,2,1,1
35,4,16,1,3725,36,0,40,1,1,1
51,1,19,1,7750,42,1,56,1,1,1
28,1,21,1,140,12,0,40,2,1,1
19,1,19,5,4600,39,17,30,2,1,0
80,1,14,3,9600,39,10,48,1,1,0
17,1,14,5,4055,36,2,5,1,1,0
21,1,19,5,4020,32,16,40,1,1,0
46,1,24,3,1650,26,0,40,2,1,1
51,1,19,1,5610,55,0,40,2,1,0
53,6,19,1,4230,21,1,12,2,1,0
22,1,16,5,5522,48,0,99,2,2,0
31,1,21,1,1031,34,0,40,1,6,1
56,1,16,1,4720,29,1,20,2,1,0
47,1,19,1,4700,28,1,40,1,1,0
37,1,16,5,4140,48,16,7,1,2,0
62,1,18,1,5740,26,1,40,2,1,0
58,1,18,1,2012,9,1,50,1,1,1
65,3,21,1,2350,48,1,14,2,1,0
59,2,22,1,3605,53,1,16,2,1,0
25,1,16,5,5860,1,0,40,2,1,0
36,1,21,3,410,6,13,55,1,1,1
66,1,19,3,4720,18,0,20,2,1,0
56,1,19,4,5240,12,10,50,2,2,0
67,6,21,1,205,38,0,60,1,1,1
77,2,23,1,3090,24,0,80,1,1,1
53,1,21,1,7010,34,0,45,1,1,1
51,1,16,1,9620,55,0,44,2,1,0
20,1,18,5,4510,17,13,30,2,1,0
28,1,20,5,4965,45,10,40,2,2,0
62,3,22,1,5320,18,1,35,2,1,0
25,1,16,5,6260,48,2,20,1,1,0
44,1,14,3,6260,18,16,40,1,1,0
87,1,18,2,10,42,0,40,2,1,1
41,1,19,1,136,214,17,60,1,1,0
38,1,18,1,9620,42,1,45,1,1,1
45,6,19,1,500,106,0,40,1,1,0
59,1,24,1,3090,36,0,50,2,1,1
53,2,20,1,3255,21,1,24,2,1,0
63,3,22,1,2310,29,0,25,2,1,0
47,4,21,1,440,42,0,40,1,1,1
54,1,21,1,1460,42,1,40,1,1,1
60,1,18,3,540,17,0,50,2,1,1
37,3,23,5,2320,9,13,40,2,1,1
37,1,22,5,350,12,0,45,2,1,1
31,2,18,1,3602,55,1,1,2,1,0
17,1,14,5,4150,12,2,8,2,1,0
40,1,20,1,160,39,0,50,1,1,1
83,1,21,1,5610,9,0,40,1,1,1
54,7,19,1,4510,26,1,40,2,1,1
54,7,19,3,2640,27,0,50,2,1,0
35,1,19,3,3500,210,0,45,2,6,0
32,1,19,5,6355,8,13,40,1,1,0
33,1,21,5,2810,138,12,45,2,1,0
49,7,21,1,440,45,0,60,1,1,1
26,3,20,5,5320,6,0,7,1,1,0
63,1,19,1,4700,13,0,40,1,1,0
21,1,19,5,4055,18,2,40,1,2,0
71,1,19,1,9030,27,0,40,1,1,1
46,3,16,1,2545,17,1,20,2,1,0
62,4,16,1,4830,18,1,40,2,1,0
29,7,17,1,10,27,1,40,1,1,1
22,1,19,5,9122,6,2,20,2,2,0
25,1,17,5,4720,9,2,20,2,1,0
60,1,16,1,5522,51,1,40,2,1,0
30,1,16,5,9130,28,12,80,1,1,0
17,1,14,5,3960,48,2,30,2,1,0
35,1,16,1,9610,303,0,40,1,1,0
61,2,20,1,3323,54,0,33,2,1,1
53,1,21,1,1010,17,0,40,2,1,1
34,1,21,2,1006,34,0,40,2,1,1
46,1,16,1,8990,303,1,80,1,1,0
47,1,19,3,310,47,0,46,2,1,0
46,3,16,1,3740,39,1,50,1,1,1
19,1,19,5,2722,36,17,40,1,1,0
18,1,16,5,4435,54,2,15,2,1,0
51,5,19,1,5540,303,0,50,1,1,1
50,4,16,1,3710,17,0,60,1,1,1
49,1,19,3,6260,39,13,35,1,1,0
60,1,16,1,5120,54,0,40,2,1,0
22,6,21,5,9130,27,0,40,1,2,0
55,1,20,3,6660,38,0,55,1,1,0
27,1,20,5,630,36,0,45,1,1,0
54,7,22,1,440,36,1,55,1,1,0
26,4,22,5,2205,210,12,20,1,6,0
55,1,9,1,7700,303,0,50,1,1,1
50,1,21,1,5120,6,0,10,2,1,0
64,1,22,1,4040,158,1,25,1,1,0
64,1,1,1,6040,303,0,40,2,1,0
30,1,19,5,4840,26,0,40,1,1,0
43,7,21,1,6200,8,0,36,1,1,0
51,5,16,5,8030,29,0,40,1,1,1
50,1,20,1,9210,39,1,40,1,1,1
48,5,21,1,9830,36,0,50,1,1,1
53,1,17,1,4020,25,1,40,2,1,0
23,1,21,5,3602,246,2,30,2,1,0
57,6,16,5,9620,55,5,70,1,1,0
78,2,16,1,4230,22,0,8,2,1,0
56,1,17,3,5740,47,2,24,2,1,0
18,1,16,5,9620,24,2,40,1,1,0
41,1,12,5,4251,303,0,35,1,1,0
25,1,19,5,3602,48,2,12,1,1,0
18,1,19,5,4150,13,17,35,2,1,0
28,6,13,5,4230,47,0,30,2,1,0
63,1,16,1,3602,26,0,15,2,1,1
49,1,17,1,9645,6,1,31,1,1,1
32,1,21,5,1021,138,0,40,1,1,1
59,1,18,1,5260,6,1,1,2,1,0
47,1,19,5,5240,2,0,26,1,1,0
61,2,21,1,2310,39,1,10,2,1,0
53,1,18,1,1050,41,0,46,1,1,1
61,6,21,5,9142,429,0,40,1,2,0
37,1,22,3,1108,210,0,40,1,6,1
55,1,16,5,3930,12,0,20,1,1,0
32,2,23,5,3050,17,0,45,2,1,1
20,4,19,5,4110,24,0,15,2,1,0
23,5,16,5,9300,6,17,85,1,6,0
45,1,21,1,3255,233,1,40,2,6,1
21,1,18,5,3640,29,2,32,2,1,0
35,3,19,1,5740,45,0,42,2,1,0
20,6,16,5,7430,19,2,50,1,1,0
26,1,21,5,4030,42,2,30,2,1,0
28,1,19,5,2634,34,2,40,1,1,0
49,1,16,1,5860,13,1,30,2,1,0
33,1,16,1,7750,38,0,50,2,1,1
22,1,16,5,705,42,7,40,2,1,0
61,1,21,5,10,41,0,60,1,1,1
68,3,18,1,3255,315,1,40,2,8,1
50,1,19,1,4510,24,1,40,2,1,0
50,1,19,1,5000,6,0,40,2,1,0
67,1,16,3,5240,21,0,40,2,1,0
27,1,15,5,1108,18,0,45,1,1,0
64,1,21,1,4840,6,0,50,1,1,1
51,1,19,1,3515,40,1,35,2,3,0
48,1,12,5,4720,6,0,41,2,9,0
29,1,21,5,230,36,13,30,1,1,0
19,1,19,5,4720,48,17,15,2,2,0
36,3,21,1,3870,34,0,50,1,1,1
30,1,16,3,5630,19,0,30,2,1,0
61,1,19,1,3603,233,6,40,2,6,0
66,1,20,3,4720,36,0,32,1,1,0
22,1,19,5,3602,19,2,45,2,1,0
65,2,19,1,5740,26,1,45,2,1,0
48,1,10,4,140,25,13,58,1,1,0
29,1,21,5,4040,211,0,40,1,6,1
44,1,16,1,4220,39,1,45,1,1,1
65,4,21,1,4251,6,0,24,1,1,1
57,7,23,1,4000,36,0,55,1,1,1
42,1,16,5,9620,17,3,40,1,1,0
55,1,19,1,7200,457,1,40,1,6,0
27,1,16,5,220,6,13,50,1,1,0
57,1,20,1,3255,25,1,20,2,1,0
20,1,19,5,4030,6,2,6,2,8,0
44,1,21,1,1305,39,2,40,2,1,0
22,1,16,5,3930,36,0,40,2,2,0
19,1,18,5,4055,6,17,30,2,6,0
33,1,20,3,710,27,0,40,2,1,1
52,1,19,1,4760,51,0,58,1,1,1
17,1,16,5,9620,21,2,25,1,9,0
29,2,21,5,4020,42,0,40,1,1,0
36,6,21,1,440,17,1,20,2,1,0
68,6,16,1,205,27,0,60,1,1,1
45,1,16,3,3930,36,17,40,1,2,0
40,1,16,1,7700,13,0,45,1,1,1
56,6,19,4,205,26,0,2,2,1,0
54,1,16,1,7700,48,1,55,1,1,1
40,3,22,3,440,13,0,50,2,1,1
51,1,18,1,1006,6,1,50,2,1,1
35,1,16,1,8990,1,0,40,1,1,0
45,1,19,3,120,303,2,40,2,1,1
50,1,18,1,5610,303,1,39,1,1,0
57,1,16,1,9210,12,1,45,1,1,1
29,1,19,5,4760,6,2,45,1,6,0
94,4,10,2,2555,27,16,20,2,1,1
36,1,8,3,1360,303,6,30,2,8,1
38,1,18,1,7330,17,1,48,1,1,1
51,6,15,3,4230,4,11,20,2,1,0
53,1,16,1,7200,17,1,40,1,1,0
64,1,16,1,6410,314,1,20,1,1,0
46,1,23,1,630,202,1,40,2,6,0
50,1,18,5,6050,6,5,40,2,1,0
28,4,21,5,1760,2,0,40,2,1,0
29,1,21,1,5400,19,1,40,2,1,0
37,1,16,1,4850,48,0,40,1,1,0
37,1,16,1,4700,6,11,40,2,1,0
57,2,22,5,10,6,17,70,1,1,1
62,1,16,3,5860,1,0,40,2,1,1
18,1,15,5,4130,15,2,12,1,6,0
68,3,19,3,8610,36,0,40,1,1,1
47,1,21,5,750,48,0,40,2,1,1
41,1,21,5,1360,72,0,50,2,1,0
39,1,18,1,8740,51,1,40,1,1,0
64,1,24,1,1010,17,1,44,1,1,1
30,1,16,5,5400,40,0,40,2,1,0
34,1,21,1,1021,129,9,40,1,1,1
35,1,22,1,1400,210,1,40,1,6,1
41,1,16,5,9620,38,0,14,1,1,0
23,2,21,5,5860,38,0,3,2,1,0
45,7,24,1,4350,34,1,40,2,1,1
47,1,21,1,1021,22,1,40,1,1,1
53,1,21,1,4850,313,1,50,1,1,0
74,7,21,1,4810,36,0,25,1,1,1
54,1,19,3,3602,22,13,50,2,2,0
66,7,21,1,4710,31,1,40,1,1,1
40,2,21,1,3255,301,0,32,1,1,1
30,1,21,1,4850,37,0,30,2,1,1
25,4,21,5,2320,19,15,50,2,1,0
32,1,16,5,4750,12,0,40,1,2,0
40,1,16,1,52,303,12,40,1,1,1
52,2,16,5,630,47,13,45,2,1,0
50,1,16,1,6200,48,0,65,1,1,1
49,7,20,3,4230,51,2,40,2,1,0
72,1,21,1,4760,12,1,24,1,1,1
64,1,21,1,3603,329,0,40,2,1,0
75,1,15,3,4720,36,0,20,2,1,0
60,2,20,3,2025,26,13,22,2,1,0
23,1,19,5,9365,39,2,30,1,1,0
59,1,18,1,9645,247,0,40,1,6,0
52,1,19,3,220,17,0,48,1,1,1
42,1,16,5,2633,303,12,20,1,8,0
28,1,19,5,9645,42,10,32,1,1,0
19,1,19,5,4720,26,2,20,1,1,0
59,6,22,1,710,6,0,35,1,1,1
38,1,18,5,6230,110,0,40,1,2,0
41,2,23,5,2100,8,13,50,2,1,1
72,1,22,1,4720,47,0,40,2,1,1
21,7,1,5,4110,303,2,8,2,8,0
49,1,19,1,4920,21,1,50,1,1,1
35,2,21,3,5740,41,0,40,2,1,0
57,1,19,1,540,33,1,55,2,1,0
25,1,19,5,2640,29,2,50,1,1,0
55,6,18,5,6260,15,11,25,1,7,0
37,3,22,5,2320,17,0,60,2,1,1
43,2,21,1,3255,35,1,50,2,1,0
61,1,19,1,5400,35,1,15,2,1,0
54,1,19,1,3930,1,1,40,2,2,0
49,2,14,5,4230,36,10,40,2,2,0
37,1,17,3,160,48,2,40,1,1,0
19,1,19,5,3602,39,2,20,2,1,0
53,7,21,1,4760,55,0,40,2,1,1
72,1,10,1,9150,51,0,26,1,1,0
28,1,19,1,3640,21,0,32,2,1,0
49,1,1,1,8140,303,0,40,1,1,0
53,5,20,5,5020,39,0,43,1,1,1
18,1,19,5,4740,4,2,40,2,1,0
62,1,16,1,9050,55,1,40,2,1,0
22,1,16,5,4700,8,3,40,1,1,0
20,1,20,1,1970,18,2,35,1,1,0
64,5,16,1,5740,11,1,40,2,1,1
22,1,16,5,4920,6,2,40,2,8,0
56,1,22,1,110,36,0,50,1,1,1
52,1,20,3,7315,24,0,45,1,1,1
51,3,16,1,6200,36,1,60,1,1,1
30,1,22,1,440,42,0,40,2,1,1
39,1,16,1,9620,18,1,40,1,1,1
31,1,21,3,700,39,0,40,1,1,0
48,1,1,4,8030,327,0,8,1,8,0
50,6,21,1,7200,303,10,30,1,8,0
26,1,16,1,7720,48,4,40,1,1,0
49,1,22,1,3160,26,1,40,1,1,1
27,1,19,5,4251,12,5,40,1,2,0
35,1,16,1,4760,6,1,40,1,1,0
42,1,21,1,5860,17,1,40,2,1,0
63,1,18,1,4720,6,0,40,2,8,0
51,1,20,3,9050,72,0,20,2,1,0
50,6,19,1,440,51,1,20,2,1,0
60,7,21,5,2850,48,13,30,1,1,1
41,1,21,3,4965,39,0,60,2,1,1
43,1,18,1,6355,41,0,40,1,1,1
65,5,20,1,5000,54,0,40,2,1,1
72,2,22,1,2205,48,0,12,1,1,0
27,1,1,1,9645,365,1,45,1,8,0
27,1,21,5,2360,34,0,48,2,1,1
27,1,16,5,4700,20,2,20,1,2,0
31,1,19,1,630,316,0,45,2,1,1
20,2,19,5,4020,27,17,20,1,1,0
31,1,22,1,1460,117,0,40,1,1,1
72,4,21,2,230,6,8,26,2,1,0
57,3,20,1,5740,42,0,50,2,1,0
77,1,16,2,5740,247,6,25,2,6,1
46,1,16,1,6050,12,1,40,1,1,0
70,1,23,1,1305,6,0,40,1,1,1
27,6,16,1,3500,55,1,45,2,1,1
40,1,13,5,4110,12,0,40,2,1,0
43,1,19,1,7315,5,1,40,1,1,0
47,1,16,4,3603,150,0,32,2,1,0
47,3,22,1,1610,4,0,40,1,1,1
29,1,20,1,140,19,0,50,1,1,0
32,1,1,1,9645,247,2,40,2,6,0
26,4,22,5,2205,207,0,15,1,6,0
58,4,16,1,4030,72,6,35,2,1,0
26,2,16,5,6515,1,13,40,1,2,0
40,1,9,5,4220,303,0,40,1,1,0
62,1,20,1,6050,19,1,45,1,1,1
51,1,20,1,3255,18,1,45,2,1,1
60,1,19,1,6765,54,0,40,1,1,0
30,4,22,5,2320,16,12,40,1,1,0
37,3,16,1,7330,12,1,40,1,1,0
37,1,16,1,7700,37,1,45,1,1,0
25,1,16,5,7810,36,2,40,1,2,0
19,1,16,5,5240,47,12,40,2,2,0
55,1,19,1,5110,28,1,24,2,1,0
49,1,17,1,7750,39,0,40,2,1,1
61,2,16,1,2050,41,11,40,2,1,0
23,2,21,5,3030,210,12,40,2,6,0
54,1,20,1,2360,4,0,12,2,1,0
45,2,16,5,5600,33,2,40,1,1,0
48,4,19,1,5220,37,1,40,2,1,1
71,2,19,1,5240,17,1,18,2,1,0
58,6,11,1,6442,303,1,40,1,1,0
51,7,21,1,1305,36,0,45,2,1,1
28,2,22,1,2004,4,1,38,2,9,0
25,1,20,5,4760,39,2,15,2,1,0
40,1,21,1,440,373,0,45,1,1,1
59,1,21,3,9645,9,0,40,2,1,1
63,1,16,1,8350,207,1,40,2,6,0
61,8,16,1,410,247,0,30,2,6,1
23,1,20,5,4110,6,2,30,2,1,0
20,1,19,5,5240,12,0,20,1,1,0
56,4,22,1,2310,327,0,35,2,1,1
29,1,21,1,5400,26,0,40,2,1,0
61,5,21,1,1530,17,0,45,1,1,1
26,1,16,5,4720,8,2,40,1,1,0
45,1,20,5,3424,36,0,38,2,1,0
69,7,16,1,310,42,0,40,1,1,1
70,2,18,1,5740,6,0,24,2,1,0
59,1,16,5,8650,47,0,45,1,1,1
34,1,22,5,1021,12,0,40,1,1,1
66,1,16,2,8225,20,13,40,2,1,1
73,1,16,3,4030,48,0,30,2,1,0
29,2,22,1,2002,48,1,40,1,1,0
38,1,20,1,2300,217,0,40,2,6,0
49,1,21,1,4110,26,1,10,2,1,0
22,2,21,5,5165,34,2,40,1,1,0
44,3,20,3,3870,72,2,40,1,2,0
44,1,19,3,7315,17,13,60,1,1,0
59,3,22,1,2310,27,1,3,2,1,0
47,1,20,3,3255,17,0,36,2,1,1
55,1,22,2,1530,51,0,40,1,2,1
64,1,22,1,9130,21,0,30,1,1,1
34,1,21,1,440,363,0,40,1,1,1
62,1,19,1,4840,25,0,50,1,1,1
77,2,19,1,4020,46,6,6,2,1,0
60,1,16,1,3603,21,1,32,2,1,0
83,6,1,3,4760,48,0,40,1,1,0
23,1,21,5,4760,25,4,15,2,1,0
31,3,18,1,930,48,0,40,2,1,0
56,1,22,1,8990,207,0,40,1,6,0
47,1,21,1,4810,21,0,40,1,1,1
43,1,21,4,340,12,13,48,1,1,1
77,1,21,1,3930,40,0,5,1,1,0
38,4,22,1,2205,4,0,20,2,1,0
49,3,16,1,4220,55,1,50,1,1,1
24,1,21,5,440,39,0,40,2,1,0
24,5,21,1,3300,55,0,40,1,1,0
42,3,21,1,630,12,0,40,2,1,0
57,7,18,3,5000,34,0,40,2,1,1
22,1,18,1,7840,1,0,37,2,9,0
49,3,16,1,3602,48,0,40,2,1,0
41,1,16,1,8225,26,1,40,1,2,0
68,3,24,1,2100,327,0,50,1,1,1
66,1,11,5,9630,17,5,35,2,1,0
55,1,14,5,4030,47,0,35,2,2,0
26,1,19,5,5810,17,2,20,2,1,0
21,1,16,5,4110,42,17,15,2,1,0
33,1,19,3,4110,39,0,25,1,1,0
65,7,22,1,1306,34,1,40,1,1,1
49,6,11,1,5240,42,1,50,1,1,0
70,1,21,1,4465,55,0,30,1,1,0
53,1,23,1,3090,36,0,60,1,1,1
20,1,20,5,3255,54,2,24,2,1,0
23,1,21,5,5240,28,11,44,1,1,0
22,1,16,5,4110,51,0,35,2,1,0
64,1,17,1,4600,21,0,32,2,1,0
22,7,1,5,4850,36,2,36,1,1,0
64,7,22,1,10,27,0,80,1,1,1
48,1,19,1,5860,15,1,40,2,6,0
37,1,16,1,8500,28,1,50,1,1,1
69,7,19,1,440,26,1,40,1,1,1
53,1,19,4,4760,41,0,25,2,1,0
41,7,24,1,2634,36,0,30,2,1,0
66,1,21,3,2205,47,0,30,1,9,1
45,1,16,1,4020,327,1,40,1,1,0
46,2,22,1,420,407,0,40,1,2,1
20,6,16,5,6260,48,0,40,1,8,0
39,3,21,5,2006,28,2,20,2,2,0
53,7,16,3,9005,34,0,40,1,1,1
60,4,17,1,4600,18,1,22,2,1,0
59,1,18,1,2360,53,0,40,1,1,0
54,1,1,1,4710,6,1,40,1,1,1
57,1,18,1,102,17,0,50,2,1,1
39,1,16,3,5000,13,2,40,2,1,0
35,1,17,1,4055,332,1,40,2,2,0
44,3,22,1,2014,48,1,40,2,1,1
35,1,20,1,4700,29,1,45,2,1,0
49,1,16,1,8990,18,0,40,1,1,0
57,1,16,1,7750,19,0,40,1,1,0
19,1,20,5,8030,16,2,20,1,1,0
48,1,16,1,9130,1,1,40,1,1,1
53,1,21,1,140,47,0,40,1,1,1
63,1,24,1,1021,27,0,40,1,1,1
51,1,16,1,6305,49,0,48,1,1,1
65,3,18,1,5860,51,0,38,2,1,0
51,1,19,1,8740,6,1,50,2,1,1
25,1,16,5,9620,6,0,35,1,8,0
44,6,18,1,4820,312,0,50,2,1,1
61,1,16,4,5000,36,0,44,1,1,0
61,1,19,3,5000,34,0,40,1,2,0
65,2,16,3,4600,45,0,20,2,2,0
66,6,16,3,3245,44,0,40,2,1,0
32,2,21,5,1108,212,11,15,2,2,0
37,5,20,1,6355,1,1,40,1,1,1
63,2,20,1,3255,25,0,32,2,1,1
52,6,16,1,136,303,0,75,1,8,0
48,4,22,3,5820,24,0,40,2,1,0
55,3,1,1,6260,20,1,40,1,1,0
34,1,17,5,5610,36,0,40,2,2,0
40,2,20,1,845,233,1,40,1,6,1
53,1,18,1,440,303,0,48,1,8,1
50,1,21,1,2145,26,1,40,2,1,1
52,1,19,4,3500,301,13,40,2,1,1
30,1,17,5,9600,39,5,40,1,2,0
19,1,19,5,4720,39,13,30,2,1,0
65,2,22,2,2205,26,0,5,1,1,1
28,1,19,1,7750,53,0,40,1,5,0
28,1,19,5,4040,6,12,30,1,2,0
61,1,19,1,8130,26,0,70,1,1,1
44,1,1,1,4020,207,0,25,1,6,1
63,4,21,1,1745,6,0,40,1,1,1
17,1,14,5,4622,6,10,25,2,1,0
59,1,20,3,3300,5,2,37,2,1,0
23,1,21,5,4820,29,0,40,1,1,0
24,1,16,5,9620,39,2,40,1,2,0
19,1,19,5,4720,6,17,20,1,1,0
64,1,17,1,7700,24,1,40,1,1,1
41,5,21,1,9830,36,0,50,1,1,1
61,1,1,1,7750,47,0,37,1,2,1
68,7,21,3,1305,10,0,50,1,1,1
41,1,18,1,140,18,1,45,1,1,1
25,1,19,5,310,55,0,40,1,1,0
50,7,22,1,5260,360,1,30,2,1,0
55,2,24,1,2205,138,0,40,1,1,0
43,1,19,1,5940,1,0,60,2,1,1
29,1,19,5,5300,6,17,40,2,1,0
57,3,21,3,440,42,15,37,2,1,0
59,1,16,1,2640,34,0,60,1,1,1
62,1,22,1,565,36,0,40,1,1,1
25,1,22,5,8990,26,2,40,2,1,0
28,1,17,1,2205,22,1,15,2,2,0
66,1,17,1,9130,51,0,40,1,2,0
42,2,22,5,735,39,0,25,2,1,0
59,2,22,1,1555,34,0,40,2,1,1
27,2,19,5,5400,314,16,16,2,1,0
19,1,16,5,5310,9,17,40,1,1,0
46,1,20,1,7200,45,1,40,1,2,0
47,1,17,1,9640,303,0,30,2,1,0
59,1,20,3,4760,40,0,25,1,1,0
29,2,21,1,2205,27,0,40,2,1,0
47,1,21,1,2205,47,1,45,2,1,0
47,1,21,1,4020,362,1,40,2,1,0
31,1,21,1,4850,1,0,40,1,1,1
39,1,17,1,6230,55,0,50,1,1,1
35,1,20,1,4965,13,0,40,1,1,1
22,5,16,5,9825,39,17,80,1,9,0
58,7,16,3,9130,26,0,40,1,1,0
41,1,16,1,4700,5,0,45,1,1,0
46,1,12,3,5740,303,0,40,2,1,0
36,1,21,1,1410,17,0,45,1,1,1
37,2,21,1,52,39,1,40,1,1,1
59,1,20,1,1010,25,1,40,1,1,1
61,1,16,1,9130,55,0,12,1,1,0
20,1,17,4,5400,53,2,40,2,1,1
31,1,19,5,4020,39,0,40,2,1,0
36,1,21,1,4850,40,1,40,1,1,1
52,1,17,5,4220,22,17,20,2,1,0
50,2,22,1,2205,55,0,40,1,1,1
32,3,19,5,2310,35,7,40,2,3,0
47,3,22,1,2310,42,1,40,2,1,1
47,3,19,3,440,45,11,40,1,1,0
32,2,15,1,4220,210,17,40,1,6,0
61,6,16,1,4220,19,0,25,2,1,0
69,4,19,2,150,54,0,40,1,2,1
50,1,21,3,120,36,0,55,1,1,1
38,1,18,1,4040,110,1,32,2,1,0
42,2,17,1,2360,132,0,21,2,1,0
53,1,21,1,2145,36,1,10,2,1,0
43,1,22,1,1006,12,0,45,1,1,1
34,1,13,1,8990,303,0,40,1,8,0
62,2,24,1,10,17,0,60,1,1,1
52,5,20,1,150,39,1,40,1,1,1
72,2,21,1,2310,29,1,30,2,1,0
29,1,18,5,4120,6,2,40,2,1,0
18,6,16,5,4251,12,17,12,1,1,0
37,1,19,5,2710,6,0,65,2,1,1
42,4,16,4,4220,13,13,30,1,2,0
25,1,20,1,6355,27,1,40,1,1,1
21,2,19,5,1031,15,17,30,2,6,0
63,1,21,5,9130,42,0,15,1,1,0
20,1,19,5,4110,24,17,10,1,1,0
40,1,17,5,9645,6,0,4,1,1,0
64,1,20,5,4110,25,0,40,2,1,1
41,4,21,1,2310,21,0,40,2,1,1
37,1,21,1,4700,29,1,55,2,1,1
51,2,14,1,5400,48,1,28,2,1,0
20,1,16,5,5860,15,2,6,2,6,0
21,1,19,5,5240,39,2,24,1,1,0
60,3,19,5,2545,36,0,40,2,1,0
37,1,19,5,4700,6,12,50,2,1,1
19,1,16,1,5240,72,2,20,2,1,0
47,1,19,1,4700,29,0,32,2,1,0
19,1,19,5,4110,51,2,15,2,1,0
20,1,20,5,4810,48,2,10,2,1,0
50,1,19,1,52,9,1,50,1,1,1
30,1,20,1,3310,48,1,24,2,1,0
54,5,16,3,5550,18,0,50,1,1,1
49,1,16,1,9600,32,16,40,1,2,0
34,2,21,1,725,23,2,35,2,1,0
34,1,22,1,10,29,1,50,1,1,1
46,1,18,1,9130,17,1,50,1,1,1
45,1,16,5,7340,36,2,35,1,2,1
27,1,21,5,800,6,12,40,1,1,0
30,5,21,1,3603,48,1,40,2,1,0
60,1,21,1,10,137,0,40,1,1,0
32,1,21,1,4030,27,0,20,2,1,0
53,1,21,3,220,48,13,50,1,1,1
38,1,18,5,4965,41,2,40,1,1,0
33,1,16,1,6240,303,1,36,1,1,1
77,2,19,2,3602,54,0,20,2,1,0
37,1,16,5,9600,13,0,40,2,2,0
46,1,21,1,1460,39,1,45,1,1,1
41,1,17,5,5420,42,0,40,2,1,0
26,1,16,5,4720,2,11,40,2,1,0
49,6,16,1,6240,303,6,30,1,1,0
19,1,18,5,9645,26,2,32,1,1,0
32,1,18,5,5940,37,7,40,2,2,0
43,1,21,1,20,25,0,50,1,1,1
26,5,16,1,2360,13,0,70,1,1,1
36,1,21,1,310,365,10,35,1,1,0
50,2,18,1,20,36,1,50,1,1,1
29,1,21,1,440,6,0,60,1,1,1
36,1,16,1,1006,37,1,40,1,1,0
62,1,22,5,440,36,0,40,1,2,1
53,3,22,1,2310,42,0,40,2,1,1
33,1,19,5,4700,333,13,35,1,2,0
28,1,23,5,3050,6,2,40,2,6,1
20,1,19,5,2145,40,17,25,1,9,0
31,1,16,5,4055,120,0,30,2,2,0
64,1,15,1,9130,303,0,32,1,1,0
37,7,18,1,4700,48,1,80,1,1,0
34,1,22,5,5522,9,0,48,1,1,1
26,7,21,5,4700,22,12,40,2,1,0
57,1,16,3,9620,6,0,35,1,1,1
24,1,20,5,5240,48,2,22,1,1,0
63,7,19,5,9620,303,12,20,1,8,0
39,6,21,5,2722,27,0,60,1,1,1
30,1,21,1,2310,316,1,40,2,1,1
23,1,21,5,710,24,12,80,1,6,0
47,7,21,1,2700,44,1,40,1,1,1
72,7,20,3,4920,13,0,40,2,1,1
64,1,16,1,9645,26,0,40,1,1,0
27,1,21,5,5400,6,2,40,2,1,0
35,6,21,5,630,12,0,20,1,1,0
53,7,16,1,5740,21,1,40,2,1,0
37,1,19,1,6355,47,1,40,1,1,0
29,1,15,5,4020,12,2,10,1,2,0
28,1,18,5,9130,47,13,50,1,2,0
22,1,19,5,5860,332,2,22,2,2,0
34,1,15,5,4030,6,2,40,1,6,0
60,1,16,3,5940,42,0,40,2,1,0
17,1,14,5,4110,55,2,36,1,1,0
19,1,18,5,4622,11,17,30,2,2,0
37,1,9,1,4720,313,0,16,2,1,0
44,1,21,3,20,1,6,45,2,1,0
53,4,16,5,9005,37,0,40,1,1,1
48,7,16,1,20,6,1,45,1,1,0
47,1,17,1,7750,213,1,40,2,1,0
64,1,18,1,4760,6,0,50,1,1,1
26,1,1,1,8850,12,0,36,2,8,0
20,1,16,5,4720,26,2,20,2,1,0
41,1,21,1,3649,364,0,40,1,1,1
54,2,17,2,7340,23,0,40,2,1,0
19,1,16,5,4622,25,17,40,1,1,0
49,1,17,1,7330,42,0,50,1,1,0
37,1,20,1,3255,26,1,40,2,1,1
37,4,16,1,2545,2,1,24,2,1,0
50,3,20,1,2545,6,1,15,2,1,0
56,1,18,1,6660,41,0,42,1,1,1
31,2,21,1,2320,27,0,60,2,1,1
17,1,14,5,4720,26,2,16,1,2,0
59,6,22,1,2360,39,0,20,2,1,0
43,2,24,1,2360,6,0,60,1,1,0
29,5,21,1,2300,48,1,40,2,1,0
26,8,20,5,6260,42,2,12,1,1,0
37,1,18,1,2640,28,0,50,2,1,1
45,5,16,3,5550,18,0,40,2,1,0
21,1,19,5,5820,6,17,38,2,8,0
22,1,18,5,4130,38,4,32,1,1,0
54,1,11,1,8740,312,0,40,1,1,0
70,2,23,1,2040,1,0,50,1,1,1
29,1,21,5,1021,12,0,41,1,1,0
46,1,17,5,4522,327,16,40,2,1,0
51,1,22,1,710,34,1,45,1,1,1
36,2,21,1,5820,36,1,35,2,1,0
53,7,16,3,9142,303,6,35,1,8,0
39,7,21,1,4600,17,5,18,2,1,0
63,1,16,1,8850,247,0,40,1,6,0
37,6,22,1,5230,407,1,40,1,2,1
33,1,21,5,8740,36,13,50,1,1,1
54,3,21,2,2320,6,0,40,2,1,1
18,1,16,5,6050,6,2,10,1,9,0
41,4,21,1,2016,36,1,25,2,1,1
29,2,19,1,2300,17,0,36,2,1,0
62,1,19,1,1010,240,0,40,1,6,0
54,1,18,1,2722,37,1,40,1,1,1
68,3,17,1,6305,1,1,40,1,1,0
23,1,21,5,4850,8,13,40,1,1,0
54,1,21,1,150,6,0,40,2,1,1
24,2,22,5,1530,231,0,45,1,9,0
19,1,14,5,4020,12,2,20,2,1,0
27,1,21,5,4760,12,2,40,2,2,0
19,1,16,5,8140,49,2,45,1,1,0
46,6,22,1,2722,9,1,32,2,1,0
45,1,21,1,2145,301,0,40,2,6,0
53,4,22,1,2310,26,1,40,2,7,1
22,1,19,5,6540,6,2,22,1,8,0
64,4,18,1,3870,22,0,30,1,1,1
34,1,22,1,2205,26,1,20,2,5,0
52,1,23,1,2100,36,1,40,1,2,0
57,1,19,1,4600,6,1,40,2,2,0
42,1,21,1,440,72,1,40,1,1,1
54,1,17,1,4220,50,0,40,1,1,0
66,3,9,3,2545,72,0,16,2,1,0
39,3,22,5,2014,6,0,40,2,9,1
17,1,16,5,4110,34,2,10,2,1,0
49,6,19,1,5120,119,1,40,2,1,1
52,1,20,1,6200,36,0,20,1,1,0
19,1,18,5,4435,18,2,40,2,1,0
49,7,9,1,4230,303,1,40,2,8,0
30,2,22,1,3255,6,0,12,2,1,0
36,2,21,1,5120,29,1,60,1,1,0
26,2,22,5,3030,4,0,40,2,1,0
64,6,19,5,7200,48,0,65,1,1,0
41,1,21,1,7000,213,0,42,1,1,0
30,1,19,5,5120,48,2,40,2,1,0
59,3,16,1,4220,29,1,40,1,1,0
36,1,20,4,5240,17,2,40,2,2,0
34,1,17,3,4720,42,0,15,2,1,0
53,1,16,2,220,22,0,50,1,1,1
68,1,21,1,2905,72,1,60,1,1,1
44,2,21,1,630,39,0,40,2,1,1
52,7,12,2,7200,45,0,40,1,1,1
36,1,22,1,5240,104,1,30,2,1,0
58,1,19,3,940,36,0,40,2,1,0
18,1,14,5,4720,6,2,8,1,1,0
38,1,23,1,2100,49,0,50,1,1,1
45,1,20,5,7700,42,0,50,2,1,0
34,1,22,1,440,20,1,40,2,6,1
53,1,16,1,6441,55,0,65,1,1,1
19,1,19,5,4150,21,2,27,2,1,0
35,1,22,1,3050,110,0,15,1,1,0
46,6,17,5,6710,25,0,28,1,1,0
45,2,23,1,3090,36,0,50,1,1,1
46,1,16,3,4850,37,0,40,2,1,1
36,1,21,1,1021,210,1,40,2,6,1
68,1,16,1,4030,18,0,15,2,1,0
57,1,16,4,7700,12,0,40,1,1,1
51,1,16,1,9005,31,0,40,1,1,0
40,2,22,1,2310,4,0,55,2,1,1
34,3,22,1,4810,42,0,40,1,1,0
44,1,19,5,4760,6,2,48,1,1,0
40,2,19,5,2025,17,0,50,1,2,0
50,3,22,1,2310,6,0,24,2,1,0
53,3,9,1,3602,6,0,70,2,1,0
44,1,22,1,3110,39,0,34,2,1,1
65,1,23,1,2100,55,1,50,1,1,1
52,6,22,1,1825,27,0,20,1,1,1
43,1,20,1,3424,39,1,36,2,1,0
35,1,15,1,440,327,0,48,1,1,1
48,1,21,5,3050,34,0,38,2,1,1
41,3,19,1,5860,26,0,37,2,1,0
26,1,21,5,4850,42,0,40,2,1,0
51,1,22,1,410,214,1,40,1,1,1
18,1,16,5,9610,6,17,8,2,6,0
56,1,22,1,705,20,1,60,1,1,1
45,7,16,5,4251,26,13,40,1,1,1
60,1,16,1,8255,18,1,40,2,1,0
38,7,24,5,630,72,0,45,2,1,0
60,1,19,1,3930,17,1,40,1,1,0
40,4,21,5,1530,25,0,40,1,1,1
31,1,16,5,6600,37,2,40,1,1,0
44,1,21,1,4200,47,1,40,2,1,1
18,1,16,5,4720,17,2,15,2,1,0
46,6,21,1,4210,25,0,30,2,1,0
28,1,21,5,3255,6,0,40,2,1,1
55,7,21,1,310,207,1,20,1,6,0
57,1,19,3,7640,25,0,45,2,1,0
52,4,21,1,2310,27,0,50,2,1,1
40,1,20,1,5740,26,0,40,2,1,0
26,6,11,1,7210,303,1,40,1,1,0
41,1,20,3,4020,26,0,40,2,2,0
52,1,16,1,8530,39,1,50,1,1,1
22,5,16,5,9610,12,7,40,1,2,0
57,1,14,3,6442,36,0,40,1,1,0
53,1,16,3,9620,42,0,40,1,1,0
58,1,20,3,4220,26,0,40,1,1,0
59,1,16,3,7315,17,0,40,1,1,0
49,1,18,1,410,39,1,20,2,1,0
34,1,16,5,860,303,0,37,2,8,0
47,7,16,5,440,10,0,50,1,1,1
57,6,20,3,6260,36,13,80,1,1,1
31,1,16,5,4760,35,3,35,1,1,0
17,1,14,5,4220,55,2,6,1,9,0
28,1,16,5,8225,28,0,40,1,1,0
58,1,21,3,9645,44,0,40,1,1,0
33,1,22,1,1021,210,0,40,1,6,1
42,1,17,1,4710,51,1,60,1,1,1
53,6,18,1,1006,1,0,40,1,1,1
53,1,17,1,4251,39,0,47,1,1,0
45,2,19,5,5120,365,0,80,1,9,1
46,1,21,1,5000,33,1,45,2,1,0
21,1,16,5,9720,22,2,40,1,2,0
54,2,19,3,3500,36,0,40,2,1,0
34,1,21,1,1021,41,1,40,1,1,1
44,1,19,1,9620,29,1,32,1,2,0
47,6,16,1,5522,158,6,30,2,1,0
40,1,20,3,3255,13,15,40,2,1,0
27,1,18,5,9130,42,13,25,1,2,0
36,1,21,1,565,33,1,40,2,1,1
82,4,22,1,3940,17,1,2,1,1,1
57,2,21,3,1022,6,0,40,1,1,1
46,3,19,2,5940,13,0,40,2,1,0
46,1,21,1,1520,48,0,40,1,1,1
18,2,19,5,2920,39,0,25,1,1,0
49,1,21,1,10,4,0,40,1,1,1
26,1,20,5,5160,48,0,40,2,1,0
30,3,22,5,2310,36,0,40,2,1,1
35,1,20,5,3255,42,2,40,2,1,0
41,2,8,1,4220,314,1,40,1,1,0
45,3,21,1,2310,440,1,40,1,2,0
49,6,16,5,7200,28,0,20,1,2,0
46,4,19,5,350,45,0,37,2,2,0
48,1,19,1,910,5,0,45,1,1,1
59,2,21,5,3255,36,0,36,2,1,1
58,6,19,5,2600,110,0,40,1,9,1
70,2,18,1,3602,37,0,20,1,1,1
69,1,12,5,3930,72,0,20,1,1,0
67,1,14,1,9130,45,1,25,1,2,1
42,1,12,1,4251,303,1,40,1,8,1
22,1,18,5,7200,26,2,35,1,1,0
56,2,21,1,5140,209,1,40,2,6,1
50,3,16,1,2545,48,1,40,2,1,0
44,3,20,1,2435,53,0,35,2,1,0
33,1,21,5,2825,110,0,50,1,1,1
22,1,19,5,4110,233,2,20,2,2,0
66,1,17,1,6305,51,1,40,1,1,1
45,3,20,1,2545,18,1,29,2,1,0
29,1,21,1,440,23,1,45,2,1,1
26,1,16,5,7430,17,2,60,1,1,0
57,4,20,3,3500,18,0,60,2,1,0
46,5,19,1,3870,51,1,45,1,1,1
34,7,22,5,2014,36,2,52,2,2,0
35,1,16,5,5550,23,2,44,1,1,0
23,2,20,5,410,20,0,40,2,1,0
38,1,17,1,7700,48,1,72,1,1,0
42,6,16,3,6260,55,12,10,1,1,0
53,1,16,1,940,48,1,40,2,1,0
65,4,24,1,5840,6,0,4,1,6,1
63,2,22,3,1050,36,0,40,1,1,0
66,1,18,5,1050,36,0,40,1,1,1
69,1,22,1,1360,36,1,40,1,1,1
55,3,22,1,2310,128,0,22,2,1,0
56,7,16,1,6115,23,1,40,1,1,1
37,1,21,5,51,42,2,40,1,1,0
45,1,21,1,3601,440,0,45,1,2,1
63,7,16,1,800,27,1,5,2,1,0
25,1,16,1,9645,22,2,38,1,2,0
37,1,22,5,700,373,2,40,2,9,0
29,6,19,1,205,6,1,48,1,1,0
60,3,23,5,1822,9,0,60,2,1,1
49,1,24,1,1410,240,0,40,1,6,1
41,1,19,5,9130,48,0,40,1,2,1
30,4,21,1,3870,41,0,40,1,1,1
49,3,17,1,3802,36,0,45,1,1,1
69,2,23,1,2040,40,1,50,1,1,1
53,1,10,4,6050,303,8,40,2,1,0
59,1,12,1,4020,45,1,30,2,1,0
58,1,17,3,8990,47,0,59,1,1,1
19,1,16,5,4251,38,3,30,1,1,0
51,1,20,1,7340,34,0,40,1,1,0
37,1,16,1,4140,303,0,40,1,8,0
35,1,22,1,9265,164,2,45,1,1,1
69,1,21,1,5240,42,1,18,1,1,0
70,1,16,1,5000,22,1,40,1,2,1
31,1,17,1,9645,16,1,23,1,1,1
42,1,21,1,120,55,0,50,1,1,1
60,1,24,1,440,240,0,40,1,6,1
52,3,22,1,2555,48,0,40,2,1,1
22,1,16,5,8990,26,2,40,1,2,0
40,1,18,5,4020,39,15,35,1,1,0
31,2,21,5,1021,6,0,40,1,1,1
65,1,19,1,4700,53,1,40,1,1,0
42,1,16,1,6230,303,1,40,1,1,0
73,1,18,1,4140,27,1,20,1,1,0
33,1,21,1,520,4,0,45,2,1,1
32,1,16,5,310,22,0,40,2,2,0
48,2,21,1,2555,36,0,40,2,1,0
47,1,21,1,7905,72,0,40,1,7,0
56,1,24,1,1460,400,1,47,1,1,1
49,2,21,5,726,36,0,40,1,1,1
47,1,21,4,220,29,0,50,1,1,1
27,6,20,5,4600,109,0,40,2,1,0
62,1,22,1,1900,36,0,37,1,1,1
45,3,21,1,5740,37,0,40,2,1,0
44,1,24,1,1860,6,0,40,1,1,1
45,1,21,1,120,48,0,45,2,9,1
77,1,17,5,7330,6,0,8,1,6,0
24,1,21,5,4850,41,0,40,1,1,0
52,1,20,1,1430,17,1,40,2,1,1
64,1,19,5,9130,28,5,35,1,2,0
76,1,12,2,6050,51,0,43,1,1,0
71,6,23,1,2100,36,0,50,1,1,1
53,1,19,3,3603,26,0,36,2,1,0
18,1,16,5,6710,37,2,40,1,1,0
26,1,23,5,4700,36,0,40,2,1,0
44,1,17,1,9620,37,1,40,1,1,0
21,2,21,5,2205,53,12,30,2,1,0
62,7,21,1,6230,51,0,40,1,1,1
36,7,20,5,230,12,0,70,2,2,1
67,1,19,3,3930,22,0,35,2,1,0
45,1,16,3,120,6,0,45,1,1,1
60,2,22,5,2205,26,0,20,2,1,1
38,1,21,1,5240,6,0,50,2,2,0
23,4,16,1,3802,51,1,40,1,1,0
18,4,14,5,5320,48,2,20,2,9,0
60,1,18,1,20,39,1,45,2,1,0
23,1,21,5,4760,451,2,40,1,2,0
35,3,22,5,2014,36,0,35,2,2,1
33,1,21,1,1108,12,0,40,1,1,0
50,1,21,5,4700,9,0,60,1,1,1
21,1,15,5,4750,16,7,28,1,1,0
49,1,17,1,8300,303,0,42,2,1,0
33,1,19,5,5740,48,2,32,2,9,0
52,7,18,1,310,17,0,50,2,1,1
24,1,16,4,3655,47,2,40,2,2,0
23,1,13,5,7700,53,12,40,1,1,0
39,1,16,5,4700,35,0,68,2,3,0
40,1,20,1,5740,138,0,37,2,1,0
31,4,21,5,2360,9,2,20,2,9,0
33,4,24,1,1650,39,0,50,1,1,0
54,4,19,1,3820,47,0,50,2,1,1
32,1,16,5,4720,66,13,40,2,1,0
29,1,13,5,6220,6,13,40,1,1,0
72,6,16,1,205,55,0,60,1,1,0
26,2,21,5,735,36,0,40,2,1,0
59,1,21,1,220,24,1,45,1,1,1
36,1,19,3,8740,19,2,50,2,1,0
45,1,16,2,1900,42,0,50,1,1,1
42,1,16,5,8140,47,0,40,1,1,0
62,1,18,3,9130,27,15,12,1,1,0
51,4,21,1,5000,29,1,40,1,1,0
23,1,18,5,2722,48,0,40,2,1,0
56,1,18,1,4220,55,1,45,2,1,0
55,6,21,1,520,138,0,40,2,1,0
23,1,20,1,1900,37,1,45,2,1,1
30,1,20,5,5810,25,0,45,2,1,0
22,1,17,5,4020,47,7,30,1,1,0
34,1,16,5,3421,42,0,40,2,1,0
27,2,21,5,5940,36,0,40,2,9,0
32,1,21,1,630,412,0,40,2,2,1
37,6,11,1,6050,42,0,60,1,1,1
44,1,19,1,5110,26,0,40,2,1,0
47,4,16,1,3725,12,0,40,1,2,0
58,1,17,2,9130,55,5,70,1,2,0
64,6,19,3,3601,37,0,21,2,1,1
63,4,22,1,5820,4,1,33,2,1,0
20,4,17,5,3602,53,0,31,2,1,0
24,3,21,5,705,6,0,40,2,1,0
37,1,21,1,9005,49,0,40,1,1,0
37,1,20,1,4700,13,0,50,1,1,1
30,7,21,1,1460,301,0,40,1,1,0
59,2,16,1,5120,36,0,40,2,1,1
51,6,20,5,4350,9,0,20,2,1,0
42,1,21,1,5740,11,1,40,2,1,0
59,7,21,1,220,37,1,50,1,1,0
28,1,20,5,2310,78,0,30,2,2,0
23,1,16,5,4110,25,2,35,1,1,0
59,1,16,1,6355,39,0,40,1,1,1
46,1,21,1,4850,42,0,45,1,1,0
74,1,19,2,4720,8,0,30,2,1,0
24,5,21,5,1400,39,0,40,1,1,1
43,1,22,1,440,26,1,50,2,1,1
19,2,16,5,4640,34,17,20,2,6,0
60,6,22,1,205,27,0,60,1,1,1
35,1,20,1,6260,36,0,40,1,1,1
57,1,21,5,1010,39,0,45,2,1,1
32,1,19,1,20,48,0,50,1,1,1
62,3,19,1,7700,47,0,40,1,1,1
33,7,19,1,4920,37,0,45,2,1,0
46,1,20,1,3545,17,1,40,2,2,0
32,1,16,1,6355,39,0,40,1,1,0
48,1,16,1,4220,364,0,20,2,8,0
44,1,22,1,1021,212,0,40,1,1,1
20,1,16,5,4140,42,4,16,1,2,0
42,2,23,1,3090,25,0,60,1,1,1
43,7,20,1,4510,21,1,50,2,1,0
43,6,21,3,4230,72,0,20,2,1,0
45,1,20,1,910,47,0,45,2,1,1
38,1,15,1,4030,303,0,25,1,1,0
37,7,16,1,4220,47,1,40,2,1,0
56,4,22,4,3422,28,0,40,2,2,1
28,1,16,5,4600,36,0,40,2,1,0
32,1,21,1,20,18,1,40,1,1,1
84,1,24,1,2205,6,1,30,1,1,0
26,4,16,5,8530,6,17,40,2,9,0
19,2,16,5,4760,29,2,25,1,1,0
47,1,17,1,7700,53,0,60,1,1,1
22,1,18,5,1980,56,17,48,1,1,0
61,1,1,1,9620,303,0,40,1,1,0
32,2,21,1,726,26,1,42,2,1,1
24,1,16,5,7750,26,0,40,2,2,0
59,2,19,1,2545,6,1,40,2,1,0
63,1,21,1,425,5,0,60,1,1,0
40,1,17,1,7700,47,1,40,1,1,0
19,1,19,5,4720,1,17,30,2,1,0
44,1,22,1,51,34,1,50,1,1,1
23,1,9,1,4020,313,0,30,2,8,0
39,1,19,5,4251,37,0,45,1,2,0
32,1,19,1,2145,34,0,40,2,1,0
59,1,16,1,140,18,0,45,1,1,1
24,6,16,1,4350,49,1,15,1,1,0
64,1,21,1,3930,39,0,24,1,1,1
59,1,22,1,4820,1,0,40,1,1,1
36,1,22,1,1460,215,0,70,1,6,1
57,6,16,1,3602,28,0,40,2,2,0
19,1,18,5,4720,9,2,20,1,2,0
60,8,23,1,3010,34,1,40,1,1,1
36,1,12,1,9130,6,1,62,1,1,0
54,1,18,1,7750,22,0,40,1,2,0
26,1,18,5,4000,6,12,32,1,8,0
21,4,16,5,5400,12,17,37,2,2,0
17,1,13,5,4760,24,2,8,2,1,0
54,1,16,1,8140,19,1,45,1,1,1
31,5,21,1,3870,48,0,45,1,1,1
53,1,21,1,5740,6,1,40,2,1,1
38,1,16,1,4000,207,2,60,1,6,0
27,1,19,5,9645,6,12,45,1,2,0
34,3,16,1,2545,312,0,40,2,1,0
32,1,21,5,1530,24,0,40,1,2,1
47,1,19,1,7315,1,1,40,1,1,1
61,5,20,1,750,22,0,40,2,1,1
55,1,17,1,5610,37,1,50,1,1,0
18,1,14,5,2360,12,3,8,2,1,0
58,1,19,2,5110,42,13,50,2,1,0
41,1,16,1,3421,233,0,40,2,6,0
20,1,19,5,4110,4,2,24,2,1,0
73,1,24,3,2205,39,0,60,1,1,1
23,1,18,5,4720,39,2,40,1,1,0
34,1,16,3,5240,24,13,40,2,1,0
59,1,22,1,1350,207,0,40,1,6,1
58,3,19,1,2310,45,1,30,2,1,0
31,6,21,5,2360,36,0,65,1,1,1
58,4,23,1,440,36,0,42,1,8,1
40,1,21,1,1320,39,1,35,2,1,1
22,1,20,5,4130,6,2,4,1,9,0
26,1,16,5,2016,36,7,38,2,1,0
50,1,16,5,9130,39,0,40,1,1,0
59,1,16,1,5610,38,1,40,1,1,0
30,2,22,1,6050,303,0,50,2,8,0
43,1,14,5,4010,39,2,32,2,2,0
55,1,16,3,9620,6,0,40,1,1,0
59,2,24,1,2004,46,0,40,1,1,1
67,1,16,1,4220,39,1,10,1,1,1
36,1,19,3,3603,36,0,40,2,2,0
36,2,22,1,4220,41,1,3,2,1,0
35,2,4,5,4251,313,0,45,1,8,0
43,1,19,1,5000,22,0,84,1,1,1
55,6,20,5,5550,27,13,40,2,1,0
65,1,20,1,4810,329,0,40,2,1,1
24,1,18,5,6355,39,2,40,1,1,0
22,1,16,5,4760,17,2,32,2,2,0
22,1,19,5,4252,48,2,40,1,2,0
34,2,21,4,440,42,17,60,2,1,0
40,1,21,1,5710,9,1,15,2,1,0
61,7,19,1,810,49,0,40,1,1,0
48,1,16,1,6230,48,1,40,1,1,0
52,1,21,1,20,48,0,60,1,1,1
36,1,21,5,3255,25,2,38,2,1,1
39,1,19,1,6442,26,0,40,1,1,0
33,2,18,1,3602,361,0,40,2,8,0
53,6,16,3,6260,6,13,45,1,1,0
40,1,16,3,4230,147,0,30,2,1,0
18,1,19,5,3603,34,17,20,2,1,0
51,1,16,1,6260,303,6,40,1,1,0
43,1,20,1,160,47,1,40,1,1,1
49,1,19,3,6442,6,0,43,1,1,0
34,3,22,1,2310,17,1,45,1,1,1
38,1,22,1,2640,53,1,45,1,1,1
50,4,20,3,3500,17,15,40,2,1,0
47,1,23,1,2170,17,0,50,1,1,1
57,1,16,1,6355,39,1,40,1,1,1
46,1,21,1,140,364,0,40,1,1,1
57,1,16,1,6305,26,0,45,1,1,0
28,1,16,1,8030,28,1,40,1,1,1
56,5,21,5,7340,26,0,48,1,1,1
26,7,20,5,5240,6,0,25,2,8,0
56,7,16,3,6200,42,13,60,1,1,1
20,8,19,5,9620,42,0,45,2,1,0
30,1,21,5,5240,36,0,50,2,1,1
51,2,21,5,4850,72,11,40,1,1,0
33,1,21,5,1410,6,13,40,1,6,1
56,1,19,4,3601,48,0,11,2,1,0
64,2,16,3,9122,38,0,20,1,1,1
29,1,21,5,51,32,15,40,1,1,0
25,2,18,5,3602,158,10,40,2,1,0
30,1,22,1,2003,6,0,40,1,1,1
36,1,18,1,7340,17,0,40,1,1,0
46,3,21,1,440,26,0,40,2,2,1
65,1,16,1,4760,8,1,40,1,1,1
51,1,16,5,2170,34,2,40,2,1,0
52,2,22,5,800,49,2,40,1,1,0
39,1,12,5,8990,48,16,60,1,1,0
31,5,20,5,9830,42,0,40,1,1,0
42,1,16,1,4020,40,9,36,1,1,0
68,1,12,3,4760,72,0,38,2,2,0
59,1,19,3,4110,23,13,30,2,1,0
59,1,20,1,5740,6,1,37,2,1,0
26,1,13,1,4720,6,5,40,1,1,1
18,1,16,5,4760,36,10,40,1,1,0
30,1,21,5,2310,6,0,40,2,1,0
18,1,14,5,4130,40,4,24,1,3,0
45,4,19,3,4700,34,0,40,1,1,0
28,1,21,5,735,25,2,50,1,1,1
58,1,16,1,5240,247,0,20,1,6,0
18,1,16,5,4760,36,2,19,1,2,0
32,2,22,1,440,53,1,40,1,1,1
61,3,16,3,9130,34,0,40,1,1,0
41,3,23,1,2435,233,0,40,2,9,1
30,1,20,5,5140,48,2,50,1,1,0
48,1,20,1,136,39,0,45,1,1,1
66,1,20,1,1460,26,0,16,1,1,0
61,1,21,1,4720,27,1,38,2,1,0
33,1,16,1,860,6,0,40,2,8,0
18,1,15,5,9620,72,15,8,1,8,0
22,1,19,5,4700,12,2,25,2,1,0
51,1,22,1,300,6,0,40,1,1,1
17,1,12,5,4055,48,2,16,1,2,0
35,1,18,5,3602,37,0,40,2,1,0
32,1,21,5,2920,32,13,40,1,2,0
63,1,20,1,5000,21,0,45,1,1,1
22,2,18,5,3960,39,2,40,1,1,0
54,1,16,1,10,42,0,50,1,1,1
21,1,20,5,9645,29,4,30,2,1,0
24,3,21,5,440,13,2,60,1,1,0
64,1,16,1,5240,13,0,40,1,2,1
28,1,17,1,7315,36,9,48,1,1,0
40,4,22,5,1640,29,0,40,1,1,0
43,1,18,1,220,51,0,45,1,1,1
19,2,19,5,4600,45,17,10,2,1,0
47,1,19,1,4700,19,0,40,2,1,0
32,2,21,1,420,40,0,50,2,1,1
25,3,21,5,2320,216,2,35,2,1,0
27,2,21,1,2310,22,1,60,1,1,0
23,1,14,5,3601,29,13,15,1,1,0
24,1,20,5,4030,17,0,16,2,1,0
51,5,22,1,5550,243,1,50,1,1,1
25,1,21,5,5350,36,2,40,1,1,0
29,1,16,5,4040,36,0,40,1,1,0
73,1,23,1,3255,25,1,60,2,1,1
67,1,21,1,800,36,0,40,1,1,1
38,2,22,1,2060,22,1,40,1,1,1
38,3,21,1,3740,48,1,48,1,1,1
19,1,19,5,3603,27,17,20,2,1,0
45,1,21,1,5540,26,1,40,2,1,0
67,1,21,3,4655,6,0,30,2,1,0
33,3,19,1,2545,36,0,40,2,1,1
27,4,20,1,5740,12,1,40,2,1,0
31,6,19,5,6230,303,2,50,1,1,0
38,3,20,3,3602,341,5,70,2,6,0
61,1,22,1,51,36,0,45,1,1,1
23,4,21,4,5740,48,9,40,2,8,0
53,1,17,1,440,48,0,50,1,1,1
32,1,21,5,3255,36,0,40,2,1,1
56,1,16,1,120,5,1,40,2,1,0
60,6,1,2,4251,303,0,40,1,1,0
30,1,21,1,1200,13,0,55,1,1,1
36,1,21,1,1031,48,1,50,1,1,1
57,1,16,5,5610,36,10,35,1,1,0
27,1,22,1,2205,48,1,12,2,1,0
45,7,24,1,3090,24,0,45,1,1,1
20,2,18,5,8630,26,17,40,1,1,0
56,6,22,1,1305,207,1,60,1,6,1
18,1,16,5,4150,13,17,30,2,1,0
45,1,19,1,4010,449,1,30,2,1,0
54,5,21,1,2170,24,5,40,1,1,1
50,1,16,5,3603,333,13,75,2,2,0
44,1,13,1,4700,22,1,48,2,1,0
51,4,21,1,136,4,1,45,2,1,1
45,3,16,1,9310,22,0,40,1,1,0
74,2,22,1,420,42,0,32,1,1,1
28,1,16,5,9645,6,10,20,2,2,0
60,6,19,1,2600,53,1,10,2,1,0
52,7,21,1,4840,27,0,40,1,1,1
21,1,16,1,4110,6,0,40,2,1,0
33,1,21,5,1050,17,13,40,2,1,1
58,1,21,1,540,26,1,45,2,1,1
55,6,18,1,705,39,1,50,1,1,1
40,6,16,1,6460,56,1,50,1,1,0
55,1,16,1,5260,39,1,24,2,1,0
32,5,21,1,9810,29,0,50,1,1,1
47,5,20,1,3323,22,0,40,2,2,1
60,1,18,1,7210,49,1,40,1,1,1
59,1,21,1,3255,26,1,38,1,1,1
34,1,21,5,2360,39,0,40,2,2,0
54,1,18,1,9130,37,0,12,1,1,0
81,1,18,2,9130,31,0,10,1,1,0
45,1,19,1,52,39,1,40,1,1,1
73,7,18,1,7220,55,1,50,1,1,1
29,1,18,1,4220,17,1,35,1,2,0
53,3,22,5,350,26,0,45,2,1,1
45,1,19,3,5240,1,0,39,1,1,0
65,4,21,1,350,36,0,35,2,1,1
26,1,20,5,4965,13,0,50,1,1,1
28,1,19,1,140,42,0,50,1,1,1
53,1,22,1,4110,163,1,40,2,1,1
52,6,21,3,8990,53,0,80,1,1,1
18,1,14,5,2145,37,2,12,2,1,0
35,1,19,1,750,17,0,40,1,1,0
47,2,19,1,350,26,0,40,2,1,0
52,1,20,4,5240,39,0,40,1,1,0
19,6,16,5,4251,21,2,70,1,1,0
28,1,16,5,9620,42,0,50,1,1,0
29,2,22,5,350,36,0,40,2,2,0
72,1,21,3,4720,9,0,32,2,1,0
61,4,23,1,440,36,1,24,2,1,0
38,3,21,1,2330,44,1,45,1,1,1
43,1,16,1,7020,49,1,50,1,1,1
27,1,19,5,3601,329,0,50,2,2,0
50,6,16,3,4510,48,13,36,2,1,0
29,1,21,1,4760,29,1,50,1,1,1
39,1,21,5,5120,4,2,20,2,1,0
22,2,21,5,4621,53,2,20,1,1,0
55,3,20,1,9130,1,1,40,1,2,0
59,7,18,1,6200,17,0,60,1,1,1
26,1,17,5,7340,4,16,40,1,8,0
61,1,16,1,6230,333,0,40,1,2,1
58,1,23,1,800,9,10,45,1,1,1
59,1,20,3,5740,1,0,40,2,2,0
27,1,21,5,4710,36,0,45,2,1,1
20,3,19,5,2350,6,12,15,2,6,0
36,1,21,1,140,329,0,50,1,9,0
23,1,20,5,9130,210,2,24,1,6,0
59,1,20,1,4400,34,0,38,1,2,0
55,1,12,3,7200,207,12,40,1,6,1
23,3,21,1,4600,4,7,40,2,3,0
30,1,19,3,8465,13,16,40,2,1,0
48,1,22,1,2360,17,0,25,1,1,0
75,7,18,1,800,48,0,15,2,1,1
64,6,21,1,2360,42,0,18,1,1,1
31,1,16,5,9620,6,2,40,1,1,0
69,4,22,1,2205,116,1,45,2,1,1
50,2,21,1,3050,53,0,40,2,1,1
40,1,21,1,4850,17,0,50,2,1,1
47,1,19,1,1980,53,0,40,1,1,0
34,5,19,5,3930,36,0,40,1,2,1
29,1,16,5,4400,6,0,41,1,9,1
49,1,19,1,2634,4,1,40,2,1,0
33,7,16,1,4230,303,0,35,2,1,0
43,7,20,1,4700,333,1,60,2,2,0
20,1,6,5,9620,36,0,8,2,1,0
64,2,21,1,4220,25,0,3,2,1,0
26,1,19,5,910,303,11,40,1,8,1
24,1,20,5,7750,42,2,40,1,1,0
62,6,20,3,6410,51,0,30,2,1,1
50,1,21,1,800,36,1,55,1,1,1
51,3,19,1,2545,4,1,40,2,1,0
50,1,21,3,3620,41,15,40,2,1,1
58,1,19,1,7855,128,0,30,2,1,0
37,1,21,1,2640,36,1,40,1,1,0
20,1,16,5,7855,421,2,40,2,2,0
27,1,16,1,9130,47,15,50,1,1,0
57,1,21,5,9005,24,0,40,2,1,1
46,1,9,3,4110,303,0,35,2,8,0
71,3,16,1,5740,34,0,35,2,1,1
41,3,16,1,9122,36,1,40,1,1,0
40,1,20,1,630,6,0,40,2,1,0
45,4,17,3,4020,55,0,40,2,1,0
59,1,16,1,440,17,1,40,2,1,0
25,1,21,1,3620,6,1,40,2,1,0
61,4,21,1,2310,9,1,40,2,1,1
34,1,14,5,7750,6,0,40,2,1,0
60,1,22,1,1460,13,0,40,1,1,1
26,3,21,5,2825,210,12,40,1,6,0
41,1,20,1,6700,18,1,45,1,1,1
40,4,17,1,7750,51,16,56,1,1,0
28,1,19,1,5400,41,9,20,2,1,0
63,4,19,3,5740,53,0,40,2,1,0
22,1,16,5,5740,48,2,8,2,1,0
46,1,21,1,3255,233,0,40,2,6,1
32,1,16,5,8800,233,13,55,1,6,1
70,1,9,1,9122,303,0,40,1,8,0
21,1,19,5,5240,27,2,29,1,1,0
59,1,18,1,7410,17,1,60,1,1,1
31,1,21,1,5940,6,1,40,2,1,1
54,1,16,1,5630,40,0,40,1,1,0
24,1,18,5,8740,26,0,40,2,1,0
42,1,22,1,1021,210,0,40,1,6,1
56,1,1,2,4521,247,0,36,2,6,0
32,1,16,1,6200,47,1,50,1,1,1
55,6,23,1,3090,39,1,50,1,1,1
44,1,21,1,705,53,1,40,2,1,1
27,1,21,5,1021,9,0,40,2,1,1
19,2,16,5,4622,6,17,35,2,1,0
25,1,21,5,1021,6,0,40,1,6,1
31,1,19,5,4020,23,2,20,1,1,0
54,3,18,1,7700,22,0,40,1,1,1
40,1,16,5,6050,53,5,30,1,8,0
69,1,9,1,8140,120,1,40,1,1,1
39,7,21,5,800,13,13,50,1,1,1
63,6,21,1,6442,28,0,50,1,1,0
65,1,18,3,3930,6,0,40,2,1,0
66,7,21,1,2634,54,0,40,2,1,0
44,1,22,1,120,26,1,50,2,1,1
82,6,23,1,2100,35,1,6,1,1,1
18,1,13,5,9645,8,3,25,1,1,0
60,5,18,1,7700,22,0,40,1,1,1
60,3,22,1,2310,54,1,40,2,1,1
64,1,13,1,4240,34,6,40,1,1,0
62,2,21,1,2310,6,0,32,2,1,0
30,2,21,5,2360,39,12,35,1,1,0
64,1,16,1,5610,17,0,40,2,1,0
58,6,19,1,1032,36,0,5,1,1,0
37,1,21,1,3220,17,1,10,2,1,0
40,7,19,1,4920,24,1,45,2,1,1
28,5,19,1,9810,39,1,50,1,1,0
41,1,20,1,3255,4,0,24,2,8,0
51,2,24,5,2205,6,5,60,2,1,1
69,2,21,1,4220,39,1,40,1,1,0
57,1,16,1,5160,17,1,36,2,1,0
57,1,18,1,9620,48,1,20,2,1,0
61,1,20,1,9130,39,0,40,2,1,0
58,3,21,1,350,48,0,40,2,1,1
50,2,22,1,110,48,0,45,2,1,1
54,7,19,1,7640,36,0,40,2,1,0
19,1,19,5,9620,26,2,21,1,1,0
57,3,16,1,4220,17,0,45,1,1,0
69,2,22,1,3255,36,1,35,2,2,1
44,2,21,1,3150,47,0,30,2,1,0
70,1,8,1,4220,303,0,40,1,1,0
19,1,16,5,2910,42,17,10,2,2,0
45,1,17,5,9600,17,13,40,1,2,0
45,1,16,4,6260,303,13,40,1,8,0
52,7,22,1,710,164,0,30,1,1,1
45,6,18,3,4920,39,0,25,2,1,0
52,1,16,1,6330,36,1,40,1,1,0
43,4,16,5,5940,11,0,40,2,2,0
59,1,21,2,8740,49,6,40,2,1,0
28,1,22,5,735,210,0,35,1,6,1
27,1,19,1,9130,27,1,40,1,1,0
51,3,19,3,9121,48,0,18,2,2,0
39,2,20,1,3323,39,1,40,1,8,0
49,2,21,1,2300,37,0,40,2,1,1
30,1,16,1,8830,5,0,40,1,2,0
62,1,19,1,940,27,1,18,2,1,0
66,6,21,1,2310,53,1,30,2,1,0
23,1,20,1,5120,47,0,40,2,1,0
61,1,22,1,1750,6,0,40,1,1,1
39,2,22,5,1825,25,0,40,1,1,0
47,1,19,1,4850,22,0,40,2,1,1
48,1,21,1,1410,240,1,40,1,6,1
23,1,16,5,4760,17,12,40,2,1,0
54,5,18,3,630,36,0,40,1,2,1
31,4,20,5,3545,37,0,40,1,1,0
30,1,21,5,3255,39,0,40,2,2,1
47,8,24,5,2100,207,0,48,1,6,1
17,2,14,5,7750,55,2,32,2,1,0
27,1,20,5,6305,55,0,66,1,1,1
53,1,21,1,440,41,1,40,2,1,0
55,1,19,2,7315,110,0,60,1,5,0
57,6,16,1,310,42,1,60,1,1,0
49,2,22,1,2920,39,1,40,1,1,1
61,1,19,1,5630,8,1,55,1,1,1
57,1,16,1,7000,42,0,45,1,1,0
20,2,19,5,2050,45,17,20,2,1,0
43,1,20,5,3645,361,0,40,2,1,0
52,1,16,1,2545,29,1,35,2,1,0
21,1,20,5,4040,36,17,18,2,1,0
38,2,21,1,3322,34,0,40,1,1,1
61,1,8,1,9620,303,0,48,1,1,0
56,1,20,1,4850,39,1,40,2,1,0
35,1,16,5,3421,329,0,40,2,8,0
60,1,16,1,8255,301,1,55,1,1,1
46,1,20,1,1050,48,0,40,1,2,1
33,1,19,5,7905,72,0,40,1,1,0
58,1,20,3,7315,39,13,50,1,1,1
52,1,18,3,4820,34,0,50,2,1,1
40,7,21,5,2640,117,0,80,1,1,1
53,1,20,2,5410,19,0,10,2,1,0
35,7,15,1,6765,214,0,50,1,1,0
20,1,16,1,440,17,1,50,1,1,0
52,7,19,1,220,21,0,40,1,1,1
31,1,15,5,8990,4,12,40,1,1,0
23,1,19,5,4760,6,2,40,1,2,0
44,1,16,4,2825,47,2,40,2,2,0
28,1,21,5,2600,217,5,40,2,6,0
60,3,16,2,2545,24,6,20,2,1,0
63,1,23,1,3255,39,1,25,2,1,0
48,3,22,1,2310,25,0,35,1,1,1
35,1,16,1,750,42,1,55,1,1,0
54,2,21,3,4020,49,0,20,2,1,0
54,1,16,1,7430,247,0,40,1,6,0
24,1,19,5,5350,33,15,50,1,1,0
60,5,22,5,1022,44,0,40,1,2,1
24,1,21,5,5940,17,2,40,2,1,0
77,3,14,1,9121,24,1,36,2,1,0
31,2,19,1,4622,33,0,32,2,1,0
58,1,15,1,5120,6,15,32,2,1,0
23,1,16,5,4760,9,2,28,2,1,0
28,1,21,5,2004,228,0,40,2,6,1
53,1,16,1,4720,36,1,65,2,1,0
27,1,16,5,4720,18,2,40,2,1,0
51,1,20,1,2640,28,0,40,1,1,1
62,1,19,1,6460,33,0,40,1,1,0
30,1,16,5,4020,45,0,60,1,1,0
65,1,19,1,4850,6,0,40,1,1,1
63,3,16,1,9122,34,1,35,1,1,0
56,1,13,1,8990,36,1,40,1,1,0
21,1,16,5,4040,42,0,40,2,1,0
39,3,21,1,2310,42,1,40,2,1,0
31,1,19,5,3930,27,15,40,1,3,0
25,1,21,5,350,42,2,50,1,1,0
51,8,21,1,800,4,1,20,2,1,0
25,1,20,5,6305,27,7,45,1,1,0
56,1,19,3,8300,51,0,40,2,2,0
49,1,21,1,4700,26,1,40,2,1,0
28,1,23,5,2100,9,0,50,2,1,1
44,6,18,1,5510,312,1,35,1,1,0
57,1,16,1,4220,13,0,60,1,1,1
20,1,16,5,4230,29,12,15,2,1,0
29,3,20,1,3870,48,0,48,1,1,1
56,3,18,1,3603,23,1,40,2,1,0
43,1,22,1,136,48,0,50,2,1,1
57,7,21,5,4760,18,0,35,1,1,0
30,1,21,5,1021,22,0,40,1,1,1
34,4,21,1,60,22,1,50,2,1,1
60,1,21,1,4710,6,0,40,1,6,1
57,1,18,1,5740,303,0,40,1,1,0
23,1,17,5,4700,364,12,45,1,1,0
51,1,16,1,4110,39,1,40,2,1,0
36,4,21,1,2014,12,1,40,2,1,0
47,2,21,1,5110,55,0,32,2,1,0
32,1,21,1,5000,21,1,40,2,1,0
28,6,15,1,2634,6,0,30,1,1,0
65,2,19,1,5860,72,1,30,2,1,0
64,1,16,5,1050,34,0,40,2,1,0
22,2,1,5,3649,26,2,24,2,1,0
73,6,19,1,205,35,0,65,1,1,1
44,1,16,1,4030,242,1,48,2,6,0
41,2,22,5,230,12,0,45,2,1,1
43,1,19,1,3930,34,0,35,1,1,0
59,1,20,2,5000,22,0,40,2,2,1
62,1,21,1,120,134,0,54,1,1,1
33,1,21,1,800,55,0,47,1,1,1
49,7,23,1,3050,25,0,50,2,1,1
52,1,21,1,705,38,1,40,2,1,1
36,1,22,1,300,6,1,45,1,1,1
53,1,21,1,5120,37,0,20,2,1,0
29,1,17,5,4020,39,16,38,1,2,0
59,6,21,1,800,30,0,30,1,1,0
26,4,21,5,2205,42,2,40,1,1,0
39,4,19,1,5240,72,0,30,2,1,0
59,1,16,3,4220,55,0,40,1,1,0
27,1,20,5,4720,21,2,21,2,1,0
41,6,17,1,4251,13,1,12,1,1,0
27,4,21,5,2002,44,0,40,2,1,0
49,2,24,5,2205,25,0,70,2,6,1
26,2,16,5,3930,25,2,20,1,7,0
57,1,16,1,9130,42,1,45,1,1,0
59,1,16,5,3603,47,0,36,2,2,0
31,1,19,1,5730,48,0,12,2,1,0
60,1,22,1,2722,47,1,55,1,1,1
44,6,22,1,3630,13,0,50,2,1,1
22,1,16,5,5100,303,5,40,2,1,0
77,1,18,1,7330,42,0,40,1,1,1
67,6,16,2,4220,38,0,24,2,1,0
34,1,16,1,6230,48,1,50,1,1,0
20,4,19,5,2545,53,17,16,2,1,0
31,1,21,1,51,9,0,40,2,1,1
67,7,21,1,4710,22,0,45,1,1,1
53,3,18,1,6200,16,0,40,1,1,0
61,1,18,1,7750,247,1,40,2,6,0
49,1,18,5,9130,17,15,60,1,1,0
19,4,19,5,4020,303,17,20,1,8,0
72,2,16,1,5310,5,0,36,2,1,0
24,1,16,5,9130,9,10,50,1,1,0
41,2,23,1,3090,27,1,60,2,1,1
27,3,20,5,3802,39,0,45,1,1,1
33,1,18,5,9130,12,0,60,1,1,0
47,7,22,1,220,49,0,25,1,1,1
41,1,16,1,440,8,1,45,2,1,1
62,2,23,1,3090,39,1,50,1,1,1
34,5,22,5,440,138,0,50,2,1,1
55,1,19,1,5000,48,1,30,2,1,0
39,4,22,1,2310,42,1,40,2,1,0
20,2,20,5,3602,6,2,50,2,1,0
60,1,1,1,8225,247,0,40,2,6,0
59,1,19,5,5120,8,0,38,2,1,0
38,1,22,5,800,36,0,45,1,1,1
35,1,21,5,150,207,0,45,2,6,1
28,1,21,5,7130,25,2,60,1,6,1
62,7,21,1,220,8,1,85,1,1,1
59,7,19,1,710,39,1,50,2,1,1
24,2,21,5,3300,42,2,40,2,1,0
42,1,20,1,4850,36,1,50,2,1,1
73,1,20,1,9645,42,0,12,1,1,0
53,1,19,1,4110,329,0,38,1,1,0
23,1,21,5,3150,36,4,40,2,1,1
58,2,16,1,7700,39,0,70,1,1,1
61,1,19,3,4000,39,0,40,2,1,0
53,6,16,1,4700,47,0,30,1,1,1
55,1,21,5,4760,212,0,30,1,1,0
45,1,19,1,4700,33,1,40,1,1,1
26,1,17,5,6230,9,2,30,1,1,0
31,1,16,1,5120,48,0,40,2,1,1
28,7,21,1,440,303,1,48,2,1,0
34,5,21,5,2300,48,0,40,2,1,0
37,1,16,1,3601,36,1,40,2,1,0
21,1,18,5,9130,8,10,35,1,1,0
48,4,22,1,3725,54,1,40,2,1,0
26,2,16,5,6260,2,2,40,1,4,0
45,1,16,1,4720,202,1,20,2,6,0
34,4,18,1,3870,6,0,50,1,1,1
35,2,20,5,8140,31,0,50,1,2,0
50,1,12,3,6410,6,10,40,1,8,0
51,1,16,5,1555,72,13,60,1,2,1
60,1,16,1,8140,11,0,42,1,1,1
25,1,15,5,4110,18,2,25,1,1,0
24,1,19,1,440,55,1,40,1,1,0
36,6,21,1,4251,39,0,30,1,1,0
63,1,16,1,9620,19,1,60,1,1,0
20,1,18,5,4110,26,0,40,2,1,0
55,1,21,1,5000,39,1,35,2,1,0
37,1,20,1,3255,26,0,40,2,1,1
19,1,18,5,9640,8,17,48,2,1,0
33,5,16,4,6720,20,0,40,1,1,0
49,1,19,1,9130,12,1,45,1,1,1
25,1,21,5,1108,51,0,42,1,1,0
53,6,9,3,4230,303,0,30,2,8,0
52,4,19,3,4020,28,13,38,2,2,0
58,4,16,1,440,22,1,40,1,1,1
43,1,21,5,2710,54,0,40,1,2,0
59,1,23,1,1310,41,0,40,1,1,1
25,1,19,5,3421,21,7,40,2,2,0
66,4,16,3,5740,28,0,40,2,1,0
62,1,19,1,8800,39,0,40,1,1,0
39,1,22,1,440,40,0,50,2,1,1
65,2,22,1,2040,4,1,32,2,1,0
34,1,21,3,2310,55,12,50,1,1,0
50,1,16,3,4251,9,0,30,1,1,0
26,1,21,1,4600,31,1,24,2,1,0
58,7,22,1,120,25,0,50,1,1,1
58,1,6,1,9645,303,1,40,1,1,0
17,1,14,5,4030,27,2,12,1,1,0
40,7,15,1,4850,36,0,60,1,1,0
42,7,21,1,850,36,1,55,2,1,1
36,6,18,5,2710,4,12,40,1,1,0
27,3,16,5,6260,48,16,40,1,1,0
63,6,18,1,7430,12,1,40,1,1,0
24,1,20,5,3601,39,5,40,1,1,0
18,3,18,5,4710,6,2,15,1,6,0
45,7,16,1,4700,12,0,40,1,1,1
19,1,19,5,5260,301,2,25,1,1,0
24,1,15,1,4760,18,1,25,1,6,0
55,1,21,1,5040,31,1,4,2,1,1
46,1,16,1,8990,26,0,25,1,1,0
56,1,22,1,4920,21,1,55,2,1,1
19,2,16,5,6410,26,7,20,2,1,0
61,1,20,1,3255,48,0,24,2,1,0
46,4,22,5,230,36,0,60,2,1,0
44,1,16,5,3602,48,0,24,2,2,0
55,1,19,1,4810,22,0,40,2,1,1
19,1,1,5,9365,49,12,40,1,1,0
47,6,18,1,3725,134,0,8,1,1,0
55,7,20,1,810,28,1,50,1,1,1
21,1,16,5,8800,17,2,40,1,1,0
23,1,21,5,4600,17,12,16,1,9,0
31,1,21,1,3401,20,1,35,1,1,0
40,1,22,1,440,233,0,50,1,1,1
56,1,19,5,4760,19,2,40,1,1,0
44,1,16,1,4251,6,1,40,1,8,1
44,1,20,3,340,12,0,40,2,1,0
62,2,22,1,2040,24,0,50,1,2,1
19,1,16,5,4720,49,17,15,1,1,0
33,1,16,1,7210,36,0,40,1,1,1
46,6,17,1,4220,312,1,20,1,1,0
51,1,19,1,4700,110,0,50,1,1,1
28,1,19,5,4760,34,2,30,1,1,0
53,3,20,1,3740,24,0,48,1,1,1
48,1,22,1,9620,34,0,40,1,1,0
34,4,17,1,4230,36,0,40,2,2,0
34,5,21,5,3740,55,0,55,1,1,0
21,1,19,5,5610,13,2,32,2,1,0
26,1,21,5,3255,39,0,40,2,6,0
17,1,14,5,3960,51,2,20,1,1,0
57,4,23,1,230,13,0,60,2,2,1
26,1,20,5,4720,48,2,40,1,1,0
25,1,21,5,20,39,0,50,2,1,0
30,1,16,5,2850,6,0,27,2,2,0
50,2,21,1,800,17,0,38,1,1,1
67,1,13,2,3601,48,0,25,2,1,0
62,1,16,3,8130,39,0,40,1,1,0
21,1,19,5,4700,17,0,12,2,1,0
61,1,20,1,5000,21,1,40,2,1,1
61,1,16,3,9620,46,0,5,1,1,0
22,2,18,5,5240,26,2,40,2,2,0
56,1,16,1,9130,19,0,50,1,1,1
61,1,18,1,8225,1,0,48,1,1,0
46,1,21,1,600,17,0,40,1,1,1
36,1,21,5,5610,6,13,40,2,6,0
60,2,21,1,1860,29,0,25,1,1,0
63,7,21,1,440,6,0,90,1,1,1
55,6,19,3,6230,37,0,45,1,1,0
59,1,21,1,4760,19,1,47,1,1,1
50,6,20,1,4522,6,0,3,2,1,0
20,1,19,5,3645,55,0,40,2,1,0
50,1,1,1,3258,233,0,40,1,6,1
23,5,21,5,1970,39,12,40,1,1,0
60,1,16,1,5120,26,1,30,2,1,0
36,1,22,1,7410,42,1,40,1,1,1
51,1,16,1,4700,18,1,40,1,1,0
73,2,19,1,9150,47,1,50,2,1,0
56,1,21,1,3310,6,0,30,2,1,1
28,1,22,5,3255,332,2,40,2,2,1
20,1,18,5,5240,51,2,40,1,2,0
43,3,18,1,8740,312,0,40,1,1,1
52,1,16,4,4230,329,0,35,2,1,1
24,1,14,5,4720,323,17,40,2,2,0
45,7,16,1,9130,55,0,65,1,1,1
77,1,22,2,10,17,0,32,1,1,1
23,1,19,5,2360,17,2,7,1,1,0
53,1,21,1,3300,55,0,40,1,1,1
54,6,20,5,2632,301,0,60,2,1,0
57,7,21,3,4700,212,0,60,1,1,0
55,1,18,1,350,55,1,46,2,1,0
27,1,16,1,4020,6,1,40,1,8,0
63,1,21,1,2001,23,0,25,2,1,0
40,1,19,1,750,138,0,40,1,1,1
35,3,20,1,3870,17,0,40,1,2,1
59,3,17,1,2545,8,1,50,2,1,1
63,2,21,5,5940,39,0,40,2,1,0
66,2,18,3,2016,22,0,45,2,1,0
66,6,20,1,5120,6,1,30,2,1,1
31,1,24,5,3550,6,0,55,2,6,1
29,1,21,1,1305,217,0,40,2,6,0
60,2,19,1,5820,29,0,15,2,1,0
29,1,21,5,4600,34,0,35,2,1,0
36,1,22,5,440,50,0,48,2,1,1
30,1,16,5,9130,327,13,25,1,1,0
44,2,14,2,3601,36,0,15,2,1,0
37,2,21,1,5000,39,0,40,1,1,1
45,1,21,1,10,31,0,40,1,1,1
54,1,21,1,5240,48,0,50,1,1,1
49,1,17,1,4251,303,0,42,1,8,0
49,7,16,3,5240,217,0,40,2,6,0
23,6,16,5,7640,32,2,15,1,8,0
61,1,16,1,4220,340,1,40,1,2,0
66,1,16,4,7700,1,8,40,2,1,0
51,2,21,1,3255,11,0,60,1,1,1
71,6,21,1,9310,44,1,1,1,1,1
41,2,22,1,2320,17,0,40,2,1,1
63,7,21,1,750,373,0,25,1,1,0
67,1,21,1,4020,26,0,20,1,1,0
29,4,19,5,5240,23,2,40,2,1,0
30,2,21,1,2040,34,0,40,1,8,0
55,1,20,1,440,36,1,55,1,1,1
58,1,21,1,150,22,0,40,1,1,1
56,6,19,1,6410,22,1,15,1,3,0
35,3,22,1,2320,28,1,40,1,1,0
32,1,19,1,800,55,0,40,2,1,0
61,4,22,1,1822,213,1,40,2,1,1
55,1,22,1,4920,18,1,45,1,1,1
55,1,16,1,5710,53,0,40,2,1,1
28,1,21,5,4700,17,12,44,1,1,0
25,1,19,5,4750,6,5,25,1,8,0
49,1,19,1,440,6,0,55,1,2,1
66,3,19,1,640,45,1,40,2,1,0
24,1,16,5,4020,48,0,40,1,1,0
23,3,16,1,3802,25,1,40,1,1,0
75,2,18,1,4220,17,0,40,1,1,1
34,6,19,3,4600,45,0,38,1,1,0
62,1,16,2,8850,37,0,40,1,1,0
41,1,21,1,5522,132,0,34,2,1,0
21,1,19,5,4110,6,2,20,2,1,0
36,1,21,1,1460,6,1,50,1,1,1
63,1,19,1,230,24,0,40,1,1,1
19,1,19,5,4020,6,2,18,1,1,0
66,1,19,1,630,18,0,40,2,1,1
29,1,16,1,5400,25,2,40,2,8,0
42,1,19,3,5740,6,0,40,2,6,1
30,1,21,1,4510,229,1,40,2,6,0
58,3,16,2,4220,47,0,40,2,1,0
37,1,16,4,7850,36,2,30,2,1,0
40,1,17,1,7720,23,1,40,2,1,0
39,1,19,1,4110,53,1,32,2,1,0
50,1,22,1,845,42,0,40,1,1,1
27,1,18,1,3500,303,1,40,2,1,0
48,4,16,5,440,72,0,40,1,1,0
53,1,21,1,5240,48,0,60,2,9,0
44,1,21,1,440,34,1,45,2,1,0
55,7,16,5,6260,19,0,40,1,1,1
57,1,20,1,440,55,0,40,1,1,1
23,1,16,5,6260,48,2,10,1,1,0
36,1,17,5,6530,29,0,60,1,1,1
23,1,16,5,9005,6,0,40,1,1,0
53,1,21,1,4710,210,0,45,1,6,1
45,1,21,5,3930,42,2,40,2,2,0
69,1,17,2,4700,36,0,38,2,1,0
60,1,18,3,4220,303,0,40,1,8,1
51,1,16,1,4020,55,0,39,2,1,0
24,1,18,5,6441,6,13,40,1,1,0
58,1,20,1,440,47,0,55,2,1,1
30,1,19,5,220,12,0,50,2,1,1
19,2,19,5,7010,26,2,16,2,1,0
62,1,20,1,9122,26,0,45,1,2,0
35,1,22,1,705,6,0,45,1,1,1
27,1,18,5,4510,6,0,30,2,9,0
34,7,16,1,7700,72,0,40,1,1,0
30,2,22,5,5940,17,0,15,2,1,0
63,1,1,1,9130,248,6,60,1,1,0
55,1,18,1,5110,39,1,40,2,1,0
40,1,16,3,8650,17,13,40,1,1,0
40,3,19,1,2545,36,0,40,2,1,0
21,1,19,5,7200,6,2,40,1,1,0
59,2,13,5,5860,36,0,8,2,2,0
50,2,16,1,5860,18,1,40,2,1,0
59,1,16,5,4810,28,0,40,2,2,0
47,1,21,1,2310,42,1,16,2,1,0
49,1,18,1,7315,48,0,30,1,1,0
62,1,19,1,5600,20,0,40,2,1,0
68,7,20,1,205,37,1,70,1,1,1
28,1,16,1,310,12,0,45,1,1,1
31,1,21,1,2145,34,1,40,2,1,0
63,6,23,1,2100,29,1,60,1,1,1
55,3,21,1,2310,17,1,50,2,1,0
25,1,19,5,4760,8,0,20,1,1,0
38,2,21,1,5740,6,0,40,2,1,1
36,1,19,5,440,53,2,40,1,1,0
57,1,16,1,4600,17,0,55,2,1,0
47,2,22,1,2310,5,0,34,2,1,1
38,1,21,3,2300,6,0,70,2,1,1
25,1,21,5,5820,240,0,46,2,6,1
31,1,22,1,5000,27,0,40,2,1,1
56,1,19,1,6260,312,1,20,1,9,0
39,1,21,5,5260,29,0,40,1,1,0
66,1,13,3,8740,42,0,40,1,1,0
40,1,16,1,7700,28,0,40,1,2,0
28,2,22,5,3258,22,0,40,2,1,1
32,1,16,1,310,40,1,45,2,1,0
44,1,21,1,3255,48,1,36,2,1,1
31,1,18,5,9645,329,2,40,1,1,0
45,2,20,3,5940,26,0,40,2,1,0
48,1,20,1,7315,34,0,40,1,1,1
23,1,16,5,4220,17,12,40,2,6,0
65,1,18,5,3050,20,0,36,1,2,1
17,1,14,5,4030,56,2,30,1,1,0
52,1,22,1,705,36,1,55,2,1,1
68,3,19,1,9122,26,1,10,1,1,0
17,1,13,5,4030,39,2,4,1,1,0
26,1,21,5,8255,48,0,40,1,1,0
40,2,24,5,2435,22,0,40,2,1,0
38,1,22,1,3910,6,1,40,1,1,0
33,1,16,1,6355,200,0,40,1,1,0
61,1,16,1,4700,42,0,20,2,1,0
69,1,16,5,9645,21,0,32,1,1,0
49,1,18,3,440,4,0,40,1,1,1
56,1,18,1,8225,26,0,50,1,1,0
76,1,18,1,5400,29,0,16,2,1,0
52,6,12,5,205,54,13,60,1,1,0
69,1,21,2,5000,47,0,30,2,1,1
54,1,21,3,630,25,0,50,2,2,1
64,3,21,1,2310,48,0,40,2,2,0
57,7,22,1,710,19,1,12,1,1,1
76,1,19,2,4760,332,0,12,2,2,0
53,2,22,1,120,55,0,40,1,1,1
48,1,21,1,2722,42,1,50,1,1,1
35,6,21,1,1050,16,0,60,2,1,1
22,1,21,5,4020,33,0,35,2,1,0
67,1,16,1,4720,53,1,40,2,1,0
57,5,23,1,2100,17,0,50,2,1,1
55,1,19,1,8140,45,0,40,1,2,0
64,1,20,1,5860,20,0,32,2,1,1
58,3,21,1,2545,45,1,55,2,2,0
19,1,18,5,5400,17,17,5,2,8,0
48,1,17,1,20,48,1,84,1,1,1
31,1,19,3,5120,55,13,42,2,1,0
44,1,21,5,5350,34,5,40,2,1,0
61,7,24,1,2100,48,0,40,1,1,1
56,4,20,3,4030,19,0,40,2,1,0
43,3,1,5,9121,53,13,35,2,1,0
30,1,22,1,705,29,0,50,2,1,1
36,1,17,1,9130,27,1,70,1,1,1
21,1,19,5,5740,26,0,45,2,2,0
44,1,20,3,3645,54,0,40,2,1,0
45,1,19,3,5860,36,13,40,1,3,0
20,1,20,5,5240,12,3,35,1,1,0
73,1,23,2,3090,105,0,60,2,1,1
64,4,20,1,600,18,1,40,1,1,1
62,3,19,1,5320,55,0,40,2,1,0
54,7,22,1,10,45,0,40,1,1,1
47,1,15,1,3602,207,0,35,2,6,0
28,1,20,5,3725,48,13,40,1,1,0
31,1,17,1,3602,5,1,40,1,1,0
44,3,21,1,3930,36,1,40,1,1,1
19,6,16,5,4600,332,17,60,2,2,0
57,2,21,1,440,25,0,45,1,1,1
38,5,19,5,5400,28,2,40,2,2,0
61,1,16,1,5000,39,1,42,2,1,0
61,1,20,1,4820,18,0,45,2,1,0
48,1,13,1,4850,47,1,40,1,1,0
28,4,21,1,2545,29,1,32,2,1,0
31,1,21,5,1050,36,2,40,1,2,1
61,4,16,3,3500,25,0,18,2,1,0
44,2,16,1,4700,38,1,48,2,1,0
58,4,21,1,2016,17,0,45,1,9,0
19,1,18,5,4110,40,17,23,2,1,0
23,1,19,1,5120,32,0,20,2,9,0
60,6,21,1,9130,6,0,40,1,8,1
33,1,16,1,5120,303,1,40,2,8,0
27,1,16,5,5110,37,7,40,2,2,0
45,1,21,1,710,18,0,50,1,1,1
62,3,21,1,2205,6,0,10,1,1,1
30,1,18,5,8810,34,0,50,2,2,0
21,1,16,5,4040,6,2,14,1,1,0
63,1,16,5,800,303,5,40,2,1,0
49,1,20,1,3310,6,1,22,2,1,0
41,3,21,1,2320,6,0,20,2,1,0
55,2,20,3,3255,53,0,24,2,1,1
32,1,21,1,1021,210,0,40,1,6,1
34,1,16,3,6260,5,12,40,1,1,0
32,1,22,5,5120,41,0,24,2,1,0
57,7,20,1,4850,42,0,60,1,1,1
39,1,16,5,6200,110,15,40,2,1,1
67,1,16,1,8130,42,1,40,1,1,1
21,1,19,5,4850,27,2,40,1,1,0
22,2,19,5,910,6,17,15,1,1,0
45,4,19,3,7210,27,0,70,1,1,0
60,1,16,1,6040,53,0,40,1,1,1
36,1,16,1,6230,1,0,40,1,1,0
28,1,19,1,9645,36,1,40,2,1,0
39,1,11,1,9620,303,0,40,1,8,0
44,1,16,5,8140,27,0,55,1,1,0
20,1,16,5,9130,8,2,40,1,8,0
46,1,21,1,52,231,0,50,1,6,1
27,1,18,5,3640,37,2,40,2,1,0
37,3,19,1,6200,36,1,50,1,1,1
37,2,21,1,2310,312,0,40,1,1,1
38,1,21,1,1240,34,1,50,2,6,1
63,3,22,1,2310,36,1,40,2,1,1
49,1,22,3,2014,2,0,30,2,1,0
26,1,13,1,9610,40,1,24,1,1,0
57,1,16,3,410,42,0,40,2,1,1
67,6,16,1,6660,36,0,40,1,1,0
59,1,22,1,1541,37,1,40,1,1,0
57,3,22,1,2310,301,1,40,1,1,1
39,1,21,1,8740,210,1,40,2,6,1
57,1,20,2,3930,24,0,50,1,2,0
33,1,20,1,7330,9,1,55,1,1,0
46,7,15,3,440,35,0,50,1,1,0
65,1,16,4,5350,35,0,80,1,2,0
53,5,16,3,6050,6,16,21,1,1,0
50,1,21,1,710,17,0,60,1,1,1
78,1,22,3,20,18,13,40,1,1,1
27,4,22,1,2205,202,0,40,1,6,0
32,7,23,1,3010,17,1,40,2,1,1
34,1,20,5,9645,42,13,40,1,1,0
69,1,19,1,4700,36,1,30,1,1,1
57,2,20,3,800,12,0,40,2,1,1
61,1,18,1,4020,29,1,32,2,1,0
27,3,21,5,3802,233,2,45,2,6,1
61,1,16,5,7700,27,13,40,1,1,0
69,1,18,3,4760,110,0,40,2,1,0
22,1,21,5,5600,12,0,35,1,1,0
25,1,16,5,3602,48,2,40,2,1,0
41,1,21,1,2545,25,0,40,2,1,0
32,1,20,1,20,49,0,41,1,1,1
55,3,22,5,2310,39,0,60,2,1,1
30,2,22,1,2012,50,1,40,2,1,1
48,4,19,3,3500,15,13,40,2,6,0
59,1,22,1,410,13,1,40,1,2,1
31,1,20,1,2635,6,0,40,2,1,0
40,3,20,1,1360,16,0,40,1,1,1
18,1,16,5,4700,36,2,48,1,1,0
22,1,19,5,7430,6,12,40,1,1,0
68,1,16,1,9130,42,0,27,1,1,0
19,1,19,5,4110,37,17,25,1,1,0
29,1,22,5,2320,150,2,40,2,1,0
34,2,14,5,3610,368,2,15,2,2,0
49,1,19,3,8225,313,0,30,1,8,0
54,3,20,1,2330,217,1,30,2,6,0
45,1,18,1,5860,49,1,18,2,1,0
19,1,19,5,5240,6,17,35,1,1,0
51,1,21,1,7340,27,0,40,1,1,1
64,5,23,1,3250,36,0,40,1,1,1
60,1,20,2,5240,42,0,35,2,9,0
42,2,18,1,2300,6,1,32,2,1,0
26,1,16,1,9130,13,1,65,1,1,1
28,1,21,1,3255,53,1,36,2,1,1
67,1,13,3,4040,6,0,22,2,1,0
70,1,20,4,5120,6,0,33,2,1,0
53,1,16,5,9620,9,16,30,1,1,0
24,2,21,5,2320,21,13,40,2,1,0
24,1,19,5,4040,39,12,30,2,1,0
61,1,21,3,4920,36,0,30,1,1,0
41,6,18,1,4255,26,1,40,1,1,0
88,6,21,3,2310,6,0,6,2,1,1
57,1,22,5,800,55,15,45,2,1,1
46,1,20,1,5000,9,0,46,2,1,1
36,1,17,1,3322,416,0,40,1,2,1
37,1,20,1,5740,39,1,40,2,1,0
47,2,20,1,3255,42,1,40,2,1,1
36,2,22,1,3330,35,0,55,2,6,1
51,3,18,1,7340,42,0,42,1,1,0
60,1,16,1,5000,6,0,40,1,1,0
51,1,16,5,4720,17,2,39,2,1,0
42,2,22,1,726,48,1,40,2,1,1
54,1,16,1,2545,44,0,29,2,1,0
17,1,16,5,1360,6,2,24,1,1,0
50,1,18,1,4720,9,0,38,1,1,0
26,1,19,5,4621,1,0,19,1,1,0
43,2,23,1,3050,4,0,40,2,1,1
31,1,21,1,440,6,0,50,1,1,1
55,1,16,5,8030,42,0,50,1,3,0
41,1,22,1,3255,51,0,32,2,1,1
38,1,21,1,4720,41,1,20,2,1,0
30,6,21,1,735,48,1,40,1,1,0
35,1,22,1,220,23,1,50,1,1,1
29,1,22,5,2310,25,2,36,2,1,0
67,6,18,1,6355,46,1,30,1,1,0
59,1,19,1,9121,18,0,20,1,1,1
21,1,19,5,2360,35,0,25,2,1,0
46,1,22,1,3160,25,1,5,2,1,0
28,1,20,5,850,13,0,40,2,1,0
62,1,19,2,5120,55,0,45,2,1,1
46,6,16,1,9130,17,1,65,1,9,1
39,1,22,1,9130,246,1,70,1,1,0
20,1,19,5,4720,36,2,2,2,1,0
52,1,21,1,1021,303,1,50,1,1,1
57,7,21,1,220,224,0,60,1,9,1
58,1,21,1,2830,12,0,55,1,1,1
25,1,16,5,4700,17,2,45,1,1,0
61,4,22,1,2310,55,0,6,2,1,0
66,1,20,1,4020,51,0,50,1,1,0
32,7,19,1,4210,24,0,42,1,1,1
59,4,22,1,2330,48,1,60,1,1,1
18,1,15,5,4140,6,2,30,1,1,0
22,1,14,5,7750,72,13,40,1,1,0
20,1,19,5,6950,40,2,40,1,1,0
58,2,16,2,2012,6,0,40,2,8,0
47,6,14,4,6230,6,0,55,1,8,0
48,1,15,5,9645,48,2,38,2,3,0
44,7,19,3,4510,1,0,35,2,2,0
58,3,16,3,4220,48,0,40,2,1,0
32,7,19,5,1050,13,13,41,2,1,0
61,7,18,1,4920,31,1,50,1,1,1
57,1,16,1,7340,25,0,55,1,1,1
63,6,21,5,2910,36,0,15,2,1,0
39,1,16,1,8750,18,2,40,1,1,0
67,1,22,5,2310,53,0,40,2,6,1
31,1,21,5,3255,12,2,40,2,2,1
52,1,22,1,1021,48,0,40,1,1,1
54,1,9,5,4020,303,11,35,2,1,0
19,1,19,5,4720,26,2,40,1,1,0
36,2,22,1,2205,42,0,40,1,1,0
28,1,19,5,5000,6,0,40,2,8,0
55,1,16,1,8300,26,6,40,2,1,0
34,1,20,5,3603,37,0,40,2,2,0
18,2,18,5,4640,44,17,3,2,1,0
23,1,20,5,6355,41,2,45,1,1,0
39,4,22,1,2320,27,0,50,2,1,1
31,1,22,1,136,22,0,50,1,1,1
60,1,17,3,7640,51,0,40,1,1,1
47,1,21,5,3255,12,0,40,2,2,0
40,1,22,5,2830,138,12,40,1,9,0
58,1,16,1,7330,72,1,40,1,1,0
28,1,21,1,630,36,0,5,2,1,0
28,1,16,3,4720,27,16,35,1,1,0
42,1,22,1,120,36,0,50,1,1,1
24,5,21,1,9810,25,0,80,1,1,0
39,1,15,3,5860,37,7,40,2,2,0
25,1,21,5,2721,42,0,60,1,1,0
62,1,21,1,1105,16,0,45,1,1,1
48,5,21,1,3740,53,1,40,1,1,1
30,1,21,1,2830,6,0,40,2,1,1
18,1,15,5,4220,6,2,20,1,1,0
39,5,17,5,5350,51,0,8,2,2,0
58,1,16,1,6260,39,0,40,1,1,0
58,7,23,5,3010,327,0,40,2,1,1
66,6,21,1,710,12,0,40,2,1,1
53,1,19,1,440,17,1,40,2,1,1
56,1,16,1,7000,19,1,40,1,1,0
36,1,19,5,2170,41,0,40,2,9,0
31,1,18,1,7020,1,1,30,1,1,0
53,3,21,1,810,207,0,40,2,6,1
68,5,23,1,2825,231,0,60,1,6,1
23,1,21,5,4621,17,2,35,1,1,0
73,7,21,1,10,18,0,80,1,1,1
69,3,22,2,2205,51,0,30,2,1,1
47,1,19,1,120,6,0,40,2,1,1
33,1,21,1,51,55,0,40,2,1,1
24,1,21,1,725,13,1,40,2,1,0
25,1,15,1,5400,210,0,40,1,6,0
51,1,21,1,4710,9,0,60,1,1,1
58,1,16,1,8990,26,1,45,1,1,0
60,1,16,2,5740,34,0,24,2,1,1
37,5,21,1,3802,17,0,40,1,1,1
26,1,18,1,3421,6,0,40,2,1,0
26,1,16,1,9610,37,1,35,1,1,0
31,2,21,5,2310,42,2,60,2,1,0
31,3,21,5,1610,12,13,40,1,1,1
59,6,16,1,4700,29,0,40,1,1,0
55,1,16,1,4020,362,1,40,2,1,1
59,5,16,1,9130,29,1,40,2,1,1
52,1,16,1,5300,6,1,40,2,1,0
57,1,18,5,6230,34,13,60,1,1,0
47,2,21,3,20,8,0,35,2,1,1
35,1,16,1,7750,247,2,40,1,6,0
24,1,21,5,3255,6,2,40,2,1,0
52,1,20,1,8740,207,0,40,2,6,0
51,1,21,1,5740,37,1,40,2,1,0
26,1,21,5,2360,6,0,40,2,1,0
17,1,14,5,4251,39,2,16,1,2,0
39,1,19,1,440,29,1,50,1,2,1
24,4,1,5,3602,35,0,30,2,1,0
50,3,22,1,2310,6,1,45,1,1,0
27,1,16,1,6260,48,0,40,1,1,0
48,7,16,3,3545,19,0,32,2,1,0
25,1,16,5,4220,26,13,40,1,1,0
23,1,19,5,4700,29,13,40,2,1,0
49,1,20,1,4760,51,0,50,2,1,0
20,1,16,5,4220,6,2,40,1,1,0
34,4,22,1,2310,233,1,40,2,1,1
45,4,19,1,440,36,1,45,1,1,1
24,1,21,5,800,25,12,60,1,1,1
59,1,18,1,5510,42,1,40,1,2,1
32,1,21,5,4760,4,0,45,2,1,1
37,1,17,1,4500,72,0,45,1,1,1
56,1,16,4,4720,303,0,38,2,1,1
67,5,21,5,5850,39,0,30,1,2,1
59,1,20,1,440,12,0,40,2,1,1
58,3,19,1,6305,31,0,40,1,1,1
27,1,16,5,3603,12,13,40,2,1,0
60,1,22,1,860,18,1,57,2,1,1
21,1,19,5,4700,25,17,30,1,1,0
20,1,19,5,5240,6,17,4,2,9,0
19,1,16,5,4230,56,15,40,2,1,0
67,1,17,1,7010,508,0,40,1,9,0
53,6,17,5,4230,44,2,25,2,8,0
58,1,16,3,4230,39,0,30,2,1,0
53,1,20,1,4220,233,0,40,1,9,1
60,3,21,4,2330,36,0,45,2,1,1
50,1,21,1,4920,51,1,15,1,1,1
44,7,21,1,4820,36,0,50,1,1,1
26,1,18,5,4760,17,0,25,2,8,0
56,1,21,3,4840,21,0,50,1,1,0
36,1,16,1,650,19,1,80,1,1,1
26,6,19,5,4600,6,2,20,2,1,0
45,1,21,1,440,360,0,50,1,1,1
30,1,16,1,4055,207,0,35,1,6,0
48,2,22,1,2310,21,1,40,2,1,0
22,1,21,5,9645,8,13,35,1,1,0
56,7,23,1,3010,301,0,36,1,1,1
58,1,16,3,5860,42,0,40,2,1,0
35,1,16,5,6220,21,17,48,1,1,0
18,1,19,5,4055,233,2,24,1,6,0
53,1,22,1,440,36,1,55,1,1,1
61,1,19,1,3500,34,0,20,2,1,0
44,2,22,3,120,233,0,40,1,6,1
26,1,20,5,1031,11,2,40,1,1,0
20,4,19,5,5860,35,2,40,1,1,0
19,1,16,5,4110,17,2,10,2,1,0
32,1,22,1,4700,207,1,30,2,6,0
30,1,17,5,7260,12,16,40,1,1,0
46,1,21,1,4521,247,1,40,1,6,0
53,1,12,1,4000,11,0,30,2,2,0
35,4,22,5,3870,22,0,40,2,2,0
56,6,16,1,4220,21,1,4,2,1,0
48,1,19,1,4850,341,1,46,2,9,0
26,1,18,5,3930,36,7,40,2,1,0
21,5,18,5,2360,6,0,28,1,6,0
50,3,16,1,4020,48,1,40,2,1,0
17,1,15,5,4020,48,2,30,1,1,0
48,3,18,3,350,36,0,35,2,1,1
59,1,16,1,9130,17,1,20,1,1,0
36,6,21,1,7410,31,0,65,1,1,0
28,1,19,5,4020,6,2,30,1,1,0
18,1,19,5,5610,48,2,15,2,1,0
46,1,17,1,8140,39,1,40,1,1,0
54,1,19,1,52,2,1,60,1,1,1
20,6,16,5,2755,13,2,5,1,2,0
62,1,19,5,5110,34,0,40,2,2,0
59,2,19,1,1980,42,0,45,1,1,1
71,1,22,3,5410,213,0,40,2,1,1
52,1,16,1,4110,303,1,53,2,1,0
57,1,18,1,7330,21,1,70,1,1,0
53,1,21,1,800,55,0,40,1,1,0
45,2,16,1,5000,303,6,45,2,1,1
73,1,19,3,4020,13,0,22,2,2,0
30,1,15,1,3930,8,0,40,2,2,0
34,1,19,1,640,372,1,40,1,1,0
41,1,21,1,1021,247,0,40,1,6,1
34,1,15,1,4210,303,0,40,1,1,0
65,1,19,5,7905,27,0,40,1,1,0
36,4,22,1,2310,13,1,40,2,2,0
19,1,16,5,4720,6,2,30,1,8,0
48,1,16,1,7000,5,0,55,1,1,1
38,5,18,1,5540,13,1,45,1,1,0
34,1,19,1,3500,21,1,40,2,1,0
47,1,16,1,8600,37,1,40,1,1,1
38,7,22,5,60,6,13,60,1,1,1
57,1,18,1,3500,36,1,40,2,1,0
49,1,16,3,2545,12,0,40,2,2,0
22,7,16,5,530,6,12,40,1,8,0
57,2,21,1,2830,9,1,38,2,6,1
59,1,19,3,540,12,0,40,2,2,1
37,3,21,5,2310,6,2,35,1,1,0
34,1,20,1,3500,13,1,40,2,2,0
34,1,22,5,3258,44,0,40,2,1,1
35,1,18,1,4810,26,1,40,1,1,0
67,7,16,3,4350,53,0,12,2,1,0
20,6,19,5,9141,51,2,8,1,1,0
56,6,20,3,4700,6,13,50,1,1,0
27,1,19,1,4020,53,0,30,2,1,0
43,5,22,1,1006,36,0,40,1,1,1
48,1,16,1,7350,42,1,40,1,1,1
63,1,19,1,5240,26,1,40,2,1,0
42,1,15,1,7120,247,1,40,1,6,0
71,1,22,2,4740,25,0,17,2,1,1
45,6,21,1,2100,39,0,30,2,1,1
55,3,22,1,2330,48,1,40,2,1,1
54,1,16,1,9620,48,0,45,1,1,1
55,7,21,3,4760,6,0,60,1,1,1
28,6,21,1,9142,215,1,12,1,1,0
55,2,21,1,2310,42,0,50,1,1,1
32,1,21,1,51,39,0,40,2,1,1
20,1,19,5,3960,47,12,10,2,1,0
41,7,21,1,4920,18,1,40,1,1,1
22,1,16,5,9645,13,2,20,1,2,0
41,1,19,3,1050,6,0,40,1,6,1
50,2,19,1,2014,49,0,25,2,1,0
33,7,21,1,440,242,0,40,1,6,1
61,2,15,5,5860,48,0,40,1,1,0
49,1,16,1,5740,27,0,20,2,1,0
52,6,19,1,4720,53,0,40,2,1,1
33,3,22,3,2310,55,0,40,2,1,1
19,1,18,5,5400,6,7,16,2,8,0
29,1,16,5,4140,19,2,27,1,9,0
22,1,16,5,4720,303,2,40,2,1,0
41,6,21,1,4920,39,0,45,2,1,0
19,1,16,5,6260,48,2,40,1,1,0
48,2,22,1,2006,1,0,40,2,1,0
45,6,21,1,2635,24,1,6,2,1,0
44,1,15,1,9620,34,1,45,1,1,0
22,1,17,1,7130,47,1,40,1,1,0
49,1,20,2,7750,1,0,40,2,2,0
32,1,21,5,1760,6,0,40,2,1,1
19,1,16,5,9620,34,2,18,1,1,0
29,1,20,1,8990,20,0,40,1,1,0
47,1,9,1,7330,303,1,50,1,1,0
44,1,18,4,136,25,12,40,2,1,1
33,4,22,1,3030,49,0,40,1,1,0
32,1,17,5,1360,13,0,40,1,1,0
85,1,12,3,5000,37,0,30,2,1,0
35,6,9,5,6050,303,12,30,1,1,0
58,1,16,1,9240,48,0,50,1,1,0
59,6,16,1,5740,36,0,15,2,1,0
29,1,13,5,6260,21,13,35,1,1,0
33,1,21,5,800,40,0,40,2,1,1
63,1,22,1,4920,36,0,35,1,1,1
21,1,19,5,4030,26,2,40,2,1,0
49,1,21,1,5110,29,0,30,2,1,0
54,3,16,1,5740,1,1,40,2,1,0
30,1,18,1,1555,1,0,40,1,1,1
34,1,20,1,6355,19,0,40,1,1,1
21,2,16,5,2205,17,17,8,1,1,0
37,1,21,1,3255,27,0,30,2,1,0
18,6,19,5,2723,35,17,20,2,1,0
19,1,19,5,4110,45,2,15,1,1,0
24,1,21,5,3648,24,13,38,2,1,0
34,1,19,5,9142,332,13,50,1,2,0
65,6,16,4,2850,51,6,20,2,1,0
18,1,17,5,4760,6,10,40,2,1,1
44,2,21,4,2013,6,15,35,2,1,0
64,1,19,1,5120,39,2,15,2,1,0
53,3,19,1,7700,6,0,40,1,1,1
51,1,21,1,3602,233,1,32,2,6,0
28,2,21,5,3602,128,0,70,1,1,0
68,1,21,1,5810,17,10,40,2,1,1
24,1,12,5,6050,17,15,40,1,1,0
43,1,20,1,8740,47,0,40,2,1,0
41,4,22,1,2825,36,0,40,2,1,1
35,1,19,5,4840,233,0,40,1,6,1
62,2,20,2,3500,51,0,36,2,1,0
64,1,17,1,4850,1,1,40,1,1,1
66,1,23,1,3090,48,0,40,1,1,1
51,1,18,1,1350,18,0,45,1,1,1
50,1,20,1,4810,31,0,40,2,1,0
60,2,17,1,6355,36,0,40,1,1,0
39,1,21,1,800,22,0,40,1,1,1
46,6,16,1,4920,17,1,28,2,1,0
38,4,16,1,2545,53,1,30,2,1,0
53,1,22,1,440,26,1,50,1,1,1
54,1,21,3,5000,25,13,40,1,1,1
52,1,18,1,6200,22,0,99,1,1,1
23,1,18,5,310,53,0,49,2,1,0
34,1,18,3,6442,39,2,40,1,1,0
43,1,1,1,4521,207,0,33,2,6,0
21,1,16,5,9645,31,2,40,1,1,0
28,1,21,1,5940,36,0,22,2,1,0
26,1,16,5,8140,139,0,50,1,1,0
58,7,23,1,3010,36,0,45,1,1,1
21,1,19,5,5860,36,0,40,2,1,0
22,1,21,5,4110,51,2,40,2,1,0
21,1,22,5,2310,25,12,40,2,1,0
24,3,21,5,2310,6,2,30,1,1,0
44,1,23,1,2100,48,0,40,1,1,1
19,1,16,5,4010,53,15,40,2,2,0
33,1,19,5,710,6,0,20,1,1,0
47,3,21,3,3255,247,0,40,2,6,1
52,1,16,1,8300,138,1,40,2,1,0
64,1,23,1,3090,39,0,45,1,1,1
20,1,18,5,4760,49,2,30,1,8,0
22,1,20,5,6050,27,2,14,2,1,0
62,1,19,2,5820,48,12,15,2,1,0
35,1,16,5,51,13,2,40,2,2,0
34,1,16,1,4220,239,0,40,1,1,0
19,5,16,5,9825,12,17,40,1,2,0
48,1,16,1,4521,247,0,20,2,6,0
44,1,16,1,9130,39,1,60,1,1,1
55,1,18,1,4850,13,0,45,1,1,1
47,1,21,1,10,373,0,50,1,1,1
40,6,16,1,2910,301,1,30,1,1,0
50,1,23,1,3090,36,0,80,1,1,1
39,1,16,4,8740,312,0,45,1,1,0
48,1,19,4,310,13,2,30,2,1,0
62,6,21,1,4621,6,1,10,2,1,0
27,4,21,1,1640,36,1,43,1,1,0
35,1,21,1,52,13,0,55,1,1,1
18,1,14,5,4150,207,10,11,2,6,0
49,1,15,1,6200,303,1,50,1,1,0
57,1,20,3,1108,36,0,45,1,1,0
48,3,21,5,3720,25,0,50,2,1,1
49,1,17,1,4220,36,0,40,1,6,1
66,7,22,1,4522,212,1,34,2,1,0
54,2,21,5,2002,51,0,55,2,1,1
21,1,16,5,4230,32,13,40,2,1,0
47,1,20,1,1555,48,1,50,1,1,1
51,1,16,1,6305,4,1,50,1,3,1
40,2,22,1,230,48,1,40,2,1,1
27,1,21,5,1970,24,0,40,2,1,0
43,1,18,1,4720,313,1,40,2,8,0
68,4,17,1,6305,28,0,40,1,1,1
42,1,20,1,6355,72,0,40,1,9,1
58,6,20,1,1970,42,0,28,2,1,0
54,5,21,1,5020,17,0,44,2,1,0
39,7,22,3,440,35,0,60,1,1,0
59,1,21,1,8740,36,1,45,1,1,1
35,1,22,1,2700,53,1,30,2,1,0
62,1,21,1,1920,364,0,40,2,9,0
26,1,19,1,8740,48,0,40,1,1,1
23,3,15,5,4230,48,0,23,2,1,0
19,1,18,5,4840,48,17,20,1,1,0
19,1,19,5,8225,47,10,40,2,2,0
23,1,20,5,2850,48,0,20,2,1,0
46,1,18,1,4750,51,0,50,1,1,1
37,1,22,5,51,36,13,40,2,2,1
18,5,16,5,9130,34,17,50,1,2,0
73,2,24,1,2205,36,0,45,1,1,1
38,1,19,1,4710,27,0,40,1,1,1
53,2,22,1,2360,17,0,50,2,1,0
18,1,18,5,4020,12,17,8,2,2,0
19,1,19,5,5860,36,2,20,1,1,0
52,1,21,2,1360,42,0,45,2,1,1
52,1,22,1,10,106,1,70,1,1,1
22,1,19,5,6130,13,2,40,1,2,0
59,1,21,1,3602,48,1,50,1,1,1
50,6,16,1,4350,39,0,35,2,1,0
45,1,21,1,3300,27,1,40,2,1,0
19,1,18,5,9610,37,7,30,1,2,0
59,7,19,1,4760,303,1,50,1,2,1
30,2,23,5,3090,27,17,40,1,1,1
56,1,21,1,3601,233,1,40,2,6,0
25,1,21,1,4040,119,1,40,1,1,0
19,4,16,5,5240,36,17,20,1,1,0
20,2,19,5,5860,207,2,12,2,6,0
33,2,23,5,3500,6,0,45,2,1,1
67,1,18,3,7750,54,13,15,2,1,0
53,2,21,1,2014,26,0,50,1,1,1
47,4,16,1,4220,39,0,40,1,1,0
64,1,15,1,4710,1,0,50,1,1,1
40,2,21,1,410,137,0,60,1,1,0
59,1,16,3,3602,41,12,30,2,1,0
58,5,16,1,5550,55,0,40,1,1,1
25,1,21,5,4510,8,12,40,2,1,0
31,2,24,5,2205,207,0,40,2,6,1
27,1,21,5,5810,53,12,40,1,8,0
35,1,19,1,4700,13,1,35,1,1,0
56,1,16,5,4220,27,0,25,1,1,0
33,1,19,1,4820,303,0,30,2,1,0
53,6,18,1,4810,6,0,35,1,1,0
69,4,19,2,5820,12,0,20,2,1,0
71,1,22,2,630,17,0,15,2,1,0
58,1,16,3,8990,39,0,40,1,1,0
20,4,19,5,5400,48,0,22,2,1,0
61,1,20,3,4760,55,0,50,1,1,0
74,1,21,1,2830,9,1,5,2,1,0
58,1,21,1,440,28,1,70,2,1,1
58,3,20,1,4220,152,8,40,2,1,0
36,3,22,1,2310,29,0,45,2,1,1
42,3,21,1,440,19,0,50,1,1,0
19,1,19,5,4400,36,17,22,1,9,0
41,5,22,1,1610,30,0,40,1,1,1
37,1,19,1,4020,370,2,40,2,8,0
22,1,19,5,3645,6,7,40,2,8,0
47,3,20,3,2012,36,0,35,2,1,1
32,1,20,5,4760,29,0,24,1,1,0
56,2,20,1,2360,36,1,35,1,1,0
24,1,19,5,7220,55,4,40,1,1,1
44,1,19,3,51,13,0,40,2,1,0
23,1,17,5,9005,8,16,40,2,1,0
59,6,18,3,9141,53,5,47,1,1,0
26,1,22,5,1360,20,0,40,1,1,1
20,1,16,5,8225,42,0,40,1,1,0
62,3,16,1,9122,27,1,30,1,1,0
39,1,16,5,4220,47,0,40,2,2,0
36,1,16,1,6530,128,0,40,1,1,0
54,5,19,5,9410,4,0,40,2,1,1
28,1,18,3,910,28,2,40,2,1,0
38,1,13,5,52,48,2,52,1,1,0
72,6,21,5,2350,26,0,15,2,1,0
52,1,23,1,800,34,1,60,1,1,1
44,1,21,1,5120,26,1,50,1,1,1
18,1,16,5,4435,13,2,15,2,1,0
20,1,19,5,1430,235,17,40,2,6,0
51,2,24,1,2205,44,0,15,1,1,0
20,1,1,5,9645,4,4,35,1,8,0
59,6,15,1,10,13,1,2,2,2,0
25,1,14,5,4720,39,2,10,2,1,0
58,3,22,1,2320,36,1,40,2,1,1
54,1,9,1,9122,303,0,48,1,1,1
42,1,19,1,440,47,0,40,1,1,1
52,3,16,1,9130,213,0,36,1,1,0
46,8,21,5,6050,48,0,24,1,1,1
39,1,16,5,7150,21,0,40,1,2,0
42,5,19,1,1021,37,1,40,1,1,1
73,7,19,2,4700,301,0,50,2,1,1
21,4,16,5,3500,26,2,3,1,1,0
62,1,19,1,1108,39,0,45,2,1,1
45,3,21,1,3870,48,1,60,1,1,1
32,1,21,5,137,4,5,40,1,1,0
79,4,24,1,2205,5,0,9,1,1,0
67,1,20,1,52,36,1,50,1,1,1
26,1,19,5,9130,53,0,40,1,1,0
57,1,24,2,1760,240,0,50,1,6,1
35,2,16,1,140,37,1,37,2,1,0
37,1,16,1,9640,207,1,45,2,6,0
44,4,23,1,3090,36,0,20,1,1,0
50,6,21,1,4655,18,1,30,2,1,0
62,3,21,1,2350,35,1,19,2,1,1
45,2,20,1,3255,20,1,36,1,1,1
59,1,22,1,4820,36,0,40,1,1,1
43,1,16,1,9005,316,0,40,1,1,0
37,1,16,1,9130,37,0,50,1,3,1
22,1,20,5,4720,17,17,30,2,2,0
61,5,19,1,5540,210,0,45,1,6,1
26,1,16,5,2632,4,12,40,1,1,0
73,5,21,1,2300,368,0,35,2,2,0
54,7,16,5,6260,42,0,35,1,1,0
17,3,14,5,4600,12,2,20,2,1,0
47,1,22,1,1021,51,0,60,1,1,1
21,1,20,5,4600,37,12,13,2,1,0
31,4,20,3,2016,12,0,40,2,1,0
64,1,21,5,820,6,0,40,2,1,1
56,2,23,1,3090,42,0,45,1,1,1
30,5,18,1,3802,48,1,40,1,1,0
39,1,21,1,4965,53,0,40,1,1,1
50,1,19,5,5610,39,0,40,1,1,0
43,1,11,1,6230,303,0,40,1,1,0
61,3,16,1,9005,18,0,40,1,1,1
24,1,21,5,220,36,0,40,1,1,0
60,1,12,4,2545,333,0,32,2,2,0
23,1,19,5,9645,55,2,16,1,1,0
60,1,16,3,5120,29,0,40,2,1,0
35,4,21,1,2310,51,0,10,2,1,0
41,5,21,1,1108,36,1,40,1,6,1
49,1,18,3,5240,48,0,40,2,1,0
38,2,19,3,4600,5,0,36,2,9,0
66,2,24,1,2205,163,1,40,1,1,1
21,1,16,5,4055,17,2,36,2,8,0
34,1,21,1,150,370,0,45,1,1,0
59,1,22,1,440,9,0,40,2,1,1
41,1,16,4,7720,42,0,40,1,1,0
45,1,21,3,3255,160,13,60,2,1,1
36,1,14,3,1900,29,7,50,1,2,0
35,1,20,4,3255,21,0,40,2,1,1
23,1,19,5,9130,36,17,55,1,1,0
48,1,16,5,4020,28,5,40,1,2,0
52,1,19,1,220,54,1,40,1,1,1
27,1,21,5,800,51,12,40,2,1,1
36,3,20,1,5740,37,1,40,2,2,0
39,1,16,1,9130,53,0,50,1,1,1
23,1,16,1,9645,27,0,40,1,1,0
70,1,20,1,5600,311,1,50,1,1,0
42,1,9,5,4030,303,0,35,2,8,0
49,2,16,1,2360,215,1,25,2,1,0
47,1,22,1,4710,26,0,45,1,1,1
40,1,19,5,9650,48,13,45,1,1,1
58,1,16,3,5940,36,0,35,2,8,0
42,1,18,1,5120,6,0,38,2,1,0
68,1,16,1,4420,21,1,15,2,1,0
66,4,18,1,630,27,0,40,2,1,0
40,4,19,1,4710,51,0,40,2,1,0
40,2,21,1,705,6,0,55,1,1,1
54,1,21,3,3255,29,0,40,2,1,1
35,5,20,1,9645,39,1,52,1,1,1
44,1,21,1,120,233,9,40,2,6,0
19,3,18,5,5810,18,2,20,2,1,0
63,1,22,1,9130,128,0,60,1,1,1
67,1,16,2,6230,42,15,32,1,1,0
65,4,19,3,9122,48,0,40,2,2,0
19,1,18,5,4140,36,2,20,1,1,0
55,1,20,1,3255,37,0,40,2,1,0
65,5,20,3,3655,41,0,40,1,1,0
39,1,19,3,440,42,0,45,1,1,1
51,4,23,1,630,1,0,40,2,2,0
71,6,22,2,850,42,0,1,1,1,1
28,1,16,5,6260,55,0,40,1,1,0
36,1,19,1,3422,12,0,40,2,2,0
30,1,21,1,110,36,0,40,1,1,1
33,1,22,1,2310,45,1,40,2,2,0
25,1,21,5,3255,247,2,10,1,6,0
51,1,16,1,410,26,1,40,2,1,1
59,1,21,1,4820,15,1,40,2,1,1
49,1,20,5,3603,28,0,16,2,2,0
40,1,20,5,3500,17,0,36,2,2,0
34,4,21,1,2310,48,1,80,2,1,0
19,1,16,5,7610,48,7,60,1,1,0
57,3,22,1,2435,36,1,40,2,1,1
61,1,23,3,2100,17,0,40,2,1,0
31,2,19,3,3655,2,0,33,2,4,0
35,1,16,5,3500,44,2,45,2,1,1
49,3,21,1,1050,34,1,40,1,1,1
29,1,21,1,5510,28,1,30,1,2,0
40,1,17,5,3601,329,0,32,2,8,0
47,1,19,1,5000,19,0,43,1,1,0
27,1,19,1,9121,36,1,32,2,1,0
37,6,21,1,4521,6,1,30,2,1,0
17,1,14,5,4435,25,2,5,1,1,0
41,1,21,1,4621,139,11,40,1,1,1
29,1,20,1,3255,39,0,40,2,1,1
54,1,16,3,3601,13,13,26,2,1,0
33,1,16,5,6410,303,0,40,1,1,0
54,3,22,1,2320,36,0,35,2,1,1
74,2,21,1,335,19,0,50,1,1,1
18,2,18,5,2850,18,17,20,2,1,0
59,1,24,1,1032,36,1,50,1,1,1
41,3,22,1,2310,39,0,50,2,1,1
73,6,21,1,205,26,1,36,2,1,0
39,1,22,1,1520,4,0,40,1,8,1
70,3,24,1,2310,316,1,25,1,1,1
52,1,16,5,335,26,5,40,1,1,0
54,1,16,1,4020,24,1,37,2,1,0
49,1,20,1,3255,21,0,40,1,1,1
37,1,16,4,6200,21,0,52,1,6,0
28,1,19,5,4760,32,13,38,2,1,0
55,1,1,1,9720,303,0,40,1,1,1
65,3,22,5,2350,28,0,15,2,2,0
53,1,16,1,4510,42,1,25,2,1,0
52,2,22,1,420,126,0,40,1,1,1
58,5,16,1,5550,42,1,40,1,1,1
55,1,21,5,136,6,0,40,1,1,1
31,1,22,1,2100,51,1,40,2,1,1
31,1,20,1,8990,6,2,40,2,6,0
19,1,16,5,4840,12,10,25,2,1,0
34,1,21,2,9030,31,0,40,1,1,1
31,1,19,5,5350,13,12,40,2,2,0
46,1,20,1,1050,12,1,40,1,1,1
64,1,20,5,20,72,0,40,1,1,1
44,1,21,1,540,53,0,40,1,1,1
20,5,19,5,4760,36,17,12,2,1,0
36,1,17,5,4251,48,16,45,1,2,0
50,1,21,4,5740,45,0,40,2,2,0
56,1,18,1,5330,12,0,42,2,1,0
48,7,21,1,4700,42,1,40,1,1,0
47,3,19,5,3910,36,2,40,1,1,1
46,1,16,1,9760,327,2,50,1,1,1
24,2,21,5,2006,19,0,48,1,1,0
54,3,21,1,5740,36,0,40,2,1,0
39,1,19,1,6230,6,0,45,2,1,1
19,5,16,5,8030,24,17,40,1,2,0
47,1,19,1,4700,5,1,40,2,1,0
57,7,19,1,10,26,0,60,2,1,1
28,1,22,5,1760,34,13,40,1,1,1
32,1,24,1,3245,34,0,40,1,1,1
18,1,16,5,7840,39,2,8,1,1,0
20,5,16,5,9825,39,17,40,1,1,0
57,2,22,1,2025,152,0,40,2,1,1
37,1,19,1,3423,13,1,40,2,1,0
59,6,16,1,4760,233,15,35,2,6,0
48,1,16,1,440,303,0,50,1,8,0
39,1,13,5,4055,10,2,5,2,2,0
32,1,24,1,2545,238,1,40,1,6,0
31,1,18,1,9600,6,1,50,1,1,0
46,1,18,1,1430,6,0,40,2,1,0
21,1,16,5,7020,48,2,45,1,1,0
31,1,12,1,6330,303,1,40,1,1,0
70,7,21,1,4920,48,0,60,1,1,1
36,1,16,3,5940,40,0,40,2,1,0
25,1,20,5,700,6,2,40,2,2,0
28,1,18,5,4760,25,12,40,1,1,0
17,1,14,5,4720,39,2,10,1,1,0
68,3,21,1,2310,2,1,10,1,4,1
29,5,22,5,630,301,0,50,2,6,0
27,1,21,5,4220,11,0,45,1,2,0
28,1,21,5,735,6,2,45,2,1,1
65,1,17,3,4020,39,6,10,2,1,0
25,1,19,5,5240,41,13,40,2,1,0
23,1,19,5,4110,39,11,35,2,1,0
49,1,23,1,710,20,1,50,1,1,1
52,3,22,1,2320,51,0,47,1,1,1
64,2,20,1,800,2,0,50,2,1,1
23,1,16,1,6800,40,1,99,1,1,0
73,1,21,1,3930,370,1,36,1,1,0
38,2,24,1,4220,36,1,60,1,9,0
47,1,21,5,4850,21,0,40,2,1,1
27,2,22,5,1032,6,11,40,2,9,1
62,6,22,5,2360,1,0,30,1,1,1
58,1,24,1,1760,210,0,40,1,6,1
54,1,21,1,110,6,0,55,1,1,1
49,1,21,1,4760,45,1,40,1,1,1
50,1,20,1,5740,27,0,40,2,2,0
27,3,22,1,2310,13,0,40,1,1,0
37,3,22,1,2310,25,0,40,1,1,1
24,1,21,1,5740,23,1,40,2,1,0
57,6,22,5,2555,9,0,40,2,1,0
27,1,19,1,4700,24,0,50,2,1,0
45,7,16,3,4522,36,0,50,2,1,1
22,1,17,1,4720,8,3,20,2,1,0
32,1,1,5,7200,313,0,40,1,1,0
18,1,18,5,9130,12,12,40,1,1,0
44,1,21,1,110,13,0,45,1,1,1
40,1,1,1,9620,303,0,40,1,8,0
57,6,16,3,6260,327,0,35,1,2,0
45,1,16,3,7330,25,3,40,1,1,0
69,6,19,1,710,20,1,45,1,1,1
36,5,16,1,440,25,0,40,1,1,1
56,1,16,3,540,10,0,40,1,1,1
52,4,19,3,1970,29,0,40,1,1,0
33,1,18,1,5522,13,1,50,1,8,1
30,5,21,1,5250,17,0,38,2,1,0
57,1,17,2,4700,13,0,38,2,1,0
26,1,16,5,4000,1,16,25,1,1,0
47,2,22,1,230,37,0,58,1,1,1
44,1,16,4,440,6,0,80,1,8,1
42,1,16,1,20,13,1,65,1,1,0
27,1,18,5,5740,8,2,35,2,1,0
17,1,14,5,4110,37,2,12,1,1,0
76,1,16,5,9645,45,5,28,2,2,0
59,6,21,1,220,31,0,50,1,1,1
47,1,16,3,4760,39,2,40,1,1,0
63,3,22,5,5740,29,0,21,2,1,0
48,6,20,1,6230,303,1,60,1,1,0
31,1,20,5,6442,1,2,48,1,2,0
54,1,18,1,8225,31,0,40,1,1,1
56,3,22,1,2310,48,1,40,2,1,1
68,1,21,1,3930,12,8,40,1,1,1
60,1,18,1,8990,51,0,48,1,1,0
29,1,21,5,1050,48,0,40,1,2,0
17,1,12,5,4020,34,2,30,2,1,0
34,1,18,5,3602,11,17,40,2,2,0
59,1,21,3,850,17,0,40,2,8,1
70,4,24,1,230,54,0,2,1,1,1
47,3,20,1,230,42,0,6,2,1,0
37,1,20,3,800,55,13,40,2,1,0
28,1,21,3,5740,12,13,40,2,1,0
43,1,22,5,1900,28,0,50,1,2,0
24,6,20,1,4600,37,1,10,2,1,0
75,1,16,2,4220,17,0,10,2,1,0
31,1,20,5,5940,39,4,40,1,9,0
58,4,17,1,6305,17,1,12,1,1,0
53,3,19,1,6260,6,0,40,1,1,0
19,1,19,5,9645,19,2,30,1,1,0
46,2,18,1,3500,48,6,40,2,1,0
60,1,18,3,4251,42,0,20,1,1,0
27,1,14,5,9620,17,0,20,2,2,0
60,1,18,1,140,37,0,42,1,1,1
30,1,19,5,137,13,0,50,1,1,1
33,1,16,5,4040,164,12,40,1,1,0
61,1,16,1,4720,36,1,22,2,1,0
36,1,16,1,6260,12,1,40,1,1,0
39,4,21,1,2310,48,0,45,2,1,1
38,1,13,1,6200,13,1,45,1,2,0
66,1,21,3,4700,41,13,15,2,1,0
44,1,22,1,910,8,0,45,2,1,1
46,4,21,5,2310,1,0,40,1,1,0
38,1,21,1,52,36,0,55,1,1,1
33,1,21,5,8640,41,5,50,2,1,0
49,2,22,1,630,36,0,45,2,1,1
19,1,16,5,5260,37,2,20,1,1,0
19,1,16,5,4020,39,17,10,1,1,0
55,1,19,1,9130,6,1,70,1,1,1
44,1,17,5,5740,6,16,40,1,1,0
24,1,17,5,5410,48,0,40,2,1,0
36,1,17,1,4020,2,16,40,1,4,0
47,1,16,1,5350,42,1,40,2,1,0
22,1,19,5,4600,21,0,20,2,1,0
41,6,18,3,4920,51,0,45,2,2,0
35,6,21,5,4251,37,13,20,2,1,0
31,1,16,4,5820,53,2,40,1,1,0
46,5,19,2,5740,313,0,25,2,1,0
19,1,16,5,4720,26,2,30,2,2,0
24,1,16,5,220,6,13,45,1,2,0
35,1,16,5,5020,42,2,40,1,1,0
19,1,19,5,4720,36,17,30,2,1,0
49,1,9,1,9620,303,1,40,1,8,0
25,1,16,5,3603,12,2,32,2,1,0
23,2,21,5,3255,9,12,40,2,1,1
40,1,23,1,2100,48,1,40,1,1,1
63,1,16,1,4720,11,1,38,1,1,1
44,1,16,5,7640,36,0,40,1,1,0
61,1,18,1,4810,18,0,40,2,1,1
74,7,19,1,140,28,0,40,1,1,0
20,1,16,5,7410,45,2,35,1,2,0
33,5,21,5,3930,39,0,55,1,1,1
25,1,21,5,3645,9,13,40,2,1,0
58,3,19,3,1105,8,0,45,2,1,1
71,3,22,2,2310,36,0,40,2,1,1
50,4,24,1,2205,39,0,40,1,1,1
64,2,23,1,3090,39,1,50,1,1,1
49,1,16,1,1450,39,1,40,1,1,0
50,1,19,1,9645,12,0,42,1,1,1
50,1,21,1,3323,29,1,40,2,1,1
42,1,22,1,1021,210,0,40,1,6,1
76,3,21,5,230,48,0,40,2,1,1
27,1,18,5,4940,36,2,40,2,1,0
42,1,21,1,2634,36,0,45,1,1,0
38,6,23,1,4400,36,1,40,1,1,0
42,1,19,4,5740,12,0,40,2,2,0
45,1,16,1,6410,51,0,30,2,1,0
54,7,19,1,205,30,0,50,1,1,1
54,1,18,4,6050,21,0,45,1,1,0
64,1,16,5,8990,21,0,40,1,1,0
49,1,20,1,3930,39,1,48,1,1,0
25,4,21,5,2205,45,4,20,2,6,0
52,2,16,1,5740,13,1,28,2,1,0
54,7,16,3,4700,209,0,84,1,6,1
59,5,16,1,4840,5,1,40,1,1,0
17,1,13,5,9645,1,2,16,1,1,0
71,7,22,1,800,440,0,35,1,2,1
78,2,20,1,2300,10,1,39,2,1,0
48,1,19,3,5240,138,0,50,2,1,1
18,1,14,5,8950,21,2,15,1,1,0
49,3,16,1,4251,51,0,40,1,1,0
33,1,22,1,1530,28,0,40,1,1,1
61,1,21,1,7010,72,0,40,1,1,0
26,1,19,5,3602,47,2,30,2,2,0
48,1,21,1,800,44,0,37,2,1,1
42,1,22,5,5740,47,0,40,2,1,0
58,1,19,1,440,6,1,50,1,1,1
41,1,21,1,800,55,0,40,1,1,1
47,1,23,3,3090,51,0,50,2,1,1
42,6,21,1,3645,41,0,35,2,1,0
20,1,16,5,2723,25,2,5,1,1,0
64,1,16,1,420,36,1,40,2,1,1
48,1,21,1,3310,501,1,40,1,9,1
61,1,24,1,5000,6,1,40,1,1,1
60,1,21,1,1022,42,1,50,1,1,1
57,1,18,3,4230,29,0,32,2,1,0
27,5,19,5,9800,46,0,60,1,1,0
43,1,20,1,6230,21,1,40,1,1,0
20,1,16,5,2002,48,17,10,2,1,0
21,1,16,5,1560,6,2,40,1,1,0
57,1,15,1,4760,34,0,20,1,9,0
51,1,11,1,9600,303,1,40,1,8,0
47,1,21,1,4840,15,0,80,1,1,1
39,1,16,3,5820,215,0,41,2,6,0
57,2,20,1,3255,18,1,36,2,1,0
68,1,20,3,3820,36,0,45,2,1,1
38,1,19,1,10,17,1,40,1,1,1
26,2,21,5,4600,1,2,38,2,8,0
46,1,21,1,205,19,0,50,1,1,1
33,1,19,4,4240,42,0,55,1,2,1
28,1,20,5,350,72,7,40,1,8,0
65,1,20,5,40,13,5,34,1,1,0
36,1,21,1,20,47,1,50,1,1,1
27,1,20,5,5110,36,2,38,2,1,0
19,1,16,5,4030,13,2,20,2,1,0
54,1,21,1,1021,210,1,40,1,6,1
26,1,16,1,7740,26,1,45,1,1,0
48,1,18,1,4810,17,0,38,2,1,1
47,2,22,3,51,36,13,40,2,1,1
48,1,23,1,2100,36,0,50,1,1,1
48,4,22,1,230,328,0,46,2,2,1
70,2,22,1,440,11,0,40,1,1,1
37,1,19,1,310,8,1,50,1,1,1
57,1,21,4,4220,42,0,40,1,1,0
48,1,17,1,6355,6,0,40,1,1,1
61,6,16,1,2300,364,1,60,2,1,0
36,1,16,1,6400,55,0,40,1,1,1
45,1,21,1,1050,18,0,45,1,1,1
21,5,16,1,1551,12,1,10,2,1,0
55,1,16,1,5000,36,1,40,1,1,1
59,7,19,4,4700,9,0,60,1,1,0
37,1,19,1,8140,41,0,40,1,1,0
60,3,21,3,2310,72,0,45,2,1,1
35,3,21,1,800,6,0,24,2,1,0
38,1,13,1,9130,49,1,25,2,1,0
54,1,24,1,1460,207,0,40,1,6,1
61,1,22,3,1108,6,0,4,1,1,1
23,1,21,1,2545,19,1,33,1,1,0
25,1,21,5,1410,28,0,40,1,2,1
56,8,16,5,3603,37,17,40,1,1,0
24,2,21,5,2300,34,15,40,2,9,0
51,7,24,1,3160,53,0,47,1,1,1
25,1,19,5,8740,21,2,40,1,1,0
34,1,22,1,3255,368,9,36,2,2,1
49,3,20,3,5740,1,0,40,2,2,0
31,3,19,1,5260,48,1,40,2,1,0
44,1,21,1,5810,39,0,40,2,1,1
63,1,19,1,640,29,1,40,2,9,0
61,1,16,1,5740,35,0,35,1,1,0
50,7,16,1,6050,4,0,40,1,1,0
42,1,17,4,4020,36,0,28,1,2,0
29,1,18,5,9130,2,2,30,1,1,0
61,7,18,1,6355,28,0,80,1,1,1
30,3,21,1,3740,33,1,60,1,1,1
33,1,21,1,1360,42,0,48,1,1,1
57,3,23,1,2100,36,0,40,1,1,1
35,1,21,1,4621,48,0,20,2,9,0
29,1,19,5,3655,42,0,40,2,2,0
39,2,19,1,630,53,0,60,1,1,1
62,1,17,1,9130,12,0,70,1,1,1
34,1,21,3,630,17,0,40,2,6,0
29,1,16,5,6355,6,0,40,1,1,0
41,3,21,1,2310,42,1,40,1,1,1
38,1,21,1,4435,39,1,50,1,1,0
54,1,22,1,4810,36,1,50,2,1,1
52,1,16,1,20,26,1,40,1,1,1
51,2,16,1,3602,11,0,40,2,2,0
57,1,16,3,4020,217,6,40,2,6,0
56,6,16,3,4800,39,0,60,2,1,0
25,2,20,5,5840,12,0,40,2,2,0
17,1,16,5,5320,26,2,3,2,2,0
17,1,13,5,4055,53,2,8,2,1,0
35,6,21,5,710,17,13,45,1,1,1
55,4,21,1,2310,38,0,40,1,1,1
60,3,22,1,2310,39,0,25,1,1,1
38,1,16,1,5610,47,1,40,1,1,0
60,7,18,1,220,37,0,40,1,1,1
58,1,21,1,4850,22,0,50,1,1,0
45,1,23,1,3090,6,1,45,1,1,1
61,2,21,1,1108,36,0,50,2,1,1
48,1,15,1,8030,53,1,40,1,1,1
47,1,19,1,5410,8,0,40,1,1,0
70,1,19,1,5120,25,1,25,2,1,0
39,1,14,5,9130,6,0,32,1,8,0
24,1,21,5,630,6,2,48,1,8,1
34,1,21,1,140,13,0,40,1,2,0
28,1,21,5,710,27,12,40,1,1,0
53,4,12,3,4220,303,0,40,1,1,0
20,3,18,5,4251,13,2,20,1,1,0
62,1,19,1,5110,370,1,40,2,1,0
63,1,19,1,5860,25,1,40,2,1,0
67,4,19,1,5740,42,0,40,2,1,0
58,1,16,1,4220,301,1,48,2,1,0
50,1,18,4,5400,48,2,38,2,1,0
24,1,19,1,9620,42,0,40,2,1,0
35,2,22,1,51,42,1,40,2,1,1
17,1,15,5,9620,13,2,5,2,2,0
29,1,23,5,4720,36,2,40,2,1,0
42,1,19,5,3300,233,12,32,1,6,1
25,1,16,1,5940,39,0,40,2,1,0
53,1,19,3,7020,48,0,45,1,1,1
53,1,18,1,5110,24,1,40,2,1,0
24,1,16,1,230,39,1,50,1,1,0
45,1,19,1,7420,17,0,40,1,1,1
56,3,20,3,5360,41,0,40,2,1,0
29,2,16,1,3645,39,1,40,2,1,0
43,1,21,1,1010,55,1,45,2,1,1
32,2,19,5,3930,31,2,24,1,1,0
68,7,16,3,205,8,0,8,1,1,0
61,1,16,1,8990,6,0,40,1,1,0
40,2,21,5,910,21,0,45,2,1,0
37,1,20,1,7340,31,0,50,1,1,0
47,1,19,1,9620,42,1,50,1,1,0
51,1,19,3,3500,362,6,50,2,1,0
28,7,21,5,4000,34,0,40,2,1,0
55,4,18,5,3725,48,0,40,1,1,1
25,2,21,5,51,6,0,36,1,6,0
27,1,16,5,4510,39,2,24,2,2,0
34,1,24,3,1760,42,0,55,2,1,1
59,4,22,1,230,29,1,50,1,1,1
52,1,16,1,6520,39,0,40,1,1,0
34,1,22,1,1305,36,1,30,1,9,0
64,2,13,1,7340,39,1,40,1,1,0
59,7,21,1,1305,36,0,20,2,1,0
42,1,19,1,9030,12,0,40,1,1,0
33,2,20,5,2545,17,0,40,2,2,0
58,1,16,2,5740,17,0,12,2,1,0
40,1,11,1,3258,312,1,50,2,9,1
23,1,16,5,4110,1,2,35,2,1,0
63,4,19,5,630,21,2,40,2,1,1
36,6,16,1,4500,329,1,40,1,1,1
56,1,16,1,120,48,1,45,2,1,1
57,1,19,5,8600,26,0,45,1,2,1
19,3,16,5,4110,36,17,30,2,1,0
27,1,19,5,4230,36,11,37,2,2,0
46,1,21,3,710,35,0,40,2,1,1
48,1,19,3,5400,39,0,40,2,1,1
36,2,21,5,4110,31,0,35,2,1,0
38,1,21,1,8140,39,1,40,1,1,0
32,1,16,1,4020,26,1,42,1,1,0
65,1,22,5,2640,42,0,24,1,1,1
56,7,19,1,9005,37,0,50,1,1,1
26,4,22,5,2205,10,12,40,1,6,0
25,1,19,5,6260,23,2,40,1,1,0
37,1,19,5,310,26,0,50,2,2,0
59,7,21,1,120,116,0,45,2,1,0
62,6,16,1,9130,49,1,50,1,1,1
38,1,20,1,440,233,1,40,1,6,0
62,5,19,3,530,110,0,40,2,1,1
26,1,21,1,3255,2,0,35,1,1,0
49,5,19,1,5110,56,0,40,2,3,0
22,1,16,1,5740,48,1,40,2,1,0
34,1,17,5,4850,39,0,50,1,1,0
57,1,16,3,9130,27,0,60,1,1,1
57,4,13,1,4220,21,0,38,1,2,0
25,1,21,5,120,12,0,40,1,1,1
42,1,19,1,6410,362,1,50,1,1,0
56,1,16,3,137,36,0,44,1,1,1
18,1,13,5,4110,12,2,30,1,8,0
63,1,16,1,4220,25,0,40,1,2,0
52,2,17,1,4700,50,0,45,2,1,0
29,5,21,1,5860,13,9,45,1,9,0
58,1,16,1,20,8,0,40,2,1,0
48,6,11,5,6230,34,11,10,1,1,0
41,5,21,1,800,40,0,40,2,1,1
53,4,20,3,1108,42,0,40,1,1,1
40,1,22,1,440,40,0,50,1,1,1
45,5,21,3,102,15,0,40,2,9,1
38,1,1,1,4220,303,1,25,2,8,0
60,1,20,1,6355,25,0,40,1,1,1
57,1,21,1,3255,47,0,36,2,1,1
32,1,22,1,10,42,0,45,1,1,1
36,1,20,4,7840,327,0,40,1,1,0
27,4,21,1,3230,6,0,30,1,1,0
62,1,22,1,3230,9,1,35,2,1,1
21,1,19,5,2300,20,2,20,2,1,0
35,2,22,1,230,12,1,40,2,1,0
27,3,22,5,2320,9,2,35,2,1,1
40,1,19,1,8750,312,0,40,2,1,0
42,1,16,1,8920,50,1,40,1,1,0
40,2,21,1,4220,47,0,6,2,1,0
51,1,19,1,3500,303,1,40,2,1,0
31,1,19,1,4220,45,1,40,2,2,0
66,3,20,5,5810,36,0,40,2,1,1
61,1,16,1,3602,23,0,40,2,1,0
49,1,22,1,1021,26,0,40,1,1,1
24,1,21,5,1460,41,0,40,1,1,1
40,8,17,1,4220,1,0,20,2,1,0
51,2,22,1,230,19,1,50,1,1,1
50,1,21,1,52,9,0,55,1,1,1
52,1,20,1,5610,15,1,50,2,9,0
58,1,16,1,6950,22,0,84,1,1,1
47,1,19,1,2830,36,0,42,2,1,1
48,1,21,1,10,39,1,40,1,1,1
33,1,16,3,4110,27,13,25,2,1,0
59,2,22,1,3030,48,0,20,2,1,0
36,3,22,1,2310,6,0,50,1,8,1
32,1,13,5,4110,12,5,40,2,1,0
39,4,19,3,3700,17,0,45,1,1,1
57,1,17,1,9005,36,1,40,1,1,0
38,1,18,3,7700,53,2,40,2,1,0
59,1,19,5,4700,17,13,40,2,2,0
47,2,21,1,5420,207,0,40,2,6,0
29,1,21,5,4850,12,13,40,2,1,0
53,6,19,1,4251,303,0,40,1,1,0
62,6,20,1,4600,54,1,45,2,1,0
37,2,20,1,2545,39,0,32,2,1,0
26,1,21,5,4150,54,13,40,2,1,0
34,6,18,5,4350,4,0,8,2,1,0
52,3,21,3,3802,36,0,65,1,1,1
68,1,21,1,600,327,0,40,1,1,1
33,1,17,1,9645,19,0,40,1,1,0
38,1,21,1,1530,17,0,45,1,1,1
22,1,16,5,4510,9,0,32,2,1,0
33,1,21,1,2710,13,1,40,1,1,1
66,3,19,1,540,12,1,40,1,1,1
55,4,21,4,300,55,0,45,1,1,0
36,1,1,1,3255,303,1,30,2,1,0
65,1,18,1,4760,48,0,42,1,1,1
31,5,19,1,9040,13,0,40,1,1,1
30,1,16,5,4600,48,7,40,2,1,0
69,5,21,1,3255,233,0,40,2,6,1
30,1,21,5,5840,36,0,50,2,3,1
27,1,21,5,4621,6,2,30,1,1,0
53,1,19,5,3930,26,0,32,1,1,0
44,1,19,3,4230,12,2,40,2,1,0
68,1,20,1,3630,55,1,25,2,1,0
44,1,18,1,4760,6,1,40,2,1,1
66,6,16,1,6355,39,9,40,1,1,1
25,1,16,5,9620,6,2,40,1,1,0
75,2,22,1,2040,36,0,7,1,1,1
63,5,21,3,5940,42,0,40,2,1,1
33,2,22,5,5940,303,0,40,2,9,1
41,1,21,5,3602,9,0,20,2,1,0
44,1,11,1,4230,360,1,40,2,8,0
38,6,21,1,705,26,1,60,1,1,0
50,1,11,1,4230,303,1,14,2,1,0
65,3,23,1,350,39,1,42,1,1,1
23,1,21,5,1006,25,0,45,1,1,0
60,1,21,1,10,41,1,90,1,1,1
39,1,22,1,1305,210,0,40,1,6,1
66,1,21,3,5740,6,0,20,2,1,0
27,1,16,5,3603,31,13,30,1,1,0
46,1,1,3,5610,329,0,45,2,8,0
30,2,21,1,3300,39,1,40,2,1,0
69,6,21,1,310,5,0,40,2,1,1
33,1,11,5,9600,47,0,40,1,1,0
33,1,18,1,5260,26,1,20,2,1,0
54,1,16,1,9640,247,0,40,1,6,0
62,1,19,1,5740,36,0,40,2,1,1
61,7,22,1,710,24,1,25,1,1,1
48,1,18,1,150,42,0,45,1,1,1
59,5,21,1,1610,1,0,40,1,1,1
38,1,21,1,1108,6,1,40,2,1,0
22,1,19,5,4720,303,2,28,1,9,0
71,1,19,3,3603,45,0,40,2,2,1
30,1,21,5,710,13,0,45,1,1,1
22,1,21,1,4110,53,0,35,2,1,0
19,1,19,5,4251,48,17,40,1,1,0
19,1,19,5,6050,36,2,35,1,1,0
51,1,20,3,3255,17,2,48,2,1,1
73,1,16,1,4251,523,1,40,1,7,0
28,5,21,1,1530,233,1,40,1,6,1
70,1,19,1,4720,231,1,40,1,6,0
37,1,17,1,8740,24,1,50,1,1,1
45,1,22,1,10,29,0,80,2,2,1
21,2,19,5,2006,9,17,25,1,1,0
55,1,16,1,6230,42,0,40,1,1,0
32,1,16,1,4510,5,1,32,2,1,0
35,1,17,1,310,242,2,55,1,6,0
24,1,19,5,4040,26,13,32,2,1,0
47,6,16,2,3602,312,0,35,2,1,0
51,1,21,1,3255,1,6,40,2,2,0
17,1,14,5,3602,55,2,15,2,1,0
18,1,16,5,2905,6,2,25,1,6,0
34,1,21,5,4840,13,0,50,2,1,1
64,4,19,1,2360,4,0,12,1,1,1
78,6,22,1,2205,17,0,1,2,1,0
53,1,22,1,220,42,1,40,1,1,1
59,1,16,1,8800,47,0,40,1,1,0
59,1,16,1,160,42,0,40,1,1,0
55,1,16,1,6355,1,0,40,1,1,1
59,1,22,1,1320,149,0,40,1,1,1
24,1,21,5,4760,22,2,32,1,2,0
46,1,19,3,5740,315,0,45,2,1,0
26,1,21,5,1720,53,13,40,1,1,1
63,3,22,1,2435,42,1,40,2,1,0
45,1,17,1,7950,55,1,40,1,1,0
60,1,14,1,8990,17,0,40,2,1,0
28,4,22,5,2310,36,0,50,2,1,0
51,1,21,1,440,25,0,85,1,1,0
52,5,19,1,3500,25,0,40,2,1,1
25,2,21,5,2545,51,0,20,1,1,0
75,4,16,1,10,12,1,40,1,1,1
41,1,16,5,4720,217,0,40,1,6,0
25,1,17,5,9645,39,0,30,2,1,0
29,1,21,1,800,254,0,40,1,6,1
37,1,1,5,9130,47,0,45,1,1,0
30,1,16,1,4040,26,1,26,2,1,0
44,1,16,5,9620,36,0,25,1,1,0
38,5,20,1,9810,21,0,50,1,1,1
64,4,19,3,2545,22,0,40,2,2,0
21,1,20,5,3423,12,2,35,2,1,0
47,1,20,3,220,4,0,50,1,1,1
33,1,22,5,1440,51,0,40,2,2,1
66,1,19,5,3602,368,5,40,2,8,0
55,5,21,3,2310,29,0,50,2,2,0
22,1,18,5,5400,6,0,25,2,1,0
38,1,20,3,8255,39,0,40,1,1,0
40,1,19,5,4710,37,13,40,1,1,1
51,1,19,5,8990,42,0,40,2,2,0
39,1,24,1,1006,202,0,40,1,6,1
60,1,20,1,7700,51,1,40,2,1,0
30,1,22,1,1108,17,1,40,1,1,1
17,1,14,5,2722,48,2,4,1,1,0
23,1,21,5,4435,6,12,40,2,6,0
59,1,19,1,4810,6,1,40,1,1,0
38,1,21,3,4810,19,2,40,1,6,1
52,1,19,1,9130,72,0,60,1,1,0
39,3,21,5,440,36,0,40,1,1,0
60,1,20,1,4000,6,1,40,2,1,0
41,6,22,1,8740,25,1,15,2,1,0
37,1,21,1,7220,48,1,65,1,1,0
62,6,13,1,6410,18,1,30,1,1,0
56,1,16,1,9620,37,0,40,1,1,0
49,1,17,1,220,9,1,40,1,1,1
47,1,16,1,6260,13,0,40,1,1,0
31,3,21,3,5940,26,0,40,2,1,0
52,6,11,3,6050,37,0,30,1,1,0
55,4,22,1,230,20,1,55,2,1,1
23,1,20,5,4720,41,2,5,2,1,0
45,1,20,1,2910,36,1,25,2,1,0
30,1,16,1,4110,42,0,20,2,1,0
59,7,24,5,1825,22,0,22,2,1,0
27,1,19,5,3424,6,2,40,2,1,0
41,3,20,3,7700,48,0,60,1,1,0
34,1,16,1,6230,27,1,50,1,1,1
31,6,21,5,4950,26,13,40,1,1,0
34,1,21,1,440,341,2,40,1,6,1
55,1,18,1,1305,5,0,40,1,1,1
78,6,21,2,710,72,0,20,1,1,1
31,1,9,5,4020,303,0,9,1,8,0
56,1,17,1,1108,42,1,40,1,1,1
27,1,22,3,5240,12,2,8,2,2,0
28,1,16,5,4110,42,12,35,1,1,0
39,1,21,1,2310,36,1,45,1,1,1
62,4,15,1,8510,17,0,37,1,1,0
55,4,21,1,1010,17,0,38,1,1,1
50,1,19,1,7410,48,0,50,1,1,1
62,1,14,1,120,303,1,50,2,1,0
66,1,19,1,4920,26,0,50,1,1,1
49,3,21,1,6050,24,0,45,1,1,1
23,6,16,5,4350,36,2,50,2,1,0
37,1,16,1,4510,42,1,39,2,1,0
48,1,18,5,4220,6,0,9,2,2,0
37,1,18,5,7700,26,0,50,1,1,0
54,1,18,5,2145,18,0,40,1,1,1
51,1,22,5,2002,41,0,23,2,1,0
54,1,10,1,8740,408,0,40,2,2,0
28,1,19,1,5160,6,2,30,2,6,0
62,1,18,5,530,25,0,40,2,1,0
17,1,13,5,4140,39,2,18,1,1,0
36,1,21,1,4850,31,0,40,2,1,1
72,1,16,2,4040,17,0,24,1,1,1
21,1,19,5,4720,45,0,40,2,2,0
37,1,19,1,7700,51,0,50,1,1,1
68,1,11,1,7220,13,0,40,1,1,1
55,1,16,1,440,42,0,40,1,1,0
59,1,19,1,3500,42,1,40,2,1,1
50,1,1,1,4850,303,1,65,1,8,0
69,1,18,1,9005,34,0,35,1,2,1
54,3,19,3,5740,53,0,40,2,1,0
43,6,14,5,4230,303,0,35,2,8,0
60,1,19,5,4210,35,10,40,1,1,0
30,1,16,5,5110,48,13,40,2,2,0
62,5,16,2,750,48,0,40,2,2,0
68,6,21,3,205,17,0,10,1,1,0
62,2,18,1,5000,30,0,40,1,1,0
44,1,19,3,4720,46,0,30,2,1,0
63,3,21,1,2865,53,0,50,1,1,1
35,5,19,1,700,26,1,40,2,2,0
76,2,21,2,2060,36,0,12,2,1,0
26,2,22,3,2310,6,12,40,2,1,0
51,1,21,1,5120,40,0,20,2,1,0
19,5,16,5,9825,48,17,60,1,1,0
43,4,21,1,2330,6,0,50,2,1,0
19,4,18,5,4030,42,17,15,2,1,0
32,1,22,1,800,48,1,40,2,1,1
31,1,21,1,6260,303,11,40,1,8,0
52,6,21,1,2600,233,0,1,2,6,0
65,4,21,1,10,8,0,40,1,1,1
39,2,22,4,2310,36,0,39,1,1,1
64,1,16,1,4700,39,1,50,1,1,1
62,7,23,1,2100,6,1,40,2,1,1
47,1,18,1,10,17,0,60,1,1,1
37,1,19,1,4700,5,1,41,1,1,0
25,1,21,5,5000,48,0,90,1,8,1
80,7,22,1,800,26,1,20,2,1,0
37,1,20,5,5110,36,2,40,2,1,0
51,1,19,1,2634,44,0,40,2,1,1
39,6,19,1,705,48,1,30,2,8,0
73,4,19,2,230,54,0,40,1,1,1
58,1,20,4,2001,36,0,15,1,2,0
35,3,16,5,2330,315,15,40,2,1,0
45,2,1,1,4030,303,1,30,2,1,0
59,1,21,3,5240,36,0,45,2,1,1
53,7,22,1,3160,19,1,50,1,1,1
60,1,21,1,2545,19,0,15,1,1,1
21,1,16,5,5350,47,2,28,2,1,0
65,1,19,1,9050,16,0,28,2,1,1
35,1,22,5,310,42,2,30,2,1,0
23,1,21,5,2310,17,0,50,2,1,0
56,7,16,1,410,49,1,40,2,1,0
26,1,20,1,850,18,1,40,2,1,0
29,1,21,3,410,41,0,40,2,1,0
31,1,18,5,9142,24,0,99,2,2,0
27,1,16,5,4055,6,4,40,1,1,0
32,1,20,5,750,9,0,40,1,1,0
46,1,16,1,1050,247,0,40,1,6,1
59,1,16,1,7340,26,1,40,1,1,0
73,1,21,1,4710,247,1,20,2,6,0
35,2,22,1,1970,39,0,45,2,1,0
21,1,19,5,4640,48,17,15,1,1,0
19,1,16,5,4020,4,2,34,1,1,0
29,3,21,5,3255,233,0,40,2,6,1
32,1,17,1,9620,22,1,80,1,1,1
48,2,19,5,960,51,0,40,2,1,0
23,3,19,5,5740,36,17,20,2,1,0
20,1,19,5,5820,39,17,3,2,1,0
44,3,21,1,3740,6,0,99,1,1,1
45,4,20,1,2310,35,1,24,2,8,1
67,3,19,1,2310,22,5,7,2,2,0
39,1,16,1,9620,6,0,40,1,6,0
21,1,19,5,3500,13,2,40,2,1,0
30,1,23,1,2100,6,1,40,2,1,1
70,1,17,1,9130,42,1,20,1,1,0
18,1,16,5,2350,34,17,3,2,9,0
34,1,16,1,4760,24,0,40,1,1,0
32,1,12,5,6305,303,0,60,1,1,0
31,2,21,1,3255,6,1,20,2,1,1
43,3,18,1,5740,48,0,36,2,1,0
51,4,16,1,7210,36,0,40,1,1,1
33,1,21,1,800,26,2,40,2,1,1
45,6,17,1,4230,27,1,10,2,1,0
24,1,17,5,6230,12,13,40,1,1,0
33,1,19,3,3603,8,0,20,2,1,0
62,1,19,1,4220,36,1,40,2,8,0
51,1,16,2,310,6,2,32,2,2,0
35,1,17,5,8710,108,0,40,1,1,0
22,2,19,5,1320,51,17,40,1,1,0
37,1,21,1,830,12,0,45,1,1,1
29,4,22,1,800,17,0,40,2,1,0
47,4,21,1,2310,25,1,40,2,1,1
66,3,18,1,5720,48,1,40,2,2,1
56,1,16,5,4700,34,5,30,1,2,0
17,1,14,5,4020,8,2,20,1,9,0
69,7,16,1,5740,55,0,50,1,1,1
22,1,16,5,3930,39,12,32,1,2,0
29,4,21,1,2320,21,1,40,2,1,0
33,1,21,5,2710,6,0,40,1,9,0
32,1,22,1,52,42,0,45,1,1,1
45,1,21,4,440,22,0,40,2,1,1
55,7,16,1,6200,17,1,50,1,1,1
42,1,17,1,6410,48,4,30,1,1,0
37,1,16,5,6230,12,0,55,1,2,0
58,1,20,5,5860,55,0,40,2,1,1
50,1,16,3,4700,39,13,42,2,1,1
52,4,22,1,2002,449,0,40,1,1,1
22,1,21,5,4251,37,2,30,1,1,0
45,1,22,1,3160,48,1,32,2,1,1
37,1,19,1,7420,48,1,45,1,1,1
20,1,16,5,4720,27,2,25,2,1,0
24,1,22,1,4760,38,0,40,2,1,0
63,1,18,1,5240,47,0,40,1,1,1
71,7,21,2,10,12,0,50,1,1,1
31,1,21,1,440,207,1,40,2,6,1
36,1,21,1,5240,29,1,40,1,1,1
59,1,21,2,9620,39,0,45,2,1,0
19,1,19,5,9130,120,17,40,1,6,0
40,1,20,1,20,301,1,40,2,1,1
18,1,18,5,4220,6,17,46,1,8,0
56,1,17,1,9130,42,1,40,1,2,0
51,5,21,1,1530,54,1,40,1,1,1
56,4,22,3,2205,22,0,40,1,1,1
69,8,19,1,4220,55,0,50,1,1,1
50,1,22,5,110,24,0,40,2,2,1
35,1,21,5,2700,332,5,40,2,2,1
44,3,22,1,4920,36,1,40,2,1,0
53,1,21,1,1320,42,1,40,1,1,1
62,1,16,1,4220,47,0,20,2,1,0
33,1,21,1,2635,40,1,40,2,1,1
33,1,22,1,2310,26,1,42,2,2,0
56,3,16,1,9415,26,0,40,1,1,1
30,1,21,5,102,34,2,40,2,1,0
35,1,21,5,120,414,0,45,1,1,1
30,1,16,5,4720,48,2,40,2,1,0
39,2,22,1,2310,48,0,80,1,1,1
52,1,18,1,20,6,0,50,1,1,1
17,1,18,5,4110,24,2,40,2,1,0
55,1,17,3,5240,368,0,40,1,6,0
27,1,18,1,3603,28,1,18,2,2,0
53,1,16,1,9130,54,0,40,2,1,0
45,1,16,1,3603,18,1,40,2,1,0
47,1,9,1,4220,312,0,40,1,1,0
68,7,23,1,10,48,0,40,1,1,1
48,1,20,3,540,48,0,38,2,1,0
47,1,16,4,4622,22,2,40,2,2,0
37,6,23,5,3090,34,13,40,1,1,1
27,1,16,5,9142,231,12,32,1,6,0
29,1,21,1,1050,29,0,50,2,1,1
38,1,21,1,2310,4,0,40,2,1,1
17,4,13,5,4030,6,16,25,1,1,0
47,3,21,5,5320,21,4,20,1,1,0
67,1,19,1,6050,42,1,50,1,1,1
54,1,22,1,136,17,0,40,2,1,1
72,1,11,1,6260,1,1,40,1,2,0
50,1,12,1,7640,12,1,40,1,1,0
64,1,19,5,1010,39,13,50,2,1,1
48,1,20,1,1551,363,1,50,1,1,1
51,1,23,1,3090,119,1,45,2,1,1
92,2,19,3,5740,48,0,14,2,1,0
65,3,16,1,410,24,1,40,2,2,1
45,3,23,1,230,36,1,55,2,1,1
61,6,15,1,4020,42,0,18,2,1,0
60,5,24,3,440,9,0,40,2,1,1
30,1,21,5,1021,1,0,40,2,1,0
40,1,19,1,5240,27,1,45,1,1,1
23,1,21,5,910,36,0,40,1,1,1
43,1,18,1,2865,54,1,40,1,1,1
23,1,13,1,4251,42,0,48,2,1,0
38,4,24,1,2205,210,0,50,1,6,1
35,4,24,1,2205,26,0,40,1,1,1
62,6,18,1,4920,29,1,25,2,1,0
68,1,16,3,8225,42,0,50,1,1,0
27,1,21,5,230,36,17,50,2,1,0
56,1,20,3,540,26,0,40,2,1,0
58,1,15,1,4230,18,1,40,2,2,0
71,2,21,3,1310,34,0,30,2,1,1
52,4,19,5,5860,21,2,40,2,2,0
45,3,21,1,2310,22,1,10,2,1,0
73,6,22,3,2006,48,0,3,2,1,0
56,4,22,5,630,8,0,40,2,1,1
60,3,19,3,2545,53,0,35,2,1,0
36,2,21,5,9142,6,0,50,2,1,0
47,1,17,5,4220,36,17,27,1,8,0
53,3,16,5,5240,13,0,25,2,2,0
45,1,16,1,9130,42,5,70,1,1,0
50,4,21,3,800,37,0,40,1,1,1
47,1,20,3,6260,327,0,40,1,1,1
23,3,21,5,5120,6,0,24,1,6,0
41,6,21,1,4760,22,1,50,2,1,0
49,3,22,1,2320,55,0,40,2,6,1
50,1,16,5,3500,25,0,50,2,1,1
17,1,14,5,4020,17,2,32,1,1,0
21,1,14,5,650,2,2,20,1,4,0
26,1,21,5,2825,53,12,45,2,1,0
64,1,16,1,800,21,1,32,2,1,0
38,1,16,1,9510,39,0,50,1,1,1
58,2,23,3,3090,22,0,40,1,1,1
52,2,21,1,120,17,1,40,1,1,0
33,1,18,5,8140,36,0,60,1,2,1
20,1,19,5,1105,207,17,40,2,6,0
17,1,14,5,4435,34,2,5,1,1,0
29,1,22,1,3150,12,0,32,2,1,1
33,1,22,1,2545,6,0,15,2,1,0
44,1,24,1,6200,42,0,65,1,1,1
35,2,22,5,2014,6,0,40,2,9,0
60,1,14,5,4220,37,0,40,1,1,0
71,6,16,5,2634,36,0,15,2,1,0
55,1,1,4,6240,303,12,40,1,8,0
76,6,21,1,710,9,1,15,1,1,1
46,4,21,1,5000,13,15,80,2,2,0
66,7,16,1,9130,48,5,50,1,9,1
41,1,19,5,9130,17,0,40,1,2,0
21,1,16,5,6210,6,2,45,1,1,1
61,4,21,1,3300,17,1,40,2,1,1
30,1,16,1,4220,72,1,80,1,1,0
62,6,22,1,3255,5,1,40,2,1,0
44,1,17,5,6305,25,2,40,1,2,0
38,1,19,1,5000,6,2,40,2,1,0
43,6,21,1,440,139,1,40,1,1,0
53,1,21,3,52,12,0,40,2,1,0
34,1,20,1,3421,48,2,40,2,1,0
56,1,20,1,7720,449,1,45,1,1,1
56,2,19,5,800,34,0,40,2,1,1
55,1,16,3,9122,47,0,25,2,2,0
41,5,18,1,7340,33,0,40,1,1,0
61,3,16,1,5000,51,0,45,2,1,1
70,1,18,1,4760,40,0,45,1,1,0
45,3,21,1,3870,8,0,40,1,1,0
18,1,16,5,4720,12,2,20,2,2,0
53,6,21,1,2905,373,1,25,1,1,0
61,3,16,1,9121,1,1,30,2,1,0
54,1,16,1,7750,26,0,40,1,1,0
36,2,22,1,705,126,0,32,2,1,1
37,4,23,1,2014,6,1,40,2,1,1
29,2,23,3,3090,17,0,80,1,1,1
64,1,17,1,9130,8,1,40,1,1,1
28,6,18,5,9142,48,5,40,1,1,0
29,1,15,5,9620,10,15,24,1,2,0
54,1,17,5,530,34,13,50,1,1,1
28,1,21,5,1970,28,0,30,2,2,0
40,3,18,1,5260,55,0,40,2,1,0
49,6,11,1,2752,36,1,55,1,2,1
34,3,16,5,3602,6,0,20,2,1,0
40,1,23,5,2100,236,0,40,2,6,1
63,1,21,4,2205,6,0,48,1,1,0
36,1,15,1,650,303,0,8,2,1,0
45,1,18,1,6355,53,1,40,1,1,1
62,1,18,1,9600,48,0,40,1,1,0
56,7,21,1,310,217,0,40,1,6,0
55,5,21,1,5550,6,0,40,1,1,0
64,1,23,3,2100,15,0,30,1,1,1
72,4,22,3,440,6,0,20,2,1,1
34,3,22,1,2310,42,1,40,1,9,1
47,1,14,3,4840,303,0,20,2,1,0
60,1,21,3,4760,12,15,20,1,1,0
66,1,21,1,1108,49,0,40,1,1,1
57,1,21,5,5000,36,0,40,2,1,1
56,3,22,1,2310,16,0,40,1,1,1
42,1,15,1,1010,41,1,60,1,1,1
54,3,21,1,2545,9,0,29,2,1,0
38,1,23,1,2100,13,0,60,1,1,1
64,1,19,1,440,368,1,40,2,2,1
37,1,21,5,6442,17,0,40,1,1,0
21,1,16,5,8990,17,13,40,2,1,0
41,6,18,4,4600,39,0,25,2,2,0
19,1,16,5,5240,34,2,40,1,2,0
42,1,21,1,4510,360,0,25,2,8,0
66,8,21,1,4920,36,0,40,1,1,0
49,1,20,1,9210,39,0,72,1,1,1
41,1,16,3,9620,18,0,42,1,1,1
58,1,17,4,4020,8,0,14,1,3,0
64,6,16,1,6330,31,1,40,1,1,0
48,1,16,1,9130,329,0,40,1,1,0
37,6,21,1,4920,55,0,40,2,1,0
50,1,19,1,5000,48,1,40,2,1,0
64,1,16,3,5000,54,0,26,2,1,0
22,1,18,1,4720,207,0,4,1,6,0
62,3,18,1,4030,42,0,14,2,1,0
57,1,19,2,4720,27,0,13,2,1,0
49,1,24,1,440,240,0,50,1,6,1
27,1,19,5,4020,47,2,45,1,1,0
37,1,21,3,2310,128,13,45,2,1,0
43,1,15,1,5240,18,1,33,2,1,1
59,1,19,1,5240,40,1,32,2,1,0
39,4,16,1,3820,48,1,50,1,1,1
33,1,16,1,4110,6,1,35,2,1,0
58,1,16,4,4220,21,0,38,2,1,0
28,1,21,1,1031,33,1,40,2,1,0
31,1,20,1,5400,37,0,40,2,9,0
67,6,24,1,1005,139,0,10,1,1,0
59,1,21,1,640,17,0,42,2,1,0
62,1,21,1,4020,42,0,8,2,1,0
23,1,21,5,5740,54,2,40,2,1,0
41,1,20,1,3421,247,0,38,2,6,0
21,1,19,5,4110,6,0,20,2,1,0
18,1,16,5,3960,6,2,15,1,9,0
89,6,21,1,2040,215,0,28,1,6,1
48,1,20,1,5140,26,1,36,2,1,0
56,1,6,1,9640,365,0,16,2,8,0
41,1,16,1,9620,303,0,55,1,1,0
58,1,17,1,7750,39,1,45,2,1,0
23,5,19,1,7140,29,1,60,1,1,0
46,1,21,3,5840,41,0,40,2,1,1
33,1,16,5,9645,26,12,30,2,1,0
20,1,16,5,9645,17,2,12,1,1,0
53,1,16,5,7840,27,0,40,1,1,0
58,1,21,4,5820,303,0,48,2,8,0
38,1,20,1,6442,35,0,40,1,1,0
33,6,16,5,4000,6,12,55,1,1,0
26,1,21,1,3255,17,0,40,2,1,1
56,6,14,1,6230,45,1,40,1,2,0
38,1,19,1,5240,5,0,40,2,2,0
19,5,16,5,4621,47,17,20,2,1,0
58,1,16,2,5920,34,0,55,1,2,0
22,1,20,5,8320,41,2,40,1,6,0
53,6,24,1,3090,24,1,40,1,1,1
19,1,17,5,4020,48,2,40,1,2,0
37,1,21,1,1021,210,0,40,1,6,1
47,1,21,1,2810,217,0,40,1,6,1
35,1,19,5,4700,42,2,40,1,6,1
52,1,19,1,9130,6,0,60,1,1,1
23,1,16,5,9600,45,2,50,1,1,0
35,1,18,5,4220,12,16,20,2,1,0
31,1,19,5,5240,34,0,20,2,2,0
34,1,20,1,440,48,0,60,1,1,1
48,6,18,1,9130,46,0,60,1,1,0
36,1,13,1,1560,33,1,40,1,1,0
26,1,16,1,9130,47,0,50,1,9,1
30,2,22,5,2002,48,0,40,2,1,0
55,1,16,3,8990,22,0,40,1,1,1
24,1,16,1,4350,20,0,20,2,1,0
51,7,22,5,440,215,0,50,2,6,1
66,6,18,1,9005,22,1,20,2,1,1
36,1,20,5,3602,22,5,35,1,2,0
25,1,16,5,6305,9,13,50,1,1,0
21,1,19,5,4622,42,17,6,2,1,0
18,1,16,5,4020,39,2,35,1,9,0
42,1,21,1,1460,26,0,42,1,1,1
46,1,20,3,4600,39,2,4,2,1,0
21,5,16,1,9830,17,0,40,1,1,0
49,1,16,3,9645,34,0,48,1,1,1
30,2,21,5,51,20,0,40,2,1,1
22,1,20,5,3050,53,2,40,2,7,0
28,1,21,5,710,210,10,40,1,6,0
26,1,20,5,2722,6,2,20,1,6,0
27,1,18,3,3946,25,13,20,2,8,0
23,1,16,1,2545,24,0,40,2,1,0
27,2,22,1,3258,36,0,40,2,1,1
19,1,19,5,6260,8,5,25,1,1,0
28,1,16,5,6360,27,13,40,1,1,1
53,2,20,1,630,24,0,40,2,2,0
28,6,19,3,4820,36,13,60,1,2,1
30,1,15,1,6230,303,1,40,1,1,0
23,1,21,5,1320,29,13,40,1,1,1
35,1,19,1,3649,17,0,35,2,1,0
47,2,18,5,3550,53,0,40,1,1,1
44,1,16,1,9600,21,1,55,1,1,1
38,1,16,5,4760,47,2,32,2,2,0
54,1,16,1,2633,206,1,34,1,6,0
40,1,22,1,750,42,0,50,2,1,1
26,1,16,5,6260,29,2,50,1,1,0
62,1,19,1,5110,110,0,37,2,1,0
30,1,16,4,4720,47,0,40,2,2,0
21,1,21,5,4720,329,2,40,2,8,0
35,6,20,5,9620,27,2,48,1,1,1
67,6,21,1,850,18,0,5,1,1,1
25,1,21,5,1021,210,12,45,1,6,0
63,3,23,1,2310,25,0,40,2,1,1
34,1,17,5,4850,39,2,40,1,1,0
54,7,23,1,3090,34,1,70,1,1,1
50,1,16,3,4760,39,2,40,2,1,0
55,1,16,2,8225,12,0,40,2,1,1
27,1,21,5,1021,48,0,40,1,2,1
44,1,18,1,800,17,0,40,2,1,1
23,1,21,5,1360,25,12,40,1,1,1
17,1,14,5,4720,24,15,28,2,1,0
63,1,16,1,7905,13,0,50,1,1,1
57,1,19,3,910,6,13,50,1,8,1
50,1,21,3,8990,303,2,40,2,1,0
19,1,19,5,9610,34,16,41,1,2,0
44,1,19,3,20,17,0,49,1,1,1
40,4,22,5,5000,20,0,35,2,1,1
24,1,21,5,1450,6,2,40,1,1,0
54,4,16,1,8610,34,0,42,1,1,1
56,1,16,1,2360,36,1,20,2,2,0
52,1,17,1,6200,301,1,50,1,1,1
44,1,16,3,7210,47,16,90,1,1,0
50,2,19,1,2310,36,1,20,2,1,0
31,6,21,1,220,37,1,40,1,1,0
31,4,12,1,4020,36,16,20,1,2,0
25,3,23,5,9310,34,2,40,1,1,0
38,1,22,1,110,210,0,40,1,6,1
47,1,19,3,7340,6,0,40,1,1,0
49,1,20,3,3255,36,13,40,2,1,1
48,3,22,5,3870,22,0,40,2,2,1
60,1,21,1,1050,42,1,40,2,1,0
44,1,21,1,120,13,0,50,1,1,1
56,1,21,1,120,21,0,40,2,1,1
24,1,19,1,440,49,0,40,1,1,0
60,1,11,1,2640,361,1,40,2,8,0
81,1,18,1,4850,17,0,30,1,1,1
63,1,15,1,4020,21,1,30,2,1,0
41,1,13,4,5400,6,0,40,2,8,0
43,1,21,1,630,23,0,40,2,1,1
58,1,20,1,5120,27,1,20,2,1,0
52,1,19,3,8140,20,13,40,1,1,0
53,3,23,1,10,20,0,40,1,1,1
48,1,22,1,4920,22,0,45,1,1,1
46,1,22,1,2360,45,0,45,2,1,1
24,1,21,5,8990,8,2,40,1,1,0
19,1,16,5,4720,18,4,10,2,1,0
51,1,21,3,3255,12,0,32,2,1,1
39,1,15,5,8530,49,0,40,1,1,0
68,7,18,1,220,27,1,20,1,1,0
37,1,21,1,4760,48,0,40,2,1,0
23,1,15,5,4760,36,7,40,2,9,0
29,1,21,5,5240,6,11,45,1,1,0
47,1,16,1,8990,233,0,40,2,9,0
19,1,19,5,4760,51,0,25,2,1,0
19,1,16,5,8300,49,2,40,1,1,0
19,1,19,5,4760,34,17,24,2,2,0
60,1,18,3,4760,39,13,40,2,1,0
44,2,21,1,420,45,1,30,1,2,1
59,1,20,1,9122,39,0,45,2,1,0
60,1,15,3,4020,23,15,40,2,1,0
56,1,19,3,4700,20,0,40,1,1,0
21,5,13,5,3645,8,0,40,2,1,0
55,5,24,1,1760,207,1,40,2,6,1
37,1,21,5,3255,42,2,40,2,1,1
57,1,21,2,4040,42,0,18,2,1,0
55,1,16,1,3603,364,1,40,2,1,0
20,2,19,5,5710,48,12,16,2,1,0
18,3,18,5,3960,6,17,28,2,1,0
57,1,23,3,2100,17,0,65,2,1,1
59,1,16,1,8920,303,1,40,2,1,0
26,1,20,1,4000,72,3,30,1,2,0
23,1,21,5,310,21,0,45,2,1,0
31,1,21,1,51,48,0,50,2,1,1
26,1,21,5,1032,26,0,45,1,1,0
60,1,12,1,6200,47,0,50,1,1,1
31,1,15,4,9645,12,13,36,2,1,0
70,6,20,1,1108,29,0,8,1,1,1
18,1,14,5,9645,42,2,8,1,8,0
43,1,21,1,160,20,0,55,1,1,1
26,2,21,5,5000,36,0,40,2,1,0
39,1,13,5,4140,42,13,40,1,1,0
36,4,20,1,2205,44,2,25,2,1,0
61,1,21,1,800,39,1,40,2,1,0
49,5,20,1,3602,333,1,40,2,2,0
63,1,21,3,9130,48,0,40,1,1,0
64,1,17,1,4220,17,0,40,1,1,0
28,4,21,5,2310,4,0,35,2,9,0
46,1,20,1,4720,17,0,30,2,1,0
20,1,16,5,4720,301,15,30,1,1,0
30,1,21,1,1021,210,1,40,2,6,1
74,1,16,3,9130,6,11,24,1,1,0
49,7,21,3,2850,17,0,50,1,1,1
30,3,23,5,2100,26,2,40,2,2,0
65,2,16,1,10,16,0,16,1,1,0
47,1,18,3,120,207,0,42,2,6,1
68,8,20,2,1105,210,8,16,2,6,0
29,1,22,1,2310,210,1,35,2,6,0
67,1,19,1,7700,13,0,40,2,2,1
23,1,19,5,2920,207,0,8,2,6,0
20,5,19,5,9825,6,17,60,1,1,0
48,1,10,1,6230,303,0,40,1,1,0
27,1,22,1,2330,17,1,40,2,1,0
30,7,24,5,3000,13,13,30,2,6,0
50,1,15,1,6220,51,1,40,1,2,0
60,2,22,2,2060,20,0,25,2,2,0
49,1,20,1,4850,17,0,42,2,1,0
47,1,21,3,5510,48,0,20,2,1,0
55,3,23,3,2310,36,0,50,2,1,1
24,3,19,5,3870,12,0,45,1,1,0
30,1,24,1,1760,12,0,40,2,1,0
73,1,21,1,4240,42,1,4,1,1,0
28,4,21,5,230,39,17,25,1,2,0
43,1,22,1,3256,34,0,50,2,1,1
19,1,19,5,4810,6,2,25,1,6,0
47,1,19,1,8740,53,1,55,1,1,1
26,1,18,3,1050,51,0,30,1,1,0
32,1,21,1,2830,36,0,45,1,1,1
32,1,19,1,5940,37,0,55,2,1,1
46,1,17,1,850,36,0,25,2,2,0
46,1,18,1,5110,13,0,42,2,1,1
59,2,21,1,350,36,1,50,2,1,1
55,4,18,4,5220,303,0,40,2,1,0
27,1,18,5,9620,17,2,20,1,1,0
58,5,21,1,3300,6,0,40,1,1,0
32,1,19,5,1105,19,13,43,2,1,0
49,3,18,2,5250,6,0,40,2,9,0
61,6,24,1,2040,30,1,3,1,1,0
26,1,21,5,5400,33,0,25,2,9,0
34,7,19,1,4920,47,1,10,1,1,0
59,3,19,1,5740,34,0,80,2,2,0
65,1,18,1,4655,17,1,15,2,1,0
40,3,22,1,2310,48,2,60,1,1,1
30,1,21,5,1050,34,13,40,1,1,0
64,1,18,1,2545,36,1,35,2,1,0
26,1,20,1,3430,37,1,40,2,1,0
20,1,16,5,5610,303,12,40,1,1,0
79,7,16,1,5740,47,0,30,1,1,1
38,4,21,1,2145,36,0,35,2,1,1
32,2,21,1,4600,49,1,38,2,1,0
59,1,19,3,4110,42,0,30,2,1,0
29,6,19,5,8350,39,0,20,2,1,0
43,1,20,1,5400,36,0,40,2,1,0
18,1,18,5,310,21,0,40,2,1,0
50,1,19,1,9142,333,0,40,2,2,1
53,1,16,1,3640,6,0,25,2,1,0
53,1,16,1,4700,27,0,60,2,1,0
63,1,19,1,7640,39,1,40,1,1,1
50,3,23,3,2310,53,0,40,2,1,1
73,1,20,1,4150,39,0,17,1,1,1
46,1,16,1,4510,24,0,18,2,1,0
42,1,19,1,7700,54,1,45,1,1,1
73,6,17,1,7350,37,1,4,2,1,0
64,1,20,3,850,8,13,30,1,2,0
27,1,18,5,4200,12,10,40,1,2,0
23,1,21,5,3255,4,13,48,2,1,1
32,3,20,1,7200,42,0,40,1,1,1
28,2,21,1,2320,20,1,50,1,1,0
36,1,20,3,4621,42,13,25,2,1,0
37,2,21,1,2840,23,0,40,1,1,0
54,3,19,1,440,34,1,50,1,1,1
39,1,16,5,4230,361,13,30,2,8,0
20,1,19,5,4110,18,17,30,2,1,0
21,1,19,5,310,21,12,40,1,1,0
32,5,19,1,5540,17,0,40,2,1,0
58,3,12,1,7200,47,0,40,1,1,0
19,6,18,5,2905,47,17,4,1,1,0
38,5,20,1,5550,26,0,45,1,2,1
73,6,16,1,6355,42,0,3,1,1,0
62,1,20,1,6442,36,0,40,1,1,1
40,1,18,1,5240,45,0,40,2,1,0
28,1,16,3,6355,53,2,48,2,1,1
40,2,21,5,735,12,0,40,2,1,0
38,1,11,1,4020,303,0,40,1,8,0
56,4,22,1,2310,28,0,40,1,2,1
59,2,19,1,3255,36,1,45,2,1,1
31,1,16,5,4110,4,13,30,2,1,0
29,1,21,1,9645,19,0,40,1,1,1
47,1,16,3,5940,36,16,40,1,2,0
18,6,16,5,2350,36,2,10,1,9,0
32,3,18,5,3740,38,5,54,1,9,0
66,6,21,1,2752,48,0,20,1,1,0
60,1,19,1,7750,48,1,44,1,1,0
37,1,21,5,2180,6,0,50,2,1,1
32,1,22,1,1031,6,0,60,2,1,1
28,1,21,5,5160,13,11,40,1,1,0
60,1,19,1,8030,26,1,40,1,1,1
29,1,20,5,1551,51,13,40,2,1,0
39,3,19,5,9122,36,0,40,1,2,0
50,1,1,1,4760,303,5,40,1,1,1
35,1,22,1,2002,26,1,40,2,1,0
19,1,16,5,5240,12,11,40,2,1,0
38,1,22,5,5240,49,0,40,2,1,1
20,1,15,5,4850,18,0,40,1,2,0
46,1,20,3,9130,13,0,40,1,1,1
44,3,20,1,5420,51,1,20,2,1,0
34,1,20,5,5860,36,0,40,2,1,0
74,1,18,3,4760,42,0,20,2,1,0
40,1,21,5,3270,6,2,40,1,8,0
50,1,20,1,3255,36,1,40,2,1,1
54,6,21,3,4850,6,0,55,2,1,1
43,1,18,3,630,17,0,40,2,1,0
43,1,21,1,2330,29,0,40,2,1,1
25,2,21,5,420,39,12,40,2,1,0
39,1,19,3,8990,18,13,40,2,1,0
37,1,21,1,6355,29,0,40,1,1,1
21,1,21,5,9645,36,2,30,1,1,0
20,2,19,5,2360,5,17,4,2,1,0
18,1,16,5,4110,48,7,32,2,1,0
38,2,21,1,420,5,1,60,2,1,1
46,1,21,4,350,13,0,44,2,1,1
19,1,18,5,7200,31,2,20,1,1,0
54,1,19,1,220,37,0,45,1,2,1
32,1,14,1,4230,26,5,40,1,2,0
50,1,10,4,4220,72,17,35,1,9,0
30,1,16,1,6230,303,0,50,1,1,0
59,1,16,3,4220,42,0,40,1,1,0
50,7,22,5,800,48,0,32,2,1,1
43,1,15,5,6260,29,2,40,1,1,0
65,1,20,1,6260,48,1,40,1,1,1
30,1,20,5,4220,8,2,40,1,1,0
26,1,21,5,5300,8,0,40,2,1,0
60,1,22,1,5740,72,0,40,2,1,1
61,3,16,3,6730,55,0,18,1,1,0
61,1,13,1,3601,48,8,42,2,1,0
50,1,17,1,4220,45,1,40,1,1,0
23,1,17,5,7750,26,2,40,1,2,0
53,3,16,1,2545,72,0,10,2,1,0
23,5,21,5,2555,13,12,45,2,1,0
65,3,21,1,2825,17,1,32,2,1,1
38,1,21,1,1021,1,0,40,1,1,1
49,1,23,1,2100,24,1,50,2,2,0
64,3,12,1,3655,13,0,30,2,1,0
27,1,18,5,7340,53,0,40,1,1,0
28,1,21,1,136,42,1,25,2,1,0
30,1,21,1,2006,1,0,35,2,1,0
60,4,19,1,4010,6,0,50,2,1,1
30,1,21,1,1031,11,1,40,1,6,1
38,1,20,1,8990,2,0,40,1,1,0
21,4,19,5,5320,15,2,15,1,9,0
55,1,18,1,4710,20,1,50,1,1,1
22,1,19,5,1240,215,17,40,2,1,0
21,1,18,5,4435,6,7,30,2,1,0
36,3,21,5,5000,303,17,40,2,1,0
46,1,19,3,7340,6,0,40,1,1,1
63,4,19,3,9121,6,0,20,2,1,0
40,7,19,1,6230,55,1,50,1,1,1
28,1,21,5,5240,4,13,45,2,9,0
36,1,16,5,9640,27,2,27,2,1,0
19,1,18,5,2545,4,2,30,2,1,0
41,1,16,3,5522,22,13,40,1,2,0
61,1,21,1,20,327,0,50,1,1,1
55,1,10,1,7200,6,1,20,1,1,0
46,1,20,2,4600,21,0,8,2,1,0
37,1,21,1,2310,37,0,40,2,1,0
21,4,16,1,3603,31,9,40,2,1,0
42,1,21,1,3258,17,1,36,2,1,1
52,1,22,1,1021,210,0,40,1,1,1
53,1,22,2,1050,51,0,40,2,1,1
51,1,21,1,705,53,0,40,1,1,1
37,1,20,5,3603,42,3,40,2,2,0
35,1,19,3,1240,6,0,40,1,1,0
43,1,21,1,4710,22,0,45,1,1,1
31,5,21,1,3605,35,0,40,1,1,1
43,1,1,1,8910,39,1,40,1,1,0
75,1,19,1,5860,53,0,12,2,1,0
21,1,19,4,4760,55,12,35,2,1,0
27,1,20,5,7200,36,0,45,1,1,0
20,2,19,5,4600,22,2,40,2,2,0
56,1,17,1,9645,17,0,37,2,1,0
56,1,20,1,6200,36,1,50,1,1,1
38,1,20,5,2634,55,13,40,1,1,0
67,7,17,1,5740,18,0,15,2,1,0
30,1,21,1,910,31,0,45,1,1,0
20,1,17,5,8030,39,16,5,1,1,0
47,1,19,1,8990,312,0,40,1,8,0
26,3,21,5,2320,39,2,40,1,1,0
54,2,21,1,1032,36,0,43,2,1,1
44,1,21,5,1108,110,0,40,2,1,1
49,4,20,1,2545,139,0,35,2,1,0
49,2,21,1,5720,207,1,40,2,6,1
52,1,21,1,540,51,1,42,1,1,0
51,1,18,1,1108,12,1,50,1,1,0
60,6,15,3,3602,333,15,40,2,2,0
68,1,15,1,9122,303,0,40,1,8,0
71,4,19,1,440,48,1,30,2,1,0
33,1,22,1,1021,210,1,40,1,6,1
63,7,21,5,800,37,0,30,2,1,0
45,1,21,1,110,17,0,40,2,1,1
62,3,16,1,4220,54,1,40,2,1,0
47,4,19,5,3602,18,16,35,1,2,0
49,1,22,1,51,210,0,50,1,6,1
58,1,7,5,4230,313,0,32,2,1,0
17,1,14,5,5400,20,2,5,2,1,0
30,1,16,3,6260,39,0,40,1,1,0
54,1,21,1,40,4,1,40,1,1,1
39,1,22,1,850,1,0,40,2,1,1
20,1,19,5,5810,8,17,10,2,1,0
58,1,16,1,9600,138,1,45,1,1,0
47,1,16,1,6050,12,0,60,1,1,1
30,1,21,1,4040,9,0,40,1,1,0
85,6,16,3,8450,51,0,2,1,1,0
28,1,16,5,3930,26,13,40,2,2,0
32,1,14,5,9620,17,16,50,1,1,0
61,1,16,3,5610,55,0,40,1,1,0
72,7,19,1,4850,53,0,15,1,1,0
57,7,19,1,7315,6,0,60,1,1,1
45,1,20,3,7330,72,2,40,1,1,0
65,5,21,2,4220,48,0,40,2,9,1
33,1,21,5,800,6,0,45,1,1,1
39,2,21,1,2014,22,0,30,2,1,0
39,1,19,1,4700,39,1,40,1,1,1
45,1,17,1,51,48,0,60,1,1,1
24,1,21,5,9620,48,0,45,1,1,0
66,6,16,1,4500,24,1,50,2,1,1
35,4,22,1,2205,311,1,20,2,8,0
27,2,21,5,1610,6,11,40,2,1,1
35,3,21,1,440,233,1,41,2,6,0
50,1,16,1,4220,13,1,40,1,1,1
54,1,21,1,2850,110,0,40,2,2,1
67,2,22,1,2016,6,1,40,1,9,1
49,1,20,1,120,28,0,45,2,1,1
70,1,16,3,5860,12,0,20,2,1,0
61,3,22,3,2320,51,0,55,2,1,1
50,1,16,3,4720,34,0,26,2,1,0
57,3,16,5,4140,46,0,40,2,1,1
42,1,21,1,600,34,1,45,1,1,1
22,1,21,5,800,110,0,40,1,1,0
49,1,22,1,1007,27,0,50,2,1,1
51,1,16,1,5120,17,0,45,2,1,0
40,4,21,3,2310,22,0,45,2,2,0
51,7,21,3,2640,217,0,40,2,6,1
55,3,22,5,1530,6,0,40,1,1,1
72,3,3,1,3602,315,0,7,2,1,0
36,2,21,3,3255,6,0,36,2,1,1
22,1,20,5,7905,48,2,62,1,1,1
60,3,15,1,4251,4,0,40,1,3,0
30,1,16,1,310,53,0,32,2,1,0
59,1,21,1,340,36,1,50,2,1,1
17,1,14,5,4720,48,2,30,2,1,0
17,1,14,5,2722,27,2,15,1,1,0
49,2,22,1,2060,17,1,40,2,1,0
61,1,21,3,5940,316,0,60,2,8,0
35,1,16,1,3603,53,0,36,2,1,0
39,1,21,1,2310,210,1,40,2,6,0
26,4,17,1,4220,27,16,20,1,2,0
42,1,19,1,5740,48,0,40,2,1,1
66,6,19,1,520,17,1,15,2,1,0
50,5,22,1,20,51,0,50,2,2,1
19,1,18,5,3960,42,17,40,2,1,0
45,1,21,1,1760,34,0,39,2,1,1
34,1,15,1,7720,200,0,40,1,1,0
34,4,21,1,120,47,0,43,1,1,1
60,6,16,3,6200,56,0,30,1,1,0
65,1,21,3,120,42,0,25,2,1,0
62,1,19,3,4030,39,0,36,2,1,0
22,4,20,5,4510,18,12,40,2,1,0
40,1,1,5,440,17,0,45,1,1,1
49,1,15,3,5860,206,0,25,2,6,0
68,7,16,1,6200,24,0,50,1,1,1
22,2,19,5,3960,51,17,20,1,1,0
50,1,16,1,8990,303,1,40,1,8,0
60,1,21,1,820,6,0,80,1,1,1
26,1,19,5,5840,72,0,40,2,8,0
70,1,9,1,7700,303,0,40,1,1,0
40,1,16,5,5740,6,11,40,1,2,0
53,1,16,3,8990,13,0,40,1,2,1
54,1,16,3,3601,36,0,25,2,2,0
52,3,20,1,5860,11,1,40,2,1,0
49,1,16,3,140,39,0,40,1,1,1
38,3,22,1,2310,36,1,45,2,1,1
36,1,13,1,7200,116,1,40,1,1,0
25,1,21,5,1350,6,13,50,2,1,0
21,1,19,1,2350,303,0,20,2,1,0
27,1,16,1,4760,6,1,40,1,9,0
28,1,21,5,800,364,3,50,1,1,0
59,1,16,1,7360,26,0,40,1,1,0
56,4,21,1,2205,37,0,16,2,1,0
43,7,21,3,51,37,0,30,2,1,0
45,1,14,5,4110,37,15,36,2,1,0
30,1,21,5,2770,17,12,35,2,1,0
45,6,20,1,3255,9,0,30,2,1,0
19,1,16,5,5240,6,2,20,1,8,0
31,6,16,1,6260,1,0,40,1,1,0
46,3,22,1,2002,9,1,40,2,1,1
27,4,18,3,3802,17,0,40,2,1,1
39,5,22,1,1240,34,0,60,1,8,1
75,6,22,1,2861,233,0,3,1,6,0
61,1,16,1,7800,25,0,38,1,1,0
19,1,18,5,4110,110,17,36,1,2,0
35,1,18,3,4510,210,0,12,2,6,0
55,1,22,5,4820,240,0,30,2,6,0
45,1,16,3,7320,42,6,40,1,1,0
47,3,9,1,4220,314,0,40,1,9,0
56,2,21,3,710,24,0,40,1,1,1
31,2,24,1,1220,217,0,48,2,6,1
55,1,19,1,5410,301,0,18,1,1,0
18,1,16,5,4720,25,2,28,1,2,0
59,1,16,1,9645,42,1,40,2,1,0
66,1,18,3,4700,36,0,40,1,1,1
63,1,16,3,4720,34,5,40,2,1,0
62,4,19,1,3725,36,0,40,1,1,1
32,1,21,1,1108,13,1,40,1,1,1
43,1,16,3,9130,38,0,45,1,1,1
39,1,21,1,4600,42,0,40,2,1,0
57,1,21,1,3424,51,1,50,2,1,0
42,1,13,1,6260,303,1,45,1,8,0
32,4,22,5,3910,40,0,40,2,1,1
31,1,21,1,4700,19,1,40,1,1,0
25,1,19,5,8990,39,2,48,2,2,0
17,2,14,5,2350,6,2,2,2,6,0
40,7,21,1,4655,22,10,40,2,1,0
38,1,20,1,9130,207,1,40,1,6,0
57,1,18,5,5240,48,0,20,2,1,0
36,2,21,4,440,72,0,40,2,1,0
59,1,20,1,5120,17,1,50,1,1,0
56,2,21,1,2050,313,1,35,2,1,0
51,1,20,1,5240,45,1,40,2,1,0
62,1,20,3,4020,36,13,50,2,1,0
56,7,15,1,9130,303,0,40,1,1,1
22,1,19,5,9365,55,0,41,1,1,0
28,1,22,1,630,13,1,40,2,1,1
35,3,21,1,2330,18,1,40,2,1,0
18,1,16,5,6260,6,2,40,1,8,1
65,1,19,3,4720,34,0,40,2,1,0
50,1,16,1,5240,36,0,45,2,1,0
38,1,11,1,9640,303,1,10,2,2,0
21,1,19,1,9620,48,0,40,1,1,0
48,1,16,1,9130,54,1,50,1,1,1
49,2,24,5,3255,449,0,80,1,1,1
34,2,19,3,1108,12,0,40,1,1,0
58,6,17,3,205,55,2,60,2,1,0
47,1,10,1,6050,303,1,50,1,1,0
30,1,21,1,2400,36,1,40,2,1,0
59,1,19,3,9130,6,13,40,1,1,0
34,1,21,1,1430,13,1,45,2,1,1
53,1,17,1,7340,34,1,56,1,1,0
64,1,16,1,3930,18,0,15,1,1,0
67,1,18,1,3520,29,0,15,1,1,0
35,1,21,1,960,47,0,40,2,1,0
67,1,19,1,3930,6,0,20,1,1,1
47,1,18,2,4700,27,0,40,2,1,1
36,2,23,1,3090,116,0,65,1,1,1
40,1,16,5,9610,48,0,40,1,2,0
47,6,11,5,2752,312,2,35,1,8,0
59,1,16,3,5740,13,0,40,2,1,0
63,2,21,5,440,36,0,25,2,1,0
54,1,19,1,9122,39,0,40,1,1,0
48,1,20,1,4600,48,0,40,2,2,0
53,4,24,2,230,6,0,45,2,2,1
66,1,19,2,5120,4,0,40,2,2,1
55,1,17,3,4220,36,0,40,2,1,0
31,1,21,5,1021,36,13,50,1,1,1
53,4,23,5,2555,25,0,24,2,1,0
27,1,17,5,4720,26,13,35,1,1,0
54,1,16,1,6200,36,0,40,1,1,1
37,1,20,1,6200,42,1,40,1,1,1
58,1,22,1,120,9,0,40,2,1,1
68,3,21,3,440,53,0,32,1,3,1
31,5,22,1,440,15,0,40,1,9,1
65,7,24,1,1825,36,0,50,2,1,1
38,2,22,1,2040,27,1,60,1,1,1
49,5,21,1,3602,55,0,40,2,1,0
27,5,21,5,9800,29,0,50,1,1,1
61,7,23,1,220,34,1,40,1,1,1
28,1,16,5,4510,36,2,32,1,1,0
74,7,21,1,8740,26,0,45,2,1,1
37,4,19,3,2545,55,0,30,2,1,0
55,1,20,1,2145,303,0,40,2,1,0
40,1,21,1,4840,25,0,45,2,1,1
46,2,16,3,2360,72,10,40,1,1,0
25,1,21,3,440,421,2,40,2,2,1
57,7,23,1,440,327,1,50,1,1,0
33,3,19,1,3740,49,1,10,2,1,0
78,6,24,2,2751,12,0,40,2,1,1
51,1,21,1,5610,41,0,40,1,1,0
52,1,16,1,7800,27,0,40,2,1,0
65,1,16,5,5400,19,5,40,2,1,1
21,1,16,5,7810,36,0,38,1,1,0
46,7,20,1,3255,55,0,45,2,1,0
57,7,21,1,5740,217,0,40,2,6,0
45,1,22,1,705,209,0,50,2,6,1
62,4,21,1,5740,21,0,60,1,1,1
49,7,21,1,7340,6,0,45,1,1,1
19,1,17,5,4251,1,10,20,1,1,0
61,1,21,1,2640,8,0,45,1,1,1
25,1,21,1,3550,26,0,40,2,1,0
70,3,16,1,5940,303,0,40,2,8,1
25,1,19,1,310,303,1,50,2,1,0
27,1,22,1,3230,42,1,40,2,1,1
46,3,16,5,7340,22,2,40,1,2,1
27,1,19,5,4720,6,13,20,1,2,0
39,1,20,1,3645,28,1,40,2,1,0
40,1,17,5,600,48,0,50,1,1,1
25,1,18,1,3930,29,0,32,2,2,0
62,1,22,3,2722,117,0,32,1,1,1
48,1,19,4,3255,37,0,40,2,1,1
59,1,20,1,8365,37,1,36,2,1,0
33,1,21,5,710,36,13,40,1,1,0
21,1,20,5,9620,48,2,20,1,2,0
68,1,17,2,3601,1,0,14,2,1,0
44,2,20,1,3323,45,1,40,1,2,1
20,1,18,5,4020,12,0,50,2,2,0
49,1,21,1,726,6,0,45,1,1,1
53,1,21,1,5000,19,0,50,1,1,0
38,1,19,5,9130,1,2,36,2,2,0
20,1,16,5,4720,13,2,30,2,1,0
61,1,15,1,5820,17,0,40,2,1,0
54,1,21,3,2014,13,0,40,2,2,1
30,1,21,5,3330,20,0,40,1,1,0
22,1,15,5,7700,18,10,37,1,1,0
18,1,16,5,4720,48,2,24,2,1,0
21,1,19,5,4760,6,12,30,1,1,0
68,7,23,1,630,42,1,30,1,1,1
37,4,22,1,2310,6,0,40,1,1,1
58,1,16,5,8990,37,4,21,2,2,0
34,1,16,5,9142,6,15,40,1,1,0
54,5,19,1,5550,36,1,50,1,2,1
31,1,21,1,120,40,1,40,2,1,0
33,1,21,1,3423,329,1,40,2,8,0
45,1,21,1,4760,17,1,40,1,1,1
49,1,16,4,9600,37,5,60,1,2,0
44,1,21,1,530,210,1,40,2,6,1
70,1,16,2,4720,18,0,28,2,1,0
53,3,18,1,9121,6,1,36,2,1,1
20,1,16,5,4110,6,13,20,2,1,0
44,1,21,5,1010,29,0,40,2,1,1
38,4,22,1,2310,53,1,40,1,1,0
23,1,19,5,4510,36,2,35,2,1,0
18,1,14,5,9610,13,16,28,1,1,0
38,4,10,5,4220,72,0,37,2,2,0
38,1,19,1,20,26,0,50,1,1,1
34,3,22,1,2320,55,0,45,2,1,0
43,2,22,1,120,53,0,40,2,1,1
46,1,21,3,2810,26,13,50,1,1,0
51,1,1,4,7340,312,0,40,1,8,0
56,1,21,2,5740,17,0,40,2,1,0
78,1,22,1,440,36,0,25,1,1,1
41,4,24,1,2205,12,1,50,2,1,1
55,1,22,1,20,8,1,45,1,1,1
51,4,22,1,2310,21,0,24,2,1,0
28,2,21,5,420,39,13,45,2,1,1
52,4,22,5,2310,8,0,40,2,1,1
51,1,1,1,1560,303,0,45,1,1,1
61,1,12,1,310,48,0,50,2,1,0
89,1,21,3,600,17,12,40,1,1,1
60,4,22,5,5600,10,0,40,1,1,1
57,1,16,1,9130,34,0,70,1,1,1
66,5,21,1,3255,26,1,72,2,1,0
53,4,18,1,150,12,1,40,1,1,1
31,1,19,1,4040,12,1,40,2,1,0
55,1,21,3,4820,8,0,40,1,1,1
19,1,19,5,4720,42,17,22,2,1,0
52,1,21,3,5400,209,15,44,2,6,1
32,1,20,5,5100,5,13,33,2,1,0
58,7,20,1,5350,39,1,40,2,1,0
72,1,16,1,5120,36,0,35,1,1,1
25,3,20,5,5000,42,2,40,1,1,0
58,1,21,3,4110,4,0,36,2,1,1
64,3,21,3,6660,72,0,40,1,1,1
56,7,18,1,6442,327,0,40,1,1,1
32,1,24,1,3160,48,0,60,2,1,1
51,4,22,1,2310,49,0,40,2,1,1
57,1,16,1,5240,51,0,40,2,2,0
32,6,22,1,2006,6,0,12,2,1,0
18,1,16,5,4720,19,2,35,2,8,0
32,1,19,5,2640,36,0,40,1,1,1
32,1,21,1,2320,35,0,45,1,1,0
50,1,20,1,3323,48,1,40,2,1,0
53,1,16,3,9620,37,12,40,1,2,0
20,1,19,5,4435,55,17,37,1,1,0
41,1,18,4,3245,26,13,40,1,1,0
55,6,16,1,4720,210,0,40,1,6,0
49,3,20,3,3802,18,0,40,1,1,0
63,6,20,1,3630,217,1,40,2,6,0
22,1,16,5,4150,12,4,30,1,1,0
52,1,20,1,3255,150,0,36,1,1,1
52,7,21,1,8320,53,1,40,2,1,0
50,1,16,1,4760,29,1,40,1,1,0
36,1,16,1,8740,6,0,40,1,1,1
37,1,16,1,6950,48,1,40,1,1,1
45,1,20,1,6200,72,1,40,1,1,0
51,7,16,1,4330,13,0,40,2,1,0
63,1,18,3,5740,12,0,40,2,1,0
84,3,22,1,5940,34,1,5,2,1,0
34,1,16,5,7210,36,0,40,1,1,0
44,1,16,4,5740,53,2,40,2,1,0
39,2,21,1,2310,55,0,35,2,1,0
51,1,16,5,9130,25,0,55,1,1,0
51,1,21,1,1980,36,0,60,1,1,1
24,4,16,1,4600,13,1,40,2,1,0
43,1,16,1,9645,37,2,42,1,2,0
24,1,16,1,9130,207,0,40,1,6,0
46,6,21,5,8350,51,0,45,2,1,0
56,1,21,1,4850,1,1,40,1,1,1
72,1,20,3,650,17,0,40,2,1,0
22,1,14,5,5900,37,2,40,1,1,0
39,2,21,5,4220,23,2,10,1,1,0
57,1,18,1,3500,26,0,40,2,1,0
66,1,16,1,5740,48,0,40,2,1,0
38,1,18,1,51,23,0,40,2,1,0
30,1,16,1,8140,51,0,40,1,1,1
25,1,21,5,8250,12,0,45,1,1,0
35,1,21,1,800,12,1,40,2,1,0
33,1,21,1,3601,21,1,40,1,1,0
66,1,21,1,410,18,1,55,2,1,1
67,1,16,5,7750,27,0,24,1,1,0
40,1,16,1,4760,6,0,40,1,1,0
63,1,19,5,910,28,0,40,2,1,0
40,1,16,1,9640,29,5,40,2,1,0
28,1,21,1,1200,17,0,45,1,1,1
51,1,16,1,3324,33,0,30,2,1,1
54,1,16,3,5600,55,0,40,2,1,0
69,6,22,1,9142,126,0,55,1,6,0
25,1,16,5,5400,233,2,80,2,6,0
30,7,1,5,6260,1,2,9,1,2,0
55,1,16,3,9645,53,12,35,1,1,0
50,7,21,1,1108,210,0,40,1,6,1
51,3,18,5,3870,32,0,50,1,3,1
28,1,13,3,4251,312,13,30,1,1,0
33,1,16,5,5240,37,0,40,2,1,1
52,1,17,1,6260,20,0,40,1,1,0
32,1,19,1,4020,40,0,60,1,1,0
53,1,21,1,4850,49,1,40,1,1,1
52,2,22,1,2310,36,0,40,2,1,1
53,1,14,5,4020,22,0,20,2,2,0
25,1,16,1,8225,303,0,40,1,1,0
59,1,18,1,5240,9,1,40,1,1,0
60,2,20,3,350,36,0,60,2,1,1
25,1,22,5,1021,27,0,40,1,2,1
57,6,21,5,4820,17,0,40,1,1,0
62,1,21,1,540,24,0,40,1,1,1
34,1,17,4,5120,13,0,40,2,1,1
24,1,21,5,4110,21,0,25,1,1,0
25,2,21,1,3255,48,1,40,2,1,1
26,1,19,5,4700,6,2,35,2,1,0
27,1,20,5,2634,22,2,40,1,2,1
62,1,14,3,4720,8,0,6,2,1,0
71,1,9,1,9130,327,0,40,1,1,1
28,1,10,5,8540,6,2,32,1,6,0
23,1,21,5,2910,6,5,40,1,9,0
22,1,16,5,4020,18,0,21,2,1,0
20,1,19,5,7260,35,2,20,1,1,0
21,1,18,5,5240,370,2,40,1,1,0
20,1,19,5,4720,34,2,30,2,2,0
23,1,16,5,3603,36,7,30,1,2,0
26,1,20,5,8740,327,4,40,2,1,0
61,1,14,1,9122,17,1,15,1,1,0
54,1,19,1,5240,48,0,40,2,1,0
57,6,19,1,2850,6,0,30,2,1,0
40,3,21,1,2310,48,0,40,2,1,0
18,1,16,5,4110,17,2,30,2,8,0
21,3,15,5,5220,6,10,40,2,1,0
31,1,21,3,4820,51,0,45,1,1,0
21,4,21,5,2350,47,2,15,1,1,0
47,7,19,1,7130,12,1,50,1,1,1
61,1,21,1,440,17,1,40,2,1,1
33,3,22,5,2002,54,0,40,2,1,0
30,1,22,5,120,42,13,40,2,1,1
58,2,16,1,5860,26,1,40,2,1,0
25,6,14,5,6200,23,2,20,1,1,0
66,1,22,3,3258,36,0,40,2,1,1
58,3,9,1,2016,23,1,25,2,1,0
24,5,21,5,1980,26,0,50,1,1,0
50,2,21,1,5820,36,1,40,2,1,0
59,1,16,1,5120,41,0,5,2,1,0
20,1,18,3,4522,17,9,30,2,1,0
48,1,17,1,7210,19,0,50,1,1,1
61,2,21,2,5740,42,0,35,2,1,0
34,1,16,3,5740,36,0,40,2,8,1
54,2,21,3,726,6,0,40,2,2,0
26,1,21,1,2710,26,1,40,1,1,1
63,1,16,1,9620,55,0,45,1,9,1
30,1,12,3,4110,327,0,38,2,1,0
31,1,22,1,2330,25,1,32,2,1,1
37,3,19,3,2310,48,0,40,2,1,0
47,3,22,3,2310,13,0,40,2,1,1
61,1,19,1,410,36,0,48,1,1,1
24,1,17,5,9620,36,0,40,1,1,0
49,7,19,1,6230,42,0,50,1,1,1
41,1,18,5,410,6,13,99,1,1,0
18,1,19,5,4760,17,17,30,1,1,0
27,1,22,5,2850,6,0,40,2,1,0
58,7,21,1,440,17,0,15,2,1,0
65,2,20,1,3255,26,0,40,2,1,0
42,1,16,1,7150,47,1,60,2,2,0
52,1,8,5,6230,303,0,40,1,1,0
32,6,21,1,4621,48,0,90,1,2,1
28,1,22,5,1108,217,12,40,1,6,0
62,1,16,1,4760,26,1,36,2,1,0
62,3,16,3,5240,26,13,40,2,1,0
43,1,19,3,4110,12,15,30,1,1,0
54,1,16,3,5860,55,13,40,2,1,1
24,1,16,5,4251,303,0,40,2,1,0
63,1,21,3,3255,233,0,40,2,6,1
55,1,16,1,440,55,1,55,1,1,1
35,4,21,1,2205,12,1,45,2,1,1
28,1,19,1,7740,26,1,40,1,1,0
37,1,20,1,8030,38,0,40,1,1,0
54,2,18,3,3603,50,13,30,2,1,0
30,1,18,1,5400,303,0,10,2,8,0
45,1,16,1,4760,303,1,40,2,8,0
73,1,16,1,4850,51,1,30,1,1,0
34,1,22,1,2100,215,0,40,1,6,0
84,3,16,2,3602,17,0,20,2,1,0
56,1,18,3,9130,34,0,45,2,6,0
45,5,21,3,705,20,17,40,2,1,1
34,1,23,1,3090,210,0,32,2,6,1
57,7,21,3,710,55,0,45,1,1,0
43,1,18,1,7700,55,0,40,1,1,1
43,7,16,3,310,247,0,99,1,6,1
65,1,17,1,7210,46,1,16,1,1,0
59,1,21,1,4850,46,0,70,1,1,1
32,1,24,1,3050,25,1,32,2,6,1
59,1,22,1,1106,147,0,40,1,1,1
63,4,20,1,2205,13,0,50,1,2,1
23,2,21,5,2300,42,2,42,2,1,0
75,2,16,1,4600,51,1,40,2,1,0
38,1,19,1,4000,27,0,30,2,1,0
57,1,17,1,5610,55,0,40,2,1,0
47,1,20,1,3255,6,1,40,2,1,0
29,2,23,5,3090,210,0,50,1,6,1
62,1,21,1,1006,31,0,40,2,1,1
32,1,21,1,120,25,0,45,1,1,1
31,1,21,5,4720,34,2,40,2,2,0
26,4,19,1,5740,36,1,40,2,1,0
32,5,19,1,4220,332,1,60,1,2,1
17,1,14,5,4720,39,2,12,2,1,0
54,7,15,1,6355,13,5,60,1,1,0
26,5,16,5,6835,49,17,40,1,1,0
29,1,18,5,5860,329,0,40,2,2,0
41,1,16,5,6230,254,0,40,1,1,1
64,1,16,1,9130,36,1,30,2,1,0
26,2,19,5,5810,211,2,16,2,6,0
64,1,23,1,120,45,0,50,1,1,1
19,1,19,5,9620,45,2,10,1,1,0
35,1,19,5,5400,508,2,62,2,7,0
17,1,14,5,4055,34,2,40,2,1,0
33,5,19,1,3945,53,10,30,1,1,0
27,1,24,5,3050,1,0,40,2,1,1
42,6,22,1,1032,28,0,15,1,1,0
57,2,16,1,2360,25,1,40,2,1,1
29,1,18,5,7700,37,0,50,1,1,1
68,1,19,1,4720,36,1,30,2,1,0
56,1,21,5,20,6,0,50,2,1,1
48,1,21,1,735,39,0,45,2,1,1
58,1,18,1,8990,37,1,34,2,1,0
24,1,16,5,6540,6,2,40,1,1,0
43,1,17,1,5810,29,1,40,2,1,0
29,1,21,5,5165,17,0,40,2,1,1
45,3,22,5,1825,36,0,35,2,1,1
56,1,1,1,9130,36,0,11,1,1,0
66,1,19,5,4965,6,0,40,2,1,0
22,1,21,5,20,36,2,52,1,1,0
48,1,21,1,2545,303,1,20,2,1,0
29,1,16,1,8990,12,1,40,1,1,0
59,1,24,1,1970,210,0,40,1,6,1
49,1,16,5,9620,28,0,50,1,2,0
35,1,21,1,4810,42,0,50,1,1,1
62,6,23,1,2100,56,1,55,1,1,1
34,1,22,5,9050,72,0,25,1,1,1
75,2,24,1,420,6,0,55,1,1,1
58,2,22,1,2360,25,1,15,2,1,0
41,1,21,1,52,8,1,40,1,1,1
36,1,18,1,9130,34,1,40,1,1,0
48,1,22,1,940,29,0,50,2,1,0
36,3,22,1,2310,6,0,30,1,1,1
41,6,14,1,205,242,1,30,2,6,0
20,1,19,5,4720,233,2,20,1,6,0
63,1,16,1,4251,15,1,20,1,6,0
33,1,21,5,9130,1,0,60,1,2,0
62,1,23,3,2100,301,13,40,2,1,1
39,1,20,1,3610,36,1,45,1,2,1
57,3,15,5,4220,36,2,40,1,1,0
43,1,12,1,4720,36,0,35,1,1,0
62,6,22,1,440,25,0,35,1,1,1
24,1,18,5,4435,49,12,45,1,1,0
35,1,20,1,160,45,0,40,1,1,1
38,1,22,1,3255,42,1,40,2,1,1
39,1,22,1,440,17,0,50,1,1,1
23,1,21,5,5010,4,2,40,2,1,0
30,1,23,1,410,28,0,50,1,1,1
24,1,17,5,4251,8,7,10,1,9,0
57,1,21,5,4760,50,0,40,1,1,0
46,1,16,1,4150,323,0,40,2,2,0
41,1,21,1,1010,47,0,40,1,1,1
58,1,20,1,3255,39,1,38,2,1,1
30,1,22,5,710,41,0,55,1,1,1
39,7,16,1,10,303,0,40,1,8,0
37,1,19,1,440,6,1,40,2,1,0
61,1,22,5,440,47,0,45,2,2,1
59,1,16,4,7750,28,0,38,2,2,0
19,1,19,5,5240,40,17,40,2,2,0
37,1,22,1,440,40,0,50,1,1,1
32,6,24,1,2751,6,0,30,1,1,0
55,1,21,1,565,42,0,40,1,1,1
49,1,21,5,4700,39,0,38,1,1,0
37,1,21,1,5710,207,1,40,2,6,1
59,2,16,5,4140,36,13,40,1,1,0
39,1,19,1,3645,47,1,40,2,2,0
40,1,16,1,6355,247,1,50,2,6,0
61,1,20,1,800,12,1,45,2,1,1
47,1,21,1,2205,26,0,45,1,1,1
59,1,16,3,8030,8,0,40,1,1,1
17,1,14,5,4720,37,2,8,2,1,0
53,1,22,1,845,207,1,45,2,6,1
30,1,19,1,2180,18,1,40,1,1,0
24,1,21,5,4760,233,2,25,1,6,0
62,1,16,3,8990,39,0,41,1,1,1
31,1,22,5,5710,13,0,40,2,2,0
62,1,22,1,2310,55,0,24,2,1,0
59,4,16,3,3602,303,8,70,2,1,0
63,1,18,5,4760,9,0,24,2,1,0
69,1,16,1,4720,17,1,50,2,1,0
65,1,16,1,7000,48,1,40,1,1,1
61,7,19,1,5120,2,1,15,2,1,0
17,1,14,5,4020,47,2,40,1,2,0
34,6,1,1,5000,6,0,40,1,6,0
42,1,21,1,4840,34,0,50,1,1,0
37,1,15,5,5610,6,2,30,1,8,0
62,1,21,1,4850,5,0,45,1,1,1
36,5,16,5,5140,55,0,40,2,3,1
26,1,21,1,2320,39,1,40,2,1,0
37,6,17,1,7700,19,0,40,1,1,0
18,8,12,5,6050,26,2,30,2,1,0
22,1,19,5,4030,27,0,30,1,1,0
65,1,16,1,940,8,1,50,2,1,1
55,4,16,3,3602,17,6,30,2,1,0
53,6,9,1,6260,303,1,4,1,8,0
58,1,16,1,4220,26,1,40,1,1,0
49,1,16,1,4710,34,1,60,1,1,1
35,2,22,1,2040,54,0,50,1,1,0
21,1,16,5,9130,4,0,40,1,1,0
25,1,21,5,1530,33,15,40,2,1,1
32,1,18,1,7220,47,0,50,1,1,0
40,7,22,1,4760,41,0,40,1,1,0
58,2,20,1,3255,48,0,32,2,1,1
30,2,21,1,1400,210,1,40,1,6,1
31,1,21,1,2300,6,0,40,2,1,0
50,1,19,1,440,37,0,40,2,1,0
59,6,19,1,205,46,1,70,1,1,1
42,2,22,1,230,72,1,40,2,1,1
55,1,16,1,3500,36,0,45,2,1,0
42,7,23,1,2100,210,1,40,2,6,1
37,1,16,1,705,6,0,55,1,1,1
43,1,16,1,7410,48,0,8,1,1,0
55,1,19,5,5600,440,0,40,2,2,0
58,1,18,3,4110,42,0,27,2,1,0
51,1,19,3,4220,22,2,35,1,6,0
30,1,21,5,7330,17,2,40,1,2,1
18,1,18,5,6050,20,17,40,1,1,0
36,3,19,5,2545,48,13,37,2,1,0
33,1,16,5,3603,46,2,36,2,1,0
43,3,16,1,2545,42,1,40,2,1,0
47,1,19,5,4950,42,0,35,2,1,0
21,1,20,5,4700,51,7,38,1,2,0
55,4,19,1,5740,72,1,40,2,1,0
41,1,21,1,4850,17,1,40,2,1,1
40,2,20,1,350,39,1,34,2,1,0
43,4,22,1,230,42,0,40,1,1,1
28,1,19,5,7315,51,13,50,1,1,0
41,1,11,3,9610,329,2,40,1,1,0
63,5,24,1,1006,48,0,40,2,1,1
37,1,20,3,9130,45,2,55,1,1,1
55,5,21,1,3255,233,0,40,1,6,1
78,1,11,1,6050,312,0,40,1,1,0
41,1,22,1,800,36,0,30,2,1,1
59,1,20,1,3300,51,1,40,2,1,0
41,1,17,1,6200,41,1,50,1,9,1
56,6,14,5,6260,72,0,40,1,9,0
36,1,21,5,230,36,13,50,1,1,1
47,1,16,1,5350,314,0,40,1,8,0
34,1,19,1,7200,47,0,50,1,1,1
31,6,20,1,7420,17,1,40,1,1,0
35,1,17,1,3330,233,1,50,1,6,1
60,1,14,3,6260,31,0,40,1,1,1
56,7,16,1,6200,25,1,40,1,1,0
47,3,20,1,3870,42,1,40,1,1,1
23,1,21,5,2545,301,0,40,1,1,0
51,2,19,1,4120,27,0,35,2,1,1
58,1,21,1,4220,100,0,40,1,1,0
53,1,20,5,4220,13,0,48,1,2,1
60,6,17,1,4350,26,1,70,2,1,0
24,1,19,5,3930,42,2,20,2,2,0
40,6,21,5,9630,39,0,40,1,1,0
67,1,16,3,6360,48,0,40,1,1,0
29,1,21,1,10,34,0,40,2,1,1
20,6,19,5,2752,6,0,6,1,1,0
60,7,16,1,10,24,1,40,1,1,1
46,3,18,3,6442,39,0,40,1,2,0
49,1,1,3,5240,18,12,36,2,1,0
42,1,18,1,5240,39,0,40,2,1,0
28,2,21,5,2310,9,0,15,2,9,0
48,1,21,1,5120,134,1,20,2,1,0
46,1,22,1,350,36,0,80,1,1,1
46,1,16,1,5740,36,1,40,2,1,0
41,1,20,4,4760,17,0,40,2,1,0
56,3,16,1,9620,72,1,40,1,1,0
57,4,22,1,5740,42,1,40,2,1,0
59,2,20,1,3255,29,0,42,2,1,0
52,1,21,3,335,18,13,45,2,1,0
36,1,18,3,5820,48,2,40,2,1,0
34,1,19,1,5240,12,1,40,2,1,0
27,2,20,1,5740,50,0,40,2,1,0
27,1,14,1,9620,48,1,41,1,1,0
62,6,21,3,440,9,0,80,2,1,1
24,2,19,1,2060,53,17,45,1,1,0
73,7,21,1,2040,128,1,30,2,1,1
26,1,21,1,2710,48,1,40,2,1,1
56,1,17,1,8610,312,0,40,1,1,1
58,1,20,3,4030,8,0,8,2,1,0
45,8,20,1,7750,39,0,40,2,1,0
41,1,16,1,3515,48,0,40,2,1,0
58,1,16,1,3601,29,0,35,2,2,0
43,1,19,3,110,39,0,40,1,1,1
29,1,22,1,3245,29,0,40,2,1,0
26,1,13,5,4720,512,2,7,2,7,0
66,1,16,1,3602,54,0,40,2,1,0
63,3,21,1,3870,25,0,20,1,1,1
46,3,19,4,800,6,11,40,2,1,0
32,6,22,5,2910,36,2,30,1,1,0
36,3,16,5,3740,6,13,45,1,9,1
71,1,16,4,4700,47,15,60,1,1,0
65,1,19,1,800,36,0,36,1,1,1
25,1,20,1,7150,39,0,40,1,1,0
24,1,16,1,8990,17,1,40,1,1,0
25,7,13,1,4720,207,0,25,2,6,0
60,1,14,1,8650,47,1,40,2,1,0
25,1,18,5,8990,6,2,40,1,1,0
50,1,19,1,4200,17,1,32,2,1,0
41,6,19,1,410,6,0,60,2,1,0
58,1,21,1,850,6,1,36,2,1,1
18,1,14,5,4140,6,2,22,1,1,0
50,6,21,1,5140,36,0,20,2,1,1
65,1,21,5,205,39,0,75,1,1,1
42,1,20,3,1108,51,0,40,2,1,0
52,1,22,1,2002,36,1,35,2,1,0
30,1,19,3,230,12,0,40,2,2,0
57,1,16,5,3602,72,2,20,2,1,0
31,6,23,1,5940,132,0,40,2,1,0
26,1,16,5,3255,20,2,36,2,1,0
27,1,20,5,2205,32,13,19,2,1,0
53,2,21,1,2006,8,1,40,2,1,0
21,2,19,5,3421,247,5,16,2,6,0
43,6,21,5,4710,6,10,40,1,2,0
29,1,21,5,1021,229,0,40,1,6,1
49,1,16,1,5000,18,0,40,2,1,0
40,1,1,1,6050,303,0,50,1,1,0
49,3,18,1,3603,28,0,40,2,1,0
21,1,17,5,7260,4,2,40,1,1,0
64,4,16,1,5740,13,1,40,2,1,0
38,1,20,1,3220,37,1,40,2,1,1
28,1,21,1,705,34,1,40,1,1,0
31,1,21,5,4700,26,0,60,1,1,1
22,1,19,5,6230,42,2,50,1,1,0
30,1,16,1,9130,39,0,50,1,1,0
46,3,15,5,3401,18,13,37,2,1,1
63,1,12,2,4760,303,0,40,2,5,0
26,1,16,5,6441,34,0,40,1,1,1
21,3,19,5,4760,17,2,15,2,9,0
35,1,21,5,2830,39,0,45,1,1,1
62,7,16,1,6200,51,0,50,1,1,1
27,3,21,1,5740,8,0,40,2,1,0
78,6,20,2,710,55,0,10,1,1,0
34,5,19,5,5240,17,0,40,2,2,0
40,3,22,1,2310,6,1,45,2,1,1
23,1,21,5,9610,26,2,30,1,1,0
49,1,18,1,9640,55,1,48,2,1,0
49,1,17,1,140,48,0,40,1,1,1
57,1,19,1,4700,31,0,50,1,1,1
64,2,16,1,6230,34,0,40,1,1,1
21,1,19,5,4760,40,0,25,1,1,0
68,1,21,5,410,6,0,15,2,1,0
67,1,17,1,4760,39,1,16,2,1,0
19,1,16,5,4220,17,2,10,1,1,0
45,6,19,1,9141,6,0,30,2,3,0
36,1,19,1,4522,4,15,40,2,1,1
20,1,19,5,2002,45,0,15,2,1,0
58,1,16,1,9005,51,1,50,1,1,1
21,1,16,5,4251,51,17,40,1,1,0
24,1,21,5,800,42,5,40,2,1,1
65,1,19,1,220,138,1,40,1,1,1
52,4,21,1,440,42,0,38,1,1,1
42,1,22,1,705,210,1,40,1,6,1
63,1,20,1,630,39,1,40,2,1,0
57,5,24,5,2014,9,0,40,2,2,1
56,1,19,1,4710,1,1,15,2,1,0
26,1,21,1,5240,13,1,45,2,1,1
49,1,18,3,4700,26,0,40,2,1,0
51,1,19,3,5000,6,0,40,2,1,0
48,1,20,5,2145,6,12,36,1,1,1
32,1,19,1,6442,36,0,60,1,1,0
22,1,16,5,4965,54,2,40,1,1,0
39,1,15,1,9130,48,1,52,1,1,0
58,1,20,2,5522,233,0,35,2,6,0
26,1,19,5,4140,34,4,30,1,2,0
23,1,16,5,8990,18,15,40,1,1,0
32,1,22,1,1021,34,0,40,1,1,1
28,6,16,5,6200,33,0,40,1,1,0
37,1,16,1,20,29,1,70,2,1,0
57,1,17,1,5165,24,1,50,2,1,1
55,4,21,1,2310,34,0,55,1,1,1
47,1,16,5,5300,27,13,32,2,1,0
43,1,21,1,2850,36,1,40,2,1,1
21,1,14,5,4020,312,2,60,1,8,0
55,1,17,1,8300,5,0,40,2,1,0
46,3,21,1,750,17,0,40,2,1,1
34,1,17,1,4020,1,1,24,2,2,0
57,1,17,1,4220,31,15,45,1,1,0
38,2,23,5,2040,25,17,50,1,1,0
57,1,16,5,9130,27,0,40,1,1,0
22,1,18,5,9640,6,10,40,1,8,0
27,1,16,5,4230,26,0,15,2,1,0
30,1,21,1,205,51,1,40,1,9,0
50,1,11,1,4251,303,0,40,1,1,0
56,1,16,1,5740,42,0,40,2,1,0
47,3,22,1,2330,36,1,40,2,1,1
50,1,16,1,2545,48,1,40,2,1,0
29,1,21,1,8640,48,0,50,1,1,1
48,7,16,1,7700,247,0,58,1,6,1
56,2,15,3,4720,54,0,25,2,1,0
30,1,22,1,1021,231,0,40,1,6,1
27,2,22,5,410,42,0,40,2,1,0
32,6,21,4,2310,49,2,60,2,1,0
32,2,22,1,2205,214,0,30,1,1,0
25,3,19,5,2350,303,2,20,2,1,0
57,7,15,4,9142,6,13,18,1,1,0
36,1,17,1,6200,303,1,40,1,1,0
35,1,16,1,7000,21,0,40,1,1,1
52,1,21,3,20,226,0,40,1,6,0
21,1,20,5,4020,40,2,16,2,1,0
76,1,22,1,440,36,0,56,1,1,1
56,1,22,1,120,17,0,40,1,1,1
38,1,21,1,705,210,0,40,1,6,1
57,1,21,1,3255,233,1,40,2,6,1
51,7,19,1,220,37,0,50,1,1,1
22,1,20,5,4030,34,2,30,2,1,0
49,1,15,1,9600,327,0,40,1,1,0
24,1,16,5,4110,37,2,10,1,1,0
54,1,21,5,1600,38,0,45,1,1,0
41,1,21,1,110,9,0,40,1,1,1
75,7,16,2,4020,29,0,5,2,1,0
47,1,16,1,4760,12,0,35,1,1,0
53,1,16,1,4760,5,1,40,2,1,1
25,1,19,5,4760,6,0,35,2,1,0
30,1,21,1,4510,6,0,20,2,8,0
51,3,16,3,4220,55,0,40,1,1,0
28,1,18,5,7700,48,0,50,1,9,0
28,1,19,5,5410,51,0,40,1,1,0
62,4,21,1,110,41,1,40,1,1,1
56,1,20,3,9050,361,0,50,2,1,1
59,1,21,1,6050,303,0,40,1,1,0
36,1,22,1,3110,39,1,45,2,1,1
65,1,14,1,7700,47,1,48,2,2,0
55,5,21,1,5000,22,0,40,2,2,1
18,1,15,5,5300,9,13,30,1,1,0
25,4,21,5,4640,9,2,35,1,1,0
61,3,19,1,5100,13,1,40,2,1,0
62,1,19,1,8640,17,1,48,1,2,1
38,3,20,1,2205,17,0,60,1,1,0
62,7,23,1,3090,12,0,50,1,1,1
34,1,17,1,5240,164,1,5,2,1,0
54,4,19,1,5140,42,1,40,2,1,0
50,1,21,1,5240,42,0,20,2,1,0
50,4,21,1,9121,45,0,15,2,1,0
26,3,21,5,2205,51,2,30,2,1,0
22,1,17,5,9265,48,2,40,1,1,0
42,6,17,1,4521,247,1,10,2,6,0
21,1,20,5,1410,48,2,45,1,1,0
45,1,17,1,9620,48,0,50,1,1,1
31,1,24,1,1760,207,0,40,1,6,1
54,2,16,3,4220,51,0,20,2,1,0
22,2,21,5,4600,20,2,8,2,1,0
61,2,20,5,3300,48,5,40,2,2,0
52,1,18,1,7330,22,1,84,1,1,1
43,3,22,3,2310,24,0,40,2,1,1
52,1,14,5,6220,53,0,40,1,1,0
62,1,21,3,440,29,0,50,2,1,0
29,1,16,5,7700,32,0,45,1,1,1
24,4,21,5,5860,24,0,20,1,1,0
52,1,19,5,5720,54,0,37,2,1,1
18,1,14,5,4760,53,2,15,2,8,0
18,1,18,5,5860,42,2,10,2,9,0
24,1,20,5,4000,6,0,40,1,8,0
19,1,16,5,4110,36,2,30,2,1,0
33,1,18,3,220,4,13,45,1,1,1
33,1,18,3,9645,20,0,40,1,1,0
31,1,18,1,8030,24,1,65,1,1,0
17,1,14,5,4030,37,2,34,2,1,0
22,6,19,5,4510,45,0,30,1,2,0
35,3,22,1,2310,17,0,50,1,1,1
18,2,16,5,3960,53,2,9,1,1,0
33,1,20,5,4020,48,0,50,1,8,1
48,1,19,1,4710,6,0,40,1,1,1
22,1,21,5,4600,26,2,44,2,1,0
58,1,19,1,440,42,0,40,1,1,0
54,7,20,1,440,1,0,30,1,1,0
45,3,21,3,2300,34,0,40,2,1,0
57,1,21,1,800,36,1,40,2,1,0
27,1,16,5,7315,303,2,45,1,1,0
34,1,17,1,4110,303,0,50,1,1,0
64,1,20,1,5740,55,1,20,2,1,0
47,2,23,1,350,8,0,38,2,9,1
40,6,18,1,8810,10,1,60,1,2,1
38,1,16,5,7750,30,13,40,2,1,0
49,5,22,3,630,44,13,45,1,1,1
31,1,20,5,310,55,2,45,2,1,0
18,2,16,5,4020,26,2,40,1,1,0
58,7,16,1,440,18,1,40,1,1,0
50,3,20,3,5740,6,0,40,2,2,1
24,1,16,3,4700,31,0,45,2,1,0
48,1,22,1,150,6,0,20,1,1,0
20,1,16,5,4600,6,2,12,2,1,0
57,1,20,1,3603,313,1,36,2,1,0
57,2,22,1,2025,42,1,30,2,1,0
36,1,16,5,9645,47,16,40,1,1,0
62,6,21,1,4150,36,0,5,2,1,0
55,5,18,1,5260,429,1,40,2,2,1
60,1,20,5,3255,42,0,28,2,1,0
26,6,16,5,4621,25,2,20,2,1,0
48,1,16,1,5240,55,1,40,2,1,0
31,1,17,1,7360,4,1,40,1,1,1
55,2,21,1,5240,51,0,20,2,6,0
53,1,16,1,3545,34,0,40,2,1,0
54,2,19,5,420,26,0,45,2,1,1
21,1,16,5,7210,39,2,48,1,1,0
39,3,16,1,3740,4,1,72,1,9,0
32,1,20,5,2861,303,2,4,1,6,0
30,1,19,1,9365,212,1,40,1,1,0
40,1,19,1,600,4,1,40,1,1,1
33,1,21,5,2640,24,0,40,2,1,1
36,1,19,1,7200,6,1,45,1,1,1
53,6,16,1,6230,39,1,70,1,1,0
53,1,16,1,4230,26,1,40,2,1,0
65,1,19,2,1010,6,0,40,1,1,1
36,6,20,1,1310,39,0,40,1,1,0
24,1,16,1,3645,34,9,40,2,1,0
41,1,6,3,6230,303,5,40,1,8,0
29,1,16,5,5860,55,2,10,2,1,0
67,3,19,1,8740,53,0,28,2,1,0
63,7,21,1,335,18,0,50,1,1,0
31,6,21,1,4230,362,0,40,1,1,0
62,6,21,1,4251,29,0,55,1,1,0
49,3,21,5,2310,41,13,40,2,1,1
54,1,16,1,5240,37,1,40,2,1,0
61,6,16,1,4230,313,1,40,2,1,0
37,5,21,1,3255,233,0,40,2,6,1
60,3,16,1,230,24,0,40,1,1,1
28,2,20,1,4600,6,1,40,2,1,0
52,1,15,3,8030,364,0,40,1,8,0
64,1,16,1,5600,42,1,50,1,1,0
52,1,16,1,20,18,1,55,2,1,0
61,4,22,5,2310,39,0,30,2,9,1
77,7,16,1,136,327,0,50,1,1,1
20,4,16,5,4251,6,0,25,1,1,0
58,1,19,5,8225,9,0,40,1,2,0
34,1,16,3,4720,18,13,20,2,1,0
29,2,21,5,1108,36,0,40,2,6,1
37,1,19,5,9620,42,2,40,1,1,0
39,1,21,3,1021,6,0,60,2,1,1
35,1,17,1,9645,37,2,48,1,2,0
51,7,21,1,4700,40,0,50,1,1,1
24,1,21,5,3255,36,2,40,2,1,1
18,1,14,5,4750,27,7,10,1,1,0
40,1,20,3,1050,36,0,40,1,1,1
73,7,19,1,2910,26,0,16,1,1,1
43,2,21,5,3323,25,2,44,1,1,1
45,1,20,1,9600,17,1,40,1,1,0
53,5,20,1,1970,9,0,40,1,1,1
59,1,20,1,8740,13,1,50,2,1,1
44,1,20,1,8610,55,1,40,1,1,0
70,1,23,2,3110,42,0,24,2,1,1
43,3,16,1,440,30,1,40,2,1,0
28,1,16,5,5740,303,2,40,2,8,0
41,1,16,5,6220,312,5,40,1,8,0
32,1,21,1,4700,6,0,45,1,1,1
36,4,22,1,5140,48,0,60,2,2,1
41,1,19,3,4110,39,0,20,2,1,0
44,5,20,1,5550,6,0,45,1,1,1
53,1,19,3,3500,36,0,34,2,1,1
62,1,19,1,5400,6,1,40,2,1,0
32,1,16,5,4220,53,7,40,1,3,0
55,1,20,2,1545,51,0,50,1,1,1
39,3,21,1,440,40,1,40,1,3,1
30,4,16,1,3424,72,1,30,2,8,0
57,5,16,1,5550,72,0,60,1,1,1
46,3,22,1,440,55,0,48,2,1,1
34,1,20,1,5240,51,0,40,1,1,0
18,2,19,5,4720,239,2,35,1,1,0
30,1,21,1,630,6,1,50,2,1,1
48,1,19,1,530,48,0,75,2,1,1
65,2,22,1,10,6,0,40,1,1,1
29,3,21,5,2310,17,0,40,2,1,0
32,1,21,5,2145,20,0,46,2,3,0
32,1,19,5,540,17,0,40,2,2,0
65,1,17,1,5400,13,0,40,2,1,0
61,1,18,1,4850,39,1,40,1,1,1
38,1,19,1,9122,332,10,50,1,2,0
35,1,23,1,2100,6,1,50,1,1,1
43,3,20,3,3802,36,0,40,1,8,1
62,1,16,5,4510,34,0,40,1,1,1
65,7,16,1,205,5,0,40,1,1,1
35,5,21,1,8740,39,0,50,1,1,1
46,7,16,1,6200,27,0,40,1,1,0
62,4,24,5,1825,39,0,40,2,1,1
81,6,21,1,2004,48,0,40,1,1,1
66,7,22,1,3245,10,1,25,1,1,0
43,1,20,5,3424,6,0,37,2,1,0
28,5,21,1,8250,467,0,40,1,2,0
55,6,21,1,4760,12,1,24,2,1,0
28,4,21,5,2310,55,0,40,2,1,1
56,1,16,5,4000,34,0,40,1,1,0
54,1,22,1,600,55,0,50,1,1,1
18,1,18,5,7200,25,2,20,1,1,0
61,1,19,1,4710,17,0,48,1,1,1
74,6,21,1,2205,29,0,20,1,1,1
31,7,19,1,9130,200,0,40,1,9,0
52,1,14,4,4230,12,16,60,2,1,0
58,1,16,3,4760,508,9,60,1,7,0
38,7,21,1,2100,22,0,60,1,1,1
47,1,16,1,6200,12,1,50,1,1,1
59,1,16,1,4230,45,1,40,2,2,0
55,1,18,1,6200,18,0,46,2,1,1
58,1,16,3,4965,36,11,40,2,1,1
45,1,15,1,1555,129,1,50,1,1,0
68,1,16,5,3601,4,13,40,2,3,0
41,5,21,1,5165,24,0,40,1,1,1
26,1,21,1,5740,8,0,55,2,1,0
38,1,16,1,9620,54,9,40,1,1,1
34,1,15,4,9620,1,0,15,2,2,0
76,6,16,1,3500,6,1,3,2,1,0
58,3,18,1,4600,34,1,50,2,1,0
28,7,19,5,10,13,13,40,2,1,1
43,1,1,5,4220,303,6,40,2,8,0
56,4,21,1,2310,249,1,2,2,1,0
30,1,16,5,9645,364,4,40,2,1,0
32,1,16,1,7905,303,1,40,1,1,0
24,2,21,5,2320,26,2,30,1,1,0
31,1,19,5,9640,39,0,36,2,1,0
47,1,16,1,8365,37,1,36,2,1,0
43,6,18,1,4655,313,0,40,2,1,1
50,1,21,1,440,39,1,50,1,1,1
48,1,21,1,1010,449,1,45,2,1,1
24,1,18,5,4040,36,2,35,1,6,0
28,2,24,5,3090,34,0,80,2,1,1
25,1,20,5,3602,27,11,40,2,1,0
23,2,22,5,3645,36,2,30,2,1,0
27,1,16,5,4700,48,12,40,2,1,0
43,1,20,3,5400,36,2,16,2,1,0
38,1,14,5,4230,6,16,40,1,1,1
34,1,18,1,6950,21,1,63,1,1,1
19,1,16,5,4720,9,17,25,2,1,0
49,1,20,1,5120,42,6,32,2,1,0
66,1,16,1,9150,37,0,10,1,1,0
32,1,22,5,2310,24,5,70,1,2,0
57,1,19,1,6700,40,1,40,1,1,1
59,1,21,1,52,39,0,60,1,1,1
21,1,16,5,3725,46,0,40,2,3,0
56,1,24,1,1720,49,1,50,1,1,1
82,1,16,5,5120,42,0,50,2,1,1
53,7,1,3,4252,48,0,65,1,1,1
59,6,16,3,440,48,0,50,2,8,1
59,6,21,1,800,12,0,20,2,1,1
26,1,21,5,710,36,0,40,1,1,1
51,1,17,1,4130,303,1,40,2,1,0
25,2,20,5,2752,109,12,20,1,6,0
38,1,21,1,705,8,0,80,1,1,1
67,1,16,1,9130,27,1,40,1,1,1
28,1,21,1,4710,48,0,45,2,1,1
66,1,21,1,136,22,1,40,2,1,1
19,4,19,5,4030,55,17,16,1,1,0
41,1,22,1,52,109,0,45,1,1,1
37,6,21,5,4850,303,13,48,1,8,0
38,1,19,1,7315,6,0,50,1,1,1
64,1,21,1,1105,48,0,40,2,1,1
60,1,18,3,3603,17,13,45,2,2,0
40,3,21,3,2014,6,0,40,2,8,1
25,1,12,1,6050,303,17,40,1,1,0
28,7,21,1,3620,18,0,30,1,1,0
53,4,19,1,9121,29,0,55,2,1,0
62,1,11,1,4020,247,0,30,1,6,0
37,2,16,1,5740,29,1,40,2,1,0
28,1,19,1,3603,51,0,45,2,1,0
23,1,18,5,540,17,2,36,2,8,0
52,1,16,1,7200,36,1,46,1,1,0
27,3,20,1,3725,12,0,45,1,1,1
53,4,16,1,4020,6,1,40,2,1,0
43,1,23,1,3270,22,1,40,2,2,0
42,1,21,5,10,36,0,40,2,1,1
38,1,16,3,3640,6,0,40,2,1,1
21,1,16,5,4020,34,13,70,2,1,0
47,3,16,1,5940,26,0,38,2,1,0
43,1,21,1,2320,2,1,40,1,1,0
18,3,18,5,5860,53,17,10,2,1,0
54,1,23,1,2100,8,0,65,1,1,1
34,6,16,5,2805,53,0,12,1,1,1
62,1,21,1,1022,36,1,70,1,1,1
40,3,17,5,6230,36,0,40,1,1,0
52,1,16,5,6305,42,0,40,1,1,0
54,1,19,1,440,22,0,40,1,1,1
49,1,21,1,705,210,0,40,1,6,1
50,1,15,5,4220,303,0,40,1,8,0
26,1,21,1,800,39,0,45,2,1,1
32,1,21,1,1108,31,2,30,1,1,0
36,1,19,5,9130,39,2,40,1,2,1
27,1,24,1,2205,212,1,60,2,1,0
54,2,17,5,8740,55,0,20,2,1,0
33,6,21,1,735,42,0,40,1,1,1
41,7,21,1,440,36,0,30,1,1,1
47,1,21,1,1350,364,0,40,1,2,1
39,1,22,4,3258,128,0,40,2,1,1
22,1,22,5,1021,36,0,40,1,6,0
71,7,19,3,2635,17,0,40,2,1,1
23,1,16,1,2012,17,0,40,1,1,0
42,1,19,5,8140,27,0,40,1,1,0
24,1,21,5,4700,6,12,42,2,1,1
46,1,16,3,8740,27,0,40,2,1,0
32,2,20,1,3255,39,0,40,2,1,0
31,1,21,1,120,17,1,50,2,1,1
45,4,22,1,2310,158,0,40,2,1,0
37,1,19,1,410,9,1,40,1,1,0
35,1,15,1,4030,17,0,40,2,1,0
28,1,21,5,705,6,0,38,2,1,1
23,1,1,5,8025,48,0,40,1,1,0
39,1,19,1,1105,36,1,40,1,1,1
19,1,16,5,4720,6,17,20,1,1,0
27,1,21,1,5350,72,0,40,2,1,0
76,6,21,2,1825,48,0,20,2,1,0
25,1,16,5,4020,48,13,40,1,1,0
25,1,16,5,5000,36,2,40,2,1,0
40,1,20,1,1555,72,0,40,1,1,0
59,2,21,1,52,26,1,40,2,1,0
40,1,16,1,9130,24,10,25,1,2,0
19,2,16,5,4130,9,16,6,2,2,0
56,1,23,1,4710,327,0,40,1,1,0
63,6,14,2,6410,1,0,30,1,1,0
59,1,20,1,5740,25,0,40,2,1,1
52,7,14,1,205,38,0,75,1,1,1
44,1,21,1,565,240,0,48,1,6,1
59,6,21,2,710,18,0,30,2,1,1
27,1,12,5,4720,132,0,35,2,1,0
62,1,16,1,5940,55,0,40,1,1,1
27,1,19,5,7200,6,2,40,1,1,0
32,1,21,1,910,42,1,45,2,1,1
35,1,20,1,7340,45,1,40,1,1,1
39,7,19,5,9130,6,13,55,1,8,1
54,1,19,1,8990,26,0,40,1,1,0
27,1,17,5,9640,39,16,45,1,2,0
40,1,16,5,8990,37,0,54,1,2,0
52,2,21,1,350,20,1,60,2,1,0
71,1,14,3,9130,48,10,40,1,1,1
60,3,22,1,2320,210,1,12,2,6,0
53,3,21,3,2861,240,0,45,2,6,0
64,1,22,5,5400,17,0,20,2,2,0
46,1,14,1,4700,37,0,40,2,2,0
61,1,16,1,6230,36,0,40,1,1,0
21,4,17,5,2360,2,17,20,1,4,0
28,1,16,5,8225,9,2,40,1,1,1
62,6,22,5,2635,18,0,36,2,1,0
34,1,21,1,2710,4,0,40,1,1,0
73,1,21,1,5260,421,0,24,1,2,0
38,6,22,3,4020,26,0,30,2,1,0
45,3,19,3,3870,45,0,48,2,1,0
26,1,19,5,4230,233,2,40,1,6,0
49,1,16,1,52,39,0,75,1,1,1
35,3,21,1,2014,48,1,40,2,2,0
53,1,8,4,5740,303,6,40,2,1,0
35,1,16,1,3603,332,0,40,2,2,0
29,6,21,5,5350,34,2,30,2,1,0
44,1,16,3,9130,217,0,48,1,6,0
51,1,16,2,3500,40,0,40,2,3,0
52,6,16,4,4251,45,0,30,1,2,0
42,6,21,5,2634,25,2,30,2,1,0
75,7,21,1,440,21,0,60,1,1,1
34,1,16,5,4230,36,2,37,2,1,0
65,1,21,1,7905,55,1,40,1,1,1
55,2,21,1,3255,39,0,40,2,1,1
73,1,18,2,2600,34,0,30,2,1,0
49,6,17,1,440,42,1,40,1,1,0
63,2,21,1,630,42,0,50,1,1,0
70,2,17,3,9645,16,0,4,2,1,0
24,3,21,5,2310,6,2,16,2,1,0
33,1,21,1,3255,19,1,24,2,1,0
42,1,16,1,4220,48,1,15,2,1,0
39,1,18,1,6230,8,1,50,1,1,1
18,1,18,5,4760,47,17,25,1,1,0
76,2,20,1,5860,9,0,15,2,1,0
46,7,16,1,9130,150,0,12,1,1,1
17,6,20,5,4220,48,2,40,1,1,0
42,4,16,5,9620,42,0,40,2,2,0
83,6,16,1,4500,28,0,28,1,1,0
65,6,14,3,9130,30,0,40,1,1,1
56,4,21,5,1050,39,0,47,2,1,1
34,6,20,1,4920,4,0,15,2,1,0
56,3,16,5,9430,25,13,40,1,1,0
43,5,21,1,5550,36,0,42,1,1,1
32,1,20,1,2330,6,10,24,2,1,0
55,1,21,1,6200,48,0,40,1,1,1
69,1,20,3,4720,26,0,20,2,1,0
42,1,19,1,4040,24,1,40,1,1,0
53,1,16,4,7750,42,0,40,1,1,0
27,1,21,5,120,25,0,40,2,1,0
63,6,17,1,4600,28,0,3,2,1,0
53,1,16,3,3603,48,0,35,2,2,0
52,2,22,1,120,301,1,45,1,1,1
27,1,20,5,4700,44,0,60,2,9,0
45,4,22,3,10,48,2,40,1,1,1
27,1,21,5,910,6,0,50,1,1,1
44,1,23,5,1021,163,0,40,1,1,1
55,1,23,1,2100,25,1,40,1,1,1
31,1,16,4,8990,312,0,35,2,8,0
46,1,16,5,8990,34,0,39,1,1,1
69,3,23,1,2100,22,0,40,1,1,1
25,1,19,5,4510,37,12,40,2,1,0
33,2,24,5,3090,39,0,60,1,1,1
62,2,22,1,230,42,1,24,2,1,0
53,1,9,1,9600,303,0,60,1,1,0
28,1,17,5,3930,34,0,40,2,1,0
51,3,22,1,2310,34,0,40,1,1,1
36,7,21,4,10,19,0,65,2,1,1
38,2,22,5,726,22,0,30,2,2,0
19,1,16,5,4760,55,2,24,2,1,0
31,1,22,5,51,13,0,50,2,1,1
52,1,18,1,5510,42,1,40,1,1,0
62,7,16,2,4700,116,0,40,2,1,1
39,2,22,1,2435,9,1,40,2,9,1
29,1,21,5,7200,12,2,40,1,1,0
53,1,19,5,310,17,2,44,1,1,1
39,7,20,3,5240,36,0,40,2,1,0
42,2,20,1,7410,55,1,40,1,1,1
64,5,20,1,440,11,0,40,1,1,1
24,1,21,1,350,42,1,40,2,8,0
22,1,19,5,5600,362,2,40,1,8,0
50,4,19,5,3802,22,0,46,2,1,0
75,1,19,1,20,42,0,40,1,1,0
56,1,21,1,1200,36,0,52,1,1,1
45,1,16,3,5110,48,0,42,1,1,0
56,6,21,5,2850,12,0,20,2,1,0
44,1,18,3,8740,48,13,50,1,2,1
56,1,16,5,5860,6,0,40,2,2,0
58,1,20,1,5860,4,1,40,2,1,0
65,6,19,1,6355,27,1,15,1,1,1
44,1,16,5,4020,6,0,54,1,1,0
46,1,21,1,7510,233,0,50,2,6,1
56,1,19,1,3870,36,0,40,2,1,1
58,4,16,1,2545,42,1,40,2,1,0
38,1,21,1,350,22,1,40,1,1,1
71,1,18,1,7220,16,0,40,1,1,1
59,4,17,5,4220,2,13,20,1,4,0
39,2,16,3,3603,5,0,45,2,1,0
49,7,21,1,4110,210,1,50,2,6,0
52,3,19,1,3802,28,1,40,2,2,0
43,1,23,1,3050,13,0,40,2,1,1
50,3,21,1,3740,18,0,56,1,1,1
48,1,22,5,5240,300,2,40,1,2,1
52,1,20,3,8140,18,0,45,1,1,0
50,2,21,1,2050,6,0,40,1,1,1
49,1,16,1,6441,42,0,55,1,1,1
54,3,19,1,440,18,1,40,2,1,1
42,1,18,1,1920,2,1,44,1,4,0
33,1,16,1,4110,303,0,40,2,1,0
52,1,16,1,440,40,0,40,1,1,0
71,1,16,2,4110,53,8,5,2,1,0
24,1,20,5,4000,10,0,50,1,1,0
68,1,19,1,6050,19,0,30,1,1,1
21,1,19,5,4710,17,17,10,2,1,0
52,1,16,1,8740,42,1,40,1,1,1
37,1,21,1,540,42,0,40,1,1,0
40,1,19,1,9620,26,1,40,1,1,0
44,1,16,5,6260,6,17,40,1,9,0
38,1,21,5,440,42,0,40,2,6,1
58,1,19,1,4230,36,0,24,2,1,0
66,1,19,1,5120,12,1,40,2,1,0
26,1,17,5,6220,22,13,40,1,1,0
57,1,19,1,6355,6,1,60,1,1,1
38,4,22,5,2310,36,0,40,2,1,1
71,1,16,2,4700,19,0,40,1,1,1
22,6,16,5,4600,24,2,24,2,1,0
23,1,19,1,5320,6,2,25,2,1,0
56,1,16,3,136,12,0,40,2,1,1
33,1,21,1,710,34,1,55,1,1,1
57,2,21,1,350,327,1,40,2,1,1
38,6,22,1,2850,6,0,56,2,1,0
30,6,21,5,9142,36,0,40,1,1,0
35,1,21,1,2640,17,0,40,1,1,1
30,1,21,1,51,13,1,70,1,1,1
41,5,19,3,5550,26,0,45,2,1,0
30,2,21,1,3255,48,0,36,2,1,1
35,1,21,3,1108,34,2,40,1,1,1
70,3,21,1,3960,27,0,18,1,1,0
18,1,18,5,4655,48,2,4,2,1,0
66,1,22,1,2600,42,1,40,1,1,0
50,1,21,1,4840,51,0,50,1,1,1
56,8,21,1,4920,11,0,50,1,1,1
45,2,21,3,2310,6,2,40,1,9,0
51,1,20,1,3255,26,0,36,2,1,0
63,1,19,1,1105,42,1,40,1,1,1
56,4,16,3,5260,12,13,40,2,1,0
24,1,19,5,4030,6,13,28,2,1,1
27,1,20,1,9620,12,1,40,1,1,0
30,1,18,1,7740,51,1,40,1,1,0
57,3,21,5,7210,6,0,40,1,1,0
59,1,21,1,120,8,1,45,1,1,1
19,1,19,5,4130,39,17,20,2,1,0
19,1,16,5,4720,1,2,30,1,1,0
56,1,21,1,4760,45,1,16,2,1,0
23,1,21,5,2330,48,13,45,2,1,0
31,2,20,1,350,48,0,40,1,1,0
18,3,18,5,3603,55,2,16,2,1,0
36,1,21,1,3323,22,1,16,2,1,0
23,1,16,5,7640,6,16,35,1,6,0
61,4,22,2,2360,22,0,80,2,2,1
52,6,16,3,4510,40,0,55,2,6,0
59,1,18,1,4700,16,0,60,1,1,1
52,1,20,1,3310,55,1,16,2,1,0
35,3,20,1,160,48,0,40,1,1,1
58,1,21,1,3330,39,1,45,2,1,1
20,1,16,5,4720,6,2,6,2,9,0
45,2,20,1,8140,6,1,41,1,1,1
81,4,19,3,3602,48,6,40,2,2,1
47,7,16,5,7150,18,15,60,1,1,1
49,7,20,1,4020,55,0,70,2,1,0
28,1,4,1,6050,303,1,40,1,8,0
70,7,11,1,7240,207,1,2,1,6,0
31,2,24,1,1760,163,2,40,1,8,0
24,1,16,5,5240,12,2,40,1,2,0
54,1,16,1,7750,451,1,40,1,2,1
61,4,21,1,1050,48,0,40,1,1,0
47,1,19,1,7000,48,0,70,1,1,1
55,1,16,1,540,51,0,45,2,1,0
29,3,21,1,3900,6,1,40,1,1,0
70,1,16,3,4760,13,0,13,2,1,0
64,1,23,5,4720,25,0,28,1,1,0
67,1,18,3,5522,31,0,49,2,1,1
39,1,16,5,9130,27,0,40,1,1,1
58,3,16,2,9130,26,0,40,1,1,1
46,1,16,1,9130,21,1,40,1,1,1
46,3,22,1,230,36,1,50,2,1,1
48,3,22,1,2330,27,0,40,2,1,1
62,7,18,3,4710,6,0,25,1,1,1
36,7,21,5,2640,53,0,65,2,1,0
18,1,16,5,5240,18,2,25,1,1,0
48,1,16,1,440,207,0,30,2,6,0
30,1,18,1,750,48,0,40,1,1,1
27,1,22,5,1006,37,2,99,1,1,1
44,3,21,5,3802,36,17,40,2,2,1
57,2,17,1,3655,42,0,40,2,1,0
66,4,21,2,2004,28,0,13,2,2,0
33,1,23,1,3090,48,1,24,2,2,1
54,1,19,1,3603,312,1,24,2,1,0
69,2,21,3,2014,48,0,35,2,2,0
24,1,20,5,3421,202,2,25,2,6,0
59,1,16,1,5110,5,1,40,2,1,0
63,1,22,1,1430,26,0,40,1,1,1
39,1,19,3,5740,12,13,40,2,1,0
26,3,16,5,3870,54,2,40,1,1,0
55,3,21,1,2300,51,1,60,2,1,1
50,4,16,5,4230,51,13,40,2,2,0
17,1,14,5,9620,48,4,16,2,2,0
32,2,21,1,3255,37,1,50,1,1,1
23,1,21,5,2002,42,17,20,2,1,0
54,1,24,1,1460,36,0,40,1,1,0
34,4,21,5,2300,51,0,30,1,2,0
42,3,20,1,5420,49,1,17,2,1,0
30,3,22,5,2320,17,0,44,2,1,0
61,1,21,1,440,20,0,60,1,1,1
28,1,16,1,4220,36,0,40,1,1,1
45,6,19,5,2710,34,0,60,1,1,1
31,1,17,1,9645,303,0,30,2,1,0
53,1,16,1,7360,39,0,40,1,1,0
36,6,21,1,205,31,0,72,1,1,0
41,1,19,1,8990,28,0,40,1,1,1
42,1,21,1,5240,37,1,40,2,1,0
33,1,18,1,5240,48,0,40,1,1,0
50,1,21,1,3255,42,0,43,2,1,1
52,2,22,1,725,109,1,40,1,1,1
61,1,18,1,7130,34,1,40,1,1,1
59,2,16,1,4220,12,1,40,1,2,0
35,1,19,5,5120,56,0,40,2,1,0
24,1,21,5,1021,209,2,40,1,6,1
57,7,21,1,440,39,0,40,1,1,1
61,3,19,4,4230,28,0,40,2,2,0
55,6,19,5,3602,29,2,40,2,1,0
51,7,16,1,7220,23,0,50,1,1,0
